# WaveFront *.obj file (generated by Autodesk ATF)

mtllib object_3.mtl

g Body3

v -50.443584 -57.240216 91.399512
v -48.707102 -49.696151 85.069290
v -56.367546 -44.772112 80.937531
v -65.764473 -47.392138 83.135994
v -67.500954 -54.936203 89.466216
v -59.840510 -59.860242 93.597975
v -42.783139 -73.297663 82.262992
v -27.462250 -83.145740 90.526510
v -19.801806 -76.936371 107.926549
v -27.462250 -60.878924 117.063068
v -42.783139 -51.030847 108.799550
v -50.415086 -56.474796 92.348905
v -50.329700 -55.748859 93.325506
v -50.187743 -55.065105 94.325684
v -49.989743 -54.426079 95.345717
v -49.736437 -53.834156 96.381811
v -49.428766 -53.291540 97.430111
v -49.067876 -52.800249 98.486717
v -48.655109 -52.362110 99.547700
v -48.192000 -51.978754 100.609112
v -47.680273 -51.651606 101.667004
v -47.121831 -51.381884 102.717441
v -46.518751 -51.170590 103.756516
v -45.873277 -51.018511 104.780362
v -45.187810 -50.926213 105.785172
v -44.464901 -50.894039 106.767207
v -43.707237 -50.922109 107.722814
v -42.917639 -51.010318 108.648438
v -42.099043 -51.158338 109.540636
v -41.254495 -51.365619 110.396088
v -40.387135 -51.631389 111.211613
v -39.500192 -51.954659 111.984176
v -38.596964 -52.334228 112.710904
v -37.680812 -52.768683 113.389093
v -36.755143 -53.256408 114.016220
v -35.823402 -53.795588 114.589952
v -34.889053 -54.384218 115.108155
v -33.955574 -55.020108 115.568901
v -33.026437 -55.700892 115.970477
v -32.105098 -56.424039 116.311387
v -31.194985 -57.186857 116.590365
v -30.299482 -57.986509 116.806371
v -29.421923 -58.820020 116.958604
v -28.565571 -59.684290 117.046495
v -27.733612 -60.576103 117.069719
v -26.929140 -61.492142 117.028190
v -26.155150 -62.428999 116.922060
v -25.414519 -63.383189 116.751726
v -24.710003 -64.351162 116.517821
v -24.044223 -65.329317 116.221214
v -23.419655 -66.314016 115.863011
v -22.838624 -67.301596 115.444542
v -22.303290 -68.288382 114.967365
v -21.815646 -69.270703 114.433255
v -21.377504 -70.244906 113.844199
v -20.990496 -71.207365 113.202387
v -20.656060 -72.154502 112.510209
v -20.375441 -73.082792 111.770238
v -20.149682 -73.988782 110.985228
v -19.979625 -74.869102 110.158098
v -19.865900 -75.720477 109.291926
v -19.808932 -76.539739 108.389933
v -19.808932 -77.323842 107.455477
v -19.865900 -78.069867 106.492031
v -19.979625 -78.775040 105.503182
v -20.149682 -79.436738 104.492606
v -20.375441 -80.052499 103.464065
v -20.656060 -80.620032 102.421383
v -20.990496 -81.137227 101.368440
v -21.377504 -81.602158 100.309152
v -21.815646 -82.013096 99.247462
v -22.303290 -82.368514 98.187317
v -22.838624 -82.667088 97.132661
v -23.419655 -82.907708 96.087419
v -24.044223 -83.089479 95.055479
v -24.710003 -83.211724 94.040679
v -25.414519 -83.273989 93.046794
v -26.155150 -83.276042 92.077522
v -26.929140 -83.217875 91.136469
v -27.733612 -83.099706 90.227135
v -28.565571 -82.921973 89.352903
v -29.421923 -82.685338 88.517026
v -30.299482 -82.390680 87.722612
v -31.194985 -82.039097 86.972618
v -32.105098 -81.631896 86.269833
v -33.026437 -81.170591 85.616871
v -33.955574 -80.656900 85.016162
v -34.889053 -80.092732 84.469941
v -35.823402 -79.480188 83.980238
v -36.755143 -78.821544 83.548877
v -37.680812 -78.119252 83.177461
v -38.596964 -77.375924 82.867373
v -39.500192 -76.594325 82.619766
v -40.387135 -75.777364 82.435560
v -41.254495 -74.928078 82.315442
v -42.099043 -74.049628 82.259859
v -42.917639 -73.145281 82.269016
v -43.707237 -72.218402 82.342880
v -44.464901 -71.272439 82.481176
v -45.187810 -70.310910 82.683390
v -45.873277 -69.337393 82.948769
v -46.518751 -68.355509 83.276326
v -47.121831 -67.368911 83.664843
v -47.680273 -66.381269 84.112875
v -48.192000 -65.396258 84.618753
v -48.655109 -64.417540 85.180598
v -49.067876 -63.448758 85.796318
v -49.428766 -62.493516 86.463623
v -49.736437 -61.555366 87.180031
v -49.989743 -60.637799 87.942877
v -50.187743 -59.744229 88.749322
v -50.329700 -58.877979 89.596367
v -50.415086 -58.042271 90.480860
v -51.291557 -57.924032 91.973302
v -52.242800 -58.522839 92.475761
v -53.282893 -59.027560 92.899272
v -54.396070 -59.430542 93.237414
v -55.565456 -59.725678 93.485063
v -56.773323 -59.908494 93.638463
v -58.001363 -59.976218 93.695290
v -59.230960 -59.927823 93.654682
v -60.443473 -59.764044 93.517255
v -61.620522 -59.487362 93.285092
v -62.744266 -59.101973 92.961712
v -63.797667 -58.613718 92.552017
v -64.764759 -58.029999 92.062219
v -65.630882 -57.359664 91.499741
v -66.382904 -56.612875 90.873110
v -67.009428 -55.800952 90.191826
v -67.850033 -54.031738 88.707280
v -68.051372 -53.101267 87.926521
v -68.101920 -52.158894 87.135777
v -68.000910 -51.218906 86.347033
v -67.749873 -50.295551 85.572246
v -67.352615 -49.402827 84.823162
v -66.815158 -48.554266 84.111135
v -66.145649 -47.762732 83.446959
v -65.354237 -47.040223 82.840702
v -64.452920 -46.397693 82.301555
v -63.455359 -45.844881 81.837691
v -62.376678 -45.390167 81.456140
v -61.233228 -45.040444 81.162688
v -60.042343 -44.801014 80.961783
v -58.822075 -44.675506 80.856469
v -57.590921 -44.665823 80.848344
v -55.170495 -44.992761 81.122677
v -54.017912 -45.324425 81.400977
v -52.927271 -45.762078 81.768211
v -51.915104 -46.299083 82.218812
v -50.996756 -46.927302 82.745950
v -50.186146 -47.637211 83.341634
v -49.495563 -48.418048 83.996834
v -48.935475 -49.257976 84.701618
v -48.514374 -50.144264 85.445302
v -48.238642 -51.063476 86.216612
v -48.112459 -52.001677 87.003856
v -48.137738 -52.944646 87.795101
v -48.314096 -53.878088 88.578352
v -48.638860 -54.787853 89.341736
v -49.107105 -55.660150 90.073680
v -49.711735 -56.481756 90.763089
v -51.262951 -57.155712 92.926293
v -52.213872 -57.745860 93.439491
v -53.253434 -58.236296 93.880719
v -54.365877 -58.619584 94.243290
v -55.534339 -58.889915 94.521706
v -56.741107 -59.043190 94.711747
v -57.967888 -59.077086 94.810533
v -59.196084 -58.991089 94.816566
v -60.407078 -58.786502 94.729754
v -61.582512 -58.466428 94.551413
v -62.704568 -58.035718 94.284248
v -63.756236 -57.500900 93.932307
v -64.721575 -56.870083 93.500926
v -65.585950 -56.152829 92.996644
v -66.336259 -55.360011 92.427106
v -66.961128 -54.503647 91.800945
v -67.451084 -53.596718 91.127653
v -67.798700 -52.652974 90.417437
v -67.998707 -51.686719 89.681063
v -68.048073 -50.712602 88.929693
v -67.946049 -49.745389 88.174717
v -67.694183 -48.799742 87.427580
v -67.296291 -47.889996 86.699609
v -66.758406 -47.029942 86.001837
v -66.088681 -46.232618 85.344844
v -65.297270 -45.510109 84.738587
v -64.396168 -44.873369 84.192258
v -63.399035 -44.332050 83.714138
v -62.320988 -43.894358 83.311475
v -61.178368 -43.566928 82.990372
v -59.988496 -43.354722 82.755698
v -58.769410 -43.260959 82.611010
v -57.539589 -43.287059 82.558502
v -56.317676 -43.432627 82.598968
v -55.122195 -43.695456 82.731796
v -53.971267 -44.071562 82.954972
v -52.882339 -44.555243 83.265114
v -51.871920 -45.139168 83.657519
v -50.955324 -45.814484 84.126239
v -50.146448 -46.570955 84.664170
v -49.457552 -47.397113 85.263155
v -48.899081 -48.280435 85.914116
v -48.479498 -49.207530 86.607185
v -48.205166 -50.164344 87.331855
v -48.080243 -51.136373 88.077141
v -48.106622 -52.108883 88.831745
v -48.283904 -53.067131 89.584228
v -48.609400 -53.996590 90.323183
v -49.078178 -54.883171 91.037410
v -49.683130 -55.713435 91.716079
v -49.683130 -57.286851 89.840955
v -49.078178 -56.474318 89.141155
v -48.609400 -55.616989 88.392067
v -48.283904 -54.727861 87.605046
v -48.106622 -53.820412 86.792024
v -48.080243 -52.908397 85.965325
v -48.205166 -52.005643 85.137480
v -48.479498 -51.125834 84.321039
v -48.899081 -50.282306 83.528379
v -49.457552 -49.487847 82.771515
v -50.146448 -48.754501 82.061921
v -50.955324 -48.093383 81.410353
v -51.871920 -47.514516 80.826689
v -52.882339 -47.026675 80.319776
v -53.971267 -46.637255 79.897298
v -55.122195 -46.352159 79.565661
v -56.317676 -46.175709 79.329890
v -57.539589 -46.110580 79.193561
v -58.769410 -46.157759 79.158739
v -59.988496 -46.316530 79.225953
v -61.178368 -46.584488 79.394184
v -62.320988 -46.957570 79.660881
v -63.399035 -47.430120 80.022002
v -64.396168 -47.994976 80.472072
v -65.297270 -48.643574 81.004270
v -66.088681 -49.366082 81.610526
v -66.758406 -50.151549 82.281652
v -67.296291 -50.988066 83.007473
v -67.694183 -51.862954 83.776987
v -67.946049 -52.762950 84.578528
v -68.048073 -53.674410 85.399947
v -67.998707 -54.583519 86.228791
v -67.798700 -55.476495 87.052496
v -67.451084 -56.339800 87.858575
v -66.961128 -57.160350 88.634810
v -66.336259 -57.925704 89.369432
v -65.585950 -58.624261 90.051306
v -64.721575 -59.245432 90.670096
v -63.756236 -59.779799 91.216421
v -62.704568 -60.219263 91.681999
v -61.582512 -60.557162 92.059773
v -60.407078 -60.788374 92.344017
v -59.196084 -60.909393 92.530420
v -57.967888 -60.918385 92.616158
v -56.741107 -60.815214 92.599931
v -55.534339 -60.601444 92.481985
v -54.365877 -60.280315 92.264108
v -53.253434 -59.856696 91.949602
v -52.213872 -59.337007 91.543236
v -51.262951 -58.729127 91.051169
v -41.335571 -73.354872 81.588798
v -40.636549 -72.723411 80.796004
v -40.012575 -72.164817 79.893492
v -39.473107 -71.687558 78.894945
v -39.026322 -71.298870 77.815500
v -38.678993 -71.004643 76.671519
v -38.436387 -70.809339 75.480345
v -38.302179 -70.715917 74.260034
v -38.278406 -70.725795 73.029085
v -38.365426 -70.838822 71.806158
v -38.561921 -71.053284 70.609791
v -38.864913 -71.365932 69.458120
v -39.269808 -71.772025 68.368604
v -39.770469 -72.265408 67.357757
v -40.359305 -72.838601 66.440904
v -41.027392 -73.482915 65.631943
v -41.764600 -74.188584 64.943137
v -42.559756 -74.944909 64.384928
v -43.400805 -75.740426 63.965777
v -44.274997 -76.563076 63.692039
v -45.169082 -77.400388 63.567863
v -46.069505 -78.239669 63.595131
v -46.962617 -79.068197 63.773431
v -47.834879 -79.873412 64.100058
v -48.673070 -80.643107 64.570063
v -49.464481 -81.365615 65.176319
v -50.197118 -82.029984 65.909638
v -50.859873 -82.626143 66.758902
v -51.442700 -83.145053 67.711237
v -51.936763 -83.578849 68.752208
v -52.334575 -83.920956 69.866034
v -52.630103 -84.166186 71.035830
v -52.818868 -84.310824 72.243864
v -52.898008 -84.352675 73.471823
v -52.866325 -84.291106 74.701092
v -52.724297 -84.127050 75.913038
v -52.474079 -83.862994 77.089287
v -52.119463 -83.502941 78.212010
v -51.665825 -83.052348 79.264188
v -51.120041 -82.518047 80.229869
v -50.490386 -81.908136 81.094416
v -49.786403 -81.231862 81.844722
v -49.018765 -80.499476 82.469415
v -48.199108 -79.722081 82.959023
v -47.339858 -78.911460 83.306126
v -46.454039 -78.079902 83.505461
v -45.555080 -77.240012 83.554007
v -44.656608 -76.404523 83.451028
v -43.772244 -75.586099 83.198085
v -42.915392 -74.797148 82.799012
v -43.737091 -73.889374 82.808204
v -44.603202 -74.668096 83.207380
v -45.502843 -75.469642 83.460494
v -46.422378 -76.281862 83.563709
v -47.347865 -77.092444 83.515460
v -48.265277 -77.889100 83.316478
v -49.160705 -78.659753 82.969780
v -50.020577 -79.392721 82.480621
v -50.831857 -80.076893 81.856417
v -51.582248 -80.701898 81.106630
v -52.260373 -81.258262 80.242625
v -52.855954 -81.737549 79.277501
v -53.359962 -82.132496 78.225887
v -53.764756 -82.437114 77.103725
v -54.064201 -82.646787 75.928026
v -54.253757 -82.758335 74.716613
v -54.330551 -82.770068 73.487848
v -54.293419 -82.681808 72.260359
v -54.142923 -82.494893 71.052753
v -53.881345 -82.212156 69.883336
v -53.512650 -81.837884 68.769836
v -53.042427 -81.377749 67.729133
v -52.477804 -80.838728 66.777001
v -51.827341 -80.228990 65.927874
v -51.100897 -79.557780 65.194625
v -50.309485 -78.835271 64.588369
v -49.465102 -78.072417 64.118295
v -48.580548 -77.280782 63.791530
v -47.669232 -76.472365 63.613027
v -46.744968 -75.659422 63.585492
v -45.821768 -74.854276 63.709342
v -44.913625 -74.069133 63.982701
v -44.034307 -73.315894 64.401423
v -43.197143 -72.605977 64.959162
v -42.414824 -71.950144 65.647464
v -41.699209 -71.358338 66.455893
v -41.061146 -70.839528 67.372195
v -40.510307 -70.401580 68.382480
v -40.055042 -70.051133 69.471434
v -39.702253 -69.793499 70.622547
v -39.457288 -69.632584 71.818372
v -39.323860 -69.570826 73.040780
v -39.303991 -69.609162 74.271240
v -39.397984 -69.747011 75.491101
v -39.604412 -69.982283 76.681871
v -39.920148 -70.311412 77.825498
v -40.340404 -70.729408 78.904647
v -40.858810 -71.229936 79.902958
v -41.467508 -71.805407 80.805299
v -42.157269 -72.447098 81.597990
v -26.108178 -82.557864 90.499049
v -25.237558 -82.030112 89.806664
v -24.330477 -81.642620 89.069811
v -23.400687 -81.401260 88.299659
v -22.462281 -81.309693 87.507884
v -21.529486 -81.369306 86.706487
v -20.616441 -81.579195 85.907617
v -19.736986 -81.936179 85.123385
v -18.904455 -82.434846 84.365677
v -18.131467 -83.067637 83.645981
v -17.429739 -83.824959 82.975206
v -16.809910 -84.695333 82.363520
v -16.281375 -85.665564 81.820197
v -15.852146 -86.720945 81.353471
v -15.528731 -87.845477 80.970419
v -15.316031 -89.022113 80.676847
v -15.217270 -90.233016 80.477205
v -15.233947 -91.459831 80.374520
v -15.365809 -92.683961 80.370347
v -15.610855 -93.886848 80.464752
v -15.965372 -95.050259 80.656301
v -16.423986 -96.156557 80.942093
v -16.979744 -97.188971 81.317793
v -17.624222 -98.131852 81.777708
v -18.347650 -98.970907 82.314865
v -19.139062 -99.693415 82.921122
v -19.986460 -100.288425 83.587287
v -20.877000 -100.746917 84.303264
v -21.797181 -101.061941 85.058198
v -22.733054 -101.228721 85.840646
v -23.670432 -101.244728 86.638746
v -24.595106 -101.109721 87.440400
v -25.493059 -100.825746 88.233455
v -26.350678 -100.397108 89.005890
v -27.154964 -99.830303 89.745996
v -27.893723 -99.133926 90.442553
v -28.555757 -98.318531 91.085001
v -29.131030 -97.396480 91.663603
v -29.610822 -96.381749 92.169588
v -29.987859 -95.289722 92.595284
v -30.256427 -94.136952 92.934239
v -30.412453 -92.940913 93.181315
v -30.453572 -91.719738 93.332765
v -30.379162 -90.491937 93.386296
v -30.190350 -89.276122 93.341094
v -29.889999 -88.090725 93.197845
v -29.482661 -86.953714 92.958721
v -28.974511 -85.882326 92.627347
v -28.373252 -84.892801 92.208745
v -27.688000 -84.000140 91.709262
v -28.495520 -83.881523 90.796482
v -29.189872 -84.772847 91.285679
v -29.806144 -85.760166 91.687310
v -30.334993 -86.828514 91.995288
v -30.768402 -87.961695 92.204942
v -31.099801 -89.142532 92.313096
v -31.324167 -90.353124 92.318110
v -31.438098 -91.575120 92.219907
v -31.439868 -92.789996 92.019976
v -31.329449 -93.979335 91.721349
v -31.108515 -95.125108 91.328551
v -30.780415 -96.209947 90.847538
v -30.350124 -97.217406 90.285601
v -29.824164 -98.132214 89.651259
v -29.210507 -98.940502 88.954126
v -28.518457 -99.630019 88.204772
v -27.758503 -100.190311 87.414556
v -26.942167 -100.612885 86.595456
v -26.081823 -100.891336 85.759890
v -25.190513 -101.021442 84.920523
v -24.281748 -101.001231 84.090080
v -23.369305 -100.831010 83.281149
v -22.467014 -100.513359 82.505992
v -21.588554 -100.053092 81.776361
v -20.747242 -99.457188 81.103316
v -19.955830 -98.734680 80.497060
v -19.226316 -97.896520 79.966782
v -18.569758 -96.955413 79.520521
v -17.996110 -95.925626 79.165043
v -17.514067 -94.822770 78.905735
v -17.130936 -93.663562 78.746529
v -16.852525 -92.465576 78.689838
v -16.683056 -91.246971 78.736521
v -16.625095 -90.026220 78.885871
v -16.679523 -88.821828 79.135623
v -16.845515 -87.652053 79.481993
v -17.120553 -86.534628 79.919728
v -17.500469 -85.486491 80.442194
v -17.979504 -84.523531 81.041471
v -18.550395 -83.660345 81.708473
v -19.204489 -82.910020 82.433091
v -19.931870 -82.283928 83.204339
v -20.721513 -81.791561 84.010526
v -21.561446 -81.440382 84.839431
v -22.438937 -81.235715 85.678489
v -23.340685 -81.180663 86.514981
v -24.253020 -81.276060 87.336226
v -25.162111 -81.520460 88.129774
v -26.054178 -81.910158 88.883598
v -26.915698 -82.439247 89.586269
v -18.960986 -75.854420 107.817900
v -18.009823 -75.251126 107.320682
v -16.969863 -74.739004 106.905820
v -15.856870 -74.325816 106.579600
v -14.687715 -74.017826 106.346969
v -13.480122 -73.819702 106.211452
v -12.252397 -73.734449 106.175104
v -11.023151 -73.763359 106.238477
v -9.811018 -73.905992 106.400609
v -8.634372 -74.160188 106.659042
v -7.511051 -74.522092 107.009859
v -6.458082 -74.986219 107.447743
v -5.491429 -75.545533 107.966054
v -4.625744 -76.191556 108.556937
v -3.874149 -76.914493 109.211434
v -3.248040 -77.703387 109.919622
v -2.756906 -78.546278 110.670768
v -2.408193 -79.430389 111.453484
v -2.207187 -80.342318 112.255906
v -2.156934 -81.268241 113.065868
v -2.258198 -82.194122 113.871094
v -2.509442 -83.105925 114.659376
v -2.906859 -83.989829 115.418766
v -3.444423 -84.832434 116.137751
v -4.113986 -85.620968 116.805432
v -4.905398 -86.343476 117.411689
v -5.806661 -86.989007 117.947330
v -6.804114 -87.547775 118.404237
v -7.882637 -88.011309 118.775482
v -9.025879 -88.372583 119.055439
v -10.216511 -88.626121 119.239863
v -11.436484 -88.768078 119.325958
v -12.667304 -88.796304 119.312420
v -13.890314 -88.710369 119.199454
v -15.086973 -88.511578 118.988771
v -16.239141 -88.202942 118.683567
v -17.329354 -87.789142 118.288467
v -18.341084 -87.276449 117.809461
v -19.258994 -86.672635 117.253810
v -20.069171 -85.986855 116.629937
v -20.759332 -85.229503 115.947300
v -21.319015 -84.412060 115.216246
v -21.739736 -83.546918 114.447858
v -22.015118 -82.647191 113.653783
v -22.140986 -81.726519 112.846059
v -22.115432 -80.798858 112.036930
v -21.938843 -79.878270 111.238662
v -21.613896 -78.978710 110.463356
v -21.145518 -78.113815 109.722764
v -20.540807 -77.296696 109.028113
v -20.540807 -78.083770 108.090115
v -21.145518 -78.909759 108.774195
v -21.613896 -79.789287 109.497348
v -21.938843 -80.709021 110.248611
v -22.115432 -81.655020 111.016595
v -22.140986 -82.612943 111.789660
v -22.015118 -83.568269 112.556085
v -21.739736 -84.506516 113.304253
v -21.319015 -85.413461 114.022822
v -20.759332 -86.275356 114.700900
v -20.069171 -87.079136 115.328208
v -19.258994 -87.812615 115.895235
v -18.341084 -88.464676 116.393388
v -17.329354 -89.025433 116.815113
v -16.239141 -89.486386 117.154019
v -15.086973 -89.840547 117.404967
v -13.890314 -90.082549 117.564154
v -12.667304 -90.208721 117.629167
v -11.436484 -90.217152 117.599019
v -10.216511 -90.107714 117.474169
v -9.025879 -89.882066 117.256508
v -7.882637 -89.543628 116.949336
v -6.804114 -89.097531 116.557310
v -5.806661 -88.550536 116.086372
v -4.905398 -87.910937 115.543661
v -4.113986 -87.188429 114.937405
v -3.444423 -86.393964 114.276793
v -2.906859 -85.539585 113.571839
v -2.509442 -84.638244 112.833230
v -2.258198 -83.703604 112.072163
v -2.156934 -82.749834 111.300174
v -2.207187 -81.791392 110.528967
v -2.408193 -80.842806 109.770231
v -2.756906 -79.918457 109.035469
v -3.248040 -79.032356 108.335818
v -3.874149 -78.197937 107.681885
v -4.625744 -77.427847 107.083583
v -5.491429 -76.733760 106.549981
v -6.458082 -76.126199 106.089168
v -7.511051 -75.614373 105.708130
v -8.634372 -75.206042 105.412642
v -9.811018 -74.907394 105.207185
v -11.023151 -74.722957 105.094872
v -12.252397 -74.655527 105.077406
v -13.480122 -74.706127 105.155053
v -14.687715 -74.873988 105.326634
v -15.856870 -75.156567 105.589549
v -16.969863 -75.549580 105.939812
v -18.009823 -76.047070 106.372114
v -18.960986 -76.641494 106.879901
v -26.915698 -59.830285 116.530580
v -26.054178 -59.046415 116.131547
v -25.162111 -58.236373 115.878669
v -24.253020 -57.412440 115.775780
v -23.340685 -56.587107 115.824440
v -22.438937 -55.772883 116.023911
v -21.561446 -54.982112 116.371170
v -20.721513 -54.226781 116.860951
v -19.931870 -53.518341 117.485831
v -19.204489 -52.867529 118.236337
v -18.550395 -52.284213 119.101092
v -17.979504 -51.777234 120.066987
v -17.500469 -51.354279 121.119381
v -17.120553 -51.021757 122.242319
v -16.845515 -50.784711 123.418781
v -16.679523 -50.646733 124.630930
v -16.625095 -50.609915 125.860394
v -16.683056 -50.674815 127.088533
v -16.852525 -50.840449 128.296732
v -17.130936 -51.104307 129.466674
v -17.514067 -51.462389 130.580624
v -17.996110 -51.909267 131.621697
v -18.569758 -52.438165 132.574111
v -19.226316 -53.041068 133.423428
v -19.955830 -53.708834 134.156773
v -20.747242 -54.431343 134.763030
v -21.588554 -55.197640 135.233007
v -22.467014 -55.996111 135.559582
v -23.369305 -56.814651 135.737803
v -24.281748 -57.640851 135.764969
v -25.190513 -58.462187 135.640668
v -26.081823 -59.266210 135.366784
v -26.942167 -60.040729 134.947469
v -27.758503 -60.774006 134.389079
v -28.518457 -61.454923 133.700079
v -29.210507 -62.073160 132.890914
v -29.824164 -62.619343 131.973850
v -30.350124 -63.085194 130.962787
v -30.780415 -63.463650 129.873054
v -31.108515 -63.748976 128.721170
v -31.329449 -63.936844 127.524595
v -31.439868 -64.024408 126.301468
v -31.438098 -64.010340 125.070332
v -31.324167 -63.894854 123.849848
v -31.099801 -63.679700 122.658518
v -30.768402 -63.368139 121.514402
v -30.334993 -62.964894 120.434842
v -29.806144 -62.476079 119.436205
v -29.189872 -61.909103 118.533628
v -28.495520 -61.272562 117.740793
v -27.688000 -62.192072 117.699106
v -28.373252 -62.838976 118.491471
v -28.974511 -63.423047 119.393273
v -29.482661 -63.935432 120.390842
v -29.889999 -64.368363 121.469055
v -30.190350 -64.715278 122.611569
v -30.379162 -64.970917 123.801063
v -30.453572 -65.131405 125.019507
v -30.412453 -65.194310 126.248429
v -30.256427 -65.158678 127.469201
v -29.987859 -65.025049 128.663317
v -29.610822 -64.795448 129.812675
v -29.131030 -64.473357 130.899853
v -28.555757 -64.063658 131.908370
v -27.893723 -63.572561 132.822937
v -27.154964 -63.007511 133.629691
v -26.350678 -62.377074 134.316402
v -25.493059 -61.690806 134.872660
v -24.595106 -60.959111 135.290034
v -23.670432 -60.193080 135.562195
v -22.733054 -59.404325 135.685020
v -21.797181 -58.604804 135.656644
v -20.877000 -57.806635 135.477499
v -19.986460 -57.021920 135.150301
v -19.139062 -56.262552 134.680009
v -18.347650 -55.540043 134.073752
v -17.624222 -54.865347 133.340722
v -16.979744 -54.248690 132.492028
v -16.423986 -53.699420 131.540538
v -15.965372 -53.225864 130.500675
v -15.610855 -52.835200 129.388201
v -15.365809 -52.533351 128.219981
v -15.233947 -52.324892 127.013725
v -15.217270 -52.212983 125.787716
v -15.316031 -52.199321 124.560542
v -15.528731 -52.284112 123.350803
v -15.852146 -52.466072 122.176839
v -16.281375 -52.742442 121.056446
v -16.809910 -53.109032 120.006608
v -17.429739 -53.560286 119.043239
v -18.131467 -54.089363 118.180943
v -18.904455 -54.688242 117.432792
v -19.736986 -55.347846 116.810126
v -20.616441 -56.058175 116.322385
v -21.529486 -56.808461 115.976962
v -22.462281 -57.587331 115.779094
v -23.400687 -58.382978 115.731780
v -24.330477 -59.183341 115.835737
v -25.237558 -59.976287 116.089389
v -26.108178 -60.749796 116.488892
v -42.157269 -50.228249 108.077384
v -41.467508 -49.336172 107.583091
v -40.858810 -48.347610 107.173052
v -40.340404 -47.277550 106.853484
v -39.920148 -46.142211 106.629230
v -39.604412 -44.958806 106.503690
v -39.397984 -43.745272 106.478767
v -39.303991 -42.520006 106.554839
v -39.323860 -41.301582 106.730753
v -39.457288 -40.108469 107.003841
v -39.702253 -38.958755 107.369965
v -40.055042 -37.869867 107.823574
v -40.510307 -36.858312 108.357792
v -41.061146 -35.939424 108.964520
v -41.699209 -35.127132 109.634562
v -42.414824 -34.433751 110.357760
v -43.197143 -33.869791 111.123151
v -44.034307 -33.443801 111.919133
v -44.913625 -33.162238 112.733639
v -45.821768 -33.029371 113.554323
v -46.744968 -33.047215 114.368743
v -47.669232 -33.215497 115.164554
v -48.580548 -33.531668 115.929693
v -49.465102 -33.990935 116.652559
v -50.309485 -34.586336 117.322196
v -51.100897 -35.308844 117.928453
v -51.827341 -36.147508 118.462139
v -52.477804 -37.089614 118.915164
v -53.042427 -38.120881 119.280660
v -53.512650 -39.225676 119.553088
v -53.881345 -40.387251 119.728317
v -54.142923 -41.587998 119.803692
v -54.293419 -42.809715 119.778069
v -54.330551 -44.033882 119.651836
v -54.253757 -45.241942 119.426909
v -54.064201 -46.415582 119.106695
v -53.764756 -47.537010 118.696050
v -53.359962 -48.589227 118.201198
v -52.855954 -49.556283 117.629641
v -52.260373 -50.423517 116.990043
v -51.582248 -51.177784 116.292099
v -50.831857 -51.807649 115.546390
v -50.020577 -52.303565 114.764220
v -49.160705 -52.658014 113.957446
v -48.265277 -52.865622 113.138297
v -47.347865 -52.923243 112.319192
v -46.422378 -52.830004 111.512546
v -45.502843 -52.587316 110.730588
v -44.603202 -52.198860 109.985172
v -43.737091 -51.670525 109.287597
v -42.915392 -51.819106 110.183176
v -43.772244 -52.349116 110.890843
v -44.656608 -52.740334 111.652910
v -45.555080 -52.986830 112.457824
v -46.454039 -53.084867 113.293384
v -47.339858 -53.032958 114.146923
v -48.199108 -52.831892 115.005502
v -49.018765 -52.484715 115.856107
v -49.786403 -51.996690 116.685843
v -50.490386 -51.375216 117.482133
v -51.120041 -50.629714 118.232904
v -51.665825 -49.771484 118.926777
v -52.119463 -48.813536 119.553233
v -52.474079 -47.770392 120.102775
v -52.724297 -46.657865 120.567073
v -52.866325 -45.492820 120.939089
v -52.898008 -44.292917 121.213183
v -52.818868 -43.076346 121.385200
v -52.630103 -41.861549 121.452533
v -52.334575 -40.666941 121.414161
v -51.936763 -39.510631 121.270666
v -51.442700 -38.410147 121.024222
v -50.859873 -37.382172 120.678567
v -50.197118 -36.442288 120.238939
v -49.464481 -35.604744 119.712002
v -48.673070 -34.882236 119.105746
v -47.834879 -34.285715 118.429359
v -46.962617 -33.824226 117.693096
v -46.069505 -33.504763 116.908116
v -45.169082 -33.332169 116.086321
v -44.274997 -33.309061 115.240167
v -43.400805 -33.435789 114.382481
v -42.559756 -33.710432 113.526264
v -41.764600 -34.128826 112.684497
v -41.027392 -34.684629 111.869940
v -40.359305 -35.369416 111.094939
v -39.770469 -36.172806 110.371245
v -39.269808 -37.082621 109.709826
v -38.864913 -38.085068 109.120710
v -38.561921 -39.164952 108.612826
v -38.365426 -40.305902 108.193875
v -38.278406 -41.490623 107.870206
v -38.302179 -42.701156 107.646726
v -38.436387 -43.919150 107.526824
v -38.678993 -45.126142 107.512316
v -39.026322 -46.303835 107.603422
v -39.473107 -47.434376 107.798762
v -40.012575 -48.500628 108.095374
v -40.636549 -49.486427 108.488762
v -41.335571 -50.376830 108.972963
v -51.177242 -56.427023 93.906596
v -52.127196 -57.008960 94.430841
v -53.165164 -57.485849 94.890295
v -54.275411 -57.850459 95.277993
v -55.441106 -58.097263 95.588059
v -56.644579 -58.222521 95.815791
v -57.867586 -58.224334 95.957738
v -59.091587 -58.102674 96.011748
v -60.298029 -57.859386 95.977002
v -61.468622 -57.498157 95.854027
v -62.585622 -57.024463 95.644687
v -63.632096 -56.445485 95.352155
v -64.592181 -55.770000 94.980866
v -65.451322 -55.008247 94.536448
v -66.196496 -54.171774 94.025638
v -66.816407 -53.273261 93.456180
v -67.301658 -52.326329 92.836706
v -67.644893 -51.345331 92.176607
v -67.840908 -50.345139 91.485888
v -67.886733 -49.340915 90.775021
v -67.781672 -48.347881 90.054781
v -67.527318 -47.381092 89.336087
v -67.127528 -46.455203 88.629834
v -66.588361 -45.584248 87.946727
v -65.917990 -44.781432 87.297121
v -65.126578 -44.058924 86.690864
v -64.226122 -43.427676 86.137147
v -63.230272 -42.897257 85.644363
v -62.154124 -42.475708 85.219981
v -61.013991 -42.169420 84.870436
v -59.827156 -41.983035 84.601027
v -58.611610 -41.919379 84.415836
v -57.385781 -41.979416 84.317671
v -56.168250 -42.162237 84.308021
v -54.977474 -42.465070 84.387031
v -53.831504 -42.883325 84.553505
v -52.747712 -43.410661 84.804918
v -51.742526 -44.039085 85.137459
v -50.831184 -44.759069 85.546087
v -50.027502 -45.559700 86.024609
v -49.343662 -46.428842 86.565769
v -48.790031 -47.353318 87.161364
v -48.375002 -48.319115 87.802367
v -48.104864 -49.311592 88.479060
v -47.983715 -50.315705 89.181184
v -48.013389 -51.316231 89.898097
v -48.193438 -52.298005 90.618931
v -48.521131 -53.246142 91.332759
v -48.991502 -54.146272 92.028760
v -49.597420 -54.984747 92.696382
v -51.034747 -55.740678 94.910564
v -51.983096 -56.314881 95.446123
v -53.018414 -56.779009 95.924243
v -54.125008 -57.126026 96.337676
v -55.286103 -57.350672 96.680155
v -56.484097 -57.449541 96.946488
v -57.700830 -57.421135 97.132638
v -58.917858 -57.265885 97.235783
v -60.116731 -56.986143 97.254360
v -61.279277 -56.586151 97.188086
v -62.387871 -56.071971 97.037968
v -63.425710 -55.451399 96.806279
v -64.377059 -54.733841 96.496533
v -65.227499 -53.930176 96.113424
v -65.964136 -53.052585 95.662761
v -66.575805 -52.114372 95.151374
v -67.053233 -51.129760 94.587017
v -67.389183 -50.113674 93.978244
v -67.578562 -49.081516 93.334283
v -67.618499 -48.048935 92.664897
v -67.508389 -47.031582 91.980232
v -67.249901 -46.044879 91.290667
v -66.846954 -45.103784 90.606656
v -66.305655 -44.222562 89.938567
v -65.634211 -43.414573 89.296528
v -64.842799 -42.692065 88.690271
v -63.943417 -42.065989 88.128987
v -62.949698 -41.545838 87.621185
v -61.876707 -41.139495 87.174561
v -60.740708 -40.853120 86.795887
v -59.558922 -40.691055 86.490903
v -58.349264 -40.655756 86.264231
v -57.130071 -40.747759 86.119308
v -55.919825 -40.965668 86.058332
v -54.736872 -41.306181 86.082226
v -53.599144 -41.764136 86.190627
v -52.523888 -42.332590 86.381894
v -51.527404 -43.002926 86.653126
v -50.624798 -43.764983 87.000211
v -49.829751 -44.607209 87.417890
v -49.154317 -45.516836 87.899828
v -48.608734 -46.480075 88.438722
v -48.201272 -47.482326 89.026402
v -47.938109 -48.508393 89.653959
v -47.823233 -49.542724 90.311881
v -47.858386 -50.569640 90.990193
v -48.043035 -51.573572 91.678614
v -48.374381 -52.539303 92.366707
v -48.847401 -53.452192 93.044041
v -49.454925 -54.298402 93.700350
v -50.835996 -55.099230 95.934462
v -51.782105 -55.666204 96.481560
v -52.813729 -56.118406 96.978716
v -53.915229 -56.448981 97.418394
v -55.069906 -56.652918 97.793930
v -56.260259 -56.727124 98.099630
v -57.468241 -56.670477 98.330861
v -58.675542 -56.483833 98.484117
v -59.863859 -56.170022 98.557075
v -61.015180 -55.733803 98.548629
v -62.112050 -55.181786 98.458908
v -63.137844 -54.522340 98.289270
v -64.077010 -53.765462 98.042288
v -64.915313 -52.922625 97.721706
v -65.640044 -52.006606 97.332383
v -66.240216 -51.031290 96.880221
v -66.706733 -50.011463 96.372075
v -67.032522 -48.962584 95.815647
v -67.212645 -47.900553 95.219373
v -67.244370 -46.841468 94.592290
v -67.127217 -45.801386 93.943906
v -66.862963 -44.796072 93.284049
v -66.455612 -43.840766 92.622722
v -65.911341 -42.949949 91.969949
v -65.238398 -42.137126 91.335626
v -64.446986 -41.414618 90.729370
v -63.549102 -40.793377 90.160369
v -62.558357 -40.282820 89.637250
v -61.489768 -39.890688 89.167943
v -60.359536 -39.622924 88.759561
v -59.184793 -39.483589 88.418296
v -57.983347 -39.474792 88.149320
v -56.773410 -39.596669 87.956712
v -55.573325 -39.847372 87.843390
v -54.401283 -40.223100 87.811072
v -53.275052 -40.718157 87.860249
v -52.211703 -41.325039 87.990176
v -51.227355 -42.034547 88.198881
v -50.336932 -42.835924 88.483203
v -49.553930 -43.717023 88.838830
v -48.890220 -44.664488 89.260371
v -48.355862 -45.663955 89.741438
v -47.958956 -46.700274 90.274736
v -47.705520 -47.757735 90.852183
v -47.599394 -48.820308 91.465024
v -47.642189 -49.871886 92.103969
v -47.833255 -50.896527 92.759332
v -48.169696 -51.878700 93.421180
v -48.646411 -52.803515 94.079478
v -49.256175 -53.656954 94.724249
v -50.581730 -54.505065 96.974483
v -51.524974 -55.065343 97.533300
v -52.551870 -55.506498 98.049792
v -53.646852 -55.821843 98.516129
v -54.793321 -56.006597 98.925242
v -55.973897 -56.057959 99.270930
v -57.170684 -55.975151 99.547951
v -58.365541 -55.759428 99.752107
v -59.540354 -55.414060 99.880302
v -60.677314 -54.944283 99.930595
v -61.759186 -54.357218 99.902221
v -62.769570 -53.661765 99.795611
v -63.693150 -52.868465 99.612382
v -64.515926 -51.989344 99.355310
v -65.225424 -51.037729 99.028294
v -65.810889 -50.028045 98.636289
v -66.263447 -48.975599 98.185239
v -66.576237 -47.896344 97.681981
v -66.744517 -46.806640 97.134143
v -66.765737 -45.723007 96.550031
v -66.639575 -44.661871 95.938499
v -66.367943 -43.639318 95.308817
v -65.954959 -42.670849 94.670531
v -65.406884 -41.771144 94.033315
v -64.732025 -40.953843 93.406831
v -63.940614 -40.231334 92.800575
v -63.044646 -39.614571 92.223736
v -62.057704 -39.112903 91.685060
v -60.994749 -38.733934 91.192711
v -59.871894 -38.483410 90.754154
v -58.706160 -38.365127 90.376037
v -57.515219 -38.380880 90.064091
v -56.317125 -38.530429 89.823045
v -55.130039 -38.811508 89.656553
v -53.971956 -39.219855 89.567140
v -52.860432 -39.749280 89.556160
v -51.812315 -40.391758 89.623780
v -50.843495 -41.137549 89.768975
v -49.968659 -41.975349 89.989544
v -49.201066 -42.892456 90.282143
v -48.552354 -43.874968 90.642337
v -48.032356 -44.907993 91.064665
v -47.648955 -45.975869 91.542726
v -47.407963 -47.062409 92.069273
v -47.313033 -48.151142 92.636323
v -47.365603 -49.225565 93.235281
v -47.564878 -50.269389 93.857067
v -47.907837 -51.266792 94.492256
v -48.389279 -52.202654 95.131219
v -49.001908 -53.062788 95.764269
v -50.272893 -53.960392 98.026755
v -51.212657 -54.514533 98.597431
v -52.233811 -54.945561 99.133487
v -53.320877 -55.246945 99.626797
v -54.457375 -55.414113 100.069883
v -55.626077 -55.444534 100.456028
v -56.809266 -55.337745 100.779379
v -57.989008 -55.095365 101.035035
v -59.147418 -54.721069 101.219119
v -60.266936 -54.220530 101.328841
v -61.330591 -53.601336 101.362538
v -62.322259 -52.872874 101.319699
v -63.226907 -52.046185 101.200973
v -64.030823 -51.133803 101.008161
v -64.721819 -50.149558 100.744184
v -65.289420 -49.108369 100.413045
v -65.725023 -48.026021 100.019764
v -66.022024 -46.918920 99.570301
v -66.175921 -45.803850 99.071472
v -66.184381 -44.697712 98.530836
v -66.047276 -43.617276 97.956590
v -65.766683 -42.578920 97.357439
v -65.346857 -41.598384 96.742465
v -64.794162 -40.690532 96.120991
v -64.116976 -39.869125 95.502437
v -63.325564 -39.146617 94.896181
v -62.431924 -38.533959 94.311411
v -61.449602 -38.040438 93.756994
v -60.393489 -37.673536 93.241333
v -59.279594 -37.438815 92.772245
v -58.124804 -37.339833 92.356842
v -56.946624 -37.378089 92.001419
v -55.762913 -37.553006 91.711366
v -54.591615 -37.861930 91.491079
v -53.450487 -38.300179 91.343896
v -52.356827 -38.861109 91.272051
v -51.327212 -39.536217 91.276630
v -50.377252 -40.315270 91.357566
v -49.521347 -41.186458 91.513631
v -48.772471 -42.136573 91.742460
v -48.141976 -43.151215 92.040583
v -47.639421 -44.215001 92.403481
v -47.272422 -45.311806 92.825654
v -47.046545 -46.425003 93.300701
v -46.965212 -47.537717 93.821421
v -47.029657 -48.633081 94.379921
v -47.238903 -49.694491 94.967735
v -47.589778 -50.705855 95.575951
v -48.076962 -51.651844 96.195350
v -48.693072 -52.518116 96.816542
v -49.910635 -53.467239 99.087366
v -50.846317 -54.015822 99.669994
v -51.860736 -54.437682 100.225768
v -52.938516 -54.726424 100.746265
v -54.063318 -54.877672 101.223593
v -55.218092 -54.889131 101.650517
v -56.385332 -54.760629 102.020566
v -57.547345 -54.494114 102.328128
v -58.686514 -54.093625 102.568544
v -59.785572 -53.565234 102.738167
v -60.827859 -52.916951 102.834426
v -61.797573 -52.158602 102.855863
v -62.680015 -51.301684 102.802152
v -63.461809 -50.359187 102.674108
v -64.131103 -49.345397 102.473671
v -64.677750 -48.275683 102.203880
v -65.093466 -47.166261 101.868825
v -65.371947 -46.033949 101.473585
v -65.508972 -44.895911 101.024151
v -65.502465 -43.769398 100.527337
v -65.352523 -42.671488 99.990673
v -65.061420 -41.618823 99.422294
v -64.633569 -40.627361 98.830818
v -64.075455 -39.712132 98.225209
v -63.395538 -38.887009 97.614648
v -62.604126 -38.164500 97.008392
v -61.713216 -37.555559 96.415629
v -60.736313 -37.069415 95.845346
v -59.688226 -36.713439 95.306188
v -58.584842 -36.493026 94.806328
v -57.442888 -36.411518 94.353343
v -56.279675 -36.470150 93.954099
v -55.112835 -36.668034 93.614650
v -53.960058 -37.002170 93.340140
v -52.838817 -37.467493 93.134731
v -51.766110 -38.056948 93.001538
v -50.758198 -38.761600 92.942578
v -49.830360 -39.570769 92.958745
v -48.996661 -40.472186 93.049796
v -48.269739 -41.452188 93.214348
v -47.660613 -42.495920 93.449909
v -47.178517 -43.587558 93.752906
v -46.830759 -44.710555 94.118748
v -46.622611 -45.847887 94.541887
v -46.557228 -46.982315 95.015910
v -46.635601 -48.096640 95.533632
v -46.856542 -49.173971 96.087203
v -47.216703 -50.197976 96.668233
v -47.710622 -51.153133 97.267913
v -48.330814 -52.024963 97.877153
v -49.496304 -53.027440 100.152370
v -50.427316 -53.571067 100.746999
v -51.434032 -53.984750 101.322574
v -52.501192 -54.262219 101.870370
v -53.612617 -54.399267 102.382082
v -54.751461 -54.393817 102.849953
v -55.900458 -54.245952 103.266892
v -57.042193 -53.957912 103.626578
v -58.159357 -53.534065 103.923557
v -59.235014 -52.980835 104.153329
v -60.252860 -52.306609 104.312410
v -61.197465 -51.521607 104.398389
v -62.054509 -50.637730 104.409962
v -62.811001 -49.668375 104.346955
v -63.455472 -48.628238 104.210321
v -63.978154 -47.533085 104.002132
v -64.371123 -46.399519 103.725545
v -64.628422 -45.244722 103.384752
v -64.746151 -44.086201 102.984918
v -64.722525 -42.941517 102.532106
v -64.557902 -41.828023 102.033179
v -64.254777 -40.762598 101.495701
v -63.817747 -39.761392 100.927819
v -63.253434 -38.839584 100.338141
v -62.570395 -38.011147 99.735607
v -61.778984 -37.288638 99.129351
v -60.891196 -36.683011 98.528562
v -59.920491 -36.203447 97.942348
v -58.881583 -35.857214 97.379595
v -57.790220 -35.649561 96.848835
v -56.662948 -35.583637 96.358112
v -55.516853 -35.660441 95.914866
v -54.369311 -35.878807 95.525816
v -53.237715 -36.235427 95.196860
v -52.139221 -36.724894 94.932983
v -51.090480 -37.339789 94.738187
v -50.107390 -38.070789 94.615424
v -49.204854 -38.906814 94.566556
v -48.396553 -39.835191 94.592322
v -47.694740 -40.841846 94.692332
v -47.110055 -41.911520 94.865071
v -46.651359 -43.027997 95.107920
v -46.325607 -44.174353 95.417197
v -46.137737 -45.333210 95.788214
v -46.090596 -46.487001 96.215346
v -46.184900 -47.618235 96.692120
v -46.419218 -48.709765 97.211308
v -46.789999 -49.745044 97.765038
v -47.291622 -50.708378 98.344918
v -47.916483 -51.585164 98.942156
v -49.031440 -52.642631 101.217804
v -49.957214 -53.181921 101.824440
v -50.955287 -53.588450 102.419823
v -52.010531 -53.856055 102.994929
v -53.106948 -53.980680 103.541039
v -54.227919 -53.960435 104.049874
v -55.356449 -53.795627 104.513723
v -56.475433 -53.488754 104.925552
v -57.567906 -53.044469 105.279119
v -58.617310 -52.469506 105.569064
v -59.607735 -51.772581 105.790992
v -60.524167 -50.964258 105.941539
v -61.352716 -50.056792 106.018423
v -62.080819 -49.063939 106.020478
v -62.697442 -48.000748 105.947673
v -63.193235 -46.883337 105.801111
v -63.560683 -45.728645 105.583015
v -63.794217 -44.554176 105.296691
v -63.890296 -43.377733 104.946478
v -63.847463 -42.217150 104.537686
v -63.666367 -41.090020 104.076512
v -63.349755 -40.013430 103.569946
v -62.902426 -39.003700 103.025668
v -62.331160 -38.076135 102.451928
v -61.644618 -37.244798 101.857424
v -60.853206 -36.522289 101.251167
v -59.968922 -35.919562 100.642349
v -59.005170 -35.445754 100.040197
v -57.976561 -35.108046 99.453840
v -56.898686 -34.911559 98.892167
v -55.787886 -34.859270 98.363692
v -54.660998 -34.951972 97.876426
v -53.535105 -35.188261 97.437755
v -52.427275 -35.564554 97.054330
v -51.354302 -36.075146 96.731962
v -50.332450 -36.712299 96.475539
v -49.377209 -37.466352 96.288948
v -48.503061 -38.325877 96.175016
v -47.723255 -39.277842 96.135472
v -47.049615 -40.307818 96.170914
v -46.492350 -41.400191 96.280806
v -46.059909 -42.538401 96.463481
v -45.758847 -43.705195 96.716171
v -45.593728 -44.882885 97.035044
v -45.567054 -46.053618 97.415268
v -45.679231 -47.199648 97.851077
v -45.928558 -48.303601 98.335867
v -46.311254 -49.348744 98.862287
v -46.821520 -50.319232 99.422358
v -47.451619 -51.200355 100.007590
v -48.517774 -52.314243 102.279705
v -49.437759 -52.849833 102.898307
v -50.426282 -53.250257 103.513434
v -51.468359 -53.509444 104.115759
v -52.548192 -53.623467 104.696153
v -53.649413 -53.590595 105.245817
v -54.755328 -53.411329 105.756419
v -55.849172 -53.088385 106.220219
v -56.914364 -52.626658 106.630185
v -57.934756 -52.033148 106.980104
v -58.894881 -51.316853 107.264671
v -59.780185 -50.488629 107.479573
v -60.577245 -49.561033 107.621550
v -61.273981 -48.548126 107.688452
v -61.859830 -47.465262 107.679264
v -62.325912 -46.328856 107.594125
v -62.665161 -45.156136 107.434327
v -62.872434 -43.964878 107.202290
v -62.944589 -42.773141 106.901534
v -62.880533 -41.598991 106.536616
v -62.681237 -40.460225 106.113069
v -62.349721 -39.374107 105.637314
v -61.891012 -38.357101 105.116561
v -61.312062 -37.424624 104.558706
v -60.621648 -36.590812 103.972205
v -59.830237 -35.868304 103.365948
v -58.949824 -35.268052 102.749127
v -57.993756 -34.799155 102.131090
v -56.976527 -34.468723 101.521208
v -55.913556 -34.281763 100.928724
v -54.820956 -34.241111 100.362622
v -53.715292 -34.347381 99.831481
v -52.613322 -34.598964 99.343355
v -51.531753 -34.992045 98.905641
v -50.486979 -35.520666 98.524976
v -49.494838 -36.176813 98.207130
v -48.570371 -36.950540 97.956922
v -47.727590 -37.830118 97.778143
v -46.979273 -38.802213 97.673505
v -46.336762 -39.852090 97.644593
v -45.809797 -40.963833 97.691846
v -45.406366 -42.120590 97.814548
v -45.132586 -43.304825 98.010838
v -44.992606 -44.498587 98.277740
v -44.988549 -45.683779 98.611210
v -45.120475 -46.842435 99.006191
v -45.386386 -47.956990 99.456697
v -45.782249 -49.010550 99.955898
v -46.302065 -49.987144 100.496226
v -46.937952 -50.871967 101.069492
v -47.957215 -52.043498 103.334123
v -48.870883 -52.576037 103.964608
v -49.848985 -52.971427 104.599338
v -50.876693 -53.223675 105.228691
v -51.938429 -53.328956 105.843127
v -53.018097 -53.285675 106.433331
v -54.099331 -53.094488 106.990358
v -55.165740 -52.758294 107.505762
v -56.201160 -52.282187 107.971731
v -57.189893 -51.673386 108.381201
v -58.116953 -50.941120 108.727966
v -58.968284 -50.096489 109.006767
v -59.730983 -49.152296 109.213380
v -60.393488 -48.122856 109.344672
v -60.945755 -47.023772 109.398653
v -61.379412 -45.871706 109.374504
v -61.687887 -44.684122 109.272592
v -61.866502 -43.479023 109.094461
v -61.912551 -42.274676 108.842812
v -61.825334 -41.089339 108.521459
v -61.606175 -39.940980 108.135275
v -61.258395 -38.847007 107.690112
v -60.787267 -37.824003 107.192720
v -60.199932 -36.887476 106.650638
v -59.505294 -36.051623 106.072083
v -58.713882 -35.329114 105.465827
v -57.837694 -34.730903 104.841058
v -56.890011 -34.266057 104.207249
v -55.885201 -33.941623 103.574006
v -54.838494 -33.762519 102.950930
v -53.765757 -33.731459 102.347465
v -52.683253 -33.848916 101.772760
v -51.607390 -34.113108 101.235525
v -50.554479 -34.520031 100.743906
v -49.540479 -35.063515 100.305355
v -48.580763 -35.735323 99.926519
v -47.689877 -36.525270 99.613142
v -46.881328 -37.421381 99.369973
v -46.167373 -38.410073 99.200700
v -45.558833 -39.476358 99.107888
v -45.064934 -40.604072 99.092943
v -44.693163 -41.776119 99.156094
v -44.449155 -42.974734 99.296381
v -44.336609 -44.181747 99.511679
v -44.357232 -45.378859 99.798724
v -44.510711 -46.547924 100.153165
v -44.794719 -47.671221 100.569629
v -45.204952 -48.731721 101.041802
v -45.735189 -49.713348 101.562527
v -46.377394 -50.601222 102.123910
v -47.351850 -51.831404 104.377136
v -48.258696 -52.361553 105.019374
v -49.225543 -52.753000 105.673496
v -50.237734 -52.999811 106.329584
v -51.279925 -53.098245 106.977694
v -52.336318 -53.046809 107.608001
v -53.390898 -52.846284 108.210949
v -54.427681 -52.499709 108.777400
v -55.430948 -52.012338 109.298765
v -56.385492 -51.391558 109.767143
v -57.276842 -50.646781 110.175431
v -58.091487 -49.789297 110.517442
v -58.817078 -48.832103 110.787991
v -59.442614 -47.789710 110.982977
v -59.958615 -46.677920 111.099443
v -60.357257 -45.513586 111.135624
v -60.632497 -44.314358 111.090972
v -60.780164 -43.098416 110.966164
v -60.798019 -41.884192 110.763091
v -60.685791 -40.690092 110.484833
v -60.445181 -39.534217 110.135606
v -60.079837 -38.434090 109.720706
v -59.595297 -37.406387 109.246421
v -58.998907 -36.466688 108.719941
v -58.299706 -35.629236 108.149247
v -57.508294 -34.906728 107.542991
v -56.636668 -34.310115 106.910361
v -55.698042 -33.848441 106.260950
v -54.706642 -33.528706 105.604600
v -53.677500 -33.355756 104.951262
v -52.626214 -33.332212 104.310839
v -51.568721 -33.458431 103.693039
v -50.521052 -33.732501 103.107228
v -49.499089 -34.150267 102.562287
v -48.518323 -34.705395 102.066475
v -47.593622 -35.389471 101.627309
v -46.739004 -36.192124 101.251446
v -45.967423 -37.101187 100.944584
v -45.290576 -38.102881 100.711375
v -44.718722 -39.182019 100.555353
v -44.260532 -40.322243 100.478885
v -43.922951 -41.506270 100.483128
v -43.711095 -42.716150 100.568019
v -43.628177 -43.933542 100.732271
v -43.675453 -45.139992 100.973394
v -43.852208 -46.317213 101.287732
v -44.155760 -47.447357 101.670522
v -44.581509 -48.513293 102.115960
v -45.123002 -49.498864 102.617293
v -45.772028 -50.389128 103.166922
v -46.703930 -51.678749 105.404862
v -47.603475 -52.207178 106.058682
v -48.558275 -52.595786 106.731911
v -49.553858 -52.838684 107.414343
v -50.575131 -52.932190 108.095634
v -51.606612 -52.874885 108.765455
v -52.632666 -52.667639 109.413652
v -53.637739 -52.313592 110.030401
v -54.606594 -51.818113 110.606351
v -55.524544 -51.188712 111.132772
v -56.377676 -50.434931 111.601684
v -57.153055 -49.568195 112.005978
v -57.838928 -48.601643 112.339526
v -58.424898 -47.549928 112.597271
v -58.902083 -46.428993 112.775307
v -59.263247 -45.255829 112.870934
v -59.502918 -44.048221 112.882704
v -59.617461 -42.824474 112.810437
v -59.605140 -41.603140 112.655228
v -59.466142 -40.402733 112.419432
v -59.202574 -39.241449 112.106622
v -58.818431 -38.136893 111.721540
v -58.319537 -37.105808 111.270024
v -57.713454 -36.163825 110.758918
v -57.009370 -35.325223 110.195969
v -56.217958 -34.602715 109.589713
v -55.351216 -34.007252 108.949338
v -54.422281 -33.547862 108.284553
v -53.445236 -33.231509 107.605434
v -52.434892 -33.062988 106.922277
v -51.406565 -33.044853 106.245438
v -50.375842 -33.177380 105.585176
v -49.358349 -33.458559 104.951501
v -48.369510 -33.884129 104.354018
v -47.424314 -34.447638 103.801785
v -46.537091 -35.140544 103.303174
v -45.721288 -35.952342 102.865741
v -44.989273 -36.870728 102.496119
v -44.352143 -37.881779 102.199911
v -43.819556 -38.970168 101.981606
v -43.399585 -40.119398 101.844514
v -43.098596 -41.312046 101.790714
v -42.921153 -42.530033 101.821020
v -42.869945 -43.754897 101.934974
v -42.945748 -44.968068 102.130848
v -43.147414 -46.151158 102.405672
v -43.471884 -47.286230 102.755281
v -43.914242 -48.356080 103.174375
v -44.467780 -49.344489 103.656601
v -45.124108 -50.236473 104.194649
v -46.015865 -51.586101 106.413480
v -46.907656 -52.113486 107.078666
v -47.849664 -52.500372 107.770647
v -48.827610 -52.740895 108.478933
v -49.826669 -52.831409 109.192787
v -50.831695 -52.770542 109.901388
v -51.827455 -52.559217 110.593993
v -52.798852 -52.200636 111.260105
v -53.731163 -51.700237 111.889625
v -54.610253 -51.065603 112.473010
v -55.422798 -50.306356 113.001417
v -56.156478 -49.434006 113.466836
v -56.800174 -48.461775 113.862212
v -57.344126 -47.404402 114.181551
v -57.780089 -46.277916 114.420011
v -58.101455 -45.099394 114.573979
v -58.303351 -43.886699 114.641121
v -58.382718 -42.658216 114.620418
v -58.338351 -41.432567 114.512184
v -58.170925 -40.228332 114.318061
v -57.882976 -39.063765 114.040990
v -57.478869 -37.956521 113.685172
v -56.964732 -36.923384 113.256001
v -56.348356 -35.980015 112.759983
v -55.639087 -35.140715 112.204636
v -54.847675 -34.418206 111.598379
v -53.986118 -33.823442 110.950403
v -53.067476 -33.365438 110.270530
v -52.105675 -33.051137 109.569066
v -51.115294 -32.885304 108.856645
v -50.111348 -32.870452 108.144066
v -49.109054 -33.006807 107.442132
v -48.123606 -33.292301 106.761482
v -47.169943 -33.722608 106.112436
v -46.262522 -34.291203 105.504830
v -45.415097 -34.989467 104.947878
v -44.640515 -35.806816 104.450020
v -43.950519 -36.730860 104.018805
v -43.355566 -37.747590 103.660769
v -42.864678 -38.841594 103.381339
v -42.485294 -39.996288 103.184752
v -42.223165 -41.194169 103.073987
v -42.082267 -42.417077 103.050724
v -42.064733 -43.646475 103.115315
v -42.170831 -44.863726 103.266781
v -42.398951 -46.050377 103.502825
v -42.745637 -47.188441 103.819871
v -43.205631 -48.260666 104.213111
v -43.771962 -49.250797 104.676585
v -44.436044 -50.143825 105.203267
v -45.290216 -51.553805 107.399237
v -46.173830 -52.080826 108.075532
v -47.102347 -52.467112 108.785840
v -48.061692 -52.706807 109.519393
v -49.037322 -52.796278 110.265072
v -50.014449 -52.734170 111.011574
v -50.978259 -52.521422 111.747581
v -51.914143 -52.161261 112.461937
v -52.807913 -51.659146 113.143812
v -53.646020 -51.022689 113.782871
v -54.415760 -50.261537 114.369425
v -55.105465 -49.387229 114.894584
v -55.704678 -48.413019 115.350385
v -56.204317 -47.353674 115.729921
v -56.596808 -46.225253 116.027437
v -56.876200 -45.044862 116.238424
v -57.038259 -43.830395 116.359682
v -57.080528 -42.600261 116.389374
v -57.002366 -41.373108 116.327051
v -56.804958 -40.167538 116.173655
v -56.491296 -39.001827 115.931514
v -56.066136 -37.893646 115.604297
v -55.535922 -36.859793 115.196965
v -54.908691 -35.915941 114.715692
v -54.193953 -35.076397 114.167775
v -53.402541 -34.353889 113.561518
v -52.546453 -33.759368 112.906113
v -51.638666 -33.301847 112.211494
v -50.692941 -32.988262 111.488191
v -49.723615 -32.823366 110.747169
v -48.745381 -32.809658 109.999661
v -47.773068 -32.947347 109.256998
v -46.821416 -33.234346 108.530439
v -45.904851 -33.666303 107.830997
v -45.037267 -34.236671 107.169275
v -44.231816 -34.936804 106.555304
v -43.500707 -35.756088 105.998391
v -42.855023 -36.682103 105.506979
v -42.304553 -37.700813 105.088516
v -41.857640 -38.796775 104.749347
v -41.521060 -39.953374 104.494613
v -41.299915 -41.153079 104.328175
v -41.197557 -42.377702 104.252556
v -41.215538 -43.608680 104.268902
v -41.353585 -44.827353 104.376967
v -41.609605 -46.015246 104.575111
v -41.979718 -47.154353 104.860331
v -42.458313 -48.227405 105.228304
v -43.038135 -49.218137 105.673450
v -43.710395 -50.111529 106.189023
v -44.529681 -51.581981 108.358465
v -45.404724 -52.109319 109.045570
v -46.319102 -52.496129 109.773712
v -47.258952 -52.736547 110.531853
v -48.210029 -52.826928 111.308501
v -49.157914 -52.765902 112.091883
v -50.088239 -52.554396 112.870124
v -50.986901 -52.195614 113.631425
v -51.840278 -51.694995 114.364247
v -52.635432 -51.060129 115.057481
v -53.360310 -50.300639 115.700618
v -54.003924 -49.428039 116.283908
v -54.556517 -48.455555 116.798510
v -55.009713 -47.397931 117.236623
v -55.356641 -46.271198 117.591605
v -55.592042 -45.092437 117.858075
v -55.712348 -43.879517 118.031994
v -55.715736 -42.650823 118.110726
v -55.602153 -41.424982 118.093076
v -55.373323 -40.220577 117.979313
v -55.032712 -39.055864 117.771161
v -54.585486 -37.948500 117.471775
v -54.038422 -36.915272 117.085694
v -53.399815 -35.971841 116.618771
v -52.679345 -35.132510 116.078082
v -51.887933 -34.410002 115.471826
v -51.037577 -33.815268 114.809191
v -50.141167 -33.357326 114.100223
v -49.212291 -33.043116 113.355670
v -48.265031 -32.877403 112.586816
v -47.313745 -32.862697 111.805319
v -46.372856 -32.999222 111.023024
v -45.456624 -33.284908 110.251790
v -44.578940 -33.715425 109.503309
v -43.753109 -34.284246 108.788926
v -42.991649 -34.982749 108.119471
v -42.306102 -35.800345 107.505092
v -41.706862 -36.724640 106.955103
v -41.203012 -37.741623 106.477841
v -40.802190 -38.835877 106.080540
v -40.510472 -39.990814 105.769223
v -40.332280 -41.188927 105.548610
v -40.270316 -42.412054 105.422044
v -40.325518 -43.641654 105.391445
v -40.497050 -44.859086 105.457276
v -40.782312 -46.045896 105.618540
v -41.176979 -47.184093 105.872791
v -41.675068 -48.256423 106.216176
v -42.269030 -49.246630 106.643488
v -42.949860 -50.139705 107.148252
v -42.067643 -52.027172 111.041870
v -42.914941 -52.559527 111.759214
v -43.783545 -52.954613 112.537246
v -44.660286 -53.206442 113.364171
v -45.531875 -53.311197 114.227454
v -46.385099 -53.267288 115.114008
v -47.207025 -53.075382 116.010394
v -47.985192 -52.738388 116.903025
v -48.707804 -52.261415 117.778368
v -49.363908 -51.651692 118.623155
v -49.943557 -50.918463 119.424578
v -50.437965 -50.072842 120.170490
v -50.839637 -49.127649 120.849583
v -51.142483 -48.097211 121.451563
v -51.341914 -46.997149 121.967304
v -51.434906 -45.844139 122.388989
v -51.420048 -44.655658 122.710224
v -51.297568 -43.449725 122.926141
v -51.069320 -42.244618 123.033466
v -50.738766 -41.058606 123.030573
v -50.310916 -39.909668 122.917504
v -49.792255 -38.815221 122.695975
v -49.190647 -37.791856 122.369344
v -48.515211 -36.855085 121.942561
v -47.776185 -36.019109 121.422096
v -46.984773 -35.296600 120.815839
v -46.152972 -34.698512 120.132981
v -45.293391 -34.233910 119.383872
v -44.419061 -33.909837 118.579869
v -43.543234 -33.731207 117.733160
v -42.679189 -33.700726 116.856579
v -41.840023 -33.818857 115.963414
v -41.038456 -34.083810 115.067206
v -40.286640 -34.491567 114.181539
v -39.595972 -35.035948 113.319840
v -38.976922 -35.708700 112.495171
v -38.438873 -36.499625 111.720033
v -37.989982 -37.396733 111.006176
v -37.637053 -38.386426 110.364423
v -37.385437 -39.453700 109.804500
v -37.238948 -40.582377 109.334897
v -37.199807 -41.755347 108.962731
v -37.268606 -42.954829 108.693644
v -37.444303 -44.162640 108.531716
v -37.724235 -45.360471 108.479401
v -38.104158 -46.530165 108.537492
v -38.578313 -47.653988 108.705109
v -39.139511 -48.714907 108.979710
v -39.779247 -49.696838 109.357133
v -40.487822 -50.584896 109.831657
v -41.196997 -52.293949 111.860486
v -42.034484 -52.829310 112.587055
v -42.886900 -53.229357 113.380306
v -43.741324 -53.488024 114.228214
v -44.584804 -53.601391 115.117926
v -45.404554 -53.567740 116.035955
v -46.188146 -53.387580 116.968384
v -46.923702 -53.063642 117.901078
v -47.600073 -52.600838 118.819900
v -48.207004 -52.006182 119.710920
v -48.735297 -51.288689 120.560631
v -49.176941 -50.459236 121.356154
v -49.525243 -49.530396 122.085427
v -49.774921 -48.516249 122.737397
v -49.922193 -47.432169 123.302181
v -49.964825 -46.294590 123.771216
v -49.902170 -45.120756 124.137393
v -49.735179 -43.928461 124.395160
v -49.466382 -42.735778 124.540611
v -49.099856 -41.560789 124.571540
v -48.641155 -40.421304 124.487478
v -48.097234 -39.334598 124.289700
v -47.476337 -38.317142 123.981205
v -46.787877 -37.384362 123.566667
v -46.042289 -36.550396 123.052372
v -45.250878 -35.827888 122.446115
v -44.425638 -35.227789 121.757088
v -43.579081 -34.759197 120.995733
v -42.724039 -34.429214 120.173594
v -41.873474 -34.242843 119.303133
v -41.040279 -34.202909 118.397545
v -40.237085 -34.310018 117.470558
v -39.476067 -34.562546 116.536224
v -38.768762 -34.956664 115.608707
v -38.125891 -35.486399 114.702067
v -37.557201 -36.143720 113.830047
v -37.071311 -36.918663 113.005867
v -36.675588 -37.799480 112.242021
v -36.376029 -38.772820 111.550086
v -36.177177 -39.823927 110.940553
v -36.082045 -40.936867 110.422662
v -36.092075 -42.094770 110.004262
v -36.207117 -43.280083 109.691698
v -36.425424 -44.474838 109.489705
v -36.743689 -45.660923 109.401348
v -37.157087 -46.820359 109.427965
v -37.659351 -47.935570 109.569152
v -38.242867 -48.989650 109.822770
v -38.898789 -49.966621 110.184974
v -39.617176 -50.851673 110.650272
v -40.306692 -52.618445 112.635977
v -41.134146 -53.157463 113.371285
v -41.970010 -53.563542 114.178954
v -42.801613 -53.830527 115.046740
v -43.616349 -53.954371 115.961489
v -44.401868 -53.933196 116.909334
v -45.146262 -53.767323 117.875907
v -45.838245 -53.459267 118.846555
v -46.467330 -53.013697 119.806564
v -47.023979 -52.437368 120.741382
v -47.499755 -51.739016 121.636838
v -47.887444 -50.929228 122.479357
v -48.181171 -50.020279 123.256168
v -48.376482 -49.025949 123.955495
v -48.470416 -47.961309 124.566737
v -48.461551 -46.842499 125.080628
v -48.350019 -45.686479 125.489378
v -48.137512 -44.510774 125.786792
v -47.827252 -43.333204 125.968359
v -47.423941 -42.171622 126.031329
v -46.933693 -41.043635 125.974746
v -46.363940 -39.966344 125.799469
v -45.723319 -38.956077 125.508153
v -45.021541 -38.028151 125.105216
v -44.269244 -37.196631 124.596766
v -43.477832 -36.474123 123.990509
v -42.659303 -35.871578 123.295637
v -41.826063 -35.398132 122.522682
v -40.990746 -35.060960 121.683363
v -40.166012 -34.865174 120.790401
v -39.364364 -34.813742 119.857335
v -38.597954 -34.907444 118.898307
v -37.878401 -35.144859 117.927856
v -37.216611 -35.522388 116.960693
v -36.622617 -36.034308 116.011479
v -36.105424 -36.672860 115.094603
v -35.672871 -37.428363 114.223965
v -35.331516 -38.289364 113.412761
v -35.086533 -39.242812 112.673290
v -34.941635 -40.274254 112.016760
v -34.899020 -41.368053 111.453124
v -34.959333 -42.507629 110.990927
v -35.121660 -43.675707 110.637174
v -35.383540 -44.854581 110.397228
v -35.741004 -46.026379 110.274727
v -36.188632 -47.173339 110.271528
v -36.719640 -48.278073 110.387678
v -37.325977 -49.323836 110.621418
v -37.998452 -50.294774 110.969204
v -38.726871 -51.176169 111.425764
v -39.400042 -52.999452 113.365459
v -40.217278 -53.542764 114.108988
v -41.036286 -53.955927 114.930219
v -41.844649 -54.232678 115.816704
v -42.630114 -54.368823 116.755004
v -43.380773 -54.362297 117.730897
v -44.085248 -54.213199 118.729587
v -44.732859 -53.923789 119.735937
v -45.313790 -53.498456 120.734691
v -45.819234 -52.943645 121.710708
v -46.241528 -52.267768 122.649194
v -46.574272 -51.481070 123.535922
v -46.812422 -50.595477 124.357449
v -46.952366 -49.624413 125.101323
v -46.991985 -48.582599 125.756268
v -46.930676 -47.485828 126.312354
v -46.769370 -46.350725 126.761152
v -46.510512 -45.194497 127.095859
v -46.158026 -44.034673 127.311401
v -45.717255 -42.888832 127.404510
v -45.194881 -41.774347 127.373776
v -44.598823 -40.708109 127.219664
v -43.938115 -39.706284 126.944510
v -43.222775 -38.784057 126.552485
v -42.463645 -37.955409 126.049532
v -41.672233 -37.232900 125.443276
v -40.860537 -36.627484 124.742906
v -40.040860 -36.148338 123.959039
v -39.225628 -35.802725 123.103558
v -38.427200 -35.595885 122.189431
v -37.657678 -35.530953 121.230516
v -36.928729 -35.608912 120.241349
v -36.251401 -35.828583 119.236923
v -35.635962 -36.186633 118.232467
v -35.091743 -36.677637 117.243205
v -34.626992 -37.294150 116.284134
v -34.248756 -38.026827 115.369793
v -33.962767 -38.864562 114.514042
v -33.773360 -39.794654 113.729854
v -33.683408 -40.803006 113.029116
v -33.694274 -41.874330 112.422450
v -33.805793 -42.992388 111.919053
v -34.016274 -44.140230 111.526556
v -34.322527 -45.300457 111.250909
v -34.719909 -46.455480 111.096290
v -35.202396 -47.587791 111.065043
v -35.762675 -48.680224 111.157642
v -36.392252 -49.716220 111.372683
v -37.081584 -50.680075 111.706906
v -37.820220 -51.557176 112.155245
v -38.480417 -53.435553 114.046218
v -39.287291 -53.983779 114.797418
v -40.089201 -54.405050 115.631306
v -40.873991 -54.692980 116.535241
v -41.629765 -54.843205 117.495520
v -42.345067 -54.853446 118.497586
v -43.009052 -54.723549 119.526250
v -43.611656 -54.455483 120.565916
v -44.143744 -54.053311 121.600827
v -44.597249 -53.523131 122.615292
v -44.965297 -52.872978 123.593934
v -45.242310 -52.112709 124.521917
v -45.424087 -51.253849 125.385175
v -45.507873 -50.309416 126.170621
v -45.492397 -49.293729 126.866349
v -45.377896 -48.222182 127.461811
v -45.166104 -47.111021 127.947982
v -44.860231 -45.977088 128.317492
v -44.464915 -44.837574 128.564739
v -43.986149 -43.709752 128.685976
v -43.431189 -42.610719 128.679363
v -42.808448 -41.557135 128.545003
v -42.127367 -40.564971 128.284930
v -41.398270 -39.649268 127.903089
v -40.632209 -38.823906 127.405267
v -39.840797 -38.101398 126.799010
v -39.036031 -37.492695 126.093509
v -38.230111 -37.007026 125.299459
v -37.435253 -36.651751 124.428897
v -36.663507 -36.432258 123.495019
v -35.926572 -36.351873 122.511981
v -35.235618 -36.411814 121.494687
v -34.601120 -36.611174 120.458557
v -34.032696 -36.946929 119.419297
v -33.538963 -37.413991 118.392662
v -33.127405 -38.005279 117.394215
v -32.804262 -38.711830 116.439091
v -32.574432 -39.522933 115.541768
v -32.441398 -40.426293 114.715850
v -32.407178 -41.408216 113.973856
v -32.472289 -42.453816 113.327034
v -32.635746 -43.547244 112.785189
v -32.895070 -44.671924 112.356536
v -33.246331 -45.810807 112.047571
v -33.684203 -46.946629 111.862979
v -34.202048 -48.062173 111.805558
v -34.792017 -49.140526 111.876179
v -35.445167 -50.165344 112.073770
v -36.151596 -51.121090 112.395337
v -36.900596 -51.993277 112.836004
v -37.551240 -53.925126 114.675721
v -38.347643 -54.478869 115.434016
v -39.132278 -54.909243 116.279607
v -39.893251 -55.209722 117.199678
v -40.619026 -55.375752 118.180281
v -41.298603 -55.404817 119.206551
v -41.921678 -55.296475 120.262930
v -42.478807 -55.052369 121.333405
v -42.961544 -54.676200 122.401750
v -43.362571 -54.173669 123.451768
v -43.675810 -53.552395 124.467543
v -43.896512 -52.821796 125.433676
v -44.021330 -51.992946 126.335522
v -44.048375 -51.078410 127.159409
v -43.977234 -50.092052 127.892850
v -43.808987 -49.048823 128.524724
v -43.546183 -47.964539 129.045455
v -43.192808 -46.855635 129.447147
v -42.754218 -45.738922 129.723712
v -42.237060 -44.631328 129.870957
v -41.649176 -43.549642 129.886651
v -40.999476 -42.510263 129.770555
v -40.297809 -41.528945 129.524429
v -39.554813 -40.620565 129.152004
v -38.781749 -39.798893 128.658926
v -37.990338 -39.076385 128.052669
v -37.192575 -38.463993 127.342424
v -36.400554 -37.970999 126.538958
v -35.626281 -37.604879 125.654449
v -34.881494 -37.371181 124.702306
v -34.177483 -37.273448 123.696963
v -33.524920 -37.313162 122.653660
v -32.933696 -37.489721 121.588211
v -32.412775 -37.800448 120.516769
v -31.970053 -38.240633 119.455575
v -31.612242 -38.803603 118.420716
v -31.344764 -39.480824 117.427879
v -31.171676 -40.262030 116.492115
v -31.095600 -41.135379 115.627608
v -31.117690 -42.087633 114.847465
v -31.237611 -43.104354 114.163510
v -31.453546 -44.170132 113.586112
v -31.762221 -45.268810 113.124025
v -32.158956 -46.383733 112.784251
v -32.637738 -47.498000 112.571944
v -33.191309 -48.594720 112.490319
v -33.811277 -49.657268 112.540616
v -34.488244 -50.669536 112.722071
v -35.211948 -51.616181 113.031934
v -35.971419 -52.482850 113.465508
v -36.615968 -54.466350 115.251628
v -37.401831 -55.026192 116.016412
v -38.169077 -55.466628 116.872711
v -38.906076 -55.780980 117.807544
v -39.601656 -55.964484 118.806740
v -40.245273 -56.014357 119.855152
v -40.827169 -55.929845 120.936888
v -41.338525 -55.712227 122.035549
v -41.771588 -55.364803 123.134481
v -42.119793 -54.892840 124.217025
v -42.377863 -54.303491 125.266771
v -42.541884 -53.605691 126.267805
v -42.609372 -52.810018 127.204954
v -42.579302 -51.928533 128.064011
v -42.452130 -50.974599 128.831953
v -42.229784 -49.962676 129.497139
v -41.915636 -48.908105 130.049486
v -41.514446 -47.826870 130.480621
v -41.032297 -46.735364 130.784007
v -40.476497 -45.650131 130.955047
v -39.855472 -44.587623 130.991148
v -39.178636 -43.563947 130.891761
v -38.456249 -42.594619 130.658394
v -37.699262 -41.694336 130.294584
v -36.919150 -40.876743 129.805846
v -36.127738 -40.154234 129.199590
v -35.337024 -39.537763 128.485004
v -34.558994 -39.036674 127.672923
v -33.805442 -38.658563 126.775655
v -33.087791 -38.409161 125.806803
v -32.416920 -38.292251 124.781053
v -31.802999 -38.309603 123.713955
v -31.255334 -38.460956 122.621685
v -30.782228 -38.744013 121.520801
v -30.390851 -39.154485 120.427990
v -30.087138 -39.686150 119.359819
v -29.875691 -40.330947 118.332480
v -29.759717 -41.079103 117.361547
v -29.740973 -41.919275 116.461738
v -29.819743 -42.838729 115.646693
v -29.994834 -43.823525 114.928767
v -30.263590 -44.858736 114.318843
v -30.621939 -45.928668 113.826168
v -31.064448 -47.017103 113.458209
v -31.584409 -48.107541 113.220545
v -32.173939 -49.183452 113.116778
v -32.824103 -50.228526 113.148482
v -33.525044 -51.226921 113.315175
v -34.266136 -52.163503 113.614331
v -35.036146 -53.024074 114.041415
v -35.678079 -55.057211 115.771795
v -36.453372 -55.623711 116.542441
v -37.203181 -56.075132 117.408410
v -37.916140 -56.404630 118.356577
v -38.581440 -56.607210 119.372567
v -39.188996 -56.679801 120.440978
v -39.729599 -56.621303 121.545616
v -40.195053 -56.432603 122.669735
v -40.578303 -56.116561 123.796294
v -40.873538 -55.677968 124.908216
v -41.076284 -55.123472 125.988645
v -41.183467 -54.461480 127.021203
v -41.193463 -53.702027 127.990238
v -41.106119 -52.856624 128.881059
v -40.922759 -51.938087 129.680164
v -40.646164 -50.960341 130.375438
v -40.280526 -49.938207 130.956341
v -39.831388 -48.887180 131.414069
v -39.305559 -47.823191 131.741681
v -38.711009 -46.762371 131.934213
v -38.056750 -45.720800 131.988745
v -37.352702 -44.714267 131.904450
v -36.609537 -43.758030 131.682607
v -35.838520 -42.866584 131.326578
v -35.051339 -42.053444 130.841761
v -34.259928 -41.330936 130.235504
v -33.476282 -40.710012 129.516999
v -32.712282 -40.200084 128.697136
v -31.979508 -39.808883 127.788344
v -31.289069 -39.542338 126.804400
v -30.651431 -39.404491 125.760219
v -30.076261 -39.397431 124.671629
v -29.572277 -39.521265 123.555133
v -29.147118 -39.774116 122.427656
v -28.807231 -40.152150 121.306289
v -28.557767 -40.649638 120.208030
v -28.402508 -41.259038 119.149529
v -28.343808 -41.971111 118.146831
v -28.382556 -42.775064 117.215136
v -28.518165 -43.658710 116.368567
v -28.748579 -44.608653 115.619958
v -29.070305 -45.610493 114.980656
v -29.478468 -46.649044 114.460354
v -29.966878 -47.708561 114.066938
v -30.528132 -48.772984 113.806372
v -31.153723 -49.826178 113.682605
v -31.834166 -50.852176 113.697515
v -32.559148 -51.835426 113.850875
v -33.317678 -52.761022 114.140359
v -34.098257 -53.614935 114.561581
v -34.741062 -55.695511 116.234287
v -35.505796 -56.269204 117.010145
v -36.238184 -56.732492 117.884713
v -36.927125 -57.078351 118.844735
v -37.562173 -57.301539 119.875656
v -38.133702 -57.398672 120.961850
v -38.633050 -57.368277 122.086851
v -39.052645 -57.210816 123.233604
v -39.386128 -56.928676 124.384727
v -39.628443 -56.526132 125.522769
v -39.775917 -56.009289 126.630480
v -39.826314 -55.385979 127.691066
v -39.778871 -54.665653 128.688451
v -39.634306 -53.859229 129.607516
v -39.394811 -52.978932 130.434328
v -39.064017 -52.038107 131.156353
v -38.646938 -51.051015 131.762647
v -38.149896 -50.032619 132.244019
v -37.580427 -48.998359 132.593171
v -36.947162 -47.963911 132.804811
v -36.259702 -46.944957 132.875731
v -35.528467 -45.956944 132.804855
v -34.764543 -45.014848 132.593258
v -33.979509 -44.132951 132.244148
v -33.185267 -43.324621 131.762816
v -32.393855 -42.602113 131.156560
v -31.617271 -41.976378 130.434569
v -30.867287 -41.456902 129.607787
v -30.155273 -41.051560 128.688749
v -29.492020 -40.766495 127.691386
v -28.887585 -40.606031 126.630817
v -28.351129 -40.572598 125.523119
v -27.890785 -40.666705 124.385083
v -27.513530 -40.886923 123.233962
v -27.225084 -41.229916 122.087204
v -27.029819 -41.690483 120.962194
v -26.930696 -42.261643 119.875986
v -26.929216 -42.934737 118.845044
v -27.025402 -43.699563 117.884999
v -27.217797 -44.544526 117.010402
v -27.503483 -45.456817 116.234511
v -27.878131 -46.422608 115.569090
v -28.336059 -47.427257 115.024223
v -28.870328 -48.455535 114.608172
v -29.472838 -49.491855 114.327243
v -30.134456 -50.520507 114.185695
v -30.845151 -51.525898 114.185673
v -31.594151 -52.492786 114.327177
v -32.370102 -53.406515 114.608064
v -33.161241 -54.253235 115.024074
v -33.808403 -56.378875 116.637384
v -34.562628 -56.960270 117.417785
v -35.277676 -57.436263 118.299847
v -35.942709 -57.799638 119.270201
v -36.547646 -58.044889 120.314137
v -37.083317 -58.168296 121.415829
v -37.541601 -58.167989 122.558577
v -37.915551 -58.043972 123.725059
v -38.199498 -57.798126 124.897591
v -38.389139 -57.434178 126.058400
v -38.481598 -56.957644 127.189887
v -38.475473 -56.375748 128.274903
v -38.370858 -55.697312 129.296997
v -38.169339 -54.932619 130.240678
v -37.873970 -54.093261 131.091639
v -37.489229 -53.191963 131.836980
v -37.020948 -52.242387 132.465404
v -36.476225 -51.258928 132.967383
v -35.863319 -50.256494 133.335309
v -35.191520 -49.250280 133.563604
v -34.471012 -48.255541 133.648807
v -33.712717 -47.287355 133.589627
v -32.928130 -46.360398 133.386960
v -32.129145 -45.488724 133.043880
v -31.327873 -44.685545 132.565586
v -30.536461 -43.963036 131.959329
v -29.766907 -43.332151 131.234300
v -29.030874 -42.802453 130.401489
v -28.339522 -42.381971 129.473521
v -27.703330 -42.077079 128.464462
v -27.131943 -41.892401 127.389610
v -26.634021 -41.830734 126.265257
v -26.217114 -41.893013 125.108448
v -25.887540 -42.078296 123.936719
v -25.650296 -42.383772 122.767831
v -25.508978 -42.804812 121.619505
v -25.465729 -43.335033 120.509148
v -25.521204 -43.966396 119.453591
v -25.674561 -44.689332 118.468835
v -25.923478 -45.492882 117.569810
v -26.264179 -46.364863 116.770142
v -26.691501 -47.292059 116.081954
v -27.198965 -48.260413 115.515678
v -27.778879 -49.255247 115.079899
v -28.422453 -50.261479 114.781222
v -29.119929 -51.263857 114.624175
v -29.860736 -52.247185 114.611139
v -30.633643 -53.196556 114.742311
v -31.426933 -54.097581 115.015703
v -32.228582 -54.936599 115.427171
v -32.883573 -57.104762 116.979587
v -33.627375 -57.694337 117.763843
v -34.325229 -58.183825 118.652268
v -34.966556 -58.565808 119.631394
v -35.541635 -58.834493 120.686377
v -36.041747 -58.985809 121.801227
v -36.459312 -59.017462 122.959042
v -36.788000 -58.928971 124.142271
v -37.022828 -58.721679 125.332979
v -37.160236 -58.398727 126.513114
v -37.198141 -57.965011 127.664787
v -37.135970 -57.427106 128.770541
v -36.974664 -56.793166 129.813612
v -36.716668 -56.072801 130.778190
v -36.365893 -55.276930 131.649652
v -35.927658 -54.417619 132.414787
v -35.408604 -53.507893 133.061997
v -34.816601 -52.561544 133.581471
v -34.160623 -51.592917 133.965335
v -33.450613 -50.616694 134.207768
v -32.697334 -49.647676 134.305097
v -31.912206 -48.700551 134.255845
v -31.107130 -47.789676 134.060760
v -30.294310 -46.928860 133.722799
v -29.486069 -46.131152 133.247084
v -28.694657 -45.408643 132.640827
v -27.932072 -44.772287 131.913219
v -27.209874 -44.231730 131.075289
v -26.539011 -43.795167 130.139739
v -25.929653 -43.469215 129.120752
v -25.391035 -43.258815 128.033774
v -24.931325 -43.167156 126.895282
v -24.557490 -43.195629 125.722536
v -24.275196 -43.343802 124.533312
v -24.088725 -43.609428 123.345638
v -24.000901 -43.988481 122.177518
v -24.013057 -44.475214 121.046660
v -24.125009 -45.062250 119.970206
v -24.335058 -45.740690 118.964473
v -24.640022 -46.500249 118.044709
v -25.035276 -47.329412 117.224856
v -25.514830 -48.215611 116.517341
v -26.071414 -49.145412 115.932890
v -26.696591 -50.104720 115.480363
v -27.380883 -51.078993 115.166620
v -28.113918 -52.053461 114.996416
v -28.884583 -53.013354 114.972332
v -29.681196 -53.944119 115.094732
v -30.491680 -54.831648 115.361762
v -31.303751 -55.662486 115.769373
v -31.970010 -57.870471 117.259622
v -32.703517 -58.468674 118.047034
v -33.384386 -58.972399 118.940665
v -34.002297 -59.374009 119.926969
v -34.547881 -59.667415 120.990993
v -35.012868 -59.848172 122.116610
v -35.390210 -59.913537 123.286754
v -35.674187 -59.862521 124.483689
v -35.860494 -59.695897 125.689269
v -35.946306 -59.416191 126.885220
v -35.930323 -59.027642 128.053412
v -35.812787 -58.536141 129.176137
v -35.595480 -57.949138 130.236374
v -35.281696 -57.275533 131.218053
v -34.876191 -56.525535 132.106291
v -34.385113 -55.710514 132.887624
v -33.815906 -54.842825 133.550208
v -33.177198 -53.935621 134.083998
v -32.478672 -53.002655 134.480904
v -31.730917 -52.058070 134.734907
v -30.945267 -51.116184 134.842159
v -30.133633 -50.191275 134.801032
v -29.308317 -49.297364 134.612151
v -28.481832 -48.448002 134.278379
v -27.666705 -47.656064 133.804774
v -26.875293 -46.933556 133.198518
v -26.119594 -46.291429 132.468799
v -25.411062 -45.739418 131.626680
v -24.760438 -45.285891 130.684926
v -24.177585 -44.937722 129.657814
v -23.671340 -44.700190 128.560913
v -23.249374 -44.576895 127.410852
v -22.918086 -44.569707 126.225063
v -22.682498 -44.678734 125.021523
v -22.546180 -44.902323 123.818475
v -22.511199 -45.237085 122.634157
v -22.578085 -45.677947 121.486523
v -22.745825 -46.218223 120.392967
v -23.011875 -46.849725 119.370069
v -23.372203 -47.562880 118.433334
v -23.821346 -48.346876 117.596962
v -24.352496 -49.189830 116.873632
v -24.957601 -50.078962 116.274308
v -25.627489 -51.000795 115.808076
v -26.352004 -51.941355 115.482003
v -27.120163 -52.886383 115.301032
v -27.920323 -53.821555 115.267907
v -28.740353 -54.732693 115.383129
v -29.567823 -55.605985 115.644953
v -30.390189 -56.428195 116.049408
v -31.071114 -58.673153 117.476447
v -31.794492 -59.280402 118.266303
v -32.458649 -59.799050 119.163965
v -33.053518 -60.221235 120.155827
v -33.570080 -60.540557 121.226852
v -34.000507 -60.752175 122.360804
v -34.338272 -60.852881 123.540495
v -34.578256 -60.841150 124.748042
v -34.716820 -60.717158 125.965138
v -34.751865 -60.482785 127.173335
v -34.682859 -60.141584 128.354317
v -34.510847 -59.698728 129.490182
v -34.238438 -59.160929 130.563710
v -33.869761 -58.536341 131.558630
v -33.410405 -57.834430 132.459858
v -32.867333 -57.065838 133.253732
v -32.248777 -56.242216 133.928220
v -31.564115 -55.376049 134.473095
v -30.823724 -54.480466 134.880099
v -30.038829 -53.569045 135.143061
v -29.221328 -52.655601 135.257995
v -28.383613 -51.753981 135.223160
v -27.538383 -50.877853 135.039082
v -26.698451 -50.040498 134.708553
v -25.876550 -49.254610 134.236583
v -25.085138 -48.532102 133.630326
v -24.336213 -47.883925 132.898974
v -23.641128 -47.319907 132.053611
v -23.010419 -46.848597 131.107054
v -22.453647 -46.477139 130.073651
v -21.979252 -46.211165 128.969067
v -21.594427 -46.054706 127.810046
v -21.305003 -46.010134 126.614160
v -21.115369 -46.078125 125.399534
v -21.028400 -46.257648 124.184583
v -21.045413 -46.545981 122.987724
v -21.166151 -46.938755 121.827099
v -21.388783 -47.430014 120.720303
v -21.709935 -48.012312 119.684114
v -22.124739 -48.676822 118.734239
v -22.626905 -49.413470 117.885077
v -23.208823 -50.211090 117.149501
v -23.861670 -51.057590 116.538661
v -24.575551 -51.940139 116.061817
v -25.339643 -52.845358 115.726197
v -26.142363 -53.759525 115.536890
v -26.971544 -54.668781 115.496765
v -27.814615 -55.559344 115.606429
v -28.658797 -56.417713 115.864221
v -29.491293 -57.230877 116.266233
v -30.190229 -59.509824 117.629256
v -30.903680 -60.126501 118.420834
v -31.551460 -60.660704 119.321337
v -32.123749 -61.104335 120.317116
v -32.611872 -61.450669 121.393074
v -33.008430 -61.694456 122.532902
v -33.307411 -61.831999 123.719321
v -33.504283 -61.861215 124.934346
v -33.596062 -61.781661 126.159559
v -33.581356 -61.594541 127.376386
v -33.460389 -61.302693 128.566382
v -33.234994 -60.910541 129.711507
v -32.908587 -60.424030 130.794403
v -32.486117 -59.850534 131.798654
v -31.973988 -59.198748 132.709036
v -31.379964 -58.478551 133.511750
v -30.713048 -57.700861 134.194626
v -29.983352 -56.877467 134.747314
v -29.201936 -56.020851 135.161434
v -28.380646 -55.143998 135.430710
v -27.531931 -54.260200 135.551059
v -26.668658 -53.382856 135.520657
v -25.803913 -52.525264 135.339965
v -24.950804 -51.700425 135.011722
v -24.122263 -50.920842 134.540903
v -23.330852 -50.198334 133.934647
v -22.588565 -49.543852 133.202142
v -21.906657 -48.967318 132.354494
v -21.295463 -48.477472 131.404551
v -20.764250 -48.081739 130.366714
v -20.321068 -47.786118 129.256716
v -19.972638 -47.595090 128.091382
v -19.724240 -47.511552 126.888378
v -19.579640 -47.536769 125.665941
v -19.541031 -47.670360 124.442601
v -19.608996 -47.910299 123.236903
v -19.782507 -48.252948 122.067124
v -20.058932 -48.693115 120.950996
v -20.434082 -49.224125 119.905440
v -20.902269 -49.837931 118.946304
v -21.456397 -50.525226 118.088128
v -22.088065 -51.275593 117.343921
v -22.787698 -52.077656 116.724965
v -23.544690 -52.919257 116.240643
v -24.347566 -53.787639 115.898295
v -25.184155 -54.669637 115.703113
v -26.041775 -55.551881 115.658054
v -26.907426 -56.420998 115.763801
v -27.767986 -57.263812 116.018753
v -28.610408 -58.067547 116.419043
v -29.330632 -60.377369 117.717481
v -30.034395 -61.003823 118.510053
v -30.666194 -61.554155 119.412197
v -31.216449 -62.020024 120.410237
v -31.676820 -62.394367 121.489043
v -32.040328 -62.671509 122.632264
v -32.301462 -62.847249 123.822567
v -32.456265 -62.918924 125.041910
v -32.502389 -62.885446 126.271808
v -32.439135 -62.747324 127.493618
v -32.267462 -62.506650 128.688818
v -31.989972 -62.167074 129.839290
v -31.610873 -61.733742 130.927594
v -31.135910 -61.213225 131.937232
v -30.572284 -60.613412 132.852900
v -29.928538 -59.943396 133.660717
v -29.214432 -59.213333 134.348437
v -28.440790 -58.434291 134.905635
v -27.619340 -57.618079 135.323864
v -26.762534 -56.777070 135.596785
v -25.883360 -55.924014 135.720260
v -24.995147 -55.071840 135.692418
v -24.111357 -54.233468 135.513680
v -23.245390 -53.421606 135.186757
v -22.410371 -52.648562 134.716603
v -21.618960 -51.926054 134.110347
v -20.883152 -51.265034 133.377177
v -20.214102 -50.675522 132.528209
v -19.621952 -50.166456 131.576312
v -19.115679 -49.745552 130.535916
v -18.702957 -49.419191 129.422791
v -18.390042 -49.192319 128.253812
v -18.181678 -49.068376 127.046699
v -18.081024 -49.049242 125.819752
v -18.089605 -49.135205 124.591568
v -18.207292 -49.324963 123.380767
v -18.432300 -49.615639 122.205702
v -18.761218 -50.002827 121.084187
v -19.189061 -50.480658 120.033222
v -19.709342 -51.041888 119.068740
v -20.314175 -51.678009 118.205360
v -20.994391 -52.379378 117.456171
v -21.739679 -53.135365 116.832529
v -22.538741 -53.934507 116.343888
v -23.379463 -54.764692 115.997657
v -24.249103 -55.613335 115.799082
v -25.134475 -56.467570 115.751175
v -26.022160 -57.314449 115.854661
v -26.898701 -58.141134 116.107972
v -27.750810 -58.935093 116.507268
v -26.911076 -63.132480 117.592574
v -27.587573 -63.789981 118.383738
v -28.174387 -64.391536 119.283560
v -28.662622 -64.928026 120.278398
v -29.044877 -65.391319 121.353172
v -29.315357 -65.774390 122.491590
v -29.469962 -66.071434 123.676394
v -29.506349 -66.277947 124.889624
v -29.423965 -66.390799 126.112888
v -29.224060 -66.408279 127.327643
v -28.909664 -66.330122 128.515475
v -28.485543 -66.157513 129.658377
v -27.958126 -65.893068 130.739025
v -27.335409 -65.540796 131.741036
v -26.626830 -65.106038 132.649221
v -25.843132 -64.595384 133.449812
v -24.996195 -64.016574 134.130675
v -24.098856 -63.378383 134.681487
v -23.164719 -62.690485 135.093899
v -22.207945 -61.963309 135.361659
v -21.243037 -61.207877 135.480709
v -20.284622 -60.435640 135.449242
v -19.347229 -59.658306 135.267738
v -18.445068 -58.887658 134.938946
v -17.591814 -58.135377 134.467851
v -16.800403 -57.412869 133.861594
v -16.082830 -56.731085 133.129366
v -15.449974 -56.100360 132.282267
v -14.911428 -55.530256 131.333137
v -14.475356 -55.029415 130.296364
v -14.148368 -54.605429 129.187665
v -13.935422 -54.264725 128.023847
v -13.839744 -54.012468 126.822552
v -13.862787 -53.852483 125.601990
v -14.004199 -53.787193 124.380663
v -14.261838 -53.817589 123.177087
v -14.631798 -53.943210 122.009505
v -15.108471 -54.162153 120.895618
v -15.684631 -54.471097 119.852310
v -16.351544 -54.865359 118.895397
v -17.099100 -55.338964 118.039385
v -17.915968 -55.884731 117.297250
v -18.789763 -56.494388 116.680243
v -19.707241 -57.158692 116.197715
v -20.654493 -57.867574 115.856983
v -21.617160 -58.610287 115.663211
v -22.580648 -59.375572 115.619336
v -23.530354 -60.151830 115.726024
v -24.451879 -60.927292 115.981657
v -25.331254 -61.690203 116.382361
v -26.167638 -64.090286 117.421594
v -26.835757 -64.758581 118.210832
v -27.408750 -65.377943 119.107475
v -27.877928 -65.938985 120.097930
v -28.236181 -66.433200 121.167184
v -28.478077 -66.853098 122.299028
v -28.599950 -67.192312 123.476304
v -28.599952 -67.445701 124.681166
v -28.478082 -67.609424 125.895349
v -28.236190 -67.680999 127.100448
v -27.877940 -67.659340 128.278194
v -27.408765 -67.544777 129.410734
v -26.835776 -67.339045 130.480901
v -26.167659 -67.045264 131.472470
v -25.414542 -66.667886 132.370412
v -24.587842 -66.212633 133.161114
v -23.700090 -65.686406 133.832590
v -22.764745 -65.097182 134.374661
v -21.795984 -64.453892 134.779110
v -20.808493 -63.766289 135.039806
v -19.817242 -63.044796 135.152797
v -18.837257 -62.300349 135.116370
v -17.883394 -61.544235 134.931077
v -16.970112 -60.787914 134.599727
v -16.111255 -60.042852 134.127344
v -15.319843 -59.320344 133.521087
v -14.607873 -58.631341 132.790148
v -13.986138 -57.986289 131.945606
v -13.464063 -57.394965 131.000264
v -13.049561 -56.866334 129.968452
v -12.748916 -56.408409 128.865812
v -12.566686 -56.028132 127.709058
v -12.505633 -55.731267 126.515726
v -12.566682 -55.522315 125.303905
v -12.748909 -55.404443 124.091965
v -13.049550 -55.379437 122.898279
v -13.464049 -55.447678 121.740940
v -13.986121 -55.608130 120.637494
v -14.607853 -55.858361 119.604667
v -15.319821 -56.194578 118.658116
v -16.111230 -56.611684 117.812190
v -16.970085 -57.103356 117.079711
v -17.883366 -57.662142 116.471785
v -18.837228 -58.279570 115.997625
v -19.817213 -58.946281 115.664421
v -20.808464 -59.652168 115.477223
v -21.795955 -60.386531 115.438868
v -22.764716 -61.138237 115.549939
v -23.700063 -61.895892 115.808751
v -24.587816 -62.648009 116.211381
v -25.460452 -65.061927 117.186803
v -26.120602 -65.741172 117.973394
v -26.680446 -66.378599 118.865672
v -27.131498 -66.964546 119.850109
v -27.466919 -67.490131 120.911783
v -27.681625 -67.947387 122.034599
v -27.772361 -68.329381 123.201537
v -27.737753 -68.630324 124.394908
v -27.578324 -68.845652 125.596621
v -27.296491 -68.972103 126.788460
v -26.896526 -69.007759 127.952356
v -26.384494 -68.952080 129.070667
v -25.768154 -68.805909 130.126441
v -25.056852 -68.571463 131.103673
v -24.261368 -68.252295 131.987549
v -23.393763 -67.853244 132.764670
v -22.467188 -67.380359 133.423256
v -21.495688 -66.840809 133.953324
v -20.493991 -66.242771 134.346838
v -19.477282 -65.595313 134.597833
v -18.460973 -64.908249 134.702504
v -17.460469 -64.191994 134.659264
v -16.490939 -63.457406 134.468770
v -15.567078 -62.715620 134.133908
v -14.702891 -61.977881 133.659755
v -13.911479 -61.255372 133.053499
v -13.204839 -60.559047 132.324329
v -12.593683 -59.899460 131.483299
v -12.087275 -59.286610 130.543159
v -11.693291 -58.729788 129.518159
v -11.417705 -58.237434 128.423838
v -11.264694 -57.817011 127.276785
v -11.236576 -57.474894 126.094388
v -11.333780 -57.216268 124.894571
v -11.554830 -57.045053 123.695521
v -11.896376 -56.963846 122.515415
v -12.353241 -56.973877 121.372143
v -12.918499 -57.074994 120.283034
v -13.583582 -57.265664 119.264600
v -14.338406 -57.542997 118.332278
v -15.171531 -57.902788 117.500202
v -16.070326 -58.339585 116.780984
v -17.021167 -58.846765 116.185527
v -18.009640 -59.416639 115.722859
v -19.020761 -60.040570 115.399992
v -20.039202 -60.709099 115.221821
v -21.049524 -61.412092 115.191047
v -22.036413 -62.138893 115.308136
v -22.984908 -62.878483 115.571313
v -23.880631 -63.619651 115.976589
v -24.792149 -66.043789 116.889072
v -25.444768 -66.734099 117.672309
v -25.992187 -67.389781 118.559051
v -26.426108 -68.000896 119.535856
v -26.739953 -68.558181 120.587918
v -26.928964 -69.053187 121.699287
v -26.990276 -69.478411 122.853117
v -26.922959 -69.827407 124.031916
v -26.728035 -70.094885 125.217816
v -26.408458 -70.276789 126.392839
v -25.969072 -70.370362 127.539174
v -25.416539 -70.374186 128.639442
v -24.759233 -70.288203 129.676965
v -24.007119 -70.113716 130.636015
v -23.171599 -69.853371 131.502054
v -22.265337 -69.511113 132.261954
v -21.302073 -69.092131 132.904195
v -20.296407 -68.602777 133.419042
v -19.263585 -68.050468 133.798690
v -18.219264 -67.443577 134.037383
v -17.179274 -66.791305 134.131505
v -16.159380 -66.103537 134.079627
v -15.175044 -65.390701 133.882536
v -14.241186 -64.663603 133.543221
v -13.371963 -63.933264 133.066824
v -12.580551 -63.210755 132.460567
v -11.878948 -62.507030 131.733641
v -11.277788 -61.832756 130.897065
v -10.786186 -61.198153 129.963521
v -10.411593 -60.612843 128.947160
v -10.159687 -60.085698 127.863389
v -10.034288 -59.624708 126.728637
v -10.037295 -59.236862 125.560106
v -10.168665 -58.928040 124.375510
v -10.426404 -58.702922 123.192805
v -10.806607 -58.564922 122.029921
v -11.303509 -58.516130 120.904485
v -11.909578 -58.557288 119.833558
v -12.615627 -58.687770 118.833375
v -13.410953 -58.905600 117.919096
v -14.283499 -59.207474 117.104581
v -15.220038 -59.588817 116.402179
v -16.206374 -60.043848 115.822536
v -17.227554 -60.565669 115.374438
v -18.268099 -61.146371 115.064680
v -19.312235 -61.777149 114.897956
v -20.344134 -62.448442 114.876794
v -21.348154 -63.150074 115.001515
v -22.309074 -63.871410 115.270228
v -23.212327 -64.601513 115.678859
v -24.165215 -67.032220 116.529511
v -24.810769 -67.733668 117.308696
v -25.346532 -68.407727 118.188753
v -25.764383 -69.044179 119.156342
v -26.057987 -69.633375 120.196795
v -26.222893 -70.166385 121.294339
v -26.256602 -70.635128 122.432338
v -26.158603 -71.032499 123.593540
v -25.930381 -71.352474 124.760343
v -25.575396 -71.590203 125.915059
v -25.099029 -71.742081 127.040184
v -24.508502 -71.805807 128.118662
v -23.812765 -71.780414 129.134144
v -23.022367 -71.666287 130.071237
v -22.149287 -71.465157 130.915735
v -21.206763 -71.180072 131.654837
v -20.209080 -70.815354 132.277339
v -19.171363 -70.376532 132.773803
v -18.109343 -69.870258 133.136705
v -17.039119 -69.304206 133.360543
v -15.976914 -68.686957 133.441924
v -14.938831 -68.027868 133.379614
v -13.940605 -67.336930 133.174557
v -12.997368 -66.624618 132.829863
v -12.123420 -65.901728 132.350756
v -11.332008 -65.179219 131.744500
v -10.635130 -64.468045 131.020284
v -10.043349 -63.778984 130.189086
v -9.565636 -63.122484 129.263508
v -9.209233 -62.508495 128.257579
v -8.979542 -61.946326 127.186549
v -8.880045 -61.444498 126.066653
v -8.912251 -61.010618 124.914868
v -9.075672 -60.651263 123.748653
v -9.367829 -60.371881 122.585688
v -9.784295 -60.176708 121.443602
v -10.318756 -60.068701 120.339707
v -10.963110 -60.049498 119.290737
v -11.707590 -60.119391 118.312594
v -12.540909 -60.277318 117.420106
v -13.450436 -60.520888 116.626801
v -14.422384 -60.846407 115.944706
v -15.442017 -61.248940 115.384160
v -16.493881 -61.722386 114.953660
v -17.562029 -62.259568 114.659732
v -18.630269 -62.852343 114.506833
v -19.682409 -63.491725 114.497280
v -20.702499 -64.168021 114.631217
v -21.675074 -64.870979 114.906615
v -22.585393 -65.589944 115.319298
v -23.581981 -68.023542 116.109457
v -24.220963 -68.736161 116.883908
v -24.745883 -69.428651 117.756155
v -25.148784 -70.090513 118.712977
v -25.423558 -70.711715 119.739868
v -25.566040 -71.282839 120.821262
v -25.574070 -71.795229 121.940767
v -25.447527 -72.241116 123.081411
v -25.188328 -72.613742 124.225904
v -24.800404 -72.907458 125.356896
v -24.289633 -73.117812 126.457243
v -23.663760 -73.241614 127.510264
v -22.932272 -73.276989 128.499997
v -22.106257 -73.223399 129.411439
v -21.198237 -73.081658 130.230772
v -20.221977 -72.853913 130.945577
v -19.192275 -72.543618 131.545018
v -18.124741 -72.155476 132.020008
v -17.035558 -71.695370 132.363347
v -15.941237 -71.170277 132.569829
v -14.858366 -70.588154 132.636326
v -13.803360 -69.957828 132.561828
v -12.792213 -69.288852 132.347466
v -11.840252 -68.591368 131.996488
v -10.961909 -67.875950 131.514216
v -10.170497 -67.153441 130.907959
v -9.478014 -66.434796 130.186909
v -8.894957 -65.730906 129.361995
v -8.430166 -65.052444 128.445722
v -8.090684 -64.409693 127.451981
v -7.881660 -63.812397 126.395835
v -7.806261 -63.269610 125.293295
v -7.865630 -62.789561 124.161073
v -8.058867 -62.379527 123.016333
v -8.383044 -62.045723 121.876428
v -8.833245 -61.793209 120.758639
v -9.402647 -61.625813 119.679909
v -10.082617 -61.546073 118.656591
v -10.862848 -61.555198 117.704197
v -11.731513 -61.653049 116.837165
v -12.675444 -61.838143 116.068638
v -13.680331 -62.107675 115.410266
v -14.730941 -62.457557 114.872030
v -15.811349 -62.882487 114.462088
v -16.905176 -63.376022 114.186655
v -17.995840 -63.930682 114.049906
v -19.066810 -64.538059 114.053915
v -20.101849 -65.188945 114.198619
v -21.085269 -65.873472 114.481826
v -22.002160 -66.581266 114.899243
v -23.044619 -69.014068 115.630471
v -23.677545 -69.737849 116.399524
v -24.192474 -70.448754 117.262867
v -24.581601 -71.136006 118.207411
v -24.839026 -71.789187 119.218838
v -24.960847 -72.398396 120.281816
v -24.945218 -72.954397 121.380231
v -24.792376 -73.448762 122.497434
v -24.504637 -73.873997 123.616487
v -24.086363 -74.223655 124.720427
v -23.543895 -74.492438 125.792520
v -22.885457 -74.676268 126.816513
v -22.121029 -74.772362 127.776885
v -21.262199 -74.779260 128.659076
v -20.321986 -74.696860 129.449714
v -19.314643 -74.526410 130.136813
v -18.255441 -74.270493 130.709959
v -17.160435 -73.932990 131.160461
v -16.046226 -73.519017 131.481492
v -14.929702 -73.034848 131.668184
v -13.827790 -72.487824 131.717708
v -12.757194 -71.886237 131.629314
v -11.734142 -71.239206 131.404339
v -10.774142 -70.556539 131.046197
v -9.891749 -69.848586 130.560314
v -9.100337 -69.126077 129.954058
v -8.411904 -68.399966 129.236617
v -7.836886 -67.681260 128.418868
v -7.383999 -66.980853 127.513208
v -7.060109 -66.309363 126.533364
v -6.870125 -65.676968 125.494190
v -6.816928 -65.093256 124.411440
v -6.901324 -64.567076 123.301526
v -7.122033 -64.106402 122.181273
v -7.475710 -63.718219 121.067665
v -7.956994 -63.408411 119.977581
v -8.558588 -63.181674 118.927546
v -9.271374 -63.041446 117.933478
v -10.084545 -62.989852 117.010446
v -10.985776 -63.027675 116.172442
v -11.961404 -63.154341 115.432169
v -12.996640 -63.367929 114.800849
v -14.075790 -63.665203 114.288053
v -15.182497 -64.041655 113.901553
v -16.299983 -64.491579 113.647209
v -17.411309 -65.008155 113.528876
v -18.499627 -65.583552 113.548349
v -19.548441 -66.209048 113.705331
v -20.541851 -66.875160 113.997443
v -21.464797 -67.571791 114.420258
v -22.555126 -70.000112 115.094337
v -23.182536 -70.735005 115.857348
v -23.688365 -71.464243 116.710723
v -24.064944 -72.176770 117.641524
v -24.306566 -72.861786 118.635642
v -24.409567 -73.508906 119.678007
v -24.372387 -74.108321 120.752817
v -24.195588 -74.650944 121.843780
v -23.881851 -75.128550 122.934358
v -23.435932 -75.533898 124.008019
v -22.864590 -75.860844 125.048486
v -22.176487 -76.104432 126.039989
v -21.382053 -76.260969 126.967495
v -20.493331 -76.328082 127.816947
v -19.523794 -76.304755 128.575466
v -18.488138 -76.191339 129.231554
v -17.402063 -75.989556 129.775266
v -16.282033 -75.702463 130.198359
v -15.145026 -75.334412 130.494421
v -14.008278 -74.890984 130.658962
v -12.889021 -74.378899 130.689489
v -11.804222 -73.805921 130.585538
v -10.770326 -73.180735 130.348686
v -9.803005 -72.512819 129.982524
v -8.916922 -71.812297 129.492601
v -8.125510 -71.089788 128.886344
v -7.440766 -70.356246 128.172944
v -6.873070 -69.622790 127.363215
v -6.431028 -68.900537 126.469432
v -6.121340 -68.200438 125.505144
v -5.948701 -67.533104 124.484968
v -5.915728 -66.908652 123.424368
v -6.022921 -66.336548 122.339424
v -6.268655 -65.825464 121.246581
v -6.649205 -65.383148 120.162405
v -7.158802 -65.016305 119.103332
v -7.789721 -64.730496 118.085417
v -8.532398 -64.530054 117.124089
v -9.375575 -64.418016 116.233921
v -10.306470 -64.396082 115.428408
v -11.310972 -64.464583 114.719761
v -12.373854 -64.622482 114.118721
v -13.479002 -64.867385 113.634399
v -14.609665 -65.195579 113.274139
v -15.748703 -65.602089 113.043400
v -16.878849 -66.080754 112.945681
v -17.982971 -66.624316 112.982462
v -19.044331 -67.224536 113.153187
v -20.046842 -67.872316 113.455267
v -20.975305 -68.557836 113.884124
v -22.115324 -70.978006 114.503048
v -22.737778 -71.723920 115.259397
v -23.235430 -72.471338 116.101778
v -23.600736 -73.208932 117.017423
v -23.828158 -73.925519 117.992451
v -23.914250 -74.610238 119.012081
v -23.857706 -75.252708 120.060858
v -23.659383 -75.843190 121.122883
v -23.322287 -76.372734 122.182056
v -22.851529 -76.833311 123.222322
v -22.254244 -77.217941 124.227911
v -21.539488 -77.520792 125.183580
v -20.718094 -77.737273 126.074841
v -19.802515 -77.864104 126.888184
v -18.806630 -77.899360 127.611280
v -17.745535 -77.842508 128.233167
v -16.635315 -77.694410 128.744417
v -15.492801 -77.457311 129.137282
v -14.335311 -77.134804 129.405805
v -13.180392 -76.731779 129.545916
v -12.045551 -76.254345 129.555491
v -10.947992 -75.709740 129.434385
v -9.904352 -75.106219 129.184434
v -8.930452 -74.452931 128.809426
v -8.041054 -73.759778 128.315047
v -7.249643 -73.037270 127.708790
v -6.568213 -72.296358 126.999846
v -6.007096 -71.548273 126.198963
v -5.574797 -70.804356 125.318279
v -5.277870 -70.075884 124.371146
v -5.120815 -69.373899 123.371922
v -5.106013 -68.709044 122.335753
v -5.233689 -68.091396 121.278346
v -5.501907 -67.530319 120.215732
v -5.906602 -67.034318 119.164018
v -6.441638 -66.610911 118.139146
v -7.098905 -66.266518 117.156654
v -7.868439 -66.006358 116.231434
v -8.738576 -65.834376 115.377512
v -9.696124 -65.753179 114.607833
v -10.726569 -65.763997 113.934064
v -11.814289 -65.866666 113.366419
v -12.942797 -66.059631 112.913502
v -14.094984 -66.339966 112.582180
v -15.253386 -66.703421 112.377474
v -16.400441 -67.144487 112.302489
v -17.518762 -67.656478 112.358361
v -18.591396 -68.231632 112.544242
v -19.602083 -68.861231 112.857315
v -20.535503 -69.535730 113.292835
v -21.726849 -71.944114 113.858805
v -22.344925 -72.700914 114.607893
v -22.835354 -73.466294 115.438297
v -23.190703 -74.228652 116.337428
v -23.405583 -74.976431 117.291656
v -23.476739 -75.698294 118.286517
v -23.403090 -76.383301 119.306928
v -23.185755 -77.021066 120.337423
v -22.828026 -77.601921 121.362379
v -22.335328 -78.117062 122.366260
v -21.715128 -78.558680 123.333847
v -20.976829 -78.920079 124.250472
v -20.131622 -79.195783 125.102242
v -19.192320 -79.381610 125.876243
v -18.173162 -79.474745 126.560743
v -17.089597 -79.473775 127.145365
v -15.958050 -79.378715 127.621248
v -14.795675 -79.191007 127.981176
v -13.620093 -78.913495 128.219695
v -12.449123 -78.550386 128.333188
v -11.300518 -78.107185 128.319935
v -10.191687 -77.590610 128.180137
v -9.139441 -77.008493 127.915912
v -8.159729 -76.369656 127.531267
v -7.267404 -75.683785 127.032033
v -6.475992 -74.961277 126.425776
v -5.797491 -74.213084 125.721688
v -5.242185 -73.450547 124.930441
v -4.818492 -72.685226 124.064031
v -4.532836 -71.928724 123.135590
v -4.389546 -71.192506 122.159194
v -4.390795 -70.487734 121.149643
v -4.536564 -69.825092 120.122241
v -4.824642 -69.214624 119.092562
v -5.250663 -68.665584 118.076216
v -5.808170 -68.186296 117.088610
v -6.488710 -67.784024 116.144713
v -7.281967 -67.464867 115.258835
v -8.175917 -67.233663 114.444405
v -9.157008 -67.093917 113.713769
v -10.210368 -67.047747 113.078002
v -11.320029 -67.095853 112.546742
v -12.469169 -67.237506 112.128042
v -13.640369 -67.470559 111.828250
v -14.815874 -67.791478 111.651910
v -15.977866 -68.195399 111.601694
v -17.108729 -68.676198 111.678366
v -18.191321 -69.226588 111.880761
v -19.209230 -69.838225 112.205812
v -20.147027 -70.501838 112.648591
v -21.391145 -72.894840 113.164003
v -22.005438 -73.662354 113.905262
v -22.489626 -74.445410 114.722747
v -22.836370 -75.232138 115.604069
v -23.040412 -76.010611 116.535865
v -23.098660 -76.769028 117.504012
v -23.010232 -77.495893 118.493833
v -22.776466 -78.180188 119.490323
v -22.400908 -78.811539 120.478377
v -21.889250 -79.380375 121.443016
v -21.249248 -79.878073 122.369619
v -20.490604 -80.297089 123.244138
v -19.624819 -80.631071 124.053316
v -18.665017 -80.874957 124.784888
v -17.625747 -81.025048 125.427764
v -16.522764 -81.079070 125.972197
v -15.372787 -81.036204 126.409935
v -14.193250 -80.897100 126.734343
v -13.002033 -80.663867 126.940503
v -11.817193 -80.340039 127.025289
v -10.656692 -79.930526 126.987416
v -9.538122 -79.441536 126.827459
v -8.478438 -78.880481 126.547842
v -7.493705 -78.255866 126.152803
v -6.598850 -77.577161 125.648332
v -5.807438 -76.854652 125.042076
v -5.131466 -76.099293 124.343224
v -4.581182 -75.322535 123.562371
v -4.164927 -74.536152 122.711353
v -3.889011 -73.752064 121.803071
v -3.757616 -72.982159 120.851295
v -3.772735 -72.238106 119.870451
v -3.934138 -71.531186 118.875408
v -4.239379 -70.872113 117.881250
v -4.683830 -70.270879 116.903048
v -5.260755 -69.736599 115.955630
v -5.961406 -69.277371 115.053358
v -6.775164 -68.900156 114.209910
v -7.689692 -68.610673 113.438070
v -8.691128 -68.413310 112.749541
v -9.764290 -68.311060 112.154758
v -10.892910 -68.305471 111.662739
v -12.059880 -68.396629 111.280942
v -13.247510 -68.583151 111.015154
v -14.437796 -68.862211 110.869405
v -15.612695 -69.229578 110.845904
v -16.754396 -69.679684 110.945007
v -17.845593 -70.205704 111.165212
v -18.869744 -70.799665 111.503180
v -19.811324 -71.452564 111.953790
v -21.109463 -73.826648 112.421228
v -21.720582 -74.604663 113.154116
v -22.199533 -75.405043 113.957792
v -22.539056 -76.215655 114.820074
v -22.734004 -77.024212 115.727890
v -22.781422 -77.818456 116.667478
v -22.680591 -78.586347 117.624596
v -22.433040 -79.316246 118.584734
v -22.042521 -79.997086 119.533337
v -21.514954 -80.618549 120.456027
v -20.858336 -81.171212 121.338815
v -20.082622 -81.646698 122.168319
v -19.199570 -82.037800 122.931966
v -18.222566 -82.338588 123.618179
v -17.166421 -82.544502 124.216556
v -16.047144 -82.652422 124.718026
v -14.881704 -82.660712 125.114986
v -13.687766 -82.569245 125.401421
v -12.483430 -82.379409 125.572987
v -11.286952 -82.094080 125.627084
v -10.116470 -81.717585 125.562892
v -8.989727 -81.255630 125.381384
v -7.923802 -80.715219 125.085311
v -6.934856 -80.104543 124.679161
v -6.037878 -79.432860 124.169092
v -5.246466 -78.710352 123.562836
v -4.572617 -77.947971 122.869582
v -4.026547 -77.157273 122.099840
v -3.616532 -76.350247 121.265278
v -3.348789 -75.539124 120.378547
v -3.227375 -74.736200 119.453090
v -3.254132 -73.953648 118.502935
v -3.428655 -73.203330 117.542485
v -3.748296 -72.496621 116.586301
v -4.208211 -71.844232 115.648877
v -4.801429 -71.256053 114.744422
v -5.518955 -70.741002 113.886649
v -6.349915 -70.306884 113.088560
v -7.281710 -69.960282 112.362252
v -8.300216 -69.706449 111.718737
v -9.389994 -69.549234 111.167769
v -10.534523 -69.491019 110.717700
v -11.716454 -69.532686 110.375353
v -12.917870 -69.673605 110.145917
v -14.120558 -69.911639 110.032871
v -15.306287 -70.243180 110.037928
v -16.457082 -70.663201 110.161012
v -17.555499 -71.165337 110.400256
v -18.584887 -71.741974 110.752035
v -19.529642 -72.384372 111.211015
v -20.882849 -74.736071 111.633243
v -21.491414 -75.524335 112.357251
v -21.966152 -76.341623 113.146277
v -22.299866 -77.175546 113.988360
v -22.487498 -78.013464 114.870736
v -22.526203 -78.842674 115.780027
v -22.415395 -79.650605 116.702451
v -22.156753 -80.425012 117.624024
v -21.754198 -81.154154 118.530776
v -21.213832 -81.826979 119.408962
v -20.543847 -82.433286 120.245269
v -19.754400 -82.963886 121.027020
v -18.857456 -83.410735 121.742363
v -17.866614 -83.767058 122.380457
v -16.796892 -84.027455 122.931626
v -15.664508 -84.187979 123.387517
v -14.486627 -84.246195 123.741218
v -13.281104 -84.201221 123.987368
v -12.066214 -84.053739 124.122235
v -10.860373 -83.805985 124.143775
v -9.681861 -83.461714 124.051662
v -8.548542 -83.026146 123.847291
v -7.477598 -82.505882 123.533760
v -6.485261 -81.908811 123.115824
v -5.586575 -81.243981 122.599816
v -4.795163 -80.521473 121.993559
v -4.123023 -79.752238 121.306244
v -3.580342 -78.947937 120.548289
v -3.175348 -78.120762 119.731185
v -2.914179 -77.283253 118.867317
v -2.800796 -76.448105 117.969781
v -2.836916 -75.627979 117.052183
v -3.021992 -74.835306 116.128433
v -3.353219 -74.082103 115.212533
v -3.825575 -73.379788 114.318368
v -4.431900 -72.739006 113.459493
v -5.163003 -72.169472 112.648926
v -6.007801 -71.679819 111.898957
v -6.953488 -71.277470 111.220952
v -7.985727 -70.968524 110.625191
v -9.088872 -70.757664 110.120704
v -10.246200 -70.648087 109.715139
v -11.440167 -70.641453 109.414643
v -12.652673 -70.737864 109.223773
v -13.865339 -70.935857 109.145420
v -15.059781 -71.232432 109.180774
v -16.217893 -71.623092 109.329298
v -17.322119 -72.101916 109.588741
v -18.355720 -72.661646 109.955169
v -19.303028 -73.293795 110.423029
v -20.712147 -75.619727 110.802978
v -21.318788 -76.417949 111.517630
v -21.790352 -77.251666 112.291220
v -22.119691 -78.108240 113.112021
v -22.301812 -78.974686 113.967591
v -22.333954 -79.837871 114.844961
v -22.215630 -80.684709 115.730829
v -21.948633 -81.502363 116.611768
v -21.537012 -82.278438 117.474423
v -20.987005 -83.001169 118.305718
v -20.306951 -83.659601 119.093049
v -19.507159 -84.243753 119.824484
v -18.599751 -84.744769 120.488933
v -17.598484 -85.155055 121.076325
v -16.518537 -85.468391 121.577754
v -15.376279 -85.680026 121.985621
v -14.189026 -85.786754 122.293741
v -12.974776 -85.786956 122.497445
v -11.751936 -85.680629 122.593644
v -10.539042 -85.469385 122.580880
v -9.354481 -85.156426 122.459347
v -8.216210 -84.746496 122.230887
v -7.141484 -84.245809 121.898962
v -6.146593 -83.661956 121.468606
v -5.246621 -83.003786 120.946341
v -4.455209 -82.281278 120.340084
v -3.784355 -81.505383 119.659026
v -3.244228 -80.687863 118.913491
v -2.843016 -79.841112 118.114781
v -2.586800 -78.977964 117.275002
v -2.479465 -78.111505 116.406886
v -2.522638 -77.254869 115.523592
v -2.715664 -76.421042 114.638509
v -3.055618 -75.622663 113.765056
v -3.537346 -74.871836 112.916472
v -4.153545 -74.179942 112.105621
v -4.894874 -73.557469 111.344794
v -5.750096 -73.013854 110.645526
v -6.706247 -72.557337 110.018417
v -7.748831 -72.194839 109.472972
v -8.862046 -71.931854 109.017460
v -10.029014 -71.772370 108.658786
v -11.232047 -71.718804 108.402387
v -12.452908 -71.771967 108.252151
v -13.673089 -71.931055 108.210354
v -14.874094 -72.193654 108.277630
v -16.037717 -72.555786 108.452959
v -17.146319 -73.011959 108.733684
v -18.183094 -73.555260 109.115549
v -19.132326 -74.177451 109.592765
v -20.597991 -76.474329 109.933523
v -21.203346 -77.282180 110.638377
v -21.672788 -78.131786 111.395803
v -21.999201 -79.010266 112.194317
v -22.177636 -79.904304 113.021817
v -22.205389 -80.800347 113.865757
v -22.082038 -81.684811 114.713345
v -21.809455 -82.544290 115.551732
v -21.391771 -83.365755 116.368208
v -20.835317 -84.136752 117.150398
v -20.148529 -84.845595 117.886443
v -19.341818 -85.481538 118.565186
v -18.427413 -86.034940 119.176338
v -17.419176 -86.497414 119.710635
v -16.332389 -86.861948 120.159976
v -15.183528 -87.123015 120.517552
v -13.990008 -87.276660 120.777940
v -12.769922 -87.320552 120.937194
v -11.541765 -87.254027 120.992900
v -10.324155 -87.078092 120.944213
v -9.135549 -86.795414 120.791872
v -7.993966 -86.410280 120.538185
v -6.916710 -85.928526 120.186998
v -5.920113 -85.357457 119.743636
v -5.019280 -84.705728 119.214818
v -4.227868 -83.983220 118.608561
v -3.557874 -83.200884 117.934056
v -3.019455 -82.370581 117.201527
v -2.620771 -81.504896 116.422079
v -2.367868 -80.616953 115.607527
v -2.264578 -79.720212 114.770219
v -2.312468 -78.828266 113.922848
v -2.510810 -77.954638 113.078259
v -2.856600 -77.112569 112.249255
v -3.344595 -76.314825 111.448403
v -3.967397 -75.573498 110.687843
v -4.715565 -74.899828 109.979104
v -5.577758 -74.304025 109.332931
v -6.540907 -73.795122 108.759119
v -7.590409 -73.380832 108.266365
v -8.710357 -73.067437 107.862140
v -9.883773 -72.859687 107.552571
v -11.092869 -72.760731 107.342351
v -12.319317 -72.772069 107.234666
v -13.544524 -72.893530 107.231150
v -14.749919 -73.123272 107.331855
v -15.917227 -73.457812 107.535255
v -17.028755 -73.892080 107.838267
v -18.067652 -74.419492 108.236296
v -19.018170 -75.032052 108.723310
v -20.597991 -78.832623 107.123018
v -21.203346 -79.667050 107.796200
v -21.672788 -80.560501 108.501373
v -21.999201 -81.499431 109.227846
v -22.177636 -82.469607 109.964608
v -22.205389 -83.456322 110.700489
v -22.082038 -84.444619 111.424335
v -21.809455 -85.419515 112.125172
v -21.391771 -86.366234 112.792377
v -20.835317 -87.270422 113.415835
v -20.148529 -88.118374 113.986096
v -19.341818 -88.897236 114.494515
v -18.427413 -89.595201 114.933385
v -17.419176 -90.201688 115.296053
v -16.332389 -90.707504 115.577021
v -15.183528 -91.104981 115.772030
v -13.990008 -91.388093 115.878125
v -12.769922 -91.552550 115.893696
v -11.541765 -91.595857 115.818508
v -10.324155 -91.517359 115.653700
v -9.135549 -91.318246 115.401771
v -7.993966 -91.001535 115.066540
v -6.916710 -90.572028 114.653088
v -5.920113 -90.036236 114.167684
v -5.019280 -89.402281 113.617684
v -4.227868 -88.679772 113.011428
v -3.557874 -87.879663 112.358104
v -3.019455 -87.014083 111.667617
v -2.620771 -86.096151 110.950434
v -2.367868 -85.139784 110.217426
v -2.264578 -84.159480 109.479706
v -2.312468 -83.170097 108.748455
v -2.510810 -82.186635 108.034760
v -2.856600 -81.224002 107.349439
v -3.344595 -80.296790 106.702881
v -3.967397 -79.419055 106.104887
v -4.715565 -78.604102 105.564523
v -5.577758 -77.864285 105.089978
v -6.540907 -77.210820 104.688448
v -7.590409 -76.653612 104.366018
v -8.710357 -76.201107 104.127577
v -9.883773 -75.860166 103.976739
v -11.092869 -75.635956 103.915791
v -12.319317 -75.531877 103.945656
v -13.544524 -75.549505 104.065882
v -14.749919 -75.688575 104.274646
v -15.917227 -75.946977 104.568784
v -17.028755 -76.320795 104.943837
v -18.067652 -76.804361 105.394119
v -19.018170 -77.390346 105.912805
v -20.712147 -79.540468 106.130421
v -21.318788 -80.382873 106.792418
v -21.790352 -81.289484 107.479136
v -22.119691 -82.246558 108.180166
v -22.301812 -83.239587 108.884881
v -22.333954 -84.253517 109.582599
v -22.215630 -85.272979 110.262742
v -21.948633 -86.282519 110.915000
v -21.537012 -87.266832 111.529486
v -20.987005 -88.210998 112.096885
v -20.306951 -89.100704 112.608596
v -19.507159 -89.922464 113.056860
v -18.599751 -90.663819 113.434885
v -17.598484 -91.313532 113.736938
v -16.518537 -91.861754 113.958441
v -15.376279 -92.300174 114.096036
v -14.189026 -92.622146 114.147638
v -12.974776 -92.822791 114.112464
v -11.751936 -92.899065 113.991047
v -10.539042 -92.849813 113.785229
v -9.354481 -92.675781 113.498128
v -8.216210 -92.379608 113.134098
v -7.141484 -91.965783 112.698656
v -6.146593 -91.440579 112.198403
v -5.246621 -90.811959 111.640923
v -4.455209 -90.089450 111.034666
v -3.784355 -89.284007 110.388823
v -3.244228 -88.407837 109.713185
v -2.843016 -87.474224 109.017992
v -2.586800 -86.497320 108.313783
v -2.479465 -85.491933 107.611234
v -2.522638 -84.473305 106.920995
v -2.715664 -83.456876 106.253528
v -3.055618 -82.458055 105.618953
v -3.537346 -81.491983 105.026887
v -4.153545 -80.573305 104.486307
v -4.894874 -79.715946 104.005408
v -5.750096 -78.932903 103.591478
v -6.706247 -78.236048 103.250793
v -7.748831 -77.635942 102.988518
v -8.862046 -77.141683 102.808627
v -10.029014 -76.760764 102.713849
v -11.232047 -76.498960 102.705619
v -12.452908 -76.360237 102.784063
v -13.673089 -76.346701 102.947992
v -14.874094 -76.458555 103.194920
v -16.037717 -76.694104 103.521104
v -17.146319 -77.049777 103.921600
v -18.183094 -77.520184 104.390336
v -19.132326 -78.098192 104.920208
v -20.882849 -80.204674 105.116016
v -21.491414 -81.054563 105.766581
v -21.966152 -81.973523 106.434440
v -22.299866 -82.947623 107.109468
v -22.487498 -83.962096 107.781433
v -22.526203 -85.001564 108.440148
v -22.415395 -86.050270 109.075628
v -22.156753 -87.092316 109.678240
v -21.754198 -88.111907 110.238849
v -21.213832 -89.093586 110.748957
v -20.543847 -90.022472 111.200830
v -19.754400 -90.884483 111.587619
v -18.857456 -91.666554 111.903461
v -17.866614 -92.356828 112.143568
v -16.796892 -92.944842 112.304299
v -15.664508 -93.421681 112.383219
v -14.486627 -93.780118 112.379131
v -13.281104 -94.014718 112.292097
v -12.066214 -94.121927 112.123436
v -10.860373 -94.100118 111.875706
v -9.681861 -93.949621 111.552661
v -8.548542 -93.672720 111.159198
v -7.477598 -93.273610 110.701283
v -6.485261 -92.758342 110.185856
v -5.586575 -92.134727 109.620731
v -4.795163 -91.412219 109.014474
v -4.123023 -90.601769 108.376276
v -3.580342 -89.715664 107.715812
v -3.175348 -88.767336 107.043092
v -2.914179 -87.771160 106.368316
v -2.800796 -86.742238 105.701712
v -2.836916 -85.696167 105.053384
v -3.021992 -84.648804 104.433161
v -3.353219 -83.616026 103.850446
v -3.825575 -82.613490 103.314070
v -4.431900 -81.656392 102.832166
v -5.163003 -80.759242 102.412038
v -6.007801 -79.935639 102.060054
v -6.953488 -79.198067 101.781552
v -7.985727 -78.557709 101.580752
v -9.088872 -78.024271 101.460699
v -10.246200 -77.605839 101.423212
v -11.440167 -77.308757 101.468860
v -12.652673 -77.137528 101.596950
v -13.865339 -77.094747 101.805541
v -15.059781 -77.181063 102.091471
v -16.217893 -77.395169 102.450406
v -17.322119 -77.733817 102.876904
v -18.355720 -78.191874 103.364500
v -19.303028 -78.762398 103.905802
v -21.109463 -80.822768 104.083576
v -21.720582 -81.679623 104.722507
v -22.199533 -82.610074 105.371170
v -22.539056 -83.600017 106.019734
v -22.734004 -84.634446 106.658366
v -22.781422 -85.697679 107.277386
v -22.680591 -86.773598 107.867410
v -22.433040 -87.845895 108.419493
v -22.042521 -88.898314 108.925267
v -21.514954 -89.914902 109.377065
v -20.858336 -90.880247 109.768037
v -20.082622 -91.779717 110.092258
v -19.199570 -92.599677 110.344812
v -18.222566 -93.327696 110.521870
v -17.166421 -93.952738 110.620750
v -16.047144 -94.465330 110.639951
v -14.881704 -94.857699 110.579183
v -13.687766 -95.123899 110.439367
v -12.483430 -95.259894 110.222622
v -11.286952 -95.263622 109.932235
v -10.116470 -95.135028 109.572606
v -8.989727 -94.876059 109.149189
v -7.923802 -94.490643 108.668400
v -6.934856 -93.984621 108.137529
v -6.037878 -93.365665 107.564623
v -5.246466 -92.643156 106.958366
v -4.572617 -91.828048 106.327949
v -4.026547 -90.932697 105.682929
v -3.616532 -89.970675 105.033083
v -3.348789 -88.956566 104.388262
v -3.227375 -87.905743 103.758241
v -3.254132 -86.834134 103.152570
v -3.428655 -85.757985 102.580431
v -3.748296 -84.693608 102.050498
v -4.208211 -83.657139 101.570802
v -4.801429 -82.664289 101.148616
v -5.518955 -81.730110 100.790340
v -6.349915 -80.868761 100.501405
v -7.281710 -80.093301 100.286190
v -8.300216 -79.415485 100.147959
v -9.389994 -78.845587 100.088807
v -10.534523 -78.392246 100.109630
v -11.716454 -78.062336 100.210112
v -12.917870 -77.860856 100.388731
v -14.120558 -77.790862 100.642779
v -15.306287 -77.853414 100.968405
v -16.457082 -78.047563 101.360672
v -17.555499 -78.370368 101.813634
v -18.584887 -78.816934 102.320425
v -19.529642 -79.380492 102.873363
v -21.391145 -81.392452 103.036943
v -22.005438 -82.255727 103.664079
v -22.489626 -83.196770 104.293283
v -22.836370 -84.201315 104.915019
v -23.040412 -85.254136 105.519860
v -23.098660 -86.339272 106.098639
v -23.010232 -87.440274 106.642581
v -22.776466 -88.540452 107.143441
v -22.400908 -89.623128 107.593626
v -21.889250 -90.671890 107.986312
v -21.249248 -91.670840 108.315547
v -20.490604 -92.604834 108.576338
v -19.624819 -93.459715 108.764734
v -18.665017 -94.222523 108.877878
v -17.625747 -94.881694 108.914055
v -16.522764 -95.427238 108.872717
v -15.372787 -95.850882 108.754490
v -14.193250 -96.146206 108.561166
v -13.002033 -96.308733 108.295677
v -11.817193 -96.335999 107.962046
v -10.656692 -96.227591 107.565331
v -9.538122 -95.985151 107.111546
v -8.478438 -95.612356 106.607570
v -7.493705 -95.114856 106.061042
v -6.598850 -94.500193 105.480248
v -5.807438 -93.777684 104.873991
v -5.131466 -92.958283 104.251462
v -4.581182 -92.054410 103.622098
v -4.164927 -91.079767 102.995440
v -3.889011 -90.049129 102.380986
v -3.757616 -88.978119 101.788051
v -3.772735 -87.882973 101.225624
v -3.934138 -86.780292 100.702231
v -4.239379 -85.686791 100.225804
v -4.683830 -84.619047 99.803568
v -5.260755 -83.593245 99.441922
v -5.961406 -82.624937 99.146348
v -6.775164 -81.728799 98.921327
v -7.689692 -80.918418 98.770271
v -8.691128 -80.206077 98.695469
v -9.764290 -79.602575 98.698054
v -10.892910 -79.117060 98.777989
v -12.059880 -78.756893 98.934060
v -13.247510 -78.527532 99.163902
v -14.437796 -78.432456 99.464032
v -15.612695 -78.473104 99.829899
v -16.754396 -78.648861 100.255957
v -17.845593 -78.957063 100.735748
v -18.869744 -79.393038 101.261998
v -19.811324 -79.950176 101.826730
v -21.726849 -81.911607 101.980010
v -22.344925 -82.780731 102.595235
v -22.835354 -83.731426 103.204789
v -23.190703 -84.749279 103.799432
v -23.405583 -85.818861 104.370150
v -23.476739 -86.923958 104.908292
v -23.403090 -88.047818 105.405698
v -23.185755 -89.173403 105.854831
v -22.828026 -90.283653 106.248880
v -22.335328 -91.361735 106.581873
v -21.715128 -92.391309 106.848762
v -20.976829 -93.356765 107.045500
v -20.131622 -94.243470 107.169107
v -19.192320 -95.037981 107.217707
v -18.173162 -95.728254 107.190565
v -17.089597 -96.303826 107.088091
v -15.958050 -96.755972 106.911839
v -14.795675 -97.077837 106.664482
v -13.620093 -97.264543 106.349767
v -12.449123 -97.313258 105.972467
v -11.300518 -97.223246 105.538301
v -10.191687 -96.995869 105.053850
v -9.139441 -96.634575 104.526458
v -8.159729 -96.144841 103.964120
v -7.267404 -95.534091 103.375360
v -6.475992 -94.811582 102.769104
v -5.797491 -93.988268 102.154540
v -5.242185 -93.076629 101.540987
v -4.818492 -92.090485 100.937744
v -4.532836 -91.044784 100.353956
v -4.389546 -89.955379 99.798473
v -4.390795 -88.838783 99.279715
v -4.536564 -87.711923 98.805546
v -4.824642 -86.591881 98.383154
v -5.250663 -85.495636 98.018942
v -5.808170 -84.439805 97.718431
v -6.488710 -83.440395 97.486177
v -7.281967 -82.512554 97.325700
v -8.175917 -81.670349 97.239433
v -9.157008 -80.926546 97.228684
v -10.210368 -80.292421 97.293615
v -11.320029 -79.777585 97.433242
v -12.469169 -79.389844 97.645450
v -13.640369 -79.135076 97.927020
v -14.815874 -79.017141 98.273685
v -15.977866 -79.037829 98.680189
v -17.108729 -79.196825 99.140370
v -18.191321 -79.491720 99.647253
v -19.209230 -79.918042 100.193153
v -20.147027 -80.469330 100.769796
v -22.115324 -82.378300 100.916708
v -22.737778 -83.252684 101.519950
v -23.235430 -84.212055 102.109736
v -23.600736 -85.241871 102.677124
v -23.828158 -86.326520 103.213513
v -23.914250 -87.449561 103.710772
v -23.857706 -88.593968 104.161363
v -23.659383 -89.742394 104.558456
v -23.322287 -90.877431 104.896032
v -22.851529 -91.981871 105.168972
v -22.254244 -93.038973 105.373139
v -21.539488 -94.032713 105.505439
v -20.718094 -94.948025 105.563866
v -19.802515 -95.771036 105.547533
v -18.806630 -96.489268 105.456690
v -17.745535 -97.091835 105.292713
v -16.635315 -97.569602 105.058087
v -15.492801 -97.915326 104.756369
v -14.335311 -98.123767 104.392133
v -13.180392 -98.191765 103.970901
v -12.045551 -98.118289 103.499058
v -10.947992 -97.904453 102.983756
v -9.904352 -97.553498 102.432807
v -8.930452 -97.070746 101.854564
v -8.041054 -96.463512 101.257790
v -7.249643 -95.741004 100.651534
v -6.568213 -94.914173 100.044984
v -6.007096 -93.995553 99.447336
v -5.574797 -92.999069 98.867650
v -5.277870 -91.939827 98.314713
v -5.120815 -90.833885 97.796907
v -5.106013 -89.698007 97.322081
v -5.233689 -88.549411 96.897434
v -5.501907 -87.405510 96.529401
v -5.906602 -86.283644 96.223564
v -6.441638 -85.200819 95.984557
v -7.098905 -84.173450 95.816003
v -7.868439 -83.217110 95.720459
v -8.738576 -82.346297 95.699371
v -9.696124 -81.574211 95.753061
v -10.726569 -80.912556 95.880714
v -11.814289 -80.371363 96.080394
v -12.942797 -79.958835 96.349075
v -14.094984 -79.681226 96.682685
v -15.253386 -79.542744 97.076165
v -16.400441 -79.545488 97.523551
v -17.518762 -79.689417 98.018062
v -18.591396 -79.972349 98.552200
v -19.602083 -80.389995 99.117869
v -20.535503 -80.936024 99.706494
v -22.555126 -82.790796 99.850993
v -23.182536 -83.669828 100.442226
v -23.688365 -84.636869 101.012198
v -24.064944 -85.677258 101.552269
v -24.306566 -86.775225 102.054251
v -24.409567 -87.914125 102.510535
v -24.372387 -89.076694 102.914205
v -24.195588 -90.245308 103.259140
v -23.881851 -91.402253 103.540113
v -23.435932 -92.529990 103.752864
v -22.864590 -93.611425 103.894168
v -22.176487 -94.630162 103.961883
v -21.382053 -95.570761 103.954982
v -20.493331 -96.418961 103.873570
v -19.523794 -97.161906 103.718881
v -18.488138 -97.788332 103.493260
v -17.402063 -98.288744 103.200128
v -16.282033 -98.655557 102.843927
v -15.145026 -98.883209 102.430057
v -14.008278 -98.968250 101.964793
v -12.889021 -98.909390 101.455188
v -11.804222 -98.707523 100.908965
v -10.770326 -98.365707 100.334406
v -9.803005 -97.889124 99.740220
v -8.916922 -97.285000 99.135415
v -8.125510 -96.562492 98.529159
v -7.440766 -95.732552 97.930641
v -6.873070 -94.807761 97.348935
v -6.431028 -93.802139 96.792859
v -6.121340 -92.730929 96.270843
v -5.948701 -91.610370 95.790799
v -5.915728 -90.457449 95.360005
v -6.022921 -89.289642 94.984991
v -6.268655 -88.124653 94.671442
v -6.649205 -86.980141 94.424111
v -7.158802 -85.873457 94.246747
v -7.789721 -84.821375 94.142040
v -8.532398 -83.839845 94.111575
v -9.375575 -82.943746 94.155815
v -10.306470 -82.146662 94.274090
v -11.310972 -81.460676 94.464606
v -12.373854 -80.896186 94.724476
v -13.479002 -80.461749 95.049759
v -14.609665 -80.163952 95.435526
v -15.748703 -80.007308 95.875928
v -16.878849 -79.994193 96.364289
v -17.982971 -80.124804 96.893207
v -19.044331 -80.397163 97.454662
v -20.046842 -80.807139 98.040145
v -20.975305 -81.348520 98.640780
v -23.044619 -83.147560 98.786831
v -23.677545 -84.030613 99.366072
v -24.192474 -85.004287 99.916259
v -24.581601 -86.053821 100.429052
v -24.839026 -87.163306 100.896677
v -24.960847 -88.315923 101.312046
v -24.945218 -89.494200 101.668862
v -24.792376 -90.680275 101.961716
v -24.504637 -91.856168 102.186170
v -24.086363 -93.004054 102.338819
v -23.543895 -94.106533 102.417351
v -22.885457 -95.146892 102.420574
v -22.121029 -96.109360 102.348441
v -21.262199 -96.979346 102.202044
v -20.321986 -97.743664 101.983602
v -19.314643 -98.390727 101.696428
v -18.255441 -98.910725 101.344874
v -17.160435 -99.295777 100.934269
v -16.046226 -99.540044 100.470839
v -14.929702 -99.639826 99.961607
v -13.827790 -99.593608 99.414293
v -12.757194 -99.402091 98.837195
v -11.734142 -99.068179 98.239060
v -10.774142 -98.596934 97.628956
v -9.891749 -97.995498 97.016131
v -9.100337 -97.272989 96.409874
v -8.411904 -96.440361 95.819376
v -7.836886 -95.510233 95.253589
v -7.383999 -94.496707 94.721089
v -7.060109 -93.415146 94.229949
v -6.870125 -92.281946 93.787613
v -6.816928 -91.114284 93.400786
v -6.901324 -89.929862 93.075334
v -7.122033 -88.746634 92.816189
v -7.475710 -87.582536 92.627279
v -7.956994 -86.455215 92.511469
v -8.558588 -85.381760 92.470513
v -9.271374 -84.378444 92.505034
v -10.084545 -83.460476 92.614507
v -10.985776 -82.641771 92.797273
v -11.961404 -81.934739 93.050561
v -12.996640 -81.350100 93.370532
v -14.075790 -80.896715 93.752336
v -15.182497 -80.581458 94.190184
v -16.299983 -80.409106 94.677439
v -17.411309 -80.382274 95.206715
v -18.499627 -80.501367 95.769990
v -19.548441 -80.764580 96.358723
v -20.541851 -81.167924 96.963990
v -21.464797 -81.705284 97.576617
v -23.581981 -83.447266 97.728179
v -24.220963 -84.333696 98.295489
v -24.745883 -85.312942 98.825994
v -25.148784 -86.370158 99.311651
v -25.423558 -87.489319 99.745097
v -25.566040 -88.653460 100.119763
v -25.574070 -89.844932 100.429968
v -25.447527 -91.045675 100.671011
v -25.188328 -92.237486 100.839237
v -24.800404 -93.402299 100.932096
v -24.289633 -94.522457 100.948181
v -23.663760 -95.580978 100.887247
v -22.932272 -96.561818 100.750219
v -22.106257 -97.450107 100.539173
v -21.198237 -98.232380 100.257309
v -20.221977 -98.896778 99.908900
v -19.192275 -99.433230 99.499227
v -18.124741 -99.833603 99.034501
v -17.035558 -100.091829 98.521765
v -15.941237 -100.203993 97.968793
v -14.858366 -100.168395 97.383968
v -13.803360 -99.985574 96.776154
v -12.792213 -99.658302 96.154565
v -11.840252 -99.191540 95.528624
v -10.961909 -98.592363 94.907820
v -10.170497 -97.869854 94.301564
v -9.478014 -97.034967 93.719045
v -8.894957 -96.100356 93.169094
v -8.430166 -95.080190 92.660048
v -8.090684 -93.989934 92.199623
v -7.881660 -92.846113 91.794799
v -7.806261 -91.666069 91.451713
v -7.865630 -90.467689 91.175565
v -8.058867 -89.269138 90.970542
v -8.383044 -88.088587 90.839751
v -8.833245 -86.943930 90.785176
v -9.402647 -85.852521 90.807643
v -10.082617 -84.830903 90.906812
v -10.862848 -83.894562 91.081180
v -11.731513 -83.057694 91.328103
v -12.675444 -82.332984 91.643838
v -13.680331 -81.731418 92.023599
v -14.730941 -81.262115 92.461630
v -15.811349 -80.932190 92.951290
v -16.905176 -80.746643 93.485156
v -17.995840 -80.708287 94.055136
v -19.066810 -80.817704 94.652589
v -20.101849 -81.073235 95.268458
v -21.085269 -81.471007 95.893408
v -22.002160 -82.004990 96.517965
v -24.165215 -83.688798 96.678975
v -24.810769 -84.577950 97.234463
v -25.346532 -85.561686 97.745461
v -25.764383 -86.625094 98.204223
v -26.057987 -87.752053 98.603796
v -26.222893 -88.925479 98.938121
v -26.256602 -90.127586 99.202132
v -26.158603 -91.340149 99.391825
v -25.930381 -92.544789 99.504326
v -25.575396 -93.723243 99.537928
v -25.099029 -94.857648 99.492123
v -24.508502 -95.930807 99.367605
v -23.812765 -96.926453 99.166262
v -23.022367 -97.829491 98.891144
v -22.149287 -98.626234 98.546424
v -21.206763 -99.304603 98.137327
v -20.209080 -99.854314 97.670054
v -19.171363 -100.267036 97.151688
v -18.109343 -100.536511 96.590088
v -17.039119 -100.658654 95.993766
v -15.976914 -100.631614 95.371763
v -14.938831 -100.455801 94.733507
v -13.940605 -100.133880 94.088674
v -12.997368 -99.670731 93.447039
v -12.123420 -99.073374 92.818327
v -11.332008 -98.350866 92.212071
v -10.635130 -97.514158 91.637459
v -10.043349 -96.575934 91.103203
v -9.565636 -95.550417 90.617402
v -9.209233 -94.453153 90.187418
v -8.979542 -93.300774 89.819772
v -8.880045 -92.110751 89.520035
v -8.912251 -90.901121 89.292752
v -9.075672 -89.690223 89.141368
v -9.367829 -88.496412 89.068178
v -9.784295 -87.337785 89.074291
v -10.318756 -86.231905 89.159614
v -10.963110 -85.195537 89.322855
v -11.707590 -84.244391 89.561538
v -12.540909 -83.392886 89.872045
v -13.450436 -82.653929 90.249670
v -14.422384 -82.038721 90.688688
v -15.442017 -81.556590 91.182444
v -16.493881 -81.214844 91.723453
v -17.562029 -81.018663 92.303514
v -18.630269 -80.971020 92.913834
v -19.682409 -81.072640 93.545161
v -20.702499 -81.321980 94.187925
v -21.675074 -81.715261 94.832381
v -22.585393 -82.246521 95.468762
v -24.792149 -83.871257 95.643124
v -25.444768 -84.762465 96.186938
v -25.992187 -85.749594 96.678678
v -26.426108 -86.817678 97.110888
v -26.739953 -87.950528 97.477018
v -26.928964 -89.130970 97.771517
v -26.990276 -90.341110 97.989921
v -26.922959 -91.562604 98.128918
v -26.728035 -92.776934 98.186403
v -26.408458 -93.965693 98.161503
v -25.969072 -95.110861 98.054596
v -25.416539 -96.195078 97.867302
v -24.759233 -97.201907 97.602461
v -24.007119 -98.116088 97.264088
v -23.171599 -98.923762 96.857311
v -22.265337 -99.612684 96.388298
v -21.302073 -100.172413 95.864158
v -20.296407 -100.594463 95.292836
v -19.263585 -100.872435 94.682992
v -18.219264 -101.002117 94.043873
v -17.179274 -100.981543 93.385166
v -16.159380 -100.811024 92.716855
v -15.175044 -100.493145 92.049074
v -14.241186 -100.032725 91.391943
v -13.371963 -99.436743 90.755425
v -12.580551 -98.714235 90.149168
v -11.878948 -97.876152 89.582363
v -11.277788 -96.935199 89.063603
v -10.786186 -95.905640 88.600750
v -10.411593 -94.803081 88.200821
v -10.159687 -93.644237 87.869879
v -10.034288 -92.446675 87.612940
v -10.037295 -91.228548 87.433900
v -10.168665 -90.008322 87.335472
v -10.426404 -88.804494 87.319149
v -10.806607 -87.635313 87.385178
v -11.303509 -86.518502 87.532558
v -11.909578 -85.470992 87.759055
v -12.615627 -84.508661 88.061235
v -13.410953 -83.646098 88.434518
v -14.283499 -82.896378 88.873245
v -15.220038 -82.270866 89.370765
v -16.206374 -81.779044 89.919537
v -17.227554 -81.428368 90.511242
v -18.268099 -81.224153 91.136910
v -19.312235 -81.169496 91.787057
v -20.344134 -81.265225 92.451826
v -21.348154 -81.509888 93.121142
v -22.309074 -81.899776 93.784857
v -23.212327 -82.428981 94.432911
v -25.460452 -83.993965 94.624478
v -26.120602 -84.886557 95.156813
v -26.680446 -85.875966 95.629614
v -27.131498 -86.947196 96.035714
v -27.466919 -88.084008 96.368956
v -27.681625 -89.269168 96.624290
v -27.772361 -90.484710 96.797844
v -27.737753 -91.712209 96.886988
v -27.578324 -92.933057 96.890370
v -27.296491 -94.128747 96.807939
v -26.896526 -95.281152 96.640945
v -26.384494 -96.372806 96.391919
v -25.768154 -97.387158 96.064636
v -25.056852 -98.308832 95.664057
v -24.261368 -99.123856 95.196255
v -23.393763 -99.819877 94.668320
v -22.467188 -100.386342 94.088257
v -21.495688 -100.814665 93.464858
v -20.493991 -101.098352 92.807574
v -19.477282 -101.233104 92.126367
v -18.460973 -101.216878 91.431565
v -17.460469 -101.049919 90.733700
v -16.490939 -100.734759 90.043351
v -15.567078 -100.276174 89.370982
v -14.702891 -99.681118 88.726787
v -13.911479 -98.958609 88.120530
v -13.204839 -98.119601 87.561403
v -12.593683 -97.176813 87.057880
v -12.087275 -96.144535 86.617594
v -11.693291 -95.038416 86.247220
v -11.417705 -93.875225 85.952373
v -11.264694 -92.672592 85.737521
v -11.236576 -91.448750 85.605923
v -11.333780 -90.222251 85.559572
v -11.554830 -89.011686 85.599171
v -11.896376 -87.835407 85.724121
v -12.353241 -86.711246 85.932527
v -12.918499 -85.656242 86.221229
v -13.583582 -84.686390 86.585852
v -14.338406 -83.816390 87.020867
v -15.171531 -83.059432 87.519681
v -16.070326 -82.426989 88.074733
v -17.021167 -81.928650 88.677607
v -18.009640 -81.571968 89.319166
v -19.020761 -81.362351 89.989683
v -20.039202 -81.302976 90.678995
v -21.049524 -81.394743 91.376652
v -22.036413 -81.636260 92.072078
v -22.984908 -82.023868 92.754732
v -23.880631 -82.551689 93.414265
v -26.167638 -84.056466 93.626827
v -26.835757 -84.949762 94.147919
v -27.408750 -85.940334 94.602172
v -27.877928 -87.013166 94.982699
v -28.236181 -88.151995 95.283732
v -28.478077 -89.339558 95.500708
v -28.599950 -90.557852 95.630337
v -28.599952 -91.788410 95.670655
v -28.478082 -93.012577 95.621050
v -28.236190 -94.211797 95.482274
v -27.877940 -95.367890 95.256431
v -27.408765 -96.463330 94.946944
v -26.835776 -97.481514 94.558505
v -26.167659 -98.407005 94.097003
v -25.414542 -99.225774 93.569433
v -24.587842 -99.925409 92.983792
v -23.700090 -100.495306 92.348959
v -22.764745 -100.926824 91.674557
v -21.795984 -101.213422 90.970808
v -20.808493 -101.350757 90.248382
v -19.817242 -101.336745 89.518229
v -18.837257 -101.171599 88.791418
v -17.883394 -100.857824 88.078966
v -16.970112 -100.400174 87.391674
v -16.111255 -99.805589 86.739960
v -15.319843 -99.083080 86.133704
v -14.607873 -98.243601 85.582095
v -13.986138 -97.299878 85.093495
v -13.464063 -96.266215 84.675312
v -13.049561 -95.158283 84.333884
v -12.748916 -93.992877 84.074388
v -12.566686 -92.787662 83.900756
v -12.505633 -91.560909 83.815621
v -12.566682 -90.331214 83.820274
v -12.748909 -89.117219 83.914643
v -13.049550 -87.937325 84.097299
v -13.464049 -86.809419 84.365473
v -13.986121 -85.750598 84.715099
v -14.607853 -84.776914 85.140877
v -15.319821 -83.903127 85.636353
v -16.111230 -83.142482 86.194016
v -16.970085 -82.506510 86.805412
v -17.883366 -82.004851 87.461274
v -18.837228 -81.645111 88.151659
v -19.817213 -81.432741 88.866101
v -20.808464 -81.370963 89.593771
v -21.795955 -81.460712 90.323637
v -22.764716 -81.700627 91.044636
v -23.700063 -82.087073 91.745838
v -24.587816 -82.614190 92.416613
v -26.911076 -84.058527 92.653882
v -27.587573 -84.951846 93.164010
v -28.174387 -85.942456 93.600174
v -28.662622 -87.015341 93.955762
v -29.044877 -88.154237 94.225383
v -29.315357 -89.341879 94.404950
v -29.469962 -90.560264 94.491742
v -29.506349 -91.790923 94.484443
v -29.423965 -93.015200 94.383163
v -29.224060 -94.214535 94.189437
v -28.909664 -95.370750 93.906202
v -28.485543 -96.466315 93.537753
v -27.958126 -97.484625 93.089673
v -27.335409 -98.410242 92.568756
v -26.626830 -99.229134 91.982898
v -25.843132 -99.928889 91.340980
v -24.996195 -100.498899 90.652733
v -24.098856 -100.930522 89.928591
v -23.164719 -101.217217 89.179529
v -22.207945 -101.354636 88.416904
v -21.243037 -101.340697 87.652276
v -20.284622 -101.175611 86.897235
v -19.347229 -100.861881 86.163229
v -18.445068 -100.404263 85.461382
v -17.591814 -99.809693 84.802336
v -16.800403 -99.087184 84.196079
v -16.082830 -98.247690 83.651803
v -15.449974 -97.303936 83.177758
v -14.911428 -96.270228 82.781130
v -14.475356 -95.162236 82.467931
v -14.148368 -93.996756 82.242910
v -13.935422 -92.791456 82.109477
v -13.839744 -91.564607 82.069655
v -13.862787 -90.334807 82.124048
v -14.004199 -89.120698 82.271831
v -14.261838 -87.940685 82.510765
v -14.631798 -86.812656 82.837226
v -15.108471 -85.753710 83.246266
v -15.684631 -84.779899 83.731685
v -16.351544 -83.905987 84.286124
v -17.099100 -83.145221 84.901179
v -17.915968 -82.509132 85.567525
v -18.789763 -82.007364 86.275062
v -19.707241 -81.647522 87.013064
v -20.654493 -81.435062 87.770344
v -21.617160 -81.373205 88.535421
v -22.580648 -81.462887 89.296700
v -23.530354 -81.702750 90.042638
v -24.451879 -82.089157 90.761929
v -25.331254 -82.616251 91.443668
v -29.330632 -83.703117 89.918937
v -30.034395 -84.592430 90.398245
v -30.666194 -85.576433 90.783561
v -31.216449 -86.640207 91.069045
v -31.676820 -87.767628 91.250367
v -32.040328 -88.941606 91.324781
v -32.301462 -90.144343 91.291158
v -32.456265 -91.357607 91.150007
v -32.502389 -92.563007 90.903468
v -32.439135 -93.742270 90.555279
v -32.267462 -94.877520 90.110717
v -31.989972 -95.951547 89.576523
v -31.610873 -96.948070 88.960793
v -31.135910 -97.851983 88.272861
v -30.572284 -98.649583 87.523156
v -29.928538 -99.328780 86.723043
v -29.214432 -99.879278 85.884651
v -28.440790 -100.292732 85.020688
v -27.619340 -100.562874 84.144251
v -26.762534 -100.685609 83.268627
v -25.883360 -100.659076 82.407089
v -24.995147 -100.483679 81.572696
v -24.111357 -100.162075 80.778099
v -23.245390 -99.699140 80.035341
v -22.410371 -99.101891 79.355682
v -21.618960 -98.379382 78.749425
v -20.883152 -97.542567 78.225761
v -20.214102 -96.604129 77.792628
v -19.621952 -95.578295 77.456591
v -19.115679 -94.480615 77.222744
v -18.702957 -93.327729 77.094633
v -18.390042 -92.137113 77.074199
v -18.181678 -90.926817 77.161752
v -18.081024 -89.715187 77.355965
v -18.089605 -88.520589 77.653894
v -18.207292 -87.361134 78.051023
v -18.432300 -86.254397 78.541331
v -18.761218 -85.217154 79.117386
v -19.189061 -84.265131 79.770455
v -19.709342 -83.412757 80.490639
v -20.314175 -82.672956 81.267021
v -20.994391 -82.056940 82.087830
v -21.739679 -81.574048 82.940626
v -22.538741 -81.231601 83.812479
v -23.379463 -81.034789 84.690174
v -24.249103 -80.986596 85.560406
v -25.134475 -81.087753 86.409982
v -26.022160 -81.336726 87.226025
v -26.898701 -81.729741 87.996164
v -27.750810 -82.260840 88.708724
v -30.190229 -83.465584 89.079892
v -30.903680 -84.352221 89.549745
v -31.551460 -85.331807 89.919461
v -32.123749 -86.389494 90.183438
v -32.611872 -87.509246 90.337672
v -33.008430 -88.674091 90.379825
v -33.307411 -89.866369 90.309260
v -33.504283 -91.068009 90.127045
v -33.596062 -92.260793 89.835943
v -33.581356 -93.426641 89.440367
v -33.460389 -94.547879 88.946312
v -33.234994 -95.607511 88.361269
v -32.908587 -96.589473 87.694106
v -32.486117 -97.478881 86.954937
v -31.973988 -98.262251 86.154966
v -31.379964 -98.927709 85.306321
v -30.713048 -99.465166 84.421865
v -29.983352 -99.866476 83.515007
v -29.201936 -100.125556 82.599494
v -28.380646 -100.238477 81.689203
v -27.531931 -100.203527 80.797934
v -26.668658 -100.021238 79.939198
v -25.803913 -99.694372 79.126011
v -24.950804 -99.227883 78.370702
v -24.122263 -98.628845 77.684720
v -23.330852 -97.906336 77.078463
v -22.588565 -97.071311 76.561123
v -21.906657 -96.136426 76.140540
v -21.295463 -95.115854 75.823092
v -20.764250 -94.025066 75.613589
v -20.321068 -92.880597 75.515209
v -19.972638 -91.699795 75.529441
v -19.724240 -90.500562 75.656072
v -19.579640 -89.301075 75.893180
v -19.541031 -88.119518 76.237172
v -19.608996 -86.973802 76.682832
v -19.782507 -85.881295 77.223406
v -20.058932 -84.858558 77.850699
v -20.434082 -83.921095 78.555202
v -20.902269 -83.083117 79.326234
v -21.456397 -82.357326 80.152109
v -22.088065 -81.754725 81.020306
v -22.787698 -81.284450 81.917664
v -23.544690 -80.953627 82.830582
v -24.347566 -80.767274 83.745218
v -25.184155 -80.728214 84.647710
v -26.041775 -80.837040 85.524376
v -26.907426 -81.092101 86.361925
v -27.767986 -81.489532 87.147663
v -28.610408 -82.023308 87.869679
v -31.071114 -83.169810 88.282468
v -31.794492 -84.053114 88.743334
v -32.458649 -85.027201 89.098225
v -33.053518 -86.077306 89.341761
v -33.570080 -87.187509 89.470250
v -34.000507 -88.340982 89.481745
v -34.338272 -89.520238 89.376070
v -34.578256 -90.707402 89.154828
v -34.716820 -91.884477 88.821373
v -34.751865 -93.033620 88.380760
v -34.682859 -94.137411 87.839668
v -34.510847 -95.179119 87.206298
v -34.238438 -96.142950 86.490254
v -33.869761 -97.014296 85.702388
v -33.410405 -97.779947 84.854645
v -32.867333 -98.428296 83.959875
v -32.248777 -98.949516 83.031642
v -31.564115 -99.335705 82.084016
v -30.823724 -99.581009 81.131364
v -30.038829 -99.681710 80.188127
v -29.221328 -99.636280 79.268602
v -28.383613 -99.445409 78.386729
v -27.538383 -99.111990 77.555876
v -26.698451 -98.641077 76.788638
v -25.876550 -98.039809 76.096646
v -25.085138 -97.317301 75.490390
v -24.336213 -96.484504 74.979059
v -23.641128 -95.554044 74.570405
v -23.010419 -94.540025 74.270623
v -22.453647 -93.457819 74.084257
v -21.979252 -92.323830 74.014132
v -21.594427 -91.155249 74.061312
v -21.305003 -89.969790 74.225081
v -21.115369 -88.785425 74.502956
v -21.028400 -87.620105 74.890726
v -21.045413 -86.491498 75.382511
v -21.166151 -85.416710 75.970858
v -21.388783 -84.412035 76.646847
v -21.709935 -83.492703 77.400231
v -22.124739 -82.672649 78.219590
v -22.626905 -81.964305 79.092502
v -23.208823 -81.378409 80.005736
v -23.861670 -80.923843 80.945447
v -24.575551 -80.607496 81.897391
v -25.339643 -80.434165 82.847138
v -26.142363 -80.406477 83.780289
v -26.971544 -80.524852 84.682699
v -27.814615 -80.787495 85.540689
v -28.658797 -81.190425 86.341253
v -29.491293 -81.727534 87.072255
v -31.970010 -82.816895 87.529631
v -32.703517 -83.696221 87.982014
v -33.384386 -84.663747 88.322908
v -34.002297 -85.704806 88.547147
v -34.547881 -86.803615 88.651330
v -35.012868 -87.943519 88.633879
v -35.390210 -89.107237 88.495058
v -35.674187 -90.277128 88.236972
v -35.860494 -91.435459 87.863532
v -35.946306 -92.564671 87.380401
v -35.930323 -93.647644 86.794900
v -35.812787 -94.667964 86.115907
v -35.595480 -95.610162 85.353714
v -35.281696 -96.459956 84.519875
v -34.876191 -97.204464 83.627030
v -34.385113 -97.832400 82.688715
v -33.815906 -98.334245 81.719151
v -33.177198 -98.702392 80.733039
v -32.478672 -98.931260 79.745325
v -31.730917 -99.017379 78.770982
v -30.945267 -98.959444 77.824781
v -30.133633 -98.758334 76.921065
v -29.308317 -98.417096 76.073534
v -28.481832 -97.940904 75.295035
v -27.666705 -97.336976 74.597369
v -26.875293 -96.614468 73.991112
v -26.119594 -95.784331 73.485455
v -25.411062 -94.859150 73.088063
v -24.760438 -93.852950 72.804959
v -24.177585 -92.780983 72.640436
v -23.671340 -91.659499 72.596988
v -23.249374 -90.505500 72.675272
v -22.918086 -89.336477 72.874103
v -22.682498 -88.170154 73.190466
v -22.546180 -87.024209 73.619566
v -22.511199 -85.916015 74.154897
v -22.578085 -84.862370 74.788345
v -22.745825 -83.879247 75.510307
v -23.011875 -82.981548 76.309840
v -23.372203 -82.182882 77.174822
v -23.821346 -81.495356 78.092143
v -24.352496 -80.929392 79.047895
v -24.957601 -80.493569 80.027591
v -25.627489 -80.194495 81.016380
v -26.352004 -80.036702 81.999272
v -27.120163 -80.022583 82.961369
v -27.920323 -80.152352 83.888085
v -28.740353 -80.424041 84.765372
v -29.567823 -80.833533 85.579933
v -30.390189 -81.374619 86.319418
v -32.883573 -82.408150 86.824183
v -33.627375 -83.282871 87.268616
v -34.325229 -84.242797 87.596394
v -34.966556 -85.273378 87.802550
v -35.541635 -86.358991 87.883958
v -36.041747 -87.483179 87.839384
v -36.459312 -88.628901 87.669503
v -36.788000 -89.778788 87.376891
v -37.022828 -90.915410 86.965984
v -37.160236 -92.021536 86.443010
v -37.198141 -93.080399 85.815897
v -37.135970 -94.075948 85.094152
v -36.974664 -94.993090 84.288715
v -36.716668 -95.817924 83.411797
v -36.365893 -96.537944 82.476690
v -35.927658 -97.142238 81.497569
v -35.408604 -97.621643 80.489277
v -34.816601 -97.968894 79.467099
v -34.160623 -98.178725 78.446530
v -33.450613 -98.247956 77.443041
v -32.697334 -98.175538 76.471843
v -31.912206 -97.962568 75.547660
v -31.107130 -97.612275 74.684499
v -30.294310 -97.129968 73.895447
v -29.486069 -96.522960 73.192465
v -28.694657 -95.800452 72.586208
v -27.932072 -94.973395 72.085868
v -27.209874 -94.054329 71.699028
v -26.539011 -93.057184 71.431554
v -25.929653 -91.997076 71.287499
v -25.391035 -90.890076 71.269047
v -24.931325 -89.752965 71.376478
v -24.557490 -88.602979 71.608164
v -24.275196 -87.457552 71.960592
v -24.088725 -86.334047 72.428420
v -24.000901 -85.249495 73.004556
v -24.013057 -84.220338 73.680267
v -24.125009 -83.262175 74.445309
v -24.335058 -82.389532 75.288085
v -24.640022 -81.615637 76.195819
v -25.035276 -80.952222 77.154752
v -25.514830 -80.409342 78.150346
v -26.071414 -79.995229 79.167510
v -26.696591 -79.716159 80.190825
v -27.380883 -79.576363 81.204777
v -28.113918 -79.577959 82.193997
v -28.884583 -79.720924 83.143488
v -29.681196 -80.003091 84.038858
v -30.491680 -80.420182 84.866534
v -31.303751 -80.965874 85.613969
v -33.808403 -81.945098 86.168747
v -34.562628 -82.814600 86.605793
v -35.277676 -83.765918 86.921386
v -35.942709 -84.784629 87.110741
v -36.547646 -85.855292 87.170988
v -37.083317 -86.961677 87.101214
v -37.541601 -88.087011 86.902475
v -37.915551 -89.214236 86.577785
v -38.199498 -90.326264 86.132066
v -38.389139 -91.406238 85.572075
v -38.481598 -92.437787 84.906300
v -38.475473 -93.405273 84.144833
v -38.370858 -94.294031 83.299219
v -38.169339 -95.090587 82.382275
v -37.873970 -95.782867 81.407901
v -37.489229 -96.360376 80.390869
v -37.020948 -96.814361 79.346595
v -36.476225 -97.137938 78.290908
v -35.863319 -97.326203 77.239814
v -35.191520 -97.376303 76.209244
v -34.471012 -97.287477 75.214821
v -33.712717 -97.061072 74.271621
v -32.928130 -96.700520 73.393940
v -32.129145 -96.211287 72.595083
v -31.327873 -95.600789 71.887161
v -30.536461 -94.878280 71.280904
v -29.766907 -94.054714 70.785504
v -29.030874 -93.142574 70.408469
v -28.339522 -92.155688 70.155515
v -27.703330 -91.109015 70.030477
v -27.131943 -90.018423 70.035250
v -26.634021 -88.900443 70.169761
v -26.217114 -87.772023 70.431973
v -25.887540 -86.650269 70.817909
v -25.650296 -85.552185 71.321720
v -25.508978 -84.494418 71.935768
v -25.465729 -83.493001 72.650745
v -25.521204 -82.563115 73.455812
v -25.674561 -81.718857 74.338766
v -25.923478 -80.973024 75.286222
v -26.264179 -80.336923 76.283817
v -26.691501 -79.820196 77.316429
v -27.198965 -79.430677 78.368404
v -27.778879 -79.174269 79.423796
v -28.422453 -79.054860 80.466607
v -29.119929 -79.074260 81.481027
v -29.860736 -79.232175 82.451679
v -30.633643 -79.526211 83.363850
v -31.426933 -79.951911 84.203712
v -32.228582 -80.502822 84.958533
v -34.741062 -81.429460 85.565761
v -35.505796 -82.293151 85.996013
v -36.238184 -83.234882 86.300395
v -36.927125 -84.240376 86.474294
v -37.562173 -85.294392 86.515073
v -38.133702 -86.380951 86.422115
v -38.633050 -87.483582 86.196828
v -39.052645 -88.585571 85.842627
v -39.386128 -89.670213 85.364882
v -39.628443 -90.721065 84.770836
v -39.775917 -91.722198 84.069492
v -39.826314 -92.658435 83.271483
v -39.778871 -93.515584 82.388906
v -39.634306 -94.280652 81.435140
v -39.394811 -94.942041 80.424642
v -39.064017 -95.489724 79.372731
v -38.646938 -95.915401 78.295354
v -38.149896 -96.212617 77.208841
v -37.580427 -96.376867 76.129663
v -36.947162 -96.405662 75.074180
v -36.259702 -96.298565 74.058391
v -35.528467 -96.057199 73.097696
v -34.764543 -95.685224 72.206656
v -33.979509 -95.188277 71.398779
v -33.185267 -94.573893 70.686313
v -32.393855 -93.851385 70.080056
v -31.617271 -93.031704 69.589200
v -30.867287 -92.127278 69.221185
v -30.155273 -91.151815 68.981590
v -29.492020 -90.120103 68.874047
v -28.887585 -89.047782 68.900186
v -28.351129 -87.951107 69.059611
v -27.890785 -86.846702 69.349905
v -27.513530 -85.751309 69.766668
v -27.225084 -84.681533 70.303583
v -27.029819 -83.653591 70.952509
v -26.930696 -82.683066 71.703609
v -26.929216 -81.784669 72.545499
v -27.025402 -80.972019 73.465416
v -27.217797 -80.257435 74.449414
v -27.503483 -79.651750 75.482578
v -27.878131 -79.164145 76.549245
v -28.336059 -78.802012 77.633246
v -28.870328 -78.570840 78.718149
v -29.472838 -78.474134 79.787508
v -30.134456 -78.513360 80.825112
v -30.845151 -78.687922 81.815232
v -31.594151 -78.995176 82.742859
v -32.370102 -79.430462 83.593931
v -33.161241 -79.987183 84.355548
v -35.678079 -80.863154 85.017469
v -36.453372 -81.720464 85.441542
v -37.203181 -82.651666 85.735731
v -37.916140 -83.642644 85.895575
v -38.581440 -84.678376 85.918653
v -39.188996 -85.743162 85.804614
v -39.729599 -86.820860 85.555186
v -40.195053 -87.895133 85.174151
v -40.578303 -88.949697 84.667286
v -40.873538 -89.968566 84.042273
v -41.076284 -90.936293 83.308587
v -41.183467 -91.838211 82.477350
v -41.193463 -92.660646 81.561163
v -41.106119 -93.391131 80.573914
v -40.922759 -94.018593 79.530569
v -40.646164 -94.533521 78.446944
v -40.280526 -94.928107 77.339466
v -39.831388 -95.196372 76.224922
v -39.305559 -95.334248 75.120209
v -38.711009 -95.339645 74.042072
v -38.056750 -95.212481 73.006855
v -37.352702 -94.954685 72.030251
v -36.609537 -94.570163 71.127064
v -35.838520 -94.064745 70.310986
v -35.051339 -93.446093 69.594387
v -34.259928 -92.723585 68.988131
v -33.476282 -91.908172 68.501407
v -32.712282 -91.012217 68.141593
v -31.979508 -90.049301 67.914145
v -31.289069 -89.034020 67.822511
v -30.651431 -87.981765 67.868078
v -30.076261 -86.908488 68.050157
v -29.572277 -85.830457 68.365987
v -29.147118 -84.764016 68.810781
v -28.807231 -83.725330 69.377795
v -28.557767 -82.730144 70.058436
v -28.402508 -81.793545 70.842384
v -28.343808 -80.929731 71.717756
v -28.382556 -80.151795 72.671283
v -28.518165 -79.471531 73.688509
v -28.748579 -78.899251 74.754015
v -29.070305 -78.443630 75.851648
v -29.478468 -78.111574 76.964771
v -29.966878 -77.908118 78.076508
v -30.528132 -77.836345 79.170007
v -31.153723 -77.897344 80.228691
v -31.834166 -78.090190 81.236513
v -32.559148 -78.411960 82.178195
v -33.317678 -78.857775 83.039461
v -34.098257 -79.420878 83.807256
v -36.615968 -80.248288 84.525911
v -37.401831 -81.098669 84.944445
v -38.169077 -82.018439 85.229494
v -38.906076 -82.993657 85.376739
v -39.601656 -84.009538 85.383946
v -40.245273 -85.050683 85.251007
v -40.827169 -86.101309 84.979937
v -41.338525 -87.145490 84.574845
v -41.771588 -88.167397 84.041872
v -42.119793 -89.151539 83.389097
v -42.377863 -90.082998 82.626415
v -42.541884 -90.947653 81.765389
v -42.609372 -91.732397 80.819069
v -42.579302 -92.425334 79.801802
v -42.452130 -93.015961 78.729009
v -42.229784 -93.495323 77.616951
v -41.915636 -93.856154 76.482487
v -41.514446 -94.092984 75.342813
v -41.032297 -94.202224 74.215206
v -40.476497 -94.182217 73.116760
v -39.855472 -94.033266 72.064125
v -39.178636 -93.757629 71.073259
v -38.456249 -93.359486 70.159182
v -37.699262 -92.844870 69.335750
v -36.919150 -92.221584 68.615447
v -36.127738 -91.499076 68.009190
v -35.337024 -90.688297 67.526171
v -34.558994 -89.801540 67.173711
v -33.805442 -88.852245 66.957153
v -33.087791 -87.854804 66.879780
v -32.416920 -86.824337 66.942766
v -31.802999 -85.776464 67.145154
v -31.255334 -84.727070 67.483877
v -30.782228 -83.692062 67.953801
v -30.390851 -82.687132 68.547802
v -30.087138 -81.727511 69.256875
v -29.875691 -80.827748 70.070272
v -29.759717 -80.001481 70.975662
v -29.740973 -79.261237 71.959321
v -29.819743 -78.618235 73.006337
v -29.994834 -78.082224 74.100839
v -30.263590 -77.661330 75.226234
v -30.621939 -77.361931 76.365464
v -31.064448 -77.188567 77.501259
v -31.584409 -77.143866 78.616400
v -32.173939 -77.228506 79.693985
v -32.824103 -77.441203 80.717677
v -33.525044 -77.778733 81.671958
v -34.266136 -78.235980 82.542363
v -35.036146 -78.806012 83.315698
v -37.551240 -79.587148 84.092915
v -38.347643 -80.430078 84.506569
v -39.132278 -81.337557 84.783568
v -39.893251 -82.295828 84.919714
v -40.619026 -83.290364 84.912942
v -41.298603 -84.306089 84.763355
v -41.921678 -85.327606 84.473221
v -42.478807 -86.339431 84.046937
v -42.961544 -87.326223 83.490967
v -43.362571 -88.273026 82.813737
v -43.675810 -89.165485 82.025514
v -43.896512 -89.990073 81.138247
v -44.021330 -90.734290 80.165385
v -44.048375 -91.386854 79.121677
v -43.977234 -91.937872 78.022943
v -43.808987 -92.378992 76.885840
v -43.546183 -92.703528 75.727604
v -43.192808 -92.906558 74.565794
v -42.754218 -92.985006 73.418022
v -42.237060 -92.937683 72.301685
v -41.649176 -92.765305 71.233708
v -40.999476 -92.470487 70.230279
v -40.297809 -92.057696 69.306609
v -39.554813 -91.533191 68.476700
v -38.781749 -90.904922 67.753133
v -37.990338 -90.182413 67.146877
v -37.192575 -89.376618 66.667121
v -36.400554 -88.499750 66.321138
v -35.626281 -87.565103 66.114173
v -34.881494 -86.586844 66.049363
v -34.177483 -85.579803 66.127691
v -33.524920 -84.559246 66.347969
v -32.933696 -83.540644 66.706859
v -32.412775 -82.539436 67.198919
v -31.970053 -81.570801 67.816691
v -31.612242 -80.649423 68.550810
v -31.344764 -79.789268 69.390147
v -31.171676 -79.003375 70.321979
v -31.095600 -78.303657 71.332180
v -31.117690 -77.700723 72.405436
v -31.237611 -77.203711 73.525479
v -31.453546 -76.820156 74.675329
v -31.762221 -76.555871 75.837557
v -32.158956 -76.414865 76.994542
v -32.637738 -76.399273 78.128748
v -33.191309 -76.509332 79.222980
v -33.811277 -76.743374 80.260652
v -34.488244 -77.097851 81.226032
v -35.211948 -77.567390 82.104488
v -35.971419 -78.144872 82.882702
v -38.480417 -78.882195 83.720092
v -39.287291 -79.717181 84.129544
v -40.089201 -80.611553 84.399612
v -40.873991 -81.551754 84.526201
v -41.629765 -82.523530 84.507393
v -42.345067 -83.512151 84.343471
v -43.009052 -84.502630 84.036922
v -43.611656 -85.479953 83.592393
v -44.143744 -86.429304 83.016621
v -44.597249 -87.336293 82.318335
v -44.965297 -88.187169 81.508120
v -45.242310 -88.969035 80.598258
v -45.424087 -89.670038 79.602543
v -45.507873 -90.279553 78.536067
v -45.492397 -90.788338 77.414998
v -45.377896 -91.188683 76.256330
v -45.166104 -91.474517 75.077627
v -44.860231 -91.641507 73.896757
v -44.464915 -91.687124 72.731621
v -43.986149 -91.610674 71.599880
v -43.431189 -91.413317 70.518692
v -42.808448 -91.098045 69.504446
v -42.127367 -90.669636 68.572516
v -41.398270 -90.134585 67.737031
v -40.632209 -89.501004 67.010654
v -39.840797 -88.778495 66.404398
v -39.036031 -87.978013 65.927451
v -38.230111 -87.111690 65.587045
v -37.435253 -86.192661 65.388340
v -36.663507 -85.234855 65.334347
v -35.926572 -84.252794 65.425886
v -35.235618 -83.261363 65.661568
v -34.601120 -82.275593 66.037821
v -34.032696 -81.310425 66.548942
v -33.538963 -80.380492 67.187181
v -33.127405 -79.499889 67.942865
v -32.804262 -78.681967 68.804537
v -32.574432 -77.939123 69.759136
v -32.441398 -77.282619 70.792191
v -32.407178 -76.722406 71.888042
v -32.472289 -76.266978 73.030077
v -32.635746 -75.923237 74.200983
v -32.895070 -75.696394 75.383012
v -33.246331 -75.589888 76.558244
v -33.684203 -75.605335 77.708864
v -34.202048 -75.742498 78.817431
v -34.792017 -75.999300 79.867139
v -35.445167 -76.371847 80.842076
v -36.151596 -76.854492 81.727463
v -36.900596 -77.439918 82.509878
v -39.400042 -78.136050 83.408828
v -40.217278 -78.962627 83.814773
v -41.036286 -79.843128 84.079054
v -41.844649 -80.764202 84.197665
v -42.630114 -81.711889 84.168807
v -43.380773 -82.671822 83.992918
v -44.085248 -83.629450 83.672664
v -44.732859 -84.570256 83.212901
v -45.313790 -85.479977 82.620597
v -45.819234 -86.344825 81.904732
v -46.241528 -87.151688 81.076157
v -46.574272 -87.888336 80.147432
v -46.812422 -88.543601 79.132636
v -46.952366 -89.107551 78.047152
v -46.991985 -89.571636 76.907436
v -46.930676 -89.928821 75.730764
v -46.769370 -90.173693 74.534972
v -46.510512 -90.302538 73.338189
v -46.158026 -90.313404 72.158557
v -45.717255 -90.206126 71.013956
v -45.194881 -89.982330 69.921739
v -44.598823 -89.645409 68.898461
v -43.938115 -89.200470 67.959636
v -43.222775 -88.654258 67.119494
v -42.463645 -88.015053 66.390772
v -41.672233 -87.292544 65.784515
v -40.860537 -86.497685 65.309915
v -40.040860 -85.642524 64.974165
v -39.225628 -84.740025 64.782356
v -38.427200 -83.803869 64.737394
v -37.657678 -82.848246 64.839962
v -36.928729 -81.887644 65.088504
v -36.251401 -80.936623 65.479254
v -35.635962 -80.009601 66.006287
v -35.091743 -79.120630 66.661615
v -34.626992 -78.283187 67.435303
v -34.248756 -77.509965 68.315622
v -33.962767 -76.812686 69.289229
v -33.773360 -76.201920 70.341364
v -33.683408 -75.686926 71.456079
v -33.694274 -75.275510 72.616474
v -33.805793 -74.973910 73.804960
v -34.016274 -74.786696 75.003520
v -34.322527 -74.716708 76.193986
v -34.719909 -74.765006 77.358311
v -35.202396 -74.930857 78.478845
v -35.762675 -75.211748 79.538603
v -36.392252 -75.603421 80.521518
v -37.081584 -76.099939 81.412692
v -37.820220 -76.693773 82.198615
v -40.306692 -77.351489 83.160283
v -41.134146 -78.169226 83.563427
v -41.970010 -79.035139 83.823087
v -42.801613 -79.936103 83.935326
v -43.616349 -80.858460 83.898444
v -44.401868 -81.788229 83.712999
v -45.146262 -82.711313 83.381802
v -45.838245 -83.613721 82.909875
v -46.467330 -84.481774 82.304370
v -47.023979 -85.302311 81.574468
v -47.499755 -86.062895 80.731231
v -47.887444 -86.751996 79.787444
v -48.181171 -87.359169 78.757412
v -48.376482 -87.875207 77.656751
v -48.470416 -88.292291 76.502145
v -48.461551 -88.604095 75.311096
v -48.350019 -88.805895 74.101660
v -48.137512 -88.894631 72.892170
v -47.827252 -88.868957 71.700962
v -47.423941 -88.729264 70.546092
v -46.933693 -88.477668 69.445068
v -46.363940 -88.117983 68.414579
v -45.723319 -87.655663 67.470247
v -45.021541 -87.097715 66.626388
v -44.269244 -86.452597 65.895792
v -43.477832 -85.730088 65.289535
v -42.659303 -84.941142 64.816808
v -41.826063 -84.097717 64.484776
v -40.990746 -83.212599 64.298473
v -40.166012 -82.299206 64.260723
v -39.364364 -81.371384 64.372098
v -38.597954 -80.443197 64.630910
v -37.878401 -79.528716 65.033235
v -37.216611 -78.641804 65.572974
v -36.622617 -77.795905 66.241947
v -36.105424 -77.003841 67.030011
v -35.672871 -76.277621 67.925221
v -35.331516 -75.628253 68.914006
v -35.086533 -75.065580 69.981377
v -34.941635 -74.598133 71.111153
v -34.899020 -74.232996 72.286210
v -34.959333 -73.975706 73.488733
v -35.121660 -73.830162 74.700494
v -35.383540 -73.798571 75.903124
v -35.741004 -73.881412 77.078392
v -36.188632 -74.077428 78.208483
v -36.719640 -74.383649 79.276264
v -37.325977 -74.795433 80.265551
v -37.998452 -75.306537 81.161346
v -38.726871 -75.909213 81.950069
v -41.196997 -76.531431 82.975379
v -42.034484 -77.339927 83.376440
v -42.886900 -78.190594 83.632662
v -43.741324 -79.070537 83.740162
v -44.584804 -79.966419 83.697310
v -45.404554 -80.864657 83.504756
v -46.188146 -81.751636 83.165418
v -46.923702 -82.613910 82.684441
v -47.600073 -83.438407 82.069116
v -48.207004 -84.212629 81.328771
v -48.735297 -84.924840 80.474627
v -49.176941 -85.564244 79.519634
v -49.525243 -86.121147 78.478268
v -49.774921 -86.587107 77.366315
v -49.922193 -86.955062 76.200632
v -49.964825 -87.219433 74.998888
v -49.902170 -87.376212 73.779301
v -49.735179 -87.423024 72.560358
v -49.466382 -87.359158 71.360538
v -49.099856 -87.185582 70.198029
v -48.641155 -86.904928 69.090453
v -48.097234 -86.521450 68.054599
v -47.476337 -86.040962 67.106171
v -46.787877 -85.470747 66.259545
v -46.042289 -84.819448 65.527556
v -45.250878 -84.096940 64.921300
v -44.425638 -83.314174 64.449966
v -43.579081 -82.483016 64.120700
v -42.724039 -81.616066 63.938493
v -41.873474 -80.726467 63.906108
v -41.040279 -79.827702 64.024035
v -40.237085 -78.933397 64.290486
v -39.476067 -78.057109 64.701423
v -38.768762 -77.212121 65.250615
v -38.125891 -76.411242 65.929739
v -37.557201 -75.666613 66.728498
v -37.071311 -74.989521 67.634785
v -36.675588 -74.390232 68.634862
v -36.376029 -73.877828 69.713567
v -36.177177 -73.460078 70.854549
v -36.082045 -73.143314 72.040513
v -36.092075 -72.932339 73.253479
v -36.207117 -72.830350 74.475060
v -36.425424 -72.838894 75.686740
v -36.743689 -72.957840 76.870149
v -37.157087 -73.185387 78.007349
v -37.659351 -73.518084 79.081100
v -38.242867 -73.950887 80.075126
v -38.898789 -74.477238 80.974359
v -39.617176 -75.089155 81.765166
v -42.067643 -75.678927 82.854806
v -42.914941 -76.477815 83.254508
v -43.783545 -77.312633 83.508488
v -44.660286 -78.170725 83.612898
v -45.531875 -79.039083 83.566153
v -46.385099 -79.904544 83.368963
v -47.207025 -80.753988 83.024317
v -47.985192 -81.574539 82.537439
v -48.707804 -82.353758 81.915710
v -49.363908 -83.079833 81.168555
v -49.943557 -83.741757 80.307299
v -50.437965 -84.329497 79.344999
v -50.839637 -84.834142 78.296242
v -51.142483 -85.248042 77.176926
v -51.341914 -85.564925 76.004019
v -51.434906 -85.779985 74.795301
v -51.420048 -85.889963 73.569094
v -51.297568 -85.893191 72.343988
v -51.069320 -85.789621 71.138552
v -50.738766 -85.580823 69.971061
v -50.310916 -85.269961 68.859213
v -49.792255 -84.861749 67.819861
v -49.190647 -84.362374 66.868761
v -48.515211 -83.779406 66.020332
v -47.776185 -83.121683 65.287434
v -46.984773 -82.399174 64.681178
v -46.152972 -81.622833 64.210753
v -45.293391 -80.804428 63.883290
v -44.419061 -79.956365 63.703755
v -43.543234 -79.091500 63.674868
v -42.679189 -78.222943 63.797067
v -41.840023 -77.363861 64.068500
v -41.038456 -76.527276 64.485052
v -40.286640 -75.725871 65.040409
v -39.595972 -74.971794 65.726152
v -38.976922 -74.276476 66.531885
v -38.438873 -73.650456 67.445396
v -37.989982 -73.103226 68.452835
v -37.637053 -72.643081 69.538932
v -37.385437 -72.276995 70.687221
v -37.238948 -72.010518 71.880297
v -37.199807 -71.847690 73.100072
v -37.268606 -71.790980 74.328058
v -37.444303 -71.841246 75.545638
v -37.724235 -71.997727 76.734356
v -38.104158 -72.258051 77.876192
v -38.578313 -72.618271 78.953836
v -39.139511 -73.072927 79.950952
v -39.779247 -73.615127 80.852427
v -40.487822 -74.236651 81.644593
v -44.529681 -72.958982 82.882348
v -45.404724 -73.727219 83.282360
v -46.319102 -74.511468 83.536852
v -47.258952 -75.299840 83.641968
v -48.210029 -76.080383 83.596112
v -49.157914 -76.841267 83.399981
v -50.088239 -77.570956 83.056547
v -50.986901 -78.258390 82.571017
v -51.840278 -78.893148 81.950751
v -52.635432 -79.465606 81.205151
v -53.360310 -79.967088 80.345520
v -54.003924 -80.389991 79.384889
v -54.556517 -80.727906 78.337821
v -55.009713 -80.975708 77.220187
v -55.356641 -81.129642 76.048929
v -55.592042 -81.187374 74.841804
v -55.712348 -81.148030 73.617110
v -55.715736 -81.012205 72.393411
v -55.602153 -80.781958 71.189259
v -55.373323 -80.460781 70.022906
v -55.032712 -80.053541 68.912033
v -54.585486 -79.566412 67.873480
v -54.038422 -79.006778 66.922991
v -53.399815 -78.383123 66.074974
v -52.679345 -77.704901 65.342283
v -51.887933 -76.982392 64.736027
v -51.037577 -76.226550 64.265394
v -50.141167 -75.448832 63.937520
v -49.212291 -74.661028 63.757374
v -48.265031 -73.875079 63.727688
v -47.313745 -73.102901 63.848911
v -46.372856 -72.356198 64.119206
v -45.456624 -71.646290 64.534476
v -44.578940 -70.983938 65.088424
v -43.753109 -70.379183 65.772655
v -42.991649 -69.841193 66.576796
v -42.306102 -69.378122 67.488656
v -41.706862 -68.996990 68.494414
v -41.203012 -68.703575 69.578822
v -40.802190 -68.502326 70.725442
v -40.510472 -68.396291 71.916893
v -40.332280 -68.387080 73.135114
v -40.270316 -68.474831 74.361636
v -40.325518 -68.658214 75.577869
v -40.497050 -68.934450 76.765374
v -40.782312 -69.299351 77.906151
v -41.176979 -69.747386 78.982906
v -41.675068 -70.271762 79.979316
v -42.269030 -70.864530 80.880279
v -42.949860 -71.516706 81.672134
v -45.290216 -72.009434 83.021168
v -46.173830 -72.766970 83.422744
v -47.102347 -73.533565 83.679818
v -48.061692 -74.297597 83.788492
v -49.037322 -75.047484 83.747118
v -50.014449 -75.771860 83.556324
v -50.978259 -76.459742 83.219003
v -51.914143 -77.100704 82.740267
v -52.807913 -77.685028 82.127373
v -53.646020 -78.203859 81.389614
v -54.415760 -78.649329 80.538171
v -55.105465 -79.014688 79.585953
v -55.704678 -79.294395 78.547394
v -56.204317 -79.484211 77.438238
v -56.596808 -79.581259 76.275297
v -56.876200 -79.584068 75.076201
v -57.038259 -79.492594 73.859128
v -57.080528 -79.308225 72.642527
v -57.002366 -79.033755 71.444839
v -56.804958 -78.673345 70.284222
v -56.491296 -78.232459 69.178268
v -56.066136 -77.717779 68.143743
v -55.535922 -77.137109 67.196329
v -54.908691 -76.499249 66.350388
v -54.193953 -75.813871 65.618744
v -53.402541 -75.091362 65.012488
v -52.546453 -74.342677 64.540809
v -51.638666 -73.579163 64.210858
v -50.692941 -72.812395 64.027637
v -49.723615 -72.053997 63.993923
v -48.745381 -71.315465 64.110227
v -47.773068 -70.607994 64.374787
v -46.821416 -69.942310 64.783591
v -45.904851 -69.328502 65.330443
v -45.037267 -68.775877 66.007052
v -44.231816 -68.292810 66.803163
v -43.500707 -67.886625 67.706707
v -42.855023 -67.563480 68.703987
v -42.304553 -67.328272 69.779886
v -41.857640 -67.184567 70.918094
v -41.521060 -67.134544 72.101356
v -41.299915 -67.178961 73.311736
v -41.197557 -67.317144 74.530886
v -41.215538 -67.547000 75.740324
v -41.353585 -67.865043 76.921717
v -41.609605 -68.266452 78.057156
v -41.979718 -68.745143 79.129430
v -42.458313 -69.293859 80.122282
v -43.038135 -69.904281 81.020663
v -43.710395 -70.567158 81.810955
v -46.015865 -71.044261 83.224148
v -46.907656 -71.790921 83.628012
v -47.849664 -72.539571 83.888859
v -48.827610 -73.278863 84.002736
v -49.826669 -73.997590 83.967915
v -50.831695 -74.684856 83.784926
v -51.827455 -75.330243 83.456541
v -52.798852 -75.923968 82.987739
v -53.731163 -76.457030 82.385627
v -54.610253 -76.921350 81.659331
v -55.422798 -77.309888 80.819862
v -56.156478 -77.616754 79.879945
v -56.800174 -77.837297 78.853829
v -57.344126 -77.968173 77.757067
v -57.780089 -78.007399 76.606287
v -58.101455 -77.954379 75.418932
v -58.303351 -77.809919 74.213002
v -58.382718 -77.576206 73.006778
v -58.338351 -77.256785 71.818544
v -58.170925 -76.856498 70.666313
v -57.882976 -76.381411 69.567551
v -57.478869 -75.838728 68.538916
v -56.964732 -75.236675 67.595999
v -56.348356 -74.584378 66.753095
v -55.639087 -73.891725 66.022980
v -54.847675 -73.169217 65.416724
v -53.986118 -72.427805 64.943515
v -53.067476 -71.678729 64.610528
v -52.105675 -70.933344 64.422810
v -51.115294 -70.202950 64.383207
v -50.111348 -69.498618 64.492319
v -49.109054 -68.831025 64.748491
v -48.123606 -68.210292 65.147842
v -47.169943 -67.645827 65.684317
v -46.262522 -67.146188 66.349783
v -45.415097 -66.718950 67.134153
v -44.640515 -66.370587 68.025537
v -43.950519 -66.106381 69.010422
v -43.355566 -65.930338 70.073878
v -42.864678 -65.845125 71.199784
v -42.485294 -65.852035 72.371073
v -42.223165 -65.950963 73.569989
v -42.082267 -66.140409 74.778359
v -42.064733 -66.417501 75.977863
v -42.170831 -66.778039 77.150319
v -42.398951 -67.216558 78.277954
v -42.745637 -67.726409 79.343674
v -43.205631 -68.299865 80.331323
v -43.771962 -68.928232 81.225931
v -44.436044 -69.601985 82.013935
v -46.703930 -70.067055 83.490533
v -47.603475 -70.802702 83.897399
v -48.558275 -71.533185 84.163199
v -49.553858 -72.247428 84.283903
v -50.575131 -72.934605 84.257683
v -51.606612 -73.584299 84.084936
v -52.632666 -74.186661 83.768280
v -53.637739 -74.732561 83.312515
v -54.606594 -75.213722 82.724551
v -55.524544 -75.622851 82.013300
v -56.377676 -75.953746 81.189544
v -57.153055 -76.201391 80.265771
v -57.838928 -76.362031 79.255983
v -58.424898 -76.433233 78.175489
v -58.902083 -76.413915 77.040668
v -59.263247 -76.304372 75.868721
v -59.502918 -76.106264 74.677416
v -59.617461 -75.822593 73.484810
v -59.605140 -75.457660 72.308982
v -59.466142 -75.016998 71.167757
v -59.202574 -74.507285 70.078435
v -58.818431 -73.936250 69.057528
v -58.319537 -73.312547 68.120513
v -57.713454 -72.645632 67.281594
v -57.009370 -71.945614 66.553487
v -56.217958 -71.223106 65.947230
v -55.351216 -70.489059 65.472014
v -54.422281 -69.754601 65.135042
v -53.445236 -69.030866 64.941423
v -52.434892 -68.328824 64.894090
v -51.406565 -67.659118 64.993763
v -50.375842 -67.031900 65.238930
v -49.358349 -66.456678 65.625874
v -48.369510 -65.942172 66.148730
v -47.424314 -65.496181 66.799572
v -46.537091 -65.125466 67.568534
v -45.721288 -64.835647 68.443959
v -44.989273 -64.631116 69.412577
v -44.352143 -64.514975 70.459703
v -43.819556 -64.488983 71.569466
v -43.399585 -64.553536 72.725042
v -43.098596 -64.707654 73.908913
v -42.921153 -64.949001 75.103134
v -42.869945 -65.273919 76.289601
v -42.945748 -65.677482 77.450329
v -43.147414 -66.153573 78.567722
v -43.471884 -66.694974 79.624841
v -43.914242 -67.293478 80.605663
v -44.467780 -67.940014 81.495317
v -45.124108 -68.624779 82.280320
v -47.351850 -69.081450 83.819332
v -48.258696 -69.805991 84.229903
v -49.225543 -70.518149 84.501816
v -50.237734 -71.207128 84.630948
v -51.279925 -71.862484 84.615344
v -52.336318 -72.474284 84.455238
v -53.390898 -73.033251 84.153058
v -54.427681 -73.530914 83.713385
v -55.430948 -73.959728 83.142884
v -56.385492 -74.313192 82.450203
v -57.276842 -74.585949 81.645842
v -58.091487 -74.773863 80.741995
v -58.817078 -74.874087 79.752363
v -59.442614 -74.885100 78.691948
v -59.958615 -74.806737 77.576824
v -60.357257 -74.640184 76.423896
v -60.632497 -74.387967 75.250641
v -60.780164 -74.053909 74.074844
v -60.798019 -73.643073 72.914330
v -60.685791 -73.161689 71.786690
v -60.445181 -72.617052 70.709019
v -60.079837 -72.017420 69.697652
v -59.595297 -71.371882 68.767921
v -58.998907 -70.690223 67.933920
v -58.299706 -69.982778 67.208291
v -57.508294 -69.260269 66.602034
v -56.636668 -68.533650 66.124340
v -55.698042 -67.813936 65.782450
v -54.706642 -67.112036 65.581546
v -53.677500 -66.438591 65.524674
v -52.626214 -65.803809 65.612696
v -51.568721 -65.217313 65.844278
v -50.521052 -64.687994 66.215909
v -49.499089 -64.223875 66.721956
v -48.518323 -63.831993 67.354747
v -47.593622 -63.518288 68.104690
v -46.739004 -63.287514 68.960417
v -45.967423 -63.143172 69.908956
v -45.290576 -63.087447 70.935928
v -44.718722 -63.121186 72.025764
v -44.260532 -63.243877 73.161945
v -43.922951 -63.453660 74.327247
v -43.711095 -63.747355 75.504005
v -43.628177 -64.120509 76.674380
v -43.675453 -64.567467 77.820631
v -43.852208 -65.081452 78.925382
v -44.155760 -65.654674 79.971886
v -44.581509 -66.278442 80.944280
v -45.123002 -66.943302 81.827821
v -45.772028 -67.639174 82.609118
v -47.957215 -68.091113 84.209321
v -48.870883 -68.804493 84.624287
v -49.848985 -69.498239 84.903450
v -50.876693 -70.161833 85.042580
v -51.938429 -70.785217 85.039566
v -53.018097 -71.358939 84.894455
v -54.099331 -71.874304 84.609446
v -55.165740 -72.323498 84.188859
v -56.201160 -72.699713 83.639071
v -57.189893 -72.997245 82.968416
v -58.116953 -73.211585 82.187060
v -58.968284 -73.339482 81.306847
v -59.730983 -73.378999 80.341121
v -60.393488 -73.329535 79.304521
v -60.945755 -73.191842 78.212761
v -61.379412 -72.968006 77.082391
v -61.687887 -72.661420 75.930546
v -61.866502 -72.276733 74.774687
v -61.912551 -71.819774 73.632335
v -61.825334 -71.297472 72.520809
v -61.606175 -70.717744 71.456956
v -61.258395 -70.089378 70.456904
v -60.787267 -69.421899 69.535813
v -60.199932 -68.725427 68.707646
v -59.505294 -68.010517 67.984956
v -58.713882 -67.288009 67.378700
v -57.837694 -66.568854 66.898066
v -56.890011 -65.863954 66.550342
v -55.885201 -65.183994 66.340798
v -54.838494 -64.539283 66.272611
v -53.765757 -63.939592 66.346814
v -52.683253 -63.394014 66.562283
v -51.607390 -62.910818 66.915751
v -50.554479 -62.497329 67.401860
v -49.540479 -62.159815 68.013242
v -48.580763 -61.903393 68.740627
v -47.689877 -61.731949 69.572991
v -46.881328 -61.648083 70.497714
v -46.167373 -61.653066 71.500779
v -45.558833 -61.746822 72.566982
v -45.064934 -61.927930 73.680158
v -44.693163 -62.193645 74.823434
v -44.449155 -62.539939 75.979478
v -44.336609 -62.961562 77.130767
v -44.357232 -63.452122 78.259848
v -44.510711 -64.004184 79.349604
v -44.794719 -64.609379 80.383518
v -45.204952 -65.258533 81.345914
v -45.735189 -65.941805 82.222206
v -46.377394 -66.648837 82.999108
v -48.517774 -67.099728 84.659050
v -49.437759 -67.801937 85.079084
v -50.426282 -68.477251 85.366609
v -51.468359 -69.115433 85.517266
v -52.548192 -69.706809 85.528772
v -53.649413 -70.242414 85.400952
v -54.755328 -70.714130 85.135744
v -55.849172 -71.114805 84.737168
v -56.914364 -71.438365 84.211266
v -57.934756 -71.679906 83.566010
v -58.894881 -71.835766 82.811182
v -59.780185 -71.903583 81.958224
v -60.577245 -71.882329 81.020066
v -61.273981 -71.772325 80.010930
v -61.859830 -71.575239 78.946112
v -62.325912 -71.294059 77.841756
v -62.665161 -70.933047 76.714600
v -62.872434 -70.497676 75.581733
v -62.944589 -69.994546 74.460327
v -62.880533 -69.431283 73.367382
v -62.681237 -68.816426 72.319465
v -62.349721 -68.159296 71.332461
v -61.891012 -67.469854 70.421334
v -61.312062 -66.758551 69.599894
v -60.621648 -66.036170 68.880594
v -59.830237 -65.313662 68.274337
v -58.949824 -64.601978 67.790314
v -57.993756 -63.911908 67.435863
v -56.976527 -63.253912 67.216355
v -55.913556 -62.637965 67.135120
v -54.820956 -62.073403 67.193387
v -53.715292 -61.568786 67.390275
v -52.613322 -61.131761 67.722798
v -51.531753 -60.768956 68.185915
v -50.486979 -60.485868 68.772607
v -49.494838 -60.286790 69.473979
v -48.570371 -60.174739 70.279399
v -47.727590 -60.151413 71.176659
v -46.979273 -60.217167 72.152157
v -46.336762 -60.371004 73.191104
v -45.809797 -60.610591 74.277752
v -45.406366 -60.932297 75.395628
v -45.132586 -61.331245 76.527787
v -44.992606 -61.801388 77.657065
v -44.988549 -62.335598 78.766345
v -45.120475 -62.925777 79.838810
v -45.386386 -63.562979 80.858204
v -45.782249 -64.237544 81.809073
v -46.302065 -64.939248 82.677003
v -46.937952 -65.657452 83.448837
v -49.031440 -66.110983 85.166846
v -49.957214 -66.802050 85.592602
v -50.955287 -67.458981 85.889568
v -52.010531 -68.071819 86.053242
v -53.106948 -68.631273 86.081142
v -54.227919 -69.128863 85.972846
v -55.356449 -69.557045 85.729995
v -56.475433 -69.909330 85.356271
v -57.567906 -70.180376 84.857339
v -58.617310 -70.366075 84.240763
v -59.607735 -70.463612 83.515888
v -60.524167 -70.471508 82.693704
v -61.352716 -70.389644 81.786674
v -62.080819 -70.219261 80.808547
v -62.697442 -69.962941 79.774151
v -63.193235 -69.624569 78.699166
v -63.560683 -69.209276 77.599888
v -63.794217 -68.723357 76.492981
v -63.890296 -68.174178 75.395225
v -63.847463 -67.570064 74.323260
v -63.666367 -66.920172 73.293336
v -63.349755 -66.234354 72.321066
v -62.902426 -65.523007 71.421189
v -62.331160 -64.796913 70.607345
v -61.644618 -64.067081 69.891872
v -60.853206 -63.344572 69.285615
v -59.968922 -62.640340 68.797765
v -59.005170 -61.965061 68.435718
v -57.976561 -61.328970 68.204960
v -56.898686 -60.741710 68.108992
v -55.787886 -60.212184 68.149266
v -54.660998 -59.748418 68.325173
v -53.535105 -59.357443 68.634046
v -52.427275 -59.045185 69.071203
v -51.354302 -58.816378 69.630017
v -50.332450 -58.674491 70.302017
v -49.377209 -58.621675 71.077017
v -48.503061 -58.658729 71.943267
v -47.723255 -58.785092 72.887637
v -47.049615 -58.998850 73.895810
v -46.492350 -59.296760 74.952505
v -46.059909 -59.674309 76.041702
v -45.758847 -60.125771 77.146890
v -45.593728 -60.644303 78.251317
v -45.567054 -61.222046 79.338239
v -45.679231 -61.850241 80.391180
v -45.928558 -62.519365 81.394180
v -46.311254 -63.219275 82.332032
v -46.821520 -63.939361 83.190521
v -47.451619 -64.668707 83.956633
v -49.496304 -65.128557 85.730820
v -50.427316 -65.808552 86.162932
v -51.434032 -66.447218 86.470383
v -52.501192 -67.034874 86.648512
v -53.612617 -67.562610 86.694621
v -54.751461 -68.022427 86.608009
v -55.900458 -68.407355 86.389989
v -57.042193 -68.711559 86.043866
v -58.159357 -68.930426 85.574888
v -59.235014 -69.060640 84.990164
v -60.252860 -69.100226 84.298556
v -61.197465 -69.048585 83.510551
v -62.054509 -68.906499 82.638091
v -62.811001 -68.676121 81.694405
v -63.455472 -68.360945 80.693796
v -63.978154 -67.965748 79.651432
v -64.371123 -67.496521 78.583116
v -64.628422 -66.960377 77.505042
v -64.746151 -66.365443 76.433551
v -64.722525 -65.720738 75.384888
v -64.557902 -65.036035 74.374948
v -64.254777 -64.321713 73.419041
v -63.817747 -63.588600 72.531658
v -63.253434 -62.847811 71.726251
v -62.570395 -62.110574 71.015028
v -61.778984 -61.388066 70.408771
v -60.891196 -60.691238 69.916671
v -59.920491 -60.030655 69.546187
v -58.881583 -59.416329 69.302935
v -57.790220 -58.857573 69.190603
v -56.662948 -58.362858 69.210894
v -55.516853 -57.939683 69.363499
v -54.369311 -57.594462 69.646106
v -53.237715 -57.332430 70.054431
v -52.139221 -57.157558 70.582283
v -51.090480 -57.072496 71.221662
v -50.107390 -57.078535 71.962874
v -49.204854 -57.175583 72.794685
v -48.396553 -57.362169 73.704483
v -47.694740 -57.635464 74.678478
v -47.110055 -57.991325 75.701906
v -46.651359 -58.424359 76.759251
v -46.325607 -58.927999 77.834485
v -46.137737 -59.494613 78.911310
v -46.090596 -60.115611 79.973402
v -46.184900 -60.781578 81.004659
v -46.419218 -61.482420 81.989450
v -46.789999 -62.207512 82.912847
v -47.291622 -62.945863 83.760850
v -47.916483 -63.686281 84.520606
v -49.910635 -64.156104 86.348873
v -50.846317 -64.825140 86.787950
v -51.860736 -65.445727 87.106892
v -52.938516 -66.008455 87.300864
v -54.063318 -66.504796 87.366927
v -55.218092 -66.927224 87.304077
v -56.385332 -67.269336 87.113270
v -57.547345 -67.525946 86.797395
v -58.686514 -67.693165 86.361243
v -59.785572 -67.768457 85.811425
v -60.827859 -67.750681 85.156275
v -61.797573 -67.640106 84.405725
v -62.680015 -67.438409 83.571152
v -63.461809 -67.148647 82.665208
v -64.131103 -66.775213 81.701626
v -64.677750 -66.323767 80.695012
v -65.093466 -65.801153 79.660627
v -65.371947 -65.215293 78.614149
v -65.508972 -64.575069 77.571443
v -65.502465 -63.890185 76.548316
v -65.352523 -63.171024 75.560276
v -65.061420 -62.428487 74.622302
v -64.633569 -61.673831 73.748611
v -64.075455 -60.918495 72.952449
v -63.395538 -60.173929 72.245884
v -62.604126 -59.451421 71.639628
v -61.713216 -58.761922 71.142870
v -60.736313 -58.115885 70.763140
v -59.688226 -57.523103 70.506196
v -58.584842 -56.992563 70.375931
v -57.442888 -56.532306 70.374322
v -56.279675 -56.149309 70.501391
v -55.112835 -55.849379 70.755214
v -53.960058 -55.637062 71.131941
v -52.838817 -55.515576 71.625863
v -51.766110 -55.486763 72.229492
v -50.758198 -55.551061 72.933678
v -49.830360 -55.707493 73.727745
v -48.996661 -55.953690 74.599658
v -48.269739 -56.285918 75.536197
v -47.660613 -56.699142 76.523167
v -47.178517 -57.187097 77.545606
v -46.830759 -57.742387 78.588015
v -46.622611 -58.356594 79.634591
v -46.557228 -59.020407 80.669470
v -46.635601 -59.723764 81.676965
v -46.856542 -60.456001 82.641802
v -47.216703 -61.206021 83.549356
v -47.710622 -61.962451 84.385869
v -48.330814 -62.713827 85.138660
v -50.272893 -63.197241 87.018708
v -51.212657 -63.855472 87.465333
v -52.233811 -64.458231 87.796728
v -53.320877 -64.996382 88.007870
v -54.457375 -65.461765 88.095558
v -55.626077 -65.847326 88.058463
v -56.809266 -66.147221 87.897147
v -57.989008 -66.356904 87.614055
v -59.147418 -66.473195 87.213479
v -60.266936 -66.494333 86.701492
v -61.330591 -66.419996 86.085854
v -62.322259 -66.251311 85.375897
v -63.226907 -65.990837 84.582385
v -64.030823 -65.642520 83.717345
v -64.721819 -65.211641 82.793892
v -65.289420 -64.704733 81.826023
v -65.725023 -64.129478 80.828411
v -66.022024 -63.494598 79.816178
v -66.175921 -62.809717 78.804668
v -66.184381 -62.085216 77.809216
v -66.047276 -61.332079 76.844911
v -65.766683 -60.561721 75.926371
v -65.346857 -59.785822 75.067521
v -64.794162 -59.016142 74.281378
v -64.116976 -58.264350 73.579862
v -63.325564 -57.541842 72.973605
v -62.431924 -56.859569 72.471799
v -61.449602 -56.227876 72.082050
v -60.393489 -55.656337 71.810265
v -59.279594 -55.153617 71.660566
v -58.124804 -54.727336 71.635222
v -56.946624 -54.383957 71.734616
v -55.762913 -54.128684 71.957242
v -54.591615 -53.965387 72.299725
v -53.450487 -53.896542 72.756874
v -52.356827 -53.923192 73.321758
v -51.327212 -54.044934 73.985815
v -50.377252 -54.259921 74.738978
v -49.521347 -54.564895 75.569830
v -48.772471 -54.955233 76.465776
v -48.141976 -55.425018 77.413234
v -47.639421 -55.967128 78.397842
v -47.272422 -56.573345 79.404674
v -47.046545 -57.234479 80.418468
v -46.965212 -57.940510 81.423856
v -47.029657 -58.680733 82.405597
v -47.238903 -59.443928 83.348808
v -47.589778 -60.218525 84.239192
v -48.076962 -60.992783 85.063251
v -48.693072 -61.754965 85.808494
v -50.581730 -62.255536 87.737830
v -51.524974 -62.903155 88.192559
v -52.551870 -63.488406 88.537325
v -53.646852 -64.002418 88.766900
v -54.793321 -64.437398 88.877805
v -55.973897 -64.786752 88.868359
v -57.170684 -65.045185 88.738705
v -58.365541 -65.208780 88.490808
v -59.540354 -65.275055 88.128426
v -60.677314 -65.243007 87.657053
v -61.759186 -65.113122 87.083834
v -62.769570 -64.887368 86.417458
v -63.693150 -64.569167 85.668028
v -64.515926 -64.163343 84.846903
v -65.225424 -63.676048 83.966531
v -65.810889 -63.114670 83.040258
v -66.263447 -62.487717 82.082124
v -66.576237 -61.804693 81.106655
v -66.744517 -61.075954 80.128638
v -66.765737 -60.312544 79.162898
v -66.639575 -59.526039 78.224074
v -66.367943 -58.728359 77.326399
v -65.954959 -57.931596 76.483480
v -65.406884 -57.147830 75.708095
v -64.732025 -56.388940 75.011998
v -63.940614 -55.666432 74.405742
v -63.044646 -54.991257 73.898516
v -62.057704 -54.373650 73.498009
v -60.994749 -53.822975 73.210293
v -59.871894 -53.347577 73.039729
v -58.706160 -52.954665 72.988903
v -57.515219 -52.650193 73.058586
v -56.317125 -52.438779 73.247720
v -55.130039 -52.323625 73.553439
v -53.971956 -52.306479 73.971109
v -52.860432 -52.387599 74.494397
v -51.812315 -52.565757 75.115373
v -50.843495 -52.838252 75.824621
v -49.968659 -53.200952 76.611391
v -49.201066 -53.648359 77.463756
v -48.552354 -54.173693 78.368795
v -48.032356 -54.768988 79.312789
v -47.648955 -55.425221 80.281427
v -47.407963 -56.132443 81.260026
v -47.313033 -56.879936 82.233752
v -47.365603 -57.656366 83.187843
v -47.564878 -58.449964 84.107838
v -47.907837 -59.248700 84.979789
v -48.389279 -60.040466 85.790478
v -49.001908 -60.813260 86.527617
v -50.835996 -61.334492 88.503567
v -51.782105 -61.971731 88.966925
v -52.813729 -62.539859 89.325927
v -53.915229 -63.030261 89.575130
v -55.069906 -63.435505 89.710757
v -56.260259 -63.749447 89.730752
v -57.468241 -63.967328 89.634812
v -58.675542 -64.085845 89.424391
v -59.863859 -64.103202 89.102680
v -61.015180 -64.019136 88.674553
v -62.112050 -63.834921 88.146503
v -63.137844 -63.553349 87.526533
v -64.077010 -63.178688 86.824042
v -64.915313 -62.716619 86.049678
v -65.640044 -62.174146 85.215180
v -66.240216 -61.559492 84.333199
v -66.706733 -60.881975 83.417104
v -67.032522 -60.151864 82.480782
v -67.212645 -59.380229 81.538427
v -67.244370 -58.578765 80.604325
v -67.127217 -57.759623 79.692634
v -66.862963 -56.935219 78.817176
v -66.455612 -56.118052 77.991222
v -65.911341 -55.320508 77.227292
v -65.238398 -54.554677 76.536966
v -64.446986 -53.832168 75.930709
v -63.549102 -53.163935 75.417712
v -62.558357 -52.560106 75.005751
v -61.489768 -52.029835 74.701070
v -60.359536 -51.581161 74.508290
v -59.184793 -51.220885 74.430331
v -57.983347 -50.954468 74.468375
v -56.773410 -50.785949 74.621847
v -55.573325 -50.717883 74.888419
v -54.401283 -50.751301 75.264050
v -53.275052 -50.885697 75.743047
v -52.211703 -51.119033 76.318148
v -51.227355 -51.447773 76.980635
v -50.336932 -51.866933 77.720466
v -49.553930 -52.370158 78.526425
v -48.890220 -52.949821 79.386295
v -48.355862 -53.597135 80.287042
v -47.958956 -54.302286 81.215010
v -47.705520 -55.054586 82.156134
v -47.599394 -55.842630 83.096145
v -47.642189 -56.654473 84.020796
v -47.833255 -57.477807 84.916068
v -48.169696 -58.300153 85.768391
v -48.646411 -59.109043 86.564844
v -49.256175 -59.892216 87.293353
v -51.034747 -60.437535 89.313068
v -51.983096 -61.064667 89.785549
v -53.018414 -61.616118 90.159601
v -54.125008 -62.083529 90.429554
v -55.286103 -62.459814 90.591316
v -56.484097 -62.739269 90.642435
v -57.700830 -62.917659 90.582136
v -58.917858 -62.992278 90.411333
v -60.116731 -62.961996 90.132616
v -61.279277 -62.827271 89.750208
v -62.387871 -62.590147 89.269908
v -63.425710 -62.254217 88.698996
v -64.377059 -61.824574 88.046127
v -65.227499 -61.307730 87.321197
v -65.964136 -60.711522 86.535195
v -66.575805 -60.044986 85.700037
v -67.053233 -59.318226 84.828383
v -67.389183 -58.542260 83.933446
v -67.578562 -57.728850 83.028792
v -67.618499 -56.890327 82.128135
v -67.508389 -56.039402 81.245129
v -67.249901 -55.188975 80.393158
v -66.846954 -54.351936 79.585137
v -66.305655 -53.540974 78.833316
v -65.634211 -52.768383 78.149091
v -64.842799 -52.045875 77.542835
v -63.943417 -51.384401 77.023737
v -62.949698 -50.793990 76.599666
v -61.876707 -50.283591 76.277052
v -60.740708 -49.860941 76.060784
v -59.558922 -49.532448 75.954141
v -58.349264 -49.303090 75.958740
v -57.130071 -49.176345 76.074510
v -55.919825 -49.154135 76.299698
v -54.736872 -49.236795 76.630888
v -53.599144 -49.423073 77.063062
v -52.523888 -49.710144 77.589667
v -51.527404 -50.093658 78.202720
v -50.624798 -50.567801 78.892929
v -49.829751 -51.125384 79.649830
v -49.154317 -51.757957 80.461950
v -48.608734 -52.455928 81.316978
v -48.201272 -53.208719 82.201952
v -47.938109 -54.004917 83.103458
v -47.823233 -54.832453 84.007828
v -47.858386 -55.678782 84.901354
v -48.043035 -56.531075 85.770492
v -48.374381 -57.376412 86.602065
v -48.847401 -58.201978 87.383467
v -49.454925 -58.995259 88.102855
v -51.177242 -59.568002 90.163323
v -52.127196 -60.185335 90.645385
v -53.165164 -60.720620 91.035245
v -54.275411 -61.165742 91.326993
v -55.441106 -61.513954 91.516206
v -56.644579 -61.759977 91.600015
v -57.867586 -61.900083 91.577152
v -59.091587 -61.932146 91.447962
v -60.298029 -61.855681 91.214403
v -61.468622 -61.671847 90.880016
v -62.585622 -61.383431 90.449870
v -63.632096 -60.994805 89.930486
v -64.592181 -60.511860 89.329737
v -65.451322 -59.941917 88.656729
v -66.196496 -59.293616 87.921665
v -66.816407 -58.576784 87.135688
v -67.301658 -57.802288 86.310712
v -67.644893 -56.981869 85.459243
v -67.840908 -56.127962 84.594188
v -67.886733 -55.253513 83.728661
v -67.781672 -54.371777 82.875782
v -67.527318 -53.496120 82.048481
v -67.127528 -52.639817 81.259297
v -66.588361 -51.815848 80.520195
v -65.917990 -51.036704 79.842378
v -65.126578 -50.314196 79.236121
v -64.226122 -49.659275 78.710615
v -63.230272 -49.081871 78.273826
v -62.154124 -48.590736 77.932375
v -61.013991 -48.193315 77.691438
v -59.827156 -47.895633 77.554667
v -58.611610 -47.702202 77.524136
v -57.385781 -47.615954 77.600307
v -56.168250 -47.638197 77.782026
v -54.977474 -47.768593 78.066539
v -53.831504 -48.005167 78.449532
v -52.747712 -48.344331 78.925199
v -51.742526 -48.780945 79.486330
v -50.831184 -49.308389 80.124418
v -50.027502 -49.918669 80.829792
v -49.343662 -50.602533 81.591758
v -48.790031 -51.349614 82.398765
v -48.375002 -52.148587 83.238581
v -48.104864 -52.987341 84.098473
v -47.983715 -53.853161 84.965409
v -48.013389 -54.732922 85.826244
v -48.193438 -55.613288 86.667931
v -48.521131 -56.480913 87.477709
v -48.991502 -57.322646 88.243304
v -49.597420 -58.125726 88.953110
vt 3.141593 12.566371 0.000000
vt 3.018393 12.566371 0.000000
vt 3.141593 12.322363 0.000000
vt 3.018393 12.322363 0.000000
vt 3.141593 12.078356 0.000000
vt 3.018393 12.078356 0.000000
vt 3.141593 11.834349 0.000000
vt 3.018393 11.834349 0.000000
vt 3.141593 11.590342 0.000000
vt 3.018393 11.590342 0.000000
vt 3.141593 11.346335 0.000000
vt 3.018393 11.346335 0.000000
vt 3.141593 11.102327 0.000000
vt 3.018393 11.102327 0.000000
vt 3.141593 10.858320 0.000000
vt 3.018393 10.858320 0.000000
vt 3.141593 10.614313 0.000000
vt 3.018393 10.614313 0.000000
vt 3.141593 10.370306 0.000000
vt 3.018393 10.370306 0.000000
vt 3.141593 10.126299 0.000000
vt 3.018393 10.126299 0.000000
vt 3.141593 9.882291 0.000000
vt 3.018393 9.882291 0.000000
vt 3.141593 9.638284 0.000000
vt 3.018393 9.638284 0.000000
vt 3.141593 9.394277 0.000000
vt 3.018393 9.394277 0.000000
vt 3.141593 9.150270 0.000000
vt 3.018393 9.150270 0.000000
vt 3.141593 8.906263 0.000000
vt 3.018393 8.906263 0.000000
vt 3.141593 8.662255 0.000000
vt 3.018393 8.662255 0.000000
vt 3.141593 8.418248 0.000000
vt 3.018393 8.418248 0.000000
vt 3.141593 8.377580 0.000000
vt 3.018393 8.174241 0.000000
vt 3.141593 8.174241 0.000000
vt 3.141593 7.930234 0.000000
vt -3.141593 8.174241 0.000000
vt -3.141593 7.930234 0.000000
vt -3.018393 7.930234 0.000000
vt -3.018393 7.686227 0.000000
vt -2.895193 7.686227 0.000000
vt -2.895193 7.442219 0.000000
vt -2.771994 7.442219 0.000000
vt -2.771994 7.198212 0.000000
vt -2.648794 7.198212 0.000000
vt -2.648794 6.954205 0.000000
vt -2.525594 6.954205 0.000000
vt -2.525594 6.710198 0.000000
vt -2.402394 6.710198 0.000000
vt -2.402394 6.466191 0.000000
vt -2.279195 6.466191 0.000000
vt -2.279195 6.222184 0.000000
vt -2.155995 6.222184 0.000000
vt -2.155995 5.978176 0.000000
vt -2.032795 5.978176 0.000000
vt -2.032795 5.734169 0.000000
vt -1.909596 5.734169 0.000000
vt -1.909596 5.490162 0.000000
vt -1.786396 5.490162 0.000000
vt -1.786396 5.246155 0.000000
vt -1.663196 5.246155 0.000000
vt -1.663196 5.002148 0.000000
vt -1.539996 5.002148 0.000000
vt -1.539996 4.758140 0.000000
vt -1.416797 4.758140 0.000000
vt -1.416797 4.514133 0.000000
vt -1.293597 4.514133 0.000000
vt -1.293597 4.270126 0.000000
vt -1.170397 4.270126 0.000000
vt -1.170397 4.026119 0.000000
vt -1.047198 4.026119 0.000000
vt -1.047198 3.782112 0.000000
vt -0.923998 3.782112 0.000000
vt -0.923998 3.538104 0.000000
vt -0.800798 3.538104 0.000000
vt -0.800798 3.294097 0.000000
vt -0.677598 3.294097 0.000000
vt -0.677598 3.050090 0.000000
vt -0.554399 3.050090 0.000000
vt -0.554399 2.806083 0.000000
vt -0.431199 2.806083 0.000000
vt -0.431199 2.562076 0.000000
vt -0.307999 2.562076 0.000000
vt -0.307999 2.318068 0.000000
vt -0.184800 2.318068 0.000000
vt -0.184800 2.074061 0.000000
vt -0.061600 2.074061 0.000000
vt -0.061600 1.830054 0.000000
vt 0.061600 1.830054 0.000000
vt 0.061600 1.586047 0.000000
vt 0.184800 1.586047 0.000000
vt 0.184800 1.342040 0.000000
vt 0.307999 1.342040 0.000000
vt 0.307999 1.098032 0.000000
vt 0.431199 1.098032 0.000000
vt 0.431199 0.854025 0.000000
vt 0.554399 0.854025 0.000000
vt 0.554399 0.610018 0.000000
vt 0.677598 0.610018 0.000000
vt 0.677598 0.366011 0.000000
vt 0.800798 0.366011 0.000000
vt 0.800798 0.122004 0.000000
vt 0.923998 0.122004 0.000000
vt 0.923998 -0.122004 0.000000
vt 1.047198 -0.122004 0.000000
vt 1.047198 -0.366011 0.000000
vt 1.170397 -0.366011 0.000000
vt 1.170397 -0.610018 0.000000
vt 1.293597 -0.610018 0.000000
vt 1.293597 -0.854025 0.000000
vt 1.416797 -0.854025 0.000000
vt 1.416797 -1.098032 0.000000
vt 1.539996 -1.098032 0.000000
vt 1.539996 -1.342040 0.000000
vt 1.663196 -1.342040 0.000000
vt 1.663196 -1.586047 0.000000
vt 1.786396 -1.586047 0.000000
vt 1.786396 -1.830054 0.000000
vt 1.909596 -1.830054 0.000000
vt 1.909596 -2.074061 0.000000
vt 2.032795 -2.074061 0.000000
vt 2.032795 -2.318068 0.000000
vt 2.155995 -2.318068 0.000000
vt 2.155995 -2.562076 0.000000
vt 2.279195 -2.562076 0.000000
vt 2.279195 -2.806083 0.000000
vt 2.402394 -2.806083 0.000000
vt 2.402394 -3.050090 0.000000
vt 2.525594 -3.050090 0.000000
vt 2.525594 -3.294097 0.000000
vt 2.648794 -3.294097 0.000000
vt 2.648794 -3.538104 0.000000
vt 2.771994 -3.538104 0.000000
vt 2.771994 -3.782112 0.000000
vt 2.895193 -3.782112 0.000000
vt 2.895193 -4.026119 0.000000
vt 3.018393 -4.026119 0.000000
vt 3.018393 -4.270126 0.000000
vt 3.141593 -4.188790 0.000000
vt 3.141593 -4.270126 0.000000
vt -3.141593 -4.188790 0.000000
vt -3.141593 -4.270126 0.000000
vt -3.018393 -4.270126 0.000000
vt -3.018393 -4.514133 0.000000
vt -2.895193 -4.514133 0.000000
vt -2.895193 -4.758140 0.000000
vt -2.771994 -4.758140 0.000000
vt -2.771994 -5.002148 0.000000
vt -2.648794 -5.002148 0.000000
vt -2.648794 -5.246155 0.000000
vt -2.525594 -5.246155 0.000000
vt -2.525594 -5.490162 0.000000
vt -2.402394 -5.490162 0.000000
vt -2.402394 -5.734169 0.000000
vt -2.279195 -5.734169 0.000000
vt -2.279195 -5.978176 0.000000
vt -2.155995 -5.978176 0.000000
vt -2.155995 -6.222184 0.000000
vt -2.032795 -6.222184 0.000000
vt -2.032795 -6.466191 0.000000
vt -1.909596 -6.466191 0.000000
vt -1.909596 -6.710198 0.000000
vt -1.786396 -6.710198 0.000000
vt -1.786396 -6.954205 0.000000
vt -1.663196 -6.954205 0.000000
vt -1.663196 -7.198212 0.000000
vt -1.539996 -7.198212 0.000000
vt -1.539996 -7.442219 0.000000
vt -1.416797 -7.442219 0.000000
vt -1.416797 -7.686227 0.000000
vt -1.293597 -7.686227 0.000000
vt -1.293597 -7.930234 0.000000
vt -1.170397 -7.930234 0.000000
vt -1.170397 -8.174241 0.000000
vt -1.047198 -8.174241 0.000000
vt -1.047198 -8.418248 0.000000
vt -0.923998 -8.418248 0.000000
vt -0.923998 -8.662255 0.000000
vt -0.800798 -8.662255 0.000000
vt -0.800798 -8.906263 0.000000
vt -0.677598 -8.906263 0.000000
vt -0.677598 -9.150270 0.000000
vt -0.554399 -9.150270 0.000000
vt -0.554399 -9.394277 0.000000
vt -0.431199 -9.394277 0.000000
vt -0.431199 -9.638284 0.000000
vt -0.307999 -9.638284 0.000000
vt -0.307999 -9.882291 0.000000
vt -0.184800 -9.882291 0.000000
vt -0.184800 -10.126299 0.000000
vt -0.061600 -10.126299 0.000000
vt -0.061600 -10.370306 0.000000
vt 0.061600 -10.370306 0.000000
vt 0.061600 -10.614313 0.000000
vt 0.184800 -10.614313 0.000000
vt 0.184800 -10.858320 0.000000
vt 0.307999 -10.858320 0.000000
vt 0.307999 -11.102327 0.000000
vt 0.431199 -11.102327 0.000000
vt 0.431199 -11.346335 0.000000
vt 0.554399 -11.346335 0.000000
vt 0.554399 -11.590342 0.000000
vt 0.677598 -11.590342 0.000000
vt 0.677598 -11.834349 0.000000
vt 0.800798 -11.834349 0.000000
vt 0.800798 -12.078356 0.000000
vt 0.923998 -12.078356 0.000000
vt 0.923998 -12.322363 0.000000
vt 1.047198 -12.322363 0.000000
vt 1.047198 -12.566371 0.000000
vt 1.170397 -12.566371 0.000000
vt 1.170397 12.566371 0.000000
vt 1.047198 12.566371 0.000000
vt 1.170397 12.322363 0.000000
vt 1.293597 12.322363 0.000000
vt 1.293597 12.078356 0.000000
vt 1.416797 12.078356 0.000000
vt 1.416797 11.834349 0.000000
vt 1.539996 11.834349 0.000000
vt 1.539996 11.590342 0.000000
vt 1.663196 11.590342 0.000000
vt 1.663196 11.346335 0.000000
vt 1.786396 11.346335 0.000000
vt 1.786396 11.102327 0.000000
vt 1.909596 11.102327 0.000000
vt 1.909596 10.858320 0.000000
vt 2.032795 10.858320 0.000000
vt 2.032795 10.614313 0.000000
vt 2.155995 10.614313 0.000000
vt 2.155995 10.370306 0.000000
vt 2.279195 10.370306 0.000000
vt 2.279195 10.126299 0.000000
vt 2.402394 10.126299 0.000000
vt 2.402394 9.882291 0.000000
vt 2.525594 9.882291 0.000000
vt 2.525594 9.638284 0.000000
vt 2.648794 9.638284 0.000000
vt 2.648794 9.394277 0.000000
vt 2.771994 9.394277 0.000000
vt 2.771994 9.150270 0.000000
vt 2.895193 9.150270 0.000000
vt 2.895193 8.906263 0.000000
vt -3.141593 -12.566371 0.000000
vt -3.018393 -12.566371 0.000000
vt -3.141593 -12.322363 0.000000
vt -3.018393 -12.322363 0.000000
vt -3.141593 -12.078356 0.000000
vt -3.018393 -12.078356 0.000000
vt -3.141593 -11.834349 0.000000
vt -3.018393 -11.834349 0.000000
vt -3.141593 -11.590342 0.000000
vt -3.018393 -11.590342 0.000000
vt -3.141593 -11.346335 0.000000
vt -3.018393 -11.346335 0.000000
vt -3.141593 -11.102327 0.000000
vt -3.018393 -11.102327 0.000000
vt -3.141593 -10.858320 0.000000
vt -3.018393 -10.858320 0.000000
vt -3.141593 -10.614313 0.000000
vt -3.018393 -10.614313 0.000000
vt -3.141593 -10.370306 0.000000
vt -3.018393 -10.370306 0.000000
vt -3.141593 -10.126299 0.000000
vt -3.018393 -10.126299 0.000000
vt -3.141593 -9.882291 0.000000
vt -3.018393 -9.882291 0.000000
vt -3.141593 -9.638284 0.000000
vt -3.018393 -9.638284 0.000000
vt -3.141593 -9.394277 0.000000
vt -3.018393 -9.394277 0.000000
vt -3.141593 -9.150270 0.000000
vt -3.018393 -9.150270 0.000000
vt -3.141593 -8.906263 0.000000
vt -3.018393 -8.906263 0.000000
vt -3.141593 -8.662255 0.000000
vt -3.018393 -8.662255 0.000000
vt -3.141593 -8.418248 0.000000
vt -3.018393 -8.418248 0.000000
vt -3.141593 -8.377580 0.000000
vt -3.141593 -8.174241 0.000000
vt 3.141593 -8.377580 0.000000
vt 3.141593 -8.174241 0.000000
vt 3.018393 -8.174241 0.000000
vt 3.018393 -7.930234 0.000000
vt 2.895193 -7.930234 0.000000
vt 2.895193 -7.686227 0.000000
vt 2.771994 -7.686227 0.000000
vt 2.771994 -7.442219 0.000000
vt 2.648794 -7.442219 0.000000
vt 2.648794 -7.198212 0.000000
vt 2.525594 -7.198212 0.000000
vt 2.525594 -6.954205 0.000000
vt 2.402394 -6.954205 0.000000
vt 2.402394 -6.710198 0.000000
vt 2.279195 -6.710198 0.000000
vt 2.279195 -6.466191 0.000000
vt 2.155995 -6.466191 0.000000
vt 2.155995 -6.222184 0.000000
vt 2.032795 -6.222184 0.000000
vt 2.032795 -5.978176 0.000000
vt 1.909596 -5.978176 0.000000
vt 1.909596 -5.734169 0.000000
vt 1.786396 -5.734169 0.000000
vt 1.786396 -5.490162 0.000000
vt 1.663196 -5.490162 0.000000
vt 1.663196 -5.246155 0.000000
vt 1.539996 -5.246155 0.000000
vt 1.539996 -5.002148 0.000000
vt 1.416797 -5.002148 0.000000
vt 1.416797 -4.758140 0.000000
vt 1.293597 -4.758140 0.000000
vt 1.293597 -4.514133 0.000000
vt 1.170397 -4.514133 0.000000
vt 1.170397 -4.270126 0.000000
vt 1.047198 -4.270126 0.000000
vt 1.047198 -4.026119 0.000000
vt 0.923998 -4.026119 0.000000
vt 0.923998 -3.782112 0.000000
vt 0.800798 -3.782112 0.000000
vt 0.800798 -3.538104 0.000000
vt 0.677598 -3.538104 0.000000
vt 0.677598 -3.294097 0.000000
vt 0.554399 -3.294097 0.000000
vt 0.554399 -3.050090 0.000000
vt 0.431199 -3.050090 0.000000
vt 0.431199 -2.806083 0.000000
vt 0.307999 -2.806083 0.000000
vt 0.307999 -2.562076 0.000000
vt 0.184800 -2.562076 0.000000
vt 0.184800 -2.318068 0.000000
vt 0.061600 -2.318068 0.000000
vt 0.061600 -2.074061 0.000000
vt -0.061600 -2.074061 0.000000
vt -0.061600 -1.830054 0.000000
vt -0.184800 -1.830054 0.000000
vt -0.184800 -1.586047 0.000000
vt -0.307999 -1.586047 0.000000
vt -0.307999 -1.342040 0.000000
vt -0.431199 -1.342040 0.000000
vt -0.431199 -1.098032 0.000000
vt -0.554399 -1.098032 0.000000
vt -0.554399 -0.854025 0.000000
vt -0.677598 -0.854025 0.000000
vt -0.677598 -0.610018 0.000000
vt -0.800798 -0.610018 0.000000
vt -0.800798 -0.366011 0.000000
vt -0.923998 -0.366011 0.000000
vt -0.923998 -0.122004 0.000000
vt -1.047198 -0.122004 0.000000
vt -1.047198 0.122004 0.000000
vt -1.170397 0.122004 0.000000
vt -1.170397 0.366011 0.000000
vt -1.293597 0.366011 0.000000
vt -1.293597 0.610018 0.000000
vt -1.416797 0.610018 0.000000
vt -1.416797 0.854025 0.000000
vt -1.539996 0.854025 0.000000
vt -1.539996 1.098032 0.000000
vt -1.663196 1.098032 0.000000
vt -1.663196 1.342040 0.000000
vt -1.786396 1.342040 0.000000
vt -1.786396 1.586047 0.000000
vt -1.909596 1.586047 0.000000
vt -1.909596 1.830054 0.000000
vt -2.032795 1.830054 0.000000
vt -2.032795 2.074061 0.000000
vt -2.155995 2.074061 0.000000
vt -2.155995 2.318068 0.000000
vt -2.279195 2.318068 0.000000
vt -2.279195 2.562076 0.000000
vt -2.402394 2.562076 0.000000
vt -2.402394 2.806083 0.000000
vt -2.525594 2.806083 0.000000
vt -2.525594 3.050090 0.000000
vt -2.648794 3.050090 0.000000
vt -2.648794 3.294097 0.000000
vt -2.771994 3.294097 0.000000
vt -2.771994 3.538104 0.000000
vt -2.895193 3.538104 0.000000
vt -2.895193 3.782112 0.000000
vt -3.018393 3.782112 0.000000
vt -3.018393 4.026119 0.000000
vt -3.141593 4.026119 0.000000
vt -3.141593 4.188790 0.000000
vt 3.141593 4.026119 0.000000
vt 3.141593 4.188790 0.000000
vt 3.018393 4.026119 0.000000
vt 3.018393 4.270126 0.000000
vt 2.895193 4.270126 0.000000
vt 2.895193 4.514133 0.000000
vt 2.771994 4.514133 0.000000
vt 2.771994 4.758140 0.000000
vt 2.648794 4.758140 0.000000
vt 2.648794 5.002148 0.000000
vt 2.525594 5.002148 0.000000
vt 2.525594 5.246155 0.000000
vt 2.402394 5.246155 0.000000
vt 2.402394 5.490162 0.000000
vt 2.279195 5.490162 0.000000
vt 2.279195 5.734169 0.000000
vt 2.155995 5.734169 0.000000
vt 2.155995 5.978176 0.000000
vt 2.032795 5.978176 0.000000
vt 2.032795 6.222184 0.000000
vt 1.909596 6.222184 0.000000
vt 1.909596 6.466191 0.000000
vt 1.786396 6.466191 0.000000
vt 1.786396 6.710198 0.000000
vt 1.663196 6.710198 0.000000
vt 1.663196 6.954205 0.000000
vt 1.539996 6.954205 0.000000
vt 1.539996 7.198212 0.000000
vt 1.416797 7.198212 0.000000
vt 1.416797 7.442219 0.000000
vt 1.293597 7.442219 0.000000
vt 1.293597 7.686227 0.000000
vt 1.170397 7.686227 0.000000
vt 1.170397 7.930234 0.000000
vt 1.047198 7.930234 0.000000
vt 1.047198 8.174241 0.000000
vt 0.923998 8.174241 0.000000
vt 0.923998 8.418248 0.000000
vt 0.800798 8.418248 0.000000
vt 0.800798 8.662255 0.000000
vt 0.677598 8.662255 0.000000
vt 0.677598 8.906263 0.000000
vt 0.554399 8.906263 0.000000
vt 0.554399 9.150270 0.000000
vt 0.431199 9.150270 0.000000
vt 0.431199 9.394277 0.000000
vt 0.307999 9.394277 0.000000
vt 0.307999 9.638284 0.000000
vt 0.184800 9.638284 0.000000
vt 0.184800 9.882291 0.000000
vt 0.061600 9.882291 0.000000
vt 0.061600 10.126299 0.000000
vt -0.061600 10.126299 0.000000
vt -0.061600 10.370306 0.000000
vt -0.184800 10.370306 0.000000
vt -0.184800 10.614313 0.000000
vt -0.307999 10.614313 0.000000
vt -0.307999 10.858320 0.000000
vt -0.431199 10.858320 0.000000
vt -0.431199 11.102327 0.000000
vt -0.554399 11.102327 0.000000
vt -0.554399 11.346335 0.000000
vt -0.677598 11.346335 0.000000
vt -0.677598 11.590342 0.000000
vt -0.800798 11.590342 0.000000
vt -0.800798 11.834349 0.000000
vt -0.923998 11.834349 0.000000
vt -0.923998 12.078356 0.000000
vt -1.047198 12.078356 0.000000
vt -1.047198 12.322363 0.000000
vt -1.170397 12.322363 0.000000
vt -1.170397 12.566371 0.000000
vt -1.293597 12.566371 0.000000
vt -1.293597 -12.566371 0.000000
vt -1.170397 -12.566371 0.000000
vt -1.293597 -12.322363 0.000000
vt -1.416797 -12.322363 0.000000
vt -1.416797 -12.078356 0.000000
vt -1.539996 -12.078356 0.000000
vt -1.539996 -11.834349 0.000000
vt -1.663196 -11.834349 0.000000
vt -1.663196 -11.590342 0.000000
vt -1.786396 -11.590342 0.000000
vt -1.786396 -11.346335 0.000000
vt -1.909596 -11.346335 0.000000
vt -1.909596 -11.102327 0.000000
vt -2.032795 -11.102327 0.000000
vt -2.032795 -10.858320 0.000000
vt -2.155995 -10.858320 0.000000
vt -2.155995 -10.614313 0.000000
vt -2.279195 -10.614313 0.000000
vt -2.279195 -10.370306 0.000000
vt -2.402394 -10.370306 0.000000
vt -2.402394 -10.126299 0.000000
vt -2.525594 -10.126299 0.000000
vt -2.525594 -9.882291 0.000000
vt -2.648794 -9.882291 0.000000
vt -2.648794 -9.638284 0.000000
vt -2.771994 -9.638284 0.000000
vt -2.771994 -9.394277 0.000000
vt -2.895193 -9.394277 0.000000
vt -2.895193 -9.150270 0.000000
vt 3.141593 -12.566371 0.000000
vt 3.141593 -12.322363 0.000000
vt 3.018393 -12.322363 0.000000
vt 3.018393 -12.078356 0.000000
vt 2.895193 -12.078356 0.000000
vt 2.895193 -11.834349 0.000000
vt 2.771994 -11.834349 0.000000
vt 2.771994 -11.590342 0.000000
vt 2.648794 -11.590342 0.000000
vt 2.648794 -11.346335 0.000000
vt 2.525594 -11.346335 0.000000
vt 2.525594 -11.102327 0.000000
vt 2.402394 -11.102327 0.000000
vt 2.402394 -10.858320 0.000000
vt 2.279195 -10.858320 0.000000
vt 2.279195 -10.614313 0.000000
vt 2.155995 -10.614313 0.000000
vt 2.155995 -10.370306 0.000000
vt 2.032795 -10.370306 0.000000
vt 2.032795 -10.126299 0.000000
vt 1.909596 -10.126299 0.000000
vt 1.909596 -9.882291 0.000000
vt 1.786396 -9.882291 0.000000
vt 1.786396 -9.638284 0.000000
vt 1.663196 -9.638284 0.000000
vt 1.663196 -9.394277 0.000000
vt 1.539996 -9.394277 0.000000
vt 1.539996 -9.150270 0.000000
vt 1.416797 -9.150270 0.000000
vt 1.416797 -8.906263 0.000000
vt 1.293597 -8.906263 0.000000
vt 1.293597 -8.662255 0.000000
vt 1.170397 -8.662255 0.000000
vt 1.170397 -8.418248 0.000000
vt 1.047198 -8.418248 0.000000
vt 1.047198 -8.174241 0.000000
vt 0.923998 -8.174241 0.000000
vt 0.923998 -7.930234 0.000000
vt 0.800798 -7.930234 0.000000
vt 0.800798 -7.686227 0.000000
vt 0.677598 -7.686227 0.000000
vt 0.677598 -7.442219 0.000000
vt 0.554399 -7.442219 0.000000
vt 0.554399 -7.198212 0.000000
vt 0.431199 -7.198212 0.000000
vt 0.431199 -6.954205 0.000000
vt 0.307999 -6.954205 0.000000
vt 0.307999 -6.710198 0.000000
vt 0.184800 -6.710198 0.000000
vt 0.184800 -6.466191 0.000000
vt 0.061600 -6.466191 0.000000
vt 0.061600 -6.222184 0.000000
vt -0.061600 -6.222184 0.000000
vt -0.061600 -5.978176 0.000000
vt -0.184800 -5.978176 0.000000
vt -0.184800 -5.734169 0.000000
vt -0.307999 -5.734169 0.000000
vt -0.307999 -5.490162 0.000000
vt -0.431199 -5.490162 0.000000
vt -0.431199 -5.246155 0.000000
vt -0.554399 -5.246155 0.000000
vt -0.554399 -5.002148 0.000000
vt -0.677598 -5.002148 0.000000
vt -0.677598 -4.758140 0.000000
vt -0.800798 -4.758140 0.000000
vt -0.800798 -4.514133 0.000000
vt -0.923998 -4.514133 0.000000
vt -0.923998 -4.270126 0.000000
vt -1.047198 -4.270126 0.000000
vt -1.047198 -4.026119 0.000000
vt -1.170397 -4.026119 0.000000
vt -1.170397 -3.782112 0.000000
vt -1.293597 -3.782112 0.000000
vt -1.293597 -3.538104 0.000000
vt -1.416797 -3.538104 0.000000
vt -1.416797 -3.294097 0.000000
vt -1.539996 -3.294097 0.000000
vt -1.539996 -3.050090 0.000000
vt -1.663196 -3.050090 0.000000
vt -1.663196 -2.806083 0.000000
vt -1.786396 -2.806083 0.000000
vt -1.786396 -2.562076 0.000000
vt -1.909596 -2.562076 0.000000
vt -1.909596 -2.318068 0.000000
vt -2.032795 -2.318068 0.000000
vt -2.032795 -2.074061 0.000000
vt -2.155995 -2.074061 0.000000
vt -2.155995 -1.830054 0.000000
vt -2.279195 -1.830054 0.000000
vt -2.279195 -1.586047 0.000000
vt -2.402394 -1.586047 0.000000
vt -2.402394 -1.342040 0.000000
vt -2.525594 -1.342040 0.000000
vt -2.525594 -1.098032 0.000000
vt -2.648794 -1.098032 0.000000
vt -2.648794 -0.854025 0.000000
vt -2.771994 -0.854025 0.000000
vt -2.771994 -0.610018 0.000000
vt -2.895193 -0.610018 0.000000
vt -2.895193 -0.366011 0.000000
vt -3.018393 -0.366011 0.000000
vt -3.018393 -0.122004 0.000000
vt -3.141593 -0.122004 0.000000
vt -3.141593 0.000000 0.000000
vt 3.141593 -0.122004 0.000000
vt 3.141593 0.000000 0.000000
vt 3.018393 -0.122004 0.000000
vt 3.018393 0.122004 0.000000
vt 2.895193 0.122004 0.000000
vt 2.895193 0.366011 0.000000
vt 2.771994 0.366011 0.000000
vt 2.771994 0.610018 0.000000
vt 2.648794 0.610018 0.000000
vt 2.648794 0.854025 0.000000
vt 2.525594 0.854025 0.000000
vt 2.525594 1.098032 0.000000
vt 2.402394 1.098032 0.000000
vt 2.402394 1.342040 0.000000
vt 2.279195 1.342040 0.000000
vt 2.279195 1.586047 0.000000
vt 2.155995 1.586047 0.000000
vt 2.155995 1.830054 0.000000
vt 2.032795 1.830054 0.000000
vt 2.032795 2.074061 0.000000
vt 1.909596 2.074061 0.000000
vt 1.909596 2.318068 0.000000
vt 1.786396 2.318068 0.000000
vt 1.786396 2.562076 0.000000
vt 1.663196 2.562076 0.000000
vt 1.663196 2.806083 0.000000
vt 1.539996 2.806083 0.000000
vt 1.539996 3.050090 0.000000
vt 1.416797 3.050090 0.000000
vt 1.416797 3.294097 0.000000
vt 1.293597 3.294097 0.000000
vt 1.293597 3.538104 0.000000
vt 1.170397 3.538104 0.000000
vt 1.170397 3.782112 0.000000
vt 1.047198 3.782112 0.000000
vt 1.047198 4.026119 0.000000
vt 0.923998 4.026119 0.000000
vt 0.923998 4.270126 0.000000
vt 0.800798 4.270126 0.000000
vt 0.800798 4.514133 0.000000
vt 0.677598 4.514133 0.000000
vt 0.677598 4.758140 0.000000
vt 0.554399 4.758140 0.000000
vt 0.554399 5.002148 0.000000
vt 0.431199 5.002148 0.000000
vt 0.431199 5.246155 0.000000
vt 0.307999 5.246155 0.000000
vt 0.307999 5.490162 0.000000
vt 0.184800 5.490162 0.000000
vt 0.184800 5.734169 0.000000
vt 0.061600 5.734169 0.000000
vt 0.061600 5.978176 0.000000
vt -0.061600 5.978176 0.000000
vt -0.061600 6.222184 0.000000
vt -0.184800 6.222184 0.000000
vt -0.184800 6.466191 0.000000
vt -0.307999 6.466191 0.000000
vt -0.307999 6.710198 0.000000
vt -0.431199 6.710198 0.000000
vt -0.431199 6.954205 0.000000
vt -0.554399 6.954205 0.000000
vt -0.554399 7.198212 0.000000
vt -0.677598 7.198212 0.000000
vt -0.677598 7.442219 0.000000
vt -0.800798 7.442219 0.000000
vt -0.800798 7.686227 0.000000
vt -0.923998 7.686227 0.000000
vt -0.923998 7.930234 0.000000
vt -1.047198 7.930234 0.000000
vt -1.047198 8.174241 0.000000
vt -1.170397 8.174241 0.000000
vt -1.170397 8.418248 0.000000
vt -1.293597 8.418248 0.000000
vt -1.293597 8.662255 0.000000
vt -1.416797 8.662255 0.000000
vt -1.416797 8.906263 0.000000
vt -1.539996 8.906263 0.000000
vt -1.539996 9.150270 0.000000
vt -1.663196 9.150270 0.000000
vt -1.663196 9.394277 0.000000
vt -1.786396 9.394277 0.000000
vt -1.786396 9.638284 0.000000
vt -1.909596 9.638284 0.000000
vt -1.909596 9.882291 0.000000
vt -2.032795 9.882291 0.000000
vt -2.032795 10.126299 0.000000
vt -2.155995 10.126299 0.000000
vt -2.155995 10.370306 0.000000
vt -2.279195 10.370306 0.000000
vt -2.279195 10.614313 0.000000
vt -2.402394 10.614313 0.000000
vt -2.402394 10.858320 0.000000
vt -2.525594 10.858320 0.000000
vt -2.525594 11.102327 0.000000
vt -2.648794 11.102327 0.000000
vt -2.648794 11.346335 0.000000
vt -2.771994 11.346335 0.000000
vt -2.771994 11.590342 0.000000
vt -2.895193 11.590342 0.000000
vt -2.895193 11.834349 0.000000
vt -3.018393 11.834349 0.000000
vt -3.018393 12.078356 0.000000
vt -3.141593 12.078356 0.000000
vt -3.141593 12.322363 0.000000
vt -3.141593 12.566371 0.000000
vt -3.018393 12.322363 0.000000
vt -2.895193 12.078356 0.000000
vt -2.771994 11.834349 0.000000
vt -2.648794 11.590342 0.000000
vt -2.525594 11.346335 0.000000
vt -2.402394 11.102327 0.000000
vt -2.279195 10.858320 0.000000
vt -2.155995 10.614313 0.000000
vt -2.032795 10.370306 0.000000
vt -1.909596 10.126299 0.000000
vt -1.786396 9.882291 0.000000
vt -1.663196 9.638284 0.000000
vt -1.539996 9.394277 0.000000
vt -1.416797 9.150270 0.000000
vt -1.293597 8.906263 0.000000
vt -1.170397 8.662255 0.000000
vt -1.047198 8.418248 0.000000
vt -0.923998 8.174241 0.000000
vt -0.800798 7.930234 0.000000
vt -0.677598 7.686227 0.000000
vt -0.554399 7.442219 0.000000
vt -0.431199 7.198212 0.000000
vt -0.307999 6.954205 0.000000
vt -0.184800 6.710198 0.000000
vt -0.061600 6.466191 0.000000
vt 0.061600 6.222184 0.000000
vt 0.184800 5.978176 0.000000
vt 0.307999 5.734169 0.000000
vt 0.431199 5.490162 0.000000
vt 0.554399 5.246155 0.000000
vt 0.677598 5.002148 0.000000
vt 0.800798 4.758140 0.000000
vt 0.923998 4.514133 0.000000
vt 1.047198 4.270126 0.000000
vt 1.170397 4.026119 0.000000
vt 1.293597 3.782112 0.000000
vt 1.416797 3.538104 0.000000
vt 1.539996 3.294097 0.000000
vt 1.663196 3.050090 0.000000
vt 1.786396 2.806083 0.000000
vt 1.909596 2.562076 0.000000
vt 2.032795 2.318068 0.000000
vt 2.155995 2.074061 0.000000
vt 2.279195 1.830054 0.000000
vt 2.402394 1.586047 0.000000
vt 2.525594 1.342040 0.000000
vt 2.648794 1.098032 0.000000
vt 2.771994 0.854025 0.000000
vt 2.895193 0.610018 0.000000
vt 3.018393 0.366011 0.000000
vt 3.141593 0.122004 0.000000
vt -3.141593 0.122004 0.000000
vt 2.094395 12.566371 0.000000
vt 2.032795 12.566371 0.000000
vt 2.032795 12.322363 0.000000
vt 1.909596 12.566371 0.000000
vt 1.909596 12.322363 0.000000
vt 1.786396 12.566371 0.000000
vt 1.786396 12.322363 0.000000
vt 1.663196 12.566371 0.000000
vt 1.663196 12.322363 0.000000
vt 1.539996 12.566371 0.000000
vt 1.539996 12.322363 0.000000
vt 1.416797 12.566371 0.000000
vt 1.416797 12.322363 0.000000
vt 1.293597 12.566371 0.000000
vt 2.094395 -12.566371 0.000000
vt 2.155995 -12.566371 0.000000
vt 2.155995 -12.322363 0.000000
vt 2.279195 -12.566371 0.000000
vt 2.279195 -12.322363 0.000000
vt 2.402394 -12.566371 0.000000
vt 2.402394 -12.322363 0.000000
vt 2.525594 -12.566371 0.000000
vt 2.525594 -12.322363 0.000000
vt 2.648794 -12.566371 0.000000
vt 2.648794 -12.322363 0.000000
vt 2.771994 -12.566371 0.000000
vt 2.771994 -12.322363 0.000000
vt 2.895193 -12.566371 0.000000
vt 2.895193 -12.322363 0.000000
vt 3.018393 -12.566371 0.000000
vt 0.923998 12.566371 0.000000
vt 1.047198 12.322363 0.000000
vt 0.923998 12.322363 0.000000
vt 1.047198 12.078356 0.000000
vt 0.923998 12.078356 0.000000
vt 1.047198 11.834349 0.000000
vt 0.923998 11.834349 0.000000
vt 1.047198 11.590342 0.000000
vt 0.923998 11.590342 0.000000
vt 1.047198 11.346335 0.000000
vt 0.923998 11.346335 0.000000
vt 1.047198 11.102327 0.000000
vt 0.923998 11.102327 0.000000
vt 1.047198 10.858320 0.000000
vt 0.923998 10.858320 0.000000
vt 1.047198 10.614313 0.000000
vt 0.923998 10.614313 0.000000
vt 1.047198 10.370306 0.000000
vt 0.923998 10.370306 0.000000
vt 1.047198 10.126299 0.000000
vt 0.923998 10.126299 0.000000
vt 1.047198 9.882291 0.000000
vt 0.923998 9.882291 0.000000
vt 1.047198 9.638284 0.000000
vt 0.923998 9.638284 0.000000
vt 1.047198 9.394277 0.000000
vt 0.923998 9.394277 0.000000
vt 1.047198 9.150270 0.000000
vt 0.923998 9.150270 0.000000
vt 1.047198 8.906263 0.000000
vt 0.923998 8.906263 0.000000
vt 1.047198 8.662255 0.000000
vt 0.923998 8.662255 0.000000
vt 1.047198 8.418248 0.000000
vt 0.000000 12.566371 0.000000
vt -0.061600 12.566371 0.000000
vt -0.061600 12.322363 0.000000
vt -0.184800 12.566371 0.000000
vt -0.184800 12.322363 0.000000
vt -0.307999 12.566371 0.000000
vt -0.307999 12.322363 0.000000
vt -0.431199 12.566371 0.000000
vt -0.431199 12.322363 0.000000
vt -0.554399 12.566371 0.000000
vt -0.554399 12.322363 0.000000
vt -0.677598 12.566371 0.000000
vt -0.677598 12.322363 0.000000
vt -0.800798 12.566371 0.000000
vt -0.800798 12.322363 0.000000
vt -0.923998 12.566371 0.000000
vt -0.923998 12.322363 0.000000
vt -1.047198 12.566371 0.000000
vt 0.000000 -12.566371 0.000000
vt 0.061600 -12.566371 0.000000
vt 0.061600 -12.322363 0.000000
vt 0.184800 -12.566371 0.000000
vt 0.184800 -12.322363 0.000000
vt 0.307999 -12.566371 0.000000
vt 0.307999 -12.322363 0.000000
vt 0.431199 -12.566371 0.000000
vt 0.431199 -12.322363 0.000000
vt 0.554399 -12.566371 0.000000
vt 0.554399 -12.322363 0.000000
vt 0.677598 -12.566371 0.000000
vt 0.677598 -12.322363 0.000000
vt 0.800798 -12.566371 0.000000
vt 0.800798 -12.322363 0.000000
vt 0.923998 -12.566371 0.000000
vt -1.047198 -12.566371 0.000000
vt -0.923998 -12.566371 0.000000
vt -1.047198 -12.322363 0.000000
vt -0.923998 -12.322363 0.000000
vt -1.047198 -12.078356 0.000000
vt -0.923998 -12.078356 0.000000
vt -1.047198 -11.834349 0.000000
vt -0.923998 -11.834349 0.000000
vt -1.047198 -11.590342 0.000000
vt -0.923998 -11.590342 0.000000
vt -1.047198 -11.346335 0.000000
vt -0.923998 -11.346335 0.000000
vt -1.047198 -11.102327 0.000000
vt -0.923998 -11.102327 0.000000
vt -1.047198 -10.858320 0.000000
vt -0.923998 -10.858320 0.000000
vt -1.047198 -10.614313 0.000000
vt -0.923998 -10.614313 0.000000
vt -1.047198 -10.370306 0.000000
vt -0.923998 -10.370306 0.000000
vt -1.047198 -10.126299 0.000000
vt -0.923998 -10.126299 0.000000
vt -1.047198 -9.882291 0.000000
vt -0.923998 -9.882291 0.000000
vt -1.047198 -9.638284 0.000000
vt -0.923998 -9.638284 0.000000
vt -1.047198 -9.394277 0.000000
vt -0.923998 -9.394277 0.000000
vt -1.047198 -9.150270 0.000000
vt -0.923998 -9.150270 0.000000
vt -1.047198 -8.906263 0.000000
vt -0.923998 -8.906263 0.000000
vt -1.047198 -8.662255 0.000000
vt -2.094395 12.566371 0.000000
vt -2.155995 12.566371 0.000000
vt -2.155995 12.322363 0.000000
vt -2.279195 12.566371 0.000000
vt -2.279195 12.322363 0.000000
vt -2.402394 12.566371 0.000000
vt -2.402394 12.322363 0.000000
vt -2.525594 12.566371 0.000000
vt -2.525594 12.322363 0.000000
vt -2.648794 12.566371 0.000000
vt -2.648794 12.322363 0.000000
vt -2.771994 12.566371 0.000000
vt -2.771994 12.322363 0.000000
vt -2.895193 12.566371 0.000000
vt -2.895193 12.322363 0.000000
vt -3.018393 12.566371 0.000000
vt -2.094395 -12.566371 0.000000
vt -2.032795 -12.566371 0.000000
vt -2.032795 -12.322363 0.000000
vt -1.909596 -12.566371 0.000000
vt -1.909596 -12.322363 0.000000
vt -1.786396 -12.566371 0.000000
vt -1.786396 -12.322363 0.000000
vt -1.663196 -12.566371 0.000000
vt -1.663196 -12.322363 0.000000
vt -1.539996 -12.566371 0.000000
vt -1.539996 -12.322363 0.000000
vt -1.416797 -12.566371 0.000000
vt 3.141593 -4.026119 0.000000
vt 3.018393 -3.782112 0.000000
vt 2.895193 -3.538104 0.000000
vt 2.771994 -3.294097 0.000000
vt 2.648794 -3.050090 0.000000
vt 2.525594 -2.806083 0.000000
vt 2.402394 -2.562076 0.000000
vt 2.279195 -2.318068 0.000000
vt 2.155995 -2.074061 0.000000
vt 2.032795 -1.830054 0.000000
vt 1.909596 -1.586047 0.000000
vt 1.786396 -1.342040 0.000000
vt 1.663196 -1.098032 0.000000
vt 1.539996 -0.854025 0.000000
vt 1.416797 -0.610018 0.000000
vt 1.293597 -0.366011 0.000000
vt 1.170397 -0.122004 0.000000
vt 1.047198 0.122004 0.000000
vt 0.923998 0.366011 0.000000
vt 0.800798 0.610018 0.000000
vt 0.677598 0.854025 0.000000
vt 0.554399 1.098032 0.000000
vt 0.431199 1.342040 0.000000
vt 0.307999 1.586047 0.000000
vt 0.184800 1.830054 0.000000
vt 0.061600 2.074061 0.000000
vt -0.061600 2.318068 0.000000
vt -0.184800 2.562076 0.000000
vt -0.307999 2.806083 0.000000
vt -0.431199 3.050090 0.000000
vt -0.554399 3.294097 0.000000
vt -0.677598 3.538104 0.000000
vt -0.800798 3.782112 0.000000
vt -0.923998 4.026119 0.000000
vt -1.047198 4.270126 0.000000
vt -1.170397 4.514133 0.000000
vt -1.293597 4.758140 0.000000
vt -1.416797 5.002148 0.000000
vt -1.539996 5.246155 0.000000
vt -1.663196 5.490162 0.000000
vt -1.786396 5.734169 0.000000
vt -1.909596 5.978176 0.000000
vt -2.032795 6.222184 0.000000
vt -2.155995 6.466191 0.000000
vt -2.279195 6.710198 0.000000
vt -2.402394 6.954205 0.000000
vt -2.525594 7.198212 0.000000
vt -2.648794 7.442219 0.000000
vt -2.771994 7.686227 0.000000
vt -2.895193 7.930234 0.000000
vt -3.018393 8.174241 0.000000
vt -3.141593 8.377580 0.000000
vt -3.141593 -4.026119 0.000000
vt 3.141593 4.270126 0.000000
vt 3.018393 4.514133 0.000000
vt 2.895193 4.758140 0.000000
vt 2.771994 5.002148 0.000000
vt 2.648794 5.246155 0.000000
vt 2.525594 5.490162 0.000000
vt 2.402394 5.734169 0.000000
vt 2.279195 5.978176 0.000000
vt 2.155995 6.222184 0.000000
vt 2.032795 6.466191 0.000000
vt 1.909596 6.710198 0.000000
vt 1.786396 6.954205 0.000000
vt 1.663196 7.198212 0.000000
vt 1.539996 7.442219 0.000000
vt 1.416797 7.686227 0.000000
vt 1.293597 7.930234 0.000000
vt 1.170397 8.174241 0.000000
vt -3.141593 4.270126 0.000000
vt -3.141593 8.418248 0.000000
vt -3.141593 11.834349 0.000000
vt -3.018393 11.590342 0.000000
vt -2.895193 11.346335 0.000000
vt -2.771994 11.102327 0.000000
vt -2.648794 10.858320 0.000000
vt -2.525594 10.614313 0.000000
vt -2.402394 10.370306 0.000000
vt -2.279195 10.126299 0.000000
vt -2.155995 9.882291 0.000000
vt -2.032795 9.638284 0.000000
vt -1.909596 9.394277 0.000000
vt -1.786396 9.150270 0.000000
vt -1.663196 8.906263 0.000000
vt -1.539996 8.662255 0.000000
vt -1.416797 8.418248 0.000000
vt -1.293597 8.174241 0.000000
vt -1.170397 7.930234 0.000000
vt -1.047198 7.686227 0.000000
vt -0.923998 7.442219 0.000000
vt -0.800798 7.198212 0.000000
vt -0.677598 6.954205 0.000000
vt -0.554399 6.710198 0.000000
vt -0.431199 6.466191 0.000000
vt -0.307999 6.222184 0.000000
vt -0.184800 5.978176 0.000000
vt -0.061600 5.734169 0.000000
vt 0.061600 5.490162 0.000000
vt 0.184800 5.246155 0.000000
vt 0.307999 5.002148 0.000000
vt 0.431199 4.758140 0.000000
vt 0.554399 4.514133 0.000000
vt 0.677598 4.270126 0.000000
vt 0.800798 4.026119 0.000000
vt 0.923998 3.782112 0.000000
vt 1.047198 3.538104 0.000000
vt 1.170397 3.294097 0.000000
vt 1.293597 3.050090 0.000000
vt 1.416797 2.806083 0.000000
vt 1.539996 2.562076 0.000000
vt 1.663196 2.318068 0.000000
vt 1.786396 2.074061 0.000000
vt 1.909596 1.830054 0.000000
vt 2.032795 1.586047 0.000000
vt 2.155995 1.342040 0.000000
vt 2.279195 1.098032 0.000000
vt 2.402394 0.854025 0.000000
vt 2.525594 0.610018 0.000000
vt 2.648794 0.366011 0.000000
vt 2.771994 0.122004 0.000000
vt 2.895193 -0.122004 0.000000
vt 3.018393 -0.366011 0.000000
vt 3.141593 -0.366011 0.000000
vt 3.141593 -0.610018 0.000000
vt -3.141593 -0.366011 0.000000
vt -3.141593 -0.610018 0.000000
vt -3.018393 -0.610018 0.000000
vt -3.018393 -0.854025 0.000000
vt -2.895193 -0.854025 0.000000
vt -2.895193 -1.098032 0.000000
vt -2.771994 -1.098032 0.000000
vt -2.771994 -1.342040 0.000000
vt -2.648794 -1.342040 0.000000
vt -2.648794 -1.586047 0.000000
vt -2.525594 -1.586047 0.000000
vt -2.525594 -1.830054 0.000000
vt -2.402394 -1.830054 0.000000
vt -2.402394 -2.074061 0.000000
vt -2.279195 -2.074061 0.000000
vt -2.279195 -2.318068 0.000000
vt -2.155995 -2.318068 0.000000
vt -2.155995 -2.562076 0.000000
vt -2.032795 -2.562076 0.000000
vt -2.032795 -2.806083 0.000000
vt -1.909596 -2.806083 0.000000
vt -1.909596 -3.050090 0.000000
vt -1.786396 -3.050090 0.000000
vt -1.786396 -3.294097 0.000000
vt -1.663196 -3.294097 0.000000
vt -1.663196 -3.538104 0.000000
vt -1.539996 -3.538104 0.000000
vt -1.539996 -3.782112 0.000000
vt -1.416797 -3.782112 0.000000
vt -1.416797 -4.026119 0.000000
vt -1.293597 -4.026119 0.000000
vt -1.293597 -4.270126 0.000000
vt -1.170397 -4.270126 0.000000
vt -1.170397 -4.514133 0.000000
vt -1.047198 -4.514133 0.000000
vt -1.047198 -4.758140 0.000000
vt -0.923998 -4.758140 0.000000
vt -0.923998 -5.002148 0.000000
vt -0.800798 -5.002148 0.000000
vt -0.800798 -5.246155 0.000000
vt -0.677598 -5.246155 0.000000
vt -0.677598 -5.490162 0.000000
vt -0.554399 -5.490162 0.000000
vt -0.554399 -5.734169 0.000000
vt -0.431199 -5.734169 0.000000
vt -0.431199 -5.978176 0.000000
vt -0.307999 -5.978176 0.000000
vt -0.307999 -6.222184 0.000000
vt -0.184800 -6.222184 0.000000
vt -0.184800 -6.466191 0.000000
vt -0.061600 -6.466191 0.000000
vt -0.061600 -6.710198 0.000000
vt 0.061600 -6.710198 0.000000
vt 0.061600 -6.954205 0.000000
vt 0.184800 -6.954205 0.000000
vt 0.184800 -7.198212 0.000000
vt 0.307999 -7.198212 0.000000
vt 0.307999 -7.442219 0.000000
vt 0.431199 -7.442219 0.000000
vt 0.431199 -7.686227 0.000000
vt 0.554399 -7.686227 0.000000
vt 0.554399 -7.930234 0.000000
vt 0.677598 -7.930234 0.000000
vt 0.677598 -8.174241 0.000000
vt 0.800798 -8.174241 0.000000
vt 0.800798 -8.418248 0.000000
vt 0.923998 -8.418248 0.000000
vt 0.923998 -8.662255 0.000000
vt 1.047198 -8.662255 0.000000
vt 1.047198 -8.906263 0.000000
vt 1.170397 -8.906263 0.000000
vt 1.170397 -9.150270 0.000000
vt 1.293597 -9.150270 0.000000
vt 1.293597 -9.394277 0.000000
vt 1.416797 -9.394277 0.000000
vt 1.416797 -9.638284 0.000000
vt 1.539996 -9.638284 0.000000
vt 1.539996 -9.882291 0.000000
vt 1.663196 -9.882291 0.000000
vt 1.663196 -10.126299 0.000000
vt 1.786396 -10.126299 0.000000
vt 1.786396 -10.370306 0.000000
vt 1.909596 -10.370306 0.000000
vt 1.909596 -10.614313 0.000000
vt 2.032795 -10.614313 0.000000
vt 2.032795 -10.858320 0.000000
vt 2.155995 -10.858320 0.000000
vt 2.155995 -11.102327 0.000000
vt 2.279195 -11.102327 0.000000
vt 2.279195 -11.346335 0.000000
vt 2.402394 -11.346335 0.000000
vt 2.402394 -11.590342 0.000000
vt 2.525594 -11.590342 0.000000
vt 2.525594 -11.834349 0.000000
vt 2.648794 -11.834349 0.000000
vt 2.648794 -12.078356 0.000000
vt 2.771994 -12.078356 0.000000
vt -3.141593 11.590342 0.000000
vt -3.018393 11.346335 0.000000
vt -2.895193 11.102327 0.000000
vt -2.771994 10.858320 0.000000
vt -2.648794 10.614313 0.000000
vt -2.525594 10.370306 0.000000
vt -2.402394 10.126299 0.000000
vt -2.279195 9.882291 0.000000
vt -2.155995 9.638284 0.000000
vt -2.032795 9.394277 0.000000
vt -1.909596 9.150270 0.000000
vt -1.786396 8.906263 0.000000
vt -1.663196 8.662255 0.000000
vt -1.539996 8.418248 0.000000
vt -1.416797 8.174241 0.000000
vt -1.293597 7.930234 0.000000
vt -1.170397 7.686227 0.000000
vt -1.047198 7.442219 0.000000
vt -0.923998 7.198212 0.000000
vt -0.800798 6.954205 0.000000
vt -0.677598 6.710198 0.000000
vt -0.554399 6.466191 0.000000
vt -0.431199 6.222184 0.000000
vt -0.307999 5.978176 0.000000
vt -0.184800 5.734169 0.000000
vt -0.061600 5.490162 0.000000
vt 0.061600 5.246155 0.000000
vt 0.184800 5.002148 0.000000
vt 0.307999 4.758140 0.000000
vt 0.431199 4.514133 0.000000
vt 0.554399 4.270126 0.000000
vt 0.677598 4.026119 0.000000
vt 0.800798 3.782112 0.000000
vt 0.923998 3.538104 0.000000
vt 1.047198 3.294097 0.000000
vt 1.170397 3.050090 0.000000
vt 1.293597 2.806083 0.000000
vt 1.416797 2.562076 0.000000
vt 1.539996 2.318068 0.000000
vt 1.663196 2.074061 0.000000
vt 1.786396 1.830054 0.000000
vt 1.909596 1.586047 0.000000
vt 2.032795 1.342040 0.000000
vt 2.155995 1.098032 0.000000
vt 2.279195 0.854025 0.000000
vt 2.402394 0.610018 0.000000
vt 2.525594 0.366011 0.000000
vt 2.648794 0.122004 0.000000
vt 2.771994 -0.122004 0.000000
vt 2.895193 -0.366011 0.000000
vt 3.018393 -0.610018 0.000000
vt 3.141593 -0.854025 0.000000
vt -3.141593 -0.854025 0.000000
vt -3.018393 -1.098032 0.000000
vt -2.895193 -1.342040 0.000000
vt -2.771994 -1.586047 0.000000
vt -2.648794 -1.830054 0.000000
vt -2.525594 -2.074061 0.000000
vt -2.402394 -2.318068 0.000000
vt -2.279195 -2.562076 0.000000
vt -2.155995 -2.806083 0.000000
vt -2.032795 -3.050090 0.000000
vt -1.909596 -3.294097 0.000000
vt -1.786396 -3.538104 0.000000
vt -1.663196 -3.782112 0.000000
vt -1.539996 -4.026119 0.000000
vt -1.416797 -4.270126 0.000000
vt -1.293597 -4.514133 0.000000
vt -1.170397 -4.758140 0.000000
vt -1.047198 -5.002148 0.000000
vt -0.923998 -5.246155 0.000000
vt -0.800798 -5.490162 0.000000
vt -0.677598 -5.734169 0.000000
vt -0.554399 -5.978176 0.000000
vt -0.431199 -6.222184 0.000000
vt -0.307999 -6.466191 0.000000
vt -0.184800 -6.710198 0.000000
vt -0.061600 -6.954205 0.000000
vt 0.061600 -7.198212 0.000000
vt 0.184800 -7.442219 0.000000
vt 0.307999 -7.686227 0.000000
vt 0.431199 -7.930234 0.000000
vt 0.554399 -8.174241 0.000000
vt 0.677598 -8.418248 0.000000
vt 0.800798 -8.662255 0.000000
vt 0.923998 -8.906263 0.000000
vt 1.047198 -9.150270 0.000000
vt 1.170397 -9.394277 0.000000
vt 1.293597 -9.638284 0.000000
vt 1.416797 -9.882291 0.000000
vt 1.539996 -10.126299 0.000000
vt 1.663196 -10.370306 0.000000
vt 1.786396 -10.614313 0.000000
vt 1.909596 -10.858320 0.000000
vt 2.032795 -11.102327 0.000000
vt 2.155995 -11.346335 0.000000
vt 2.279195 -11.590342 0.000000
vt 2.402394 -11.834349 0.000000
vt 2.525594 -12.078356 0.000000
vt -3.141593 11.346335 0.000000
vt -3.018393 11.102327 0.000000
vt -2.895193 10.858320 0.000000
vt -2.771994 10.614313 0.000000
vt -2.648794 10.370306 0.000000
vt -2.525594 10.126299 0.000000
vt -2.402394 9.882291 0.000000
vt -2.279195 9.638284 0.000000
vt -2.155995 9.394277 0.000000
vt -2.032795 9.150270 0.000000
vt -1.909596 8.906263 0.000000
vt -1.786396 8.662255 0.000000
vt -1.663196 8.418248 0.000000
vt -1.539996 8.174241 0.000000
vt -1.416797 7.930234 0.000000
vt -1.293597 7.686227 0.000000
vt -1.170397 7.442219 0.000000
vt -1.047198 7.198212 0.000000
vt -0.923998 6.954205 0.000000
vt -0.800798 6.710198 0.000000
vt -0.677598 6.466191 0.000000
vt -0.554399 6.222184 0.000000
vt -0.431199 5.978176 0.000000
vt -0.307999 5.734169 0.000000
vt -0.184800 5.490162 0.000000
vt -0.061600 5.246155 0.000000
vt 0.061600 5.002148 0.000000
vt 0.184800 4.758140 0.000000
vt 0.307999 4.514133 0.000000
vt 0.431199 4.270126 0.000000
vt 0.554399 4.026119 0.000000
vt 0.677598 3.782112 0.000000
vt 0.800798 3.538104 0.000000
vt 0.923998 3.294097 0.000000
vt 1.047198 3.050090 0.000000
vt 1.170397 2.806083 0.000000
vt 1.293597 2.562076 0.000000
vt 1.416797 2.318068 0.000000
vt 1.539996 2.074061 0.000000
vt 1.663196 1.830054 0.000000
vt 1.786396 1.586047 0.000000
vt 1.909596 1.342040 0.000000
vt 2.032795 1.098032 0.000000
vt 2.155995 0.854025 0.000000
vt 2.279195 0.610018 0.000000
vt 2.402394 0.366011 0.000000
vt 2.525594 0.122004 0.000000
vt 2.648794 -0.122004 0.000000
vt 2.771994 -0.366011 0.000000
vt 2.895193 -0.610018 0.000000
vt 3.018393 -0.854025 0.000000
vt 3.141593 -1.098032 0.000000
vt -3.141593 -1.098032 0.000000
vt -3.018393 -1.342040 0.000000
vt -2.895193 -1.586047 0.000000
vt -2.771994 -1.830054 0.000000
vt -2.648794 -2.074061 0.000000
vt -2.525594 -2.318068 0.000000
vt -2.402394 -2.562076 0.000000
vt -2.279195 -2.806083 0.000000
vt -2.155995 -3.050090 0.000000
vt -2.032795 -3.294097 0.000000
vt -1.909596 -3.538104 0.000000
vt -1.786396 -3.782112 0.000000
vt -1.663196 -4.026119 0.000000
vt -1.539996 -4.270126 0.000000
vt -1.416797 -4.514133 0.000000
vt -1.293597 -4.758140 0.000000
vt -1.170397 -5.002148 0.000000
vt -1.047198 -5.246155 0.000000
vt -0.923998 -5.490162 0.000000
vt -0.800798 -5.734169 0.000000
vt -0.677598 -5.978176 0.000000
vt -0.554399 -6.222184 0.000000
vt -0.431199 -6.466191 0.000000
vt -0.307999 -6.710198 0.000000
vt -0.184800 -6.954205 0.000000
vt -0.061600 -7.198212 0.000000
vt 0.061600 -7.442219 0.000000
vt 0.184800 -7.686227 0.000000
vt 0.307999 -7.930234 0.000000
vt 0.431199 -8.174241 0.000000
vt 0.554399 -8.418248 0.000000
vt 0.677598 -8.662255 0.000000
vt 0.800798 -8.906263 0.000000
vt 0.923998 -9.150270 0.000000
vt 1.047198 -9.394277 0.000000
vt 1.170397 -9.638284 0.000000
vt 1.293597 -9.882291 0.000000
vt 1.416797 -10.126299 0.000000
vt 1.539996 -10.370306 0.000000
vt 1.663196 -10.614313 0.000000
vt 1.786396 -10.858320 0.000000
vt 1.909596 -11.102327 0.000000
vt 2.032795 -11.346335 0.000000
vt 2.155995 -11.590342 0.000000
vt 2.279195 -11.834349 0.000000
vt 2.402394 -12.078356 0.000000
vt -3.141593 11.102327 0.000000
vt -3.018393 10.858320 0.000000
vt -2.895193 10.614313 0.000000
vt -2.771994 10.370306 0.000000
vt -2.648794 10.126299 0.000000
vt -2.525594 9.882291 0.000000
vt -2.402394 9.638284 0.000000
vt -2.279195 9.394277 0.000000
vt -2.155995 9.150270 0.000000
vt -2.032795 8.906263 0.000000
vt -1.909596 8.662255 0.000000
vt -1.786396 8.418248 0.000000
vt -1.663196 8.174241 0.000000
vt -1.539996 7.930234 0.000000
vt -1.416797 7.686227 0.000000
vt -1.293597 7.442219 0.000000
vt -1.170397 7.198212 0.000000
vt -1.047198 6.954205 0.000000
vt -0.923998 6.710198 0.000000
vt -0.800798 6.466191 0.000000
vt -0.677598 6.222184 0.000000
vt -0.554399 5.978176 0.000000
vt -0.431199 5.734169 0.000000
vt -0.307999 5.490162 0.000000
vt -0.184800 5.246155 0.000000
vt -0.061600 5.002148 0.000000
vt 0.061600 4.758140 0.000000
vt 0.184800 4.514133 0.000000
vt 0.307999 4.270126 0.000000
vt 0.431199 4.026119 0.000000
vt 0.554399 3.782112 0.000000
vt 0.677598 3.538104 0.000000
vt 0.800798 3.294097 0.000000
vt 0.923998 3.050090 0.000000
vt 1.047198 2.806083 0.000000
vt 1.170397 2.562076 0.000000
vt 1.293597 2.318068 0.000000
vt 1.416797 2.074061 0.000000
vt 1.539996 1.830054 0.000000
vt 1.663196 1.586047 0.000000
vt 1.786396 1.342040 0.000000
vt 1.909596 1.098032 0.000000
vt 2.032795 0.854025 0.000000
vt 2.155995 0.610018 0.000000
vt 2.279195 0.366011 0.000000
vt 2.402394 0.122004 0.000000
vt 2.525594 -0.122004 0.000000
vt 2.648794 -0.366011 0.000000
vt 2.771994 -0.610018 0.000000
vt 2.895193 -0.854025 0.000000
vt 3.018393 -1.098032 0.000000
vt 3.141593 -1.342040 0.000000
vt -3.141593 -1.342040 0.000000
vt -3.018393 -1.586047 0.000000
vt -2.895193 -1.830054 0.000000
vt -2.771994 -2.074061 0.000000
vt -2.648794 -2.318068 0.000000
vt -2.525594 -2.562076 0.000000
vt -2.402394 -2.806083 0.000000
vt -2.279195 -3.050090 0.000000
vt -2.155995 -3.294097 0.000000
vt -2.032795 -3.538104 0.000000
vt -1.909596 -3.782112 0.000000
vt -1.786396 -4.026119 0.000000
vt -1.663196 -4.270126 0.000000
vt -1.539996 -4.514133 0.000000
vt -1.416797 -4.758140 0.000000
vt -1.293597 -5.002148 0.000000
vt -1.170397 -5.246155 0.000000
vt -1.047198 -5.490162 0.000000
vt -0.923998 -5.734169 0.000000
vt -0.800798 -5.978176 0.000000
vt -0.677598 -6.222184 0.000000
vt -0.554399 -6.466191 0.000000
vt -0.431199 -6.710198 0.000000
vt -0.307999 -6.954205 0.000000
vt -0.184800 -7.198212 0.000000
vt -0.061600 -7.442219 0.000000
vt 0.061600 -7.686227 0.000000
vt 0.184800 -7.930234 0.000000
vt 0.307999 -8.174241 0.000000
vt 0.431199 -8.418248 0.000000
vt 0.554399 -8.662255 0.000000
vt 0.677598 -8.906263 0.000000
vt 0.800798 -9.150270 0.000000
vt 0.923998 -9.394277 0.000000
vt 1.047198 -9.638284 0.000000
vt 1.170397 -9.882291 0.000000
vt 1.293597 -10.126299 0.000000
vt 1.416797 -10.370306 0.000000
vt 1.539996 -10.614313 0.000000
vt 1.663196 -10.858320 0.000000
vt 1.786396 -11.102327 0.000000
vt 1.909596 -11.346335 0.000000
vt 2.032795 -11.590342 0.000000
vt 2.155995 -11.834349 0.000000
vt 2.279195 -12.078356 0.000000
vt -3.141593 10.858320 0.000000
vt -3.018393 10.614313 0.000000
vt -2.895193 10.370306 0.000000
vt -2.771994 10.126299 0.000000
vt -2.648794 9.882291 0.000000
vt -2.525594 9.638284 0.000000
vt -2.402394 9.394277 0.000000
vt -2.279195 9.150270 0.000000
vt -2.155995 8.906263 0.000000
vt -2.032795 8.662255 0.000000
vt -1.909596 8.418248 0.000000
vt -1.786396 8.174241 0.000000
vt -1.663196 7.930234 0.000000
vt -1.539996 7.686227 0.000000
vt -1.416797 7.442219 0.000000
vt -1.293597 7.198212 0.000000
vt -1.170397 6.954205 0.000000
vt -1.047198 6.710198 0.000000
vt -0.923998 6.466191 0.000000
vt -0.800798 6.222184 0.000000
vt -0.677598 5.978176 0.000000
vt -0.554399 5.734169 0.000000
vt -0.431199 5.490162 0.000000
vt -0.307999 5.246155 0.000000
vt -0.184800 5.002148 0.000000
vt -0.061600 4.758140 0.000000
vt 0.061600 4.514133 0.000000
vt 0.184800 4.270126 0.000000
vt 0.307999 4.026119 0.000000
vt 0.431199 3.782112 0.000000
vt 0.554399 3.538104 0.000000
vt 0.677598 3.294097 0.000000
vt 0.800798 3.050090 0.000000
vt 0.923998 2.806083 0.000000
vt 1.047198 2.562076 0.000000
vt 1.170397 2.318068 0.000000
vt 1.293597 2.074061 0.000000
vt 1.416797 1.830054 0.000000
vt 1.539996 1.586047 0.000000
vt 1.663196 1.342040 0.000000
vt 1.786396 1.098032 0.000000
vt 1.909596 0.854025 0.000000
vt 2.032795 0.610018 0.000000
vt 2.155995 0.366011 0.000000
vt 2.279195 0.122004 0.000000
vt 2.402394 -0.122004 0.000000
vt 2.525594 -0.366011 0.000000
vt 2.648794 -0.610018 0.000000
vt 2.771994 -0.854025 0.000000
vt 2.895193 -1.098032 0.000000
vt 3.018393 -1.342040 0.000000
vt 3.141593 -1.586047 0.000000
vt -3.141593 -1.586047 0.000000
vt -3.018393 -1.830054 0.000000
vt -2.895193 -2.074061 0.000000
vt -2.771994 -2.318068 0.000000
vt -2.648794 -2.562076 0.000000
vt -2.525594 -2.806083 0.000000
vt -2.402394 -3.050090 0.000000
vt -2.279195 -3.294097 0.000000
vt -2.155995 -3.538104 0.000000
vt -2.032795 -3.782112 0.000000
vt -1.909596 -4.026119 0.000000
vt -1.786396 -4.270126 0.000000
vt -1.663196 -4.514133 0.000000
vt -1.539996 -4.758140 0.000000
vt -1.416797 -5.002148 0.000000
vt -1.293597 -5.246155 0.000000
vt -1.170397 -5.490162 0.000000
vt -1.047198 -5.734169 0.000000
vt -0.923998 -5.978176 0.000000
vt -0.800798 -6.222184 0.000000
vt -0.677598 -6.466191 0.000000
vt -0.554399 -6.710198 0.000000
vt -0.431199 -6.954205 0.000000
vt -0.307999 -7.198212 0.000000
vt -0.184800 -7.442219 0.000000
vt -0.061600 -7.686227 0.000000
vt 0.061600 -7.930234 0.000000
vt 0.184800 -8.174241 0.000000
vt 0.307999 -8.418248 0.000000
vt 0.431199 -8.662255 0.000000
vt 0.554399 -8.906263 0.000000
vt 0.677598 -9.150270 0.000000
vt 0.800798 -9.394277 0.000000
vt 0.923998 -9.638284 0.000000
vt 1.047198 -9.882291 0.000000
vt 1.170397 -10.126299 0.000000
vt 1.293597 -10.370306 0.000000
vt 1.416797 -10.614313 0.000000
vt 1.539996 -10.858320 0.000000
vt 1.663196 -11.102327 0.000000
vt 1.786396 -11.346335 0.000000
vt 1.909596 -11.590342 0.000000
vt 2.032795 -11.834349 0.000000
vt 2.155995 -12.078356 0.000000
vt -3.141593 10.614313 0.000000
vt -3.018393 10.370306 0.000000
vt -2.895193 10.126299 0.000000
vt -2.771994 9.882291 0.000000
vt -2.648794 9.638284 0.000000
vt -2.525594 9.394277 0.000000
vt -2.402394 9.150270 0.000000
vt -2.279195 8.906263 0.000000
vt -2.155995 8.662255 0.000000
vt -2.032795 8.418248 0.000000
vt -1.909596 8.174241 0.000000
vt -1.786396 7.930234 0.000000
vt -1.663196 7.686227 0.000000
vt -1.539996 7.442219 0.000000
vt -1.416797 7.198212 0.000000
vt -1.293597 6.954205 0.000000
vt -1.170397 6.710198 0.000000
vt -1.047198 6.466191 0.000000
vt -0.923998 6.222184 0.000000
vt -0.800798 5.978176 0.000000
vt -0.677598 5.734169 0.000000
vt -0.554399 5.490162 0.000000
vt -0.431199 5.246155 0.000000
vt -0.307999 5.002148 0.000000
vt -0.184800 4.758140 0.000000
vt -0.061600 4.514133 0.000000
vt 0.061600 4.270126 0.000000
vt 0.184800 4.026119 0.000000
vt 0.307999 3.782112 0.000000
vt 0.431199 3.538104 0.000000
vt 0.554399 3.294097 0.000000
vt 0.677598 3.050090 0.000000
vt 0.800798 2.806083 0.000000
vt 0.923998 2.562076 0.000000
vt 1.047198 2.318068 0.000000
vt 1.170397 2.074061 0.000000
vt 1.293597 1.830054 0.000000
vt 1.416797 1.586047 0.000000
vt 1.539996 1.342040 0.000000
vt 1.663196 1.098032 0.000000
vt 1.786396 0.854025 0.000000
vt 1.909596 0.610018 0.000000
vt 2.032795 0.366011 0.000000
vt 2.155995 0.122004 0.000000
vt 2.279195 -0.122004 0.000000
vt 2.402394 -0.366011 0.000000
vt 2.525594 -0.610018 0.000000
vt 2.648794 -0.854025 0.000000
vt 2.771994 -1.098032 0.000000
vt 2.895193 -1.342040 0.000000
vt 3.018393 -1.586047 0.000000
vt 3.141593 -1.830054 0.000000
vt -3.141593 -1.830054 0.000000
vt -3.018393 -2.074061 0.000000
vt -2.895193 -2.318068 0.000000
vt -2.771994 -2.562076 0.000000
vt -2.648794 -2.806083 0.000000
vt -2.525594 -3.050090 0.000000
vt -2.402394 -3.294097 0.000000
vt -2.279195 -3.538104 0.000000
vt -2.155995 -3.782112 0.000000
vt -2.032795 -4.026119 0.000000
vt -1.909596 -4.270126 0.000000
vt -1.786396 -4.514133 0.000000
vt -1.663196 -4.758140 0.000000
vt -1.539996 -5.002148 0.000000
vt -1.416797 -5.246155 0.000000
vt -1.293597 -5.490162 0.000000
vt -1.170397 -5.734169 0.000000
vt -1.047198 -5.978176 0.000000
vt -0.923998 -6.222184 0.000000
vt -0.800798 -6.466191 0.000000
vt -0.677598 -6.710198 0.000000
vt -0.554399 -6.954205 0.000000
vt -0.431199 -7.198212 0.000000
vt -0.307999 -7.442219 0.000000
vt -0.184800 -7.686227 0.000000
vt -0.061600 -7.930234 0.000000
vt 0.061600 -8.174241 0.000000
vt 0.184800 -8.418248 0.000000
vt 0.307999 -8.662255 0.000000
vt 0.431199 -8.906263 0.000000
vt 0.554399 -9.150270 0.000000
vt 0.677598 -9.394277 0.000000
vt 0.800798 -9.638284 0.000000
vt 0.923998 -9.882291 0.000000
vt 1.047198 -10.126299 0.000000
vt 1.170397 -10.370306 0.000000
vt 1.293597 -10.614313 0.000000
vt 1.416797 -10.858320 0.000000
vt 1.539996 -11.102327 0.000000
vt 1.663196 -11.346335 0.000000
vt 1.786396 -11.590342 0.000000
vt 1.909596 -11.834349 0.000000
vt 2.032795 -12.078356 0.000000
vt -3.141593 10.370306 0.000000
vt -3.018393 10.126299 0.000000
vt -2.895193 9.882291 0.000000
vt -2.771994 9.638284 0.000000
vt -2.648794 9.394277 0.000000
vt -2.525594 9.150270 0.000000
vt -2.402394 8.906263 0.000000
vt -2.279195 8.662255 0.000000
vt -2.155995 8.418248 0.000000
vt -2.032795 8.174241 0.000000
vt -1.909596 7.930234 0.000000
vt -1.786396 7.686227 0.000000
vt -1.663196 7.442219 0.000000
vt -1.539996 7.198212 0.000000
vt -1.416797 6.954205 0.000000
vt -1.293597 6.710198 0.000000
vt -1.170397 6.466191 0.000000
vt -1.047198 6.222184 0.000000
vt -0.923998 5.978176 0.000000
vt -0.800798 5.734169 0.000000
vt -0.677598 5.490162 0.000000
vt -0.554399 5.246155 0.000000
vt -0.431199 5.002148 0.000000
vt -0.307999 4.758140 0.000000
vt -0.184800 4.514133 0.000000
vt -0.061600 4.270126 0.000000
vt 0.061600 4.026119 0.000000
vt 0.184800 3.782112 0.000000
vt 0.307999 3.538104 0.000000
vt 0.431199 3.294097 0.000000
vt 0.554399 3.050090 0.000000
vt 0.677598 2.806083 0.000000
vt 0.800798 2.562076 0.000000
vt 0.923998 2.318068 0.000000
vt 1.047198 2.074061 0.000000
vt 1.170397 1.830054 0.000000
vt 1.293597 1.586047 0.000000
vt 1.416797 1.342040 0.000000
vt 1.539996 1.098032 0.000000
vt 1.663196 0.854025 0.000000
vt 1.786396 0.610018 0.000000
vt 1.909596 0.366011 0.000000
vt 2.032795 0.122004 0.000000
vt 2.155995 -0.122004 0.000000
vt 2.279195 -0.366011 0.000000
vt 2.402394 -0.610018 0.000000
vt 2.525594 -0.854025 0.000000
vt 2.648794 -1.098032 0.000000
vt 2.771994 -1.342040 0.000000
vt 2.895193 -1.586047 0.000000
vt 3.018393 -1.830054 0.000000
vt 3.141593 -2.074061 0.000000
vt -3.141593 -2.074061 0.000000
vt -3.018393 -2.318068 0.000000
vt -2.895193 -2.562076 0.000000
vt -2.771994 -2.806083 0.000000
vt -2.648794 -3.050090 0.000000
vt -2.525594 -3.294097 0.000000
vt -2.402394 -3.538104 0.000000
vt -2.279195 -3.782112 0.000000
vt -2.155995 -4.026119 0.000000
vt -2.032795 -4.270126 0.000000
vt -1.909596 -4.514133 0.000000
vt -1.786396 -4.758140 0.000000
vt -1.663196 -5.002148 0.000000
vt -1.539996 -5.246155 0.000000
vt -1.416797 -5.490162 0.000000
vt -1.293597 -5.734169 0.000000
vt -1.170397 -5.978176 0.000000
vt -1.047198 -6.222184 0.000000
vt -0.923998 -6.466191 0.000000
vt -0.800798 -6.710198 0.000000
vt -0.677598 -6.954205 0.000000
vt -0.554399 -7.198212 0.000000
vt -0.431199 -7.442219 0.000000
vt -0.307999 -7.686227 0.000000
vt -0.184800 -7.930234 0.000000
vt -0.061600 -8.174241 0.000000
vt 0.061600 -8.418248 0.000000
vt 0.184800 -8.662255 0.000000
vt 0.307999 -8.906263 0.000000
vt 0.431199 -9.150270 0.000000
vt 0.554399 -9.394277 0.000000
vt 0.677598 -9.638284 0.000000
vt 0.800798 -9.882291 0.000000
vt 0.923998 -10.126299 0.000000
vt 1.047198 -10.370306 0.000000
vt 1.170397 -10.614313 0.000000
vt 1.293597 -10.858320 0.000000
vt 1.416797 -11.102327 0.000000
vt 1.539996 -11.346335 0.000000
vt 1.663196 -11.590342 0.000000
vt 1.786396 -11.834349 0.000000
vt 1.909596 -12.078356 0.000000
vt 2.032795 -12.322363 0.000000
vt -3.141593 10.126299 0.000000
vt -3.018393 9.882291 0.000000
vt -2.895193 9.638284 0.000000
vt -2.771994 9.394277 0.000000
vt -2.648794 9.150270 0.000000
vt -2.525594 8.906263 0.000000
vt -2.402394 8.662255 0.000000
vt -2.279195 8.418248 0.000000
vt -2.155995 8.174241 0.000000
vt -2.032795 7.930234 0.000000
vt -1.909596 7.686227 0.000000
vt -1.786396 7.442219 0.000000
vt -1.663196 7.198212 0.000000
vt -1.539996 6.954205 0.000000
vt -1.416797 6.710198 0.000000
vt -1.293597 6.466191 0.000000
vt -1.170397 6.222184 0.000000
vt -1.047198 5.978176 0.000000
vt -0.923998 5.734169 0.000000
vt -0.800798 5.490162 0.000000
vt -0.677598 5.246155 0.000000
vt -0.554399 5.002148 0.000000
vt -0.431199 4.758140 0.000000
vt -0.307999 4.514133 0.000000
vt -0.184800 4.270126 0.000000
vt -0.061600 4.026119 0.000000
vt 0.061600 3.782112 0.000000
vt 0.184800 3.538104 0.000000
vt 0.307999 3.294097 0.000000
vt 0.431199 3.050090 0.000000
vt 0.554399 2.806083 0.000000
vt 0.677598 2.562076 0.000000
vt 0.800798 2.318068 0.000000
vt 0.923998 2.074061 0.000000
vt 1.047198 1.830054 0.000000
vt 1.170397 1.586047 0.000000
vt 1.293597 1.342040 0.000000
vt 1.416797 1.098032 0.000000
vt 1.539996 0.854025 0.000000
vt 1.663196 0.610018 0.000000
vt 1.786396 0.366011 0.000000
vt 1.909596 0.122004 0.000000
vt 2.032795 -0.122004 0.000000
vt 2.155995 -0.366011 0.000000
vt 2.279195 -0.610018 0.000000
vt 2.402394 -0.854025 0.000000
vt 2.525594 -1.098032 0.000000
vt 2.648794 -1.342040 0.000000
vt 2.771994 -1.586047 0.000000
vt 2.895193 -1.830054 0.000000
vt 3.018393 -2.074061 0.000000
vt 3.141593 -2.318068 0.000000
vt -3.141593 -2.318068 0.000000
vt -3.018393 -2.562076 0.000000
vt -2.895193 -2.806083 0.000000
vt -2.771994 -3.050090 0.000000
vt -2.648794 -3.294097 0.000000
vt -2.525594 -3.538104 0.000000
vt -2.402394 -3.782112 0.000000
vt -2.279195 -4.026119 0.000000
vt -2.155995 -4.270126 0.000000
vt -2.032795 -4.514133 0.000000
vt -1.909596 -4.758140 0.000000
vt -1.786396 -5.002148 0.000000
vt -1.663196 -5.246155 0.000000
vt -1.539996 -5.490162 0.000000
vt -1.416797 -5.734169 0.000000
vt -1.293597 -5.978176 0.000000
vt -1.170397 -6.222184 0.000000
vt -1.047198 -6.466191 0.000000
vt -0.923998 -6.710198 0.000000
vt -0.800798 -6.954205 0.000000
vt -0.677598 -7.198212 0.000000
vt -0.554399 -7.442219 0.000000
vt -0.431199 -7.686227 0.000000
vt -0.307999 -7.930234 0.000000
vt -0.184800 -8.174241 0.000000
vt -0.061600 -8.418248 0.000000
vt 0.061600 -8.662255 0.000000
vt 0.184800 -8.906263 0.000000
vt 0.307999 -9.150270 0.000000
vt 0.431199 -9.394277 0.000000
vt 0.554399 -9.638284 0.000000
vt 0.677598 -9.882291 0.000000
vt 0.800798 -10.126299 0.000000
vt 0.923998 -10.370306 0.000000
vt 1.047198 -10.614313 0.000000
vt 1.170397 -10.858320 0.000000
vt 1.293597 -11.102327 0.000000
vt 1.416797 -11.346335 0.000000
vt 1.539996 -11.590342 0.000000
vt 1.663196 -11.834349 0.000000
vt 1.786396 -12.078356 0.000000
vt 1.909596 -12.322363 0.000000
vt 2.032795 -12.566371 0.000000
vt -3.141593 9.882291 0.000000
vt -3.018393 9.638284 0.000000
vt -2.895193 9.394277 0.000000
vt -2.771994 9.150270 0.000000
vt -2.648794 8.906263 0.000000
vt -2.525594 8.662255 0.000000
vt -2.402394 8.418248 0.000000
vt -2.279195 8.174241 0.000000
vt -2.155995 7.930234 0.000000
vt -2.032795 7.686227 0.000000
vt -1.909596 7.442219 0.000000
vt -1.786396 7.198212 0.000000
vt -1.663196 6.954205 0.000000
vt -1.539996 6.710198 0.000000
vt -1.416797 6.466191 0.000000
vt -1.293597 6.222184 0.000000
vt -1.170397 5.978176 0.000000
vt -1.047198 5.734169 0.000000
vt -0.923998 5.490162 0.000000
vt -0.800798 5.246155 0.000000
vt -0.677598 5.002148 0.000000
vt -0.554399 4.758140 0.000000
vt -0.431199 4.514133 0.000000
vt -0.307999 4.270126 0.000000
vt -0.184800 4.026119 0.000000
vt -0.061600 3.782112 0.000000
vt 0.061600 3.538104 0.000000
vt 0.184800 3.294097 0.000000
vt 0.307999 3.050090 0.000000
vt 0.431199 2.806083 0.000000
vt 0.554399 2.562076 0.000000
vt 0.677598 2.318068 0.000000
vt 0.800798 2.074061 0.000000
vt 0.923998 1.830054 0.000000
vt 1.047198 1.586047 0.000000
vt 1.170397 1.342040 0.000000
vt 1.293597 1.098032 0.000000
vt 1.416797 0.854025 0.000000
vt 1.539996 0.610018 0.000000
vt 1.663196 0.366011 0.000000
vt 1.786396 0.122004 0.000000
vt 1.909596 -0.122004 0.000000
vt 2.032795 -0.366011 0.000000
vt 2.155995 -0.610018 0.000000
vt 2.279195 -0.854025 0.000000
vt 2.402394 -1.098032 0.000000
vt 2.525594 -1.342040 0.000000
vt 2.648794 -1.586047 0.000000
vt 2.771994 -1.830054 0.000000
vt 2.895193 -2.074061 0.000000
vt 3.018393 -2.318068 0.000000
vt 3.141593 -2.562076 0.000000
vt -3.141593 -2.562076 0.000000
vt -3.018393 -2.806083 0.000000
vt -2.895193 -3.050090 0.000000
vt -2.771994 -3.294097 0.000000
vt -2.648794 -3.538104 0.000000
vt -2.525594 -3.782112 0.000000
vt -2.402394 -4.026119 0.000000
vt -2.279195 -4.270126 0.000000
vt -2.155995 -4.514133 0.000000
vt -2.032795 -4.758140 0.000000
vt -1.909596 -5.002148 0.000000
vt -1.786396 -5.246155 0.000000
vt -1.663196 -5.490162 0.000000
vt -1.539996 -5.734169 0.000000
vt -1.416797 -5.978176 0.000000
vt -1.293597 -6.222184 0.000000
vt -1.170397 -6.466191 0.000000
vt -1.047198 -6.710198 0.000000
vt -0.923998 -6.954205 0.000000
vt -0.800798 -7.198212 0.000000
vt -0.677598 -7.442219 0.000000
vt -0.554399 -7.686227 0.000000
vt -0.431199 -7.930234 0.000000
vt -0.307999 -8.174241 0.000000
vt -0.184800 -8.418248 0.000000
vt -0.061600 -8.662255 0.000000
vt 0.061600 -8.906263 0.000000
vt 0.184800 -9.150270 0.000000
vt 0.307999 -9.394277 0.000000
vt 0.431199 -9.638284 0.000000
vt 0.554399 -9.882291 0.000000
vt 0.677598 -10.126299 0.000000
vt 0.800798 -10.370306 0.000000
vt 0.923998 -10.614313 0.000000
vt 1.047198 -10.858320 0.000000
vt 1.170397 -11.102327 0.000000
vt 1.293597 -11.346335 0.000000
vt 1.416797 -11.590342 0.000000
vt 1.539996 -11.834349 0.000000
vt 1.663196 -12.078356 0.000000
vt 1.786396 -12.322363 0.000000
vt 1.909596 -12.566371 0.000000
vt -3.141593 9.638284 0.000000
vt -3.018393 9.394277 0.000000
vt -2.895193 9.150270 0.000000
vt -2.771994 8.906263 0.000000
vt -2.648794 8.662255 0.000000
vt -2.525594 8.418248 0.000000
vt -2.402394 8.174241 0.000000
vt -2.279195 7.930234 0.000000
vt -2.155995 7.686227 0.000000
vt -2.032795 7.442219 0.000000
vt -1.909596 7.198212 0.000000
vt -1.786396 6.954205 0.000000
vt -1.663196 6.710198 0.000000
vt -1.539996 6.466191 0.000000
vt -1.416797 6.222184 0.000000
vt -1.293597 5.978176 0.000000
vt -1.170397 5.734169 0.000000
vt -1.047198 5.490162 0.000000
vt -0.923998 5.246155 0.000000
vt -0.800798 5.002148 0.000000
vt -0.677598 4.758140 0.000000
vt -0.554399 4.514133 0.000000
vt -0.431199 4.270126 0.000000
vt -0.307999 4.026119 0.000000
vt -0.184800 3.782112 0.000000
vt -0.061600 3.538104 0.000000
vt 0.061600 3.294097 0.000000
vt 0.184800 3.050090 0.000000
vt 0.307999 2.806083 0.000000
vt 0.431199 2.562076 0.000000
vt 0.554399 2.318068 0.000000
vt 0.677598 2.074061 0.000000
vt 0.800798 1.830054 0.000000
vt 0.923998 1.586047 0.000000
vt 1.047198 1.342040 0.000000
vt 1.170397 1.098032 0.000000
vt 1.293597 0.854025 0.000000
vt 1.416797 0.610018 0.000000
vt 1.539996 0.366011 0.000000
vt 1.663196 0.122004 0.000000
vt 1.786396 -0.122004 0.000000
vt 1.909596 -0.366011 0.000000
vt 2.032795 -0.610018 0.000000
vt 2.155995 -0.854025 0.000000
vt 2.279195 -1.098032 0.000000
vt 2.402394 -1.342040 0.000000
vt 2.525594 -1.586047 0.000000
vt 2.648794 -1.830054 0.000000
vt 2.771994 -2.074061 0.000000
vt 2.895193 -2.318068 0.000000
vt 3.018393 -2.562076 0.000000
vt 3.141593 -2.806083 0.000000
vt -3.141593 -2.806083 0.000000
vt -3.018393 -3.050090 0.000000
vt -2.895193 -3.294097 0.000000
vt -2.771994 -3.538104 0.000000
vt -2.648794 -3.782112 0.000000
vt -2.525594 -4.026119 0.000000
vt -2.402394 -4.270126 0.000000
vt -2.279195 -4.514133 0.000000
vt -2.155995 -4.758140 0.000000
vt -2.032795 -5.002148 0.000000
vt -1.909596 -5.246155 0.000000
vt -1.786396 -5.490162 0.000000
vt -1.663196 -5.734169 0.000000
vt -1.539996 -5.978176 0.000000
vt -1.416797 -6.222184 0.000000
vt -1.293597 -6.466191 0.000000
vt -1.170397 -6.710198 0.000000
vt -1.047198 -6.954205 0.000000
vt -0.923998 -7.198212 0.000000
vt -0.800798 -7.442219 0.000000
vt -0.677598 -7.686227 0.000000
vt -0.554399 -7.930234 0.000000
vt -0.431199 -8.174241 0.000000
vt -0.307999 -8.418248 0.000000
vt -0.184800 -8.662255 0.000000
vt -0.061600 -8.906263 0.000000
vt 0.061600 -9.150270 0.000000
vt 0.184800 -9.394277 0.000000
vt 0.307999 -9.638284 0.000000
vt 0.431199 -9.882291 0.000000
vt 0.554399 -10.126299 0.000000
vt 0.677598 -10.370306 0.000000
vt 0.800798 -10.614313 0.000000
vt 0.923998 -10.858320 0.000000
vt 1.047198 -11.102327 0.000000
vt 1.170397 -11.346335 0.000000
vt 1.293597 -11.590342 0.000000
vt 1.416797 -11.834349 0.000000
vt 1.539996 -12.078356 0.000000
vt 1.663196 -12.322363 0.000000
vt 1.786396 -12.566371 0.000000
vt -3.141593 9.394277 0.000000
vt -3.018393 9.150270 0.000000
vt -2.895193 8.906263 0.000000
vt -2.771994 8.662255 0.000000
vt -2.648794 8.418248 0.000000
vt -2.525594 8.174241 0.000000
vt -2.402394 7.930234 0.000000
vt -2.279195 7.686227 0.000000
vt -2.155995 7.442219 0.000000
vt -2.032795 7.198212 0.000000
vt -1.909596 6.954205 0.000000
vt -1.786396 6.710198 0.000000
vt -1.663196 6.466191 0.000000
vt -1.539996 6.222184 0.000000
vt -1.416797 5.978176 0.000000
vt -1.293597 5.734169 0.000000
vt -1.170397 5.490162 0.000000
vt -1.047198 5.246155 0.000000
vt -0.923998 5.002148 0.000000
vt -0.800798 4.758140 0.000000
vt -0.677598 4.514133 0.000000
vt -0.554399 4.270126 0.000000
vt -0.431199 4.026119 0.000000
vt -0.307999 3.782112 0.000000
vt -0.184800 3.538104 0.000000
vt -0.061600 3.294097 0.000000
vt 0.061600 3.050090 0.000000
vt 0.184800 2.806083 0.000000
vt 0.307999 2.562076 0.000000
vt 0.431199 2.318068 0.000000
vt 0.554399 2.074061 0.000000
vt 0.677598 1.830054 0.000000
vt 0.800798 1.586047 0.000000
vt 0.923998 1.342040 0.000000
vt 1.047198 1.098032 0.000000
vt 1.170397 0.854025 0.000000
vt 1.293597 0.610018 0.000000
vt 1.416797 0.366011 0.000000
vt 1.539996 0.122004 0.000000
vt 1.663196 -0.122004 0.000000
vt 1.786396 -0.366011 0.000000
vt 1.909596 -0.610018 0.000000
vt 2.032795 -0.854025 0.000000
vt 2.155995 -1.098032 0.000000
vt 2.279195 -1.342040 0.000000
vt 2.402394 -1.586047 0.000000
vt 2.525594 -1.830054 0.000000
vt 2.648794 -2.074061 0.000000
vt 2.771994 -2.318068 0.000000
vt 2.895193 -2.562076 0.000000
vt 3.018393 -2.806083 0.000000
vt 3.141593 -3.050090 0.000000
vt -3.141593 -3.050090 0.000000
vt -3.018393 -3.294097 0.000000
vt -2.895193 -3.538104 0.000000
vt -2.771994 -3.782112 0.000000
vt -2.648794 -4.026119 0.000000
vt -2.525594 -4.270126 0.000000
vt -2.402394 -4.514133 0.000000
vt -2.279195 -4.758140 0.000000
vt -2.155995 -5.002148 0.000000
vt -2.032795 -5.246155 0.000000
vt -1.909596 -5.490162 0.000000
vt -1.786396 -5.734169 0.000000
vt -1.663196 -5.978176 0.000000
vt -1.539996 -6.222184 0.000000
vt -1.416797 -6.466191 0.000000
vt -1.293597 -6.710198 0.000000
vt -1.170397 -6.954205 0.000000
vt -1.047198 -7.198212 0.000000
vt -0.923998 -7.442219 0.000000
vt -0.800798 -7.686227 0.000000
vt -0.677598 -7.930234 0.000000
vt -0.554399 -8.174241 0.000000
vt -0.431199 -8.418248 0.000000
vt -0.307999 -8.662255 0.000000
vt -0.184800 -8.906263 0.000000
vt -0.061600 -9.150270 0.000000
vt 0.061600 -9.394277 0.000000
vt 0.184800 -9.638284 0.000000
vt 0.307999 -9.882291 0.000000
vt 0.431199 -10.126299 0.000000
vt 0.554399 -10.370306 0.000000
vt 0.677598 -10.614313 0.000000
vt 0.800798 -10.858320 0.000000
vt 0.923998 -11.102327 0.000000
vt 1.047198 -11.346335 0.000000
vt 1.170397 -11.590342 0.000000
vt 1.293597 -11.834349 0.000000
vt 1.416797 -12.078356 0.000000
vt 1.539996 -12.322363 0.000000
vt 1.663196 -12.566371 0.000000
vt -3.141593 9.150270 0.000000
vt -3.018393 8.906263 0.000000
vt -2.895193 8.662255 0.000000
vt -2.771994 8.418248 0.000000
vt -2.648794 8.174241 0.000000
vt -2.525594 7.930234 0.000000
vt -2.402394 7.686227 0.000000
vt -2.279195 7.442219 0.000000
vt -2.155995 7.198212 0.000000
vt -2.032795 6.954205 0.000000
vt -1.909596 6.710198 0.000000
vt -1.786396 6.466191 0.000000
vt -1.663196 6.222184 0.000000
vt -1.539996 5.978176 0.000000
vt -1.416797 5.734169 0.000000
vt -1.293597 5.490162 0.000000
vt -1.170397 5.246155 0.000000
vt -1.047198 5.002148 0.000000
vt -0.923998 4.758140 0.000000
vt -0.800798 4.514133 0.000000
vt -0.677598 4.270126 0.000000
vt -0.554399 4.026119 0.000000
vt -0.431199 3.782112 0.000000
vt -0.307999 3.538104 0.000000
vt -0.184800 3.294097 0.000000
vt -0.061600 3.050090 0.000000
vt 0.061600 2.806083 0.000000
vt 0.184800 2.562076 0.000000
vt 0.307999 2.318068 0.000000
vt 0.431199 2.074061 0.000000
vt 0.554399 1.830054 0.000000
vt 0.677598 1.586047 0.000000
vt 0.800798 1.342040 0.000000
vt 0.923998 1.098032 0.000000
vt 1.047198 0.854025 0.000000
vt 1.170397 0.610018 0.000000
vt 1.293597 0.366011 0.000000
vt 1.416797 0.122004 0.000000
vt 1.539996 -0.122004 0.000000
vt 1.663196 -0.366011 0.000000
vt 1.786396 -0.610018 0.000000
vt 1.909596 -0.854025 0.000000
vt 2.032795 -1.098032 0.000000
vt 2.155995 -1.342040 0.000000
vt 2.279195 -1.586047 0.000000
vt 2.402394 -1.830054 0.000000
vt 2.525594 -2.074061 0.000000
vt 2.648794 -2.318068 0.000000
vt 2.771994 -2.562076 0.000000
vt 2.895193 -2.806083 0.000000
vt 3.018393 -3.050090 0.000000
vt 3.141593 -3.294097 0.000000
vt -3.141593 -3.294097 0.000000
vt -3.018393 -3.538104 0.000000
vt -2.895193 -3.782112 0.000000
vt -2.771994 -4.026119 0.000000
vt -2.648794 -4.270126 0.000000
vt -2.525594 -4.514133 0.000000
vt -2.402394 -4.758140 0.000000
vt -2.279195 -5.002148 0.000000
vt -2.155995 -5.246155 0.000000
vt -2.032795 -5.490162 0.000000
vt -1.909596 -5.734169 0.000000
vt -1.786396 -5.978176 0.000000
vt -1.663196 -6.222184 0.000000
vt -1.539996 -6.466191 0.000000
vt -1.416797 -6.710198 0.000000
vt -1.293597 -6.954205 0.000000
vt -1.170397 -7.198212 0.000000
vt -1.047198 -7.442219 0.000000
vt -0.923998 -7.686227 0.000000
vt -0.800798 -7.930234 0.000000
vt -0.677598 -8.174241 0.000000
vt -0.554399 -8.418248 0.000000
vt -0.431199 -8.662255 0.000000
vt -0.307999 -8.906263 0.000000
vt -0.184800 -9.150270 0.000000
vt -0.061600 -9.394277 0.000000
vt 0.061600 -9.638284 0.000000
vt 0.184800 -9.882291 0.000000
vt 0.307999 -10.126299 0.000000
vt 0.431199 -10.370306 0.000000
vt 0.554399 -10.614313 0.000000
vt 0.677598 -10.858320 0.000000
vt 0.800798 -11.102327 0.000000
vt 0.923998 -11.346335 0.000000
vt 1.047198 -11.590342 0.000000
vt 1.170397 -11.834349 0.000000
vt 1.293597 -12.078356 0.000000
vt 1.416797 -12.322363 0.000000
vt 1.539996 -12.566371 0.000000
vt -3.141593 8.906263 0.000000
vt -3.018393 8.662255 0.000000
vt -2.895193 8.418248 0.000000
vt -2.771994 8.174241 0.000000
vt -2.648794 7.930234 0.000000
vt -2.525594 7.686227 0.000000
vt -2.402394 7.442219 0.000000
vt -2.279195 7.198212 0.000000
vt -2.155995 6.954205 0.000000
vt -2.032795 6.710198 0.000000
vt -1.909596 6.466191 0.000000
vt -1.786396 6.222184 0.000000
vt -1.663196 5.978176 0.000000
vt -1.539996 5.734169 0.000000
vt -1.416797 5.490162 0.000000
vt -1.293597 5.246155 0.000000
vt -1.170397 5.002148 0.000000
vt -1.047198 4.758140 0.000000
vt -0.923998 4.514133 0.000000
vt -0.800798 4.270126 0.000000
vt -0.677598 4.026119 0.000000
vt -0.554399 3.782112 0.000000
vt -0.431199 3.538104 0.000000
vt -0.307999 3.294097 0.000000
vt -0.184800 3.050090 0.000000
vt -0.061600 2.806083 0.000000
vt 0.061600 2.562076 0.000000
vt 0.184800 2.318068 0.000000
vt 0.307999 2.074061 0.000000
vt 0.431199 1.830054 0.000000
vt 0.554399 1.586047 0.000000
vt 0.677598 1.342040 0.000000
vt 0.800798 1.098032 0.000000
vt 0.923998 0.854025 0.000000
vt 1.047198 0.610018 0.000000
vt 1.170397 0.366011 0.000000
vt 1.293597 0.122004 0.000000
vt 1.416797 -0.122004 0.000000
vt 1.539996 -0.366011 0.000000
vt 1.663196 -0.610018 0.000000
vt 1.786396 -0.854025 0.000000
vt 1.909596 -1.098032 0.000000
vt 2.032795 -1.342040 0.000000
vt 2.155995 -1.586047 0.000000
vt 2.279195 -1.830054 0.000000
vt 2.402394 -2.074061 0.000000
vt 2.525594 -2.318068 0.000000
vt 2.648794 -2.562076 0.000000
vt 2.771994 -2.806083 0.000000
vt 2.895193 -3.050090 0.000000
vt 3.018393 -3.294097 0.000000
vt 3.141593 -3.538104 0.000000
vt -3.141593 -3.538104 0.000000
vt -3.018393 -3.782112 0.000000
vt -2.895193 -4.026119 0.000000
vt -2.771994 -4.270126 0.000000
vt -2.648794 -4.514133 0.000000
vt -2.525594 -4.758140 0.000000
vt -2.402394 -5.002148 0.000000
vt -2.279195 -5.246155 0.000000
vt -2.155995 -5.490162 0.000000
vt -2.032795 -5.734169 0.000000
vt -1.909596 -5.978176 0.000000
vt -1.786396 -6.222184 0.000000
vt -1.663196 -6.466191 0.000000
vt -1.539996 -6.710198 0.000000
vt -1.416797 -6.954205 0.000000
vt -1.293597 -7.198212 0.000000
vt -1.170397 -7.442219 0.000000
vt -1.047198 -7.686227 0.000000
vt -0.923998 -7.930234 0.000000
vt -0.800798 -8.174241 0.000000
vt -0.677598 -8.418248 0.000000
vt -0.554399 -8.662255 0.000000
vt -0.431199 -8.906263 0.000000
vt -0.307999 -9.150270 0.000000
vt -0.184800 -9.394277 0.000000
vt -0.061600 -9.638284 0.000000
vt 0.061600 -9.882291 0.000000
vt 0.184800 -10.126299 0.000000
vt 0.307999 -10.370306 0.000000
vt 0.431199 -10.614313 0.000000
vt 0.554399 -10.858320 0.000000
vt 0.677598 -11.102327 0.000000
vt 0.800798 -11.346335 0.000000
vt 0.923998 -11.590342 0.000000
vt 1.047198 -11.834349 0.000000
vt 1.170397 -12.078356 0.000000
vt 1.293597 -12.322363 0.000000
vt 1.416797 -12.566371 0.000000
vt -3.141593 8.662255 0.000000
vt -3.018393 8.418248 0.000000
vt -2.895193 8.174241 0.000000
vt -2.771994 7.930234 0.000000
vt -2.648794 7.686227 0.000000
vt -2.525594 7.442219 0.000000
vt -2.402394 7.198212 0.000000
vt -2.279195 6.954205 0.000000
vt -2.155995 6.710198 0.000000
vt -2.032795 6.466191 0.000000
vt -1.909596 6.222184 0.000000
vt -1.786396 5.978176 0.000000
vt -1.663196 5.734169 0.000000
vt -1.539996 5.490162 0.000000
vt -1.416797 5.246155 0.000000
vt -1.293597 5.002148 0.000000
vt -1.170397 4.758140 0.000000
vt -1.047198 4.514133 0.000000
vt -0.923998 4.270126 0.000000
vt -0.800798 4.026119 0.000000
vt -0.677598 3.782112 0.000000
vt -0.554399 3.538104 0.000000
vt -0.431199 3.294097 0.000000
vt -0.307999 3.050090 0.000000
vt -0.184800 2.806083 0.000000
vt -0.061600 2.562076 0.000000
vt 0.061600 2.318068 0.000000
vt 0.184800 2.074061 0.000000
vt 0.307999 1.830054 0.000000
vt 0.431199 1.586047 0.000000
vt 0.554399 1.342040 0.000000
vt 0.677598 1.098032 0.000000
vt 0.800798 0.854025 0.000000
vt 0.923998 0.610018 0.000000
vt 1.047198 0.366011 0.000000
vt 1.170397 0.122004 0.000000
vt 1.293597 -0.122004 0.000000
vt 1.416797 -0.366011 0.000000
vt 1.539996 -0.610018 0.000000
vt 1.663196 -0.854025 0.000000
vt 1.786396 -1.098032 0.000000
vt 1.909596 -1.342040 0.000000
vt 2.032795 -1.586047 0.000000
vt 2.155995 -1.830054 0.000000
vt 2.279195 -2.074061 0.000000
vt 2.402394 -2.318068 0.000000
vt 2.525594 -2.562076 0.000000
vt 2.648794 -2.806083 0.000000
vt 2.771994 -3.050090 0.000000
vt 2.895193 -3.294097 0.000000
vt 3.018393 -3.538104 0.000000
vt 3.141593 -3.782112 0.000000
vt -3.141593 -3.782112 0.000000
vt -3.018393 -4.026119 0.000000
vt -2.895193 -4.270126 0.000000
vt -2.771994 -4.514133 0.000000
vt -2.648794 -4.758140 0.000000
vt -2.525594 -5.002148 0.000000
vt -2.402394 -5.246155 0.000000
vt -2.279195 -5.490162 0.000000
vt -2.155995 -5.734169 0.000000
vt -2.032795 -5.978176 0.000000
vt -1.909596 -6.222184 0.000000
vt -1.786396 -6.466191 0.000000
vt -1.663196 -6.710198 0.000000
vt -1.539996 -6.954205 0.000000
vt -1.416797 -7.198212 0.000000
vt -1.293597 -7.442219 0.000000
vt -1.170397 -7.686227 0.000000
vt -1.047198 -7.930234 0.000000
vt -0.923998 -8.174241 0.000000
vt -0.800798 -8.418248 0.000000
vt -0.677598 -8.662255 0.000000
vt -0.554399 -8.906263 0.000000
vt -0.431199 -9.150270 0.000000
vt -0.307999 -9.394277 0.000000
vt -0.184800 -9.638284 0.000000
vt -0.061600 -9.882291 0.000000
vt 0.061600 -10.126299 0.000000
vt 0.184800 -10.370306 0.000000
vt 0.307999 -10.614313 0.000000
vt 0.431199 -10.858320 0.000000
vt 0.554399 -11.102327 0.000000
vt 0.677598 -11.346335 0.000000
vt 0.800798 -11.590342 0.000000
vt 0.923998 -11.834349 0.000000
vt 1.047198 -12.078356 0.000000
vt 1.170397 -12.322363 0.000000
vt 1.293597 -12.566371 0.000000
vt -3.141593 7.686227 0.000000
vt -3.018393 7.442219 0.000000
vt -2.895193 7.198212 0.000000
vt -2.771994 6.954205 0.000000
vt -2.648794 6.710198 0.000000
vt -2.525594 6.466191 0.000000
vt -2.402394 6.222184 0.000000
vt -2.279195 5.978176 0.000000
vt -2.155995 5.734169 0.000000
vt -2.032795 5.490162 0.000000
vt -1.909596 5.246155 0.000000
vt -1.786396 5.002148 0.000000
vt -1.663196 4.758140 0.000000
vt -1.539996 4.514133 0.000000
vt -1.416797 4.270126 0.000000
vt -1.293597 4.026119 0.000000
vt -1.170397 3.782112 0.000000
vt -1.047198 3.538104 0.000000
vt -0.923998 3.294097 0.000000
vt -0.800798 3.050090 0.000000
vt -0.677598 2.806083 0.000000
vt -0.554399 2.562076 0.000000
vt -0.431199 2.318068 0.000000
vt -0.307999 2.074061 0.000000
vt -0.184800 1.830054 0.000000
vt -0.061600 1.586047 0.000000
vt 0.061600 1.342040 0.000000
vt 0.184800 1.098032 0.000000
vt 0.307999 0.854025 0.000000
vt 0.431199 0.610018 0.000000
vt 0.554399 0.366011 0.000000
vt 0.677598 0.122004 0.000000
vt 0.800798 -0.122004 0.000000
vt 0.923998 -0.366011 0.000000
vt 1.047198 -0.610018 0.000000
vt 1.170397 -0.854025 0.000000
vt 1.293597 -1.098032 0.000000
vt 1.416797 -1.342040 0.000000
vt 1.539996 -1.586047 0.000000
vt 1.663196 -1.830054 0.000000
vt 1.786396 -2.074061 0.000000
vt 1.909596 -2.318068 0.000000
vt 2.032795 -2.562076 0.000000
vt 2.155995 -2.806083 0.000000
vt 2.279195 -3.050090 0.000000
vt 2.402394 -3.294097 0.000000
vt 2.525594 -3.538104 0.000000
vt 2.648794 -3.782112 0.000000
vt 2.771994 -4.026119 0.000000
vt 2.895193 -4.270126 0.000000
vt 3.018393 -4.514133 0.000000
vt 3.141593 -4.514133 0.000000
vt 3.141593 -4.758140 0.000000
vt -3.141593 -4.514133 0.000000
vt -3.141593 -4.758140 0.000000
vt -3.018393 -4.758140 0.000000
vt -3.018393 -5.002148 0.000000
vt -2.895193 -5.002148 0.000000
vt -2.895193 -5.246155 0.000000
vt -2.771994 -5.246155 0.000000
vt -2.771994 -5.490162 0.000000
vt -2.648794 -5.490162 0.000000
vt -2.648794 -5.734169 0.000000
vt -2.525594 -5.734169 0.000000
vt -2.525594 -5.978176 0.000000
vt -2.402394 -5.978176 0.000000
vt -2.402394 -6.222184 0.000000
vt -2.279195 -6.222184 0.000000
vt -2.279195 -6.466191 0.000000
vt -2.155995 -6.466191 0.000000
vt -2.155995 -6.710198 0.000000
vt -2.032795 -6.710198 0.000000
vt -2.032795 -6.954205 0.000000
vt -1.909596 -6.954205 0.000000
vt -1.909596 -7.198212 0.000000
vt -1.786396 -7.198212 0.000000
vt -1.786396 -7.442219 0.000000
vt -1.663196 -7.442219 0.000000
vt -1.663196 -7.686227 0.000000
vt -1.539996 -7.686227 0.000000
vt -1.539996 -7.930234 0.000000
vt -1.416797 -7.930234 0.000000
vt -1.416797 -8.174241 0.000000
vt -1.293597 -8.174241 0.000000
vt -1.293597 -8.418248 0.000000
vt -1.170397 -8.418248 0.000000
vt -1.170397 -8.662255 0.000000
vt -3.141593 7.442219 0.000000
vt -3.018393 7.198212 0.000000
vt -2.895193 6.954205 0.000000
vt -2.771994 6.710198 0.000000
vt -2.648794 6.466191 0.000000
vt -2.525594 6.222184 0.000000
vt -2.402394 5.978176 0.000000
vt -2.279195 5.734169 0.000000
vt -2.155995 5.490162 0.000000
vt -2.032795 5.246155 0.000000
vt -1.909596 5.002148 0.000000
vt -1.786396 4.758140 0.000000
vt -1.663196 4.514133 0.000000
vt -1.539996 4.270126 0.000000
vt -1.416797 4.026119 0.000000
vt -1.293597 3.782112 0.000000
vt -1.170397 3.538104 0.000000
vt -1.047198 3.294097 0.000000
vt -0.923998 3.050090 0.000000
vt -0.800798 2.806083 0.000000
vt -0.677598 2.562076 0.000000
vt -0.554399 2.318068 0.000000
vt -0.431199 2.074061 0.000000
vt -0.307999 1.830054 0.000000
vt -0.184800 1.586047 0.000000
vt -0.061600 1.342040 0.000000
vt 0.061600 1.098032 0.000000
vt 0.184800 0.854025 0.000000
vt 0.307999 0.610018 0.000000
vt 0.431199 0.366011 0.000000
vt 0.554399 0.122004 0.000000
vt 0.677598 -0.122004 0.000000
vt 0.800798 -0.366011 0.000000
vt 0.923998 -0.610018 0.000000
vt 1.047198 -0.854025 0.000000
vt 1.170397 -1.098032 0.000000
vt 1.293597 -1.342040 0.000000
vt 1.416797 -1.586047 0.000000
vt 1.539996 -1.830054 0.000000
vt 1.663196 -2.074061 0.000000
vt 1.786396 -2.318068 0.000000
vt 1.909596 -2.562076 0.000000
vt 2.032795 -2.806083 0.000000
vt 2.155995 -3.050090 0.000000
vt 2.279195 -3.294097 0.000000
vt 2.402394 -3.538104 0.000000
vt 2.525594 -3.782112 0.000000
vt 2.648794 -4.026119 0.000000
vt 2.771994 -4.270126 0.000000
vt 2.895193 -4.514133 0.000000
vt 3.018393 -4.758140 0.000000
vt 3.141593 -5.002148 0.000000
vt -3.141593 -5.002148 0.000000
vt -3.018393 -5.246155 0.000000
vt -2.895193 -5.490162 0.000000
vt -2.771994 -5.734169 0.000000
vt -2.648794 -5.978176 0.000000
vt -2.525594 -6.222184 0.000000
vt -2.402394 -6.466191 0.000000
vt -2.279195 -6.710198 0.000000
vt -2.155995 -6.954205 0.000000
vt -2.032795 -7.198212 0.000000
vt -1.909596 -7.442219 0.000000
vt -1.786396 -7.686227 0.000000
vt -1.663196 -7.930234 0.000000
vt -1.539996 -8.174241 0.000000
vt -1.416797 -8.418248 0.000000
vt -1.293597 -8.662255 0.000000
vt -1.170397 -8.906263 0.000000
vt 3.141593 7.686227 0.000000
vt 3.018393 7.930234 0.000000
vt 2.895193 8.174241 0.000000
vt 2.895193 8.418248 0.000000
vt 2.771994 8.418248 0.000000
vt 2.771994 8.662255 0.000000
vt 2.648794 8.662255 0.000000
vt 2.648794 8.906263 0.000000
vt 2.525594 8.906263 0.000000
vt 2.525594 9.150270 0.000000
vt 2.402394 9.150270 0.000000
vt 2.402394 9.394277 0.000000
vt 2.279195 9.394277 0.000000
vt 2.279195 9.638284 0.000000
vt 2.155995 9.638284 0.000000
vt 2.155995 9.882291 0.000000
vt 2.032795 9.882291 0.000000
vt 2.032795 10.126299 0.000000
vt 1.909596 10.126299 0.000000
vt 1.909596 10.370306 0.000000
vt 1.786396 10.370306 0.000000
vt 1.786396 10.614313 0.000000
vt 1.663196 10.614313 0.000000
vt 1.663196 10.858320 0.000000
vt 1.539996 10.858320 0.000000
vt 1.539996 11.102327 0.000000
vt 1.416797 11.102327 0.000000
vt 1.416797 11.346335 0.000000
vt 1.293597 11.346335 0.000000
vt 1.293597 11.590342 0.000000
vt 1.170397 11.590342 0.000000
vt 1.170397 11.834349 0.000000
vt -3.141593 7.198212 0.000000
vt -3.018393 6.954205 0.000000
vt -2.895193 6.710198 0.000000
vt -2.771994 6.466191 0.000000
vt -2.648794 6.222184 0.000000
vt -2.525594 5.978176 0.000000
vt -2.402394 5.734169 0.000000
vt -2.279195 5.490162 0.000000
vt -2.155995 5.246155 0.000000
vt -2.032795 5.002148 0.000000
vt -1.909596 4.758140 0.000000
vt -1.786396 4.514133 0.000000
vt -1.663196 4.270126 0.000000
vt -1.539996 4.026119 0.000000
vt -1.416797 3.782112 0.000000
vt -1.293597 3.538104 0.000000
vt -1.170397 3.294097 0.000000
vt -1.047198 3.050090 0.000000
vt -0.923998 2.806083 0.000000
vt -0.800798 2.562076 0.000000
vt -0.677598 2.318068 0.000000
vt -0.554399 2.074061 0.000000
vt -0.431199 1.830054 0.000000
vt -0.307999 1.586047 0.000000
vt -0.184800 1.342040 0.000000
vt -0.061600 1.098032 0.000000
vt 0.061600 0.854025 0.000000
vt 0.184800 0.610018 0.000000
vt 0.307999 0.366011 0.000000
vt 0.431199 0.122004 0.000000
vt 0.554399 -0.122004 0.000000
vt 0.677598 -0.366011 0.000000
vt 0.800798 -0.610018 0.000000
vt 0.923998 -0.854025 0.000000
vt 1.047198 -1.098032 0.000000
vt 1.170397 -1.342040 0.000000
vt 1.293597 -1.586047 0.000000
vt 1.416797 -1.830054 0.000000
vt 1.539996 -2.074061 0.000000
vt 1.663196 -2.318068 0.000000
vt 1.786396 -2.562076 0.000000
vt 1.909596 -2.806083 0.000000
vt 2.032795 -3.050090 0.000000
vt 2.155995 -3.294097 0.000000
vt 2.279195 -3.538104 0.000000
vt 2.402394 -3.782112 0.000000
vt 2.525594 -4.026119 0.000000
vt 2.648794 -4.270126 0.000000
vt 2.771994 -4.514133 0.000000
vt 2.895193 -4.758140 0.000000
vt 3.018393 -5.002148 0.000000
vt 3.141593 -5.246155 0.000000
vt -3.141593 -5.246155 0.000000
vt -3.018393 -5.490162 0.000000
vt -2.895193 -5.734169 0.000000
vt -2.771994 -5.978176 0.000000
vt -2.648794 -6.222184 0.000000
vt -2.525594 -6.466191 0.000000
vt -2.402394 -6.710198 0.000000
vt -2.279195 -6.954205 0.000000
vt -2.155995 -7.198212 0.000000
vt -2.032795 -7.442219 0.000000
vt -1.909596 -7.686227 0.000000
vt -1.786396 -7.930234 0.000000
vt -1.663196 -8.174241 0.000000
vt -1.539996 -8.418248 0.000000
vt -1.416797 -8.662255 0.000000
vt -1.293597 -8.906263 0.000000
vt -1.170397 -9.150270 0.000000
vt 3.141593 7.442219 0.000000
vt 3.018393 7.686227 0.000000
vt 2.895193 7.930234 0.000000
vt 2.771994 8.174241 0.000000
vt 2.648794 8.418248 0.000000
vt 2.525594 8.662255 0.000000
vt 2.402394 8.906263 0.000000
vt 2.279195 9.150270 0.000000
vt 2.155995 9.394277 0.000000
vt 2.032795 9.638284 0.000000
vt 1.909596 9.882291 0.000000
vt 1.786396 10.126299 0.000000
vt 1.663196 10.370306 0.000000
vt 1.539996 10.614313 0.000000
vt 1.416797 10.858320 0.000000
vt 1.293597 11.102327 0.000000
vt 1.170397 11.346335 0.000000
vt -3.141593 6.954205 0.000000
vt -3.018393 6.710198 0.000000
vt -2.895193 6.466191 0.000000
vt -2.771994 6.222184 0.000000
vt -2.648794 5.978176 0.000000
vt -2.525594 5.734169 0.000000
vt -2.402394 5.490162 0.000000
vt -2.279195 5.246155 0.000000
vt -2.155995 5.002148 0.000000
vt -2.032795 4.758140 0.000000
vt -1.909596 4.514133 0.000000
vt -1.786396 4.270126 0.000000
vt -1.663196 4.026119 0.000000
vt -1.539996 3.782112 0.000000
vt -1.416797 3.538104 0.000000
vt -1.293597 3.294097 0.000000
vt -1.170397 3.050090 0.000000
vt -1.047198 2.806083 0.000000
vt -0.923998 2.562076 0.000000
vt -0.800798 2.318068 0.000000
vt -0.677598 2.074061 0.000000
vt -0.554399 1.830054 0.000000
vt -0.431199 1.586047 0.000000
vt -0.307999 1.342040 0.000000
vt -0.184800 1.098032 0.000000
vt -0.061600 0.854025 0.000000
vt 0.061600 0.610018 0.000000
vt 0.184800 0.366011 0.000000
vt 0.307999 0.122004 0.000000
vt 0.431199 -0.122004 0.000000
vt 0.554399 -0.366011 0.000000
vt 0.677598 -0.610018 0.000000
vt 0.800798 -0.854025 0.000000
vt 0.923998 -1.098032 0.000000
vt 1.047198 -1.342040 0.000000
vt 1.170397 -1.586047 0.000000
vt 1.293597 -1.830054 0.000000
vt 1.416797 -2.074061 0.000000
vt 1.539996 -2.318068 0.000000
vt 1.663196 -2.562076 0.000000
vt 1.786396 -2.806083 0.000000
vt 1.909596 -3.050090 0.000000
vt 2.032795 -3.294097 0.000000
vt 2.155995 -3.538104 0.000000
vt 2.279195 -3.782112 0.000000
vt 2.402394 -4.026119 0.000000
vt 2.525594 -4.270126 0.000000
vt 2.648794 -4.514133 0.000000
vt 2.771994 -4.758140 0.000000
vt 2.895193 -5.002148 0.000000
vt 3.018393 -5.246155 0.000000
vt 3.141593 -5.490162 0.000000
vt -3.141593 -5.490162 0.000000
vt -3.018393 -5.734169 0.000000
vt -2.895193 -5.978176 0.000000
vt -2.771994 -6.222184 0.000000
vt -2.648794 -6.466191 0.000000
vt -2.525594 -6.710198 0.000000
vt -2.402394 -6.954205 0.000000
vt -2.279195 -7.198212 0.000000
vt -2.155995 -7.442219 0.000000
vt -2.032795 -7.686227 0.000000
vt -1.909596 -7.930234 0.000000
vt -1.786396 -8.174241 0.000000
vt -1.663196 -8.418248 0.000000
vt -1.539996 -8.662255 0.000000
vt -1.416797 -8.906263 0.000000
vt -1.293597 -9.150270 0.000000
vt -1.170397 -9.394277 0.000000
vt 3.141593 7.198212 0.000000
vt 3.018393 7.442219 0.000000
vt 2.895193 7.686227 0.000000
vt 2.771994 7.930234 0.000000
vt 2.648794 8.174241 0.000000
vt 2.525594 8.418248 0.000000
vt 2.402394 8.662255 0.000000
vt 2.279195 8.906263 0.000000
vt 2.155995 9.150270 0.000000
vt 2.032795 9.394277 0.000000
vt 1.909596 9.638284 0.000000
vt 1.786396 9.882291 0.000000
vt 1.663196 10.126299 0.000000
vt 1.539996 10.370306 0.000000
vt 1.416797 10.614313 0.000000
vt 1.293597 10.858320 0.000000
vt 1.170397 11.102327 0.000000
vt -3.141593 6.710198 0.000000
vt -3.018393 6.466191 0.000000
vt -2.895193 6.222184 0.000000
vt -2.771994 5.978176 0.000000
vt -2.648794 5.734169 0.000000
vt -2.525594 5.490162 0.000000
vt -2.402394 5.246155 0.000000
vt -2.279195 5.002148 0.000000
vt -2.155995 4.758140 0.000000
vt -2.032795 4.514133 0.000000
vt -1.909596 4.270126 0.000000
vt -1.786396 4.026119 0.000000
vt -1.663196 3.782112 0.000000
vt -1.539996 3.538104 0.000000
vt -1.416797 3.294097 0.000000
vt -1.293597 3.050090 0.000000
vt -1.170397 2.806083 0.000000
vt -1.047198 2.562076 0.000000
vt -0.923998 2.318068 0.000000
vt -0.800798 2.074061 0.000000
vt -0.677598 1.830054 0.000000
vt -0.554399 1.586047 0.000000
vt -0.431199 1.342040 0.000000
vt -0.307999 1.098032 0.000000
vt -0.184800 0.854025 0.000000
vt -0.061600 0.610018 0.000000
vt 0.061600 0.366011 0.000000
vt 0.184800 0.122004 0.000000
vt 0.307999 -0.122004 0.000000
vt 0.431199 -0.366011 0.000000
vt 0.554399 -0.610018 0.000000
vt 0.677598 -0.854025 0.000000
vt 0.800798 -1.098032 0.000000
vt 0.923998 -1.342040 0.000000
vt 1.047198 -1.586047 0.000000
vt 1.170397 -1.830054 0.000000
vt 1.293597 -2.074061 0.000000
vt 1.416797 -2.318068 0.000000
vt 1.539996 -2.562076 0.000000
vt 1.663196 -2.806083 0.000000
vt 1.786396 -3.050090 0.000000
vt 1.909596 -3.294097 0.000000
vt 2.032795 -3.538104 0.000000
vt 2.155995 -3.782112 0.000000
vt 2.279195 -4.026119 0.000000
vt 2.402394 -4.270126 0.000000
vt 2.525594 -4.514133 0.000000
vt 2.648794 -4.758140 0.000000
vt 2.771994 -5.002148 0.000000
vt 2.895193 -5.246155 0.000000
vt 3.018393 -5.490162 0.000000
vt 3.141593 -5.734169 0.000000
vt -3.141593 -5.734169 0.000000
vt -3.018393 -5.978176 0.000000
vt -2.895193 -6.222184 0.000000
vt -2.771994 -6.466191 0.000000
vt -2.648794 -6.710198 0.000000
vt -2.525594 -6.954205 0.000000
vt -2.402394 -7.198212 0.000000
vt -2.279195 -7.442219 0.000000
vt -2.155995 -7.686227 0.000000
vt -2.032795 -7.930234 0.000000
vt -1.909596 -8.174241 0.000000
vt -1.786396 -8.418248 0.000000
vt -1.663196 -8.662255 0.000000
vt -1.539996 -8.906263 0.000000
vt -1.416797 -9.150270 0.000000
vt -1.293597 -9.394277 0.000000
vt -1.170397 -9.638284 0.000000
vt 3.141593 6.954205 0.000000
vt 3.018393 7.198212 0.000000
vt 2.895193 7.442219 0.000000
vt 2.771994 7.686227 0.000000
vt 2.648794 7.930234 0.000000
vt 2.525594 8.174241 0.000000
vt 2.402394 8.418248 0.000000
vt 2.279195 8.662255 0.000000
vt 2.155995 8.906263 0.000000
vt 2.032795 9.150270 0.000000
vt 1.909596 9.394277 0.000000
vt 1.786396 9.638284 0.000000
vt 1.663196 9.882291 0.000000
vt 1.539996 10.126299 0.000000
vt 1.416797 10.370306 0.000000
vt 1.293597 10.614313 0.000000
vt 1.170397 10.858320 0.000000
vt -3.141593 6.466191 0.000000
vt -3.018393 6.222184 0.000000
vt -2.895193 5.978176 0.000000
vt -2.771994 5.734169 0.000000
vt -2.648794 5.490162 0.000000
vt -2.525594 5.246155 0.000000
vt -2.402394 5.002148 0.000000
vt -2.279195 4.758140 0.000000
vt -2.155995 4.514133 0.000000
vt -2.032795 4.270126 0.000000
vt -1.909596 4.026119 0.000000
vt -1.786396 3.782112 0.000000
vt -1.663196 3.538104 0.000000
vt -1.539996 3.294097 0.000000
vt -1.416797 3.050090 0.000000
vt -1.293597 2.806083 0.000000
vt -1.170397 2.562076 0.000000
vt -1.047198 2.318068 0.000000
vt -0.923998 2.074061 0.000000
vt -0.800798 1.830054 0.000000
vt -0.677598 1.586047 0.000000
vt -0.554399 1.342040 0.000000
vt -0.431199 1.098032 0.000000
vt -0.307999 0.854025 0.000000
vt -0.184800 0.610018 0.000000
vt -0.061600 0.366011 0.000000
vt 0.061600 0.122004 0.000000
vt 0.184800 -0.122004 0.000000
vt 0.307999 -0.366011 0.000000
vt 0.431199 -0.610018 0.000000
vt 0.554399 -0.854025 0.000000
vt 0.677598 -1.098032 0.000000
vt 0.800798 -1.342040 0.000000
vt 0.923998 -1.586047 0.000000
vt 1.047198 -1.830054 0.000000
vt 1.170397 -2.074061 0.000000
vt 1.293597 -2.318068 0.000000
vt 1.416797 -2.562076 0.000000
vt 1.539996 -2.806083 0.000000
vt 1.663196 -3.050090 0.000000
vt 1.786396 -3.294097 0.000000
vt 1.909596 -3.538104 0.000000
vt 2.032795 -3.782112 0.000000
vt 2.155995 -4.026119 0.000000
vt 2.279195 -4.270126 0.000000
vt 2.402394 -4.514133 0.000000
vt 2.525594 -4.758140 0.000000
vt 2.648794 -5.002148 0.000000
vt 2.771994 -5.246155 0.000000
vt 2.895193 -5.490162 0.000000
vt 3.018393 -5.734169 0.000000
vt 3.141593 -5.978176 0.000000
vt -3.141593 -5.978176 0.000000
vt -3.018393 -6.222184 0.000000
vt -2.895193 -6.466191 0.000000
vt -2.771994 -6.710198 0.000000
vt -2.648794 -6.954205 0.000000
vt -2.525594 -7.198212 0.000000
vt -2.402394 -7.442219 0.000000
vt -2.279195 -7.686227 0.000000
vt -2.155995 -7.930234 0.000000
vt -2.032795 -8.174241 0.000000
vt -1.909596 -8.418248 0.000000
vt -1.786396 -8.662255 0.000000
vt -1.663196 -8.906263 0.000000
vt -1.539996 -9.150270 0.000000
vt -1.416797 -9.394277 0.000000
vt -1.293597 -9.638284 0.000000
vt -1.170397 -9.882291 0.000000
vt 3.141593 6.710198 0.000000
vt 3.018393 6.954205 0.000000
vt 2.895193 7.198212 0.000000
vt 2.771994 7.442219 0.000000
vt 2.648794 7.686227 0.000000
vt 2.525594 7.930234 0.000000
vt 2.402394 8.174241 0.000000
vt 2.279195 8.418248 0.000000
vt 2.155995 8.662255 0.000000
vt 2.032795 8.906263 0.000000
vt 1.909596 9.150270 0.000000
vt 1.786396 9.394277 0.000000
vt 1.663196 9.638284 0.000000
vt 1.539996 9.882291 0.000000
vt 1.416797 10.126299 0.000000
vt 1.293597 10.370306 0.000000
vt 1.170397 10.614313 0.000000
vt -3.141593 6.222184 0.000000
vt -3.018393 5.978176 0.000000
vt -2.895193 5.734169 0.000000
vt -2.771994 5.490162 0.000000
vt -2.648794 5.246155 0.000000
vt -2.525594 5.002148 0.000000
vt -2.402394 4.758140 0.000000
vt -2.279195 4.514133 0.000000
vt -2.155995 4.270126 0.000000
vt -2.032795 4.026119 0.000000
vt -1.909596 3.782112 0.000000
vt -1.786396 3.538104 0.000000
vt -1.663196 3.294097 0.000000
vt -1.539996 3.050090 0.000000
vt -1.416797 2.806083 0.000000
vt -1.293597 2.562076 0.000000
vt -1.170397 2.318068 0.000000
vt -1.047198 2.074061 0.000000
vt -0.923998 1.830054 0.000000
vt -0.800798 1.586047 0.000000
vt -0.677598 1.342040 0.000000
vt -0.554399 1.098032 0.000000
vt -0.431199 0.854025 0.000000
vt -0.307999 0.610018 0.000000
vt -0.184800 0.366011 0.000000
vt -0.061600 0.122004 0.000000
vt 0.061600 -0.122004 0.000000
vt 0.184800 -0.366011 0.000000
vt 0.307999 -0.610018 0.000000
vt 0.431199 -0.854025 0.000000
vt 0.554399 -1.098032 0.000000
vt 0.677598 -1.342040 0.000000
vt 0.800798 -1.586047 0.000000
vt 0.923998 -1.830054 0.000000
vt 1.047198 -2.074061 0.000000
vt 1.170397 -2.318068 0.000000
vt 1.293597 -2.562076 0.000000
vt 1.416797 -2.806083 0.000000
vt 1.539996 -3.050090 0.000000
vt 1.663196 -3.294097 0.000000
vt 1.786396 -3.538104 0.000000
vt 1.909596 -3.782112 0.000000
vt 2.032795 -4.026119 0.000000
vt 2.155995 -4.270126 0.000000
vt 2.279195 -4.514133 0.000000
vt 2.402394 -4.758140 0.000000
vt 2.525594 -5.002148 0.000000
vt 2.648794 -5.246155 0.000000
vt 2.771994 -5.490162 0.000000
vt 2.895193 -5.734169 0.000000
vt 3.018393 -5.978176 0.000000
vt 3.141593 -6.222184 0.000000
vt -3.141593 -6.222184 0.000000
vt -3.018393 -6.466191 0.000000
vt -2.895193 -6.710198 0.000000
vt -2.771994 -6.954205 0.000000
vt -2.648794 -7.198212 0.000000
vt -2.525594 -7.442219 0.000000
vt -2.402394 -7.686227 0.000000
vt -2.279195 -7.930234 0.000000
vt -2.155995 -8.174241 0.000000
vt -2.032795 -8.418248 0.000000
vt -1.909596 -8.662255 0.000000
vt -1.786396 -8.906263 0.000000
vt -1.663196 -9.150270 0.000000
vt -1.539996 -9.394277 0.000000
vt -1.416797 -9.638284 0.000000
vt -1.293597 -9.882291 0.000000
vt -1.170397 -10.126299 0.000000
vt 3.141593 6.466191 0.000000
vt 3.018393 6.710198 0.000000
vt 2.895193 6.954205 0.000000
vt 2.771994 7.198212 0.000000
vt 2.648794 7.442219 0.000000
vt 2.525594 7.686227 0.000000
vt 2.402394 7.930234 0.000000
vt 2.279195 8.174241 0.000000
vt 2.155995 8.418248 0.000000
vt 2.032795 8.662255 0.000000
vt 1.909596 8.906263 0.000000
vt 1.786396 9.150270 0.000000
vt 1.663196 9.394277 0.000000
vt 1.539996 9.638284 0.000000
vt 1.416797 9.882291 0.000000
vt 1.293597 10.126299 0.000000
vt 1.170397 10.370306 0.000000
vt -3.141593 5.978176 0.000000
vt -3.018393 5.734169 0.000000
vt -2.895193 5.490162 0.000000
vt -2.771994 5.246155 0.000000
vt -2.648794 5.002148 0.000000
vt -2.525594 4.758140 0.000000
vt -2.402394 4.514133 0.000000
vt -2.279195 4.270126 0.000000
vt -2.155995 4.026119 0.000000
vt -2.032795 3.782112 0.000000
vt -1.909596 3.538104 0.000000
vt -1.786396 3.294097 0.000000
vt -1.663196 3.050090 0.000000
vt -1.539996 2.806083 0.000000
vt -1.416797 2.562076 0.000000
vt -1.293597 2.318068 0.000000
vt -1.170397 2.074061 0.000000
vt -1.047198 1.830054 0.000000
vt -0.923998 1.586047 0.000000
vt -0.800798 1.342040 0.000000
vt -0.677598 1.098032 0.000000
vt -0.554399 0.854025 0.000000
vt -0.431199 0.610018 0.000000
vt -0.307999 0.366011 0.000000
vt -0.184800 0.122004 0.000000
vt -0.061600 -0.122004 0.000000
vt 0.061600 -0.366011 0.000000
vt 0.184800 -0.610018 0.000000
vt 0.307999 -0.854025 0.000000
vt 0.431199 -1.098032 0.000000
vt 0.554399 -1.342040 0.000000
vt 0.677598 -1.586047 0.000000
vt 0.800798 -1.830054 0.000000
vt 0.923998 -2.074061 0.000000
vt 1.047198 -2.318068 0.000000
vt 1.170397 -2.562076 0.000000
vt 1.293597 -2.806083 0.000000
vt 1.416797 -3.050090 0.000000
vt 1.539996 -3.294097 0.000000
vt 1.663196 -3.538104 0.000000
vt 1.786396 -3.782112 0.000000
vt 1.909596 -4.026119 0.000000
vt 2.032795 -4.270126 0.000000
vt 2.155995 -4.514133 0.000000
vt 2.279195 -4.758140 0.000000
vt 2.402394 -5.002148 0.000000
vt 2.525594 -5.246155 0.000000
vt 2.648794 -5.490162 0.000000
vt 2.771994 -5.734169 0.000000
vt 2.895193 -5.978176 0.000000
vt 3.018393 -6.222184 0.000000
vt 3.141593 -6.466191 0.000000
vt -3.141593 -6.466191 0.000000
vt -3.018393 -6.710198 0.000000
vt -2.895193 -6.954205 0.000000
vt -2.771994 -7.198212 0.000000
vt -2.648794 -7.442219 0.000000
vt -2.525594 -7.686227 0.000000
vt -2.402394 -7.930234 0.000000
vt -2.279195 -8.174241 0.000000
vt -2.155995 -8.418248 0.000000
vt -2.032795 -8.662255 0.000000
vt -1.909596 -8.906263 0.000000
vt -1.786396 -9.150270 0.000000
vt -1.663196 -9.394277 0.000000
vt -1.539996 -9.638284 0.000000
vt -1.416797 -9.882291 0.000000
vt -1.293597 -10.126299 0.000000
vt -1.170397 -10.370306 0.000000
vt 3.141593 6.222184 0.000000
vt 3.018393 6.466191 0.000000
vt 2.895193 6.710198 0.000000
vt 2.771994 6.954205 0.000000
vt 2.648794 7.198212 0.000000
vt 2.525594 7.442219 0.000000
vt 2.402394 7.686227 0.000000
vt 2.279195 7.930234 0.000000
vt 2.155995 8.174241 0.000000
vt 2.032795 8.418248 0.000000
vt 1.909596 8.662255 0.000000
vt 1.786396 8.906263 0.000000
vt 1.663196 9.150270 0.000000
vt 1.539996 9.394277 0.000000
vt 1.416797 9.638284 0.000000
vt 1.293597 9.882291 0.000000
vt 1.170397 10.126299 0.000000
vt -3.141593 5.734169 0.000000
vt -3.018393 5.490162 0.000000
vt -2.895193 5.246155 0.000000
vt -2.771994 5.002148 0.000000
vt -2.648794 4.758140 0.000000
vt -2.525594 4.514133 0.000000
vt -2.402394 4.270126 0.000000
vt -2.279195 4.026119 0.000000
vt -2.155995 3.782112 0.000000
vt -2.032795 3.538104 0.000000
vt -1.909596 3.294097 0.000000
vt -1.786396 3.050090 0.000000
vt -1.663196 2.806083 0.000000
vt -1.539996 2.562076 0.000000
vt -1.416797 2.318068 0.000000
vt -1.293597 2.074061 0.000000
vt -1.170397 1.830054 0.000000
vt -1.047198 1.586047 0.000000
vt -0.923998 1.342040 0.000000
vt -0.800798 1.098032 0.000000
vt -0.677598 0.854025 0.000000
vt -0.554399 0.610018 0.000000
vt -0.431199 0.366011 0.000000
vt -0.307999 0.122004 0.000000
vt -0.184800 -0.122004 0.000000
vt -0.061600 -0.366011 0.000000
vt 0.061600 -0.610018 0.000000
vt 0.184800 -0.854025 0.000000
vt 0.307999 -1.098032 0.000000
vt 0.431199 -1.342040 0.000000
vt 0.554399 -1.586047 0.000000
vt 0.677598 -1.830054 0.000000
vt 0.800798 -2.074061 0.000000
vt 0.923998 -2.318068 0.000000
vt 1.047198 -2.562076 0.000000
vt 1.170397 -2.806083 0.000000
vt 1.293597 -3.050090 0.000000
vt 1.416797 -3.294097 0.000000
vt 1.539996 -3.538104 0.000000
vt 1.663196 -3.782112 0.000000
vt 1.786396 -4.026119 0.000000
vt 1.909596 -4.270126 0.000000
vt 2.032795 -4.514133 0.000000
vt 2.155995 -4.758140 0.000000
vt 2.279195 -5.002148 0.000000
vt 2.402394 -5.246155 0.000000
vt 2.525594 -5.490162 0.000000
vt 2.648794 -5.734169 0.000000
vt 2.771994 -5.978176 0.000000
vt 2.895193 -6.222184 0.000000
vt 3.018393 -6.466191 0.000000
vt 3.141593 -6.710198 0.000000
vt -3.141593 -6.710198 0.000000
vt -3.018393 -6.954205 0.000000
vt -2.895193 -7.198212 0.000000
vt -2.771994 -7.442219 0.000000
vt -2.648794 -7.686227 0.000000
vt -2.525594 -7.930234 0.000000
vt -2.402394 -8.174241 0.000000
vt -2.279195 -8.418248 0.000000
vt -2.155995 -8.662255 0.000000
vt -2.032795 -8.906263 0.000000
vt -1.909596 -9.150270 0.000000
vt -1.786396 -9.394277 0.000000
vt -1.663196 -9.638284 0.000000
vt -1.539996 -9.882291 0.000000
vt -1.416797 -10.126299 0.000000
vt -1.293597 -10.370306 0.000000
vt -1.170397 -10.614313 0.000000
vt 3.141593 5.978176 0.000000
vt 3.018393 6.222184 0.000000
vt 2.895193 6.466191 0.000000
vt 2.771994 6.710198 0.000000
vt 2.648794 6.954205 0.000000
vt 2.525594 7.198212 0.000000
vt 2.402394 7.442219 0.000000
vt 2.279195 7.686227 0.000000
vt 2.155995 7.930234 0.000000
vt 2.032795 8.174241 0.000000
vt 1.909596 8.418248 0.000000
vt 1.786396 8.662255 0.000000
vt 1.663196 8.906263 0.000000
vt 1.539996 9.150270 0.000000
vt 1.416797 9.394277 0.000000
vt 1.293597 9.638284 0.000000
vt 1.170397 9.882291 0.000000
vt -3.141593 5.490162 0.000000
vt -3.018393 5.246155 0.000000
vt -2.895193 5.002148 0.000000
vt -2.771994 4.758140 0.000000
vt -2.648794 4.514133 0.000000
vt -2.525594 4.270126 0.000000
vt -2.402394 4.026119 0.000000
vt -2.279195 3.782112 0.000000
vt -2.155995 3.538104 0.000000
vt -2.032795 3.294097 0.000000
vt -1.909596 3.050090 0.000000
vt -1.786396 2.806083 0.000000
vt -1.663196 2.562076 0.000000
vt -1.539996 2.318068 0.000000
vt -1.416797 2.074061 0.000000
vt -1.293597 1.830054 0.000000
vt -1.170397 1.586047 0.000000
vt -1.047198 1.342040 0.000000
vt -0.923998 1.098032 0.000000
vt -0.800798 0.854025 0.000000
vt -0.677598 0.610018 0.000000
vt -0.554399 0.366011 0.000000
vt -0.431199 0.122004 0.000000
vt -0.307999 -0.122004 0.000000
vt -0.184800 -0.366011 0.000000
vt -0.061600 -0.610018 0.000000
vt 0.061600 -0.854025 0.000000
vt 0.184800 -1.098032 0.000000
vt 0.307999 -1.342040 0.000000
vt 0.431199 -1.586047 0.000000
vt 0.554399 -1.830054 0.000000
vt 0.677598 -2.074061 0.000000
vt 0.800798 -2.318068 0.000000
vt 0.923998 -2.562076 0.000000
vt 1.047198 -2.806083 0.000000
vt 1.170397 -3.050090 0.000000
vt 1.293597 -3.294097 0.000000
vt 1.416797 -3.538104 0.000000
vt 1.539996 -3.782112 0.000000
vt 1.663196 -4.026119 0.000000
vt 1.786396 -4.270126 0.000000
vt 1.909596 -4.514133 0.000000
vt 2.032795 -4.758140 0.000000
vt 2.155995 -5.002148 0.000000
vt 2.279195 -5.246155 0.000000
vt 2.402394 -5.490162 0.000000
vt 2.525594 -5.734169 0.000000
vt 2.648794 -5.978176 0.000000
vt 2.771994 -6.222184 0.000000
vt 2.895193 -6.466191 0.000000
vt 3.018393 -6.710198 0.000000
vt 3.141593 -6.954205 0.000000
vt -3.141593 -6.954205 0.000000
vt -3.018393 -7.198212 0.000000
vt -2.895193 -7.442219 0.000000
vt -2.771994 -7.686227 0.000000
vt -2.648794 -7.930234 0.000000
vt -2.525594 -8.174241 0.000000
vt -2.402394 -8.418248 0.000000
vt -2.279195 -8.662255 0.000000
vt -2.155995 -8.906263 0.000000
vt -2.032795 -9.150270 0.000000
vt -1.909596 -9.394277 0.000000
vt -1.786396 -9.638284 0.000000
vt -1.663196 -9.882291 0.000000
vt -1.539996 -10.126299 0.000000
vt -1.416797 -10.370306 0.000000
vt -1.293597 -10.614313 0.000000
vt -1.170397 -10.858320 0.000000
vt 3.141593 5.734169 0.000000
vt 3.018393 5.978176 0.000000
vt 2.895193 6.222184 0.000000
vt 2.771994 6.466191 0.000000
vt 2.648794 6.710198 0.000000
vt 2.525594 6.954205 0.000000
vt 2.402394 7.198212 0.000000
vt 2.279195 7.442219 0.000000
vt 2.155995 7.686227 0.000000
vt 2.032795 7.930234 0.000000
vt 1.909596 8.174241 0.000000
vt 1.786396 8.418248 0.000000
vt 1.663196 8.662255 0.000000
vt 1.539996 8.906263 0.000000
vt 1.416797 9.150270 0.000000
vt 1.293597 9.394277 0.000000
vt 1.170397 9.638284 0.000000
vt -3.141593 5.246155 0.000000
vt -3.018393 5.002148 0.000000
vt -2.895193 4.758140 0.000000
vt -2.771994 4.514133 0.000000
vt -2.648794 4.270126 0.000000
vt -2.525594 4.026119 0.000000
vt -2.402394 3.782112 0.000000
vt -2.279195 3.538104 0.000000
vt -2.155995 3.294097 0.000000
vt -2.032795 3.050090 0.000000
vt -1.909596 2.806083 0.000000
vt -1.786396 2.562076 0.000000
vt -1.663196 2.318068 0.000000
vt -1.539996 2.074061 0.000000
vt -1.416797 1.830054 0.000000
vt -1.293597 1.586047 0.000000
vt -1.170397 1.342040 0.000000
vt -1.047198 1.098032 0.000000
vt -0.923998 0.854025 0.000000
vt -0.800798 0.610018 0.000000
vt -0.677598 0.366011 0.000000
vt -0.554399 0.122004 0.000000
vt -0.431199 -0.122004 0.000000
vt -0.307999 -0.366011 0.000000
vt -0.184800 -0.610018 0.000000
vt -0.061600 -0.854025 0.000000
vt 0.061600 -1.098032 0.000000
vt 0.184800 -1.342040 0.000000
vt 0.307999 -1.586047 0.000000
vt 0.431199 -1.830054 0.000000
vt 0.554399 -2.074061 0.000000
vt 0.677598 -2.318068 0.000000
vt 0.800798 -2.562076 0.000000
vt 0.923998 -2.806083 0.000000
vt 1.047198 -3.050090 0.000000
vt 1.170397 -3.294097 0.000000
vt 1.293597 -3.538104 0.000000
vt 1.416797 -3.782112 0.000000
vt 1.539996 -4.026119 0.000000
vt 1.663196 -4.270126 0.000000
vt 1.786396 -4.514133 0.000000
vt 1.909596 -4.758140 0.000000
vt 2.032795 -5.002148 0.000000
vt 2.155995 -5.246155 0.000000
vt 2.279195 -5.490162 0.000000
vt 2.402394 -5.734169 0.000000
vt 2.525594 -5.978176 0.000000
vt 2.648794 -6.222184 0.000000
vt 2.771994 -6.466191 0.000000
vt 2.895193 -6.710198 0.000000
vt 3.018393 -6.954205 0.000000
vt 3.141593 -7.198212 0.000000
vt -3.141593 -7.198212 0.000000
vt -3.018393 -7.442219 0.000000
vt -2.895193 -7.686227 0.000000
vt -2.771994 -7.930234 0.000000
vt -2.648794 -8.174241 0.000000
vt -2.525594 -8.418248 0.000000
vt -2.402394 -8.662255 0.000000
vt -2.279195 -8.906263 0.000000
vt -2.155995 -9.150270 0.000000
vt -2.032795 -9.394277 0.000000
vt -1.909596 -9.638284 0.000000
vt -1.786396 -9.882291 0.000000
vt -1.663196 -10.126299 0.000000
vt -1.539996 -10.370306 0.000000
vt -1.416797 -10.614313 0.000000
vt -1.293597 -10.858320 0.000000
vt -1.170397 -11.102327 0.000000
vt 3.141593 5.490162 0.000000
vt 3.018393 5.734169 0.000000
vt 2.895193 5.978176 0.000000
vt 2.771994 6.222184 0.000000
vt 2.648794 6.466191 0.000000
vt 2.525594 6.710198 0.000000
vt 2.402394 6.954205 0.000000
vt 2.279195 7.198212 0.000000
vt 2.155995 7.442219 0.000000
vt 2.032795 7.686227 0.000000
vt 1.909596 7.930234 0.000000
vt 1.786396 8.174241 0.000000
vt 1.663196 8.418248 0.000000
vt 1.539996 8.662255 0.000000
vt 1.416797 8.906263 0.000000
vt 1.293597 9.150270 0.000000
vt 1.170397 9.394277 0.000000
vt -3.141593 5.002148 0.000000
vt -3.018393 4.758140 0.000000
vt -2.895193 4.514133 0.000000
vt -2.771994 4.270126 0.000000
vt -2.648794 4.026119 0.000000
vt -2.525594 3.782112 0.000000
vt -2.402394 3.538104 0.000000
vt -2.279195 3.294097 0.000000
vt -2.155995 3.050090 0.000000
vt -2.032795 2.806083 0.000000
vt -1.909596 2.562076 0.000000
vt -1.786396 2.318068 0.000000
vt -1.663196 2.074061 0.000000
vt -1.539996 1.830054 0.000000
vt -1.416797 1.586047 0.000000
vt -1.293597 1.342040 0.000000
vt -1.170397 1.098032 0.000000
vt -1.047198 0.854025 0.000000
vt -0.923998 0.610018 0.000000
vt -0.800798 0.366011 0.000000
vt -0.677598 0.122004 0.000000
vt -0.554399 -0.122004 0.000000
vt -0.431199 -0.366011 0.000000
vt -0.307999 -0.610018 0.000000
vt -0.184800 -0.854025 0.000000
vt -0.061600 -1.098032 0.000000
vt 0.061600 -1.342040 0.000000
vt 0.184800 -1.586047 0.000000
vt 0.307999 -1.830054 0.000000
vt 0.431199 -2.074061 0.000000
vt 0.554399 -2.318068 0.000000
vt 0.677598 -2.562076 0.000000
vt 0.800798 -2.806083 0.000000
vt 0.923998 -3.050090 0.000000
vt 1.047198 -3.294097 0.000000
vt 1.170397 -3.538104 0.000000
vt 1.293597 -3.782112 0.000000
vt 1.416797 -4.026119 0.000000
vt 1.539996 -4.270126 0.000000
vt 1.663196 -4.514133 0.000000
vt 1.786396 -4.758140 0.000000
vt 1.909596 -5.002148 0.000000
vt 2.032795 -5.246155 0.000000
vt 2.155995 -5.490162 0.000000
vt 2.279195 -5.734169 0.000000
vt 2.402394 -5.978176 0.000000
vt 2.525594 -6.222184 0.000000
vt 2.648794 -6.466191 0.000000
vt 2.771994 -6.710198 0.000000
vt 2.895193 -6.954205 0.000000
vt 3.018393 -7.198212 0.000000
vt 3.141593 -7.442219 0.000000
vt -3.141593 -7.442219 0.000000
vt -3.018393 -7.686227 0.000000
vt -2.895193 -7.930234 0.000000
vt -2.771994 -8.174241 0.000000
vt -2.648794 -8.418248 0.000000
vt -2.525594 -8.662255 0.000000
vt -2.402394 -8.906263 0.000000
vt -2.279195 -9.150270 0.000000
vt -2.155995 -9.394277 0.000000
vt -2.032795 -9.638284 0.000000
vt -1.909596 -9.882291 0.000000
vt -1.786396 -10.126299 0.000000
vt -1.663196 -10.370306 0.000000
vt -1.539996 -10.614313 0.000000
vt -1.416797 -10.858320 0.000000
vt -1.293597 -11.102327 0.000000
vt -1.170397 -11.346335 0.000000
vt 3.141593 5.246155 0.000000
vt 3.018393 5.490162 0.000000
vt 2.895193 5.734169 0.000000
vt 2.771994 5.978176 0.000000
vt 2.648794 6.222184 0.000000
vt 2.525594 6.466191 0.000000
vt 2.402394 6.710198 0.000000
vt 2.279195 6.954205 0.000000
vt 2.155995 7.198212 0.000000
vt 2.032795 7.442219 0.000000
vt 1.909596 7.686227 0.000000
vt 1.786396 7.930234 0.000000
vt 1.663196 8.174241 0.000000
vt 1.539996 8.418248 0.000000
vt 1.416797 8.662255 0.000000
vt 1.293597 8.906263 0.000000
vt 1.170397 9.150270 0.000000
vt -3.141593 4.758140 0.000000
vt -3.018393 4.514133 0.000000
vt -2.895193 4.270126 0.000000
vt -2.771994 4.026119 0.000000
vt -2.648794 3.782112 0.000000
vt -2.525594 3.538104 0.000000
vt -2.402394 3.294097 0.000000
vt -2.279195 3.050090 0.000000
vt -2.155995 2.806083 0.000000
vt -2.032795 2.562076 0.000000
vt -1.909596 2.318068 0.000000
vt -1.786396 2.074061 0.000000
vt -1.663196 1.830054 0.000000
vt -1.539996 1.586047 0.000000
vt -1.416797 1.342040 0.000000
vt -1.293597 1.098032 0.000000
vt -1.170397 0.854025 0.000000
vt -1.047198 0.610018 0.000000
vt -0.923998 0.366011 0.000000
vt -0.800798 0.122004 0.000000
vt -0.677598 -0.122004 0.000000
vt -0.554399 -0.366011 0.000000
vt -0.431199 -0.610018 0.000000
vt -0.307999 -0.854025 0.000000
vt -0.184800 -1.098032 0.000000
vt -0.061600 -1.342040 0.000000
vt 0.061600 -1.586047 0.000000
vt 0.184800 -1.830054 0.000000
vt 0.307999 -2.074061 0.000000
vt 0.431199 -2.318068 0.000000
vt 0.554399 -2.562076 0.000000
vt 0.677598 -2.806083 0.000000
vt 0.800798 -3.050090 0.000000
vt 0.923998 -3.294097 0.000000
vt 1.047198 -3.538104 0.000000
vt 1.170397 -3.782112 0.000000
vt 1.293597 -4.026119 0.000000
vt 1.416797 -4.270126 0.000000
vt 1.539996 -4.514133 0.000000
vt 1.663196 -4.758140 0.000000
vt 1.786396 -5.002148 0.000000
vt 1.909596 -5.246155 0.000000
vt 2.032795 -5.490162 0.000000
vt 2.155995 -5.734169 0.000000
vt 2.279195 -5.978176 0.000000
vt 2.402394 -6.222184 0.000000
vt 2.525594 -6.466191 0.000000
vt 2.648794 -6.710198 0.000000
vt 2.771994 -6.954205 0.000000
vt 2.895193 -7.198212 0.000000
vt 3.018393 -7.442219 0.000000
vt 3.141593 -7.686227 0.000000
vt -3.141593 -7.686227 0.000000
vt -3.018393 -7.930234 0.000000
vt -2.895193 -8.174241 0.000000
vt -2.771994 -8.418248 0.000000
vt -2.648794 -8.662255 0.000000
vt -2.525594 -8.906263 0.000000
vt -2.402394 -9.150270 0.000000
vt -2.279195 -9.394277 0.000000
vt -2.155995 -9.638284 0.000000
vt -2.032795 -9.882291 0.000000
vt -1.909596 -10.126299 0.000000
vt -1.786396 -10.370306 0.000000
vt -1.663196 -10.614313 0.000000
vt -1.539996 -10.858320 0.000000
vt -1.416797 -11.102327 0.000000
vt -1.293597 -11.346335 0.000000
vt -1.170397 -11.590342 0.000000
vt 3.141593 5.002148 0.000000
vt 3.018393 5.246155 0.000000
vt 2.895193 5.490162 0.000000
vt 2.771994 5.734169 0.000000
vt 2.648794 5.978176 0.000000
vt 2.525594 6.222184 0.000000
vt 2.402394 6.466191 0.000000
vt 2.279195 6.710198 0.000000
vt 2.155995 6.954205 0.000000
vt 2.032795 7.198212 0.000000
vt 1.909596 7.442219 0.000000
vt 1.786396 7.686227 0.000000
vt 1.663196 7.930234 0.000000
vt 1.539996 8.174241 0.000000
vt 1.416797 8.418248 0.000000
vt 1.293597 8.662255 0.000000
vt 1.170397 8.906263 0.000000
vt -3.141593 4.514133 0.000000
vt -3.018393 4.270126 0.000000
vt -2.895193 4.026119 0.000000
vt -2.771994 3.782112 0.000000
vt -2.648794 3.538104 0.000000
vt -2.525594 3.294097 0.000000
vt -2.402394 3.050090 0.000000
vt -2.279195 2.806083 0.000000
vt -2.155995 2.562076 0.000000
vt -2.032795 2.318068 0.000000
vt -1.909596 2.074061 0.000000
vt -1.786396 1.830054 0.000000
vt -1.663196 1.586047 0.000000
vt -1.539996 1.342040 0.000000
vt -1.416797 1.098032 0.000000
vt -1.293597 0.854025 0.000000
vt -1.170397 0.610018 0.000000
vt -1.047198 0.366011 0.000000
vt -0.923998 0.122004 0.000000
vt -0.800798 -0.122004 0.000000
vt -0.677598 -0.366011 0.000000
vt -0.554399 -0.610018 0.000000
vt -0.431199 -0.854025 0.000000
vt -0.307999 -1.098032 0.000000
vt -0.184800 -1.342040 0.000000
vt -0.061600 -1.586047 0.000000
vt 0.061600 -1.830054 0.000000
vt 0.184800 -2.074061 0.000000
vt 0.307999 -2.318068 0.000000
vt 0.431199 -2.562076 0.000000
vt 0.554399 -2.806083 0.000000
vt 0.677598 -3.050090 0.000000
vt 0.800798 -3.294097 0.000000
vt 0.923998 -3.538104 0.000000
vt 1.047198 -3.782112 0.000000
vt 1.170397 -4.026119 0.000000
vt 1.293597 -4.270126 0.000000
vt 1.416797 -4.514133 0.000000
vt 1.539996 -4.758140 0.000000
vt 1.663196 -5.002148 0.000000
vt 1.786396 -5.246155 0.000000
vt 1.909596 -5.490162 0.000000
vt 2.032795 -5.734169 0.000000
vt 2.155995 -5.978176 0.000000
vt 2.279195 -6.222184 0.000000
vt 2.402394 -6.466191 0.000000
vt 2.525594 -6.710198 0.000000
vt 2.648794 -6.954205 0.000000
vt 2.771994 -7.198212 0.000000
vt 2.895193 -7.442219 0.000000
vt 3.018393 -7.686227 0.000000
vt 3.141593 -7.930234 0.000000
vt -3.141593 -7.930234 0.000000
vt -3.018393 -8.174241 0.000000
vt -2.895193 -8.418248 0.000000
vt -2.771994 -8.662255 0.000000
vt -2.648794 -8.906263 0.000000
vt -2.525594 -9.150270 0.000000
vt -2.402394 -9.394277 0.000000
vt -2.279195 -9.638284 0.000000
vt -2.155995 -9.882291 0.000000
vt -2.032795 -10.126299 0.000000
vt -1.909596 -10.370306 0.000000
vt -1.786396 -10.614313 0.000000
vt -1.663196 -10.858320 0.000000
vt -1.539996 -11.102327 0.000000
vt -1.416797 -11.346335 0.000000
vt -1.293597 -11.590342 0.000000
vt -1.170397 -11.834349 0.000000
vt 3.141593 4.758140 0.000000
vt 3.018393 5.002148 0.000000
vt 2.895193 5.246155 0.000000
vt 2.771994 5.490162 0.000000
vt 2.648794 5.734169 0.000000
vt 2.525594 5.978176 0.000000
vt 2.402394 6.222184 0.000000
vt 2.279195 6.466191 0.000000
vt 2.155995 6.710198 0.000000
vt 2.032795 6.954205 0.000000
vt 1.909596 7.198212 0.000000
vt 1.786396 7.442219 0.000000
vt 1.663196 7.686227 0.000000
vt 1.539996 7.930234 0.000000
vt 1.416797 8.174241 0.000000
vt 1.293597 8.418248 0.000000
vt 1.170397 8.662255 0.000000
vt -2.895193 -8.662255 0.000000
vt -2.771994 -8.906263 0.000000
vt -2.648794 -9.150270 0.000000
vt -2.525594 -9.394277 0.000000
vt -2.402394 -9.638284 0.000000
vt -2.279195 -9.882291 0.000000
vt -2.155995 -10.126299 0.000000
vt -2.032795 -10.370306 0.000000
vt -1.909596 -10.614313 0.000000
vt -1.786396 -10.858320 0.000000
vt -1.663196 -11.102327 0.000000
vt -1.539996 -11.346335 0.000000
vt -1.416797 -11.590342 0.000000
vt -1.293597 -11.834349 0.000000
vt -1.170397 -12.078356 0.000000
vt 3.141593 4.514133 0.000000
vt 3.018393 4.758140 0.000000
vt 2.895193 5.002148 0.000000
vt 2.771994 5.246155 0.000000
vt 2.648794 5.490162 0.000000
vt 2.525594 5.734169 0.000000
vt 2.402394 5.978176 0.000000
vt 2.279195 6.222184 0.000000
vt 2.155995 6.466191 0.000000
vt 2.032795 6.710198 0.000000
vt 1.909596 6.954205 0.000000
vt 1.786396 7.198212 0.000000
vt 1.663196 7.442219 0.000000
vt 1.539996 7.686227 0.000000
vt 1.416797 7.930234 0.000000
vt 1.293597 8.174241 0.000000
vt 1.170397 8.418248 0.000000
vt -3.141593 3.782112 0.000000
vt -3.018393 3.538104 0.000000
vt -2.895193 3.294097 0.000000
vt -2.771994 3.050090 0.000000
vt -2.648794 2.806083 0.000000
vt -2.525594 2.562076 0.000000
vt -2.402394 2.318068 0.000000
vt -2.279195 2.074061 0.000000
vt -2.155995 1.830054 0.000000
vt -2.032795 1.586047 0.000000
vt -1.909596 1.342040 0.000000
vt -1.786396 1.098032 0.000000
vt -1.663196 0.854025 0.000000
vt -1.539996 0.610018 0.000000
vt -1.416797 0.366011 0.000000
vt -1.293597 0.122004 0.000000
vt -1.170397 -0.122004 0.000000
vt -1.047198 -0.366011 0.000000
vt -0.923998 -0.610018 0.000000
vt -0.800798 -0.854025 0.000000
vt -0.677598 -1.098032 0.000000
vt -0.554399 -1.342040 0.000000
vt -0.431199 -1.586047 0.000000
vt -0.307999 -1.830054 0.000000
vt -0.184800 -2.074061 0.000000
vt -0.061600 -2.318068 0.000000
vt 0.061600 -2.562076 0.000000
vt 0.184800 -2.806083 0.000000
vt 0.307999 -3.050090 0.000000
vt 0.431199 -3.294097 0.000000
vt 0.554399 -3.538104 0.000000
vt 0.677598 -3.782112 0.000000
vt 0.800798 -4.026119 0.000000
vt 0.923998 -4.270126 0.000000
vt 1.047198 -4.514133 0.000000
vt 1.170397 -4.758140 0.000000
vt 1.293597 -5.002148 0.000000
vt 1.416797 -5.246155 0.000000
vt 1.539996 -5.490162 0.000000
vt 1.663196 -5.734169 0.000000
vt 1.786396 -5.978176 0.000000
vt 1.909596 -6.222184 0.000000
vt 2.032795 -6.466191 0.000000
vt 2.155995 -6.710198 0.000000
vt 2.279195 -6.954205 0.000000
vt 2.402394 -7.198212 0.000000
vt 2.525594 -7.442219 0.000000
vt 2.648794 -7.686227 0.000000
vt 2.771994 -7.930234 0.000000
vt 2.895193 -8.174241 0.000000
vt 3.018393 -8.418248 0.000000
vt 3.141593 -8.418248 0.000000
vt 3.141593 3.782112 0.000000
vt -3.141593 3.538104 0.000000
vt -3.018393 3.294097 0.000000
vt -2.895193 3.050090 0.000000
vt -2.771994 2.806083 0.000000
vt -2.648794 2.562076 0.000000
vt -2.525594 2.318068 0.000000
vt -2.402394 2.074061 0.000000
vt -2.279195 1.830054 0.000000
vt -2.155995 1.586047 0.000000
vt -2.032795 1.342040 0.000000
vt -1.909596 1.098032 0.000000
vt -1.786396 0.854025 0.000000
vt -1.663196 0.610018 0.000000
vt -1.539996 0.366011 0.000000
vt -1.416797 0.122004 0.000000
vt -1.293597 -0.122004 0.000000
vt -1.170397 -0.366011 0.000000
vt -1.047198 -0.610018 0.000000
vt -0.923998 -0.854025 0.000000
vt -0.800798 -1.098032 0.000000
vt -0.677598 -1.342040 0.000000
vt -0.554399 -1.586047 0.000000
vt -0.431199 -1.830054 0.000000
vt -0.307999 -2.074061 0.000000
vt -0.184800 -2.318068 0.000000
vt -0.061600 -2.562076 0.000000
vt 0.061600 -2.806083 0.000000
vt 0.184800 -3.050090 0.000000
vt 0.307999 -3.294097 0.000000
vt 0.431199 -3.538104 0.000000
vt 0.554399 -3.782112 0.000000
vt 0.677598 -4.026119 0.000000
vt 0.800798 -4.270126 0.000000
vt 0.923998 -4.514133 0.000000
vt 1.047198 -4.758140 0.000000
vt 1.170397 -5.002148 0.000000
vt 1.293597 -5.246155 0.000000
vt 1.416797 -5.490162 0.000000
vt 1.539996 -5.734169 0.000000
vt 1.663196 -5.978176 0.000000
vt 1.786396 -6.222184 0.000000
vt 1.909596 -6.466191 0.000000
vt 2.032795 -6.710198 0.000000
vt 2.155995 -6.954205 0.000000
vt 2.279195 -7.198212 0.000000
vt 2.402394 -7.442219 0.000000
vt 2.525594 -7.686227 0.000000
vt 2.648794 -7.930234 0.000000
vt 2.771994 -8.174241 0.000000
vt 2.895193 -8.418248 0.000000
vt 3.018393 -8.662255 0.000000
vt 3.141593 -8.662255 0.000000
vt 3.141593 -8.906263 0.000000
vt -3.141593 3.294097 0.000000
vt -3.018393 3.050090 0.000000
vt -2.895193 2.806083 0.000000
vt -2.771994 2.562076 0.000000
vt -2.648794 2.318068 0.000000
vt -2.525594 2.074061 0.000000
vt -2.402394 1.830054 0.000000
vt -2.279195 1.586047 0.000000
vt -2.155995 1.342040 0.000000
vt -2.032795 1.098032 0.000000
vt -1.909596 0.854025 0.000000
vt -1.786396 0.610018 0.000000
vt -1.663196 0.366011 0.000000
vt -1.539996 0.122004 0.000000
vt -1.416797 -0.122004 0.000000
vt -1.293597 -0.366011 0.000000
vt -1.170397 -0.610018 0.000000
vt -1.047198 -0.854025 0.000000
vt -0.923998 -1.098032 0.000000
vt -0.800798 -1.342040 0.000000
vt -0.677598 -1.586047 0.000000
vt -0.554399 -1.830054 0.000000
vt -0.431199 -2.074061 0.000000
vt -0.307999 -2.318068 0.000000
vt -0.184800 -2.562076 0.000000
vt -0.061600 -2.806083 0.000000
vt 0.061600 -3.050090 0.000000
vt 0.184800 -3.294097 0.000000
vt 0.307999 -3.538104 0.000000
vt 0.431199 -3.782112 0.000000
vt 0.554399 -4.026119 0.000000
vt 0.677598 -4.270126 0.000000
vt 0.800798 -4.514133 0.000000
vt 0.923998 -4.758140 0.000000
vt 1.047198 -5.002148 0.000000
vt 1.170397 -5.246155 0.000000
vt 1.293597 -5.490162 0.000000
vt 1.416797 -5.734169 0.000000
vt 1.539996 -5.978176 0.000000
vt 1.663196 -6.222184 0.000000
vt 1.786396 -6.466191 0.000000
vt 1.909596 -6.710198 0.000000
vt 2.032795 -6.954205 0.000000
vt 2.155995 -7.198212 0.000000
vt 2.279195 -7.442219 0.000000
vt 2.402394 -7.686227 0.000000
vt 2.525594 -7.930234 0.000000
vt 2.648794 -8.174241 0.000000
vt 2.771994 -8.418248 0.000000
vt 2.895193 -8.662255 0.000000
vt 3.018393 -8.906263 0.000000
vt 3.141593 -9.150270 0.000000
vt 3.141593 3.538104 0.000000
vt 3.018393 3.782112 0.000000
vt 2.895193 4.026119 0.000000
vt 2.771994 4.270126 0.000000
vt 2.648794 4.514133 0.000000
vt 2.525594 4.758140 0.000000
vt 2.402394 5.002148 0.000000
vt 2.279195 5.246155 0.000000
vt 2.155995 5.490162 0.000000
vt 2.032795 5.734169 0.000000
vt 1.909596 5.978176 0.000000
vt 1.786396 6.222184 0.000000
vt 1.663196 6.466191 0.000000
vt 1.539996 6.710198 0.000000
vt 1.416797 6.954205 0.000000
vt 1.293597 7.198212 0.000000
vt 1.170397 7.442219 0.000000
vt 1.047198 7.686227 0.000000
vt 0.923998 7.930234 0.000000
vt 0.800798 8.174241 0.000000
vt 0.677598 8.418248 0.000000
vt 0.554399 8.662255 0.000000
vt 0.431199 8.906263 0.000000
vt 0.307999 9.150270 0.000000
vt 0.184800 9.394277 0.000000
vt 0.061600 9.638284 0.000000
vt -0.061600 9.882291 0.000000
vt -0.184800 10.126299 0.000000
vt -0.307999 10.370306 0.000000
vt -0.431199 10.614313 0.000000
vt -0.554399 10.858320 0.000000
vt -0.677598 11.102327 0.000000
vt -0.800798 11.346335 0.000000
vt -0.923998 11.590342 0.000000
vt -1.047198 11.834349 0.000000
vt -1.170397 12.078356 0.000000
vt -1.293597 12.322363 0.000000
vt -1.416797 12.566371 0.000000
vt -3.141593 3.050090 0.000000
vt -3.018393 2.806083 0.000000
vt -2.895193 2.562076 0.000000
vt -2.771994 2.318068 0.000000
vt -2.648794 2.074061 0.000000
vt -2.525594 1.830054 0.000000
vt -2.402394 1.586047 0.000000
vt -2.279195 1.342040 0.000000
vt -2.155995 1.098032 0.000000
vt -2.032795 0.854025 0.000000
vt -1.909596 0.610018 0.000000
vt -1.786396 0.366011 0.000000
vt -1.663196 0.122004 0.000000
vt -1.539996 -0.122004 0.000000
vt -1.416797 -0.366011 0.000000
vt -1.293597 -0.610018 0.000000
vt -1.170397 -0.854025 0.000000
vt -1.047198 -1.098032 0.000000
vt -0.923998 -1.342040 0.000000
vt -0.800798 -1.586047 0.000000
vt -0.677598 -1.830054 0.000000
vt -0.554399 -2.074061 0.000000
vt -0.431199 -2.318068 0.000000
vt -0.307999 -2.562076 0.000000
vt -0.184800 -2.806083 0.000000
vt -0.061600 -3.050090 0.000000
vt 0.061600 -3.294097 0.000000
vt 0.184800 -3.538104 0.000000
vt 0.307999 -3.782112 0.000000
vt 0.431199 -4.026119 0.000000
vt 0.554399 -4.270126 0.000000
vt 0.677598 -4.514133 0.000000
vt 0.800798 -4.758140 0.000000
vt 0.923998 -5.002148 0.000000
vt 1.047198 -5.246155 0.000000
vt 1.170397 -5.490162 0.000000
vt 1.293597 -5.734169 0.000000
vt 1.416797 -5.978176 0.000000
vt 1.539996 -6.222184 0.000000
vt 1.663196 -6.466191 0.000000
vt 1.786396 -6.710198 0.000000
vt 1.909596 -6.954205 0.000000
vt 2.032795 -7.198212 0.000000
vt 2.155995 -7.442219 0.000000
vt 2.279195 -7.686227 0.000000
vt 2.402394 -7.930234 0.000000
vt 2.525594 -8.174241 0.000000
vt 2.648794 -8.418248 0.000000
vt 2.771994 -8.662255 0.000000
vt 2.895193 -8.906263 0.000000
vt 3.018393 -9.150270 0.000000
vt 3.141593 -9.394277 0.000000
vt 3.141593 3.294097 0.000000
vt 3.018393 3.538104 0.000000
vt 2.895193 3.782112 0.000000
vt 2.771994 4.026119 0.000000
vt 2.648794 4.270126 0.000000
vt 2.525594 4.514133 0.000000
vt 2.402394 4.758140 0.000000
vt 2.279195 5.002148 0.000000
vt 2.155995 5.246155 0.000000
vt 2.032795 5.490162 0.000000
vt 1.909596 5.734169 0.000000
vt 1.786396 5.978176 0.000000
vt 1.663196 6.222184 0.000000
vt 1.539996 6.466191 0.000000
vt 1.416797 6.710198 0.000000
vt 1.293597 6.954205 0.000000
vt 1.170397 7.198212 0.000000
vt 1.047198 7.442219 0.000000
vt 0.923998 7.686227 0.000000
vt 0.800798 7.930234 0.000000
vt 0.677598 8.174241 0.000000
vt 0.554399 8.418248 0.000000
vt 0.431199 8.662255 0.000000
vt 0.307999 8.906263 0.000000
vt 0.184800 9.150270 0.000000
vt 0.061600 9.394277 0.000000
vt -0.061600 9.638284 0.000000
vt -0.184800 9.882291 0.000000
vt -0.307999 10.126299 0.000000
vt -0.431199 10.370306 0.000000
vt -0.554399 10.614313 0.000000
vt -0.677598 10.858320 0.000000
vt -0.800798 11.102327 0.000000
vt -0.923998 11.346335 0.000000
vt -1.047198 11.590342 0.000000
vt -1.170397 11.834349 0.000000
vt -1.293597 12.078356 0.000000
vt -1.416797 12.322363 0.000000
vt -1.539996 12.566371 0.000000
vt -3.141593 2.806083 0.000000
vt -3.018393 2.562076 0.000000
vt -2.895193 2.318068 0.000000
vt -2.771994 2.074061 0.000000
vt -2.648794 1.830054 0.000000
vt -2.525594 1.586047 0.000000
vt -2.402394 1.342040 0.000000
vt -2.279195 1.098032 0.000000
vt -2.155995 0.854025 0.000000
vt -2.032795 0.610018 0.000000
vt -1.909596 0.366011 0.000000
vt -1.786396 0.122004 0.000000
vt -1.663196 -0.122004 0.000000
vt -1.539996 -0.366011 0.000000
vt -1.416797 -0.610018 0.000000
vt -1.293597 -0.854025 0.000000
vt -1.170397 -1.098032 0.000000
vt -1.047198 -1.342040 0.000000
vt -0.923998 -1.586047 0.000000
vt -0.800798 -1.830054 0.000000
vt -0.677598 -2.074061 0.000000
vt -0.554399 -2.318068 0.000000
vt -0.431199 -2.562076 0.000000
vt -0.307999 -2.806083 0.000000
vt -0.184800 -3.050090 0.000000
vt -0.061600 -3.294097 0.000000
vt 0.061600 -3.538104 0.000000
vt 0.184800 -3.782112 0.000000
vt 0.307999 -4.026119 0.000000
vt 0.431199 -4.270126 0.000000
vt 0.554399 -4.514133 0.000000
vt 0.677598 -4.758140 0.000000
vt 0.800798 -5.002148 0.000000
vt 0.923998 -5.246155 0.000000
vt 1.047198 -5.490162 0.000000
vt 1.170397 -5.734169 0.000000
vt 1.293597 -5.978176 0.000000
vt 1.416797 -6.222184 0.000000
vt 1.539996 -6.466191 0.000000
vt 1.663196 -6.710198 0.000000
vt 1.786396 -6.954205 0.000000
vt 1.909596 -7.198212 0.000000
vt 2.032795 -7.442219 0.000000
vt 2.155995 -7.686227 0.000000
vt 2.279195 -7.930234 0.000000
vt 2.402394 -8.174241 0.000000
vt 2.525594 -8.418248 0.000000
vt 2.648794 -8.662255 0.000000
vt 2.771994 -8.906263 0.000000
vt 2.895193 -9.150270 0.000000
vt 3.018393 -9.394277 0.000000
vt 3.141593 -9.638284 0.000000
vt 3.141593 3.050090 0.000000
vt 3.018393 3.294097 0.000000
vt 2.895193 3.538104 0.000000
vt 2.771994 3.782112 0.000000
vt 2.648794 4.026119 0.000000
vt 2.525594 4.270126 0.000000
vt 2.402394 4.514133 0.000000
vt 2.279195 4.758140 0.000000
vt 2.155995 5.002148 0.000000
vt 2.032795 5.246155 0.000000
vt 1.909596 5.490162 0.000000
vt 1.786396 5.734169 0.000000
vt 1.663196 5.978176 0.000000
vt 1.539996 6.222184 0.000000
vt 1.416797 6.466191 0.000000
vt 1.293597 6.710198 0.000000
vt 1.170397 6.954205 0.000000
vt 1.047198 7.198212 0.000000
vt 0.923998 7.442219 0.000000
vt 0.800798 7.686227 0.000000
vt 0.677598 7.930234 0.000000
vt 0.554399 8.174241 0.000000
vt 0.431199 8.418248 0.000000
vt 0.307999 8.662255 0.000000
vt 0.184800 8.906263 0.000000
vt 0.061600 9.150270 0.000000
vt -0.061600 9.394277 0.000000
vt -0.184800 9.638284 0.000000
vt -0.307999 9.882291 0.000000
vt -0.431199 10.126299 0.000000
vt -0.554399 10.370306 0.000000
vt -0.677598 10.614313 0.000000
vt -0.800798 10.858320 0.000000
vt -0.923998 11.102327 0.000000
vt -1.047198 11.346335 0.000000
vt -1.170397 11.590342 0.000000
vt -1.293597 11.834349 0.000000
vt -1.416797 12.078356 0.000000
vt -1.539996 12.322363 0.000000
vt -1.663196 12.566371 0.000000
vt -3.141593 2.562076 0.000000
vt -3.018393 2.318068 0.000000
vt -2.895193 2.074061 0.000000
vt -2.771994 1.830054 0.000000
vt -2.648794 1.586047 0.000000
vt -2.525594 1.342040 0.000000
vt -2.402394 1.098032 0.000000
vt -2.279195 0.854025 0.000000
vt -2.155995 0.610018 0.000000
vt -2.032795 0.366011 0.000000
vt -1.909596 0.122004 0.000000
vt -1.786396 -0.122004 0.000000
vt -1.663196 -0.366011 0.000000
vt -1.539996 -0.610018 0.000000
vt -1.416797 -0.854025 0.000000
vt -1.293597 -1.098032 0.000000
vt -1.170397 -1.342040 0.000000
vt -1.047198 -1.586047 0.000000
vt -0.923998 -1.830054 0.000000
vt -0.800798 -2.074061 0.000000
vt -0.677598 -2.318068 0.000000
vt -0.554399 -2.562076 0.000000
vt -0.431199 -2.806083 0.000000
vt -0.307999 -3.050090 0.000000
vt -0.184800 -3.294097 0.000000
vt -0.061600 -3.538104 0.000000
vt 0.061600 -3.782112 0.000000
vt 0.184800 -4.026119 0.000000
vt 0.307999 -4.270126 0.000000
vt 0.431199 -4.514133 0.000000
vt 0.554399 -4.758140 0.000000
vt 0.677598 -5.002148 0.000000
vt 0.800798 -5.246155 0.000000
vt 0.923998 -5.490162 0.000000
vt 1.047198 -5.734169 0.000000
vt 1.170397 -5.978176 0.000000
vt 1.293597 -6.222184 0.000000
vt 1.416797 -6.466191 0.000000
vt 1.539996 -6.710198 0.000000
vt 1.663196 -6.954205 0.000000
vt 1.786396 -7.198212 0.000000
vt 1.909596 -7.442219 0.000000
vt 2.032795 -7.686227 0.000000
vt 2.155995 -7.930234 0.000000
vt 2.279195 -8.174241 0.000000
vt 2.402394 -8.418248 0.000000
vt 2.525594 -8.662255 0.000000
vt 2.648794 -8.906263 0.000000
vt 2.771994 -9.150270 0.000000
vt 2.895193 -9.394277 0.000000
vt 3.018393 -9.638284 0.000000
vt 3.141593 -9.882291 0.000000
vt 3.141593 2.806083 0.000000
vt 3.018393 3.050090 0.000000
vt 2.895193 3.294097 0.000000
vt 2.771994 3.538104 0.000000
vt 2.648794 3.782112 0.000000
vt 2.525594 4.026119 0.000000
vt 2.402394 4.270126 0.000000
vt 2.279195 4.514133 0.000000
vt 2.155995 4.758140 0.000000
vt 2.032795 5.002148 0.000000
vt 1.909596 5.246155 0.000000
vt 1.786396 5.490162 0.000000
vt 1.663196 5.734169 0.000000
vt 1.539996 5.978176 0.000000
vt 1.416797 6.222184 0.000000
vt 1.293597 6.466191 0.000000
vt 1.170397 6.710198 0.000000
vt 1.047198 6.954205 0.000000
vt 0.923998 7.198212 0.000000
vt 0.800798 7.442219 0.000000
vt 0.677598 7.686227 0.000000
vt 0.554399 7.930234 0.000000
vt 0.431199 8.174241 0.000000
vt 0.307999 8.418248 0.000000
vt 0.184800 8.662255 0.000000
vt 0.061600 8.906263 0.000000
vt -0.061600 9.150270 0.000000
vt -0.184800 9.394277 0.000000
vt -0.307999 9.638284 0.000000
vt -0.431199 9.882291 0.000000
vt -0.554399 10.126299 0.000000
vt -0.677598 10.370306 0.000000
vt -0.800798 10.614313 0.000000
vt -0.923998 10.858320 0.000000
vt -1.047198 11.102327 0.000000
vt -1.170397 11.346335 0.000000
vt -1.293597 11.590342 0.000000
vt -1.416797 11.834349 0.000000
vt -1.539996 12.078356 0.000000
vt -1.663196 12.322363 0.000000
vt -1.786396 12.566371 0.000000
vt -3.141593 2.318068 0.000000
vt -3.018393 2.074061 0.000000
vt -2.895193 1.830054 0.000000
vt -2.771994 1.586047 0.000000
vt -2.648794 1.342040 0.000000
vt -2.525594 1.098032 0.000000
vt -2.402394 0.854025 0.000000
vt -2.279195 0.610018 0.000000
vt -2.155995 0.366011 0.000000
vt -2.032795 0.122004 0.000000
vt -1.909596 -0.122004 0.000000
vt -1.786396 -0.366011 0.000000
vt -1.663196 -0.610018 0.000000
vt -1.539996 -0.854025 0.000000
vt -1.416797 -1.098032 0.000000
vt -1.293597 -1.342040 0.000000
vt -1.170397 -1.586047 0.000000
vt -1.047198 -1.830054 0.000000
vt -0.923998 -2.074061 0.000000
vt -0.800798 -2.318068 0.000000
vt -0.677598 -2.562076 0.000000
vt -0.554399 -2.806083 0.000000
vt -0.431199 -3.050090 0.000000
vt -0.307999 -3.294097 0.000000
vt -0.184800 -3.538104 0.000000
vt -0.061600 -3.782112 0.000000
vt 0.061600 -4.026119 0.000000
vt 0.184800 -4.270126 0.000000
vt 0.307999 -4.514133 0.000000
vt 0.431199 -4.758140 0.000000
vt 0.554399 -5.002148 0.000000
vt 0.677598 -5.246155 0.000000
vt 0.800798 -5.490162 0.000000
vt 0.923998 -5.734169 0.000000
vt 1.047198 -5.978176 0.000000
vt 1.170397 -6.222184 0.000000
vt 1.293597 -6.466191 0.000000
vt 1.416797 -6.710198 0.000000
vt 1.539996 -6.954205 0.000000
vt 1.663196 -7.198212 0.000000
vt 1.786396 -7.442219 0.000000
vt 1.909596 -7.686227 0.000000
vt 2.032795 -7.930234 0.000000
vt 2.155995 -8.174241 0.000000
vt 2.279195 -8.418248 0.000000
vt 2.402394 -8.662255 0.000000
vt 2.525594 -8.906263 0.000000
vt 2.648794 -9.150270 0.000000
vt 2.771994 -9.394277 0.000000
vt 2.895193 -9.638284 0.000000
vt 3.018393 -9.882291 0.000000
vt 3.141593 -10.126299 0.000000
vt 3.141593 2.562076 0.000000
vt 3.018393 2.806083 0.000000
vt 2.895193 3.050090 0.000000
vt 2.771994 3.294097 0.000000
vt 2.648794 3.538104 0.000000
vt 2.525594 3.782112 0.000000
vt 2.402394 4.026119 0.000000
vt 2.279195 4.270126 0.000000
vt 2.155995 4.514133 0.000000
vt 2.032795 4.758140 0.000000
vt 1.909596 5.002148 0.000000
vt 1.786396 5.246155 0.000000
vt 1.663196 5.490162 0.000000
vt 1.539996 5.734169 0.000000
vt 1.416797 5.978176 0.000000
vt 1.293597 6.222184 0.000000
vt 1.170397 6.466191 0.000000
vt 1.047198 6.710198 0.000000
vt 0.923998 6.954205 0.000000
vt 0.800798 7.198212 0.000000
vt 0.677598 7.442219 0.000000
vt 0.554399 7.686227 0.000000
vt 0.431199 7.930234 0.000000
vt 0.307999 8.174241 0.000000
vt 0.184800 8.418248 0.000000
vt 0.061600 8.662255 0.000000
vt -0.061600 8.906263 0.000000
vt -0.184800 9.150270 0.000000
vt -0.307999 9.394277 0.000000
vt -0.431199 9.638284 0.000000
vt -0.554399 9.882291 0.000000
vt -0.677598 10.126299 0.000000
vt -0.800798 10.370306 0.000000
vt -0.923998 10.614313 0.000000
vt -1.047198 10.858320 0.000000
vt -1.170397 11.102327 0.000000
vt -1.293597 11.346335 0.000000
vt -1.416797 11.590342 0.000000
vt -1.539996 11.834349 0.000000
vt -1.663196 12.078356 0.000000
vt -1.786396 12.322363 0.000000
vt -1.909596 12.566371 0.000000
vt -3.141593 2.074061 0.000000
vt -3.018393 1.830054 0.000000
vt -2.895193 1.586047 0.000000
vt -2.771994 1.342040 0.000000
vt -2.648794 1.098032 0.000000
vt -2.525594 0.854025 0.000000
vt -2.402394 0.610018 0.000000
vt -2.279195 0.366011 0.000000
vt -2.155995 0.122004 0.000000
vt -2.032795 -0.122004 0.000000
vt -1.909596 -0.366011 0.000000
vt -1.786396 -0.610018 0.000000
vt -1.663196 -0.854025 0.000000
vt -1.539996 -1.098032 0.000000
vt -1.416797 -1.342040 0.000000
vt -1.293597 -1.586047 0.000000
vt -1.170397 -1.830054 0.000000
vt -1.047198 -2.074061 0.000000
vt -0.923998 -2.318068 0.000000
vt -0.800798 -2.562076 0.000000
vt -0.677598 -2.806083 0.000000
vt -0.554399 -3.050090 0.000000
vt -0.431199 -3.294097 0.000000
vt -0.307999 -3.538104 0.000000
vt -0.184800 -3.782112 0.000000
vt -0.061600 -4.026119 0.000000
vt 0.061600 -4.270126 0.000000
vt 0.184800 -4.514133 0.000000
vt 0.307999 -4.758140 0.000000
vt 0.431199 -5.002148 0.000000
vt 0.554399 -5.246155 0.000000
vt 0.677598 -5.490162 0.000000
vt 0.800798 -5.734169 0.000000
vt 0.923998 -5.978176 0.000000
vt 1.047198 -6.222184 0.000000
vt 1.170397 -6.466191 0.000000
vt 1.293597 -6.710198 0.000000
vt 1.416797 -6.954205 0.000000
vt 1.539996 -7.198212 0.000000
vt 1.663196 -7.442219 0.000000
vt 1.786396 -7.686227 0.000000
vt 1.909596 -7.930234 0.000000
vt 2.032795 -8.174241 0.000000
vt 2.155995 -8.418248 0.000000
vt 2.279195 -8.662255 0.000000
vt 2.402394 -8.906263 0.000000
vt 2.525594 -9.150270 0.000000
vt 2.648794 -9.394277 0.000000
vt 2.771994 -9.638284 0.000000
vt 2.895193 -9.882291 0.000000
vt 3.018393 -10.126299 0.000000
vt 3.141593 -10.370306 0.000000
vt 3.141593 2.318068 0.000000
vt 3.018393 2.562076 0.000000
vt 2.895193 2.806083 0.000000
vt 2.771994 3.050090 0.000000
vt 2.648794 3.294097 0.000000
vt 2.525594 3.538104 0.000000
vt 2.402394 3.782112 0.000000
vt 2.279195 4.026119 0.000000
vt 2.155995 4.270126 0.000000
vt 2.032795 4.514133 0.000000
vt 1.909596 4.758140 0.000000
vt 1.786396 5.002148 0.000000
vt 1.663196 5.246155 0.000000
vt 1.539996 5.490162 0.000000
vt 1.416797 5.734169 0.000000
vt 1.293597 5.978176 0.000000
vt 1.170397 6.222184 0.000000
vt 1.047198 6.466191 0.000000
vt 0.923998 6.710198 0.000000
vt 0.800798 6.954205 0.000000
vt 0.677598 7.198212 0.000000
vt 0.554399 7.442219 0.000000
vt 0.431199 7.686227 0.000000
vt 0.307999 7.930234 0.000000
vt 0.184800 8.174241 0.000000
vt 0.061600 8.418248 0.000000
vt -0.061600 8.662255 0.000000
vt -0.184800 8.906263 0.000000
vt -0.307999 9.150270 0.000000
vt -0.431199 9.394277 0.000000
vt -0.554399 9.638284 0.000000
vt -0.677598 9.882291 0.000000
vt -0.800798 10.126299 0.000000
vt -0.923998 10.370306 0.000000
vt -1.047198 10.614313 0.000000
vt -1.170397 10.858320 0.000000
vt -1.293597 11.102327 0.000000
vt -1.416797 11.346335 0.000000
vt -1.539996 11.590342 0.000000
vt -1.663196 11.834349 0.000000
vt -1.786396 12.078356 0.000000
vt -1.909596 12.322363 0.000000
vt -2.032795 12.566371 0.000000
vt -3.141593 1.830054 0.000000
vt -3.018393 1.586047 0.000000
vt -2.895193 1.342040 0.000000
vt -2.771994 1.098032 0.000000
vt -2.648794 0.854025 0.000000
vt -2.525594 0.610018 0.000000
vt -2.402394 0.366011 0.000000
vt -2.279195 0.122004 0.000000
vt -2.155995 -0.122004 0.000000
vt -2.032795 -0.366011 0.000000
vt -1.909596 -0.610018 0.000000
vt -1.786396 -0.854025 0.000000
vt -1.663196 -1.098032 0.000000
vt -1.539996 -1.342040 0.000000
vt -1.416797 -1.586047 0.000000
vt -1.293597 -1.830054 0.000000
vt -1.170397 -2.074061 0.000000
vt -1.047198 -2.318068 0.000000
vt -0.923998 -2.562076 0.000000
vt -0.800798 -2.806083 0.000000
vt -0.677598 -3.050090 0.000000
vt -0.554399 -3.294097 0.000000
vt -0.431199 -3.538104 0.000000
vt -0.307999 -3.782112 0.000000
vt -0.184800 -4.026119 0.000000
vt -0.061600 -4.270126 0.000000
vt 0.061600 -4.514133 0.000000
vt 0.184800 -4.758140 0.000000
vt 0.307999 -5.002148 0.000000
vt 0.431199 -5.246155 0.000000
vt 0.554399 -5.490162 0.000000
vt 0.677598 -5.734169 0.000000
vt 0.800798 -5.978176 0.000000
vt 0.923998 -6.222184 0.000000
vt 1.047198 -6.466191 0.000000
vt 1.170397 -6.710198 0.000000
vt 1.293597 -6.954205 0.000000
vt 1.416797 -7.198212 0.000000
vt 1.539996 -7.442219 0.000000
vt 1.663196 -7.686227 0.000000
vt 1.786396 -7.930234 0.000000
vt 1.909596 -8.174241 0.000000
vt 2.032795 -8.418248 0.000000
vt 2.155995 -8.662255 0.000000
vt 2.279195 -8.906263 0.000000
vt 2.402394 -9.150270 0.000000
vt 2.525594 -9.394277 0.000000
vt 2.648794 -9.638284 0.000000
vt 2.771994 -9.882291 0.000000
vt 2.895193 -10.126299 0.000000
vt 3.018393 -10.370306 0.000000
vt 3.141593 -10.614313 0.000000
vt 3.141593 2.074061 0.000000
vt 3.018393 2.318068 0.000000
vt 2.895193 2.562076 0.000000
vt 2.771994 2.806083 0.000000
vt 2.648794 3.050090 0.000000
vt 2.525594 3.294097 0.000000
vt 2.402394 3.538104 0.000000
vt 2.279195 3.782112 0.000000
vt 2.155995 4.026119 0.000000
vt 2.032795 4.270126 0.000000
vt 1.909596 4.514133 0.000000
vt 1.786396 4.758140 0.000000
vt 1.663196 5.002148 0.000000
vt 1.539996 5.246155 0.000000
vt 1.416797 5.490162 0.000000
vt 1.293597 5.734169 0.000000
vt 1.170397 5.978176 0.000000
vt 1.047198 6.222184 0.000000
vt 0.923998 6.466191 0.000000
vt 0.800798 6.710198 0.000000
vt 0.677598 6.954205 0.000000
vt 0.554399 7.198212 0.000000
vt 0.431199 7.442219 0.000000
vt 0.307999 7.686227 0.000000
vt 0.184800 7.930234 0.000000
vt 0.061600 8.174241 0.000000
vt -0.061600 8.418248 0.000000
vt -0.184800 8.662255 0.000000
vt -0.307999 8.906263 0.000000
vt -0.431199 9.150270 0.000000
vt -0.554399 9.394277 0.000000
vt -0.677598 9.638284 0.000000
vt -0.800798 9.882291 0.000000
vt -0.923998 10.126299 0.000000
vt -1.047198 10.370306 0.000000
vt -1.170397 10.614313 0.000000
vt -1.293597 10.858320 0.000000
vt -1.416797 11.102327 0.000000
vt -1.539996 11.346335 0.000000
vt -1.663196 11.590342 0.000000
vt -1.786396 11.834349 0.000000
vt -1.909596 12.078356 0.000000
vt -2.032795 12.322363 0.000000
vt -3.141593 1.586047 0.000000
vt -3.018393 1.342040 0.000000
vt -2.895193 1.098032 0.000000
vt -2.771994 0.854025 0.000000
vt -2.648794 0.610018 0.000000
vt -2.525594 0.366011 0.000000
vt -2.402394 0.122004 0.000000
vt -2.279195 -0.122004 0.000000
vt -2.155995 -0.366011 0.000000
vt -2.032795 -0.610018 0.000000
vt -1.909596 -0.854025 0.000000
vt -1.786396 -1.098032 0.000000
vt -1.663196 -1.342040 0.000000
vt -1.539996 -1.586047 0.000000
vt -1.416797 -1.830054 0.000000
vt -1.293597 -2.074061 0.000000
vt -1.170397 -2.318068 0.000000
vt -1.047198 -2.562076 0.000000
vt -0.923998 -2.806083 0.000000
vt -0.800798 -3.050090 0.000000
vt -0.677598 -3.294097 0.000000
vt -0.554399 -3.538104 0.000000
vt -0.431199 -3.782112 0.000000
vt -0.307999 -4.026119 0.000000
vt -0.184800 -4.270126 0.000000
vt -0.061600 -4.514133 0.000000
vt 0.061600 -4.758140 0.000000
vt 0.184800 -5.002148 0.000000
vt 0.307999 -5.246155 0.000000
vt 0.431199 -5.490162 0.000000
vt 0.554399 -5.734169 0.000000
vt 0.677598 -5.978176 0.000000
vt 0.800798 -6.222184 0.000000
vt 0.923998 -6.466191 0.000000
vt 1.047198 -6.710198 0.000000
vt 1.170397 -6.954205 0.000000
vt 1.293597 -7.198212 0.000000
vt 1.416797 -7.442219 0.000000
vt 1.539996 -7.686227 0.000000
vt 1.663196 -7.930234 0.000000
vt 1.786396 -8.174241 0.000000
vt 1.909596 -8.418248 0.000000
vt 2.032795 -8.662255 0.000000
vt 2.155995 -8.906263 0.000000
vt 2.279195 -9.150270 0.000000
vt 2.402394 -9.394277 0.000000
vt 2.525594 -9.638284 0.000000
vt 2.648794 -9.882291 0.000000
vt 2.771994 -10.126299 0.000000
vt 2.895193 -10.370306 0.000000
vt 3.018393 -10.614313 0.000000
vt 3.141593 -10.858320 0.000000
vt 3.141593 1.830054 0.000000
vt 3.018393 2.074061 0.000000
vt 2.895193 2.318068 0.000000
vt 2.771994 2.562076 0.000000
vt 2.648794 2.806083 0.000000
vt 2.525594 3.050090 0.000000
vt 2.402394 3.294097 0.000000
vt 2.279195 3.538104 0.000000
vt 2.155995 3.782112 0.000000
vt 2.032795 4.026119 0.000000
vt 1.909596 4.270126 0.000000
vt 1.786396 4.514133 0.000000
vt 1.663196 4.758140 0.000000
vt 1.539996 5.002148 0.000000
vt 1.416797 5.246155 0.000000
vt 1.293597 5.490162 0.000000
vt 1.170397 5.734169 0.000000
vt 1.047198 5.978176 0.000000
vt 0.923998 6.222184 0.000000
vt 0.800798 6.466191 0.000000
vt 0.677598 6.710198 0.000000
vt 0.554399 6.954205 0.000000
vt 0.431199 7.198212 0.000000
vt 0.307999 7.442219 0.000000
vt 0.184800 7.686227 0.000000
vt 0.061600 7.930234 0.000000
vt -0.061600 8.174241 0.000000
vt -0.184800 8.418248 0.000000
vt -0.307999 8.662255 0.000000
vt -0.431199 8.906263 0.000000
vt -0.554399 9.150270 0.000000
vt -0.677598 9.394277 0.000000
vt -0.800798 9.638284 0.000000
vt -0.923998 9.882291 0.000000
vt -1.047198 10.126299 0.000000
vt -1.170397 10.370306 0.000000
vt -1.293597 10.614313 0.000000
vt -1.416797 10.858320 0.000000
vt -1.539996 11.102327 0.000000
vt -1.663196 11.346335 0.000000
vt -1.786396 11.590342 0.000000
vt -1.909596 11.834349 0.000000
vt -2.032795 12.078356 0.000000
vt -3.141593 1.342040 0.000000
vt -3.018393 1.098032 0.000000
vt -2.895193 0.854025 0.000000
vt -2.771994 0.610018 0.000000
vt -2.648794 0.366011 0.000000
vt -2.525594 0.122004 0.000000
vt -2.402394 -0.122004 0.000000
vt -2.279195 -0.366011 0.000000
vt -2.155995 -0.610018 0.000000
vt -2.032795 -0.854025 0.000000
vt -1.909596 -1.098032 0.000000
vt -1.786396 -1.342040 0.000000
vt -1.663196 -1.586047 0.000000
vt -1.539996 -1.830054 0.000000
vt -1.416797 -2.074061 0.000000
vt -1.293597 -2.318068 0.000000
vt -1.170397 -2.562076 0.000000
vt -1.047198 -2.806083 0.000000
vt -0.923998 -3.050090 0.000000
vt -0.800798 -3.294097 0.000000
vt -0.677598 -3.538104 0.000000
vt -0.554399 -3.782112 0.000000
vt -0.431199 -4.026119 0.000000
vt -0.307999 -4.270126 0.000000
vt -0.184800 -4.514133 0.000000
vt -0.061600 -4.758140 0.000000
vt 0.061600 -5.002148 0.000000
vt 0.184800 -5.246155 0.000000
vt 0.307999 -5.490162 0.000000
vt 0.431199 -5.734169 0.000000
vt 0.554399 -5.978176 0.000000
vt 0.677598 -6.222184 0.000000
vt 0.800798 -6.466191 0.000000
vt 0.923998 -6.710198 0.000000
vt 1.047198 -6.954205 0.000000
vt 1.170397 -7.198212 0.000000
vt 1.293597 -7.442219 0.000000
vt 1.416797 -7.686227 0.000000
vt 1.539996 -7.930234 0.000000
vt 1.663196 -8.174241 0.000000
vt 1.786396 -8.418248 0.000000
vt 1.909596 -8.662255 0.000000
vt 2.032795 -8.906263 0.000000
vt 2.155995 -9.150270 0.000000
vt 2.279195 -9.394277 0.000000
vt 2.402394 -9.638284 0.000000
vt 2.525594 -9.882291 0.000000
vt 2.648794 -10.126299 0.000000
vt 2.771994 -10.370306 0.000000
vt 2.895193 -10.614313 0.000000
vt 3.018393 -10.858320 0.000000
vt 3.141593 -11.102327 0.000000
vt 3.141593 1.586047 0.000000
vt 3.018393 1.830054 0.000000
vt 2.895193 2.074061 0.000000
vt 2.771994 2.318068 0.000000
vt 2.648794 2.562076 0.000000
vt 2.525594 2.806083 0.000000
vt 2.402394 3.050090 0.000000
vt 2.279195 3.294097 0.000000
vt 2.155995 3.538104 0.000000
vt 2.032795 3.782112 0.000000
vt 1.909596 4.026119 0.000000
vt 1.786396 4.270126 0.000000
vt 1.663196 4.514133 0.000000
vt 1.539996 4.758140 0.000000
vt 1.416797 5.002148 0.000000
vt 1.293597 5.246155 0.000000
vt 1.170397 5.490162 0.000000
vt 1.047198 5.734169 0.000000
vt 0.923998 5.978176 0.000000
vt 0.800798 6.222184 0.000000
vt 0.677598 6.466191 0.000000
vt 0.554399 6.710198 0.000000
vt 0.431199 6.954205 0.000000
vt 0.307999 7.198212 0.000000
vt 0.184800 7.442219 0.000000
vt 0.061600 7.686227 0.000000
vt -0.061600 7.930234 0.000000
vt -0.184800 8.174241 0.000000
vt -0.307999 8.418248 0.000000
vt -0.431199 8.662255 0.000000
vt -0.554399 8.906263 0.000000
vt -0.677598 9.150270 0.000000
vt -0.800798 9.394277 0.000000
vt -0.923998 9.638284 0.000000
vt -1.047198 9.882291 0.000000
vt -1.170397 10.126299 0.000000
vt -1.293597 10.370306 0.000000
vt -1.416797 10.614313 0.000000
vt -1.539996 10.858320 0.000000
vt -1.663196 11.102327 0.000000
vt -1.786396 11.346335 0.000000
vt -1.909596 11.590342 0.000000
vt -2.032795 11.834349 0.000000
vt -2.155995 12.078356 0.000000
vt -3.141593 1.098032 0.000000
vt -3.018393 0.854025 0.000000
vt -2.895193 0.610018 0.000000
vt -2.771994 0.366011 0.000000
vt -2.648794 0.122004 0.000000
vt -2.525594 -0.122004 0.000000
vt -2.402394 -0.366011 0.000000
vt -2.279195 -0.610018 0.000000
vt -2.155995 -0.854025 0.000000
vt -2.032795 -1.098032 0.000000
vt -1.909596 -1.342040 0.000000
vt -1.786396 -1.586047 0.000000
vt -1.663196 -1.830054 0.000000
vt -1.539996 -2.074061 0.000000
vt -1.416797 -2.318068 0.000000
vt -1.293597 -2.562076 0.000000
vt -1.170397 -2.806083 0.000000
vt -1.047198 -3.050090 0.000000
vt -0.923998 -3.294097 0.000000
vt -0.800798 -3.538104 0.000000
vt -0.677598 -3.782112 0.000000
vt -0.554399 -4.026119 0.000000
vt -0.431199 -4.270126 0.000000
vt -0.307999 -4.514133 0.000000
vt -0.184800 -4.758140 0.000000
vt -0.061600 -5.002148 0.000000
vt 0.061600 -5.246155 0.000000
vt 0.184800 -5.490162 0.000000
vt 0.307999 -5.734169 0.000000
vt 0.431199 -5.978176 0.000000
vt 0.554399 -6.222184 0.000000
vt 0.677598 -6.466191 0.000000
vt 0.800798 -6.710198 0.000000
vt 0.923998 -6.954205 0.000000
vt 1.047198 -7.198212 0.000000
vt 1.170397 -7.442219 0.000000
vt 1.293597 -7.686227 0.000000
vt 1.416797 -7.930234 0.000000
vt 1.539996 -8.174241 0.000000
vt 1.663196 -8.418248 0.000000
vt 1.786396 -8.662255 0.000000
vt 1.909596 -8.906263 0.000000
vt 2.032795 -9.150270 0.000000
vt 2.155995 -9.394277 0.000000
vt 2.279195 -9.638284 0.000000
vt 2.402394 -9.882291 0.000000
vt 2.525594 -10.126299 0.000000
vt 2.648794 -10.370306 0.000000
vt 2.771994 -10.614313 0.000000
vt 2.895193 -10.858320 0.000000
vt 3.018393 -11.102327 0.000000
vt 3.141593 -11.346335 0.000000
vt 3.141593 1.342040 0.000000
vt 3.018393 1.586047 0.000000
vt 2.895193 1.830054 0.000000
vt 2.771994 2.074061 0.000000
vt 2.648794 2.318068 0.000000
vt 2.525594 2.562076 0.000000
vt 2.402394 2.806083 0.000000
vt 2.279195 3.050090 0.000000
vt 2.155995 3.294097 0.000000
vt 2.032795 3.538104 0.000000
vt 1.909596 3.782112 0.000000
vt 1.786396 4.026119 0.000000
vt 1.663196 4.270126 0.000000
vt 1.539996 4.514133 0.000000
vt 1.416797 4.758140 0.000000
vt 1.293597 5.002148 0.000000
vt 1.170397 5.246155 0.000000
vt 1.047198 5.490162 0.000000
vt 0.923998 5.734169 0.000000
vt 0.800798 5.978176 0.000000
vt 0.677598 6.222184 0.000000
vt 0.554399 6.466191 0.000000
vt 0.431199 6.710198 0.000000
vt 0.307999 6.954205 0.000000
vt 0.184800 7.198212 0.000000
vt 0.061600 7.442219 0.000000
vt -0.061600 7.686227 0.000000
vt -0.184800 7.930234 0.000000
vt -0.307999 8.174241 0.000000
vt -0.431199 8.418248 0.000000
vt -0.554399 8.662255 0.000000
vt -0.677598 8.906263 0.000000
vt -0.800798 9.150270 0.000000
vt -0.923998 9.394277 0.000000
vt -1.047198 9.638284 0.000000
vt -1.170397 9.882291 0.000000
vt -1.293597 10.126299 0.000000
vt -1.416797 10.370306 0.000000
vt -1.539996 10.614313 0.000000
vt -1.663196 10.858320 0.000000
vt -1.786396 11.102327 0.000000
vt -1.909596 11.346335 0.000000
vt -2.032795 11.590342 0.000000
vt -2.155995 11.834349 0.000000
vt -2.279195 12.078356 0.000000
vt -3.141593 0.854025 0.000000
vt -3.018393 0.610018 0.000000
vt -2.895193 0.366011 0.000000
vt -2.771994 0.122004 0.000000
vt -2.648794 -0.122004 0.000000
vt -2.525594 -0.366011 0.000000
vt -2.402394 -0.610018 0.000000
vt -2.279195 -0.854025 0.000000
vt -2.155995 -1.098032 0.000000
vt -2.032795 -1.342040 0.000000
vt -1.909596 -1.586047 0.000000
vt -1.786396 -1.830054 0.000000
vt -1.663196 -2.074061 0.000000
vt -1.539996 -2.318068 0.000000
vt -1.416797 -2.562076 0.000000
vt -1.293597 -2.806083 0.000000
vt -1.170397 -3.050090 0.000000
vt -1.047198 -3.294097 0.000000
vt -0.923998 -3.538104 0.000000
vt -0.800798 -3.782112 0.000000
vt -0.677598 -4.026119 0.000000
vt -0.554399 -4.270126 0.000000
vt -0.431199 -4.514133 0.000000
vt -0.307999 -4.758140 0.000000
vt -0.184800 -5.002148 0.000000
vt -0.061600 -5.246155 0.000000
vt 0.061600 -5.490162 0.000000
vt 0.184800 -5.734169 0.000000
vt 0.307999 -5.978176 0.000000
vt 0.431199 -6.222184 0.000000
vt 0.554399 -6.466191 0.000000
vt 0.677598 -6.710198 0.000000
vt 0.800798 -6.954205 0.000000
vt 0.923998 -7.198212 0.000000
vt 1.047198 -7.442219 0.000000
vt 1.170397 -7.686227 0.000000
vt 1.293597 -7.930234 0.000000
vt 1.416797 -8.174241 0.000000
vt 1.539996 -8.418248 0.000000
vt 1.663196 -8.662255 0.000000
vt 1.786396 -8.906263 0.000000
vt 1.909596 -9.150270 0.000000
vt 2.032795 -9.394277 0.000000
vt 2.155995 -9.638284 0.000000
vt 2.279195 -9.882291 0.000000
vt 2.402394 -10.126299 0.000000
vt 2.525594 -10.370306 0.000000
vt 2.648794 -10.614313 0.000000
vt 2.771994 -10.858320 0.000000
vt 2.895193 -11.102327 0.000000
vt 3.018393 -11.346335 0.000000
vt 3.141593 -11.590342 0.000000
vt 3.141593 1.098032 0.000000
vt 3.018393 1.342040 0.000000
vt 2.895193 1.586047 0.000000
vt 2.771994 1.830054 0.000000
vt 2.648794 2.074061 0.000000
vt 2.525594 2.318068 0.000000
vt 2.402394 2.562076 0.000000
vt 2.279195 2.806083 0.000000
vt 2.155995 3.050090 0.000000
vt 2.032795 3.294097 0.000000
vt 1.909596 3.538104 0.000000
vt 1.786396 3.782112 0.000000
vt 1.663196 4.026119 0.000000
vt 1.539996 4.270126 0.000000
vt 1.416797 4.514133 0.000000
vt 1.293597 4.758140 0.000000
vt 1.170397 5.002148 0.000000
vt 1.047198 5.246155 0.000000
vt 0.923998 5.490162 0.000000
vt 0.800798 5.734169 0.000000
vt 0.677598 5.978176 0.000000
vt 0.554399 6.222184 0.000000
vt 0.431199 6.466191 0.000000
vt 0.307999 6.710198 0.000000
vt 0.184800 6.954205 0.000000
vt 0.061600 7.198212 0.000000
vt -0.061600 7.442219 0.000000
vt -0.184800 7.686227 0.000000
vt -0.307999 7.930234 0.000000
vt -0.431199 8.174241 0.000000
vt -0.554399 8.418248 0.000000
vt -0.677598 8.662255 0.000000
vt -0.800798 8.906263 0.000000
vt -0.923998 9.150270 0.000000
vt -1.047198 9.394277 0.000000
vt -1.170397 9.638284 0.000000
vt -1.293597 9.882291 0.000000
vt -1.416797 10.126299 0.000000
vt -1.539996 10.370306 0.000000
vt -1.663196 10.614313 0.000000
vt -1.786396 10.858320 0.000000
vt -1.909596 11.102327 0.000000
vt -2.032795 11.346335 0.000000
vt -2.155995 11.590342 0.000000
vt -2.279195 11.834349 0.000000
vt -2.402394 12.078356 0.000000
vt -3.141593 0.610018 0.000000
vt -3.018393 0.366011 0.000000
vt -2.895193 0.122004 0.000000
vt -2.771994 -0.122004 0.000000
vt -2.648794 -0.366011 0.000000
vt -2.525594 -0.610018 0.000000
vt -2.402394 -0.854025 0.000000
vt -2.279195 -1.098032 0.000000
vt -2.155995 -1.342040 0.000000
vt -2.032795 -1.586047 0.000000
vt -1.909596 -1.830054 0.000000
vt -1.786396 -2.074061 0.000000
vt -1.663196 -2.318068 0.000000
vt -1.539996 -2.562076 0.000000
vt -1.416797 -2.806083 0.000000
vt -1.293597 -3.050090 0.000000
vt -1.170397 -3.294097 0.000000
vt -1.047198 -3.538104 0.000000
vt -0.923998 -3.782112 0.000000
vt -0.800798 -4.026119 0.000000
vt -0.677598 -4.270126 0.000000
vt -0.554399 -4.514133 0.000000
vt -0.431199 -4.758140 0.000000
vt -0.307999 -5.002148 0.000000
vt -0.184800 -5.246155 0.000000
vt -0.061600 -5.490162 0.000000
vt 0.061600 -5.734169 0.000000
vt 0.184800 -5.978176 0.000000
vt 0.307999 -6.222184 0.000000
vt 0.431199 -6.466191 0.000000
vt 0.554399 -6.710198 0.000000
vt 0.677598 -6.954205 0.000000
vt 0.800798 -7.198212 0.000000
vt 0.923998 -7.442219 0.000000
vt 1.047198 -7.686227 0.000000
vt 1.170397 -7.930234 0.000000
vt 1.293597 -8.174241 0.000000
vt 1.416797 -8.418248 0.000000
vt 1.539996 -8.662255 0.000000
vt 1.663196 -8.906263 0.000000
vt 1.786396 -9.150270 0.000000
vt 1.909596 -9.394277 0.000000
vt 2.032795 -9.638284 0.000000
vt 2.155995 -9.882291 0.000000
vt 2.279195 -10.126299 0.000000
vt 2.402394 -10.370306 0.000000
vt 2.525594 -10.614313 0.000000
vt 2.648794 -10.858320 0.000000
vt 2.771994 -11.102327 0.000000
vt 2.895193 -11.346335 0.000000
vt 3.018393 -11.590342 0.000000
vt 3.141593 -11.834349 0.000000
vt 3.141593 0.854025 0.000000
vt 3.018393 1.098032 0.000000
vt 2.895193 1.342040 0.000000
vt 2.771994 1.586047 0.000000
vt 2.648794 1.830054 0.000000
vt 2.525594 2.074061 0.000000
vt 2.402394 2.318068 0.000000
vt 2.279195 2.562076 0.000000
vt 2.155995 2.806083 0.000000
vt 2.032795 3.050090 0.000000
vt 1.909596 3.294097 0.000000
vt 1.786396 3.538104 0.000000
vt 1.663196 3.782112 0.000000
vt 1.539996 4.026119 0.000000
vt 1.416797 4.270126 0.000000
vt 1.293597 4.514133 0.000000
vt 1.170397 4.758140 0.000000
vt 1.047198 5.002148 0.000000
vt 0.923998 5.246155 0.000000
vt 0.800798 5.490162 0.000000
vt 0.677598 5.734169 0.000000
vt 0.554399 5.978176 0.000000
vt 0.431199 6.222184 0.000000
vt 0.307999 6.466191 0.000000
vt 0.184800 6.710198 0.000000
vt 0.061600 6.954205 0.000000
vt -0.061600 7.198212 0.000000
vt -0.184800 7.442219 0.000000
vt -0.307999 7.686227 0.000000
vt -0.431199 7.930234 0.000000
vt -0.554399 8.174241 0.000000
vt -0.677598 8.418248 0.000000
vt -0.800798 8.662255 0.000000
vt -0.923998 8.906263 0.000000
vt -1.047198 9.150270 0.000000
vt -1.170397 9.394277 0.000000
vt -1.293597 9.638284 0.000000
vt -1.416797 9.882291 0.000000
vt -1.539996 10.126299 0.000000
vt -1.663196 10.370306 0.000000
vt -1.786396 10.614313 0.000000
vt -1.909596 10.858320 0.000000
vt -2.032795 11.102327 0.000000
vt -2.155995 11.346335 0.000000
vt -2.279195 11.590342 0.000000
vt -2.402394 11.834349 0.000000
vt -2.525594 12.078356 0.000000
vt -3.141593 0.366011 0.000000
vt -3.018393 0.122004 0.000000
vt -2.895193 -0.122004 0.000000
vt -2.771994 -0.366011 0.000000
vt -2.648794 -0.610018 0.000000
vt -2.525594 -0.854025 0.000000
vt -2.402394 -1.098032 0.000000
vt -2.279195 -1.342040 0.000000
vt -2.155995 -1.586047 0.000000
vt -2.032795 -1.830054 0.000000
vt -1.909596 -2.074061 0.000000
vt -1.786396 -2.318068 0.000000
vt -1.663196 -2.562076 0.000000
vt -1.539996 -2.806083 0.000000
vt -1.416797 -3.050090 0.000000
vt -1.293597 -3.294097 0.000000
vt -1.170397 -3.538104 0.000000
vt -1.047198 -3.782112 0.000000
vt -0.923998 -4.026119 0.000000
vt -0.800798 -4.270126 0.000000
vt -0.677598 -4.514133 0.000000
vt -0.554399 -4.758140 0.000000
vt -0.431199 -5.002148 0.000000
vt -0.307999 -5.246155 0.000000
vt -0.184800 -5.490162 0.000000
vt -0.061600 -5.734169 0.000000
vt 0.061600 -5.978176 0.000000
vt 0.184800 -6.222184 0.000000
vt 0.307999 -6.466191 0.000000
vt 0.431199 -6.710198 0.000000
vt 0.554399 -6.954205 0.000000
vt 0.677598 -7.198212 0.000000
vt 0.800798 -7.442219 0.000000
vt 0.923998 -7.686227 0.000000
vt 1.047198 -7.930234 0.000000
vt 1.170397 -8.174241 0.000000
vt 1.293597 -8.418248 0.000000
vt 1.416797 -8.662255 0.000000
vt 1.539996 -8.906263 0.000000
vt 1.663196 -9.150270 0.000000
vt 1.786396 -9.394277 0.000000
vt 1.909596 -9.638284 0.000000
vt 2.032795 -9.882291 0.000000
vt 2.155995 -10.126299 0.000000
vt 2.279195 -10.370306 0.000000
vt 2.402394 -10.614313 0.000000
vt 2.525594 -10.858320 0.000000
vt 2.648794 -11.102327 0.000000
vt 2.771994 -11.346335 0.000000
vt 2.895193 -11.590342 0.000000
vt 3.018393 -11.834349 0.000000
vt 3.141593 -12.078356 0.000000
vt 3.141593 0.610018 0.000000
vt 3.018393 0.854025 0.000000
vt 2.895193 1.098032 0.000000
vt 2.771994 1.342040 0.000000
vt 2.648794 1.586047 0.000000
vt 2.525594 1.830054 0.000000
vt 2.402394 2.074061 0.000000
vt 2.279195 2.318068 0.000000
vt 2.155995 2.562076 0.000000
vt 2.032795 2.806083 0.000000
vt 1.909596 3.050090 0.000000
vt 1.786396 3.294097 0.000000
vt 1.663196 3.538104 0.000000
vt 1.539996 3.782112 0.000000
vt 1.416797 4.026119 0.000000
vt 1.293597 4.270126 0.000000
vt 1.170397 4.514133 0.000000
vt 1.047198 4.758140 0.000000
vt 0.923998 5.002148 0.000000
vt 0.800798 5.246155 0.000000
vt 0.677598 5.490162 0.000000
vt 0.554399 5.734169 0.000000
vt 0.431199 5.978176 0.000000
vt 0.307999 6.222184 0.000000
vt 0.184800 6.466191 0.000000
vt 0.061600 6.710198 0.000000
vt -0.061600 6.954205 0.000000
vt -0.184800 7.198212 0.000000
vt -0.307999 7.442219 0.000000
vt -0.431199 7.686227 0.000000
vt -0.554399 7.930234 0.000000
vt -0.677598 8.174241 0.000000
vt -0.800798 8.418248 0.000000
vt -0.923998 8.662255 0.000000
vt -1.047198 8.906263 0.000000
vt -1.170397 9.150270 0.000000
vt -1.293597 9.394277 0.000000
vt -1.416797 9.638284 0.000000
vt -1.539996 9.882291 0.000000
vt -1.663196 10.126299 0.000000
vt -1.786396 10.370306 0.000000
vt -1.909596 10.614313 0.000000
vt -2.032795 10.858320 0.000000
vt -2.155995 11.102327 0.000000
vt -2.279195 11.346335 0.000000
vt -2.402394 11.590342 0.000000
vt -2.525594 11.834349 0.000000
vt -2.648794 12.078356 0.000000
vt 3.141593 0.366011 0.000000
vt 3.018393 0.610018 0.000000
vt 2.895193 0.854025 0.000000
vt 2.771994 1.098032 0.000000
vt 2.648794 1.342040 0.000000
vt 2.525594 1.586047 0.000000
vt 2.402394 1.830054 0.000000
vt 2.279195 2.074061 0.000000
vt 2.155995 2.318068 0.000000
vt 2.032795 2.562076 0.000000
vt 1.909596 2.806083 0.000000
vt 1.786396 3.050090 0.000000
vt 1.663196 3.294097 0.000000
vt 1.539996 3.538104 0.000000
vt 1.416797 3.782112 0.000000
vt 1.293597 4.026119 0.000000
vt 1.170397 4.270126 0.000000
vt 1.047198 4.514133 0.000000
vt 0.923998 4.758140 0.000000
vt 0.800798 5.002148 0.000000
vt 0.677598 5.246155 0.000000
vt 0.554399 5.490162 0.000000
vt 0.431199 5.734169 0.000000
vt 0.307999 5.978176 0.000000
vt 0.184800 6.222184 0.000000
vt 0.061600 6.466191 0.000000
vt -0.061600 6.710198 0.000000
vt -0.184800 6.954205 0.000000
vt -0.307999 7.198212 0.000000
vt -0.431199 7.442219 0.000000
vt -0.554399 7.686227 0.000000
vt -0.677598 7.930234 0.000000
vt -0.800798 8.174241 0.000000
vt -0.923998 8.418248 0.000000
vt -1.047198 8.662255 0.000000
vt -1.170397 8.906263 0.000000
vt -1.293597 9.150270 0.000000
vt -1.416797 9.394277 0.000000
vt -1.539996 9.638284 0.000000
vt -1.663196 9.882291 0.000000
vt -1.786396 10.126299 0.000000
vt -1.909596 10.370306 0.000000
vt -2.032795 10.614313 0.000000
vt -2.155995 10.858320 0.000000
vt -2.279195 11.102327 0.000000
vt -2.402394 11.346335 0.000000
vt -2.525594 11.590342 0.000000
vt -2.648794 11.834349 0.000000
vt -2.771994 12.078356 0.000000
vt -2.895193 -12.566371 0.000000
vt -2.895193 -12.322363 0.000000
vt -2.895193 -12.078356 0.000000
vt -2.895193 -11.834349 0.000000
vt -2.895193 -11.590342 0.000000
vt -2.895193 -11.346335 0.000000
vt -2.895193 -11.102327 0.000000
vt -2.895193 -10.858320 0.000000
vt -2.895193 -10.614313 0.000000
vt -2.895193 -10.370306 0.000000
vt -2.895193 -10.126299 0.000000
vt -2.895193 -9.882291 0.000000
vt -2.895193 -9.638284 0.000000
vt -2.771994 -12.566371 0.000000
vt -2.771994 -12.322363 0.000000
vt -2.771994 -12.078356 0.000000
vt -2.771994 -11.834349 0.000000
vt -2.771994 -11.590342 0.000000
vt -2.771994 -11.346335 0.000000
vt -2.771994 -11.102327 0.000000
vt -2.771994 -10.858320 0.000000
vt -2.771994 -10.614313 0.000000
vt -2.771994 -10.370306 0.000000
vt -2.771994 -10.126299 0.000000
vt -2.771994 -9.882291 0.000000
vt -2.648794 -12.566371 0.000000
vt -2.648794 -12.322363 0.000000
vt -2.648794 -12.078356 0.000000
vt -2.648794 -11.834349 0.000000
vt -2.648794 -11.590342 0.000000
vt -2.648794 -11.346335 0.000000
vt -2.648794 -11.102327 0.000000
vt -2.648794 -10.858320 0.000000
vt -2.648794 -10.614313 0.000000
vt -2.648794 -10.370306 0.000000
vt -2.648794 -10.126299 0.000000
vt -2.525594 -12.566371 0.000000
vt -2.525594 -12.322363 0.000000
vt -2.525594 -12.078356 0.000000
vt -2.525594 -11.834349 0.000000
vt -2.525594 -11.590342 0.000000
vt -2.525594 -11.346335 0.000000
vt -2.525594 -11.102327 0.000000
vt -2.525594 -10.858320 0.000000
vt -2.525594 -10.614313 0.000000
vt -2.525594 -10.370306 0.000000
vt -2.402394 -12.566371 0.000000
vt -2.402394 -12.322363 0.000000
vt -2.402394 -12.078356 0.000000
vt -2.402394 -11.834349 0.000000
vt -2.402394 -11.590342 0.000000
vt -2.402394 -11.346335 0.000000
vt -2.402394 -11.102327 0.000000
vt -2.402394 -10.858320 0.000000
vt -2.402394 -10.614313 0.000000
vt -2.279195 -12.566371 0.000000
vt -2.279195 -12.322363 0.000000
vt -2.279195 -12.078356 0.000000
vt -2.279195 -11.834349 0.000000
vt -2.279195 -11.590342 0.000000
vt -2.279195 -11.346335 0.000000
vt -2.279195 -11.102327 0.000000
vt -2.279195 -10.858320 0.000000
vt -2.155995 -12.566371 0.000000
vt -2.155995 -12.322363 0.000000
vt -2.155995 -12.078356 0.000000
vt -2.155995 -11.834349 0.000000
vt -2.155995 -11.590342 0.000000
vt -2.155995 -11.346335 0.000000
vt -2.155995 -11.102327 0.000000
vt -2.032795 -12.078356 0.000000
vt -2.032795 -11.834349 0.000000
vt -2.032795 -11.590342 0.000000
vt -2.032795 -11.346335 0.000000
vt -1.170397 -12.322363 0.000000
vt -0.800798 -12.566371 0.000000
vt -0.800798 -12.322363 0.000000
vt -0.800798 -12.078356 0.000000
vt -0.800798 -11.834349 0.000000
vt -0.800798 -11.590342 0.000000
vt -0.800798 -11.346335 0.000000
vt -0.800798 -11.102327 0.000000
vt -0.800798 -10.858320 0.000000
vt -0.800798 -10.614313 0.000000
vt -0.800798 -10.370306 0.000000
vt -0.800798 -10.126299 0.000000
vt -0.800798 -9.882291 0.000000
vt -0.800798 -9.638284 0.000000
vt -0.800798 -9.394277 0.000000
vt -0.800798 -9.150270 0.000000
vt -0.677598 -12.566371 0.000000
vt -0.677598 -12.322363 0.000000
vt -0.677598 -12.078356 0.000000
vt -0.677598 -11.834349 0.000000
vt -0.677598 -11.590342 0.000000
vt -0.677598 -11.346335 0.000000
vt -0.677598 -11.102327 0.000000
vt -0.677598 -10.858320 0.000000
vt -0.677598 -10.614313 0.000000
vt -0.677598 -10.370306 0.000000
vt -0.677598 -10.126299 0.000000
vt -0.677598 -9.882291 0.000000
vt -0.677598 -9.638284 0.000000
vt -0.677598 -9.394277 0.000000
vt -0.554399 -12.566371 0.000000
vt -0.554399 -12.322363 0.000000
vt -0.554399 -12.078356 0.000000
vt -0.554399 -11.834349 0.000000
vt -0.554399 -11.590342 0.000000
vt -0.554399 -11.346335 0.000000
vt -0.554399 -11.102327 0.000000
vt -0.554399 -10.858320 0.000000
vt -0.554399 -10.614313 0.000000
vt -0.554399 -10.370306 0.000000
vt -0.554399 -10.126299 0.000000
vt -0.554399 -9.882291 0.000000
vt -0.554399 -9.638284 0.000000
vt -0.431199 -12.566371 0.000000
vt -0.431199 -12.322363 0.000000
vt -0.431199 -12.078356 0.000000
vt -0.431199 -11.834349 0.000000
vt -0.431199 -11.590342 0.000000
vt -0.431199 -11.346335 0.000000
vt -0.431199 -11.102327 0.000000
vt -0.431199 -10.858320 0.000000
vt -0.431199 -10.614313 0.000000
vt -0.431199 -10.370306 0.000000
vt -0.431199 -10.126299 0.000000
vt -0.431199 -9.882291 0.000000
vt -0.307999 -12.566371 0.000000
vt -0.307999 -12.322363 0.000000
vt -0.307999 -12.078356 0.000000
vt -0.307999 -11.834349 0.000000
vt -0.307999 -11.590342 0.000000
vt -0.307999 -11.346335 0.000000
vt -0.307999 -11.102327 0.000000
vt -0.307999 -10.858320 0.000000
vt -0.307999 -10.614313 0.000000
vt -0.307999 -10.370306 0.000000
vt -0.307999 -10.126299 0.000000
vt -0.184800 -12.566371 0.000000
vt -0.184800 -12.322363 0.000000
vt -0.184800 -12.078356 0.000000
vt -0.184800 -11.834349 0.000000
vt -0.184800 -11.590342 0.000000
vt -0.184800 -11.346335 0.000000
vt -0.184800 -11.102327 0.000000
vt -0.184800 -10.858320 0.000000
vt -0.184800 -10.614313 0.000000
vt -0.184800 -10.370306 0.000000
vt -0.061600 -12.566371 0.000000
vt -0.061600 -12.322363 0.000000
vt -0.061600 -12.078356 0.000000
vt -0.061600 -11.834349 0.000000
vt -0.061600 -11.590342 0.000000
vt -0.061600 -11.346335 0.000000
vt -0.061600 -11.102327 0.000000
vt -0.061600 -10.858320 0.000000
vt -0.061600 -10.614313 0.000000
vt 0.061600 -12.078356 0.000000
vt 0.061600 -11.834349 0.000000
vt 0.061600 -11.590342 0.000000
vt 0.061600 -11.346335 0.000000
vt 0.061600 -11.102327 0.000000
vt 0.061600 -10.858320 0.000000
vt 0.061600 12.566371 0.000000
vt 0.061600 12.322363 0.000000
vt 0.061600 12.078356 0.000000
vt -0.061600 12.078356 0.000000
vt 0.061600 11.834349 0.000000
vt -0.061600 11.834349 0.000000
vt 0.061600 11.590342 0.000000
vt -0.061600 11.590342 0.000000
vt 0.061600 11.346335 0.000000
vt -0.061600 11.346335 0.000000
vt 0.061600 11.102327 0.000000
vt -0.061600 11.102327 0.000000
vt 0.061600 10.858320 0.000000
vt -0.061600 10.858320 0.000000
vt 0.061600 10.614313 0.000000
vt -0.061600 10.614313 0.000000
vt 0.061600 10.370306 0.000000
vt 0.184800 12.566371 0.000000
vt 0.184800 12.322363 0.000000
vt 0.184800 12.078356 0.000000
vt 0.184800 11.834349 0.000000
vt 0.184800 11.590342 0.000000
vt 0.184800 11.346335 0.000000
vt 0.184800 11.102327 0.000000
vt 0.184800 10.858320 0.000000
vt 0.184800 10.614313 0.000000
vt 0.184800 10.370306 0.000000
vt 0.184800 10.126299 0.000000
vt 0.307999 12.566371 0.000000
vt 0.307999 12.322363 0.000000
vt 0.307999 12.078356 0.000000
vt 0.307999 11.834349 0.000000
vt 0.307999 11.590342 0.000000
vt 0.307999 11.346335 0.000000
vt 0.307999 11.102327 0.000000
vt 0.307999 10.858320 0.000000
vt 0.307999 10.614313 0.000000
vt 0.307999 10.370306 0.000000
vt 0.307999 10.126299 0.000000
vt 0.307999 9.882291 0.000000
vt 0.431199 12.566371 0.000000
vt 0.431199 12.322363 0.000000
vt 0.431199 12.078356 0.000000
vt 0.431199 11.834349 0.000000
vt 0.431199 11.590342 0.000000
vt 0.431199 11.346335 0.000000
vt 0.431199 11.102327 0.000000
vt 0.431199 10.858320 0.000000
vt 0.431199 10.614313 0.000000
vt 0.431199 10.370306 0.000000
vt 0.431199 10.126299 0.000000
vt 0.431199 9.882291 0.000000
vt 0.431199 9.638284 0.000000
vt 0.554399 12.566371 0.000000
vt 0.554399 12.322363 0.000000
vt 0.554399 12.078356 0.000000
vt 0.554399 11.834349 0.000000
vt 0.554399 11.590342 0.000000
vt 0.554399 11.346335 0.000000
vt 0.554399 11.102327 0.000000
vt 0.554399 10.858320 0.000000
vt 0.554399 10.614313 0.000000
vt 0.554399 10.370306 0.000000
vt 0.554399 10.126299 0.000000
vt 0.554399 9.882291 0.000000
vt 0.554399 9.638284 0.000000
vt 0.554399 9.394277 0.000000
vt 0.677598 12.566371 0.000000
vt 0.677598 12.322363 0.000000
vt 0.677598 12.078356 0.000000
vt 0.677598 11.834349 0.000000
vt 0.677598 11.590342 0.000000
vt 0.677598 11.346335 0.000000
vt 0.677598 11.102327 0.000000
vt 0.677598 10.858320 0.000000
vt 0.677598 10.614313 0.000000
vt 0.677598 10.370306 0.000000
vt 0.677598 10.126299 0.000000
vt 0.677598 9.882291 0.000000
vt 0.677598 9.638284 0.000000
vt 0.677598 9.394277 0.000000
vt 0.677598 9.150270 0.000000
vt 0.800798 12.566371 0.000000
vt 0.800798 12.322363 0.000000
vt 0.800798 12.078356 0.000000
vt 0.800798 11.834349 0.000000
vt 0.800798 11.590342 0.000000
vt 0.800798 11.346335 0.000000
vt 0.800798 11.102327 0.000000
vt 0.800798 10.858320 0.000000
vt 0.800798 10.614313 0.000000
vt 0.800798 10.370306 0.000000
vt 0.800798 10.126299 0.000000
vt 0.800798 9.882291 0.000000
vt 0.800798 9.638284 0.000000
vt 0.800798 9.394277 0.000000
vt 0.800798 9.150270 0.000000
vt 0.800798 8.906263 0.000000
vt 2.155995 12.566371 0.000000
vt 2.155995 12.322363 0.000000
vt 2.155995 12.078356 0.000000
vt 2.032795 12.078356 0.000000
vt 2.155995 11.834349 0.000000
vt 2.032795 11.834349 0.000000
vt 2.155995 11.590342 0.000000
vt 2.032795 11.590342 0.000000
vt 2.155995 11.346335 0.000000
vt 2.032795 11.346335 0.000000
vt 2.155995 11.102327 0.000000
vt 2.032795 11.102327 0.000000
vt 2.155995 10.858320 0.000000
vt 2.279195 12.566371 0.000000
vt 2.279195 12.322363 0.000000
vt 2.279195 12.078356 0.000000
vt 2.279195 11.834349 0.000000
vt 2.279195 11.590342 0.000000
vt 2.279195 11.346335 0.000000
vt 2.279195 11.102327 0.000000
vt 2.279195 10.858320 0.000000
vt 2.279195 10.614313 0.000000
vt 2.402394 12.566371 0.000000
vt 2.402394 12.322363 0.000000
vt 2.402394 12.078356 0.000000
vt 2.402394 11.834349 0.000000
vt 2.402394 11.590342 0.000000
vt 2.402394 11.346335 0.000000
vt 2.402394 11.102327 0.000000
vt 2.402394 10.858320 0.000000
vt 2.402394 10.614313 0.000000
vt 2.402394 10.370306 0.000000
vt 2.525594 12.566371 0.000000
vt 2.525594 12.322363 0.000000
vt 2.525594 12.078356 0.000000
vt 2.525594 11.834349 0.000000
vt 2.525594 11.590342 0.000000
vt 2.525594 11.346335 0.000000
vt 2.525594 11.102327 0.000000
vt 2.525594 10.858320 0.000000
vt 2.525594 10.614313 0.000000
vt 2.525594 10.370306 0.000000
vt 2.525594 10.126299 0.000000
vt 2.648794 12.566371 0.000000
vt 2.648794 12.322363 0.000000
vt 2.648794 12.078356 0.000000
vt 2.648794 11.834349 0.000000
vt 2.648794 11.590342 0.000000
vt 2.648794 11.346335 0.000000
vt 2.648794 11.102327 0.000000
vt 2.648794 10.858320 0.000000
vt 2.648794 10.614313 0.000000
vt 2.648794 10.370306 0.000000
vt 2.648794 10.126299 0.000000
vt 2.648794 9.882291 0.000000
vt 2.771994 12.566371 0.000000
vt 2.771994 12.322363 0.000000
vt 2.771994 12.078356 0.000000
vt 2.771994 11.834349 0.000000
vt 2.771994 11.590342 0.000000
vt 2.771994 11.346335 0.000000
vt 2.771994 11.102327 0.000000
vt 2.771994 10.858320 0.000000
vt 2.771994 10.614313 0.000000
vt 2.771994 10.370306 0.000000
vt 2.771994 10.126299 0.000000
vt 2.771994 9.882291 0.000000
vt 2.771994 9.638284 0.000000
vt 2.895193 12.566371 0.000000
vt 2.895193 12.322363 0.000000
vt 2.895193 12.078356 0.000000
vt 2.895193 11.834349 0.000000
vt 2.895193 11.590342 0.000000
vt 2.895193 11.346335 0.000000
vt 2.895193 11.102327 0.000000
vt 2.895193 10.858320 0.000000
vt 2.895193 10.614313 0.000000
vt 2.895193 10.370306 0.000000
vt 2.895193 10.126299 0.000000
vt 2.895193 9.882291 0.000000
vt 2.895193 9.638284 0.000000
vt 2.895193 9.394277 0.000000
vt -0.800798 12.078356 0.000000
vt -0.677598 12.078356 0.000000
vt -0.554399 12.078356 0.000000
vt -0.431199 12.078356 0.000000
vt -0.307999 12.078356 0.000000
vt -0.184800 12.078356 0.000000
vt 1.170397 12.078356 0.000000
vt 1.293597 11.834349 0.000000
vt 1.416797 11.590342 0.000000
vt 1.539996 11.346335 0.000000
vt 1.663196 11.102327 0.000000
vt 1.786396 10.858320 0.000000
vt 1.909596 10.614313 0.000000
vt 2.032795 10.370306 0.000000
vt 2.155995 10.126299 0.000000
vt 2.279195 9.882291 0.000000
vt 2.402394 9.638284 0.000000
vt 2.525594 9.394277 0.000000
vt 2.648794 9.150270 0.000000
vt 2.771994 8.906263 0.000000
vt 2.895193 8.662255 0.000000
vt 1.539996 12.078356 0.000000
vt 1.663196 12.078356 0.000000
vt 1.786396 12.078356 0.000000
vt 1.909596 12.078356 0.000000
vt 0.677598 -12.078356 0.000000
vt 0.554399 -12.078356 0.000000
vt 0.431199 -12.078356 0.000000
vt 0.307999 -12.078356 0.000000
vt 0.184800 -12.078356 0.000000
vt -1.293597 -12.078356 0.000000
vt -1.416797 -11.834349 0.000000
vt -1.539996 -11.590342 0.000000
vt -1.663196 -11.346335 0.000000
vt -1.786396 -11.102327 0.000000
vt -1.909596 -10.858320 0.000000
vt -2.032795 -10.614313 0.000000
vt -2.155995 -10.370306 0.000000
vt -2.279195 -10.126299 0.000000
vt -2.402394 -9.882291 0.000000
vt -2.525594 -9.638284 0.000000
vt -2.648794 -9.394277 0.000000
vt -2.771994 -9.150270 0.000000
vt -2.895193 -8.906263 0.000000
vt -1.663196 -12.078356 0.000000
vt -1.786396 -12.078356 0.000000
vt -1.909596 -12.078356 0.000000
vt -0.677598 11.834349 0.000000
vt -0.554399 11.834349 0.000000
vt -0.431199 11.834349 0.000000
vt -0.307999 11.834349 0.000000
vt -0.184800 11.834349 0.000000
vt 1.663196 11.834349 0.000000
vt 1.786396 11.834349 0.000000
vt 1.909596 11.834349 0.000000
vt -0.554399 11.590342 0.000000
vt -0.431199 11.590342 0.000000
vt -0.307999 11.590342 0.000000
vt -0.184800 11.590342 0.000000
vt 1.786396 11.590342 0.000000
vt 1.909596 11.590342 0.000000
vt -0.431199 11.346335 0.000000
vt -0.307999 11.346335 0.000000
vt -0.184800 11.346335 0.000000
vt 1.909596 11.346335 0.000000
vt -0.307999 11.102327 0.000000
vt -0.184800 11.102327 0.000000
vt -0.184800 10.858320 0.000000
vt 0.184800 -11.102327 0.000000
vt 0.184800 -11.346335 0.000000
vt 0.184800 -11.590342 0.000000
vt 0.184800 -11.834349 0.000000
vt 0.307999 -11.346335 0.000000
vt 0.431199 -11.590342 0.000000
vt 0.554399 -11.834349 0.000000
vt -1.909596 -11.590342 0.000000
vt -1.909596 -11.834349 0.000000
vt 0.307999 -11.590342 0.000000
vt 0.307999 -11.834349 0.000000
vt -1.786396 -11.834349 0.000000
vt 0.431199 -11.834349 0.000000
vn 0.076604 -0.049240 0.041318
vn 0.083923 -0.041656 0.034953
vn 0.076462 -0.053067 0.036571
vn 0.083782 -0.045454 0.030242
vn 0.076035 -0.056697 0.031688
vn 0.083358 -0.049056 0.025396
vn 0.075325 -0.060116 0.026687
vn 0.082653 -0.052449 0.020433
vn 0.074335 -0.063311 0.021587
vn 0.081671 -0.055620 0.015372
vn 0.073069 -0.066271 0.016406
vn 0.080414 -0.058557 0.010231
vn 0.071530 -0.068984 0.011165
vn 0.078887 -0.061250 0.005029
vn 0.069726 -0.071440 0.005882
vn 0.077097 -0.063687 -0.000214
vn 0.067662 -0.073631 0.000577
vn 0.075048 -0.065861 -0.005479
vn 0.065347 -0.075548 -0.004730
vn 0.072750 -0.067764 -0.010746
vn 0.062788 -0.077183 -0.010020
vn 0.070211 -0.069387 -0.015995
vn 0.059996 -0.078532 -0.015272
vn 0.067440 -0.070725 -0.021207
vn 0.056980 -0.079589 -0.020467
vn 0.064448 -0.071774 -0.026363
vn 0.053753 -0.080349 -0.025587
vn 0.061245 -0.072529 -0.031444
vn 0.050326 -0.080810 -0.030611
vn 0.057843 -0.072987 -0.036430
vn 0.046711 -0.080971 -0.035521
vn 0.054256 -0.073146 -0.041303
vn 0.042923 -0.080831 -0.040299
vn 0.050496 -0.073007 -0.046045
vn 0.038975 -0.080390 -0.044927
vn 0.046578 -0.072569 -0.050638
vn 0.038302 -0.080287 -0.045683
vn 0.042516 -0.071835 -0.055065
vn 0.034882 -0.079650 -0.049388
vn 0.030659 -0.078613 -0.053665
vn 0.022528 -0.085229 -0.047207
vn 0.018224 -0.083910 -0.051254
vn 0.009849 -0.089264 -0.043988
vn 0.005548 -0.087696 -0.047735
vn -0.002811 -0.091757 -0.039658
vn -0.007022 -0.089987 -0.043046
vn -0.015105 -0.092755 -0.034181
vn -0.019141 -0.090841 -0.037169
vn -0.026699 -0.092343 -0.027566
vn -0.030477 -0.090353 -0.030125
vn -0.037272 -0.090644 -0.019863
vn -0.040715 -0.088651 -0.021983
vn -0.046534 -0.087806 -0.011165
vn -0.049574 -0.085891 -0.012851
vn -0.054228 -0.084004 -0.001610
vn -0.056806 -0.082248 -0.002882
vn -0.060141 -0.079427 0.008629
vn -0.062212 -0.077909 0.007734
vn -0.064108 -0.074270 0.019342
vn -0.065639 -0.073068 0.018775
vn -0.066018 -0.068731 0.030292
vn -0.066992 -0.067915 0.029994
vn -0.065817 -0.063000 0.041221
vn -0.066230 -0.062631 0.041121
vn -0.063506 -0.057253 0.051857
vn -0.063370 -0.057381 0.051880
vn -0.059146 -0.051647 0.061923
vn -0.058489 -0.052309 0.061990
vn -0.052853 -0.046311 0.071147
vn -0.051714 -0.047532 0.071179
vn -0.044794 -0.041349 0.079270
vn -0.043226 -0.043134 0.079189
vn -0.035183 -0.036830 0.086056
vn -0.033248 -0.039172 0.085791
vn -0.024275 -0.032790 0.091299
vn -0.022043 -0.035665 0.090786
vn -0.012356 -0.029233 0.094830
vn -0.009903 -0.032602 0.094016
vn 0.000264 -0.026127 0.096526
vn 0.002857 -0.029937 0.095371
vn 0.013257 -0.023415 0.096312
vn 0.015912 -0.027601 0.094789
vn 0.026293 -0.021010 0.094166
vn 0.028932 -0.025496 0.092265
vn 0.039044 -0.018806 0.090122
vn 0.041594 -0.023508 0.087848
vn 0.051194 -0.016681 0.084267
vn 0.053591 -0.021509 0.081642
vn 0.062452 -0.014504 0.076742
vn 0.064639 -0.019366 0.073803
vn 0.072553 -0.012141 0.067740
vn 0.074484 -0.016944 0.064537
vn 0.081269 -0.009462 0.057496
vn 0.082913 -0.014117 0.054094
vn 0.088416 -0.006349 0.046286
vn 0.089753 -0.010772 0.042760
vn 0.093853 -0.002702 0.034414
vn 0.094878 -0.006817 0.030849
vn 0.097490 0.001558 0.022210
vn 0.098213 -0.002185 0.018694
vn 0.099286 0.006480 0.010013
vn 0.099729 0.003164 0.006638
vn 0.099250 0.012083 -0.001835
vn 0.099449 0.009231 -0.004975
vn 0.097439 0.018351 -0.012999
vn 0.097439 0.015988 -0.015815
vn 0.093951 0.025232 -0.023162
vn 0.093809 0.023367 -0.025571
vn 0.088929 0.032639 -0.032037
vn 0.088707 0.031264 -0.033964
vn 0.082545 0.040451 -0.039370
vn 0.082313 0.039546 -0.040752
vn 0.075002 0.048517 -0.044954
vn 0.074829 0.048045 -0.045742
vn 0.066519 0.056658 -0.048632
vn 0.066476 0.056571 -0.048792
vn 0.057330 0.064675 -0.050303
vn 0.057485 0.064913 -0.049817
vn 0.047674 0.072351 -0.049925
vn 0.048088 0.072849 -0.048792
vn 0.037783 0.079465 -0.047515
vn 0.038511 0.080148 -0.045751
vn 0.027883 0.085793 -0.043152
vn 0.028969 0.086585 -0.040789
vn 0.018178 0.091119 -0.036971
vn 0.019656 0.091944 -0.034058
vn 0.008852 0.095243 -0.029162
vn 0.010743 0.096026 -0.025762
vn 0.000061 0.097988 -0.019961
vn 0.002369 0.098659 -0.016148
vn -0.008072 0.099206 -0.009646
vn -0.005355 0.099705 -0.005505
vn -0.015459 0.098787 0.001471
vn -0.012355 0.099061 0.005850
vn -0.022043 0.096662 0.013060
vn -0.018590 0.096672 0.017579
vn -0.027805 0.092808 0.024772
vn -0.024052 0.092526 0.029335
vn -0.032758 0.087248 0.036259
vn -0.028766 0.086662 0.040771
vn -0.038302 0.080287 0.045683
vn -0.036945 0.080057 0.047179
vn -0.044564 0.072239 0.052873
vn -0.040436 0.071357 0.057211
vn -0.047474 0.062464 0.062004
vn -0.043321 0.061316 0.066057
vn -0.049799 0.051521 0.069754
vn -0.045708 0.050147 0.073458
vn -0.051656 0.039646 0.075894
vn -0.047712 0.038097 0.079197
vn -0.053168 0.027109 0.080239
vn -0.049453 0.025447 0.083107
vn -0.054454 0.014205 0.082661
vn -0.051050 0.012501 0.085074
vn -0.055633 0.001247 0.083087
vn -0.052610 -0.000424 0.085041
vn -0.056806 -0.011444 0.081499
vn -0.054228 -0.013002 0.083008
vn -0.058061 -0.023547 0.077939
vn -0.055978 -0.024913 0.079030
vn -0.059460 -0.034754 0.072503
vn -0.057912 -0.035849 0.073219
vn -0.061044 -0.044773 0.065337
vn -0.060054 -0.045524 0.065734
vn -0.062824 -0.053343 0.056636
vn -0.062402 -0.053686 0.056779
vn -0.064783 -0.060239 0.046631
vn -0.064922 -0.060118 0.046593
vn -0.066875 -0.065279 0.035586
vn -0.067556 -0.064652 0.035445
vn -0.069028 -0.068332 0.023788
vn -0.070215 -0.067170 0.023624
vn -0.071145 -0.069320 0.011537
vn -0.072791 -0.067608 0.011428
vn -0.073108 -0.068224 -0.000865
vn -0.075154 -0.065963 -0.000842
vn -0.074783 -0.065080 -0.013117
vn -0.077162 -0.062287 -0.012894
vn -0.076026 -0.059985 -0.024935
vn -0.078664 -0.056692 -0.024454
vn -0.076690 -0.053088 -0.036060
vn -0.079506 -0.049343 -0.035273
vn -0.076626 -0.044592 -0.046260
vn -0.079540 -0.040453 -0.045132
vn -0.075699 -0.034743 -0.055341
vn -0.078631 -0.030283 -0.053853
vn -0.073785 -0.023828 -0.063151
vn -0.076659 -0.019127 -0.061299
vn -0.070785 -0.012162 -0.069581
vn -0.073530 -0.007308 -0.067379
vn -0.066626 -0.000084 -0.074572
vn -0.069180 0.004832 -0.072047
vn -0.061266 0.012057 -0.078110
vn -0.063577 0.016941 -0.075306
vn -0.054699 0.023909 -0.080227
vn -0.056727 0.028671 -0.077201
vn -0.046958 0.035131 -0.080998
vn -0.048678 0.039683 -0.077819
vn -0.038117 0.045398 -0.080537
vn -0.039514 0.049659 -0.077282
vn -0.028286 0.054413 -0.078988
vn -0.029363 0.058314 -0.075745
vn -0.017615 0.061917 -0.076525
vn -0.018387 0.065397 -0.073383
vn -0.006290 0.067691 -0.073337
vn -0.006784 0.070706 -0.070389
vn 0.005474 0.071569 -0.069627
vn 0.005217 0.074087 -0.066962
vn 0.017436 0.073436 -0.065599
vn 0.017365 0.075441 -0.063302
vn 0.029335 0.073234 -0.061451
vn 0.029391 0.074726 -0.059600
vn 0.040900 0.070965 -0.057369
vn 0.041017 0.071958 -0.056032
vn 0.051855 0.066685 -0.053518
vn 0.051964 0.067209 -0.052751
vn 0.061929 0.060506 -0.050039
vn 0.061959 0.060604 -0.049882
vn 0.070863 0.052590 -0.047039
vn 0.070746 0.052317 -0.047517
vn 0.078422 0.043146 -0.044591
vn 0.078093 0.042566 -0.045712
vn 0.084398 0.032419 -0.042731
vn 0.083799 0.031603 -0.044487
vn 0.088619 0.020687 -0.041457
vn 0.087700 0.019710 -0.043821
vn 0.090957 0.008247 -0.040728
vn 0.089678 0.007188 -0.043660
vn 0.091329 -0.004589 -0.040471
vn 0.089665 -0.005653 -0.043913
vn 0.089705 -0.017505 -0.040578
vn 0.087642 -0.018502 -0.044459
vn 0.086107 -0.030192 -0.040915
vn 0.083646 -0.031055 -0.045155
vn 0.080610 -0.042356 -0.041327
vn 0.077767 -0.043026 -0.045837
vn 0.073343 -0.053725 -0.041647
vn 0.070147 -0.054155 -0.046331
vn 0.064484 -0.064056 -0.041697
vn 0.060979 -0.064212 -0.046458
vn 0.068125 -0.056079 0.047055
vn 0.076462 -0.045230 0.045911
vn 0.067983 -0.052099 0.051614
vn 0.076035 -0.041052 0.050333
vn 0.067560 -0.047952 0.056003
vn 0.075325 -0.036720 0.054569
vn 0.066855 -0.043653 0.060206
vn 0.074335 -0.032252 0.058601
vn 0.065873 -0.039219 0.064208
vn 0.073069 -0.027665 0.062415
vn 0.064616 -0.034666 0.067993
vn 0.071530 -0.022974 0.065997
vn 0.063089 -0.030011 0.071548
vn 0.069726 -0.018198 0.069334
vn 0.061298 -0.025271 0.074859
vn 0.067662 -0.013354 0.072412
vn 0.059250 -0.020464 0.077914
vn 0.065347 -0.008460 0.075221
vn 0.056952 -0.015607 0.080702
vn 0.062788 -0.003535 0.077751
vn 0.054413 -0.010720 0.083213
vn 0.059996 0.001403 0.079991
vn 0.051642 -0.005819 0.085436
vn 0.056980 0.006336 0.081934
vn 0.048649 -0.000923 0.087364
vn 0.053753 0.011245 0.083571
vn 0.045446 0.003949 0.088989
vn 0.050326 0.016113 0.084898
vn 0.042045 0.008780 0.090306
vn 0.046711 0.020921 0.085909
vn 0.038458 0.013551 0.091309
vn 0.042923 0.025651 0.086601
vn 0.034698 0.018245 0.091995
vn 0.038975 0.030285 0.086970
vn 0.030780 0.022844 0.092362
vn 0.038302 0.031047 0.087000
vn 0.034882 0.034807 0.087016
vn 0.042516 0.041754 0.080305
vn 0.038326 0.046113 0.080029
vn 0.045411 0.052328 0.072108
vn 0.041206 0.056447 0.071525
vn 0.047765 0.061710 0.062533
vn 0.043630 0.065519 0.061674
vn 0.049693 0.069637 0.051781
vn 0.045714 0.073080 0.050691
vn 0.051317 0.075889 0.040093
vn 0.047578 0.078922 0.038828
vn 0.052757 0.080294 0.027742
vn 0.049336 0.082889 0.026369
vn 0.054124 0.082733 0.015027
vn 0.051093 0.084876 0.013624
vn 0.055518 0.083142 0.002266
vn 0.052938 0.084834 0.000914
vn 0.057019 0.081513 -0.010217
vn 0.054939 0.082771 -0.011435
vn 0.058685 0.077895 -0.022102
vn 0.057141 0.078748 -0.023100
vn 0.060548 0.072387 -0.033076
vn 0.059563 0.072881 -0.033774
vn 0.062612 0.065142 -0.042851
vn 0.062193 0.065330 -0.043176
vn 0.064853 0.056353 -0.051171
vn 0.064991 0.056298 -0.051056
vn 0.067217 0.046252 -0.057815
vn 0.067890 0.046026 -0.057206
vn 0.069625 0.035101 -0.062612
vn 0.070797 0.034777 -0.061468
vn 0.071974 0.023182 -0.065439
vn 0.073595 0.022836 -0.063736
vn 0.074140 0.010792 -0.066233
vn 0.076151 0.010497 -0.063960
vn 0.075984 -0.001772 -0.064987
vn 0.078316 -0.001947 -0.062151
vn 0.077360 -0.014215 -0.061753
vn 0.079937 -0.014208 -0.058379
vn 0.078115 -0.026260 -0.056643
vn 0.080860 -0.026018 -0.052771
vn 0.078104 -0.037650 -0.049823
vn 0.080934 -0.037130 -0.045509
vn 0.077188 -0.048156 -0.041510
vn 0.080025 -0.047330 -0.036822
vn 0.075248 -0.057585 -0.031964
vn 0.078016 -0.056439 -0.026984
vn 0.072186 -0.065785 -0.021484
vn 0.074817 -0.064317 -0.016301
vn 0.067933 -0.072644 -0.010396
vn 0.070366 -0.070870 -0.005105
vn 0.062452 -0.078095 0.000957
vn 0.064639 -0.076044 0.006256
vn 0.055745 -0.082117 0.012224
vn 0.057647 -0.079831 0.017430
vn 0.047850 -0.084729 0.023053
vn 0.049443 -0.082265 0.028070
vn 0.038846 -0.085992 0.033110
vn 0.040121 -0.083415 0.037846
vn 0.028853 -0.086004 0.042080
vn 0.029813 -0.083387 0.046453
vn 0.018028 -0.084892 0.049683
vn 0.018690 -0.082314 0.053620
vn 0.006562 -0.082807 0.055678
vn 0.006957 -0.080352 0.059120
vn -0.005324 -0.079919 0.059872
vn -0.005153 -0.077671 0.062775
vn -0.017383 -0.076409 0.062125
vn -0.017383 -0.074449 0.064461
vn -0.029349 -0.072461 0.062354
vn -0.029460 -0.070864 0.064112
vn -0.040949 -0.068254 0.060536
vn -0.041104 -0.067089 0.061721
vn -0.051904 -0.063955 0.056707
vn -0.052034 -0.063280 0.057341
vn -0.061943 -0.059717 0.050960
vn -0.061978 -0.059578 0.051081
vn -0.070808 -0.055667 0.043445
vn -0.070679 -0.056095 0.043103
vn -0.078265 -0.051905 0.034358
vn -0.077907 -0.052918 0.033618
vn -0.084109 -0.048502 0.023942
vn -0.083466 -0.050101 0.022875
vn -0.088174 -0.045495 0.012473
vn -0.087197 -0.047666 0.011160
vn -0.090335 -0.042890 0.000254
vn -0.088988 -0.045603 -0.001221
vn -0.090516 -0.040660 -0.012393
vn -0.088775 -0.043870 -0.013945
vn -0.088695 -0.038746 -0.025140
vn -0.086548 -0.042395 -0.026687
vn -0.084899 -0.037065 -0.037662
vn -0.082350 -0.041084 -0.039124
vn -0.079211 -0.035511 -0.049645
vn -0.076278 -0.039820 -0.050951
vn -0.071768 -0.033960 -0.060795
vn -0.068483 -0.038473 -0.061886
vn -0.062753 -0.032279 -0.070852
vn -0.059162 -0.036906 -0.071678
vn -0.052397 -0.030331 -0.079590
vn -0.048556 -0.034980 -0.080117
vn -0.040968 -0.027981 -0.086826
vn -0.038302 -0.031047 -0.087000
vn -0.032758 -0.020557 -0.092219
vn -0.028766 -0.025103 -0.092425
vn -0.020151 -0.017264 -0.096415
vn -0.016117 -0.021588 -0.096303
vn -0.007352 -0.013322 -0.098836
vn -0.003359 -0.017351 -0.098426
vn 0.005298 -0.008660 -0.099483
vn 0.009163 -0.012332 -0.098813
vn 0.017455 -0.003239 -0.098412
vn 0.021110 -0.006502 -0.097530
vn 0.028791 0.002948 -0.095720
vn 0.032154 0.000129 -0.094689
vn 0.038997 0.009872 -0.091552
vn 0.041994 0.007519 -0.090443
vn 0.047793 0.017468 -0.086085
vn 0.050360 0.015588 -0.084976
vn 0.054939 0.025634 -0.079527
vn 0.057019 0.024217 -0.078501
vn 0.060237 0.034235 -0.072108
vn 0.061789 0.033257 -0.071246
vn 0.063540 0.043105 -0.064067
vn 0.064537 0.042528 -0.063454
vn 0.064758 0.052051 -0.055652
vn 0.065185 0.051826 -0.055363
vn 0.063854 0.060859 -0.047104
vn 0.063713 0.060926 -0.047208
vn 0.060853 0.069304 -0.038650
vn 0.060161 0.069595 -0.039208
vn 0.055835 0.077150 -0.030501
vn 0.054622 0.077592 -0.031559
vn 0.048935 0.084165 -0.022838
vn 0.047244 0.084683 -0.024428
vn 0.040338 0.090127 -0.015811
vn 0.038226 0.090645 -0.017949
vn 0.030275 0.094829 -0.009532
vn 0.027808 0.095275 -0.012220
vn 0.019015 0.098091 -0.004075
vn 0.016267 0.098398 -0.007297
vn 0.006858 0.099763 0.000526
vn 0.003906 0.099873 -0.003196
vn -0.005876 0.099735 0.004279
vn -0.008949 0.099599 0.000104
vn -0.018853 0.097940 0.007228
vn -0.021967 0.097521 0.002664
vn -0.031737 0.094358 0.009455
vn -0.034813 0.093633 0.004577
vn -0.044199 0.089016 0.011071
vn -0.047163 0.087978 0.005964
vn -0.055925 0.081996 0.012212
vn -0.058712 0.080650 0.006970
vn -0.066626 0.073425 0.013032
vn -0.069180 0.071792 0.007753
vn -0.076045 0.063478 0.013698
vn -0.078321 0.061594 0.008481
vn -0.083964 0.052376 0.014378
vn -0.085931 0.050289 0.009323
vn -0.090210 0.040374 0.015237
vn -0.091849 0.038142 0.010438
vn -0.094655 0.027759 0.016429
vn -0.095963 0.025452 0.011973
vn -0.097224 0.014841 0.018088
vn -0.098211 0.012535 0.014052
vn -0.097894 0.001944 0.020323
vn -0.098583 -0.000280 0.016773
vn -0.096689 -0.010602 0.023212
vn -0.097117 -0.012662 0.020199
vn -0.093685 -0.022472 0.026800
vn -0.093898 -0.024287 0.024358
vn -0.088998 -0.033356 0.031091
vn -0.089054 -0.034848 0.029241
vn -0.082789 -0.042967 0.036054
vn -0.082750 -0.044064 0.034797
vn -0.075247 -0.051050 0.041615
vn -0.075181 -0.051691 0.040937
vn -0.066590 -0.057390 0.047667
vn -0.066568 -0.057524 0.047537
vn -0.057054 -0.061820 0.054065
vn -0.057146 -0.061408 0.054437
vn -0.046888 -0.064224 0.060637
vn -0.047159 -0.063242 0.061453
vn -0.036340 -0.064541 0.067185
vn -0.036851 -0.062982 0.068376
vn -0.025656 -0.062771 0.073496
vn -0.026460 -0.060642 0.074983
vn -0.015069 -0.058970 0.079344
vn -0.016209 -0.056294 0.081045
vn -0.004791 -0.053252 0.084506
vn -0.006298 -0.050068 0.086334
vn 0.004987 -0.045786 0.088762
vn 0.003096 -0.042147 0.090632
vn 0.014109 -0.036791 0.091910
vn 0.011830 -0.032760 0.093738
vn 0.022447 -0.026526 0.093768
vn 0.019790 -0.022180 0.095480
vn 0.029912 -0.015290 0.094188
vn 0.026903 -0.010712 0.095716
vn 0.036451 -0.003408 0.093058
vn 0.033127 0.001313 0.094344
vn 0.083782 -0.037676 0.039512
vn 0.083358 -0.033529 0.043901
vn 0.089417 -0.025498 0.036803
vn 0.088729 -0.021298 0.040910
vn 0.093459 -0.013042 0.033096
vn 0.092536 -0.008876 0.036856
vn 0.095900 -0.000653 0.028333
vn 0.094784 0.003389 0.031693
vn 0.096777 0.011325 0.022493
vn 0.095521 0.015154 0.025417
vn 0.096166 0.022556 0.015599
vn 0.094832 0.026086 0.018065
vn 0.094179 0.032724 0.007716
vn 0.092836 0.035876 0.009719
vn 0.090957 0.041542 -0.001049
vn 0.089678 0.044245 0.000503
vn 0.086667 0.048759 -0.010549
vn 0.085527 0.050955 -0.009422
vn 0.081493 0.054172 -0.020600
vn 0.080565 0.055813 -0.019856
vn 0.075626 0.057624 -0.030988
vn 0.074981 0.058679 -0.030572
vn 0.069262 0.059017 -0.041470
vn 0.068964 0.059470 -0.041319
vn 0.062593 0.058308 -0.051791
vn 0.062698 0.058158 -0.051831
vn 0.055799 0.055516 -0.061680
vn 0.056353 0.054779 -0.061835
vn 0.049042 0.050717 -0.070871
vn 0.050079 0.049423 -0.071060
vn 0.042464 0.044043 -0.079101
vn 0.044003 0.042236 -0.079245
vn 0.036180 0.035678 -0.086128
vn 0.038226 0.033417 -0.086151
vn 0.030275 0.025854 -0.091733
vn 0.032819 0.023207 -0.091566
vn 0.024804 0.014841 -0.095731
vn 0.027823 0.011885 -0.095313
vn 0.019791 0.002942 -0.097978
vn 0.023246 -0.000240 -0.097260
vn 0.015229 -0.009519 -0.098374
vn 0.019069 -0.012841 -0.097322
vn 0.011085 -0.022203 -0.096872
vn 0.015246 -0.025579 -0.095463
vn 0.007298 -0.034770 -0.093476
vn 0.011708 -0.038116 -0.091707
vn 0.003788 -0.046884 -0.088247
vn 0.008367 -0.050122 -0.086127
vn 0.000460 -0.058229 -0.081297
vn 0.005123 -0.061286 -0.078853
vn -0.002791 -0.068511 -0.072790
vn 0.001867 -0.071327 -0.070064
vn -0.006075 -0.077471 -0.062939
vn -0.001508 -0.079995 -0.059987
vn -0.009498 -0.084888 -0.051999
vn -0.005108 -0.087086 -0.048887
vn -0.013159 -0.090589 -0.040256
vn -0.009025 -0.092438 -0.037063
vn -0.017141 -0.094449 -0.028026
vn -0.013335 -0.095944 -0.024838
vn -0.021510 -0.096398 -0.015643
vn -0.018091 -0.097546 -0.012548
vn -0.026304 -0.096417 -0.003445
vn -0.023323 -0.097241 -0.000536
vn -0.031538 -0.094539 0.008228
vn -0.029031 -0.095075 0.010863
vn -0.037194 -0.090849 0.019054
vn -0.035183 -0.091144 0.021327
vn -0.043226 -0.085476 0.028728
vn -0.041718 -0.085590 0.030562
vn -0.049555 -0.078592 0.036981
vn -0.048541 -0.078589 0.038308
vn -0.056072 -0.070402 0.043583
vn -0.055532 -0.070354 0.044346
vn -0.062645 -0.061137 0.048351
vn -0.062542 -0.061118 0.048508
vn -0.069116 -0.051050 0.051156
vn -0.069404 -0.051134 0.050680
vn -0.075309 -0.040402 0.051925
vn -0.075930 -0.040660 0.050807
vn -0.081038 -0.029458 0.050646
vn -0.081928 -0.029954 0.048894
vn -0.086110 -0.018475 0.047367
vn -0.087197 -0.019268 0.045004
vn -0.090335 -0.007698 0.042195
vn -0.091545 -0.008833 0.039262
vn -0.093528 0.002651 0.035291
vn -0.094787 0.001139 0.031846
vn -0.095523 0.012377 0.026871
vn -0.096759 0.010466 0.022981
vn -0.096177 0.021318 0.017193
vn -0.097322 0.019002 0.012938
vn -0.095372 0.029346 0.006552
vn -0.096367 0.026633 0.002021
vn -0.093030 0.036374 -0.004730
vn -0.093823 0.033289 -0.009441
vn -0.089107 0.042355 -0.016308
vn -0.089658 0.038936 -0.021103
vn -0.083605 0.047280 -0.027835
vn -0.083888 0.043578 -0.032616
vn -0.076569 0.051178 -0.038962
vn -0.076604 0.049240 -0.041318
vn -0.068089 0.058001 -0.044718
vn -0.068089 0.054110 -0.049355
vn -0.058578 0.060143 -0.054327
vn -0.058301 0.056171 -0.058701
vn -0.047913 0.061445 -0.062681
vn -0.047382 0.057475 -0.066719
vn -0.036296 0.062037 -0.069527
vn -0.035547 0.058159 -0.073170
vn -0.023966 0.062066 -0.074656
vn -0.023045 0.058369 -0.077859
vn -0.011187 0.061684 -0.077910
vn -0.010151 0.058254 -0.080644
vn 0.001752 0.061045 -0.079186
vn 0.002840 0.057963 -0.081438
vn 0.014552 0.060294 -0.078440
vn 0.015621 0.057636 -0.080213
vn 0.026906 0.059565 -0.075684
vn 0.027883 0.057394 -0.076996
vn 0.038511 0.058973 -0.070986
vn 0.039322 0.057341 -0.071874
vn 0.049078 0.058608 -0.064471
vn 0.049651 0.057552 -0.064981
vn 0.058337 0.058530 -0.056311
vn 0.058605 0.058075 -0.056504
vn 0.066050 0.058774 -0.046723
vn 0.065954 0.058925 -0.046667
vn 0.072015 0.059337 -0.035958
vn 0.071504 0.060087 -0.035731
vn 0.076073 0.060188 -0.024298
vn 0.075109 0.061512 -0.023978
vn 0.078115 0.061262 -0.012041
vn 0.076672 0.063122 -0.011709
vn 0.078086 0.062469 0.000504
vn 0.076151 0.064811 0.000769
vn 0.075984 0.063692 0.013030
vn 0.073560 0.066452 0.013155
vn 0.071865 0.064796 0.025237
vn 0.068970 0.067900 0.025156
vn 0.065841 0.065631 0.036846
vn 0.062505 0.068998 0.036503
vn 0.058073 0.066041 0.047603
vn 0.054342 0.069585 0.046956
vn 0.048775 0.065870 0.057290
vn 0.044707 0.069502 0.056309
vn 0.038201 0.064967 0.065726
vn 0.033864 0.068602 0.064397
vn 0.026642 0.063196 0.072777
vn 0.022114 0.066750 0.071101
vn 0.014418 0.060442 0.078351
vn 0.009782 0.063839 0.076347
vn 0.001867 0.056614 0.082410
vn -0.002791 0.059787 0.080110
vn -0.010663 0.051656 0.084959
vn -0.015255 0.054549 0.082412
vn -0.022825 0.045546 0.086050
vn -0.027264 0.048115 0.083316
vn -0.034281 0.038302 0.085777
vn -0.038486 0.040517 0.082929
vn -0.044713 0.029982 0.084272
vn -0.048608 0.031828 0.081389
vn -0.053832 0.020684 0.081697
vn -0.057350 0.022162 0.078866
vn -0.061383 0.010546 0.078236
vn -0.064470 0.011672 0.075547
vn -0.067158 -0.000255 0.074093
vn -0.069772 0.000546 0.071635
vn -0.070997 -0.011514 0.069476
vn -0.073108 -0.010996 0.067337
vn -0.072791 -0.022995 0.064597
vn -0.074386 -0.022706 0.062858
vn -0.072491 -0.034443 0.059656
vn -0.073571 -0.034322 0.058389
vn -0.070102 -0.045589 0.054839
vn -0.070683 -0.045568 0.054106
vn -0.065687 -0.056161 0.050311
vn -0.065798 -0.056166 0.050160
vn -0.059361 -0.065888 0.046206
vn -0.059045 -0.065846 0.046669
vn -0.051291 -0.074513 0.042627
vn -0.050601 -0.074350 0.043722
vn -0.041687 -0.081798 0.039639
vn -0.040685 -0.081447 0.041366
vn -0.030798 -0.087535 0.037271
vn -0.029553 -0.086934 0.039612
vn -0.018901 -0.091551 0.035512
vn -0.017488 -0.090648 0.038434
vn -0.006298 -0.093716 0.034316
vn -0.004791 -0.092469 0.037769
vn 0.006699 -0.093948 0.033599
vn 0.008224 -0.092329 0.037520
vn 0.019771 -0.092214 0.033250
vn 0.021244 -0.090209 0.037562
vn 0.032609 -0.088538 0.033131
vn 0.033965 -0.086148 0.037749
vn 0.044914 -0.082994 0.033086
vn 0.046095 -0.080234 0.037917
vn 0.056412 -0.075712 0.032945
vn 0.057372 -0.072614 0.037891
vn 0.066855 -0.066872 0.032536
vn 0.067560 -0.063479 0.037499
vn 0.067983 -0.059877 0.042345
vn 0.058060 -0.069298 0.042741
vn 0.047019 -0.077255 0.042672
vn 0.035080 -0.083540 0.042313
vn 0.022500 -0.087995 0.041840
vn 0.009557 -0.090514 0.041424
vn -0.003449 -0.091044 0.041220
vn -0.016209 -0.089589 0.041365
vn -0.028413 -0.086205 0.041970
vn -0.039757 -0.080999 0.043111
vn -0.049956 -0.074124 0.044833
vn -0.058747 -0.065776 0.047142
vn -0.065904 -0.056180 0.050005
vn -0.071238 -0.045592 0.053353
vn -0.074608 -0.034283 0.057081
vn -0.075925 -0.022534 0.061054
vn -0.075154 -0.010626 0.065107
vn -0.072317 0.001170 0.069058
vn -0.067489 0.012597 0.072708
vn -0.060805 0.023421 0.075856
vn -0.052448 0.033442 0.078300
vn -0.042647 0.042491 0.079848
vn -0.031675 0.050439 0.080328
vn -0.019834 0.057199 0.079592
vn -0.007454 0.062725 0.077524
vn 0.005123 0.067012 0.074048
vn 0.017547 0.070096 0.069127
vn 0.029474 0.072047 0.062773
vn 0.040573 0.072967 0.055042
vn 0.050535 0.072984 0.046038
vn 0.059086 0.072245 0.035910
vn 0.065989 0.070908 0.024850
vn 0.071053 0.069139 0.013085
vn 0.074140 0.067101 0.000873
vn 0.075163 0.064947 -0.011502
vn 0.074095 0.062818 -0.023745
vn 0.070964 0.060830 -0.035551
vn 0.065852 0.059076 -0.046622
vn 0.058894 0.057621 -0.056669
vn 0.050272 0.056496 -0.065429
vn 0.040211 0.055701 -0.072667
vn 0.028969 0.055205 -0.078187
vn 0.016831 0.054945 -0.081840
vn 0.004099 0.054832 -0.083526
vn -0.008915 0.054754 -0.083202
vn -0.021900 0.054580 -0.080879
vn -0.034553 0.054168 -0.076628
vn -0.046589 0.053371 -0.070576
vn -0.057750 0.052042 -0.062901
vn -0.067807 0.050045 -0.053831
vn -0.076569 0.047257 -0.043635
vn 0.093969 0.026200 -0.021985
vn 0.091686 0.030582 -0.025661
vn 0.091622 0.028876 -0.027777
vn 0.086085 0.038981 -0.032709
vn 0.086037 0.037709 -0.034287
vn 0.079179 0.046790 -0.039261
vn 0.079148 0.045971 -0.040277
vn 0.071073 0.053889 -0.045218
vn 0.071060 0.053536 -0.045656
vn 0.061889 0.060171 -0.050489
vn 0.061894 0.060289 -0.050343
vn 0.051768 0.065541 -0.054995
vn 0.051789 0.066128 -0.054267
vn 0.040861 0.069918 -0.058668
vn 0.095897 0.021719 -0.018225
vn 0.095818 0.023934 -0.015687
vn 0.098654 0.012527 -0.010511
vn 0.098561 0.015136 -0.007523
vn 0.099916 0.003145 -0.002639
vn 0.099810 0.006109 0.000755
vn 0.099663 -0.006285 0.005273
vn 0.099547 -0.003012 0.009022
vn 0.097899 -0.015619 0.013106
vn 0.097774 -0.012086 0.017153
vn 0.094652 -0.024717 0.020740
vn 0.094519 -0.020977 0.025023
vn 0.089969 -0.033440 0.028059
vn 0.089831 -0.029551 0.032514
vn 0.005131 0.076504 -0.064194
vn 0.017436 0.077354 -0.060929
vn 0.005217 0.078810 -0.061333
vn 0.017650 0.079169 -0.058487
vn 0.005474 0.080997 -0.058391
vn 0.018004 0.080878 -0.055987
vn 0.005902 0.083058 -0.055377
vn 0.018499 0.082476 -0.053437
vn 0.006499 0.084983 -0.052303
vn 0.019133 0.083956 -0.050846
vn 0.007262 0.086767 -0.049182
vn 0.019902 0.085312 -0.048226
vn 0.008189 0.088402 -0.046023
vn 0.020804 0.086541 -0.045584
vn 0.009276 0.089882 -0.042839
vn 0.021836 0.087636 -0.042932
vn 0.010520 0.091202 -0.039642
vn 0.022994 0.088594 -0.040278
vn 0.011915 0.092357 -0.036444
vn 0.024273 0.089412 -0.037633
vn 0.013457 0.093343 -0.033256
vn 0.025669 0.090086 -0.035007
vn 0.015140 0.094156 -0.030091
vn 0.027177 0.090615 -0.032410
vn 0.016957 0.094792 -0.026960
vn 0.028791 0.090995 -0.029850
vn 0.018902 0.095251 -0.023875
vn 0.030504 0.091226 -0.027338
vn 0.020968 0.095529 -0.020848
vn 0.032312 0.091306 -0.024883
vn 0.023146 0.095626 -0.017889
vn 0.034206 0.091236 -0.022494
vn 0.025429 0.095541 -0.015009
vn 0.036180 0.091015 -0.020180
vn -0.076604 0.049240 -0.041318
vn -0.080416 0.045534 -0.038208
vn -0.080274 0.049354 -0.033470
vn -0.087111 0.037619 -0.031566
vn -0.086971 0.041381 -0.026900
vn -0.092486 0.029134 -0.024446
vn -0.092350 0.032781 -0.019922
vn -0.096458 0.020206 -0.016955
vn -0.096329 0.023683 -0.012643
vn -0.098969 0.010973 -0.009207
vn -0.098848 0.014227 -0.005171
vn -0.099979 0.001573 -0.001320
vn -0.099868 0.004554 0.002379
vn -0.099473 -0.007851 0.006588
vn -0.099374 -0.005187 0.009892
vn -0.097460 -0.017156 0.014395
vn -0.097374 -0.014849 0.017256
vn -0.093969 -0.026200 0.021985
vn -0.072502 0.052760 -0.044271
vn -0.072360 0.048757 -0.048855
vn -0.063489 0.059185 -0.049662
vn -0.063349 0.055243 -0.054177
vn -0.053513 0.064713 -0.054301
vn -0.053378 0.060891 -0.058678
vn -0.042727 0.069260 -0.058116
vn -0.042597 0.065617 -0.062289
vn -0.031292 0.072757 -0.061051
vn -0.031171 0.069348 -0.064956
vn -0.019383 0.075152 -0.063060
vn -0.019272 0.072027 -0.066638
vn -0.007180 0.076407 -0.064113
vn -0.007081 0.073615 -0.067310
vn -0.093898 -0.028205 0.019688
vn -0.097374 -0.019572 0.011627
vn -0.093685 -0.030295 0.017477
vn -0.097117 -0.022090 0.008962
vn -0.093330 -0.032460 0.015359
vn -0.096689 -0.024701 0.006410
vn -0.092835 -0.034694 0.013343
vn -0.096093 -0.027393 0.003980
vn -0.092201 -0.036988 0.011436
vn -0.095329 -0.030158 0.001681
vn -0.091432 -0.039334 0.009645
vn -0.094402 -0.032985 -0.000477
vn -0.090530 -0.041722 0.007977
vn -0.093315 -0.035863 -0.002488
vn -0.089498 -0.044144 0.006437
vn -0.092071 -0.038782 -0.004343
vn -0.088340 -0.046590 0.005033
vn -0.090676 -0.041731 -0.006036
vn -0.087061 -0.049053 0.003768
vn -0.089134 -0.044699 -0.007561
vn -0.085665 -0.051522 0.002648
vn -0.087451 -0.047675 -0.008911
vn -0.084157 -0.053988 0.001677
vn -0.085634 -0.050648 -0.010081
vn -0.082543 -0.056443 0.000858
vn -0.083689 -0.053607 -0.011068
vn -0.080830 -0.058877 0.000194
vn -0.081623 -0.056540 -0.011868
vn -0.079023 -0.061281 -0.000311
vn -0.079445 -0.059437 -0.012477
vn -0.077128 -0.063646 -0.000657
vn -0.017365 -0.075441 0.063302
vn -0.011269 -0.076116 0.063869
vn -0.011348 -0.078230 0.061247
vn 0.001027 -0.076600 0.064275
vn 0.000934 -0.079090 0.061187
vn 0.013307 -0.075923 0.063707
vn 0.013202 -0.078751 0.060199
vn 0.025386 -0.074095 0.062173
vn 0.025269 -0.077219 0.058299
vn 0.037080 -0.071144 0.059697
vn 0.036954 -0.074515 0.055514
vn 0.048211 -0.067114 0.056315
vn 0.048078 -0.070682 0.051889
vn 0.058612 -0.062067 0.052080
vn 0.058474 -0.065778 0.047476
vn -0.023394 -0.074479 0.062495
vn -0.023458 -0.072691 0.064542
vn -0.035165 -0.071712 0.060173
vn -0.035212 -0.070379 0.061700
vn -0.046402 -0.067858 0.056940
vn -0.046433 -0.067000 0.057922
vn -0.056936 -0.062975 0.052843
vn -0.056950 -0.062605 0.053266
vn -0.066607 -0.057138 0.047945
vn -0.066603 -0.057262 0.047803
vn -0.075269 -0.050435 0.042320
vn -0.040968 0.080648 0.042633
vn -0.036599 0.087537 0.031589
vn -0.031396 0.092798 0.020072
vn -0.025328 0.096372 0.008426
vn -0.018391 0.098248 -0.002999
vn -0.010621 0.098464 -0.013858
vn -0.002086 0.097098 -0.023823
vn 0.007111 0.094272 -0.032593
vn 0.016831 0.090137 -0.039899
vn 0.026906 0.084877 -0.045518
vn 0.037140 0.078693 -0.049275
vn 0.047316 0.071798 -0.051051
vn 0.057201 0.064413 -0.050784
vn 0.066554 0.056753 -0.048473
vn 0.075132 0.049025 -0.044178
vn 0.082701 0.041416 -0.038016
vn 0.089040 0.034093 -0.030159
vn 0.093951 0.027192 -0.020826
vn 0.097267 0.020819 -0.010281
vn 0.098855 0.015046 0.001180
vn 0.098624 0.009909 0.013235
vn 0.096530 0.005409 0.025547
vn 0.092578 0.001515 0.037776
vn 0.086822 -0.001836 0.049584
vn 0.079367 -0.004731 0.060651
vn 0.070366 -0.007279 0.070680
vn 0.060018 -0.009602 0.079408
vn 0.048563 -0.011831 0.086612
vn 0.036275 -0.014101 0.092116
vn 0.023456 -0.016537 0.095793
vn 0.010427 -0.019257 0.097573
vn -0.002481 -0.022357 0.097437
vn -0.014933 -0.025911 0.095423
vn -0.026607 -0.029967 0.091619
vn -0.037194 -0.034540 0.086160
vn -0.046415 -0.039611 0.079225
vn -0.054025 -0.045129 0.071026
vn -0.059819 -0.051007 0.061806
vn -0.063644 -0.057130 0.051823
vn -0.065397 -0.063352 0.041350
vn -0.065033 -0.069505 0.030657
vn -0.062564 -0.075401 0.020009
vn -0.058061 -0.080844 0.009656
vn -0.051648 -0.085630 -0.000179
vn -0.043503 -0.089560 -0.009299
vn -0.033852 -0.092446 -0.017545
vn -0.022960 -0.094116 -0.024798
vn -0.011127 -0.094427 -0.030980
vn 0.001325 -0.093264 -0.036056
vn 0.014055 -0.090552 -0.040034
vn 0.026718 -0.086257 -0.042963
vn -0.036945 -0.032561 -0.087033
vn -0.024638 -0.029528 -0.092310
vn -0.011964 -0.025779 -0.095876
vn 0.000733 -0.021237 -0.097716
vn 0.013108 -0.015854 -0.097861
vn 0.024824 -0.009615 -0.096391
vn 0.035559 -0.002543 -0.093430
vn 0.045017 0.005305 -0.089137
vn 0.052938 0.013831 -0.083704
vn 0.059102 0.022905 -0.077346
vn 0.063338 0.032361 -0.070293
vn 0.065527 0.042007 -0.062783
vn 0.065607 0.051625 -0.055050
vn 0.063574 0.060985 -0.047320
vn 0.059480 0.069843 -0.039800
vn 0.053435 0.077956 -0.032674
vn 0.045598 0.085087 -0.026095
vn 0.065873 -0.070043 0.027474
vn 0.055183 -0.078583 0.027921
vn 0.043480 -0.085524 0.028198
vn 0.031020 -0.090702 0.028477
vn 0.018087 -0.094002 0.028920
vn 0.004987 -0.095365 0.029677
vn -0.007963 -0.094781 0.030874
vn -0.020443 -0.092296 0.032611
vn -0.032142 -0.088006 0.034955
vn -0.042760 -0.082051 0.037937
vn -0.052024 -0.074612 0.041552
vn -0.059695 -0.065903 0.045753
vn -0.065570 -0.056165 0.050458
vn -0.069496 -0.045657 0.055549
vn -0.071371 -0.034645 0.060876
vn -0.071145 -0.023399 0.066264
vn -0.068828 -0.012178 0.071515
vn -0.064486 -0.001229 0.076420
vn -0.058239 0.009225 0.080766
vn -0.050263 0.018991 0.084339
vn -0.040778 0.027908 0.086938
vn -0.030049 0.035853 0.088383
vn -0.018373 0.042742 0.088519
vn -0.006075 0.048531 0.087223
vn 0.006504 0.053216 0.084414
vn 0.019016 0.056833 0.080053
vn 0.031115 0.059447 0.074148
vn 0.042467 0.061157 0.066756
vn 0.052761 0.062084 0.057982
vn 0.061713 0.062367 0.047977
vn 0.069081 0.062157 0.036936
vn 0.074666 0.061607 0.025092
vn 0.078316 0.060869 0.012710
vn 0.079937 0.060083 0.000078
vn 0.079488 0.059375 -0.012497
vn 0.076984 0.058849 -0.024704
vn 0.072494 0.058582 -0.036233
vn 0.066140 0.058622 -0.046787
vn 0.058090 0.058986 -0.056091
vn 0.048557 0.059658 -0.063900
vn 0.037783 0.060592 -0.070007
vn 0.026044 0.061710 -0.074253
vn 0.013629 0.062910 -0.076529
vn 0.000839 0.064064 -0.076779
vn -0.012022 0.065032 -0.075009
vn -0.024660 0.065659 -0.071280
vn -0.036797 0.065788 -0.065711
vn -0.048178 0.065265 -0.058476
vn -0.058578 0.063945 -0.049796
vn -0.067807 0.061703 -0.039937
vn -0.076284 0.054908 -0.034145
vn -0.075715 0.058434 -0.029201
vn -0.083041 0.050779 -0.022928
vn -0.082197 0.054063 -0.017914
vn -0.088282 0.045564 -0.011408
vn -0.087188 0.048550 -0.006421
vn -0.091977 0.039245 0.000066
vn -0.090669 0.041891 0.004927
vn -0.094136 0.031846 0.011145
vn -0.092663 0.034124 0.015783
vn -0.094812 0.023428 0.021490
vn -0.093232 0.025326 0.025813
vn -0.094093 0.014095 0.030786
vn -0.092474 0.015614 0.034709
vn -0.092103 0.003988 0.038745
vn -0.090516 0.005144 0.042194
vn -0.088988 -0.006717 0.045123
vn -0.087509 -0.005892 0.048035
vn -0.084917 -0.017810 0.049718
vn -0.083622 -0.017274 0.052047
vn -0.080073 -0.029058 0.052383
vn -0.079035 -0.028756 0.054098
vn -0.074641 -0.040208 0.053029
vn -0.073929 -0.040077 0.054114
vn -0.068808 -0.050994 0.051624
vn -0.068483 -0.050965 0.052083
vn -0.062753 -0.061147 0.048198
vn -0.062867 -0.061147 0.048049
vn -0.056640 -0.070403 0.042840
vn -0.057234 -0.070359 0.042118
vn -0.050614 -0.078513 0.035694
vn -0.051714 -0.078351 0.034449
vn -0.044794 -0.085246 0.026956
vn -0.046415 -0.084900 0.025252
vn -0.039274 -0.090405 0.016868
vn -0.041415 -0.089813 0.014778
vn -0.034118 -0.093826 0.005710
vn -0.036762 -0.092938 0.003316
vn -0.029358 -0.095391 -0.006210
vn -0.032475 -0.094168 -0.008821
vn -0.024998 -0.095029 -0.018564
vn -0.028543 -0.093443 -0.021302
vn -0.021010 -0.092718 -0.031014
vn -0.024927 -0.090757 -0.033790
vn -0.017344 -0.088493 -0.043222
vn -0.021565 -0.086160 -0.045950
vn -0.013925 -0.082440 -0.054861
vn -0.018373 -0.079752 -0.057463
vn -0.010663 -0.074698 -0.065624
vn -0.015255 -0.071687 -0.068031
vn -0.007454 -0.065454 -0.075234
vn -0.012104 -0.062168 -0.077387
vn -0.004190 -0.054942 -0.083449
vn -0.008809 -0.051438 -0.085303
vn -0.000762 -0.043433 -0.090072
vn -0.005264 -0.039779 -0.091596
vn 0.002932 -0.031228 -0.094954
vn -0.001371 -0.027504 -0.096134
vn 0.006982 -0.018653 -0.097997
vn 0.002953 -0.014942 -0.098833
vn 0.011459 -0.006046 -0.099157
vn 0.007772 -0.002435 -0.099668
vn 0.016412 0.006250 -0.098446
vn 0.013122 0.009672 -0.098662
vn 0.021864 0.017899 -0.095925
vn 0.019015 0.021046 -0.095893
vn 0.027808 0.028579 -0.091706
vn 0.025429 0.031372 -0.091483
vn 0.034206 0.037995 -0.085944
vn 0.032312 0.040360 -0.085598
vn 0.040987 0.045886 -0.078832
vn 0.039578 0.047760 -0.078438
vn 0.048053 0.052033 -0.070594
vn 0.047115 0.053365 -0.070231
vn 0.055273 0.056263 -0.061477
vn 0.054778 0.057016 -0.061226
vn 0.062494 0.058459 -0.051740
vn 0.062401 0.058611 -0.051680
vn 0.069540 0.058562 -0.041650
vn 0.069798 0.058106 -0.041856
vn 0.076223 0.056568 -0.031467
vn 0.076770 0.055514 -0.032008
vn 0.082343 0.052535 -0.021441
vn 0.083113 0.050908 -0.022375
vn 0.087700 0.046578 -0.011801
vn 0.088619 0.044419 -0.013174
vn 0.092097 0.038866 -0.002749
vn 0.093094 0.036228 -0.004592
vn 0.095353 0.029616 0.005545
vn 0.096353 0.026565 0.003215
vn 0.097303 0.019090 0.012952
vn 0.098239 0.015699 0.010133
vn 0.097811 0.007581 0.019380
vn 0.098619 0.003934 0.016089
vn 0.096772 -0.004589 0.024780
vn 0.097398 -0.008405 0.021049
vn 0.094121 -0.017081 0.029147
vn 0.064616 -0.072980 0.022333
vn 0.053691 -0.081214 0.022838
vn 0.041797 -0.087815 0.023272
vn 0.029201 -0.092632 0.023803
vn 0.016197 -0.095567 0.024589
vn 0.003096 -0.096573 0.025768
vn -0.009779 -0.095658 0.027457
vn -0.022109 -0.092880 0.029741
vn -0.033580 -0.088345 0.032673
vn -0.043899 -0.082204 0.036268
vn -0.052798 -0.074646 0.040501
vn -0.060044 -0.065890 0.045312
vn -0.065449 -0.056179 0.050601
vn -0.068869 -0.045770 0.056233
vn -0.070215 -0.034929 0.062047
vn -0.069455 -0.023917 0.067853
vn -0.066611 -0.012986 0.073446
vn -0.061764 -0.002373 0.078610
vn -0.055050 0.007713 0.083126
vn -0.046657 0.017091 0.086781
vn -0.036817 0.025616 0.089377
vn -0.025805 0.033179 0.090737
vn -0.013925 0.039712 0.090714
vn -0.001508 0.045185 0.089197
vn 0.011102 0.049608 0.086115
vn 0.023558 0.053026 0.081445
vn 0.035517 0.055517 0.075209
vn 0.046649 0.057186 0.067481
vn 0.056651 0.058158 0.058381
vn 0.065250 0.058576 0.048076
vn 0.072215 0.058589 0.036774
vn 0.077360 0.058346 0.024723
vn 0.080548 0.057994 0.012197
vn 0.081699 0.057663 -0.000506
vn 0.080786 0.057469 -0.013075
vn 0.077838 0.057502 -0.025194
vn 0.072939 0.057824 -0.036554
vn 0.066222 0.058470 -0.046861
vn 0.057865 0.059439 -0.055844
vn 0.048088 0.060700 -0.063269
vn 0.037140 0.062192 -0.068941
vn 0.025298 0.063821 -0.072711
vn 0.012854 0.065474 -0.074485
vn 0.000105 0.067012 -0.074226
vn -0.012650 0.068285 -0.071953
vn -0.025124 0.069133 -0.067745
vn -0.037048 0.069396 -0.061738
vn -0.048178 0.068920 -0.054119
vn -0.058301 0.067563 -0.045124
vn -0.067242 0.065202 -0.035030
vn -0.074865 0.061742 -0.024148
vn -0.081076 0.057118 -0.012810
vn -0.085827 0.051302 -0.001365
vn -0.089110 0.044303 0.009836
vn -0.090958 0.036172 0.020449
vn -0.091444 0.027003 0.030146
vn -0.090673 0.016927 0.038626
vn -0.088775 0.006116 0.045625
vn -0.085905 -0.005227 0.050922
vn -0.082230 -0.016869 0.054347
vn -0.077928 -0.028553 0.055784
vn -0.073175 -0.040011 0.055178
vn -0.068142 -0.050964 0.052530
vn -0.062987 -0.061138 0.047904
vn -0.057851 -0.070268 0.041421
vn -0.052853 -0.078108 0.033253
vn -0.048084 -0.084438 0.023623
vn -0.043609 -0.089076 0.012792
vn -0.039461 -0.091879 0.001056
vn -0.035643 -0.092750 -0.011267
vn -0.032132 -0.091646 -0.023845
vn -0.028877 -0.088574 -0.036343
vn -0.025805 -0.083597 -0.048431
vn -0.022825 -0.076834 -0.059797
vn -0.019834 -0.068450 -0.070151
vn -0.016723 -0.058663 -0.079240
vn -0.013381 -0.047728 -0.086850
vn -0.009704 -0.035938 -0.092813
vn -0.005597 -0.023611 -0.097011
vn -0.000987 -0.011084 -0.099379
vn 0.004181 0.001299 -0.099904
vn 0.009933 0.013195 -0.098627
vn 0.016267 0.024273 -0.095636
vn 0.023146 0.034222 -0.091067
vn 0.030504 0.042764 -0.085093
vn 0.038243 0.049658 -0.077921
vn 0.046232 0.054708 -0.069783
vn 0.054315 0.057773 -0.060928
vn 0.062315 0.058763 -0.051611
vn 0.070034 0.057651 -0.042090
vn 0.077266 0.054467 -0.032609
vn 0.083799 0.049298 -0.023398
vn 0.089424 0.042290 -0.014661
vn 0.093944 0.033637 -0.006571
vn 0.097177 0.023580 0.000733
vn 0.098970 0.012397 0.007154
vn 0.099198 0.000399 0.012632
vn 0.063089 -0.075672 0.017131
vn 0.051941 -0.083596 0.017714
vn 0.039873 -0.089857 0.018325
vn 0.027161 -0.094321 0.019128
vn 0.014109 -0.096902 0.020272
vn 0.001033 -0.097570 0.021887
vn -0.011741 -0.096345 0.024077
vn -0.023892 -0.093300 0.026914
vn -0.035108 -0.088551 0.030434
vn -0.045100 -0.082258 0.034636
vn -0.053608 -0.074616 0.039479
vn -0.060408 -0.065850 0.044885
vn -0.065322 -0.056202 0.050738
vn -0.068221 -0.045929 0.056889
vn -0.069028 -0.035292 0.063163
vn -0.067726 -0.024547 0.069359
vn -0.064353 -0.013935 0.075263
vn -0.059004 -0.003682 0.080654
vn -0.051829 0.006015 0.085309
vn -0.043027 0.014991 0.089016
vn -0.032845 0.023114 0.091580
vn -0.021565 0.030291 0.092830
vn -0.009498 0.036468 0.092628
vn 0.003020 0.041631 0.090872
vn 0.015644 0.045801 0.087507
vn 0.028027 0.049035 0.082523
vn 0.039830 0.051420 0.075958
vn 0.050729 0.053068 0.067900
vn 0.060430 0.054107 0.058486
vn 0.068670 0.054682 0.047899
vn 0.075230 0.054939 0.036361
vn 0.079937 0.055025 0.024130
vn 0.082671 0.055077 0.011492
vn 0.083363 0.055218 -0.001248
vn 0.082003 0.055550 -0.013773
vn 0.078633 0.056150 -0.025767
vn 0.073350 0.057068 -0.036920
vn 0.066297 0.058319 -0.046943
vn 0.057663 0.059888 -0.055573
vn 0.047674 0.061730 -0.062583
vn 0.036585 0.063765 -0.067790
vn 0.024673 0.065890 -0.071061
vn 0.012230 0.067976 -0.072317
vn -0.000448 0.069875 -0.071535
vn -0.013070 0.071430 -0.068752
vn -0.025357 0.072476 -0.064064
vn -0.037048 0.072850 -0.057622
vn -0.047913 0.072399 -0.049627
vn -0.057750 0.070982 -0.040329
vn -0.066399 0.068486 -0.030016
vn -0.073736 0.064821 -0.019005
vn -0.079684 0.059934 -0.007636
vn -0.084205 0.053810 0.003741
vn -0.087305 0.046470 0.014775
vn -0.089028 0.037982 0.025126
vn -0.089454 0.028453 0.034472
vn -0.088695 0.018030 0.042523
vn -0.086885 0.006898 0.049025
vn -0.084180 -0.004725 0.053772
vn -0.080747 -0.016596 0.056609
vn -0.076758 -0.028450 0.057436
vn -0.072383 -0.040008 0.056214
vn -0.067785 -0.050991 0.052964
vn -0.063111 -0.061120 0.047764
vn -0.058489 -0.070132 0.040750
vn -0.054025 -0.077784 0.032109
vn -0.049795 -0.083864 0.022075
vn -0.045848 -0.088197 0.010917
vn -0.042203 -0.090652 -0.001061
vn -0.038850 -0.091145 -0.013540
vn -0.035751 -0.089645 -0.026185
vn -0.032845 -0.086175 -0.038665
vn -0.030049 -0.080815 -0.050656
vn -0.027264 -0.073695 -0.061852
vn -0.024384 -0.064999 -0.071976
vn -0.021295 -0.054953 -0.080788
vn -0.017889 -0.043827 -0.088086
vn -0.014063 -0.031923 -0.093719
vn -0.009730 -0.019565 -0.097584
vn -0.004823 -0.007094 -0.099631
vn 0.000701 0.005144 -0.099865
vn 0.006858 0.016806 -0.098339
vn 0.013629 0.027565 -0.095155
vn 0.020968 0.037119 -0.090457
vn 0.028791 0.045198 -0.084429
vn 0.036985 0.051571 -0.077282
vn 0.045406 0.056058 -0.069251
vn 0.053887 0.058530 -0.060584
vn 0.062236 0.058915 -0.051533
vn 0.070248 0.057200 -0.042349
vn 0.077707 0.053431 -0.033268
vn 0.084398 0.047711 -0.024507
vn 0.090110 0.040199 -0.016257
vn 0.094643 0.031103 -0.008678
vn 0.097822 0.020673 -0.001890
vn 0.099495 0.009197 0.004024
vn 0.061298 -0.078110 0.011888
vn 0.049940 -0.085720 0.012570
vn 0.037714 -0.091645 0.013377
vn 0.024907 -0.095762 0.014468
vn 0.011830 -0.098003 0.015985
vn -0.001195 -0.098351 0.018047
vn -0.013841 -0.096840 0.020746
vn -0.025785 -0.093555 0.024139
vn -0.036719 -0.088622 0.028245
vn -0.046359 -0.082211 0.033048
vn -0.054453 -0.074522 0.038489
vn -0.060786 -0.065781 0.044473
vn -0.065192 -0.056234 0.050870
vn -0.067556 -0.046133 0.057515
vn -0.067815 -0.035735 0.064220
vn -0.065966 -0.025286 0.070775
vn -0.062062 -0.015021 0.076959
vn -0.056214 -0.005152 0.082543
vn -0.048585 0.004139 0.087306
vn -0.039388 0.012698 0.091035
vn -0.028877 0.020411 0.093539
vn -0.017344 0.027198 0.094654
vn -0.005108 0.033022 0.094252
vn 0.007493 0.037881 0.092243
vn 0.020113 0.041810 0.088585
vn 0.032407 0.044875 0.083283
vn 0.044039 0.047173 0.076389
vn 0.054693 0.048818 0.068010
vn 0.064084 0.049946 0.058298
vn 0.071960 0.050699 0.047448
vn 0.078115 0.051222 0.035697
vn 0.082390 0.051656 0.023316
vn 0.084677 0.052130 0.010598
vn 0.084925 0.052756 -0.002143
vn 0.083135 0.053625 -0.014589
vn 0.079366 0.054800 -0.026420
vn 0.073724 0.056314 -0.037330
vn 0.066365 0.058169 -0.047033
vn 0.057485 0.060332 -0.055277
vn 0.047316 0.062743 -0.061843
vn 0.036118 0.065308 -0.066561
vn 0.024170 0.067909 -0.069312
vn 0.011760 0.070407 -0.070032
vn -0.000818 0.072645 -0.068717
vn -0.013281 0.074458 -0.065419
vn -0.025357 0.075676 -0.060251
vn -0.036797 0.076137 -0.053377
vn -0.047382 0.075686 -0.045017
vn -0.056925 0.074191 -0.035429
vn -0.065278 0.071541 -0.024912
vn -0.072333 0.067659 -0.013792
vn -0.078025 0.062501 -0.002411
vn -0.082329 0.056064 0.008877
vn -0.085262 0.048386 0.019725
vn -0.086880 0.039548 0.029796
vn -0.087270 0.029672 0.038776
vn -0.086548 0.018919 0.046385
vn -0.084853 0.007490 0.052382
vn -0.082341 -0.004388 0.056575
vn -0.079177 -0.016457 0.058824
vn -0.075527 -0.028446 0.059047
vn -0.071555 -0.040071 0.057221
vn -0.067413 -0.051045 0.053384
vn -0.063239 -0.061093 0.047630
vn -0.059146 -0.069950 0.040109
vn -0.055225 -0.077381 0.031022
vn -0.051540 -0.083179 0.020613
vn -0.048123 -0.087179 0.009160
vn -0.044979 -0.089262 -0.003029
vn -0.042084 -0.089357 -0.015631
vn -0.039388 -0.087447 -0.028313
vn -0.036817 -0.083571 -0.040747
vn -0.034281 -0.077823 -0.052615
vn -0.031675 -0.070349 -0.063622
vn -0.028887 -0.061345 -0.073500
vn -0.025803 -0.051053 -0.082023
vn -0.022315 -0.039750 -0.089005
vn -0.018326 -0.027749 -0.094309
vn -0.013754 -0.015379 -0.097848
vn -0.008541 -0.002986 -0.099590
vn -0.002655 0.009084 -0.099551
vn 0.003906 0.020490 -0.097800
vn 0.011113 0.030912 -0.094451
vn 0.018902 0.040053 -0.089658
vn 0.027177 0.047652 -0.083610
vn 0.035809 0.053494 -0.076525
vn 0.044642 0.057410 -0.068638
vn 0.053494 0.059286 -0.060196
vn 0.062165 0.059066 -0.051447
vn 0.070438 0.056753 -0.042633
vn 0.078093 0.052409 -0.033981
vn 0.084910 0.046152 -0.025697
vn 0.090674 0.038154 -0.017958
vn 0.095190 0.028635 -0.010905
vn 0.098283 0.017855 -0.004646
vn 0.059250 -0.080284 0.006623
vn 0.047694 -0.087579 0.007423
vn 0.035328 -0.093170 0.008444
vn 0.022447 -0.096950 0.009840
vn 0.009369 -0.098865 0.011744
vn -0.003580 -0.098913 0.014264
vn -0.016071 -0.097140 0.017478
vn -0.027781 -0.093643 0.021426
vn -0.038408 -0.088560 0.026115
vn -0.047671 -0.082065 0.031510
vn -0.055328 -0.074364 0.037535
vn -0.061176 -0.065686 0.044079
vn -0.065059 -0.056275 0.050995
vn -0.066875 -0.046381 0.058107
vn -0.066579 -0.036254 0.065214
vn -0.064180 -0.026133 0.072097
vn -0.059748 -0.016241 0.078526
vn -0.053407 -0.006776 0.084272
vn -0.045333 0.002090 0.089110
vn -0.035751 0.010221 0.092830
vn -0.024927 0.017517 0.095246
vn -0.013159 0.023914 0.096203
vn -0.000772 0.029388 0.095581
vn 0.011894 0.033951 0.093305
vn 0.024493 0.037650 0.089345
vn 0.036680 0.040562 0.083721
vn 0.048128 0.042789 0.076504
vn 0.058526 0.044454 0.067813
vn 0.067599 0.045691 0.057816
vn 0.075109 0.046643 0.046724
vn 0.080860 0.047452 0.034786
vn 0.084707 0.048251 0.022283
vn 0.086559 0.049163 0.009519
vn 0.086377 0.050287 -0.003190
vn 0.084179 0.051702 -0.015519
vn 0.080033 0.053456 -0.027150
vn 0.074060 0.055567 -0.037781
vn 0.066424 0.058020 -0.047132
vn 0.057330 0.060769 -0.054957
vn 0.047016 0.063736 -0.061051
vn 0.035743 0.066814 -0.065256
vn 0.023791 0.069871 -0.067468
vn 0.011446 0.072758 -0.067640
vn -0.001003 0.075310 -0.065783
vn -0.013281 0.077355 -0.061966
vn -0.025124 0.078721 -0.056319
vn -0.036296 0.079243 -0.049022
vn -0.046589 0.078771 -0.040305
vn -0.055831 0.077177 -0.030442
vn -0.063886 0.074357 -0.019738
vn -0.070661 0.070245 -0.008527
vn -0.076104 0.064808 0.002845
vn -0.080204 0.058057 0.014025
vn -0.082989 0.050043 0.024668
vn -0.084522 0.040863 0.034442
vn -0.084899 0.030654 0.043042
vn -0.084240 0.019591 0.050198
vn -0.082687 0.007887 0.055683
vn -0.080395 -0.004216 0.059320
vn -0.077526 -0.016453 0.060984
vn -0.074241 -0.028543 0.060611
vn -0.070694 -0.040197 0.058194
vn -0.067030 -0.051127 0.053787
vn -0.063370 -0.061056 0.047501
vn -0.059819 -0.069724 0.039500
vn -0.056451 -0.076900 0.029996
vn -0.053314 -0.082385 0.019243
vn -0.050426 -0.086026 0.007528
vn -0.047779 -0.087714 -0.004839
vn -0.045333 -0.087393 -0.017532
vn -0.043027 -0.085061 -0.030221
vn -0.040778 -0.080771 -0.042581
vn -0.038486 -0.074633 -0.054302
vn -0.036040 -0.066807 -0.065099
vn -0.033326 -0.057504 -0.074717
vn -0.030229 -0.046975 -0.082943
vn -0.026644 -0.035512 -0.089605
vn -0.022477 -0.023431 -0.094582
vn -0.017654 -0.011070 -0.097805
vn -0.012128 0.001224 -0.099254
vn -0.005876 0.013105 -0.098963
vn 0.001090 0.024236 -0.097013
vn 0.008727 0.034300 -0.093527
vn 0.016957 0.043011 -0.088671
vn 0.025669 0.050119 -0.082639
vn 0.034721 0.055419 -0.075652
vn 0.043942 0.058757 -0.067946
vn 0.053139 0.060036 -0.059765
vn 0.062101 0.059215 -0.051352
vn 0.070605 0.056312 -0.042941
vn 0.078422 0.051405 -0.034748
vn 0.085330 0.044627 -0.026965
vn 0.091115 0.036163 -0.019755
vn 0.095582 0.026242 -0.013245
vn 0.056952 -0.082186 0.001357
vn 0.045213 -0.089166 0.002293
vn 0.032724 -0.094427 0.003547
vn 0.019790 -0.097881 0.005263
vn 0.006734 -0.099486 0.007566
vn -0.006113 -0.099254 0.010551
vn -0.018423 -0.097245 0.014283
vn -0.029874 -0.093566 0.018787
vn -0.040167 -0.088363 0.024052
vn -0.049032 -0.081819 0.030027
vn -0.056232 -0.074142 0.036620
vn -0.061576 -0.065563 0.043702
vn -0.064922 -0.056324 0.051114
vn -0.066183 -0.046672 0.058665
vn -0.065325 -0.036849 0.066142
vn -0.062376 -0.027084 0.073319
vn -0.057419 -0.017589 0.079961
vn -0.050592 -0.008550 0.085834
vn -0.042084 -0.000123 0.090713
vn -0.032132 0.007569 0.094394
vn -0.021010 0.014442 0.096695
vn -0.009025 0.020449 0.097470
vn 0.003495 0.025578 0.096610
vn 0.016207 0.029855 0.094053
vn 0.028766 0.033337 0.089784
vn 0.040832 0.036112 0.083837
vn 0.052081 0.038287 0.076300
vn 0.062214 0.039990 0.067307
vn 0.070964 0.041357 0.057042
vn 0.078104 0.042528 0.045729
vn 0.083453 0.043641 0.033631
vn 0.086881 0.044824 0.021037
vn 0.088310 0.046187 0.008258
vn 0.087716 0.047820 -0.004383
vn 0.085129 0.049788 -0.016560
vn 0.080633 0.052123 -0.027956
vn 0.074357 0.054829 -0.038274
vn 0.066476 0.057875 -0.047239
vn 0.057201 0.061198 -0.054616
vn 0.046774 0.064705 -0.060211
vn 0.035460 0.068277 -0.063882
vn 0.023537 0.071769 -0.065538
vn 0.011289 0.075021 -0.065149
vn -0.001003 0.077861 -0.062743
vn -0.013070 0.080111 -0.058406
vn -0.024660 0.081599 -0.052283
vn -0.035547 0.082158 -0.044570
vn -0.045537 0.081642 -0.035509
vn -0.054470 0.079929 -0.025386
vn -0.062226 0.076924 -0.014513
vn -0.068726 0.072569 -0.003231
vn -0.073930 0.066847 0.008113
vn -0.077840 0.059780 0.019166
vn -0.080493 0.051435 0.029585
vn -0.081962 0.041923 0.039046
vn -0.082350 0.031395 0.047253
vn -0.081780 0.020043 0.053948
vn -0.080395 0.008090 0.058917
vn -0.078350 -0.004210 0.061997
vn -0.075801 -0.016582 0.063081
vn -0.072904 -0.028739 0.062122
vn -0.069805 -0.040387 0.059129
vn -0.066635 -0.051237 0.054172
vn -0.063506 -0.061011 0.047379
vn -0.060506 -0.069455 0.038925
vn -0.057696 -0.076342 0.029035
vn -0.055109 -0.081486 0.017971
vn -0.052749 -0.084742 0.006026
vn -0.050592 -0.086014 -0.006485
vn -0.048585 -0.085261 -0.019236
vn -0.046657 -0.082495 -0.031901
vn -0.044713 -0.077786 -0.044160
vn -0.042647 -0.071257 -0.055711
vn -0.040344 -0.063083 -0.066279
vn -0.037685 -0.053488 -0.075623
vn -0.034558 -0.042737 -0.083542
vn -0.030859 -0.031128 -0.089882
vn -0.026500 -0.018986 -0.094537
vn -0.021417 -0.006654 -0.097453
vn -0.015569 0.005521 -0.098626
vn -0.008949 0.017193 -0.098104
vn -0.001580 0.028028 -0.095979
vn 0.006481 0.037718 -0.092387
vn 0.015140 0.045984 -0.087500
vn 0.024273 0.052588 -0.081519
vn 0.033724 0.057339 -0.074666
vn 0.043308 0.060097 -0.067177
vn 0.052823 0.060779 -0.059293
vn 0.062045 0.059362 -0.051249
vn 0.070746 0.055880 -0.043271
vn 0.078693 0.050424 -0.035564
vn 0.085660 0.043142 -0.028305
vn 0.091432 0.034232 -0.021643
vn 0.054413 -0.083810 -0.003893
vn 0.042505 -0.090474 -0.002800
vn 0.029912 -0.095413 -0.001298
vn 0.016947 -0.098551 0.000753
vn 0.003937 -0.099862 0.003465
vn -0.008784 -0.099373 0.006923
vn -0.020887 -0.097154 0.011174
vn -0.032055 -0.093322 0.016231
vn -0.041992 -0.088033 0.022064
vn -0.050435 -0.081474 0.028605
vn -0.057159 -0.073858 0.035747
vn -0.061985 -0.065414 0.043346
vn -0.064783 -0.056383 0.051226
vn -0.065480 -0.047005 0.059185
vn -0.064059 -0.037516 0.067000
vn -0.060560 -0.028134 0.074437
vn -0.055083 -0.019060 0.081256
vn -0.047779 -0.010466 0.087222
vn -0.038850 -0.002493 0.092111
vn -0.028543 0.004752 0.095722
vn -0.017141 0.011200 0.097881
vn -0.004957 0.016816 0.098451
vn 0.007676 0.021606 0.097336
vn 0.020416 0.025607 0.094485
vn 0.032918 0.028887 0.089900
vn 0.044847 0.031540 0.083630
vn 0.055885 0.033683 0.075778
vn 0.065743 0.035443 0.066495
vn 0.074164 0.036960 0.055979
vn 0.080934 0.038370 0.044469
vn 0.085886 0.039806 0.032235
vn 0.088903 0.041386 0.019580
vn 0.089923 0.043213 0.006820
vn 0.088935 0.045364 -0.005718
vn 0.085983 0.047889 -0.017708
vn 0.081162 0.050806 -0.028835
vn 0.074613 0.054102 -0.038804
vn 0.066519 0.057732 -0.047353
vn 0.057097 0.061616 -0.054254
vn 0.046593 0.065647 -0.059327
vn 0.035271 0.069691 -0.062442
vn 0.023410 0.073595 -0.063528
vn 0.011289 0.077187 -0.062568
vn -0.000818 0.080288 -0.059609
vn -0.012650 0.082717 -0.054753
vn -0.023966 0.084299 -0.048159
vn -0.034553 0.084870 -0.040039
vn -0.044229 0.084288 -0.030648
vn -0.052848 0.082437 -0.020280
vn -0.060306 0.079231 -0.009257
vn -0.066535 0.074624 0.002078
vn -0.071510 0.068611 0.013374
vn -0.075244 0.061228 0.024280
vn -0.077784 0.052557 0.034458
vn -0.079211 0.042724 0.043592
vn -0.079633 0.031894 0.051395
vn -0.079176 0.020273 0.057620
vn -0.077986 0.008097 0.062070
vn -0.076212 -0.004371 0.064596
vn -0.074008 -0.016846 0.065108
vn -0.071521 -0.029035 0.063574
vn -0.068889 -0.040640 0.060023
vn -0.066230 -0.051372 0.054539
vn -0.063644 -0.060957 0.047263
vn -0.061204 -0.069142 0.038386
vn -0.058957 -0.075711 0.028141
vn -0.056920 -0.080485 0.016800
vn -0.055083 -0.083332 0.004661
vn -0.053407 -0.084168 -0.007960
vn -0.051829 -0.082968 -0.020738
vn -0.050263 -0.079759 -0.033348
vn -0.048608 -0.074626 -0.045478
vn -0.046750 -0.067706 -0.056836
vn -0.044570 -0.059191 -0.067157
vn -0.041948 -0.049314 -0.076213
vn -0.038773 -0.038353 -0.083820
vn -0.034944 -0.026615 -0.089836
vn -0.030381 -0.014431 -0.094174
vn -0.025027 -0.002147 -0.096794
vn -0.018853 0.009889 -0.097708
vn -0.011863 0.021331 -0.096975
vn -0.004094 0.031853 -0.094703
vn 0.004381 0.041152 -0.091035
vn 0.013457 0.048960 -0.086150
vn 0.022994 0.055051 -0.080254
vn 0.032821 0.059246 -0.073571
vn 0.042744 0.061422 -0.066335
vn 0.052546 0.061512 -0.058781
vn 0.061998 0.059507 -0.051139
vn 0.070863 0.055456 -0.043623
vn 0.078905 0.049468 -0.036426
vn 0.085895 0.041703 -0.029713
vn 0.091622 0.032370 -0.023614
vn 0.051642 -0.085148 -0.009105
vn 0.039581 -0.091498 -0.007839
vn 0.026903 -0.096122 -0.006071
vn 0.013928 -0.098957 -0.003673
vn 0.000987 -0.099994 -0.000542
vn -0.011584 -0.099269 0.003392
vn -0.023456 -0.096867 0.008163
vn -0.034315 -0.092914 0.013767
vn -0.043874 -0.087571 0.020158
vn -0.051876 -0.081032 0.027250
vn -0.058108 -0.073512 0.034921
vn -0.062402 -0.065239 0.043011
vn -0.064642 -0.056450 0.051331
vn -0.064770 -0.047379 0.059666
vn -0.062784 -0.038254 0.067785
vn -0.058739 -0.029282 0.075447
vn -0.052749 -0.020650 0.082408
vn -0.044979 -0.012517 0.088432
vn -0.035643 -0.005010 0.093298
vn -0.024998 0.001781 0.096809
vn -0.013335 0.007800 0.098800
vn -0.000971 0.013030 0.099143
vn 0.011757 0.017488 0.097755
vn 0.024505 0.021224 0.094599
vn 0.036933 0.024315 0.089692
vn 0.048710 0.026865 0.083100
vn 0.059526 0.028993 0.074941
vn 0.069100 0.030831 0.065381
vn 0.077188 0.032517 0.054632
vn 0.083589 0.034184 0.042946
vn 0.088149 0.035959 0.030605
vn 0.090767 0.037952 0.017919
vn 0.091392 0.040254 0.005211
vn 0.090030 0.042929 -0.007191
vn 0.086737 0.046013 -0.018958
vn 0.081620 0.049510 -0.029782
vn 0.074829 0.053390 -0.039372
vn 0.066554 0.057592 -0.047474
vn 0.057018 0.062022 -0.053872
vn 0.046471 0.066557 -0.058400
vn 0.035177 0.071053 -0.060943
vn 0.023410 0.075342 -0.061445
vn 0.011446 0.079247 -0.059907
vn -0.000448 0.082582 -0.056392
vn -0.012022 0.085162 -0.051019
vn -0.023045 0.086812 -0.043962
vn -0.033317 0.087370 -0.035446
vn -0.042669 0.086700 -0.025739
vn -0.050972 0.084691 -0.015143
vn -0.058132 0.081270 -0.003989
vn -0.064097 0.076401 0.007379
vn -0.068854 0.070092 0.018607
vn -0.072426 0.062395 0.029348
vn -0.074872 0.053405 0.039270
vn -0.076278 0.043262 0.048062
vn -0.076758 0.032148 0.055451
vn -0.076440 0.020280 0.061202
vn -0.075468 0.007907 0.065131
vn -0.073990 -0.004697 0.067107
vn -0.072154 -0.017242 0.067056
vn -0.070098 -0.029428 0.064963
vn -0.067950 -0.040955 0.060873
vn -0.065817 -0.051535 0.054885
vn -0.063784 -0.060894 0.047155
vn -0.061910 -0.068788 0.037885
vn -0.060228 -0.075008 0.027319
vn -0.058739 -0.079386 0.015735
vn -0.057419 -0.081800 0.003436
vn -0.056214 -0.082184 -0.009260
vn -0.055050 -0.080524 -0.022031
vn -0.053832 -0.076864 -0.034556
vn -0.052448 -0.071303 -0.046531
vn -0.050779 -0.063996 -0.057672
vn -0.048703 -0.055144 -0.067729
vn -0.046099 -0.044997 -0.076486
vn -0.042858 -0.033840 -0.083774
vn -0.038884 -0.021989 -0.089468
vn -0.034104 -0.009782 -0.093494
vn -0.028471 0.002435 -0.095830
vn -0.021967 0.014311 -0.096502
vn -0.014607 0.025505 -0.095583
vn -0.006444 0.035696 -0.093189
vn 0.002438 0.044590 -0.089475
vn 0.011915 0.051928 -0.084626
vn 0.021836 0.057497 -0.078850
vn 0.032016 0.061134 -0.072371
vn 0.042250 0.062729 -0.065422
vn 0.052310 0.062231 -0.058232
vn 0.061959 0.059648 -0.051022
vn 0.070955 0.055044 -0.043995
vn 0.079057 0.048542 -0.037332
vn 0.086037 0.040314 -0.031183
vn 0.048649 -0.086197 -0.014261
vn 0.036451 -0.092236 -0.012803
vn 0.023707 -0.096552 -0.010756
vn 0.010743 -0.099099 -0.007999
vn -0.002105 -0.099879 -0.004442
vn -0.014502 -0.098943 -0.000028
vn -0.026119 -0.096385 0.005261
vn -0.036648 -0.092341 0.011404
vn -0.045807 -0.086979 0.018340
vn -0.053350 -0.080495 0.025966
vn -0.059074 -0.073106 0.034144
vn -0.062824 -0.065038 0.042698
vn -0.064500 -0.056525 0.051427
vn -0.064055 -0.047793 0.060106
vn -0.061505 -0.039059 0.068494
vn -0.056920 -0.030521 0.076345
vn -0.050426 -0.022352 0.083412
vn -0.042203 -0.014696 0.089459
vn -0.032475 -0.007665 0.094269
vn -0.021510 -0.001334 0.097650
vn -0.009604 0.004257 0.099447
vn 0.002919 0.009104 0.099542
vn 0.015721 0.013239 0.097865
vn 0.028459 0.016721 0.094395
vn 0.040796 0.019640 0.089163
vn 0.052406 0.022103 0.082250
vn 0.062988 0.024235 0.073791
vn 0.072272 0.026171 0.063968
vn 0.080025 0.028044 0.053005
vn 0.086059 0.029986 0.041167
vn 0.090235 0.032115 0.028747
vn 0.092464 0.034533 0.016060
vn 0.092712 0.037318 0.003436
vn 0.090998 0.040523 -0.008795
vn 0.087389 0.044167 -0.020308
vn 0.082004 0.048240 -0.030794
vn 0.075002 0.052696 -0.039974
vn 0.066580 0.057457 -0.047601
vn 0.056966 0.062414 -0.053473
vn 0.046410 0.067434 -0.057435
vn 0.035177 0.072356 -0.059391
vn 0.023537 0.077005 -0.059298
vn 0.011760 0.081195 -0.057176
vn 0.000105 0.084734 -0.053104
vn -0.011187 0.087437 -0.047218
vn -0.021900 0.089128 -0.039707
vn -0.031843 0.089649 -0.030808
vn -0.040865 0.088867 -0.020800
vn -0.048847 0.086684 -0.009995
vn -0.055712 0.083033 0.001272
vn -0.061420 0.077894 0.012652
vn -0.065971 0.071286 0.023794
vn -0.069398 0.063276 0.034352
vn -0.071768 0.053975 0.044001
vn -0.073175 0.043537 0.052440
vn -0.073735 0.032157 0.059406
vn -0.073580 0.020065 0.064679
vn -0.072851 0.007523 0.068089
vn -0.071693 -0.005188 0.069522
vn -0.070245 -0.017769 0.068919
vn -0.068640 -0.029917 0.066284
vn -0.066992 -0.041331 0.061675
vn -0.065397 -0.051723 0.055209
vn -0.063926 -0.060823 0.047054
vn -0.062623 -0.068394 0.037424
vn -0.061505 -0.074236 0.026572
vn -0.060560 -0.078192 0.014781
vn -0.059748 -0.080154 0.002358
vn -0.059004 -0.080068 -0.010379
vn -0.058239 -0.077937 -0.023110
vn -0.057350 -0.073819 -0.035520
vn -0.056218 -0.067830 -0.047314
vn -0.054719 -0.060138 -0.058218
vn -0.052727 -0.050958 -0.067994
vn -0.050122 -0.040552 -0.076441
vn -0.046798 -0.029214 -0.083405
vn -0.042665 -0.017269 -0.088778
vn -0.037657 -0.005056 -0.092501
vn -0.031737 0.007073 -0.094566
vn -0.024899 0.018771 -0.095014
vn -0.017171 0.029699 -0.093931
vn -0.008619 0.039544 -0.091444
vn 0.000657 0.048018 -0.087714
vn 0.010520 0.054877 -0.082933
vn 0.020804 0.059919 -0.077310
vn 0.031313 0.062996 -0.071070
vn 0.041829 0.064013 -0.064441
vn 0.052116 0.062935 -0.057647
vn 0.061929 0.059785 -0.050897
vn 0.071020 0.054644 -0.044386
vn 0.079148 0.047648 -0.038279
vn 0.045446 -0.086951 -0.019342
vn 0.033127 -0.092683 -0.017676
vn 0.020337 -0.096702 -0.015335
vn 0.007406 -0.098975 -0.012209
vn -0.005328 -0.099519 -0.008220
vn -0.017526 -0.098396 -0.003325
vn -0.028866 -0.095711 0.002478
vn -0.039043 -0.091607 0.009152
vn -0.047784 -0.086259 0.016618
vn -0.054851 -0.079864 0.024759
vn -0.060054 -0.072641 0.033418
vn -0.063251 -0.064813 0.042409
vn -0.064356 -0.056608 0.051515
vn -0.063339 -0.048244 0.060503
vn -0.060228 -0.039929 0.069125
vn -0.055109 -0.031848 0.077128
vn -0.048123 -0.024160 0.084264
vn -0.039461 -0.016995 0.090300
vn -0.029358 -0.010448 0.095021
vn -0.018091 -0.004581 0.098243
vn -0.005964 0.000583 0.099820
vn 0.006698 0.005054 0.099647
vn 0.019554 0.008874 0.097667
vn 0.032263 0.012117 0.093874
vn 0.044492 0.014878 0.088313
vn 0.055922 0.017272 0.081083
vn 0.066260 0.019428 0.072333
vn 0.075248 0.021479 0.062261
vn 0.082664 0.023558 0.051104
vn 0.088335 0.025791 0.039138
vn 0.092134 0.028288 0.026666
vn 0.093989 0.031142 0.014010
vn 0.093878 0.034418 0.001502
vn 0.091834 0.038155 -0.010525
vn 0.087936 0.042358 -0.021750
vn 0.082313 0.047000 -0.031868
vn 0.075132 0.052020 -0.040608
vn 0.066597 0.057325 -0.047734
vn 0.056940 0.062792 -0.053056
vn 0.046410 0.068272 -0.056436
vn 0.035271 0.073595 -0.057790
vn 0.023791 0.078576 -0.057094
vn 0.012230 0.083022 -0.054385
vn 0.000839 0.086737 -0.049759
vn -0.010151 0.089534 -0.043365
vn -0.020535 0.091239 -0.035410
vn -0.030139 0.091697 -0.026142
vn -0.038822 0.090783 -0.015850
vn -0.046483 0.088407 -0.004855
vn -0.053056 0.084515 0.006505
vn -0.058515 0.079097 0.017878
vn -0.062872 0.072188 0.028914
vn -0.066169 0.063869 0.039273
vn -0.068483 0.054265 0.048635
vn -0.069912 0.043546 0.056710
vn -0.070576 0.031919 0.063247
vn -0.070607 0.019629 0.068039
vn -0.070145 0.006945 0.070933
vn -0.069327 -0.005841 0.071830
vn -0.068289 -0.018426 0.070690
vn -0.067152 -0.030502 0.067530
vn -0.066018 -0.041767 0.062427
vn -0.064972 -0.051935 0.055510
vn -0.064069 -0.060744 0.046962
vn -0.063339 -0.067962 0.037005
vn -0.062784 -0.073398 0.025902
vn -0.062376 -0.076908 0.013940
vn -0.062062 -0.078398 0.001430
vn -0.061764 -0.077828 -0.011314
vn -0.061383 -0.075216 -0.023972
vn -0.060805 -0.070637 -0.036238
vn -0.059905 -0.064220 -0.047824
vn -0.058555 -0.056148 -0.058470
vn -0.056627 -0.046650 -0.067950
vn -0.054003 -0.035997 -0.076078
vn -0.050579 -0.024494 -0.082715
vn -0.046273 -0.012470 -0.087768
vn -0.041026 -0.000271 -0.091196
vn -0.034813 0.011752 -0.093005
vn -0.027638 0.023252 -0.093250
vn -0.019545 0.033898 -0.092027
vn -0.010612 0.043381 -0.089473
vn -0.000955 0.051425 -0.085759
vn 0.009276 0.057796 -0.081077
vn 0.019902 0.062307 -0.075642
vn 0.030714 0.064824 -0.069674
vn 0.041482 0.065269 -0.063398
vn 0.051964 0.063621 -0.057028
vn 0.061907 0.059919 -0.050767
vn 0.071060 0.054259 -0.044794
vn 0.042045 -0.087409 -0.024328
vn 0.029622 -0.092839 -0.022438
vn 0.016804 -0.096571 -0.019790
vn 0.003927 -0.098587 -0.016286
vn -0.008668 -0.098915 -0.011861
vn -0.020647 -0.097630 -0.006486
vn -0.031688 -0.094846 -0.000175
vn -0.041493 -0.090714 0.007018
vn -0.049797 -0.085413 0.014998
vn -0.056374 -0.079143 0.023632
vn -0.061044 -0.072119 0.032747
vn -0.063681 -0.064565 0.042144
vn -0.064212 -0.056698 0.051595
vn -0.062623 -0.048732 0.060857
vn -0.058957 -0.040861 0.069674
vn -0.053314 -0.033257 0.077792
vn -0.045848 -0.026067 0.084962
vn -0.036762 -0.019404 0.090951
vn -0.026304 -0.013350 0.095550
vn -0.014755 -0.007948 0.098586
vn -0.002427 -0.003208 0.099919
vn 0.010352 0.000893 0.099459
vn 0.023241 0.004410 0.097162
vn 0.035903 0.007427 0.093037
vn 0.048008 0.010047 0.087145
vn 0.059244 0.012391 0.079603
vn 0.069330 0.014588 0.070573
vn 0.078016 0.016773 0.060267
vn 0.085096 0.019076 0.048937
vn 0.090408 0.021615 0.036868
vn 0.093841 0.024493 0.024371
vn 0.095336 0.027792 0.011776
vn 0.094886 0.031564 -0.000584
vn 0.092535 0.035834 -0.012375
vn 0.088376 0.040592 -0.023280
vn 0.082545 0.045796 -0.033000
vn 0.075219 0.051367 -0.041273
vn 0.066606 0.057199 -0.047873
vn 0.056940 0.063154 -0.052625
vn 0.046471 0.069070 -0.055405
vn 0.035460 0.074767 -0.056146
vn 0.024170 0.080051 -0.054842
vn 0.012854 0.084723 -0.051545
vn 0.001752 0.088584 -0.046367
vn -0.008915 0.091446 -0.039475
vn -0.018955 0.093136 -0.031087
vn -0.028208 0.093507 -0.021465
vn -0.036549 0.092440 -0.010907
vn -0.043887 0.089855 0.000259
vn -0.050173 0.085709 0.011691
vn -0.055392 0.080006 0.023038
vn -0.059568 0.072795 0.033950
vn -0.062753 0.064171 0.044092
vn -0.065030 0.054275 0.053154
vn -0.066503 0.043290 0.060855
vn -0.067293 0.031437 0.066958
vn -0.067533 0.018972 0.071269
vn -0.067359 0.006175 0.073652
vn -0.066904 -0.006655 0.074024
vn -0.066294 -0.019210 0.072361
vn -0.065639 -0.031178 0.068698
vn -0.065033 -0.042260 0.063125
vn -0.064543 -0.052172 0.055788
vn -0.064212 -0.060657 0.046878
vn -0.064055 -0.067492 0.036630
vn -0.064059 -0.072497 0.025311
vn -0.064180 -0.075540 0.013217
vn -0.064353 -0.076540 0.000654
vn -0.064486 -0.075473 -0.012060
vn -0.064470 -0.072373 -0.024613
vn -0.064184 -0.067329 -0.036706
vn -0.063495 -0.060486 -0.048061
vn -0.062273 -0.052040 -0.058429
vn -0.060389 -0.042233 -0.067598
vn -0.057727 -0.031347 -0.075399
vn -0.054187 -0.019695 -0.081706
vn -0.049694 -0.007612 -0.086444
vn -0.044199 0.004555 -0.089586
vn -0.037686 0.016453 -0.091154
vn -0.030175 0.027738 -0.091214
vn -0.021720 0.038085 -0.089876
vn -0.012416 0.047193 -0.087285
vn -0.002392 0.054797 -0.083616
vn 0.008189 0.060674 -0.079067
vn 0.019133 0.064653 -0.073851
vn 0.030220 0.066613 -0.068187
vn 0.041211 0.066491 -0.062294
vn 0.051855 0.064285 -0.056378
vn 0.061894 0.060047 -0.050631
vn 0.038458 -0.087569 -0.029201
vn 0.025948 -0.092703 -0.027071
vn 0.013123 -0.096160 -0.024106
vn 0.000321 -0.097935 -0.020216
vn -0.012115 -0.098069 -0.015352
vn -0.023852 -0.096648 -0.009499
vn -0.034573 -0.093795 -0.002688
vn -0.043988 -0.089666 0.005011
vn -0.051839 -0.084444 0.013487
vn -0.057912 -0.078332 0.022590
vn -0.062041 -0.071543 0.032134
vn -0.064112 -0.064293 0.041905
vn -0.064069 -0.056796 0.051666
vn -0.061910 -0.049254 0.061165
vn -0.057696 -0.041850 0.070141
vn -0.051540 -0.034744 0.078336
vn -0.043609 -0.028066 0.085502
vn -0.034118 -0.021916 0.091409
vn -0.023323 -0.016358 0.095856
vn -0.011514 -0.011422 0.098676
vn 0.000993 -0.007103 0.099743
vn 0.013868 -0.003363 0.098977
vn 0.026770 -0.000136 0.096350
vn 0.039366 0.002670 0.091887
vn 0.051330 0.005166 0.085665
vn 0.062361 0.007477 0.077815
vn 0.072186 0.009735 0.068516
vn 0.080567 0.012072 0.057993
vn 0.087311 0.014614 0.046511
vn 0.092270 0.017473 0.034364
vn 0.095348 0.020744 0.021871
vn 0.096500 0.024495 0.009367
vn 0.095732 0.028767 -0.002814
vn 0.093100 0.033569 -0.014338
vn 0.088707 0.038877 -0.024892
vn 0.082701 0.044631 -0.034185
vn 0.075263 0.050739 -0.041964
vn 0.066606 0.057079 -0.048017
vn 0.056966 0.063498 -0.052181
vn 0.046593 0.069825 -0.054347
vn 0.035743 0.075867 -0.054467
vn 0.024673 0.081424 -0.052550
vn 0.013629 0.086290 -0.048665
vn 0.002840 0.090266 -0.042941
vn -0.007485 0.093163 -0.035560
vn -0.017167 0.094813 -0.026754
vn -0.026060 0.095073 -0.016795
vn -0.034053 0.093832 -0.005990
vn -0.041069 0.091022 0.005328
vn -0.047073 0.086611 0.016812
vn -0.052063 0.080617 0.028112
vn -0.056072 0.073104 0.038882
vn -0.059162 0.064181 0.048792
vn -0.061421 0.054003 0.057542
vn -0.062959 0.042769 0.064861
vn -0.063898 0.030712 0.070525
vn -0.064369 0.018098 0.074358
vn -0.064504 0.005216 0.076237
vn -0.064431 -0.007626 0.076096
vn -0.064265 -0.020117 0.073927
vn -0.064108 -0.031945 0.069783
vn -0.064039 -0.042810 0.063768
vn -0.064112 -0.052433 0.056040
vn -0.064356 -0.060563 0.046802
vn -0.064770 -0.066987 0.036299
vn -0.065325 -0.071536 0.024803
vn -0.065966 -0.074091 0.012612
vn -0.066611 -0.074586 0.000035
vn -0.067158 -0.073011 -0.012615
vn -0.067489 -0.069417 -0.025031
vn -0.067474 -0.063907 -0.036922
vn -0.066975 -0.056641 -0.048022
vn -0.065860 -0.047830 -0.058093
vn -0.063999 -0.037726 -0.066939
vn -0.061280 -0.026622 -0.074405
vn -0.057608 -0.014837 -0.080382
vn -0.052915 -0.002712 -0.084809
vn -0.047163 0.009404 -0.087677
vn -0.040347 0.021158 -0.089019
vn -0.032499 0.032213 -0.088917
vn -0.023689 0.042246 -0.087488
vn -0.014024 0.050967 -0.084886
vn -0.003648 0.058122 -0.081293
vn 0.007262 0.063501 -0.076908
vn 0.018499 0.066947 -0.071944
vn 0.029834 0.068354 -0.066616
vn 0.041017 0.067677 -0.061135
vn 0.051789 0.064926 -0.055700
vn 0.034698 -0.087430 -0.033942
vn 0.022119 -0.092275 -0.031560
vn 0.009306 -0.095470 -0.028265
vn -0.003399 -0.097022 -0.023984
vn -0.015654 -0.096985 -0.018680
vn -0.027129 -0.095454 -0.012354
vn -0.037511 -0.092560 -0.005053
vn -0.046518 -0.088466 0.003138
vn -0.053902 -0.083357 0.012089
vn -0.059460 -0.077436 0.021636
vn -0.063041 -0.070913 0.031579
vn -0.064543 -0.064000 0.041692
vn -0.063926 -0.056901 0.051728
vn -0.061204 -0.049809 0.061426
vn -0.056451 -0.042894 0.070523
vn -0.049795 -0.036302 0.078757
vn -0.041415 -0.030150 0.085882
vn -0.031538 -0.024520 0.091674
vn -0.020428 -0.019462 0.095937
vn -0.008381 -0.014990 0.098514
vn 0.004283 -0.011085 0.099291
vn 0.017232 -0.007697 0.098203
vn 0.030127 -0.004748 0.095236
vn 0.042638 -0.002138 0.090429
vn 0.054447 0.000251 0.083878
vn 0.065261 0.002548 0.075727
vn 0.074817 0.004885 0.066171
vn 0.082891 0.007391 0.055448
vn 0.089301 0.010189 0.043835
vn 0.093916 0.013382 0.031635
vn 0.096651 0.017054 0.019175
vn 0.097477 0.021264 0.006791
vn 0.096412 0.026037 -0.005179
vn 0.093525 0.031368 -0.016406
vn 0.088929 0.037217 -0.026580
vn 0.082779 0.043510 -0.035420
vn 0.075263 0.050138 -0.042681
vn 0.066597 0.056964 -0.048166
vn 0.057018 0.063824 -0.051725
vn 0.046774 0.070533 -0.053266
vn 0.036118 0.076890 -0.052758
vn 0.025298 0.082688 -0.050226
vn 0.014552 0.087718 -0.045757
vn 0.004099 0.091779 -0.039495
vn -0.005866 0.094682 -0.031637
vn -0.015177 0.096264 -0.022427
vn -0.023702 0.096388 -0.012149
vn -0.031344 0.094954 -0.001117
vn -0.038041 0.091903 0.010332
vn -0.043770 0.087217 0.021848
vn -0.048541 0.080928 0.033081
vn -0.052397 0.073114 0.043691
vn -0.055409 0.063899 0.053356
vn -0.057671 0.053452 0.061781
vn -0.059294 0.041986 0.068712
vn -0.060403 0.029746 0.073936
vn -0.061126 0.017009 0.077293
vn -0.061591 0.004073 0.078676
vn -0.061917 -0.008751 0.078037
vn -0.062212 -0.021145 0.075383
vn -0.062564 -0.032799 0.070781
vn -0.063041 -0.043413 0.064352
vn -0.063681 -0.052715 0.056265
vn -0.064500 -0.060461 0.046736
vn -0.065480 -0.066448 0.036014
vn -0.066579 -0.070519 0.024379
vn -0.067726 -0.072568 0.012130
vn -0.068828 -0.072543 -0.000425
vn -0.069772 -0.070452 -0.012977
vn -0.070429 -0.066359 -0.025224
vn -0.070662 -0.060384 -0.036887
vn -0.070332 -0.052701 -0.047708
vn -0.069301 -0.043533 -0.057465
vn -0.067444 -0.033145 -0.065976
vn -0.064649 -0.021837 -0.073100
vn -0.060829 -0.009937 -0.078747
vn -0.055925 0.002212 -0.082871
vn -0.049908 0.014258 -0.085475
vn -0.042785 0.025852 -0.086609
vn -0.034603 0.036658 -0.086364
vn -0.025444 0.046364 -0.084870
vn -0.015430 0.054688 -0.082287
vn -0.004719 0.061387 -0.078799
vn 0.006499 0.066266 -0.074610
vn 0.018004 0.069181 -0.069928
vn 0.029557 0.070042 -0.064965
vn 0.040900 0.068820 -0.059925
vn 0.030780 -0.086992 -0.038535
vn 0.018150 -0.091558 -0.035886
vn 0.005368 -0.094503 -0.032254
vn -0.007220 -0.095851 -0.027577
vn -0.019274 -0.095665 -0.021833
vn -0.030467 -0.094051 -0.015039
vn -0.040492 -0.091147 -0.007259
vn -0.049074 -0.087119 0.001406
vn -0.055978 -0.082156 0.010811
vn -0.061013 -0.076458 0.020775
vn -0.064039 -0.070233 0.031086
vn -0.064972 -0.063686 0.041507
vn -0.063784 -0.057013 0.051780
vn -0.060506 -0.050394 0.061640
vn -0.055225 -0.043988 0.070818
vn -0.048084 -0.037927 0.079054
vn -0.039274 -0.032310 0.086102
vn -0.029031 -0.027207 0.091744
vn -0.017627 -0.022650 0.095793
vn -0.005366 -0.018640 0.098101
vn 0.007432 -0.015142 0.098567
vn 0.020432 -0.012094 0.097140
vn 0.033299 -0.009409 0.093822
vn 0.045708 -0.006977 0.088669
vn 0.057347 -0.004677 0.081789
vn 0.067933 -0.002377 0.073345
vn 0.077214 0.000057 0.063546
vn 0.084978 0.002749 0.052642
vn 0.091059 0.005817 0.040920
vn 0.095337 0.009355 0.028693
vn 0.097744 0.013438 0.016292
vn 0.098263 0.018110 0.004059
vn 0.096924 0.023385 -0.007671
vn 0.093809 0.029240 -0.018571
vn 0.089040 0.035621 -0.028338
vn 0.082779 0.042437 -0.036698
vn 0.075219 0.049566 -0.043420
vn 0.066580 0.056855 -0.048318
vn 0.057097 0.064129 -0.051258
vn 0.047016 0.071191 -0.052166
vn 0.036585 0.077833 -0.051025
vn 0.026044 0.083841 -0.047879
vn 0.015621 0.089003 -0.042831
vn 0.005525 0.093115 -0.036042
vn -0.004064 0.095995 -0.027720
vn -0.012993 0.097482 -0.018123
vn -0.021143 0.097448 -0.007545
vn -0.028432 0.095802 0.003694
vn -0.034813 0.092496 0.015252
vn -0.040274 0.087526 0.026779
vn -0.044838 0.080939 0.037928
vn -0.048556 0.072825 0.048361
vn -0.051508 0.063326 0.057765
vn -0.053792 0.052624 0.065857
vn -0.055522 0.040944 0.072394
vn -0.056822 0.028544 0.077178
vn -0.057817 0.015710 0.080065
vn -0.058630 0.002748 0.080963
vn -0.059372 -0.010025 0.079840
vn -0.060141 -0.022290 0.076722
vn -0.061013 -0.033736 0.071689
vn -0.062041 -0.044069 0.064876
vn -0.063251 -0.053019 0.056464
vn -0.064642 -0.060353 0.046679
vn -0.066183 -0.065878 0.035776
vn -0.067815 -0.069449 0.024040
vn -0.069455 -0.070975 0.011771
vn -0.070997 -0.070420 -0.000726
vn -0.072317 -0.067805 -0.013144
vn -0.073278 -0.063211 -0.025193
vn -0.073738 -0.056773 -0.036599
vn -0.073553 -0.048679 -0.047120
vn -0.072585 -0.039165 -0.056547
vn -0.070710 -0.028506 -0.064711
vn -0.067821 -0.017011 -0.071491
vn -0.063839 -0.005013 -0.076808
vn -0.058712 0.007141 -0.080635
vn -0.052423 0.019099 -0.082988
vn -0.044992 0.030515 -0.083932
vn -0.036478 0.041059 -0.083568
vn -0.026978 0.050425 -0.082034
vn -0.016629 0.058342 -0.079496
vn -0.005601 0.064581 -0.076144
vn 0.005902 0.068959 -0.072180
vn 0.017650 0.071346 -0.067810
vn 0.029391 0.071671 -0.063241
vn 0.026322 -0.077285 -0.057743
vn 0.013822 -0.082306 -0.055088
vn 0.001168 -0.085856 -0.051259
vn -0.011293 -0.087962 -0.046208
vn -0.023219 -0.088693 -0.039931
vn -0.034279 -0.088152 -0.032467
vn -0.044168 -0.086476 -0.023897
vn -0.052610 -0.083823 -0.014350
vn -0.059372 -0.080368 -0.003991
vn -0.064265 -0.076298 0.006974
vn -0.067152 -0.071801 0.018312
vn -0.067950 -0.067060 0.029763
vn -0.066635 -0.062247 0.041051
vn -0.063239 -0.057515 0.051894
vn -0.057851 -0.052993 0.062008
vn -0.050614 -0.048785 0.071122
vn -0.041718 -0.044960 0.078982
vn -0.031397 -0.041558 0.085365
vn -0.019920 -0.038582 0.090081
vn -0.007586 -0.036006 0.092984
vn 0.005290 -0.033773 0.093975
vn 0.018382 -0.031799 0.093010
vn 0.031364 -0.029978 0.090098
vn 0.043918 -0.028188 0.085303
vn 0.055745 -0.026297 0.078746
vn 0.066570 -0.024169 0.070600
vn 0.076153 -0.021670 0.061083
vn 0.084292 -0.018679 0.050457
vn 0.090828 -0.015089 0.039020
vn 0.095651 -0.010816 0.027091
vn 0.098696 -0.005804 0.015012
vn 0.099951 -0.000028 0.003125
vn 0.099449 0.006502 -0.008227
vn 0.097267 0.013740 -0.018718
vn 0.093525 0.021604 -0.028043
vn 0.088376 0.029975 -0.035933
vn 0.082004 0.038703 -0.042160
vn 0.074613 0.047610 -0.046542
vn 0.066424 0.056491 -0.048954
vn 0.057663 0.065128 -0.049328
vn 0.048557 0.073288 -0.047656
vn 0.039322 0.080739 -0.043989
vn 0.030163 0.087251 -0.038439
vn 0.021261 0.092608 -0.031172
vn 0.012774 0.096617 -0.022405
vn 0.004829 0.099111 -0.012398
vn -0.002480 0.099959 -0.001449
vn -0.009093 0.099070 0.010119
vn -0.014981 0.096400 0.021966
vn -0.020151 0.091953 0.033744
vn -0.024638 0.085780 0.045109
vn -0.032786 0.079168 0.051551
vn -0.028504 0.077985 0.055730
vn -0.036187 0.070183 0.061359
vn -0.031832 0.068721 0.065301
vn -0.039066 0.059888 0.069909
vn -0.034724 0.058183 0.073546
vn -0.041533 0.048508 0.076955
vn -0.037289 0.046609 0.080232
vn -0.043703 0.036303 0.082293
vn -0.039644 0.034271 0.085169
vn -0.045693 0.023564 0.085772
vn -0.041902 0.021468 0.088223
vn -0.047617 0.010603 0.087294
vn -0.044168 0.008518 0.089312
vn -0.049574 -0.002259 0.086818
vn -0.046534 -0.004252 0.088411
vn -0.051648 -0.014694 0.084360
vn -0.049074 -0.016513 0.085551
vn -0.053902 -0.026381 0.079992
vn -0.051839 -0.027946 0.080819
vn -0.056374 -0.037016 0.073837
vn -0.054851 -0.038251 0.074352
vn -0.059074 -0.046319 0.066066
vn -0.058108 -0.047156 0.066331
vn -0.061985 -0.054047 0.056893
vn -0.061576 -0.054423 0.056978
vn -0.065059 -0.059992 0.046564
vn -0.065192 -0.059862 0.046546
vn -0.068221 -0.064001 0.035353
vn -0.068869 -0.063327 0.035310
vn -0.071371 -0.065968 0.023548
vn -0.072491 -0.064730 0.023560
vn -0.074386 -0.065846 0.011446
vn -0.075925 -0.064039 0.011590
vn 0.021887 -0.075668 -0.061606
vn 0.009341 -0.080423 -0.058694
vn -0.003274 -0.083749 -0.054547
vn -0.015609 -0.085688 -0.049132
vn -0.027323 -0.086317 -0.042459
vn -0.038092 -0.085750 -0.034582
vn -0.047617 -0.084127 -0.025600
vn -0.055633 -0.081608 -0.015656
vn -0.061917 -0.078371 -0.004933
vn -0.066294 -0.074598 0.006352
vn -0.068640 -0.070472 0.017953
vn -0.068889 -0.066168 0.029600
vn -0.067030 -0.061848 0.041011
vn -0.063111 -0.057652 0.051897
vn -0.057234 -0.053696 0.061976
vn -0.049555 -0.050067 0.070976
vn -0.040274 -0.046820 0.078650
vn -0.029635 -0.043978 0.084780
vn -0.017914 -0.041529 0.089187
vn -0.005412 -0.039434 0.091737
vn 0.007554 -0.037620 0.092345
vn 0.020658 -0.035994 0.090982
vn 0.033579 -0.034440 0.087672
vn 0.046006 -0.032830 0.082497
vn 0.057647 -0.031028 0.075592
vn 0.068239 -0.028896 0.067145
vn 0.077553 -0.026303 0.057390
vn 0.085402 -0.023132 0.046599
vn 0.091639 -0.019284 0.035079
vn 0.096167 -0.014683 0.023157
vn 0.098939 -0.009287 0.011177
vn 0.099951 -0.003082 -0.000515
vn 0.099250 0.003906 -0.011581
vn 0.096924 0.011615 -0.021697
vn 0.093100 0.019949 -0.030569
vn 0.087936 0.028775 -0.037938
vn 0.081620 0.037927 -0.043586
vn 0.074357 0.047213 -0.047350
vn 0.066365 0.056420 -0.049118
vn 0.057865 0.065318 -0.048839
vn 0.049078 0.073669 -0.046522
vn 0.040211 0.081235 -0.042236
vn 0.031458 0.087787 -0.036109
vn 0.022986 0.093110 -0.028322
vn 0.014940 0.097015 -0.019103
vn 0.007432 0.099341 -0.008726
vn 0.000542 0.099967 0.002507
vn -0.005683 0.098814 0.014265
vn -0.011230 0.095850 0.026206
vn -0.016117 0.091091 0.037983
vn -0.020389 0.084606 0.049257
vn -0.024116 0.076512 0.059702
vn -0.027389 0.066976 0.069022
vn -0.030311 0.056208 0.076954
vn -0.032994 0.044458 0.083276
vn -0.035551 0.032008 0.087816
vn -0.038092 0.019166 0.090453
vn -0.040715 0.006255 0.091122
vn -0.043503 -0.006394 0.089814
vn -0.046518 -0.018452 0.086577
vn -0.049797 -0.029602 0.081511
vn -0.053350 -0.039550 0.074763
vn -0.057159 -0.048029 0.066528
vn -0.061176 -0.054815 0.057034
vn -0.065322 -0.059726 0.046537
vn -0.069496 -0.062633 0.035317
vn -0.073571 -0.063462 0.023661
vn -0.077402 -0.062196 0.011860
vn 0.038326 -0.070806 -0.059310
vn 0.049507 -0.062931 -0.059907
vn 0.053476 -0.063648 -0.055581
vn 0.059563 -0.053763 -0.059681
vn 0.063244 -0.054174 -0.055365
vn 0.068225 -0.043451 -0.058799
vn 0.071563 -0.043574 -0.054590
vn 0.075264 -0.032183 -0.057442
vn 0.078214 -0.032052 -0.053434
vn 0.080495 -0.020186 -0.055795
vn 0.083028 -0.019844 -0.052082
vn 0.083786 -0.007713 -0.054041
vn 0.085886 -0.007218 -0.050710
vn 0.085057 0.004956 -0.052352
vn 0.086722 0.005539 -0.049483
vn 0.084282 0.017526 -0.050886
vn 0.085527 0.018127 -0.048544
vn 0.081493 0.029694 -0.049771
vn 0.082343 0.030238 -0.048013
vn 0.076770 0.041162 -0.049112
vn 0.077266 0.041572 -0.047977
vn 0.070248 0.051638 -0.048977
vn 0.070438 0.051840 -0.048488
vn 0.062101 0.060855 -0.049398
vn 0.062045 0.060779 -0.049561
vn 0.052546 0.068569 -0.050370
vn 0.052310 0.068153 -0.051174
vn 0.041829 0.074578 -0.051850
vn 0.041482 0.073768 -0.053268
vn 0.030220 0.078719 -0.053760
vn 0.029834 0.077473 -0.055748
vn 0.017371 -0.073770 -0.065239
vn 0.004795 -0.078267 -0.062059
vn -0.007763 -0.081384 -0.057588
vn -0.019953 -0.083174 -0.051807
vn -0.031439 -0.083724 -0.044741
vn -0.041902 -0.083155 -0.036462
vn -0.051050 -0.081611 -0.027084
vn -0.058630 -0.079256 -0.016765
vn -0.064431 -0.076264 -0.005703
vn -0.068289 -0.072815 0.005871
vn -0.070098 -0.069087 0.017700
vn -0.069805 -0.065244 0.029506
vn -0.067413 -0.061436 0.041000
vn -0.062987 -0.057793 0.051891
vn -0.056640 -0.054414 0.061895
vn -0.048541 -0.051372 0.070743
vn -0.038901 -0.048706 0.078195
vn -0.027971 -0.046423 0.084039
vn -0.016032 -0.044497 0.088108
vn -0.003390 -0.042871 0.090280
vn 0.009639 -0.041464 0.090487
vn 0.022731 -0.040170 0.088711
vn 0.035569 -0.038865 0.084996
vn 0.047850 -0.037416 0.079438
vn 0.059290 -0.035683 0.072190
vn 0.069639 -0.033528 0.063453
vn 0.078680 -0.030824 0.053472
vn 0.086237 -0.027459 0.042534
vn 0.092180 -0.023340 0.030952
vn 0.096426 -0.018405 0.019060
vn 0.098939 -0.012620 0.007205
vn 0.099729 -0.005988 -0.004268
vn 0.098855 0.001451 -0.015023
vn 0.096412 0.009622 -0.024742
vn 0.092535 0.018410 -0.033141
vn 0.087389 0.027669 -0.039970
vn 0.081162 0.037219 -0.045027
vn 0.074060 0.046856 -0.048162
vn 0.066297 0.056357 -0.049281
vn 0.058090 0.065481 -0.048350
vn 0.049651 0.073988 -0.045394
vn 0.041177 0.081635 -0.040499
vn 0.032849 0.088192 -0.033809
vn 0.024825 0.093448 -0.025519
vn 0.017232 0.097217 -0.015870
vn 0.010169 0.099349 -0.005144
vn 0.003701 0.099730 0.006347
vn -0.002139 0.098294 0.018270
vn -0.007352 0.095021 0.030282
vn -0.011964 0.089943 0.042036
vn -0.016034 0.083143 0.053199
vn -0.019639 0.074754 0.063452
vn -0.022873 0.064955 0.072509
vn -0.025843 0.053971 0.080120
vn -0.028662 0.042063 0.086077
vn -0.031439 0.029523 0.090222
vn -0.034279 0.016666 0.092451
vn -0.037272 0.003821 0.092716
vn -0.040492 -0.008679 0.091022
vn -0.043988 -0.020505 0.087434
vn -0.047784 -0.031344 0.082062
vn -0.051876 -0.040907 0.075069
vn -0.056232 -0.048938 0.066657
vn -0.060786 -0.055221 0.057059
vn -0.065449 -0.059587 0.046539
vn -0.070102 -0.061923 0.035374
vn -0.074608 -0.062167 0.023850
vn -0.078811 -0.060322 0.012254
vn 0.034022 -0.069487 -0.063356
vn 0.045411 -0.061926 -0.064055
vn 0.055746 -0.053073 -0.063841
vn 0.064747 -0.043062 -0.062877
vn 0.072172 -0.032069 -0.061342
vn 0.077824 -0.020304 -0.059423
vn 0.081556 -0.008013 -0.057309
vn 0.083274 0.004536 -0.055180
vn 0.082938 0.017055 -0.053201
vn 0.080565 0.029246 -0.051517
vn 0.076223 0.040812 -0.050244
vn 0.070034 0.051461 -0.049467
vn 0.062165 0.060922 -0.049235
vn 0.052823 0.068946 -0.049560
vn 0.042250 0.075321 -0.050416
vn 0.030714 0.079872 -0.051741
vn 0.012791 -0.071598 -0.068630
vn 0.000201 -0.075847 -0.065171
vn -0.012281 -0.078770 -0.060370
vn -0.024309 -0.080430 -0.054223
vn -0.035551 -0.080923 -0.046771
vn -0.045693 -0.080377 -0.038101
vn -0.054454 -0.078939 -0.028343
vn -0.061591 -0.076774 -0.017673
vn -0.066904 -0.074055 -0.006300
vn -0.070245 -0.070958 0.005532
vn -0.071521 -0.067650 0.017554
vn -0.070694 -0.064290 0.029481
vn -0.067785 -0.061014 0.041019
vn -0.062867 -0.057937 0.051874
vn -0.056072 -0.055146 0.061764
vn -0.047577 -0.052697 0.070423
vn -0.037604 -0.050613 0.077616
vn -0.026409 -0.048885 0.083143
vn -0.014282 -0.047472 0.086847
vn -0.001526 -0.046306 0.088620
vn 0.011538 -0.045291 0.088406
vn 0.024594 -0.044311 0.086207
vn 0.037327 -0.043237 0.082081
vn 0.049443 -0.041929 0.076140
vn 0.060670 -0.040245 0.068553
vn 0.070766 -0.038050 0.059535
vn 0.079529 -0.035218 0.049345
vn 0.086796 -0.031643 0.038277
vn 0.092452 -0.027244 0.026654
vn 0.096426 -0.021966 0.014815
vn 0.098696 -0.015791 0.003109
vn 0.099286 -0.008735 -0.008120
vn 0.098263 -0.000852 -0.018540
vn 0.095732 0.007766 -0.027842
vn 0.091834 0.016991 -0.035748
vn 0.086737 0.026661 -0.042022
vn 0.080633 0.036583 -0.046477
vn 0.073724 0.046541 -0.048976
vn 0.066222 0.056302 -0.049444
vn 0.058337 0.065619 -0.047863
vn 0.050272 0.074245 -0.044276
vn 0.042215 0.081937 -0.038785
vn 0.034333 0.088464 -0.031548
vn 0.026771 0.093620 -0.022774
vn 0.019641 0.097224 -0.012717
vn 0.013029 0.099134 -0.001667
vn 0.006984 0.099247 0.010058
vn 0.001525 0.097511 0.022121
vn -0.003359 0.093918 0.034179
vn -0.007709 0.088514 0.045888
vn -0.011591 0.081399 0.056920
vn -0.015088 0.072718 0.066966
vn -0.018301 0.062666 0.075750
vn -0.021338 0.051481 0.083033
vn -0.024309 0.039433 0.088623
vn -0.027323 0.026825 0.092379
vn -0.030477 0.013978 0.094211
vn -0.033852 0.001226 0.094088
vn -0.037511 -0.011097 0.092031
vn -0.041493 -0.022664 0.088117
vn -0.045807 -0.033165 0.082473
vn -0.050435 -0.042319 0.075269
vn -0.055328 -0.049878 0.066716
vn -0.060408 -0.055638 0.057055
vn -0.065570 -0.059444 0.046550
vn -0.070683 -0.061197 0.035480
vn -0.075597 -0.060852 0.024127
vn -0.080147 -0.058424 0.012771
vn 0.029621 -0.067883 -0.067190
vn 0.041206 -0.060637 -0.068009
vn 0.051809 -0.052106 -0.067829
vn 0.061141 -0.042410 -0.066807
vn 0.068950 -0.031709 -0.065119
vn 0.075025 -0.020201 -0.062954
vn 0.079205 -0.008118 -0.060504
vn 0.081381 0.004281 -0.057955
vn 0.081500 0.016716 -0.055483
vn 0.079562 0.028895 -0.053244
vn 0.075626 0.040523 -0.051368
vn 0.069798 0.051310 -0.049955
vn 0.062236 0.060981 -0.049071
vn 0.053139 0.069282 -0.048746
vn 0.042744 0.075993 -0.048970
vn 0.031313 0.080930 -0.049698
vn 0.008162 -0.069159 -0.071766
vn -0.004422 -0.073171 -0.068018
vn -0.016811 -0.075915 -0.062883
vn -0.028662 -0.077465 -0.056371
vn -0.039644 -0.077924 -0.048540
vn -0.049453 -0.077426 -0.039492
vn -0.057817 -0.076120 -0.029374
vn -0.064504 -0.074173 -0.018375
vn -0.069327 -0.071753 -0.006720
vn -0.072154 -0.069032 0.005336
vn -0.072904 -0.066168 0.017515
vn -0.071555 -0.063310 0.029525
vn -0.068142 -0.060582 0.041068
vn -0.062753 -0.058084 0.051848
vn -0.055532 -0.055889 0.061585
vn -0.046666 -0.054035 0.070017
vn -0.036386 -0.052532 0.076918
vn -0.024957 -0.051354 0.082097
vn -0.012668 -0.050446 0.085409
vn 0.000171 -0.049725 0.086761
vn 0.013245 -0.049086 0.086111
vn 0.026239 -0.048403 0.083479
vn 0.038846 -0.047539 0.078937
vn 0.050780 -0.046352 0.072615
vn 0.061779 -0.044698 0.064695
vn 0.071615 -0.042443 0.055407
vn 0.080096 -0.039467 0.045022
vn 0.087076 -0.035670 0.033844
vn 0.092452 -0.030980 0.022201
vn 0.096167 -0.025355 0.010439
vn 0.098213 -0.018789 -0.001095
vn 0.098624 -0.011313 -0.012057
vn 0.097477 -0.002995 -0.022120
vn 0.094886 0.006056 -0.030983
vn 0.090998 0.015698 -0.038380
vn 0.085983 0.025754 -0.044086
vn 0.080033 0.036020 -0.047929
vn 0.073350 0.046269 -0.049789
vn 0.066140 0.056256 -0.049607
vn 0.058605 0.065730 -0.047381
vn 0.050940 0.074440 -0.043172
vn 0.043321 0.082140 -0.037098
vn 0.035903 0.088603 -0.029333
vn 0.028816 0.093626 -0.020097
vn 0.022159 0.097035 -0.009656
vn 0.016001 0.098697 0.001693
vn 0.010379 0.098522 0.013626
vn 0.005298 0.096468 0.025804
vn 0.000733 0.092544 0.037883
vn -0.003367 0.086810 0.049525
vn -0.007075 0.079378 0.060407
vn -0.010481 0.070411 0.070231
vn -0.013690 0.060117 0.078730
vn -0.016811 0.048745 0.085681
vn -0.019953 0.036577 0.090907
vn -0.023219 0.023923 0.094279
vn -0.026699 0.011112 0.095727
vn -0.030467 -0.001521 0.095234
vn -0.034573 -0.013640 0.092837
vn -0.039043 -0.024920 0.088626
vn -0.043874 -0.035058 0.082741
vn -0.049032 -0.043778 0.075361
vn -0.054453 -0.050845 0.066706
vn -0.060044 -0.056065 0.057021
vn -0.065687 -0.059299 0.046571
vn -0.071238 -0.060460 0.035635
vn -0.076535 -0.059520 0.024490
vn -0.081405 -0.056511 0.013409
vn 0.025139 -0.066000 -0.070796
vn 0.036905 -0.059069 -0.071755
vn 0.047765 -0.050867 -0.071631
vn 0.057421 -0.041497 -0.070575
vn 0.065609 -0.031105 -0.068760
vn 0.072107 -0.019875 -0.066375
vn 0.076740 -0.008026 -0.063613
vn 0.079384 0.004192 -0.060667
vn 0.079972 0.016510 -0.057723
vn 0.078490 0.028642 -0.054945
vn 0.074981 0.040297 -0.052479
vn 0.069540 0.051186 -0.050439
vn 0.062315 0.061031 -0.048908
vn 0.053494 0.069576 -0.047932
vn 0.043308 0.076592 -0.047518
vn 0.032016 0.081887 -0.047638
vn 0.003504 -0.066464 -0.074635
vn -0.009058 -0.070250 -0.070589
vn -0.021338 -0.072832 -0.065117
vn -0.032994 -0.074291 -0.058244
vn -0.043703 -0.074739 -0.050042
vn -0.053168 -0.074313 -0.040630
vn -0.061126 -0.073166 -0.030172
vn -0.067359 -0.071461 -0.018871
vn -0.071693 -0.069366 -0.006963
vn -0.074008 -0.067044 0.005284
vn -0.074241 -0.064646 0.017584
vn -0.072383 -0.062308 0.029639
vn -0.068483 -0.060141 0.041147
vn -0.062645 -0.058233 0.051812
vn -0.055021 -0.056639 0.061357
vn -0.045812 -0.055383 0.069527
vn -0.035254 -0.054457 0.076103
vn -0.023619 -0.053821 0.080904
vn -0.011199 -0.053406 0.083800
vn 0.001696 -0.053116 0.084710
vn 0.014753 -0.052835 0.083611
vn 0.027660 -0.052429 0.080536
vn 0.040121 -0.051756 0.075575
vn 0.051856 -0.050669 0.068874
vn 0.062615 -0.049024 0.060630
vn 0.072182 -0.046692 0.051084
vn 0.080381 -0.043555 0.040520
vn 0.087076 -0.039523 0.029251
vn 0.092180 -0.034534 0.017611
vn 0.095651 -0.028558 0.005947
vn 0.097490 -0.021602 -0.005391
vn 0.097744 -0.013711 -0.016063
vn 0.096500 -0.004971 -0.025749
vn 0.093878 0.004498 -0.034156
vn 0.090030 0.014536 -0.041028
vn 0.085129 0.024954 -0.046156
vn 0.079366 0.035534 -0.049380
vn 0.072939 0.046040 -0.050598
vn 0.066050 0.056219 -0.049768
vn 0.058894 0.065814 -0.046905
vn 0.051653 0.074570 -0.042086
vn 0.044492 0.082244 -0.035447
vn 0.037554 0.088608 -0.027172
vn 0.030954 0.093465 -0.017498
vn 0.024776 0.096650 -0.006698
vn 0.019075 0.098040 0.004923
vn 0.013874 0.097556 0.017037
vn 0.009163 0.095170 0.029303
vn 0.004908 0.090905 0.041380
vn 0.001046 0.084835 0.052933
vn -0.002503 0.077089 0.063647
vn -0.005836 0.067843 0.073234
vn -0.009058 0.057318 0.081441
vn -0.012281 0.045775 0.088056
vn -0.015609 0.033506 0.092918
vn -0.019141 0.020830 0.095915
vn -0.022960 0.008079 0.096993
vn -0.027129 -0.004409 0.096149
vn -0.031688 -0.016297 0.093436
vn -0.036648 -0.027266 0.088958
vn -0.041992 -0.037016 0.082864
vn -0.047671 -0.045281 0.075346
vn -0.053608 -0.051836 0.066627
vn -0.059695 -0.056502 0.056957
vn -0.065798 -0.059151 0.046603
vn -0.071763 -0.059713 0.035839
vn -0.077418 -0.058176 0.024938
vn -0.082580 -0.054588 0.014166
vn 0.020593 -0.063844 -0.074161
vn 0.032525 -0.057229 -0.075279
vn 0.043630 -0.049360 -0.075233
vn 0.053600 -0.040326 -0.074168
vn 0.062162 -0.030259 -0.072251
vn 0.069082 -0.019328 -0.069671
vn 0.074171 -0.007739 -0.066624
vn 0.077292 0.004270 -0.063307
vn 0.078361 0.016438 -0.059911
vn 0.077351 0.028489 -0.056615
vn 0.074290 0.040135 -0.053574
vn 0.069262 0.051089 -0.050919
vn 0.062401 0.061073 -0.048747
vn 0.053887 0.069827 -0.047121
vn 0.043942 0.077117 -0.046066
vn 0.032821 0.082741 -0.045571
vn -0.001168 -0.063520 -0.077226
vn -0.013690 -0.067095 -0.072875
vn -0.025843 -0.069531 -0.067064
vn -0.037289 -0.070919 -0.059833
vn -0.047712 -0.071379 -0.051271
vn -0.056822 -0.071049 -0.041512
vn -0.064369 -0.070086 -0.030735
vn -0.070145 -0.068650 -0.019157
vn -0.073990 -0.066903 -0.007027
vn -0.075801 -0.065002 0.005377
vn -0.075527 -0.063089 0.017761
vn -0.073175 -0.061287 0.029821
vn -0.068808 -0.059695 0.041255
vn -0.062542 -0.058384 0.051767
vn -0.054542 -0.057394 0.061082
vn -0.045016 -0.056734 0.068955
vn -0.034211 -0.056380 0.075173
vn -0.022399 -0.056276 0.079569
vn -0.009879 -0.056341 0.082025
vn 0.003043 -0.056466 0.082476
vn 0.016055 -0.056524 0.080915
vn 0.028853 -0.056375 0.077391
vn 0.041146 -0.055871 0.072010
vn 0.052666 -0.054863 0.064933
vn 0.063174 -0.053209 0.056373
vn 0.072467 -0.050780 0.046583
vn 0.080381 -0.047468 0.035857
vn 0.086796 -0.043190 0.024516
vn 0.091639 -0.037894 0.012899
vn 0.094878 -0.031564 0.001357
vn 0.096530 -0.024220 -0.009763
vn 0.096651 -0.015922 -0.020125
vn 0.095336 -0.006771 -0.029414
vn 0.092712 0.003097 -0.037348
vn 0.088935 0.013508 -0.043682
vn 0.084179 0.024261 -0.048222
vn 0.078633 0.035126 -0.050823
vn 0.072494 0.045855 -0.051400
vn 0.065954 0.056191 -0.049926
vn 0.059201 0.065870 -0.046437
vn 0.052406 0.074637 -0.041023
vn 0.045723 0.082247 -0.033836
vn 0.039279 0.088478 -0.025075
vn 0.033176 0.093139 -0.014987
vn 0.027483 0.096072 -0.003854
vn 0.022240 0.097166 0.008012
vn 0.017455 0.096354 0.020279
vn 0.013108 0.093621 0.032607
vn 0.009151 0.089006 0.044656
vn 0.005514 0.082598 0.056099
vn 0.002108 0.074540 0.066628
vn -0.001168 0.065022 0.075965
vn -0.004422 0.054278 0.083871
vn -0.007763 0.042581 0.090148
vn -0.011293 0.030232 0.094649
vn -0.015105 0.017555 0.097281
vn -0.019274 0.004889 0.098003
vn -0.023852 -0.007428 0.096829
vn -0.028866 -0.019060 0.093827
vn -0.034315 -0.029692 0.089111
vn -0.040167 -0.039031 0.082844
vn -0.046359 -0.046821 0.075223
vn -0.052798 -0.052848 0.066479
vn -0.059361 -0.056945 0.056864
vn -0.065904 -0.059001 0.046643
vn -0.072258 -0.058960 0.036090
vn -0.078244 -0.056826 0.025470
vn -0.083668 -0.052663 0.015040
vn 0.015999 -0.061424 -0.077273
vn 0.028083 -0.055122 -0.078568
vn 0.039418 -0.047590 -0.078622
vn 0.049693 -0.038902 -0.077571
vn 0.058623 -0.029174 -0.075579
vn 0.065962 -0.018562 -0.072832
vn 0.071508 -0.007258 -0.069526
vn 0.075111 0.004513 -0.065863
vn 0.076672 0.016501 -0.062041
vn 0.076149 0.028435 -0.058247
vn 0.073557 0.040036 -0.054649
vn 0.068964 0.051018 -0.051391
vn 0.062494 0.061106 -0.048587
vn 0.054315 0.070034 -0.046315
vn 0.044642 0.077564 -0.044619
vn 0.033724 0.083488 -0.043502
vn -0.005836 -0.060341 -0.079529
vn -0.018301 -0.063717 -0.074868
vn -0.030311 -0.066024 -0.068717
vn -0.041533 -0.067363 -0.061134
vn -0.051656 -0.067856 -0.052222
vn -0.060403 -0.067648 -0.042133
vn -0.067533 -0.066892 -0.031060
vn -0.072851 -0.065748 -0.019232
vn -0.076212 -0.064373 -0.006913
vn -0.077526 -0.062914 0.005613
vn -0.076758 -0.061504 0.018044
vn -0.073929 -0.060252 0.030071
vn -0.069116 -0.059244 0.041391
vn -0.062446 -0.058535 0.051711
vn -0.054097 -0.058152 0.060761
vn -0.044284 -0.058084 0.068302
vn -0.033260 -0.058294 0.074132
vn -0.021304 -0.058712 0.078096
vn -0.008713 -0.059241 0.080091
vn 0.004207 -0.059763 0.080067
vn 0.017149 -0.060140 0.078032
vn 0.029813 -0.060227 0.074053
vn 0.041919 -0.059870 0.068253
vn 0.053208 -0.058920 0.060806
vn 0.063454 -0.057235 0.051939
vn 0.072467 -0.054693 0.041920
vn 0.080096 -0.051191 0.031049
vn 0.086237 -0.046656 0.019656
vn 0.090828 -0.041047 0.008084
vn 0.093853 -0.034361 -0.003315
vn 0.095337 -0.026632 -0.014196
vn 0.095348 -0.017937 -0.024227
vn 0.093989 -0.008389 -0.033101
vn 0.091392 0.001859 -0.040547
vn 0.087716 0.012620 -0.046333
vn 0.083135 0.023679 -0.050277
vn 0.077838 0.034796 -0.052253
vn 0.072015 0.045716 -0.052191
vn 0.065852 0.056172 -0.050083
vn 0.059526 0.065899 -0.045978
vn 0.053198 0.074639 -0.039986
vn 0.047009 0.082150 -0.032272
vn 0.041072 0.088215 -0.023048
vn 0.035473 0.092648 -0.012572
vn 0.030268 0.095302 -0.001134
vn 0.025482 0.096077 0.010947
vn 0.021110 0.094919 0.023340
vn 0.017117 0.091828 0.035703
vn 0.013447 0.086855 0.047701
vn 0.010019 0.080107 0.059012
vn 0.006740 0.071741 0.069339
vn 0.003504 0.061959 0.078414
vn 0.000201 0.051010 0.086011
vn -0.003274 0.039176 0.091949
vn -0.007022 0.026766 0.096095
vn -0.011127 0.014112 0.098372
vn -0.015654 0.001555 0.098755
vn -0.020647 -0.010566 0.097273
vn -0.026119 -0.021918 0.094008
vn -0.032055 -0.032189 0.089086
vn -0.038408 -0.041097 0.082679
vn -0.045100 -0.048393 0.074994
vn -0.052024 -0.053877 0.066263
vn -0.059045 -0.057394 0.056741
vn -0.066003 -0.058850 0.046694
vn -0.072721 -0.058203 0.036388
vn -0.079008 -0.055475 0.026083
vn -0.084666 -0.050743 0.016026
vn 0.011376 -0.058748 -0.080120
vn 0.023594 -0.052757 -0.081609
vn 0.035147 -0.045565 -0.081784
vn 0.045714 -0.037230 -0.080772
vn 0.055003 -0.027855 -0.078732
vn 0.062757 -0.017580 -0.075846
vn 0.068761 -0.006584 -0.072309
vn 0.072850 0.004922 -0.068327
vn 0.074913 0.016697 -0.064104
vn 0.074890 0.028482 -0.059835
vn 0.072784 0.040001 -0.055699
vn 0.068648 0.050976 -0.051855
vn 0.062593 0.061129 -0.048429
vn 0.054778 0.070196 -0.045518
vn 0.045406 0.077934 -0.043181
vn 0.034721 0.084126 -0.041440
vn -0.010481 -0.056937 -0.081537
vn -0.022873 -0.060129 -0.076560
vn -0.034724 -0.062325 -0.070070
vn -0.045708 -0.063634 -0.062141
vn -0.055522 -0.064185 -0.052893
vn -0.063898 -0.064121 -0.042492
vn -0.070607 -0.063597 -0.031145
vn -0.075468 -0.062769 -0.019097
vn -0.078350 -0.061786 -0.006620
vn -0.079177 -0.060788 0.005993
vn -0.077928 -0.059895 0.018432
vn -0.074641 -0.059205 0.030389
vn -0.069404 -0.058789 0.041557
vn -0.062357 -0.058687 0.051647
vn -0.053686 -0.058908 0.060395
vn -0.043617 -0.059428 0.067571
vn -0.032406 -0.060193 0.072984
vn -0.020337 -0.061118 0.076492
vn -0.007705 -0.062095 0.078005
vn 0.005184 -0.062994 0.077491
vn 0.018028 -0.063670 0.074974
vn 0.030536 -0.063969 0.070537
vn 0.042435 -0.063737 0.064318
vn 0.053479 -0.062823 0.056509
vn 0.063454 -0.061089 0.047347
vn 0.072182 -0.058416 0.037112
vn 0.079529 -0.054710 0.026114
vn 0.085402 -0.049908 0.014689
vn 0.089753 -0.043981 0.003183
vn 0.092578 -0.036939 -0.008051
vn 0.093916 -0.028831 -0.018672
vn 0.093841 -0.019748 -0.028353
vn 0.092464 -0.009820 -0.036797
vn 0.089923 0.000788 -0.043741
vn 0.086377 0.011873 -0.048969
vn 0.082003 0.023210 -0.052314
vn 0.076984 0.034548 -0.053665
vn 0.071504 0.045622 -0.052970
vn 0.065743 0.056162 -0.050236
vn 0.059867 0.065900 -0.045531
vn 0.054026 0.074577 -0.038980
vn 0.048346 0.081954 -0.030761
vn 0.042926 0.087819 -0.021100
vn 0.037838 0.091994 -0.010264
vn 0.033123 0.094344 0.001450
vn 0.028791 0.094778 0.013719
vn 0.024824 0.093257 0.026208
vn 0.021176 0.089796 0.038579
vn 0.017779 0.084460 0.050501
vn 0.014546 0.077372 0.061661
vn 0.011376 0.068701 0.071769
vn 0.008162 0.058666 0.080571
vn 0.004795 0.047525 0.087854
vn 0.001168 0.035571 0.093452
vn -0.002811 0.023122 0.097250
vn -0.007220 0.010514 0.099183
vn -0.012115 -0.001911 0.099245
vn -0.017526 -0.013812 0.097479
vn -0.023456 -0.024860 0.093978
vn -0.029874 -0.034749 0.088882
vn -0.036719 -0.043205 0.082371
vn -0.043899 -0.049991 0.074658
vn -0.051291 -0.054918 0.065979
vn -0.058747 -0.057847 0.056590
vn -0.066096 -0.058698 0.046754
vn -0.073149 -0.057446 0.036731
vn -0.079708 -0.054127 0.026775
vn -0.085568 -0.048836 0.017121
vn 0.006740 -0.055828 -0.082691
vn 0.019076 -0.050143 -0.084391
vn 0.030831 -0.043291 -0.084707
vn 0.041679 -0.035316 -0.083759
vn 0.051317 -0.026306 -0.081698
vn 0.059479 -0.016385 -0.078700
vn 0.065939 -0.005719 -0.074962
vn 0.070518 0.005495 -0.070690
vn 0.073088 0.017027 -0.066092
vn 0.073578 0.028629 -0.061373
vn 0.071973 0.040031 -0.056722
vn 0.068315 0.050961 -0.052308
vn 0.062698 0.061143 -0.048274
vn 0.055273 0.070313 -0.044733
vn 0.046232 0.078223 -0.041759
vn 0.035809 0.084652 -0.039393
vn -0.015088 -0.053321 -0.083242
vn -0.027389 -0.056343 -0.077944
vn -0.039066 -0.058448 -0.071117
vn -0.049799 -0.059748 -0.062851
vn -0.059294 -0.060377 -0.053280
vn -0.067293 -0.060481 -0.042587
vn -0.073580 -0.060212 -0.030992
vn -0.077986 -0.059721 -0.018752
vn -0.080395 -0.059151 -0.006149
vn -0.080747 -0.058631 0.006514
vn -0.079035 -0.058270 0.018925
vn -0.075309 -0.058152 0.030772
vn -0.069672 -0.058334 0.041750
vn -0.062274 -0.058839 0.051574
vn -0.053312 -0.059662 0.059986
vn -0.043017 -0.060761 0.066765
vn -0.031652 -0.062069 0.071733
vn -0.019500 -0.063486 0.074761
vn -0.006860 -0.064892 0.075776
vn 0.005970 -0.066147 0.074759
vn 0.018690 -0.067099 0.071752
vn 0.031020 -0.067588 0.066855
vn 0.042694 -0.067458 0.060221
vn 0.053479 -0.066559 0.052056
vn 0.063174 -0.064756 0.042612
vn 0.071615 -0.061935 0.032177
vn 0.078680 -0.058013 0.021071
vn 0.084292 -0.052934 0.009634
vn 0.088416 -0.046685 -0.001785
vn 0.091059 -0.039288 -0.012834
vn 0.092270 -0.030807 -0.023175
vn 0.092134 -0.021349 -0.032489
vn 0.090767 -0.011057 -0.040487
vn 0.088310 -0.000112 -0.046919
vn 0.084925 0.011272 -0.051582
vn 0.080786 0.022856 -0.054326
vn 0.076073 0.034380 -0.055054
vn 0.070964 0.045574 -0.053732
vn 0.065629 0.056162 -0.050385
vn 0.060225 0.065873 -0.045097
vn 0.054887 0.074451 -0.038007
vn 0.049728 0.081659 -0.029308
vn 0.044835 0.087291 -0.019237
vn 0.040262 0.091180 -0.008070
vn 0.036036 0.093200 0.003890
vn 0.032154 0.093273 0.016315
vn 0.028584 0.091375 0.028872
vn 0.025269 0.087533 0.041225
vn 0.022131 0.081830 0.053048
vn 0.019076 0.074402 0.064035
vn 0.015999 0.065433 0.073909
vn 0.012791 0.055155 0.082428
vn 0.009341 0.043837 0.089393
vn 0.005548 0.031781 0.094653
vn 0.001325 0.019313 0.098108
vn -0.003399 0.006772 0.099712
vn -0.008668 -0.005496 0.099472
vn -0.014502 -0.017153 0.097445
vn -0.020887 -0.027875 0.093737
vn -0.027781 -0.037362 0.088500
vn -0.035108 -0.045348 0.081921
vn -0.042760 -0.051609 0.074217
vn -0.050601 -0.055968 0.065629
vn -0.058469 -0.058303 0.056411
vn -0.066182 -0.058546 0.046823
vn -0.073542 -0.056690 0.037119
vn -0.080342 -0.052788 0.027544
vn -0.086373 -0.046948 0.018321
vn 0.002108 -0.052672 -0.084978
vn 0.014546 -0.047288 -0.086904
vn 0.026487 -0.040777 -0.087382
vn 0.037601 -0.033168 -0.086522
vn 0.047578 -0.024533 -0.084466
vn 0.056142 -0.014983 -0.081386
vn 0.063054 -0.004667 -0.077475
vn 0.068122 0.006229 -0.072942
vn 0.071206 0.017489 -0.067999
vn 0.072218 0.028875 -0.062856
vn 0.071129 0.040126 -0.057712
vn 0.067965 0.050974 -0.052749
vn 0.062810 0.061148 -0.048123
vn 0.055799 0.070384 -0.043962
vn 0.047115 0.078431 -0.040359
vn 0.036985 0.085063 -0.037368
vn -0.019639 -0.049507 -0.084637
vn -0.031832 -0.052375 -0.079016
vn -0.043321 -0.054406 -0.071856
vn -0.053792 -0.055719 -0.063260
vn -0.062959 -0.056449 -0.053382
vn -0.070576 -0.056743 -0.042417
vn -0.076440 -0.056750 -0.030600
vn -0.080395 -0.056617 -0.018198
vn -0.082341 -0.056477 -0.005503
vn -0.082230 -0.056451 0.007175
vn -0.080073 -0.056633 0.019521
vn -0.075930 -0.057096 0.031219
vn -0.069919 -0.057878 0.041970
vn -0.062199 -0.058991 0.051491
vn -0.052976 -0.060409 0.059534
vn -0.042488 -0.062078 0.065887
vn -0.031000 -0.063915 0.070384
vn -0.018799 -0.065807 0.072911
vn -0.006179 -0.067622 0.073410
vn 0.006562 -0.069211 0.071880
vn 0.019133 -0.070415 0.068378
vn 0.031262 -0.071071 0.063021
vn 0.042694 -0.071020 0.055976
vn 0.053208 -0.070114 0.047466
vn 0.062615 -0.068222 0.037751
vn 0.070766 -0.065238 0.027133
vn 0.077553 -0.061086 0.015938
vn 0.082913 -0.055724 0.004509
vn 0.086822 -0.049149 -0.006802
vn 0.089301 -0.041400 -0.017646
vn 0.090408 -0.032554 -0.027688
vn 0.090235 -0.022733 -0.036618
vn 0.088903 -0.012096 -0.044158
vn 0.086559 -0.000837 -0.050069
vn 0.083363 0.010817 -0.054162
vn 0.079488 0.022618 -0.056303
vn 0.075109 0.034295 -0.056414
vn 0.070396 0.045573 -0.054475
vn 0.065510 0.056171 -0.050530
vn 0.060596 0.065819 -0.044677
vn 0.055777 0.074261 -0.037072
vn 0.051151 0.081265 -0.027919
vn 0.046791 0.086635 -0.017467
vn 0.042735 0.090209 -0.005998
vn 0.038997 0.091875 0.006176
vn 0.035559 0.091569 0.018728
vn 0.032376 0.089278 0.031324
vn 0.029381 0.085048 0.043631
vn 0.026487 0.078974 0.055331
vn 0.023594 0.071208 0.066127
vn 0.020593 0.061948 0.075752
vn 0.017371 0.051438 0.083978
vn 0.013822 0.039959 0.090621
vn 0.009849 0.027820 0.095546
vn 0.005368 0.015353 0.098668
vn 0.000321 0.002903 0.099957
vn -0.005328 -0.009187 0.099435
vn -0.011584 -0.020578 0.097172
vn -0.018423 -0.030952 0.093288
vn -0.025785 -0.040017 0.087942
vn -0.033580 -0.047518 0.081329
vn -0.041687 -0.053241 0.073672
vn -0.049956 -0.057024 0.065213
vn -0.058211 -0.058758 0.056204
vn -0.066261 -0.058394 0.046901
vn -0.073897 -0.055940 0.037550
vn -0.080906 -0.051462 0.028387
vn -0.087076 -0.045086 0.019621
vn -0.002503 -0.049294 -0.086970
vn 0.010019 -0.044205 -0.089138
vn 0.022131 -0.038032 -0.089798
vn 0.033497 -0.030793 -0.089049
vn 0.043801 -0.022543 -0.087025
vn 0.052757 -0.013378 -0.083891
vn 0.060116 -0.003433 -0.079839
vn 0.065673 0.007121 -0.075076
vn 0.069273 0.018082 -0.069816
vn 0.070814 0.029219 -0.064277
vn 0.070253 0.040284 -0.058666
vn 0.067601 0.051015 -0.053176
vn 0.062926 0.061144 -0.047976
vn 0.056353 0.070408 -0.043209
vn 0.048053 0.078557 -0.038984
vn 0.038243 0.085360 -0.035372
vn -0.024116 -0.045509 -0.085717
vn -0.036187 -0.048239 -0.079771
vn -0.047474 -0.050215 -0.072282
vn -0.057671 -0.051561 -0.063369
vn -0.066503 -0.052414 -0.053199
vn -0.073735 -0.052920 -0.041984
vn -0.079176 -0.053225 -0.029970
vn -0.082687 -0.053468 -0.017437
vn -0.084180 -0.053776 -0.004684
vn -0.083622 -0.054256 0.007973
vn -0.081038 -0.054992 0.020216
vn -0.076503 -0.056040 0.031730
vn -0.070144 -0.057425 0.042216
vn -0.062132 -0.059141 0.051401
vn -0.052679 -0.061147 0.059042
vn -0.042030 -0.063374 0.064940
vn -0.030453 -0.065724 0.068942
vn -0.018235 -0.068072 0.070949
vn -0.005667 -0.070274 0.070918
vn 0.006957 -0.072175 0.068865
vn 0.019355 -0.073607 0.064865
vn 0.031262 -0.074404 0.059048
vn 0.042435 -0.074409 0.051600
vn 0.052666 -0.073474 0.042754
vn 0.061779 -0.071474 0.032785
vn 0.069639 -0.068311 0.022000
vn 0.076153 -0.063918 0.010734
vn 0.081269 -0.058266 -0.000666
vn 0.084978 -0.051365 -0.011849
vn 0.087311 -0.043266 -0.022468
vn 0.088335 -0.034065 -0.032195
vn 0.088149 -0.023896 -0.040727
vn 0.086881 -0.012933 -0.047796
vn 0.084677 -0.001385 -0.053178
vn 0.081699 0.010512 -0.056699
vn 0.078115 0.022496 -0.058240
vn 0.074095 0.034292 -0.057740
vn 0.069802 0.045617 -0.055197
vn 0.065386 0.056189 -0.050670
vn 0.060979 0.065737 -0.044274
vn 0.056693 0.074007 -0.036178
vn 0.052610 0.080776 -0.026599
vn 0.048786 0.085851 -0.015795
vn 0.045249 0.089085 -0.004057
vn 0.041994 0.090375 0.008300
vn 0.038992 0.089671 0.020948
vn 0.036185 0.086976 0.033553
vn 0.033497 0.082349 0.045788
vn 0.030831 0.075903 0.057342
vn 0.028083 0.067802 0.067928
vn 0.025139 0.058260 0.077291
vn 0.021887 0.047530 0.085216
vn 0.018224 0.035905 0.091536
vn 0.014055 0.023702 0.096129
vn 0.009306 0.011258 0.098928
vn 0.003927 -0.001081 0.099917
vn -0.002105 -0.012969 0.099133
vn -0.008784 -0.024073 0.096661
vn -0.016071 -0.034080 0.092630
vn -0.023892 -0.042706 0.087209
vn -0.032142 -0.049706 0.080599
vn -0.040685 -0.054880 0.073027
vn -0.049358 -0.058080 0.064734
vn -0.057975 -0.059213 0.055971
vn -0.066332 -0.058243 0.046987
vn -0.074213 -0.055197 0.038022
vn -0.081400 -0.050155 0.029300
vn -0.087676 -0.043258 0.021017
vn -0.007075 -0.045706 -0.088662
vn 0.005514 -0.040904 -0.091085
vn 0.017779 -0.035068 -0.091947
vn 0.029381 -0.028200 -0.091332
vn 0.039998 -0.020342 -0.089366
vn 0.049336 -0.011575 -0.086209
vn 0.057135 -0.002019 -0.082046
vn 0.063178 0.008170 -0.077083
vn 0.067296 0.018802 -0.071538
vn 0.069373 0.029661 -0.065632
vn 0.069350 0.040506 -0.059581
vn 0.067223 0.051083 -0.053587
vn 0.063048 0.061130 -0.047834
vn 0.056934 0.070387 -0.042476
vn 0.049042 0.078601 -0.037640
vn 0.039578 0.085540 -0.033414
vn -0.028504 -0.041341 -0.086478
vn -0.040436 -0.043951 -0.080207
vn -0.051508 -0.045891 -0.072394
vn -0.061421 -0.047290 -0.063175
vn -0.069912 -0.048287 -0.052732
vn -0.076758 -0.049026 -0.041289
vn -0.081780 -0.049648 -0.029106
vn -0.084853 -0.050286 -0.016472
vn -0.085905 -0.051056 -0.003695
vn -0.084917 -0.052055 0.008906
vn -0.081928 -0.053352 0.021009
vn -0.077025 -0.054989 0.032301
vn -0.070346 -0.056976 0.042488
vn -0.062072 -0.059289 0.051302
vn -0.052423 -0.061874 0.058511
vn -0.041646 -0.064645 0.063927
vn -0.030013 -0.067490 0.067412
vn -0.017809 -0.070272 0.068881
vn -0.005324 -0.072840 0.068308
vn 0.007156 -0.075026 0.065726
vn 0.019355 -0.076661 0.061225
vn 0.031020 -0.077576 0.054952
vn 0.041919 -0.077612 0.047108
vn 0.051856 -0.076626 0.037939
vn 0.060670 -0.074500 0.027729
vn 0.068239 -0.071143 0.016797
vn 0.074484 -0.066499 0.005480
vn 0.079367 -0.060551 -0.005872
vn 0.082891 -0.053323 -0.016907
vn 0.085096 -0.044881 -0.027284
vn 0.086059 -0.035334 -0.036679
vn 0.085886 -0.024834 -0.044798
vn 0.084707 -0.013566 -0.051388
vn 0.082671 -0.001753 -0.056236
vn 0.079937 0.010356 -0.059184
vn 0.076672 0.022492 -0.060129
vn 0.073036 0.034372 -0.059028
vn 0.069185 0.045708 -0.055895
vn 0.065258 0.056217 -0.050805
vn 0.061375 0.065628 -0.043888
vn 0.057631 0.073692 -0.035328
vn 0.054098 0.080191 -0.025353
vn 0.050815 0.084944 -0.014229
vn 0.047793 0.087811 -0.002254
vn 0.045017 0.088704 0.010254
vn 0.042441 0.087586 0.022966
vn 0.039998 0.084476 0.035551
vn 0.037601 0.079448 0.047689
vn 0.035147 0.072629 0.059074
vn 0.032525 0.064198 0.069431
vn 0.029621 0.054381 0.078519
vn 0.026322 0.043445 0.086137
vn 0.022528 0.031690 0.092132
vn 0.018150 0.019442 0.096398
vn 0.013123 0.007041 0.098885
vn 0.007406 -0.005164 0.099592
vn 0.000987 -0.016830 0.098569
vn -0.006113 -0.027626 0.095914
vn -0.013841 -0.037247 0.091766
vn -0.022109 -0.045418 0.086304
vn -0.030798 -0.051905 0.079733
vn -0.039757 -0.056521 0.072282
vn -0.048811 -0.059134 0.064193
vn -0.057761 -0.059664 0.055712
vn -0.066395 -0.058094 0.047082
vn -0.074490 -0.054464 0.038534
vn -0.081821 -0.048871 0.030280
vn -0.088169 -0.041469 0.022504
vn -0.011591 -0.041921 -0.090046
vn 0.001046 -0.037397 -0.092738
vn 0.013447 -0.031894 -0.093819
vn 0.025269 -0.025399 -0.093362
vn 0.036185 -0.017940 -0.091481
vn 0.045893 -0.009583 -0.088329
vn 0.054124 -0.000433 -0.084086
vn 0.060648 0.009370 -0.078956
vn 0.065283 0.019648 -0.073158
vn 0.067899 0.030198 -0.066916
vn 0.068422 0.040790 -0.060454
vn 0.066833 0.051179 -0.053982
vn 0.063174 0.061107 -0.047696
vn 0.057540 0.070319 -0.041766
vn 0.050079 0.078563 -0.036332
vn 0.040987 0.085602 -0.031500
vn -0.032786 -0.037020 -0.086917
vn -0.044564 -0.039526 -0.080323
vn -0.055409 -0.041449 -0.072193
vn -0.065030 -0.042922 -0.062680
vn -0.073175 -0.044083 -0.051981
vn -0.079633 -0.045075 -0.040334
vn -0.084240 -0.046034 -0.028010
vn -0.086885 -0.047083 -0.015307
vn -0.087509 -0.048329 -0.002539
vn -0.086110 -0.049856 0.009970
vn -0.082738 -0.051720 0.021897
vn -0.077493 -0.053947 0.032931
vn -0.070524 -0.056532 0.042784
vn -0.062021 -0.059435 0.051195
vn -0.052208 -0.062585 0.057943
vn -0.041337 -0.065884 0.062853
vn -0.029682 -0.069205 0.065800
vn -0.017525 -0.072401 0.066716
vn -0.005153 -0.075308 0.065590
vn 0.007156 -0.077755 0.062473
vn 0.019133 -0.079567 0.057472
vn 0.030536 -0.080574 0.050749
vn 0.041146 -0.080618 0.042518
vn 0.050780 -0.079560 0.033038
vn 0.059290 -0.077290 0.022605
vn 0.066570 -0.073724 0.011542
vn 0.072553 -0.068819 0.000193
vn 0.077214 -0.062571 -0.011090
vn 0.080567 -0.055016 -0.021959
vn 0.082664 -0.046237 -0.032074
vn 0.083589 -0.036357 -0.041122
vn 0.083453 -0.025542 -0.048818
vn 0.082390 -0.013992 -0.054920
vn 0.080548 -0.001941 -0.059231
vn 0.078086 0.010351 -0.061607
vn 0.075163 0.022606 -0.061963
vn 0.071936 0.034534 -0.060272
vn 0.068547 0.045844 -0.056565
vn 0.065126 0.056253 -0.050933
vn 0.061779 0.065492 -0.043522
vn 0.058589 0.073316 -0.034526
vn 0.055610 0.079515 -0.024185
vn 0.052868 0.083915 -0.012774
vn 0.050360 0.086392 -0.000595
vn 0.048054 0.086868 0.012031
vn 0.045893 0.085323 0.024776
vn 0.043801 0.081788 0.037312
vn 0.041679 0.076354 0.049325
vn 0.039418 0.069163 0.060520
vn 0.036905 0.060408 0.070632
vn 0.034022 0.050327 0.079433
vn 0.030659 0.039199 0.086738
vn 0.026718 0.027331 0.092407
vn 0.022119 0.015057 0.096354
vn 0.016804 0.002720 0.098540
vn 0.010743 -0.009331 0.098982
vn 0.003937 -0.020754 0.097743
vn -0.003580 -0.031224 0.094933
vn -0.011741 -0.040441 0.090701
vn -0.020443 -0.048143 0.085231
vn -0.029553 -0.054106 0.078735
vn -0.038907 -0.058158 0.071441
vn -0.048315 -0.060181 0.063592
vn -0.057571 -0.060111 0.055428
vn -0.066451 -0.057947 0.047185
vn -0.074726 -0.053744 0.039084
vn -0.082168 -0.047616 0.031324
vn -0.088555 -0.039728 0.024076
vn -0.016034 -0.037953 -0.091118
vn -0.003367 -0.033698 -0.094091
vn 0.009151 -0.028522 -0.095408
vn 0.021176 -0.022400 -0.095131
vn 0.032376 -0.015345 -0.093361
vn 0.042441 -0.007408 -0.090243
vn 0.051093 0.001321 -0.085952
vn 0.058091 0.010717 -0.080688
vn 0.063241 0.020616 -0.074669
vn 0.066398 0.030829 -0.068124
vn 0.067473 0.041136 -0.061280
vn 0.066433 0.051301 -0.054358
vn 0.063304 0.061075 -0.047564
vn 0.058167 0.070206 -0.041082
vn 0.051159 0.078442 -0.035066
vn 0.042464 0.085548 -0.029638
vn 0.025948 0.010562 0.095996
vn 0.020337 -0.001691 0.097896
vn 0.013928 -0.013566 0.098092
vn 0.006734 -0.024727 0.096660
vn -0.001195 -0.034852 0.093723
vn -0.009779 -0.043651 0.089437
vn -0.018901 -0.050870 0.083994
vn -0.028413 -0.056301 0.077607
vn -0.038137 -0.059785 0.070508
vn -0.047874 -0.061217 0.062933
vn -0.057405 -0.060552 0.055120
vn -0.066498 -0.057803 0.047295
vn -0.074920 -0.053041 0.039669
vn -0.082439 -0.046393 0.032427
vn -0.088832 -0.038040 0.025727
vn -0.020389 -0.033817 -0.091873
vn -0.007709 -0.029821 -0.095138
vn 0.004908 -0.024966 -0.096709
vn 0.017117 -0.019214 -0.096632
vn 0.028584 -0.012567 -0.095000
vn 0.038992 -0.005058 -0.091946
vn 0.048054 0.003236 -0.087638
vn 0.055518 0.012206 -0.082272
vn 0.061178 0.021703 -0.076067
vn 0.064876 0.031551 -0.069251
vn 0.066507 0.041542 -0.062057
vn 0.066024 0.051450 -0.054715
vn 0.063438 0.061035 -0.047439
vn 0.058815 0.070047 -0.040426
vn 0.052279 0.078239 -0.033845
vn 0.044003 0.085376 -0.027834
vn -0.044838 -0.023296 -0.086295
vn -0.056072 -0.025596 -0.078745
vn -0.066169 -0.027586 -0.069718
vn -0.074872 -0.029400 -0.059413
vn -0.081962 -0.031173 -0.048067
vn -0.087270 -0.033035 -0.035954
vn -0.090673 -0.035100 -0.023377
vn -0.092103 -0.037464 -0.010655
vn -0.091545 -0.040200 0.001881
vn -0.089036 -0.043350 0.013903
vn -0.084665 -0.046928 0.025092
vn -0.078565 -0.050912 0.035150
vn -0.070912 -0.055249 0.043807
vn -0.061917 -0.059853 0.050833
vn -0.051817 -0.064608 0.056043
vn -0.040871 -0.069375 0.059302
vn -0.029349 -0.073989 0.060533
vn -0.017525 -0.078274 0.059716
vn -0.005667 -0.082044 0.056892
vn 0.005970 -0.085110 0.052160
vn 0.017149 -0.087290 0.045677
vn 0.027660 -0.088417 0.037648
vn 0.037327 -0.088342 0.028327
vn 0.046006 -0.086944 0.018006
vn 0.053591 -0.084136 0.007005
vn 0.060018 -0.079869 -0.004333
vn 0.065261 -0.074134 -0.015659
vn 0.069330 -0.066967 -0.026622
vn 0.072272 -0.058451 -0.036881
vn 0.074164 -0.048711 -0.046119
vn 0.075109 -0.037914 -0.054048
vn 0.075230 -0.026268 -0.060419
vn 0.074666 -0.014013 -0.065028
vn 0.073560 -0.001416 -0.067727
vn 0.072060 0.011236 -0.068419
vn 0.070305 0.023643 -0.067069
vn 0.068425 0.035504 -0.063699
vn 0.066530 0.046521 -0.058391
vn 0.064713 0.056415 -0.051279
vn 0.063037 0.064929 -0.042550
vn 0.061542 0.071838 -0.032433
vn 0.060237 0.076957 -0.021194
vn 0.059102 0.080148 -0.009126
vn 0.058091 0.081323 0.003458
vn 0.057135 0.080448 0.016236
vn 0.056142 0.077547 0.028888
vn 0.055003 0.072699 0.041103
vn 0.053600 0.066038 0.052593
vn 0.051809 0.057750 0.063093
vn 0.049507 0.048069 0.072377
vn 0.046578 0.037267 0.080260
vn -0.048541 -0.018526 -0.085443
vn -0.059568 -0.020793 -0.077584
vn -0.069398 -0.022843 -0.068280
vn -0.077784 -0.024808 -0.057742
vn -0.084522 -0.026823 -0.046223
vn -0.089454 -0.029008 -0.034007
vn -0.092474 -0.031470 -0.021404
vn -0.093528 -0.034295 -0.008739
vn -0.092614 -0.037542 0.003654
vn -0.089782 -0.041239 0.015446
vn -0.085131 -0.045385 0.026322
vn -0.078807 -0.049943 0.035989
vn -0.070991 -0.054842 0.044189
vn -0.061899 -0.059984 0.050700
vn -0.051773 -0.065237 0.055351
vn -0.040871 -0.070448 0.058023
vn -0.029460 -0.075443 0.058655
vn -0.017809 -0.080037 0.057244
vn -0.006179 -0.084038 0.053847
vn 0.005184 -0.087253 0.048580
vn 0.016055 -0.089501 0.041615
vn 0.026239 -0.090616 0.033172
vn 0.035569 -0.090454 0.023515
vn 0.043918 -0.088902 0.012947
vn 0.051194 -0.085883 0.001795
vn 0.057347 -0.081359 -0.009597
vn 0.062361 -0.075335 -0.020875
vn 0.066260 -0.067861 -0.031693
vn 0.069100 -0.059034 -0.041716
vn 0.070964 -0.048994 -0.050634
vn 0.071960 -0.037923 -0.058168
vn 0.072215 -0.026042 -0.064084
vn 0.071865 -0.013602 -0.068193
vn 0.071053 -0.000880 -0.070361
vn 0.069919 0.011828 -0.070508
vn 0.068595 0.024218 -0.068617
vn 0.067199 0.035985 -0.064725
vn 0.065832 0.046834 -0.058930
vn 0.064571 0.056486 -0.051380
vn 0.063466 0.064692 -0.042273
vn 0.062541 0.071234 -0.031849
vn 0.061789 0.075939 -0.020380
vn 0.061178 0.078680 -0.008165
vn 0.060648 0.079383 0.004483
vn 0.060116 0.078030 0.017244
vn 0.059479 0.074659 0.029803
vn 0.058623 0.069365 0.041855
vn 0.057421 0.062297 0.053122
vn 0.055746 0.053655 0.063352
vn 0.053476 0.043684 0.072333
vn 0.050496 0.032668 0.079893
vn -0.052063 -0.013686 -0.084274
vn -0.062872 -0.015940 -0.076112
vn -0.072426 -0.018068 -0.066543
vn -0.080493 -0.020204 -0.055791
vn -0.086880 -0.022476 -0.044121
vn -0.091444 -0.024999 -0.031827
vn -0.094093 -0.027870 -0.019227
vn -0.094787 -0.031164 -0.006651
vn -0.093537 -0.034926 0.005565
vn -0.090407 -0.039170 0.017095
vn -0.085507 -0.043880 0.027626
vn -0.078989 -0.049001 0.036874
vn -0.071043 -0.054450 0.044588
vn -0.061890 -0.060110 0.050561
vn -0.051773 -0.065838 0.054634
vn -0.040949 -0.071468 0.056705
vn -0.029682 -0.076818 0.056728
vn -0.018235 -0.081692 0.054717
vn -0.006860 -0.085893 0.050748
vn 0.004207 -0.089228 0.044951
vn 0.014753 -0.091516 0.037513
vn 0.024594 -0.092592 0.028668
vn 0.033579 -0.092320 0.018693
vn 0.041594 -0.090596 0.007896
vn 0.048563 -0.087351 -0.003389
vn 0.054447 -0.082560 -0.014813
vn 0.059244 -0.076242 -0.026025
vn 0.062988 -0.068462 -0.036681
vn 0.065743 -0.059330 -0.046452
vn 0.067599 -0.049003 -0.055036
vn 0.068670 -0.037676 -0.062169
vn 0.069081 -0.025582 -0.067627
vn 0.068970 -0.012983 -0.071236
vn 0.068473 -0.000167 -0.072880
vn 0.067725 0.012564 -0.072494
vn 0.066849 0.024903 -0.070078
vn 0.065954 0.036542 -0.065687
vn 0.065126 0.047187 -0.059430
vn 0.064428 0.056565 -0.051472
vn 0.063897 0.064432 -0.042021
vn 0.063540 0.070579 -0.031325
vn 0.063338 0.074845 -0.019663
vn 0.063241 0.077115 -0.007337
vn 0.063178 0.077330 0.005340
vn 0.063054 0.075488 0.018050
vn 0.062757 0.071641 0.030483
vn 0.062162 0.065899 0.042345
vn 0.061141 0.058427 0.053367
vn 0.059563 0.049438 0.063309
vn 0.057305 0.039189 0.071975
vn 0.054256 0.027974 0.079207
vn -0.036599 -0.015909 -0.091692
vn -0.024052 -0.012822 -0.096214
vn -0.011230 -0.009164 -0.098944
vn 0.001525 -0.004853 -0.099871
vn 0.013874 0.000162 -0.099033
vn 0.025482 0.005903 -0.096518
vn 0.036036 0.012353 -0.092460
vn 0.045249 0.019465 -0.087027
vn 0.052868 0.027151 -0.080422
vn 0.058685 0.035292 -0.072873
vn 0.062541 0.043735 -0.064622
vn 0.064328 0.052300 -0.055917
vn 0.063997 0.060784 -0.047007
vn 0.061556 0.068970 -0.038130
vn 0.057071 0.076630 -0.029507
vn 0.050663 0.083535 -0.021333
vn 0.042506 0.089463 -0.013772
vn 0.032819 0.094205 -0.006954
vn 0.021864 0.097576 -0.000970
vn 0.009933 0.099420 0.004132
vn -0.002655 0.099616 0.008341
vn -0.015569 0.098087 0.011689
vn -0.028471 0.094797 0.014243
vn -0.041026 0.089764 0.016103
vn -0.052915 0.083050 0.017397
vn -0.063839 0.074771 0.018274
vn -0.073530 0.065086 0.018897
vn -0.081758 0.054203 0.019435
vn -0.088335 0.042364 0.020057
vn -0.093121 0.029847 0.020921
vn -0.096026 0.016955 0.022172
vn -0.097012 0.004004 0.023929
vn -0.096093 -0.008676 0.026286
vn -0.093330 -0.020762 0.029300
vn -0.088832 -0.031941 0.032994
vn -0.082750 -0.041920 0.037353
vn -0.055392 -0.008795 -0.082791
vn -0.065971 -0.011053 -0.074335
vn -0.075244 -0.013279 -0.064514
vn -0.082989 -0.015603 -0.053567
vn -0.089028 -0.018149 -0.041768
vn -0.093232 -0.021023 -0.029423
vn -0.095523 -0.024314 -0.016855
vn -0.095875 -0.028083 -0.004400
vn -0.094312 -0.032362 0.007609
vn -0.090910 -0.037151 0.018844
vn -0.085789 -0.042417 0.029001
vn -0.079110 -0.048090 0.037801
vn -0.071069 -0.054072 0.045004
vn -0.061890 -0.060231 0.050417
vn -0.051817 -0.066410 0.053895
vn -0.041104 -0.072433 0.055352
vn -0.030013 -0.078107 0.054758
vn -0.018799 -0.083231 0.052146
vn -0.007705 -0.087603 0.047606
vn 0.003043 -0.091028 0.041286
vn 0.013245 -0.093327 0.033387
vn 0.022731 -0.094339 0.024155
vn 0.031364 -0.093935 0.013877
vn 0.039044 -0.092018 0.002871
vn 0.045708 -0.088533 -0.008526
vn 0.051330 -0.083467 -0.019963
vn 0.055922 -0.076852 -0.031090
vn 0.059526 -0.068768 -0.041566
vn 0.062214 -0.059340 -0.051070
vn 0.064084 -0.048739 -0.059311
vn 0.065250 -0.037174 -0.066035
vn 0.065841 -0.024889 -0.071032
vn 0.065989 -0.012159 -0.074146
vn 0.065829 0.000721 -0.075273
vn 0.065486 0.013443 -0.074369
vn 0.065076 0.025697 -0.071448
vn 0.064693 0.037173 -0.066580
vn 0.064413 0.047581 -0.059891
vn 0.064284 0.056652 -0.051556
vn 0.064328 0.064149 -0.041795
vn 0.064537 0.069874 -0.030864
vn 0.064876 0.073678 -0.019046
vn 0.065283 0.075458 -0.006646
vn 0.065673 0.075172 0.006024
vn 0.065939 0.072830 0.018649
vn 0.065962 0.068502 0.030927
vn 0.065609 0.062314 0.042572
vn 0.064747 0.054444 0.053326
vn 0.063244 0.045117 0.062965
vn 0.060979 0.034602 0.071304
vn 0.057843 0.023202 0.078204
vn -0.040274 -0.011174 -0.090847
vn -0.027805 -0.008279 -0.095699
vn -0.014981 -0.004893 -0.098750
vn -0.002139 -0.000924 -0.099973
vn 0.010379 0.003690 -0.099391
vn 0.022240 0.008982 -0.097081
vn 0.033123 0.014955 -0.093162
vn 0.042735 0.021572 -0.087797
vn 0.050815 0.028763 -0.081182
vn 0.057141 0.036423 -0.073541
vn 0.061542 0.044415 -0.065114
vn 0.063897 0.052571 -0.056156
vn 0.064140 0.060701 -0.046919
vn 0.062266 0.068596 -0.037649
vn 0.058325 0.076036 -0.028579
vn 0.052424 0.082796 -0.019916
vn 0.044723 0.088655 -0.011841
vn 0.035433 0.093404 -0.004497
vn 0.024804 0.096854 0.002008
vn 0.013122 0.098843 0.007607
vn 0.000701 0.099241 0.012276
vn -0.012128 0.097959 0.016030
vn -0.025027 0.094951 0.018922
vn -0.037657 0.090217 0.021042
vn -0.049694 0.083809 0.022507
vn -0.060829 0.075825 0.023460
vn -0.070785 0.066412 0.024060
vn -0.079319 0.055762 0.024476
vn -0.086231 0.044106 0.024878
vn -0.091366 0.031710 0.025431
vn -0.094620 0.018868 0.026288
vn -0.095941 0.005893 0.027578
vn -0.095329 -0.006893 0.029408
vn -0.092835 -0.019165 0.031850
vn -0.088555 -0.030609 0.034944
vn -0.082633 -0.040926 0.038689
vn -0.075247 -0.049848 0.043048
vn -0.058515 -0.003871 -0.081000
vn -0.068854 -0.006153 -0.072258
vn -0.077840 -0.008494 -0.062200
vn -0.085262 -0.011023 -0.051076
vn -0.090958 -0.013857 -0.039174
vn -0.094812 -0.017095 -0.026804
vn -0.096759 -0.020814 -0.014298
vn -0.096788 -0.025063 -0.001992
vn -0.094936 -0.029860 0.009777
vn -0.091289 -0.035189 0.020688
vn -0.085978 -0.041002 0.030440
vn -0.079171 -0.047214 0.038766
vn -0.071069 -0.053710 0.045435
vn -0.061899 -0.060345 0.050269
vn -0.051904 -0.066951 0.053137
vn -0.041337 -0.073339 0.053969
vn -0.030453 -0.079307 0.052754
vn -0.019500 -0.084650 0.049539
vn -0.008713 -0.089161 0.044433
vn 0.001696 -0.092647 0.037599
vn 0.011538 -0.094928 0.029251
vn 0.020658 -0.095850 0.019648
vn 0.028932 -0.095291 0.009087
vn 0.036275 -0.093165 -0.002109
vn 0.042638 -0.089427 -0.013598
vn 0.048008 -0.084077 -0.025027
vn 0.052406 -0.077162 -0.036050
vn 0.055885 -0.068778 -0.046330
vn 0.058526 -0.059063 -0.055554
vn 0.060430 -0.048202 -0.063441
vn 0.061713 -0.036418 -0.069751
vn 0.062505 -0.023967 -0.074288
vn 0.062934 -0.011134 -0.076911
vn 0.063130 0.001780 -0.077533
vn 0.063211 0.014461 -0.076126
vn 0.063280 0.026596 -0.072721
vn 0.063422 0.037876 -0.067402
vn 0.063697 0.048014 -0.060310
vn 0.064140 0.056747 -0.051632
vn 0.064758 0.063845 -0.041596
vn 0.065527 0.069123 -0.030466
vn 0.066398 0.072442 -0.018531
vn 0.067296 0.073716 -0.006094
vn 0.068122 0.072915 0.006532
vn 0.068761 0.070067 0.019040
vn 0.069082 0.065257 0.031132
vn 0.068950 0.058624 0.042535
vn 0.068225 0.050361 0.053001
vn 0.066777 0.040707 0.062320
vn 0.064484 0.029940 0.070324
vn 0.061245 0.018372 0.076887
vn -0.043770 -0.006371 -0.089686
vn -0.031396 -0.003653 -0.094873
vn -0.018590 -0.000525 -0.098256
vn -0.005683 0.003111 -0.099790
vn 0.006984 0.007329 -0.099486
vn 0.019075 0.012176 -0.097406
vn 0.030268 0.017666 -0.093657
vn 0.040262 0.023780 -0.088394
vn 0.048786 0.030463 -0.081804
vn 0.055610 0.037625 -0.074107
vn 0.060548 0.045143 -0.065544
vn 0.063466 0.052865 -0.056368
vn 0.064284 0.060611 -0.046839
vn 0.062981 0.068183 -0.037209
vn 0.059591 0.075369 -0.027721
vn 0.054209 0.081949 -0.018595
vn 0.046981 0.087706 -0.010024
vn 0.038105 0.092430 -0.002169
vn 0.027823 0.095929 0.004847
vn 0.016412 0.098036 0.010940
vn 0.004181 0.098612 0.016069
vn -0.008541 0.097558 0.020234
vn -0.021417 0.094817 0.023475
vn -0.034104 0.090375 0.025868
vn -0.046273 0.084270 0.027521
vn -0.057608 0.076584 0.028569
vn -0.067821 0.067451 0.029167
vn -0.076659 0.057047 0.029481
vn -0.083907 0.045592 0.029683
vn -0.089397 0.033340 0.029944
vn -0.093012 0.020575 0.030421
vn -0.094685 0.007603 0.031256
vn -0.094402 -0.005258 0.032567
vn -0.092201 -0.017685 0.034440
vn -0.088169 -0.029363 0.036932
vn -0.082439 -0.039991 0.040057
vn -0.075181 -0.049291 0.043797
vn -0.066603 -0.057020 0.048091
vn -0.061420 0.001067 -0.078908
vn -0.071510 -0.001256 -0.069891
vn -0.080204 -0.003731 -0.059610
vn -0.087305 -0.006481 -0.048330
vn -0.092663 -0.009618 -0.036346
vn -0.096177 -0.013230 -0.023979
vn -0.097796 -0.017384 -0.011564
vn -0.097522 -0.022116 0.000561
vn -0.095405 -0.027429 0.012061
vn -0.091543 -0.033292 0.022618
vn -0.086073 -0.039640 0.031939
vn -0.079171 -0.046375 0.039765
vn -0.071043 -0.053366 0.045880
vn -0.061917 -0.060454 0.050116
vn -0.052034 -0.067459 0.052362
vn -0.041646 -0.074181 0.052562
vn -0.031000 -0.080413 0.050722
vn -0.020337 -0.085943 0.046907
vn -0.009879 -0.090562 0.041242
vn 0.000171 -0.094077 0.033904
vn 0.009639 -0.096312 0.025121
vn 0.018382 -0.097119 0.015165
vn 0.026293 -0.096384 0.004339
vn 0.033299 -0.094031 -0.007026
vn 0.039366 -0.090027 -0.018585
vn 0.044492 -0.084388 -0.029987
vn 0.048710 -0.077173 -0.040887
vn 0.052081 -0.068492 -0.050955
vn 0.054693 -0.058500 -0.059887
vn 0.056651 -0.047395 -0.067412
vn 0.058073 -0.035412 -0.073304
vn 0.059086 -0.022820 -0.077383
vn 0.059818 -0.009910 -0.079521
vn 0.060388 0.003007 -0.079651
vn 0.060908 0.015615 -0.077759
vn 0.061469 0.027597 -0.073891
vn 0.062145 0.038648 -0.068150
vn 0.062981 0.048484 -0.060686
vn 0.063997 0.056848 -0.051698
vn 0.065185 0.063521 -0.041425
vn 0.066507 0.068328 -0.030135
vn 0.067899 0.071143 -0.018119
vn 0.069273 0.071896 -0.005683
vn 0.070518 0.070570 0.006864
vn 0.071508 0.067210 0.019221
vn 0.072107 0.061915 0.031099
vn 0.072172 0.054841 0.042233
vn 0.071563 0.046194 0.052392
vn 0.070147 0.036224 0.061378
vn 0.067808 0.025219 0.069037
vn 0.064448 0.013499 0.075261
vn -0.047073 -0.001517 -0.088214
vn -0.034813 0.001041 -0.093739
vn -0.022043 0.003924 -0.097461
vn -0.009093 0.007238 -0.099322
vn 0.003701 0.011067 -0.099317
vn 0.016001 0.015471 -0.097492
vn 0.027483 0.020478 -0.093943
vn 0.037838 0.026082 -0.088814
vn 0.046791 0.032245 -0.082285
vn 0.054098 0.038893 -0.074571
vn 0.059563 0.045917 -0.065909
vn 0.063037 0.053179 -0.056554
vn 0.064428 0.060513 -0.046768
vn 0.063697 0.067731 -0.036812
vn 0.060866 0.074631 -0.026936
vn 0.056013 0.080998 -0.017372
vn 0.049272 0.086619 -0.008328
vn 0.040827 0.091286 0.000021
vn 0.030910 0.094804 0.007536
vn 0.019791 0.097000 0.014116
vn 0.007772 0.097731 0.019705
vn -0.004823 0.096886 0.024287
vn -0.017654 0.094397 0.027886
vn -0.030381 0.090237 0.030565
vn -0.042665 0.084430 0.032422
vn -0.054187 0.077045 0.033584
vn -0.064649 0.068198 0.034199
vn -0.073785 0.058054 0.034432
vn -0.081370 0.046817 0.034455
vn -0.087222 0.034730 0.034441
vn -0.091208 0.022068 0.034555
vn -0.093248 0.009128 0.034949
vn -0.093315 -0.003777 0.035750
vn -0.091432 -0.016329 0.037061
vn -0.087676 -0.028210 0.038951
vn -0.082168 -0.039116 0.041453
vn -0.075072 -0.048767 0.044564
vn -0.066590 -0.056909 0.048241
vn -0.056950 -0.063329 0.052405
vn -0.064097 0.006000 -0.076522
vn -0.073930 0.003618 -0.067240
vn -0.082329 0.000993 -0.056754
vn -0.089110 -0.001994 -0.045338
vn -0.094136 -0.005445 -0.033297
vn -0.097322 -0.009442 -0.020960
vn -0.098630 -0.014036 -0.008663
vn -0.098075 -0.019252 0.003252
vn -0.095720 -0.025077 0.014454
vn -0.091670 -0.031466 0.024629
vn -0.086073 -0.038337 0.033492
vn -0.079110 -0.045577 0.040796
vn -0.070991 -0.053040 0.046336
vn -0.061943 -0.060556 0.049961
vn -0.052208 -0.067931 0.051573
vn -0.042030 -0.074958 0.051135
vn -0.031652 -0.081421 0.048669
vn -0.021304 -0.087105 0.044259
vn -0.011199 -0.091801 0.038042
vn -0.001526 -0.095314 0.030214
vn 0.007554 -0.097475 0.021013
vn 0.015912 -0.098142 0.010721
vn 0.023456 -0.097210 -0.000348
vn 0.030127 -0.094613 -0.011862
vn 0.035903 -0.090333 -0.023470
vn 0.040796 -0.084398 -0.034824
vn 0.044847 -0.076882 -0.045583
vn 0.048128 -0.067911 -0.055424
vn 0.050729 -0.057653 -0.064052
vn 0.052761 -0.046320 -0.071209
vn 0.054342 -0.034159 -0.076681
vn 0.055598 -0.021450 -0.080304
vn 0.056650 -0.008493 -0.081968
vn 0.057612 0.004397 -0.081618
vn 0.058585 0.016899 -0.079261
vn 0.059650 0.028696 -0.074956
vn 0.060866 0.039486 -0.068820
vn 0.062266 0.048989 -0.061017
vn 0.063854 0.056956 -0.051755
vn 0.065607 0.063178 -0.041282
vn 0.067473 0.067492 -0.029870
vn 0.069373 0.069786 -0.017813
vn 0.071206 0.070003 -0.005416
vn 0.072850 0.068144 0.007018
vn 0.074171 0.064268 0.019191
vn 0.075025 0.058490 0.030826
vn 0.075264 0.050981 0.041669
vn 0.074747 0.041958 0.051501
vn 0.073343 0.031685 0.060140
vn 0.070938 0.020458 0.067448
vn 0.067440 0.008604 0.073334
vn -0.050173 0.003369 -0.086437
vn -0.038041 0.005784 -0.092301
vn -0.025328 0.008437 -0.096371
vn -0.012355 0.011441 -0.098572
vn 0.000542 0.014891 -0.098884
vn 0.013029 0.018856 -0.097338
vn 0.024776 0.023379 -0.094019
vn 0.035473 0.028469 -0.089057
vn 0.044835 0.034103 -0.082625
vn 0.052610 0.040221 -0.074930
vn 0.058589 0.046733 -0.066207
vn 0.062612 0.053512 -0.056711
vn 0.064571 0.060408 -0.046706
vn 0.064413 0.067244 -0.036459
vn 0.062145 0.073825 -0.026227
vn 0.057829 0.079947 -0.016254
vn 0.051586 0.085400 -0.006760
vn 0.043588 0.089977 0.002064
vn 0.034054 0.093483 0.010065
vn 0.023246 0.095741 0.017126
vn 0.011459 0.096601 0.023172
vn -0.000987 0.095944 0.028173
vn -0.013754 0.093691 0.032137
vn -0.026500 0.089804 0.035114
vn -0.038884 0.084290 0.037191
vn -0.050579 0.077205 0.038485
vn -0.061280 0.068652 0.039137
vn -0.070710 0.058778 0.039310
vn -0.078631 0.047776 0.039174
vn -0.084848 0.035877 0.038906
vn -0.089215 0.023343 0.038676
vn -0.091636 0.010463 0.038643
vn -0.092071 -0.002457 0.038947
vn -0.090530 -0.015100 0.039703
vn -0.087076 -0.027152 0.040994
vn -0.081821 -0.038306 0.042871
vn -0.074920 -0.048277 0.045346
vn -0.066568 -0.056803 0.048395
vn -0.056989 -0.063663 0.051954
vn -0.046433 -0.068677 0.055924
vn -0.066535 0.010912 -0.073851
vn -0.076104 0.008452 -0.064317
vn -0.084205 0.005660 -0.053642
vn -0.090669 0.002422 -0.042111
vn -0.095372 -0.001356 -0.030038
vn -0.098243 -0.005744 -0.017756
vn -0.099259 -0.010784 -0.005607
vn -0.098445 -0.016482 0.006070
vn -0.095877 -0.022815 0.016945
vn -0.091670 -0.029718 0.026711
vn -0.085978 -0.037098 0.035093
vn -0.078989 -0.044823 0.041853
vn -0.070912 -0.052735 0.046802
vn -0.061978 -0.060651 0.049802
vn -0.052423 -0.068366 0.050773
vn -0.042488 -0.075666 0.049694
vn -0.032406 -0.082327 0.046605
vn -0.022399 -0.088132 0.041605
vn -0.012668 -0.092872 0.034848
vn -0.003390 -0.096353 0.026543
vn 0.005290 -0.098412 0.016942
vn 0.013257 -0.098915 0.006335
vn 0.020432 -0.097765 -0.004958
vn 0.026770 -0.094910 -0.016597
vn 0.032263 -0.090343 -0.028234
vn 0.036933 -0.084107 -0.039521
vn 0.040832 -0.076293 -0.050121
vn 0.044039 -0.067038 -0.059721
vn 0.046649 -0.056526 -0.068035
vn 0.048775 -0.044982 -0.074818
vn 0.050535 -0.032665 -0.079870
vn 0.052053 -0.019864 -0.083042
vn 0.053443 -0.006887 -0.084240
vn 0.054812 0.005945 -0.083428
vn 0.056251 0.018309 -0.080626
vn 0.057829 0.029890 -0.075910
vn 0.059591 0.040387 -0.069410
vn 0.061556 0.049528 -0.061301
vn 0.063713 0.057071 -0.051803
vn 0.066024 0.062818 -0.041168
vn 0.068422 0.066618 -0.029673
vn 0.070814 0.068375 -0.017614
vn 0.073088 0.068045 -0.005292
vn 0.075111 0.065646 0.006992
vn 0.076740 0.061252 0.018951
vn 0.077824 0.054995 0.030315
vn 0.078214 0.047057 0.040844
vn 0.077767 0.037670 0.050332
vn 0.076353 0.027107 0.058613
vn 0.073862 0.015674 0.065565
vn 0.070211 0.003703 0.071110
vn -0.053056 0.008270 -0.084361
vn -0.041069 0.010559 -0.090564
vn -0.028432 0.012998 -0.094988
vn -0.015459 0.015705 -0.097542
vn -0.002480 0.018785 -0.098189
vn 0.010169 0.022318 -0.096946
vn 0.022159 0.026359 -0.093884
vn 0.033176 0.030932 -0.089121
vn 0.042926 0.036029 -0.082821
vn 0.051151 0.041607 -0.075183
vn 0.057631 0.047588 -0.066438
vn 0.062193 0.053864 -0.056840
vn 0.064713 0.060297 -0.046654
vn 0.065126 0.066722 -0.036151
vn 0.063422 0.072955 -0.025596
vn 0.059650 0.078800 -0.015244
vn 0.053915 0.084052 -0.005326
vn 0.046377 0.088507 0.003954
vn 0.037243 0.091971 0.012426
vn 0.026764 0.094262 0.019957
vn 0.015229 0.095227 0.026457
vn 0.002953 0.094737 0.031877
vn -0.009730 0.092704 0.036213
vn -0.022477 0.089076 0.039499
vn -0.034944 0.083850 0.041811
vn -0.046798 0.077065 0.043254
vn -0.057727 0.068810 0.043964
vn -0.067444 0.059218 0.044098
vn -0.075699 0.048467 0.043825
vn -0.082284 0.036775 0.043323
vn -0.087039 0.024393 0.042768
vn -0.089855 0.011601 0.042325
vn -0.090676 -0.001302 0.042145
vn -0.089498 -0.014005 0.042355
vn -0.086373 -0.026195 0.043053
vn -0.081400 -0.037564 0.044305
vn -0.074726 -0.047823 0.046141
vn -0.066537 -0.056705 0.048552
vn -0.057054 -0.063979 0.051493
vn -0.046524 -0.069453 0.054879
vn -0.035212 -0.072984 0.058596
vn -0.068726 0.015783 -0.070906
vn -0.078025 0.013228 -0.061133
vn -0.085827 0.010253 -0.050285
vn -0.091977 0.006750 -0.038660
vn -0.096367 0.002635 -0.026580
vn -0.098937 -0.002152 -0.014380
vn -0.099679 -0.007638 -0.002406
vn -0.098631 -0.013817 0.009004
vn -0.095877 -0.020649 0.019526
vn -0.091543 -0.028056 0.028858
vn -0.085789 -0.035926 0.036736
vn -0.078807 -0.044115 0.042934
vn -0.070808 -0.052451 0.047277
vn -0.062021 -0.060738 0.049642
vn -0.052679 -0.068763 0.049966
vn -0.043017 -0.076302 0.048245
vn -0.033260 -0.083128 0.044536
vn -0.023619 -0.089021 0.038954
vn -0.014282 -0.093771 0.031670
vn -0.005412 -0.097191 0.022905
vn 0.002857 -0.099120 0.012922
vn 0.010427 -0.099434 0.002021
vn 0.017232 -0.098048 -0.009473
vn 0.023241 -0.094920 -0.021215
vn 0.028459 -0.090058 -0.032859
vn 0.032918 -0.083518 -0.044059
vn 0.036680 -0.075406 -0.054484
vn 0.039830 -0.065875 -0.063829
vn 0.042467 -0.055122 -0.071820
vn 0.044707 -0.043385 -0.078225
vn 0.046666 -0.030934 -0.082857
vn 0.048464 -0.018067 -0.085585
vn 0.050209 -0.005099 -0.086331
vn 0.052000 0.007645 -0.085074
vn 0.053915 0.019841 -0.081850
vn 0.056013 0.031174 -0.076751
vn 0.058325 0.041348 -0.069918
vn 0.060853 0.050098 -0.061539
vn 0.063574 0.057191 -0.051841
vn 0.066433 0.062441 -0.041083
vn 0.069350 0.065710 -0.029544
vn 0.072218 0.066915 -0.017521
vn 0.074913 0.066029 -0.005312
vn 0.077292 0.063086 0.006788
vn 0.079205 0.058175 0.018501
vn 0.080495 0.051442 0.029567
vn 0.081012 0.043084 0.039761
vn 0.080610 0.033344 0.048889
vn 0.079164 0.022507 0.056802
vn 0.076570 0.010885 0.063392
vn 0.072750 -0.001185 0.068600
vn -0.055712 0.013166 -0.081993
vn -0.043887 0.015348 -0.088535
vn -0.031344 0.017589 -0.093318
vn -0.018391 0.020014 -0.096235
vn -0.005355 0.022735 -0.097234
vn 0.007432 0.025844 -0.096317
vn 0.019641 0.029407 -0.093539
vn 0.030954 0.033462 -0.089006
vn 0.041072 0.038017 -0.082872
vn 0.049728 0.043043 -0.075329
vn 0.056693 0.048480 -0.066601
vn 0.061779 0.054233 -0.056939
vn 0.064853 0.060179 -0.046611
vn 0.065832 0.066167 -0.035889
vn 0.064693 0.072024 -0.025047
vn 0.061469 0.077561 -0.014346
vn 0.056251 0.082581 -0.004031
vn 0.049184 0.086883 0.005683
vn 0.040464 0.090273 0.014608
vn 0.030333 0.092570 0.022599
vn 0.019069 0.093613 0.029546
vn 0.006982 0.093269 0.035386
vn -0.005597 0.091437 0.040098
vn -0.018326 0.088058 0.043704
vn -0.030859 0.083111 0.046263
vn -0.042858 0.076625 0.047873
vn -0.054003 0.068672 0.048661
vn -0.063999 0.059371 0.048777
vn -0.072585 0.048887 0.048389
vn -0.079540 0.037422 0.047676
vn -0.084690 0.025216 0.046816
vn -0.087912 0.012540 0.045982
vn -0.089134 -0.000316 0.045333
vn -0.088340 -0.013047 0.045009
vn -0.085568 -0.025341 0.045121
vn -0.080906 -0.036892 0.045751
vn -0.074490 -0.047406 0.046945
vn -0.066498 -0.056614 0.048712
vn -0.057146 -0.064274 0.051022
vn -0.046676 -0.070185 0.053810
vn -0.035354 -0.074190 0.056973
vn -0.023458 -0.076185 0.060379
vn -0.070661 0.020595 -0.067697
vn -0.079684 0.017928 -0.057698
vn -0.087188 0.014754 -0.046697
vn -0.093030 0.010974 -0.035000
vn -0.097116 0.006513 -0.022936
vn -0.099401 0.001323 -0.010846
vn -0.099889 -0.004611 0.000927
vn -0.098631 -0.011267 0.012044
vn -0.095720 -0.018589 0.022186
vn -0.091289 -0.026484 0.031062
vn -0.085507 -0.034826 0.038416
vn -0.078565 -0.043456 0.044035
vn -0.070679 -0.052189 0.047758
vn -0.062072 -0.060818 0.049480
vn -0.052976 -0.069119 0.049153
vn -0.043617 -0.076864 0.046792
vn -0.034211 -0.083821 0.042470
vn -0.024957 -0.089767 0.036318
vn -0.016032 -0.094496 0.028521
vn -0.007586 -0.097824 0.019313
vn 0.000264 -0.099597 0.008969
vn 0.007432 -0.099699 -0.002204
vn 0.013868 -0.098057 -0.013875
vn 0.019554 -0.094643 -0.025699
vn 0.024505 -0.089477 -0.037328
vn 0.028766 -0.082631 -0.048422
vn 0.032407 -0.074225 -0.058656
vn 0.035517 -0.064426 -0.067733
vn 0.038201 -0.053447 -0.075393
vn 0.040573 -0.041535 -0.081417
vn 0.042750 -0.028973 -0.085633
vn 0.044844 -0.016066 -0.087925
vn 0.046960 -0.003135 -0.088232
vn 0.049184 0.009491 -0.086550
vn 0.051586 0.021487 -0.082929
vn 0.054209 0.032542 -0.077475
vn 0.057071 0.042366 -0.070342
vn 0.060161 0.050697 -0.061729
vn 0.063438 0.057317 -0.051870
vn 0.066833 0.062049 -0.041027
vn 0.070253 0.064770 -0.029485
vn 0.073578 0.065412 -0.017536
vn 0.076672 0.063964 -0.005477
vn 0.079384 0.060474 0.006406
vn 0.081556 0.055047 0.017843
vn 0.083028 0.047845 0.028587
vn 0.083646 0.039077 0.038424
vn 0.083267 0.028998 0.047178
vn 0.081768 0.017902 0.054713
vn 0.079051 0.006109 0.060939
vn 0.075048 -0.006041 0.065812
vn -0.058132 0.018041 -0.079342
vn -0.046483 0.020133 -0.086221
vn -0.034053 0.022193 -0.091367
vn -0.021143 0.024352 -0.094657
vn -0.008072 0.026727 -0.096024
vn 0.004829 0.029420 -0.095452
vn 0.017232 0.032511 -0.092984
vn 0.028816 0.036050 -0.088713
vn 0.039279 0.040058 -0.082780
vn 0.048346 0.044525 -0.075367
vn 0.055777 0.049404 -0.066695
vn 0.061375 0.054618 -0.057010
vn 0.064991 0.060056 -0.046577
vn 0.066530 0.065582 -0.035675
vn 0.065954 0.071034 -0.024580
vn 0.063280 0.076234 -0.013564
vn 0.058585 0.080991 -0.002879
vn 0.052000 0.085109 0.007244
vn 0.043708 0.088396 0.016605
vn 0.033939 0.090670 0.025041
vn 0.022964 0.091766 0.032429
vn 0.011085 0.091545 0.038687
vn -0.001371 0.089897 0.043779
vn -0.014063 0.086751 0.047712
vn -0.026644 0.082077 0.050532
vn -0.038773 0.075886 0.052326
vn -0.050122 0.068238 0.053210
vn -0.060389 0.059237 0.053330
vn -0.069301 0.049033 0.052850
vn -0.076626 0.037814 0.051947
vn -0.082176 0.025809 0.050804
vn -0.085812 0.013275 0.049598
vn -0.087451 0.000497 0.048498
vn -0.087061 -0.012229 0.047653
vn -0.084666 -0.024594 0.047190
vn -0.080342 -0.036292 0.047203
vn -0.074213 -0.047030 0.047755
vn -0.066451 -0.056530 0.048873
vn -0.057263 -0.064547 0.050544
vn -0.046888 -0.070868 0.052718
vn -0.035590 -0.075326 0.055311
vn -0.023648 -0.077802 0.058203
vn -0.072333 0.025331 -0.064236
vn -0.081076 0.022534 -0.054026
vn -0.088282 0.019147 -0.042891
vn -0.093823 0.015078 -0.031144
vn -0.097617 0.010263 -0.019121
vn -0.099634 0.004666 -0.007165
vn -0.099889 -0.001713 0.004380
vn -0.098445 -0.008840 0.015178
vn -0.095405 -0.016641 0.024917
vn -0.090910 -0.025009 0.033315
vn -0.085131 -0.033803 0.040125
vn -0.078265 -0.042849 0.045150
vn -0.070524 -0.051951 0.048244
vn -0.062132 -0.060889 0.049317
vn -0.053312 -0.069435 0.048339
vn -0.044284 -0.077350 0.045341
vn -0.035254 -0.084403 0.040414
vn -0.026409 -0.090369 0.033704
vn -0.017914 -0.095044 0.025411
vn -0.009903 -0.098249 0.015781
vn -0.002481 -0.099839 0.005097
vn 0.004283 -0.099708 -0.006325
vn 0.010352 -0.097793 -0.018150
vn 0.015721 -0.094079 -0.030032
vn 0.020416 -0.088603 -0.041625
vn 0.024493 -0.081450 -0.052593
vn 0.028027 -0.072754 -0.062620
vn 0.031115 -0.062698 -0.071420
vn 0.033864 -0.051506 -0.078742
vn 0.036388 -0.039439 -0.084383
vn 0.038800 -0.026789 -0.088187
vn 0.041208 -0.013868 -0.090053
vn 0.043708 -0.001003 -0.089937
vn 0.046377 0.011475 -0.087849
vn 0.049272 0.023243 -0.083857
vn 0.052424 0.033991 -0.078079
vn 0.055835 0.043435 -0.070681
vn 0.059480 0.051324 -0.061870
vn 0.063304 0.057447 -0.051888
vn 0.067223 0.061644 -0.041002
vn 0.071129 0.063803 -0.029495
vn 0.074890 0.063872 -0.017659
vn 0.078361 0.061856 -0.005785
vn 0.081381 0.057818 0.005848
vn 0.083786 0.051880 0.016980
vn 0.085413 0.044217 0.027377
vn 0.086107 0.035050 0.036839
vn 0.085727 0.024648 0.045204
vn 0.084154 0.013310 0.052354
vn 0.081297 0.001363 0.058215
vn 0.077097 -0.010848 0.062757
vn -0.060306 0.022875 -0.076419
vn -0.048847 0.024896 -0.083631
vn -0.036549 0.026794 -0.089142
vn -0.023702 0.028702 -0.092814
vn -0.010621 0.030745 -0.094562
vn 0.002369 0.033035 -0.094356
vn 0.014940 0.035660 -0.092224
vn 0.026771 0.038685 -0.088243
vn 0.037554 0.042146 -0.082543
vn 0.047009 0.046047 -0.075298
vn 0.054887 0.050358 -0.066720
vn 0.060979 0.055016 -0.057050
vn 0.065126 0.059928 -0.046554
vn 0.067217 0.064969 -0.035509
vn 0.067199 0.069991 -0.024199
vn 0.065076 0.074825 -0.012899
vn 0.060908 0.079289 -0.001875
vn 0.054812 0.083193 0.008632
vn 0.046960 0.086347 0.018409
vn 0.037568 0.088570 0.027276
vn 0.026899 0.089693 0.035095
vn 0.015246 0.089571 0.041768
vn 0.002932 0.088089 0.047242
vn -0.009704 0.085163 0.051509
vn -0.022315 0.080750 0.054602
vn -0.034558 0.074852 0.056595
vn -0.046099 0.067511 0.057595
vn -0.056627 0.058817 0.057740
vn -0.065860 0.048905 0.057191
vn -0.073553 0.037951 0.056122
vn -0.079506 0.026168 0.054718
vn -0.083566 0.013805 0.053162
vn -0.085634 0.001133 0.051629
vn -0.085665 -0.011554 0.050279
vn -0.083668 -0.023956 0.049251
vn -0.079708 -0.035768 0.048655
vn -0.073897 -0.046694 0.048569
vn -0.066395 -0.056455 0.049036
vn -0.057405 -0.064797 0.050060
vn -0.047159 -0.071501 0.051610
vn -0.035919 -0.076388 0.053616
vn -0.023965 -0.079326 0.055973
vn -0.011584 -0.080235 0.058550
vn -0.073736 0.029972 -0.060536
vn -0.082197 0.027030 -0.050131
vn -0.089107 0.023416 -0.038880
vn -0.094353 0.019048 -0.027106
vn -0.097868 0.013872 -0.015147
vn -0.099634 0.007866 -0.003351
vn -0.099679 0.001043 0.007940
vn -0.098075 -0.006546 0.018395
vn -0.094936 -0.014814 0.027708
vn -0.090407 -0.023637 0.035607
vn -0.084665 -0.032860 0.041858
vn -0.077907 -0.042296 0.046276
vn -0.070346 -0.051736 0.048732
vn -0.062199 -0.060953 0.049153
vn -0.053686 -0.069707 0.047526
vn -0.045016 -0.077759 0.043898
vn -0.036386 -0.084872 0.038377
vn -0.027971 -0.090823 0.031125
vn -0.019920 -0.095412 0.022354
vn -0.012356 -0.098466 0.012321
vn -0.005366 -0.099847 0.001321
vn 0.000993 -0.099461 -0.010325
vn 0.006698 -0.097256 -0.022280
vn 0.011757 -0.093233 -0.034197
vn 0.016207 -0.087440 -0.045733
vn 0.020113 -0.079979 -0.056558
vn 0.023558 -0.071000 -0.066363
vn 0.026642 -0.060697 -0.074874
vn 0.029474 -0.049308 -0.081853
vn 0.032167 -0.037106 -0.087111
vn 0.034832 -0.024391 -0.090509
vn 0.037568 -0.011482 -0.091961
vn 0.040464 0.001289 -0.091438
vn 0.043588 0.013591 -0.088969
vn 0.046981 0.025101 -0.084633
vn 0.050663 0.035514 -0.078562
vn 0.054622 0.044553 -0.070933
vn 0.058815 0.051975 -0.061963
vn 0.063174 0.057583 -0.051897
vn 0.067601 0.061226 -0.041006
vn 0.071973 0.062811 -0.029574
vn 0.076149 0.062300 -0.017889
vn 0.079972 0.059713 -0.006236
vn 0.083274 0.055129 0.005115
vn 0.085886 0.048686 0.015914
vn 0.087642 0.040571 0.025941
vn 0.088386 0.031020 0.035010
vn 0.087981 0.020309 0.042976
vn 0.086313 0.008747 0.049735
vn 0.083298 -0.003335 0.055229
vn 0.078887 -0.015588 0.059446
vn -0.062226 0.027651 -0.073235
vn -0.050972 0.029620 -0.080775
vn -0.038822 0.031374 -0.086652
vn -0.026060 0.033049 -0.090712
vn -0.012993 0.034776 -0.092854
vn 0.000061 0.036673 -0.093033
vn 0.012774 0.038842 -0.091259
vn 0.024825 0.041358 -0.087597
vn 0.035903 0.044273 -0.082164
vn 0.045723 0.047604 -0.075122
vn 0.054026 0.051338 -0.066675
vn 0.060596 0.055428 -0.057061
vn 0.065258 0.059795 -0.046540
vn 0.067890 0.064329 -0.035393
vn 0.068425 0.068896 -0.023903
vn 0.066849 0.073338 -0.012356
vn 0.063211 0.077481 -0.001023
vn 0.057612 0.081142 0.009842
vn 0.050209 0.084134 0.020013
vn 0.041208 0.086277 0.029295
vn 0.030860 0.087401 0.037534
vn 0.019451 0.087356 0.044616
vn 0.007298 0.086019 0.050473
vn -0.005264 0.083297 0.055081
vn -0.017889 0.079137 0.058458
vn -0.030229 0.073525 0.060665
vn -0.041948 0.066492 0.061799
vn -0.052727 0.058112 0.061991
vn -0.062273 0.048504 0.061395
vn -0.070332 0.037832 0.060185
vn -0.076690 0.026294 0.058544
vn -0.081180 0.014126 0.056659
vn -0.083689 0.001591 0.054714
vn -0.084157 -0.011026 0.052877
vn -0.082580 -0.023430 0.051299
vn -0.079008 -0.035320 0.050103
vn -0.073542 -0.046400 0.049383
vn -0.066332 -0.056387 0.049199
vn -0.057571 -0.065024 0.049573
vn -0.047488 -0.072082 0.050489
vn -0.036340 -0.077372 0.051894
vn -0.024406 -0.080751 0.053700
vn -0.011976 -0.082124 0.055788
vn 0.000656 -0.081452 0.058010
vn -0.074865 0.034502 -0.056611
vn -0.083041 0.031398 -0.046027
vn -0.089658 0.027544 -0.034680
vn -0.094618 0.022868 -0.022900
vn -0.097868 0.017326 -0.011031
vn -0.099401 0.010910 0.000581
vn -0.099259 0.003649 0.011593
vn -0.097522 -0.004393 0.021682
vn -0.094312 -0.013113 0.030549
vn -0.089782 -0.022372 0.037931
vn -0.084109 -0.032000 0.043607
vn -0.077493 -0.041799 0.047409
vn -0.070144 -0.051547 0.049222
vn -0.062274 -0.061007 0.048990
vn -0.054097 -0.069936 0.046717
vn -0.045812 -0.078088 0.042468
vn -0.037604 -0.085226 0.036366
vn -0.029635 -0.091129 0.028588
vn -0.022043 -0.095600 0.019359
vn -0.014933 -0.098473 0.008948
vn -0.008381 -0.099621 -0.002344
vn -0.002427 -0.098958 -0.014191
vn 0.002919 -0.096449 -0.026251
vn 0.007676 -0.092105 -0.038180
vn 0.011894 -0.085992 -0.049638
vn 0.015644 -0.078225 -0.060300
vn 0.019016 -0.068968 -0.069870
vn 0.022114 -0.058430 -0.078083
vn 0.025047 -0.046861 -0.084715
vn 0.027927 -0.034543 -0.089593
vn 0.030860 -0.021787 -0.092591
vn 0.033939 -0.008916 -0.093641
vn 0.037243 0.003734 -0.092731
vn 0.040827 0.015831 -0.089903
vn 0.044723 0.027055 -0.085252
vn 0.048935 0.037107 -0.078921
vn 0.053435 0.045715 -0.071098
vn 0.058167 0.052649 -0.062005
vn 0.063048 0.057722 -0.051895
vn 0.067965 0.060799 -0.041040
vn 0.072784 0.061799 -0.029722
vn 0.077351 0.060702 -0.018225
vn 0.081500 0.057543 -0.006827
vn 0.085057 0.052418 0.004210
vn 0.087848 0.045477 0.014650
vn 0.089705 0.036922 0.024285
vn 0.090474 0.027000 0.032946
vn 0.090021 0.015997 0.040501
vn 0.088238 0.004230 0.046864
vn 0.085048 -0.007967 0.051993
vn 0.080414 -0.020244 0.055891
vn -0.063886 0.032350 -0.069800
vn -0.052848 0.034287 -0.077663
vn -0.040865 0.035916 -0.083905
vn -0.028208 0.037376 -0.088359
vn -0.015177 0.038803 -0.090907
vn -0.002086 0.040322 -0.091486
vn 0.010743 0.042045 -0.090093
vn 0.022986 0.044060 -0.086778
vn 0.034333 0.046430 -0.081642
vn 0.044492 0.049190 -0.074839
vn 0.053198 0.052340 -0.066562
vn 0.060225 0.055850 -0.057042
vn 0.065386 0.059657 -0.046537
vn 0.068547 0.063666 -0.035325
vn 0.069625 0.067756 -0.023695
vn 0.068595 0.071780 -0.011935
vn 0.065486 0.075574 -0.000325
vn 0.060388 0.078963 0.010870
vn 0.053443 0.081765 0.021411
vn 0.044844 0.083800 0.031090
vn 0.034832 0.084898 0.039737
vn 0.023683 0.084907 0.047222
vn 0.011708 0.083695 0.053461
vn -0.000762 0.081162 0.058414
vn -0.013381 0.077243 0.062084
vn -0.025803 0.071912 0.064520
vn -0.037685 0.065186 0.065808
vn -0.048703 0.057124 0.066067
vn -0.058555 0.047832 0.065448
vn -0.066975 0.037457 0.064119
vn -0.073738 0.026184 0.062266
vn -0.078664 0.014238 0.060078
vn -0.081623 0.001870 0.057742
vn -0.082543 -0.010646 0.055437
vn -0.081405 -0.023018 0.053324
vn -0.078244 -0.034951 0.051540
vn -0.073149 -0.046149 0.050195
vn -0.066261 -0.056328 0.049363
vn -0.057761 -0.065226 0.049084
vn -0.047874 -0.072607 0.049359
vn -0.036851 -0.078274 0.050152
vn -0.024970 -0.082070 0.051391
vn -0.012523 -0.083889 0.052971
vn 0.000194 -0.083676 0.054756
vn 0.012886 -0.081434 0.056590
vn -0.075715 0.038904 -0.052475
vn -0.083605 0.035622 -0.041728
vn -0.089935 0.031516 -0.030306
vn -0.094618 0.026523 -0.018544
vn -0.097617 0.020612 -0.006787
vn -0.098937 0.013788 0.004616
vn -0.098630 0.006094 0.015328
vn -0.096788 -0.002390 0.025028
vn -0.093537 -0.011546 0.033429
vn -0.089036 -0.021220 0.040277
vn -0.083466 -0.031228 0.045368
vn -0.077025 -0.041359 0.048545
vn -0.069919 -0.051383 0.049711
vn -0.062357 -0.061053 0.048827
vn -0.054542 -0.070121 0.045915
vn -0.046666 -0.078337 0.041056
vn -0.038901 -0.085464 0.034388
vn -0.031397 -0.091285 0.026103
vn -0.024275 -0.095606 0.016438
vn -0.017627 -0.098271 0.005672
vn -0.011514 -0.099160 -0.005887
vn -0.005964 -0.098203 -0.017908
vn -0.000971 -0.095374 -0.030048
vn 0.003495 -0.090701 -0.041965
vn 0.007493 -0.084264 -0.053324
vn 0.011102 -0.076193 -0.063808
vn 0.014418 -0.066665 -0.073129
vn 0.017547 -0.055905 -0.081035
vn 0.020600 -0.044173 -0.087318
vn 0.023683 -0.031761 -0.091817
vn 0.026899 -0.018987 -0.094424
vn 0.030333 -0.006181 -0.095088
vn 0.034054 0.006321 -0.093810
vn 0.038105 0.018186 -0.090649
vn 0.042506 0.029098 -0.085712
vn 0.047244 0.038762 -0.079155
vn 0.052279 0.046917 -0.071174
vn 0.057540 0.053342 -0.061998
vn 0.062926 0.057865 -0.051884
vn 0.068315 0.060362 -0.041104
vn 0.073557 0.060771 -0.029938
vn 0.078490 0.059084 -0.018666
vn 0.082938 0.055355 -0.007557
vn 0.086722 0.049693 0.003137
vn 0.089665 0.042264 0.013193
vn 0.091596 0.033282 0.022416
vn 0.092364 0.023006 0.030653
vn 0.091839 0.011730 0.037788
vn 0.089920 -0.000224 0.043753
vn 0.086540 -0.012516 0.048519
vn 0.081671 -0.024797 0.052106
vn -0.065278 0.036957 -0.066128
vn -0.054470 0.038879 -0.074306
vn -0.042669 0.040403 -0.080913
vn -0.030139 0.041667 -0.085764
vn -0.017167 0.042812 -0.088727
vn -0.004064 0.043968 -0.089723
vn 0.008852 0.045258 -0.088732
vn 0.021261 0.046779 -0.085788
vn 0.032849 0.048610 -0.080981
vn 0.043321 0.050798 -0.074450
vn 0.052406 0.053361 -0.066380
vn 0.059867 0.056283 -0.056993
vn 0.065510 0.059516 -0.046543
vn 0.069185 0.062983 -0.035307
vn 0.070797 0.066573 -0.023575
vn 0.070305 0.070155 -0.011638
vn 0.067725 0.073575 0.000215
vn 0.063130 0.076664 0.011710
vn 0.056650 0.079248 0.022597
vn 0.048464 0.081148 0.032654
vn 0.038800 0.082195 0.041695
vn 0.027927 0.082233 0.049576
vn 0.016148 0.081126 0.056195
vn 0.003788 0.078765 0.061496
vn -0.008809 0.075075 0.065469
vn -0.021295 0.070018 0.068147
vn -0.033326 0.063597 0.069605
vn -0.044570 0.055858 0.069953
vn -0.054719 0.046891 0.069334
vn -0.063495 0.036827 0.067912
vn -0.070662 0.025841 0.065872
vn -0.076026 0.014140 0.063404
vn -0.079445 0.001967 0.060701
vn -0.080830 -0.010415 0.057949
vn -0.080147 -0.022722 0.055319
vn -0.077418 -0.034662 0.052962
vn -0.072721 -0.045942 0.051000
vn -0.066182 -0.056278 0.049526
vn -0.057975 -0.065403 0.048594
vn -0.048315 -0.073076 0.048224
vn -0.037451 -0.079090 0.048396
vn -0.025656 -0.083279 0.049055
vn -0.013222 -0.085523 0.050109
vn -0.000450 -0.085755 0.051438
vn 0.012362 -0.083960 0.052895
vn 0.024921 -0.080181 0.054313
vn -0.076284 0.043161 -0.048144
vn -0.083888 0.039688 -0.037253
vn -0.089935 0.035319 -0.025775
vn -0.094353 0.030002 -0.014052
vn -0.097116 0.023719 -0.002431
vn -0.098243 0.016489 0.008740
vn -0.097796 0.008369 0.019128
vn -0.095875 -0.000544 0.028420
vn -0.092614 -0.010117 0.036337
vn -0.088174 -0.020183 0.042638
vn -0.082738 -0.030545 0.047132
vn -0.076503 -0.040979 0.049679
vn -0.069672 -0.051245 0.050198
vn -0.062446 -0.061090 0.048666
vn -0.055021 -0.070260 0.045124
vn -0.047577 -0.078504 0.039668
vn -0.040274 -0.085586 0.032451
vn -0.033248 -0.091290 0.023680
vn -0.026607 -0.095431 0.013603
vn -0.020428 -0.097859 0.002507
vn -0.014755 -0.098468 -0.009292
vn -0.009604 -0.097197 -0.021461
vn -0.004957 -0.094035 -0.033657
vn -0.000772 -0.089026 -0.045539
vn 0.003020 -0.082263 -0.056778
vn 0.006504 -0.073890 -0.067066
vn 0.009782 -0.064102 -0.076127
vn 0.012960 -0.053132 -0.083720
vn 0.016148 -0.041254 -0.089651
vn 0.019451 -0.028769 -0.093776
vn 0.022964 -0.016001 -0.096003
vn 0.026764 -0.003285 -0.096296
vn 0.030910 0.009041 -0.094672
vn 0.035433 0.020648 -0.091204
vn 0.040338 0.031221 -0.086012
vn 0.045598 0.040474 -0.079263
vn 0.051159 0.048154 -0.071161
vn 0.056934 0.054053 -0.061941
vn 0.062810 0.058010 -0.051863
vn 0.068648 0.059919 -0.041197
vn 0.074290 0.059730 -0.030222
vn 0.079562 0.057452 -0.019210
vn 0.084282 0.053156 -0.008423
vn 0.088265 0.046965 0.001900
vn 0.091329 0.039059 0.011547
vn 0.093307 0.029666 0.020340
vn 0.094049 0.019052 0.028140
vn 0.093429 0.007522 0.034849
vn 0.091355 -0.004598 0.040413
vn 0.087769 -0.016965 0.044820
vn 0.082653 -0.029231 0.048104
vn -0.066399 0.041452 -0.062233
vn -0.055831 0.043381 -0.070718
vn -0.044229 0.044819 -0.077686
vn -0.031843 0.045907 -0.082937
vn -0.018955 0.046787 -0.086323
vn -0.005866 0.047598 -0.087750
vn 0.007111 0.048468 -0.087180
vn 0.019656 0.049507 -0.084633
vn 0.031458 0.050805 -0.080183
vn 0.042215 0.052424 -0.073957
vn 0.051653 0.054396 -0.066129
vn 0.059526 0.056723 -0.056914
vn 0.065629 0.059372 -0.046560
vn 0.069802 0.062280 -0.035339
vn 0.071936 0.065353 -0.023543
vn 0.071974 0.068471 -0.011467
vn 0.069919 0.071491 0.000596
vn 0.065829 0.074255 0.012361
vn 0.059818 0.076592 0.023568
vn 0.052053 0.078331 0.033982
vn 0.042750 0.079301 0.043403
vn 0.032167 0.079345 0.051669
vn 0.020600 0.078321 0.058664
vn 0.008367 0.076115 0.064316
vn -0.004190 0.072641 0.068599
vn -0.016723 0.067850 0.071531
vn -0.028887 0.061731 0.073176
vn -0.040344 0.054318 0.073634
vn -0.050779 0.045683 0.073038
vn -0.059905 0.035946 0.071549
vn -0.067474 0.025264 0.069347
vn -0.073278 0.013833 0.066625
vn -0.077162 0.001882 0.063580
vn -0.079023 -0.010335 0.060404
vn -0.078811 -0.022542 0.057277
vn -0.076535 -0.034454 0.054363
vn -0.072258 -0.045780 0.051797
vn -0.066096 -0.056236 0.049687
vn -0.058211 -0.065554 0.048106
vn -0.048811 -0.073486 0.047088
vn -0.038137 -0.079818 0.046633
vn -0.026460 -0.084374 0.046700
vn -0.014072 -0.087022 0.047214
vn -0.001274 -0.087681 0.048067
vn 0.011630 -0.086322 0.049126
vn 0.024342 -0.082972 0.050231
vn 0.036578 -0.077713 0.051212
vn -0.067242 0.045821 -0.058129
vn -0.056925 0.047774 -0.066912
vn -0.045537 0.049147 -0.074236
vn -0.033317 0.050079 -0.079888
vn -0.020535 0.050715 -0.083704
vn -0.007485 0.051198 -0.085573
vn 0.005525 0.051663 -0.085442
vn 0.018178 0.052232 -0.083315
vn 0.030163 0.053006 -0.079250
vn 0.041177 0.054060 -0.073362
vn 0.050940 0.055442 -0.065812
vn 0.059201 0.057169 -0.056806
vn 0.065743 0.059225 -0.046586
vn 0.070396 0.061561 -0.035421
vn 0.073036 0.064100 -0.023600
vn 0.073595 0.066733 -0.011421
vn 0.072060 0.069330 0.000815
vn 0.068473 0.071743 0.012820
vn 0.062934 0.073809 0.024320
vn 0.055598 0.075359 0.035069
vn 0.046666 0.076227 0.044852
vn 0.036388 0.076252 0.053493
vn 0.025047 0.075291 0.060860
vn 0.012960 0.073222 0.066863
vn 0.000460 0.069950 0.071462
vn -0.012104 0.065416 0.074661
vn -0.024384 0.059596 0.076510
vn -0.036040 0.052509 0.077097
vn -0.046750 0.044215 0.076547
vn -0.056218 0.034816 0.075016
vn -0.064184 0.024457 0.072680
vn -0.070429 0.013318 0.069731
vn -0.074783 0.001616 0.066369
vn -0.077128 -0.010405 0.062793
vn -0.077402 -0.022479 0.059191
vn -0.075597 -0.034327 0.055738
vn -0.071763 -0.045663 0.052582
vn -0.066003 -0.056204 0.049847
vn -0.058469 -0.065678 0.047621
vn -0.049358 -0.073836 0.045957
vn -0.038907 -0.080455 0.044869
vn -0.027380 -0.085350 0.044335
vn -0.015069 -0.088379 0.044296
vn -0.002275 -0.089446 0.044657
vn 0.010694 -0.088509 0.045297
vn 0.023534 -0.085579 0.046069
vn 0.035953 -0.080725 0.046807
vn 0.047680 -0.074067 0.047336
vn 0.058474 -0.058177 0.056535
vn 0.058060 -0.054125 0.060824
vn 0.057372 -0.049925 0.064931
vn 0.056412 -0.045592 0.068841
vn 0.055183 -0.041143 0.072540
vn 0.053691 -0.036593 0.076014
vn 0.051941 -0.031961 0.079250
vn 0.049940 -0.027264 0.082235
vn 0.047694 -0.022518 0.084960
vn 0.045213 -0.017742 0.087413
vn 0.042505 -0.012953 0.089585
vn 0.039581 -0.008169 0.091469
vn 0.048078 -0.063374 0.060598
vn 0.047680 -0.059478 0.064722
vn 0.047019 -0.055439 0.068671
vn 0.046095 -0.051273 0.072431
vn 0.044914 -0.046995 0.075988
vn 0.043480 -0.042621 0.079328
vn 0.041797 -0.038167 0.082439
vn 0.039873 -0.033651 0.085310
vn 0.037714 -0.029087 0.087930
vn 0.035328 -0.024495 0.090288
vn 0.032724 -0.019890 0.092377
vn 0.036954 -0.067611 0.063743
vn 0.036578 -0.063929 0.067640
vn 0.035953 -0.060113 0.071371
vn 0.035080 -0.056177 0.074923
vn 0.033965 -0.052135 0.078284
vn 0.032609 -0.048003 0.081440
vn 0.031020 -0.043795 0.084379
vn 0.029201 -0.039527 0.087091
vn 0.027161 -0.035216 0.089566
vn 0.024907 -0.030877 0.091795
vn 0.025269 -0.070822 0.065922
vn 0.024921 -0.067411 0.069532
vn 0.024342 -0.063876 0.072988
vn 0.023534 -0.060230 0.076280
vn 0.022500 -0.056485 0.079393
vn 0.021244 -0.052656 0.082316
vn 0.019771 -0.048758 0.085040
vn 0.018087 -0.044804 0.087552
vn 0.016197 -0.040810 0.089845
vn 0.013202 -0.072960 0.067102
vn 0.012886 -0.069872 0.070370
vn 0.012362 -0.066671 0.073500
vn 0.011630 -0.063369 0.076480
vn 0.010694 -0.059978 0.079298
vn 0.009557 -0.056512 0.081945
vn 0.008224 -0.052982 0.084411
vn 0.006699 -0.049403 0.086686
vn 0.000934 -0.073991 0.067264
vn 0.000656 -0.071273 0.070141
vn 0.000194 -0.068455 0.072897
vn -0.000450 -0.065548 0.075520
vn -0.001274 -0.062563 0.078002
vn -0.002275 -0.059511 0.080332
vn -0.003449 -0.056403 0.082503
vn -0.011348 -0.073901 0.066406
vn -0.011584 -0.071593 0.068849
vn -0.011976 -0.069201 0.071189
vn -0.012523 -0.066733 0.073416
vn -0.013222 -0.064199 0.075523
vn -0.014072 -0.061608 0.077501
vn -0.023648 -0.070829 0.066514
vn -0.023965 -0.068898 0.068401
vn -0.024406 -0.066907 0.070199
vn -0.024970 -0.064862 0.071899
vn -0.088998 -0.036411 0.027450
vn -0.099374 -0.010643 0.003390
vn -0.099077 -0.013551 0.000312
vn -0.098583 -0.016567 -0.002637
vn -0.097894 -0.019677 -0.005444
vn -0.097012 -0.022871 -0.008099
vn -0.095941 -0.026136 -0.010593
vn -0.094685 -0.029461 -0.012915
vn -0.093248 -0.032833 -0.015058
vn -0.091636 -0.036239 -0.017014
vn -0.089855 -0.039668 -0.018775
vn -0.087912 -0.043106 -0.020334
vn -0.085812 -0.046540 -0.021686
vn -0.083566 -0.049957 -0.022827
vn -0.081180 -0.053346 -0.023750
vn -0.099868 -0.001551 -0.004898
vn -0.099535 -0.004807 -0.008344
vn -0.098982 -0.008181 -0.011643
vn -0.098211 -0.011662 -0.014785
vn -0.097224 -0.015236 -0.017756
vn -0.096026 -0.018891 -0.020547
vn -0.094620 -0.022612 -0.023146
vn -0.093012 -0.026386 -0.025545
vn -0.091208 -0.030198 -0.027734
vn -0.089215 -0.034035 -0.029704
vn -0.087039 -0.037883 -0.031449
vn -0.084690 -0.041726 -0.032963
vn -0.082176 -0.045551 -0.034239
vn -0.098848 0.007563 -0.013112
vn -0.098485 0.004010 -0.016873
vn -0.097881 0.000328 -0.020473
vn -0.097040 -0.003471 -0.023902
vn -0.095963 -0.007371 -0.027145
vn -0.094655 -0.011360 -0.030190
vn -0.093121 -0.015420 -0.033027
vn -0.091366 -0.019539 -0.035644
vn -0.089397 -0.023699 -0.038033
vn -0.087222 -0.027887 -0.040183
vn -0.084848 -0.032085 -0.042088
vn -0.082284 -0.036279 -0.043740
vn -0.096329 0.016563 -0.021128
vn -0.095941 0.012767 -0.025146
vn -0.095296 0.008832 -0.028993
vn -0.094397 0.004773 -0.032656
vn -0.093246 0.000605 -0.036121
vn -0.091849 -0.003656 -0.039375
vn -0.090210 -0.007995 -0.042407
vn -0.088335 -0.012395 -0.045203
vn -0.086231 -0.016841 -0.047755
vn -0.083907 -0.021315 -0.050053
vn -0.081370 -0.025802 -0.052088
vn -0.092350 0.025312 -0.028823
vn -0.091943 0.021330 -0.033037
vn -0.091267 0.017203 -0.037073
vn -0.090323 0.012945 -0.040916
vn -0.089117 0.008573 -0.044551
vn -0.087651 0.004103 -0.047964
vn -0.085931 -0.000448 -0.051144
vn -0.083964 -0.005064 -0.054077
vn -0.081758 -0.009728 -0.056754
vn -0.079319 -0.014421 -0.059165
vn -0.086971 0.033677 -0.036081
vn -0.086552 0.029570 -0.040428
vn -0.085854 0.025312 -0.044592
vn -0.084881 0.020920 -0.048555
vn -0.083636 0.016411 -0.052304
vn -0.082124 0.011800 -0.055825
vn -0.080350 0.007105 -0.059105
vn -0.078321 0.002344 -0.062131
vn -0.076045 -0.002467 -0.064893
vn -0.080274 0.041532 -0.042792
vn -0.079848 0.037361 -0.047207
vn -0.079139 0.033038 -0.051434
vn -0.078151 0.028579 -0.055458
vn -0.076887 0.024000 -0.059265
vn -0.075352 0.019318 -0.062841
vn -0.073551 0.014551 -0.066171
vn -0.071491 0.009716 -0.069244
vn -0.071934 0.044586 -0.053269
vn -0.071225 0.040263 -0.057496
vn -0.070237 0.035804 -0.061521
vn -0.068973 0.031225 -0.065328
vn -0.067438 0.026543 -0.068903
vn -0.065637 0.021776 -0.072233
vn -0.072360 0.056579 -0.039533
vn -0.071934 0.060202 -0.034659
vn -0.079848 0.052977 -0.028596
vn -0.071225 0.063614 -0.029667
vn -0.079139 0.056389 -0.023605
vn -0.070237 0.066804 -0.024577
vn -0.078151 0.059578 -0.018514
vn -0.068973 0.069758 -0.019406
vn -0.076887 0.062532 -0.013344
vn -0.067438 0.072465 -0.014175
vn -0.075352 0.065240 -0.008112
vn -0.065637 0.074917 -0.008902
vn -0.073551 0.067692 -0.002839
vn -0.063577 0.077104 -0.003607
vn -0.071491 0.069879 0.002456
vn -0.061266 0.079017 0.001690
vn -0.063349 0.062947 -0.044996
vn -0.062929 0.066515 -0.040196
vn -0.062231 0.069875 -0.035280
vn -0.061258 0.073016 -0.030267
vn -0.060013 0.075925 -0.025175
vn -0.058501 0.078592 -0.020022
vn -0.056727 0.081007 -0.014829
vn -0.054699 0.083160 -0.009615
vn -0.052423 0.085044 -0.004398
vn -0.049908 0.086652 0.000801
vn -0.053378 0.068360 -0.049777
vn -0.052971 0.071819 -0.045124
vn -0.052294 0.075077 -0.040358
vn -0.051351 0.078122 -0.035498
vn -0.050144 0.080942 -0.030561
vn -0.048678 0.083527 -0.025567
vn -0.046958 0.085868 -0.020532
vn -0.044992 0.087956 -0.015477
vn -0.042785 0.089782 -0.010420
vn -0.040347 0.091341 -0.005379
vn -0.037686 0.092626 -0.000374
vn -0.042597 0.072737 -0.053804
vn -0.042209 0.076034 -0.049368
vn -0.041564 0.079140 -0.044824
vn -0.040665 0.082043 -0.040191
vn -0.039514 0.084732 -0.035485
vn -0.038117 0.087196 -0.030723
vn -0.036478 0.089428 -0.025924
vn -0.034603 0.091418 -0.021104
vn -0.032499 0.093159 -0.016283
vn -0.030175 0.094645 -0.011478
vn -0.027638 0.095871 -0.006706
vn -0.024899 0.096830 -0.001987
vn -0.031171 0.076011 -0.057015
vn -0.030808 0.079097 -0.052863
vn -0.030204 0.082004 -0.048611
vn -0.029363 0.084720 -0.044275
vn -0.028286 0.087237 -0.039870
vn -0.026978 0.089543 -0.035414
vn -0.025444 0.091632 -0.030922
vn -0.023689 0.093495 -0.026412
vn -0.021720 0.095124 -0.021900
vn -0.019545 0.096515 -0.017403
vn -0.017171 0.097662 -0.012937
vn -0.014607 0.098560 -0.008520
vn -0.011863 0.099206 -0.004168
vn -0.019272 0.078133 -0.059361
vn -0.018940 0.080961 -0.055557
vn -0.018387 0.083625 -0.051661
vn -0.017615 0.086114 -0.047688
vn -0.016629 0.088420 -0.043652
vn -0.015430 0.090533 -0.039568
vn -0.014024 0.092447 -0.035452
vn -0.012416 0.094154 -0.031319
vn -0.010612 0.095647 -0.027185
vn -0.008619 0.096922 -0.023064
vn -0.006444 0.097972 -0.018972
vn -0.004094 0.098795 -0.014924
vn -0.001580 0.099388 -0.010936
vn 0.001090 0.099747 -0.007022
vn -0.007081 0.079071 -0.060808
vn -0.006784 0.081598 -0.057409
vn -0.006290 0.083978 -0.053928
vn -0.005601 0.086202 -0.050377
vn -0.004719 0.088262 -0.046771
vn -0.003648 0.090151 -0.043122
vn -0.002392 0.091861 -0.039445
vn -0.000955 0.093386 -0.035752
vn 0.000657 0.094720 -0.032057
vn 0.002438 0.095859 -0.028375
vn 0.004381 0.096798 -0.024719
vn 0.006481 0.097533 -0.021102
vn 0.008727 0.098062 -0.017539
vn 0.011113 0.098384 -0.014041
vn 0.013629 0.098496 -0.010623
vn 0.095818 0.019605 -0.020847
vn 0.095582 0.017600 -0.023544
vn 0.091432 0.027258 -0.029954
vn 0.095190 0.015712 -0.026306
vn 0.091115 0.025734 -0.032183
vn 0.094643 0.013947 -0.029123
vn 0.090674 0.024310 -0.034456
vn 0.093944 0.012312 -0.031985
vn 0.090110 0.022991 -0.036765
vn 0.093094 0.010814 -0.034880
vn 0.089424 0.021782 -0.039102
vn 0.092097 0.009457 -0.037798
vn 0.098561 0.010037 -0.013600
vn 0.098283 0.007675 -0.016777
vn 0.097822 0.005451 -0.020031
vn 0.097177 0.003372 -0.023349
vn 0.096353 0.001447 -0.026719
vn 0.095353 -0.000318 -0.030130
vn 0.094179 -0.001917 -0.033567
vn 0.092836 -0.003342 -0.037018
vn 0.099810 0.000317 -0.006147
vn 0.099495 -0.002366 -0.009756
vn 0.098970 -0.004892 -0.013451
vn 0.098239 -0.007253 -0.017220
vn 0.097303 -0.009441 -0.021049
vn 0.096166 -0.011446 -0.024922
vn 0.094832 -0.013261 -0.028827
vn 0.093307 -0.014880 -0.032747
vn 0.091596 -0.016296 -0.036669
vn 0.099547 -0.009408 0.001399
vn 0.099198 -0.012371 -0.002586
vn 0.098619 -0.015161 -0.006668
vn 0.097811 -0.017769 -0.010831
vn 0.096777 -0.020185 -0.015059
vn 0.095521 -0.022399 -0.019337
vn 0.094049 -0.024404 -0.023649
vn 0.092364 -0.026192 -0.027979
vn 0.090474 -0.027757 -0.032311
vn 0.088386 -0.029092 -0.036628
vn 0.097774 -0.018991 0.008924
vn 0.097398 -0.022189 0.004622
vn 0.096772 -0.025201 0.000216
vn 0.095900 -0.028016 -0.004277
vn 0.094784 -0.030623 -0.008841
vn 0.093429 -0.033013 -0.013459
vn 0.091839 -0.035177 -0.018114
vn 0.090021 -0.037107 -0.022787
vn 0.087981 -0.038796 -0.027463
vn 0.085727 -0.040237 -0.032123
vn 0.083267 -0.041425 -0.036750
vn 0.094519 -0.028285 0.016313
vn 0.094121 -0.031670 0.011760
vn 0.093459 -0.034858 0.007097
vn 0.092536 -0.037837 0.002341
vn 0.091355 -0.040597 -0.002489
vn 0.089920 -0.043127 -0.007377
vn 0.088238 -0.045417 -0.012303
vn 0.086313 -0.047460 -0.017250
vn 0.084154 -0.049248 -0.022199
vn 0.081768 -0.050773 -0.027131
vn 0.079164 -0.052030 -0.032028
vn 0.076353 -0.053016 -0.036873
vn 0.089831 -0.037151 0.023456
vn 0.089417 -0.040671 0.018720
vn 0.088729 -0.043987 0.013870
vn 0.087769 -0.047085 0.008924
vn 0.086540 -0.049956 0.003900
vn 0.085048 -0.052587 -0.001183
vn 0.083298 -0.054969 -0.006306
vn 0.081297 -0.057094 -0.011451
vn 0.079051 -0.058952 -0.016598
vn 0.076570 -0.060539 -0.021728
vn 0.073862 -0.061847 -0.026821
vn 0.070938 -0.062871 -0.031860
vn 0.067808 -0.063609 -0.036824
vn -0.099077 -0.002660 0.013291
vn -0.099535 0.007382 0.006183
vn -0.098485 0.017313 -0.001020
vn -0.095941 0.026980 -0.008207
vn -0.091943 0.036239 -0.015269
vn -0.086552 0.044949 -0.022100
vn 0.029557 0.076141 -0.057697
vn 0.041211 0.072894 -0.054664
vn 0.052116 0.067699 -0.051969
vn 0.061998 0.060695 -0.049722
vn 0.070605 0.052067 -0.048000
vn 0.077707 0.042040 -0.046842
vn 0.083113 0.030875 -0.046250
vn 0.086667 0.018856 -0.046187
vn 0.088265 0.006284 -0.046582
vn 0.087848 -0.006531 -0.047330
vn 0.085413 -0.019283 -0.048299
vn 0.081012 -0.031675 -0.049334
vn 0.074747 -0.043433 -0.050264
vn 0.066777 -0.054305 -0.050910
vn 0.057305 -0.064076 -0.051092
vn 0.061907 0.060401 -0.050193
vn 0.071020 0.053201 -0.046107
vn 0.079057 0.045194 -0.041321
vn 0.085895 0.036503 -0.035910
vn -0.018940 0.068772 -0.070084
vn -0.030808 0.065795 -0.068716
vn -0.042209 0.061821 -0.066307
vn -0.052971 0.056909 -0.062892
vn -0.062929 0.051135 -0.058524
vn -0.082633 -0.045208 0.033586
vn -0.075072 -0.052355 0.040287
vn -0.066537 -0.057661 0.047412
vn -0.057263 -0.060985 0.054789
vn -0.047488 -0.062239 0.062219
vn -0.037451 -0.061395 0.069485
vn -0.027380 -0.058483 0.076355
vn -0.017488 -0.053591 0.082597
vn -0.007963 -0.046864 0.087979
vn 0.001033 -0.038497 0.092287
vn 0.009369 -0.028734 0.095324
vn 0.016947 -0.017855 0.096923
vn 0.023707 -0.006174 0.096953
vn 0.029622 0.005975 0.095325
vn -0.056989 -0.062220 0.053675
vn -0.046524 -0.066106 0.058868
vn -0.035354 -0.068990 0.063170
vn -0.098982 0.010046 0.010079
vn -0.097881 0.020219 0.003232
vn -0.095296 0.030086 -0.003663
vn -0.091267 0.039497 -0.010504
vn -0.085854 0.048309 -0.017184
vn 0.070955 0.052885 -0.046568
vn 0.078905 0.044463 -0.042391
vn 0.085660 0.035367 -0.037572
vn -0.097040 0.022936 0.007568
vn -0.094397 0.032989 0.000970
vn -0.090323 0.042542 -0.005643
vn -0.084881 0.051450 -0.012171
vn 0.078693 0.043779 -0.043482
vn 0.085330 0.034305 -0.039267
vn -0.093246 0.035678 0.005676
vn -0.089117 0.045362 -0.000707
vn -0.083636 0.054359 -0.007079
vn 0.084910 0.033321 -0.040989
vn -0.087651 0.047948 0.004288
vn -0.082124 0.057026 -0.001927
vn -0.080350 0.059441 0.003266
vn -0.058501 0.033366 -0.073921
vn -0.060013 0.037976 -0.070400
vn -0.061258 0.042486 -0.066651
vn -0.062231 0.046878 -0.062687
vn -0.050144 0.044153 -0.074405
vn -0.040665 0.053827 -0.073817
vn -0.030204 0.062113 -0.072317
vn -0.035919 -0.066066 0.065918
vn -0.035590 -0.067551 0.064577
vn -0.051351 0.048524 -0.070770
vn -0.052294 0.052782 -0.066928
vn -0.046676 -0.065180 0.059774
vn -0.041564 0.057886 -0.070154
usemtl ABS_(White)
f 1/1/1 161/2/2 12/3/3
f 12/3/3 161/2/2 211/4/4
f 12/3/3 211/4/4 13/5/5
f 13/5/5 211/4/4 811/6/6
f 13/5/5 811/6/6 14/7/7
f 14/7/7 811/6/6 861/8/8
f 14/7/7 861/8/8 15/9/9
f 15/9/9 861/8/8 911/10/10
f 15/9/9 911/10/10 16/11/11
f 16/11/11 911/10/10 961/12/12
f 16/11/11 961/12/12 17/13/13
f 17/13/13 961/12/12 1011/14/14
f 17/13/13 1011/14/14 18/15/15
f 18/15/15 1011/14/14 1061/16/16
f 18/15/15 1061/16/16 19/17/17
f 19/17/17 1061/16/16 1111/18/18
f 19/17/17 1111/18/18 20/19/19
f 20/19/19 1111/18/18 1161/20/20
f 20/19/19 1161/20/20 21/21/21
f 21/21/21 1161/20/20 1211/22/22
f 21/21/21 1211/22/22 22/23/23
f 22/23/23 1211/22/22 1261/24/24
f 22/23/23 1261/24/24 23/25/25
f 23/25/25 1261/24/24 1311/26/26
f 23/25/25 1311/26/26 24/27/27
f 24/27/27 1311/26/26 1361/28/28
f 24/27/27 1361/28/28 25/29/29
f 25/29/29 1361/28/28 1411/30/30
f 25/29/29 1411/30/30 26/31/31
f 26/31/31 1411/30/30 1461/32/32
f 26/31/31 1461/32/32 27/33/33
f 27/33/33 1461/32/32 1511/34/34
f 27/33/33 1511/34/34 28/35/35
f 28/35/35 1511/34/34 662/36/36
f 28/35/35 662/36/36 11/37/37
f 11/37/37 662/36/36 761/38/38
f 11/37/37 761/38/38 29/39/39
f 29/39/39 761/38/38 30/40/40
f 29/41/39 30/42/40 1512/43/41
f 1512/43/41 30/42/40 1562/44/42
f 1512/43/41 1562/44/42 1563/45/43
f 1563/45/43 1562/44/42 1613/46/44
f 1563/45/43 1613/46/44 1614/47/45
f 1614/47/45 1613/46/44 1664/48/46
f 1614/47/45 1664/48/46 1665/49/47
f 1665/49/47 1664/48/46 1715/50/48
f 1665/49/47 1715/50/48 1716/51/49
f 1716/51/49 1715/50/48 1766/52/50
f 1716/51/49 1766/52/50 1767/53/51
f 1767/53/51 1766/52/50 1817/54/52
f 1767/53/51 1817/54/52 1818/55/53
f 1818/55/53 1817/54/52 1868/56/54
f 1818/55/53 1868/56/54 1869/57/55
f 1869/57/55 1868/56/54 1919/58/56
f 1869/57/55 1919/58/56 1920/59/57
f 1920/59/57 1919/58/56 1970/60/58
f 1920/59/57 1970/60/58 1971/61/59
f 1971/61/59 1970/60/58 2021/62/60
f 1971/61/59 2021/62/60 2022/63/61
f 2022/63/61 2021/62/60 2072/64/62
f 2022/63/61 2072/64/62 2073/65/63
f 2073/65/63 2072/64/62 2123/66/64
f 2073/65/63 2123/66/64 2124/67/65
f 2124/67/65 2123/66/64 2174/68/66
f 2124/67/65 2174/68/66 2175/69/67
f 2175/69/67 2174/68/66 2225/70/68
f 2175/69/67 2225/70/68 2226/71/69
f 2226/71/69 2225/70/68 597/72/70
f 2226/71/69 597/72/70 596/73/71
f 596/73/71 597/72/70 627/74/72
f 596/73/71 627/74/72 628/75/73
f 628/75/73 627/74/72 2278/76/74
f 628/75/73 2278/76/74 2279/77/75
f 2279/77/75 2278/76/74 2329/78/76
f 2279/77/75 2329/78/76 2330/79/77
f 2330/79/77 2329/78/76 2380/80/78
f 2330/79/77 2380/80/78 2381/81/79
f 2381/81/79 2380/80/78 2431/82/80
f 2381/81/79 2431/82/80 2432/83/81
f 2432/83/81 2431/82/80 2482/84/82
f 2432/83/81 2482/84/82 2483/85/83
f 2483/85/83 2482/84/82 2533/86/84
f 2483/85/83 2533/86/84 2534/87/85
f 2534/87/85 2533/86/84 2584/88/86
f 2534/87/85 2584/88/86 2585/89/87
f 2585/89/87 2584/88/86 2635/90/88
f 2585/89/87 2635/90/88 2636/91/89
f 2636/91/89 2635/90/88 2686/92/90
f 2636/91/89 2686/92/90 2687/93/91
f 2687/93/91 2686/92/90 2737/94/92
f 2687/93/91 2737/94/92 2738/95/93
f 2738/95/93 2737/94/92 2788/96/94
f 2738/95/93 2788/96/94 2789/97/95
f 2789/97/95 2788/96/94 2839/98/96
f 2789/97/95 2839/98/96 2840/99/97
f 2840/99/97 2839/98/96 2890/100/98
f 2840/99/97 2890/100/98 2891/101/99
f 2891/101/99 2890/100/98 2941/102/100
f 2891/101/99 2941/102/100 2942/103/101
f 2942/103/101 2941/102/100 2992/104/102
f 2942/103/101 2992/104/102 2993/105/103
f 2993/105/103 2992/104/102 480/106/104
f 2993/105/103 480/106/104 479/107/105
f 479/107/105 480/106/104 544/108/106
f 479/107/105 544/108/106 545/109/107
f 545/109/107 544/108/106 3045/110/108
f 545/109/107 3045/110/108 3046/111/109
f 3046/111/109 3045/110/108 3096/112/110
f 3046/111/109 3096/112/110 3097/113/111
f 3097/113/111 3096/112/110 3147/114/112
f 3097/113/111 3147/114/112 3148/115/113
f 3148/115/113 3147/114/112 3198/116/114
f 3148/115/113 3198/116/114 3199/117/115
f 3199/117/115 3198/116/114 3249/118/116
f 3199/117/115 3249/118/116 3250/119/117
f 3250/119/117 3249/118/116 3300/120/118
f 3250/119/117 3300/120/118 3301/121/119
f 3301/121/119 3300/120/118 3351/122/120
f 3301/121/119 3351/122/120 3352/123/121
f 3352/123/121 3351/122/120 3402/124/122
f 3352/123/121 3402/124/122 3403/125/123
f 3403/125/123 3402/124/122 3453/126/124
f 3403/125/123 3453/126/124 3454/127/125
f 3454/127/125 3453/126/124 3504/128/126
f 3454/127/125 3504/128/126 3505/129/127
f 3505/129/127 3504/128/126 3555/130/128
f 3505/129/127 3555/130/128 3556/131/129
f 3556/131/129 3555/130/128 3606/132/130
f 3556/131/129 3606/132/130 3607/133/131
f 3607/133/131 3606/132/130 3657/134/132
f 3607/133/131 3657/134/132 3658/135/133
f 3658/135/133 3657/134/132 3708/136/134
f 3658/135/133 3708/136/134 3709/137/135
f 3709/137/135 3708/136/134 3759/138/136
f 3709/137/135 3759/138/136 3760/139/137
f 3760/139/137 3759/138/136 363/140/138
f 3760/139/137 363/140/138 362/141/139
f 362/141/139 363/140/138 461/142/140
f 362/141/139 461/142/140 8/143/141
f 8/143/141 461/142/140 80/144/142
f 8/145/141 80/146/142 412/147/143
f 412/147/143 80/146/142 3762/148/144
f 412/147/143 3762/148/144 3763/149/145
f 3763/149/145 3762/148/144 3813/150/146
f 3763/149/145 3813/150/146 3814/151/147
f 3814/151/147 3813/150/146 3864/152/148
f 3814/151/147 3864/152/148 3865/153/149
f 3865/153/149 3864/152/148 3915/154/150
f 3865/153/149 3915/154/150 3916/155/151
f 3916/155/151 3915/154/150 3966/156/152
f 3916/155/151 3966/156/152 3967/157/153
f 3967/157/153 3966/156/152 4017/158/154
f 3967/157/153 4017/158/154 4018/159/155
f 4018/159/155 4017/158/154 4068/160/156
f 4018/159/155 4068/160/156 4069/161/157
f 4069/161/157 4068/160/156 4119/162/158
f 4069/161/157 4119/162/158 4120/163/159
f 4120/163/159 4119/162/158 4170/164/160
f 4120/163/159 4170/164/160 4171/165/161
f 4171/165/161 4170/164/160 4221/166/162
f 4171/165/161 4221/166/162 4222/167/163
f 4222/167/163 4221/166/162 4272/168/164
f 4222/167/163 4272/168/164 4273/169/165
f 4273/169/165 4272/168/164 4323/170/166
f 4273/169/165 4323/170/166 4324/171/167
f 4324/171/167 4323/170/166 4374/172/168
f 4324/171/167 4374/172/168 4375/173/169
f 4375/173/169 4374/172/168 4425/174/170
f 4375/173/169 4425/174/170 4426/175/171
f 4426/175/171 4425/174/170 4476/176/172
f 4426/175/171 4476/176/172 4477/177/173
f 4477/177/173 4476/176/172 296/178/174
f 4477/177/173 296/178/174 295/179/175
f 295/179/175 296/178/174 328/180/176
f 295/179/175 328/180/176 329/181/177
f 329/181/177 328/180/176 4529/182/178
f 329/181/177 4529/182/178 4530/183/179
f 4530/183/179 4529/182/178 4580/184/180
f 4530/183/179 4580/184/180 4581/185/181
f 4581/185/181 4580/184/180 4631/186/182
f 4581/185/181 4631/186/182 4632/187/183
f 4632/187/183 4631/186/182 4682/188/184
f 4632/187/183 4682/188/184 4683/189/185
f 4683/189/185 4682/188/184 4733/190/186
f 4683/189/185 4733/190/186 4734/191/187
f 4734/191/187 4733/190/186 4784/192/188
f 4734/191/187 4784/192/188 4785/193/189
f 4785/193/189 4784/192/188 4835/194/190
f 4785/193/189 4835/194/190 4836/195/191
f 4836/195/191 4835/194/190 4886/196/192
f 4836/195/191 4886/196/192 4887/197/193
f 4887/197/193 4886/196/192 4937/198/194
f 4887/197/193 4937/198/194 4938/199/195
f 4938/199/195 4937/198/194 4988/200/196
f 4938/199/195 4988/200/196 4989/201/197
f 4989/201/197 4988/200/196 5039/202/198
f 4989/201/197 5039/202/198 5040/203/199
f 5040/203/199 5039/202/198 5090/204/200
f 5040/203/199 5090/204/200 5091/205/201
f 5091/205/201 5090/204/200 5141/206/202
f 5091/205/201 5141/206/202 5142/207/203
f 5142/207/203 5141/206/202 5192/208/204
f 5142/207/203 5192/208/204 5193/209/205
f 5193/209/205 5192/208/204 5243/210/206
f 5193/209/205 5243/210/206 5244/211/207
f 5244/211/207 5243/210/206 229/212/208
f 5244/211/207 229/212/208 228/213/209
f 228/213/209 229/212/208 3/214/210
f 228/213/209 3/214/210 146/215/211
f 146/216/211 3/217/210 196/218/212
f 146/216/211 196/218/212 197/219/213
f 197/219/213 196/218/212 797/220/214
f 197/219/213 797/220/214 798/221/215
f 798/221/215 797/220/214 848/222/216
f 798/221/215 848/222/216 849/223/217
f 849/223/217 848/222/216 899/224/218
f 849/223/217 899/224/218 900/225/219
f 900/225/219 899/224/218 950/226/220
f 900/225/219 950/226/220 951/227/221
f 951/227/221 950/226/220 1001/228/222
f 951/227/221 1001/228/222 1002/229/223
f 1002/229/223 1001/228/222 1052/230/224
f 1002/229/223 1052/230/224 1053/231/225
f 1053/231/225 1052/230/224 1103/232/226
f 1053/231/225 1103/232/226 1104/233/227
f 1104/233/227 1103/232/226 1154/234/228
f 1104/233/227 1154/234/228 1155/235/229
f 1155/235/229 1154/234/228 1205/236/230
f 1155/235/229 1205/236/230 1206/237/231
f 1206/237/231 1205/236/230 1256/238/232
f 1206/237/231 1256/238/232 1257/239/233
f 1257/239/233 1256/238/232 1307/240/234
f 1257/239/233 1307/240/234 1308/241/235
f 1308/241/235 1307/240/234 1358/242/236
f 1308/241/235 1358/242/236 1359/243/237
f 1359/243/237 1358/242/236 1409/244/238
f 1359/243/237 1409/244/238 1410/245/239
f 1410/245/239 1409/244/238 1460/246/240
f 1410/245/239 1460/246/240 1461/32/32
f 1461/32/32 1460/246/240 1511/34/34
f 1/247/1 114/248/241 113/249/242
f 113/249/242 114/248/241 261/250/243
f 113/249/242 261/250/243 112/251/244
f 112/251/244 261/250/243 5212/252/245
f 112/251/244 5212/252/245 111/253/246
f 111/253/246 5212/252/245 5162/254/247
f 111/253/246 5162/254/247 110/255/248
f 110/255/248 5162/254/247 5112/256/249
f 110/255/248 5112/256/249 109/257/250
f 109/257/250 5112/256/249 5062/258/251
f 109/257/250 5062/258/251 108/259/252
f 108/259/252 5062/258/251 5012/260/253
f 108/259/252 5012/260/253 107/261/254
f 107/261/254 5012/260/253 4962/262/255
f 107/261/254 4962/262/255 106/263/256
f 106/263/256 4962/262/255 4912/264/257
f 106/263/256 4912/264/257 105/265/258
f 105/265/258 4912/264/257 4862/266/259
f 105/265/258 4862/266/259 104/267/260
f 104/267/260 4862/266/259 4812/268/261
f 104/267/260 4812/268/261 103/269/262
f 103/269/262 4812/268/261 4762/270/263
f 103/269/262 4762/270/263 102/271/264
f 102/271/264 4762/270/263 4712/272/265
f 102/271/264 4712/272/265 101/273/266
f 101/273/266 4712/272/265 4662/274/267
f 101/273/266 4662/274/267 100/275/268
f 100/275/268 4662/274/267 4612/276/269
f 100/275/268 4612/276/269 99/277/270
f 99/277/270 4612/276/269 4562/278/271
f 99/277/270 4562/278/271 98/279/272
f 98/279/272 4562/278/271 4512/280/273
f 98/279/272 4512/280/273 97/281/274
f 97/281/274 4512/280/273 312/282/275
f 97/281/274 312/282/275 7/283/276
f 7/283/276 312/282/275 96/284/277
f 7/285/276 96/286/277 262/287/278
f 262/287/278 96/286/277 4511/288/279
f 262/287/278 4511/288/279 4510/289/280
f 4510/289/280 4511/288/279 4460/290/281
f 4510/289/280 4460/290/281 4459/291/282
f 4459/291/282 4460/290/281 4409/292/283
f 4459/291/282 4409/292/283 4408/293/284
f 4408/293/284 4409/292/283 4358/294/285
f 4408/293/284 4358/294/285 4357/295/286
f 4357/295/286 4358/294/285 4307/296/287
f 4357/295/286 4307/296/287 4306/297/288
f 4306/297/288 4307/296/287 4256/298/289
f 4306/297/288 4256/298/289 4255/299/290
f 4255/299/290 4256/298/289 4205/300/291
f 4255/299/290 4205/300/291 4204/301/292
f 4204/301/292 4205/300/291 4154/302/293
f 4204/301/292 4154/302/293 4153/303/294
f 4153/303/294 4154/302/293 4103/304/295
f 4153/303/294 4103/304/295 4102/305/296
f 4102/305/296 4103/304/295 4052/306/297
f 4102/305/296 4052/306/297 4051/307/298
f 4051/307/298 4052/306/297 4001/308/299
f 4051/307/298 4001/308/299 4000/309/300
f 4000/309/300 4001/308/299 3950/310/301
f 4000/309/300 3950/310/301 3949/311/302
f 3949/311/302 3950/310/301 3899/312/303
f 3949/311/302 3899/312/303 3898/313/304
f 3898/313/304 3899/312/303 3848/314/305
f 3898/313/304 3848/314/305 3847/315/306
f 3847/315/306 3848/314/305 3797/316/307
f 3847/315/306 3797/316/307 3796/317/308
f 3796/317/308 3797/316/307 446/318/309
f 3796/317/308 446/318/309 445/319/310
f 445/319/310 446/318/309 378/320/311
f 445/319/310 378/320/311 379/321/312
f 379/321/312 378/320/311 3744/322/313
f 379/321/312 3744/322/313 3743/323/314
f 3743/323/314 3744/322/313 3693/324/315
f 3743/323/314 3693/324/315 3692/325/316
f 3692/325/316 3693/324/315 3642/326/317
f 3692/325/316 3642/326/317 3641/327/318
f 3641/327/318 3642/326/317 3591/328/319
f 3641/327/318 3591/328/319 3590/329/320
f 3590/329/320 3591/328/319 3540/330/321
f 3590/329/320 3540/330/321 3539/331/322
f 3539/331/322 3540/330/321 3489/332/323
f 3539/331/322 3489/332/323 3488/333/324
f 3488/333/324 3489/332/323 3438/334/325
f 3488/333/324 3438/334/325 3437/335/326
f 3437/335/326 3438/334/325 3387/336/327
f 3437/335/326 3387/336/327 3386/337/328
f 3386/337/328 3387/336/327 3336/338/329
f 3386/337/328 3336/338/329 3335/339/330
f 3335/339/330 3336/338/329 3285/340/331
f 3335/339/330 3285/340/331 3284/341/332
f 3284/341/332 3285/340/331 3234/342/333
f 3284/341/332 3234/342/333 3233/343/334
f 3233/343/334 3234/342/333 3183/344/335
f 3233/343/334 3183/344/335 3182/345/336
f 3182/345/336 3183/344/335 3132/346/337
f 3182/345/336 3132/346/337 3131/347/338
f 3131/347/338 3132/346/337 3081/348/339
f 3131/347/338 3081/348/339 3080/349/340
f 3080/349/340 3081/348/339 3030/350/341
f 3080/349/340 3030/350/341 3029/351/342
f 3029/351/342 3030/350/341 529/352/343
f 3029/351/342 529/352/343 528/353/344
f 528/353/344 529/352/343 495/354/345
f 528/353/344 495/354/345 496/355/346
f 496/355/346 495/354/345 2977/356/347
f 496/355/346 2977/356/347 2976/357/348
f 2976/357/348 2977/356/347 2926/358/349
f 2976/357/348 2926/358/349 2925/359/350
f 2925/359/350 2926/358/349 2875/360/351
f 2925/359/350 2875/360/351 2874/361/352
f 2874/361/352 2875/360/351 2824/362/353
f 2874/361/352 2824/362/353 2823/363/354
f 2823/363/354 2824/362/353 2773/364/355
f 2823/363/354 2773/364/355 2772/365/356
f 2772/365/356 2773/364/355 2722/366/357
f 2772/365/356 2722/366/357 2721/367/358
f 2721/367/358 2722/366/357 2671/368/359
f 2721/367/358 2671/368/359 2670/369/360
f 2670/369/360 2671/368/359 2620/370/361
f 2670/369/360 2620/370/361 2619/371/362
f 2619/371/362 2620/370/361 2569/372/363
f 2619/371/362 2569/372/363 2568/373/364
f 2568/373/364 2569/372/363 2518/374/365
f 2568/373/364 2518/374/365 2517/375/366
f 2517/375/366 2518/374/365 2467/376/367
f 2517/375/366 2467/376/367 2466/377/368
f 2466/377/368 2467/376/367 2416/378/369
f 2466/377/368 2416/378/369 2415/379/370
f 2415/379/370 2416/378/369 2365/380/371
f 2415/379/370 2365/380/371 2364/381/372
f 2364/381/372 2365/380/371 2314/382/373
f 2364/381/372 2314/382/373 2313/383/374
f 2313/383/374 2314/382/373 2263/384/375
f 2313/383/374 2263/384/375 2262/385/376
f 2262/385/376 2263/384/375 612/386/377
f 2262/385/376 612/386/377 46/387/378
f 46/387/378 612/386/377 10/388/379
f 46/389/378 10/390/379 661/391/380
f 661/391/380 10/390/379 562/392/381
f 661/391/380 562/392/381 563/393/382
f 563/393/382 562/392/381 2260/394/383
f 563/393/382 2260/394/383 2259/395/384
f 2259/395/384 2260/394/383 2209/396/385
f 2259/395/384 2209/396/385 2208/397/386
f 2208/397/386 2209/396/385 2158/398/387
f 2208/397/386 2158/398/387 2157/399/388
f 2157/399/388 2158/398/387 2107/400/389
f 2157/399/388 2107/400/389 2106/401/390
f 2106/401/390 2107/400/389 2056/402/391
f 2106/401/390 2056/402/391 2055/403/392
f 2055/403/392 2056/402/391 2005/404/393
f 2055/403/392 2005/404/393 2004/405/394
f 2004/405/394 2005/404/393 1954/406/395
f 2004/405/394 1954/406/395 1953/407/396
f 1953/407/396 1954/406/395 1903/408/397
f 1953/407/396 1903/408/397 1902/409/398
f 1902/409/398 1903/408/397 1852/410/399
f 1902/409/398 1852/410/399 1851/411/400
f 1851/411/400 1852/410/399 1801/412/401
f 1851/411/400 1801/412/401 1800/413/402
f 1800/413/402 1801/412/401 1750/414/403
f 1800/413/402 1750/414/403 1749/415/404
f 1749/415/404 1750/414/403 1699/416/405
f 1749/415/404 1699/416/405 1698/417/406
f 1698/417/406 1699/416/405 1648/418/407
f 1698/417/406 1648/418/407 1647/419/408
f 1647/419/408 1648/418/407 1597/420/409
f 1647/419/408 1597/420/409 1596/421/410
f 1596/421/410 1597/420/409 1546/422/411
f 1596/421/410 1546/422/411 1545/423/412
f 1545/423/412 1546/422/411 745/424/413
f 1545/423/412 745/424/413 744/425/414
f 744/425/414 745/424/413 679/426/415
f 744/425/414 679/426/415 680/427/416
f 680/427/416 679/426/415 1493/428/417
f 680/427/416 1493/428/417 1492/429/418
f 1492/429/418 1493/428/417 1442/430/419
f 1492/429/418 1442/430/419 1441/431/420
f 1441/431/420 1442/430/419 1391/432/421
f 1441/431/420 1391/432/421 1390/433/422
f 1390/433/422 1391/432/421 1340/434/423
f 1390/433/422 1340/434/423 1339/435/424
f 1339/435/424 1340/434/423 1289/436/425
f 1339/435/424 1289/436/425 1288/437/426
f 1288/437/426 1289/436/425 1238/438/427
f 1288/437/426 1238/438/427 1237/439/428
f 1237/439/428 1238/438/427 1187/440/429
f 1237/439/428 1187/440/429 1186/441/430
f 1186/441/430 1187/440/429 1136/442/431
f 1186/441/430 1136/442/431 1135/443/432
f 1135/443/432 1136/442/431 1085/444/433
f 1135/443/432 1085/444/433 1084/445/434
f 1084/445/434 1085/444/433 1034/446/435
f 1084/445/434 1034/446/435 1033/447/436
f 1033/447/436 1034/446/435 983/448/437
f 1033/447/436 983/448/437 982/449/438
f 982/449/438 983/448/437 932/450/439
f 982/449/438 932/450/439 931/451/440
f 931/451/440 932/450/439 881/452/441
f 931/451/440 881/452/441 880/453/442
f 880/453/442 881/452/441 830/454/443
f 880/453/442 830/454/443 829/455/444
f 829/455/444 830/454/443 779/456/445
f 829/455/444 779/456/445 778/457/446
f 778/457/446 779/456/445 178/458/447
f 778/457/446 178/458/447 177/459/448
f 177/459/448 178/458/447 129/460/449
f 177/459/448 129/460/449 128/461/450
f 128/462/450 129/463/449 247/464/451
f 128/462/450 247/464/451 248/465/452
f 248/465/452 247/464/451 5225/466/453
f 248/465/452 5225/466/453 5224/467/454
f 5224/467/454 5225/466/453 5174/468/455
f 5224/467/454 5174/468/455 5173/469/456
f 5173/469/456 5174/468/455 5123/470/457
f 5173/469/456 5123/470/457 5122/471/458
f 5122/471/458 5123/470/457 5072/472/459
f 5122/471/458 5072/472/459 5071/473/460
f 5071/473/460 5072/472/459 5021/474/461
f 5071/473/460 5021/474/461 5020/475/462
f 5020/475/462 5021/474/461 4970/476/463
f 5020/475/462 4970/476/463 4969/477/464
f 4969/477/464 4970/476/463 4919/478/465
f 4969/477/464 4919/478/465 4918/479/466
f 4918/479/466 4919/478/465 4868/480/467
f 4918/479/466 4868/480/467 4867/481/468
f 4867/481/468 4868/480/467 4817/482/469
f 4867/481/468 4817/482/469 4816/483/470
f 4816/483/470 4817/482/469 4766/484/471
f 4816/483/470 4766/484/471 4765/485/472
f 4765/485/472 4766/484/471 4715/486/473
f 4765/485/472 4715/486/473 4714/487/474
f 4714/487/474 4715/486/473 4664/488/475
f 4714/487/474 4664/488/475 4663/489/476
f 4663/489/476 4664/488/475 4613/490/477
f 4663/489/476 4613/490/477 4612/276/269
f 4612/276/269 4613/490/477 4562/278/271
f 1/491/1 113/492/242 212/493/478
f 212/493/478 113/492/242 5261/494/479
f 212/493/478 5261/494/479 5260/495/480
f 5260/495/480 5261/494/479 5210/496/481
f 5260/495/480 5210/496/481 5209/497/482
f 5209/497/482 5210/496/481 5159/498/483
f 5209/497/482 5159/498/483 5158/499/484
f 5158/499/484 5159/498/483 5108/500/485
f 5158/499/484 5108/500/485 5107/501/486
f 5107/501/486 5108/500/485 5057/502/487
f 5107/501/486 5057/502/487 5056/503/488
f 5056/503/488 5057/502/487 5006/504/489
f 5056/503/488 5006/504/489 5005/505/490
f 5005/505/490 5006/504/489 4955/506/491
f 5005/505/490 4955/506/491 4954/507/492
f 4954/507/492 4955/506/491 4904/508/493
f 4954/507/492 4904/508/493 4903/509/494
f 4903/509/494 4904/508/493 4853/510/495
f 4903/509/494 4853/510/495 4852/511/496
f 4852/511/496 4853/510/495 4802/512/497
f 4852/511/496 4802/512/497 4801/513/498
f 4801/513/498 4802/512/497 4751/514/499
f 4801/513/498 4751/514/499 4750/515/500
f 4750/515/500 4751/514/499 4700/516/501
f 4750/515/500 4700/516/501 4699/517/502
f 4699/517/502 4700/516/501 4649/518/503
f 4699/517/502 4649/518/503 4648/519/504
f 4648/519/504 4649/518/503 4598/520/505
f 4648/519/504 4598/520/505 4597/521/506
f 4597/521/506 4598/520/505 4547/522/507
f 4597/521/506 4547/522/507 4546/523/508
f 4546/523/508 4547/522/507 346/524/509
f 4546/523/508 346/524/509 345/525/510
f 345/525/510 346/524/509 278/526/511
f 345/525/510 278/526/511 279/527/512
f 279/527/512 278/526/511 4494/528/513
f 279/527/512 4494/528/513 4493/529/514
f 4493/529/514 4494/528/513 4443/530/515
f 4493/529/514 4443/530/515 4442/531/516
f 4442/531/516 4443/530/515 4392/532/517
f 4442/531/516 4392/532/517 4391/533/518
f 4391/533/518 4392/532/517 4341/534/519
f 4391/533/518 4341/534/519 4340/535/520
f 4340/535/520 4341/534/519 4290/536/521
f 4340/535/520 4290/536/521 4289/537/522
f 4289/537/522 4290/536/521 4239/538/523
f 4289/537/522 4239/538/523 4238/539/524
f 4238/539/524 4239/538/523 4188/540/525
f 4238/539/524 4188/540/525 4187/541/526
f 4187/541/526 4188/540/525 4137/542/527
f 4187/541/526 4137/542/527 4136/543/528
f 4136/543/528 4137/542/527 4086/544/529
f 4136/543/528 4086/544/529 4085/545/530
f 4085/545/530 4086/544/529 4035/546/531
f 4085/545/530 4035/546/531 4034/547/532
f 4034/547/532 4035/546/531 3984/548/533
f 4034/547/532 3984/548/533 3983/549/534
f 3983/549/534 3984/548/533 3933/550/535
f 3983/549/534 3933/550/535 3932/551/536
f 3932/551/536 3933/550/535 3882/552/537
f 3932/551/536 3882/552/537 3881/553/538
f 3881/553/538 3882/552/537 3831/554/539
f 3881/553/538 3831/554/539 3830/555/540
f 3830/555/540 3831/554/539 3780/556/541
f 3830/555/540 3780/556/541 3779/557/542
f 3779/557/542 3780/556/541 429/558/543
f 3779/557/542 429/558/543 428/559/544
f 428/559/544 429/558/543 395/560/545
f 428/559/544 395/560/545 396/561/546
f 396/561/546 395/560/545 3727/562/547
f 396/561/546 3727/562/547 3726/563/548
f 3726/563/548 3727/562/547 3676/564/549
f 3726/563/548 3676/564/549 3675/565/550
f 3675/565/550 3676/564/549 3625/566/551
f 3675/565/550 3625/566/551 3624/567/552
f 3624/567/552 3625/566/551 3574/568/553
f 3624/567/552 3574/568/553 3573/569/554
f 3573/569/554 3574/568/553 3523/570/555
f 3573/569/554 3523/570/555 3522/571/556
f 3522/571/556 3523/570/555 3472/572/557
f 3522/571/556 3472/572/557 3471/573/558
f 3471/573/558 3472/572/557 3421/574/559
f 3471/573/558 3421/574/559 3420/575/560
f 3420/575/560 3421/574/559 3370/576/561
f 3420/575/560 3370/576/561 3369/577/562
f 3369/577/562 3370/576/561 3319/578/563
f 3369/577/562 3319/578/563 3318/579/564
f 3318/579/564 3319/578/563 3268/580/565
f 3318/579/564 3268/580/565 3267/581/566
f 3267/581/566 3268/580/565 3217/582/567
f 3267/581/566 3217/582/567 3216/583/568
f 3216/583/568 3217/582/567 3166/584/569
f 3216/583/568 3166/584/569 3165/585/570
f 3165/585/570 3166/584/569 3115/586/571
f 3165/585/570 3115/586/571 3114/587/572
f 3114/587/572 3115/586/571 3064/588/573
f 3114/587/572 3064/588/573 3063/589/574
f 3063/589/574 3064/588/573 3013/590/575
f 3063/589/574 3013/590/575 3012/591/576
f 3012/591/576 3013/590/575 512/592/577
f 3012/591/576 512/592/577 63/593/578
f 63/593/578 512/592/577 9/594/579
f 63/595/578 9/596/579 561/597/580
f 561/597/580 9/596/579 462/598/581
f 561/597/580 462/598/581 463/599/582
f 463/599/582 462/598/581 3010/600/583
f 463/599/582 3010/600/583 3009/601/584
f 3009/601/584 3010/600/583 2959/602/585
f 3009/601/584 2959/602/585 2958/603/586
f 2958/603/586 2959/602/585 2908/604/587
f 2958/603/586 2908/604/587 2907/605/588
f 2907/605/588 2908/604/587 2857/606/589
f 2907/605/588 2857/606/589 2856/607/590
f 2856/607/590 2857/606/589 2806/608/591
f 2856/607/590 2806/608/591 2805/609/592
f 2805/609/592 2806/608/591 2755/610/593
f 2805/609/592 2755/610/593 2754/611/594
f 2754/611/594 2755/610/593 2704/612/595
f 2754/611/594 2704/612/595 2703/613/596
f 2703/613/596 2704/612/595 2653/614/597
f 2703/613/596 2653/614/597 2652/615/598
f 2652/615/598 2653/614/597 2602/616/599
f 2652/615/598 2602/616/599 2601/617/600
f 2601/617/600 2602/616/599 2551/618/601
f 2601/617/600 2551/618/601 2550/619/602
f 2550/619/602 2551/618/601 2500/620/603
f 2550/619/602 2500/620/603 2499/621/604
f 2499/621/604 2500/620/603 2449/622/605
f 2499/621/604 2449/622/605 2448/623/606
f 2448/623/606 2449/622/605 2398/624/607
f 2448/623/606 2398/624/607 2397/625/608
f 2397/625/608 2398/624/607 2347/626/609
f 2397/625/608 2347/626/609 2346/627/610
f 2346/627/610 2347/626/609 2296/628/611
f 2346/627/610 2296/628/611 2295/629/612
f 2295/629/612 2296/628/611 645/630/613
f 2295/629/612 645/630/613 644/631/614
f 644/631/614 645/630/613 579/632/615
f 644/631/614 579/632/615 580/633/616
f 580/633/616 579/632/615 2243/634/617
f 580/633/616 2243/634/617 2242/635/618
f 2242/635/618 2243/634/617 2192/636/619
f 2242/635/618 2192/636/619 2191/637/620
f 2191/637/620 2192/636/619 2141/638/621
f 2191/637/620 2141/638/621 2140/639/622
f 2140/639/622 2141/638/621 2090/640/623
f 2140/639/622 2090/640/623 2089/641/624
f 2089/641/624 2090/640/623 2039/642/625
f 2089/641/624 2039/642/625 2038/643/626
f 2038/643/626 2039/642/625 1988/644/627
f 2038/643/626 1988/644/627 1987/645/628
f 1987/645/628 1988/644/627 1937/646/629
f 1987/645/628 1937/646/629 1936/647/630
f 1936/647/630 1937/646/629 1886/648/631
f 1936/647/630 1886/648/631 1885/649/632
f 1885/649/632 1886/648/631 1835/650/633
f 1885/649/632 1835/650/633 1834/651/634
f 1834/651/634 1835/650/633 1784/652/635
f 1834/651/634 1784/652/635 1783/653/636
f 1783/653/636 1784/652/635 1733/654/637
f 1783/653/636 1733/654/637 1732/655/638
f 1732/655/638 1733/654/637 1682/656/639
f 1732/655/638 1682/656/639 1681/657/640
f 1681/657/640 1682/656/639 1631/658/641
f 1681/657/640 1631/658/641 1630/659/642
f 1630/659/642 1631/658/641 1580/660/643
f 1630/659/642 1580/660/643 1579/661/644
f 1579/661/644 1580/660/643 1529/662/645
f 1579/661/644 1529/662/645 1528/663/646
f 1528/663/646 1529/662/645 728/664/647
f 1528/663/646 728/664/647 727/665/648
f 727/665/648 728/664/647 696/666/649
f 727/665/648 696/666/649 697/667/650
f 697/667/650 696/666/649 1476/668/651
f 697/667/650 1476/668/651 1475/669/652
f 1475/669/652 1476/668/651 1425/670/653
f 1475/669/652 1425/670/653 1424/671/654
f 1424/671/654 1425/670/653 1374/672/655
f 1424/671/654 1374/672/655 1373/673/656
f 1373/673/656 1374/672/655 1323/674/657
f 1373/673/656 1323/674/657 1322/675/658
f 1322/675/658 1323/674/657 1272/676/659
f 1322/675/658 1272/676/659 1271/677/660
f 1271/677/660 1272/676/659 1221/678/661
f 1271/677/660 1221/678/661 1220/679/662
f 1220/679/662 1221/678/661 1170/680/663
f 1220/679/662 1170/680/663 1169/681/664
f 1169/681/664 1170/680/663 1119/682/665
f 1169/681/664 1119/682/665 1118/683/666
f 1118/683/666 1119/682/665 1068/684/667
f 1118/683/666 1068/684/667 1067/685/668
f 1067/685/668 1068/684/667 1017/686/669
f 1067/685/668 1017/686/669 1016/687/670
f 1016/687/670 1017/686/669 966/688/671
f 1016/687/670 966/688/671 965/689/672
f 965/689/672 966/688/671 915/690/673
f 965/689/672 915/690/673 914/691/674
f 914/691/674 915/690/673 864/692/675
f 914/691/674 864/692/675 863/693/676
f 863/693/676 864/692/675 813/694/677
f 863/693/676 813/694/677 812/695/678
f 812/695/678 813/694/677 762/696/679
f 812/695/678 762/696/679 13/697/5
f 13/697/5 762/696/679 12/698/3
f 1/699/1 12/698/3 162/700/680
f 162/700/680 12/698/3 762/696/679
f 162/700/680 762/696/679 763/701/681
f 763/701/681 762/696/679 813/694/677
f 763/701/681 813/694/677 814/702/682
f 814/702/682 813/694/677 864/692/675
f 814/702/682 864/692/675 865/703/683
f 865/703/683 864/692/675 915/690/673
f 865/703/683 915/690/673 916/704/684
f 916/704/684 915/690/673 966/688/671
f 916/704/684 966/688/671 967/705/685
f 967/705/685 966/688/671 1017/686/669
f 967/705/685 1017/686/669 1018/706/686
f 1018/706/686 1017/686/669 1068/684/667
f 1018/706/686 1068/684/667 1069/707/687
f 1069/707/687 1068/684/667 1119/682/665
f 1069/707/687 1119/682/665 1120/708/688
f 1120/708/688 1119/682/665 1170/680/663
f 1120/708/688 1170/680/663 1171/709/689
f 1171/709/689 1170/680/663 1221/678/661
f 1171/709/689 1221/678/661 1222/710/690
f 1222/710/690 1221/678/661 1272/676/659
f 1222/710/690 1272/676/659 1273/711/691
f 1273/711/691 1272/676/659 1323/674/657
f 1273/711/691 1323/674/657 1324/712/692
f 1324/712/692 1323/674/657 1374/672/655
f 1324/712/692 1374/672/655 1375/713/693
f 1375/713/693 1374/672/655 1425/670/653
f 1375/713/693 1425/670/653 1426/714/694
f 1426/714/694 1425/670/653 1476/668/651
f 1426/714/694 1476/668/651 1477/715/695
f 1477/715/695 1476/668/651 696/666/649
f 1477/715/695 696/666/649 695/716/696
f 695/716/696 696/666/649 728/664/647
f 695/716/696 728/664/647 729/717/697
f 729/717/697 728/664/647 1529/662/645
f 729/717/697 1529/662/645 1530/718/698
f 1530/718/698 1529/662/645 1580/660/643
f 1530/718/698 1580/660/643 1581/719/699
f 1581/719/699 1580/660/643 1631/658/641
f 1581/719/699 1631/658/641 1632/720/700
f 1632/720/700 1631/658/641 1682/656/639
f 1632/720/700 1682/656/639 1683/721/701
f 1683/721/701 1682/656/639 1733/654/637
f 1683/721/701 1733/654/637 1734/722/702
f 1734/722/702 1733/654/637 1784/652/635
f 1734/722/702 1784/652/635 1785/723/703
f 1785/723/703 1784/652/635 1835/650/633
f 1785/723/703 1835/650/633 1836/724/704
f 1836/724/704 1835/650/633 1886/648/631
f 1836/724/704 1886/648/631 1887/725/705
f 1887/725/705 1886/648/631 1937/646/629
f 1887/725/705 1937/646/629 1938/726/706
f 1938/726/706 1937/646/629 1988/644/627
f 1938/726/706 1988/644/627 1989/727/707
f 1989/727/707 1988/644/627 2039/642/625
f 1989/727/707 2039/642/625 2040/728/708
f 2040/728/708 2039/642/625 2090/640/623
f 2040/728/708 2090/640/623 2091/729/709
f 2091/729/709 2090/640/623 2141/638/621
f 2091/729/709 2141/638/621 2142/730/710
f 2142/730/710 2141/638/621 2192/636/619
f 2142/730/710 2192/636/619 2193/731/711
f 2193/731/711 2192/636/619 2243/634/617
f 2193/731/711 2243/634/617 2244/732/712
f 2244/732/712 2243/634/617 579/632/615
f 2244/732/712 579/632/615 578/733/713
f 578/733/713 579/632/615 645/630/613
f 578/733/713 645/630/613 646/734/714
f 646/734/714 645/630/613 2296/628/611
f 646/734/714 2296/628/611 2297/735/715
f 2297/735/715 2296/628/611 2347/626/609
f 2297/735/715 2347/626/609 2348/736/716
f 2348/736/716 2347/626/609 2398/624/607
f 2348/736/716 2398/624/607 2399/737/717
f 2399/737/717 2398/624/607 2449/622/605
f 2399/737/717 2449/622/605 2450/738/718
f 2450/738/718 2449/622/605 2500/620/603
f 2450/738/718 2500/620/603 2501/739/719
f 2501/739/719 2500/620/603 2551/618/601
f 2501/739/719 2551/618/601 2552/740/720
f 2552/740/720 2551/618/601 2602/616/599
f 2552/740/720 2602/616/599 2603/741/721
f 2603/741/721 2602/616/599 2653/614/597
f 2603/741/721 2653/614/597 2654/742/722
f 2654/742/722 2653/614/597 2704/612/595
f 2654/742/722 2704/612/595 2705/743/723
f 2705/743/723 2704/612/595 2755/610/593
f 2705/743/723 2755/610/593 2756/744/724
f 2756/744/724 2755/610/593 2806/608/591
f 2756/744/724 2806/608/591 2807/745/725
f 2807/745/725 2806/608/591 2857/606/589
f 2807/745/725 2857/606/589 2858/746/726
f 2858/746/726 2857/606/589 2908/604/587
f 2858/746/726 2908/604/587 2909/747/727
f 2909/747/727 2908/604/587 2959/602/585
f 2909/747/727 2959/602/585 2960/748/728
f 2960/748/728 2959/602/585 3010/600/583
f 2960/748/728 3010/600/583 3011/749/729
f 3011/749/729 3010/600/583 462/598/581
f 3011/749/729 462/598/581 62/750/730
f 62/750/730 462/598/581 9/596/579
f 62/751/730 9/594/579 512/592/577
f 2/752/731 153/753/732 203/754/733
f 203/754/733 153/753/732 152/755/734
f 203/754/733 152/755/734 202/756/735
f 202/756/735 152/755/734 151/757/736
f 202/756/735 151/757/736 201/758/737
f 201/758/737 151/757/736 150/759/738
f 201/758/737 150/759/738 200/760/739
f 200/760/739 150/759/738 149/761/740
f 200/760/739 149/761/740 199/762/741
f 199/762/741 149/761/740 148/763/742
f 199/762/741 148/763/742 198/764/743
f 198/764/743 148/763/742 147/765/744
f 198/764/743 147/765/744 197/219/213
f 197/219/213 147/765/744 146/216/211
f 2/766/731 154/767/745 219/768/746
f 219/768/746 154/767/745 155/769/747
f 219/768/746 155/769/747 218/770/748
f 218/770/748 155/769/747 156/771/749
f 218/770/748 156/771/749 217/772/750
f 217/772/750 156/771/749 157/773/751
f 217/772/750 157/773/751 216/774/752
f 216/774/752 157/773/751 158/775/753
f 216/774/752 158/775/753 215/776/754
f 215/776/754 158/775/753 159/777/755
f 215/776/754 159/777/755 214/778/756
f 214/778/756 159/777/755 160/779/757
f 214/778/756 160/779/757 213/780/758
f 213/780/758 160/779/757 161/781/2
f 213/780/758 161/781/2 212/493/478
f 212/493/478 161/781/2 1/491/1
f 3/217/210 145/782/759 195/783/760
f 195/783/760 145/782/759 194/784/761
f 195/783/760 194/784/761 795/785/762
f 795/785/762 194/784/761 794/786/763
f 795/785/762 794/786/763 845/787/764
f 845/787/764 794/786/763 844/788/765
f 845/787/764 844/788/765 895/789/766
f 895/789/766 844/788/765 894/790/767
f 895/789/766 894/790/767 945/791/768
f 945/791/768 894/790/767 944/792/769
f 945/791/768 944/792/769 995/793/770
f 995/793/770 944/792/769 994/794/771
f 995/793/770 994/794/771 1045/795/772
f 1045/795/772 994/794/771 1044/796/773
f 1045/795/772 1044/796/773 1095/797/774
f 1095/797/774 1044/796/773 1094/798/775
f 1095/797/774 1094/798/775 1145/799/776
f 1145/799/776 1094/798/775 1144/800/777
f 1145/799/776 1144/800/777 1195/801/778
f 1195/801/778 1144/800/777 1194/802/779
f 1195/801/778 1194/802/779 1245/803/780
f 1245/803/780 1194/802/779 1244/804/781
f 1245/803/780 1244/804/781 1295/805/782
f 1295/805/782 1244/804/781 1294/806/783
f 1295/805/782 1294/806/783 1345/807/784
f 1345/807/784 1294/806/783 1344/808/785
f 1345/807/784 1344/808/785 1395/809/786
f 1395/809/786 1344/808/785 1394/810/787
f 1395/809/786 1394/810/787 1445/811/788
f 1445/811/788 1394/810/787 1444/812/789
f 1445/811/788 1444/812/789 1495/813/790
f 1495/813/790 1444/812/789 1494/814/791
f 1495/813/790 1494/814/791 678/815/792
f 678/815/792 1494/814/791 679/426/415
f 678/815/792 679/426/415 745/424/413
f 4/816/793 137/817/794 186/818/795
f 186/818/795 137/817/794 136/819/796
f 186/818/795 136/819/796 185/820/797
f 185/820/797 136/819/796 135/821/798
f 185/820/797 135/821/798 184/822/799
f 184/822/799 135/821/798 134/823/800
f 184/822/799 134/823/800 183/824/801
f 183/824/801 134/823/800 133/825/802
f 183/824/801 133/825/802 182/826/803
f 182/826/803 133/825/802 132/827/804
f 182/826/803 132/827/804 181/828/805
f 181/828/805 132/827/804 131/829/806
f 181/828/805 131/829/806 180/830/807
f 180/830/807 131/829/806 130/831/808
f 180/830/807 130/831/808 179/832/809
f 179/832/809 130/831/808 5/833/810
f 179/832/809 5/833/810 178/458/447
f 178/458/447 5/833/810 129/460/449
f 4/834/793 138/835/811 236/836/812
f 236/836/812 138/835/811 139/837/813
f 236/836/812 139/837/813 235/838/814
f 235/838/814 139/837/813 140/839/815
f 235/838/814 140/839/815 234/840/816
f 234/840/816 140/839/815 141/841/817
f 234/840/816 141/841/817 233/842/818
f 233/842/818 141/841/817 142/843/819
f 233/842/818 142/843/819 232/844/820
f 232/844/820 142/843/819 143/845/821
f 232/844/820 143/845/821 231/846/822
f 231/846/822 143/845/821 144/847/823
f 231/846/822 144/847/823 230/848/824
f 230/848/824 144/847/823 145/849/759
f 230/848/824 145/849/759 229/212/208
f 229/212/208 145/849/759 3/214/210
f 5/850/810 130/851/808 245/852/825
f 245/852/825 130/851/808 244/853/826
f 245/852/825 244/853/826 5228/854/827
f 5228/854/827 244/853/826 5229/855/828
f 5228/854/827 5229/855/828 5178/856/829
f 5178/856/829 5229/855/828 5179/857/830
f 5178/856/829 5179/857/830 5128/858/831
f 5128/858/831 5179/857/830 5129/859/832
f 5128/858/831 5129/859/832 5078/860/833
f 5078/860/833 5129/859/832 5079/861/834
f 5078/860/833 5079/861/834 5028/862/835
f 5028/862/835 5079/861/834 5029/863/836
f 5028/862/835 5029/863/836 4978/864/837
f 4978/864/837 5029/863/836 4979/865/838
f 4978/864/837 4979/865/838 4928/866/839
f 4928/866/839 4979/865/838 4929/867/840
f 4928/866/839 4929/867/840 4878/868/841
f 4878/868/841 4929/867/840 4879/869/842
f 4878/868/841 4879/869/842 4828/870/843
f 4828/870/843 4879/869/842 4829/871/844
f 4828/870/843 4829/871/844 4778/872/845
f 4778/872/845 4829/871/844 4779/873/846
f 4778/872/845 4779/873/846 4728/874/847
f 4728/874/847 4779/873/846 4729/875/848
f 4728/874/847 4729/875/848 4678/876/849
f 4678/876/849 4729/875/848 4679/877/850
f 4678/876/849 4679/877/850 4628/878/851
f 4628/878/851 4679/877/850 4629/879/852
f 4628/878/851 4629/879/852 4578/880/853
f 4578/880/853 4629/879/852 4579/881/854
f 4578/880/853 4579/881/854 4528/882/855
f 4528/882/855 4579/881/854 4529/182/178
f 4528/882/855 4529/182/178 328/180/176
f 6/883/856 121/884/857 169/885/858
f 169/885/858 121/884/857 120/886/859
f 169/885/858 120/886/859 168/887/860
f 168/887/860 120/886/859 119/888/861
f 168/887/860 119/888/861 167/889/862
f 167/889/862 119/888/861 118/890/863
f 167/889/862 118/890/863 166/891/864
f 166/891/864 118/890/863 117/892/865
f 166/891/864 117/892/865 165/893/866
f 165/893/866 117/892/865 116/894/867
f 165/893/866 116/894/867 164/895/868
f 164/895/868 116/894/867 115/896/869
f 164/895/868 115/896/869 163/897/870
f 163/897/870 115/896/869 114/898/241
f 163/897/870 114/898/241 162/700/680
f 162/700/680 114/898/241 1/699/1
f 6/899/856 122/900/871 253/901/872
f 253/901/872 122/900/871 123/902/873
f 253/901/872 123/902/873 252/903/874
f 252/903/874 123/902/873 124/904/875
f 252/903/874 124/904/875 251/905/876
f 251/905/876 124/904/875 125/906/877
f 251/905/876 125/906/877 250/907/878
f 250/907/878 125/906/877 126/908/879
f 250/907/878 126/908/879 249/909/880
f 249/909/880 126/908/879 127/910/881
f 249/909/880 127/910/881 248/465/452
f 248/465/452 127/910/881 128/462/450
f 8/143/141 79/911/882 362/141/139
f 362/141/139 79/911/882 3761/912/883
f 362/141/139 3761/912/883 3760/139/137
f 3760/139/137 3761/912/883 3710/913/884
f 3760/139/137 3710/913/884 3709/137/135
f 3709/137/135 3710/913/884 3659/914/885
f 3709/137/135 3659/914/885 3658/135/133
f 3658/135/133 3659/914/885 3608/915/886
f 3658/135/133 3608/915/886 3607/133/131
f 3607/133/131 3608/915/886 3557/916/887
f 3607/133/131 3557/916/887 3556/131/129
f 3556/131/129 3557/916/887 3506/917/888
f 3556/131/129 3506/917/888 3505/129/127
f 3505/129/127 3506/917/888 3455/918/889
f 3505/129/127 3455/918/889 3454/127/125
f 3454/127/125 3455/918/889 3404/919/890
f 3454/127/125 3404/919/890 3403/125/123
f 3403/125/123 3404/919/890 3353/920/891
f 3403/125/123 3353/920/891 3352/123/121
f 3352/123/121 3353/920/891 3302/921/892
f 3352/123/121 3302/921/892 3301/121/119
f 3301/121/119 3302/921/892 3251/922/893
f 3301/121/119 3251/922/893 3250/119/117
f 3250/119/117 3251/922/893 3200/923/894
f 3250/119/117 3200/923/894 3199/117/115
f 3199/117/115 3200/923/894 3149/924/895
f 3199/117/115 3149/924/895 3148/115/113
f 3148/115/113 3149/924/895 3098/925/896
f 3148/115/113 3098/925/896 3097/113/111
f 3097/113/111 3098/925/896 3047/926/897
f 3097/113/111 3047/926/897 3046/111/109
f 3046/111/109 3047/926/897 546/927/898
f 3046/111/109 546/927/898 545/109/107
f 545/109/107 546/927/898 478/928/899
f 545/109/107 478/928/899 479/107/105
f 479/107/105 478/928/899 2994/929/900
f 479/107/105 2994/929/900 2993/105/103
f 2993/105/103 2994/929/900 2943/930/901
f 2993/105/103 2943/930/901 2942/103/101
f 2942/103/101 2943/930/901 2892/931/902
f 2942/103/101 2892/931/902 2891/101/99
f 2891/101/99 2892/931/902 2841/932/903
f 2891/101/99 2841/932/903 2840/99/97
f 2840/99/97 2841/932/903 2790/933/904
f 2840/99/97 2790/933/904 2789/97/95
f 2789/97/95 2790/933/904 2739/934/905
f 2789/97/95 2739/934/905 2738/95/93
f 2738/95/93 2739/934/905 2688/935/906
f 2738/95/93 2688/935/906 2687/93/91
f 2687/93/91 2688/935/906 2637/936/907
f 2687/93/91 2637/936/907 2636/91/89
f 2636/91/89 2637/936/907 2586/937/908
f 2636/91/89 2586/937/908 2585/89/87
f 2585/89/87 2586/937/908 2535/938/909
f 2585/89/87 2535/938/909 2534/87/85
f 2534/87/85 2535/938/909 2484/939/910
f 2534/87/85 2484/939/910 2483/85/83
f 2483/85/83 2484/939/910 2433/940/911
f 2483/85/83 2433/940/911 2432/83/81
f 2432/83/81 2433/940/911 2382/941/912
f 2432/83/81 2382/941/912 2381/81/79
f 2381/81/79 2382/941/912 2331/942/913
f 2381/81/79 2331/942/913 2330/79/77
f 2330/79/77 2331/942/913 2280/943/914
f 2330/79/77 2280/943/914 2279/77/75
f 2279/77/75 2280/943/914 629/944/915
f 2279/77/75 629/944/915 628/75/73
f 628/75/73 629/944/915 595/945/916
f 628/75/73 595/945/916 596/73/71
f 596/73/71 595/945/916 2227/946/917
f 596/73/71 2227/946/917 2226/71/69
f 2226/71/69 2227/946/917 2176/947/918
f 2226/71/69 2176/947/918 2175/69/67
f 2175/69/67 2176/947/918 2125/948/919
f 2175/69/67 2125/948/919 2124/67/65
f 2124/67/65 2125/948/919 2074/949/920
f 2124/67/65 2074/949/920 2073/65/63
f 2073/65/63 2074/949/920 2023/950/921
f 2073/65/63 2023/950/921 2022/63/61
f 2022/63/61 2023/950/921 1972/951/922
f 2022/63/61 1972/951/922 1971/61/59
f 1971/61/59 1972/951/922 1921/952/923
f 1971/61/59 1921/952/923 1920/59/57
f 1920/59/57 1921/952/923 1870/953/924
f 1920/59/57 1870/953/924 1869/57/55
f 1869/57/55 1870/953/924 1819/954/925
f 1869/57/55 1819/954/925 1818/55/53
f 1818/55/53 1819/954/925 1768/955/926
f 1818/55/53 1768/955/926 1767/53/51
f 1767/53/51 1768/955/926 1717/956/927
f 1767/53/51 1717/956/927 1716/51/49
f 1716/51/49 1717/956/927 1666/957/928
f 1716/51/49 1666/957/928 1665/49/47
f 1665/49/47 1666/957/928 1615/958/929
f 1665/49/47 1615/958/929 1614/47/45
f 1614/47/45 1615/958/929 1564/959/930
f 1614/47/45 1564/959/930 1563/45/43
f 1563/45/43 1564/959/930 1513/960/931
f 1563/45/43 1513/960/931 1512/43/41
f 1512/43/41 1513/960/931 712/961/932
f 1512/43/41 712/961/932 29/41/39
f 29/41/39 712/961/932 11/962/37
f 79/963/882 8/145/141 412/147/143
f 10/390/379 45/964/933 562/392/381
f 562/392/381 45/964/933 2261/965/934
f 562/392/381 2261/965/934 2260/394/383
f 2260/394/383 2261/965/934 2210/966/935
f 2260/394/383 2210/966/935 2209/396/385
f 2209/396/385 2210/966/935 2159/967/936
f 2209/396/385 2159/967/936 2158/398/387
f 2158/398/387 2159/967/936 2108/968/937
f 2158/398/387 2108/968/937 2107/400/389
f 2107/400/389 2108/968/937 2057/969/938
f 2107/400/389 2057/969/938 2056/402/391
f 2056/402/391 2057/969/938 2006/970/939
f 2056/402/391 2006/970/939 2005/404/393
f 2005/404/393 2006/970/939 1955/971/940
f 2005/404/393 1955/971/940 1954/406/395
f 1954/406/395 1955/971/940 1904/972/941
f 1954/406/395 1904/972/941 1903/408/397
f 1903/408/397 1904/972/941 1853/973/942
f 1903/408/397 1853/973/942 1852/410/399
f 1852/410/399 1853/973/942 1802/974/943
f 1852/410/399 1802/974/943 1801/412/401
f 1801/412/401 1802/974/943 1751/975/944
f 1801/412/401 1751/975/944 1750/414/403
f 1750/414/403 1751/975/944 1700/976/945
f 1750/414/403 1700/976/945 1699/416/405
f 1699/416/405 1700/976/945 1649/977/946
f 1699/416/405 1649/977/946 1648/418/407
f 1648/418/407 1649/977/946 1598/978/947
f 1648/418/407 1598/978/947 1597/420/409
f 1597/420/409 1598/978/947 1547/979/948
f 1597/420/409 1547/979/948 1546/422/411
f 1546/422/411 1547/979/948 746/980/949
f 1546/422/411 746/980/949 745/424/413
f 745/424/413 746/980/949 678/815/792
f 45/981/933 10/388/379 612/386/377
f 28/982/35 11/962/37 712/961/932
f 13/697/5 14/983/7 812/695/678
f 812/695/678 14/983/7 862/984/950
f 812/695/678 862/984/950 863/693/676
f 863/693/676 862/984/950 913/985/951
f 863/693/676 913/985/951 914/691/674
f 914/691/674 913/985/951 964/986/952
f 914/691/674 964/986/952 965/689/672
f 965/689/672 964/986/952 1015/987/953
f 965/689/672 1015/987/953 1016/687/670
f 1016/687/670 1015/987/953 1066/988/954
f 1016/687/670 1066/988/954 1067/685/668
f 1067/685/668 1066/988/954 1117/989/955
f 1067/685/668 1117/989/955 1118/683/666
f 1118/683/666 1117/989/955 1168/990/956
f 1118/683/666 1168/990/956 1169/681/664
f 1169/681/664 1168/990/956 1219/991/957
f 1169/681/664 1219/991/957 1220/679/662
f 1220/679/662 1219/991/957 1270/992/958
f 1220/679/662 1270/992/958 1271/677/660
f 1271/677/660 1270/992/958 1321/993/959
f 1271/677/660 1321/993/959 1322/675/658
f 1322/675/658 1321/993/959 1372/994/960
f 1322/675/658 1372/994/960 1373/673/656
f 1373/673/656 1372/994/960 1423/995/961
f 1373/673/656 1423/995/961 1424/671/654
f 1424/671/654 1423/995/961 1474/996/962
f 1424/671/654 1474/996/962 1475/669/652
f 1475/669/652 1474/996/962 698/997/963
f 1475/669/652 698/997/963 697/667/650
f 697/667/650 698/997/963 726/998/964
f 697/667/650 726/998/964 727/665/648
f 727/665/648 726/998/964 1527/999/965
f 727/665/648 1527/999/965 1528/663/646
f 1528/663/646 1527/999/965 1578/1000/966
f 1528/663/646 1578/1000/966 1579/661/644
f 1579/661/644 1578/1000/966 1629/1001/967
f 1579/661/644 1629/1001/967 1630/659/642
f 1630/659/642 1629/1001/967 1680/1002/968
f 1630/659/642 1680/1002/968 1681/657/640
f 1681/657/640 1680/1002/968 1731/1003/969
f 1681/657/640 1731/1003/969 1732/655/638
f 1732/655/638 1731/1003/969 1782/1004/970
f 1732/655/638 1782/1004/970 1783/653/636
f 1783/653/636 1782/1004/970 1833/1005/971
f 1783/653/636 1833/1005/971 1834/651/634
f 1834/651/634 1833/1005/971 1884/1006/972
f 1834/651/634 1884/1006/972 1885/649/632
f 1885/649/632 1884/1006/972 1935/1007/973
f 1885/649/632 1935/1007/973 1936/647/630
f 1936/647/630 1935/1007/973 1986/1008/974
f 1936/647/630 1986/1008/974 1987/645/628
f 1987/645/628 1986/1008/974 2037/1009/975
f 1987/645/628 2037/1009/975 2038/643/626
f 2038/643/626 2037/1009/975 2088/1010/976
f 2038/643/626 2088/1010/976 2089/641/624
f 2089/641/624 2088/1010/976 2139/1011/977
f 2089/641/624 2139/1011/977 2140/639/622
f 2140/639/622 2139/1011/977 2190/1012/978
f 2140/639/622 2190/1012/978 2191/637/620
f 2191/637/620 2190/1012/978 2241/1013/979
f 2191/637/620 2241/1013/979 2242/635/618
f 2242/635/618 2241/1013/979 581/1014/980
f 2242/635/618 581/1014/980 580/633/616
f 580/633/616 581/1014/980 643/1015/981
f 580/633/616 643/1015/981 644/631/614
f 644/631/614 643/1015/981 2294/1016/982
f 644/631/614 2294/1016/982 2295/629/612
f 2295/629/612 2294/1016/982 2345/1017/983
f 2295/629/612 2345/1017/983 2346/627/610
f 2346/627/610 2345/1017/983 2396/1018/984
f 2346/627/610 2396/1018/984 2397/625/608
f 2397/625/608 2396/1018/984 2447/1019/985
f 2397/625/608 2447/1019/985 2448/623/606
f 2448/623/606 2447/1019/985 2498/1020/986
f 2448/623/606 2498/1020/986 2499/621/604
f 2499/621/604 2498/1020/986 2549/1021/987
f 2499/621/604 2549/1021/987 2550/619/602
f 2550/619/602 2549/1021/987 2600/1022/988
f 2550/619/602 2600/1022/988 2601/617/600
f 2601/617/600 2600/1022/988 2651/1023/989
f 2601/617/600 2651/1023/989 2652/615/598
f 2652/615/598 2651/1023/989 2702/1024/990
f 2652/615/598 2702/1024/990 2703/613/596
f 2703/613/596 2702/1024/990 2753/1025/991
f 2703/613/596 2753/1025/991 2754/611/594
f 2754/611/594 2753/1025/991 2804/1026/992
f 2754/611/594 2804/1026/992 2805/609/592
f 2805/609/592 2804/1026/992 2855/1027/993
f 2805/609/592 2855/1027/993 2856/607/590
f 2856/607/590 2855/1027/993 2906/1028/994
f 2856/607/590 2906/1028/994 2907/605/588
f 2907/605/588 2906/1028/994 2957/1029/995
f 2907/605/588 2957/1029/995 2958/603/586
f 2958/603/586 2957/1029/995 3008/1030/996
f 2958/603/586 3008/1030/996 3009/601/584
f 3009/601/584 3008/1030/996 464/1031/997
f 3009/601/584 464/1031/997 463/599/582
f 463/599/582 464/1031/997 560/1032/998
f 463/599/582 560/1032/998 561/597/580
f 561/597/580 560/1032/998 3061/1033/999
f 561/597/580 3061/1033/999 64/1034/1000
f 64/1034/1000 3061/1033/999 65/1035/1001
f 64/1036/1000 65/1037/1001 3062/1038/1002
f 3062/1038/1002 65/1037/1001 3112/1039/1003
f 3062/1038/1002 3112/1039/1003 3113/1040/1004
f 3113/1040/1004 3112/1039/1003 3163/1041/1005
f 3113/1040/1004 3163/1041/1005 3164/1042/1006
f 3164/1042/1006 3163/1041/1005 3214/1043/1007
f 3164/1042/1006 3214/1043/1007 3215/1044/1008
f 3215/1044/1008 3214/1043/1007 3265/1045/1009
f 3215/1044/1008 3265/1045/1009 3266/1046/1010
f 3266/1046/1010 3265/1045/1009 3316/1047/1011
f 3266/1046/1010 3316/1047/1011 3317/1048/1012
f 3317/1048/1012 3316/1047/1011 3367/1049/1013
f 3317/1048/1012 3367/1049/1013 3368/1050/1014
f 3368/1050/1014 3367/1049/1013 3418/1051/1015
f 3368/1050/1014 3418/1051/1015 3419/1052/1016
f 3419/1052/1016 3418/1051/1015 3469/1053/1017
f 3419/1052/1016 3469/1053/1017 3470/1054/1018
f 3470/1054/1018 3469/1053/1017 3520/1055/1019
f 3470/1054/1018 3520/1055/1019 3521/1056/1020
f 3521/1056/1020 3520/1055/1019 3571/1057/1021
f 3521/1056/1020 3571/1057/1021 3572/1058/1022
f 3572/1058/1022 3571/1057/1021 3622/1059/1023
f 3572/1058/1022 3622/1059/1023 3623/1060/1024
f 3623/1060/1024 3622/1059/1023 3673/1061/1025
f 3623/1060/1024 3673/1061/1025 3674/1062/1026
f 3674/1062/1026 3673/1061/1025 3724/1063/1027
f 3674/1062/1026 3724/1063/1027 3725/1064/1028
f 3725/1064/1028 3724/1063/1027 398/1065/1029
f 3725/1064/1028 398/1065/1029 397/1066/1030
f 397/1066/1030 398/1065/1029 426/1067/1031
f 397/1066/1030 426/1067/1031 427/1068/1032
f 427/1068/1032 426/1067/1031 3777/1069/1033
f 427/1068/1032 3777/1069/1033 3778/1070/1034
f 3778/1070/1034 3777/1069/1033 3828/1071/1035
f 3778/1070/1034 3828/1071/1035 3829/1072/1036
f 3829/1072/1036 3828/1071/1035 3879/1073/1037
f 3829/1072/1036 3879/1073/1037 3880/1074/1038
f 3880/1074/1038 3879/1073/1037 3930/1075/1039
f 3880/1074/1038 3930/1075/1039 3931/1076/1040
f 3931/1076/1040 3930/1075/1039 3981/1077/1041
f 3931/1076/1040 3981/1077/1041 3982/1078/1042
f 3982/1078/1042 3981/1077/1041 4032/1079/1043
f 3982/1078/1042 4032/1079/1043 4033/1080/1044
f 4033/1080/1044 4032/1079/1043 4083/1081/1045
f 4033/1080/1044 4083/1081/1045 4084/1082/1046
f 4084/1082/1046 4083/1081/1045 4134/1083/1047
f 4084/1082/1046 4134/1083/1047 4135/1084/1048
f 4135/1084/1048 4134/1083/1047 4185/1085/1049
f 4135/1084/1048 4185/1085/1049 4186/1086/1050
f 4186/1086/1050 4185/1085/1049 4236/1087/1051
f 4186/1086/1050 4236/1087/1051 4237/1088/1052
f 4237/1088/1052 4236/1087/1051 4287/1089/1053
f 4237/1088/1052 4287/1089/1053 4288/1090/1054
f 4288/1090/1054 4287/1089/1053 4338/1091/1055
f 4288/1090/1054 4338/1091/1055 4339/1092/1056
f 4339/1092/1056 4338/1091/1055 4389/1093/1057
f 4339/1092/1056 4389/1093/1057 4390/1094/1058
f 4390/1094/1058 4389/1093/1057 4440/1095/1059
f 4390/1094/1058 4440/1095/1059 4441/1096/1060
f 4441/1096/1060 4440/1095/1059 4491/1097/1061
f 4441/1096/1060 4491/1097/1061 4492/1098/1062
f 4492/1098/1062 4491/1097/1061 281/1099/1063
f 4492/1098/1062 281/1099/1063 280/1100/1064
f 280/1100/1064 281/1099/1063 343/1101/1065
f 280/1100/1064 343/1101/1065 344/1102/1066
f 344/1102/1066 343/1101/1065 4544/1103/1067
f 344/1102/1066 4544/1103/1067 4545/1104/1068
f 4545/1104/1068 4544/1103/1067 4595/1105/1069
f 4545/1104/1068 4595/1105/1069 4596/1106/1070
f 4596/1106/1070 4595/1105/1069 4646/1107/1071
f 4596/1106/1070 4646/1107/1071 4647/1108/1072
f 4647/1108/1072 4646/1107/1071 4697/1109/1073
f 4647/1108/1072 4697/1109/1073 4698/1110/1074
f 4698/1110/1074 4697/1109/1073 4748/1111/1075
f 4698/1110/1074 4748/1111/1075 4749/1112/1076
f 4749/1112/1076 4748/1111/1075 4799/1113/1077
f 4749/1112/1076 4799/1113/1077 4800/1114/1078
f 4800/1114/1078 4799/1113/1077 4850/1115/1079
f 4800/1114/1078 4850/1115/1079 4851/1116/1080
f 4851/1116/1080 4850/1115/1079 4901/1117/1081
f 4851/1116/1080 4901/1117/1081 4902/1118/1082
f 4902/1118/1082 4901/1117/1081 4952/1119/1083
f 4902/1118/1082 4952/1119/1083 4953/1120/1084
f 4953/1120/1084 4952/1119/1083 5003/1121/1085
f 4953/1120/1084 5003/1121/1085 5004/1122/1086
f 5004/1122/1086 5003/1121/1085 5054/1123/1087
f 5004/1122/1086 5054/1123/1087 5055/1124/1088
f 5055/1124/1088 5054/1123/1087 5105/1125/1089
f 5055/1124/1088 5105/1125/1089 5106/1126/1090
f 5106/1126/1090 5105/1125/1089 5156/1127/1091
f 5106/1126/1090 5156/1127/1091 5157/1128/1092
f 5157/1128/1092 5156/1127/1091 5207/1129/1093
f 5157/1128/1092 5207/1129/1093 5208/1130/1094
f 5208/1130/1094 5207/1129/1093 5258/1131/1095
f 5208/1130/1094 5258/1131/1095 5259/1132/1096
f 5259/1132/1096 5258/1131/1095 214/778/756
f 5259/1132/1096 214/778/756 213/780/758
f 14/983/7 15/1133/9 862/984/950
f 862/984/950 15/1133/9 912/1134/1097
f 862/984/950 912/1134/1097 913/985/951
f 913/985/951 912/1134/1097 963/1135/1098
f 913/985/951 963/1135/1098 964/986/952
f 964/986/952 963/1135/1098 1014/1136/1099
f 964/986/952 1014/1136/1099 1015/987/953
f 1015/987/953 1014/1136/1099 1065/1137/1100
f 1015/987/953 1065/1137/1100 1066/988/954
f 1066/988/954 1065/1137/1100 1116/1138/1101
f 1066/988/954 1116/1138/1101 1117/989/955
f 1117/989/955 1116/1138/1101 1167/1139/1102
f 1117/989/955 1167/1139/1102 1168/990/956
f 1168/990/956 1167/1139/1102 1218/1140/1103
f 1168/990/956 1218/1140/1103 1219/991/957
f 1219/991/957 1218/1140/1103 1269/1141/1104
f 1219/991/957 1269/1141/1104 1270/992/958
f 1270/992/958 1269/1141/1104 1320/1142/1105
f 1270/992/958 1320/1142/1105 1321/993/959
f 1321/993/959 1320/1142/1105 1371/1143/1106
f 1321/993/959 1371/1143/1106 1372/994/960
f 1372/994/960 1371/1143/1106 1422/1144/1107
f 1372/994/960 1422/1144/1107 1423/995/961
f 1423/995/961 1422/1144/1107 1473/1145/1108
f 1423/995/961 1473/1145/1108 1474/996/962
f 1474/996/962 1473/1145/1108 699/1146/1109
f 1474/996/962 699/1146/1109 698/997/963
f 698/997/963 699/1146/1109 725/1147/1110
f 698/997/963 725/1147/1110 726/998/964
f 726/998/964 725/1147/1110 1526/1148/1111
f 726/998/964 1526/1148/1111 1527/999/965
f 1527/999/965 1526/1148/1111 1577/1149/1112
f 1527/999/965 1577/1149/1112 1578/1000/966
f 1578/1000/966 1577/1149/1112 1628/1150/1113
f 1578/1000/966 1628/1150/1113 1629/1001/967
f 1629/1001/967 1628/1150/1113 1679/1151/1114
f 1629/1001/967 1679/1151/1114 1680/1002/968
f 1680/1002/968 1679/1151/1114 1730/1152/1115
f 1680/1002/968 1730/1152/1115 1731/1003/969
f 1731/1003/969 1730/1152/1115 1781/1153/1116
f 1731/1003/969 1781/1153/1116 1782/1004/970
f 1782/1004/970 1781/1153/1116 1832/1154/1117
f 1782/1004/970 1832/1154/1117 1833/1005/971
f 1833/1005/971 1832/1154/1117 1883/1155/1118
f 1833/1005/971 1883/1155/1118 1884/1006/972
f 1884/1006/972 1883/1155/1118 1934/1156/1119
f 1884/1006/972 1934/1156/1119 1935/1007/973
f 1935/1007/973 1934/1156/1119 1985/1157/1120
f 1935/1007/973 1985/1157/1120 1986/1008/974
f 1986/1008/974 1985/1157/1120 2036/1158/1121
f 1986/1008/974 2036/1158/1121 2037/1009/975
f 2037/1009/975 2036/1158/1121 2087/1159/1122
f 2037/1009/975 2087/1159/1122 2088/1010/976
f 2088/1010/976 2087/1159/1122 2138/1160/1123
f 2088/1010/976 2138/1160/1123 2139/1011/977
f 2139/1011/977 2138/1160/1123 2189/1161/1124
f 2139/1011/977 2189/1161/1124 2190/1012/978
f 2190/1012/978 2189/1161/1124 2240/1162/1125
f 2190/1012/978 2240/1162/1125 2241/1013/979
f 2241/1013/979 2240/1162/1125 582/1163/1126
f 2241/1013/979 582/1163/1126 581/1014/980
f 581/1014/980 582/1163/1126 642/1164/1127
f 581/1014/980 642/1164/1127 643/1015/981
f 643/1015/981 642/1164/1127 2293/1165/1128
f 643/1015/981 2293/1165/1128 2294/1016/982
f 2294/1016/982 2293/1165/1128 2344/1166/1129
f 2294/1016/982 2344/1166/1129 2345/1017/983
f 2345/1017/983 2344/1166/1129 2395/1167/1130
f 2345/1017/983 2395/1167/1130 2396/1018/984
f 2396/1018/984 2395/1167/1130 2446/1168/1131
f 2396/1018/984 2446/1168/1131 2447/1019/985
f 2447/1019/985 2446/1168/1131 2497/1169/1132
f 2447/1019/985 2497/1169/1132 2498/1020/986
f 2498/1020/986 2497/1169/1132 2548/1170/1133
f 2498/1020/986 2548/1170/1133 2549/1021/987
f 2549/1021/987 2548/1170/1133 2599/1171/1134
f 2549/1021/987 2599/1171/1134 2600/1022/988
f 2600/1022/988 2599/1171/1134 2650/1172/1135
f 2600/1022/988 2650/1172/1135 2651/1023/989
f 2651/1023/989 2650/1172/1135 2701/1173/1136
f 2651/1023/989 2701/1173/1136 2702/1024/990
f 2702/1024/990 2701/1173/1136 2752/1174/1137
f 2702/1024/990 2752/1174/1137 2753/1025/991
f 2753/1025/991 2752/1174/1137 2803/1175/1138
f 2753/1025/991 2803/1175/1138 2804/1026/992
f 2804/1026/992 2803/1175/1138 2854/1176/1139
f 2804/1026/992 2854/1176/1139 2855/1027/993
f 2855/1027/993 2854/1176/1139 2905/1177/1140
f 2855/1027/993 2905/1177/1140 2906/1028/994
f 2906/1028/994 2905/1177/1140 2956/1178/1141
f 2906/1028/994 2956/1178/1141 2957/1029/995
f 2957/1029/995 2956/1178/1141 3007/1179/1142
f 2957/1029/995 3007/1179/1142 3008/1030/996
f 3008/1030/996 3007/1179/1142 465/1180/1143
f 3008/1030/996 465/1180/1143 464/1031/997
f 464/1031/997 465/1180/1143 559/1181/1144
f 464/1031/997 559/1181/1144 560/1032/998
f 560/1032/998 559/1181/1144 3060/1182/1145
f 560/1032/998 3060/1182/1145 3061/1033/999
f 3061/1033/999 3060/1182/1145 3111/1183/1146
f 3061/1033/999 3111/1183/1146 65/1035/1001
f 65/1035/1001 3111/1183/1146 66/1184/1147
f 65/1037/1001 66/1185/1147 3112/1039/1003
f 3112/1039/1003 66/1185/1147 3162/1186/1148
f 3112/1039/1003 3162/1186/1148 3163/1041/1005
f 3163/1041/1005 3162/1186/1148 3213/1187/1149
f 3163/1041/1005 3213/1187/1149 3214/1043/1007
f 3214/1043/1007 3213/1187/1149 3264/1188/1150
f 3214/1043/1007 3264/1188/1150 3265/1045/1009
f 3265/1045/1009 3264/1188/1150 3315/1189/1151
f 3265/1045/1009 3315/1189/1151 3316/1047/1011
f 3316/1047/1011 3315/1189/1151 3366/1190/1152
f 3316/1047/1011 3366/1190/1152 3367/1049/1013
f 3367/1049/1013 3366/1190/1152 3417/1191/1153
f 3367/1049/1013 3417/1191/1153 3418/1051/1015
f 3418/1051/1015 3417/1191/1153 3468/1192/1154
f 3418/1051/1015 3468/1192/1154 3469/1053/1017
f 3469/1053/1017 3468/1192/1154 3519/1193/1155
f 3469/1053/1017 3519/1193/1155 3520/1055/1019
f 3520/1055/1019 3519/1193/1155 3570/1194/1156
f 3520/1055/1019 3570/1194/1156 3571/1057/1021
f 3571/1057/1021 3570/1194/1156 3621/1195/1157
f 3571/1057/1021 3621/1195/1157 3622/1059/1023
f 3622/1059/1023 3621/1195/1157 3672/1196/1158
f 3622/1059/1023 3672/1196/1158 3673/1061/1025
f 3673/1061/1025 3672/1196/1158 3723/1197/1159
f 3673/1061/1025 3723/1197/1159 3724/1063/1027
f 3724/1063/1027 3723/1197/1159 399/1198/1160
f 3724/1063/1027 399/1198/1160 398/1065/1029
f 398/1065/1029 399/1198/1160 425/1199/1161
f 398/1065/1029 425/1199/1161 426/1067/1031
f 426/1067/1031 425/1199/1161 3776/1200/1162
f 426/1067/1031 3776/1200/1162 3777/1069/1033
f 3777/1069/1033 3776/1200/1162 3827/1201/1163
f 3777/1069/1033 3827/1201/1163 3828/1071/1035
f 3828/1071/1035 3827/1201/1163 3878/1202/1164
f 3828/1071/1035 3878/1202/1164 3879/1073/1037
f 3879/1073/1037 3878/1202/1164 3929/1203/1165
f 3879/1073/1037 3929/1203/1165 3930/1075/1039
f 3930/1075/1039 3929/1203/1165 3980/1204/1166
f 3930/1075/1039 3980/1204/1166 3981/1077/1041
f 3981/1077/1041 3980/1204/1166 4031/1205/1167
f 3981/1077/1041 4031/1205/1167 4032/1079/1043
f 4032/1079/1043 4031/1205/1167 4082/1206/1168
f 4032/1079/1043 4082/1206/1168 4083/1081/1045
f 4083/1081/1045 4082/1206/1168 4133/1207/1169
f 4083/1081/1045 4133/1207/1169 4134/1083/1047
f 4134/1083/1047 4133/1207/1169 4184/1208/1170
f 4134/1083/1047 4184/1208/1170 4185/1085/1049
f 4185/1085/1049 4184/1208/1170 4235/1209/1171
f 4185/1085/1049 4235/1209/1171 4236/1087/1051
f 4236/1087/1051 4235/1209/1171 4286/1210/1172
f 4236/1087/1051 4286/1210/1172 4287/1089/1053
f 4287/1089/1053 4286/1210/1172 4337/1211/1173
f 4287/1089/1053 4337/1211/1173 4338/1091/1055
f 4338/1091/1055 4337/1211/1173 4388/1212/1174
f 4338/1091/1055 4388/1212/1174 4389/1093/1057
f 4389/1093/1057 4388/1212/1174 4439/1213/1175
f 4389/1093/1057 4439/1213/1175 4440/1095/1059
f 4440/1095/1059 4439/1213/1175 4490/1214/1176
f 4440/1095/1059 4490/1214/1176 4491/1097/1061
f 4491/1097/1061 4490/1214/1176 282/1215/1177
f 4491/1097/1061 282/1215/1177 281/1099/1063
f 281/1099/1063 282/1215/1177 342/1216/1178
f 281/1099/1063 342/1216/1178 343/1101/1065
f 343/1101/1065 342/1216/1178 4543/1217/1179
f 343/1101/1065 4543/1217/1179 4544/1103/1067
f 4544/1103/1067 4543/1217/1179 4594/1218/1180
f 4544/1103/1067 4594/1218/1180 4595/1105/1069
f 4595/1105/1069 4594/1218/1180 4645/1219/1181
f 4595/1105/1069 4645/1219/1181 4646/1107/1071
f 4646/1107/1071 4645/1219/1181 4696/1220/1182
f 4646/1107/1071 4696/1220/1182 4697/1109/1073
f 4697/1109/1073 4696/1220/1182 4747/1221/1183
f 4697/1109/1073 4747/1221/1183 4748/1111/1075
f 4748/1111/1075 4747/1221/1183 4798/1222/1184
f 4748/1111/1075 4798/1222/1184 4799/1113/1077
f 4799/1113/1077 4798/1222/1184 4849/1223/1185
f 4799/1113/1077 4849/1223/1185 4850/1115/1079
f 4850/1115/1079 4849/1223/1185 4900/1224/1186
f 4850/1115/1079 4900/1224/1186 4901/1117/1081
f 4901/1117/1081 4900/1224/1186 4951/1225/1187
f 4901/1117/1081 4951/1225/1187 4952/1119/1083
f 4952/1119/1083 4951/1225/1187 5002/1226/1188
f 4952/1119/1083 5002/1226/1188 5003/1121/1085
f 5003/1121/1085 5002/1226/1188 5053/1227/1189
f 5003/1121/1085 5053/1227/1189 5054/1123/1087
f 5054/1123/1087 5053/1227/1189 5104/1228/1190
f 5054/1123/1087 5104/1228/1190 5105/1125/1089
f 5105/1125/1089 5104/1228/1190 5155/1229/1191
f 5105/1125/1089 5155/1229/1191 5156/1127/1091
f 5156/1127/1091 5155/1229/1191 5206/1230/1192
f 5156/1127/1091 5206/1230/1192 5207/1129/1093
f 5207/1129/1093 5206/1230/1192 5257/1231/1193
f 5207/1129/1093 5257/1231/1193 5258/1131/1095
f 5258/1131/1095 5257/1231/1193 215/776/754
f 5258/1131/1095 215/776/754 214/778/756
f 15/1133/9 16/1232/11 912/1134/1097
f 912/1134/1097 16/1232/11 962/1233/1194
f 912/1134/1097 962/1233/1194 963/1135/1098
f 963/1135/1098 962/1233/1194 1013/1234/1195
f 963/1135/1098 1013/1234/1195 1014/1136/1099
f 1014/1136/1099 1013/1234/1195 1064/1235/1196
f 1014/1136/1099 1064/1235/1196 1065/1137/1100
f 1065/1137/1100 1064/1235/1196 1115/1236/1197
f 1065/1137/1100 1115/1236/1197 1116/1138/1101
f 1116/1138/1101 1115/1236/1197 1166/1237/1198
f 1116/1138/1101 1166/1237/1198 1167/1139/1102
f 1167/1139/1102 1166/1237/1198 1217/1238/1199
f 1167/1139/1102 1217/1238/1199 1218/1140/1103
f 1218/1140/1103 1217/1238/1199 1268/1239/1200
f 1218/1140/1103 1268/1239/1200 1269/1141/1104
f 1269/1141/1104 1268/1239/1200 1319/1240/1201
f 1269/1141/1104 1319/1240/1201 1320/1142/1105
f 1320/1142/1105 1319/1240/1201 1370/1241/1202
f 1320/1142/1105 1370/1241/1202 1371/1143/1106
f 1371/1143/1106 1370/1241/1202 1421/1242/1203
f 1371/1143/1106 1421/1242/1203 1422/1144/1107
f 1422/1144/1107 1421/1242/1203 1472/1243/1204
f 1422/1144/1107 1472/1243/1204 1473/1145/1108
f 1473/1145/1108 1472/1243/1204 700/1244/1205
f 1473/1145/1108 700/1244/1205 699/1146/1109
f 699/1146/1109 700/1244/1205 724/1245/1206
f 699/1146/1109 724/1245/1206 725/1147/1110
f 725/1147/1110 724/1245/1206 1525/1246/1207
f 725/1147/1110 1525/1246/1207 1526/1148/1111
f 1526/1148/1111 1525/1246/1207 1576/1247/1208
f 1526/1148/1111 1576/1247/1208 1577/1149/1112
f 1577/1149/1112 1576/1247/1208 1627/1248/1209
f 1577/1149/1112 1627/1248/1209 1628/1150/1113
f 1628/1150/1113 1627/1248/1209 1678/1249/1210
f 1628/1150/1113 1678/1249/1210 1679/1151/1114
f 1679/1151/1114 1678/1249/1210 1729/1250/1211
f 1679/1151/1114 1729/1250/1211 1730/1152/1115
f 1730/1152/1115 1729/1250/1211 1780/1251/1212
f 1730/1152/1115 1780/1251/1212 1781/1153/1116
f 1781/1153/1116 1780/1251/1212 1831/1252/1213
f 1781/1153/1116 1831/1252/1213 1832/1154/1117
f 1832/1154/1117 1831/1252/1213 1882/1253/1214
f 1832/1154/1117 1882/1253/1214 1883/1155/1118
f 1883/1155/1118 1882/1253/1214 1933/1254/1215
f 1883/1155/1118 1933/1254/1215 1934/1156/1119
f 1934/1156/1119 1933/1254/1215 1984/1255/1216
f 1934/1156/1119 1984/1255/1216 1985/1157/1120
f 1985/1157/1120 1984/1255/1216 2035/1256/1217
f 1985/1157/1120 2035/1256/1217 2036/1158/1121
f 2036/1158/1121 2035/1256/1217 2086/1257/1218
f 2036/1158/1121 2086/1257/1218 2087/1159/1122
f 2087/1159/1122 2086/1257/1218 2137/1258/1219
f 2087/1159/1122 2137/1258/1219 2138/1160/1123
f 2138/1160/1123 2137/1258/1219 2188/1259/1220
f 2138/1160/1123 2188/1259/1220 2189/1161/1124
f 2189/1161/1124 2188/1259/1220 2239/1260/1221
f 2189/1161/1124 2239/1260/1221 2240/1162/1125
f 2240/1162/1125 2239/1260/1221 583/1261/1222
f 2240/1162/1125 583/1261/1222 582/1163/1126
f 582/1163/1126 583/1261/1222 641/1262/1223
f 582/1163/1126 641/1262/1223 642/1164/1127
f 642/1164/1127 641/1262/1223 2292/1263/1224
f 642/1164/1127 2292/1263/1224 2293/1165/1128
f 2293/1165/1128 2292/1263/1224 2343/1264/1225
f 2293/1165/1128 2343/1264/1225 2344/1166/1129
f 2344/1166/1129 2343/1264/1225 2394/1265/1226
f 2344/1166/1129 2394/1265/1226 2395/1167/1130
f 2395/1167/1130 2394/1265/1226 2445/1266/1227
f 2395/1167/1130 2445/1266/1227 2446/1168/1131
f 2446/1168/1131 2445/1266/1227 2496/1267/1228
f 2446/1168/1131 2496/1267/1228 2497/1169/1132
f 2497/1169/1132 2496/1267/1228 2547/1268/1229
f 2497/1169/1132 2547/1268/1229 2548/1170/1133
f 2548/1170/1133 2547/1268/1229 2598/1269/1230
f 2548/1170/1133 2598/1269/1230 2599/1171/1134
f 2599/1171/1134 2598/1269/1230 2649/1270/1231
f 2599/1171/1134 2649/1270/1231 2650/1172/1135
f 2650/1172/1135 2649/1270/1231 2700/1271/1232
f 2650/1172/1135 2700/1271/1232 2701/1173/1136
f 2701/1173/1136 2700/1271/1232 2751/1272/1233
f 2701/1173/1136 2751/1272/1233 2752/1174/1137
f 2752/1174/1137 2751/1272/1233 2802/1273/1234
f 2752/1174/1137 2802/1273/1234 2803/1175/1138
f 2803/1175/1138 2802/1273/1234 2853/1274/1235
f 2803/1175/1138 2853/1274/1235 2854/1176/1139
f 2854/1176/1139 2853/1274/1235 2904/1275/1236
f 2854/1176/1139 2904/1275/1236 2905/1177/1140
f 2905/1177/1140 2904/1275/1236 2955/1276/1237
f 2905/1177/1140 2955/1276/1237 2956/1178/1141
f 2956/1178/1141 2955/1276/1237 3006/1277/1238
f 2956/1178/1141 3006/1277/1238 3007/1179/1142
f 3007/1179/1142 3006/1277/1238 466/1278/1239
f 3007/1179/1142 466/1278/1239 465/1180/1143
f 465/1180/1143 466/1278/1239 558/1279/1240
f 465/1180/1143 558/1279/1240 559/1181/1144
f 559/1181/1144 558/1279/1240 3059/1280/1241
f 559/1181/1144 3059/1280/1241 3060/1182/1145
f 3060/1182/1145 3059/1280/1241 3110/1281/1242
f 3060/1182/1145 3110/1281/1242 3111/1183/1146
f 3111/1183/1146 3110/1281/1242 3161/1282/1243
f 3111/1183/1146 3161/1282/1243 66/1184/1147
f 66/1184/1147 3161/1282/1243 67/1283/1244
f 66/1185/1147 67/1284/1244 3162/1186/1148
f 3162/1186/1148 67/1284/1244 3212/1285/1245
f 3162/1186/1148 3212/1285/1245 3213/1187/1149
f 3213/1187/1149 3212/1285/1245 3263/1286/1246
f 3213/1187/1149 3263/1286/1246 3264/1188/1150
f 3264/1188/1150 3263/1286/1246 3314/1287/1247
f 3264/1188/1150 3314/1287/1247 3315/1189/1151
f 3315/1189/1151 3314/1287/1247 3365/1288/1248
f 3315/1189/1151 3365/1288/1248 3366/1190/1152
f 3366/1190/1152 3365/1288/1248 3416/1289/1249
f 3366/1190/1152 3416/1289/1249 3417/1191/1153
f 3417/1191/1153 3416/1289/1249 3467/1290/1250
f 3417/1191/1153 3467/1290/1250 3468/1192/1154
f 3468/1192/1154 3467/1290/1250 3518/1291/1251
f 3468/1192/1154 3518/1291/1251 3519/1193/1155
f 3519/1193/1155 3518/1291/1251 3569/1292/1252
f 3519/1193/1155 3569/1292/1252 3570/1194/1156
f 3570/1194/1156 3569/1292/1252 3620/1293/1253
f 3570/1194/1156 3620/1293/1253 3621/1195/1157
f 3621/1195/1157 3620/1293/1253 3671/1294/1254
f 3621/1195/1157 3671/1294/1254 3672/1196/1158
f 3672/1196/1158 3671/1294/1254 3722/1295/1255
f 3672/1196/1158 3722/1295/1255 3723/1197/1159
f 3723/1197/1159 3722/1295/1255 400/1296/1256
f 3723/1197/1159 400/1296/1256 399/1198/1160
f 399/1198/1160 400/1296/1256 424/1297/1257
f 399/1198/1160 424/1297/1257 425/1199/1161
f 425/1199/1161 424/1297/1257 3775/1298/1258
f 425/1199/1161 3775/1298/1258 3776/1200/1162
f 3776/1200/1162 3775/1298/1258 3826/1299/1259
f 3776/1200/1162 3826/1299/1259 3827/1201/1163
f 3827/1201/1163 3826/1299/1259 3877/1300/1260
f 3827/1201/1163 3877/1300/1260 3878/1202/1164
f 3878/1202/1164 3877/1300/1260 3928/1301/1261
f 3878/1202/1164 3928/1301/1261 3929/1203/1165
f 3929/1203/1165 3928/1301/1261 3979/1302/1262
f 3929/1203/1165 3979/1302/1262 3980/1204/1166
f 3980/1204/1166 3979/1302/1262 4030/1303/1263
f 3980/1204/1166 4030/1303/1263 4031/1205/1167
f 4031/1205/1167 4030/1303/1263 4081/1304/1264
f 4031/1205/1167 4081/1304/1264 4082/1206/1168
f 4082/1206/1168 4081/1304/1264 4132/1305/1265
f 4082/1206/1168 4132/1305/1265 4133/1207/1169
f 4133/1207/1169 4132/1305/1265 4183/1306/1266
f 4133/1207/1169 4183/1306/1266 4184/1208/1170
f 4184/1208/1170 4183/1306/1266 4234/1307/1267
f 4184/1208/1170 4234/1307/1267 4235/1209/1171
f 4235/1209/1171 4234/1307/1267 4285/1308/1268
f 4235/1209/1171 4285/1308/1268 4286/1210/1172
f 4286/1210/1172 4285/1308/1268 4336/1309/1269
f 4286/1210/1172 4336/1309/1269 4337/1211/1173
f 4337/1211/1173 4336/1309/1269 4387/1310/1270
f 4337/1211/1173 4387/1310/1270 4388/1212/1174
f 4388/1212/1174 4387/1310/1270 4438/1311/1271
f 4388/1212/1174 4438/1311/1271 4439/1213/1175
f 4439/1213/1175 4438/1311/1271 4489/1312/1272
f 4439/1213/1175 4489/1312/1272 4490/1214/1176
f 4490/1214/1176 4489/1312/1272 283/1313/1273
f 4490/1214/1176 283/1313/1273 282/1215/1177
f 282/1215/1177 283/1313/1273 341/1314/1274
f 282/1215/1177 341/1314/1274 342/1216/1178
f 342/1216/1178 341/1314/1274 4542/1315/1275
f 342/1216/1178 4542/1315/1275 4543/1217/1179
f 4543/1217/1179 4542/1315/1275 4593/1316/1276
f 4543/1217/1179 4593/1316/1276 4594/1218/1180
f 4594/1218/1180 4593/1316/1276 4644/1317/1277
f 4594/1218/1180 4644/1317/1277 4645/1219/1181
f 4645/1219/1181 4644/1317/1277 4695/1318/1278
f 4645/1219/1181 4695/1318/1278 4696/1220/1182
f 4696/1220/1182 4695/1318/1278 4746/1319/1279
f 4696/1220/1182 4746/1319/1279 4747/1221/1183
f 4747/1221/1183 4746/1319/1279 4797/1320/1280
f 4747/1221/1183 4797/1320/1280 4798/1222/1184
f 4798/1222/1184 4797/1320/1280 4848/1321/1281
f 4798/1222/1184 4848/1321/1281 4849/1223/1185
f 4849/1223/1185 4848/1321/1281 4899/1322/1282
f 4849/1223/1185 4899/1322/1282 4900/1224/1186
f 4900/1224/1186 4899/1322/1282 4950/1323/1283
f 4900/1224/1186 4950/1323/1283 4951/1225/1187
f 4951/1225/1187 4950/1323/1283 5001/1324/1284
f 4951/1225/1187 5001/1324/1284 5002/1226/1188
f 5002/1226/1188 5001/1324/1284 5052/1325/1285
f 5002/1226/1188 5052/1325/1285 5053/1227/1189
f 5053/1227/1189 5052/1325/1285 5103/1326/1286
f 5053/1227/1189 5103/1326/1286 5104/1228/1190
f 5104/1228/1190 5103/1326/1286 5154/1327/1287
f 5104/1228/1190 5154/1327/1287 5155/1229/1191
f 5155/1229/1191 5154/1327/1287 5205/1328/1288
f 5155/1229/1191 5205/1328/1288 5206/1230/1192
f 5206/1230/1192 5205/1328/1288 5256/1329/1289
f 5206/1230/1192 5256/1329/1289 5257/1231/1193
f 5257/1231/1193 5256/1329/1289 216/774/752
f 5257/1231/1193 216/774/752 215/776/754
f 16/1232/11 17/1330/13 962/1233/1194
f 962/1233/1194 17/1330/13 1012/1331/1290
f 962/1233/1194 1012/1331/1290 1013/1234/1195
f 1013/1234/1195 1012/1331/1290 1063/1332/1291
f 1013/1234/1195 1063/1332/1291 1064/1235/1196
f 1064/1235/1196 1063/1332/1291 1114/1333/1292
f 1064/1235/1196 1114/1333/1292 1115/1236/1197
f 1115/1236/1197 1114/1333/1292 1165/1334/1293
f 1115/1236/1197 1165/1334/1293 1166/1237/1198
f 1166/1237/1198 1165/1334/1293 1216/1335/1294
f 1166/1237/1198 1216/1335/1294 1217/1238/1199
f 1217/1238/1199 1216/1335/1294 1267/1336/1295
f 1217/1238/1199 1267/1336/1295 1268/1239/1200
f 1268/1239/1200 1267/1336/1295 1318/1337/1296
f 1268/1239/1200 1318/1337/1296 1319/1240/1201
f 1319/1240/1201 1318/1337/1296 1369/1338/1297
f 1319/1240/1201 1369/1338/1297 1370/1241/1202
f 1370/1241/1202 1369/1338/1297 1420/1339/1298
f 1370/1241/1202 1420/1339/1298 1421/1242/1203
f 1421/1242/1203 1420/1339/1298 1471/1340/1299
f 1421/1242/1203 1471/1340/1299 1472/1243/1204
f 1472/1243/1204 1471/1340/1299 701/1341/1300
f 1472/1243/1204 701/1341/1300 700/1244/1205
f 700/1244/1205 701/1341/1300 723/1342/1301
f 700/1244/1205 723/1342/1301 724/1245/1206
f 724/1245/1206 723/1342/1301 1524/1343/1302
f 724/1245/1206 1524/1343/1302 1525/1246/1207
f 1525/1246/1207 1524/1343/1302 1575/1344/1303
f 1525/1246/1207 1575/1344/1303 1576/1247/1208
f 1576/1247/1208 1575/1344/1303 1626/1345/1304
f 1576/1247/1208 1626/1345/1304 1627/1248/1209
f 1627/1248/1209 1626/1345/1304 1677/1346/1305
f 1627/1248/1209 1677/1346/1305 1678/1249/1210
f 1678/1249/1210 1677/1346/1305 1728/1347/1306
f 1678/1249/1210 1728/1347/1306 1729/1250/1211
f 1729/1250/1211 1728/1347/1306 1779/1348/1307
f 1729/1250/1211 1779/1348/1307 1780/1251/1212
f 1780/1251/1212 1779/1348/1307 1830/1349/1308
f 1780/1251/1212 1830/1349/1308 1831/1252/1213
f 1831/1252/1213 1830/1349/1308 1881/1350/1309
f 1831/1252/1213 1881/1350/1309 1882/1253/1214
f 1882/1253/1214 1881/1350/1309 1932/1351/1310
f 1882/1253/1214 1932/1351/1310 1933/1254/1215
f 1933/1254/1215 1932/1351/1310 1983/1352/1311
f 1933/1254/1215 1983/1352/1311 1984/1255/1216
f 1984/1255/1216 1983/1352/1311 2034/1353/1312
f 1984/1255/1216 2034/1353/1312 2035/1256/1217
f 2035/1256/1217 2034/1353/1312 2085/1354/1313
f 2035/1256/1217 2085/1354/1313 2086/1257/1218
f 2086/1257/1218 2085/1354/1313 2136/1355/1314
f 2086/1257/1218 2136/1355/1314 2137/1258/1219
f 2137/1258/1219 2136/1355/1314 2187/1356/1315
f 2137/1258/1219 2187/1356/1315 2188/1259/1220
f 2188/1259/1220 2187/1356/1315 2238/1357/1316
f 2188/1259/1220 2238/1357/1316 2239/1260/1221
f 2239/1260/1221 2238/1357/1316 584/1358/1317
f 2239/1260/1221 584/1358/1317 583/1261/1222
f 583/1261/1222 584/1358/1317 640/1359/1318
f 583/1261/1222 640/1359/1318 641/1262/1223
f 641/1262/1223 640/1359/1318 2291/1360/1319
f 641/1262/1223 2291/1360/1319 2292/1263/1224
f 2292/1263/1224 2291/1360/1319 2342/1361/1320
f 2292/1263/1224 2342/1361/1320 2343/1264/1225
f 2343/1264/1225 2342/1361/1320 2393/1362/1321
f 2343/1264/1225 2393/1362/1321 2394/1265/1226
f 2394/1265/1226 2393/1362/1321 2444/1363/1322
f 2394/1265/1226 2444/1363/1322 2445/1266/1227
f 2445/1266/1227 2444/1363/1322 2495/1364/1323
f 2445/1266/1227 2495/1364/1323 2496/1267/1228
f 2496/1267/1228 2495/1364/1323 2546/1365/1324
f 2496/1267/1228 2546/1365/1324 2547/1268/1229
f 2547/1268/1229 2546/1365/1324 2597/1366/1325
f 2547/1268/1229 2597/1366/1325 2598/1269/1230
f 2598/1269/1230 2597/1366/1325 2648/1367/1326
f 2598/1269/1230 2648/1367/1326 2649/1270/1231
f 2649/1270/1231 2648/1367/1326 2699/1368/1327
f 2649/1270/1231 2699/1368/1327 2700/1271/1232
f 2700/1271/1232 2699/1368/1327 2750/1369/1328
f 2700/1271/1232 2750/1369/1328 2751/1272/1233
f 2751/1272/1233 2750/1369/1328 2801/1370/1329
f 2751/1272/1233 2801/1370/1329 2802/1273/1234
f 2802/1273/1234 2801/1370/1329 2852/1371/1330
f 2802/1273/1234 2852/1371/1330 2853/1274/1235
f 2853/1274/1235 2852/1371/1330 2903/1372/1331
f 2853/1274/1235 2903/1372/1331 2904/1275/1236
f 2904/1275/1236 2903/1372/1331 2954/1373/1332
f 2904/1275/1236 2954/1373/1332 2955/1276/1237
f 2955/1276/1237 2954/1373/1332 3005/1374/1333
f 2955/1276/1237 3005/1374/1333 3006/1277/1238
f 3006/1277/1238 3005/1374/1333 467/1375/1334
f 3006/1277/1238 467/1375/1334 466/1278/1239
f 466/1278/1239 467/1375/1334 557/1376/1335
f 466/1278/1239 557/1376/1335 558/1279/1240
f 558/1279/1240 557/1376/1335 3058/1377/1336
f 558/1279/1240 3058/1377/1336 3059/1280/1241
f 3059/1280/1241 3058/1377/1336 3109/1378/1337
f 3059/1280/1241 3109/1378/1337 3110/1281/1242
f 3110/1281/1242 3109/1378/1337 3160/1379/1338
f 3110/1281/1242 3160/1379/1338 3161/1282/1243
f 3161/1282/1243 3160/1379/1338 3211/1380/1339
f 3161/1282/1243 3211/1380/1339 67/1283/1244
f 67/1283/1244 3211/1380/1339 68/1381/1340
f 67/1284/1244 68/1382/1340 3212/1285/1245
f 3212/1285/1245 68/1382/1340 3262/1383/1341
f 3212/1285/1245 3262/1383/1341 3263/1286/1246
f 3263/1286/1246 3262/1383/1341 3313/1384/1342
f 3263/1286/1246 3313/1384/1342 3314/1287/1247
f 3314/1287/1247 3313/1384/1342 3364/1385/1343
f 3314/1287/1247 3364/1385/1343 3365/1288/1248
f 3365/1288/1248 3364/1385/1343 3415/1386/1344
f 3365/1288/1248 3415/1386/1344 3416/1289/1249
f 3416/1289/1249 3415/1386/1344 3466/1387/1345
f 3416/1289/1249 3466/1387/1345 3467/1290/1250
f 3467/1290/1250 3466/1387/1345 3517/1388/1346
f 3467/1290/1250 3517/1388/1346 3518/1291/1251
f 3518/1291/1251 3517/1388/1346 3568/1389/1347
f 3518/1291/1251 3568/1389/1347 3569/1292/1252
f 3569/1292/1252 3568/1389/1347 3619/1390/1348
f 3569/1292/1252 3619/1390/1348 3620/1293/1253
f 3620/1293/1253 3619/1390/1348 3670/1391/1349
f 3620/1293/1253 3670/1391/1349 3671/1294/1254
f 3671/1294/1254 3670/1391/1349 3721/1392/1350
f 3671/1294/1254 3721/1392/1350 3722/1295/1255
f 3722/1295/1255 3721/1392/1350 401/1393/1351
f 3722/1295/1255 401/1393/1351 400/1296/1256
f 400/1296/1256 401/1393/1351 423/1394/1352
f 400/1296/1256 423/1394/1352 424/1297/1257
f 424/1297/1257 423/1394/1352 3774/1395/1353
f 424/1297/1257 3774/1395/1353 3775/1298/1258
f 3775/1298/1258 3774/1395/1353 3825/1396/1354
f 3775/1298/1258 3825/1396/1354 3826/1299/1259
f 3826/1299/1259 3825/1396/1354 3876/1397/1355
f 3826/1299/1259 3876/1397/1355 3877/1300/1260
f 3877/1300/1260 3876/1397/1355 3927/1398/1356
f 3877/1300/1260 3927/1398/1356 3928/1301/1261
f 3928/1301/1261 3927/1398/1356 3978/1399/1357
f 3928/1301/1261 3978/1399/1357 3979/1302/1262
f 3979/1302/1262 3978/1399/1357 4029/1400/1358
f 3979/1302/1262 4029/1400/1358 4030/1303/1263
f 4030/1303/1263 4029/1400/1358 4080/1401/1359
f 4030/1303/1263 4080/1401/1359 4081/1304/1264
f 4081/1304/1264 4080/1401/1359 4131/1402/1360
f 4081/1304/1264 4131/1402/1360 4132/1305/1265
f 4132/1305/1265 4131/1402/1360 4182/1403/1361
f 4132/1305/1265 4182/1403/1361 4183/1306/1266
f 4183/1306/1266 4182/1403/1361 4233/1404/1362
f 4183/1306/1266 4233/1404/1362 4234/1307/1267
f 4234/1307/1267 4233/1404/1362 4284/1405/1363
f 4234/1307/1267 4284/1405/1363 4285/1308/1268
f 4285/1308/1268 4284/1405/1363 4335/1406/1364
f 4285/1308/1268 4335/1406/1364 4336/1309/1269
f 4336/1309/1269 4335/1406/1364 4386/1407/1365
f 4336/1309/1269 4386/1407/1365 4387/1310/1270
f 4387/1310/1270 4386/1407/1365 4437/1408/1366
f 4387/1310/1270 4437/1408/1366 4438/1311/1271
f 4438/1311/1271 4437/1408/1366 4488/1409/1367
f 4438/1311/1271 4488/1409/1367 4489/1312/1272
f 4489/1312/1272 4488/1409/1367 284/1410/1368
f 4489/1312/1272 284/1410/1368 283/1313/1273
f 283/1313/1273 284/1410/1368 340/1411/1369
f 283/1313/1273 340/1411/1369 341/1314/1274
f 341/1314/1274 340/1411/1369 4541/1412/1370
f 341/1314/1274 4541/1412/1370 4542/1315/1275
f 4542/1315/1275 4541/1412/1370 4592/1413/1371
f 4542/1315/1275 4592/1413/1371 4593/1316/1276
f 4593/1316/1276 4592/1413/1371 4643/1414/1372
f 4593/1316/1276 4643/1414/1372 4644/1317/1277
f 4644/1317/1277 4643/1414/1372 4694/1415/1373
f 4644/1317/1277 4694/1415/1373 4695/1318/1278
f 4695/1318/1278 4694/1415/1373 4745/1416/1374
f 4695/1318/1278 4745/1416/1374 4746/1319/1279
f 4746/1319/1279 4745/1416/1374 4796/1417/1375
f 4746/1319/1279 4796/1417/1375 4797/1320/1280
f 4797/1320/1280 4796/1417/1375 4847/1418/1376
f 4797/1320/1280 4847/1418/1376 4848/1321/1281
f 4848/1321/1281 4847/1418/1376 4898/1419/1377
f 4848/1321/1281 4898/1419/1377 4899/1322/1282
f 4899/1322/1282 4898/1419/1377 4949/1420/1378
f 4899/1322/1282 4949/1420/1378 4950/1323/1283
f 4950/1323/1283 4949/1420/1378 5000/1421/1379
f 4950/1323/1283 5000/1421/1379 5001/1324/1284
f 5001/1324/1284 5000/1421/1379 5051/1422/1380
f 5001/1324/1284 5051/1422/1380 5052/1325/1285
f 5052/1325/1285 5051/1422/1380 5102/1423/1381
f 5052/1325/1285 5102/1423/1381 5103/1326/1286
f 5103/1326/1286 5102/1423/1381 5153/1424/1382
f 5103/1326/1286 5153/1424/1382 5154/1327/1287
f 5154/1327/1287 5153/1424/1382 5204/1425/1383
f 5154/1327/1287 5204/1425/1383 5205/1328/1288
f 5205/1328/1288 5204/1425/1383 5255/1426/1384
f 5205/1328/1288 5255/1426/1384 5256/1329/1289
f 5256/1329/1289 5255/1426/1384 217/772/750
f 5256/1329/1289 217/772/750 216/774/752
f 17/1330/13 18/1427/15 1012/1331/1290
f 1012/1331/1290 18/1427/15 1062/1428/1385
f 1012/1331/1290 1062/1428/1385 1063/1332/1291
f 1063/1332/1291 1062/1428/1385 1113/1429/1386
f 1063/1332/1291 1113/1429/1386 1114/1333/1292
f 1114/1333/1292 1113/1429/1386 1164/1430/1387
f 1114/1333/1292 1164/1430/1387 1165/1334/1293
f 1165/1334/1293 1164/1430/1387 1215/1431/1388
f 1165/1334/1293 1215/1431/1388 1216/1335/1294
f 1216/1335/1294 1215/1431/1388 1266/1432/1389
f 1216/1335/1294 1266/1432/1389 1267/1336/1295
f 1267/1336/1295 1266/1432/1389 1317/1433/1390
f 1267/1336/1295 1317/1433/1390 1318/1337/1296
f 1318/1337/1296 1317/1433/1390 1368/1434/1391
f 1318/1337/1296 1368/1434/1391 1369/1338/1297
f 1369/1338/1297 1368/1434/1391 1419/1435/1392
f 1369/1338/1297 1419/1435/1392 1420/1339/1298
f 1420/1339/1298 1419/1435/1392 1470/1436/1393
f 1420/1339/1298 1470/1436/1393 1471/1340/1299
f 1471/1340/1299 1470/1436/1393 702/1437/1394
f 1471/1340/1299 702/1437/1394 701/1341/1300
f 701/1341/1300 702/1437/1394 722/1438/1395
f 701/1341/1300 722/1438/1395 723/1342/1301
f 723/1342/1301 722/1438/1395 1523/1439/1396
f 723/1342/1301 1523/1439/1396 1524/1343/1302
f 1524/1343/1302 1523/1439/1396 1574/1440/1397
f 1524/1343/1302 1574/1440/1397 1575/1344/1303
f 1575/1344/1303 1574/1440/1397 1625/1441/1398
f 1575/1344/1303 1625/1441/1398 1626/1345/1304
f 1626/1345/1304 1625/1441/1398 1676/1442/1399
f 1626/1345/1304 1676/1442/1399 1677/1346/1305
f 1677/1346/1305 1676/1442/1399 1727/1443/1400
f 1677/1346/1305 1727/1443/1400 1728/1347/1306
f 1728/1347/1306 1727/1443/1400 1778/1444/1401
f 1728/1347/1306 1778/1444/1401 1779/1348/1307
f 1779/1348/1307 1778/1444/1401 1829/1445/1402
f 1779/1348/1307 1829/1445/1402 1830/1349/1308
f 1830/1349/1308 1829/1445/1402 1880/1446/1403
f 1830/1349/1308 1880/1446/1403 1881/1350/1309
f 1881/1350/1309 1880/1446/1403 1931/1447/1404
f 1881/1350/1309 1931/1447/1404 1932/1351/1310
f 1932/1351/1310 1931/1447/1404 1982/1448/1405
f 1932/1351/1310 1982/1448/1405 1983/1352/1311
f 1983/1352/1311 1982/1448/1405 2033/1449/1406
f 1983/1352/1311 2033/1449/1406 2034/1353/1312
f 2034/1353/1312 2033/1449/1406 2084/1450/1407
f 2034/1353/1312 2084/1450/1407 2085/1354/1313
f 2085/1354/1313 2084/1450/1407 2135/1451/1408
f 2085/1354/1313 2135/1451/1408 2136/1355/1314
f 2136/1355/1314 2135/1451/1408 2186/1452/1409
f 2136/1355/1314 2186/1452/1409 2187/1356/1315
f 2187/1356/1315 2186/1452/1409 2237/1453/1410
f 2187/1356/1315 2237/1453/1410 2238/1357/1316
f 2238/1357/1316 2237/1453/1410 585/1454/1411
f 2238/1357/1316 585/1454/1411 584/1358/1317
f 584/1358/1317 585/1454/1411 639/1455/1412
f 584/1358/1317 639/1455/1412 640/1359/1318
f 640/1359/1318 639/1455/1412 2290/1456/1413
f 640/1359/1318 2290/1456/1413 2291/1360/1319
f 2291/1360/1319 2290/1456/1413 2341/1457/1414
f 2291/1360/1319 2341/1457/1414 2342/1361/1320
f 2342/1361/1320 2341/1457/1414 2392/1458/1415
f 2342/1361/1320 2392/1458/1415 2393/1362/1321
f 2393/1362/1321 2392/1458/1415 2443/1459/1416
f 2393/1362/1321 2443/1459/1416 2444/1363/1322
f 2444/1363/1322 2443/1459/1416 2494/1460/1417
f 2444/1363/1322 2494/1460/1417 2495/1364/1323
f 2495/1364/1323 2494/1460/1417 2545/1461/1418
f 2495/1364/1323 2545/1461/1418 2546/1365/1324
f 2546/1365/1324 2545/1461/1418 2596/1462/1419
f 2546/1365/1324 2596/1462/1419 2597/1366/1325
f 2597/1366/1325 2596/1462/1419 2647/1463/1420
f 2597/1366/1325 2647/1463/1420 2648/1367/1326
f 2648/1367/1326 2647/1463/1420 2698/1464/1421
f 2648/1367/1326 2698/1464/1421 2699/1368/1327
f 2699/1368/1327 2698/1464/1421 2749/1465/1422
f 2699/1368/1327 2749/1465/1422 2750/1369/1328
f 2750/1369/1328 2749/1465/1422 2800/1466/1423
f 2750/1369/1328 2800/1466/1423 2801/1370/1329
f 2801/1370/1329 2800/1466/1423 2851/1467/1424
f 2801/1370/1329 2851/1467/1424 2852/1371/1330
f 2852/1371/1330 2851/1467/1424 2902/1468/1425
f 2852/1371/1330 2902/1468/1425 2903/1372/1331
f 2903/1372/1331 2902/1468/1425 2953/1469/1426
f 2903/1372/1331 2953/1469/1426 2954/1373/1332
f 2954/1373/1332 2953/1469/1426 3004/1470/1427
f 2954/1373/1332 3004/1470/1427 3005/1374/1333
f 3005/1374/1333 3004/1470/1427 468/1471/1428
f 3005/1374/1333 468/1471/1428 467/1375/1334
f 467/1375/1334 468/1471/1428 556/1472/1429
f 467/1375/1334 556/1472/1429 557/1376/1335
f 557/1376/1335 556/1472/1429 3057/1473/1430
f 557/1376/1335 3057/1473/1430 3058/1377/1336
f 3058/1377/1336 3057/1473/1430 3108/1474/1431
f 3058/1377/1336 3108/1474/1431 3109/1378/1337
f 3109/1378/1337 3108/1474/1431 3159/1475/1432
f 3109/1378/1337 3159/1475/1432 3160/1379/1338
f 3160/1379/1338 3159/1475/1432 3210/1476/1433
f 3160/1379/1338 3210/1476/1433 3211/1380/1339
f 3211/1380/1339 3210/1476/1433 3261/1477/1434
f 3211/1380/1339 3261/1477/1434 68/1381/1340
f 68/1381/1340 3261/1477/1434 69/1478/1435
f 68/1382/1340 69/1479/1435 3262/1383/1341
f 3262/1383/1341 69/1479/1435 3312/1480/1436
f 3262/1383/1341 3312/1480/1436 3313/1384/1342
f 3313/1384/1342 3312/1480/1436 3363/1481/1437
f 3313/1384/1342 3363/1481/1437 3364/1385/1343
f 3364/1385/1343 3363/1481/1437 3414/1482/1438
f 3364/1385/1343 3414/1482/1438 3415/1386/1344
f 3415/1386/1344 3414/1482/1438 3465/1483/1439
f 3415/1386/1344 3465/1483/1439 3466/1387/1345
f 3466/1387/1345 3465/1483/1439 3516/1484/1440
f 3466/1387/1345 3516/1484/1440 3517/1388/1346
f 3517/1388/1346 3516/1484/1440 3567/1485/1441
f 3517/1388/1346 3567/1485/1441 3568/1389/1347
f 3568/1389/1347 3567/1485/1441 3618/1486/1442
f 3568/1389/1347 3618/1486/1442 3619/1390/1348
f 3619/1390/1348 3618/1486/1442 3669/1487/1443
f 3619/1390/1348 3669/1487/1443 3670/1391/1349
f 3670/1391/1349 3669/1487/1443 3720/1488/1444
f 3670/1391/1349 3720/1488/1444 3721/1392/1350
f 3721/1392/1350 3720/1488/1444 402/1489/1445
f 3721/1392/1350 402/1489/1445 401/1393/1351
f 401/1393/1351 402/1489/1445 422/1490/1446
f 401/1393/1351 422/1490/1446 423/1394/1352
f 423/1394/1352 422/1490/1446 3773/1491/1447
f 423/1394/1352 3773/1491/1447 3774/1395/1353
f 3774/1395/1353 3773/1491/1447 3824/1492/1448
f 3774/1395/1353 3824/1492/1448 3825/1396/1354
f 3825/1396/1354 3824/1492/1448 3875/1493/1449
f 3825/1396/1354 3875/1493/1449 3876/1397/1355
f 3876/1397/1355 3875/1493/1449 3926/1494/1450
f 3876/1397/1355 3926/1494/1450 3927/1398/1356
f 3927/1398/1356 3926/1494/1450 3977/1495/1451
f 3927/1398/1356 3977/1495/1451 3978/1399/1357
f 3978/1399/1357 3977/1495/1451 4028/1496/1452
f 3978/1399/1357 4028/1496/1452 4029/1400/1358
f 4029/1400/1358 4028/1496/1452 4079/1497/1453
f 4029/1400/1358 4079/1497/1453 4080/1401/1359
f 4080/1401/1359 4079/1497/1453 4130/1498/1454
f 4080/1401/1359 4130/1498/1454 4131/1402/1360
f 4131/1402/1360 4130/1498/1454 4181/1499/1455
f 4131/1402/1360 4181/1499/1455 4182/1403/1361
f 4182/1403/1361 4181/1499/1455 4232/1500/1456
f 4182/1403/1361 4232/1500/1456 4233/1404/1362
f 4233/1404/1362 4232/1500/1456 4283/1501/1457
f 4233/1404/1362 4283/1501/1457 4284/1405/1363
f 4284/1405/1363 4283/1501/1457 4334/1502/1458
f 4284/1405/1363 4334/1502/1458 4335/1406/1364
f 4335/1406/1364 4334/1502/1458 4385/1503/1459
f 4335/1406/1364 4385/1503/1459 4386/1407/1365
f 4386/1407/1365 4385/1503/1459 4436/1504/1460
f 4386/1407/1365 4436/1504/1460 4437/1408/1366
f 4437/1408/1366 4436/1504/1460 4487/1505/1461
f 4437/1408/1366 4487/1505/1461 4488/1409/1367
f 4488/1409/1367 4487/1505/1461 285/1506/1462
f 4488/1409/1367 285/1506/1462 284/1410/1368
f 284/1410/1368 285/1506/1462 339/1507/1463
f 284/1410/1368 339/1507/1463 340/1411/1369
f 340/1411/1369 339/1507/1463 4540/1508/1464
f 340/1411/1369 4540/1508/1464 4541/1412/1370
f 4541/1412/1370 4540/1508/1464 4591/1509/1465
f 4541/1412/1370 4591/1509/1465 4592/1413/1371
f 4592/1413/1371 4591/1509/1465 4642/1510/1466
f 4592/1413/1371 4642/1510/1466 4643/1414/1372
f 4643/1414/1372 4642/1510/1466 4693/1511/1467
f 4643/1414/1372 4693/1511/1467 4694/1415/1373
f 4694/1415/1373 4693/1511/1467 4744/1512/1468
f 4694/1415/1373 4744/1512/1468 4745/1416/1374
f 4745/1416/1374 4744/1512/1468 4795/1513/1469
f 4745/1416/1374 4795/1513/1469 4796/1417/1375
f 4796/1417/1375 4795/1513/1469 4846/1514/1470
f 4796/1417/1375 4846/1514/1470 4847/1418/1376
f 4847/1418/1376 4846/1514/1470 4897/1515/1471
f 4847/1418/1376 4897/1515/1471 4898/1419/1377
f 4898/1419/1377 4897/1515/1471 4948/1516/1472
f 4898/1419/1377 4948/1516/1472 4949/1420/1378
f 4949/1420/1378 4948/1516/1472 4999/1517/1473
f 4949/1420/1378 4999/1517/1473 5000/1421/1379
f 5000/1421/1379 4999/1517/1473 5050/1518/1474
f 5000/1421/1379 5050/1518/1474 5051/1422/1380
f 5051/1422/1380 5050/1518/1474 5101/1519/1475
f 5051/1422/1380 5101/1519/1475 5102/1423/1381
f 5102/1423/1381 5101/1519/1475 5152/1520/1476
f 5102/1423/1381 5152/1520/1476 5153/1424/1382
f 5153/1424/1382 5152/1520/1476 5203/1521/1477
f 5153/1424/1382 5203/1521/1477 5204/1425/1383
f 5204/1425/1383 5203/1521/1477 5254/1522/1478
f 5204/1425/1383 5254/1522/1478 5255/1426/1384
f 5255/1426/1384 5254/1522/1478 218/770/748
f 5255/1426/1384 218/770/748 217/772/750
f 18/1427/15 19/1523/17 1062/1428/1385
f 1062/1428/1385 19/1523/17 1112/1524/1479
f 1062/1428/1385 1112/1524/1479 1113/1429/1386
f 1113/1429/1386 1112/1524/1479 1163/1525/1480
f 1113/1429/1386 1163/1525/1480 1164/1430/1387
f 1164/1430/1387 1163/1525/1480 1214/1526/1481
f 1164/1430/1387 1214/1526/1481 1215/1431/1388
f 1215/1431/1388 1214/1526/1481 1265/1527/1482
f 1215/1431/1388 1265/1527/1482 1266/1432/1389
f 1266/1432/1389 1265/1527/1482 1316/1528/1483
f 1266/1432/1389 1316/1528/1483 1317/1433/1390
f 1317/1433/1390 1316/1528/1483 1367/1529/1484
f 1317/1433/1390 1367/1529/1484 1368/1434/1391
f 1368/1434/1391 1367/1529/1484 1418/1530/1485
f 1368/1434/1391 1418/1530/1485 1419/1435/1392
f 1419/1435/1392 1418/1530/1485 1469/1531/1486
f 1419/1435/1392 1469/1531/1486 1470/1436/1393
f 1470/1436/1393 1469/1531/1486 703/1532/1487
f 1470/1436/1393 703/1532/1487 702/1437/1394
f 702/1437/1394 703/1532/1487 721/1533/1488
f 702/1437/1394 721/1533/1488 722/1438/1395
f 722/1438/1395 721/1533/1488 1522/1534/1489
f 722/1438/1395 1522/1534/1489 1523/1439/1396
f 1523/1439/1396 1522/1534/1489 1573/1535/1490
f 1523/1439/1396 1573/1535/1490 1574/1440/1397
f 1574/1440/1397 1573/1535/1490 1624/1536/1491
f 1574/1440/1397 1624/1536/1491 1625/1441/1398
f 1625/1441/1398 1624/1536/1491 1675/1537/1492
f 1625/1441/1398 1675/1537/1492 1676/1442/1399
f 1676/1442/1399 1675/1537/1492 1726/1538/1493
f 1676/1442/1399 1726/1538/1493 1727/1443/1400
f 1727/1443/1400 1726/1538/1493 1777/1539/1494
f 1727/1443/1400 1777/1539/1494 1778/1444/1401
f 1778/1444/1401 1777/1539/1494 1828/1540/1495
f 1778/1444/1401 1828/1540/1495 1829/1445/1402
f 1829/1445/1402 1828/1540/1495 1879/1541/1496
f 1829/1445/1402 1879/1541/1496 1880/1446/1403
f 1880/1446/1403 1879/1541/1496 1930/1542/1497
f 1880/1446/1403 1930/1542/1497 1931/1447/1404
f 1931/1447/1404 1930/1542/1497 1981/1543/1498
f 1931/1447/1404 1981/1543/1498 1982/1448/1405
f 1982/1448/1405 1981/1543/1498 2032/1544/1499
f 1982/1448/1405 2032/1544/1499 2033/1449/1406
f 2033/1449/1406 2032/1544/1499 2083/1545/1500
f 2033/1449/1406 2083/1545/1500 2084/1450/1407
f 2084/1450/1407 2083/1545/1500 2134/1546/1501
f 2084/1450/1407 2134/1546/1501 2135/1451/1408
f 2135/1451/1408 2134/1546/1501 2185/1547/1502
f 2135/1451/1408 2185/1547/1502 2186/1452/1409
f 2186/1452/1409 2185/1547/1502 2236/1548/1503
f 2186/1452/1409 2236/1548/1503 2237/1453/1410
f 2237/1453/1410 2236/1548/1503 586/1549/1504
f 2237/1453/1410 586/1549/1504 585/1454/1411
f 585/1454/1411 586/1549/1504 638/1550/1505
f 585/1454/1411 638/1550/1505 639/1455/1412
f 639/1455/1412 638/1550/1505 2289/1551/1506
f 639/1455/1412 2289/1551/1506 2290/1456/1413
f 2290/1456/1413 2289/1551/1506 2340/1552/1507
f 2290/1456/1413 2340/1552/1507 2341/1457/1414
f 2341/1457/1414 2340/1552/1507 2391/1553/1508
f 2341/1457/1414 2391/1553/1508 2392/1458/1415
f 2392/1458/1415 2391/1553/1508 2442/1554/1509
f 2392/1458/1415 2442/1554/1509 2443/1459/1416
f 2443/1459/1416 2442/1554/1509 2493/1555/1510
f 2443/1459/1416 2493/1555/1510 2494/1460/1417
f 2494/1460/1417 2493/1555/1510 2544/1556/1511
f 2494/1460/1417 2544/1556/1511 2545/1461/1418
f 2545/1461/1418 2544/1556/1511 2595/1557/1512
f 2545/1461/1418 2595/1557/1512 2596/1462/1419
f 2596/1462/1419 2595/1557/1512 2646/1558/1513
f 2596/1462/1419 2646/1558/1513 2647/1463/1420
f 2647/1463/1420 2646/1558/1513 2697/1559/1514
f 2647/1463/1420 2697/1559/1514 2698/1464/1421
f 2698/1464/1421 2697/1559/1514 2748/1560/1515
f 2698/1464/1421 2748/1560/1515 2749/1465/1422
f 2749/1465/1422 2748/1560/1515 2799/1561/1516
f 2749/1465/1422 2799/1561/1516 2800/1466/1423
f 2800/1466/1423 2799/1561/1516 2850/1562/1517
f 2800/1466/1423 2850/1562/1517 2851/1467/1424
f 2851/1467/1424 2850/1562/1517 2901/1563/1518
f 2851/1467/1424 2901/1563/1518 2902/1468/1425
f 2902/1468/1425 2901/1563/1518 2952/1564/1519
f 2902/1468/1425 2952/1564/1519 2953/1469/1426
f 2953/1469/1426 2952/1564/1519 3003/1565/1520
f 2953/1469/1426 3003/1565/1520 3004/1470/1427
f 3004/1470/1427 3003/1565/1520 469/1566/1521
f 3004/1470/1427 469/1566/1521 468/1471/1428
f 468/1471/1428 469/1566/1521 555/1567/1522
f 468/1471/1428 555/1567/1522 556/1472/1429
f 556/1472/1429 555/1567/1522 3056/1568/1523
f 556/1472/1429 3056/1568/1523 3057/1473/1430
f 3057/1473/1430 3056/1568/1523 3107/1569/1524
f 3057/1473/1430 3107/1569/1524 3108/1474/1431
f 3108/1474/1431 3107/1569/1524 3158/1570/1525
f 3108/1474/1431 3158/1570/1525 3159/1475/1432
f 3159/1475/1432 3158/1570/1525 3209/1571/1526
f 3159/1475/1432 3209/1571/1526 3210/1476/1433
f 3210/1476/1433 3209/1571/1526 3260/1572/1527
f 3210/1476/1433 3260/1572/1527 3261/1477/1434
f 3261/1477/1434 3260/1572/1527 3311/1573/1528
f 3261/1477/1434 3311/1573/1528 69/1478/1435
f 69/1478/1435 3311/1573/1528 70/1574/1529
f 69/1479/1435 70/1575/1529 3312/1480/1436
f 3312/1480/1436 70/1575/1529 3362/1576/1530
f 3312/1480/1436 3362/1576/1530 3363/1481/1437
f 3363/1481/1437 3362/1576/1530 3413/1577/1531
f 3363/1481/1437 3413/1577/1531 3414/1482/1438
f 3414/1482/1438 3413/1577/1531 3464/1578/1532
f 3414/1482/1438 3464/1578/1532 3465/1483/1439
f 3465/1483/1439 3464/1578/1532 3515/1579/1533
f 3465/1483/1439 3515/1579/1533 3516/1484/1440
f 3516/1484/1440 3515/1579/1533 3566/1580/1534
f 3516/1484/1440 3566/1580/1534 3567/1485/1441
f 3567/1485/1441 3566/1580/1534 3617/1581/1535
f 3567/1485/1441 3617/1581/1535 3618/1486/1442
f 3618/1486/1442 3617/1581/1535 3668/1582/1536
f 3618/1486/1442 3668/1582/1536 3669/1487/1443
f 3669/1487/1443 3668/1582/1536 3719/1583/1537
f 3669/1487/1443 3719/1583/1537 3720/1488/1444
f 3720/1488/1444 3719/1583/1537 403/1584/1538
f 3720/1488/1444 403/1584/1538 402/1489/1445
f 402/1489/1445 403/1584/1538 421/1585/1539
f 402/1489/1445 421/1585/1539 422/1490/1446
f 422/1490/1446 421/1585/1539 3772/1586/1540
f 422/1490/1446 3772/1586/1540 3773/1491/1447
f 3773/1491/1447 3772/1586/1540 3823/1587/1541
f 3773/1491/1447 3823/1587/1541 3824/1492/1448
f 3824/1492/1448 3823/1587/1541 3874/1588/1542
f 3824/1492/1448 3874/1588/1542 3875/1493/1449
f 3875/1493/1449 3874/1588/1542 3925/1589/1543
f 3875/1493/1449 3925/1589/1543 3926/1494/1450
f 3926/1494/1450 3925/1589/1543 3976/1590/1544
f 3926/1494/1450 3976/1590/1544 3977/1495/1451
f 3977/1495/1451 3976/1590/1544 4027/1591/1545
f 3977/1495/1451 4027/1591/1545 4028/1496/1452
f 4028/1496/1452 4027/1591/1545 4078/1592/1546
f 4028/1496/1452 4078/1592/1546 4079/1497/1453
f 4079/1497/1453 4078/1592/1546 4129/1593/1547
f 4079/1497/1453 4129/1593/1547 4130/1498/1454
f 4130/1498/1454 4129/1593/1547 4180/1594/1548
f 4130/1498/1454 4180/1594/1548 4181/1499/1455
f 4181/1499/1455 4180/1594/1548 4231/1595/1549
f 4181/1499/1455 4231/1595/1549 4232/1500/1456
f 4232/1500/1456 4231/1595/1549 4282/1596/1550
f 4232/1500/1456 4282/1596/1550 4283/1501/1457
f 4283/1501/1457 4282/1596/1550 4333/1597/1551
f 4283/1501/1457 4333/1597/1551 4334/1502/1458
f 4334/1502/1458 4333/1597/1551 4384/1598/1552
f 4334/1502/1458 4384/1598/1552 4385/1503/1459
f 4385/1503/1459 4384/1598/1552 4435/1599/1553
f 4385/1503/1459 4435/1599/1553 4436/1504/1460
f 4436/1504/1460 4435/1599/1553 4486/1600/1554
f 4436/1504/1460 4486/1600/1554 4487/1505/1461
f 4487/1505/1461 4486/1600/1554 286/1601/1555
f 4487/1505/1461 286/1601/1555 285/1506/1462
f 285/1506/1462 286/1601/1555 338/1602/1556
f 285/1506/1462 338/1602/1556 339/1507/1463
f 339/1507/1463 338/1602/1556 4539/1603/1557
f 339/1507/1463 4539/1603/1557 4540/1508/1464
f 4540/1508/1464 4539/1603/1557 4590/1604/1558
f 4540/1508/1464 4590/1604/1558 4591/1509/1465
f 4591/1509/1465 4590/1604/1558 4641/1605/1559
f 4591/1509/1465 4641/1605/1559 4642/1510/1466
f 4642/1510/1466 4641/1605/1559 4692/1606/1560
f 4642/1510/1466 4692/1606/1560 4693/1511/1467
f 4693/1511/1467 4692/1606/1560 4743/1607/1561
f 4693/1511/1467 4743/1607/1561 4744/1512/1468
f 4744/1512/1468 4743/1607/1561 4794/1608/1562
f 4744/1512/1468 4794/1608/1562 4795/1513/1469
f 4795/1513/1469 4794/1608/1562 4845/1609/1563
f 4795/1513/1469 4845/1609/1563 4846/1514/1470
f 4846/1514/1470 4845/1609/1563 4896/1610/1564
f 4846/1514/1470 4896/1610/1564 4897/1515/1471
f 4897/1515/1471 4896/1610/1564 4947/1611/1565
f 4897/1515/1471 4947/1611/1565 4948/1516/1472
f 4948/1516/1472 4947/1611/1565 4998/1612/1566
f 4948/1516/1472 4998/1612/1566 4999/1517/1473
f 4999/1517/1473 4998/1612/1566 5049/1613/1567
f 4999/1517/1473 5049/1613/1567 5050/1518/1474
f 5050/1518/1474 5049/1613/1567 5100/1614/1568
f 5050/1518/1474 5100/1614/1568 5101/1519/1475
f 5101/1519/1475 5100/1614/1568 5151/1615/1569
f 5101/1519/1475 5151/1615/1569 5152/1520/1476
f 5152/1520/1476 5151/1615/1569 5202/1616/1570
f 5152/1520/1476 5202/1616/1570 5203/1521/1477
f 5203/1521/1477 5202/1616/1570 5253/1617/1571
f 5203/1521/1477 5253/1617/1571 5254/1522/1478
f 5254/1522/1478 5253/1617/1571 219/768/746
f 5254/1522/1478 219/768/746 218/770/748
f 19/1523/17 20/1618/19 1112/1524/1479
f 1112/1524/1479 20/1618/19 1162/1619/1572
f 1112/1524/1479 1162/1619/1572 1163/1525/1480
f 1163/1525/1480 1162/1619/1572 1213/1620/1573
f 1163/1525/1480 1213/1620/1573 1214/1526/1481
f 1214/1526/1481 1213/1620/1573 1264/1621/1574
f 1214/1526/1481 1264/1621/1574 1265/1527/1482
f 1265/1527/1482 1264/1621/1574 1315/1622/1575
f 1265/1527/1482 1315/1622/1575 1316/1528/1483
f 1316/1528/1483 1315/1622/1575 1366/1623/1576
f 1316/1528/1483 1366/1623/1576 1367/1529/1484
f 1367/1529/1484 1366/1623/1576 1417/1624/1577
f 1367/1529/1484 1417/1624/1577 1418/1530/1485
f 1418/1530/1485 1417/1624/1577 1468/1625/1578
f 1418/1530/1485 1468/1625/1578 1469/1531/1486
f 1469/1531/1486 1468/1625/1578 704/1626/1579
f 1469/1531/1486 704/1626/1579 703/1532/1487
f 703/1532/1487 704/1626/1579 720/1627/1580
f 703/1532/1487 720/1627/1580 721/1533/1488
f 721/1533/1488 720/1627/1580 1521/1628/1581
f 721/1533/1488 1521/1628/1581 1522/1534/1489
f 1522/1534/1489 1521/1628/1581 1572/1629/1582
f 1522/1534/1489 1572/1629/1582 1573/1535/1490
f 1573/1535/1490 1572/1629/1582 1623/1630/1583
f 1573/1535/1490 1623/1630/1583 1624/1536/1491
f 1624/1536/1491 1623/1630/1583 1674/1631/1584
f 1624/1536/1491 1674/1631/1584 1675/1537/1492
f 1675/1537/1492 1674/1631/1584 1725/1632/1585
f 1675/1537/1492 1725/1632/1585 1726/1538/1493
f 1726/1538/1493 1725/1632/1585 1776/1633/1586
f 1726/1538/1493 1776/1633/1586 1777/1539/1494
f 1777/1539/1494 1776/1633/1586 1827/1634/1587
f 1777/1539/1494 1827/1634/1587 1828/1540/1495
f 1828/1540/1495 1827/1634/1587 1878/1635/1588
f 1828/1540/1495 1878/1635/1588 1879/1541/1496
f 1879/1541/1496 1878/1635/1588 1929/1636/1589
f 1879/1541/1496 1929/1636/1589 1930/1542/1497
f 1930/1542/1497 1929/1636/1589 1980/1637/1590
f 1930/1542/1497 1980/1637/1590 1981/1543/1498
f 1981/1543/1498 1980/1637/1590 2031/1638/1591
f 1981/1543/1498 2031/1638/1591 2032/1544/1499
f 2032/1544/1499 2031/1638/1591 2082/1639/1592
f 2032/1544/1499 2082/1639/1592 2083/1545/1500
f 2083/1545/1500 2082/1639/1592 2133/1640/1593
f 2083/1545/1500 2133/1640/1593 2134/1546/1501
f 2134/1546/1501 2133/1640/1593 2184/1641/1594
f 2134/1546/1501 2184/1641/1594 2185/1547/1502
f 2185/1547/1502 2184/1641/1594 2235/1642/1595
f 2185/1547/1502 2235/1642/1595 2236/1548/1503
f 2236/1548/1503 2235/1642/1595 587/1643/1596
f 2236/1548/1503 587/1643/1596 586/1549/1504
f 586/1549/1504 587/1643/1596 637/1644/1597
f 586/1549/1504 637/1644/1597 638/1550/1505
f 638/1550/1505 637/1644/1597 2288/1645/1598
f 638/1550/1505 2288/1645/1598 2289/1551/1506
f 2289/1551/1506 2288/1645/1598 2339/1646/1599
f 2289/1551/1506 2339/1646/1599 2340/1552/1507
f 2340/1552/1507 2339/1646/1599 2390/1647/1600
f 2340/1552/1507 2390/1647/1600 2391/1553/1508
f 2391/1553/1508 2390/1647/1600 2441/1648/1601
f 2391/1553/1508 2441/1648/1601 2442/1554/1509
f 2442/1554/1509 2441/1648/1601 2492/1649/1602
f 2442/1554/1509 2492/1649/1602 2493/1555/1510
f 2493/1555/1510 2492/1649/1602 2543/1650/1603
f 2493/1555/1510 2543/1650/1603 2544/1556/1511
f 2544/1556/1511 2543/1650/1603 2594/1651/1604
f 2544/1556/1511 2594/1651/1604 2595/1557/1512
f 2595/1557/1512 2594/1651/1604 2645/1652/1605
f 2595/1557/1512 2645/1652/1605 2646/1558/1513
f 2646/1558/1513 2645/1652/1605 2696/1653/1606
f 2646/1558/1513 2696/1653/1606 2697/1559/1514
f 2697/1559/1514 2696/1653/1606 2747/1654/1607
f 2697/1559/1514 2747/1654/1607 2748/1560/1515
f 2748/1560/1515 2747/1654/1607 2798/1655/1608
f 2748/1560/1515 2798/1655/1608 2799/1561/1516
f 2799/1561/1516 2798/1655/1608 2849/1656/1609
f 2799/1561/1516 2849/1656/1609 2850/1562/1517
f 2850/1562/1517 2849/1656/1609 2900/1657/1610
f 2850/1562/1517 2900/1657/1610 2901/1563/1518
f 2901/1563/1518 2900/1657/1610 2951/1658/1611
f 2901/1563/1518 2951/1658/1611 2952/1564/1519
f 2952/1564/1519 2951/1658/1611 3002/1659/1612
f 2952/1564/1519 3002/1659/1612 3003/1565/1520
f 3003/1565/1520 3002/1659/1612 470/1660/1613
f 3003/1565/1520 470/1660/1613 469/1566/1521
f 469/1566/1521 470/1660/1613 554/1661/1614
f 469/1566/1521 554/1661/1614 555/1567/1522
f 555/1567/1522 554/1661/1614 3055/1662/1615
f 555/1567/1522 3055/1662/1615 3056/1568/1523
f 3056/1568/1523 3055/1662/1615 3106/1663/1616
f 3056/1568/1523 3106/1663/1616 3107/1569/1524
f 3107/1569/1524 3106/1663/1616 3157/1664/1617
f 3107/1569/1524 3157/1664/1617 3158/1570/1525
f 3158/1570/1525 3157/1664/1617 3208/1665/1618
f 3158/1570/1525 3208/1665/1618 3209/1571/1526
f 3209/1571/1526 3208/1665/1618 3259/1666/1619
f 3209/1571/1526 3259/1666/1619 3260/1572/1527
f 3260/1572/1527 3259/1666/1619 3310/1667/1620
f 3260/1572/1527 3310/1667/1620 3311/1573/1528
f 3311/1573/1528 3310/1667/1620 3361/1668/1621
f 3311/1573/1528 3361/1668/1621 70/1574/1529
f 70/1574/1529 3361/1668/1621 71/1669/1622
f 70/1575/1529 71/1670/1622 3362/1576/1530
f 3362/1576/1530 71/1670/1622 3412/1671/1623
f 3362/1576/1530 3412/1671/1623 3413/1577/1531
f 3413/1577/1531 3412/1671/1623 3463/1672/1624
f 3413/1577/1531 3463/1672/1624 3464/1578/1532
f 3464/1578/1532 3463/1672/1624 3514/1673/1625
f 3464/1578/1532 3514/1673/1625 3515/1579/1533
f 3515/1579/1533 3514/1673/1625 3565/1674/1626
f 3515/1579/1533 3565/1674/1626 3566/1580/1534
f 3566/1580/1534 3565/1674/1626 3616/1675/1627
f 3566/1580/1534 3616/1675/1627 3617/1581/1535
f 3617/1581/1535 3616/1675/1627 3667/1676/1628
f 3617/1581/1535 3667/1676/1628 3668/1582/1536
f 3668/1582/1536 3667/1676/1628 3718/1677/1629
f 3668/1582/1536 3718/1677/1629 3719/1583/1537
f 3719/1583/1537 3718/1677/1629 404/1678/1630
f 3719/1583/1537 404/1678/1630 403/1584/1538
f 403/1584/1538 404/1678/1630 420/1679/1631
f 403/1584/1538 420/1679/1631 421/1585/1539
f 421/1585/1539 420/1679/1631 3771/1680/1632
f 421/1585/1539 3771/1680/1632 3772/1586/1540
f 3772/1586/1540 3771/1680/1632 3822/1681/1633
f 3772/1586/1540 3822/1681/1633 3823/1587/1541
f 3823/1587/1541 3822/1681/1633 3873/1682/1634
f 3823/1587/1541 3873/1682/1634 3874/1588/1542
f 3874/1588/1542 3873/1682/1634 3924/1683/1635
f 3874/1588/1542 3924/1683/1635 3925/1589/1543
f 3925/1589/1543 3924/1683/1635 3975/1684/1636
f 3925/1589/1543 3975/1684/1636 3976/1590/1544
f 3976/1590/1544 3975/1684/1636 4026/1685/1637
f 3976/1590/1544 4026/1685/1637 4027/1591/1545
f 4027/1591/1545 4026/1685/1637 4077/1686/1638
f 4027/1591/1545 4077/1686/1638 4078/1592/1546
f 4078/1592/1546 4077/1686/1638 4128/1687/1639
f 4078/1592/1546 4128/1687/1639 4129/1593/1547
f 4129/1593/1547 4128/1687/1639 4179/1688/1640
f 4129/1593/1547 4179/1688/1640 4180/1594/1548
f 4180/1594/1548 4179/1688/1640 4230/1689/1641
f 4180/1594/1548 4230/1689/1641 4231/1595/1549
f 4231/1595/1549 4230/1689/1641 4281/1690/1642
f 4231/1595/1549 4281/1690/1642 4282/1596/1550
f 4282/1596/1550 4281/1690/1642 4332/1691/1643
f 4282/1596/1550 4332/1691/1643 4333/1597/1551
f 4333/1597/1551 4332/1691/1643 4383/1692/1644
f 4333/1597/1551 4383/1692/1644 4384/1598/1552
f 4384/1598/1552 4383/1692/1644 4434/1693/1645
f 4384/1598/1552 4434/1693/1645 4435/1599/1553
f 4435/1599/1553 4434/1693/1645 4485/1694/1646
f 4435/1599/1553 4485/1694/1646 4486/1600/1554
f 4486/1600/1554 4485/1694/1646 287/1695/1647
f 4486/1600/1554 287/1695/1647 286/1601/1555
f 286/1601/1555 287/1695/1647 337/1696/1648
f 286/1601/1555 337/1696/1648 338/1602/1556
f 338/1602/1556 337/1696/1648 4538/1697/1649
f 338/1602/1556 4538/1697/1649 4539/1603/1557
f 4539/1603/1557 4538/1697/1649 4589/1698/1650
f 4539/1603/1557 4589/1698/1650 4590/1604/1558
f 4590/1604/1558 4589/1698/1650 4640/1699/1651
f 4590/1604/1558 4640/1699/1651 4641/1605/1559
f 4641/1605/1559 4640/1699/1651 4691/1700/1652
f 4641/1605/1559 4691/1700/1652 4692/1606/1560
f 4692/1606/1560 4691/1700/1652 4742/1701/1653
f 4692/1606/1560 4742/1701/1653 4743/1607/1561
f 4743/1607/1561 4742/1701/1653 4793/1702/1654
f 4743/1607/1561 4793/1702/1654 4794/1608/1562
f 4794/1608/1562 4793/1702/1654 4844/1703/1655
f 4794/1608/1562 4844/1703/1655 4845/1609/1563
f 4845/1609/1563 4844/1703/1655 4895/1704/1656
f 4845/1609/1563 4895/1704/1656 4896/1610/1564
f 4896/1610/1564 4895/1704/1656 4946/1705/1657
f 4896/1610/1564 4946/1705/1657 4947/1611/1565
f 4947/1611/1565 4946/1705/1657 4997/1706/1658
f 4947/1611/1565 4997/1706/1658 4998/1612/1566
f 4998/1612/1566 4997/1706/1658 5048/1707/1659
f 4998/1612/1566 5048/1707/1659 5049/1613/1567
f 5049/1613/1567 5048/1707/1659 5099/1708/1660
f 5049/1613/1567 5099/1708/1660 5100/1614/1568
f 5100/1614/1568 5099/1708/1660 5150/1709/1661
f 5100/1614/1568 5150/1709/1661 5151/1615/1569
f 5151/1615/1569 5150/1709/1661 5201/1710/1662
f 5151/1615/1569 5201/1710/1662 5202/1616/1570
f 5202/1616/1570 5201/1710/1662 5252/1711/1663
f 5202/1616/1570 5252/1711/1663 5253/1617/1571
f 5253/1617/1571 5252/1711/1663 220/1712/1664
f 5253/1617/1571 220/1712/1664 219/768/746
f 219/768/746 220/1712/1664 2/766/731
f 20/1618/19 21/1713/21 1162/1619/1572
f 1162/1619/1572 21/1713/21 1212/1714/1665
f 1162/1619/1572 1212/1714/1665 1213/1620/1573
f 1213/1620/1573 1212/1714/1665 1263/1715/1666
f 1213/1620/1573 1263/1715/1666 1264/1621/1574
f 1264/1621/1574 1263/1715/1666 1314/1716/1667
f 1264/1621/1574 1314/1716/1667 1315/1622/1575
f 1315/1622/1575 1314/1716/1667 1365/1717/1668
f 1315/1622/1575 1365/1717/1668 1366/1623/1576
f 1366/1623/1576 1365/1717/1668 1416/1718/1669
f 1366/1623/1576 1416/1718/1669 1417/1624/1577
f 1417/1624/1577 1416/1718/1669 1467/1719/1670
f 1417/1624/1577 1467/1719/1670 1468/1625/1578
f 1468/1625/1578 1467/1719/1670 705/1720/1671
f 1468/1625/1578 705/1720/1671 704/1626/1579
f 704/1626/1579 705/1720/1671 719/1721/1672
f 704/1626/1579 719/1721/1672 720/1627/1580
f 720/1627/1580 719/1721/1672 1520/1722/1673
f 720/1627/1580 1520/1722/1673 1521/1628/1581
f 1521/1628/1581 1520/1722/1673 1571/1723/1674
f 1521/1628/1581 1571/1723/1674 1572/1629/1582
f 1572/1629/1582 1571/1723/1674 1622/1724/1675
f 1572/1629/1582 1622/1724/1675 1623/1630/1583
f 1623/1630/1583 1622/1724/1675 1673/1725/1676
f 1623/1630/1583 1673/1725/1676 1674/1631/1584
f 1674/1631/1584 1673/1725/1676 1724/1726/1677
f 1674/1631/1584 1724/1726/1677 1725/1632/1585
f 1725/1632/1585 1724/1726/1677 1775/1727/1678
f 1725/1632/1585 1775/1727/1678 1776/1633/1586
f 1776/1633/1586 1775/1727/1678 1826/1728/1679
f 1776/1633/1586 1826/1728/1679 1827/1634/1587
f 1827/1634/1587 1826/1728/1679 1877/1729/1680
f 1827/1634/1587 1877/1729/1680 1878/1635/1588
f 1878/1635/1588 1877/1729/1680 1928/1730/1681
f 1878/1635/1588 1928/1730/1681 1929/1636/1589
f 1929/1636/1589 1928/1730/1681 1979/1731/1682
f 1929/1636/1589 1979/1731/1682 1980/1637/1590
f 1980/1637/1590 1979/1731/1682 2030/1732/1683
f 1980/1637/1590 2030/1732/1683 2031/1638/1591
f 2031/1638/1591 2030/1732/1683 2081/1733/1684
f 2031/1638/1591 2081/1733/1684 2082/1639/1592
f 2082/1639/1592 2081/1733/1684 2132/1734/1685
f 2082/1639/1592 2132/1734/1685 2133/1640/1593
f 2133/1640/1593 2132/1734/1685 2183/1735/1686
f 2133/1640/1593 2183/1735/1686 2184/1641/1594
f 2184/1641/1594 2183/1735/1686 2234/1736/1687
f 2184/1641/1594 2234/1736/1687 2235/1642/1595
f 2235/1642/1595 2234/1736/1687 588/1737/1688
f 2235/1642/1595 588/1737/1688 587/1643/1596
f 587/1643/1596 588/1737/1688 636/1738/1689
f 587/1643/1596 636/1738/1689 637/1644/1597
f 637/1644/1597 636/1738/1689 2287/1739/1690
f 637/1644/1597 2287/1739/1690 2288/1645/1598
f 2288/1645/1598 2287/1739/1690 2338/1740/1691
f 2288/1645/1598 2338/1740/1691 2339/1646/1599
f 2339/1646/1599 2338/1740/1691 2389/1741/1692
f 2339/1646/1599 2389/1741/1692 2390/1647/1600
f 2390/1647/1600 2389/1741/1692 2440/1742/1693
f 2390/1647/1600 2440/1742/1693 2441/1648/1601
f 2441/1648/1601 2440/1742/1693 2491/1743/1694
f 2441/1648/1601 2491/1743/1694 2492/1649/1602
f 2492/1649/1602 2491/1743/1694 2542/1744/1695
f 2492/1649/1602 2542/1744/1695 2543/1650/1603
f 2543/1650/1603 2542/1744/1695 2593/1745/1696
f 2543/1650/1603 2593/1745/1696 2594/1651/1604
f 2594/1651/1604 2593/1745/1696 2644/1746/1697
f 2594/1651/1604 2644/1746/1697 2645/1652/1605
f 2645/1652/1605 2644/1746/1697 2695/1747/1698
f 2645/1652/1605 2695/1747/1698 2696/1653/1606
f 2696/1653/1606 2695/1747/1698 2746/1748/1699
f 2696/1653/1606 2746/1748/1699 2747/1654/1607
f 2747/1654/1607 2746/1748/1699 2797/1749/1700
f 2747/1654/1607 2797/1749/1700 2798/1655/1608
f 2798/1655/1608 2797/1749/1700 2848/1750/1701
f 2798/1655/1608 2848/1750/1701 2849/1656/1609
f 2849/1656/1609 2848/1750/1701 2899/1751/1702
f 2849/1656/1609 2899/1751/1702 2900/1657/1610
f 2900/1657/1610 2899/1751/1702 2950/1752/1703
f 2900/1657/1610 2950/1752/1703 2951/1658/1611
f 2951/1658/1611 2950/1752/1703 3001/1753/1704
f 2951/1658/1611 3001/1753/1704 3002/1659/1612
f 3002/1659/1612 3001/1753/1704 471/1754/1705
f 3002/1659/1612 471/1754/1705 470/1660/1613
f 470/1660/1613 471/1754/1705 553/1755/1706
f 470/1660/1613 553/1755/1706 554/1661/1614
f 554/1661/1614 553/1755/1706 3054/1756/1707
f 554/1661/1614 3054/1756/1707 3055/1662/1615
f 3055/1662/1615 3054/1756/1707 3105/1757/1708
f 3055/1662/1615 3105/1757/1708 3106/1663/1616
f 3106/1663/1616 3105/1757/1708 3156/1758/1709
f 3106/1663/1616 3156/1758/1709 3157/1664/1617
f 3157/1664/1617 3156/1758/1709 3207/1759/1710
f 3157/1664/1617 3207/1759/1710 3208/1665/1618
f 3208/1665/1618 3207/1759/1710 3258/1760/1711
f 3208/1665/1618 3258/1760/1711 3259/1666/1619
f 3259/1666/1619 3258/1760/1711 3309/1761/1712
f 3259/1666/1619 3309/1761/1712 3310/1667/1620
f 3310/1667/1620 3309/1761/1712 3360/1762/1713
f 3310/1667/1620 3360/1762/1713 3361/1668/1621
f 3361/1668/1621 3360/1762/1713 3411/1763/1714
f 3361/1668/1621 3411/1763/1714 71/1669/1622
f 71/1669/1622 3411/1763/1714 72/1764/1715
f 71/1670/1622 72/1765/1715 3412/1671/1623
f 3412/1671/1623 72/1765/1715 3462/1766/1716
f 3412/1671/1623 3462/1766/1716 3463/1672/1624
f 3463/1672/1624 3462/1766/1716 3513/1767/1717
f 3463/1672/1624 3513/1767/1717 3514/1673/1625
f 3514/1673/1625 3513/1767/1717 3564/1768/1718
f 3514/1673/1625 3564/1768/1718 3565/1674/1626
f 3565/1674/1626 3564/1768/1718 3615/1769/1719
f 3565/1674/1626 3615/1769/1719 3616/1675/1627
f 3616/1675/1627 3615/1769/1719 3666/1770/1720
f 3616/1675/1627 3666/1770/1720 3667/1676/1628
f 3667/1676/1628 3666/1770/1720 3717/1771/1721
f 3667/1676/1628 3717/1771/1721 3718/1677/1629
f 3718/1677/1629 3717/1771/1721 405/1772/1722
f 3718/1677/1629 405/1772/1722 404/1678/1630
f 404/1678/1630 405/1772/1722 419/1773/1723
f 404/1678/1630 419/1773/1723 420/1679/1631
f 420/1679/1631 419/1773/1723 3770/1774/1724
f 420/1679/1631 3770/1774/1724 3771/1680/1632
f 3771/1680/1632 3770/1774/1724 3821/1775/1725
f 3771/1680/1632 3821/1775/1725 3822/1681/1633
f 3822/1681/1633 3821/1775/1725 3872/1776/1726
f 3822/1681/1633 3872/1776/1726 3873/1682/1634
f 3873/1682/1634 3872/1776/1726 3923/1777/1727
f 3873/1682/1634 3923/1777/1727 3924/1683/1635
f 3924/1683/1635 3923/1777/1727 3974/1778/1728
f 3924/1683/1635 3974/1778/1728 3975/1684/1636
f 3975/1684/1636 3974/1778/1728 4025/1779/1729
f 3975/1684/1636 4025/1779/1729 4026/1685/1637
f 4026/1685/1637 4025/1779/1729 4076/1780/1730
f 4026/1685/1637 4076/1780/1730 4077/1686/1638
f 4077/1686/1638 4076/1780/1730 4127/1781/1731
f 4077/1686/1638 4127/1781/1731 4128/1687/1639
f 4128/1687/1639 4127/1781/1731 4178/1782/1732
f 4128/1687/1639 4178/1782/1732 4179/1688/1640
f 4179/1688/1640 4178/1782/1732 4229/1783/1733
f 4179/1688/1640 4229/1783/1733 4230/1689/1641
f 4230/1689/1641 4229/1783/1733 4280/1784/1734
f 4230/1689/1641 4280/1784/1734 4281/1690/1642
f 4281/1690/1642 4280/1784/1734 4331/1785/1735
f 4281/1690/1642 4331/1785/1735 4332/1691/1643
f 4332/1691/1643 4331/1785/1735 4382/1786/1736
f 4332/1691/1643 4382/1786/1736 4383/1692/1644
f 4383/1692/1644 4382/1786/1736 4433/1787/1737
f 4383/1692/1644 4433/1787/1737 4434/1693/1645
f 4434/1693/1645 4433/1787/1737 4484/1788/1738
f 4434/1693/1645 4484/1788/1738 4485/1694/1646
f 4485/1694/1646 4484/1788/1738 288/1789/1739
f 4485/1694/1646 288/1789/1739 287/1695/1647
f 287/1695/1647 288/1789/1739 336/1790/1740
f 287/1695/1647 336/1790/1740 337/1696/1648
f 337/1696/1648 336/1790/1740 4537/1791/1741
f 337/1696/1648 4537/1791/1741 4538/1697/1649
f 4538/1697/1649 4537/1791/1741 4588/1792/1742
f 4538/1697/1649 4588/1792/1742 4589/1698/1650
f 4589/1698/1650 4588/1792/1742 4639/1793/1743
f 4589/1698/1650 4639/1793/1743 4640/1699/1651
f 4640/1699/1651 4639/1793/1743 4690/1794/1744
f 4640/1699/1651 4690/1794/1744 4691/1700/1652
f 4691/1700/1652 4690/1794/1744 4741/1795/1745
f 4691/1700/1652 4741/1795/1745 4742/1701/1653
f 4742/1701/1653 4741/1795/1745 4792/1796/1746
f 4742/1701/1653 4792/1796/1746 4793/1702/1654
f 4793/1702/1654 4792/1796/1746 4843/1797/1747
f 4793/1702/1654 4843/1797/1747 4844/1703/1655
f 4844/1703/1655 4843/1797/1747 4894/1798/1748
f 4844/1703/1655 4894/1798/1748 4895/1704/1656
f 4895/1704/1656 4894/1798/1748 4945/1799/1749
f 4895/1704/1656 4945/1799/1749 4946/1705/1657
f 4946/1705/1657 4945/1799/1749 4996/1800/1750
f 4946/1705/1657 4996/1800/1750 4997/1706/1658
f 4997/1706/1658 4996/1800/1750 5047/1801/1751
f 4997/1706/1658 5047/1801/1751 5048/1707/1659
f 5048/1707/1659 5047/1801/1751 5098/1802/1752
f 5048/1707/1659 5098/1802/1752 5099/1708/1660
f 5099/1708/1660 5098/1802/1752 5149/1803/1753
f 5099/1708/1660 5149/1803/1753 5150/1709/1661
f 5150/1709/1661 5149/1803/1753 5200/1804/1754
f 5150/1709/1661 5200/1804/1754 5201/1710/1662
f 5201/1710/1662 5200/1804/1754 5251/1805/1755
f 5201/1710/1662 5251/1805/1755 5252/1711/1663
f 5252/1711/1663 5251/1805/1755 221/1806/1756
f 5252/1711/1663 221/1806/1756 220/1712/1664
f 220/1712/1664 221/1806/1756 153/1807/732
f 220/1712/1664 153/1807/732 2/766/731
f 21/1713/21 22/1808/23 1212/1714/1665
f 1212/1714/1665 22/1808/23 1262/1809/1757
f 1212/1714/1665 1262/1809/1757 1263/1715/1666
f 1263/1715/1666 1262/1809/1757 1313/1810/1758
f 1263/1715/1666 1313/1810/1758 1314/1716/1667
f 1314/1716/1667 1313/1810/1758 1364/1811/1759
f 1314/1716/1667 1364/1811/1759 1365/1717/1668
f 1365/1717/1668 1364/1811/1759 1415/1812/1760
f 1365/1717/1668 1415/1812/1760 1416/1718/1669
f 1416/1718/1669 1415/1812/1760 1466/1813/1761
f 1416/1718/1669 1466/1813/1761 1467/1719/1670
f 1467/1719/1670 1466/1813/1761 706/1814/1762
f 1467/1719/1670 706/1814/1762 705/1720/1671
f 705/1720/1671 706/1814/1762 718/1815/1763
f 705/1720/1671 718/1815/1763 719/1721/1672
f 719/1721/1672 718/1815/1763 1519/1816/1764
f 719/1721/1672 1519/1816/1764 1520/1722/1673
f 1520/1722/1673 1519/1816/1764 1570/1817/1765
f 1520/1722/1673 1570/1817/1765 1571/1723/1674
f 1571/1723/1674 1570/1817/1765 1621/1818/1766
f 1571/1723/1674 1621/1818/1766 1622/1724/1675
f 1622/1724/1675 1621/1818/1766 1672/1819/1767
f 1622/1724/1675 1672/1819/1767 1673/1725/1676
f 1673/1725/1676 1672/1819/1767 1723/1820/1768
f 1673/1725/1676 1723/1820/1768 1724/1726/1677
f 1724/1726/1677 1723/1820/1768 1774/1821/1769
f 1724/1726/1677 1774/1821/1769 1775/1727/1678
f 1775/1727/1678 1774/1821/1769 1825/1822/1770
f 1775/1727/1678 1825/1822/1770 1826/1728/1679
f 1826/1728/1679 1825/1822/1770 1876/1823/1771
f 1826/1728/1679 1876/1823/1771 1877/1729/1680
f 1877/1729/1680 1876/1823/1771 1927/1824/1772
f 1877/1729/1680 1927/1824/1772 1928/1730/1681
f 1928/1730/1681 1927/1824/1772 1978/1825/1773
f 1928/1730/1681 1978/1825/1773 1979/1731/1682
f 1979/1731/1682 1978/1825/1773 2029/1826/1774
f 1979/1731/1682 2029/1826/1774 2030/1732/1683
f 2030/1732/1683 2029/1826/1774 2080/1827/1775
f 2030/1732/1683 2080/1827/1775 2081/1733/1684
f 2081/1733/1684 2080/1827/1775 2131/1828/1776
f 2081/1733/1684 2131/1828/1776 2132/1734/1685
f 2132/1734/1685 2131/1828/1776 2182/1829/1777
f 2132/1734/1685 2182/1829/1777 2183/1735/1686
f 2183/1735/1686 2182/1829/1777 2233/1830/1778
f 2183/1735/1686 2233/1830/1778 2234/1736/1687
f 2234/1736/1687 2233/1830/1778 589/1831/1779
f 2234/1736/1687 589/1831/1779 588/1737/1688
f 588/1737/1688 589/1831/1779 635/1832/1780
f 588/1737/1688 635/1832/1780 636/1738/1689
f 636/1738/1689 635/1832/1780 2286/1833/1781
f 636/1738/1689 2286/1833/1781 2287/1739/1690
f 2287/1739/1690 2286/1833/1781 2337/1834/1782
f 2287/1739/1690 2337/1834/1782 2338/1740/1691
f 2338/1740/1691 2337/1834/1782 2388/1835/1783
f 2338/1740/1691 2388/1835/1783 2389/1741/1692
f 2389/1741/1692 2388/1835/1783 2439/1836/1784
f 2389/1741/1692 2439/1836/1784 2440/1742/1693
f 2440/1742/1693 2439/1836/1784 2490/1837/1785
f 2440/1742/1693 2490/1837/1785 2491/1743/1694
f 2491/1743/1694 2490/1837/1785 2541/1838/1786
f 2491/1743/1694 2541/1838/1786 2542/1744/1695
f 2542/1744/1695 2541/1838/1786 2592/1839/1787
f 2542/1744/1695 2592/1839/1787 2593/1745/1696
f 2593/1745/1696 2592/1839/1787 2643/1840/1788
f 2593/1745/1696 2643/1840/1788 2644/1746/1697
f 2644/1746/1697 2643/1840/1788 2694/1841/1789
f 2644/1746/1697 2694/1841/1789 2695/1747/1698
f 2695/1747/1698 2694/1841/1789 2745/1842/1790
f 2695/1747/1698 2745/1842/1790 2746/1748/1699
f 2746/1748/1699 2745/1842/1790 2796/1843/1791
f 2746/1748/1699 2796/1843/1791 2797/1749/1700
f 2797/1749/1700 2796/1843/1791 2847/1844/1792
f 2797/1749/1700 2847/1844/1792 2848/1750/1701
f 2848/1750/1701 2847/1844/1792 2898/1845/1793
f 2848/1750/1701 2898/1845/1793 2899/1751/1702
f 2899/1751/1702 2898/1845/1793 2949/1846/1794
f 2899/1751/1702 2949/1846/1794 2950/1752/1703
f 2950/1752/1703 2949/1846/1794 3000/1847/1795
f 2950/1752/1703 3000/1847/1795 3001/1753/1704
f 3001/1753/1704 3000/1847/1795 472/1848/1796
f 3001/1753/1704 472/1848/1796 471/1754/1705
f 471/1754/1705 472/1848/1796 552/1849/1797
f 471/1754/1705 552/1849/1797 553/1755/1706
f 553/1755/1706 552/1849/1797 3053/1850/1798
f 553/1755/1706 3053/1850/1798 3054/1756/1707
f 3054/1756/1707 3053/1850/1798 3104/1851/1799
f 3054/1756/1707 3104/1851/1799 3105/1757/1708
f 3105/1757/1708 3104/1851/1799 3155/1852/1800
f 3105/1757/1708 3155/1852/1800 3156/1758/1709
f 3156/1758/1709 3155/1852/1800 3206/1853/1801
f 3156/1758/1709 3206/1853/1801 3207/1759/1710
f 3207/1759/1710 3206/1853/1801 3257/1854/1802
f 3207/1759/1710 3257/1854/1802 3258/1760/1711
f 3258/1760/1711 3257/1854/1802 3308/1855/1803
f 3258/1760/1711 3308/1855/1803 3309/1761/1712
f 3309/1761/1712 3308/1855/1803 3359/1856/1804
f 3309/1761/1712 3359/1856/1804 3360/1762/1713
f 3360/1762/1713 3359/1856/1804 3410/1857/1805
f 3360/1762/1713 3410/1857/1805 3411/1763/1714
f 3411/1763/1714 3410/1857/1805 3461/1858/1806
f 3411/1763/1714 3461/1858/1806 72/1764/1715
f 72/1764/1715 3461/1858/1806 73/1859/1807
f 72/1765/1715 73/1860/1807 3462/1766/1716
f 3462/1766/1716 73/1860/1807 3512/1861/1808
f 3462/1766/1716 3512/1861/1808 3513/1767/1717
f 3513/1767/1717 3512/1861/1808 3563/1862/1809
f 3513/1767/1717 3563/1862/1809 3564/1768/1718
f 3564/1768/1718 3563/1862/1809 3614/1863/1810
f 3564/1768/1718 3614/1863/1810 3615/1769/1719
f 3615/1769/1719 3614/1863/1810 3665/1864/1811
f 3615/1769/1719 3665/1864/1811 3666/1770/1720
f 3666/1770/1720 3665/1864/1811 3716/1865/1812
f 3666/1770/1720 3716/1865/1812 3717/1771/1721
f 3717/1771/1721 3716/1865/1812 406/1866/1813
f 3717/1771/1721 406/1866/1813 405/1772/1722
f 405/1772/1722 406/1866/1813 418/1867/1814
f 405/1772/1722 418/1867/1814 419/1773/1723
f 419/1773/1723 418/1867/1814 3769/1868/1815
f 419/1773/1723 3769/1868/1815 3770/1774/1724
f 3770/1774/1724 3769/1868/1815 3820/1869/1816
f 3770/1774/1724 3820/1869/1816 3821/1775/1725
f 3821/1775/1725 3820/1869/1816 3871/1870/1817
f 3821/1775/1725 3871/1870/1817 3872/1776/1726
f 3872/1776/1726 3871/1870/1817 3922/1871/1818
f 3872/1776/1726 3922/1871/1818 3923/1777/1727
f 3923/1777/1727 3922/1871/1818 3973/1872/1819
f 3923/1777/1727 3973/1872/1819 3974/1778/1728
f 3974/1778/1728 3973/1872/1819 4024/1873/1820
f 3974/1778/1728 4024/1873/1820 4025/1779/1729
f 4025/1779/1729 4024/1873/1820 4075/1874/1821
f 4025/1779/1729 4075/1874/1821 4076/1780/1730
f 4076/1780/1730 4075/1874/1821 4126/1875/1822
f 4076/1780/1730 4126/1875/1822 4127/1781/1731
f 4127/1781/1731 4126/1875/1822 4177/1876/1823
f 4127/1781/1731 4177/1876/1823 4178/1782/1732
f 4178/1782/1732 4177/1876/1823 4228/1877/1824
f 4178/1782/1732 4228/1877/1824 4229/1783/1733
f 4229/1783/1733 4228/1877/1824 4279/1878/1825
f 4229/1783/1733 4279/1878/1825 4280/1784/1734
f 4280/1784/1734 4279/1878/1825 4330/1879/1826
f 4280/1784/1734 4330/1879/1826 4331/1785/1735
f 4331/1785/1735 4330/1879/1826 4381/1880/1827
f 4331/1785/1735 4381/1880/1827 4382/1786/1736
f 4382/1786/1736 4381/1880/1827 4432/1881/1828
f 4382/1786/1736 4432/1881/1828 4433/1787/1737
f 4433/1787/1737 4432/1881/1828 4483/1882/1829
f 4433/1787/1737 4483/1882/1829 4484/1788/1738
f 4484/1788/1738 4483/1882/1829 289/1883/1830
f 4484/1788/1738 289/1883/1830 288/1789/1739
f 288/1789/1739 289/1883/1830 335/1884/1831
f 288/1789/1739 335/1884/1831 336/1790/1740
f 336/1790/1740 335/1884/1831 4536/1885/1832
f 336/1790/1740 4536/1885/1832 4537/1791/1741
f 4537/1791/1741 4536/1885/1832 4587/1886/1833
f 4537/1791/1741 4587/1886/1833 4588/1792/1742
f 4588/1792/1742 4587/1886/1833 4638/1887/1834
f 4588/1792/1742 4638/1887/1834 4639/1793/1743
f 4639/1793/1743 4638/1887/1834 4689/1888/1835
f 4639/1793/1743 4689/1888/1835 4690/1794/1744
f 4690/1794/1744 4689/1888/1835 4740/1889/1836
f 4690/1794/1744 4740/1889/1836 4741/1795/1745
f 4741/1795/1745 4740/1889/1836 4791/1890/1837
f 4741/1795/1745 4791/1890/1837 4792/1796/1746
f 4792/1796/1746 4791/1890/1837 4842/1891/1838
f 4792/1796/1746 4842/1891/1838 4843/1797/1747
f 4843/1797/1747 4842/1891/1838 4893/1892/1839
f 4843/1797/1747 4893/1892/1839 4894/1798/1748
f 4894/1798/1748 4893/1892/1839 4944/1893/1840
f 4894/1798/1748 4944/1893/1840 4945/1799/1749
f 4945/1799/1749 4944/1893/1840 4995/1894/1841
f 4945/1799/1749 4995/1894/1841 4996/1800/1750
f 4996/1800/1750 4995/1894/1841 5046/1895/1842
f 4996/1800/1750 5046/1895/1842 5047/1801/1751
f 5047/1801/1751 5046/1895/1842 5097/1896/1843
f 5047/1801/1751 5097/1896/1843 5098/1802/1752
f 5098/1802/1752 5097/1896/1843 5148/1897/1844
f 5098/1802/1752 5148/1897/1844 5149/1803/1753
f 5149/1803/1753 5148/1897/1844 5199/1898/1845
f 5149/1803/1753 5199/1898/1845 5200/1804/1754
f 5200/1804/1754 5199/1898/1845 5250/1899/1846
f 5200/1804/1754 5250/1899/1846 5251/1805/1755
f 5251/1805/1755 5250/1899/1846 222/1900/1847
f 5251/1805/1755 222/1900/1847 221/1806/1756
f 221/1806/1756 222/1900/1847 152/1901/734
f 221/1806/1756 152/1901/734 153/1807/732
f 22/1808/23 23/1902/25 1262/1809/1757
f 1262/1809/1757 23/1902/25 1312/1903/1848
f 1262/1809/1757 1312/1903/1848 1313/1810/1758
f 1313/1810/1758 1312/1903/1848 1363/1904/1849
f 1313/1810/1758 1363/1904/1849 1364/1811/1759
f 1364/1811/1759 1363/1904/1849 1414/1905/1850
f 1364/1811/1759 1414/1905/1850 1415/1812/1760
f 1415/1812/1760 1414/1905/1850 1465/1906/1851
f 1415/1812/1760 1465/1906/1851 1466/1813/1761
f 1466/1813/1761 1465/1906/1851 707/1907/1852
f 1466/1813/1761 707/1907/1852 706/1814/1762
f 706/1814/1762 707/1907/1852 717/1908/1853
f 706/1814/1762 717/1908/1853 718/1815/1763
f 718/1815/1763 717/1908/1853 1518/1909/1854
f 718/1815/1763 1518/1909/1854 1519/1816/1764
f 1519/1816/1764 1518/1909/1854 1569/1910/1855
f 1519/1816/1764 1569/1910/1855 1570/1817/1765
f 1570/1817/1765 1569/1910/1855 1620/1911/1856
f 1570/1817/1765 1620/1911/1856 1621/1818/1766
f 1621/1818/1766 1620/1911/1856 1671/1912/1857
f 1621/1818/1766 1671/1912/1857 1672/1819/1767
f 1672/1819/1767 1671/1912/1857 1722/1913/1858
f 1672/1819/1767 1722/1913/1858 1723/1820/1768
f 1723/1820/1768 1722/1913/1858 1773/1914/1859
f 1723/1820/1768 1773/1914/1859 1774/1821/1769
f 1774/1821/1769 1773/1914/1859 1824/1915/1860
f 1774/1821/1769 1824/1915/1860 1825/1822/1770
f 1825/1822/1770 1824/1915/1860 1875/1916/1861
f 1825/1822/1770 1875/1916/1861 1876/1823/1771
f 1876/1823/1771 1875/1916/1861 1926/1917/1862
f 1876/1823/1771 1926/1917/1862 1927/1824/1772
f 1927/1824/1772 1926/1917/1862 1977/1918/1863
f 1927/1824/1772 1977/1918/1863 1978/1825/1773
f 1978/1825/1773 1977/1918/1863 2028/1919/1864
f 1978/1825/1773 2028/1919/1864 2029/1826/1774
f 2029/1826/1774 2028/1919/1864 2079/1920/1865
f 2029/1826/1774 2079/1920/1865 2080/1827/1775
f 2080/1827/1775 2079/1920/1865 2130/1921/1866
f 2080/1827/1775 2130/1921/1866 2131/1828/1776
f 2131/1828/1776 2130/1921/1866 2181/1922/1867
f 2131/1828/1776 2181/1922/1867 2182/1829/1777
f 2182/1829/1777 2181/1922/1867 2232/1923/1868
f 2182/1829/1777 2232/1923/1868 2233/1830/1778
f 2233/1830/1778 2232/1923/1868 590/1924/1869
f 2233/1830/1778 590/1924/1869 589/1831/1779
f 589/1831/1779 590/1924/1869 634/1925/1870
f 589/1831/1779 634/1925/1870 635/1832/1780
f 635/1832/1780 634/1925/1870 2285/1926/1871
f 635/1832/1780 2285/1926/1871 2286/1833/1781
f 2286/1833/1781 2285/1926/1871 2336/1927/1872
f 2286/1833/1781 2336/1927/1872 2337/1834/1782
f 2337/1834/1782 2336/1927/1872 2387/1928/1873
f 2337/1834/1782 2387/1928/1873 2388/1835/1783
f 2388/1835/1783 2387/1928/1873 2438/1929/1874
f 2388/1835/1783 2438/1929/1874 2439/1836/1784
f 2439/1836/1784 2438/1929/1874 2489/1930/1875
f 2439/1836/1784 2489/1930/1875 2490/1837/1785
f 2490/1837/1785 2489/1930/1875 2540/1931/1876
f 2490/1837/1785 2540/1931/1876 2541/1838/1786
f 2541/1838/1786 2540/1931/1876 2591/1932/1877
f 2541/1838/1786 2591/1932/1877 2592/1839/1787
f 2592/1839/1787 2591/1932/1877 2642/1933/1878
f 2592/1839/1787 2642/1933/1878 2643/1840/1788
f 2643/1840/1788 2642/1933/1878 2693/1934/1879
f 2643/1840/1788 2693/1934/1879 2694/1841/1789
f 2694/1841/1789 2693/1934/1879 2744/1935/1880
f 2694/1841/1789 2744/1935/1880 2745/1842/1790
f 2745/1842/1790 2744/1935/1880 2795/1936/1881
f 2745/1842/1790 2795/1936/1881 2796/1843/1791
f 2796/1843/1791 2795/1936/1881 2846/1937/1882
f 2796/1843/1791 2846/1937/1882 2847/1844/1792
f 2847/1844/1792 2846/1937/1882 2897/1938/1883
f 2847/1844/1792 2897/1938/1883 2898/1845/1793
f 2898/1845/1793 2897/1938/1883 2948/1939/1884
f 2898/1845/1793 2948/1939/1884 2949/1846/1794
f 2949/1846/1794 2948/1939/1884 2999/1940/1885
f 2949/1846/1794 2999/1940/1885 3000/1847/1795
f 3000/1847/1795 2999/1940/1885 473/1941/1886
f 3000/1847/1795 473/1941/1886 472/1848/1796
f 472/1848/1796 473/1941/1886 551/1942/1887
f 472/1848/1796 551/1942/1887 552/1849/1797
f 552/1849/1797 551/1942/1887 3052/1943/1888
f 552/1849/1797 3052/1943/1888 3053/1850/1798
f 3053/1850/1798 3052/1943/1888 3103/1944/1889
f 3053/1850/1798 3103/1944/1889 3104/1851/1799
f 3104/1851/1799 3103/1944/1889 3154/1945/1890
f 3104/1851/1799 3154/1945/1890 3155/1852/1800
f 3155/1852/1800 3154/1945/1890 3205/1946/1891
f 3155/1852/1800 3205/1946/1891 3206/1853/1801
f 3206/1853/1801 3205/1946/1891 3256/1947/1892
f 3206/1853/1801 3256/1947/1892 3257/1854/1802
f 3257/1854/1802 3256/1947/1892 3307/1948/1893
f 3257/1854/1802 3307/1948/1893 3308/1855/1803
f 3308/1855/1803 3307/1948/1893 3358/1949/1894
f 3308/1855/1803 3358/1949/1894 3359/1856/1804
f 3359/1856/1804 3358/1949/1894 3409/1950/1895
f 3359/1856/1804 3409/1950/1895 3410/1857/1805
f 3410/1857/1805 3409/1950/1895 3460/1951/1896
f 3410/1857/1805 3460/1951/1896 3461/1858/1806
f 3461/1858/1806 3460/1951/1896 3511/1952/1897
f 3461/1858/1806 3511/1952/1897 73/1859/1807
f 73/1859/1807 3511/1952/1897 74/1953/1898
f 73/1860/1807 74/1954/1898 3512/1861/1808
f 3512/1861/1808 74/1954/1898 3562/1955/1899
f 3512/1861/1808 3562/1955/1899 3563/1862/1809
f 3563/1862/1809 3562/1955/1899 3613/1956/1900
f 3563/1862/1809 3613/1956/1900 3614/1863/1810
f 3614/1863/1810 3613/1956/1900 3664/1957/1901
f 3614/1863/1810 3664/1957/1901 3665/1864/1811
f 3665/1864/1811 3664/1957/1901 3715/1958/1902
f 3665/1864/1811 3715/1958/1902 3716/1865/1812
f 3716/1865/1812 3715/1958/1902 407/1959/1903
f 3716/1865/1812 407/1959/1903 406/1866/1813
f 406/1866/1813 407/1959/1903 417/1960/1904
f 406/1866/1813 417/1960/1904 418/1867/1814
f 418/1867/1814 417/1960/1904 3768/1961/1905
f 418/1867/1814 3768/1961/1905 3769/1868/1815
f 3769/1868/1815 3768/1961/1905 3819/1962/1906
f 3769/1868/1815 3819/1962/1906 3820/1869/1816
f 3820/1869/1816 3819/1962/1906 3870/1963/1907
f 3820/1869/1816 3870/1963/1907 3871/1870/1817
f 3871/1870/1817 3870/1963/1907 3921/1964/1908
f 3871/1870/1817 3921/1964/1908 3922/1871/1818
f 3922/1871/1818 3921/1964/1908 3972/1965/1909
f 3922/1871/1818 3972/1965/1909 3973/1872/1819
f 3973/1872/1819 3972/1965/1909 4023/1966/1910
f 3973/1872/1819 4023/1966/1910 4024/1873/1820
f 4024/1873/1820 4023/1966/1910 4074/1967/1911
f 4024/1873/1820 4074/1967/1911 4075/1874/1821
f 4075/1874/1821 4074/1967/1911 4125/1968/1912
f 4075/1874/1821 4125/1968/1912 4126/1875/1822
f 4126/1875/1822 4125/1968/1912 4176/1969/1913
f 4126/1875/1822 4176/1969/1913 4177/1876/1823
f 4177/1876/1823 4176/1969/1913 4227/1970/1914
f 4177/1876/1823 4227/1970/1914 4228/1877/1824
f 4228/1877/1824 4227/1970/1914 4278/1971/1915
f 4228/1877/1824 4278/1971/1915 4279/1878/1825
f 4279/1878/1825 4278/1971/1915 4329/1972/1916
f 4279/1878/1825 4329/1972/1916 4330/1879/1826
f 4330/1879/1826 4329/1972/1916 4380/1973/1917
f 4330/1879/1826 4380/1973/1917 4381/1880/1827
f 4381/1880/1827 4380/1973/1917 4431/1974/1918
f 4381/1880/1827 4431/1974/1918 4432/1881/1828
f 4432/1881/1828 4431/1974/1918 4482/1975/1919
f 4432/1881/1828 4482/1975/1919 4483/1882/1829
f 4483/1882/1829 4482/1975/1919 290/1976/1920
f 4483/1882/1829 290/1976/1920 289/1883/1830
f 289/1883/1830 290/1976/1920 334/1977/1921
f 289/1883/1830 334/1977/1921 335/1884/1831
f 335/1884/1831 334/1977/1921 4535/1978/1922
f 335/1884/1831 4535/1978/1922 4536/1885/1832
f 4536/1885/1832 4535/1978/1922 4586/1979/1923
f 4536/1885/1832 4586/1979/1923 4587/1886/1833
f 4587/1886/1833 4586/1979/1923 4637/1980/1924
f 4587/1886/1833 4637/1980/1924 4638/1887/1834
f 4638/1887/1834 4637/1980/1924 4688/1981/1925
f 4638/1887/1834 4688/1981/1925 4689/1888/1835
f 4689/1888/1835 4688/1981/1925 4739/1982/1926
f 4689/1888/1835 4739/1982/1926 4740/1889/1836
f 4740/1889/1836 4739/1982/1926 4790/1983/1927
f 4740/1889/1836 4790/1983/1927 4791/1890/1837
f 4791/1890/1837 4790/1983/1927 4841/1984/1928
f 4791/1890/1837 4841/1984/1928 4842/1891/1838
f 4842/1891/1838 4841/1984/1928 4892/1985/1929
f 4842/1891/1838 4892/1985/1929 4893/1892/1839
f 4893/1892/1839 4892/1985/1929 4943/1986/1930
f 4893/1892/1839 4943/1986/1930 4944/1893/1840
f 4944/1893/1840 4943/1986/1930 4994/1987/1931
f 4944/1893/1840 4994/1987/1931 4995/1894/1841
f 4995/1894/1841 4994/1987/1931 5045/1988/1932
f 4995/1894/1841 5045/1988/1932 5046/1895/1842
f 5046/1895/1842 5045/1988/1932 5096/1989/1933
f 5046/1895/1842 5096/1989/1933 5097/1896/1843
f 5097/1896/1843 5096/1989/1933 5147/1990/1934
f 5097/1896/1843 5147/1990/1934 5148/1897/1844
f 5148/1897/1844 5147/1990/1934 5198/1991/1935
f 5148/1897/1844 5198/1991/1935 5199/1898/1845
f 5199/1898/1845 5198/1991/1935 5249/1992/1936
f 5199/1898/1845 5249/1992/1936 5250/1899/1846
f 5250/1899/1846 5249/1992/1936 223/1993/1937
f 5250/1899/1846 223/1993/1937 222/1900/1847
f 222/1900/1847 223/1993/1937 151/1994/736
f 222/1900/1847 151/1994/736 152/1901/734
f 23/1902/25 24/1995/27 1312/1903/1848
f 1312/1903/1848 24/1995/27 1362/1996/1938
f 1312/1903/1848 1362/1996/1938 1363/1904/1849
f 1363/1904/1849 1362/1996/1938 1413/1997/1939
f 1363/1904/1849 1413/1997/1939 1414/1905/1850
f 1414/1905/1850 1413/1997/1939 1464/1998/1940
f 1414/1905/1850 1464/1998/1940 1465/1906/1851
f 1465/1906/1851 1464/1998/1940 708/1999/1941
f 1465/1906/1851 708/1999/1941 707/1907/1852
f 707/1907/1852 708/1999/1941 716/2000/1942
f 707/1907/1852 716/2000/1942 717/1908/1853
f 717/1908/1853 716/2000/1942 1517/2001/1943
f 717/1908/1853 1517/2001/1943 1518/1909/1854
f 1518/1909/1854 1517/2001/1943 1568/2002/1944
f 1518/1909/1854 1568/2002/1944 1569/1910/1855
f 1569/1910/1855 1568/2002/1944 1619/2003/1945
f 1569/1910/1855 1619/2003/1945 1620/1911/1856
f 1620/1911/1856 1619/2003/1945 1670/2004/1946
f 1620/1911/1856 1670/2004/1946 1671/1912/1857
f 1671/1912/1857 1670/2004/1946 1721/2005/1947
f 1671/1912/1857 1721/2005/1947 1722/1913/1858
f 1722/1913/1858 1721/2005/1947 1772/2006/1948
f 1722/1913/1858 1772/2006/1948 1773/1914/1859
f 1773/1914/1859 1772/2006/1948 1823/2007/1949
f 1773/1914/1859 1823/2007/1949 1824/1915/1860
f 1824/1915/1860 1823/2007/1949 1874/2008/1950
f 1824/1915/1860 1874/2008/1950 1875/1916/1861
f 1875/1916/1861 1874/2008/1950 1925/2009/1951
f 1875/1916/1861 1925/2009/1951 1926/1917/1862
f 1926/1917/1862 1925/2009/1951 1976/2010/1952
f 1926/1917/1862 1976/2010/1952 1977/1918/1863
f 1977/1918/1863 1976/2010/1952 2027/2011/1953
f 1977/1918/1863 2027/2011/1953 2028/1919/1864
f 2028/1919/1864 2027/2011/1953 2078/2012/1954
f 2028/1919/1864 2078/2012/1954 2079/1920/1865
f 2079/1920/1865 2078/2012/1954 2129/2013/1955
f 2079/1920/1865 2129/2013/1955 2130/1921/1866
f 2130/1921/1866 2129/2013/1955 2180/2014/1956
f 2130/1921/1866 2180/2014/1956 2181/1922/1867
f 2181/1922/1867 2180/2014/1956 2231/2015/1957
f 2181/1922/1867 2231/2015/1957 2232/1923/1868
f 2232/1923/1868 2231/2015/1957 591/2016/1958
f 2232/1923/1868 591/2016/1958 590/1924/1869
f 590/1924/1869 591/2016/1958 633/2017/1959
f 590/1924/1869 633/2017/1959 634/1925/1870
f 634/1925/1870 633/2017/1959 2284/2018/1960
f 634/1925/1870 2284/2018/1960 2285/1926/1871
f 2285/1926/1871 2284/2018/1960 2335/2019/1961
f 2285/1926/1871 2335/2019/1961 2336/1927/1872
f 2336/1927/1872 2335/2019/1961 2386/2020/1962
f 2336/1927/1872 2386/2020/1962 2387/1928/1873
f 2387/1928/1873 2386/2020/1962 2437/2021/1963
f 2387/1928/1873 2437/2021/1963 2438/1929/1874
f 2438/1929/1874 2437/2021/1963 2488/2022/1964
f 2438/1929/1874 2488/2022/1964 2489/1930/1875
f 2489/1930/1875 2488/2022/1964 2539/2023/1965
f 2489/1930/1875 2539/2023/1965 2540/1931/1876
f 2540/1931/1876 2539/2023/1965 2590/2024/1966
f 2540/1931/1876 2590/2024/1966 2591/1932/1877
f 2591/1932/1877 2590/2024/1966 2641/2025/1967
f 2591/1932/1877 2641/2025/1967 2642/1933/1878
f 2642/1933/1878 2641/2025/1967 2692/2026/1968
f 2642/1933/1878 2692/2026/1968 2693/1934/1879
f 2693/1934/1879 2692/2026/1968 2743/2027/1969
f 2693/1934/1879 2743/2027/1969 2744/1935/1880
f 2744/1935/1880 2743/2027/1969 2794/2028/1970
f 2744/1935/1880 2794/2028/1970 2795/1936/1881
f 2795/1936/1881 2794/2028/1970 2845/2029/1971
f 2795/1936/1881 2845/2029/1971 2846/1937/1882
f 2846/1937/1882 2845/2029/1971 2896/2030/1972
f 2846/1937/1882 2896/2030/1972 2897/1938/1883
f 2897/1938/1883 2896/2030/1972 2947/2031/1973
f 2897/1938/1883 2947/2031/1973 2948/1939/1884
f 2948/1939/1884 2947/2031/1973 2998/2032/1974
f 2948/1939/1884 2998/2032/1974 2999/1940/1885
f 2999/1940/1885 2998/2032/1974 474/2033/1975
f 2999/1940/1885 474/2033/1975 473/1941/1886
f 473/1941/1886 474/2033/1975 550/2034/1976
f 473/1941/1886 550/2034/1976 551/1942/1887
f 551/1942/1887 550/2034/1976 3051/2035/1977
f 551/1942/1887 3051/2035/1977 3052/1943/1888
f 3052/1943/1888 3051/2035/1977 3102/2036/1978
f 3052/1943/1888 3102/2036/1978 3103/1944/1889
f 3103/1944/1889 3102/2036/1978 3153/2037/1979
f 3103/1944/1889 3153/2037/1979 3154/1945/1890
f 3154/1945/1890 3153/2037/1979 3204/2038/1980
f 3154/1945/1890 3204/2038/1980 3205/1946/1891
f 3205/1946/1891 3204/2038/1980 3255/2039/1981
f 3205/1946/1891 3255/2039/1981 3256/1947/1892
f 3256/1947/1892 3255/2039/1981 3306/2040/1982
f 3256/1947/1892 3306/2040/1982 3307/1948/1893
f 3307/1948/1893 3306/2040/1982 3357/2041/1983
f 3307/1948/1893 3357/2041/1983 3358/1949/1894
f 3358/1949/1894 3357/2041/1983 3408/2042/1984
f 3358/1949/1894 3408/2042/1984 3409/1950/1895
f 3409/1950/1895 3408/2042/1984 3459/2043/1985
f 3409/1950/1895 3459/2043/1985 3460/1951/1896
f 3460/1951/1896 3459/2043/1985 3510/2044/1986
f 3460/1951/1896 3510/2044/1986 3511/1952/1897
f 3511/1952/1897 3510/2044/1986 3561/2045/1987
f 3511/1952/1897 3561/2045/1987 74/1953/1898
f 74/1953/1898 3561/2045/1987 75/2046/1988
f 74/1954/1898 75/2047/1988 3562/1955/1899
f 3562/1955/1899 75/2047/1988 3612/2048/1989
f 3562/1955/1899 3612/2048/1989 3613/1956/1900
f 3613/1956/1900 3612/2048/1989 3663/2049/1990
f 3613/1956/1900 3663/2049/1990 3664/1957/1901
f 3664/1957/1901 3663/2049/1990 3714/2050/1991
f 3664/1957/1901 3714/2050/1991 3715/1958/1902
f 3715/1958/1902 3714/2050/1991 408/2051/1992
f 3715/1958/1902 408/2051/1992 407/1959/1903
f 407/1959/1903 408/2051/1992 416/2052/1993
f 407/1959/1903 416/2052/1993 417/1960/1904
f 417/1960/1904 416/2052/1993 3767/2053/1994
f 417/1960/1904 3767/2053/1994 3768/1961/1905
f 3768/1961/1905 3767/2053/1994 3818/2054/1995
f 3768/1961/1905 3818/2054/1995 3819/1962/1906
f 3819/1962/1906 3818/2054/1995 3869/2055/1996
f 3819/1962/1906 3869/2055/1996 3870/1963/1907
f 3870/1963/1907 3869/2055/1996 3920/2056/1997
f 3870/1963/1907 3920/2056/1997 3921/1964/1908
f 3921/1964/1908 3920/2056/1997 3971/2057/1998
f 3921/1964/1908 3971/2057/1998 3972/1965/1909
f 3972/1965/1909 3971/2057/1998 4022/2058/1999
f 3972/1965/1909 4022/2058/1999 4023/1966/1910
f 4023/1966/1910 4022/2058/1999 4073/2059/2000
f 4023/1966/1910 4073/2059/2000 4074/1967/1911
f 4074/1967/1911 4073/2059/2000 4124/2060/2001
f 4074/1967/1911 4124/2060/2001 4125/1968/1912
f 4125/1968/1912 4124/2060/2001 4175/2061/2002
f 4125/1968/1912 4175/2061/2002 4176/1969/1913
f 4176/1969/1913 4175/2061/2002 4226/2062/2003
f 4176/1969/1913 4226/2062/2003 4227/1970/1914
f 4227/1970/1914 4226/2062/2003 4277/2063/2004
f 4227/1970/1914 4277/2063/2004 4278/1971/1915
f 4278/1971/1915 4277/2063/2004 4328/2064/2005
f 4278/1971/1915 4328/2064/2005 4329/1972/1916
f 4329/1972/1916 4328/2064/2005 4379/2065/2006
f 4329/1972/1916 4379/2065/2006 4380/1973/1917
f 4380/1973/1917 4379/2065/2006 4430/2066/2007
f 4380/1973/1917 4430/2066/2007 4431/1974/1918
f 4431/1974/1918 4430/2066/2007 4481/2067/2008
f 4431/1974/1918 4481/2067/2008 4482/1975/1919
f 4482/1975/1919 4481/2067/2008 291/2068/2009
f 4482/1975/1919 291/2068/2009 290/1976/1920
f 290/1976/1920 291/2068/2009 333/2069/2010
f 290/1976/1920 333/2069/2010 334/1977/1921
f 334/1977/1921 333/2069/2010 4534/2070/2011
f 334/1977/1921 4534/2070/2011 4535/1978/1922
f 4535/1978/1922 4534/2070/2011 4585/2071/2012
f 4535/1978/1922 4585/2071/2012 4586/1979/1923
f 4586/1979/1923 4585/2071/2012 4636/2072/2013
f 4586/1979/1923 4636/2072/2013 4637/1980/1924
f 4637/1980/1924 4636/2072/2013 4687/2073/2014
f 4637/1980/1924 4687/2073/2014 4688/1981/1925
f 4688/1981/1925 4687/2073/2014 4738/2074/2015
f 4688/1981/1925 4738/2074/2015 4739/1982/1926
f 4739/1982/1926 4738/2074/2015 4789/2075/2016
f 4739/1982/1926 4789/2075/2016 4790/1983/1927
f 4790/1983/1927 4789/2075/2016 4840/2076/2017
f 4790/1983/1927 4840/2076/2017 4841/1984/1928
f 4841/1984/1928 4840/2076/2017 4891/2077/2018
f 4841/1984/1928 4891/2077/2018 4892/1985/1929
f 4892/1985/1929 4891/2077/2018 4942/2078/2019
f 4892/1985/1929 4942/2078/2019 4943/1986/1930
f 4943/1986/1930 4942/2078/2019 4993/2079/2020
f 4943/1986/1930 4993/2079/2020 4994/1987/1931
f 4994/1987/1931 4993/2079/2020 5044/2080/2021
f 4994/1987/1931 5044/2080/2021 5045/1988/1932
f 5045/1988/1932 5044/2080/2021 5095/2081/2022
f 5045/1988/1932 5095/2081/2022 5096/1989/1933
f 5096/1989/1933 5095/2081/2022 5146/2082/2023
f 5096/1989/1933 5146/2082/2023 5147/1990/1934
f 5147/1990/1934 5146/2082/2023 5197/2083/2024
f 5147/1990/1934 5197/2083/2024 5198/1991/1935
f 5198/1991/1935 5197/2083/2024 5248/2084/2025
f 5198/1991/1935 5248/2084/2025 5249/1992/1936
f 5249/1992/1936 5248/2084/2025 224/2085/2026
f 5249/1992/1936 224/2085/2026 223/1993/1937
f 223/1993/1937 224/2085/2026 150/2086/738
f 223/1993/1937 150/2086/738 151/1994/736
f 24/1995/27 25/2087/29 1362/1996/1938
f 1362/1996/1938 25/2087/29 1412/2088/2027
f 1362/1996/1938 1412/2088/2027 1413/1997/1939
f 1413/1997/1939 1412/2088/2027 1463/2089/2028
f 1413/1997/1939 1463/2089/2028 1464/1998/1940
f 1464/1998/1940 1463/2089/2028 709/2090/2029
f 1464/1998/1940 709/2090/2029 708/1999/1941
f 708/1999/1941 709/2090/2029 715/2091/2030
f 708/1999/1941 715/2091/2030 716/2000/1942
f 716/2000/1942 715/2091/2030 1516/2092/2031
f 716/2000/1942 1516/2092/2031 1517/2001/1943
f 1517/2001/1943 1516/2092/2031 1567/2093/2032
f 1517/2001/1943 1567/2093/2032 1568/2002/1944
f 1568/2002/1944 1567/2093/2032 1618/2094/2033
f 1568/2002/1944 1618/2094/2033 1619/2003/1945
f 1619/2003/1945 1618/2094/2033 1669/2095/2034
f 1619/2003/1945 1669/2095/2034 1670/2004/1946
f 1670/2004/1946 1669/2095/2034 1720/2096/2035
f 1670/2004/1946 1720/2096/2035 1721/2005/1947
f 1721/2005/1947 1720/2096/2035 1771/2097/2036
f 1721/2005/1947 1771/2097/2036 1772/2006/1948
f 1772/2006/1948 1771/2097/2036 1822/2098/2037
f 1772/2006/1948 1822/2098/2037 1823/2007/1949
f 1823/2007/1949 1822/2098/2037 1873/2099/2038
f 1823/2007/1949 1873/2099/2038 1874/2008/1950
f 1874/2008/1950 1873/2099/2038 1924/2100/2039
f 1874/2008/1950 1924/2100/2039 1925/2009/1951
f 1925/2009/1951 1924/2100/2039 1975/2101/2040
f 1925/2009/1951 1975/2101/2040 1976/2010/1952
f 1976/2010/1952 1975/2101/2040 2026/2102/2041
f 1976/2010/1952 2026/2102/2041 2027/2011/1953
f 2027/2011/1953 2026/2102/2041 2077/2103/2042
f 2027/2011/1953 2077/2103/2042 2078/2012/1954
f 2078/2012/1954 2077/2103/2042 2128/2104/2043
f 2078/2012/1954 2128/2104/2043 2129/2013/1955
f 2129/2013/1955 2128/2104/2043 2179/2105/2044
f 2129/2013/1955 2179/2105/2044 2180/2014/1956
f 2180/2014/1956 2179/2105/2044 2230/2106/2045
f 2180/2014/1956 2230/2106/2045 2231/2015/1957
f 2231/2015/1957 2230/2106/2045 592/2107/2046
f 2231/2015/1957 592/2107/2046 591/2016/1958
f 591/2016/1958 592/2107/2046 632/2108/2047
f 591/2016/1958 632/2108/2047 633/2017/1959
f 633/2017/1959 632/2108/2047 2283/2109/2048
f 633/2017/1959 2283/2109/2048 2284/2018/1960
f 2284/2018/1960 2283/2109/2048 2334/2110/2049
f 2284/2018/1960 2334/2110/2049 2335/2019/1961
f 2335/2019/1961 2334/2110/2049 2385/2111/2050
f 2335/2019/1961 2385/2111/2050 2386/2020/1962
f 2386/2020/1962 2385/2111/2050 2436/2112/2051
f 2386/2020/1962 2436/2112/2051 2437/2021/1963
f 2437/2021/1963 2436/2112/2051 2487/2113/2052
f 2437/2021/1963 2487/2113/2052 2488/2022/1964
f 2488/2022/1964 2487/2113/2052 2538/2114/2053
f 2488/2022/1964 2538/2114/2053 2539/2023/1965
f 2539/2023/1965 2538/2114/2053 2589/2115/2054
f 2539/2023/1965 2589/2115/2054 2590/2024/1966
f 2590/2024/1966 2589/2115/2054 2640/2116/2055
f 2590/2024/1966 2640/2116/2055 2641/2025/1967
f 2641/2025/1967 2640/2116/2055 2691/2117/2056
f 2641/2025/1967 2691/2117/2056 2692/2026/1968
f 2692/2026/1968 2691/2117/2056 2742/2118/2057
f 2692/2026/1968 2742/2118/2057 2743/2027/1969
f 2743/2027/1969 2742/2118/2057 2793/2119/2058
f 2743/2027/1969 2793/2119/2058 2794/2028/1970
f 2794/2028/1970 2793/2119/2058 2844/2120/2059
f 2794/2028/1970 2844/2120/2059 2845/2029/1971
f 2845/2029/1971 2844/2120/2059 2895/2121/2060
f 2845/2029/1971 2895/2121/2060 2896/2030/1972
f 2896/2030/1972 2895/2121/2060 2946/2122/2061
f 2896/2030/1972 2946/2122/2061 2947/2031/1973
f 2947/2031/1973 2946/2122/2061 2997/2123/2062
f 2947/2031/1973 2997/2123/2062 2998/2032/1974
f 2998/2032/1974 2997/2123/2062 475/2124/2063
f 2998/2032/1974 475/2124/2063 474/2033/1975
f 474/2033/1975 475/2124/2063 549/2125/2064
f 474/2033/1975 549/2125/2064 550/2034/1976
f 550/2034/1976 549/2125/2064 3050/2126/2065
f 550/2034/1976 3050/2126/2065 3051/2035/1977
f 3051/2035/1977 3050/2126/2065 3101/2127/2066
f 3051/2035/1977 3101/2127/2066 3102/2036/1978
f 3102/2036/1978 3101/2127/2066 3152/2128/2067
f 3102/2036/1978 3152/2128/2067 3153/2037/1979
f 3153/2037/1979 3152/2128/2067 3203/2129/2068
f 3153/2037/1979 3203/2129/2068 3204/2038/1980
f 3204/2038/1980 3203/2129/2068 3254/2130/2069
f 3204/2038/1980 3254/2130/2069 3255/2039/1981
f 3255/2039/1981 3254/2130/2069 3305/2131/2070
f 3255/2039/1981 3305/2131/2070 3306/2040/1982
f 3306/2040/1982 3305/2131/2070 3356/2132/2071
f 3306/2040/1982 3356/2132/2071 3357/2041/1983
f 3357/2041/1983 3356/2132/2071 3407/2133/2072
f 3357/2041/1983 3407/2133/2072 3408/2042/1984
f 3408/2042/1984 3407/2133/2072 3458/2134/2073
f 3408/2042/1984 3458/2134/2073 3459/2043/1985
f 3459/2043/1985 3458/2134/2073 3509/2135/2074
f 3459/2043/1985 3509/2135/2074 3510/2044/1986
f 3510/2044/1986 3509/2135/2074 3560/2136/2075
f 3510/2044/1986 3560/2136/2075 3561/2045/1987
f 3561/2045/1987 3560/2136/2075 3611/2137/2076
f 3561/2045/1987 3611/2137/2076 75/2046/1988
f 75/2046/1988 3611/2137/2076 76/2138/2077
f 75/2047/1988 76/2139/2077 3612/2048/1989
f 3612/2048/1989 76/2139/2077 3662/2140/2078
f 3612/2048/1989 3662/2140/2078 3663/2049/1990
f 3663/2049/1990 3662/2140/2078 3713/2141/2079
f 3663/2049/1990 3713/2141/2079 3714/2050/1991
f 3714/2050/1991 3713/2141/2079 409/2142/2080
f 3714/2050/1991 409/2142/2080 408/2051/1992
f 408/2051/1992 409/2142/2080 415/2143/2081
f 408/2051/1992 415/2143/2081 416/2052/1993
f 416/2052/1993 415/2143/2081 3766/2144/2082
f 416/2052/1993 3766/2144/2082 3767/2053/1994
f 3767/2053/1994 3766/2144/2082 3817/2145/2083
f 3767/2053/1994 3817/2145/2083 3818/2054/1995
f 3818/2054/1995 3817/2145/2083 3868/2146/2084
f 3818/2054/1995 3868/2146/2084 3869/2055/1996
f 3869/2055/1996 3868/2146/2084 3919/2147/2085
f 3869/2055/1996 3919/2147/2085 3920/2056/1997
f 3920/2056/1997 3919/2147/2085 3970/2148/2086
f 3920/2056/1997 3970/2148/2086 3971/2057/1998
f 3971/2057/1998 3970/2148/2086 4021/2149/2087
f 3971/2057/1998 4021/2149/2087 4022/2058/1999
f 4022/2058/1999 4021/2149/2087 4072/2150/2088
f 4022/2058/1999 4072/2150/2088 4073/2059/2000
f 4073/2059/2000 4072/2150/2088 4123/2151/2089
f 4073/2059/2000 4123/2151/2089 4124/2060/2001
f 4124/2060/2001 4123/2151/2089 4174/2152/2090
f 4124/2060/2001 4174/2152/2090 4175/2061/2002
f 4175/2061/2002 4174/2152/2090 4225/2153/2091
f 4175/2061/2002 4225/2153/2091 4226/2062/2003
f 4226/2062/2003 4225/2153/2091 4276/2154/2092
f 4226/2062/2003 4276/2154/2092 4277/2063/2004
f 4277/2063/2004 4276/2154/2092 4327/2155/2093
f 4277/2063/2004 4327/2155/2093 4328/2064/2005
f 4328/2064/2005 4327/2155/2093 4378/2156/2094
f 4328/2064/2005 4378/2156/2094 4379/2065/2006
f 4379/2065/2006 4378/2156/2094 4429/2157/2095
f 4379/2065/2006 4429/2157/2095 4430/2066/2007
f 4430/2066/2007 4429/2157/2095 4480/2158/2096
f 4430/2066/2007 4480/2158/2096 4481/2067/2008
f 4481/2067/2008 4480/2158/2096 292/2159/2097
f 4481/2067/2008 292/2159/2097 291/2068/2009
f 291/2068/2009 292/2159/2097 332/2160/2098
f 291/2068/2009 332/2160/2098 333/2069/2010
f 333/2069/2010 332/2160/2098 4533/2161/2099
f 333/2069/2010 4533/2161/2099 4534/2070/2011
f 4534/2070/2011 4533/2161/2099 4584/2162/2100
f 4534/2070/2011 4584/2162/2100 4585/2071/2012
f 4585/2071/2012 4584/2162/2100 4635/2163/2101
f 4585/2071/2012 4635/2163/2101 4636/2072/2013
f 4636/2072/2013 4635/2163/2101 4686/2164/2102
f 4636/2072/2013 4686/2164/2102 4687/2073/2014
f 4687/2073/2014 4686/2164/2102 4737/2165/2103
f 4687/2073/2014 4737/2165/2103 4738/2074/2015
f 4738/2074/2015 4737/2165/2103 4788/2166/2104
f 4738/2074/2015 4788/2166/2104 4789/2075/2016
f 4789/2075/2016 4788/2166/2104 4839/2167/2105
f 4789/2075/2016 4839/2167/2105 4840/2076/2017
f 4840/2076/2017 4839/2167/2105 4890/2168/2106
f 4840/2076/2017 4890/2168/2106 4891/2077/2018
f 4891/2077/2018 4890/2168/2106 4941/2169/2107
f 4891/2077/2018 4941/2169/2107 4942/2078/2019
f 4942/2078/2019 4941/2169/2107 4992/2170/2108
f 4942/2078/2019 4992/2170/2108 4993/2079/2020
f 4993/2079/2020 4992/2170/2108 5043/2171/2109
f 4993/2079/2020 5043/2171/2109 5044/2080/2021
f 5044/2080/2021 5043/2171/2109 5094/2172/2110
f 5044/2080/2021 5094/2172/2110 5095/2081/2022
f 5095/2081/2022 5094/2172/2110 5145/2173/2111
f 5095/2081/2022 5145/2173/2111 5146/2082/2023
f 5146/2082/2023 5145/2173/2111 5196/2174/2112
f 5146/2082/2023 5196/2174/2112 5197/2083/2024
f 5197/2083/2024 5196/2174/2112 5247/2175/2113
f 5197/2083/2024 5247/2175/2113 5248/2084/2025
f 5248/2084/2025 5247/2175/2113 225/2176/2114
f 5248/2084/2025 225/2176/2114 224/2085/2026
f 224/2085/2026 225/2176/2114 149/2177/740
f 224/2085/2026 149/2177/740 150/2086/738
f 25/2087/29 26/2178/31 1412/2088/2027
f 1412/2088/2027 26/2178/31 1462/2179/2115
f 1412/2088/2027 1462/2179/2115 1463/2089/2028
f 1463/2089/2028 1462/2179/2115 710/2180/2116
f 1463/2089/2028 710/2180/2116 709/2090/2029
f 709/2090/2029 710/2180/2116 714/2181/2117
f 709/2090/2029 714/2181/2117 715/2091/2030
f 715/2091/2030 714/2181/2117 1515/2182/2118
f 715/2091/2030 1515/2182/2118 1516/2092/2031
f 1516/2092/2031 1515/2182/2118 1566/2183/2119
f 1516/2092/2031 1566/2183/2119 1567/2093/2032
f 1567/2093/2032 1566/2183/2119 1617/2184/2120
f 1567/2093/2032 1617/2184/2120 1618/2094/2033
f 1618/2094/2033 1617/2184/2120 1668/2185/2121
f 1618/2094/2033 1668/2185/2121 1669/2095/2034
f 1669/2095/2034 1668/2185/2121 1719/2186/2122
f 1669/2095/2034 1719/2186/2122 1720/2096/2035
f 1720/2096/2035 1719/2186/2122 1770/2187/2123
f 1720/2096/2035 1770/2187/2123 1771/2097/2036
f 1771/2097/2036 1770/2187/2123 1821/2188/2124
f 1771/2097/2036 1821/2188/2124 1822/2098/2037
f 1822/2098/2037 1821/2188/2124 1872/2189/2125
f 1822/2098/2037 1872/2189/2125 1873/2099/2038
f 1873/2099/2038 1872/2189/2125 1923/2190/2126
f 1873/2099/2038 1923/2190/2126 1924/2100/2039
f 1924/2100/2039 1923/2190/2126 1974/2191/2127
f 1924/2100/2039 1974/2191/2127 1975/2101/2040
f 1975/2101/2040 1974/2191/2127 2025/2192/2128
f 1975/2101/2040 2025/2192/2128 2026/2102/2041
f 2026/2102/2041 2025/2192/2128 2076/2193/2129
f 2026/2102/2041 2076/2193/2129 2077/2103/2042
f 2077/2103/2042 2076/2193/2129 2127/2194/2130
f 2077/2103/2042 2127/2194/2130 2128/2104/2043
f 2128/2104/2043 2127/2194/2130 2178/2195/2131
f 2128/2104/2043 2178/2195/2131 2179/2105/2044
f 2179/2105/2044 2178/2195/2131 2229/2196/2132
f 2179/2105/2044 2229/2196/2132 2230/2106/2045
f 2230/2106/2045 2229/2196/2132 593/2197/2133
f 2230/2106/2045 593/2197/2133 592/2107/2046
f 592/2107/2046 593/2197/2133 631/2198/2134
f 592/2107/2046 631/2198/2134 632/2108/2047
f 632/2108/2047 631/2198/2134 2282/2199/2135
f 632/2108/2047 2282/2199/2135 2283/2109/2048
f 2283/2109/2048 2282/2199/2135 2333/2200/2136
f 2283/2109/2048 2333/2200/2136 2334/2110/2049
f 2334/2110/2049 2333/2200/2136 2384/2201/2137
f 2334/2110/2049 2384/2201/2137 2385/2111/2050
f 2385/2111/2050 2384/2201/2137 2435/2202/2138
f 2385/2111/2050 2435/2202/2138 2436/2112/2051
f 2436/2112/2051 2435/2202/2138 2486/2203/2139
f 2436/2112/2051 2486/2203/2139 2487/2113/2052
f 2487/2113/2052 2486/2203/2139 2537/2204/2140
f 2487/2113/2052 2537/2204/2140 2538/2114/2053
f 2538/2114/2053 2537/2204/2140 2588/2205/2141
f 2538/2114/2053 2588/2205/2141 2589/2115/2054
f 2589/2115/2054 2588/2205/2141 2639/2206/2142
f 2589/2115/2054 2639/2206/2142 2640/2116/2055
f 2640/2116/2055 2639/2206/2142 2690/2207/2143
f 2640/2116/2055 2690/2207/2143 2691/2117/2056
f 2691/2117/2056 2690/2207/2143 2741/2208/2144
f 2691/2117/2056 2741/2208/2144 2742/2118/2057
f 2742/2118/2057 2741/2208/2144 2792/2209/2145
f 2742/2118/2057 2792/2209/2145 2793/2119/2058
f 2793/2119/2058 2792/2209/2145 2843/2210/2146
f 2793/2119/2058 2843/2210/2146 2844/2120/2059
f 2844/2120/2059 2843/2210/2146 2894/2211/2147
f 2844/2120/2059 2894/2211/2147 2895/2121/2060
f 2895/2121/2060 2894/2211/2147 2945/2212/2148
f 2895/2121/2060 2945/2212/2148 2946/2122/2061
f 2946/2122/2061 2945/2212/2148 2996/2213/2149
f 2946/2122/2061 2996/2213/2149 2997/2123/2062
f 2997/2123/2062 2996/2213/2149 476/2214/2150
f 2997/2123/2062 476/2214/2150 475/2124/2063
f 475/2124/2063 476/2214/2150 548/2215/2151
f 475/2124/2063 548/2215/2151 549/2125/2064
f 549/2125/2064 548/2215/2151 3049/2216/2152
f 549/2125/2064 3049/2216/2152 3050/2126/2065
f 3050/2126/2065 3049/2216/2152 3100/2217/2153
f 3050/2126/2065 3100/2217/2153 3101/2127/2066
f 3101/2127/2066 3100/2217/2153 3151/2218/2154
f 3101/2127/2066 3151/2218/2154 3152/2128/2067
f 3152/2128/2067 3151/2218/2154 3202/2219/2155
f 3152/2128/2067 3202/2219/2155 3203/2129/2068
f 3203/2129/2068 3202/2219/2155 3253/2220/2156
f 3203/2129/2068 3253/2220/2156 3254/2130/2069
f 3254/2130/2069 3253/2220/2156 3304/2221/2157
f 3254/2130/2069 3304/2221/2157 3305/2131/2070
f 3305/2131/2070 3304/2221/2157 3355/2222/2158
f 3305/2131/2070 3355/2222/2158 3356/2132/2071
f 3356/2132/2071 3355/2222/2158 3406/2223/2159
f 3356/2132/2071 3406/2223/2159 3407/2133/2072
f 3407/2133/2072 3406/2223/2159 3457/2224/2160
f 3407/2133/2072 3457/2224/2160 3458/2134/2073
f 3458/2134/2073 3457/2224/2160 3508/2225/2161
f 3458/2134/2073 3508/2225/2161 3509/2135/2074
f 3509/2135/2074 3508/2225/2161 3559/2226/2162
f 3509/2135/2074 3559/2226/2162 3560/2136/2075
f 3560/2136/2075 3559/2226/2162 3610/2227/2163
f 3560/2136/2075 3610/2227/2163 3611/2137/2076
f 3611/2137/2076 3610/2227/2163 3661/2228/2164
f 3611/2137/2076 3661/2228/2164 76/2138/2077
f 76/2138/2077 3661/2228/2164 77/2229/2165
f 76/2139/2077 77/2230/2165 3662/2140/2078
f 3662/2140/2078 77/2230/2165 3712/2231/2166
f 3662/2140/2078 3712/2231/2166 3713/2141/2079
f 3713/2141/2079 3712/2231/2166 410/2232/2167
f 3713/2141/2079 410/2232/2167 409/2142/2080
f 409/2142/2080 410/2232/2167 414/2233/2168
f 409/2142/2080 414/2233/2168 415/2143/2081
f 415/2143/2081 414/2233/2168 3765/2234/2169
f 415/2143/2081 3765/2234/2169 3766/2144/2082
f 3766/2144/2082 3765/2234/2169 3816/2235/2170
f 3766/2144/2082 3816/2235/2170 3817/2145/2083
f 3817/2145/2083 3816/2235/2170 3867/2236/2171
f 3817/2145/2083 3867/2236/2171 3868/2146/2084
f 3868/2146/2084 3867/2236/2171 3918/2237/2172
f 3868/2146/2084 3918/2237/2172 3919/2147/2085
f 3919/2147/2085 3918/2237/2172 3969/2238/2173
f 3919/2147/2085 3969/2238/2173 3970/2148/2086
f 3970/2148/2086 3969/2238/2173 4020/2239/2174
f 3970/2148/2086 4020/2239/2174 4021/2149/2087
f 4021/2149/2087 4020/2239/2174 4071/2240/2175
f 4021/2149/2087 4071/2240/2175 4072/2150/2088
f 4072/2150/2088 4071/2240/2175 4122/2241/2176
f 4072/2150/2088 4122/2241/2176 4123/2151/2089
f 4123/2151/2089 4122/2241/2176 4173/2242/2177
f 4123/2151/2089 4173/2242/2177 4174/2152/2090
f 4174/2152/2090 4173/2242/2177 4224/2243/2178
f 4174/2152/2090 4224/2243/2178 4225/2153/2091
f 4225/2153/2091 4224/2243/2178 4275/2244/2179
f 4225/2153/2091 4275/2244/2179 4276/2154/2092
f 4276/2154/2092 4275/2244/2179 4326/2245/2180
f 4276/2154/2092 4326/2245/2180 4327/2155/2093
f 4327/2155/2093 4326/2245/2180 4377/2246/2181
f 4327/2155/2093 4377/2246/2181 4378/2156/2094
f 4378/2156/2094 4377/2246/2181 4428/2247/2182
f 4378/2156/2094 4428/2247/2182 4429/2157/2095
f 4429/2157/2095 4428/2247/2182 4479/2248/2183
f 4429/2157/2095 4479/2248/2183 4480/2158/2096
f 4480/2158/2096 4479/2248/2183 293/2249/2184
f 4480/2158/2096 293/2249/2184 292/2159/2097
f 292/2159/2097 293/2249/2184 331/2250/2185
f 292/2159/2097 331/2250/2185 332/2160/2098
f 332/2160/2098 331/2250/2185 4532/2251/2186
f 332/2160/2098 4532/2251/2186 4533/2161/2099
f 4533/2161/2099 4532/2251/2186 4583/2252/2187
f 4533/2161/2099 4583/2252/2187 4584/2162/2100
f 4584/2162/2100 4583/2252/2187 4634/2253/2188
f 4584/2162/2100 4634/2253/2188 4635/2163/2101
f 4635/2163/2101 4634/2253/2188 4685/2254/2189
f 4635/2163/2101 4685/2254/2189 4686/2164/2102
f 4686/2164/2102 4685/2254/2189 4736/2255/2190
f 4686/2164/2102 4736/2255/2190 4737/2165/2103
f 4737/2165/2103 4736/2255/2190 4787/2256/2191
f 4737/2165/2103 4787/2256/2191 4788/2166/2104
f 4788/2166/2104 4787/2256/2191 4838/2257/2192
f 4788/2166/2104 4838/2257/2192 4839/2167/2105
f 4839/2167/2105 4838/2257/2192 4889/2258/2193
f 4839/2167/2105 4889/2258/2193 4890/2168/2106
f 4890/2168/2106 4889/2258/2193 4940/2259/2194
f 4890/2168/2106 4940/2259/2194 4941/2169/2107
f 4941/2169/2107 4940/2259/2194 4991/2260/2195
f 4941/2169/2107 4991/2260/2195 4992/2170/2108
f 4992/2170/2108 4991/2260/2195 5042/2261/2196
f 4992/2170/2108 5042/2261/2196 5043/2171/2109
f 5043/2171/2109 5042/2261/2196 5093/2262/2197
f 5043/2171/2109 5093/2262/2197 5094/2172/2110
f 5094/2172/2110 5093/2262/2197 5144/2263/2198
f 5094/2172/2110 5144/2263/2198 5145/2173/2111
f 5145/2173/2111 5144/2263/2198 5195/2264/2199
f 5145/2173/2111 5195/2264/2199 5196/2174/2112
f 5196/2174/2112 5195/2264/2199 5246/2265/2200
f 5196/2174/2112 5246/2265/2200 5247/2175/2113
f 5247/2175/2113 5246/2265/2200 226/2266/2201
f 5247/2175/2113 226/2266/2201 225/2176/2114
f 225/2176/2114 226/2266/2201 148/2267/742
f 225/2176/2114 148/2267/742 149/2177/740
f 26/2178/31 27/2268/33 1462/2179/2115
f 1462/2179/2115 27/2268/33 711/2269/2202
f 1462/2179/2115 711/2269/2202 710/2180/2116
f 710/2180/2116 711/2269/2202 713/2270/2203
f 710/2180/2116 713/2270/2203 714/2181/2117
f 714/2181/2117 713/2270/2203 1514/2271/2204
f 714/2181/2117 1514/2271/2204 1515/2182/2118
f 1515/2182/2118 1514/2271/2204 1565/2272/2205
f 1515/2182/2118 1565/2272/2205 1566/2183/2119
f 1566/2183/2119 1565/2272/2205 1616/2273/2206
f 1566/2183/2119 1616/2273/2206 1617/2184/2120
f 1617/2184/2120 1616/2273/2206 1667/2274/2207
f 1617/2184/2120 1667/2274/2207 1668/2185/2121
f 1668/2185/2121 1667/2274/2207 1718/2275/2208
f 1668/2185/2121 1718/2275/2208 1719/2186/2122
f 1719/2186/2122 1718/2275/2208 1769/2276/2209
f 1719/2186/2122 1769/2276/2209 1770/2187/2123
f 1770/2187/2123 1769/2276/2209 1820/2277/2210
f 1770/2187/2123 1820/2277/2210 1821/2188/2124
f 1821/2188/2124 1820/2277/2210 1871/2278/2211
f 1821/2188/2124 1871/2278/2211 1872/2189/2125
f 1872/2189/2125 1871/2278/2211 1922/2279/2212
f 1872/2189/2125 1922/2279/2212 1923/2190/2126
f 1923/2190/2126 1922/2279/2212 1973/2280/2213
f 1923/2190/2126 1973/2280/2213 1974/2191/2127
f 1974/2191/2127 1973/2280/2213 2024/2281/2214
f 1974/2191/2127 2024/2281/2214 2025/2192/2128
f 2025/2192/2128 2024/2281/2214 2075/2282/2215
f 2025/2192/2128 2075/2282/2215 2076/2193/2129
f 2076/2193/2129 2075/2282/2215 2126/2283/2216
f 2076/2193/2129 2126/2283/2216 2127/2194/2130
f 2127/2194/2130 2126/2283/2216 2177/2284/2217
f 2127/2194/2130 2177/2284/2217 2178/2195/2131
f 2178/2195/2131 2177/2284/2217 2228/2285/2218
f 2178/2195/2131 2228/2285/2218 2229/2196/2132
f 2229/2196/2132 2228/2285/2218 594/2286/2219
f 2229/2196/2132 594/2286/2219 593/2197/2133
f 593/2197/2133 594/2286/2219 630/2287/2220
f 593/2197/2133 630/2287/2220 631/2198/2134
f 631/2198/2134 630/2287/2220 2281/2288/2221
f 631/2198/2134 2281/2288/2221 2282/2199/2135
f 2282/2199/2135 2281/2288/2221 2332/2289/2222
f 2282/2199/2135 2332/2289/2222 2333/2200/2136
f 2333/2200/2136 2332/2289/2222 2383/2290/2223
f 2333/2200/2136 2383/2290/2223 2384/2201/2137
f 2384/2201/2137 2383/2290/2223 2434/2291/2224
f 2384/2201/2137 2434/2291/2224 2435/2202/2138
f 2435/2202/2138 2434/2291/2224 2485/2292/2225
f 2435/2202/2138 2485/2292/2225 2486/2203/2139
f 2486/2203/2139 2485/2292/2225 2536/2293/2226
f 2486/2203/2139 2536/2293/2226 2537/2204/2140
f 2537/2204/2140 2536/2293/2226 2587/2294/2227
f 2537/2204/2140 2587/2294/2227 2588/2205/2141
f 2588/2205/2141 2587/2294/2227 2638/2295/2228
f 2588/2205/2141 2638/2295/2228 2639/2206/2142
f 2639/2206/2142 2638/2295/2228 2689/2296/2229
f 2639/2206/2142 2689/2296/2229 2690/2207/2143
f 2690/2207/2143 2689/2296/2229 2740/2297/2230
f 2690/2207/2143 2740/2297/2230 2741/2208/2144
f 2741/2208/2144 2740/2297/2230 2791/2298/2231
f 2741/2208/2144 2791/2298/2231 2792/2209/2145
f 2792/2209/2145 2791/2298/2231 2842/2299/2232
f 2792/2209/2145 2842/2299/2232 2843/2210/2146
f 2843/2210/2146 2842/2299/2232 2893/2300/2233
f 2843/2210/2146 2893/2300/2233 2894/2211/2147
f 2894/2211/2147 2893/2300/2233 2944/2301/2234
f 2894/2211/2147 2944/2301/2234 2945/2212/2148
f 2945/2212/2148 2944/2301/2234 2995/2302/2235
f 2945/2212/2148 2995/2302/2235 2996/2213/2149
f 2996/2213/2149 2995/2302/2235 477/2303/2236
f 2996/2213/2149 477/2303/2236 476/2214/2150
f 476/2214/2150 477/2303/2236 547/2304/2237
f 476/2214/2150 547/2304/2237 548/2215/2151
f 548/2215/2151 547/2304/2237 3048/2305/2238
f 548/2215/2151 3048/2305/2238 3049/2216/2152
f 3049/2216/2152 3048/2305/2238 3099/2306/2239
f 3049/2216/2152 3099/2306/2239 3100/2217/2153
f 3100/2217/2153 3099/2306/2239 3150/2307/2240
f 3100/2217/2153 3150/2307/2240 3151/2218/2154
f 3151/2218/2154 3150/2307/2240 3201/2308/2241
f 3151/2218/2154 3201/2308/2241 3202/2219/2155
f 3202/2219/2155 3201/2308/2241 3252/2309/2242
f 3202/2219/2155 3252/2309/2242 3253/2220/2156
f 3253/2220/2156 3252/2309/2242 3303/2310/2243
f 3253/2220/2156 3303/2310/2243 3304/2221/2157
f 3304/2221/2157 3303/2310/2243 3354/2311/2244
f 3304/2221/2157 3354/2311/2244 3355/2222/2158
f 3355/2222/2158 3354/2311/2244 3405/2312/2245
f 3355/2222/2158 3405/2312/2245 3406/2223/2159
f 3406/2223/2159 3405/2312/2245 3456/2313/2246
f 3406/2223/2159 3456/2313/2246 3457/2224/2160
f 3457/2224/2160 3456/2313/2246 3507/2314/2247
f 3457/2224/2160 3507/2314/2247 3508/2225/2161
f 3508/2225/2161 3507/2314/2247 3558/2315/2248
f 3508/2225/2161 3558/2315/2248 3559/2226/2162
f 3559/2226/2162 3558/2315/2248 3609/2316/2249
f 3559/2226/2162 3609/2316/2249 3610/2227/2163
f 3610/2227/2163 3609/2316/2249 3660/2317/2250
f 3610/2227/2163 3660/2317/2250 3661/2228/2164
f 3661/2228/2164 3660/2317/2250 3711/2318/2251
f 3661/2228/2164 3711/2318/2251 77/2229/2165
f 77/2229/2165 3711/2318/2251 78/2319/2252
f 77/2230/2165 78/2320/2252 3712/2231/2166
f 3712/2231/2166 78/2320/2252 411/2321/2253
f 3712/2231/2166 411/2321/2253 410/2232/2167
f 410/2232/2167 411/2321/2253 413/2322/2254
f 410/2232/2167 413/2322/2254 414/2233/2168
f 414/2233/2168 413/2322/2254 3764/2323/2255
f 414/2233/2168 3764/2323/2255 3765/2234/2169
f 3765/2234/2169 3764/2323/2255 3815/2324/2256
f 3765/2234/2169 3815/2324/2256 3816/2235/2170
f 3816/2235/2170 3815/2324/2256 3866/2325/2257
f 3816/2235/2170 3866/2325/2257 3867/2236/2171
f 3867/2236/2171 3866/2325/2257 3917/2326/2258
f 3867/2236/2171 3917/2326/2258 3918/2237/2172
f 3918/2237/2172 3917/2326/2258 3968/2327/2259
f 3918/2237/2172 3968/2327/2259 3969/2238/2173
f 3969/2238/2173 3968/2327/2259 4019/2328/2260
f 3969/2238/2173 4019/2328/2260 4020/2239/2174
f 4020/2239/2174 4019/2328/2260 4070/2329/2261
f 4020/2239/2174 4070/2329/2261 4071/2240/2175
f 4071/2240/2175 4070/2329/2261 4121/2330/2262
f 4071/2240/2175 4121/2330/2262 4122/2241/2176
f 4122/2241/2176 4121/2330/2262 4172/2331/2263
f 4122/2241/2176 4172/2331/2263 4173/2242/2177
f 4173/2242/2177 4172/2331/2263 4223/2332/2264
f 4173/2242/2177 4223/2332/2264 4224/2243/2178
f 4224/2243/2178 4223/2332/2264 4274/2333/2265
f 4224/2243/2178 4274/2333/2265 4275/2244/2179
f 4275/2244/2179 4274/2333/2265 4325/2334/2266
f 4275/2244/2179 4325/2334/2266 4326/2245/2180
f 4326/2245/2180 4325/2334/2266 4376/2335/2267
f 4326/2245/2180 4376/2335/2267 4377/2246/2181
f 4377/2246/2181 4376/2335/2267 4427/2336/2268
f 4377/2246/2181 4427/2336/2268 4428/2247/2182
f 4428/2247/2182 4427/2336/2268 4478/2337/2269
f 4428/2247/2182 4478/2337/2269 4479/2248/2183
f 4479/2248/2183 4478/2337/2269 294/2338/2270
f 4479/2248/2183 294/2338/2270 293/2249/2184
f 293/2249/2184 294/2338/2270 330/2339/2271
f 293/2249/2184 330/2339/2271 331/2250/2185
f 331/2250/2185 330/2339/2271 4531/2340/2272
f 331/2250/2185 4531/2340/2272 4532/2251/2186
f 4532/2251/2186 4531/2340/2272 4582/2341/2273
f 4532/2251/2186 4582/2341/2273 4583/2252/2187
f 4583/2252/2187 4582/2341/2273 4633/2342/2274
f 4583/2252/2187 4633/2342/2274 4634/2253/2188
f 4634/2253/2188 4633/2342/2274 4684/2343/2275
f 4634/2253/2188 4684/2343/2275 4685/2254/2189
f 4685/2254/2189 4684/2343/2275 4735/2344/2276
f 4685/2254/2189 4735/2344/2276 4736/2255/2190
f 4736/2255/2190 4735/2344/2276 4786/2345/2277
f 4736/2255/2190 4786/2345/2277 4787/2256/2191
f 4787/2256/2191 4786/2345/2277 4837/2346/2278
f 4787/2256/2191 4837/2346/2278 4838/2257/2192
f 4838/2257/2192 4837/2346/2278 4888/2347/2279
f 4838/2257/2192 4888/2347/2279 4889/2258/2193
f 4889/2258/2193 4888/2347/2279 4939/2348/2280
f 4889/2258/2193 4939/2348/2280 4940/2259/2194
f 4940/2259/2194 4939/2348/2280 4990/2349/2281
f 4940/2259/2194 4990/2349/2281 4991/2260/2195
f 4991/2260/2195 4990/2349/2281 5041/2350/2282
f 4991/2260/2195 5041/2350/2282 5042/2261/2196
f 5042/2261/2196 5041/2350/2282 5092/2351/2283
f 5042/2261/2196 5092/2351/2283 5093/2262/2197
f 5093/2262/2197 5092/2351/2283 5143/2352/2284
f 5093/2262/2197 5143/2352/2284 5144/2263/2198
f 5144/2263/2198 5143/2352/2284 5194/2353/2285
f 5144/2263/2198 5194/2353/2285 5195/2264/2199
f 5195/2264/2199 5194/2353/2285 5245/2354/2286
f 5195/2264/2199 5245/2354/2286 5246/2265/2200
f 5246/2265/2200 5245/2354/2286 227/2355/2287
f 5246/2265/2200 227/2355/2287 226/2266/2201
f 226/2266/2201 227/2355/2287 147/2356/744
f 226/2266/2201 147/2356/744 148/2267/742
f 27/2268/33 28/982/35 711/2269/2202
f 711/2269/2202 28/982/35 712/961/932
f 711/2269/2202 712/961/932 713/2270/2203
f 713/2270/2203 712/961/932 1513/960/931
f 713/2270/2203 1513/960/931 1514/2271/2204
f 1514/2271/2204 1513/960/931 1564/959/930
f 1514/2271/2204 1564/959/930 1565/2272/2205
f 1565/2272/2205 1564/959/930 1615/958/929
f 1565/2272/2205 1615/958/929 1616/2273/2206
f 1616/2273/2206 1615/958/929 1666/957/928
f 1616/2273/2206 1666/957/928 1667/2274/2207
f 1667/2274/2207 1666/957/928 1717/956/927
f 1667/2274/2207 1717/956/927 1718/2275/2208
f 1718/2275/2208 1717/956/927 1768/955/926
f 1718/2275/2208 1768/955/926 1769/2276/2209
f 1769/2276/2209 1768/955/926 1819/954/925
f 1769/2276/2209 1819/954/925 1820/2277/2210
f 1820/2277/2210 1819/954/925 1870/953/924
f 1820/2277/2210 1870/953/924 1871/2278/2211
f 1871/2278/2211 1870/953/924 1921/952/923
f 1871/2278/2211 1921/952/923 1922/2279/2212
f 1922/2279/2212 1921/952/923 1972/951/922
f 1922/2279/2212 1972/951/922 1973/2280/2213
f 1973/2280/2213 1972/951/922 2023/950/921
f 1973/2280/2213 2023/950/921 2024/2281/2214
f 2024/2281/2214 2023/950/921 2074/949/920
f 2024/2281/2214 2074/949/920 2075/2282/2215
f 2075/2282/2215 2074/949/920 2125/948/919
f 2075/2282/2215 2125/948/919 2126/2283/2216
f 2126/2283/2216 2125/948/919 2176/947/918
f 2126/2283/2216 2176/947/918 2177/2284/2217
f 2177/2284/2217 2176/947/918 2227/946/917
f 2177/2284/2217 2227/946/917 2228/2285/2218
f 2228/2285/2218 2227/946/917 595/945/916
f 2228/2285/2218 595/945/916 594/2286/2219
f 594/2286/2219 595/945/916 629/944/915
f 594/2286/2219 629/944/915 630/2287/2220
f 630/2287/2220 629/944/915 2280/943/914
f 630/2287/2220 2280/943/914 2281/2288/2221
f 2281/2288/2221 2280/943/914 2331/942/913
f 2281/2288/2221 2331/942/913 2332/2289/2222
f 2332/2289/2222 2331/942/913 2382/941/912
f 2332/2289/2222 2382/941/912 2383/2290/2223
f 2383/2290/2223 2382/941/912 2433/940/911
f 2383/2290/2223 2433/940/911 2434/2291/2224
f 2434/2291/2224 2433/940/911 2484/939/910
f 2434/2291/2224 2484/939/910 2485/2292/2225
f 2485/2292/2225 2484/939/910 2535/938/909
f 2485/2292/2225 2535/938/909 2536/2293/2226
f 2536/2293/2226 2535/938/909 2586/937/908
f 2536/2293/2226 2586/937/908 2587/2294/2227
f 2587/2294/2227 2586/937/908 2637/936/907
f 2587/2294/2227 2637/936/907 2638/2295/2228
f 2638/2295/2228 2637/936/907 2688/935/906
f 2638/2295/2228 2688/935/906 2689/2296/2229
f 2689/2296/2229 2688/935/906 2739/934/905
f 2689/2296/2229 2739/934/905 2740/2297/2230
f 2740/2297/2230 2739/934/905 2790/933/904
f 2740/2297/2230 2790/933/904 2791/2298/2231
f 2791/2298/2231 2790/933/904 2841/932/903
f 2791/2298/2231 2841/932/903 2842/2299/2232
f 2842/2299/2232 2841/932/903 2892/931/902
f 2842/2299/2232 2892/931/902 2893/2300/2233
f 2893/2300/2233 2892/931/902 2943/930/901
f 2893/2300/2233 2943/930/901 2944/2301/2234
f 2944/2301/2234 2943/930/901 2994/929/900
f 2944/2301/2234 2994/929/900 2995/2302/2235
f 2995/2302/2235 2994/929/900 478/928/899
f 2995/2302/2235 478/928/899 477/2303/2236
f 477/2303/2236 478/928/899 546/927/898
f 477/2303/2236 546/927/898 547/2304/2237
f 547/2304/2237 546/927/898 3047/926/897
f 547/2304/2237 3047/926/897 3048/2305/2238
f 3048/2305/2238 3047/926/897 3098/925/896
f 3048/2305/2238 3098/925/896 3099/2306/2239
f 3099/2306/2239 3098/925/896 3149/924/895
f 3099/2306/2239 3149/924/895 3150/2307/2240
f 3150/2307/2240 3149/924/895 3200/923/894
f 3150/2307/2240 3200/923/894 3201/2308/2241
f 3201/2308/2241 3200/923/894 3251/922/893
f 3201/2308/2241 3251/922/893 3252/2309/2242
f 3252/2309/2242 3251/922/893 3302/921/892
f 3252/2309/2242 3302/921/892 3303/2310/2243
f 3303/2310/2243 3302/921/892 3353/920/891
f 3303/2310/2243 3353/920/891 3354/2311/2244
f 3354/2311/2244 3353/920/891 3404/919/890
f 3354/2311/2244 3404/919/890 3405/2312/2245
f 3405/2312/2245 3404/919/890 3455/918/889
f 3405/2312/2245 3455/918/889 3456/2313/2246
f 3456/2313/2246 3455/918/889 3506/917/888
f 3456/2313/2246 3506/917/888 3507/2314/2247
f 3507/2314/2247 3506/917/888 3557/916/887
f 3507/2314/2247 3557/916/887 3558/2315/2248
f 3558/2315/2248 3557/916/887 3608/915/886
f 3558/2315/2248 3608/915/886 3609/2316/2249
f 3609/2316/2249 3608/915/886 3659/914/885
f 3609/2316/2249 3659/914/885 3660/2317/2250
f 3660/2317/2250 3659/914/885 3710/913/884
f 3660/2317/2250 3710/913/884 3711/2318/2251
f 3711/2318/2251 3710/913/884 3761/912/883
f 3711/2318/2251 3761/912/883 78/2319/2252
f 78/2319/2252 3761/912/883 79/911/882
f 78/2320/2252 79/963/882 411/2321/2253
f 411/2321/2253 79/963/882 412/147/143
f 411/2321/2253 412/147/143 413/2322/2254
f 413/2322/2254 412/147/143 3763/149/145
f 413/2322/2254 3763/149/145 3764/2323/2255
f 3764/2323/2255 3763/149/145 3814/151/147
f 3764/2323/2255 3814/151/147 3815/2324/2256
f 3815/2324/2256 3814/151/147 3865/153/149
f 3815/2324/2256 3865/153/149 3866/2325/2257
f 3866/2325/2257 3865/153/149 3916/155/151
f 3866/2325/2257 3916/155/151 3917/2326/2258
f 3917/2326/2258 3916/155/151 3967/157/153
f 3917/2326/2258 3967/157/153 3968/2327/2259
f 3968/2327/2259 3967/157/153 4018/159/155
f 3968/2327/2259 4018/159/155 4019/2328/2260
f 4019/2328/2260 4018/159/155 4069/161/157
f 4019/2328/2260 4069/161/157 4070/2329/2261
f 4070/2329/2261 4069/161/157 4120/163/159
f 4070/2329/2261 4120/163/159 4121/2330/2262
f 4121/2330/2262 4120/163/159 4171/165/161
f 4121/2330/2262 4171/165/161 4172/2331/2263
f 4172/2331/2263 4171/165/161 4222/167/163
f 4172/2331/2263 4222/167/163 4223/2332/2264
f 4223/2332/2264 4222/167/163 4273/169/165
f 4223/2332/2264 4273/169/165 4274/2333/2265
f 4274/2333/2265 4273/169/165 4324/171/167
f 4274/2333/2265 4324/171/167 4325/2334/2266
f 4325/2334/2266 4324/171/167 4375/173/169
f 4325/2334/2266 4375/173/169 4376/2335/2267
f 4376/2335/2267 4375/173/169 4426/175/171
f 4376/2335/2267 4426/175/171 4427/2336/2268
f 4427/2336/2268 4426/175/171 4477/177/173
f 4427/2336/2268 4477/177/173 4478/2337/2269
f 4478/2337/2269 4477/177/173 295/179/175
f 4478/2337/2269 295/179/175 294/2338/2270
f 294/2338/2270 295/179/175 329/181/177
f 294/2338/2270 329/181/177 330/2339/2271
f 330/2339/2271 329/181/177 4530/183/179
f 330/2339/2271 4530/183/179 4531/2340/2272
f 4531/2340/2272 4530/183/179 4581/185/181
f 4531/2340/2272 4581/185/181 4582/2341/2273
f 4582/2341/2273 4581/185/181 4632/187/183
f 4582/2341/2273 4632/187/183 4633/2342/2274
f 4633/2342/2274 4632/187/183 4683/189/185
f 4633/2342/2274 4683/189/185 4684/2343/2275
f 4684/2343/2275 4683/189/185 4734/191/187
f 4684/2343/2275 4734/191/187 4735/2344/2276
f 4735/2344/2276 4734/191/187 4785/193/189
f 4735/2344/2276 4785/193/189 4786/2345/2277
f 4786/2345/2277 4785/193/189 4836/195/191
f 4786/2345/2277 4836/195/191 4837/2346/2278
f 4837/2346/2278 4836/195/191 4887/197/193
f 4837/2346/2278 4887/197/193 4888/2347/2279
f 4888/2347/2279 4887/197/193 4938/199/195
f 4888/2347/2279 4938/199/195 4939/2348/2280
f 4939/2348/2280 4938/199/195 4989/201/197
f 4939/2348/2280 4989/201/197 4990/2349/2281
f 4990/2349/2281 4989/201/197 5040/203/199
f 4990/2349/2281 5040/203/199 5041/2350/2282
f 5041/2350/2282 5040/203/199 5091/205/201
f 5041/2350/2282 5091/205/201 5092/2351/2283
f 5092/2351/2283 5091/205/201 5142/207/203
f 5092/2351/2283 5142/207/203 5143/2352/2284
f 5143/2352/2284 5142/207/203 5193/209/205
f 5143/2352/2284 5193/209/205 5194/2353/2285
f 5194/2353/2285 5193/209/205 5244/211/207
f 5194/2353/2285 5244/211/207 5245/2354/2286
f 5245/2354/2286 5244/211/207 228/213/209
f 5245/2354/2286 228/213/209 227/2355/2287
f 227/2355/2287 228/213/209 146/215/211
f 227/2355/2287 146/215/211 147/2356/744
f 30/42/40 31/2357/2288 1562/44/42
f 1562/44/42 31/2357/2288 1612/2358/2289
f 1562/44/42 1612/2358/2289 1613/46/44
f 1613/46/44 1612/2358/2289 1663/2359/2290
f 1613/46/44 1663/2359/2290 1664/48/46
f 1664/48/46 1663/2359/2290 1714/2360/2291
f 1664/48/46 1714/2360/2291 1715/50/48
f 1715/50/48 1714/2360/2291 1765/2361/2292
f 1715/50/48 1765/2361/2292 1766/52/50
f 1766/52/50 1765/2361/2292 1816/2362/2293
f 1766/52/50 1816/2362/2293 1817/54/52
f 1817/54/52 1816/2362/2293 1867/2363/2294
f 1817/54/52 1867/2363/2294 1868/56/54
f 1868/56/54 1867/2363/2294 1918/2364/2295
f 1868/56/54 1918/2364/2295 1919/58/56
f 1919/58/56 1918/2364/2295 1969/2365/2296
f 1919/58/56 1969/2365/2296 1970/60/58
f 1970/60/58 1969/2365/2296 2020/2366/2297
f 1970/60/58 2020/2366/2297 2021/62/60
f 2021/62/60 2020/2366/2297 2071/2367/2298
f 2021/62/60 2071/2367/2298 2072/64/62
f 2072/64/62 2071/2367/2298 2122/2368/2299
f 2072/64/62 2122/2368/2299 2123/66/64
f 2123/66/64 2122/2368/2299 2173/2369/2300
f 2123/66/64 2173/2369/2300 2174/68/66
f 2174/68/66 2173/2369/2300 2224/2370/2301
f 2174/68/66 2224/2370/2301 2225/70/68
f 2225/70/68 2224/2370/2301 598/2371/2302
f 2225/70/68 598/2371/2302 597/72/70
f 597/72/70 598/2371/2302 626/2372/2303
f 597/72/70 626/2372/2303 627/74/72
f 627/74/72 626/2372/2303 2277/2373/2304
f 627/74/72 2277/2373/2304 2278/76/74
f 2278/76/74 2277/2373/2304 2328/2374/2305
f 2278/76/74 2328/2374/2305 2329/78/76
f 2329/78/76 2328/2374/2305 2379/2375/2306
f 2329/78/76 2379/2375/2306 2380/80/78
f 2380/80/78 2379/2375/2306 2430/2376/2307
f 2380/80/78 2430/2376/2307 2431/82/80
f 2431/82/80 2430/2376/2307 2481/2377/2308
f 2431/82/80 2481/2377/2308 2482/84/82
f 2482/84/82 2481/2377/2308 2532/2378/2309
f 2482/84/82 2532/2378/2309 2533/86/84
f 2533/86/84 2532/2378/2309 2583/2379/2310
f 2533/86/84 2583/2379/2310 2584/88/86
f 2584/88/86 2583/2379/2310 2634/2380/2311
f 2584/88/86 2634/2380/2311 2635/90/88
f 2635/90/88 2634/2380/2311 2685/2381/2312
f 2635/90/88 2685/2381/2312 2686/92/90
f 2686/92/90 2685/2381/2312 2736/2382/2313
f 2686/92/90 2736/2382/2313 2737/94/92
f 2737/94/92 2736/2382/2313 2787/2383/2314
f 2737/94/92 2787/2383/2314 2788/96/94
f 2788/96/94 2787/2383/2314 2838/2384/2315
f 2788/96/94 2838/2384/2315 2839/98/96
f 2839/98/96 2838/2384/2315 2889/2385/2316
f 2839/98/96 2889/2385/2316 2890/100/98
f 2890/100/98 2889/2385/2316 2940/2386/2317
f 2890/100/98 2940/2386/2317 2941/102/100
f 2941/102/100 2940/2386/2317 2991/2387/2318
f 2941/102/100 2991/2387/2318 2992/104/102
f 2992/104/102 2991/2387/2318 481/2388/2319
f 2992/104/102 481/2388/2319 480/106/104
f 480/106/104 481/2388/2319 543/2389/2320
f 480/106/104 543/2389/2320 544/108/106
f 544/108/106 543/2389/2320 3044/2390/2321
f 544/108/106 3044/2390/2321 3045/110/108
f 3045/110/108 3044/2390/2321 3095/2391/2322
f 3045/110/108 3095/2391/2322 3096/112/110
f 3096/112/110 3095/2391/2322 3146/2392/2323
f 3096/112/110 3146/2392/2323 3147/114/112
f 3147/114/112 3146/2392/2323 3197/2393/2324
f 3147/114/112 3197/2393/2324 3198/116/114
f 3198/116/114 3197/2393/2324 3248/2394/2325
f 3198/116/114 3248/2394/2325 3249/118/116
f 3249/118/116 3248/2394/2325 3299/2395/2326
f 3249/118/116 3299/2395/2326 3300/120/118
f 3300/120/118 3299/2395/2326 3350/2396/2327
f 3300/120/118 3350/2396/2327 3351/122/120
f 3351/122/120 3350/2396/2327 3401/2397/2328
f 3351/122/120 3401/2397/2328 3402/124/122
f 3402/124/122 3401/2397/2328 3452/2398/2329
f 3402/124/122 3452/2398/2329 3453/126/124
f 3453/126/124 3452/2398/2329 3503/2399/2330
f 3453/126/124 3503/2399/2330 3504/128/126
f 3504/128/126 3503/2399/2330 3554/2400/2331
f 3504/128/126 3554/2400/2331 3555/130/128
f 3555/130/128 3554/2400/2331 3605/2401/2332
f 3555/130/128 3605/2401/2332 3606/132/130
f 3606/132/130 3605/2401/2332 3656/2402/2333
f 3606/132/130 3656/2402/2333 3657/134/132
f 3657/134/132 3656/2402/2333 3707/2403/2334
f 3657/134/132 3707/2403/2334 3708/136/134
f 3708/136/134 3707/2403/2334 3758/2404/2335
f 3708/136/134 3758/2404/2335 3759/138/136
f 3759/138/136 3758/2404/2335 364/2405/2336
f 3759/138/136 364/2405/2336 363/140/138
f 363/140/138 364/2405/2336 460/2406/2337
f 363/140/138 460/2406/2337 461/142/140
f 461/142/140 460/2406/2337 3811/2407/2338
f 461/142/140 3811/2407/2338 81/2408/2339
f 81/2408/2339 3811/2407/2338 82/2409/2340
f 81/2410/2339 82/2411/2340 3812/2412/2341
f 3812/2412/2341 82/2411/2340 3862/2413/2342
f 3812/2412/2341 3862/2413/2342 3863/2414/2343
f 3863/2414/2343 3862/2413/2342 3913/2415/2344
f 3863/2414/2343 3913/2415/2344 3914/2416/2345
f 3914/2416/2345 3913/2415/2344 3964/2417/2346
f 3914/2416/2345 3964/2417/2346 3965/2418/2347
f 3965/2418/2347 3964/2417/2346 4015/2419/2348
f 3965/2418/2347 4015/2419/2348 4016/2420/2349
f 4016/2420/2349 4015/2419/2348 4066/2421/2350
f 4016/2420/2349 4066/2421/2350 4067/2422/2351
f 4067/2422/2351 4066/2421/2350 4117/2423/2352
f 4067/2422/2351 4117/2423/2352 4118/2424/2353
f 4118/2424/2353 4117/2423/2352 4168/2425/2354
f 4118/2424/2353 4168/2425/2354 4169/2426/2355
f 4169/2426/2355 4168/2425/2354 4219/2427/2356
f 4169/2426/2355 4219/2427/2356 4220/2428/2357
f 4220/2428/2357 4219/2427/2356 4270/2429/2358
f 4220/2428/2357 4270/2429/2358 4271/2430/2359
f 4271/2430/2359 4270/2429/2358 4321/2431/2360
f 4271/2430/2359 4321/2431/2360 4322/2432/2361
f 4322/2432/2361 4321/2431/2360 4372/2433/2362
f 4322/2432/2361 4372/2433/2362 4373/2434/2363
f 4373/2434/2363 4372/2433/2362 4423/2435/2364
f 4373/2434/2363 4423/2435/2364 4424/2436/2365
f 4424/2436/2365 4423/2435/2364 4474/2437/2366
f 4424/2436/2365 4474/2437/2366 4475/2438/2367
f 4475/2438/2367 4474/2437/2366 298/2439/2368
f 4475/2438/2367 298/2439/2368 297/2440/2369
f 297/2440/2369 298/2439/2368 326/2441/2370
f 297/2440/2369 326/2441/2370 327/2442/2371
f 327/2442/2371 326/2441/2370 4527/2443/2372
f 327/2442/2371 4527/2443/2372 4528/882/855
f 4528/882/855 4527/2443/2372 4578/880/853
f 31/2357/2288 32/2444/2373 1612/2358/2289
f 1612/2358/2289 32/2444/2373 1662/2445/2374
f 1612/2358/2289 1662/2445/2374 1663/2359/2290
f 1663/2359/2290 1662/2445/2374 1713/2446/2375
f 1663/2359/2290 1713/2446/2375 1714/2360/2291
f 1714/2360/2291 1713/2446/2375 1764/2447/2376
f 1714/2360/2291 1764/2447/2376 1765/2361/2292
f 1765/2361/2292 1764/2447/2376 1815/2448/2377
f 1765/2361/2292 1815/2448/2377 1816/2362/2293
f 1816/2362/2293 1815/2448/2377 1866/2449/2378
f 1816/2362/2293 1866/2449/2378 1867/2363/2294
f 1867/2363/2294 1866/2449/2378 1917/2450/2379
f 1867/2363/2294 1917/2450/2379 1918/2364/2295
f 1918/2364/2295 1917/2450/2379 1968/2451/2380
f 1918/2364/2295 1968/2451/2380 1969/2365/2296
f 1969/2365/2296 1968/2451/2380 2019/2452/2381
f 1969/2365/2296 2019/2452/2381 2020/2366/2297
f 2020/2366/2297 2019/2452/2381 2070/2453/2382
f 2020/2366/2297 2070/2453/2382 2071/2367/2298
f 2071/2367/2298 2070/2453/2382 2121/2454/2383
f 2071/2367/2298 2121/2454/2383 2122/2368/2299
f 2122/2368/2299 2121/2454/2383 2172/2455/2384
f 2122/2368/2299 2172/2455/2384 2173/2369/2300
f 2173/2369/2300 2172/2455/2384 2223/2456/2385
f 2173/2369/2300 2223/2456/2385 2224/2370/2301
f 2224/2370/2301 2223/2456/2385 599/2457/2386
f 2224/2370/2301 599/2457/2386 598/2371/2302
f 598/2371/2302 599/2457/2386 625/2458/2387
f 598/2371/2302 625/2458/2387 626/2372/2303
f 626/2372/2303 625/2458/2387 2276/2459/2388
f 626/2372/2303 2276/2459/2388 2277/2373/2304
f 2277/2373/2304 2276/2459/2388 2327/2460/2389
f 2277/2373/2304 2327/2460/2389 2328/2374/2305
f 2328/2374/2305 2327/2460/2389 2378/2461/2390
f 2328/2374/2305 2378/2461/2390 2379/2375/2306
f 2379/2375/2306 2378/2461/2390 2429/2462/2391
f 2379/2375/2306 2429/2462/2391 2430/2376/2307
f 2430/2376/2307 2429/2462/2391 2480/2463/2392
f 2430/2376/2307 2480/2463/2392 2481/2377/2308
f 2481/2377/2308 2480/2463/2392 2531/2464/2393
f 2481/2377/2308 2531/2464/2393 2532/2378/2309
f 2532/2378/2309 2531/2464/2393 2582/2465/2394
f 2532/2378/2309 2582/2465/2394 2583/2379/2310
f 2583/2379/2310 2582/2465/2394 2633/2466/2395
f 2583/2379/2310 2633/2466/2395 2634/2380/2311
f 2634/2380/2311 2633/2466/2395 2684/2467/2396
f 2634/2380/2311 2684/2467/2396 2685/2381/2312
f 2685/2381/2312 2684/2467/2396 2735/2468/2397
f 2685/2381/2312 2735/2468/2397 2736/2382/2313
f 2736/2382/2313 2735/2468/2397 2786/2469/2398
f 2736/2382/2313 2786/2469/2398 2787/2383/2314
f 2787/2383/2314 2786/2469/2398 2837/2470/2399
f 2787/2383/2314 2837/2470/2399 2838/2384/2315
f 2838/2384/2315 2837/2470/2399 2888/2471/2400
f 2838/2384/2315 2888/2471/2400 2889/2385/2316
f 2889/2385/2316 2888/2471/2400 2939/2472/2401
f 2889/2385/2316 2939/2472/2401 2940/2386/2317
f 2940/2386/2317 2939/2472/2401 2990/2473/2402
f 2940/2386/2317 2990/2473/2402 2991/2387/2318
f 2991/2387/2318 2990/2473/2402 482/2474/2403
f 2991/2387/2318 482/2474/2403 481/2388/2319
f 481/2388/2319 482/2474/2403 542/2475/2404
f 481/2388/2319 542/2475/2404 543/2389/2320
f 543/2389/2320 542/2475/2404 3043/2476/2405
f 543/2389/2320 3043/2476/2405 3044/2390/2321
f 3044/2390/2321 3043/2476/2405 3094/2477/2406
f 3044/2390/2321 3094/2477/2406 3095/2391/2322
f 3095/2391/2322 3094/2477/2406 3145/2478/2407
f 3095/2391/2322 3145/2478/2407 3146/2392/2323
f 3146/2392/2323 3145/2478/2407 3196/2479/2408
f 3146/2392/2323 3196/2479/2408 3197/2393/2324
f 3197/2393/2324 3196/2479/2408 3247/2480/2409
f 3197/2393/2324 3247/2480/2409 3248/2394/2325
f 3248/2394/2325 3247/2480/2409 3298/2481/2410
f 3248/2394/2325 3298/2481/2410 3299/2395/2326
f 3299/2395/2326 3298/2481/2410 3349/2482/2411
f 3299/2395/2326 3349/2482/2411 3350/2396/2327
f 3350/2396/2327 3349/2482/2411 3400/2483/2412
f 3350/2396/2327 3400/2483/2412 3401/2397/2328
f 3401/2397/2328 3400/2483/2412 3451/2484/2413
f 3401/2397/2328 3451/2484/2413 3452/2398/2329
f 3452/2398/2329 3451/2484/2413 3502/2485/2414
f 3452/2398/2329 3502/2485/2414 3503/2399/2330
f 3503/2399/2330 3502/2485/2414 3553/2486/2415
f 3503/2399/2330 3553/2486/2415 3554/2400/2331
f 3554/2400/2331 3553/2486/2415 3604/2487/2416
f 3554/2400/2331 3604/2487/2416 3605/2401/2332
f 3605/2401/2332 3604/2487/2416 3655/2488/2417
f 3605/2401/2332 3655/2488/2417 3656/2402/2333
f 3656/2402/2333 3655/2488/2417 3706/2489/2418
f 3656/2402/2333 3706/2489/2418 3707/2403/2334
f 3707/2403/2334 3706/2489/2418 3757/2490/2419
f 3707/2403/2334 3757/2490/2419 3758/2404/2335
f 3758/2404/2335 3757/2490/2419 365/2491/2420
f 3758/2404/2335 365/2491/2420 364/2405/2336
f 364/2405/2336 365/2491/2420 459/2492/2421
f 364/2405/2336 459/2492/2421 460/2406/2337
f 460/2406/2337 459/2492/2421 3810/2493/2422
f 460/2406/2337 3810/2493/2422 3811/2407/2338
f 3811/2407/2338 3810/2493/2422 3861/2494/2423
f 3811/2407/2338 3861/2494/2423 82/2409/2340
f 82/2409/2340 3861/2494/2423 83/2495/2424
f 82/2411/2340 83/2496/2424 3862/2413/2342
f 3862/2413/2342 83/2496/2424 3912/2497/2425
f 3862/2413/2342 3912/2497/2425 3913/2415/2344
f 3913/2415/2344 3912/2497/2425 3963/2498/2426
f 3913/2415/2344 3963/2498/2426 3964/2417/2346
f 3964/2417/2346 3963/2498/2426 4014/2499/2427
f 3964/2417/2346 4014/2499/2427 4015/2419/2348
f 4015/2419/2348 4014/2499/2427 4065/2500/2428
f 4015/2419/2348 4065/2500/2428 4066/2421/2350
f 4066/2421/2350 4065/2500/2428 4116/2501/2429
f 4066/2421/2350 4116/2501/2429 4117/2423/2352
f 4117/2423/2352 4116/2501/2429 4167/2502/2430
f 4117/2423/2352 4167/2502/2430 4168/2425/2354
f 4168/2425/2354 4167/2502/2430 4218/2503/2431
f 4168/2425/2354 4218/2503/2431 4219/2427/2356
f 4219/2427/2356 4218/2503/2431 4269/2504/2432
f 4219/2427/2356 4269/2504/2432 4270/2429/2358
f 4270/2429/2358 4269/2504/2432 4320/2505/2433
f 4270/2429/2358 4320/2505/2433 4321/2431/2360
f 4321/2431/2360 4320/2505/2433 4371/2506/2434
f 4321/2431/2360 4371/2506/2434 4372/2433/2362
f 4372/2433/2362 4371/2506/2434 4422/2507/2435
f 4372/2433/2362 4422/2507/2435 4423/2435/2364
f 4423/2435/2364 4422/2507/2435 4473/2508/2436
f 4423/2435/2364 4473/2508/2436 4474/2437/2366
f 4474/2437/2366 4473/2508/2436 299/2509/2437
f 4474/2437/2366 299/2509/2437 298/2439/2368
f 298/2439/2368 299/2509/2437 325/2510/2438
f 298/2439/2368 325/2510/2438 326/2441/2370
f 326/2441/2370 325/2510/2438 4526/2511/2439
f 326/2441/2370 4526/2511/2439 4527/2443/2372
f 4527/2443/2372 4526/2511/2439 4577/2512/2440
f 4527/2443/2372 4577/2512/2440 4578/880/853
f 4578/880/853 4577/2512/2440 4628/878/851
f 31/2513/2288 30/40/40 1561/2514/2441
f 1561/2514/2441 30/40/40 761/38/38
f 1561/2514/2441 761/38/38 760/2515/2442
f 760/2515/2442 761/38/38 663/2516/2443
f 760/2515/2442 663/2516/2443 664/2517/2444
f 664/2517/2444 663/2516/2443 1509/2518/2445
f 664/2517/2444 1509/2518/2445 1508/2519/2446
f 1508/2519/2446 1509/2518/2445 1458/2520/2447
f 1508/2519/2446 1458/2520/2447 1457/2521/2448
f 1457/2521/2448 1458/2520/2447 1407/2522/2449
f 1457/2521/2448 1407/2522/2449 1406/2523/2450
f 1406/2523/2450 1407/2522/2449 1356/2524/2451
f 1406/2523/2450 1356/2524/2451 1355/2525/2452
f 1355/2525/2452 1356/2524/2451 1305/2526/2453
f 1355/2525/2452 1305/2526/2453 1304/2527/2454
f 1304/2527/2454 1305/2526/2453 1254/2528/2455
f 1304/2527/2454 1254/2528/2455 1253/2529/2456
f 1253/2529/2456 1254/2528/2455 1203/2530/2457
f 1253/2529/2456 1203/2530/2457 1202/2531/2458
f 1202/2531/2458 1203/2530/2457 1152/2532/2459
f 1202/2531/2458 1152/2532/2459 1151/2533/2460
f 1151/2533/2460 1152/2532/2459 1101/2534/2461
f 1151/2533/2460 1101/2534/2461 1100/2535/2462
f 1100/2535/2462 1101/2534/2461 1050/2536/2463
f 1100/2535/2462 1050/2536/2463 1049/2537/2464
f 1049/2537/2464 1050/2536/2463 999/2538/2465
f 1049/2537/2464 999/2538/2465 998/2539/2466
f 998/2539/2466 999/2538/2465 948/2540/2467
f 998/2539/2466 948/2540/2467 947/2541/2468
f 947/2541/2468 948/2540/2467 897/2542/2469
f 947/2541/2468 897/2542/2469 896/2543/2470
f 896/2543/2470 897/2542/2469 846/2544/2471
f 896/2543/2470 846/2544/2471 845/787/764
f 845/787/764 846/2544/2471 795/785/762
f 32/2444/2373 33/2545/2472 1662/2445/2374
f 1662/2445/2374 33/2545/2472 1712/2546/2473
f 1662/2445/2374 1712/2546/2473 1713/2446/2375
f 1713/2446/2375 1712/2546/2473 1763/2547/2474
f 1713/2446/2375 1763/2547/2474 1764/2447/2376
f 1764/2447/2376 1763/2547/2474 1814/2548/2475
f 1764/2447/2376 1814/2548/2475 1815/2448/2377
f 1815/2448/2377 1814/2548/2475 1865/2549/2476
f 1815/2448/2377 1865/2549/2476 1866/2449/2378
f 1866/2449/2378 1865/2549/2476 1916/2550/2477
f 1866/2449/2378 1916/2550/2477 1917/2450/2379
f 1917/2450/2379 1916/2550/2477 1967/2551/2478
f 1917/2450/2379 1967/2551/2478 1968/2451/2380
f 1968/2451/2380 1967/2551/2478 2018/2552/2479
f 1968/2451/2380 2018/2552/2479 2019/2452/2381
f 2019/2452/2381 2018/2552/2479 2069/2553/2480
f 2019/2452/2381 2069/2553/2480 2070/2453/2382
f 2070/2453/2382 2069/2553/2480 2120/2554/2481
f 2070/2453/2382 2120/2554/2481 2121/2454/2383
f 2121/2454/2383 2120/2554/2481 2171/2555/2482
f 2121/2454/2383 2171/2555/2482 2172/2455/2384
f 2172/2455/2384 2171/2555/2482 2222/2556/2483
f 2172/2455/2384 2222/2556/2483 2223/2456/2385
f 2223/2456/2385 2222/2556/2483 600/2557/2484
f 2223/2456/2385 600/2557/2484 599/2457/2386
f 599/2457/2386 600/2557/2484 624/2558/2485
f 599/2457/2386 624/2558/2485 625/2458/2387
f 625/2458/2387 624/2558/2485 2275/2559/2486
f 625/2458/2387 2275/2559/2486 2276/2459/2388
f 2276/2459/2388 2275/2559/2486 2326/2560/2487
f 2276/2459/2388 2326/2560/2487 2327/2460/2389
f 2327/2460/2389 2326/2560/2487 2377/2561/2488
f 2327/2460/2389 2377/2561/2488 2378/2461/2390
f 2378/2461/2390 2377/2561/2488 2428/2562/2489
f 2378/2461/2390 2428/2562/2489 2429/2462/2391
f 2429/2462/2391 2428/2562/2489 2479/2563/2490
f 2429/2462/2391 2479/2563/2490 2480/2463/2392
f 2480/2463/2392 2479/2563/2490 2530/2564/2491
f 2480/2463/2392 2530/2564/2491 2531/2464/2393
f 2531/2464/2393 2530/2564/2491 2581/2565/2492
f 2531/2464/2393 2581/2565/2492 2582/2465/2394
f 2582/2465/2394 2581/2565/2492 2632/2566/2493
f 2582/2465/2394 2632/2566/2493 2633/2466/2395
f 2633/2466/2395 2632/2566/2493 2683/2567/2494
f 2633/2466/2395 2683/2567/2494 2684/2467/2396
f 2684/2467/2396 2683/2567/2494 2734/2568/2495
f 2684/2467/2396 2734/2568/2495 2735/2468/2397
f 2735/2468/2397 2734/2568/2495 2785/2569/2496
f 2735/2468/2397 2785/2569/2496 2786/2469/2398
f 2786/2469/2398 2785/2569/2496 2836/2570/2497
f 2786/2469/2398 2836/2570/2497 2837/2470/2399
f 2837/2470/2399 2836/2570/2497 2887/2571/2498
f 2837/2470/2399 2887/2571/2498 2888/2471/2400
f 2888/2471/2400 2887/2571/2498 2938/2572/2499
f 2888/2471/2400 2938/2572/2499 2939/2472/2401
f 2939/2472/2401 2938/2572/2499 2989/2573/2500
f 2939/2472/2401 2989/2573/2500 2990/2473/2402
f 2990/2473/2402 2989/2573/2500 483/2574/2501
f 2990/2473/2402 483/2574/2501 482/2474/2403
f 482/2474/2403 483/2574/2501 541/2575/2502
f 482/2474/2403 541/2575/2502 542/2475/2404
f 542/2475/2404 541/2575/2502 3042/2576/2503
f 542/2475/2404 3042/2576/2503 3043/2476/2405
f 3043/2476/2405 3042/2576/2503 3093/2577/2504
f 3043/2476/2405 3093/2577/2504 3094/2477/2406
f 3094/2477/2406 3093/2577/2504 3144/2578/2505
f 3094/2477/2406 3144/2578/2505 3145/2478/2407
f 3145/2478/2407 3144/2578/2505 3195/2579/2506
f 3145/2478/2407 3195/2579/2506 3196/2479/2408
f 3196/2479/2408 3195/2579/2506 3246/2580/2507
f 3196/2479/2408 3246/2580/2507 3247/2480/2409
f 3247/2480/2409 3246/2580/2507 3297/2581/2508
f 3247/2480/2409 3297/2581/2508 3298/2481/2410
f 3298/2481/2410 3297/2581/2508 3348/2582/2509
f 3298/2481/2410 3348/2582/2509 3349/2482/2411
f 3349/2482/2411 3348/2582/2509 3399/2583/2510
f 3349/2482/2411 3399/2583/2510 3400/2483/2412
f 3400/2483/2412 3399/2583/2510 3450/2584/2511
f 3400/2483/2412 3450/2584/2511 3451/2484/2413
f 3451/2484/2413 3450/2584/2511 3501/2585/2512
f 3451/2484/2413 3501/2585/2512 3502/2485/2414
f 3502/2485/2414 3501/2585/2512 3552/2586/2513
f 3502/2485/2414 3552/2586/2513 3553/2486/2415
f 3553/2486/2415 3552/2586/2513 3603/2587/2514
f 3553/2486/2415 3603/2587/2514 3604/2487/2416
f 3604/2487/2416 3603/2587/2514 3654/2588/2515
f 3604/2487/2416 3654/2588/2515 3655/2488/2417
f 3655/2488/2417 3654/2588/2515 3705/2589/2516
f 3655/2488/2417 3705/2589/2516 3706/2489/2418
f 3706/2489/2418 3705/2589/2516 3756/2590/2517
f 3706/2489/2418 3756/2590/2517 3757/2490/2419
f 3757/2490/2419 3756/2590/2517 366/2591/2518
f 3757/2490/2419 366/2591/2518 365/2491/2420
f 365/2491/2420 366/2591/2518 458/2592/2519
f 365/2491/2420 458/2592/2519 459/2492/2421
f 459/2492/2421 458/2592/2519 3809/2593/2520
f 459/2492/2421 3809/2593/2520 3810/2493/2422
f 3810/2493/2422 3809/2593/2520 3860/2594/2521
f 3810/2493/2422 3860/2594/2521 3861/2494/2423
f 3861/2494/2423 3860/2594/2521 3911/2595/2522
f 3861/2494/2423 3911/2595/2522 83/2495/2424
f 83/2495/2424 3911/2595/2522 84/2596/2523
f 83/2496/2424 84/2597/2523 3912/2497/2425
f 3912/2497/2425 84/2597/2523 3962/2598/2524
f 3912/2497/2425 3962/2598/2524 3963/2498/2426
f 3963/2498/2426 3962/2598/2524 4013/2599/2525
f 3963/2498/2426 4013/2599/2525 4014/2499/2427
f 4014/2499/2427 4013/2599/2525 4064/2600/2526
f 4014/2499/2427 4064/2600/2526 4065/2500/2428
f 4065/2500/2428 4064/2600/2526 4115/2601/2527
f 4065/2500/2428 4115/2601/2527 4116/2501/2429
f 4116/2501/2429 4115/2601/2527 4166/2602/2528
f 4116/2501/2429 4166/2602/2528 4167/2502/2430
f 4167/2502/2430 4166/2602/2528 4217/2603/2529
f 4167/2502/2430 4217/2603/2529 4218/2503/2431
f 4218/2503/2431 4217/2603/2529 4268/2604/2530
f 4218/2503/2431 4268/2604/2530 4269/2504/2432
f 4269/2504/2432 4268/2604/2530 4319/2605/2531
f 4269/2504/2432 4319/2605/2531 4320/2505/2433
f 4320/2505/2433 4319/2605/2531 4370/2606/2532
f 4320/2505/2433 4370/2606/2532 4371/2506/2434
f 4371/2506/2434 4370/2606/2532 4421/2607/2533
f 4371/2506/2434 4421/2607/2533 4422/2507/2435
f 4422/2507/2435 4421/2607/2533 4472/2608/2534
f 4422/2507/2435 4472/2608/2534 4473/2508/2436
f 4473/2508/2436 4472/2608/2534 300/2609/2535
f 4473/2508/2436 300/2609/2535 299/2509/2437
f 299/2509/2437 300/2609/2535 324/2610/2536
f 299/2509/2437 324/2610/2536 325/2510/2438
f 325/2510/2438 324/2610/2536 4525/2611/2537
f 325/2510/2438 4525/2611/2537 4526/2511/2439
f 4526/2511/2439 4525/2611/2537 4576/2612/2538
f 4526/2511/2439 4576/2612/2538 4577/2512/2440
f 4577/2512/2440 4576/2612/2538 4627/2613/2539
f 4577/2512/2440 4627/2613/2539 4628/878/851
f 4628/878/851 4627/2613/2539 4678/876/849
f 32/2614/2373 31/2513/2288 1611/2615/2540
f 1611/2615/2540 31/2513/2288 1561/2514/2441
f 1611/2615/2540 1561/2514/2441 1560/2616/2541
f 1560/2616/2541 1561/2514/2441 760/2515/2442
f 1560/2616/2541 760/2515/2442 759/2617/2542
f 759/2617/2542 760/2515/2442 664/2517/2444
f 759/2617/2542 664/2517/2444 665/2618/2543
f 665/2618/2543 664/2517/2444 1508/2519/2446
f 665/2618/2543 1508/2519/2446 1507/2619/2544
f 1507/2619/2544 1508/2519/2446 1457/2521/2448
f 1507/2619/2544 1457/2521/2448 1456/2620/2545
f 1456/2620/2545 1457/2521/2448 1406/2523/2450
f 1456/2620/2545 1406/2523/2450 1405/2621/2546
f 1405/2621/2546 1406/2523/2450 1355/2525/2452
f 1405/2621/2546 1355/2525/2452 1354/2622/2547
f 1354/2622/2547 1355/2525/2452 1304/2527/2454
f 1354/2622/2547 1304/2527/2454 1303/2623/2548
f 1303/2623/2548 1304/2527/2454 1253/2529/2456
f 1303/2623/2548 1253/2529/2456 1252/2624/2549
f 1252/2624/2549 1253/2529/2456 1202/2531/2458
f 1252/2624/2549 1202/2531/2458 1201/2625/2550
f 1201/2625/2550 1202/2531/2458 1151/2533/2460
f 1201/2625/2550 1151/2533/2460 1150/2626/2551
f 1150/2626/2551 1151/2533/2460 1100/2535/2462
f 1150/2626/2551 1100/2535/2462 1099/2627/2552
f 1099/2627/2552 1100/2535/2462 1049/2537/2464
f 1099/2627/2552 1049/2537/2464 1048/2628/2553
f 1048/2628/2553 1049/2537/2464 998/2539/2466
f 1048/2628/2553 998/2539/2466 997/2629/2554
f 997/2629/2554 998/2539/2466 947/2541/2468
f 997/2629/2554 947/2541/2468 946/2630/2555
f 946/2630/2555 947/2541/2468 896/2543/2470
f 946/2630/2555 896/2543/2470 895/789/766
f 895/789/766 896/2543/2470 845/787/764
f 33/2545/2472 34/2631/2556 1712/2546/2473
f 1712/2546/2473 34/2631/2556 1762/2632/2557
f 1712/2546/2473 1762/2632/2557 1763/2547/2474
f 1763/2547/2474 1762/2632/2557 1813/2633/2558
f 1763/2547/2474 1813/2633/2558 1814/2548/2475
f 1814/2548/2475 1813/2633/2558 1864/2634/2559
f 1814/2548/2475 1864/2634/2559 1865/2549/2476
f 1865/2549/2476 1864/2634/2559 1915/2635/2560
f 1865/2549/2476 1915/2635/2560 1916/2550/2477
f 1916/2550/2477 1915/2635/2560 1966/2636/2561
f 1916/2550/2477 1966/2636/2561 1967/2551/2478
f 1967/2551/2478 1966/2636/2561 2017/2637/2562
f 1967/2551/2478 2017/2637/2562 2018/2552/2479
f 2018/2552/2479 2017/2637/2562 2068/2638/2563
f 2018/2552/2479 2068/2638/2563 2069/2553/2480
f 2069/2553/2480 2068/2638/2563 2119/2639/2564
f 2069/2553/2480 2119/2639/2564 2120/2554/2481
f 2120/2554/2481 2119/2639/2564 2170/2640/2565
f 2120/2554/2481 2170/2640/2565 2171/2555/2482
f 2171/2555/2482 2170/2640/2565 2221/2641/2566
f 2171/2555/2482 2221/2641/2566 2222/2556/2483
f 2222/2556/2483 2221/2641/2566 601/2642/2567
f 2222/2556/2483 601/2642/2567 600/2557/2484
f 600/2557/2484 601/2642/2567 623/2643/2568
f 600/2557/2484 623/2643/2568 624/2558/2485
f 624/2558/2485 623/2643/2568 2274/2644/2569
f 624/2558/2485 2274/2644/2569 2275/2559/2486
f 2275/2559/2486 2274/2644/2569 2325/2645/2570
f 2275/2559/2486 2325/2645/2570 2326/2560/2487
f 2326/2560/2487 2325/2645/2570 2376/2646/2571
f 2326/2560/2487 2376/2646/2571 2377/2561/2488
f 2377/2561/2488 2376/2646/2571 2427/2647/2572
f 2377/2561/2488 2427/2647/2572 2428/2562/2489
f 2428/2562/2489 2427/2647/2572 2478/2648/2573
f 2428/2562/2489 2478/2648/2573 2479/2563/2490
f 2479/2563/2490 2478/2648/2573 2529/2649/2574
f 2479/2563/2490 2529/2649/2574 2530/2564/2491
f 2530/2564/2491 2529/2649/2574 2580/2650/2575
f 2530/2564/2491 2580/2650/2575 2581/2565/2492
f 2581/2565/2492 2580/2650/2575 2631/2651/2576
f 2581/2565/2492 2631/2651/2576 2632/2566/2493
f 2632/2566/2493 2631/2651/2576 2682/2652/2577
f 2632/2566/2493 2682/2652/2577 2683/2567/2494
f 2683/2567/2494 2682/2652/2577 2733/2653/2578
f 2683/2567/2494 2733/2653/2578 2734/2568/2495
f 2734/2568/2495 2733/2653/2578 2784/2654/2579
f 2734/2568/2495 2784/2654/2579 2785/2569/2496
f 2785/2569/2496 2784/2654/2579 2835/2655/2580
f 2785/2569/2496 2835/2655/2580 2836/2570/2497
f 2836/2570/2497 2835/2655/2580 2886/2656/2581
f 2836/2570/2497 2886/2656/2581 2887/2571/2498
f 2887/2571/2498 2886/2656/2581 2937/2657/2582
f 2887/2571/2498 2937/2657/2582 2938/2572/2499
f 2938/2572/2499 2937/2657/2582 2988/2658/2583
f 2938/2572/2499 2988/2658/2583 2989/2573/2500
f 2989/2573/2500 2988/2658/2583 484/2659/2584
f 2989/2573/2500 484/2659/2584 483/2574/2501
f 483/2574/2501 484/2659/2584 540/2660/2585
f 483/2574/2501 540/2660/2585 541/2575/2502
f 541/2575/2502 540/2660/2585 3041/2661/2586
f 541/2575/2502 3041/2661/2586 3042/2576/2503
f 3042/2576/2503 3041/2661/2586 3092/2662/2587
f 3042/2576/2503 3092/2662/2587 3093/2577/2504
f 3093/2577/2504 3092/2662/2587 3143/2663/2588
f 3093/2577/2504 3143/2663/2588 3144/2578/2505
f 3144/2578/2505 3143/2663/2588 3194/2664/2589
f 3144/2578/2505 3194/2664/2589 3195/2579/2506
f 3195/2579/2506 3194/2664/2589 3245/2665/2590
f 3195/2579/2506 3245/2665/2590 3246/2580/2507
f 3246/2580/2507 3245/2665/2590 3296/2666/2591
f 3246/2580/2507 3296/2666/2591 3297/2581/2508
f 3297/2581/2508 3296/2666/2591 3347/2667/2592
f 3297/2581/2508 3347/2667/2592 3348/2582/2509
f 3348/2582/2509 3347/2667/2592 3398/2668/2593
f 3348/2582/2509 3398/2668/2593 3399/2583/2510
f 3399/2583/2510 3398/2668/2593 3449/2669/2594
f 3399/2583/2510 3449/2669/2594 3450/2584/2511
f 3450/2584/2511 3449/2669/2594 3500/2670/2595
f 3450/2584/2511 3500/2670/2595 3501/2585/2512
f 3501/2585/2512 3500/2670/2595 3551/2671/2596
f 3501/2585/2512 3551/2671/2596 3552/2586/2513
f 3552/2586/2513 3551/2671/2596 3602/2672/2597
f 3552/2586/2513 3602/2672/2597 3603/2587/2514
f 3603/2587/2514 3602/2672/2597 3653/2673/2598
f 3603/2587/2514 3653/2673/2598 3654/2588/2515
f 3654/2588/2515 3653/2673/2598 3704/2674/2599
f 3654/2588/2515 3704/2674/2599 3705/2589/2516
f 3705/2589/2516 3704/2674/2599 3755/2675/2600
f 3705/2589/2516 3755/2675/2600 3756/2590/2517
f 3756/2590/2517 3755/2675/2600 367/2676/2601
f 3756/2590/2517 367/2676/2601 366/2591/2518
f 366/2591/2518 367/2676/2601 457/2677/2602
f 366/2591/2518 457/2677/2602 458/2592/2519
f 458/2592/2519 457/2677/2602 3808/2678/2603
f 458/2592/2519 3808/2678/2603 3809/2593/2520
f 3809/2593/2520 3808/2678/2603 3859/2679/2604
f 3809/2593/2520 3859/2679/2604 3860/2594/2521
f 3860/2594/2521 3859/2679/2604 3910/2680/2605
f 3860/2594/2521 3910/2680/2605 3911/2595/2522
f 3911/2595/2522 3910/2680/2605 3961/2681/2606
f 3911/2595/2522 3961/2681/2606 84/2596/2523
f 84/2596/2523 3961/2681/2606 85/2682/2607
f 84/2597/2523 85/2683/2607 3962/2598/2524
f 3962/2598/2524 85/2683/2607 4012/2684/2608
f 3962/2598/2524 4012/2684/2608 4013/2599/2525
f 4013/2599/2525 4012/2684/2608 4063/2685/2609
f 4013/2599/2525 4063/2685/2609 4064/2600/2526
f 4064/2600/2526 4063/2685/2609 4114/2686/2610
f 4064/2600/2526 4114/2686/2610 4115/2601/2527
f 4115/2601/2527 4114/2686/2610 4165/2687/2611
f 4115/2601/2527 4165/2687/2611 4166/2602/2528
f 4166/2602/2528 4165/2687/2611 4216/2688/2612
f 4166/2602/2528 4216/2688/2612 4217/2603/2529
f 4217/2603/2529 4216/2688/2612 4267/2689/2613
f 4217/2603/2529 4267/2689/2613 4268/2604/2530
f 4268/2604/2530 4267/2689/2613 4318/2690/2614
f 4268/2604/2530 4318/2690/2614 4319/2605/2531
f 4319/2605/2531 4318/2690/2614 4369/2691/2615
f 4319/2605/2531 4369/2691/2615 4370/2606/2532
f 4370/2606/2532 4369/2691/2615 4420/2692/2616
f 4370/2606/2532 4420/2692/2616 4421/2607/2533
f 4421/2607/2533 4420/2692/2616 4471/2693/2617
f 4421/2607/2533 4471/2693/2617 4472/2608/2534
f 4472/2608/2534 4471/2693/2617 301/2694/2618
f 4472/2608/2534 301/2694/2618 300/2609/2535
f 300/2609/2535 301/2694/2618 323/2695/2619
f 300/2609/2535 323/2695/2619 324/2610/2536
f 324/2610/2536 323/2695/2619 4524/2696/2620
f 324/2610/2536 4524/2696/2620 4525/2611/2537
f 4525/2611/2537 4524/2696/2620 4575/2697/2621
f 4525/2611/2537 4575/2697/2621 4576/2612/2538
f 4576/2612/2538 4575/2697/2621 4626/2698/2622
f 4576/2612/2538 4626/2698/2622 4627/2613/2539
f 4627/2613/2539 4626/2698/2622 4677/2699/2623
f 4627/2613/2539 4677/2699/2623 4678/876/849
f 4678/876/849 4677/2699/2623 4728/874/847
f 33/2700/2472 32/2614/2373 1661/2701/2624
f 1661/2701/2624 32/2614/2373 1611/2615/2540
f 1661/2701/2624 1611/2615/2540 1610/2702/2625
f 1610/2702/2625 1611/2615/2540 1560/2616/2541
f 1610/2702/2625 1560/2616/2541 1559/2703/2626
f 1559/2703/2626 1560/2616/2541 759/2617/2542
f 1559/2703/2626 759/2617/2542 758/2704/2627
f 758/2704/2627 759/2617/2542 665/2618/2543
f 758/2704/2627 665/2618/2543 666/2705/2628
f 666/2705/2628 665/2618/2543 1507/2619/2544
f 666/2705/2628 1507/2619/2544 1506/2706/2629
f 1506/2706/2629 1507/2619/2544 1456/2620/2545
f 1506/2706/2629 1456/2620/2545 1455/2707/2630
f 1455/2707/2630 1456/2620/2545 1405/2621/2546
f 1455/2707/2630 1405/2621/2546 1404/2708/2631
f 1404/2708/2631 1405/2621/2546 1354/2622/2547
f 1404/2708/2631 1354/2622/2547 1353/2709/2632
f 1353/2709/2632 1354/2622/2547 1303/2623/2548
f 1353/2709/2632 1303/2623/2548 1302/2710/2633
f 1302/2710/2633 1303/2623/2548 1252/2624/2549
f 1302/2710/2633 1252/2624/2549 1251/2711/2634
f 1251/2711/2634 1252/2624/2549 1201/2625/2550
f 1251/2711/2634 1201/2625/2550 1200/2712/2635
f 1200/2712/2635 1201/2625/2550 1150/2626/2551
f 1200/2712/2635 1150/2626/2551 1149/2713/2636
f 1149/2713/2636 1150/2626/2551 1099/2627/2552
f 1149/2713/2636 1099/2627/2552 1098/2714/2637
f 1098/2714/2637 1099/2627/2552 1048/2628/2553
f 1098/2714/2637 1048/2628/2553 1047/2715/2638
f 1047/2715/2638 1048/2628/2553 997/2629/2554
f 1047/2715/2638 997/2629/2554 996/2716/2639
f 996/2716/2639 997/2629/2554 946/2630/2555
f 996/2716/2639 946/2630/2555 945/791/768
f 945/791/768 946/2630/2555 895/789/766
f 34/2631/2556 35/2717/2640 1762/2632/2557
f 1762/2632/2557 35/2717/2640 1812/2718/2641
f 1762/2632/2557 1812/2718/2641 1813/2633/2558
f 1813/2633/2558 1812/2718/2641 1863/2719/2642
f 1813/2633/2558 1863/2719/2642 1864/2634/2559
f 1864/2634/2559 1863/2719/2642 1914/2720/2643
f 1864/2634/2559 1914/2720/2643 1915/2635/2560
f 1915/2635/2560 1914/2720/2643 1965/2721/2644
f 1915/2635/2560 1965/2721/2644 1966/2636/2561
f 1966/2636/2561 1965/2721/2644 2016/2722/2645
f 1966/2636/2561 2016/2722/2645 2017/2637/2562
f 2017/2637/2562 2016/2722/2645 2067/2723/2646
f 2017/2637/2562 2067/2723/2646 2068/2638/2563
f 2068/2638/2563 2067/2723/2646 2118/2724/2647
f 2068/2638/2563 2118/2724/2647 2119/2639/2564
f 2119/2639/2564 2118/2724/2647 2169/2725/2648
f 2119/2639/2564 2169/2725/2648 2170/2640/2565
f 2170/2640/2565 2169/2725/2648 2220/2726/2649
f 2170/2640/2565 2220/2726/2649 2221/2641/2566
f 2221/2641/2566 2220/2726/2649 602/2727/2650
f 2221/2641/2566 602/2727/2650 601/2642/2567
f 601/2642/2567 602/2727/2650 622/2728/2651
f 601/2642/2567 622/2728/2651 623/2643/2568
f 623/2643/2568 622/2728/2651 2273/2729/2652
f 623/2643/2568 2273/2729/2652 2274/2644/2569
f 2274/2644/2569 2273/2729/2652 2324/2730/2653
f 2274/2644/2569 2324/2730/2653 2325/2645/2570
f 2325/2645/2570 2324/2730/2653 2375/2731/2654
f 2325/2645/2570 2375/2731/2654 2376/2646/2571
f 2376/2646/2571 2375/2731/2654 2426/2732/2655
f 2376/2646/2571 2426/2732/2655 2427/2647/2572
f 2427/2647/2572 2426/2732/2655 2477/2733/2656
f 2427/2647/2572 2477/2733/2656 2478/2648/2573
f 2478/2648/2573 2477/2733/2656 2528/2734/2657
f 2478/2648/2573 2528/2734/2657 2529/2649/2574
f 2529/2649/2574 2528/2734/2657 2579/2735/2658
f 2529/2649/2574 2579/2735/2658 2580/2650/2575
f 2580/2650/2575 2579/2735/2658 2630/2736/2659
f 2580/2650/2575 2630/2736/2659 2631/2651/2576
f 2631/2651/2576 2630/2736/2659 2681/2737/2660
f 2631/2651/2576 2681/2737/2660 2682/2652/2577
f 2682/2652/2577 2681/2737/2660 2732/2738/2661
f 2682/2652/2577 2732/2738/2661 2733/2653/2578
f 2733/2653/2578 2732/2738/2661 2783/2739/2662
f 2733/2653/2578 2783/2739/2662 2784/2654/2579
f 2784/2654/2579 2783/2739/2662 2834/2740/2663
f 2784/2654/2579 2834/2740/2663 2835/2655/2580
f 2835/2655/2580 2834/2740/2663 2885/2741/2664
f 2835/2655/2580 2885/2741/2664 2886/2656/2581
f 2886/2656/2581 2885/2741/2664 2936/2742/2665
f 2886/2656/2581 2936/2742/2665 2937/2657/2582
f 2937/2657/2582 2936/2742/2665 2987/2743/2666
f 2937/2657/2582 2987/2743/2666 2988/2658/2583
f 2988/2658/2583 2987/2743/2666 485/2744/2667
f 2988/2658/2583 485/2744/2667 484/2659/2584
f 484/2659/2584 485/2744/2667 539/2745/2668
f 484/2659/2584 539/2745/2668 540/2660/2585
f 540/2660/2585 539/2745/2668 3040/2746/2669
f 540/2660/2585 3040/2746/2669 3041/2661/2586
f 3041/2661/2586 3040/2746/2669 3091/2747/2670
f 3041/2661/2586 3091/2747/2670 3092/2662/2587
f 3092/2662/2587 3091/2747/2670 3142/2748/2671
f 3092/2662/2587 3142/2748/2671 3143/2663/2588
f 3143/2663/2588 3142/2748/2671 3193/2749/2672
f 3143/2663/2588 3193/2749/2672 3194/2664/2589
f 3194/2664/2589 3193/2749/2672 3244/2750/2673
f 3194/2664/2589 3244/2750/2673 3245/2665/2590
f 3245/2665/2590 3244/2750/2673 3295/2751/2674
f 3245/2665/2590 3295/2751/2674 3296/2666/2591
f 3296/2666/2591 3295/2751/2674 3346/2752/2675
f 3296/2666/2591 3346/2752/2675 3347/2667/2592
f 3347/2667/2592 3346/2752/2675 3397/2753/2676
f 3347/2667/2592 3397/2753/2676 3398/2668/2593
f 3398/2668/2593 3397/2753/2676 3448/2754/2677
f 3398/2668/2593 3448/2754/2677 3449/2669/2594
f 3449/2669/2594 3448/2754/2677 3499/2755/2678
f 3449/2669/2594 3499/2755/2678 3500/2670/2595
f 3500/2670/2595 3499/2755/2678 3550/2756/2679
f 3500/2670/2595 3550/2756/2679 3551/2671/2596
f 3551/2671/2596 3550/2756/2679 3601/2757/2680
f 3551/2671/2596 3601/2757/2680 3602/2672/2597
f 3602/2672/2597 3601/2757/2680 3652/2758/2681
f 3602/2672/2597 3652/2758/2681 3653/2673/2598
f 3653/2673/2598 3652/2758/2681 3703/2759/2682
f 3653/2673/2598 3703/2759/2682 3704/2674/2599
f 3704/2674/2599 3703/2759/2682 3754/2760/2683
f 3704/2674/2599 3754/2760/2683 3755/2675/2600
f 3755/2675/2600 3754/2760/2683 368/2761/2684
f 3755/2675/2600 368/2761/2684 367/2676/2601
f 367/2676/2601 368/2761/2684 456/2762/2685
f 367/2676/2601 456/2762/2685 457/2677/2602
f 457/2677/2602 456/2762/2685 3807/2763/2686
f 457/2677/2602 3807/2763/2686 3808/2678/2603
f 3808/2678/2603 3807/2763/2686 3858/2764/2687
f 3808/2678/2603 3858/2764/2687 3859/2679/2604
f 3859/2679/2604 3858/2764/2687 3909/2765/2688
f 3859/2679/2604 3909/2765/2688 3910/2680/2605
f 3910/2680/2605 3909/2765/2688 3960/2766/2689
f 3910/2680/2605 3960/2766/2689 3961/2681/2606
f 3961/2681/2606 3960/2766/2689 4011/2767/2690
f 3961/2681/2606 4011/2767/2690 85/2682/2607
f 85/2682/2607 4011/2767/2690 86/2768/2691
f 85/2683/2607 86/2769/2691 4012/2684/2608
f 4012/2684/2608 86/2769/2691 4062/2770/2692
f 4012/2684/2608 4062/2770/2692 4063/2685/2609
f 4063/2685/2609 4062/2770/2692 4113/2771/2693
f 4063/2685/2609 4113/2771/2693 4114/2686/2610
f 4114/2686/2610 4113/2771/2693 4164/2772/2694
f 4114/2686/2610 4164/2772/2694 4165/2687/2611
f 4165/2687/2611 4164/2772/2694 4215/2773/2695
f 4165/2687/2611 4215/2773/2695 4216/2688/2612
f 4216/2688/2612 4215/2773/2695 4266/2774/2696
f 4216/2688/2612 4266/2774/2696 4267/2689/2613
f 4267/2689/2613 4266/2774/2696 4317/2775/2697
f 4267/2689/2613 4317/2775/2697 4318/2690/2614
f 4318/2690/2614 4317/2775/2697 4368/2776/2698
f 4318/2690/2614 4368/2776/2698 4369/2691/2615
f 4369/2691/2615 4368/2776/2698 4419/2777/2699
f 4369/2691/2615 4419/2777/2699 4420/2692/2616
f 4420/2692/2616 4419/2777/2699 4470/2778/2700
f 4420/2692/2616 4470/2778/2700 4471/2693/2617
f 4471/2693/2617 4470/2778/2700 302/2779/2701
f 4471/2693/2617 302/2779/2701 301/2694/2618
f 301/2694/2618 302/2779/2701 322/2780/2702
f 301/2694/2618 322/2780/2702 323/2695/2619
f 323/2695/2619 322/2780/2702 4523/2781/2703
f 323/2695/2619 4523/2781/2703 4524/2696/2620
f 4524/2696/2620 4523/2781/2703 4574/2782/2704
f 4524/2696/2620 4574/2782/2704 4575/2697/2621
f 4575/2697/2621 4574/2782/2704 4625/2783/2705
f 4575/2697/2621 4625/2783/2705 4626/2698/2622
f 4626/2698/2622 4625/2783/2705 4676/2784/2706
f 4626/2698/2622 4676/2784/2706 4677/2699/2623
f 4677/2699/2623 4676/2784/2706 4727/2785/2707
f 4677/2699/2623 4727/2785/2707 4728/874/847
f 4728/874/847 4727/2785/2707 4778/872/845
f 34/2786/2556 33/2700/2472 1711/2787/2708
f 1711/2787/2708 33/2700/2472 1661/2701/2624
f 1711/2787/2708 1661/2701/2624 1660/2788/2709
f 1660/2788/2709 1661/2701/2624 1610/2702/2625
f 1660/2788/2709 1610/2702/2625 1609/2789/2710
f 1609/2789/2710 1610/2702/2625 1559/2703/2626
f 1609/2789/2710 1559/2703/2626 1558/2790/2711
f 1558/2790/2711 1559/2703/2626 758/2704/2627
f 1558/2790/2711 758/2704/2627 757/2791/2712
f 757/2791/2712 758/2704/2627 666/2705/2628
f 757/2791/2712 666/2705/2628 667/2792/2713
f 667/2792/2713 666/2705/2628 1506/2706/2629
f 667/2792/2713 1506/2706/2629 1505/2793/2714
f 1505/2793/2714 1506/2706/2629 1455/2707/2630
f 1505/2793/2714 1455/2707/2630 1454/2794/2715
f 1454/2794/2715 1455/2707/2630 1404/2708/2631
f 1454/2794/2715 1404/2708/2631 1403/2795/2716
f 1403/2795/2716 1404/2708/2631 1353/2709/2632
f 1403/2795/2716 1353/2709/2632 1352/2796/2717
f 1352/2796/2717 1353/2709/2632 1302/2710/2633
f 1352/2796/2717 1302/2710/2633 1301/2797/2718
f 1301/2797/2718 1302/2710/2633 1251/2711/2634
f 1301/2797/2718 1251/2711/2634 1250/2798/2719
f 1250/2798/2719 1251/2711/2634 1200/2712/2635
f 1250/2798/2719 1200/2712/2635 1199/2799/2720
f 1199/2799/2720 1200/2712/2635 1149/2713/2636
f 1199/2799/2720 1149/2713/2636 1148/2800/2721
f 1148/2800/2721 1149/2713/2636 1098/2714/2637
f 1148/2800/2721 1098/2714/2637 1097/2801/2722
f 1097/2801/2722 1098/2714/2637 1047/2715/2638
f 1097/2801/2722 1047/2715/2638 1046/2802/2723
f 1046/2802/2723 1047/2715/2638 996/2716/2639
f 1046/2802/2723 996/2716/2639 995/793/770
f 995/793/770 996/2716/2639 945/791/768
f 35/2717/2640 36/2803/2724 1812/2718/2641
f 1812/2718/2641 36/2803/2724 1862/2804/2725
f 1812/2718/2641 1862/2804/2725 1863/2719/2642
f 1863/2719/2642 1862/2804/2725 1913/2805/2726
f 1863/2719/2642 1913/2805/2726 1914/2720/2643
f 1914/2720/2643 1913/2805/2726 1964/2806/2727
f 1914/2720/2643 1964/2806/2727 1965/2721/2644
f 1965/2721/2644 1964/2806/2727 2015/2807/2728
f 1965/2721/2644 2015/2807/2728 2016/2722/2645
f 2016/2722/2645 2015/2807/2728 2066/2808/2729
f 2016/2722/2645 2066/2808/2729 2067/2723/2646
f 2067/2723/2646 2066/2808/2729 2117/2809/2730
f 2067/2723/2646 2117/2809/2730 2118/2724/2647
f 2118/2724/2647 2117/2809/2730 2168/2810/2731
f 2118/2724/2647 2168/2810/2731 2169/2725/2648
f 2169/2725/2648 2168/2810/2731 2219/2811/2732
f 2169/2725/2648 2219/2811/2732 2220/2726/2649
f 2220/2726/2649 2219/2811/2732 603/2812/2733
f 2220/2726/2649 603/2812/2733 602/2727/2650
f 602/2727/2650 603/2812/2733 621/2813/2734
f 602/2727/2650 621/2813/2734 622/2728/2651
f 622/2728/2651 621/2813/2734 2272/2814/2735
f 622/2728/2651 2272/2814/2735 2273/2729/2652
f 2273/2729/2652 2272/2814/2735 2323/2815/2736
f 2273/2729/2652 2323/2815/2736 2324/2730/2653
f 2324/2730/2653 2323/2815/2736 2374/2816/2737
f 2324/2730/2653 2374/2816/2737 2375/2731/2654
f 2375/2731/2654 2374/2816/2737 2425/2817/2738
f 2375/2731/2654 2425/2817/2738 2426/2732/2655
f 2426/2732/2655 2425/2817/2738 2476/2818/2739
f 2426/2732/2655 2476/2818/2739 2477/2733/2656
f 2477/2733/2656 2476/2818/2739 2527/2819/2740
f 2477/2733/2656 2527/2819/2740 2528/2734/2657
f 2528/2734/2657 2527/2819/2740 2578/2820/2741
f 2528/2734/2657 2578/2820/2741 2579/2735/2658
f 2579/2735/2658 2578/2820/2741 2629/2821/2742
f 2579/2735/2658 2629/2821/2742 2630/2736/2659
f 2630/2736/2659 2629/2821/2742 2680/2822/2743
f 2630/2736/2659 2680/2822/2743 2681/2737/2660
f 2681/2737/2660 2680/2822/2743 2731/2823/2744
f 2681/2737/2660 2731/2823/2744 2732/2738/2661
f 2732/2738/2661 2731/2823/2744 2782/2824/2745
f 2732/2738/2661 2782/2824/2745 2783/2739/2662
f 2783/2739/2662 2782/2824/2745 2833/2825/2746
f 2783/2739/2662 2833/2825/2746 2834/2740/2663
f 2834/2740/2663 2833/2825/2746 2884/2826/2747
f 2834/2740/2663 2884/2826/2747 2885/2741/2664
f 2885/2741/2664 2884/2826/2747 2935/2827/2748
f 2885/2741/2664 2935/2827/2748 2936/2742/2665
f 2936/2742/2665 2935/2827/2748 2986/2828/2749
f 2936/2742/2665 2986/2828/2749 2987/2743/2666
f 2987/2743/2666 2986/2828/2749 486/2829/2750
f 2987/2743/2666 486/2829/2750 485/2744/2667
f 485/2744/2667 486/2829/2750 538/2830/2751
f 485/2744/2667 538/2830/2751 539/2745/2668
f 539/2745/2668 538/2830/2751 3039/2831/2752
f 539/2745/2668 3039/2831/2752 3040/2746/2669
f 3040/2746/2669 3039/2831/2752 3090/2832/2753
f 3040/2746/2669 3090/2832/2753 3091/2747/2670
f 3091/2747/2670 3090/2832/2753 3141/2833/2754
f 3091/2747/2670 3141/2833/2754 3142/2748/2671
f 3142/2748/2671 3141/2833/2754 3192/2834/2755
f 3142/2748/2671 3192/2834/2755 3193/2749/2672
f 3193/2749/2672 3192/2834/2755 3243/2835/2756
f 3193/2749/2672 3243/2835/2756 3244/2750/2673
f 3244/2750/2673 3243/2835/2756 3294/2836/2757
f 3244/2750/2673 3294/2836/2757 3295/2751/2674
f 3295/2751/2674 3294/2836/2757 3345/2837/2758
f 3295/2751/2674 3345/2837/2758 3346/2752/2675
f 3346/2752/2675 3345/2837/2758 3396/2838/2759
f 3346/2752/2675 3396/2838/2759 3397/2753/2676
f 3397/2753/2676 3396/2838/2759 3447/2839/2760
f 3397/2753/2676 3447/2839/2760 3448/2754/2677
f 3448/2754/2677 3447/2839/2760 3498/2840/2761
f 3448/2754/2677 3498/2840/2761 3499/2755/2678
f 3499/2755/2678 3498/2840/2761 3549/2841/2762
f 3499/2755/2678 3549/2841/2762 3550/2756/2679
f 3550/2756/2679 3549/2841/2762 3600/2842/2763
f 3550/2756/2679 3600/2842/2763 3601/2757/2680
f 3601/2757/2680 3600/2842/2763 3651/2843/2764
f 3601/2757/2680 3651/2843/2764 3652/2758/2681
f 3652/2758/2681 3651/2843/2764 3702/2844/2765
f 3652/2758/2681 3702/2844/2765 3703/2759/2682
f 3703/2759/2682 3702/2844/2765 3753/2845/2766
f 3703/2759/2682 3753/2845/2766 3754/2760/2683
f 3754/2760/2683 3753/2845/2766 369/2846/2767
f 3754/2760/2683 369/2846/2767 368/2761/2684
f 368/2761/2684 369/2846/2767 455/2847/2768
f 368/2761/2684 455/2847/2768 456/2762/2685
f 456/2762/2685 455/2847/2768 3806/2848/2769
f 456/2762/2685 3806/2848/2769 3807/2763/2686
f 3807/2763/2686 3806/2848/2769 3857/2849/2770
f 3807/2763/2686 3857/2849/2770 3858/2764/2687
f 3858/2764/2687 3857/2849/2770 3908/2850/2771
f 3858/2764/2687 3908/2850/2771 3909/2765/2688
f 3909/2765/2688 3908/2850/2771 3959/2851/2772
f 3909/2765/2688 3959/2851/2772 3960/2766/2689
f 3960/2766/2689 3959/2851/2772 4010/2852/2773
f 3960/2766/2689 4010/2852/2773 4011/2767/2690
f 4011/2767/2690 4010/2852/2773 4061/2853/2774
f 4011/2767/2690 4061/2853/2774 86/2768/2691
f 86/2768/2691 4061/2853/2774 87/2854/2775
f 86/2769/2691 87/2855/2775 4062/2770/2692
f 4062/2770/2692 87/2855/2775 4112/2856/2776
f 4062/2770/2692 4112/2856/2776 4113/2771/2693
f 4113/2771/2693 4112/2856/2776 4163/2857/2777
f 4113/2771/2693 4163/2857/2777 4164/2772/2694
f 4164/2772/2694 4163/2857/2777 4214/2858/2778
f 4164/2772/2694 4214/2858/2778 4215/2773/2695
f 4215/2773/2695 4214/2858/2778 4265/2859/2779
f 4215/2773/2695 4265/2859/2779 4266/2774/2696
f 4266/2774/2696 4265/2859/2779 4316/2860/2780
f 4266/2774/2696 4316/2860/2780 4317/2775/2697
f 4317/2775/2697 4316/2860/2780 4367/2861/2781
f 4317/2775/2697 4367/2861/2781 4368/2776/2698
f 4368/2776/2698 4367/2861/2781 4418/2862/2782
f 4368/2776/2698 4418/2862/2782 4419/2777/2699
f 4419/2777/2699 4418/2862/2782 4469/2863/2783
f 4419/2777/2699 4469/2863/2783 4470/2778/2700
f 4470/2778/2700 4469/2863/2783 303/2864/2784
f 4470/2778/2700 303/2864/2784 302/2779/2701
f 302/2779/2701 303/2864/2784 321/2865/2785
f 302/2779/2701 321/2865/2785 322/2780/2702
f 322/2780/2702 321/2865/2785 4522/2866/2786
f 322/2780/2702 4522/2866/2786 4523/2781/2703
f 4523/2781/2703 4522/2866/2786 4573/2867/2787
f 4523/2781/2703 4573/2867/2787 4574/2782/2704
f 4574/2782/2704 4573/2867/2787 4624/2868/2788
f 4574/2782/2704 4624/2868/2788 4625/2783/2705
f 4625/2783/2705 4624/2868/2788 4675/2869/2789
f 4625/2783/2705 4675/2869/2789 4676/2784/2706
f 4676/2784/2706 4675/2869/2789 4726/2870/2790
f 4676/2784/2706 4726/2870/2790 4727/2785/2707
f 4727/2785/2707 4726/2870/2790 4777/2871/2791
f 4727/2785/2707 4777/2871/2791 4778/872/845
f 4778/872/845 4777/2871/2791 4828/870/843
f 35/2872/2640 34/2786/2556 1761/2873/2792
f 1761/2873/2792 34/2786/2556 1711/2787/2708
f 1761/2873/2792 1711/2787/2708 1710/2874/2793
f 1710/2874/2793 1711/2787/2708 1660/2788/2709
f 1710/2874/2793 1660/2788/2709 1659/2875/2794
f 1659/2875/2794 1660/2788/2709 1609/2789/2710
f 1659/2875/2794 1609/2789/2710 1608/2876/2795
f 1608/2876/2795 1609/2789/2710 1558/2790/2711
f 1608/2876/2795 1558/2790/2711 1557/2877/2796
f 1557/2877/2796 1558/2790/2711 757/2791/2712
f 1557/2877/2796 757/2791/2712 756/2878/2797
f 756/2878/2797 757/2791/2712 667/2792/2713
f 756/2878/2797 667/2792/2713 668/2879/2798
f 668/2879/2798 667/2792/2713 1505/2793/2714
f 668/2879/2798 1505/2793/2714 1504/2880/2799
f 1504/2880/2799 1505/2793/2714 1454/2794/2715
f 1504/2880/2799 1454/2794/2715 1453/2881/2800
f 1453/2881/2800 1454/2794/2715 1403/2795/2716
f 1453/2881/2800 1403/2795/2716 1402/2882/2801
f 1402/2882/2801 1403/2795/2716 1352/2796/2717
f 1402/2882/2801 1352/2796/2717 1351/2883/2802
f 1351/2883/2802 1352/2796/2717 1301/2797/2718
f 1351/2883/2802 1301/2797/2718 1300/2884/2803
f 1300/2884/2803 1301/2797/2718 1250/2798/2719
f 1300/2884/2803 1250/2798/2719 1249/2885/2804
f 1249/2885/2804 1250/2798/2719 1199/2799/2720
f 1249/2885/2804 1199/2799/2720 1198/2886/2805
f 1198/2886/2805 1199/2799/2720 1148/2800/2721
f 1198/2886/2805 1148/2800/2721 1147/2887/2806
f 1147/2887/2806 1148/2800/2721 1097/2801/2722
f 1147/2887/2806 1097/2801/2722 1096/2888/2807
f 1096/2888/2807 1097/2801/2722 1046/2802/2723
f 1096/2888/2807 1046/2802/2723 1045/795/772
f 1045/795/772 1046/2802/2723 995/793/770
f 36/2803/2724 37/2889/2808 1862/2804/2725
f 1862/2804/2725 37/2889/2808 1912/2890/2809
f 1862/2804/2725 1912/2890/2809 1913/2805/2726
f 1913/2805/2726 1912/2890/2809 1963/2891/2810
f 1913/2805/2726 1963/2891/2810 1964/2806/2727
f 1964/2806/2727 1963/2891/2810 2014/2892/2811
f 1964/2806/2727 2014/2892/2811 2015/2807/2728
f 2015/2807/2728 2014/2892/2811 2065/2893/2812
f 2015/2807/2728 2065/2893/2812 2066/2808/2729
f 2066/2808/2729 2065/2893/2812 2116/2894/2813
f 2066/2808/2729 2116/2894/2813 2117/2809/2730
f 2117/2809/2730 2116/2894/2813 2167/2895/2814
f 2117/2809/2730 2167/2895/2814 2168/2810/2731
f 2168/2810/2731 2167/2895/2814 2218/2896/2815
f 2168/2810/2731 2218/2896/2815 2219/2811/2732
f 2219/2811/2732 2218/2896/2815 604/2897/2816
f 2219/2811/2732 604/2897/2816 603/2812/2733
f 603/2812/2733 604/2897/2816 620/2898/2817
f 603/2812/2733 620/2898/2817 621/2813/2734
f 621/2813/2734 620/2898/2817 2271/2899/2818
f 621/2813/2734 2271/2899/2818 2272/2814/2735
f 2272/2814/2735 2271/2899/2818 2322/2900/2819
f 2272/2814/2735 2322/2900/2819 2323/2815/2736
f 2323/2815/2736 2322/2900/2819 2373/2901/2820
f 2323/2815/2736 2373/2901/2820 2374/2816/2737
f 2374/2816/2737 2373/2901/2820 2424/2902/2821
f 2374/2816/2737 2424/2902/2821 2425/2817/2738
f 2425/2817/2738 2424/2902/2821 2475/2903/2822
f 2425/2817/2738 2475/2903/2822 2476/2818/2739
f 2476/2818/2739 2475/2903/2822 2526/2904/2823
f 2476/2818/2739 2526/2904/2823 2527/2819/2740
f 2527/2819/2740 2526/2904/2823 2577/2905/2824
f 2527/2819/2740 2577/2905/2824 2578/2820/2741
f 2578/2820/2741 2577/2905/2824 2628/2906/2825
f 2578/2820/2741 2628/2906/2825 2629/2821/2742
f 2629/2821/2742 2628/2906/2825 2679/2907/2826
f 2629/2821/2742 2679/2907/2826 2680/2822/2743
f 2680/2822/2743 2679/2907/2826 2730/2908/2827
f 2680/2822/2743 2730/2908/2827 2731/2823/2744
f 2731/2823/2744 2730/2908/2827 2781/2909/2828
f 2731/2823/2744 2781/2909/2828 2782/2824/2745
f 2782/2824/2745 2781/2909/2828 2832/2910/2829
f 2782/2824/2745 2832/2910/2829 2833/2825/2746
f 2833/2825/2746 2832/2910/2829 2883/2911/2830
f 2833/2825/2746 2883/2911/2830 2884/2826/2747
f 2884/2826/2747 2883/2911/2830 2934/2912/2831
f 2884/2826/2747 2934/2912/2831 2935/2827/2748
f 2935/2827/2748 2934/2912/2831 2985/2913/2832
f 2935/2827/2748 2985/2913/2832 2986/2828/2749
f 2986/2828/2749 2985/2913/2832 487/2914/2833
f 2986/2828/2749 487/2914/2833 486/2829/2750
f 486/2829/2750 487/2914/2833 537/2915/2834
f 486/2829/2750 537/2915/2834 538/2830/2751
f 538/2830/2751 537/2915/2834 3038/2916/2835
f 538/2830/2751 3038/2916/2835 3039/2831/2752
f 3039/2831/2752 3038/2916/2835 3089/2917/2836
f 3039/2831/2752 3089/2917/2836 3090/2832/2753
f 3090/2832/2753 3089/2917/2836 3140/2918/2837
f 3090/2832/2753 3140/2918/2837 3141/2833/2754
f 3141/2833/2754 3140/2918/2837 3191/2919/2838
f 3141/2833/2754 3191/2919/2838 3192/2834/2755
f 3192/2834/2755 3191/2919/2838 3242/2920/2839
f 3192/2834/2755 3242/2920/2839 3243/2835/2756
f 3243/2835/2756 3242/2920/2839 3293/2921/2840
f 3243/2835/2756 3293/2921/2840 3294/2836/2757
f 3294/2836/2757 3293/2921/2840 3344/2922/2841
f 3294/2836/2757 3344/2922/2841 3345/2837/2758
f 3345/2837/2758 3344/2922/2841 3395/2923/2842
f 3345/2837/2758 3395/2923/2842 3396/2838/2759
f 3396/2838/2759 3395/2923/2842 3446/2924/2843
f 3396/2838/2759 3446/2924/2843 3447/2839/2760
f 3447/2839/2760 3446/2924/2843 3497/2925/2844
f 3447/2839/2760 3497/2925/2844 3498/2840/2761
f 3498/2840/2761 3497/2925/2844 3548/2926/2845
f 3498/2840/2761 3548/2926/2845 3549/2841/2762
f 3549/2841/2762 3548/2926/2845 3599/2927/2846
f 3549/2841/2762 3599/2927/2846 3600/2842/2763
f 3600/2842/2763 3599/2927/2846 3650/2928/2847
f 3600/2842/2763 3650/2928/2847 3651/2843/2764
f 3651/2843/2764 3650/2928/2847 3701/2929/2848
f 3651/2843/2764 3701/2929/2848 3702/2844/2765
f 3702/2844/2765 3701/2929/2848 3752/2930/2849
f 3702/2844/2765 3752/2930/2849 3753/2845/2766
f 3753/2845/2766 3752/2930/2849 370/2931/2850
f 3753/2845/2766 370/2931/2850 369/2846/2767
f 369/2846/2767 370/2931/2850 454/2932/2851
f 369/2846/2767 454/2932/2851 455/2847/2768
f 455/2847/2768 454/2932/2851 3805/2933/2852
f 455/2847/2768 3805/2933/2852 3806/2848/2769
f 3806/2848/2769 3805/2933/2852 3856/2934/2853
f 3806/2848/2769 3856/2934/2853 3857/2849/2770
f 3857/2849/2770 3856/2934/2853 3907/2935/2854
f 3857/2849/2770 3907/2935/2854 3908/2850/2771
f 3908/2850/2771 3907/2935/2854 3958/2936/2855
f 3908/2850/2771 3958/2936/2855 3959/2851/2772
f 3959/2851/2772 3958/2936/2855 4009/2937/2856
f 3959/2851/2772 4009/2937/2856 4010/2852/2773
f 4010/2852/2773 4009/2937/2856 4060/2938/2857
f 4010/2852/2773 4060/2938/2857 4061/2853/2774
f 4061/2853/2774 4060/2938/2857 4111/2939/2858
f 4061/2853/2774 4111/2939/2858 87/2854/2775
f 87/2854/2775 4111/2939/2858 88/2940/2859
f 87/2855/2775 88/2941/2859 4112/2856/2776
f 4112/2856/2776 88/2941/2859 4162/2942/2860
f 4112/2856/2776 4162/2942/2860 4163/2857/2777
f 4163/2857/2777 4162/2942/2860 4213/2943/2861
f 4163/2857/2777 4213/2943/2861 4214/2858/2778
f 4214/2858/2778 4213/2943/2861 4264/2944/2862
f 4214/2858/2778 4264/2944/2862 4265/2859/2779
f 4265/2859/2779 4264/2944/2862 4315/2945/2863
f 4265/2859/2779 4315/2945/2863 4316/2860/2780
f 4316/2860/2780 4315/2945/2863 4366/2946/2864
f 4316/2860/2780 4366/2946/2864 4367/2861/2781
f 4367/2861/2781 4366/2946/2864 4417/2947/2865
f 4367/2861/2781 4417/2947/2865 4418/2862/2782
f 4418/2862/2782 4417/2947/2865 4468/2948/2866
f 4418/2862/2782 4468/2948/2866 4469/2863/2783
f 4469/2863/2783 4468/2948/2866 304/2949/2867
f 4469/2863/2783 304/2949/2867 303/2864/2784
f 303/2864/2784 304/2949/2867 320/2950/2868
f 303/2864/2784 320/2950/2868 321/2865/2785
f 321/2865/2785 320/2950/2868 4521/2951/2869
f 321/2865/2785 4521/2951/2869 4522/2866/2786
f 4522/2866/2786 4521/2951/2869 4572/2952/2870
f 4522/2866/2786 4572/2952/2870 4573/2867/2787
f 4573/2867/2787 4572/2952/2870 4623/2953/2871
f 4573/2867/2787 4623/2953/2871 4624/2868/2788
f 4624/2868/2788 4623/2953/2871 4674/2954/2872
f 4624/2868/2788 4674/2954/2872 4675/2869/2789
f 4675/2869/2789 4674/2954/2872 4725/2955/2873
f 4675/2869/2789 4725/2955/2873 4726/2870/2790
f 4726/2870/2790 4725/2955/2873 4776/2956/2874
f 4726/2870/2790 4776/2956/2874 4777/2871/2791
f 4777/2871/2791 4776/2956/2874 4827/2957/2875
f 4777/2871/2791 4827/2957/2875 4828/870/843
f 4828/870/843 4827/2957/2875 4878/868/841
f 36/2958/2724 35/2872/2640 1811/2959/2876
f 1811/2959/2876 35/2872/2640 1761/2873/2792
f 1811/2959/2876 1761/2873/2792 1760/2960/2877
f 1760/2960/2877 1761/2873/2792 1710/2874/2793
f 1760/2960/2877 1710/2874/2793 1709/2961/2878
f 1709/2961/2878 1710/2874/2793 1659/2875/2794
f 1709/2961/2878 1659/2875/2794 1658/2962/2879
f 1658/2962/2879 1659/2875/2794 1608/2876/2795
f 1658/2962/2879 1608/2876/2795 1607/2963/2880
f 1607/2963/2880 1608/2876/2795 1557/2877/2796
f 1607/2963/2880 1557/2877/2796 1556/2964/2881
f 1556/2964/2881 1557/2877/2796 756/2878/2797
f 1556/2964/2881 756/2878/2797 755/2965/2882
f 755/2965/2882 756/2878/2797 668/2879/2798
f 755/2965/2882 668/2879/2798 669/2966/2883
f 669/2966/2883 668/2879/2798 1504/2880/2799
f 669/2966/2883 1504/2880/2799 1503/2967/2884
f 1503/2967/2884 1504/2880/2799 1453/2881/2800
f 1503/2967/2884 1453/2881/2800 1452/2968/2885
f 1452/2968/2885 1453/2881/2800 1402/2882/2801
f 1452/2968/2885 1402/2882/2801 1401/2969/2886
f 1401/2969/2886 1402/2882/2801 1351/2883/2802
f 1401/2969/2886 1351/2883/2802 1350/2970/2887
f 1350/2970/2887 1351/2883/2802 1300/2884/2803
f 1350/2970/2887 1300/2884/2803 1299/2971/2888
f 1299/2971/2888 1300/2884/2803 1249/2885/2804
f 1299/2971/2888 1249/2885/2804 1248/2972/2889
f 1248/2972/2889 1249/2885/2804 1198/2886/2805
f 1248/2972/2889 1198/2886/2805 1197/2973/2890
f 1197/2973/2890 1198/2886/2805 1147/2887/2806
f 1197/2973/2890 1147/2887/2806 1146/2974/2891
f 1146/2974/2891 1147/2887/2806 1096/2888/2807
f 1146/2974/2891 1096/2888/2807 1095/797/774
f 1095/797/774 1096/2888/2807 1045/795/772
f 37/2889/2808 38/2975/2892 1912/2890/2809
f 1912/2890/2809 38/2975/2892 1962/2976/2893
f 1912/2890/2809 1962/2976/2893 1963/2891/2810
f 1963/2891/2810 1962/2976/2893 2013/2977/2894
f 1963/2891/2810 2013/2977/2894 2014/2892/2811
f 2014/2892/2811 2013/2977/2894 2064/2978/2895
f 2014/2892/2811 2064/2978/2895 2065/2893/2812
f 2065/2893/2812 2064/2978/2895 2115/2979/2896
f 2065/2893/2812 2115/2979/2896 2116/2894/2813
f 2116/2894/2813 2115/2979/2896 2166/2980/2897
f 2116/2894/2813 2166/2980/2897 2167/2895/2814
f 2167/2895/2814 2166/2980/2897 2217/2981/2898
f 2167/2895/2814 2217/2981/2898 2218/2896/2815
f 2218/2896/2815 2217/2981/2898 605/2982/2899
f 2218/2896/2815 605/2982/2899 604/2897/2816
f 604/2897/2816 605/2982/2899 619/2983/2900
f 604/2897/2816 619/2983/2900 620/2898/2817
f 620/2898/2817 619/2983/2900 2270/2984/2901
f 620/2898/2817 2270/2984/2901 2271/2899/2818
f 2271/2899/2818 2270/2984/2901 2321/2985/2902
f 2271/2899/2818 2321/2985/2902 2322/2900/2819
f 2322/2900/2819 2321/2985/2902 2372/2986/2903
f 2322/2900/2819 2372/2986/2903 2373/2901/2820
f 2373/2901/2820 2372/2986/2903 2423/2987/2904
f 2373/2901/2820 2423/2987/2904 2424/2902/2821
f 2424/2902/2821 2423/2987/2904 2474/2988/2905
f 2424/2902/2821 2474/2988/2905 2475/2903/2822
f 2475/2903/2822 2474/2988/2905 2525/2989/2906
f 2475/2903/2822 2525/2989/2906 2526/2904/2823
f 2526/2904/2823 2525/2989/2906 2576/2990/2907
f 2526/2904/2823 2576/2990/2907 2577/2905/2824
f 2577/2905/2824 2576/2990/2907 2627/2991/2908
f 2577/2905/2824 2627/2991/2908 2628/2906/2825
f 2628/2906/2825 2627/2991/2908 2678/2992/2909
f 2628/2906/2825 2678/2992/2909 2679/2907/2826
f 2679/2907/2826 2678/2992/2909 2729/2993/2910
f 2679/2907/2826 2729/2993/2910 2730/2908/2827
f 2730/2908/2827 2729/2993/2910 2780/2994/2911
f 2730/2908/2827 2780/2994/2911 2781/2909/2828
f 2781/2909/2828 2780/2994/2911 2831/2995/2912
f 2781/2909/2828 2831/2995/2912 2832/2910/2829
f 2832/2910/2829 2831/2995/2912 2882/2996/2913
f 2832/2910/2829 2882/2996/2913 2883/2911/2830
f 2883/2911/2830 2882/2996/2913 2933/2997/2914
f 2883/2911/2830 2933/2997/2914 2934/2912/2831
f 2934/2912/2831 2933/2997/2914 2984/2998/2915
f 2934/2912/2831 2984/2998/2915 2985/2913/2832
f 2985/2913/2832 2984/2998/2915 488/2999/2916
f 2985/2913/2832 488/2999/2916 487/2914/2833
f 487/2914/2833 488/2999/2916 536/3000/2917
f 487/2914/2833 536/3000/2917 537/2915/2834
f 537/2915/2834 536/3000/2917 3037/3001/2918
f 537/2915/2834 3037/3001/2918 3038/2916/2835
f 3038/2916/2835 3037/3001/2918 3088/3002/2919
f 3038/2916/2835 3088/3002/2919 3089/2917/2836
f 3089/2917/2836 3088/3002/2919 3139/3003/2920
f 3089/2917/2836 3139/3003/2920 3140/2918/2837
f 3140/2918/2837 3139/3003/2920 3190/3004/2921
f 3140/2918/2837 3190/3004/2921 3191/2919/2838
f 3191/2919/2838 3190/3004/2921 3241/3005/2922
f 3191/2919/2838 3241/3005/2922 3242/2920/2839
f 3242/2920/2839 3241/3005/2922 3292/3006/2923
f 3242/2920/2839 3292/3006/2923 3293/2921/2840
f 3293/2921/2840 3292/3006/2923 3343/3007/2924
f 3293/2921/2840 3343/3007/2924 3344/2922/2841
f 3344/2922/2841 3343/3007/2924 3394/3008/2925
f 3344/2922/2841 3394/3008/2925 3395/2923/2842
f 3395/2923/2842 3394/3008/2925 3445/3009/2926
f 3395/2923/2842 3445/3009/2926 3446/2924/2843
f 3446/2924/2843 3445/3009/2926 3496/3010/2927
f 3446/2924/2843 3496/3010/2927 3497/2925/2844
f 3497/2925/2844 3496/3010/2927 3547/3011/2928
f 3497/2925/2844 3547/3011/2928 3548/2926/2845
f 3548/2926/2845 3547/3011/2928 3598/3012/2929
f 3548/2926/2845 3598/3012/2929 3599/2927/2846
f 3599/2927/2846 3598/3012/2929 3649/3013/2930
f 3599/2927/2846 3649/3013/2930 3650/2928/2847
f 3650/2928/2847 3649/3013/2930 3700/3014/2931
f 3650/2928/2847 3700/3014/2931 3701/2929/2848
f 3701/2929/2848 3700/3014/2931 3751/3015/2932
f 3701/2929/2848 3751/3015/2932 3752/2930/2849
f 3752/2930/2849 3751/3015/2932 371/3016/2933
f 3752/2930/2849 371/3016/2933 370/2931/2850
f 370/2931/2850 371/3016/2933 453/3017/2934
f 370/2931/2850 453/3017/2934 454/2932/2851
f 454/2932/2851 453/3017/2934 3804/3018/2935
f 454/2932/2851 3804/3018/2935 3805/2933/2852
f 3805/2933/2852 3804/3018/2935 3855/3019/2936
f 3805/2933/2852 3855/3019/2936 3856/2934/2853
f 3856/2934/2853 3855/3019/2936 3906/3020/2937
f 3856/2934/2853 3906/3020/2937 3907/2935/2854
f 3907/2935/2854 3906/3020/2937 3957/3021/2938
f 3907/2935/2854 3957/3021/2938 3958/2936/2855
f 3958/2936/2855 3957/3021/2938 4008/3022/2939
f 3958/2936/2855 4008/3022/2939 4009/2937/2856
f 4009/2937/2856 4008/3022/2939 4059/3023/2940
f 4009/2937/2856 4059/3023/2940 4060/2938/2857
f 4060/2938/2857 4059/3023/2940 4110/3024/2941
f 4060/2938/2857 4110/3024/2941 4111/2939/2858
f 4111/2939/2858 4110/3024/2941 4161/3025/2942
f 4111/2939/2858 4161/3025/2942 88/2940/2859
f 88/2940/2859 4161/3025/2942 89/3026/2943
f 88/2941/2859 89/3027/2943 4162/2942/2860
f 4162/2942/2860 89/3027/2943 4212/3028/2944
f 4162/2942/2860 4212/3028/2944 4213/2943/2861
f 4213/2943/2861 4212/3028/2944 4263/3029/2945
f 4213/2943/2861 4263/3029/2945 4264/2944/2862
f 4264/2944/2862 4263/3029/2945 4314/3030/2946
f 4264/2944/2862 4314/3030/2946 4315/2945/2863
f 4315/2945/2863 4314/3030/2946 4365/3031/2947
f 4315/2945/2863 4365/3031/2947 4366/2946/2864
f 4366/2946/2864 4365/3031/2947 4416/3032/2948
f 4366/2946/2864 4416/3032/2948 4417/2947/2865
f 4417/2947/2865 4416/3032/2948 4467/3033/2949
f 4417/2947/2865 4467/3033/2949 4468/2948/2866
f 4468/2948/2866 4467/3033/2949 305/3034/2950
f 4468/2948/2866 305/3034/2950 304/2949/2867
f 304/2949/2867 305/3034/2950 319/3035/2951
f 304/2949/2867 319/3035/2951 320/2950/2868
f 320/2950/2868 319/3035/2951 4520/3036/2952
f 320/2950/2868 4520/3036/2952 4521/2951/2869
f 4521/2951/2869 4520/3036/2952 4571/3037/2953
f 4521/2951/2869 4571/3037/2953 4572/2952/2870
f 4572/2952/2870 4571/3037/2953 4622/3038/2954
f 4572/2952/2870 4622/3038/2954 4623/2953/2871
f 4623/2953/2871 4622/3038/2954 4673/3039/2955
f 4623/2953/2871 4673/3039/2955 4674/2954/2872
f 4674/2954/2872 4673/3039/2955 4724/3040/2956
f 4674/2954/2872 4724/3040/2956 4725/2955/2873
f 4725/2955/2873 4724/3040/2956 4775/3041/2957
f 4725/2955/2873 4775/3041/2957 4776/2956/2874
f 4776/2956/2874 4775/3041/2957 4826/3042/2958
f 4776/2956/2874 4826/3042/2958 4827/2957/2875
f 4827/2957/2875 4826/3042/2958 4877/3043/2959
f 4827/2957/2875 4877/3043/2959 4878/868/841
f 4878/868/841 4877/3043/2959 4928/866/839
f 37/3044/2808 36/2958/2724 1861/3045/2960
f 1861/3045/2960 36/2958/2724 1811/2959/2876
f 1861/3045/2960 1811/2959/2876 1810/3046/2961
f 1810/3046/2961 1811/2959/2876 1760/2960/2877
f 1810/3046/2961 1760/2960/2877 1759/3047/2962
f 1759/3047/2962 1760/2960/2877 1709/2961/2878
f 1759/3047/2962 1709/2961/2878 1708/3048/2963
f 1708/3048/2963 1709/2961/2878 1658/2962/2879
f 1708/3048/2963 1658/2962/2879 1657/3049/2964
f 1657/3049/2964 1658/2962/2879 1607/2963/2880
f 1657/3049/2964 1607/2963/2880 1606/3050/2965
f 1606/3050/2965 1607/2963/2880 1556/2964/2881
f 1606/3050/2965 1556/2964/2881 1555/3051/2966
f 1555/3051/2966 1556/2964/2881 755/2965/2882
f 1555/3051/2966 755/2965/2882 754/3052/2967
f 754/3052/2967 755/2965/2882 669/2966/2883
f 754/3052/2967 669/2966/2883 670/3053/2968
f 670/3053/2968 669/2966/2883 1503/2967/2884
f 670/3053/2968 1503/2967/2884 1502/3054/2969
f 1502/3054/2969 1503/2967/2884 1452/2968/2885
f 1502/3054/2969 1452/2968/2885 1451/3055/2970
f 1451/3055/2970 1452/2968/2885 1401/2969/2886
f 1451/3055/2970 1401/2969/2886 1400/3056/2971
f 1400/3056/2971 1401/2969/2886 1350/2970/2887
f 1400/3056/2971 1350/2970/2887 1349/3057/2972
f 1349/3057/2972 1350/2970/2887 1299/2971/2888
f 1349/3057/2972 1299/2971/2888 1298/3058/2973
f 1298/3058/2973 1299/2971/2888 1248/2972/2889
f 1298/3058/2973 1248/2972/2889 1247/3059/2974
f 1247/3059/2974 1248/2972/2889 1197/2973/2890
f 1247/3059/2974 1197/2973/2890 1196/3060/2975
f 1196/3060/2975 1197/2973/2890 1146/2974/2891
f 1196/3060/2975 1146/2974/2891 1145/799/776
f 1145/799/776 1146/2974/2891 1095/797/774
f 38/2975/2892 39/3061/2976 1962/2976/2893
f 1962/2976/2893 39/3061/2976 2012/3062/2977
f 1962/2976/2893 2012/3062/2977 2013/2977/2894
f 2013/2977/2894 2012/3062/2977 2063/3063/2978
f 2013/2977/2894 2063/3063/2978 2064/2978/2895
f 2064/2978/2895 2063/3063/2978 2114/3064/2979
f 2064/2978/2895 2114/3064/2979 2115/2979/2896
f 2115/2979/2896 2114/3064/2979 2165/3065/2980
f 2115/2979/2896 2165/3065/2980 2166/2980/2897
f 2166/2980/2897 2165/3065/2980 2216/3066/2981
f 2166/2980/2897 2216/3066/2981 2217/2981/2898
f 2217/2981/2898 2216/3066/2981 606/3067/2982
f 2217/2981/2898 606/3067/2982 605/2982/2899
f 605/2982/2899 606/3067/2982 618/3068/2983
f 605/2982/2899 618/3068/2983 619/2983/2900
f 619/2983/2900 618/3068/2983 2269/3069/2984
f 619/2983/2900 2269/3069/2984 2270/2984/2901
f 2270/2984/2901 2269/3069/2984 2320/3070/2985
f 2270/2984/2901 2320/3070/2985 2321/2985/2902
f 2321/2985/2902 2320/3070/2985 2371/3071/2986
f 2321/2985/2902 2371/3071/2986 2372/2986/2903
f 2372/2986/2903 2371/3071/2986 2422/3072/2987
f 2372/2986/2903 2422/3072/2987 2423/2987/2904
f 2423/2987/2904 2422/3072/2987 2473/3073/2988
f 2423/2987/2904 2473/3073/2988 2474/2988/2905
f 2474/2988/2905 2473/3073/2988 2524/3074/2989
f 2474/2988/2905 2524/3074/2989 2525/2989/2906
f 2525/2989/2906 2524/3074/2989 2575/3075/2990
f 2525/2989/2906 2575/3075/2990 2576/2990/2907
f 2576/2990/2907 2575/3075/2990 2626/3076/2991
f 2576/2990/2907 2626/3076/2991 2627/2991/2908
f 2627/2991/2908 2626/3076/2991 2677/3077/2992
f 2627/2991/2908 2677/3077/2992 2678/2992/2909
f 2678/2992/2909 2677/3077/2992 2728/3078/2993
f 2678/2992/2909 2728/3078/2993 2729/2993/2910
f 2729/2993/2910 2728/3078/2993 2779/3079/2994
f 2729/2993/2910 2779/3079/2994 2780/2994/2911
f 2780/2994/2911 2779/3079/2994 2830/3080/2995
f 2780/2994/2911 2830/3080/2995 2831/2995/2912
f 2831/2995/2912 2830/3080/2995 2881/3081/2996
f 2831/2995/2912 2881/3081/2996 2882/2996/2913
f 2882/2996/2913 2881/3081/2996 2932/3082/2997
f 2882/2996/2913 2932/3082/2997 2933/2997/2914
f 2933/2997/2914 2932/3082/2997 2983/3083/2998
f 2933/2997/2914 2983/3083/2998 2984/2998/2915
f 2984/2998/2915 2983/3083/2998 489/3084/2999
f 2984/2998/2915 489/3084/2999 488/2999/2916
f 488/2999/2916 489/3084/2999 535/3085/3000
f 488/2999/2916 535/3085/3000 536/3000/2917
f 536/3000/2917 535/3085/3000 3036/3086/3001
f 536/3000/2917 3036/3086/3001 3037/3001/2918
f 3037/3001/2918 3036/3086/3001 3087/3087/3002
f 3037/3001/2918 3087/3087/3002 3088/3002/2919
f 3088/3002/2919 3087/3087/3002 3138/3088/3003
f 3088/3002/2919 3138/3088/3003 3139/3003/2920
f 3139/3003/2920 3138/3088/3003 3189/3089/3004
f 3139/3003/2920 3189/3089/3004 3190/3004/2921
f 3190/3004/2921 3189/3089/3004 3240/3090/3005
f 3190/3004/2921 3240/3090/3005 3241/3005/2922
f 3241/3005/2922 3240/3090/3005 3291/3091/3006
f 3241/3005/2922 3291/3091/3006 3292/3006/2923
f 3292/3006/2923 3291/3091/3006 3342/3092/3007
f 3292/3006/2923 3342/3092/3007 3343/3007/2924
f 3343/3007/2924 3342/3092/3007 3393/3093/3008
f 3343/3007/2924 3393/3093/3008 3394/3008/2925
f 3394/3008/2925 3393/3093/3008 3444/3094/3009
f 3394/3008/2925 3444/3094/3009 3445/3009/2926
f 3445/3009/2926 3444/3094/3009 3495/3095/3010
f 3445/3009/2926 3495/3095/3010 3496/3010/2927
f 3496/3010/2927 3495/3095/3010 3546/3096/3011
f 3496/3010/2927 3546/3096/3011 3547/3011/2928
f 3547/3011/2928 3546/3096/3011 3597/3097/3012
f 3547/3011/2928 3597/3097/3012 3598/3012/2929
f 3598/3012/2929 3597/3097/3012 3648/3098/3013
f 3598/3012/2929 3648/3098/3013 3649/3013/2930
f 3649/3013/2930 3648/3098/3013 3699/3099/3014
f 3649/3013/2930 3699/3099/3014 3700/3014/2931
f 3700/3014/2931 3699/3099/3014 3750/3100/3015
f 3700/3014/2931 3750/3100/3015 3751/3015/2932
f 3751/3015/2932 3750/3100/3015 372/3101/3016
f 3751/3015/2932 372/3101/3016 371/3016/2933
f 371/3016/2933 372/3101/3016 452/3102/3017
f 371/3016/2933 452/3102/3017 453/3017/2934
f 453/3017/2934 452/3102/3017 3803/3103/3018
f 453/3017/2934 3803/3103/3018 3804/3018/2935
f 3804/3018/2935 3803/3103/3018 3854/3104/3019
f 3804/3018/2935 3854/3104/3019 3855/3019/2936
f 3855/3019/2936 3854/3104/3019 3905/3105/3020
f 3855/3019/2936 3905/3105/3020 3906/3020/2937
f 3906/3020/2937 3905/3105/3020 3956/3106/3021
f 3906/3020/2937 3956/3106/3021 3957/3021/2938
f 3957/3021/2938 3956/3106/3021 4007/3107/3022
f 3957/3021/2938 4007/3107/3022 4008/3022/2939
f 4008/3022/2939 4007/3107/3022 4058/3108/3023
f 4008/3022/2939 4058/3108/3023 4059/3023/2940
f 4059/3023/2940 4058/3108/3023 4109/3109/3024
f 4059/3023/2940 4109/3109/3024 4110/3024/2941
f 4110/3024/2941 4109/3109/3024 4160/3110/3025
f 4110/3024/2941 4160/3110/3025 4161/3025/2942
f 4161/3025/2942 4160/3110/3025 4211/3111/3026
f 4161/3025/2942 4211/3111/3026 89/3026/2943
f 89/3026/2943 4211/3111/3026 90/3112/3027
f 89/3027/2943 90/3113/3027 4212/3028/2944
f 4212/3028/2944 90/3113/3027 4262/3114/3028
f 4212/3028/2944 4262/3114/3028 4263/3029/2945
f 4263/3029/2945 4262/3114/3028 4313/3115/3029
f 4263/3029/2945 4313/3115/3029 4314/3030/2946
f 4314/3030/2946 4313/3115/3029 4364/3116/3030
f 4314/3030/2946 4364/3116/3030 4365/3031/2947
f 4365/3031/2947 4364/3116/3030 4415/3117/3031
f 4365/3031/2947 4415/3117/3031 4416/3032/2948
f 4416/3032/2948 4415/3117/3031 4466/3118/3032
f 4416/3032/2948 4466/3118/3032 4467/3033/2949
f 4467/3033/2949 4466/3118/3032 306/3119/3033
f 4467/3033/2949 306/3119/3033 305/3034/2950
f 305/3034/2950 306/3119/3033 318/3120/3034
f 305/3034/2950 318/3120/3034 319/3035/2951
f 319/3035/2951 318/3120/3034 4519/3121/3035
f 319/3035/2951 4519/3121/3035 4520/3036/2952
f 4520/3036/2952 4519/3121/3035 4570/3122/3036
f 4520/3036/2952 4570/3122/3036 4571/3037/2953
f 4571/3037/2953 4570/3122/3036 4621/3123/3037
f 4571/3037/2953 4621/3123/3037 4622/3038/2954
f 4622/3038/2954 4621/3123/3037 4672/3124/3038
f 4622/3038/2954 4672/3124/3038 4673/3039/2955
f 4673/3039/2955 4672/3124/3038 4723/3125/3039
f 4673/3039/2955 4723/3125/3039 4724/3040/2956
f 4724/3040/2956 4723/3125/3039 4774/3126/3040
f 4724/3040/2956 4774/3126/3040 4775/3041/2957
f 4775/3041/2957 4774/3126/3040 4825/3127/3041
f 4775/3041/2957 4825/3127/3041 4826/3042/2958
f 4826/3042/2958 4825/3127/3041 4876/3128/3042
f 4826/3042/2958 4876/3128/3042 4877/3043/2959
f 4877/3043/2959 4876/3128/3042 4927/3129/3043
f 4877/3043/2959 4927/3129/3043 4928/866/839
f 4928/866/839 4927/3129/3043 4978/864/837
f 38/3130/2892 37/3044/2808 1911/3131/3044
f 1911/3131/3044 37/3044/2808 1861/3045/2960
f 1911/3131/3044 1861/3045/2960 1860/3132/3045
f 1860/3132/3045 1861/3045/2960 1810/3046/2961
f 1860/3132/3045 1810/3046/2961 1809/3133/3046
f 1809/3133/3046 1810/3046/2961 1759/3047/2962
f 1809/3133/3046 1759/3047/2962 1758/3134/3047
f 1758/3134/3047 1759/3047/2962 1708/3048/2963
f 1758/3134/3047 1708/3048/2963 1707/3135/3048
f 1707/3135/3048 1708/3048/2963 1657/3049/2964
f 1707/3135/3048 1657/3049/2964 1656/3136/3049
f 1656/3136/3049 1657/3049/2964 1606/3050/2965
f 1656/3136/3049 1606/3050/2965 1605/3137/3050
f 1605/3137/3050 1606/3050/2965 1555/3051/2966
f 1605/3137/3050 1555/3051/2966 1554/3138/3051
f 1554/3138/3051 1555/3051/2966 754/3052/2967
f 1554/3138/3051 754/3052/2967 753/3139/3052
f 753/3139/3052 754/3052/2967 670/3053/2968
f 753/3139/3052 670/3053/2968 671/3140/3053
f 671/3140/3053 670/3053/2968 1502/3054/2969
f 671/3140/3053 1502/3054/2969 1501/3141/3054
f 1501/3141/3054 1502/3054/2969 1451/3055/2970
f 1501/3141/3054 1451/3055/2970 1450/3142/3055
f 1450/3142/3055 1451/3055/2970 1400/3056/2971
f 1450/3142/3055 1400/3056/2971 1399/3143/3056
f 1399/3143/3056 1400/3056/2971 1349/3057/2972
f 1399/3143/3056 1349/3057/2972 1348/3144/3057
f 1348/3144/3057 1349/3057/2972 1298/3058/2973
f 1348/3144/3057 1298/3058/2973 1297/3145/3058
f 1297/3145/3058 1298/3058/2973 1247/3059/2974
f 1297/3145/3058 1247/3059/2974 1246/3146/3059
f 1246/3146/3059 1247/3059/2974 1196/3060/2975
f 1246/3146/3059 1196/3060/2975 1195/801/778
f 1195/801/778 1196/3060/2975 1145/799/776
f 39/3061/2976 40/3147/3060 2012/3062/2977
f 2012/3062/2977 40/3147/3060 2062/3148/3061
f 2012/3062/2977 2062/3148/3061 2063/3063/2978
f 2063/3063/2978 2062/3148/3061 2113/3149/3062
f 2063/3063/2978 2113/3149/3062 2114/3064/2979
f 2114/3064/2979 2113/3149/3062 2164/3150/3063
f 2114/3064/2979 2164/3150/3063 2165/3065/2980
f 2165/3065/2980 2164/3150/3063 2215/3151/3064
f 2165/3065/2980 2215/3151/3064 2216/3066/2981
f 2216/3066/2981 2215/3151/3064 607/3152/3065
f 2216/3066/2981 607/3152/3065 606/3067/2982
f 606/3067/2982 607/3152/3065 617/3153/3066
f 606/3067/2982 617/3153/3066 618/3068/2983
f 618/3068/2983 617/3153/3066 2268/3154/3067
f 618/3068/2983 2268/3154/3067 2269/3069/2984
f 2269/3069/2984 2268/3154/3067 2319/3155/3068
f 2269/3069/2984 2319/3155/3068 2320/3070/2985
f 2320/3070/2985 2319/3155/3068 2370/3156/3069
f 2320/3070/2985 2370/3156/3069 2371/3071/2986
f 2371/3071/2986 2370/3156/3069 2421/3157/3070
f 2371/3071/2986 2421/3157/3070 2422/3072/2987
f 2422/3072/2987 2421/3157/3070 2472/3158/3071
f 2422/3072/2987 2472/3158/3071 2473/3073/2988
f 2473/3073/2988 2472/3158/3071 2523/3159/3072
f 2473/3073/2988 2523/3159/3072 2524/3074/2989
f 2524/3074/2989 2523/3159/3072 2574/3160/3073
f 2524/3074/2989 2574/3160/3073 2575/3075/2990
f 2575/3075/2990 2574/3160/3073 2625/3161/3074
f 2575/3075/2990 2625/3161/3074 2626/3076/2991
f 2626/3076/2991 2625/3161/3074 2676/3162/3075
f 2626/3076/2991 2676/3162/3075 2677/3077/2992
f 2677/3077/2992 2676/3162/3075 2727/3163/3076
f 2677/3077/2992 2727/3163/3076 2728/3078/2993
f 2728/3078/2993 2727/3163/3076 2778/3164/3077
f 2728/3078/2993 2778/3164/3077 2779/3079/2994
f 2779/3079/2994 2778/3164/3077 2829/3165/3078
f 2779/3079/2994 2829/3165/3078 2830/3080/2995
f 2830/3080/2995 2829/3165/3078 2880/3166/3079
f 2830/3080/2995 2880/3166/3079 2881/3081/2996
f 2881/3081/2996 2880/3166/3079 2931/3167/3080
f 2881/3081/2996 2931/3167/3080 2932/3082/2997
f 2932/3082/2997 2931/3167/3080 2982/3168/3081
f 2932/3082/2997 2982/3168/3081 2983/3083/2998
f 2983/3083/2998 2982/3168/3081 490/3169/3082
f 2983/3083/2998 490/3169/3082 489/3084/2999
f 489/3084/2999 490/3169/3082 534/3170/3083
f 489/3084/2999 534/3170/3083 535/3085/3000
f 535/3085/3000 534/3170/3083 3035/3171/3084
f 535/3085/3000 3035/3171/3084 3036/3086/3001
f 3036/3086/3001 3035/3171/3084 3086/3172/3085
f 3036/3086/3001 3086/3172/3085 3087/3087/3002
f 3087/3087/3002 3086/3172/3085 3137/3173/3086
f 3087/3087/3002 3137/3173/3086 3138/3088/3003
f 3138/3088/3003 3137/3173/3086 3188/3174/3087
f 3138/3088/3003 3188/3174/3087 3189/3089/3004
f 3189/3089/3004 3188/3174/3087 3239/3175/3088
f 3189/3089/3004 3239/3175/3088 3240/3090/3005
f 3240/3090/3005 3239/3175/3088 3290/3176/3089
f 3240/3090/3005 3290/3176/3089 3291/3091/3006
f 3291/3091/3006 3290/3176/3089 3341/3177/3090
f 3291/3091/3006 3341/3177/3090 3342/3092/3007
f 3342/3092/3007 3341/3177/3090 3392/3178/3091
f 3342/3092/3007 3392/3178/3091 3393/3093/3008
f 3393/3093/3008 3392/3178/3091 3443/3179/3092
f 3393/3093/3008 3443/3179/3092 3444/3094/3009
f 3444/3094/3009 3443/3179/3092 3494/3180/3093
f 3444/3094/3009 3494/3180/3093 3495/3095/3010
f 3495/3095/3010 3494/3180/3093 3545/3181/3094
f 3495/3095/3010 3545/3181/3094 3546/3096/3011
f 3546/3096/3011 3545/3181/3094 3596/3182/3095
f 3546/3096/3011 3596/3182/3095 3597/3097/3012
f 3597/3097/3012 3596/3182/3095 3647/3183/3096
f 3597/3097/3012 3647/3183/3096 3648/3098/3013
f 3648/3098/3013 3647/3183/3096 3698/3184/3097
f 3648/3098/3013 3698/3184/3097 3699/3099/3014
f 3699/3099/3014 3698/3184/3097 3749/3185/3098
f 3699/3099/3014 3749/3185/3098 3750/3100/3015
f 3750/3100/3015 3749/3185/3098 373/3186/3099
f 3750/3100/3015 373/3186/3099 372/3101/3016
f 372/3101/3016 373/3186/3099 451/3187/3100
f 372/3101/3016 451/3187/3100 452/3102/3017
f 452/3102/3017 451/3187/3100 3802/3188/3101
f 452/3102/3017 3802/3188/3101 3803/3103/3018
f 3803/3103/3018 3802/3188/3101 3853/3189/3102
f 3803/3103/3018 3853/3189/3102 3854/3104/3019
f 3854/3104/3019 3853/3189/3102 3904/3190/3103
f 3854/3104/3019 3904/3190/3103 3905/3105/3020
f 3905/3105/3020 3904/3190/3103 3955/3191/3104
f 3905/3105/3020 3955/3191/3104 3956/3106/3021
f 3956/3106/3021 3955/3191/3104 4006/3192/3105
f 3956/3106/3021 4006/3192/3105 4007/3107/3022
f 4007/3107/3022 4006/3192/3105 4057/3193/3106
f 4007/3107/3022 4057/3193/3106 4058/3108/3023
f 4058/3108/3023 4057/3193/3106 4108/3194/3107
f 4058/3108/3023 4108/3194/3107 4109/3109/3024
f 4109/3109/3024 4108/3194/3107 4159/3195/3108
f 4109/3109/3024 4159/3195/3108 4160/3110/3025
f 4160/3110/3025 4159/3195/3108 4210/3196/3109
f 4160/3110/3025 4210/3196/3109 4211/3111/3026
f 4211/3111/3026 4210/3196/3109 4261/3197/3110
f 4211/3111/3026 4261/3197/3110 90/3112/3027
f 90/3112/3027 4261/3197/3110 91/3198/3111
f 90/3113/3027 91/3199/3111 4262/3114/3028
f 4262/3114/3028 91/3199/3111 4312/3200/3112
f 4262/3114/3028 4312/3200/3112 4313/3115/3029
f 4313/3115/3029 4312/3200/3112 4363/3201/3113
f 4313/3115/3029 4363/3201/3113 4364/3116/3030
f 4364/3116/3030 4363/3201/3113 4414/3202/3114
f 4364/3116/3030 4414/3202/3114 4415/3117/3031
f 4415/3117/3031 4414/3202/3114 4465/3203/3115
f 4415/3117/3031 4465/3203/3115 4466/3118/3032
f 4466/3118/3032 4465/3203/3115 307/3204/3116
f 4466/3118/3032 307/3204/3116 306/3119/3033
f 306/3119/3033 307/3204/3116 317/3205/3117
f 306/3119/3033 317/3205/3117 318/3120/3034
f 318/3120/3034 317/3205/3117 4518/3206/3118
f 318/3120/3034 4518/3206/3118 4519/3121/3035
f 4519/3121/3035 4518/3206/3118 4569/3207/3119
f 4519/3121/3035 4569/3207/3119 4570/3122/3036
f 4570/3122/3036 4569/3207/3119 4620/3208/3120
f 4570/3122/3036 4620/3208/3120 4621/3123/3037
f 4621/3123/3037 4620/3208/3120 4671/3209/3121
f 4621/3123/3037 4671/3209/3121 4672/3124/3038
f 4672/3124/3038 4671/3209/3121 4722/3210/3122
f 4672/3124/3038 4722/3210/3122 4723/3125/3039
f 4723/3125/3039 4722/3210/3122 4773/3211/3123
f 4723/3125/3039 4773/3211/3123 4774/3126/3040
f 4774/3126/3040 4773/3211/3123 4824/3212/3124
f 4774/3126/3040 4824/3212/3124 4825/3127/3041
f 4825/3127/3041 4824/3212/3124 4875/3213/3125
f 4825/3127/3041 4875/3213/3125 4876/3128/3042
f 4876/3128/3042 4875/3213/3125 4926/3214/3126
f 4876/3128/3042 4926/3214/3126 4927/3129/3043
f 4927/3129/3043 4926/3214/3126 4977/3215/3127
f 4927/3129/3043 4977/3215/3127 4978/864/837
f 4978/864/837 4977/3215/3127 5028/862/835
f 39/3216/2976 38/3130/2892 1961/3217/3128
f 1961/3217/3128 38/3130/2892 1911/3131/3044
f 1961/3217/3128 1911/3131/3044 1910/3218/3129
f 1910/3218/3129 1911/3131/3044 1860/3132/3045
f 1910/3218/3129 1860/3132/3045 1859/3219/3130
f 1859/3219/3130 1860/3132/3045 1809/3133/3046
f 1859/3219/3130 1809/3133/3046 1808/3220/3131
f 1808/3220/3131 1809/3133/3046 1758/3134/3047
f 1808/3220/3131 1758/3134/3047 1757/3221/3132
f 1757/3221/3132 1758/3134/3047 1707/3135/3048
f 1757/3221/3132 1707/3135/3048 1706/3222/3133
f 1706/3222/3133 1707/3135/3048 1656/3136/3049
f 1706/3222/3133 1656/3136/3049 1655/3223/3134
f 1655/3223/3134 1656/3136/3049 1605/3137/3050
f 1655/3223/3134 1605/3137/3050 1604/3224/3135
f 1604/3224/3135 1605/3137/3050 1554/3138/3051
f 1604/3224/3135 1554/3138/3051 1553/3225/3136
f 1553/3225/3136 1554/3138/3051 753/3139/3052
f 1553/3225/3136 753/3139/3052 752/3226/3137
f 752/3226/3137 753/3139/3052 671/3140/3053
f 752/3226/3137 671/3140/3053 672/3227/3138
f 672/3227/3138 671/3140/3053 1501/3141/3054
f 672/3227/3138 1501/3141/3054 1500/3228/3139
f 1500/3228/3139 1501/3141/3054 1450/3142/3055
f 1500/3228/3139 1450/3142/3055 1449/3229/3140
f 1449/3229/3140 1450/3142/3055 1399/3143/3056
f 1449/3229/3140 1399/3143/3056 1398/3230/3141
f 1398/3230/3141 1399/3143/3056 1348/3144/3057
f 1398/3230/3141 1348/3144/3057 1347/3231/3142
f 1347/3231/3142 1348/3144/3057 1297/3145/3058
f 1347/3231/3142 1297/3145/3058 1296/3232/3143
f 1296/3232/3143 1297/3145/3058 1246/3146/3059
f 1296/3232/3143 1246/3146/3059 1245/803/780
f 1245/803/780 1246/3146/3059 1195/801/778
f 40/3147/3060 41/3233/3144 2062/3148/3061
f 2062/3148/3061 41/3233/3144 2112/3234/3145
f 2062/3148/3061 2112/3234/3145 2113/3149/3062
f 2113/3149/3062 2112/3234/3145 2163/3235/3146
f 2113/3149/3062 2163/3235/3146 2164/3150/3063
f 2164/3150/3063 2163/3235/3146 2214/3236/3147
f 2164/3150/3063 2214/3236/3147 2215/3151/3064
f 2215/3151/3064 2214/3236/3147 608/3237/3148
f 2215/3151/3064 608/3237/3148 607/3152/3065
f 607/3152/3065 608/3237/3148 616/3238/3149
f 607/3152/3065 616/3238/3149 617/3153/3066
f 617/3153/3066 616/3238/3149 2267/3239/3150
f 617/3153/3066 2267/3239/3150 2268/3154/3067
f 2268/3154/3067 2267/3239/3150 2318/3240/3151
f 2268/3154/3067 2318/3240/3151 2319/3155/3068
f 2319/3155/3068 2318/3240/3151 2369/3241/3152
f 2319/3155/3068 2369/3241/3152 2370/3156/3069
f 2370/3156/3069 2369/3241/3152 2420/3242/3153
f 2370/3156/3069 2420/3242/3153 2421/3157/3070
f 2421/3157/3070 2420/3242/3153 2471/3243/3154
f 2421/3157/3070 2471/3243/3154 2472/3158/3071
f 2472/3158/3071 2471/3243/3154 2522/3244/3155
f 2472/3158/3071 2522/3244/3155 2523/3159/3072
f 2523/3159/3072 2522/3244/3155 2573/3245/3156
f 2523/3159/3072 2573/3245/3156 2574/3160/3073
f 2574/3160/3073 2573/3245/3156 2624/3246/3157
f 2574/3160/3073 2624/3246/3157 2625/3161/3074
f 2625/3161/3074 2624/3246/3157 2675/3247/3158
f 2625/3161/3074 2675/3247/3158 2676/3162/3075
f 2676/3162/3075 2675/3247/3158 2726/3248/3159
f 2676/3162/3075 2726/3248/3159 2727/3163/3076
f 2727/3163/3076 2726/3248/3159 2777/3249/3160
f 2727/3163/3076 2777/3249/3160 2778/3164/3077
f 2778/3164/3077 2777/3249/3160 2828/3250/3161
f 2778/3164/3077 2828/3250/3161 2829/3165/3078
f 2829/3165/3078 2828/3250/3161 2879/3251/3162
f 2829/3165/3078 2879/3251/3162 2880/3166/3079
f 2880/3166/3079 2879/3251/3162 2930/3252/3163
f 2880/3166/3079 2930/3252/3163 2931/3167/3080
f 2931/3167/3080 2930/3252/3163 2981/3253/3164
f 2931/3167/3080 2981/3253/3164 2982/3168/3081
f 2982/3168/3081 2981/3253/3164 491/3254/3165
f 2982/3168/3081 491/3254/3165 490/3169/3082
f 490/3169/3082 491/3254/3165 533/3255/3166
f 490/3169/3082 533/3255/3166 534/3170/3083
f 534/3170/3083 533/3255/3166 3034/3256/3167
f 534/3170/3083 3034/3256/3167 3035/3171/3084
f 3035/3171/3084 3034/3256/3167 3085/3257/3168
f 3035/3171/3084 3085/3257/3168 3086/3172/3085
f 3086/3172/3085 3085/3257/3168 3136/3258/3169
f 3086/3172/3085 3136/3258/3169 3137/3173/3086
f 3137/3173/3086 3136/3258/3169 3187/3259/3170
f 3137/3173/3086 3187/3259/3170 3188/3174/3087
f 3188/3174/3087 3187/3259/3170 3238/3260/3171
f 3188/3174/3087 3238/3260/3171 3239/3175/3088
f 3239/3175/3088 3238/3260/3171 3289/3261/3172
f 3239/3175/3088 3289/3261/3172 3290/3176/3089
f 3290/3176/3089 3289/3261/3172 3340/3262/3173
f 3290/3176/3089 3340/3262/3173 3341/3177/3090
f 3341/3177/3090 3340/3262/3173 3391/3263/3174
f 3341/3177/3090 3391/3263/3174 3392/3178/3091
f 3392/3178/3091 3391/3263/3174 3442/3264/3175
f 3392/3178/3091 3442/3264/3175 3443/3179/3092
f 3443/3179/3092 3442/3264/3175 3493/3265/3176
f 3443/3179/3092 3493/3265/3176 3494/3180/3093
f 3494/3180/3093 3493/3265/3176 3544/3266/3177
f 3494/3180/3093 3544/3266/3177 3545/3181/3094
f 3545/3181/3094 3544/3266/3177 3595/3267/3178
f 3545/3181/3094 3595/3267/3178 3596/3182/3095
f 3596/3182/3095 3595/3267/3178 3646/3268/3179
f 3596/3182/3095 3646/3268/3179 3647/3183/3096
f 3647/3183/3096 3646/3268/3179 3697/3269/3180
f 3647/3183/3096 3697/3269/3180 3698/3184/3097
f 3698/3184/3097 3697/3269/3180 3748/3270/3181
f 3698/3184/3097 3748/3270/3181 3749/3185/3098
f 3749/3185/3098 3748/3270/3181 374/3271/3182
f 3749/3185/3098 374/3271/3182 373/3186/3099
f 373/3186/3099 374/3271/3182 450/3272/3183
f 373/3186/3099 450/3272/3183 451/3187/3100
f 451/3187/3100 450/3272/3183 3801/3273/3184
f 451/3187/3100 3801/3273/3184 3802/3188/3101
f 3802/3188/3101 3801/3273/3184 3852/3274/3185
f 3802/3188/3101 3852/3274/3185 3853/3189/3102
f 3853/3189/3102 3852/3274/3185 3903/3275/3186
f 3853/3189/3102 3903/3275/3186 3904/3190/3103
f 3904/3190/3103 3903/3275/3186 3954/3276/3187
f 3904/3190/3103 3954/3276/3187 3955/3191/3104
f 3955/3191/3104 3954/3276/3187 4005/3277/3188
f 3955/3191/3104 4005/3277/3188 4006/3192/3105
f 4006/3192/3105 4005/3277/3188 4056/3278/3189
f 4006/3192/3105 4056/3278/3189 4057/3193/3106
f 4057/3193/3106 4056/3278/3189 4107/3279/3190
f 4057/3193/3106 4107/3279/3190 4108/3194/3107
f 4108/3194/3107 4107/3279/3190 4158/3280/3191
f 4108/3194/3107 4158/3280/3191 4159/3195/3108
f 4159/3195/3108 4158/3280/3191 4209/3281/3192
f 4159/3195/3108 4209/3281/3192 4210/3196/3109
f 4210/3196/3109 4209/3281/3192 4260/3282/3193
f 4210/3196/3109 4260/3282/3193 4261/3197/3110
f 4261/3197/3110 4260/3282/3193 4311/3283/3194
f 4261/3197/3110 4311/3283/3194 91/3198/3111
f 91/3198/3111 4311/3283/3194 92/3284/3195
f 91/3199/3111 92/3285/3195 4312/3200/3112
f 4312/3200/3112 92/3285/3195 4362/3286/3196
f 4312/3200/3112 4362/3286/3196 4363/3201/3113
f 4363/3201/3113 4362/3286/3196 4413/3287/3197
f 4363/3201/3113 4413/3287/3197 4414/3202/3114
f 4414/3202/3114 4413/3287/3197 4464/3288/3198
f 4414/3202/3114 4464/3288/3198 4465/3203/3115
f 4465/3203/3115 4464/3288/3198 308/3289/3199
f 4465/3203/3115 308/3289/3199 307/3204/3116
f 307/3204/3116 308/3289/3199 316/3290/3200
f 307/3204/3116 316/3290/3200 317/3205/3117
f 317/3205/3117 316/3290/3200 4517/3291/3201
f 317/3205/3117 4517/3291/3201 4518/3206/3118
f 4518/3206/3118 4517/3291/3201 4568/3292/3202
f 4518/3206/3118 4568/3292/3202 4569/3207/3119
f 4569/3207/3119 4568/3292/3202 4619/3293/3203
f 4569/3207/3119 4619/3293/3203 4620/3208/3120
f 4620/3208/3120 4619/3293/3203 4670/3294/3204
f 4620/3208/3120 4670/3294/3204 4671/3209/3121
f 4671/3209/3121 4670/3294/3204 4721/3295/3205
f 4671/3209/3121 4721/3295/3205 4722/3210/3122
f 4722/3210/3122 4721/3295/3205 4772/3296/3206
f 4722/3210/3122 4772/3296/3206 4773/3211/3123
f 4773/3211/3123 4772/3296/3206 4823/3297/3207
f 4773/3211/3123 4823/3297/3207 4824/3212/3124
f 4824/3212/3124 4823/3297/3207 4874/3298/3208
f 4824/3212/3124 4874/3298/3208 4875/3213/3125
f 4875/3213/3125 4874/3298/3208 4925/3299/3209
f 4875/3213/3125 4925/3299/3209 4926/3214/3126
f 4926/3214/3126 4925/3299/3209 4976/3300/3210
f 4926/3214/3126 4976/3300/3210 4977/3215/3127
f 4977/3215/3127 4976/3300/3210 5027/3301/3211
f 4977/3215/3127 5027/3301/3211 5028/862/835
f 5028/862/835 5027/3301/3211 5078/860/833
f 40/3302/3060 39/3216/2976 2011/3303/3212
f 2011/3303/3212 39/3216/2976 1961/3217/3128
f 2011/3303/3212 1961/3217/3128 1960/3304/3213
f 1960/3304/3213 1961/3217/3128 1910/3218/3129
f 1960/3304/3213 1910/3218/3129 1909/3305/3214
f 1909/3305/3214 1910/3218/3129 1859/3219/3130
f 1909/3305/3214 1859/3219/3130 1858/3306/3215
f 1858/3306/3215 1859/3219/3130 1808/3220/3131
f 1858/3306/3215 1808/3220/3131 1807/3307/3216
f 1807/3307/3216 1808/3220/3131 1757/3221/3132
f 1807/3307/3216 1757/3221/3132 1756/3308/3217
f 1756/3308/3217 1757/3221/3132 1706/3222/3133
f 1756/3308/3217 1706/3222/3133 1705/3309/3218
f 1705/3309/3218 1706/3222/3133 1655/3223/3134
f 1705/3309/3218 1655/3223/3134 1654/3310/3219
f 1654/3310/3219 1655/3223/3134 1604/3224/3135
f 1654/3310/3219 1604/3224/3135 1603/3311/3220
f 1603/3311/3220 1604/3224/3135 1553/3225/3136
f 1603/3311/3220 1553/3225/3136 1552/3312/3221
f 1552/3312/3221 1553/3225/3136 752/3226/3137
f 1552/3312/3221 752/3226/3137 751/3313/3222
f 751/3313/3222 752/3226/3137 672/3227/3138
f 751/3313/3222 672/3227/3138 673/3314/3223
f 673/3314/3223 672/3227/3138 1500/3228/3139
f 673/3314/3223 1500/3228/3139 1499/3315/3224
f 1499/3315/3224 1500/3228/3139 1449/3229/3140
f 1499/3315/3224 1449/3229/3140 1448/3316/3225
f 1448/3316/3225 1449/3229/3140 1398/3230/3141
f 1448/3316/3225 1398/3230/3141 1397/3317/3226
f 1397/3317/3226 1398/3230/3141 1347/3231/3142
f 1397/3317/3226 1347/3231/3142 1346/3318/3227
f 1346/3318/3227 1347/3231/3142 1296/3232/3143
f 1346/3318/3227 1296/3232/3143 1295/805/782
f 1295/805/782 1296/3232/3143 1245/803/780
f 41/3233/3144 42/3319/3228 2112/3234/3145
f 2112/3234/3145 42/3319/3228 2162/3320/3229
f 2112/3234/3145 2162/3320/3229 2163/3235/3146
f 2163/3235/3146 2162/3320/3229 2213/3321/3230
f 2163/3235/3146 2213/3321/3230 2214/3236/3147
f 2214/3236/3147 2213/3321/3230 609/3322/3231
f 2214/3236/3147 609/3322/3231 608/3237/3148
f 608/3237/3148 609/3322/3231 615/3323/3232
f 608/3237/3148 615/3323/3232 616/3238/3149
f 616/3238/3149 615/3323/3232 2266/3324/3233
f 616/3238/3149 2266/3324/3233 2267/3239/3150
f 2267/3239/3150 2266/3324/3233 2317/3325/3234
f 2267/3239/3150 2317/3325/3234 2318/3240/3151
f 2318/3240/3151 2317/3325/3234 2368/3326/3235
f 2318/3240/3151 2368/3326/3235 2369/3241/3152
f 2369/3241/3152 2368/3326/3235 2419/3327/3236
f 2369/3241/3152 2419/3327/3236 2420/3242/3153
f 2420/3242/3153 2419/3327/3236 2470/3328/3237
f 2420/3242/3153 2470/3328/3237 2471/3243/3154
f 2471/3243/3154 2470/3328/3237 2521/3329/3238
f 2471/3243/3154 2521/3329/3238 2522/3244/3155
f 2522/3244/3155 2521/3329/3238 2572/3330/3239
f 2522/3244/3155 2572/3330/3239 2573/3245/3156
f 2573/3245/3156 2572/3330/3239 2623/3331/3240
f 2573/3245/3156 2623/3331/3240 2624/3246/3157
f 2624/3246/3157 2623/3331/3240 2674/3332/3241
f 2624/3246/3157 2674/3332/3241 2675/3247/3158
f 2675/3247/3158 2674/3332/3241 2725/3333/3242
f 2675/3247/3158 2725/3333/3242 2726/3248/3159
f 2726/3248/3159 2725/3333/3242 2776/3334/3243
f 2726/3248/3159 2776/3334/3243 2777/3249/3160
f 2777/3249/3160 2776/3334/3243 2827/3335/3244
f 2777/3249/3160 2827/3335/3244 2828/3250/3161
f 2828/3250/3161 2827/3335/3244 2878/3336/3245
f 2828/3250/3161 2878/3336/3245 2879/3251/3162
f 2879/3251/3162 2878/3336/3245 2929/3337/3246
f 2879/3251/3162 2929/3337/3246 2930/3252/3163
f 2930/3252/3163 2929/3337/3246 2980/3338/3247
f 2930/3252/3163 2980/3338/3247 2981/3253/3164
f 2981/3253/3164 2980/3338/3247 492/3339/3248
f 2981/3253/3164 492/3339/3248 491/3254/3165
f 491/3254/3165 492/3339/3248 532/3340/3249
f 491/3254/3165 532/3340/3249 533/3255/3166
f 533/3255/3166 532/3340/3249 3033/3341/3250
f 533/3255/3166 3033/3341/3250 3034/3256/3167
f 3034/3256/3167 3033/3341/3250 3084/3342/3251
f 3034/3256/3167 3084/3342/3251 3085/3257/3168
f 3085/3257/3168 3084/3342/3251 3135/3343/3252
f 3085/3257/3168 3135/3343/3252 3136/3258/3169
f 3136/3258/3169 3135/3343/3252 3186/3344/3253
f 3136/3258/3169 3186/3344/3253 3187/3259/3170
f 3187/3259/3170 3186/3344/3253 3237/3345/3254
f 3187/3259/3170 3237/3345/3254 3238/3260/3171
f 3238/3260/3171 3237/3345/3254 3288/3346/3255
f 3238/3260/3171 3288/3346/3255 3289/3261/3172
f 3289/3261/3172 3288/3346/3255 3339/3347/3256
f 3289/3261/3172 3339/3347/3256 3340/3262/3173
f 3340/3262/3173 3339/3347/3256 3390/3348/3257
f 3340/3262/3173 3390/3348/3257 3391/3263/3174
f 3391/3263/3174 3390/3348/3257 3441/3349/3258
f 3391/3263/3174 3441/3349/3258 3442/3264/3175
f 3442/3264/3175 3441/3349/3258 3492/3350/3259
f 3442/3264/3175 3492/3350/3259 3493/3265/3176
f 3493/3265/3176 3492/3350/3259 3543/3351/3260
f 3493/3265/3176 3543/3351/3260 3544/3266/3177
f 3544/3266/3177 3543/3351/3260 3594/3352/3261
f 3544/3266/3177 3594/3352/3261 3595/3267/3178
f 3595/3267/3178 3594/3352/3261 3645/3353/3262
f 3595/3267/3178 3645/3353/3262 3646/3268/3179
f 3646/3268/3179 3645/3353/3262 3696/3354/3263
f 3646/3268/3179 3696/3354/3263 3697/3269/3180
f 3697/3269/3180 3696/3354/3263 3747/3355/3264
f 3697/3269/3180 3747/3355/3264 3748/3270/3181
f 3748/3270/3181 3747/3355/3264 375/3356/3265
f 3748/3270/3181 375/3356/3265 374/3271/3182
f 374/3271/3182 375/3356/3265 449/3357/3266
f 374/3271/3182 449/3357/3266 450/3272/3183
f 450/3272/3183 449/3357/3266 3800/3358/3267
f 450/3272/3183 3800/3358/3267 3801/3273/3184
f 3801/3273/3184 3800/3358/3267 3851/3359/3268
f 3801/3273/3184 3851/3359/3268 3852/3274/3185
f 3852/3274/3185 3851/3359/3268 3902/3360/3269
f 3852/3274/3185 3902/3360/3269 3903/3275/3186
f 3903/3275/3186 3902/3360/3269 3953/3361/3270
f 3903/3275/3186 3953/3361/3270 3954/3276/3187
f 3954/3276/3187 3953/3361/3270 4004/3362/3271
f 3954/3276/3187 4004/3362/3271 4005/3277/3188
f 4005/3277/3188 4004/3362/3271 4055/3363/3272
f 4005/3277/3188 4055/3363/3272 4056/3278/3189
f 4056/3278/3189 4055/3363/3272 4106/3364/3273
f 4056/3278/3189 4106/3364/3273 4107/3279/3190
f 4107/3279/3190 4106/3364/3273 4157/3365/3274
f 4107/3279/3190 4157/3365/3274 4158/3280/3191
f 4158/3280/3191 4157/3365/3274 4208/3366/3275
f 4158/3280/3191 4208/3366/3275 4209/3281/3192
f 4209/3281/3192 4208/3366/3275 4259/3367/3276
f 4209/3281/3192 4259/3367/3276 4260/3282/3193
f 4260/3282/3193 4259/3367/3276 4310/3368/3277
f 4260/3282/3193 4310/3368/3277 4311/3283/3194
f 4311/3283/3194 4310/3368/3277 4361/3369/3278
f 4311/3283/3194 4361/3369/3278 92/3284/3195
f 92/3284/3195 4361/3369/3278 93/3370/3279
f 92/3285/3195 93/3371/3279 4362/3286/3196
f 4362/3286/3196 93/3371/3279 4412/3372/3280
f 4362/3286/3196 4412/3372/3280 4413/3287/3197
f 4413/3287/3197 4412/3372/3280 4463/3373/3281
f 4413/3287/3197 4463/3373/3281 4464/3288/3198
f 4464/3288/3198 4463/3373/3281 309/3374/3282
f 4464/3288/3198 309/3374/3282 308/3289/3199
f 308/3289/3199 309/3374/3282 315/3375/3283
f 308/3289/3199 315/3375/3283 316/3290/3200
f 316/3290/3200 315/3375/3283 4516/3376/3284
f 316/3290/3200 4516/3376/3284 4517/3291/3201
f 4517/3291/3201 4516/3376/3284 4567/3377/3285
f 4517/3291/3201 4567/3377/3285 4568/3292/3202
f 4568/3292/3202 4567/3377/3285 4618/3378/3286
f 4568/3292/3202 4618/3378/3286 4619/3293/3203
f 4619/3293/3203 4618/3378/3286 4669/3379/3287
f 4619/3293/3203 4669/3379/3287 4670/3294/3204
f 4670/3294/3204 4669/3379/3287 4720/3380/3288
f 4670/3294/3204 4720/3380/3288 4721/3295/3205
f 4721/3295/3205 4720/3380/3288 4771/3381/3289
f 4721/3295/3205 4771/3381/3289 4772/3296/3206
f 4772/3296/3206 4771/3381/3289 4822/3382/3290
f 4772/3296/3206 4822/3382/3290 4823/3297/3207
f 4823/3297/3207 4822/3382/3290 4873/3383/3291
f 4823/3297/3207 4873/3383/3291 4874/3298/3208
f 4874/3298/3208 4873/3383/3291 4924/3384/3292
f 4874/3298/3208 4924/3384/3292 4925/3299/3209
f 4925/3299/3209 4924/3384/3292 4975/3385/3293
f 4925/3299/3209 4975/3385/3293 4976/3300/3210
f 4976/3300/3210 4975/3385/3293 5026/3386/3294
f 4976/3300/3210 5026/3386/3294 5027/3301/3211
f 5027/3301/3211 5026/3386/3294 5077/3387/3295
f 5027/3301/3211 5077/3387/3295 5078/860/833
f 5078/860/833 5077/3387/3295 5128/858/831
f 41/3388/3144 40/3302/3060 2061/3389/3296
f 2061/3389/3296 40/3302/3060 2011/3303/3212
f 2061/3389/3296 2011/3303/3212 2010/3390/3297
f 2010/3390/3297 2011/3303/3212 1960/3304/3213
f 2010/3390/3297 1960/3304/3213 1959/3391/3298
f 1959/3391/3298 1960/3304/3213 1909/3305/3214
f 1959/3391/3298 1909/3305/3214 1908/3392/3299
f 1908/3392/3299 1909/3305/3214 1858/3306/3215
f 1908/3392/3299 1858/3306/3215 1857/3393/3300
f 1857/3393/3300 1858/3306/3215 1807/3307/3216
f 1857/3393/3300 1807/3307/3216 1806/3394/3301
f 1806/3394/3301 1807/3307/3216 1756/3308/3217
f 1806/3394/3301 1756/3308/3217 1755/3395/3302
f 1755/3395/3302 1756/3308/3217 1705/3309/3218
f 1755/3395/3302 1705/3309/3218 1704/3396/3303
f 1704/3396/3303 1705/3309/3218 1654/3310/3219
f 1704/3396/3303 1654/3310/3219 1653/3397/3304
f 1653/3397/3304 1654/3310/3219 1603/3311/3220
f 1653/3397/3304 1603/3311/3220 1602/3398/3305
f 1602/3398/3305 1603/3311/3220 1552/3312/3221
f 1602/3398/3305 1552/3312/3221 1551/3399/3306
f 1551/3399/3306 1552/3312/3221 751/3313/3222
f 1551/3399/3306 751/3313/3222 750/3400/3307
f 750/3400/3307 751/3313/3222 673/3314/3223
f 750/3400/3307 673/3314/3223 674/3401/3308
f 674/3401/3308 673/3314/3223 1499/3315/3224
f 674/3401/3308 1499/3315/3224 1498/3402/3309
f 1498/3402/3309 1499/3315/3224 1448/3316/3225
f 1498/3402/3309 1448/3316/3225 1447/3403/3310
f 1447/3403/3310 1448/3316/3225 1397/3317/3226
f 1447/3403/3310 1397/3317/3226 1396/3404/3311
f 1396/3404/3311 1397/3317/3226 1346/3318/3227
f 1396/3404/3311 1346/3318/3227 1345/807/784
f 1345/807/784 1346/3318/3227 1295/805/782
f 42/3319/3228 43/3405/3312 2162/3320/3229
f 2162/3320/3229 43/3405/3312 2212/3406/3313
f 2162/3320/3229 2212/3406/3313 2213/3321/3230
f 2213/3321/3230 2212/3406/3313 610/3407/3314
f 2213/3321/3230 610/3407/3314 609/3322/3231
f 609/3322/3231 610/3407/3314 614/3408/3315
f 609/3322/3231 614/3408/3315 615/3323/3232
f 615/3323/3232 614/3408/3315 2265/3409/3316
f 615/3323/3232 2265/3409/3316 2266/3324/3233
f 2266/3324/3233 2265/3409/3316 2316/3410/3317
f 2266/3324/3233 2316/3410/3317 2317/3325/3234
f 2317/3325/3234 2316/3410/3317 2367/3411/3318
f 2317/3325/3234 2367/3411/3318 2368/3326/3235
f 2368/3326/3235 2367/3411/3318 2418/3412/3319
f 2368/3326/3235 2418/3412/3319 2419/3327/3236
f 2419/3327/3236 2418/3412/3319 2469/3413/3320
f 2419/3327/3236 2469/3413/3320 2470/3328/3237
f 2470/3328/3237 2469/3413/3320 2520/3414/3321
f 2470/3328/3237 2520/3414/3321 2521/3329/3238
f 2521/3329/3238 2520/3414/3321 2571/3415/3322
f 2521/3329/3238 2571/3415/3322 2572/3330/3239
f 2572/3330/3239 2571/3415/3322 2622/3416/3323
f 2572/3330/3239 2622/3416/3323 2623/3331/3240
f 2623/3331/3240 2622/3416/3323 2673/3417/3324
f 2623/3331/3240 2673/3417/3324 2674/3332/3241
f 2674/3332/3241 2673/3417/3324 2724/3418/3325
f 2674/3332/3241 2724/3418/3325 2725/3333/3242
f 2725/3333/3242 2724/3418/3325 2775/3419/3326
f 2725/3333/3242 2775/3419/3326 2776/3334/3243
f 2776/3334/3243 2775/3419/3326 2826/3420/3327
f 2776/3334/3243 2826/3420/3327 2827/3335/3244
f 2827/3335/3244 2826/3420/3327 2877/3421/3328
f 2827/3335/3244 2877/3421/3328 2878/3336/3245
f 2878/3336/3245 2877/3421/3328 2928/3422/3329
f 2878/3336/3245 2928/3422/3329 2929/3337/3246
f 2929/3337/3246 2928/3422/3329 2979/3423/3330
f 2929/3337/3246 2979/3423/3330 2980/3338/3247
f 2980/3338/3247 2979/3423/3330 493/3424/3331
f 2980/3338/3247 493/3424/3331 492/3339/3248
f 492/3339/3248 493/3424/3331 531/3425/3332
f 492/3339/3248 531/3425/3332 532/3340/3249
f 532/3340/3249 531/3425/3332 3032/3426/3333
f 532/3340/3249 3032/3426/3333 3033/3341/3250
f 3033/3341/3250 3032/3426/3333 3083/3427/3334
f 3033/3341/3250 3083/3427/3334 3084/3342/3251
f 3084/3342/3251 3083/3427/3334 3134/3428/3335
f 3084/3342/3251 3134/3428/3335 3135/3343/3252
f 3135/3343/3252 3134/3428/3335 3185/3429/3336
f 3135/3343/3252 3185/3429/3336 3186/3344/3253
f 3186/3344/3253 3185/3429/3336 3236/3430/3337
f 3186/3344/3253 3236/3430/3337 3237/3345/3254
f 3237/3345/3254 3236/3430/3337 3287/3431/3338
f 3237/3345/3254 3287/3431/3338 3288/3346/3255
f 3288/3346/3255 3287/3431/3338 3338/3432/3339
f 3288/3346/3255 3338/3432/3339 3339/3347/3256
f 3339/3347/3256 3338/3432/3339 3389/3433/3340
f 3339/3347/3256 3389/3433/3340 3390/3348/3257
f 3390/3348/3257 3389/3433/3340 3440/3434/3341
f 3390/3348/3257 3440/3434/3341 3441/3349/3258
f 3441/3349/3258 3440/3434/3341 3491/3435/3342
f 3441/3349/3258 3491/3435/3342 3492/3350/3259
f 3492/3350/3259 3491/3435/3342 3542/3436/3343
f 3492/3350/3259 3542/3436/3343 3543/3351/3260
f 3543/3351/3260 3542/3436/3343 3593/3437/3344
f 3543/3351/3260 3593/3437/3344 3594/3352/3261
f 3594/3352/3261 3593/3437/3344 3644/3438/3345
f 3594/3352/3261 3644/3438/3345 3645/3353/3262
f 3645/3353/3262 3644/3438/3345 3695/3439/3346
f 3645/3353/3262 3695/3439/3346 3696/3354/3263
f 3696/3354/3263 3695/3439/3346 3746/3440/3347
f 3696/3354/3263 3746/3440/3347 3747/3355/3264
f 3747/3355/3264 3746/3440/3347 376/3441/3348
f 3747/3355/3264 376/3441/3348 375/3356/3265
f 375/3356/3265 376/3441/3348 448/3442/3349
f 375/3356/3265 448/3442/3349 449/3357/3266
f 449/3357/3266 448/3442/3349 3799/3443/3350
f 449/3357/3266 3799/3443/3350 3800/3358/3267
f 3800/3358/3267 3799/3443/3350 3850/3444/3351
f 3800/3358/3267 3850/3444/3351 3851/3359/3268
f 3851/3359/3268 3850/3444/3351 3901/3445/3352
f 3851/3359/3268 3901/3445/3352 3902/3360/3269
f 3902/3360/3269 3901/3445/3352 3952/3446/3353
f 3902/3360/3269 3952/3446/3353 3953/3361/3270
f 3953/3361/3270 3952/3446/3353 4003/3447/3354
f 3953/3361/3270 4003/3447/3354 4004/3362/3271
f 4004/3362/3271 4003/3447/3354 4054/3448/3355
f 4004/3362/3271 4054/3448/3355 4055/3363/3272
f 4055/3363/3272 4054/3448/3355 4105/3449/3356
f 4055/3363/3272 4105/3449/3356 4106/3364/3273
f 4106/3364/3273 4105/3449/3356 4156/3450/3357
f 4106/3364/3273 4156/3450/3357 4157/3365/3274
f 4157/3365/3274 4156/3450/3357 4207/3451/3358
f 4157/3365/3274 4207/3451/3358 4208/3366/3275
f 4208/3366/3275 4207/3451/3358 4258/3452/3359
f 4208/3366/3275 4258/3452/3359 4259/3367/3276
f 4259/3367/3276 4258/3452/3359 4309/3453/3360
f 4259/3367/3276 4309/3453/3360 4310/3368/3277
f 4310/3368/3277 4309/3453/3360 4360/3454/3361
f 4310/3368/3277 4360/3454/3361 4361/3369/3278
f 4361/3369/3278 4360/3454/3361 4411/3455/3362
f 4361/3369/3278 4411/3455/3362 93/3370/3279
f 93/3370/3279 4411/3455/3362 94/3456/3363
f 93/3371/3279 94/3457/3363 4412/3372/3280
f 4412/3372/3280 94/3457/3363 4462/3458/3364
f 4412/3372/3280 4462/3458/3364 4463/3373/3281
f 4463/3373/3281 4462/3458/3364 310/3459/3365
f 4463/3373/3281 310/3459/3365 309/3374/3282
f 309/3374/3282 310/3459/3365 314/3460/3366
f 309/3374/3282 314/3460/3366 315/3375/3283
f 315/3375/3283 314/3460/3366 4515/3461/3367
f 315/3375/3283 4515/3461/3367 4516/3376/3284
f 4516/3376/3284 4515/3461/3367 4566/3462/3368
f 4516/3376/3284 4566/3462/3368 4567/3377/3285
f 4567/3377/3285 4566/3462/3368 4617/3463/3369
f 4567/3377/3285 4617/3463/3369 4618/3378/3286
f 4618/3378/3286 4617/3463/3369 4668/3464/3370
f 4618/3378/3286 4668/3464/3370 4669/3379/3287
f 4669/3379/3287 4668/3464/3370 4719/3465/3371
f 4669/3379/3287 4719/3465/3371 4720/3380/3288
f 4720/3380/3288 4719/3465/3371 4770/3466/3372
f 4720/3380/3288 4770/3466/3372 4771/3381/3289
f 4771/3381/3289 4770/3466/3372 4821/3467/3373
f 4771/3381/3289 4821/3467/3373 4822/3382/3290
f 4822/3382/3290 4821/3467/3373 4872/3468/3374
f 4822/3382/3290 4872/3468/3374 4873/3383/3291
f 4873/3383/3291 4872/3468/3374 4923/3469/3375
f 4873/3383/3291 4923/3469/3375 4924/3384/3292
f 4924/3384/3292 4923/3469/3375 4974/3470/3376
f 4924/3384/3292 4974/3470/3376 4975/3385/3293
f 4975/3385/3293 4974/3470/3376 5025/3471/3377
f 4975/3385/3293 5025/3471/3377 5026/3386/3294
f 5026/3386/3294 5025/3471/3377 5076/3472/3378
f 5026/3386/3294 5076/3472/3378 5077/3387/3295
f 5077/3387/3295 5076/3472/3378 5127/3473/3379
f 5077/3387/3295 5127/3473/3379 5128/858/831
f 5128/858/831 5127/3473/3379 5178/856/829
f 42/3474/3228 41/3388/3144 2111/3475/3380
f 2111/3475/3380 41/3388/3144 2061/3389/3296
f 2111/3475/3380 2061/3389/3296 2060/3476/3381
f 2060/3476/3381 2061/3389/3296 2010/3390/3297
f 2060/3476/3381 2010/3390/3297 2009/3477/3382
f 2009/3477/3382 2010/3390/3297 1959/3391/3298
f 2009/3477/3382 1959/3391/3298 1958/3478/3383
f 1958/3478/3383 1959/3391/3298 1908/3392/3299
f 1958/3478/3383 1908/3392/3299 1907/3479/3384
f 1907/3479/3384 1908/3392/3299 1857/3393/3300
f 1907/3479/3384 1857/3393/3300 1856/3480/3385
f 1856/3480/3385 1857/3393/3300 1806/3394/3301
f 1856/3480/3385 1806/3394/3301 1805/3481/3386
f 1805/3481/3386 1806/3394/3301 1755/3395/3302
f 1805/3481/3386 1755/3395/3302 1754/3482/3387
f 1754/3482/3387 1755/3395/3302 1704/3396/3303
f 1754/3482/3387 1704/3396/3303 1703/3483/3388
f 1703/3483/3388 1704/3396/3303 1653/3397/3304
f 1703/3483/3388 1653/3397/3304 1652/3484/3389
f 1652/3484/3389 1653/3397/3304 1602/3398/3305
f 1652/3484/3389 1602/3398/3305 1601/3485/3390
f 1601/3485/3390 1602/3398/3305 1551/3399/3306
f 1601/3485/3390 1551/3399/3306 1550/3486/3391
f 1550/3486/3391 1551/3399/3306 750/3400/3307
f 1550/3486/3391 750/3400/3307 749/3487/3392
f 749/3487/3392 750/3400/3307 674/3401/3308
f 749/3487/3392 674/3401/3308 675/3488/3393
f 675/3488/3393 674/3401/3308 1498/3402/3309
f 675/3488/3393 1498/3402/3309 1497/3489/3394
f 1497/3489/3394 1498/3402/3309 1447/3403/3310
f 1497/3489/3394 1447/3403/3310 1446/3490/3395
f 1446/3490/3395 1447/3403/3310 1396/3404/3311
f 1446/3490/3395 1396/3404/3311 1395/809/786
f 1395/809/786 1396/3404/3311 1345/807/784
f 43/3405/3312 44/3491/3396 2212/3406/3313
f 2212/3406/3313 44/3491/3396 611/3492/3397
f 2212/3406/3313 611/3492/3397 610/3407/3314
f 610/3407/3314 611/3492/3397 613/3493/3398
f 610/3407/3314 613/3493/3398 614/3408/3315
f 614/3408/3315 613/3493/3398 2264/3494/3399
f 614/3408/3315 2264/3494/3399 2265/3409/3316
f 2265/3409/3316 2264/3494/3399 2315/3495/3400
f 2265/3409/3316 2315/3495/3400 2316/3410/3317
f 2316/3410/3317 2315/3495/3400 2366/3496/3401
f 2316/3410/3317 2366/3496/3401 2367/3411/3318
f 2367/3411/3318 2366/3496/3401 2417/3497/3402
f 2367/3411/3318 2417/3497/3402 2418/3412/3319
f 2418/3412/3319 2417/3497/3402 2468/3498/3403
f 2418/3412/3319 2468/3498/3403 2469/3413/3320
f 2469/3413/3320 2468/3498/3403 2519/3499/3404
f 2469/3413/3320 2519/3499/3404 2520/3414/3321
f 2520/3414/3321 2519/3499/3404 2570/3500/3405
f 2520/3414/3321 2570/3500/3405 2571/3415/3322
f 2571/3415/3322 2570/3500/3405 2621/3501/3406
f 2571/3415/3322 2621/3501/3406 2622/3416/3323
f 2622/3416/3323 2621/3501/3406 2672/3502/3407
f 2622/3416/3323 2672/3502/3407 2673/3417/3324
f 2673/3417/3324 2672/3502/3407 2723/3503/3408
f 2673/3417/3324 2723/3503/3408 2724/3418/3325
f 2724/3418/3325 2723/3503/3408 2774/3504/3409
f 2724/3418/3325 2774/3504/3409 2775/3419/3326
f 2775/3419/3326 2774/3504/3409 2825/3505/3410
f 2775/3419/3326 2825/3505/3410 2826/3420/3327
f 2826/3420/3327 2825/3505/3410 2876/3506/3411
f 2826/3420/3327 2876/3506/3411 2877/3421/3328
f 2877/3421/3328 2876/3506/3411 2927/3507/3412
f 2877/3421/3328 2927/3507/3412 2928/3422/3329
f 2928/3422/3329 2927/3507/3412 2978/3508/3413
f 2928/3422/3329 2978/3508/3413 2979/3423/3330
f 2979/3423/3330 2978/3508/3413 494/3509/3414
f 2979/3423/3330 494/3509/3414 493/3424/3331
f 493/3424/3331 494/3509/3414 530/3510/3415
f 493/3424/3331 530/3510/3415 531/3425/3332
f 531/3425/3332 530/3510/3415 3031/3511/3416
f 531/3425/3332 3031/3511/3416 3032/3426/3333
f 3032/3426/3333 3031/3511/3416 3082/3512/3417
f 3032/3426/3333 3082/3512/3417 3083/3427/3334
f 3083/3427/3334 3082/3512/3417 3133/3513/3418
f 3083/3427/3334 3133/3513/3418 3134/3428/3335
f 3134/3428/3335 3133/3513/3418 3184/3514/3419
f 3134/3428/3335 3184/3514/3419 3185/3429/3336
f 3185/3429/3336 3184/3514/3419 3235/3515/3420
f 3185/3429/3336 3235/3515/3420 3236/3430/3337
f 3236/3430/3337 3235/3515/3420 3286/3516/3421
f 3236/3430/3337 3286/3516/3421 3287/3431/3338
f 3287/3431/3338 3286/3516/3421 3337/3517/3422
f 3287/3431/3338 3337/3517/3422 3338/3432/3339
f 3338/3432/3339 3337/3517/3422 3388/3518/3423
f 3338/3432/3339 3388/3518/3423 3389/3433/3340
f 3389/3433/3340 3388/3518/3423 3439/3519/3424
f 3389/3433/3340 3439/3519/3424 3440/3434/3341
f 3440/3434/3341 3439/3519/3424 3490/3520/3425
f 3440/3434/3341 3490/3520/3425 3491/3435/3342
f 3491/3435/3342 3490/3520/3425 3541/3521/3426
f 3491/3435/3342 3541/3521/3426 3542/3436/3343
f 3542/3436/3343 3541/3521/3426 3592/3522/3427
f 3542/3436/3343 3592/3522/3427 3593/3437/3344
f 3593/3437/3344 3592/3522/3427 3643/3523/3428
f 3593/3437/3344 3643/3523/3428 3644/3438/3345
f 3644/3438/3345 3643/3523/3428 3694/3524/3429
f 3644/3438/3345 3694/3524/3429 3695/3439/3346
f 3695/3439/3346 3694/3524/3429 3745/3525/3430
f 3695/3439/3346 3745/3525/3430 3746/3440/3347
f 3746/3440/3347 3745/3525/3430 377/3526/3431
f 3746/3440/3347 377/3526/3431 376/3441/3348
f 376/3441/3348 377/3526/3431 447/3527/3432
f 376/3441/3348 447/3527/3432 448/3442/3349
f 448/3442/3349 447/3527/3432 3798/3528/3433
f 448/3442/3349 3798/3528/3433 3799/3443/3350
f 3799/3443/3350 3798/3528/3433 3849/3529/3434
f 3799/3443/3350 3849/3529/3434 3850/3444/3351
f 3850/3444/3351 3849/3529/3434 3900/3530/3435
f 3850/3444/3351 3900/3530/3435 3901/3445/3352
f 3901/3445/3352 3900/3530/3435 3951/3531/3436
f 3901/3445/3352 3951/3531/3436 3952/3446/3353
f 3952/3446/3353 3951/3531/3436 4002/3532/3437
f 3952/3446/3353 4002/3532/3437 4003/3447/3354
f 4003/3447/3354 4002/3532/3437 4053/3533/3438
f 4003/3447/3354 4053/3533/3438 4054/3448/3355
f 4054/3448/3355 4053/3533/3438 4104/3534/3439
f 4054/3448/3355 4104/3534/3439 4105/3449/3356
f 4105/3449/3356 4104/3534/3439 4155/3535/3440
f 4105/3449/3356 4155/3535/3440 4156/3450/3357
f 4156/3450/3357 4155/3535/3440 4206/3536/3441
f 4156/3450/3357 4206/3536/3441 4207/3451/3358
f 4207/3451/3358 4206/3536/3441 4257/3537/3442
f 4207/3451/3358 4257/3537/3442 4258/3452/3359
f 4258/3452/3359 4257/3537/3442 4308/3538/3443
f 4258/3452/3359 4308/3538/3443 4309/3453/3360
f 4309/3453/3360 4308/3538/3443 4359/3539/3444
f 4309/3453/3360 4359/3539/3444 4360/3454/3361
f 4360/3454/3361 4359/3539/3444 4410/3540/3445
f 4360/3454/3361 4410/3540/3445 4411/3455/3362
f 4411/3455/3362 4410/3540/3445 4461/3541/3446
f 4411/3455/3362 4461/3541/3446 94/3456/3363
f 94/3456/3363 4461/3541/3446 95/3542/3447
f 94/3457/3363 95/3543/3447 4462/3458/3364
f 4462/3458/3364 95/3543/3447 311/3544/3448
f 4462/3458/3364 311/3544/3448 310/3459/3365
f 310/3459/3365 311/3544/3448 313/3545/3449
f 310/3459/3365 313/3545/3449 314/3460/3366
f 314/3460/3366 313/3545/3449 4514/3546/3450
f 314/3460/3366 4514/3546/3450 4515/3461/3367
f 4515/3461/3367 4514/3546/3450 4565/3547/3451
f 4515/3461/3367 4565/3547/3451 4566/3462/3368
f 4566/3462/3368 4565/3547/3451 4616/3548/3452
f 4566/3462/3368 4616/3548/3452 4617/3463/3369
f 4617/3463/3369 4616/3548/3452 4667/3549/3453
f 4617/3463/3369 4667/3549/3453 4668/3464/3370
f 4668/3464/3370 4667/3549/3453 4718/3550/3454
f 4668/3464/3370 4718/3550/3454 4719/3465/3371
f 4719/3465/3371 4718/3550/3454 4769/3551/3455
f 4719/3465/3371 4769/3551/3455 4770/3466/3372
f 4770/3466/3372 4769/3551/3455 4820/3552/3456
f 4770/3466/3372 4820/3552/3456 4821/3467/3373
f 4821/3467/3373 4820/3552/3456 4871/3553/3457
f 4821/3467/3373 4871/3553/3457 4872/3468/3374
f 4872/3468/3374 4871/3553/3457 4922/3554/3458
f 4872/3468/3374 4922/3554/3458 4923/3469/3375
f 4923/3469/3375 4922/3554/3458 4973/3555/3459
f 4923/3469/3375 4973/3555/3459 4974/3470/3376
f 4974/3470/3376 4973/3555/3459 5024/3556/3460
f 4974/3470/3376 5024/3556/3460 5025/3471/3377
f 5025/3471/3377 5024/3556/3460 5075/3557/3461
f 5025/3471/3377 5075/3557/3461 5076/3472/3378
f 5076/3472/3378 5075/3557/3461 5126/3558/3462
f 5076/3472/3378 5126/3558/3462 5127/3473/3379
f 5127/3473/3379 5126/3558/3462 5177/3559/3463
f 5127/3473/3379 5177/3559/3463 5178/856/829
f 5178/856/829 5177/3559/3463 5228/854/827
f 43/3560/3312 42/3474/3228 2161/3561/3464
f 2161/3561/3464 42/3474/3228 2111/3475/3380
f 2161/3561/3464 2111/3475/3380 2110/3562/3465
f 2110/3562/3465 2111/3475/3380 2060/3476/3381
f 2110/3562/3465 2060/3476/3381 2059/3563/3466
f 2059/3563/3466 2060/3476/3381 2009/3477/3382
f 2059/3563/3466 2009/3477/3382 2008/3564/3467
f 2008/3564/3467 2009/3477/3382 1958/3478/3383
f 2008/3564/3467 1958/3478/3383 1957/3565/3468
f 1957/3565/3468 1958/3478/3383 1907/3479/3384
f 1957/3565/3468 1907/3479/3384 1906/3566/3469
f 1906/3566/3469 1907/3479/3384 1856/3480/3385
f 1906/3566/3469 1856/3480/3385 1855/3567/3470
f 1855/3567/3470 1856/3480/3385 1805/3481/3386
f 1855/3567/3470 1805/3481/3386 1804/3568/3471
f 1804/3568/3471 1805/3481/3386 1754/3482/3387
f 1804/3568/3471 1754/3482/3387 1753/3569/3472
f 1753/3569/3472 1754/3482/3387 1703/3483/3388
f 1753/3569/3472 1703/3483/3388 1702/3570/3473
f 1702/3570/3473 1703/3483/3388 1652/3484/3389
f 1702/3570/3473 1652/3484/3389 1651/3571/3474
f 1651/3571/3474 1652/3484/3389 1601/3485/3390
f 1651/3571/3474 1601/3485/3390 1600/3572/3475
f 1600/3572/3475 1601/3485/3390 1550/3486/3391
f 1600/3572/3475 1550/3486/3391 1549/3573/3476
f 1549/3573/3476 1550/3486/3391 749/3487/3392
f 1549/3573/3476 749/3487/3392 748/3574/3477
f 748/3574/3477 749/3487/3392 675/3488/3393
f 748/3574/3477 675/3488/3393 676/3575/3478
f 676/3575/3478 675/3488/3393 1497/3489/3394
f 676/3575/3478 1497/3489/3394 1496/3576/3479
f 1496/3576/3479 1497/3489/3394 1446/3490/3395
f 1496/3576/3479 1446/3490/3395 1445/811/788
f 1445/811/788 1446/3490/3395 1395/809/786
f 44/3491/3396 45/981/933 611/3492/3397
f 611/3492/3397 45/981/933 612/386/377
f 611/3492/3397 612/386/377 613/3493/3398
f 613/3493/3398 612/386/377 2263/384/375
f 613/3493/3398 2263/384/375 2264/3494/3399
f 2264/3494/3399 2263/384/375 2314/382/373
f 2264/3494/3399 2314/382/373 2315/3495/3400
f 2315/3495/3400 2314/382/373 2365/380/371
f 2315/3495/3400 2365/380/371 2366/3496/3401
f 2366/3496/3401 2365/380/371 2416/378/369
f 2366/3496/3401 2416/378/369 2417/3497/3402
f 2417/3497/3402 2416/378/369 2467/376/367
f 2417/3497/3402 2467/376/367 2468/3498/3403
f 2468/3498/3403 2467/376/367 2518/374/365
f 2468/3498/3403 2518/374/365 2519/3499/3404
f 2519/3499/3404 2518/374/365 2569/372/363
f 2519/3499/3404 2569/372/363 2570/3500/3405
f 2570/3500/3405 2569/372/363 2620/370/361
f 2570/3500/3405 2620/370/361 2621/3501/3406
f 2621/3501/3406 2620/370/361 2671/368/359
f 2621/3501/3406 2671/368/359 2672/3502/3407
f 2672/3502/3407 2671/368/359 2722/366/357
f 2672/3502/3407 2722/366/357 2723/3503/3408
f 2723/3503/3408 2722/366/357 2773/364/355
f 2723/3503/3408 2773/364/355 2774/3504/3409
f 2774/3504/3409 2773/364/355 2824/362/353
f 2774/3504/3409 2824/362/353 2825/3505/3410
f 2825/3505/3410 2824/362/353 2875/360/351
f 2825/3505/3410 2875/360/351 2876/3506/3411
f 2876/3506/3411 2875/360/351 2926/358/349
f 2876/3506/3411 2926/358/349 2927/3507/3412
f 2927/3507/3412 2926/358/349 2977/356/347
f 2927/3507/3412 2977/356/347 2978/3508/3413
f 2978/3508/3413 2977/356/347 495/354/345
f 2978/3508/3413 495/354/345 494/3509/3414
f 494/3509/3414 495/354/345 529/352/343
f 494/3509/3414 529/352/343 530/3510/3415
f 530/3510/3415 529/352/343 3030/350/341
f 530/3510/3415 3030/350/341 3031/3511/3416
f 3031/3511/3416 3030/350/341 3081/348/339
f 3031/3511/3416 3081/348/339 3082/3512/3417
f 3082/3512/3417 3081/348/339 3132/346/337
f 3082/3512/3417 3132/346/337 3133/3513/3418
f 3133/3513/3418 3132/346/337 3183/344/335
f 3133/3513/3418 3183/344/335 3184/3514/3419
f 3184/3514/3419 3183/344/335 3234/342/333
f 3184/3514/3419 3234/342/333 3235/3515/3420
f 3235/3515/3420 3234/342/333 3285/340/331
f 3235/3515/3420 3285/340/331 3286/3516/3421
f 3286/3516/3421 3285/340/331 3336/338/329
f 3286/3516/3421 3336/338/329 3337/3517/3422
f 3337/3517/3422 3336/338/329 3387/336/327
f 3337/3517/3422 3387/336/327 3388/3518/3423
f 3388/3518/3423 3387/336/327 3438/334/325
f 3388/3518/3423 3438/334/325 3439/3519/3424
f 3439/3519/3424 3438/334/325 3489/332/323
f 3439/3519/3424 3489/332/323 3490/3520/3425
f 3490/3520/3425 3489/332/323 3540/330/321
f 3490/3520/3425 3540/330/321 3541/3521/3426
f 3541/3521/3426 3540/330/321 3591/328/319
f 3541/3521/3426 3591/328/319 3592/3522/3427
f 3592/3522/3427 3591/328/319 3642/326/317
f 3592/3522/3427 3642/326/317 3643/3523/3428
f 3643/3523/3428 3642/326/317 3693/324/315
f 3643/3523/3428 3693/324/315 3694/3524/3429
f 3694/3524/3429 3693/324/315 3744/322/313
f 3694/3524/3429 3744/322/313 3745/3525/3430
f 3745/3525/3430 3744/322/313 378/320/311
f 3745/3525/3430 378/320/311 377/3526/3431
f 377/3526/3431 378/320/311 446/318/309
f 377/3526/3431 446/318/309 447/3527/3432
f 447/3527/3432 446/318/309 3797/316/307
f 447/3527/3432 3797/316/307 3798/3528/3433
f 3798/3528/3433 3797/316/307 3848/314/305
f 3798/3528/3433 3848/314/305 3849/3529/3434
f 3849/3529/3434 3848/314/305 3899/312/303
f 3849/3529/3434 3899/312/303 3900/3530/3435
f 3900/3530/3435 3899/312/303 3950/310/301
f 3900/3530/3435 3950/310/301 3951/3531/3436
f 3951/3531/3436 3950/310/301 4001/308/299
f 3951/3531/3436 4001/308/299 4002/3532/3437
f 4002/3532/3437 4001/308/299 4052/306/297
f 4002/3532/3437 4052/306/297 4053/3533/3438
f 4053/3533/3438 4052/306/297 4103/304/295
f 4053/3533/3438 4103/304/295 4104/3534/3439
f 4104/3534/3439 4103/304/295 4154/302/293
f 4104/3534/3439 4154/302/293 4155/3535/3440
f 4155/3535/3440 4154/302/293 4205/300/291
f 4155/3535/3440 4205/300/291 4206/3536/3441
f 4206/3536/3441 4205/300/291 4256/298/289
f 4206/3536/3441 4256/298/289 4257/3537/3442
f 4257/3537/3442 4256/298/289 4307/296/287
f 4257/3537/3442 4307/296/287 4308/3538/3443
f 4308/3538/3443 4307/296/287 4358/294/285
f 4308/3538/3443 4358/294/285 4359/3539/3444
f 4359/3539/3444 4358/294/285 4409/292/283
f 4359/3539/3444 4409/292/283 4410/3540/3445
f 4410/3540/3445 4409/292/283 4460/290/281
f 4410/3540/3445 4460/290/281 4461/3541/3446
f 4461/3541/3446 4460/290/281 4511/288/279
f 4461/3541/3446 4511/288/279 95/3542/3447
f 95/3542/3447 4511/288/279 96/286/277
f 95/3543/3447 96/284/277 311/3544/3448
f 311/3544/3448 96/284/277 312/282/275
f 311/3544/3448 312/282/275 313/3545/3449
f 313/3545/3449 312/282/275 4513/3577/3480
f 313/3545/3449 4513/3577/3480 4514/3546/3450
f 4514/3546/3450 4513/3577/3480 4564/3578/3481
f 4514/3546/3450 4564/3578/3481 4565/3547/3451
f 4565/3547/3451 4564/3578/3481 4615/3579/3482
f 4565/3547/3451 4615/3579/3482 4616/3548/3452
f 4616/3548/3452 4615/3579/3482 4666/3580/3483
f 4616/3548/3452 4666/3580/3483 4667/3549/3453
f 4667/3549/3453 4666/3580/3483 4717/3581/3484
f 4667/3549/3453 4717/3581/3484 4718/3550/3454
f 4718/3550/3454 4717/3581/3484 4768/3582/3485
f 4718/3550/3454 4768/3582/3485 4769/3551/3455
f 4769/3551/3455 4768/3582/3485 4819/3583/3486
f 4769/3551/3455 4819/3583/3486 4820/3552/3456
f 4820/3552/3456 4819/3583/3486 4870/3584/3487
f 4820/3552/3456 4870/3584/3487 4871/3553/3457
f 4871/3553/3457 4870/3584/3487 4921/3585/3488
f 4871/3553/3457 4921/3585/3488 4922/3554/3458
f 4922/3554/3458 4921/3585/3488 4972/3586/3489
f 4922/3554/3458 4972/3586/3489 4973/3555/3459
f 4973/3555/3459 4972/3586/3489 5023/3587/3490
f 4973/3555/3459 5023/3587/3490 5024/3556/3460
f 5024/3556/3460 5023/3587/3490 5074/3588/3491
f 5024/3556/3460 5074/3588/3491 5075/3557/3461
f 5075/3557/3461 5074/3588/3491 5125/3589/3492
f 5075/3557/3461 5125/3589/3492 5126/3558/3462
f 5126/3558/3462 5125/3589/3492 5176/3590/3493
f 5126/3558/3462 5176/3590/3493 5177/3559/3463
f 5177/3559/3463 5176/3590/3493 5227/3591/3494
f 5177/3559/3463 5227/3591/3494 5228/854/827
f 5228/854/827 5227/3591/3494 245/852/825
f 44/3592/3396 43/3560/3312 2211/3593/3495
f 2211/3593/3495 43/3560/3312 2161/3561/3464
f 2211/3593/3495 2161/3561/3464 2160/3594/3496
f 2160/3594/3496 2161/3561/3464 2110/3562/3465
f 2160/3594/3496 2110/3562/3465 2109/3595/3497
f 2109/3595/3497 2110/3562/3465 2059/3563/3466
f 2109/3595/3497 2059/3563/3466 2058/3596/3498
f 2058/3596/3498 2059/3563/3466 2008/3564/3467
f 2058/3596/3498 2008/3564/3467 2007/3597/3499
f 2007/3597/3499 2008/3564/3467 1957/3565/3468
f 2007/3597/3499 1957/3565/3468 1956/3598/3500
f 1956/3598/3500 1957/3565/3468 1906/3566/3469
f 1956/3598/3500 1906/3566/3469 1905/3599/3501
f 1905/3599/3501 1906/3566/3469 1855/3567/3470
f 1905/3599/3501 1855/3567/3470 1854/3600/3502
f 1854/3600/3502 1855/3567/3470 1804/3568/3471
f 1854/3600/3502 1804/3568/3471 1803/3601/3503
f 1803/3601/3503 1804/3568/3471 1753/3569/3472
f 1803/3601/3503 1753/3569/3472 1752/3602/3504
f 1752/3602/3504 1753/3569/3472 1702/3570/3473
f 1752/3602/3504 1702/3570/3473 1701/3603/3505
f 1701/3603/3505 1702/3570/3473 1651/3571/3474
f 1701/3603/3505 1651/3571/3474 1650/3604/3506
f 1650/3604/3506 1651/3571/3474 1600/3572/3475
f 1650/3604/3506 1600/3572/3475 1599/3605/3507
f 1599/3605/3507 1600/3572/3475 1549/3573/3476
f 1599/3605/3507 1549/3573/3476 1548/3606/3508
f 1548/3606/3508 1549/3573/3476 748/3574/3477
f 1548/3606/3508 748/3574/3477 747/3607/3509
f 747/3607/3509 748/3574/3477 676/3575/3478
f 747/3607/3509 676/3575/3478 677/3608/3510
f 677/3608/3510 676/3575/3478 1496/3576/3479
f 677/3608/3510 1496/3576/3479 1495/813/790
f 1495/813/790 1496/3576/3479 1445/811/788
f 45/964/933 44/3592/3396 2261/965/934
f 2261/965/934 44/3592/3396 2211/3593/3495
f 2261/965/934 2211/3593/3495 2210/966/935
f 2210/966/935 2211/3593/3495 2160/3594/3496
f 2210/966/935 2160/3594/3496 2159/967/936
f 2159/967/936 2160/3594/3496 2109/3595/3497
f 2159/967/936 2109/3595/3497 2108/968/937
f 2108/968/937 2109/3595/3497 2058/3596/3498
f 2108/968/937 2058/3596/3498 2057/969/938
f 2057/969/938 2058/3596/3498 2007/3597/3499
f 2057/969/938 2007/3597/3499 2006/970/939
f 2006/970/939 2007/3597/3499 1956/3598/3500
f 2006/970/939 1956/3598/3500 1955/971/940
f 1955/971/940 1956/3598/3500 1905/3599/3501
f 1955/971/940 1905/3599/3501 1904/972/941
f 1904/972/941 1905/3599/3501 1854/3600/3502
f 1904/972/941 1854/3600/3502 1853/973/942
f 1853/973/942 1854/3600/3502 1803/3601/3503
f 1853/973/942 1803/3601/3503 1802/974/943
f 1802/974/943 1803/3601/3503 1752/3602/3504
f 1802/974/943 1752/3602/3504 1751/975/944
f 1751/975/944 1752/3602/3504 1701/3603/3505
f 1751/975/944 1701/3603/3505 1700/976/945
f 1700/976/945 1701/3603/3505 1650/3604/3506
f 1700/976/945 1650/3604/3506 1649/977/946
f 1649/977/946 1650/3604/3506 1599/3605/3507
f 1649/977/946 1599/3605/3507 1598/978/947
f 1598/978/947 1599/3605/3507 1548/3606/3508
f 1598/978/947 1548/3606/3508 1547/979/948
f 1547/979/948 1548/3606/3508 747/3607/3509
f 1547/979/948 747/3607/3509 746/980/949
f 746/980/949 747/3607/3509 677/3608/3510
f 746/980/949 677/3608/3510 678/815/792
f 678/815/792 677/3608/3510 1495/813/790
f 46/387/378 47/3609/3511 2262/385/376
f 2262/385/376 47/3609/3511 2312/3610/3512
f 2262/385/376 2312/3610/3512 2313/383/374
f 2313/383/374 2312/3610/3512 2363/3611/3513
f 2313/383/374 2363/3611/3513 2364/381/372
f 2364/381/372 2363/3611/3513 2414/3612/3514
f 2364/381/372 2414/3612/3514 2415/379/370
f 2415/379/370 2414/3612/3514 2465/3613/3515
f 2415/379/370 2465/3613/3515 2466/377/368
f 2466/377/368 2465/3613/3515 2516/3614/3516
f 2466/377/368 2516/3614/3516 2517/375/366
f 2517/375/366 2516/3614/3516 2567/3615/3517
f 2517/375/366 2567/3615/3517 2568/373/364
f 2568/373/364 2567/3615/3517 2618/3616/3518
f 2568/373/364 2618/3616/3518 2619/371/362
f 2619/371/362 2618/3616/3518 2669/3617/3519
f 2619/371/362 2669/3617/3519 2670/369/360
f 2670/369/360 2669/3617/3519 2720/3618/3520
f 2670/369/360 2720/3618/3520 2721/367/358
f 2721/367/358 2720/3618/3520 2771/3619/3521
f 2721/367/358 2771/3619/3521 2772/365/356
f 2772/365/356 2771/3619/3521 2822/3620/3522
f 2772/365/356 2822/3620/3522 2823/363/354
f 2823/363/354 2822/3620/3522 2873/3621/3523
f 2823/363/354 2873/3621/3523 2874/361/352
f 2874/361/352 2873/3621/3523 2924/3622/3524
f 2874/361/352 2924/3622/3524 2925/359/350
f 2925/359/350 2924/3622/3524 2975/3623/3525
f 2925/359/350 2975/3623/3525 2976/357/348
f 2976/357/348 2975/3623/3525 497/3624/3526
f 2976/357/348 497/3624/3526 496/355/346
f 496/355/346 497/3624/3526 527/3625/3527
f 496/355/346 527/3625/3527 528/353/344
f 528/353/344 527/3625/3527 3028/3626/3528
f 528/353/344 3028/3626/3528 3029/351/342
f 3029/351/342 3028/3626/3528 3079/3627/3529
f 3029/351/342 3079/3627/3529 3080/349/340
f 3080/349/340 3079/3627/3529 3130/3628/3530
f 3080/349/340 3130/3628/3530 3131/347/338
f 3131/347/338 3130/3628/3530 3181/3629/3531
f 3131/347/338 3181/3629/3531 3182/345/336
f 3182/345/336 3181/3629/3531 3232/3630/3532
f 3182/345/336 3232/3630/3532 3233/343/334
f 3233/343/334 3232/3630/3532 3283/3631/3533
f 3233/343/334 3283/3631/3533 3284/341/332
f 3284/341/332 3283/3631/3533 3334/3632/3534
f 3284/341/332 3334/3632/3534 3335/339/330
f 3335/339/330 3334/3632/3534 3385/3633/3535
f 3335/339/330 3385/3633/3535 3386/337/328
f 3386/337/328 3385/3633/3535 3436/3634/3536
f 3386/337/328 3436/3634/3536 3437/335/326
f 3437/335/326 3436/3634/3536 3487/3635/3537
f 3437/335/326 3487/3635/3537 3488/333/324
f 3488/333/324 3487/3635/3537 3538/3636/3538
f 3488/333/324 3538/3636/3538 3539/331/322
f 3539/331/322 3538/3636/3538 3589/3637/3539
f 3539/331/322 3589/3637/3539 3590/329/320
f 3590/329/320 3589/3637/3539 3640/3638/3540
f 3590/329/320 3640/3638/3540 3641/327/318
f 3641/327/318 3640/3638/3540 3691/3639/3541
f 3641/327/318 3691/3639/3541 3692/325/316
f 3692/325/316 3691/3639/3541 3742/3640/3542
f 3692/325/316 3742/3640/3542 3743/323/314
f 3743/323/314 3742/3640/3542 380/3641/3543
f 3743/323/314 380/3641/3543 379/321/312
f 379/321/312 380/3641/3543 444/3642/3544
f 379/321/312 444/3642/3544 445/319/310
f 445/319/310 444/3642/3544 3795/3643/3545
f 445/319/310 3795/3643/3545 3796/317/308
f 3796/317/308 3795/3643/3545 3846/3644/3546
f 3796/317/308 3846/3644/3546 3847/315/306
f 3847/315/306 3846/3644/3546 3897/3645/3547
f 3847/315/306 3897/3645/3547 3898/313/304
f 3898/313/304 3897/3645/3547 3948/3646/3548
f 3898/313/304 3948/3646/3548 3949/311/302
f 3949/311/302 3948/3646/3548 3999/3647/3549
f 3949/311/302 3999/3647/3549 4000/309/300
f 4000/309/300 3999/3647/3549 4050/3648/3550
f 4000/309/300 4050/3648/3550 4051/307/298
f 4051/307/298 4050/3648/3550 4101/3649/3551
f 4051/307/298 4101/3649/3551 4102/305/296
f 4102/305/296 4101/3649/3551 4152/3650/3552
f 4102/305/296 4152/3650/3552 4153/303/294
f 4153/303/294 4152/3650/3552 4203/3651/3553
f 4153/303/294 4203/3651/3553 4204/301/292
f 4204/301/292 4203/3651/3553 4254/3652/3554
f 4204/301/292 4254/3652/3554 4255/299/290
f 4255/299/290 4254/3652/3554 4305/3653/3555
f 4255/299/290 4305/3653/3555 4306/297/288
f 4306/297/288 4305/3653/3555 4356/3654/3556
f 4306/297/288 4356/3654/3556 4357/295/286
f 4357/295/286 4356/3654/3556 4407/3655/3557
f 4357/295/286 4407/3655/3557 4408/293/284
f 4408/293/284 4407/3655/3557 4458/3656/3558
f 4408/293/284 4458/3656/3558 4459/291/282
f 4459/291/282 4458/3656/3558 4509/3657/3559
f 4459/291/282 4509/3657/3559 4510/289/280
f 4510/289/280 4509/3657/3559 263/3658/3560
f 4510/289/280 263/3658/3560 262/287/278
f 262/287/278 263/3658/3560 361/3659/3561
f 262/287/278 361/3659/3561 7/285/276
f 7/285/276 361/3659/3561 97/3660/274
f 47/3661/3511 46/389/378 661/391/380
f 47/3609/3511 48/3662/3562 2312/3610/3512
f 2312/3610/3512 48/3662/3562 2362/3663/3563
f 2312/3610/3512 2362/3663/3563 2363/3611/3513
f 2363/3611/3513 2362/3663/3563 2413/3664/3564
f 2363/3611/3513 2413/3664/3564 2414/3612/3514
f 2414/3612/3514 2413/3664/3564 2464/3665/3565
f 2414/3612/3514 2464/3665/3565 2465/3613/3515
f 2465/3613/3515 2464/3665/3565 2515/3666/3566
f 2465/3613/3515 2515/3666/3566 2516/3614/3516
f 2516/3614/3516 2515/3666/3566 2566/3667/3567
f 2516/3614/3516 2566/3667/3567 2567/3615/3517
f 2567/3615/3517 2566/3667/3567 2617/3668/3568
f 2567/3615/3517 2617/3668/3568 2618/3616/3518
f 2618/3616/3518 2617/3668/3568 2668/3669/3569
f 2618/3616/3518 2668/3669/3569 2669/3617/3519
f 2669/3617/3519 2668/3669/3569 2719/3670/3570
f 2669/3617/3519 2719/3670/3570 2720/3618/3520
f 2720/3618/3520 2719/3670/3570 2770/3671/3571
f 2720/3618/3520 2770/3671/3571 2771/3619/3521
f 2771/3619/3521 2770/3671/3571 2821/3672/3572
f 2771/3619/3521 2821/3672/3572 2822/3620/3522
f 2822/3620/3522 2821/3672/3572 2872/3673/3573
f 2822/3620/3522 2872/3673/3573 2873/3621/3523
f 2873/3621/3523 2872/3673/3573 2923/3674/3574
f 2873/3621/3523 2923/3674/3574 2924/3622/3524
f 2924/3622/3524 2923/3674/3574 2974/3675/3575
f 2924/3622/3524 2974/3675/3575 2975/3623/3525
f 2975/3623/3525 2974/3675/3575 498/3676/3576
f 2975/3623/3525 498/3676/3576 497/3624/3526
f 497/3624/3526 498/3676/3576 526/3677/3577
f 497/3624/3526 526/3677/3577 527/3625/3527
f 527/3625/3527 526/3677/3577 3027/3678/3578
f 527/3625/3527 3027/3678/3578 3028/3626/3528
f 3028/3626/3528 3027/3678/3578 3078/3679/3579
f 3028/3626/3528 3078/3679/3579 3079/3627/3529
f 3079/3627/3529 3078/3679/3579 3129/3680/3580
f 3079/3627/3529 3129/3680/3580 3130/3628/3530
f 3130/3628/3530 3129/3680/3580 3180/3681/3581
f 3130/3628/3530 3180/3681/3581 3181/3629/3531
f 3181/3629/3531 3180/3681/3581 3231/3682/3582
f 3181/3629/3531 3231/3682/3582 3232/3630/3532
f 3232/3630/3532 3231/3682/3582 3282/3683/3583
f 3232/3630/3532 3282/3683/3583 3283/3631/3533
f 3283/3631/3533 3282/3683/3583 3333/3684/3584
f 3283/3631/3533 3333/3684/3584 3334/3632/3534
f 3334/3632/3534 3333/3684/3584 3384/3685/3585
f 3334/3632/3534 3384/3685/3585 3385/3633/3535
f 3385/3633/3535 3384/3685/3585 3435/3686/3586
f 3385/3633/3535 3435/3686/3586 3436/3634/3536
f 3436/3634/3536 3435/3686/3586 3486/3687/3587
f 3436/3634/3536 3486/3687/3587 3487/3635/3537
f 3487/3635/3537 3486/3687/3587 3537/3688/3588
f 3487/3635/3537 3537/3688/3588 3538/3636/3538
f 3538/3636/3538 3537/3688/3588 3588/3689/3589
f 3538/3636/3538 3588/3689/3589 3589/3637/3539
f 3589/3637/3539 3588/3689/3589 3639/3690/3590
f 3589/3637/3539 3639/3690/3590 3640/3638/3540
f 3640/3638/3540 3639/3690/3590 3690/3691/3591
f 3640/3638/3540 3690/3691/3591 3691/3639/3541
f 3691/3639/3541 3690/3691/3591 3741/3692/3592
f 3691/3639/3541 3741/3692/3592 3742/3640/3542
f 3742/3640/3542 3741/3692/3592 381/3693/3593
f 3742/3640/3542 381/3693/3593 380/3641/3543
f 380/3641/3543 381/3693/3593 443/3694/3594
f 380/3641/3543 443/3694/3594 444/3642/3544
f 444/3642/3544 443/3694/3594 3794/3695/3595
f 444/3642/3544 3794/3695/3595 3795/3643/3545
f 3795/3643/3545 3794/3695/3595 3845/3696/3596
f 3795/3643/3545 3845/3696/3596 3846/3644/3546
f 3846/3644/3546 3845/3696/3596 3896/3697/3597
f 3846/3644/3546 3896/3697/3597 3897/3645/3547
f 3897/3645/3547 3896/3697/3597 3947/3698/3598
f 3897/3645/3547 3947/3698/3598 3948/3646/3548
f 3948/3646/3548 3947/3698/3598 3998/3699/3599
f 3948/3646/3548 3998/3699/3599 3999/3647/3549
f 3999/3647/3549 3998/3699/3599 4049/3700/3600
f 3999/3647/3549 4049/3700/3600 4050/3648/3550
f 4050/3648/3550 4049/3700/3600 4100/3701/3601
f 4050/3648/3550 4100/3701/3601 4101/3649/3551
f 4101/3649/3551 4100/3701/3601 4151/3702/3602
f 4101/3649/3551 4151/3702/3602 4152/3650/3552
f 4152/3650/3552 4151/3702/3602 4202/3703/3603
f 4152/3650/3552 4202/3703/3603 4203/3651/3553
f 4203/3651/3553 4202/3703/3603 4253/3704/3604
f 4203/3651/3553 4253/3704/3604 4254/3652/3554
f 4254/3652/3554 4253/3704/3604 4304/3705/3605
f 4254/3652/3554 4304/3705/3605 4305/3653/3555
f 4305/3653/3555 4304/3705/3605 4355/3706/3606
f 4305/3653/3555 4355/3706/3606 4356/3654/3556
f 4356/3654/3556 4355/3706/3606 4406/3707/3607
f 4356/3654/3556 4406/3707/3607 4407/3655/3557
f 4407/3655/3557 4406/3707/3607 4457/3708/3608
f 4407/3655/3557 4457/3708/3608 4458/3656/3558
f 4458/3656/3558 4457/3708/3608 4508/3709/3609
f 4458/3656/3558 4508/3709/3609 4509/3657/3559
f 4509/3657/3559 4508/3709/3609 264/3710/3610
f 4509/3657/3559 264/3710/3610 263/3658/3560
f 263/3658/3560 264/3710/3610 360/3711/3611
f 263/3658/3560 360/3711/3611 361/3659/3561
f 361/3659/3561 360/3711/3611 4561/3712/3612
f 361/3659/3561 4561/3712/3612 98/3713/272
f 98/3713/272 4561/3712/3612 99/3714/270
f 48/3662/3562 49/3715/3613 2362/3663/3563
f 2362/3663/3563 49/3715/3613 2412/3716/3614
f 2362/3663/3563 2412/3716/3614 2413/3664/3564
f 2413/3664/3564 2412/3716/3614 2463/3717/3615
f 2413/3664/3564 2463/3717/3615 2464/3665/3565
f 2464/3665/3565 2463/3717/3615 2514/3718/3616
f 2464/3665/3565 2514/3718/3616 2515/3666/3566
f 2515/3666/3566 2514/3718/3616 2565/3719/3617
f 2515/3666/3566 2565/3719/3617 2566/3667/3567
f 2566/3667/3567 2565/3719/3617 2616/3720/3618
f 2566/3667/3567 2616/3720/3618 2617/3668/3568
f 2617/3668/3568 2616/3720/3618 2667/3721/3619
f 2617/3668/3568 2667/3721/3619 2668/3669/3569
f 2668/3669/3569 2667/3721/3619 2718/3722/3620
f 2668/3669/3569 2718/3722/3620 2719/3670/3570
f 2719/3670/3570 2718/3722/3620 2769/3723/3621
f 2719/3670/3570 2769/3723/3621 2770/3671/3571
f 2770/3671/3571 2769/3723/3621 2820/3724/3622
f 2770/3671/3571 2820/3724/3622 2821/3672/3572
f 2821/3672/3572 2820/3724/3622 2871/3725/3623
f 2821/3672/3572 2871/3725/3623 2872/3673/3573
f 2872/3673/3573 2871/3725/3623 2922/3726/3624
f 2872/3673/3573 2922/3726/3624 2923/3674/3574
f 2923/3674/3574 2922/3726/3624 2973/3727/3625
f 2923/3674/3574 2973/3727/3625 2974/3675/3575
f 2974/3675/3575 2973/3727/3625 499/3728/3626
f 2974/3675/3575 499/3728/3626 498/3676/3576
f 498/3676/3576 499/3728/3626 525/3729/3627
f 498/3676/3576 525/3729/3627 526/3677/3577
f 526/3677/3577 525/3729/3627 3026/3730/3628
f 526/3677/3577 3026/3730/3628 3027/3678/3578
f 3027/3678/3578 3026/3730/3628 3077/3731/3629
f 3027/3678/3578 3077/3731/3629 3078/3679/3579
f 3078/3679/3579 3077/3731/3629 3128/3732/3630
f 3078/3679/3579 3128/3732/3630 3129/3680/3580
f 3129/3680/3580 3128/3732/3630 3179/3733/3631
f 3129/3680/3580 3179/3733/3631 3180/3681/3581
f 3180/3681/3581 3179/3733/3631 3230/3734/3632
f 3180/3681/3581 3230/3734/3632 3231/3682/3582
f 3231/3682/3582 3230/3734/3632 3281/3735/3633
f 3231/3682/3582 3281/3735/3633 3282/3683/3583
f 3282/3683/3583 3281/3735/3633 3332/3736/3634
f 3282/3683/3583 3332/3736/3634 3333/3684/3584
f 3333/3684/3584 3332/3736/3634 3383/3737/3635
f 3333/3684/3584 3383/3737/3635 3384/3685/3585
f 3384/3685/3585 3383/3737/3635 3434/3738/3636
f 3384/3685/3585 3434/3738/3636 3435/3686/3586
f 3435/3686/3586 3434/3738/3636 3485/3739/3637
f 3435/3686/3586 3485/3739/3637 3486/3687/3587
f 3486/3687/3587 3485/3739/3637 3536/3740/3638
f 3486/3687/3587 3536/3740/3638 3537/3688/3588
f 3537/3688/3588 3536/3740/3638 3587/3741/3639
f 3537/3688/3588 3587/3741/3639 3588/3689/3589
f 3588/3689/3589 3587/3741/3639 3638/3742/3640
f 3588/3689/3589 3638/3742/3640 3639/3690/3590
f 3639/3690/3590 3638/3742/3640 3689/3743/3641
f 3639/3690/3590 3689/3743/3641 3690/3691/3591
f 3690/3691/3591 3689/3743/3641 3740/3744/3642
f 3690/3691/3591 3740/3744/3642 3741/3692/3592
f 3741/3692/3592 3740/3744/3642 382/3745/3643
f 3741/3692/3592 382/3745/3643 381/3693/3593
f 381/3693/3593 382/3745/3643 442/3746/3644
f 381/3693/3593 442/3746/3644 443/3694/3594
f 443/3694/3594 442/3746/3644 3793/3747/3645
f 443/3694/3594 3793/3747/3645 3794/3695/3595
f 3794/3695/3595 3793/3747/3645 3844/3748/3646
f 3794/3695/3595 3844/3748/3646 3845/3696/3596
f 3845/3696/3596 3844/3748/3646 3895/3749/3647
f 3845/3696/3596 3895/3749/3647 3896/3697/3597
f 3896/3697/3597 3895/3749/3647 3946/3750/3648
f 3896/3697/3597 3946/3750/3648 3947/3698/3598
f 3947/3698/3598 3946/3750/3648 3997/3751/3649
f 3947/3698/3598 3997/3751/3649 3998/3699/3599
f 3998/3699/3599 3997/3751/3649 4048/3752/3650
f 3998/3699/3599 4048/3752/3650 4049/3700/3600
f 4049/3700/3600 4048/3752/3650 4099/3753/3651
f 4049/3700/3600 4099/3753/3651 4100/3701/3601
f 4100/3701/3601 4099/3753/3651 4150/3754/3652
f 4100/3701/3601 4150/3754/3652 4151/3702/3602
f 4151/3702/3602 4150/3754/3652 4201/3755/3653
f 4151/3702/3602 4201/3755/3653 4202/3703/3603
f 4202/3703/3603 4201/3755/3653 4252/3756/3654
f 4202/3703/3603 4252/3756/3654 4253/3704/3604
f 4253/3704/3604 4252/3756/3654 4303/3757/3655
f 4253/3704/3604 4303/3757/3655 4304/3705/3605
f 4304/3705/3605 4303/3757/3655 4354/3758/3656
f 4304/3705/3605 4354/3758/3656 4355/3706/3606
f 4355/3706/3606 4354/3758/3656 4405/3759/3657
f 4355/3706/3606 4405/3759/3657 4406/3707/3607
f 4406/3707/3607 4405/3759/3657 4456/3760/3658
f 4406/3707/3607 4456/3760/3658 4457/3708/3608
f 4457/3708/3608 4456/3760/3658 4507/3761/3659
f 4457/3708/3608 4507/3761/3659 4508/3709/3609
f 4508/3709/3609 4507/3761/3659 265/3762/3660
f 4508/3709/3609 265/3762/3660 264/3710/3610
f 264/3710/3610 265/3762/3660 359/3763/3661
f 264/3710/3610 359/3763/3661 360/3711/3611
f 360/3711/3611 359/3763/3661 4560/3764/3662
f 360/3711/3611 4560/3764/3662 4561/3712/3612
f 4561/3712/3612 4560/3764/3662 4611/3765/3663
f 4561/3712/3612 4611/3765/3663 99/3714/270
f 99/3714/270 4611/3765/3663 100/3766/268
f 48/3767/3562 47/3661/3511 2311/3768/3664
f 2311/3768/3664 47/3661/3511 661/391/380
f 2311/3768/3664 661/391/380 660/3769/3665
f 660/3769/3665 661/391/380 563/393/382
f 660/3769/3665 563/393/382 564/3770/3666
f 564/3770/3666 563/393/382 2259/395/384
f 564/3770/3666 2259/395/384 2258/3771/3667
f 2258/3771/3667 2259/395/384 2208/397/386
f 2258/3771/3667 2208/397/386 2207/3772/3668
f 2207/3772/3668 2208/397/386 2157/399/388
f 2207/3772/3668 2157/399/388 2156/3773/3669
f 2156/3773/3669 2157/399/388 2106/401/390
f 2156/3773/3669 2106/401/390 2105/3774/3670
f 2105/3774/3670 2106/401/390 2055/403/392
f 2105/3774/3670 2055/403/392 2054/3775/3671
f 2054/3775/3671 2055/403/392 2004/405/394
f 2054/3775/3671 2004/405/394 2003/3776/3672
f 2003/3776/3672 2004/405/394 1953/407/396
f 2003/3776/3672 1953/407/396 1952/3777/3673
f 1952/3777/3673 1953/407/396 1902/409/398
f 1952/3777/3673 1902/409/398 1901/3778/3674
f 1901/3778/3674 1902/409/398 1851/411/400
f 1901/3778/3674 1851/411/400 1850/3779/3675
f 1850/3779/3675 1851/411/400 1800/413/402
f 1850/3779/3675 1800/413/402 1799/3780/3676
f 1799/3780/3676 1800/413/402 1749/415/404
f 1799/3780/3676 1749/415/404 1748/3781/3677
f 1748/3781/3677 1749/415/404 1698/417/406
f 1748/3781/3677 1698/417/406 1697/3782/3678
f 1697/3782/3678 1698/417/406 1647/419/408
f 1697/3782/3678 1647/419/408 1646/3783/3679
f 1646/3783/3679 1647/419/408 1596/421/410
f 1646/3783/3679 1596/421/410 1595/3784/3680
f 1595/3784/3680 1596/421/410 1545/423/412
f 1595/3784/3680 1545/423/412 1544/3785/3681
f 1544/3785/3681 1545/423/412 744/425/414
f 1544/3785/3681 744/425/414 743/3786/3682
f 743/3786/3682 744/425/414 680/427/416
f 743/3786/3682 680/427/416 681/3787/3683
f 681/3787/3683 680/427/416 1492/429/418
f 681/3787/3683 1492/429/418 1491/3788/3684
f 1491/3788/3684 1492/429/418 1441/431/420
f 1491/3788/3684 1441/431/420 1440/3789/3685
f 1440/3789/3685 1441/431/420 1390/433/422
f 1440/3789/3685 1390/433/422 1389/3790/3686
f 1389/3790/3686 1390/433/422 1339/435/424
f 1389/3790/3686 1339/435/424 1338/3791/3687
f 1338/3791/3687 1339/435/424 1288/437/426
f 1338/3791/3687 1288/437/426 1287/3792/3688
f 1287/3792/3688 1288/437/426 1237/439/428
f 1287/3792/3688 1237/439/428 1236/3793/3689
f 1236/3793/3689 1237/439/428 1186/441/430
f 1236/3793/3689 1186/441/430 1185/3794/3690
f 1185/3794/3690 1186/441/430 1135/443/432
f 1185/3794/3690 1135/443/432 1134/3795/3691
f 1134/3795/3691 1135/443/432 1084/445/434
f 1134/3795/3691 1084/445/434 1083/3796/3692
f 1083/3796/3692 1084/445/434 1033/447/436
f 1083/3796/3692 1033/447/436 1032/3797/3693
f 1032/3797/3693 1033/447/436 982/449/438
f 1032/3797/3693 982/449/438 981/3798/3694
f 981/3798/3694 982/449/438 931/451/440
f 981/3798/3694 931/451/440 930/3799/3695
f 930/3799/3695 931/451/440 880/453/442
f 930/3799/3695 880/453/442 879/3800/3696
f 879/3800/3696 880/453/442 829/455/444
f 879/3800/3696 829/455/444 828/3801/3697
f 828/3801/3697 829/455/444 778/457/446
f 828/3801/3697 778/457/446 777/3802/3698
f 777/3802/3698 778/457/446 177/459/448
f 777/3802/3698 177/459/448 176/3803/3699
f 176/3803/3699 177/459/448 128/461/450
f 176/3803/3699 128/461/450 127/3804/881
f 49/3715/3613 50/3805/3700 2412/3716/3614
f 2412/3716/3614 50/3805/3700 2462/3806/3701
f 2412/3716/3614 2462/3806/3701 2463/3717/3615
f 2463/3717/3615 2462/3806/3701 2513/3807/3702
f 2463/3717/3615 2513/3807/3702 2514/3718/3616
f 2514/3718/3616 2513/3807/3702 2564/3808/3703
f 2514/3718/3616 2564/3808/3703 2565/3719/3617
f 2565/3719/3617 2564/3808/3703 2615/3809/3704
f 2565/3719/3617 2615/3809/3704 2616/3720/3618
f 2616/3720/3618 2615/3809/3704 2666/3810/3705
f 2616/3720/3618 2666/3810/3705 2667/3721/3619
f 2667/3721/3619 2666/3810/3705 2717/3811/3706
f 2667/3721/3619 2717/3811/3706 2718/3722/3620
f 2718/3722/3620 2717/3811/3706 2768/3812/3707
f 2718/3722/3620 2768/3812/3707 2769/3723/3621
f 2769/3723/3621 2768/3812/3707 2819/3813/3708
f 2769/3723/3621 2819/3813/3708 2820/3724/3622
f 2820/3724/3622 2819/3813/3708 2870/3814/3709
f 2820/3724/3622 2870/3814/3709 2871/3725/3623
f 2871/3725/3623 2870/3814/3709 2921/3815/3710
f 2871/3725/3623 2921/3815/3710 2922/3726/3624
f 2922/3726/3624 2921/3815/3710 2972/3816/3711
f 2922/3726/3624 2972/3816/3711 2973/3727/3625
f 2973/3727/3625 2972/3816/3711 500/3817/3712
f 2973/3727/3625 500/3817/3712 499/3728/3626
f 499/3728/3626 500/3817/3712 524/3818/3713
f 499/3728/3626 524/3818/3713 525/3729/3627
f 525/3729/3627 524/3818/3713 3025/3819/3714
f 525/3729/3627 3025/3819/3714 3026/3730/3628
f 3026/3730/3628 3025/3819/3714 3076/3820/3715
f 3026/3730/3628 3076/3820/3715 3077/3731/3629
f 3077/3731/3629 3076/3820/3715 3127/3821/3716
f 3077/3731/3629 3127/3821/3716 3128/3732/3630
f 3128/3732/3630 3127/3821/3716 3178/3822/3717
f 3128/3732/3630 3178/3822/3717 3179/3733/3631
f 3179/3733/3631 3178/3822/3717 3229/3823/3718
f 3179/3733/3631 3229/3823/3718 3230/3734/3632
f 3230/3734/3632 3229/3823/3718 3280/3824/3719
f 3230/3734/3632 3280/3824/3719 3281/3735/3633
f 3281/3735/3633 3280/3824/3719 3331/3825/3720
f 3281/3735/3633 3331/3825/3720 3332/3736/3634
f 3332/3736/3634 3331/3825/3720 3382/3826/3721
f 3332/3736/3634 3382/3826/3721 3383/3737/3635
f 3383/3737/3635 3382/3826/3721 3433/3827/3722
f 3383/3737/3635 3433/3827/3722 3434/3738/3636
f 3434/3738/3636 3433/3827/3722 3484/3828/3723
f 3434/3738/3636 3484/3828/3723 3485/3739/3637
f 3485/3739/3637 3484/3828/3723 3535/3829/3724
f 3485/3739/3637 3535/3829/3724 3536/3740/3638
f 3536/3740/3638 3535/3829/3724 3586/3830/3725
f 3536/3740/3638 3586/3830/3725 3587/3741/3639
f 3587/3741/3639 3586/3830/3725 3637/3831/3726
f 3587/3741/3639 3637/3831/3726 3638/3742/3640
f 3638/3742/3640 3637/3831/3726 3688/3832/3727
f 3638/3742/3640 3688/3832/3727 3689/3743/3641
f 3689/3743/3641 3688/3832/3727 3739/3833/3728
f 3689/3743/3641 3739/3833/3728 3740/3744/3642
f 3740/3744/3642 3739/3833/3728 383/3834/3729
f 3740/3744/3642 383/3834/3729 382/3745/3643
f 382/3745/3643 383/3834/3729 441/3835/3730
f 382/3745/3643 441/3835/3730 442/3746/3644
f 442/3746/3644 441/3835/3730 3792/3836/3731
f 442/3746/3644 3792/3836/3731 3793/3747/3645
f 3793/3747/3645 3792/3836/3731 3843/3837/3732
f 3793/3747/3645 3843/3837/3732 3844/3748/3646
f 3844/3748/3646 3843/3837/3732 3894/3838/3733
f 3844/3748/3646 3894/3838/3733 3895/3749/3647
f 3895/3749/3647 3894/3838/3733 3945/3839/3734
f 3895/3749/3647 3945/3839/3734 3946/3750/3648
f 3946/3750/3648 3945/3839/3734 3996/3840/3735
f 3946/3750/3648 3996/3840/3735 3997/3751/3649
f 3997/3751/3649 3996/3840/3735 4047/3841/3736
f 3997/3751/3649 4047/3841/3736 4048/3752/3650
f 4048/3752/3650 4047/3841/3736 4098/3842/3737
f 4048/3752/3650 4098/3842/3737 4099/3753/3651
f 4099/3753/3651 4098/3842/3737 4149/3843/3738
f 4099/3753/3651 4149/3843/3738 4150/3754/3652
f 4150/3754/3652 4149/3843/3738 4200/3844/3739
f 4150/3754/3652 4200/3844/3739 4201/3755/3653
f 4201/3755/3653 4200/3844/3739 4251/3845/3740
f 4201/3755/3653 4251/3845/3740 4252/3756/3654
f 4252/3756/3654 4251/3845/3740 4302/3846/3741
f 4252/3756/3654 4302/3846/3741 4303/3757/3655
f 4303/3757/3655 4302/3846/3741 4353/3847/3742
f 4303/3757/3655 4353/3847/3742 4354/3758/3656
f 4354/3758/3656 4353/3847/3742 4404/3848/3743
f 4354/3758/3656 4404/3848/3743 4405/3759/3657
f 4405/3759/3657 4404/3848/3743 4455/3849/3744
f 4405/3759/3657 4455/3849/3744 4456/3760/3658
f 4456/3760/3658 4455/3849/3744 4506/3850/3745
f 4456/3760/3658 4506/3850/3745 4507/3761/3659
f 4507/3761/3659 4506/3850/3745 266/3851/3746
f 4507/3761/3659 266/3851/3746 265/3762/3660
f 265/3762/3660 266/3851/3746 358/3852/3747
f 265/3762/3660 358/3852/3747 359/3763/3661
f 359/3763/3661 358/3852/3747 4559/3853/3748
f 359/3763/3661 4559/3853/3748 4560/3764/3662
f 4560/3764/3662 4559/3853/3748 4610/3854/3749
f 4560/3764/3662 4610/3854/3749 4611/3765/3663
f 4611/3765/3663 4610/3854/3749 4661/3855/3750
f 4611/3765/3663 4661/3855/3750 100/3766/268
f 100/3766/268 4661/3855/3750 101/3856/266
f 49/3857/3613 48/3767/3562 2361/3858/3751
f 2361/3858/3751 48/3767/3562 2311/3768/3664
f 2361/3858/3751 2311/3768/3664 2310/3859/3752
f 2310/3859/3752 2311/3768/3664 660/3769/3665
f 2310/3859/3752 660/3769/3665 659/3860/3753
f 659/3860/3753 660/3769/3665 564/3770/3666
f 659/3860/3753 564/3770/3666 565/3861/3754
f 565/3861/3754 564/3770/3666 2258/3771/3667
f 565/3861/3754 2258/3771/3667 2257/3862/3755
f 2257/3862/3755 2258/3771/3667 2207/3772/3668
f 2257/3862/3755 2207/3772/3668 2206/3863/3756
f 2206/3863/3756 2207/3772/3668 2156/3773/3669
f 2206/3863/3756 2156/3773/3669 2155/3864/3757
f 2155/3864/3757 2156/3773/3669 2105/3774/3670
f 2155/3864/3757 2105/3774/3670 2104/3865/3758
f 2104/3865/3758 2105/3774/3670 2054/3775/3671
f 2104/3865/3758 2054/3775/3671 2053/3866/3759
f 2053/3866/3759 2054/3775/3671 2003/3776/3672
f 2053/3866/3759 2003/3776/3672 2002/3867/3760
f 2002/3867/3760 2003/3776/3672 1952/3777/3673
f 2002/3867/3760 1952/3777/3673 1951/3868/3761
f 1951/3868/3761 1952/3777/3673 1901/3778/3674
f 1951/3868/3761 1901/3778/3674 1900/3869/3762
f 1900/3869/3762 1901/3778/3674 1850/3779/3675
f 1900/3869/3762 1850/3779/3675 1849/3870/3763
f 1849/3870/3763 1850/3779/3675 1799/3780/3676
f 1849/3870/3763 1799/3780/3676 1798/3871/3764
f 1798/3871/3764 1799/3780/3676 1748/3781/3677
f 1798/3871/3764 1748/3781/3677 1747/3872/3765
f 1747/3872/3765 1748/3781/3677 1697/3782/3678
f 1747/3872/3765 1697/3782/3678 1696/3873/3766
f 1696/3873/3766 1697/3782/3678 1646/3783/3679
f 1696/3873/3766 1646/3783/3679 1645/3874/3767
f 1645/3874/3767 1646/3783/3679 1595/3784/3680
f 1645/3874/3767 1595/3784/3680 1594/3875/3768
f 1594/3875/3768 1595/3784/3680 1544/3785/3681
f 1594/3875/3768 1544/3785/3681 1543/3876/3769
f 1543/3876/3769 1544/3785/3681 743/3786/3682
f 1543/3876/3769 743/3786/3682 742/3877/3770
f 742/3877/3770 743/3786/3682 681/3787/3683
f 742/3877/3770 681/3787/3683 682/3878/3771
f 682/3878/3771 681/3787/3683 1491/3788/3684
f 682/3878/3771 1491/3788/3684 1490/3879/3772
f 1490/3879/3772 1491/3788/3684 1440/3789/3685
f 1490/3879/3772 1440/3789/3685 1439/3880/3773
f 1439/3880/3773 1440/3789/3685 1389/3790/3686
f 1439/3880/3773 1389/3790/3686 1388/3881/3774
f 1388/3881/3774 1389/3790/3686 1338/3791/3687
f 1388/3881/3774 1338/3791/3687 1337/3882/3775
f 1337/3882/3775 1338/3791/3687 1287/3792/3688
f 1337/3882/3775 1287/3792/3688 1286/3883/3776
f 1286/3883/3776 1287/3792/3688 1236/3793/3689
f 1286/3883/3776 1236/3793/3689 1235/3884/3777
f 1235/3884/3777 1236/3793/3689 1185/3794/3690
f 1235/3884/3777 1185/3794/3690 1184/3885/3778
f 1184/3885/3778 1185/3794/3690 1134/3795/3691
f 1184/3885/3778 1134/3795/3691 1133/3886/3779
f 1133/3886/3779 1134/3795/3691 1083/3796/3692
f 1133/3886/3779 1083/3796/3692 1082/3887/3780
f 1082/3887/3780 1083/3796/3692 1032/3797/3693
f 1082/3887/3780 1032/3797/3693 1031/3888/3781
f 1031/3888/3781 1032/3797/3693 981/3798/3694
f 1031/3888/3781 981/3798/3694 980/3889/3782
f 980/3889/3782 981/3798/3694 930/3799/3695
f 980/3889/3782 930/3799/3695 929/3890/3783
f 929/3890/3783 930/3799/3695 879/3800/3696
f 929/3890/3783 879/3800/3696 878/3891/3784
f 878/3891/3784 879/3800/3696 828/3801/3697
f 878/3891/3784 828/3801/3697 827/3892/3785
f 827/3892/3785 828/3801/3697 777/3802/3698
f 827/3892/3785 777/3802/3698 776/3893/3786
f 776/3893/3786 777/3802/3698 176/3803/3699
f 776/3893/3786 176/3803/3699 175/3894/3787
f 175/3894/3787 176/3803/3699 127/3804/881
f 175/3894/3787 127/3804/881 126/3895/879
f 50/3805/3700 51/3896/3788 2462/3806/3701
f 2462/3806/3701 51/3896/3788 2512/3897/3789
f 2462/3806/3701 2512/3897/3789 2513/3807/3702
f 2513/3807/3702 2512/3897/3789 2563/3898/3790
f 2513/3807/3702 2563/3898/3790 2564/3808/3703
f 2564/3808/3703 2563/3898/3790 2614/3899/3791
f 2564/3808/3703 2614/3899/3791 2615/3809/3704
f 2615/3809/3704 2614/3899/3791 2665/3900/3792
f 2615/3809/3704 2665/3900/3792 2666/3810/3705
f 2666/3810/3705 2665/3900/3792 2716/3901/3793
f 2666/3810/3705 2716/3901/3793 2717/3811/3706
f 2717/3811/3706 2716/3901/3793 2767/3902/3794
f 2717/3811/3706 2767/3902/3794 2768/3812/3707
f 2768/3812/3707 2767/3902/3794 2818/3903/3795
f 2768/3812/3707 2818/3903/3795 2819/3813/3708
f 2819/3813/3708 2818/3903/3795 2869/3904/3796
f 2819/3813/3708 2869/3904/3796 2870/3814/3709
f 2870/3814/3709 2869/3904/3796 2920/3905/3797
f 2870/3814/3709 2920/3905/3797 2921/3815/3710
f 2921/3815/3710 2920/3905/3797 2971/3906/3798
f 2921/3815/3710 2971/3906/3798 2972/3816/3711
f 2972/3816/3711 2971/3906/3798 501/3907/3799
f 2972/3816/3711 501/3907/3799 500/3817/3712
f 500/3817/3712 501/3907/3799 523/3908/3800
f 500/3817/3712 523/3908/3800 524/3818/3713
f 524/3818/3713 523/3908/3800 3024/3909/3801
f 524/3818/3713 3024/3909/3801 3025/3819/3714
f 3025/3819/3714 3024/3909/3801 3075/3910/3802
f 3025/3819/3714 3075/3910/3802 3076/3820/3715
f 3076/3820/3715 3075/3910/3802 3126/3911/3803
f 3076/3820/3715 3126/3911/3803 3127/3821/3716
f 3127/3821/3716 3126/3911/3803 3177/3912/3804
f 3127/3821/3716 3177/3912/3804 3178/3822/3717
f 3178/3822/3717 3177/3912/3804 3228/3913/3805
f 3178/3822/3717 3228/3913/3805 3229/3823/3718
f 3229/3823/3718 3228/3913/3805 3279/3914/3806
f 3229/3823/3718 3279/3914/3806 3280/3824/3719
f 3280/3824/3719 3279/3914/3806 3330/3915/3807
f 3280/3824/3719 3330/3915/3807 3331/3825/3720
f 3331/3825/3720 3330/3915/3807 3381/3916/3808
f 3331/3825/3720 3381/3916/3808 3382/3826/3721
f 3382/3826/3721 3381/3916/3808 3432/3917/3809
f 3382/3826/3721 3432/3917/3809 3433/3827/3722
f 3433/3827/3722 3432/3917/3809 3483/3918/3810
f 3433/3827/3722 3483/3918/3810 3484/3828/3723
f 3484/3828/3723 3483/3918/3810 3534/3919/3811
f 3484/3828/3723 3534/3919/3811 3535/3829/3724
f 3535/3829/3724 3534/3919/3811 3585/3920/3812
f 3535/3829/3724 3585/3920/3812 3586/3830/3725
f 3586/3830/3725 3585/3920/3812 3636/3921/3813
f 3586/3830/3725 3636/3921/3813 3637/3831/3726
f 3637/3831/3726 3636/3921/3813 3687/3922/3814
f 3637/3831/3726 3687/3922/3814 3688/3832/3727
f 3688/3832/3727 3687/3922/3814 3738/3923/3815
f 3688/3832/3727 3738/3923/3815 3739/3833/3728
f 3739/3833/3728 3738/3923/3815 384/3924/3816
f 3739/3833/3728 384/3924/3816 383/3834/3729
f 383/3834/3729 384/3924/3816 440/3925/3817
f 383/3834/3729 440/3925/3817 441/3835/3730
f 441/3835/3730 440/3925/3817 3791/3926/3818
f 441/3835/3730 3791/3926/3818 3792/3836/3731
f 3792/3836/3731 3791/3926/3818 3842/3927/3819
f 3792/3836/3731 3842/3927/3819 3843/3837/3732
f 3843/3837/3732 3842/3927/3819 3893/3928/3820
f 3843/3837/3732 3893/3928/3820 3894/3838/3733
f 3894/3838/3733 3893/3928/3820 3944/3929/3821
f 3894/3838/3733 3944/3929/3821 3945/3839/3734
f 3945/3839/3734 3944/3929/3821 3995/3930/3822
f 3945/3839/3734 3995/3930/3822 3996/3840/3735
f 3996/3840/3735 3995/3930/3822 4046/3931/3823
f 3996/3840/3735 4046/3931/3823 4047/3841/3736
f 4047/3841/3736 4046/3931/3823 4097/3932/3824
f 4047/3841/3736 4097/3932/3824 4098/3842/3737
f 4098/3842/3737 4097/3932/3824 4148/3933/3825
f 4098/3842/3737 4148/3933/3825 4149/3843/3738
f 4149/3843/3738 4148/3933/3825 4199/3934/3826
f 4149/3843/3738 4199/3934/3826 4200/3844/3739
f 4200/3844/3739 4199/3934/3826 4250/3935/3827
f 4200/3844/3739 4250/3935/3827 4251/3845/3740
f 4251/3845/3740 4250/3935/3827 4301/3936/3828
f 4251/3845/3740 4301/3936/3828 4302/3846/3741
f 4302/3846/3741 4301/3936/3828 4352/3937/3829
f 4302/3846/3741 4352/3937/3829 4353/3847/3742
f 4353/3847/3742 4352/3937/3829 4403/3938/3830
f 4353/3847/3742 4403/3938/3830 4404/3848/3743
f 4404/3848/3743 4403/3938/3830 4454/3939/3831
f 4404/3848/3743 4454/3939/3831 4455/3849/3744
f 4455/3849/3744 4454/3939/3831 4505/3940/3832
f 4455/3849/3744 4505/3940/3832 4506/3850/3745
f 4506/3850/3745 4505/3940/3832 267/3941/3833
f 4506/3850/3745 267/3941/3833 266/3851/3746
f 266/3851/3746 267/3941/3833 357/3942/3834
f 266/3851/3746 357/3942/3834 358/3852/3747
f 358/3852/3747 357/3942/3834 4558/3943/3835
f 358/3852/3747 4558/3943/3835 4559/3853/3748
f 4559/3853/3748 4558/3943/3835 4609/3944/3836
f 4559/3853/3748 4609/3944/3836 4610/3854/3749
f 4610/3854/3749 4609/3944/3836 4660/3945/3837
f 4610/3854/3749 4660/3945/3837 4661/3855/3750
f 4661/3855/3750 4660/3945/3837 4711/3946/3838
f 4661/3855/3750 4711/3946/3838 101/3856/266
f 101/3856/266 4711/3946/3838 102/3947/264
f 50/3948/3700 49/3857/3613 2411/3949/3839
f 2411/3949/3839 49/3857/3613 2361/3858/3751
f 2411/3949/3839 2361/3858/3751 2360/3950/3840
f 2360/3950/3840 2361/3858/3751 2310/3859/3752
f 2360/3950/3840 2310/3859/3752 2309/3951/3841
f 2309/3951/3841 2310/3859/3752 659/3860/3753
f 2309/3951/3841 659/3860/3753 658/3952/3842
f 658/3952/3842 659/3860/3753 565/3861/3754
f 658/3952/3842 565/3861/3754 566/3953/3843
f 566/3953/3843 565/3861/3754 2257/3862/3755
f 566/3953/3843 2257/3862/3755 2256/3954/3844
f 2256/3954/3844 2257/3862/3755 2206/3863/3756
f 2256/3954/3844 2206/3863/3756 2205/3955/3845
f 2205/3955/3845 2206/3863/3756 2155/3864/3757
f 2205/3955/3845 2155/3864/3757 2154/3956/3846
f 2154/3956/3846 2155/3864/3757 2104/3865/3758
f 2154/3956/3846 2104/3865/3758 2103/3957/3847
f 2103/3957/3847 2104/3865/3758 2053/3866/3759
f 2103/3957/3847 2053/3866/3759 2052/3958/3848
f 2052/3958/3848 2053/3866/3759 2002/3867/3760
f 2052/3958/3848 2002/3867/3760 2001/3959/3849
f 2001/3959/3849 2002/3867/3760 1951/3868/3761
f 2001/3959/3849 1951/3868/3761 1950/3960/3850
f 1950/3960/3850 1951/3868/3761 1900/3869/3762
f 1950/3960/3850 1900/3869/3762 1899/3961/3851
f 1899/3961/3851 1900/3869/3762 1849/3870/3763
f 1899/3961/3851 1849/3870/3763 1848/3962/3852
f 1848/3962/3852 1849/3870/3763 1798/3871/3764
f 1848/3962/3852 1798/3871/3764 1797/3963/3853
f 1797/3963/3853 1798/3871/3764 1747/3872/3765
f 1797/3963/3853 1747/3872/3765 1746/3964/3854
f 1746/3964/3854 1747/3872/3765 1696/3873/3766
f 1746/3964/3854 1696/3873/3766 1695/3965/3855
f 1695/3965/3855 1696/3873/3766 1645/3874/3767
f 1695/3965/3855 1645/3874/3767 1644/3966/3856
f 1644/3966/3856 1645/3874/3767 1594/3875/3768
f 1644/3966/3856 1594/3875/3768 1593/3967/3857
f 1593/3967/3857 1594/3875/3768 1543/3876/3769
f 1593/3967/3857 1543/3876/3769 1542/3968/3858
f 1542/3968/3858 1543/3876/3769 742/3877/3770
f 1542/3968/3858 742/3877/3770 741/3969/3859
f 741/3969/3859 742/3877/3770 682/3878/3771
f 741/3969/3859 682/3878/3771 683/3970/3860
f 683/3970/3860 682/3878/3771 1490/3879/3772
f 683/3970/3860 1490/3879/3772 1489/3971/3861
f 1489/3971/3861 1490/3879/3772 1439/3880/3773
f 1489/3971/3861 1439/3880/3773 1438/3972/3862
f 1438/3972/3862 1439/3880/3773 1388/3881/3774
f 1438/3972/3862 1388/3881/3774 1387/3973/3863
f 1387/3973/3863 1388/3881/3774 1337/3882/3775
f 1387/3973/3863 1337/3882/3775 1336/3974/3864
f 1336/3974/3864 1337/3882/3775 1286/3883/3776
f 1336/3974/3864 1286/3883/3776 1285/3975/3865
f 1285/3975/3865 1286/3883/3776 1235/3884/3777
f 1285/3975/3865 1235/3884/3777 1234/3976/3866
f 1234/3976/3866 1235/3884/3777 1184/3885/3778
f 1234/3976/3866 1184/3885/3778 1183/3977/3867
f 1183/3977/3867 1184/3885/3778 1133/3886/3779
f 1183/3977/3867 1133/3886/3779 1132/3978/3868
f 1132/3978/3868 1133/3886/3779 1082/3887/3780
f 1132/3978/3868 1082/3887/3780 1081/3979/3869
f 1081/3979/3869 1082/3887/3780 1031/3888/3781
f 1081/3979/3869 1031/3888/3781 1030/3980/3870
f 1030/3980/3870 1031/3888/3781 980/3889/3782
f 1030/3980/3870 980/3889/3782 979/3981/3871
f 979/3981/3871 980/3889/3782 929/3890/3783
f 979/3981/3871 929/3890/3783 928/3982/3872
f 928/3982/3872 929/3890/3783 878/3891/3784
f 928/3982/3872 878/3891/3784 877/3983/3873
f 877/3983/3873 878/3891/3784 827/3892/3785
f 877/3983/3873 827/3892/3785 826/3984/3874
f 826/3984/3874 827/3892/3785 776/3893/3786
f 826/3984/3874 776/3893/3786 775/3985/3875
f 775/3985/3875 776/3893/3786 175/3894/3787
f 775/3985/3875 175/3894/3787 174/3986/3876
f 174/3986/3876 175/3894/3787 126/3895/879
f 174/3986/3876 126/3895/879 125/3987/877
f 51/3896/3788 52/3988/3877 2512/3897/3789
f 2512/3897/3789 52/3988/3877 2562/3989/3878
f 2512/3897/3789 2562/3989/3878 2563/3898/3790
f 2563/3898/3790 2562/3989/3878 2613/3990/3879
f 2563/3898/3790 2613/3990/3879 2614/3899/3791
f 2614/3899/3791 2613/3990/3879 2664/3991/3880
f 2614/3899/3791 2664/3991/3880 2665/3900/3792
f 2665/3900/3792 2664/3991/3880 2715/3992/3881
f 2665/3900/3792 2715/3992/3881 2716/3901/3793
f 2716/3901/3793 2715/3992/3881 2766/3993/3882
f 2716/3901/3793 2766/3993/3882 2767/3902/3794
f 2767/3902/3794 2766/3993/3882 2817/3994/3883
f 2767/3902/3794 2817/3994/3883 2818/3903/3795
f 2818/3903/3795 2817/3994/3883 2868/3995/3884
f 2818/3903/3795 2868/3995/3884 2869/3904/3796
f 2869/3904/3796 2868/3995/3884 2919/3996/3885
f 2869/3904/3796 2919/3996/3885 2920/3905/3797
f 2920/3905/3797 2919/3996/3885 2970/3997/3886
f 2920/3905/3797 2970/3997/3886 2971/3906/3798
f 2971/3906/3798 2970/3997/3886 502/3998/3887
f 2971/3906/3798 502/3998/3887 501/3907/3799
f 501/3907/3799 502/3998/3887 522/3999/3888
f 501/3907/3799 522/3999/3888 523/3908/3800
f 523/3908/3800 522/3999/3888 3023/4000/3889
f 523/3908/3800 3023/4000/3889 3024/3909/3801
f 3024/3909/3801 3023/4000/3889 3074/4001/3890
f 3024/3909/3801 3074/4001/3890 3075/3910/3802
f 3075/3910/3802 3074/4001/3890 3125/4002/3891
f 3075/3910/3802 3125/4002/3891 3126/3911/3803
f 3126/3911/3803 3125/4002/3891 3176/4003/3892
f 3126/3911/3803 3176/4003/3892 3177/3912/3804
f 3177/3912/3804 3176/4003/3892 3227/4004/3893
f 3177/3912/3804 3227/4004/3893 3228/3913/3805
f 3228/3913/3805 3227/4004/3893 3278/4005/3894
f 3228/3913/3805 3278/4005/3894 3279/3914/3806
f 3279/3914/3806 3278/4005/3894 3329/4006/3895
f 3279/3914/3806 3329/4006/3895 3330/3915/3807
f 3330/3915/3807 3329/4006/3895 3380/4007/3896
f 3330/3915/3807 3380/4007/3896 3381/3916/3808
f 3381/3916/3808 3380/4007/3896 3431/4008/3897
f 3381/3916/3808 3431/4008/3897 3432/3917/3809
f 3432/3917/3809 3431/4008/3897 3482/4009/3898
f 3432/3917/3809 3482/4009/3898 3483/3918/3810
f 3483/3918/3810 3482/4009/3898 3533/4010/3899
f 3483/3918/3810 3533/4010/3899 3534/3919/3811
f 3534/3919/3811 3533/4010/3899 3584/4011/3900
f 3534/3919/3811 3584/4011/3900 3585/3920/3812
f 3585/3920/3812 3584/4011/3900 3635/4012/3901
f 3585/3920/3812 3635/4012/3901 3636/3921/3813
f 3636/3921/3813 3635/4012/3901 3686/4013/3902
f 3636/3921/3813 3686/4013/3902 3687/3922/3814
f 3687/3922/3814 3686/4013/3902 3737/4014/3903
f 3687/3922/3814 3737/4014/3903 3738/3923/3815
f 3738/3923/3815 3737/4014/3903 385/4015/3904
f 3738/3923/3815 385/4015/3904 384/3924/3816
f 384/3924/3816 385/4015/3904 439/4016/3905
f 384/3924/3816 439/4016/3905 440/3925/3817
f 440/3925/3817 439/4016/3905 3790/4017/3906
f 440/3925/3817 3790/4017/3906 3791/3926/3818
f 3791/3926/3818 3790/4017/3906 3841/4018/3907
f 3791/3926/3818 3841/4018/3907 3842/3927/3819
f 3842/3927/3819 3841/4018/3907 3892/4019/3908
f 3842/3927/3819 3892/4019/3908 3893/3928/3820
f 3893/3928/3820 3892/4019/3908 3943/4020/3909
f 3893/3928/3820 3943/4020/3909 3944/3929/3821
f 3944/3929/3821 3943/4020/3909 3994/4021/3910
f 3944/3929/3821 3994/4021/3910 3995/3930/3822
f 3995/3930/3822 3994/4021/3910 4045/4022/3911
f 3995/3930/3822 4045/4022/3911 4046/3931/3823
f 4046/3931/3823 4045/4022/3911 4096/4023/3912
f 4046/3931/3823 4096/4023/3912 4097/3932/3824
f 4097/3932/3824 4096/4023/3912 4147/4024/3913
f 4097/3932/3824 4147/4024/3913 4148/3933/3825
f 4148/3933/3825 4147/4024/3913 4198/4025/3914
f 4148/3933/3825 4198/4025/3914 4199/3934/3826
f 4199/3934/3826 4198/4025/3914 4249/4026/3915
f 4199/3934/3826 4249/4026/3915 4250/3935/3827
f 4250/3935/3827 4249/4026/3915 4300/4027/3916
f 4250/3935/3827 4300/4027/3916 4301/3936/3828
f 4301/3936/3828 4300/4027/3916 4351/4028/3917
f 4301/3936/3828 4351/4028/3917 4352/3937/3829
f 4352/3937/3829 4351/4028/3917 4402/4029/3918
f 4352/3937/3829 4402/4029/3918 4403/3938/3830
f 4403/3938/3830 4402/4029/3918 4453/4030/3919
f 4403/3938/3830 4453/4030/3919 4454/3939/3831
f 4454/3939/3831 4453/4030/3919 4504/4031/3920
f 4454/3939/3831 4504/4031/3920 4505/3940/3832
f 4505/3940/3832 4504/4031/3920 268/4032/3921
f 4505/3940/3832 268/4032/3921 267/3941/3833
f 267/3941/3833 268/4032/3921 356/4033/3922
f 267/3941/3833 356/4033/3922 357/3942/3834
f 357/3942/3834 356/4033/3922 4557/4034/3923
f 357/3942/3834 4557/4034/3923 4558/3943/3835
f 4558/3943/3835 4557/4034/3923 4608/4035/3924
f 4558/3943/3835 4608/4035/3924 4609/3944/3836
f 4609/3944/3836 4608/4035/3924 4659/4036/3925
f 4609/3944/3836 4659/4036/3925 4660/3945/3837
f 4660/3945/3837 4659/4036/3925 4710/4037/3926
f 4660/3945/3837 4710/4037/3926 4711/3946/3838
f 4711/3946/3838 4710/4037/3926 4761/4038/3927
f 4711/3946/3838 4761/4038/3927 102/3947/264
f 102/3947/264 4761/4038/3927 103/4039/262
f 51/4040/3788 50/3948/3700 2461/4041/3928
f 2461/4041/3928 50/3948/3700 2411/3949/3839
f 2461/4041/3928 2411/3949/3839 2410/4042/3929
f 2410/4042/3929 2411/3949/3839 2360/3950/3840
f 2410/4042/3929 2360/3950/3840 2359/4043/3930
f 2359/4043/3930 2360/3950/3840 2309/3951/3841
f 2359/4043/3930 2309/3951/3841 2308/4044/3931
f 2308/4044/3931 2309/3951/3841 658/3952/3842
f 2308/4044/3931 658/3952/3842 657/4045/3932
f 657/4045/3932 658/3952/3842 566/3953/3843
f 657/4045/3932 566/3953/3843 567/4046/3933
f 567/4046/3933 566/3953/3843 2256/3954/3844
f 567/4046/3933 2256/3954/3844 2255/4047/3934
f 2255/4047/3934 2256/3954/3844 2205/3955/3845
f 2255/4047/3934 2205/3955/3845 2204/4048/3935
f 2204/4048/3935 2205/3955/3845 2154/3956/3846
f 2204/4048/3935 2154/3956/3846 2153/4049/3936
f 2153/4049/3936 2154/3956/3846 2103/3957/3847
f 2153/4049/3936 2103/3957/3847 2102/4050/3937
f 2102/4050/3937 2103/3957/3847 2052/3958/3848
f 2102/4050/3937 2052/3958/3848 2051/4051/3938
f 2051/4051/3938 2052/3958/3848 2001/3959/3849
f 2051/4051/3938 2001/3959/3849 2000/4052/3939
f 2000/4052/3939 2001/3959/3849 1950/3960/3850
f 2000/4052/3939 1950/3960/3850 1949/4053/3940
f 1949/4053/3940 1950/3960/3850 1899/3961/3851
f 1949/4053/3940 1899/3961/3851 1898/4054/3941
f 1898/4054/3941 1899/3961/3851 1848/3962/3852
f 1898/4054/3941 1848/3962/3852 1847/4055/3942
f 1847/4055/3942 1848/3962/3852 1797/3963/3853
f 1847/4055/3942 1797/3963/3853 1796/4056/3943
f 1796/4056/3943 1797/3963/3853 1746/3964/3854
f 1796/4056/3943 1746/3964/3854 1745/4057/3944
f 1745/4057/3944 1746/3964/3854 1695/3965/3855
f 1745/4057/3944 1695/3965/3855 1694/4058/3945
f 1694/4058/3945 1695/3965/3855 1644/3966/3856
f 1694/4058/3945 1644/3966/3856 1643/4059/3946
f 1643/4059/3946 1644/3966/3856 1593/3967/3857
f 1643/4059/3946 1593/3967/3857 1592/4060/3947
f 1592/4060/3947 1593/3967/3857 1542/3968/3858
f 1592/4060/3947 1542/3968/3858 1541/4061/3948
f 1541/4061/3948 1542/3968/3858 741/3969/3859
f 1541/4061/3948 741/3969/3859 740/4062/3949
f 740/4062/3949 741/3969/3859 683/3970/3860
f 740/4062/3949 683/3970/3860 684/4063/3950
f 684/4063/3950 683/3970/3860 1489/3971/3861
f 684/4063/3950 1489/3971/3861 1488/4064/3951
f 1488/4064/3951 1489/3971/3861 1438/3972/3862
f 1488/4064/3951 1438/3972/3862 1437/4065/3952
f 1437/4065/3952 1438/3972/3862 1387/3973/3863
f 1437/4065/3952 1387/3973/3863 1386/4066/3953
f 1386/4066/3953 1387/3973/3863 1336/3974/3864
f 1386/4066/3953 1336/3974/3864 1335/4067/3954
f 1335/4067/3954 1336/3974/3864 1285/3975/3865
f 1335/4067/3954 1285/3975/3865 1284/4068/3955
f 1284/4068/3955 1285/3975/3865 1234/3976/3866
f 1284/4068/3955 1234/3976/3866 1233/4069/3956
f 1233/4069/3956 1234/3976/3866 1183/3977/3867
f 1233/4069/3956 1183/3977/3867 1182/4070/3957
f 1182/4070/3957 1183/3977/3867 1132/3978/3868
f 1182/4070/3957 1132/3978/3868 1131/4071/3958
f 1131/4071/3958 1132/3978/3868 1081/3979/3869
f 1131/4071/3958 1081/3979/3869 1080/4072/3959
f 1080/4072/3959 1081/3979/3869 1030/3980/3870
f 1080/4072/3959 1030/3980/3870 1029/4073/3960
f 1029/4073/3960 1030/3980/3870 979/3981/3871
f 1029/4073/3960 979/3981/3871 978/4074/3961
f 978/4074/3961 979/3981/3871 928/3982/3872
f 978/4074/3961 928/3982/3872 927/4075/3962
f 927/4075/3962 928/3982/3872 877/3983/3873
f 927/4075/3962 877/3983/3873 876/4076/3963
f 876/4076/3963 877/3983/3873 826/3984/3874
f 876/4076/3963 826/3984/3874 825/4077/3964
f 825/4077/3964 826/3984/3874 775/3985/3875
f 825/4077/3964 775/3985/3875 774/4078/3965
f 774/4078/3965 775/3985/3875 174/3986/3876
f 774/4078/3965 174/3986/3876 173/4079/3966
f 173/4079/3966 174/3986/3876 125/3987/877
f 173/4079/3966 125/3987/877 124/4080/875
f 52/3988/3877 53/4081/3967 2562/3989/3878
f 2562/3989/3878 53/4081/3967 2612/4082/3968
f 2562/3989/3878 2612/4082/3968 2613/3990/3879
f 2613/3990/3879 2612/4082/3968 2663/4083/3969
f 2613/3990/3879 2663/4083/3969 2664/3991/3880
f 2664/3991/3880 2663/4083/3969 2714/4084/3970
f 2664/3991/3880 2714/4084/3970 2715/3992/3881
f 2715/3992/3881 2714/4084/3970 2765/4085/3971
f 2715/3992/3881 2765/4085/3971 2766/3993/3882
f 2766/3993/3882 2765/4085/3971 2816/4086/3972
f 2766/3993/3882 2816/4086/3972 2817/3994/3883
f 2817/3994/3883 2816/4086/3972 2867/4087/3973
f 2817/3994/3883 2867/4087/3973 2868/3995/3884
f 2868/3995/3884 2867/4087/3973 2918/4088/3974
f 2868/3995/3884 2918/4088/3974 2919/3996/3885
f 2919/3996/3885 2918/4088/3974 2969/4089/3975
f 2919/3996/3885 2969/4089/3975 2970/3997/3886
f 2970/3997/3886 2969/4089/3975 503/4090/3976
f 2970/3997/3886 503/4090/3976 502/3998/3887
f 502/3998/3887 503/4090/3976 521/4091/3977
f 502/3998/3887 521/4091/3977 522/3999/3888
f 522/3999/3888 521/4091/3977 3022/4092/3978
f 522/3999/3888 3022/4092/3978 3023/4000/3889
f 3023/4000/3889 3022/4092/3978 3073/4093/3979
f 3023/4000/3889 3073/4093/3979 3074/4001/3890
f 3074/4001/3890 3073/4093/3979 3124/4094/3980
f 3074/4001/3890 3124/4094/3980 3125/4002/3891
f 3125/4002/3891 3124/4094/3980 3175/4095/3981
f 3125/4002/3891 3175/4095/3981 3176/4003/3892
f 3176/4003/3892 3175/4095/3981 3226/4096/3982
f 3176/4003/3892 3226/4096/3982 3227/4004/3893
f 3227/4004/3893 3226/4096/3982 3277/4097/3983
f 3227/4004/3893 3277/4097/3983 3278/4005/3894
f 3278/4005/3894 3277/4097/3983 3328/4098/3984
f 3278/4005/3894 3328/4098/3984 3329/4006/3895
f 3329/4006/3895 3328/4098/3984 3379/4099/3985
f 3329/4006/3895 3379/4099/3985 3380/4007/3896
f 3380/4007/3896 3379/4099/3985 3430/4100/3986
f 3380/4007/3896 3430/4100/3986 3431/4008/3897
f 3431/4008/3897 3430/4100/3986 3481/4101/3987
f 3431/4008/3897 3481/4101/3987 3482/4009/3898
f 3482/4009/3898 3481/4101/3987 3532/4102/3988
f 3482/4009/3898 3532/4102/3988 3533/4010/3899
f 3533/4010/3899 3532/4102/3988 3583/4103/3989
f 3533/4010/3899 3583/4103/3989 3584/4011/3900
f 3584/4011/3900 3583/4103/3989 3634/4104/3990
f 3584/4011/3900 3634/4104/3990 3635/4012/3901
f 3635/4012/3901 3634/4104/3990 3685/4105/3991
f 3635/4012/3901 3685/4105/3991 3686/4013/3902
f 3686/4013/3902 3685/4105/3991 3736/4106/3992
f 3686/4013/3902 3736/4106/3992 3737/4014/3903
f 3737/4014/3903 3736/4106/3992 386/4107/3993
f 3737/4014/3903 386/4107/3993 385/4015/3904
f 385/4015/3904 386/4107/3993 438/4108/3994
f 385/4015/3904 438/4108/3994 439/4016/3905
f 439/4016/3905 438/4108/3994 3789/4109/3995
f 439/4016/3905 3789/4109/3995 3790/4017/3906
f 3790/4017/3906 3789/4109/3995 3840/4110/3996
f 3790/4017/3906 3840/4110/3996 3841/4018/3907
f 3841/4018/3907 3840/4110/3996 3891/4111/3997
f 3841/4018/3907 3891/4111/3997 3892/4019/3908
f 3892/4019/3908 3891/4111/3997 3942/4112/3998
f 3892/4019/3908 3942/4112/3998 3943/4020/3909
f 3943/4020/3909 3942/4112/3998 3993/4113/3999
f 3943/4020/3909 3993/4113/3999 3994/4021/3910
f 3994/4021/3910 3993/4113/3999 4044/4114/4000
f 3994/4021/3910 4044/4114/4000 4045/4022/3911
f 4045/4022/3911 4044/4114/4000 4095/4115/4001
f 4045/4022/3911 4095/4115/4001 4096/4023/3912
f 4096/4023/3912 4095/4115/4001 4146/4116/4002
f 4096/4023/3912 4146/4116/4002 4147/4024/3913
f 4147/4024/3913 4146/4116/4002 4197/4117/4003
f 4147/4024/3913 4197/4117/4003 4198/4025/3914
f 4198/4025/3914 4197/4117/4003 4248/4118/4004
f 4198/4025/3914 4248/4118/4004 4249/4026/3915
f 4249/4026/3915 4248/4118/4004 4299/4119/4005
f 4249/4026/3915 4299/4119/4005 4300/4027/3916
f 4300/4027/3916 4299/4119/4005 4350/4120/4006
f 4300/4027/3916 4350/4120/4006 4351/4028/3917
f 4351/4028/3917 4350/4120/4006 4401/4121/4007
f 4351/4028/3917 4401/4121/4007 4402/4029/3918
f 4402/4029/3918 4401/4121/4007 4452/4122/4008
f 4402/4029/3918 4452/4122/4008 4453/4030/3919
f 4453/4030/3919 4452/4122/4008 4503/4123/4009
f 4453/4030/3919 4503/4123/4009 4504/4031/3920
f 4504/4031/3920 4503/4123/4009 269/4124/4010
f 4504/4031/3920 269/4124/4010 268/4032/3921
f 268/4032/3921 269/4124/4010 355/4125/4011
f 268/4032/3921 355/4125/4011 356/4033/3922
f 356/4033/3922 355/4125/4011 4556/4126/4012
f 356/4033/3922 4556/4126/4012 4557/4034/3923
f 4557/4034/3923 4556/4126/4012 4607/4127/4013
f 4557/4034/3923 4607/4127/4013 4608/4035/3924
f 4608/4035/3924 4607/4127/4013 4658/4128/4014
f 4608/4035/3924 4658/4128/4014 4659/4036/3925
f 4659/4036/3925 4658/4128/4014 4709/4129/4015
f 4659/4036/3925 4709/4129/4015 4710/4037/3926
f 4710/4037/3926 4709/4129/4015 4760/4130/4016
f 4710/4037/3926 4760/4130/4016 4761/4038/3927
f 4761/4038/3927 4760/4130/4016 4811/4131/4017
f 4761/4038/3927 4811/4131/4017 103/4039/262
f 103/4039/262 4811/4131/4017 104/4132/260
f 52/4133/3877 51/4040/3788 2511/4134/4018
f 2511/4134/4018 51/4040/3788 2461/4041/3928
f 2511/4134/4018 2461/4041/3928 2460/4135/4019
f 2460/4135/4019 2461/4041/3928 2410/4042/3929
f 2460/4135/4019 2410/4042/3929 2409/4136/4020
f 2409/4136/4020 2410/4042/3929 2359/4043/3930
f 2409/4136/4020 2359/4043/3930 2358/4137/4021
f 2358/4137/4021 2359/4043/3930 2308/4044/3931
f 2358/4137/4021 2308/4044/3931 2307/4138/4022
f 2307/4138/4022 2308/4044/3931 657/4045/3932
f 2307/4138/4022 657/4045/3932 656/4139/4023
f 656/4139/4023 657/4045/3932 567/4046/3933
f 656/4139/4023 567/4046/3933 568/4140/4024
f 568/4140/4024 567/4046/3933 2255/4047/3934
f 568/4140/4024 2255/4047/3934 2254/4141/4025
f 2254/4141/4025 2255/4047/3934 2204/4048/3935
f 2254/4141/4025 2204/4048/3935 2203/4142/4026
f 2203/4142/4026 2204/4048/3935 2153/4049/3936
f 2203/4142/4026 2153/4049/3936 2152/4143/4027
f 2152/4143/4027 2153/4049/3936 2102/4050/3937
f 2152/4143/4027 2102/4050/3937 2101/4144/4028
f 2101/4144/4028 2102/4050/3937 2051/4051/3938
f 2101/4144/4028 2051/4051/3938 2050/4145/4029
f 2050/4145/4029 2051/4051/3938 2000/4052/3939
f 2050/4145/4029 2000/4052/3939 1999/4146/4030
f 1999/4146/4030 2000/4052/3939 1949/4053/3940
f 1999/4146/4030 1949/4053/3940 1948/4147/4031
f 1948/4147/4031 1949/4053/3940 1898/4054/3941
f 1948/4147/4031 1898/4054/3941 1897/4148/4032
f 1897/4148/4032 1898/4054/3941 1847/4055/3942
f 1897/4148/4032 1847/4055/3942 1846/4149/4033
f 1846/4149/4033 1847/4055/3942 1796/4056/3943
f 1846/4149/4033 1796/4056/3943 1795/4150/4034
f 1795/4150/4034 1796/4056/3943 1745/4057/3944
f 1795/4150/4034 1745/4057/3944 1744/4151/4035
f 1744/4151/4035 1745/4057/3944 1694/4058/3945
f 1744/4151/4035 1694/4058/3945 1693/4152/4036
f 1693/4152/4036 1694/4058/3945 1643/4059/3946
f 1693/4152/4036 1643/4059/3946 1642/4153/4037
f 1642/4153/4037 1643/4059/3946 1592/4060/3947
f 1642/4153/4037 1592/4060/3947 1591/4154/4038
f 1591/4154/4038 1592/4060/3947 1541/4061/3948
f 1591/4154/4038 1541/4061/3948 1540/4155/4039
f 1540/4155/4039 1541/4061/3948 740/4062/3949
f 1540/4155/4039 740/4062/3949 739/4156/4040
f 739/4156/4040 740/4062/3949 684/4063/3950
f 739/4156/4040 684/4063/3950 685/4157/4041
f 685/4157/4041 684/4063/3950 1488/4064/3951
f 685/4157/4041 1488/4064/3951 1487/4158/4042
f 1487/4158/4042 1488/4064/3951 1437/4065/3952
f 1487/4158/4042 1437/4065/3952 1436/4159/4043
f 1436/4159/4043 1437/4065/3952 1386/4066/3953
f 1436/4159/4043 1386/4066/3953 1385/4160/4044
f 1385/4160/4044 1386/4066/3953 1335/4067/3954
f 1385/4160/4044 1335/4067/3954 1334/4161/4045
f 1334/4161/4045 1335/4067/3954 1284/4068/3955
f 1334/4161/4045 1284/4068/3955 1283/4162/4046
f 1283/4162/4046 1284/4068/3955 1233/4069/3956
f 1283/4162/4046 1233/4069/3956 1232/4163/4047
f 1232/4163/4047 1233/4069/3956 1182/4070/3957
f 1232/4163/4047 1182/4070/3957 1181/4164/4048
f 1181/4164/4048 1182/4070/3957 1131/4071/3958
f 1181/4164/4048 1131/4071/3958 1130/4165/4049
f 1130/4165/4049 1131/4071/3958 1080/4072/3959
f 1130/4165/4049 1080/4072/3959 1079/4166/4050
f 1079/4166/4050 1080/4072/3959 1029/4073/3960
f 1079/4166/4050 1029/4073/3960 1028/4167/4051
f 1028/4167/4051 1029/4073/3960 978/4074/3961
f 1028/4167/4051 978/4074/3961 977/4168/4052
f 977/4168/4052 978/4074/3961 927/4075/3962
f 977/4168/4052 927/4075/3962 926/4169/4053
f 926/4169/4053 927/4075/3962 876/4076/3963
f 926/4169/4053 876/4076/3963 875/4170/4054
f 875/4170/4054 876/4076/3963 825/4077/3964
f 875/4170/4054 825/4077/3964 824/4171/4055
f 824/4171/4055 825/4077/3964 774/4078/3965
f 824/4171/4055 774/4078/3965 773/4172/4056
f 773/4172/4056 774/4078/3965 173/4079/3966
f 773/4172/4056 173/4079/3966 172/4173/4057
f 172/4173/4057 173/4079/3966 124/4080/875
f 172/4173/4057 124/4080/875 123/4174/873
f 53/4081/3967 54/4175/4058 2612/4082/3968
f 2612/4082/3968 54/4175/4058 2662/4176/4059
f 2612/4082/3968 2662/4176/4059 2663/4083/3969
f 2663/4083/3969 2662/4176/4059 2713/4177/4060
f 2663/4083/3969 2713/4177/4060 2714/4084/3970
f 2714/4084/3970 2713/4177/4060 2764/4178/4061
f 2714/4084/3970 2764/4178/4061 2765/4085/3971
f 2765/4085/3971 2764/4178/4061 2815/4179/4062
f 2765/4085/3971 2815/4179/4062 2816/4086/3972
f 2816/4086/3972 2815/4179/4062 2866/4180/4063
f 2816/4086/3972 2866/4180/4063 2867/4087/3973
f 2867/4087/3973 2866/4180/4063 2917/4181/4064
f 2867/4087/3973 2917/4181/4064 2918/4088/3974
f 2918/4088/3974 2917/4181/4064 2968/4182/4065
f 2918/4088/3974 2968/4182/4065 2969/4089/3975
f 2969/4089/3975 2968/4182/4065 504/4183/4066
f 2969/4089/3975 504/4183/4066 503/4090/3976
f 503/4090/3976 504/4183/4066 520/4184/4067
f 503/4090/3976 520/4184/4067 521/4091/3977
f 521/4091/3977 520/4184/4067 3021/4185/4068
f 521/4091/3977 3021/4185/4068 3022/4092/3978
f 3022/4092/3978 3021/4185/4068 3072/4186/4069
f 3022/4092/3978 3072/4186/4069 3073/4093/3979
f 3073/4093/3979 3072/4186/4069 3123/4187/4070
f 3073/4093/3979 3123/4187/4070 3124/4094/3980
f 3124/4094/3980 3123/4187/4070 3174/4188/4071
f 3124/4094/3980 3174/4188/4071 3175/4095/3981
f 3175/4095/3981 3174/4188/4071 3225/4189/4072
f 3175/4095/3981 3225/4189/4072 3226/4096/3982
f 3226/4096/3982 3225/4189/4072 3276/4190/4073
f 3226/4096/3982 3276/4190/4073 3277/4097/3983
f 3277/4097/3983 3276/4190/4073 3327/4191/4074
f 3277/4097/3983 3327/4191/4074 3328/4098/3984
f 3328/4098/3984 3327/4191/4074 3378/4192/4075
f 3328/4098/3984 3378/4192/4075 3379/4099/3985
f 3379/4099/3985 3378/4192/4075 3429/4193/4076
f 3379/4099/3985 3429/4193/4076 3430/4100/3986
f 3430/4100/3986 3429/4193/4076 3480/4194/4077
f 3430/4100/3986 3480/4194/4077 3481/4101/3987
f 3481/4101/3987 3480/4194/4077 3531/4195/4078
f 3481/4101/3987 3531/4195/4078 3532/4102/3988
f 3532/4102/3988 3531/4195/4078 3582/4196/4079
f 3532/4102/3988 3582/4196/4079 3583/4103/3989
f 3583/4103/3989 3582/4196/4079 3633/4197/4080
f 3583/4103/3989 3633/4197/4080 3634/4104/3990
f 3634/4104/3990 3633/4197/4080 3684/4198/4081
f 3634/4104/3990 3684/4198/4081 3685/4105/3991
f 3685/4105/3991 3684/4198/4081 3735/4199/4082
f 3685/4105/3991 3735/4199/4082 3736/4106/3992
f 3736/4106/3992 3735/4199/4082 387/4200/4083
f 3736/4106/3992 387/4200/4083 386/4107/3993
f 386/4107/3993 387/4200/4083 437/4201/4084
f 386/4107/3993 437/4201/4084 438/4108/3994
f 438/4108/3994 437/4201/4084 3788/4202/4085
f 438/4108/3994 3788/4202/4085 3789/4109/3995
f 3789/4109/3995 3788/4202/4085 3839/4203/4086
f 3789/4109/3995 3839/4203/4086 3840/4110/3996
f 3840/4110/3996 3839/4203/4086 3890/4204/4087
f 3840/4110/3996 3890/4204/4087 3891/4111/3997
f 3891/4111/3997 3890/4204/4087 3941/4205/4088
f 3891/4111/3997 3941/4205/4088 3942/4112/3998
f 3942/4112/3998 3941/4205/4088 3992/4206/4089
f 3942/4112/3998 3992/4206/4089 3993/4113/3999
f 3993/4113/3999 3992/4206/4089 4043/4207/4090
f 3993/4113/3999 4043/4207/4090 4044/4114/4000
f 4044/4114/4000 4043/4207/4090 4094/4208/4091
f 4044/4114/4000 4094/4208/4091 4095/4115/4001
f 4095/4115/4001 4094/4208/4091 4145/4209/4092
f 4095/4115/4001 4145/4209/4092 4146/4116/4002
f 4146/4116/4002 4145/4209/4092 4196/4210/4093
f 4146/4116/4002 4196/4210/4093 4197/4117/4003
f 4197/4117/4003 4196/4210/4093 4247/4211/4094
f 4197/4117/4003 4247/4211/4094 4248/4118/4004
f 4248/4118/4004 4247/4211/4094 4298/4212/4095
f 4248/4118/4004 4298/4212/4095 4299/4119/4005
f 4299/4119/4005 4298/4212/4095 4349/4213/4096
f 4299/4119/4005 4349/4213/4096 4350/4120/4006
f 4350/4120/4006 4349/4213/4096 4400/4214/4097
f 4350/4120/4006 4400/4214/4097 4401/4121/4007
f 4401/4121/4007 4400/4214/4097 4451/4215/4098
f 4401/4121/4007 4451/4215/4098 4452/4122/4008
f 4452/4122/4008 4451/4215/4098 4502/4216/4099
f 4452/4122/4008 4502/4216/4099 4503/4123/4009
f 4503/4123/4009 4502/4216/4099 270/4217/4100
f 4503/4123/4009 270/4217/4100 269/4124/4010
f 269/4124/4010 270/4217/4100 354/4218/4101
f 269/4124/4010 354/4218/4101 355/4125/4011
f 355/4125/4011 354/4218/4101 4555/4219/4102
f 355/4125/4011 4555/4219/4102 4556/4126/4012
f 4556/4126/4012 4555/4219/4102 4606/4220/4103
f 4556/4126/4012 4606/4220/4103 4607/4127/4013
f 4607/4127/4013 4606/4220/4103 4657/4221/4104
f 4607/4127/4013 4657/4221/4104 4658/4128/4014
f 4658/4128/4014 4657/4221/4104 4708/4222/4105
f 4658/4128/4014 4708/4222/4105 4709/4129/4015
f 4709/4129/4015 4708/4222/4105 4759/4223/4106
f 4709/4129/4015 4759/4223/4106 4760/4130/4016
f 4760/4130/4016 4759/4223/4106 4810/4224/4107
f 4760/4130/4016 4810/4224/4107 4811/4131/4017
f 4811/4131/4017 4810/4224/4107 4861/4225/4108
f 4811/4131/4017 4861/4225/4108 104/4132/260
f 104/4132/260 4861/4225/4108 105/4226/258
f 53/4227/3967 52/4133/3877 2561/4228/4109
f 2561/4228/4109 52/4133/3877 2511/4134/4018
f 2561/4228/4109 2511/4134/4018 2510/4229/4110
f 2510/4229/4110 2511/4134/4018 2460/4135/4019
f 2510/4229/4110 2460/4135/4019 2459/4230/4111
f 2459/4230/4111 2460/4135/4019 2409/4136/4020
f 2459/4230/4111 2409/4136/4020 2408/4231/4112
f 2408/4231/4112 2409/4136/4020 2358/4137/4021
f 2408/4231/4112 2358/4137/4021 2357/4232/4113
f 2357/4232/4113 2358/4137/4021 2307/4138/4022
f 2357/4232/4113 2307/4138/4022 2306/4233/4114
f 2306/4233/4114 2307/4138/4022 656/4139/4023
f 2306/4233/4114 656/4139/4023 655/4234/4115
f 655/4234/4115 656/4139/4023 568/4140/4024
f 655/4234/4115 568/4140/4024 569/4235/4116
f 569/4235/4116 568/4140/4024 2254/4141/4025
f 569/4235/4116 2254/4141/4025 2253/4236/4117
f 2253/4236/4117 2254/4141/4025 2203/4142/4026
f 2253/4236/4117 2203/4142/4026 2202/4237/4118
f 2202/4237/4118 2203/4142/4026 2152/4143/4027
f 2202/4237/4118 2152/4143/4027 2151/4238/4119
f 2151/4238/4119 2152/4143/4027 2101/4144/4028
f 2151/4238/4119 2101/4144/4028 2100/4239/4120
f 2100/4239/4120 2101/4144/4028 2050/4145/4029
f 2100/4239/4120 2050/4145/4029 2049/4240/4121
f 2049/4240/4121 2050/4145/4029 1999/4146/4030
f 2049/4240/4121 1999/4146/4030 1998/4241/4122
f 1998/4241/4122 1999/4146/4030 1948/4147/4031
f 1998/4241/4122 1948/4147/4031 1947/4242/4123
f 1947/4242/4123 1948/4147/4031 1897/4148/4032
f 1947/4242/4123 1897/4148/4032 1896/4243/4124
f 1896/4243/4124 1897/4148/4032 1846/4149/4033
f 1896/4243/4124 1846/4149/4033 1845/4244/4125
f 1845/4244/4125 1846/4149/4033 1795/4150/4034
f 1845/4244/4125 1795/4150/4034 1794/4245/4126
f 1794/4245/4126 1795/4150/4034 1744/4151/4035
f 1794/4245/4126 1744/4151/4035 1743/4246/4127
f 1743/4246/4127 1744/4151/4035 1693/4152/4036
f 1743/4246/4127 1693/4152/4036 1692/4247/4128
f 1692/4247/4128 1693/4152/4036 1642/4153/4037
f 1692/4247/4128 1642/4153/4037 1641/4248/4129
f 1641/4248/4129 1642/4153/4037 1591/4154/4038
f 1641/4248/4129 1591/4154/4038 1590/4249/4130
f 1590/4249/4130 1591/4154/4038 1540/4155/4039
f 1590/4249/4130 1540/4155/4039 1539/4250/4131
f 1539/4250/4131 1540/4155/4039 739/4156/4040
f 1539/4250/4131 739/4156/4040 738/4251/4132
f 738/4251/4132 739/4156/4040 685/4157/4041
f 738/4251/4132 685/4157/4041 686/4252/4133
f 686/4252/4133 685/4157/4041 1487/4158/4042
f 686/4252/4133 1487/4158/4042 1486/4253/4134
f 1486/4253/4134 1487/4158/4042 1436/4159/4043
f 1486/4253/4134 1436/4159/4043 1435/4254/4135
f 1435/4254/4135 1436/4159/4043 1385/4160/4044
f 1435/4254/4135 1385/4160/4044 1384/4255/4136
f 1384/4255/4136 1385/4160/4044 1334/4161/4045
f 1384/4255/4136 1334/4161/4045 1333/4256/4137
f 1333/4256/4137 1334/4161/4045 1283/4162/4046
f 1333/4256/4137 1283/4162/4046 1282/4257/4138
f 1282/4257/4138 1283/4162/4046 1232/4163/4047
f 1282/4257/4138 1232/4163/4047 1231/4258/4139
f 1231/4258/4139 1232/4163/4047 1181/4164/4048
f 1231/4258/4139 1181/4164/4048 1180/4259/4140
f 1180/4259/4140 1181/4164/4048 1130/4165/4049
f 1180/4259/4140 1130/4165/4049 1129/4260/4141
f 1129/4260/4141 1130/4165/4049 1079/4166/4050
f 1129/4260/4141 1079/4166/4050 1078/4261/4142
f 1078/4261/4142 1079/4166/4050 1028/4167/4051
f 1078/4261/4142 1028/4167/4051 1027/4262/4143
f 1027/4262/4143 1028/4167/4051 977/4168/4052
f 1027/4262/4143 977/4168/4052 976/4263/4144
f 976/4263/4144 977/4168/4052 926/4169/4053
f 976/4263/4144 926/4169/4053 925/4264/4145
f 925/4264/4145 926/4169/4053 875/4170/4054
f 925/4264/4145 875/4170/4054 874/4265/4146
f 874/4265/4146 875/4170/4054 824/4171/4055
f 874/4265/4146 824/4171/4055 823/4266/4147
f 823/4266/4147 824/4171/4055 773/4172/4056
f 823/4266/4147 773/4172/4056 772/4267/4148
f 772/4267/4148 773/4172/4056 172/4173/4057
f 772/4267/4148 172/4173/4057 171/4268/4149
f 171/4268/4149 172/4173/4057 123/4174/873
f 171/4268/4149 123/4174/873 122/4269/871
f 54/4175/4058 55/4270/4150 2662/4176/4059
f 2662/4176/4059 55/4270/4150 2712/4271/4151
f 2662/4176/4059 2712/4271/4151 2713/4177/4060
f 2713/4177/4060 2712/4271/4151 2763/4272/4152
f 2713/4177/4060 2763/4272/4152 2764/4178/4061
f 2764/4178/4061 2763/4272/4152 2814/4273/4153
f 2764/4178/4061 2814/4273/4153 2815/4179/4062
f 2815/4179/4062 2814/4273/4153 2865/4274/4154
f 2815/4179/4062 2865/4274/4154 2866/4180/4063
f 2866/4180/4063 2865/4274/4154 2916/4275/4155
f 2866/4180/4063 2916/4275/4155 2917/4181/4064
f 2917/4181/4064 2916/4275/4155 2967/4276/4156
f 2917/4181/4064 2967/4276/4156 2968/4182/4065
f 2968/4182/4065 2967/4276/4156 505/4277/4157
f 2968/4182/4065 505/4277/4157 504/4183/4066
f 504/4183/4066 505/4277/4157 519/4278/4158
f 504/4183/4066 519/4278/4158 520/4184/4067
f 520/4184/4067 519/4278/4158 3020/4279/4159
f 520/4184/4067 3020/4279/4159 3021/4185/4068
f 3021/4185/4068 3020/4279/4159 3071/4280/4160
f 3021/4185/4068 3071/4280/4160 3072/4186/4069
f 3072/4186/4069 3071/4280/4160 3122/4281/4161
f 3072/4186/4069 3122/4281/4161 3123/4187/4070
f 3123/4187/4070 3122/4281/4161 3173/4282/4162
f 3123/4187/4070 3173/4282/4162 3174/4188/4071
f 3174/4188/4071 3173/4282/4162 3224/4283/4163
f 3174/4188/4071 3224/4283/4163 3225/4189/4072
f 3225/4189/4072 3224/4283/4163 3275/4284/4164
f 3225/4189/4072 3275/4284/4164 3276/4190/4073
f 3276/4190/4073 3275/4284/4164 3326/4285/4165
f 3276/4190/4073 3326/4285/4165 3327/4191/4074
f 3327/4191/4074 3326/4285/4165 3377/4286/4166
f 3327/4191/4074 3377/4286/4166 3378/4192/4075
f 3378/4192/4075 3377/4286/4166 3428/4287/4167
f 3378/4192/4075 3428/4287/4167 3429/4193/4076
f 3429/4193/4076 3428/4287/4167 3479/4288/4168
f 3429/4193/4076 3479/4288/4168 3480/4194/4077
f 3480/4194/4077 3479/4288/4168 3530/4289/4169
f 3480/4194/4077 3530/4289/4169 3531/4195/4078
f 3531/4195/4078 3530/4289/4169 3581/4290/4170
f 3531/4195/4078 3581/4290/4170 3582/4196/4079
f 3582/4196/4079 3581/4290/4170 3632/4291/4171
f 3582/4196/4079 3632/4291/4171 3633/4197/4080
f 3633/4197/4080 3632/4291/4171 3683/4292/4172
f 3633/4197/4080 3683/4292/4172 3684/4198/4081
f 3684/4198/4081 3683/4292/4172 3734/4293/4173
f 3684/4198/4081 3734/4293/4173 3735/4199/4082
f 3735/4199/4082 3734/4293/4173 388/4294/4174
f 3735/4199/4082 388/4294/4174 387/4200/4083
f 387/4200/4083 388/4294/4174 436/4295/4175
f 387/4200/4083 436/4295/4175 437/4201/4084
f 437/4201/4084 436/4295/4175 3787/4296/4176
f 437/4201/4084 3787/4296/4176 3788/4202/4085
f 3788/4202/4085 3787/4296/4176 3838/4297/4177
f 3788/4202/4085 3838/4297/4177 3839/4203/4086
f 3839/4203/4086 3838/4297/4177 3889/4298/4178
f 3839/4203/4086 3889/4298/4178 3890/4204/4087
f 3890/4204/4087 3889/4298/4178 3940/4299/4179
f 3890/4204/4087 3940/4299/4179 3941/4205/4088
f 3941/4205/4088 3940/4299/4179 3991/4300/4180
f 3941/4205/4088 3991/4300/4180 3992/4206/4089
f 3992/4206/4089 3991/4300/4180 4042/4301/4181
f 3992/4206/4089 4042/4301/4181 4043/4207/4090
f 4043/4207/4090 4042/4301/4181 4093/4302/4182
f 4043/4207/4090 4093/4302/4182 4094/4208/4091
f 4094/4208/4091 4093/4302/4182 4144/4303/4183
f 4094/4208/4091 4144/4303/4183 4145/4209/4092
f 4145/4209/4092 4144/4303/4183 4195/4304/4184
f 4145/4209/4092 4195/4304/4184 4196/4210/4093
f 4196/4210/4093 4195/4304/4184 4246/4305/4185
f 4196/4210/4093 4246/4305/4185 4247/4211/4094
f 4247/4211/4094 4246/4305/4185 4297/4306/4186
f 4247/4211/4094 4297/4306/4186 4298/4212/4095
f 4298/4212/4095 4297/4306/4186 4348/4307/4187
f 4298/4212/4095 4348/4307/4187 4349/4213/4096
f 4349/4213/4096 4348/4307/4187 4399/4308/4188
f 4349/4213/4096 4399/4308/4188 4400/4214/4097
f 4400/4214/4097 4399/4308/4188 4450/4309/4189
f 4400/4214/4097 4450/4309/4189 4451/4215/4098
f 4451/4215/4098 4450/4309/4189 4501/4310/4190
f 4451/4215/4098 4501/4310/4190 4502/4216/4099
f 4502/4216/4099 4501/4310/4190 271/4311/4191
f 4502/4216/4099 271/4311/4191 270/4217/4100
f 270/4217/4100 271/4311/4191 353/4312/4192
f 270/4217/4100 353/4312/4192 354/4218/4101
f 354/4218/4101 353/4312/4192 4554/4313/4193
f 354/4218/4101 4554/4313/4193 4555/4219/4102
f 4555/4219/4102 4554/4313/4193 4605/4314/4194
f 4555/4219/4102 4605/4314/4194 4606/4220/4103
f 4606/4220/4103 4605/4314/4194 4656/4315/4195
f 4606/4220/4103 4656/4315/4195 4657/4221/4104
f 4657/4221/4104 4656/4315/4195 4707/4316/4196
f 4657/4221/4104 4707/4316/4196 4708/4222/4105
f 4708/4222/4105 4707/4316/4196 4758/4317/4197
f 4708/4222/4105 4758/4317/4197 4759/4223/4106
f 4759/4223/4106 4758/4317/4197 4809/4318/4198
f 4759/4223/4106 4809/4318/4198 4810/4224/4107
f 4810/4224/4107 4809/4318/4198 4860/4319/4199
f 4810/4224/4107 4860/4319/4199 4861/4225/4108
f 4861/4225/4108 4860/4319/4199 4911/4320/4200
f 4861/4225/4108 4911/4320/4200 105/4226/258
f 105/4226/258 4911/4320/4200 106/4321/256
f 54/4322/4058 53/4227/3967 2611/4323/4201
f 2611/4323/4201 53/4227/3967 2561/4228/4109
f 2611/4323/4201 2561/4228/4109 2560/4324/4202
f 2560/4324/4202 2561/4228/4109 2510/4229/4110
f 2560/4324/4202 2510/4229/4110 2509/4325/4203
f 2509/4325/4203 2510/4229/4110 2459/4230/4111
f 2509/4325/4203 2459/4230/4111 2458/4326/4204
f 2458/4326/4204 2459/4230/4111 2408/4231/4112
f 2458/4326/4204 2408/4231/4112 2407/4327/4205
f 2407/4327/4205 2408/4231/4112 2357/4232/4113
f 2407/4327/4205 2357/4232/4113 2356/4328/4206
f 2356/4328/4206 2357/4232/4113 2306/4233/4114
f 2356/4328/4206 2306/4233/4114 2305/4329/4207
f 2305/4329/4207 2306/4233/4114 655/4234/4115
f 2305/4329/4207 655/4234/4115 654/4330/4208
f 654/4330/4208 655/4234/4115 569/4235/4116
f 654/4330/4208 569/4235/4116 570/4331/4209
f 570/4331/4209 569/4235/4116 2253/4236/4117
f 570/4331/4209 2253/4236/4117 2252/4332/4210
f 2252/4332/4210 2253/4236/4117 2202/4237/4118
f 2252/4332/4210 2202/4237/4118 2201/4333/4211
f 2201/4333/4211 2202/4237/4118 2151/4238/4119
f 2201/4333/4211 2151/4238/4119 2150/4334/4212
f 2150/4334/4212 2151/4238/4119 2100/4239/4120
f 2150/4334/4212 2100/4239/4120 2099/4335/4213
f 2099/4335/4213 2100/4239/4120 2049/4240/4121
f 2099/4335/4213 2049/4240/4121 2048/4336/4214
f 2048/4336/4214 2049/4240/4121 1998/4241/4122
f 2048/4336/4214 1998/4241/4122 1997/4337/4215
f 1997/4337/4215 1998/4241/4122 1947/4242/4123
f 1997/4337/4215 1947/4242/4123 1946/4338/4216
f 1946/4338/4216 1947/4242/4123 1896/4243/4124
f 1946/4338/4216 1896/4243/4124 1895/4339/4217
f 1895/4339/4217 1896/4243/4124 1845/4244/4125
f 1895/4339/4217 1845/4244/4125 1844/4340/4218
f 1844/4340/4218 1845/4244/4125 1794/4245/4126
f 1844/4340/4218 1794/4245/4126 1793/4341/4219
f 1793/4341/4219 1794/4245/4126 1743/4246/4127
f 1793/4341/4219 1743/4246/4127 1742/4342/4220
f 1742/4342/4220 1743/4246/4127 1692/4247/4128
f 1742/4342/4220 1692/4247/4128 1691/4343/4221
f 1691/4343/4221 1692/4247/4128 1641/4248/4129
f 1691/4343/4221 1641/4248/4129 1640/4344/4222
f 1640/4344/4222 1641/4248/4129 1590/4249/4130
f 1640/4344/4222 1590/4249/4130 1589/4345/4223
f 1589/4345/4223 1590/4249/4130 1539/4250/4131
f 1589/4345/4223 1539/4250/4131 1538/4346/4224
f 1538/4346/4224 1539/4250/4131 738/4251/4132
f 1538/4346/4224 738/4251/4132 737/4347/4225
f 737/4347/4225 738/4251/4132 686/4252/4133
f 737/4347/4225 686/4252/4133 687/4348/4226
f 687/4348/4226 686/4252/4133 1486/4253/4134
f 687/4348/4226 1486/4253/4134 1485/4349/4227
f 1485/4349/4227 1486/4253/4134 1435/4254/4135
f 1485/4349/4227 1435/4254/4135 1434/4350/4228
f 1434/4350/4228 1435/4254/4135 1384/4255/4136
f 1434/4350/4228 1384/4255/4136 1383/4351/4229
f 1383/4351/4229 1384/4255/4136 1333/4256/4137
f 1383/4351/4229 1333/4256/4137 1332/4352/4230
f 1332/4352/4230 1333/4256/4137 1282/4257/4138
f 1332/4352/4230 1282/4257/4138 1281/4353/4231
f 1281/4353/4231 1282/4257/4138 1231/4258/4139
f 1281/4353/4231 1231/4258/4139 1230/4354/4232
f 1230/4354/4232 1231/4258/4139 1180/4259/4140
f 1230/4354/4232 1180/4259/4140 1179/4355/4233
f 1179/4355/4233 1180/4259/4140 1129/4260/4141
f 1179/4355/4233 1129/4260/4141 1128/4356/4234
f 1128/4356/4234 1129/4260/4141 1078/4261/4142
f 1128/4356/4234 1078/4261/4142 1077/4357/4235
f 1077/4357/4235 1078/4261/4142 1027/4262/4143
f 1077/4357/4235 1027/4262/4143 1026/4358/4236
f 1026/4358/4236 1027/4262/4143 976/4263/4144
f 1026/4358/4236 976/4263/4144 975/4359/4237
f 975/4359/4237 976/4263/4144 925/4264/4145
f 975/4359/4237 925/4264/4145 924/4360/4238
f 924/4360/4238 925/4264/4145 874/4265/4146
f 924/4360/4238 874/4265/4146 873/4361/4239
f 873/4361/4239 874/4265/4146 823/4266/4147
f 873/4361/4239 823/4266/4147 822/4362/4240
f 822/4362/4240 823/4266/4147 772/4267/4148
f 822/4362/4240 772/4267/4148 771/4363/4241
f 771/4363/4241 772/4267/4148 171/4268/4149
f 771/4363/4241 171/4268/4149 170/4364/4242
f 170/4364/4242 171/4268/4149 122/4269/871
f 170/4364/4242 122/4269/871 6/883/856
f 55/4270/4150 56/4365/4243 2712/4271/4151
f 2712/4271/4151 56/4365/4243 2762/4366/4244
f 2712/4271/4151 2762/4366/4244 2763/4272/4152
f 2763/4272/4152 2762/4366/4244 2813/4367/4245
f 2763/4272/4152 2813/4367/4245 2814/4273/4153
f 2814/4273/4153 2813/4367/4245 2864/4368/4246
f 2814/4273/4153 2864/4368/4246 2865/4274/4154
f 2865/4274/4154 2864/4368/4246 2915/4369/4247
f 2865/4274/4154 2915/4369/4247 2916/4275/4155
f 2916/4275/4155 2915/4369/4247 2966/4370/4248
f 2916/4275/4155 2966/4370/4248 2967/4276/4156
f 2967/4276/4156 2966/4370/4248 506/4371/4249
f 2967/4276/4156 506/4371/4249 505/4277/4157
f 505/4277/4157 506/4371/4249 518/4372/4250
f 505/4277/4157 518/4372/4250 519/4278/4158
f 519/4278/4158 518/4372/4250 3019/4373/4251
f 519/4278/4158 3019/4373/4251 3020/4279/4159
f 3020/4279/4159 3019/4373/4251 3070/4374/4252
f 3020/4279/4159 3070/4374/4252 3071/4280/4160
f 3071/4280/4160 3070/4374/4252 3121/4375/4253
f 3071/4280/4160 3121/4375/4253 3122/4281/4161
f 3122/4281/4161 3121/4375/4253 3172/4376/4254
f 3122/4281/4161 3172/4376/4254 3173/4282/4162
f 3173/4282/4162 3172/4376/4254 3223/4377/4255
f 3173/4282/4162 3223/4377/4255 3224/4283/4163
f 3224/4283/4163 3223/4377/4255 3274/4378/4256
f 3224/4283/4163 3274/4378/4256 3275/4284/4164
f 3275/4284/4164 3274/4378/4256 3325/4379/4257
f 3275/4284/4164 3325/4379/4257 3326/4285/4165
f 3326/4285/4165 3325/4379/4257 3376/4380/4258
f 3326/4285/4165 3376/4380/4258 3377/4286/4166
f 3377/4286/4166 3376/4380/4258 3427/4381/4259
f 3377/4286/4166 3427/4381/4259 3428/4287/4167
f 3428/4287/4167 3427/4381/4259 3478/4382/4260
f 3428/4287/4167 3478/4382/4260 3479/4288/4168
f 3479/4288/4168 3478/4382/4260 3529/4383/4261
f 3479/4288/4168 3529/4383/4261 3530/4289/4169
f 3530/4289/4169 3529/4383/4261 3580/4384/4262
f 3530/4289/4169 3580/4384/4262 3581/4290/4170
f 3581/4290/4170 3580/4384/4262 3631/4385/4263
f 3581/4290/4170 3631/4385/4263 3632/4291/4171
f 3632/4291/4171 3631/4385/4263 3682/4386/4264
f 3632/4291/4171 3682/4386/4264 3683/4292/4172
f 3683/4292/4172 3682/4386/4264 3733/4387/4265
f 3683/4292/4172 3733/4387/4265 3734/4293/4173
f 3734/4293/4173 3733/4387/4265 389/4388/4266
f 3734/4293/4173 389/4388/4266 388/4294/4174
f 388/4294/4174 389/4388/4266 435/4389/4267
f 388/4294/4174 435/4389/4267 436/4295/4175
f 436/4295/4175 435/4389/4267 3786/4390/4268
f 436/4295/4175 3786/4390/4268 3787/4296/4176
f 3787/4296/4176 3786/4390/4268 3837/4391/4269
f 3787/4296/4176 3837/4391/4269 3838/4297/4177
f 3838/4297/4177 3837/4391/4269 3888/4392/4270
f 3838/4297/4177 3888/4392/4270 3889/4298/4178
f 3889/4298/4178 3888/4392/4270 3939/4393/4271
f 3889/4298/4178 3939/4393/4271 3940/4299/4179
f 3940/4299/4179 3939/4393/4271 3990/4394/4272
f 3940/4299/4179 3990/4394/4272 3991/4300/4180
f 3991/4300/4180 3990/4394/4272 4041/4395/4273
f 3991/4300/4180 4041/4395/4273 4042/4301/4181
f 4042/4301/4181 4041/4395/4273 4092/4396/4274
f 4042/4301/4181 4092/4396/4274 4093/4302/4182
f 4093/4302/4182 4092/4396/4274 4143/4397/4275
f 4093/4302/4182 4143/4397/4275 4144/4303/4183
f 4144/4303/4183 4143/4397/4275 4194/4398/4276
f 4144/4303/4183 4194/4398/4276 4195/4304/4184
f 4195/4304/4184 4194/4398/4276 4245/4399/4277
f 4195/4304/4184 4245/4399/4277 4246/4305/4185
f 4246/4305/4185 4245/4399/4277 4296/4400/4278
f 4246/4305/4185 4296/4400/4278 4297/4306/4186
f 4297/4306/4186 4296/4400/4278 4347/4401/4279
f 4297/4306/4186 4347/4401/4279 4348/4307/4187
f 4348/4307/4187 4347/4401/4279 4398/4402/4280
f 4348/4307/4187 4398/4402/4280 4399/4308/4188
f 4399/4308/4188 4398/4402/4280 4449/4403/4281
f 4399/4308/4188 4449/4403/4281 4450/4309/4189
f 4450/4309/4189 4449/4403/4281 4500/4404/4282
f 4450/4309/4189 4500/4404/4282 4501/4310/4190
f 4501/4310/4190 4500/4404/4282 272/4405/4283
f 4501/4310/4190 272/4405/4283 271/4311/4191
f 271/4311/4191 272/4405/4283 352/4406/4284
f 271/4311/4191 352/4406/4284 353/4312/4192
f 353/4312/4192 352/4406/4284 4553/4407/4285
f 353/4312/4192 4553/4407/4285 4554/4313/4193
f 4554/4313/4193 4553/4407/4285 4604/4408/4286
f 4554/4313/4193 4604/4408/4286 4605/4314/4194
f 4605/4314/4194 4604/4408/4286 4655/4409/4287
f 4605/4314/4194 4655/4409/4287 4656/4315/4195
f 4656/4315/4195 4655/4409/4287 4706/4410/4288
f 4656/4315/4195 4706/4410/4288 4707/4316/4196
f 4707/4316/4196 4706/4410/4288 4757/4411/4289
f 4707/4316/4196 4757/4411/4289 4758/4317/4197
f 4758/4317/4197 4757/4411/4289 4808/4412/4290
f 4758/4317/4197 4808/4412/4290 4809/4318/4198
f 4809/4318/4198 4808/4412/4290 4859/4413/4291
f 4809/4318/4198 4859/4413/4291 4860/4319/4199
f 4860/4319/4199 4859/4413/4291 4910/4414/4292
f 4860/4319/4199 4910/4414/4292 4911/4320/4200
f 4911/4320/4200 4910/4414/4292 4961/4415/4293
f 4911/4320/4200 4961/4415/4293 106/4321/256
f 106/4321/256 4961/4415/4293 107/4416/254
f 55/4417/4150 54/4322/4058 2661/4418/4294
f 2661/4418/4294 54/4322/4058 2611/4323/4201
f 2661/4418/4294 2611/4323/4201 2610/4419/4295
f 2610/4419/4295 2611/4323/4201 2560/4324/4202
f 2610/4419/4295 2560/4324/4202 2559/4420/4296
f 2559/4420/4296 2560/4324/4202 2509/4325/4203
f 2559/4420/4296 2509/4325/4203 2508/4421/4297
f 2508/4421/4297 2509/4325/4203 2458/4326/4204
f 2508/4421/4297 2458/4326/4204 2457/4422/4298
f 2457/4422/4298 2458/4326/4204 2407/4327/4205
f 2457/4422/4298 2407/4327/4205 2406/4423/4299
f 2406/4423/4299 2407/4327/4205 2356/4328/4206
f 2406/4423/4299 2356/4328/4206 2355/4424/4300
f 2355/4424/4300 2356/4328/4206 2305/4329/4207
f 2355/4424/4300 2305/4329/4207 2304/4425/4301
f 2304/4425/4301 2305/4329/4207 654/4330/4208
f 2304/4425/4301 654/4330/4208 653/4426/4302
f 653/4426/4302 654/4330/4208 570/4331/4209
f 653/4426/4302 570/4331/4209 571/4427/4303
f 571/4427/4303 570/4331/4209 2252/4332/4210
f 571/4427/4303 2252/4332/4210 2251/4428/4304
f 2251/4428/4304 2252/4332/4210 2201/4333/4211
f 2251/4428/4304 2201/4333/4211 2200/4429/4305
f 2200/4429/4305 2201/4333/4211 2150/4334/4212
f 2200/4429/4305 2150/4334/4212 2149/4430/4306
f 2149/4430/4306 2150/4334/4212 2099/4335/4213
f 2149/4430/4306 2099/4335/4213 2098/4431/4307
f 2098/4431/4307 2099/4335/4213 2048/4336/4214
f 2098/4431/4307 2048/4336/4214 2047/4432/4308
f 2047/4432/4308 2048/4336/4214 1997/4337/4215
f 2047/4432/4308 1997/4337/4215 1996/4433/4309
f 1996/4433/4309 1997/4337/4215 1946/4338/4216
f 1996/4433/4309 1946/4338/4216 1945/4434/4310
f 1945/4434/4310 1946/4338/4216 1895/4339/4217
f 1945/4434/4310 1895/4339/4217 1894/4435/4311
f 1894/4435/4311 1895/4339/4217 1844/4340/4218
f 1894/4435/4311 1844/4340/4218 1843/4436/4312
f 1843/4436/4312 1844/4340/4218 1793/4341/4219
f 1843/4436/4312 1793/4341/4219 1792/4437/4313
f 1792/4437/4313 1793/4341/4219 1742/4342/4220
f 1792/4437/4313 1742/4342/4220 1741/4438/4314
f 1741/4438/4314 1742/4342/4220 1691/4343/4221
f 1741/4438/4314 1691/4343/4221 1690/4439/4315
f 1690/4439/4315 1691/4343/4221 1640/4344/4222
f 1690/4439/4315 1640/4344/4222 1639/4440/4316
f 1639/4440/4316 1640/4344/4222 1589/4345/4223
f 1639/4440/4316 1589/4345/4223 1588/4441/4317
f 1588/4441/4317 1589/4345/4223 1538/4346/4224
f 1588/4441/4317 1538/4346/4224 1537/4442/4318
f 1537/4442/4318 1538/4346/4224 737/4347/4225
f 1537/4442/4318 737/4347/4225 736/4443/4319
f 736/4443/4319 737/4347/4225 687/4348/4226
f 736/4443/4319 687/4348/4226 688/4444/4320
f 688/4444/4320 687/4348/4226 1485/4349/4227
f 688/4444/4320 1485/4349/4227 1484/4445/4321
f 1484/4445/4321 1485/4349/4227 1434/4350/4228
f 1484/4445/4321 1434/4350/4228 1433/4446/4322
f 1433/4446/4322 1434/4350/4228 1383/4351/4229
f 1433/4446/4322 1383/4351/4229 1382/4447/4323
f 1382/4447/4323 1383/4351/4229 1332/4352/4230
f 1382/4447/4323 1332/4352/4230 1331/4448/4324
f 1331/4448/4324 1332/4352/4230 1281/4353/4231
f 1331/4448/4324 1281/4353/4231 1280/4449/4325
f 1280/4449/4325 1281/4353/4231 1230/4354/4232
f 1280/4449/4325 1230/4354/4232 1229/4450/4326
f 1229/4450/4326 1230/4354/4232 1179/4355/4233
f 1229/4450/4326 1179/4355/4233 1178/4451/4327
f 1178/4451/4327 1179/4355/4233 1128/4356/4234
f 1178/4451/4327 1128/4356/4234 1127/4452/4328
f 1127/4452/4328 1128/4356/4234 1077/4357/4235
f 1127/4452/4328 1077/4357/4235 1076/4453/4329
f 1076/4453/4329 1077/4357/4235 1026/4358/4236
f 1076/4453/4329 1026/4358/4236 1025/4454/4330
f 1025/4454/4330 1026/4358/4236 975/4359/4237
f 1025/4454/4330 975/4359/4237 974/4455/4331
f 974/4455/4331 975/4359/4237 924/4360/4238
f 974/4455/4331 924/4360/4238 923/4456/4332
f 923/4456/4332 924/4360/4238 873/4361/4239
f 923/4456/4332 873/4361/4239 872/4457/4333
f 872/4457/4333 873/4361/4239 822/4362/4240
f 872/4457/4333 822/4362/4240 821/4458/4334
f 821/4458/4334 822/4362/4240 771/4363/4241
f 821/4458/4334 771/4363/4241 770/4459/4335
f 770/4459/4335 771/4363/4241 170/4364/4242
f 770/4459/4335 170/4364/4242 169/885/858
f 169/885/858 170/4364/4242 6/883/856
f 56/4365/4243 57/4460/4336 2762/4366/4244
f 2762/4366/4244 57/4460/4336 2812/4461/4337
f 2762/4366/4244 2812/4461/4337 2813/4367/4245
f 2813/4367/4245 2812/4461/4337 2863/4462/4338
f 2813/4367/4245 2863/4462/4338 2864/4368/4246
f 2864/4368/4246 2863/4462/4338 2914/4463/4339
f 2864/4368/4246 2914/4463/4339 2915/4369/4247
f 2915/4369/4247 2914/4463/4339 2965/4464/4340
f 2915/4369/4247 2965/4464/4340 2966/4370/4248
f 2966/4370/4248 2965/4464/4340 507/4465/4341
f 2966/4370/4248 507/4465/4341 506/4371/4249
f 506/4371/4249 507/4465/4341 517/4466/4342
f 506/4371/4249 517/4466/4342 518/4372/4250
f 518/4372/4250 517/4466/4342 3018/4467/4343
f 518/4372/4250 3018/4467/4343 3019/4373/4251
f 3019/4373/4251 3018/4467/4343 3069/4468/4344
f 3019/4373/4251 3069/4468/4344 3070/4374/4252
f 3070/4374/4252 3069/4468/4344 3120/4469/4345
f 3070/4374/4252 3120/4469/4345 3121/4375/4253
f 3121/4375/4253 3120/4469/4345 3171/4470/4346
f 3121/4375/4253 3171/4470/4346 3172/4376/4254
f 3172/4376/4254 3171/4470/4346 3222/4471/4347
f 3172/4376/4254 3222/4471/4347 3223/4377/4255
f 3223/4377/4255 3222/4471/4347 3273/4472/4348
f 3223/4377/4255 3273/4472/4348 3274/4378/4256
f 3274/4378/4256 3273/4472/4348 3324/4473/4349
f 3274/4378/4256 3324/4473/4349 3325/4379/4257
f 3325/4379/4257 3324/4473/4349 3375/4474/4350
f 3325/4379/4257 3375/4474/4350 3376/4380/4258
f 3376/4380/4258 3375/4474/4350 3426/4475/4351
f 3376/4380/4258 3426/4475/4351 3427/4381/4259
f 3427/4381/4259 3426/4475/4351 3477/4476/4352
f 3427/4381/4259 3477/4476/4352 3478/4382/4260
f 3478/4382/4260 3477/4476/4352 3528/4477/4353
f 3478/4382/4260 3528/4477/4353 3529/4383/4261
f 3529/4383/4261 3528/4477/4353 3579/4478/4354
f 3529/4383/4261 3579/4478/4354 3580/4384/4262
f 3580/4384/4262 3579/4478/4354 3630/4479/4355
f 3580/4384/4262 3630/4479/4355 3631/4385/4263
f 3631/4385/4263 3630/4479/4355 3681/4480/4356
f 3631/4385/4263 3681/4480/4356 3682/4386/4264
f 3682/4386/4264 3681/4480/4356 3732/4481/4357
f 3682/4386/4264 3732/4481/4357 3733/4387/4265
f 3733/4387/4265 3732/4481/4357 390/4482/4358
f 3733/4387/4265 390/4482/4358 389/4388/4266
f 389/4388/4266 390/4482/4358 434/4483/4359
f 389/4388/4266 434/4483/4359 435/4389/4267
f 435/4389/4267 434/4483/4359 3785/4484/4360
f 435/4389/4267 3785/4484/4360 3786/4390/4268
f 3786/4390/4268 3785/4484/4360 3836/4485/4361
f 3786/4390/4268 3836/4485/4361 3837/4391/4269
f 3837/4391/4269 3836/4485/4361 3887/4486/4362
f 3837/4391/4269 3887/4486/4362 3888/4392/4270
f 3888/4392/4270 3887/4486/4362 3938/4487/4363
f 3888/4392/4270 3938/4487/4363 3939/4393/4271
f 3939/4393/4271 3938/4487/4363 3989/4488/4364
f 3939/4393/4271 3989/4488/4364 3990/4394/4272
f 3990/4394/4272 3989/4488/4364 4040/4489/4365
f 3990/4394/4272 4040/4489/4365 4041/4395/4273
f 4041/4395/4273 4040/4489/4365 4091/4490/4366
f 4041/4395/4273 4091/4490/4366 4092/4396/4274
f 4092/4396/4274 4091/4490/4366 4142/4491/4367
f 4092/4396/4274 4142/4491/4367 4143/4397/4275
f 4143/4397/4275 4142/4491/4367 4193/4492/4368
f 4143/4397/4275 4193/4492/4368 4194/4398/4276
f 4194/4398/4276 4193/4492/4368 4244/4493/4369
f 4194/4398/4276 4244/4493/4369 4245/4399/4277
f 4245/4399/4277 4244/4493/4369 4295/4494/4370
f 4245/4399/4277 4295/4494/4370 4296/4400/4278
f 4296/4400/4278 4295/4494/4370 4346/4495/4371
f 4296/4400/4278 4346/4495/4371 4347/4401/4279
f 4347/4401/4279 4346/4495/4371 4397/4496/4372
f 4347/4401/4279 4397/4496/4372 4398/4402/4280
f 4398/4402/4280 4397/4496/4372 4448/4497/4373
f 4398/4402/4280 4448/4497/4373 4449/4403/4281
f 4449/4403/4281 4448/4497/4373 4499/4498/4374
f 4449/4403/4281 4499/4498/4374 4500/4404/4282
f 4500/4404/4282 4499/4498/4374 273/4499/4375
f 4500/4404/4282 273/4499/4375 272/4405/4283
f 272/4405/4283 273/4499/4375 351/4500/4376
f 272/4405/4283 351/4500/4376 352/4406/4284
f 352/4406/4284 351/4500/4376 4552/4501/4377
f 352/4406/4284 4552/4501/4377 4553/4407/4285
f 4553/4407/4285 4552/4501/4377 4603/4502/4378
f 4553/4407/4285 4603/4502/4378 4604/4408/4286
f 4604/4408/4286 4603/4502/4378 4654/4503/4379
f 4604/4408/4286 4654/4503/4379 4655/4409/4287
f 4655/4409/4287 4654/4503/4379 4705/4504/4380
f 4655/4409/4287 4705/4504/4380 4706/4410/4288
f 4706/4410/4288 4705/4504/4380 4756/4505/4381
f 4706/4410/4288 4756/4505/4381 4757/4411/4289
f 4757/4411/4289 4756/4505/4381 4807/4506/4382
f 4757/4411/4289 4807/4506/4382 4808/4412/4290
f 4808/4412/4290 4807/4506/4382 4858/4507/4383
f 4808/4412/4290 4858/4507/4383 4859/4413/4291
f 4859/4413/4291 4858/4507/4383 4909/4508/4384
f 4859/4413/4291 4909/4508/4384 4910/4414/4292
f 4910/4414/4292 4909/4508/4384 4960/4509/4385
f 4910/4414/4292 4960/4509/4385 4961/4415/4293
f 4961/4415/4293 4960/4509/4385 5011/4510/4386
f 4961/4415/4293 5011/4510/4386 107/4416/254
f 107/4416/254 5011/4510/4386 108/4511/252
f 56/4512/4243 55/4417/4150 2711/4513/4387
f 2711/4513/4387 55/4417/4150 2661/4418/4294
f 2711/4513/4387 2661/4418/4294 2660/4514/4388
f 2660/4514/4388 2661/4418/4294 2610/4419/4295
f 2660/4514/4388 2610/4419/4295 2609/4515/4389
f 2609/4515/4389 2610/4419/4295 2559/4420/4296
f 2609/4515/4389 2559/4420/4296 2558/4516/4390
f 2558/4516/4390 2559/4420/4296 2508/4421/4297
f 2558/4516/4390 2508/4421/4297 2507/4517/4391
f 2507/4517/4391 2508/4421/4297 2457/4422/4298
f 2507/4517/4391 2457/4422/4298 2456/4518/4392
f 2456/4518/4392 2457/4422/4298 2406/4423/4299
f 2456/4518/4392 2406/4423/4299 2405/4519/4393
f 2405/4519/4393 2406/4423/4299 2355/4424/4300
f 2405/4519/4393 2355/4424/4300 2354/4520/4394
f 2354/4520/4394 2355/4424/4300 2304/4425/4301
f 2354/4520/4394 2304/4425/4301 2303/4521/4395
f 2303/4521/4395 2304/4425/4301 653/4426/4302
f 2303/4521/4395 653/4426/4302 652/4522/4396
f 652/4522/4396 653/4426/4302 571/4427/4303
f 652/4522/4396 571/4427/4303 572/4523/4397
f 572/4523/4397 571/4427/4303 2251/4428/4304
f 572/4523/4397 2251/4428/4304 2250/4524/4398
f 2250/4524/4398 2251/4428/4304 2200/4429/4305
f 2250/4524/4398 2200/4429/4305 2199/4525/4399
f 2199/4525/4399 2200/4429/4305 2149/4430/4306
f 2199/4525/4399 2149/4430/4306 2148/4526/4400
f 2148/4526/4400 2149/4430/4306 2098/4431/4307
f 2148/4526/4400 2098/4431/4307 2097/4527/4401
f 2097/4527/4401 2098/4431/4307 2047/4432/4308
f 2097/4527/4401 2047/4432/4308 2046/4528/4402
f 2046/4528/4402 2047/4432/4308 1996/4433/4309
f 2046/4528/4402 1996/4433/4309 1995/4529/4403
f 1995/4529/4403 1996/4433/4309 1945/4434/4310
f 1995/4529/4403 1945/4434/4310 1944/4530/4404
f 1944/4530/4404 1945/4434/4310 1894/4435/4311
f 1944/4530/4404 1894/4435/4311 1893/4531/4405
f 1893/4531/4405 1894/4435/4311 1843/4436/4312
f 1893/4531/4405 1843/4436/4312 1842/4532/4406
f 1842/4532/4406 1843/4436/4312 1792/4437/4313
f 1842/4532/4406 1792/4437/4313 1791/4533/4407
f 1791/4533/4407 1792/4437/4313 1741/4438/4314
f 1791/4533/4407 1741/4438/4314 1740/4534/4408
f 1740/4534/4408 1741/4438/4314 1690/4439/4315
f 1740/4534/4408 1690/4439/4315 1689/4535/4409
f 1689/4535/4409 1690/4439/4315 1639/4440/4316
f 1689/4535/4409 1639/4440/4316 1638/4536/4410
f 1638/4536/4410 1639/4440/4316 1588/4441/4317
f 1638/4536/4410 1588/4441/4317 1587/4537/4411
f 1587/4537/4411 1588/4441/4317 1537/4442/4318
f 1587/4537/4411 1537/4442/4318 1536/4538/4412
f 1536/4538/4412 1537/4442/4318 736/4443/4319
f 1536/4538/4412 736/4443/4319 735/4539/4413
f 735/4539/4413 736/4443/4319 688/4444/4320
f 735/4539/4413 688/4444/4320 689/4540/4414
f 689/4540/4414 688/4444/4320 1484/4445/4321
f 689/4540/4414 1484/4445/4321 1483/4541/4415
f 1483/4541/4415 1484/4445/4321 1433/4446/4322
f 1483/4541/4415 1433/4446/4322 1432/4542/4416
f 1432/4542/4416 1433/4446/4322 1382/4447/4323
f 1432/4542/4416 1382/4447/4323 1381/4543/4417
f 1381/4543/4417 1382/4447/4323 1331/4448/4324
f 1381/4543/4417 1331/4448/4324 1330/4544/4418
f 1330/4544/4418 1331/4448/4324 1280/4449/4325
f 1330/4544/4418 1280/4449/4325 1279/4545/4419
f 1279/4545/4419 1280/4449/4325 1229/4450/4326
f 1279/4545/4419 1229/4450/4326 1228/4546/4420
f 1228/4546/4420 1229/4450/4326 1178/4451/4327
f 1228/4546/4420 1178/4451/4327 1177/4547/4421
f 1177/4547/4421 1178/4451/4327 1127/4452/4328
f 1177/4547/4421 1127/4452/4328 1126/4548/4422
f 1126/4548/4422 1127/4452/4328 1076/4453/4329
f 1126/4548/4422 1076/4453/4329 1075/4549/4423
f 1075/4549/4423 1076/4453/4329 1025/4454/4330
f 1075/4549/4423 1025/4454/4330 1024/4550/4424
f 1024/4550/4424 1025/4454/4330 974/4455/4331
f 1024/4550/4424 974/4455/4331 973/4551/4425
f 973/4551/4425 974/4455/4331 923/4456/4332
f 973/4551/4425 923/4456/4332 922/4552/4426
f 922/4552/4426 923/4456/4332 872/4457/4333
f 922/4552/4426 872/4457/4333 871/4553/4427
f 871/4553/4427 872/4457/4333 821/4458/4334
f 871/4553/4427 821/4458/4334 820/4554/4428
f 820/4554/4428 821/4458/4334 770/4459/4335
f 820/4554/4428 770/4459/4335 769/4555/4429
f 769/4555/4429 770/4459/4335 169/885/858
f 769/4555/4429 169/885/858 168/887/860
f 57/4460/4336 58/4556/4430 2812/4461/4337
f 2812/4461/4337 58/4556/4430 2862/4557/4431
f 2812/4461/4337 2862/4557/4431 2863/4462/4338
f 2863/4462/4338 2862/4557/4431 2913/4558/4432
f 2863/4462/4338 2913/4558/4432 2914/4463/4339
f 2914/4463/4339 2913/4558/4432 2964/4559/4433
f 2914/4463/4339 2964/4559/4433 2965/4464/4340
f 2965/4464/4340 2964/4559/4433 508/4560/4434
f 2965/4464/4340 508/4560/4434 507/4465/4341
f 507/4465/4341 508/4560/4434 516/4561/4435
f 507/4465/4341 516/4561/4435 517/4466/4342
f 517/4466/4342 516/4561/4435 3017/4562/4436
f 517/4466/4342 3017/4562/4436 3018/4467/4343
f 3018/4467/4343 3017/4562/4436 3068/4563/4437
f 3018/4467/4343 3068/4563/4437 3069/4468/4344
f 3069/4468/4344 3068/4563/4437 3119/4564/4438
f 3069/4468/4344 3119/4564/4438 3120/4469/4345
f 3120/4469/4345 3119/4564/4438 3170/4565/4439
f 3120/4469/4345 3170/4565/4439 3171/4470/4346
f 3171/4470/4346 3170/4565/4439 3221/4566/4440
f 3171/4470/4346 3221/4566/4440 3222/4471/4347
f 3222/4471/4347 3221/4566/4440 3272/4567/4441
f 3222/4471/4347 3272/4567/4441 3273/4472/4348
f 3273/4472/4348 3272/4567/4441 3323/4568/4442
f 3273/4472/4348 3323/4568/4442 3324/4473/4349
f 3324/4473/4349 3323/4568/4442 3374/4569/4443
f 3324/4473/4349 3374/4569/4443 3375/4474/4350
f 3375/4474/4350 3374/4569/4443 3425/4570/4444
f 3375/4474/4350 3425/4570/4444 3426/4475/4351
f 3426/4475/4351 3425/4570/4444 3476/4571/4445
f 3426/4475/4351 3476/4571/4445 3477/4476/4352
f 3477/4476/4352 3476/4571/4445 3527/4572/4446
f 3477/4476/4352 3527/4572/4446 3528/4477/4353
f 3528/4477/4353 3527/4572/4446 3578/4573/4447
f 3528/4477/4353 3578/4573/4447 3579/4478/4354
f 3579/4478/4354 3578/4573/4447 3629/4574/4448
f 3579/4478/4354 3629/4574/4448 3630/4479/4355
f 3630/4479/4355 3629/4574/4448 3680/4575/4449
f 3630/4479/4355 3680/4575/4449 3681/4480/4356
f 3681/4480/4356 3680/4575/4449 3731/4576/4450
f 3681/4480/4356 3731/4576/4450 3732/4481/4357
f 3732/4481/4357 3731/4576/4450 391/4577/4451
f 3732/4481/4357 391/4577/4451 390/4482/4358
f 390/4482/4358 391/4577/4451 433/4578/4452
f 390/4482/4358 433/4578/4452 434/4483/4359
f 434/4483/4359 433/4578/4452 3784/4579/4453
f 434/4483/4359 3784/4579/4453 3785/4484/4360
f 3785/4484/4360 3784/4579/4453 3835/4580/4454
f 3785/4484/4360 3835/4580/4454 3836/4485/4361
f 3836/4485/4361 3835/4580/4454 3886/4581/4455
f 3836/4485/4361 3886/4581/4455 3887/4486/4362
f 3887/4486/4362 3886/4581/4455 3937/4582/4456
f 3887/4486/4362 3937/4582/4456 3938/4487/4363
f 3938/4487/4363 3937/4582/4456 3988/4583/4457
f 3938/4487/4363 3988/4583/4457 3989/4488/4364
f 3989/4488/4364 3988/4583/4457 4039/4584/4458
f 3989/4488/4364 4039/4584/4458 4040/4489/4365
f 4040/4489/4365 4039/4584/4458 4090/4585/4459
f 4040/4489/4365 4090/4585/4459 4091/4490/4366
f 4091/4490/4366 4090/4585/4459 4141/4586/4460
f 4091/4490/4366 4141/4586/4460 4142/4491/4367
f 4142/4491/4367 4141/4586/4460 4192/4587/4461
f 4142/4491/4367 4192/4587/4461 4193/4492/4368
f 4193/4492/4368 4192/4587/4461 4243/4588/4462
f 4193/4492/4368 4243/4588/4462 4244/4493/4369
f 4244/4493/4369 4243/4588/4462 4294/4589/4463
f 4244/4493/4369 4294/4589/4463 4295/4494/4370
f 4295/4494/4370 4294/4589/4463 4345/4590/4464
f 4295/4494/4370 4345/4590/4464 4346/4495/4371
f 4346/4495/4371 4345/4590/4464 4396/4591/4465
f 4346/4495/4371 4396/4591/4465 4397/4496/4372
f 4397/4496/4372 4396/4591/4465 4447/4592/4466
f 4397/4496/4372 4447/4592/4466 4448/4497/4373
f 4448/4497/4373 4447/4592/4466 4498/4593/4467
f 4448/4497/4373 4498/4593/4467 4499/4498/4374
f 4499/4498/4374 4498/4593/4467 274/4594/4468
f 4499/4498/4374 274/4594/4468 273/4499/4375
f 273/4499/4375 274/4594/4468 350/4595/4469
f 273/4499/4375 350/4595/4469 351/4500/4376
f 351/4500/4376 350/4595/4469 4551/4596/4470
f 351/4500/4376 4551/4596/4470 4552/4501/4377
f 4552/4501/4377 4551/4596/4470 4602/4597/4471
f 4552/4501/4377 4602/4597/4471 4603/4502/4378
f 4603/4502/4378 4602/4597/4471 4653/4598/4472
f 4603/4502/4378 4653/4598/4472 4654/4503/4379
f 4654/4503/4379 4653/4598/4472 4704/4599/4473
f 4654/4503/4379 4704/4599/4473 4705/4504/4380
f 4705/4504/4380 4704/4599/4473 4755/4600/4474
f 4705/4504/4380 4755/4600/4474 4756/4505/4381
f 4756/4505/4381 4755/4600/4474 4806/4601/4475
f 4756/4505/4381 4806/4601/4475 4807/4506/4382
f 4807/4506/4382 4806/4601/4475 4857/4602/4476
f 4807/4506/4382 4857/4602/4476 4858/4507/4383
f 4858/4507/4383 4857/4602/4476 4908/4603/4477
f 4858/4507/4383 4908/4603/4477 4909/4508/4384
f 4909/4508/4384 4908/4603/4477 4959/4604/4478
f 4909/4508/4384 4959/4604/4478 4960/4509/4385
f 4960/4509/4385 4959/4604/4478 5010/4605/4479
f 4960/4509/4385 5010/4605/4479 5011/4510/4386
f 5011/4510/4386 5010/4605/4479 5061/4606/4480
f 5011/4510/4386 5061/4606/4480 108/4511/252
f 108/4511/252 5061/4606/4480 109/4607/250
f 57/4608/4336 56/4512/4243 2761/4609/4481
f 2761/4609/4481 56/4512/4243 2711/4513/4387
f 2761/4609/4481 2711/4513/4387 2710/4610/4482
f 2710/4610/4482 2711/4513/4387 2660/4514/4388
f 2710/4610/4482 2660/4514/4388 2659/4611/4483
f 2659/4611/4483 2660/4514/4388 2609/4515/4389
f 2659/4611/4483 2609/4515/4389 2608/4612/4484
f 2608/4612/4484 2609/4515/4389 2558/4516/4390
f 2608/4612/4484 2558/4516/4390 2557/4613/4485
f 2557/4613/4485 2558/4516/4390 2507/4517/4391
f 2557/4613/4485 2507/4517/4391 2506/4614/4486
f 2506/4614/4486 2507/4517/4391 2456/4518/4392
f 2506/4614/4486 2456/4518/4392 2455/4615/4487
f 2455/4615/4487 2456/4518/4392 2405/4519/4393
f 2455/4615/4487 2405/4519/4393 2404/4616/4488
f 2404/4616/4488 2405/4519/4393 2354/4520/4394
f 2404/4616/4488 2354/4520/4394 2353/4617/4489
f 2353/4617/4489 2354/4520/4394 2303/4521/4395
f 2353/4617/4489 2303/4521/4395 2302/4618/4490
f 2302/4618/4490 2303/4521/4395 652/4522/4396
f 2302/4618/4490 652/4522/4396 651/4619/4491
f 651/4619/4491 652/4522/4396 572/4523/4397
f 651/4619/4491 572/4523/4397 573/4620/4492
f 573/4620/4492 572/4523/4397 2250/4524/4398
f 573/4620/4492 2250/4524/4398 2249/4621/4493
f 2249/4621/4493 2250/4524/4398 2199/4525/4399
f 2249/4621/4493 2199/4525/4399 2198/4622/4494
f 2198/4622/4494 2199/4525/4399 2148/4526/4400
f 2198/4622/4494 2148/4526/4400 2147/4623/4495
f 2147/4623/4495 2148/4526/4400 2097/4527/4401
f 2147/4623/4495 2097/4527/4401 2096/4624/4496
f 2096/4624/4496 2097/4527/4401 2046/4528/4402
f 2096/4624/4496 2046/4528/4402 2045/4625/4497
f 2045/4625/4497 2046/4528/4402 1995/4529/4403
f 2045/4625/4497 1995/4529/4403 1994/4626/4498
f 1994/4626/4498 1995/4529/4403 1944/4530/4404
f 1994/4626/4498 1944/4530/4404 1943/4627/4499
f 1943/4627/4499 1944/4530/4404 1893/4531/4405
f 1943/4627/4499 1893/4531/4405 1892/4628/4500
f 1892/4628/4500 1893/4531/4405 1842/4532/4406
f 1892/4628/4500 1842/4532/4406 1841/4629/4501
f 1841/4629/4501 1842/4532/4406 1791/4533/4407
f 1841/4629/4501 1791/4533/4407 1790/4630/4502
f 1790/4630/4502 1791/4533/4407 1740/4534/4408
f 1790/4630/4502 1740/4534/4408 1739/4631/4503
f 1739/4631/4503 1740/4534/4408 1689/4535/4409
f 1739/4631/4503 1689/4535/4409 1688/4632/4504
f 1688/4632/4504 1689/4535/4409 1638/4536/4410
f 1688/4632/4504 1638/4536/4410 1637/4633/4505
f 1637/4633/4505 1638/4536/4410 1587/4537/4411
f 1637/4633/4505 1587/4537/4411 1586/4634/4506
f 1586/4634/4506 1587/4537/4411 1536/4538/4412
f 1586/4634/4506 1536/4538/4412 1535/4635/4507
f 1535/4635/4507 1536/4538/4412 735/4539/4413
f 1535/4635/4507 735/4539/4413 734/4636/4508
f 734/4636/4508 735/4539/4413 689/4540/4414
f 734/4636/4508 689/4540/4414 690/4637/4509
f 690/4637/4509 689/4540/4414 1483/4541/4415
f 690/4637/4509 1483/4541/4415 1482/4638/4510
f 1482/4638/4510 1483/4541/4415 1432/4542/4416
f 1482/4638/4510 1432/4542/4416 1431/4639/4511
f 1431/4639/4511 1432/4542/4416 1381/4543/4417
f 1431/4639/4511 1381/4543/4417 1380/4640/4512
f 1380/4640/4512 1381/4543/4417 1330/4544/4418
f 1380/4640/4512 1330/4544/4418 1329/4641/4513
f 1329/4641/4513 1330/4544/4418 1279/4545/4419
f 1329/4641/4513 1279/4545/4419 1278/4642/4514
f 1278/4642/4514 1279/4545/4419 1228/4546/4420
f 1278/4642/4514 1228/4546/4420 1227/4643/4515
f 1227/4643/4515 1228/4546/4420 1177/4547/4421
f 1227/4643/4515 1177/4547/4421 1176/4644/4516
f 1176/4644/4516 1177/4547/4421 1126/4548/4422
f 1176/4644/4516 1126/4548/4422 1125/4645/4517
f 1125/4645/4517 1126/4548/4422 1075/4549/4423
f 1125/4645/4517 1075/4549/4423 1074/4646/4518
f 1074/4646/4518 1075/4549/4423 1024/4550/4424
f 1074/4646/4518 1024/4550/4424 1023/4647/4519
f 1023/4647/4519 1024/4550/4424 973/4551/4425
f 1023/4647/4519 973/4551/4425 972/4648/4520
f 972/4648/4520 973/4551/4425 922/4552/4426
f 972/4648/4520 922/4552/4426 921/4649/4521
f 921/4649/4521 922/4552/4426 871/4553/4427
f 921/4649/4521 871/4553/4427 870/4650/4522
f 870/4650/4522 871/4553/4427 820/4554/4428
f 870/4650/4522 820/4554/4428 819/4651/4523
f 819/4651/4523 820/4554/4428 769/4555/4429
f 819/4651/4523 769/4555/4429 768/4652/4524
f 768/4652/4524 769/4555/4429 168/887/860
f 768/4652/4524 168/887/860 167/889/862
f 58/4556/4430 59/4653/4525 2862/4557/4431
f 2862/4557/4431 59/4653/4525 2912/4654/4526
f 2862/4557/4431 2912/4654/4526 2913/4558/4432
f 2913/4558/4432 2912/4654/4526 2963/4655/4527
f 2913/4558/4432 2963/4655/4527 2964/4559/4433
f 2964/4559/4433 2963/4655/4527 509/4656/4528
f 2964/4559/4433 509/4656/4528 508/4560/4434
f 508/4560/4434 509/4656/4528 515/4657/4529
f 508/4560/4434 515/4657/4529 516/4561/4435
f 516/4561/4435 515/4657/4529 3016/4658/4530
f 516/4561/4435 3016/4658/4530 3017/4562/4436
f 3017/4562/4436 3016/4658/4530 3067/4659/4531
f 3017/4562/4436 3067/4659/4531 3068/4563/4437
f 3068/4563/4437 3067/4659/4531 3118/4660/4532
f 3068/4563/4437 3118/4660/4532 3119/4564/4438
f 3119/4564/4438 3118/4660/4532 3169/4661/4533
f 3119/4564/4438 3169/4661/4533 3170/4565/4439
f 3170/4565/4439 3169/4661/4533 3220/4662/4534
f 3170/4565/4439 3220/4662/4534 3221/4566/4440
f 3221/4566/4440 3220/4662/4534 3271/4663/4535
f 3221/4566/4440 3271/4663/4535 3272/4567/4441
f 3272/4567/4441 3271/4663/4535 3322/4664/4536
f 3272/4567/4441 3322/4664/4536 3323/4568/4442
f 3323/4568/4442 3322/4664/4536 3373/4665/4537
f 3323/4568/4442 3373/4665/4537 3374/4569/4443
f 3374/4569/4443 3373/4665/4537 3424/4666/4538
f 3374/4569/4443 3424/4666/4538 3425/4570/4444
f 3425/4570/4444 3424/4666/4538 3475/4667/4539
f 3425/4570/4444 3475/4667/4539 3476/4571/4445
f 3476/4571/4445 3475/4667/4539 3526/4668/4540
f 3476/4571/4445 3526/4668/4540 3527/4572/4446
f 3527/4572/4446 3526/4668/4540 3577/4669/4541
f 3527/4572/4446 3577/4669/4541 3578/4573/4447
f 3578/4573/4447 3577/4669/4541 3628/4670/4542
f 3578/4573/4447 3628/4670/4542 3629/4574/4448
f 3629/4574/4448 3628/4670/4542 3679/4671/4543
f 3629/4574/4448 3679/4671/4543 3680/4575/4449
f 3680/4575/4449 3679/4671/4543 3730/4672/4544
f 3680/4575/4449 3730/4672/4544 3731/4576/4450
f 3731/4576/4450 3730/4672/4544 392/4673/4545
f 3731/4576/4450 392/4673/4545 391/4577/4451
f 391/4577/4451 392/4673/4545 432/4674/4546
f 391/4577/4451 432/4674/4546 433/4578/4452
f 433/4578/4452 432/4674/4546 3783/4675/4547
f 433/4578/4452 3783/4675/4547 3784/4579/4453
f 3784/4579/4453 3783/4675/4547 3834/4676/4548
f 3784/4579/4453 3834/4676/4548 3835/4580/4454
f 3835/4580/4454 3834/4676/4548 3885/4677/4549
f 3835/4580/4454 3885/4677/4549 3886/4581/4455
f 3886/4581/4455 3885/4677/4549 3936/4678/4550
f 3886/4581/4455 3936/4678/4550 3937/4582/4456
f 3937/4582/4456 3936/4678/4550 3987/4679/4551
f 3937/4582/4456 3987/4679/4551 3988/4583/4457
f 3988/4583/4457 3987/4679/4551 4038/4680/4552
f 3988/4583/4457 4038/4680/4552 4039/4584/4458
f 4039/4584/4458 4038/4680/4552 4089/4681/4553
f 4039/4584/4458 4089/4681/4553 4090/4585/4459
f 4090/4585/4459 4089/4681/4553 4140/4682/4554
f 4090/4585/4459 4140/4682/4554 4141/4586/4460
f 4141/4586/4460 4140/4682/4554 4191/4683/4555
f 4141/4586/4460 4191/4683/4555 4192/4587/4461
f 4192/4587/4461 4191/4683/4555 4242/4684/4556
f 4192/4587/4461 4242/4684/4556 4243/4588/4462
f 4243/4588/4462 4242/4684/4556 4293/4685/4557
f 4243/4588/4462 4293/4685/4557 4294/4589/4463
f 4294/4589/4463 4293/4685/4557 4344/4686/4558
f 4294/4589/4463 4344/4686/4558 4345/4590/4464
f 4345/4590/4464 4344/4686/4558 4395/4687/4559
f 4345/4590/4464 4395/4687/4559 4396/4591/4465
f 4396/4591/4465 4395/4687/4559 4446/4688/4560
f 4396/4591/4465 4446/4688/4560 4447/4592/4466
f 4447/4592/4466 4446/4688/4560 4497/4689/4561
f 4447/4592/4466 4497/4689/4561 4498/4593/4467
f 4498/4593/4467 4497/4689/4561 275/4690/4562
f 4498/4593/4467 275/4690/4562 274/4594/4468
f 274/4594/4468 275/4690/4562 349/4691/4563
f 274/4594/4468 349/4691/4563 350/4595/4469
f 350/4595/4469 349/4691/4563 4550/4692/4564
f 350/4595/4469 4550/4692/4564 4551/4596/4470
f 4551/4596/4470 4550/4692/4564 4601/4693/4565
f 4551/4596/4470 4601/4693/4565 4602/4597/4471
f 4602/4597/4471 4601/4693/4565 4652/4694/4566
f 4602/4597/4471 4652/4694/4566 4653/4598/4472
f 4653/4598/4472 4652/4694/4566 4703/4695/4567
f 4653/4598/4472 4703/4695/4567 4704/4599/4473
f 4704/4599/4473 4703/4695/4567 4754/4696/4568
f 4704/4599/4473 4754/4696/4568 4755/4600/4474
f 4755/4600/4474 4754/4696/4568 4805/4697/4569
f 4755/4600/4474 4805/4697/4569 4806/4601/4475
f 4806/4601/4475 4805/4697/4569 4856/4698/4570
f 4806/4601/4475 4856/4698/4570 4857/4602/4476
f 4857/4602/4476 4856/4698/4570 4907/4699/4571
f 4857/4602/4476 4907/4699/4571 4908/4603/4477
f 4908/4603/4477 4907/4699/4571 4958/4700/4572
f 4908/4603/4477 4958/4700/4572 4959/4604/4478
f 4959/4604/4478 4958/4700/4572 5009/4701/4573
f 4959/4604/4478 5009/4701/4573 5010/4605/4479
f 5010/4605/4479 5009/4701/4573 5060/4702/4574
f 5010/4605/4479 5060/4702/4574 5061/4606/4480
f 5061/4606/4480 5060/4702/4574 5111/4703/4575
f 5061/4606/4480 5111/4703/4575 109/4607/250
f 109/4607/250 5111/4703/4575 110/4704/248
f 58/4705/4430 57/4608/4336 2811/4706/4576
f 2811/4706/4576 57/4608/4336 2761/4609/4481
f 2811/4706/4576 2761/4609/4481 2760/4707/4577
f 2760/4707/4577 2761/4609/4481 2710/4610/4482
f 2760/4707/4577 2710/4610/4482 2709/4708/4578
f 2709/4708/4578 2710/4610/4482 2659/4611/4483
f 2709/4708/4578 2659/4611/4483 2658/4709/4579
f 2658/4709/4579 2659/4611/4483 2608/4612/4484
f 2658/4709/4579 2608/4612/4484 2607/4710/4580
f 2607/4710/4580 2608/4612/4484 2557/4613/4485
f 2607/4710/4580 2557/4613/4485 2556/4711/4581
f 2556/4711/4581 2557/4613/4485 2506/4614/4486
f 2556/4711/4581 2506/4614/4486 2505/4712/4582
f 2505/4712/4582 2506/4614/4486 2455/4615/4487
f 2505/4712/4582 2455/4615/4487 2454/4713/4583
f 2454/4713/4583 2455/4615/4487 2404/4616/4488
f 2454/4713/4583 2404/4616/4488 2403/4714/4584
f 2403/4714/4584 2404/4616/4488 2353/4617/4489
f 2403/4714/4584 2353/4617/4489 2352/4715/4585
f 2352/4715/4585 2353/4617/4489 2302/4618/4490
f 2352/4715/4585 2302/4618/4490 2301/4716/4586
f 2301/4716/4586 2302/4618/4490 651/4619/4491
f 2301/4716/4586 651/4619/4491 650/4717/4587
f 650/4717/4587 651/4619/4491 573/4620/4492
f 650/4717/4587 573/4620/4492 574/4718/4588
f 574/4718/4588 573/4620/4492 2249/4621/4493
f 574/4718/4588 2249/4621/4493 2248/4719/4589
f 2248/4719/4589 2249/4621/4493 2198/4622/4494
f 2248/4719/4589 2198/4622/4494 2197/4720/4590
f 2197/4720/4590 2198/4622/4494 2147/4623/4495
f 2197/4720/4590 2147/4623/4495 2146/4721/4591
f 2146/4721/4591 2147/4623/4495 2096/4624/4496
f 2146/4721/4591 2096/4624/4496 2095/4722/4592
f 2095/4722/4592 2096/4624/4496 2045/4625/4497
f 2095/4722/4592 2045/4625/4497 2044/4723/4593
f 2044/4723/4593 2045/4625/4497 1994/4626/4498
f 2044/4723/4593 1994/4626/4498 1993/4724/4594
f 1993/4724/4594 1994/4626/4498 1943/4627/4499
f 1993/4724/4594 1943/4627/4499 1942/4725/4595
f 1942/4725/4595 1943/4627/4499 1892/4628/4500
f 1942/4725/4595 1892/4628/4500 1891/4726/4596
f 1891/4726/4596 1892/4628/4500 1841/4629/4501
f 1891/4726/4596 1841/4629/4501 1840/4727/4597
f 1840/4727/4597 1841/4629/4501 1790/4630/4502
f 1840/4727/4597 1790/4630/4502 1789/4728/4598
f 1789/4728/4598 1790/4630/4502 1739/4631/4503
f 1789/4728/4598 1739/4631/4503 1738/4729/4599
f 1738/4729/4599 1739/4631/4503 1688/4632/4504
f 1738/4729/4599 1688/4632/4504 1687/4730/4600
f 1687/4730/4600 1688/4632/4504 1637/4633/4505
f 1687/4730/4600 1637/4633/4505 1636/4731/4601
f 1636/4731/4601 1637/4633/4505 1586/4634/4506
f 1636/4731/4601 1586/4634/4506 1585/4732/4602
f 1585/4732/4602 1586/4634/4506 1535/4635/4507
f 1585/4732/4602 1535/4635/4507 1534/4733/4603
f 1534/4733/4603 1535/4635/4507 734/4636/4508
f 1534/4733/4603 734/4636/4508 733/4734/4604
f 733/4734/4604 734/4636/4508 690/4637/4509
f 733/4734/4604 690/4637/4509 691/4735/4605
f 691/4735/4605 690/4637/4509 1482/4638/4510
f 691/4735/4605 1482/4638/4510 1481/4736/4606
f 1481/4736/4606 1482/4638/4510 1431/4639/4511
f 1481/4736/4606 1431/4639/4511 1430/4737/4607
f 1430/4737/4607 1431/4639/4511 1380/4640/4512
f 1430/4737/4607 1380/4640/4512 1379/4738/4608
f 1379/4738/4608 1380/4640/4512 1329/4641/4513
f 1379/4738/4608 1329/4641/4513 1328/4739/4609
f 1328/4739/4609 1329/4641/4513 1278/4642/4514
f 1328/4739/4609 1278/4642/4514 1277/4740/4610
f 1277/4740/4610 1278/4642/4514 1227/4643/4515
f 1277/4740/4610 1227/4643/4515 1226/4741/4611
f 1226/4741/4611 1227/4643/4515 1176/4644/4516
f 1226/4741/4611 1176/4644/4516 1175/4742/4612
f 1175/4742/4612 1176/4644/4516 1125/4645/4517
f 1175/4742/4612 1125/4645/4517 1124/4743/4613
f 1124/4743/4613 1125/4645/4517 1074/4646/4518
f 1124/4743/4613 1074/4646/4518 1073/4744/4614
f 1073/4744/4614 1074/4646/4518 1023/4647/4519
f 1073/4744/4614 1023/4647/4519 1022/4745/4615
f 1022/4745/4615 1023/4647/4519 972/4648/4520
f 1022/4745/4615 972/4648/4520 971/4746/4616
f 971/4746/4616 972/4648/4520 921/4649/4521
f 971/4746/4616 921/4649/4521 920/4747/4617
f 920/4747/4617 921/4649/4521 870/4650/4522
f 920/4747/4617 870/4650/4522 869/4748/4618
f 869/4748/4618 870/4650/4522 819/4651/4523
f 869/4748/4618 819/4651/4523 818/4749/4619
f 818/4749/4619 819/4651/4523 768/4652/4524
f 818/4749/4619 768/4652/4524 767/4750/4620
f 767/4750/4620 768/4652/4524 167/889/862
f 767/4750/4620 167/889/862 166/891/864
f 59/4653/4525 60/4751/4621 2912/4654/4526
f 2912/4654/4526 60/4751/4621 2962/4752/4622
f 2912/4654/4526 2962/4752/4622 2963/4655/4527
f 2963/4655/4527 2962/4752/4622 510/4753/4623
f 2963/4655/4527 510/4753/4623 509/4656/4528
f 509/4656/4528 510/4753/4623 514/4754/4624
f 509/4656/4528 514/4754/4624 515/4657/4529
f 515/4657/4529 514/4754/4624 3015/4755/4625
f 515/4657/4529 3015/4755/4625 3016/4658/4530
f 3016/4658/4530 3015/4755/4625 3066/4756/4626
f 3016/4658/4530 3066/4756/4626 3067/4659/4531
f 3067/4659/4531 3066/4756/4626 3117/4757/4627
f 3067/4659/4531 3117/4757/4627 3118/4660/4532
f 3118/4660/4532 3117/4757/4627 3168/4758/4628
f 3118/4660/4532 3168/4758/4628 3169/4661/4533
f 3169/4661/4533 3168/4758/4628 3219/4759/4629
f 3169/4661/4533 3219/4759/4629 3220/4662/4534
f 3220/4662/4534 3219/4759/4629 3270/4760/4630
f 3220/4662/4534 3270/4760/4630 3271/4663/4535
f 3271/4663/4535 3270/4760/4630 3321/4761/4631
f 3271/4663/4535 3321/4761/4631 3322/4664/4536
f 3322/4664/4536 3321/4761/4631 3372/4762/4632
f 3322/4664/4536 3372/4762/4632 3373/4665/4537
f 3373/4665/4537 3372/4762/4632 3423/4763/4633
f 3373/4665/4537 3423/4763/4633 3424/4666/4538
f 3424/4666/4538 3423/4763/4633 3474/4764/4634
f 3424/4666/4538 3474/4764/4634 3475/4667/4539
f 3475/4667/4539 3474/4764/4634 3525/4765/4635
f 3475/4667/4539 3525/4765/4635 3526/4668/4540
f 3526/4668/4540 3525/4765/4635 3576/4766/4636
f 3526/4668/4540 3576/4766/4636 3577/4669/4541
f 3577/4669/4541 3576/4766/4636 3627/4767/4637
f 3577/4669/4541 3627/4767/4637 3628/4670/4542
f 3628/4670/4542 3627/4767/4637 3678/4768/4638
f 3628/4670/4542 3678/4768/4638 3679/4671/4543
f 3679/4671/4543 3678/4768/4638 3729/4769/4639
f 3679/4671/4543 3729/4769/4639 3730/4672/4544
f 3730/4672/4544 3729/4769/4639 393/4770/4640
f 3730/4672/4544 393/4770/4640 392/4673/4545
f 392/4673/4545 393/4770/4640 431/4771/4641
f 392/4673/4545 431/4771/4641 432/4674/4546
f 432/4674/4546 431/4771/4641 3782/4772/4642
f 432/4674/4546 3782/4772/4642 3783/4675/4547
f 3783/4675/4547 3782/4772/4642 3833/4773/4643
f 3783/4675/4547 3833/4773/4643 3834/4676/4548
f 3834/4676/4548 3833/4773/4643 3884/4774/4644
f 3834/4676/4548 3884/4774/4644 3885/4677/4549
f 3885/4677/4549 3884/4774/4644 3935/4775/4645
f 3885/4677/4549 3935/4775/4645 3936/4678/4550
f 3936/4678/4550 3935/4775/4645 3986/4776/4646
f 3936/4678/4550 3986/4776/4646 3987/4679/4551
f 3987/4679/4551 3986/4776/4646 4037/4777/4647
f 3987/4679/4551 4037/4777/4647 4038/4680/4552
f 4038/4680/4552 4037/4777/4647 4088/4778/4648
f 4038/4680/4552 4088/4778/4648 4089/4681/4553
f 4089/4681/4553 4088/4778/4648 4139/4779/4649
f 4089/4681/4553 4139/4779/4649 4140/4682/4554
f 4140/4682/4554 4139/4779/4649 4190/4780/4650
f 4140/4682/4554 4190/4780/4650 4191/4683/4555
f 4191/4683/4555 4190/4780/4650 4241/4781/4651
f 4191/4683/4555 4241/4781/4651 4242/4684/4556
f 4242/4684/4556 4241/4781/4651 4292/4782/4652
f 4242/4684/4556 4292/4782/4652 4293/4685/4557
f 4293/4685/4557 4292/4782/4652 4343/4783/4653
f 4293/4685/4557 4343/4783/4653 4344/4686/4558
f 4344/4686/4558 4343/4783/4653 4394/4784/4654
f 4344/4686/4558 4394/4784/4654 4395/4687/4559
f 4395/4687/4559 4394/4784/4654 4445/4785/4655
f 4395/4687/4559 4445/4785/4655 4446/4688/4560
f 4446/4688/4560 4445/4785/4655 4496/4786/4656
f 4446/4688/4560 4496/4786/4656 4497/4689/4561
f 4497/4689/4561 4496/4786/4656 276/4787/4657
f 4497/4689/4561 276/4787/4657 275/4690/4562
f 275/4690/4562 276/4787/4657 348/4788/4658
f 275/4690/4562 348/4788/4658 349/4691/4563
f 349/4691/4563 348/4788/4658 4549/4789/4659
f 349/4691/4563 4549/4789/4659 4550/4692/4564
f 4550/4692/4564 4549/4789/4659 4600/4790/4660
f 4550/4692/4564 4600/4790/4660 4601/4693/4565
f 4601/4693/4565 4600/4790/4660 4651/4791/4661
f 4601/4693/4565 4651/4791/4661 4652/4694/4566
f 4652/4694/4566 4651/4791/4661 4702/4792/4662
f 4652/4694/4566 4702/4792/4662 4703/4695/4567
f 4703/4695/4567 4702/4792/4662 4753/4793/4663
f 4703/4695/4567 4753/4793/4663 4754/4696/4568
f 4754/4696/4568 4753/4793/4663 4804/4794/4664
f 4754/4696/4568 4804/4794/4664 4805/4697/4569
f 4805/4697/4569 4804/4794/4664 4855/4795/4665
f 4805/4697/4569 4855/4795/4665 4856/4698/4570
f 4856/4698/4570 4855/4795/4665 4906/4796/4666
f 4856/4698/4570 4906/4796/4666 4907/4699/4571
f 4907/4699/4571 4906/4796/4666 4957/4797/4667
f 4907/4699/4571 4957/4797/4667 4958/4700/4572
f 4958/4700/4572 4957/4797/4667 5008/4798/4668
f 4958/4700/4572 5008/4798/4668 5009/4701/4573
f 5009/4701/4573 5008/4798/4668 5059/4799/4669
f 5009/4701/4573 5059/4799/4669 5060/4702/4574
f 5060/4702/4574 5059/4799/4669 5110/4800/4670
f 5060/4702/4574 5110/4800/4670 5111/4703/4575
f 5111/4703/4575 5110/4800/4670 5161/4801/4671
f 5111/4703/4575 5161/4801/4671 110/4704/248
f 110/4704/248 5161/4801/4671 111/4802/246
f 59/4803/4525 58/4705/4430 2861/4804/4672
f 2861/4804/4672 58/4705/4430 2811/4706/4576
f 2861/4804/4672 2811/4706/4576 2810/4805/4673
f 2810/4805/4673 2811/4706/4576 2760/4707/4577
f 2810/4805/4673 2760/4707/4577 2759/4806/4674
f 2759/4806/4674 2760/4707/4577 2709/4708/4578
f 2759/4806/4674 2709/4708/4578 2708/4807/4675
f 2708/4807/4675 2709/4708/4578 2658/4709/4579
f 2708/4807/4675 2658/4709/4579 2657/4808/4676
f 2657/4808/4676 2658/4709/4579 2607/4710/4580
f 2657/4808/4676 2607/4710/4580 2606/4809/4677
f 2606/4809/4677 2607/4710/4580 2556/4711/4581
f 2606/4809/4677 2556/4711/4581 2555/4810/4678
f 2555/4810/4678 2556/4711/4581 2505/4712/4582
f 2555/4810/4678 2505/4712/4582 2504/4811/4679
f 2504/4811/4679 2505/4712/4582 2454/4713/4583
f 2504/4811/4679 2454/4713/4583 2453/4812/4680
f 2453/4812/4680 2454/4713/4583 2403/4714/4584
f 2453/4812/4680 2403/4714/4584 2402/4813/4681
f 2402/4813/4681 2403/4714/4584 2352/4715/4585
f 2402/4813/4681 2352/4715/4585 2351/4814/4682
f 2351/4814/4682 2352/4715/4585 2301/4716/4586
f 2351/4814/4682 2301/4716/4586 2300/4815/4683
f 2300/4815/4683 2301/4716/4586 650/4717/4587
f 2300/4815/4683 650/4717/4587 649/4816/4684
f 649/4816/4684 650/4717/4587 574/4718/4588
f 649/4816/4684 574/4718/4588 575/4817/4685
f 575/4817/4685 574/4718/4588 2248/4719/4589
f 575/4817/4685 2248/4719/4589 2247/4818/4686
f 2247/4818/4686 2248/4719/4589 2197/4720/4590
f 2247/4818/4686 2197/4720/4590 2196/4819/4687
f 2196/4819/4687 2197/4720/4590 2146/4721/4591
f 2196/4819/4687 2146/4721/4591 2145/4820/4688
f 2145/4820/4688 2146/4721/4591 2095/4722/4592
f 2145/4820/4688 2095/4722/4592 2094/4821/4689
f 2094/4821/4689 2095/4722/4592 2044/4723/4593
f 2094/4821/4689 2044/4723/4593 2043/4822/4690
f 2043/4822/4690 2044/4723/4593 1993/4724/4594
f 2043/4822/4690 1993/4724/4594 1992/4823/4691
f 1992/4823/4691 1993/4724/4594 1942/4725/4595
f 1992/4823/4691 1942/4725/4595 1941/4824/4692
f 1941/4824/4692 1942/4725/4595 1891/4726/4596
f 1941/4824/4692 1891/4726/4596 1890/4825/4693
f 1890/4825/4693 1891/4726/4596 1840/4727/4597
f 1890/4825/4693 1840/4727/4597 1839/4826/4694
f 1839/4826/4694 1840/4727/4597 1789/4728/4598
f 1839/4826/4694 1789/4728/4598 1788/4827/4695
f 1788/4827/4695 1789/4728/4598 1738/4729/4599
f 1788/4827/4695 1738/4729/4599 1737/4828/4696
f 1737/4828/4696 1738/4729/4599 1687/4730/4600
f 1737/4828/4696 1687/4730/4600 1686/4829/4697
f 1686/4829/4697 1687/4730/4600 1636/4731/4601
f 1686/4829/4697 1636/4731/4601 1635/4830/4698
f 1635/4830/4698 1636/4731/4601 1585/4732/4602
f 1635/4830/4698 1585/4732/4602 1584/4831/4699
f 1584/4831/4699 1585/4732/4602 1534/4733/4603
f 1584/4831/4699 1534/4733/4603 1533/4832/4700
f 1533/4832/4700 1534/4733/4603 733/4734/4604
f 1533/4832/4700 733/4734/4604 732/4833/4701
f 732/4833/4701 733/4734/4604 691/4735/4605
f 732/4833/4701 691/4735/4605 692/4834/4702
f 692/4834/4702 691/4735/4605 1481/4736/4606
f 692/4834/4702 1481/4736/4606 1480/4835/4703
f 1480/4835/4703 1481/4736/4606 1430/4737/4607
f 1480/4835/4703 1430/4737/4607 1429/4836/4704
f 1429/4836/4704 1430/4737/4607 1379/4738/4608
f 1429/4836/4704 1379/4738/4608 1378/4837/4705
f 1378/4837/4705 1379/4738/4608 1328/4739/4609
f 1378/4837/4705 1328/4739/4609 1327/4838/4706
f 1327/4838/4706 1328/4739/4609 1277/4740/4610
f 1327/4838/4706 1277/4740/4610 1276/4839/4707
f 1276/4839/4707 1277/4740/4610 1226/4741/4611
f 1276/4839/4707 1226/4741/4611 1225/4840/4708
f 1225/4840/4708 1226/4741/4611 1175/4742/4612
f 1225/4840/4708 1175/4742/4612 1174/4841/4709
f 1174/4841/4709 1175/4742/4612 1124/4743/4613
f 1174/4841/4709 1124/4743/4613 1123/4842/4710
f 1123/4842/4710 1124/4743/4613 1073/4744/4614
f 1123/4842/4710 1073/4744/4614 1072/4843/4711
f 1072/4843/4711 1073/4744/4614 1022/4745/4615
f 1072/4843/4711 1022/4745/4615 1021/4844/4712
f 1021/4844/4712 1022/4745/4615 971/4746/4616
f 1021/4844/4712 971/4746/4616 970/4845/4713
f 970/4845/4713 971/4746/4616 920/4747/4617
f 970/4845/4713 920/4747/4617 919/4846/4714
f 919/4846/4714 920/4747/4617 869/4748/4618
f 919/4846/4714 869/4748/4618 868/4847/4715
f 868/4847/4715 869/4748/4618 818/4749/4619
f 868/4847/4715 818/4749/4619 817/4848/4716
f 817/4848/4716 818/4749/4619 767/4750/4620
f 817/4848/4716 767/4750/4620 766/4849/4717
f 766/4849/4717 767/4750/4620 166/891/864
f 766/4849/4717 166/891/864 165/893/866
f 60/4751/4621 61/4850/4718 2962/4752/4622
f 2962/4752/4622 61/4850/4718 511/4851/4719
f 2962/4752/4622 511/4851/4719 510/4753/4623
f 510/4753/4623 511/4851/4719 513/4852/4720
f 510/4753/4623 513/4852/4720 514/4754/4624
f 514/4754/4624 513/4852/4720 3014/4853/4721
f 514/4754/4624 3014/4853/4721 3015/4755/4625
f 3015/4755/4625 3014/4853/4721 3065/4854/4722
f 3015/4755/4625 3065/4854/4722 3066/4756/4626
f 3066/4756/4626 3065/4854/4722 3116/4855/4723
f 3066/4756/4626 3116/4855/4723 3117/4757/4627
f 3117/4757/4627 3116/4855/4723 3167/4856/4724
f 3117/4757/4627 3167/4856/4724 3168/4758/4628
f 3168/4758/4628 3167/4856/4724 3218/4857/4725
f 3168/4758/4628 3218/4857/4725 3219/4759/4629
f 3219/4759/4629 3218/4857/4725 3269/4858/4726
f 3219/4759/4629 3269/4858/4726 3270/4760/4630
f 3270/4760/4630 3269/4858/4726 3320/4859/4727
f 3270/4760/4630 3320/4859/4727 3321/4761/4631
f 3321/4761/4631 3320/4859/4727 3371/4860/4728
f 3321/4761/4631 3371/4860/4728 3372/4762/4632
f 3372/4762/4632 3371/4860/4728 3422/4861/4729
f 3372/4762/4632 3422/4861/4729 3423/4763/4633
f 3423/4763/4633 3422/4861/4729 3473/4862/4730
f 3423/4763/4633 3473/4862/4730 3474/4764/4634
f 3474/4764/4634 3473/4862/4730 3524/4863/4731
f 3474/4764/4634 3524/4863/4731 3525/4765/4635
f 3525/4765/4635 3524/4863/4731 3575/4864/4732
f 3525/4765/4635 3575/4864/4732 3576/4766/4636
f 3576/4766/4636 3575/4864/4732 3626/4865/4733
f 3576/4766/4636 3626/4865/4733 3627/4767/4637
f 3627/4767/4637 3626/4865/4733 3677/4866/4734
f 3627/4767/4637 3677/4866/4734 3678/4768/4638
f 3678/4768/4638 3677/4866/4734 3728/4867/4735
f 3678/4768/4638 3728/4867/4735 3729/4769/4639
f 3729/4769/4639 3728/4867/4735 394/4868/4736
f 3729/4769/4639 394/4868/4736 393/4770/4640
f 393/4770/4640 394/4868/4736 430/4869/4737
f 393/4770/4640 430/4869/4737 431/4771/4641
f 431/4771/4641 430/4869/4737 3781/4870/4738
f 431/4771/4641 3781/4870/4738 3782/4772/4642
f 3782/4772/4642 3781/4870/4738 3832/4871/4739
f 3782/4772/4642 3832/4871/4739 3833/4773/4643
f 3833/4773/4643 3832/4871/4739 3883/4872/4740
f 3833/4773/4643 3883/4872/4740 3884/4774/4644
f 3884/4774/4644 3883/4872/4740 3934/4873/4741
f 3884/4774/4644 3934/4873/4741 3935/4775/4645
f 3935/4775/4645 3934/4873/4741 3985/4874/4742
f 3935/4775/4645 3985/4874/4742 3986/4776/4646
f 3986/4776/4646 3985/4874/4742 4036/4875/4743
f 3986/4776/4646 4036/4875/4743 4037/4777/4647
f 4037/4777/4647 4036/4875/4743 4087/4876/4744
f 4037/4777/4647 4087/4876/4744 4088/4778/4648
f 4088/4778/4648 4087/4876/4744 4138/4877/4745
f 4088/4778/4648 4138/4877/4745 4139/4779/4649
f 4139/4779/4649 4138/4877/4745 4189/4878/4746
f 4139/4779/4649 4189/4878/4746 4190/4780/4650
f 4190/4780/4650 4189/4878/4746 4240/4879/4747
f 4190/4780/4650 4240/4879/4747 4241/4781/4651
f 4241/4781/4651 4240/4879/4747 4291/4880/4748
f 4241/4781/4651 4291/4880/4748 4292/4782/4652
f 4292/4782/4652 4291/4880/4748 4342/4881/4749
f 4292/4782/4652 4342/4881/4749 4343/4783/4653
f 4343/4783/4653 4342/4881/4749 4393/4882/4750
f 4343/4783/4653 4393/4882/4750 4394/4784/4654
f 4394/4784/4654 4393/4882/4750 4444/4883/4751
f 4394/4784/4654 4444/4883/4751 4445/4785/4655
f 4445/4785/4655 4444/4883/4751 4495/4884/4752
f 4445/4785/4655 4495/4884/4752 4496/4786/4656
f 4496/4786/4656 4495/4884/4752 277/4885/4753
f 4496/4786/4656 277/4885/4753 276/4787/4657
f 276/4787/4657 277/4885/4753 347/4886/4754
f 276/4787/4657 347/4886/4754 348/4788/4658
f 348/4788/4658 347/4886/4754 4548/4887/4755
f 348/4788/4658 4548/4887/4755 4549/4789/4659
f 4549/4789/4659 4548/4887/4755 4599/4888/4756
f 4549/4789/4659 4599/4888/4756 4600/4790/4660
f 4600/4790/4660 4599/4888/4756 4650/4889/4757
f 4600/4790/4660 4650/4889/4757 4651/4791/4661
f 4651/4791/4661 4650/4889/4757 4701/4890/4758
f 4651/4791/4661 4701/4890/4758 4702/4792/4662
f 4702/4792/4662 4701/4890/4758 4752/4891/4759
f 4702/4792/4662 4752/4891/4759 4753/4793/4663
f 4753/4793/4663 4752/4891/4759 4803/4892/4760
f 4753/4793/4663 4803/4892/4760 4804/4794/4664
f 4804/4794/4664 4803/4892/4760 4854/4893/4761
f 4804/4794/4664 4854/4893/4761 4855/4795/4665
f 4855/4795/4665 4854/4893/4761 4905/4894/4762
f 4855/4795/4665 4905/4894/4762 4906/4796/4666
f 4906/4796/4666 4905/4894/4762 4956/4895/4763
f 4906/4796/4666 4956/4895/4763 4957/4797/4667
f 4957/4797/4667 4956/4895/4763 5007/4896/4764
f 4957/4797/4667 5007/4896/4764 5008/4798/4668
f 5008/4798/4668 5007/4896/4764 5058/4897/4765
f 5008/4798/4668 5058/4897/4765 5059/4799/4669
f 5059/4799/4669 5058/4897/4765 5109/4898/4766
f 5059/4799/4669 5109/4898/4766 5110/4800/4670
f 5110/4800/4670 5109/4898/4766 5160/4899/4767
f 5110/4800/4670 5160/4899/4767 5161/4801/4671
f 5161/4801/4671 5160/4899/4767 5211/4900/4768
f 5161/4801/4671 5211/4900/4768 111/4802/246
f 111/4802/246 5211/4900/4768 112/4901/244
f 60/4902/4621 59/4803/4525 2911/4903/4769
f 2911/4903/4769 59/4803/4525 2861/4804/4672
f 2911/4903/4769 2861/4804/4672 2860/4904/4770
f 2860/4904/4770 2861/4804/4672 2810/4805/4673
f 2860/4904/4770 2810/4805/4673 2809/4905/4771
f 2809/4905/4771 2810/4805/4673 2759/4806/4674
f 2809/4905/4771 2759/4806/4674 2758/4906/4772
f 2758/4906/4772 2759/4806/4674 2708/4807/4675
f 2758/4906/4772 2708/4807/4675 2707/4907/4773
f 2707/4907/4773 2708/4807/4675 2657/4808/4676
f 2707/4907/4773 2657/4808/4676 2656/4908/4774
f 2656/4908/4774 2657/4808/4676 2606/4809/4677
f 2656/4908/4774 2606/4809/4677 2605/4909/4775
f 2605/4909/4775 2606/4809/4677 2555/4810/4678
f 2605/4909/4775 2555/4810/4678 2554/4910/4776
f 2554/4910/4776 2555/4810/4678 2504/4811/4679
f 2554/4910/4776 2504/4811/4679 2503/4911/4777
f 2503/4911/4777 2504/4811/4679 2453/4812/4680
f 2503/4911/4777 2453/4812/4680 2452/4912/4778
f 2452/4912/4778 2453/4812/4680 2402/4813/4681
f 2452/4912/4778 2402/4813/4681 2401/4913/4779
f 2401/4913/4779 2402/4813/4681 2351/4814/4682
f 2401/4913/4779 2351/4814/4682 2350/4914/4780
f 2350/4914/4780 2351/4814/4682 2300/4815/4683
f 2350/4914/4780 2300/4815/4683 2299/4915/4781
f 2299/4915/4781 2300/4815/4683 649/4816/4684
f 2299/4915/4781 649/4816/4684 648/4916/4782
f 648/4916/4782 649/4816/4684 575/4817/4685
f 648/4916/4782 575/4817/4685 576/4917/4783
f 576/4917/4783 575/4817/4685 2247/4818/4686
f 576/4917/4783 2247/4818/4686 2246/4918/4784
f 2246/4918/4784 2247/4818/4686 2196/4819/4687
f 2246/4918/4784 2196/4819/4687 2195/4919/4785
f 2195/4919/4785 2196/4819/4687 2145/4820/4688
f 2195/4919/4785 2145/4820/4688 2144/4920/4786
f 2144/4920/4786 2145/4820/4688 2094/4821/4689
f 2144/4920/4786 2094/4821/4689 2093/4921/4787
f 2093/4921/4787 2094/4821/4689 2043/4822/4690
f 2093/4921/4787 2043/4822/4690 2042/4922/4788
f 2042/4922/4788 2043/4822/4690 1992/4823/4691
f 2042/4922/4788 1992/4823/4691 1991/4923/4789
f 1991/4923/4789 1992/4823/4691 1941/4824/4692
f 1991/4923/4789 1941/4824/4692 1940/4924/4790
f 1940/4924/4790 1941/4824/4692 1890/4825/4693
f 1940/4924/4790 1890/4825/4693 1889/4925/4791
f 1889/4925/4791 1890/4825/4693 1839/4826/4694
f 1889/4925/4791 1839/4826/4694 1838/4926/4792
f 1838/4926/4792 1839/4826/4694 1788/4827/4695
f 1838/4926/4792 1788/4827/4695 1787/4927/4793
f 1787/4927/4793 1788/4827/4695 1737/4828/4696
f 1787/4927/4793 1737/4828/4696 1736/4928/4794
f 1736/4928/4794 1737/4828/4696 1686/4829/4697
f 1736/4928/4794 1686/4829/4697 1685/4929/4795
f 1685/4929/4795 1686/4829/4697 1635/4830/4698
f 1685/4929/4795 1635/4830/4698 1634/4930/4796
f 1634/4930/4796 1635/4830/4698 1584/4831/4699
f 1634/4930/4796 1584/4831/4699 1583/4931/4797
f 1583/4931/4797 1584/4831/4699 1533/4832/4700
f 1583/4931/4797 1533/4832/4700 1532/4932/4798
f 1532/4932/4798 1533/4832/4700 732/4833/4701
f 1532/4932/4798 732/4833/4701 731/4933/4799
f 731/4933/4799 732/4833/4701 692/4834/4702
f 731/4933/4799 692/4834/4702 693/4934/4800
f 693/4934/4800 692/4834/4702 1480/4835/4703
f 693/4934/4800 1480/4835/4703 1479/4935/4801
f 1479/4935/4801 1480/4835/4703 1429/4836/4704
f 1479/4935/4801 1429/4836/4704 1428/4936/4802
f 1428/4936/4802 1429/4836/4704 1378/4837/4705
f 1428/4936/4802 1378/4837/4705 1377/4937/4803
f 1377/4937/4803 1378/4837/4705 1327/4838/4706
f 1377/4937/4803 1327/4838/4706 1326/4938/4804
f 1326/4938/4804 1327/4838/4706 1276/4839/4707
f 1326/4938/4804 1276/4839/4707 1275/4939/4805
f 1275/4939/4805 1276/4839/4707 1225/4840/4708
f 1275/4939/4805 1225/4840/4708 1224/4940/4806
f 1224/4940/4806 1225/4840/4708 1174/4841/4709
f 1224/4940/4806 1174/4841/4709 1173/4941/4807
f 1173/4941/4807 1174/4841/4709 1123/4842/4710
f 1173/4941/4807 1123/4842/4710 1122/4942/4808
f 1122/4942/4808 1123/4842/4710 1072/4843/4711
f 1122/4942/4808 1072/4843/4711 1071/4943/4809
f 1071/4943/4809 1072/4843/4711 1021/4844/4712
f 1071/4943/4809 1021/4844/4712 1020/4944/4810
f 1020/4944/4810 1021/4844/4712 970/4845/4713
f 1020/4944/4810 970/4845/4713 969/4945/4811
f 969/4945/4811 970/4845/4713 919/4846/4714
f 969/4945/4811 919/4846/4714 918/4946/4812
f 918/4946/4812 919/4846/4714 868/4847/4715
f 918/4946/4812 868/4847/4715 867/4947/4813
f 867/4947/4813 868/4847/4715 817/4848/4716
f 867/4947/4813 817/4848/4716 816/4948/4814
f 816/4948/4814 817/4848/4716 766/4849/4717
f 816/4948/4814 766/4849/4717 765/4949/4815
f 765/4949/4815 766/4849/4717 165/893/866
f 765/4949/4815 165/893/866 164/895/868
f 61/4850/4718 62/751/730 511/4851/4719
f 511/4851/4719 62/751/730 512/592/577
f 511/4851/4719 512/592/577 513/4852/4720
f 513/4852/4720 512/592/577 3013/590/575
f 513/4852/4720 3013/590/575 3014/4853/4721
f 3014/4853/4721 3013/590/575 3064/588/573
f 3014/4853/4721 3064/588/573 3065/4854/4722
f 3065/4854/4722 3064/588/573 3115/586/571
f 3065/4854/4722 3115/586/571 3116/4855/4723
f 3116/4855/4723 3115/586/571 3166/584/569
f 3116/4855/4723 3166/584/569 3167/4856/4724
f 3167/4856/4724 3166/584/569 3217/582/567
f 3167/4856/4724 3217/582/567 3218/4857/4725
f 3218/4857/4725 3217/582/567 3268/580/565
f 3218/4857/4725 3268/580/565 3269/4858/4726
f 3269/4858/4726 3268/580/565 3319/578/563
f 3269/4858/4726 3319/578/563 3320/4859/4727
f 3320/4859/4727 3319/578/563 3370/576/561
f 3320/4859/4727 3370/576/561 3371/4860/4728
f 3371/4860/4728 3370/576/561 3421/574/559
f 3371/4860/4728 3421/574/559 3422/4861/4729
f 3422/4861/4729 3421/574/559 3472/572/557
f 3422/4861/4729 3472/572/557 3473/4862/4730
f 3473/4862/4730 3472/572/557 3523/570/555
f 3473/4862/4730 3523/570/555 3524/4863/4731
f 3524/4863/4731 3523/570/555 3574/568/553
f 3524/4863/4731 3574/568/553 3575/4864/4732
f 3575/4864/4732 3574/568/553 3625/566/551
f 3575/4864/4732 3625/566/551 3626/4865/4733
f 3626/4865/4733 3625/566/551 3676/564/549
f 3626/4865/4733 3676/564/549 3677/4866/4734
f 3677/4866/4734 3676/564/549 3727/562/547
f 3677/4866/4734 3727/562/547 3728/4867/4735
f 3728/4867/4735 3727/562/547 395/560/545
f 3728/4867/4735 395/560/545 394/4868/4736
f 394/4868/4736 395/560/545 429/558/543
f 394/4868/4736 429/558/543 430/4869/4737
f 430/4869/4737 429/558/543 3780/556/541
f 430/4869/4737 3780/556/541 3781/4870/4738
f 3781/4870/4738 3780/556/541 3831/554/539
f 3781/4870/4738 3831/554/539 3832/4871/4739
f 3832/4871/4739 3831/554/539 3882/552/537
f 3832/4871/4739 3882/552/537 3883/4872/4740
f 3883/4872/4740 3882/552/537 3933/550/535
f 3883/4872/4740 3933/550/535 3934/4873/4741
f 3934/4873/4741 3933/550/535 3984/548/533
f 3934/4873/4741 3984/548/533 3985/4874/4742
f 3985/4874/4742 3984/548/533 4035/546/531
f 3985/4874/4742 4035/546/531 4036/4875/4743
f 4036/4875/4743 4035/546/531 4086/544/529
f 4036/4875/4743 4086/544/529 4087/4876/4744
f 4087/4876/4744 4086/544/529 4137/542/527
f 4087/4876/4744 4137/542/527 4138/4877/4745
f 4138/4877/4745 4137/542/527 4188/540/525
f 4138/4877/4745 4188/540/525 4189/4878/4746
f 4189/4878/4746 4188/540/525 4239/538/523
f 4189/4878/4746 4239/538/523 4240/4879/4747
f 4240/4879/4747 4239/538/523 4290/536/521
f 4240/4879/4747 4290/536/521 4291/4880/4748
f 4291/4880/4748 4290/536/521 4341/534/519
f 4291/4880/4748 4341/534/519 4342/4881/4749
f 4342/4881/4749 4341/534/519 4392/532/517
f 4342/4881/4749 4392/532/517 4393/4882/4750
f 4393/4882/4750 4392/532/517 4443/530/515
f 4393/4882/4750 4443/530/515 4444/4883/4751
f 4444/4883/4751 4443/530/515 4494/528/513
f 4444/4883/4751 4494/528/513 4495/4884/4752
f 4495/4884/4752 4494/528/513 278/526/511
f 4495/4884/4752 278/526/511 277/4885/4753
f 277/4885/4753 278/526/511 346/524/509
f 277/4885/4753 346/524/509 347/4886/4754
f 347/4886/4754 346/524/509 4547/522/507
f 347/4886/4754 4547/522/507 4548/4887/4755
f 4548/4887/4755 4547/522/507 4598/520/505
f 4548/4887/4755 4598/520/505 4599/4888/4756
f 4599/4888/4756 4598/520/505 4649/518/503
f 4599/4888/4756 4649/518/503 4650/4889/4757
f 4650/4889/4757 4649/518/503 4700/516/501
f 4650/4889/4757 4700/516/501 4701/4890/4758
f 4701/4890/4758 4700/516/501 4751/514/499
f 4701/4890/4758 4751/514/499 4752/4891/4759
f 4752/4891/4759 4751/514/499 4802/512/497
f 4752/4891/4759 4802/512/497 4803/4892/4760
f 4803/4892/4760 4802/512/497 4853/510/495
f 4803/4892/4760 4853/510/495 4854/4893/4761
f 4854/4893/4761 4853/510/495 4904/508/493
f 4854/4893/4761 4904/508/493 4905/4894/4762
f 4905/4894/4762 4904/508/493 4955/506/491
f 4905/4894/4762 4955/506/491 4956/4895/4763
f 4956/4895/4763 4955/506/491 5006/504/489
f 4956/4895/4763 5006/504/489 5007/4896/4764
f 5007/4896/4764 5006/504/489 5057/502/487
f 5007/4896/4764 5057/502/487 5058/4897/4765
f 5058/4897/4765 5057/502/487 5108/500/485
f 5058/4897/4765 5108/500/485 5109/4898/4766
f 5109/4898/4766 5108/500/485 5159/498/483
f 5109/4898/4766 5159/498/483 5160/4899/4767
f 5160/4899/4767 5159/498/483 5210/496/481
f 5160/4899/4767 5210/496/481 5211/4900/4768
f 5211/4900/4768 5210/496/481 5261/494/479
f 5211/4900/4768 5261/494/479 112/4901/244
f 112/4901/244 5261/494/479 113/492/242
f 61/4950/4718 60/4902/4621 2961/4951/4816
f 2961/4951/4816 60/4902/4621 2911/4903/4769
f 2961/4951/4816 2911/4903/4769 2910/4952/4817
f 2910/4952/4817 2911/4903/4769 2860/4904/4770
f 2910/4952/4817 2860/4904/4770 2859/4953/4818
f 2859/4953/4818 2860/4904/4770 2809/4905/4771
f 2859/4953/4818 2809/4905/4771 2808/4954/4819
f 2808/4954/4819 2809/4905/4771 2758/4906/4772
f 2808/4954/4819 2758/4906/4772 2757/4955/4820
f 2757/4955/4820 2758/4906/4772 2707/4907/4773
f 2757/4955/4820 2707/4907/4773 2706/4956/4821
f 2706/4956/4821 2707/4907/4773 2656/4908/4774
f 2706/4956/4821 2656/4908/4774 2655/4957/4822
f 2655/4957/4822 2656/4908/4774 2605/4909/4775
f 2655/4957/4822 2605/4909/4775 2604/4958/4823
f 2604/4958/4823 2605/4909/4775 2554/4910/4776
f 2604/4958/4823 2554/4910/4776 2553/4959/4824
f 2553/4959/4824 2554/4910/4776 2503/4911/4777
f 2553/4959/4824 2503/4911/4777 2502/4960/4825
f 2502/4960/4825 2503/4911/4777 2452/4912/4778
f 2502/4960/4825 2452/4912/4778 2451/4961/4826
f 2451/4961/4826 2452/4912/4778 2401/4913/4779
f 2451/4961/4826 2401/4913/4779 2400/4962/4827
f 2400/4962/4827 2401/4913/4779 2350/4914/4780
f 2400/4962/4827 2350/4914/4780 2349/4963/4828
f 2349/4963/4828 2350/4914/4780 2299/4915/4781
f 2349/4963/4828 2299/4915/4781 2298/4964/4829
f 2298/4964/4829 2299/4915/4781 648/4916/4782
f 2298/4964/4829 648/4916/4782 647/4965/4830
f 647/4965/4830 648/4916/4782 576/4917/4783
f 647/4965/4830 576/4917/4783 577/4966/4831
f 577/4966/4831 576/4917/4783 2246/4918/4784
f 577/4966/4831 2246/4918/4784 2245/4967/4832
f 2245/4967/4832 2246/4918/4784 2195/4919/4785
f 2245/4967/4832 2195/4919/4785 2194/4968/4833
f 2194/4968/4833 2195/4919/4785 2144/4920/4786
f 2194/4968/4833 2144/4920/4786 2143/4969/4834
f 2143/4969/4834 2144/4920/4786 2093/4921/4787
f 2143/4969/4834 2093/4921/4787 2092/4970/4835
f 2092/4970/4835 2093/4921/4787 2042/4922/4788
f 2092/4970/4835 2042/4922/4788 2041/4971/4836
f 2041/4971/4836 2042/4922/4788 1991/4923/4789
f 2041/4971/4836 1991/4923/4789 1990/4972/4837
f 1990/4972/4837 1991/4923/4789 1940/4924/4790
f 1990/4972/4837 1940/4924/4790 1939/4973/4838
f 1939/4973/4838 1940/4924/4790 1889/4925/4791
f 1939/4973/4838 1889/4925/4791 1888/4974/4839
f 1888/4974/4839 1889/4925/4791 1838/4926/4792
f 1888/4974/4839 1838/4926/4792 1837/4975/4840
f 1837/4975/4840 1838/4926/4792 1787/4927/4793
f 1837/4975/4840 1787/4927/4793 1786/4976/4841
f 1786/4976/4841 1787/4927/4793 1736/4928/4794
f 1786/4976/4841 1736/4928/4794 1735/4977/4842
f 1735/4977/4842 1736/4928/4794 1685/4929/4795
f 1735/4977/4842 1685/4929/4795 1684/4978/4843
f 1684/4978/4843 1685/4929/4795 1634/4930/4796
f 1684/4978/4843 1634/4930/4796 1633/4979/4844
f 1633/4979/4844 1634/4930/4796 1583/4931/4797
f 1633/4979/4844 1583/4931/4797 1582/4980/4845
f 1582/4980/4845 1583/4931/4797 1532/4932/4798
f 1582/4980/4845 1532/4932/4798 1531/4981/4846
f 1531/4981/4846 1532/4932/4798 731/4933/4799
f 1531/4981/4846 731/4933/4799 730/4982/4847
f 730/4982/4847 731/4933/4799 693/4934/4800
f 730/4982/4847 693/4934/4800 694/4983/4848
f 694/4983/4848 693/4934/4800 1479/4935/4801
f 694/4983/4848 1479/4935/4801 1478/4984/4849
f 1478/4984/4849 1479/4935/4801 1428/4936/4802
f 1478/4984/4849 1428/4936/4802 1427/4985/4850
f 1427/4985/4850 1428/4936/4802 1377/4937/4803
f 1427/4985/4850 1377/4937/4803 1376/4986/4851
f 1376/4986/4851 1377/4937/4803 1326/4938/4804
f 1376/4986/4851 1326/4938/4804 1325/4987/4852
f 1325/4987/4852 1326/4938/4804 1275/4939/4805
f 1325/4987/4852 1275/4939/4805 1274/4988/4853
f 1274/4988/4853 1275/4939/4805 1224/4940/4806
f 1274/4988/4853 1224/4940/4806 1223/4989/4854
f 1223/4989/4854 1224/4940/4806 1173/4941/4807
f 1223/4989/4854 1173/4941/4807 1172/4990/4855
f 1172/4990/4855 1173/4941/4807 1122/4942/4808
f 1172/4990/4855 1122/4942/4808 1121/4991/4856
f 1121/4991/4856 1122/4942/4808 1071/4943/4809
f 1121/4991/4856 1071/4943/4809 1070/4992/4857
f 1070/4992/4857 1071/4943/4809 1020/4944/4810
f 1070/4992/4857 1020/4944/4810 1019/4993/4858
f 1019/4993/4858 1020/4944/4810 969/4945/4811
f 1019/4993/4858 969/4945/4811 968/4994/4859
f 968/4994/4859 969/4945/4811 918/4946/4812
f 968/4994/4859 918/4946/4812 917/4995/4860
f 917/4995/4860 918/4946/4812 867/4947/4813
f 917/4995/4860 867/4947/4813 866/4996/4861
f 866/4996/4861 867/4947/4813 816/4948/4814
f 866/4996/4861 816/4948/4814 815/4997/4862
f 815/4997/4862 816/4948/4814 765/4949/4815
f 815/4997/4862 765/4949/4815 764/4998/4863
f 764/4998/4863 765/4949/4815 164/895/868
f 764/4998/4863 164/895/868 163/897/870
f 62/750/730 61/4950/4718 3011/749/729
f 3011/749/729 61/4950/4718 2961/4951/4816
f 3011/749/729 2961/4951/4816 2960/748/728
f 2960/748/728 2961/4951/4816 2910/4952/4817
f 2960/748/728 2910/4952/4817 2909/747/727
f 2909/747/727 2910/4952/4817 2859/4953/4818
f 2909/747/727 2859/4953/4818 2858/746/726
f 2858/746/726 2859/4953/4818 2808/4954/4819
f 2858/746/726 2808/4954/4819 2807/745/725
f 2807/745/725 2808/4954/4819 2757/4955/4820
f 2807/745/725 2757/4955/4820 2756/744/724
f 2756/744/724 2757/4955/4820 2706/4956/4821
f 2756/744/724 2706/4956/4821 2705/743/723
f 2705/743/723 2706/4956/4821 2655/4957/4822
f 2705/743/723 2655/4957/4822 2654/742/722
f 2654/742/722 2655/4957/4822 2604/4958/4823
f 2654/742/722 2604/4958/4823 2603/741/721
f 2603/741/721 2604/4958/4823 2553/4959/4824
f 2603/741/721 2553/4959/4824 2552/740/720
f 2552/740/720 2553/4959/4824 2502/4960/4825
f 2552/740/720 2502/4960/4825 2501/739/719
f 2501/739/719 2502/4960/4825 2451/4961/4826
f 2501/739/719 2451/4961/4826 2450/738/718
f 2450/738/718 2451/4961/4826 2400/4962/4827
f 2450/738/718 2400/4962/4827 2399/737/717
f 2399/737/717 2400/4962/4827 2349/4963/4828
f 2399/737/717 2349/4963/4828 2348/736/716
f 2348/736/716 2349/4963/4828 2298/4964/4829
f 2348/736/716 2298/4964/4829 2297/735/715
f 2297/735/715 2298/4964/4829 647/4965/4830
f 2297/735/715 647/4965/4830 646/734/714
f 646/734/714 647/4965/4830 577/4966/4831
f 646/734/714 577/4966/4831 578/733/713
f 578/733/713 577/4966/4831 2245/4967/4832
f 578/733/713 2245/4967/4832 2244/732/712
f 2244/732/712 2245/4967/4832 2194/4968/4833
f 2244/732/712 2194/4968/4833 2193/731/711
f 2193/731/711 2194/4968/4833 2143/4969/4834
f 2193/731/711 2143/4969/4834 2142/730/710
f 2142/730/710 2143/4969/4834 2092/4970/4835
f 2142/730/710 2092/4970/4835 2091/729/709
f 2091/729/709 2092/4970/4835 2041/4971/4836
f 2091/729/709 2041/4971/4836 2040/728/708
f 2040/728/708 2041/4971/4836 1990/4972/4837
f 2040/728/708 1990/4972/4837 1989/727/707
f 1989/727/707 1990/4972/4837 1939/4973/4838
f 1989/727/707 1939/4973/4838 1938/726/706
f 1938/726/706 1939/4973/4838 1888/4974/4839
f 1938/726/706 1888/4974/4839 1887/725/705
f 1887/725/705 1888/4974/4839 1837/4975/4840
f 1887/725/705 1837/4975/4840 1836/724/704
f 1836/724/704 1837/4975/4840 1786/4976/4841
f 1836/724/704 1786/4976/4841 1785/723/703
f 1785/723/703 1786/4976/4841 1735/4977/4842
f 1785/723/703 1735/4977/4842 1734/722/702
f 1734/722/702 1735/4977/4842 1684/4978/4843
f 1734/722/702 1684/4978/4843 1683/721/701
f 1683/721/701 1684/4978/4843 1633/4979/4844
f 1683/721/701 1633/4979/4844 1632/720/700
f 1632/720/700 1633/4979/4844 1582/4980/4845
f 1632/720/700 1582/4980/4845 1581/719/699
f 1581/719/699 1582/4980/4845 1531/4981/4846
f 1581/719/699 1531/4981/4846 1530/718/698
f 1530/718/698 1531/4981/4846 730/4982/4847
f 1530/718/698 730/4982/4847 729/717/697
f 729/717/697 730/4982/4847 694/4983/4848
f 729/717/697 694/4983/4848 695/716/696
f 695/716/696 694/4983/4848 1478/4984/4849
f 695/716/696 1478/4984/4849 1477/715/695
f 1477/715/695 1478/4984/4849 1427/4985/4850
f 1477/715/695 1427/4985/4850 1426/714/694
f 1426/714/694 1427/4985/4850 1376/4986/4851
f 1426/714/694 1376/4986/4851 1375/713/693
f 1375/713/693 1376/4986/4851 1325/4987/4852
f 1375/713/693 1325/4987/4852 1324/712/692
f 1324/712/692 1325/4987/4852 1274/4988/4853
f 1324/712/692 1274/4988/4853 1273/711/691
f 1273/711/691 1274/4988/4853 1223/4989/4854
f 1273/711/691 1223/4989/4854 1222/710/690
f 1222/710/690 1223/4989/4854 1172/4990/4855
f 1222/710/690 1172/4990/4855 1171/709/689
f 1171/709/689 1172/4990/4855 1121/4991/4856
f 1171/709/689 1121/4991/4856 1120/708/688
f 1120/708/688 1121/4991/4856 1070/4992/4857
f 1120/708/688 1070/4992/4857 1069/707/687
f 1069/707/687 1070/4992/4857 1019/4993/4858
f 1069/707/687 1019/4993/4858 1018/706/686
f 1018/706/686 1019/4993/4858 968/4994/4859
f 1018/706/686 968/4994/4859 967/705/685
f 967/705/685 968/4994/4859 917/4995/4860
f 967/705/685 917/4995/4860 916/704/684
f 916/704/684 917/4995/4860 866/4996/4861
f 916/704/684 866/4996/4861 865/703/683
f 865/703/683 866/4996/4861 815/4997/4862
f 865/703/683 815/4997/4862 814/702/682
f 814/702/682 815/4997/4862 764/4998/4863
f 814/702/682 764/4998/4863 763/701/681
f 763/701/681 764/4998/4863 163/897/870
f 763/701/681 163/897/870 162/700/680
f 63/593/578 64/1036/1000 3012/591/576
f 3012/591/576 64/1036/1000 3062/1038/1002
f 3012/591/576 3062/1038/1002 3063/589/574
f 3063/589/574 3062/1038/1002 3113/1040/1004
f 3063/589/574 3113/1040/1004 3114/587/572
f 3114/587/572 3113/1040/1004 3164/1042/1006
f 3114/587/572 3164/1042/1006 3165/585/570
f 3165/585/570 3164/1042/1006 3215/1044/1008
f 3165/585/570 3215/1044/1008 3216/583/568
f 3216/583/568 3215/1044/1008 3266/1046/1010
f 3216/583/568 3266/1046/1010 3267/581/566
f 3267/581/566 3266/1046/1010 3317/1048/1012
f 3267/581/566 3317/1048/1012 3318/579/564
f 3318/579/564 3317/1048/1012 3368/1050/1014
f 3318/579/564 3368/1050/1014 3369/577/562
f 3369/577/562 3368/1050/1014 3419/1052/1016
f 3369/577/562 3419/1052/1016 3420/575/560
f 3420/575/560 3419/1052/1016 3470/1054/1018
f 3420/575/560 3470/1054/1018 3471/573/558
f 3471/573/558 3470/1054/1018 3521/1056/1020
f 3471/573/558 3521/1056/1020 3522/571/556
f 3522/571/556 3521/1056/1020 3572/1058/1022
f 3522/571/556 3572/1058/1022 3573/569/554
f 3573/569/554 3572/1058/1022 3623/1060/1024
f 3573/569/554 3623/1060/1024 3624/567/552
f 3624/567/552 3623/1060/1024 3674/1062/1026
f 3624/567/552 3674/1062/1026 3675/565/550
f 3675/565/550 3674/1062/1026 3725/1064/1028
f 3675/565/550 3725/1064/1028 3726/563/548
f 3726/563/548 3725/1064/1028 397/1066/1030
f 3726/563/548 397/1066/1030 396/561/546
f 396/561/546 397/1066/1030 427/1068/1032
f 396/561/546 427/1068/1032 428/559/544
f 428/559/544 427/1068/1032 3778/1070/1034
f 428/559/544 3778/1070/1034 3779/557/542
f 3779/557/542 3778/1070/1034 3829/1072/1036
f 3779/557/542 3829/1072/1036 3830/555/540
f 3830/555/540 3829/1072/1036 3880/1074/1038
f 3830/555/540 3880/1074/1038 3881/553/538
f 3881/553/538 3880/1074/1038 3931/1076/1040
f 3881/553/538 3931/1076/1040 3932/551/536
f 3932/551/536 3931/1076/1040 3982/1078/1042
f 3932/551/536 3982/1078/1042 3983/549/534
f 3983/549/534 3982/1078/1042 4033/1080/1044
f 3983/549/534 4033/1080/1044 4034/547/532
f 4034/547/532 4033/1080/1044 4084/1082/1046
f 4034/547/532 4084/1082/1046 4085/545/530
f 4085/545/530 4084/1082/1046 4135/1084/1048
f 4085/545/530 4135/1084/1048 4136/543/528
f 4136/543/528 4135/1084/1048 4186/1086/1050
f 4136/543/528 4186/1086/1050 4187/541/526
f 4187/541/526 4186/1086/1050 4237/1088/1052
f 4187/541/526 4237/1088/1052 4238/539/524
f 4238/539/524 4237/1088/1052 4288/1090/1054
f 4238/539/524 4288/1090/1054 4289/537/522
f 4289/537/522 4288/1090/1054 4339/1092/1056
f 4289/537/522 4339/1092/1056 4340/535/520
f 4340/535/520 4339/1092/1056 4390/1094/1058
f 4340/535/520 4390/1094/1058 4391/533/518
f 4391/533/518 4390/1094/1058 4441/1096/1060
f 4391/533/518 4441/1096/1060 4442/531/516
f 4442/531/516 4441/1096/1060 4492/1098/1062
f 4442/531/516 4492/1098/1062 4493/529/514
f 4493/529/514 4492/1098/1062 280/1100/1064
f 4493/529/514 280/1100/1064 279/527/512
f 279/527/512 280/1100/1064 344/1102/1066
f 279/527/512 344/1102/1066 345/525/510
f 345/525/510 344/1102/1066 4545/1104/1068
f 345/525/510 4545/1104/1068 4546/523/508
f 4546/523/508 4545/1104/1068 4596/1106/1070
f 4546/523/508 4596/1106/1070 4597/521/506
f 4597/521/506 4596/1106/1070 4647/1108/1072
f 4597/521/506 4647/1108/1072 4648/519/504
f 4648/519/504 4647/1108/1072 4698/1110/1074
f 4648/519/504 4698/1110/1074 4699/517/502
f 4699/517/502 4698/1110/1074 4749/1112/1076
f 4699/517/502 4749/1112/1076 4750/515/500
f 4750/515/500 4749/1112/1076 4800/1114/1078
f 4750/515/500 4800/1114/1078 4801/513/498
f 4801/513/498 4800/1114/1078 4851/1116/1080
f 4801/513/498 4851/1116/1080 4852/511/496
f 4852/511/496 4851/1116/1080 4902/1118/1082
f 4852/511/496 4902/1118/1082 4903/509/494
f 4903/509/494 4902/1118/1082 4953/1120/1084
f 4903/509/494 4953/1120/1084 4954/507/492
f 4954/507/492 4953/1120/1084 5004/1122/1086
f 4954/507/492 5004/1122/1086 5005/505/490
f 5005/505/490 5004/1122/1086 5055/1124/1088
f 5005/505/490 5055/1124/1088 5056/503/488
f 5056/503/488 5055/1124/1088 5106/1126/1090
f 5056/503/488 5106/1126/1090 5107/501/486
f 5107/501/486 5106/1126/1090 5157/1128/1092
f 5107/501/486 5157/1128/1092 5158/499/484
f 5158/499/484 5157/1128/1092 5208/1130/1094
f 5158/499/484 5208/1130/1094 5209/497/482
f 5209/497/482 5208/1130/1094 5259/1132/1096
f 5209/497/482 5259/1132/1096 5260/495/480
f 5260/495/480 5259/1132/1096 213/780/758
f 5260/495/480 213/780/758 212/493/478
f 64/1034/1000 63/595/578 561/597/580
f 80/146/142 81/2410/2339 3762/148/144
f 3762/148/144 81/2410/2339 3812/2412/2341
f 3762/148/144 3812/2412/2341 3813/150/146
f 3813/150/146 3812/2412/2341 3863/2414/2343
f 3813/150/146 3863/2414/2343 3864/152/148
f 3864/152/148 3863/2414/2343 3914/2416/2345
f 3864/152/148 3914/2416/2345 3915/154/150
f 3915/154/150 3914/2416/2345 3965/2418/2347
f 3915/154/150 3965/2418/2347 3966/156/152
f 3966/156/152 3965/2418/2347 4016/2420/2349
f 3966/156/152 4016/2420/2349 4017/158/154
f 4017/158/154 4016/2420/2349 4067/2422/2351
f 4017/158/154 4067/2422/2351 4068/160/156
f 4068/160/156 4067/2422/2351 4118/2424/2353
f 4068/160/156 4118/2424/2353 4119/162/158
f 4119/162/158 4118/2424/2353 4169/2426/2355
f 4119/162/158 4169/2426/2355 4170/164/160
f 4170/164/160 4169/2426/2355 4220/2428/2357
f 4170/164/160 4220/2428/2357 4221/166/162
f 4221/166/162 4220/2428/2357 4271/2430/2359
f 4221/166/162 4271/2430/2359 4272/168/164
f 4272/168/164 4271/2430/2359 4322/2432/2361
f 4272/168/164 4322/2432/2361 4323/170/166
f 4323/170/166 4322/2432/2361 4373/2434/2363
f 4323/170/166 4373/2434/2363 4374/172/168
f 4374/172/168 4373/2434/2363 4424/2436/2365
f 4374/172/168 4424/2436/2365 4425/174/170
f 4425/174/170 4424/2436/2365 4475/2438/2367
f 4425/174/170 4475/2438/2367 4476/176/172
f 4476/176/172 4475/2438/2367 297/2440/2369
f 4476/176/172 297/2440/2369 296/178/174
f 296/178/174 297/2440/2369 327/2442/2371
f 296/178/174 327/2442/2371 328/180/176
f 328/180/176 327/2442/2371 4528/882/855
f 81/2408/2339 80/144/142 461/142/140
f 361/3659/3561 98/3713/272 97/3660/274
f 114/248/241 115/4999/869 261/250/243
f 261/250/243 115/4999/869 260/5000/4864
f 261/250/243 260/5000/4864 5212/252/245
f 5212/252/245 260/5000/4864 5213/5001/4865
f 5212/252/245 5213/5001/4865 5162/254/247
f 5162/254/247 5213/5001/4865 5163/5002/4866
f 5162/254/247 5163/5002/4866 5112/256/249
f 5112/256/249 5163/5002/4866 5113/5003/4867
f 5112/256/249 5113/5003/4867 5062/258/251
f 5062/258/251 5113/5003/4867 5063/5004/4868
f 5062/258/251 5063/5004/4868 5012/260/253
f 5012/260/253 5063/5004/4868 5013/5005/4869
f 5012/260/253 5013/5005/4869 4962/262/255
f 4962/262/255 5013/5005/4869 4963/5006/4870
f 4962/262/255 4963/5006/4870 4912/264/257
f 4912/264/257 4963/5006/4870 4913/5007/4871
f 4912/264/257 4913/5007/4871 4862/266/259
f 4862/266/259 4913/5007/4871 4863/5008/4872
f 4862/266/259 4863/5008/4872 4812/268/261
f 4812/268/261 4863/5008/4872 4813/5009/4873
f 4812/268/261 4813/5009/4873 4762/270/263
f 4762/270/263 4813/5009/4873 4763/5010/4874
f 4762/270/263 4763/5010/4874 4712/272/265
f 4712/272/265 4763/5010/4874 4713/5011/4875
f 4712/272/265 4713/5011/4875 4662/274/267
f 4662/274/267 4713/5011/4875 4663/489/476
f 4662/274/267 4663/489/476 4612/276/269
f 115/4999/869 116/5012/867 260/5000/4864
f 260/5000/4864 116/5012/867 259/5013/4876
f 260/5000/4864 259/5013/4876 5213/5001/4865
f 5213/5001/4865 259/5013/4876 5214/5014/4877
f 5213/5001/4865 5214/5014/4877 5163/5002/4866
f 5163/5002/4866 5214/5014/4877 5164/5015/4878
f 5163/5002/4866 5164/5015/4878 5113/5003/4867
f 5113/5003/4867 5164/5015/4878 5114/5016/4879
f 5113/5003/4867 5114/5016/4879 5063/5004/4868
f 5063/5004/4868 5114/5016/4879 5064/5017/4880
f 5063/5004/4868 5064/5017/4880 5013/5005/4869
f 5013/5005/4869 5064/5017/4880 5014/5018/4881
f 5013/5005/4869 5014/5018/4881 4963/5006/4870
f 4963/5006/4870 5014/5018/4881 4964/5019/4882
f 4963/5006/4870 4964/5019/4882 4913/5007/4871
f 4913/5007/4871 4964/5019/4882 4914/5020/4883
f 4913/5007/4871 4914/5020/4883 4863/5008/4872
f 4863/5008/4872 4914/5020/4883 4864/5021/4884
f 4863/5008/4872 4864/5021/4884 4813/5009/4873
f 4813/5009/4873 4864/5021/4884 4814/5022/4885
f 4813/5009/4873 4814/5022/4885 4763/5010/4874
f 4763/5010/4874 4814/5022/4885 4764/5023/4886
f 4763/5010/4874 4764/5023/4886 4713/5011/4875
f 4713/5011/4875 4764/5023/4886 4714/487/474
f 4713/5011/4875 4714/487/474 4663/489/476
f 116/5012/867 117/5024/865 259/5013/4876
f 259/5013/4876 117/5024/865 258/5025/4887
f 259/5013/4876 258/5025/4887 5214/5014/4877
f 5214/5014/4877 258/5025/4887 5215/5026/4888
f 5214/5014/4877 5215/5026/4888 5164/5015/4878
f 5164/5015/4878 5215/5026/4888 5165/5027/4889
f 5164/5015/4878 5165/5027/4889 5114/5016/4879
f 5114/5016/4879 5165/5027/4889 5115/5028/4890
f 5114/5016/4879 5115/5028/4890 5064/5017/4880
f 5064/5017/4880 5115/5028/4890 5065/5029/4891
f 5064/5017/4880 5065/5029/4891 5014/5018/4881
f 5014/5018/4881 5065/5029/4891 5015/5030/4892
f 5014/5018/4881 5015/5030/4892 4964/5019/4882
f 4964/5019/4882 5015/5030/4892 4965/5031/4893
f 4964/5019/4882 4965/5031/4893 4914/5020/4883
f 4914/5020/4883 4965/5031/4893 4915/5032/4894
f 4914/5020/4883 4915/5032/4894 4864/5021/4884
f 4864/5021/4884 4915/5032/4894 4865/5033/4895
f 4864/5021/4884 4865/5033/4895 4814/5022/4885
f 4814/5022/4885 4865/5033/4895 4815/5034/4896
f 4814/5022/4885 4815/5034/4896 4764/5023/4886
f 4764/5023/4886 4815/5034/4896 4765/485/472
f 4764/5023/4886 4765/485/472 4714/487/474
f 117/5024/865 118/5035/863 258/5025/4887
f 258/5025/4887 118/5035/863 257/5036/4897
f 258/5025/4887 257/5036/4897 5215/5026/4888
f 5215/5026/4888 257/5036/4897 5216/5037/4898
f 5215/5026/4888 5216/5037/4898 5165/5027/4889
f 5165/5027/4889 5216/5037/4898 5166/5038/4899
f 5165/5027/4889 5166/5038/4899 5115/5028/4890
f 5115/5028/4890 5166/5038/4899 5116/5039/4900
f 5115/5028/4890 5116/5039/4900 5065/5029/4891
f 5065/5029/4891 5116/5039/4900 5066/5040/4901
f 5065/5029/4891 5066/5040/4901 5015/5030/4892
f 5015/5030/4892 5066/5040/4901 5016/5041/4902
f 5015/5030/4892 5016/5041/4902 4965/5031/4893
f 4965/5031/4893 5016/5041/4902 4966/5042/4903
f 4965/5031/4893 4966/5042/4903 4915/5032/4894
f 4915/5032/4894 4966/5042/4903 4916/5043/4904
f 4915/5032/4894 4916/5043/4904 4865/5033/4895
f 4865/5033/4895 4916/5043/4904 4866/5044/4905
f 4865/5033/4895 4866/5044/4905 4815/5034/4896
f 4815/5034/4896 4866/5044/4905 4816/483/470
f 4815/5034/4896 4816/483/470 4765/485/472
f 118/5035/863 119/5045/861 257/5036/4897
f 257/5036/4897 119/5045/861 256/5046/4906
f 257/5036/4897 256/5046/4906 5216/5037/4898
f 5216/5037/4898 256/5046/4906 5217/5047/4907
f 5216/5037/4898 5217/5047/4907 5166/5038/4899
f 5166/5038/4899 5217/5047/4907 5167/5048/4908
f 5166/5038/4899 5167/5048/4908 5116/5039/4900
f 5116/5039/4900 5167/5048/4908 5117/5049/4909
f 5116/5039/4900 5117/5049/4909 5066/5040/4901
f 5066/5040/4901 5117/5049/4909 5067/5050/4910
f 5066/5040/4901 5067/5050/4910 5016/5041/4902
f 5016/5041/4902 5067/5050/4910 5017/5051/4911
f 5016/5041/4902 5017/5051/4911 4966/5042/4903
f 4966/5042/4903 5017/5051/4911 4967/5052/4912
f 4966/5042/4903 4967/5052/4912 4916/5043/4904
f 4916/5043/4904 4967/5052/4912 4917/5053/4913
f 4916/5043/4904 4917/5053/4913 4866/5044/4905
f 4866/5044/4905 4917/5053/4913 4867/481/468
f 4866/5044/4905 4867/481/468 4816/483/470
f 119/5045/861 120/5054/859 256/5046/4906
f 256/5046/4906 120/5054/859 255/5055/4914
f 256/5046/4906 255/5055/4914 5217/5047/4907
f 5217/5047/4907 255/5055/4914 5218/5056/4915
f 5217/5047/4907 5218/5056/4915 5167/5048/4908
f 5167/5048/4908 5218/5056/4915 5168/5057/4916
f 5167/5048/4908 5168/5057/4916 5117/5049/4909
f 5117/5049/4909 5168/5057/4916 5118/5058/4917
f 5117/5049/4909 5118/5058/4917 5067/5050/4910
f 5067/5050/4910 5118/5058/4917 5068/5059/4918
f 5067/5050/4910 5068/5059/4918 5017/5051/4911
f 5017/5051/4911 5068/5059/4918 5018/5060/4919
f 5017/5051/4911 5018/5060/4919 4967/5052/4912
f 4967/5052/4912 5018/5060/4919 4968/5061/4920
f 4967/5052/4912 4968/5061/4920 4917/5053/4913
f 4917/5053/4913 4968/5061/4920 4918/479/466
f 4917/5053/4913 4918/479/466 4867/481/468
f 120/5054/859 121/5062/857 255/5055/4914
f 255/5055/4914 121/5062/857 254/5063/4921
f 255/5055/4914 254/5063/4921 5218/5056/4915
f 5218/5056/4915 254/5063/4921 5219/5064/4922
f 5218/5056/4915 5219/5064/4922 5168/5057/4916
f 5168/5057/4916 5219/5064/4922 5169/5065/4923
f 5168/5057/4916 5169/5065/4923 5118/5058/4917
f 5118/5058/4917 5169/5065/4923 5119/5066/4924
f 5118/5058/4917 5119/5066/4924 5068/5059/4918
f 5068/5059/4918 5119/5066/4924 5069/5067/4925
f 5068/5059/4918 5069/5067/4925 5018/5060/4919
f 5018/5060/4919 5069/5067/4925 5019/5068/4926
f 5018/5060/4919 5019/5068/4926 4968/5061/4920
f 4968/5061/4920 5019/5068/4926 4969/477/464
f 4968/5061/4920 4969/477/464 4918/479/466
f 121/5062/857 6/899/856 254/5063/4921
f 254/5063/4921 6/899/856 253/901/872
f 254/5063/4921 253/901/872 5219/5064/4922
f 5219/5064/4922 253/901/872 5220/5069/4927
f 5219/5064/4922 5220/5069/4927 5169/5065/4923
f 5169/5065/4923 5220/5069/4927 5170/5070/4928
f 5169/5065/4923 5170/5070/4928 5119/5066/4924
f 5119/5066/4924 5170/5070/4928 5120/5071/4929
f 5119/5066/4924 5120/5071/4929 5069/5067/4925
f 5069/5067/4925 5120/5071/4929 5070/5072/4930
f 5069/5067/4925 5070/5072/4930 5019/5068/4926
f 5019/5068/4926 5070/5072/4930 5020/475/462
f 5019/5068/4926 5020/475/462 4969/477/464
f 129/463/449 5/850/810 246/5073/4931
f 246/5073/4931 5/850/810 245/852/825
f 246/5073/4931 245/852/825 5227/3591/3494
f 130/851/808 131/5074/806 244/853/826
f 244/853/826 131/5074/806 243/5075/4932
f 244/853/826 243/5075/4932 5229/855/828
f 5229/855/828 243/5075/4932 5230/5076/4933
f 5229/855/828 5230/5076/4933 5179/857/830
f 5179/857/830 5230/5076/4933 5180/5077/4934
f 5179/857/830 5180/5077/4934 5129/859/832
f 5129/859/832 5180/5077/4934 5130/5078/4935
f 5129/859/832 5130/5078/4935 5079/861/834
f 5079/861/834 5130/5078/4935 5080/5079/4936
f 5079/861/834 5080/5079/4936 5029/863/836
f 5029/863/836 5080/5079/4936 5030/5080/4937
f 5029/863/836 5030/5080/4937 4979/865/838
f 4979/865/838 5030/5080/4937 4980/5081/4938
f 4979/865/838 4980/5081/4938 4929/867/840
f 4929/867/840 4980/5081/4938 4930/5082/4939
f 4929/867/840 4930/5082/4939 4879/869/842
f 4879/869/842 4930/5082/4939 4880/5083/4940
f 4879/869/842 4880/5083/4940 4829/871/844
f 4829/871/844 4880/5083/4940 4830/5084/4941
f 4829/871/844 4830/5084/4941 4779/873/846
f 4779/873/846 4830/5084/4941 4780/5085/4942
f 4779/873/846 4780/5085/4942 4729/875/848
f 4729/875/848 4780/5085/4942 4730/5086/4943
f 4729/875/848 4730/5086/4943 4679/877/850
f 4679/877/850 4730/5086/4943 4680/5087/4944
f 4679/877/850 4680/5087/4944 4629/879/852
f 4629/879/852 4680/5087/4944 4630/5088/4945
f 4629/879/852 4630/5088/4945 4579/881/854
f 4579/881/854 4630/5088/4945 4580/184/180
f 4579/881/854 4580/184/180 4529/182/178
f 131/5074/806 132/5089/804 243/5075/4932
f 243/5075/4932 132/5089/804 242/5090/4946
f 243/5075/4932 242/5090/4946 5230/5076/4933
f 5230/5076/4933 242/5090/4946 5231/5091/4947
f 5230/5076/4933 5231/5091/4947 5180/5077/4934
f 5180/5077/4934 5231/5091/4947 5181/5092/4948
f 5180/5077/4934 5181/5092/4948 5130/5078/4935
f 5130/5078/4935 5181/5092/4948 5131/5093/4949
f 5130/5078/4935 5131/5093/4949 5080/5079/4936
f 5080/5079/4936 5131/5093/4949 5081/5094/4950
f 5080/5079/4936 5081/5094/4950 5030/5080/4937
f 5030/5080/4937 5081/5094/4950 5031/5095/4951
f 5030/5080/4937 5031/5095/4951 4980/5081/4938
f 4980/5081/4938 5031/5095/4951 4981/5096/4952
f 4980/5081/4938 4981/5096/4952 4930/5082/4939
f 4930/5082/4939 4981/5096/4952 4931/5097/4953
f 4930/5082/4939 4931/5097/4953 4880/5083/4940
f 4880/5083/4940 4931/5097/4953 4881/5098/4954
f 4880/5083/4940 4881/5098/4954 4830/5084/4941
f 4830/5084/4941 4881/5098/4954 4831/5099/4955
f 4830/5084/4941 4831/5099/4955 4780/5085/4942
f 4780/5085/4942 4831/5099/4955 4781/5100/4956
f 4780/5085/4942 4781/5100/4956 4730/5086/4943
f 4730/5086/4943 4781/5100/4956 4731/5101/4957
f 4730/5086/4943 4731/5101/4957 4680/5087/4944
f 4680/5087/4944 4731/5101/4957 4681/5102/4958
f 4680/5087/4944 4681/5102/4958 4630/5088/4945
f 4630/5088/4945 4681/5102/4958 4631/186/182
f 4630/5088/4945 4631/186/182 4580/184/180
f 132/5089/804 133/5103/802 242/5090/4946
f 242/5090/4946 133/5103/802 241/5104/4959
f 242/5090/4946 241/5104/4959 5231/5091/4947
f 5231/5091/4947 241/5104/4959 5232/5105/4960
f 5231/5091/4947 5232/5105/4960 5181/5092/4948
f 5181/5092/4948 5232/5105/4960 5182/5106/4961
f 5181/5092/4948 5182/5106/4961 5131/5093/4949
f 5131/5093/4949 5182/5106/4961 5132/5107/4962
f 5131/5093/4949 5132/5107/4962 5081/5094/4950
f 5081/5094/4950 5132/5107/4962 5082/5108/4963
f 5081/5094/4950 5082/5108/4963 5031/5095/4951
f 5031/5095/4951 5082/5108/4963 5032/5109/4964
f 5031/5095/4951 5032/5109/4964 4981/5096/4952
f 4981/5096/4952 5032/5109/4964 4982/5110/4965
f 4981/5096/4952 4982/5110/4965 4931/5097/4953
f 4931/5097/4953 4982/5110/4965 4932/5111/4966
f 4931/5097/4953 4932/5111/4966 4881/5098/4954
f 4881/5098/4954 4932/5111/4966 4882/5112/4967
f 4881/5098/4954 4882/5112/4967 4831/5099/4955
f 4831/5099/4955 4882/5112/4967 4832/5113/4968
f 4831/5099/4955 4832/5113/4968 4781/5100/4956
f 4781/5100/4956 4832/5113/4968 4782/5114/4969
f 4781/5100/4956 4782/5114/4969 4731/5101/4957
f 4731/5101/4957 4782/5114/4969 4732/5115/4970
f 4731/5101/4957 4732/5115/4970 4681/5102/4958
f 4681/5102/4958 4732/5115/4970 4682/188/184
f 4681/5102/4958 4682/188/184 4631/186/182
f 133/5103/802 134/5116/800 241/5104/4959
f 241/5104/4959 134/5116/800 240/5117/4971
f 241/5104/4959 240/5117/4971 5232/5105/4960
f 5232/5105/4960 240/5117/4971 5233/5118/4972
f 5232/5105/4960 5233/5118/4972 5182/5106/4961
f 5182/5106/4961 5233/5118/4972 5183/5119/4973
f 5182/5106/4961 5183/5119/4973 5132/5107/4962
f 5132/5107/4962 5183/5119/4973 5133/5120/4974
f 5132/5107/4962 5133/5120/4974 5082/5108/4963
f 5082/5108/4963 5133/5120/4974 5083/5121/4975
f 5082/5108/4963 5083/5121/4975 5032/5109/4964
f 5032/5109/4964 5083/5121/4975 5033/5122/4976
f 5032/5109/4964 5033/5122/4976 4982/5110/4965
f 4982/5110/4965 5033/5122/4976 4983/5123/4977
f 4982/5110/4965 4983/5123/4977 4932/5111/4966
f 4932/5111/4966 4983/5123/4977 4933/5124/4978
f 4932/5111/4966 4933/5124/4978 4882/5112/4967
f 4882/5112/4967 4933/5124/4978 4883/5125/4979
f 4882/5112/4967 4883/5125/4979 4832/5113/4968
f 4832/5113/4968 4883/5125/4979 4833/5126/4980
f 4832/5113/4968 4833/5126/4980 4782/5114/4969
f 4782/5114/4969 4833/5126/4980 4783/5127/4981
f 4782/5114/4969 4783/5127/4981 4732/5115/4970
f 4732/5115/4970 4783/5127/4981 4733/190/186
f 4732/5115/4970 4733/190/186 4682/188/184
f 134/5116/800 135/5128/798 240/5117/4971
f 240/5117/4971 135/5128/798 239/5129/4982
f 240/5117/4971 239/5129/4982 5233/5118/4972
f 5233/5118/4972 239/5129/4982 5234/5130/4983
f 5233/5118/4972 5234/5130/4983 5183/5119/4973
f 5183/5119/4973 5234/5130/4983 5184/5131/4984
f 5183/5119/4973 5184/5131/4984 5133/5120/4974
f 5133/5120/4974 5184/5131/4984 5134/5132/4985
f 5133/5120/4974 5134/5132/4985 5083/5121/4975
f 5083/5121/4975 5134/5132/4985 5084/5133/4986
f 5083/5121/4975 5084/5133/4986 5033/5122/4976
f 5033/5122/4976 5084/5133/4986 5034/5134/4987
f 5033/5122/4976 5034/5134/4987 4983/5123/4977
f 4983/5123/4977 5034/5134/4987 4984/5135/4988
f 4983/5123/4977 4984/5135/4988 4933/5124/4978
f 4933/5124/4978 4984/5135/4988 4934/5136/4989
f 4933/5124/4978 4934/5136/4989 4883/5125/4979
f 4883/5125/4979 4934/5136/4989 4884/5137/4990
f 4883/5125/4979 4884/5137/4990 4833/5126/4980
f 4833/5126/4980 4884/5137/4990 4834/5138/4991
f 4833/5126/4980 4834/5138/4991 4783/5127/4981
f 4783/5127/4981 4834/5138/4991 4784/192/188
f 4783/5127/4981 4784/192/188 4733/190/186
f 135/5128/798 136/5139/796 239/5129/4982
f 239/5129/4982 136/5139/796 238/5140/4992
f 239/5129/4982 238/5140/4992 5234/5130/4983
f 5234/5130/4983 238/5140/4992 5235/5141/4993
f 5234/5130/4983 5235/5141/4993 5184/5131/4984
f 5184/5131/4984 5235/5141/4993 5185/5142/4994
f 5184/5131/4984 5185/5142/4994 5134/5132/4985
f 5134/5132/4985 5185/5142/4994 5135/5143/4995
f 5134/5132/4985 5135/5143/4995 5084/5133/4986
f 5084/5133/4986 5135/5143/4995 5085/5144/4996
f 5084/5133/4986 5085/5144/4996 5034/5134/4987
f 5034/5134/4987 5085/5144/4996 5035/5145/4997
f 5034/5134/4987 5035/5145/4997 4984/5135/4988
f 4984/5135/4988 5035/5145/4997 4985/5146/4998
f 4984/5135/4988 4985/5146/4998 4934/5136/4989
f 4934/5136/4989 4985/5146/4998 4935/5147/4999
f 4934/5136/4989 4935/5147/4999 4884/5137/4990
f 4884/5137/4990 4935/5147/4999 4885/5148/5000
f 4884/5137/4990 4885/5148/5000 4834/5138/4991
f 4834/5138/4991 4885/5148/5000 4835/194/190
f 4834/5138/4991 4835/194/190 4784/192/188
f 136/5139/796 137/5149/794 238/5140/4992
f 238/5140/4992 137/5149/794 237/5150/5001
f 238/5140/4992 237/5150/5001 5235/5141/4993
f 5235/5141/4993 237/5150/5001 5236/5151/5002
f 5235/5141/4993 5236/5151/5002 5185/5142/4994
f 5185/5142/4994 5236/5151/5002 5186/5152/5003
f 5185/5142/4994 5186/5152/5003 5135/5143/4995
f 5135/5143/4995 5186/5152/5003 5136/5153/5004
f 5135/5143/4995 5136/5153/5004 5085/5144/4996
f 5085/5144/4996 5136/5153/5004 5086/5154/5005
f 5085/5144/4996 5086/5154/5005 5035/5145/4997
f 5035/5145/4997 5086/5154/5005 5036/5155/5006
f 5035/5145/4997 5036/5155/5006 4985/5146/4998
f 4985/5146/4998 5036/5155/5006 4986/5156/5007
f 4985/5146/4998 4986/5156/5007 4935/5147/4999
f 4935/5147/4999 4986/5156/5007 4936/5157/5008
f 4935/5147/4999 4936/5157/5008 4885/5148/5000
f 4885/5148/5000 4936/5157/5008 4886/196/192
f 4885/5148/5000 4886/196/192 4835/194/190
f 137/5149/794 4/834/793 237/5150/5001
f 237/5150/5001 4/834/793 236/836/812
f 237/5150/5001 236/836/812 5236/5151/5002
f 5236/5151/5002 236/836/812 5237/5158/5009
f 5236/5151/5002 5237/5158/5009 5186/5152/5003
f 5186/5152/5003 5237/5158/5009 5187/5159/5010
f 5186/5152/5003 5187/5159/5010 5136/5153/5004
f 5136/5153/5004 5187/5159/5010 5137/5160/5011
f 5136/5153/5004 5137/5160/5011 5086/5154/5005
f 5086/5154/5005 5137/5160/5011 5087/5161/5012
f 5086/5154/5005 5087/5161/5012 5036/5155/5006
f 5036/5155/5006 5087/5161/5012 5037/5162/5013
f 5036/5155/5006 5037/5162/5013 4986/5156/5007
f 4986/5156/5007 5037/5162/5013 4987/5163/5014
f 4986/5156/5007 4987/5163/5014 4936/5157/5008
f 4936/5157/5008 4987/5163/5014 4937/198/194
f 4936/5157/5008 4937/198/194 4886/196/192
f 138/5164/811 4/816/793 187/5165/5015
f 187/5165/5015 4/816/793 186/818/795
f 187/5165/5015 186/818/795 787/5166/5016
f 787/5166/5016 186/818/795 786/5167/5017
f 787/5166/5016 786/5167/5017 837/5168/5018
f 837/5168/5018 786/5167/5017 836/5169/5019
f 837/5168/5018 836/5169/5019 887/5170/5020
f 887/5170/5020 836/5169/5019 886/5171/5021
f 887/5170/5020 886/5171/5021 937/5172/5022
f 937/5172/5022 886/5171/5021 936/5173/5023
f 937/5172/5022 936/5173/5023 987/5174/5024
f 987/5174/5024 936/5173/5023 986/5175/5025
f 987/5174/5024 986/5175/5025 1037/5176/5026
f 1037/5176/5026 986/5175/5025 1036/5177/5027
f 1037/5176/5026 1036/5177/5027 1087/5178/5028
f 1087/5178/5028 1036/5177/5027 1086/5179/5029
f 1087/5178/5028 1086/5179/5029 1137/5180/5030
f 1137/5180/5030 1086/5179/5029 1136/442/431
f 1137/5180/5030 1136/442/431 1187/440/429
f 139/5181/813 138/5164/811 188/5182/5031
f 188/5182/5031 138/5164/811 187/5165/5015
f 188/5182/5031 187/5165/5015 788/5183/5032
f 788/5183/5032 187/5165/5015 787/5166/5016
f 788/5183/5032 787/5166/5016 838/5184/5033
f 838/5184/5033 787/5166/5016 837/5168/5018
f 838/5184/5033 837/5168/5018 888/5185/5034
f 888/5185/5034 837/5168/5018 887/5170/5020
f 888/5185/5034 887/5170/5020 938/5186/5035
f 938/5186/5035 887/5170/5020 937/5172/5022
f 938/5186/5035 937/5172/5022 988/5187/5036
f 988/5187/5036 937/5172/5022 987/5174/5024
f 988/5187/5036 987/5174/5024 1038/5188/5037
f 1038/5188/5037 987/5174/5024 1037/5176/5026
f 1038/5188/5037 1037/5176/5026 1088/5189/5038
f 1088/5189/5038 1037/5176/5026 1087/5178/5028
f 1088/5189/5038 1087/5178/5028 1138/5190/5039
f 1138/5190/5039 1087/5178/5028 1137/5180/5030
f 1138/5190/5039 1137/5180/5030 1188/5191/5040
f 1188/5191/5040 1137/5180/5030 1187/440/429
f 1188/5191/5040 1187/440/429 1238/438/427
f 140/5192/815 139/5181/813 189/5193/5041
f 189/5193/5041 139/5181/813 188/5182/5031
f 189/5193/5041 188/5182/5031 789/5194/5042
f 789/5194/5042 188/5182/5031 788/5183/5032
f 789/5194/5042 788/5183/5032 839/5195/5043
f 839/5195/5043 788/5183/5032 838/5184/5033
f 839/5195/5043 838/5184/5033 889/5196/5044
f 889/5196/5044 838/5184/5033 888/5185/5034
f 889/5196/5044 888/5185/5034 939/5197/5045
f 939/5197/5045 888/5185/5034 938/5186/5035
f 939/5197/5045 938/5186/5035 989/5198/5046
f 989/5198/5046 938/5186/5035 988/5187/5036
f 989/5198/5046 988/5187/5036 1039/5199/5047
f 1039/5199/5047 988/5187/5036 1038/5188/5037
f 1039/5199/5047 1038/5188/5037 1089/5200/5048
f 1089/5200/5048 1038/5188/5037 1088/5189/5038
f 1089/5200/5048 1088/5189/5038 1139/5201/5049
f 1139/5201/5049 1088/5189/5038 1138/5190/5039
f 1139/5201/5049 1138/5190/5039 1189/5202/5050
f 1189/5202/5050 1138/5190/5039 1188/5191/5040
f 1189/5202/5050 1188/5191/5040 1239/5203/5051
f 1239/5203/5051 1188/5191/5040 1238/438/427
f 1239/5203/5051 1238/438/427 1289/436/425
f 141/5204/817 140/5192/815 190/5205/5052
f 190/5205/5052 140/5192/815 189/5193/5041
f 190/5205/5052 189/5193/5041 790/5206/5053
f 790/5206/5053 189/5193/5041 789/5194/5042
f 790/5206/5053 789/5194/5042 840/5207/5054
f 840/5207/5054 789/5194/5042 839/5195/5043
f 840/5207/5054 839/5195/5043 890/5208/5055
f 890/5208/5055 839/5195/5043 889/5196/5044
f 890/5208/5055 889/5196/5044 940/5209/5056
f 940/5209/5056 889/5196/5044 939/5197/5045
f 940/5209/5056 939/5197/5045 990/5210/5057
f 990/5210/5057 939/5197/5045 989/5198/5046
f 990/5210/5057 989/5198/5046 1040/5211/5058
f 1040/5211/5058 989/5198/5046 1039/5199/5047
f 1040/5211/5058 1039/5199/5047 1090/5212/5059
f 1090/5212/5059 1039/5199/5047 1089/5200/5048
f 1090/5212/5059 1089/5200/5048 1140/5213/5060
f 1140/5213/5060 1089/5200/5048 1139/5201/5049
f 1140/5213/5060 1139/5201/5049 1190/5214/5061
f 1190/5214/5061 1139/5201/5049 1189/5202/5050
f 1190/5214/5061 1189/5202/5050 1240/5215/5062
f 1240/5215/5062 1189/5202/5050 1239/5203/5051
f 1240/5215/5062 1239/5203/5051 1290/5216/5063
f 1290/5216/5063 1239/5203/5051 1289/436/425
f 1290/5216/5063 1289/436/425 1340/434/423
f 142/5217/819 141/5204/817 191/5218/5064
f 191/5218/5064 141/5204/817 190/5205/5052
f 191/5218/5064 190/5205/5052 791/5219/5065
f 791/5219/5065 190/5205/5052 790/5206/5053
f 791/5219/5065 790/5206/5053 841/5220/5066
f 841/5220/5066 790/5206/5053 840/5207/5054
f 841/5220/5066 840/5207/5054 891/5221/5067
f 891/5221/5067 840/5207/5054 890/5208/5055
f 891/5221/5067 890/5208/5055 941/5222/5068
f 941/5222/5068 890/5208/5055 940/5209/5056
f 941/5222/5068 940/5209/5056 991/5223/5069
f 991/5223/5069 940/5209/5056 990/5210/5057
f 991/5223/5069 990/5210/5057 1041/5224/5070
f 1041/5224/5070 990/5210/5057 1040/5211/5058
f 1041/5224/5070 1040/5211/5058 1091/5225/5071
f 1091/5225/5071 1040/5211/5058 1090/5212/5059
f 1091/5225/5071 1090/5212/5059 1141/5226/5072
f 1141/5226/5072 1090/5212/5059 1140/5213/5060
f 1141/5226/5072 1140/5213/5060 1191/5227/5073
f 1191/5227/5073 1140/5213/5060 1190/5214/5061
f 1191/5227/5073 1190/5214/5061 1241/5228/5074
f 1241/5228/5074 1190/5214/5061 1240/5215/5062
f 1241/5228/5074 1240/5215/5062 1291/5229/5075
f 1291/5229/5075 1240/5215/5062 1290/5216/5063
f 1291/5229/5075 1290/5216/5063 1341/5230/5076
f 1341/5230/5076 1290/5216/5063 1340/434/423
f 1341/5230/5076 1340/434/423 1391/432/421
f 143/5231/821 142/5217/819 192/5232/5077
f 192/5232/5077 142/5217/819 191/5218/5064
f 192/5232/5077 191/5218/5064 792/5233/5078
f 792/5233/5078 191/5218/5064 791/5219/5065
f 792/5233/5078 791/5219/5065 842/5234/5079
f 842/5234/5079 791/5219/5065 841/5220/5066
f 842/5234/5079 841/5220/5066 892/5235/5080
f 892/5235/5080 841/5220/5066 891/5221/5067
f 892/5235/5080 891/5221/5067 942/5236/5081
f 942/5236/5081 891/5221/5067 941/5222/5068
f 942/5236/5081 941/5222/5068 992/5237/5082
f 992/5237/5082 941/5222/5068 991/5223/5069
f 992/5237/5082 991/5223/5069 1042/5238/5083
f 1042/5238/5083 991/5223/5069 1041/5224/5070
f 1042/5238/5083 1041/5224/5070 1092/5239/5084
f 1092/5239/5084 1041/5224/5070 1091/5225/5071
f 1092/5239/5084 1091/5225/5071 1142/5240/5085
f 1142/5240/5085 1091/5225/5071 1141/5226/5072
f 1142/5240/5085 1141/5226/5072 1192/5241/5086
f 1192/5241/5086 1141/5226/5072 1191/5227/5073
f 1192/5241/5086 1191/5227/5073 1242/5242/5087
f 1242/5242/5087 1191/5227/5073 1241/5228/5074
f 1242/5242/5087 1241/5228/5074 1292/5243/5088
f 1292/5243/5088 1241/5228/5074 1291/5229/5075
f 1292/5243/5088 1291/5229/5075 1342/5244/5089
f 1342/5244/5089 1291/5229/5075 1341/5230/5076
f 1342/5244/5089 1341/5230/5076 1392/5245/5090
f 1392/5245/5090 1341/5230/5076 1391/432/421
f 1392/5245/5090 1391/432/421 1442/430/419
f 194/784/761 145/782/759 144/5246/823
f 144/5246/823 143/5231/821 193/5247/5091
f 193/5247/5091 143/5231/821 192/5232/5077
f 193/5247/5091 192/5232/5077 793/5248/5092
f 793/5248/5092 192/5232/5077 792/5233/5078
f 793/5248/5092 792/5233/5078 843/5249/5093
f 843/5249/5093 792/5233/5078 842/5234/5079
f 843/5249/5093 842/5234/5079 893/5250/5094
f 893/5250/5094 842/5234/5079 892/5235/5080
f 893/5250/5094 892/5235/5080 943/5251/5095
f 943/5251/5095 892/5235/5080 942/5236/5081
f 943/5251/5095 942/5236/5081 993/5252/5096
f 993/5252/5096 942/5236/5081 992/5237/5082
f 993/5252/5096 992/5237/5082 1043/5253/5097
f 1043/5253/5097 992/5237/5082 1042/5238/5083
f 1043/5253/5097 1042/5238/5083 1093/5254/5098
f 1093/5254/5098 1042/5238/5083 1092/5239/5084
f 1093/5254/5098 1092/5239/5084 1143/5255/5099
f 1143/5255/5099 1092/5239/5084 1142/5240/5085
f 1143/5255/5099 1142/5240/5085 1193/5256/5100
f 1193/5256/5100 1142/5240/5085 1192/5241/5086
f 1193/5256/5100 1192/5241/5086 1243/5257/5101
f 1243/5257/5101 1192/5241/5086 1242/5242/5087
f 1243/5257/5101 1242/5242/5087 1293/5258/5102
f 1293/5258/5102 1242/5242/5087 1292/5243/5088
f 1293/5258/5102 1292/5243/5088 1343/5259/5103
f 1343/5259/5103 1292/5243/5088 1342/5244/5089
f 1343/5259/5103 1342/5244/5089 1393/5260/5104
f 1393/5260/5104 1342/5244/5089 1392/5245/5090
f 1393/5260/5104 1392/5245/5090 1443/5261/5105
f 1443/5261/5105 1392/5245/5090 1442/430/419
f 1443/5261/5105 1442/430/419 1493/428/417
f 154/5262/745 2/752/731 204/5263/5106
f 204/5263/5106 2/752/731 203/754/733
f 204/5263/5106 203/754/733 804/5264/5107
f 804/5264/5107 203/754/733 803/5265/5108
f 804/5264/5107 803/5265/5108 854/5266/5109
f 854/5266/5109 803/5265/5108 853/5267/5110
f 854/5266/5109 853/5267/5110 904/5268/5111
f 904/5268/5111 853/5267/5110 903/5269/5112
f 904/5268/5111 903/5269/5112 954/5270/5113
f 954/5270/5113 903/5269/5112 953/5271/5114
f 954/5270/5113 953/5271/5114 1004/5272/5115
f 1004/5272/5115 953/5271/5114 1003/5273/5116
f 1004/5272/5115 1003/5273/5116 1054/5274/5117
f 1054/5274/5117 1003/5273/5116 1053/231/225
f 1054/5274/5117 1053/231/225 1104/233/227
f 155/5275/747 154/5262/745 205/5276/5118
f 205/5276/5118 154/5262/745 204/5263/5106
f 205/5276/5118 204/5263/5106 805/5277/5119
f 805/5277/5119 204/5263/5106 804/5264/5107
f 805/5277/5119 804/5264/5107 855/5278/5120
f 855/5278/5120 804/5264/5107 854/5266/5109
f 855/5278/5120 854/5266/5109 905/5279/5121
f 905/5279/5121 854/5266/5109 904/5268/5111
f 905/5279/5121 904/5268/5111 955/5280/5122
f 955/5280/5122 904/5268/5111 954/5270/5113
f 955/5280/5122 954/5270/5113 1005/5281/5123
f 1005/5281/5123 954/5270/5113 1004/5272/5115
f 1005/5281/5123 1004/5272/5115 1055/5282/5124
f 1055/5282/5124 1004/5272/5115 1054/5274/5117
f 1055/5282/5124 1054/5274/5117 1105/5283/5125
f 1105/5283/5125 1054/5274/5117 1104/233/227
f 1105/5283/5125 1104/233/227 1155/235/229
f 156/5284/749 155/5275/747 206/5285/5126
f 206/5285/5126 155/5275/747 205/5276/5118
f 206/5285/5126 205/5276/5118 806/5286/5127
f 806/5286/5127 205/5276/5118 805/5277/5119
f 806/5286/5127 805/5277/5119 856/5287/5128
f 856/5287/5128 805/5277/5119 855/5278/5120
f 856/5287/5128 855/5278/5120 906/5288/5129
f 906/5288/5129 855/5278/5120 905/5279/5121
f 906/5288/5129 905/5279/5121 956/5289/5130
f 956/5289/5130 905/5279/5121 955/5280/5122
f 956/5289/5130 955/5280/5122 1006/5290/5131
f 1006/5290/5131 955/5280/5122 1005/5281/5123
f 1006/5290/5131 1005/5281/5123 1056/5291/5132
f 1056/5291/5132 1005/5281/5123 1055/5282/5124
f 1056/5291/5132 1055/5282/5124 1106/5292/5133
f 1106/5292/5133 1055/5282/5124 1105/5283/5125
f 1106/5292/5133 1105/5283/5125 1156/5293/5134
f 1156/5293/5134 1105/5283/5125 1155/235/229
f 1156/5293/5134 1155/235/229 1206/237/231
f 157/5294/751 156/5284/749 207/5295/5135
f 207/5295/5135 156/5284/749 206/5285/5126
f 207/5295/5135 206/5285/5126 807/5296/5136
f 807/5296/5136 206/5285/5126 806/5286/5127
f 807/5296/5136 806/5286/5127 857/5297/5137
f 857/5297/5137 806/5286/5127 856/5287/5128
f 857/5297/5137 856/5287/5128 907/5298/5138
f 907/5298/5138 856/5287/5128 906/5288/5129
f 907/5298/5138 906/5288/5129 957/5299/5139
f 957/5299/5139 906/5288/5129 956/5289/5130
f 957/5299/5139 956/5289/5130 1007/5300/5140
f 1007/5300/5140 956/5289/5130 1006/5290/5131
f 1007/5300/5140 1006/5290/5131 1057/5301/5141
f 1057/5301/5141 1006/5290/5131 1056/5291/5132
f 1057/5301/5141 1056/5291/5132 1107/5302/5142
f 1107/5302/5142 1056/5291/5132 1106/5292/5133
f 1107/5302/5142 1106/5292/5133 1157/5303/5143
f 1157/5303/5143 1106/5292/5133 1156/5293/5134
f 1157/5303/5143 1156/5293/5134 1207/5304/5144
f 1207/5304/5144 1156/5293/5134 1206/237/231
f 1207/5304/5144 1206/237/231 1257/239/233
f 158/5305/753 157/5294/751 208/5306/5145
f 208/5306/5145 157/5294/751 207/5295/5135
f 208/5306/5145 207/5295/5135 808/5307/5146
f 808/5307/5146 207/5295/5135 807/5296/5136
f 808/5307/5146 807/5296/5136 858/5308/5147
f 858/5308/5147 807/5296/5136 857/5297/5137
f 858/5308/5147 857/5297/5137 908/5309/5148
f 908/5309/5148 857/5297/5137 907/5298/5138
f 908/5309/5148 907/5298/5138 958/5310/5149
f 958/5310/5149 907/5298/5138 957/5299/5139
f 958/5310/5149 957/5299/5139 1008/5311/5150
f 1008/5311/5150 957/5299/5139 1007/5300/5140
f 1008/5311/5150 1007/5300/5140 1058/5312/5151
f 1058/5312/5151 1007/5300/5140 1057/5301/5141
f 1058/5312/5151 1057/5301/5141 1108/5313/5152
f 1108/5313/5152 1057/5301/5141 1107/5302/5142
f 1108/5313/5152 1107/5302/5142 1158/5314/5153
f 1158/5314/5153 1107/5302/5142 1157/5303/5143
f 1158/5314/5153 1157/5303/5143 1208/5315/5154
f 1208/5315/5154 1157/5303/5143 1207/5304/5144
f 1208/5315/5154 1207/5304/5144 1258/5316/5155
f 1258/5316/5155 1207/5304/5144 1257/239/233
f 1258/5316/5155 1257/239/233 1308/241/235
f 159/5317/755 158/5305/753 209/5318/5156
f 209/5318/5156 158/5305/753 208/5306/5145
f 209/5318/5156 208/5306/5145 809/5319/5157
f 809/5319/5157 208/5306/5145 808/5307/5146
f 809/5319/5157 808/5307/5146 859/5320/5158
f 859/5320/5158 808/5307/5146 858/5308/5147
f 859/5320/5158 858/5308/5147 909/5321/5159
f 909/5321/5159 858/5308/5147 908/5309/5148
f 909/5321/5159 908/5309/5148 959/5322/5160
f 959/5322/5160 908/5309/5148 958/5310/5149
f 959/5322/5160 958/5310/5149 1009/5323/5161
f 1009/5323/5161 958/5310/5149 1008/5311/5150
f 1009/5323/5161 1008/5311/5150 1059/5324/5162
f 1059/5324/5162 1008/5311/5150 1058/5312/5151
f 1059/5324/5162 1058/5312/5151 1109/5325/5163
f 1109/5325/5163 1058/5312/5151 1108/5313/5152
f 1109/5325/5163 1108/5313/5152 1159/5326/5164
f 1159/5326/5164 1108/5313/5152 1158/5314/5153
f 1159/5326/5164 1158/5314/5153 1209/5327/5165
f 1209/5327/5165 1158/5314/5153 1208/5315/5154
f 1209/5327/5165 1208/5315/5154 1259/5328/5166
f 1259/5328/5166 1208/5315/5154 1258/5316/5155
f 1259/5328/5166 1258/5316/5155 1309/5329/5167
f 1309/5329/5167 1258/5316/5155 1308/241/235
f 1309/5329/5167 1308/241/235 1359/243/237
f 211/4/4 161/2/2 160/5330/757
f 160/5330/757 159/5317/755 210/5331/5168
f 210/5331/5168 159/5317/755 209/5318/5156
f 210/5331/5168 209/5318/5156 810/5332/5169
f 810/5332/5169 209/5318/5156 809/5319/5157
f 810/5332/5169 809/5319/5157 860/5333/5170
f 860/5333/5170 809/5319/5157 859/5320/5158
f 860/5333/5170 859/5320/5158 910/5334/5171
f 910/5334/5171 859/5320/5158 909/5321/5159
f 910/5334/5171 909/5321/5159 960/5335/5172
f 960/5335/5172 909/5321/5159 959/5322/5160
f 960/5335/5172 959/5322/5160 1010/5336/5173
f 1010/5336/5173 959/5322/5160 1009/5323/5161
f 1010/5336/5173 1009/5323/5161 1060/5337/5174
f 1060/5337/5174 1009/5323/5161 1059/5324/5162
f 1060/5337/5174 1059/5324/5162 1110/5338/5175
f 1110/5338/5175 1059/5324/5162 1109/5325/5163
f 1110/5338/5175 1109/5325/5163 1160/5339/5176
f 1160/5339/5176 1109/5325/5163 1159/5326/5164
f 1160/5339/5176 1159/5326/5164 1210/5340/5177
f 1210/5340/5177 1159/5326/5164 1209/5327/5165
f 1210/5340/5177 1209/5327/5165 1260/5341/5178
f 1260/5341/5178 1209/5327/5165 1259/5328/5166
f 1260/5341/5178 1259/5328/5166 1310/5342/5179
f 1310/5342/5179 1259/5328/5166 1309/5329/5167
f 1310/5342/5179 1309/5329/5167 1360/5343/5180
f 1360/5343/5180 1309/5329/5167 1359/243/237
f 1360/5343/5180 1359/243/237 1410/245/239
f 178/458/447 779/456/445 179/832/809
f 179/832/809 779/456/445 780/5344/5181
f 179/832/809 780/5344/5181 180/830/807
f 180/830/807 780/5344/5181 781/5345/5182
f 180/830/807 781/5345/5182 181/828/805
f 181/828/805 781/5345/5182 782/5346/5183
f 181/828/805 782/5346/5183 182/826/803
f 182/826/803 782/5346/5183 783/5347/5184
f 182/826/803 783/5347/5184 183/824/801
f 183/824/801 783/5347/5184 784/5348/5185
f 183/824/801 784/5348/5185 184/822/799
f 184/822/799 784/5348/5185 785/5349/5186
f 184/822/799 785/5349/5186 185/820/797
f 185/820/797 785/5349/5186 786/5167/5017
f 185/820/797 786/5167/5017 186/818/795
f 794/786/763 194/784/761 193/5247/5091
f 193/5247/5091 194/784/761 144/5246/823
f 794/786/763 193/5247/5091 793/5248/5092
f 3/217/210 195/783/760 196/218/212
f 196/218/212 195/783/760 796/5350/5187
f 196/218/212 796/5350/5187 797/220/214
f 797/220/214 796/5350/5187 847/5351/5188
f 797/220/214 847/5351/5188 848/222/216
f 848/222/216 847/5351/5188 898/5352/5189
f 848/222/216 898/5352/5189 899/224/218
f 899/224/218 898/5352/5189 949/5353/5190
f 899/224/218 949/5353/5190 950/226/220
f 950/226/220 949/5353/5190 1000/5354/5191
f 950/226/220 1000/5354/5191 1001/228/222
f 1001/228/222 1000/5354/5191 1051/5355/5192
f 1001/228/222 1051/5355/5192 1052/230/224
f 1052/230/224 1051/5355/5192 1102/5356/5193
f 1052/230/224 1102/5356/5193 1103/232/226
f 1103/232/226 1102/5356/5193 1153/5357/5194
f 1103/232/226 1153/5357/5194 1154/234/228
f 1154/234/228 1153/5357/5194 1204/5358/5195
f 1154/234/228 1204/5358/5195 1205/236/230
f 1205/236/230 1204/5358/5195 1255/5359/5196
f 1205/236/230 1255/5359/5196 1256/238/232
f 1256/238/232 1255/5359/5196 1306/5360/5197
f 1256/238/232 1306/5360/5197 1307/240/234
f 1307/240/234 1306/5360/5197 1357/5361/5198
f 1307/240/234 1357/5361/5198 1358/242/236
f 1358/242/236 1357/5361/5198 1408/5362/5199
f 1358/242/236 1408/5362/5199 1409/244/238
f 1409/244/238 1408/5362/5199 1459/5363/5200
f 1409/244/238 1459/5363/5200 1460/246/240
f 1460/246/240 1459/5363/5200 1510/5364/5201
f 1460/246/240 1510/5364/5201 1511/34/34
f 1511/34/34 1510/5364/5201 662/36/36
f 796/5350/5187 195/783/760 795/785/762
f 197/219/213 798/221/215 198/764/743
f 198/764/743 798/221/215 799/5365/5202
f 198/764/743 799/5365/5202 199/762/741
f 199/762/741 799/5365/5202 800/5366/5203
f 199/762/741 800/5366/5203 200/760/739
f 200/760/739 800/5366/5203 801/5367/5204
f 200/760/739 801/5367/5204 201/758/737
f 201/758/737 801/5367/5204 802/5368/5205
f 201/758/737 802/5368/5205 202/756/735
f 202/756/735 802/5368/5205 803/5265/5108
f 202/756/735 803/5265/5108 203/754/733
f 811/6/6 211/4/4 210/5331/5168
f 210/5331/5168 211/4/4 160/5330/757
f 811/6/6 210/5331/5168 810/5332/5169
f 229/212/208 5243/210/206 230/848/824
f 230/848/824 5243/210/206 5242/5369/5206
f 230/848/824 5242/5369/5206 231/846/822
f 231/846/822 5242/5369/5206 5241/5370/5207
f 231/846/822 5241/5370/5207 232/844/820
f 232/844/820 5241/5370/5207 5240/5371/5208
f 232/844/820 5240/5371/5208 233/842/818
f 233/842/818 5240/5371/5208 5239/5372/5209
f 233/842/818 5239/5372/5209 234/840/816
f 234/840/816 5239/5372/5209 5238/5373/5210
f 234/840/816 5238/5373/5210 235/838/814
f 235/838/814 5238/5373/5210 5237/5158/5009
f 235/838/814 5237/5158/5009 236/836/812
f 129/463/449 246/5073/4931 247/464/451
f 247/464/451 246/5073/4931 5226/5374/5211
f 247/464/451 5226/5374/5211 5225/466/453
f 5225/466/453 5226/5374/5211 5175/5375/5212
f 5225/466/453 5175/5375/5212 5174/468/455
f 5174/468/455 5175/5375/5212 5124/5376/5213
f 5174/468/455 5124/5376/5213 5123/470/457
f 5123/470/457 5124/5376/5213 5073/5377/5214
f 5123/470/457 5073/5377/5214 5072/472/459
f 5072/472/459 5073/5377/5214 5022/5378/5215
f 5072/472/459 5022/5378/5215 5021/474/461
f 5021/474/461 5022/5378/5215 4971/5379/5216
f 5021/474/461 4971/5379/5216 4970/476/463
f 4970/476/463 4971/5379/5216 4920/5380/5217
f 4970/476/463 4920/5380/5217 4919/478/465
f 4919/478/465 4920/5380/5217 4869/5381/5218
f 4919/478/465 4869/5381/5218 4868/480/467
f 4868/480/467 4869/5381/5218 4818/5382/5219
f 4868/480/467 4818/5382/5219 4817/482/469
f 4817/482/469 4818/5382/5219 4767/5383/5220
f 4817/482/469 4767/5383/5220 4766/484/471
f 4766/484/471 4767/5383/5220 4716/5384/5221
f 4766/484/471 4716/5384/5221 4715/486/473
f 4715/486/473 4716/5384/5221 4665/5385/5222
f 4715/486/473 4665/5385/5222 4664/488/475
f 4664/488/475 4665/5385/5222 4614/5386/5223
f 4664/488/475 4614/5386/5223 4613/490/477
f 4613/490/477 4614/5386/5223 4563/5387/5224
f 4613/490/477 4563/5387/5224 4562/278/271
f 4562/278/271 4563/5387/5224 4512/280/273
f 5226/5374/5211 246/5073/4931 5227/3591/3494
f 248/465/452 5224/467/454 249/909/880
f 249/909/880 5224/467/454 5223/5388/5225
f 249/909/880 5223/5388/5225 250/907/878
f 250/907/878 5223/5388/5225 5222/5389/5226
f 250/907/878 5222/5389/5226 251/905/876
f 251/905/876 5222/5389/5226 5221/5390/5227
f 251/905/876 5221/5390/5227 252/903/874
f 252/903/874 5221/5390/5227 5220/5069/4927
f 252/903/874 5220/5069/4927 253/901/872
f 4513/3577/3480 312/282/275 4512/280/273
f 761/38/38 662/36/36 663/2516/2443
f 663/2516/2443 662/36/36 1510/5364/5201
f 663/2516/2443 1510/5364/5201 1509/2518/2445
f 1509/2518/2445 1510/5364/5201 1459/5363/5200
f 1509/2518/2445 1459/5363/5200 1458/2520/2447
f 1458/2520/2447 1459/5363/5200 1408/5362/5199
f 1458/2520/2447 1408/5362/5199 1407/2522/2449
f 1407/2522/2449 1408/5362/5199 1357/5361/5198
f 1407/2522/2449 1357/5361/5198 1356/2524/2451
f 1356/2524/2451 1357/5361/5198 1306/5360/5197
f 1356/2524/2451 1306/5360/5197 1305/2526/2453
f 1305/2526/2453 1306/5360/5197 1255/5359/5196
f 1305/2526/2453 1255/5359/5196 1254/2528/2455
f 1254/2528/2455 1255/5359/5196 1204/5358/5195
f 1254/2528/2455 1204/5358/5195 1203/2530/2457
f 1203/2530/2457 1204/5358/5195 1153/5357/5194
f 1203/2530/2457 1153/5357/5194 1152/2532/2459
f 1152/2532/2459 1153/5357/5194 1102/5356/5193
f 1152/2532/2459 1102/5356/5193 1101/2534/2461
f 1101/2534/2461 1102/5356/5193 1051/5355/5192
f 1101/2534/2461 1051/5355/5192 1050/2536/2463
f 1050/2536/2463 1051/5355/5192 1000/5354/5191
f 1050/2536/2463 1000/5354/5191 999/2538/2465
f 999/2538/2465 1000/5354/5191 949/5353/5190
f 999/2538/2465 949/5353/5190 948/2540/2467
f 948/2540/2467 949/5353/5190 898/5352/5189
f 948/2540/2467 898/5352/5189 897/2542/2469
f 897/2542/2469 898/5352/5189 847/5351/5188
f 897/2542/2469 847/5351/5188 846/2544/2471
f 846/2544/2471 847/5351/5188 796/5350/5187
f 846/2544/2471 796/5350/5187 795/785/762
f 1493/428/417 679/426/415 1494/814/791
f 779/456/445 830/454/443 780/5344/5181
f 780/5344/5181 830/454/443 831/5391/5228
f 780/5344/5181 831/5391/5228 781/5345/5182
f 781/5345/5182 831/5391/5228 832/5392/5229
f 781/5345/5182 832/5392/5229 782/5346/5183
f 782/5346/5183 832/5392/5229 833/5393/5230
f 782/5346/5183 833/5393/5230 783/5347/5184
f 783/5347/5184 833/5393/5230 834/5394/5231
f 783/5347/5184 834/5394/5231 784/5348/5185
f 784/5348/5185 834/5394/5231 835/5395/5232
f 784/5348/5185 835/5395/5232 785/5349/5186
f 785/5349/5186 835/5395/5232 836/5169/5019
f 785/5349/5186 836/5169/5019 786/5167/5017
f 844/788/765 794/786/763 793/5248/5092
f 844/788/765 793/5248/5092 843/5249/5093
f 798/221/215 849/223/217 799/5365/5202
f 799/5365/5202 849/223/217 850/5396/5233
f 799/5365/5202 850/5396/5233 800/5366/5203
f 800/5366/5203 850/5396/5233 851/5397/5234
f 800/5366/5203 851/5397/5234 801/5367/5204
f 801/5367/5204 851/5397/5234 852/5398/5235
f 801/5367/5204 852/5398/5235 802/5368/5205
f 802/5368/5205 852/5398/5235 853/5267/5110
f 802/5368/5205 853/5267/5110 803/5265/5108
f 861/8/8 811/6/6 810/5332/5169
f 861/8/8 810/5332/5169 860/5333/5170
f 830/454/443 881/452/441 831/5391/5228
f 831/5391/5228 881/452/441 882/5399/5236
f 831/5391/5228 882/5399/5236 832/5392/5229
f 832/5392/5229 882/5399/5236 883/5400/5237
f 832/5392/5229 883/5400/5237 833/5393/5230
f 833/5393/5230 883/5400/5237 884/5401/5238
f 833/5393/5230 884/5401/5238 834/5394/5231
f 834/5394/5231 884/5401/5238 885/5402/5239
f 834/5394/5231 885/5402/5239 835/5395/5232
f 835/5395/5232 885/5402/5239 886/5171/5021
f 835/5395/5232 886/5171/5021 836/5169/5019
f 894/790/767 844/788/765 843/5249/5093
f 894/790/767 843/5249/5093 893/5250/5094
f 849/223/217 900/225/219 850/5396/5233
f 850/5396/5233 900/225/219 901/5403/5240
f 850/5396/5233 901/5403/5240 851/5397/5234
f 851/5397/5234 901/5403/5240 902/5404/5241
f 851/5397/5234 902/5404/5241 852/5398/5235
f 852/5398/5235 902/5404/5241 903/5269/5112
f 852/5398/5235 903/5269/5112 853/5267/5110
f 911/10/10 861/8/8 860/5333/5170
f 911/10/10 860/5333/5170 910/5334/5171
f 881/452/441 932/450/439 882/5399/5236
f 882/5399/5236 932/450/439 933/5405/5242
f 882/5399/5236 933/5405/5242 883/5400/5237
f 883/5400/5237 933/5405/5242 934/5406/5243
f 883/5400/5237 934/5406/5243 884/5401/5238
f 884/5401/5238 934/5406/5243 935/5407/5244
f 884/5401/5238 935/5407/5244 885/5402/5239
f 885/5402/5239 935/5407/5244 936/5173/5023
f 885/5402/5239 936/5173/5023 886/5171/5021
f 944/792/769 894/790/767 893/5250/5094
f 944/792/769 893/5250/5094 943/5251/5095
f 900/225/219 951/227/221 901/5403/5240
f 901/5403/5240 951/227/221 952/5408/5245
f 901/5403/5240 952/5408/5245 902/5404/5241
f 902/5404/5241 952/5408/5245 953/5271/5114
f 902/5404/5241 953/5271/5114 903/5269/5112
f 961/12/12 911/10/10 910/5334/5171
f 961/12/12 910/5334/5171 960/5335/5172
f 932/450/439 983/448/437 933/5405/5242
f 933/5405/5242 983/448/437 984/5409/5246
f 933/5405/5242 984/5409/5246 934/5406/5243
f 934/5406/5243 984/5409/5246 985/5410/5247
f 934/5406/5243 985/5410/5247 935/5407/5244
f 935/5407/5244 985/5410/5247 986/5175/5025
f 935/5407/5244 986/5175/5025 936/5173/5023
f 994/794/771 944/792/769 943/5251/5095
f 994/794/771 943/5251/5095 993/5252/5096
f 1003/5273/5116 953/5271/5114 952/5408/5245
f 1003/5273/5116 952/5408/5245 1002/229/223
f 1002/229/223 952/5408/5245 951/227/221
f 1011/14/14 961/12/12 960/5335/5172
f 1011/14/14 960/5335/5172 1010/5336/5173
f 983/448/437 1034/446/435 984/5409/5246
f 984/5409/5246 1034/446/435 1035/5411/5248
f 984/5409/5246 1035/5411/5248 985/5410/5247
f 985/5410/5247 1035/5411/5248 1036/5177/5027
f 985/5410/5247 1036/5177/5027 986/5175/5025
f 1044/796/773 994/794/771 993/5252/5096
f 1044/796/773 993/5252/5096 1043/5253/5097
f 1053/231/225 1003/5273/5116 1002/229/223
f 1061/16/16 1011/14/14 1010/5336/5173
f 1061/16/16 1010/5336/5173 1060/5337/5174
f 1086/5179/5029 1036/5177/5027 1035/5411/5248
f 1086/5179/5029 1035/5411/5248 1085/444/433
f 1085/444/433 1035/5411/5248 1034/446/435
f 1094/798/775 1044/796/773 1043/5253/5097
f 1094/798/775 1043/5253/5097 1093/5254/5098
f 1111/18/18 1061/16/16 1060/5337/5174
f 1111/18/18 1060/5337/5174 1110/5338/5175
f 1136/442/431 1086/5179/5029 1085/444/433
f 1144/800/777 1094/798/775 1093/5254/5098
f 1144/800/777 1093/5254/5098 1143/5255/5099
f 1161/20/20 1111/18/18 1110/5338/5175
f 1161/20/20 1110/5338/5175 1160/5339/5176
f 1194/802/779 1144/800/777 1143/5255/5099
f 1194/802/779 1143/5255/5099 1193/5256/5100
f 1211/22/22 1161/20/20 1160/5339/5176
f 1211/22/22 1160/5339/5176 1210/5340/5177
f 1244/804/781 1194/802/779 1193/5256/5100
f 1244/804/781 1193/5256/5100 1243/5257/5101
f 1261/24/24 1211/22/22 1210/5340/5177
f 1261/24/24 1210/5340/5177 1260/5341/5178
f 1294/806/783 1244/804/781 1243/5257/5101
f 1294/806/783 1243/5257/5101 1293/5258/5102
f 1311/26/26 1261/24/24 1260/5341/5178
f 1311/26/26 1260/5341/5178 1310/5342/5179
f 1344/808/785 1294/806/783 1293/5258/5102
f 1344/808/785 1293/5258/5102 1343/5259/5103
f 1361/28/28 1311/26/26 1310/5342/5179
f 1361/28/28 1310/5342/5179 1360/5343/5180
f 1394/810/787 1344/808/785 1343/5259/5103
f 1394/810/787 1343/5259/5103 1393/5260/5104
f 1411/30/30 1361/28/28 1360/5343/5180
f 1411/30/30 1360/5343/5180 1410/245/239
f 1444/812/789 1394/810/787 1393/5260/5104
f 1444/812/789 1393/5260/5104 1443/5261/5105
f 1461/32/32 1411/30/30 1410/245/239
f 1494/814/791 1444/812/789 1443/5261/5105
f 1494/814/791 1443/5261/5105 1493/428/417
f 4564/3578/3481 4513/3577/3480 4563/5387/5224
f 4563/5387/5224 4513/3577/3480 4512/280/273
f 4615/3579/3482 4564/3578/3481 4614/5386/5223
f 4614/5386/5223 4564/3578/3481 4563/5387/5224
f 4666/3580/3483 4615/3579/3482 4665/5385/5222
f 4665/5385/5222 4615/3579/3482 4614/5386/5223
f 4717/3581/3484 4666/3580/3483 4716/5384/5221
f 4716/5384/5221 4666/3580/3483 4665/5385/5222
f 4768/3582/3485 4717/3581/3484 4767/5383/5220
f 4767/5383/5220 4717/3581/3484 4716/5384/5221
f 4819/3583/3486 4768/3582/3485 4818/5382/5219
f 4818/5382/5219 4768/3582/3485 4767/5383/5220
f 4870/3584/3487 4819/3583/3486 4869/5381/5218
f 4869/5381/5218 4819/3583/3486 4818/5382/5219
f 4921/3585/3488 4870/3584/3487 4920/5380/5217
f 4920/5380/5217 4870/3584/3487 4869/5381/5218
f 4972/3586/3489 4921/3585/3488 4971/5379/5216
f 4971/5379/5216 4921/3585/3488 4920/5380/5217
f 4988/200/196 4937/198/194 4987/5163/5014
f 5023/3587/3490 4972/3586/3489 5022/5378/5215
f 5022/5378/5215 4972/3586/3489 4971/5379/5216
f 4988/200/196 4987/5163/5014 5038/5412/5249
f 5038/5412/5249 4987/5163/5014 5037/5162/5013
f 5038/5412/5249 5037/5162/5013 5088/5413/5250
f 5088/5413/5250 5037/5162/5013 5087/5161/5012
f 5088/5413/5250 5087/5161/5012 5138/5414/5251
f 5138/5414/5251 5087/5161/5012 5137/5160/5011
f 5138/5414/5251 5137/5160/5011 5188/5415/5252
f 5188/5415/5252 5137/5160/5011 5187/5159/5010
f 5188/5415/5252 5187/5159/5010 5238/5373/5210
f 5238/5373/5210 5187/5159/5010 5237/5158/5009
f 5071/473/460 5020/475/462 5070/5072/4930
f 5074/3588/3491 5023/3587/3490 5073/5377/5214
f 5073/5377/5214 5023/3587/3490 5022/5378/5215
f 4988/200/196 5038/5412/5249 5039/202/198
f 5039/202/198 5038/5412/5249 5089/5416/5253
f 5039/202/198 5089/5416/5253 5090/204/200
f 5090/204/200 5089/5416/5253 5140/5417/5254
f 5090/204/200 5140/5417/5254 5141/206/202
f 5141/206/202 5140/5417/5254 5191/5418/5255
f 5141/206/202 5191/5418/5255 5192/208/204
f 5192/208/204 5191/5418/5255 5242/5369/5206
f 5192/208/204 5242/5369/5206 5243/210/206
f 5089/5416/5253 5038/5412/5249 5088/5413/5250
f 5071/473/460 5070/5072/4930 5121/5419/5256
f 5121/5419/5256 5070/5072/4930 5120/5071/4929
f 5121/5419/5256 5120/5071/4929 5171/5420/5257
f 5171/5420/5257 5120/5071/4929 5170/5070/4928
f 5171/5420/5257 5170/5070/4928 5221/5390/5227
f 5221/5390/5227 5170/5070/4928 5220/5069/4927
f 5125/3589/3492 5074/3588/3491 5124/5376/5213
f 5124/5376/5213 5074/3588/3491 5073/5377/5214
f 5089/5416/5253 5088/5413/5250 5139/5421/5258
f 5139/5421/5258 5088/5413/5250 5138/5414/5251
f 5139/5421/5258 5138/5414/5251 5189/5422/5259
f 5189/5422/5259 5138/5414/5251 5188/5415/5252
f 5189/5422/5259 5188/5415/5252 5239/5372/5209
f 5239/5372/5209 5188/5415/5252 5238/5373/5210
f 5071/473/460 5121/5419/5256 5122/471/458
f 5122/471/458 5121/5419/5256 5172/5423/5260
f 5122/471/458 5172/5423/5260 5173/469/456
f 5173/469/456 5172/5423/5260 5223/5388/5225
f 5173/469/456 5223/5388/5225 5224/467/454
f 5172/5423/5260 5121/5419/5256 5171/5420/5257
f 5176/3590/3493 5125/3589/3492 5175/5375/5212
f 5175/5375/5212 5125/3589/3492 5124/5376/5213
f 5089/5416/5253 5139/5421/5258 5140/5417/5254
f 5140/5417/5254 5139/5421/5258 5190/5424/5261
f 5140/5417/5254 5190/5424/5261 5191/5418/5255
f 5191/5418/5255 5190/5424/5261 5241/5370/5207
f 5191/5418/5255 5241/5370/5207 5242/5369/5206
f 5190/5424/5261 5139/5421/5258 5189/5422/5259
f 5221/5390/5227 5222/5389/5226 5171/5420/5257
f 5171/5420/5257 5222/5389/5226 5172/5423/5260
f 5222/5389/5226 5223/5388/5225 5172/5423/5260
f 5227/3591/3494 5176/3590/3493 5226/5374/5211
f 5226/5374/5211 5176/3590/3493 5175/5375/5212
f 5239/5372/5209 5240/5371/5208 5189/5422/5259
f 5189/5422/5259 5240/5371/5208 5190/5424/5261
f 5240/5371/5208 5241/5370/5207 5190/5424/5261
# 5261 vertices
# 5424 texture params
# 5261 normals
# 10522 facets

# 1 groups
