# Blender 5.1.1
# www.blender.org
mtllib L4.mtl
o Link4
v -0.021052 -0.021387 -0.030003
v -0.021220 -0.021220 -0.024310
v -0.021904 -0.021682 -0.023831
v -0.022666 -0.022000 -0.023297
v -0.023273 -0.022130 -0.022713
v -0.023891 -0.022174 -0.022226
v -0.024509 -0.022130 -0.021847
v -0.025115 -0.022000 -0.021582
v -0.026176 -0.021504 -0.020839
v -0.026643 -0.021150 -0.020511
v -0.027057 -0.020734 -0.020221
v -0.027409 -0.020265 -0.019975
v -0.027691 -0.019751 -0.019777
v -0.027898 -0.019202 -0.019632
v -0.028027 -0.018630 -0.019541
v -0.028075 -0.018045 -0.019508
v -0.028040 -0.017459 -0.019533
v -0.027923 -0.016884 -0.019614
v -0.027728 -0.016331 -0.019751
v -0.027456 -0.015811 -0.019941
v -0.027115 -0.015334 -0.020180
v -0.026711 -0.014909 -0.020464
v -0.026250 -0.014546 -0.020786
v -0.026437 -0.014208 -0.030002
v -0.027310 -0.014935 -0.030001
v -0.027973 -0.015859 -0.030001
v -0.028383 -0.016918 -0.030001
v -0.028514 -0.018047 -0.030001
v -0.028359 -0.019173 -0.030001
v -0.027927 -0.020224 -0.030001
v -0.027245 -0.021133 -0.030001
v -0.026357 -0.021842 -0.030002
v -0.025320 -0.022307 -0.030002
v -0.024199 -0.022496 -0.030002
v -0.023067 -0.022399 -0.030002
v -0.021995 -0.022021 -0.030003
v -0.021055 -0.021387 -0.042003
v -0.026440 -0.014208 -0.042002
v -0.025542 -0.013766 -0.043002
v -0.026539 -0.014273 -0.043002
v -0.027380 -0.015010 -0.043001
v -0.028014 -0.015931 -0.043001
v -0.028401 -0.016980 -0.043001
v -0.028517 -0.018093 -0.043001
v -0.028355 -0.019199 -0.043001
v -0.027925 -0.020232 -0.043001
v -0.027254 -0.021126 -0.043001
v -0.026384 -0.021828 -0.043002
v -0.025367 -0.022293 -0.043002
v -0.024266 -0.022493 -0.043002
v -0.023151 -0.022416 -0.043002
v -0.022089 -0.022065 -0.043003
v -0.021146 -0.021464 -0.043003
v -0.020380 -0.020649 -0.043003
v -0.027578 -0.009024 -0.043001
v -0.028741 -0.003996 -0.043001
v -0.028995 0.001159 -0.043001
v -0.028330 0.006277 -0.043001
v -0.026769 0.011196 -0.043002
v -0.027666 0.011803 -0.043001
v -0.028392 0.012606 -0.043001
v -0.028905 0.013559 -0.043001
v -0.029176 0.014608 -0.043001
v -0.029188 0.015690 -0.043001
v -0.028942 0.016745 -0.043001
v -0.028450 0.017710 -0.043001
v -0.027743 0.018529 -0.043001
v -0.026860 0.019156 -0.043001
v -0.025853 0.019554 -0.043002
v -0.025853 0.018900 -0.043002
v -0.024810 0.017900 -0.043002
v -0.020465 0.017900 -0.043003
v -0.018465 0.018300 -0.043004
v 0.014131 0.018300 -0.043011
v 0.016960 0.019052 -0.043012
v 0.019699 0.019300 -0.043013
v 0.019699 0.021266 -0.043013
v 0.023724 0.016653 -0.043014
v 0.026691 0.011298 -0.043014
v 0.028467 0.005440 -0.043015
v 0.028975 -0.000661 -0.043015
v 0.028190 -0.006732 -0.043015
v 0.026148 -0.012503 -0.043014
v 0.022941 -0.017718 -0.043014
v 0.018710 -0.022142 -0.043013
v 0.013644 -0.025580 -0.043011
v 0.007970 -0.027878 -0.043010
v 0.001940 -0.028934 -0.043008
v -0.004177 -0.028700 -0.043007
v -0.010109 -0.027187 -0.043006
v -0.015592 -0.024463 -0.043004
v -0.028550 -0.009270 -0.042001
v -0.029745 -0.004034 -0.042001
v -0.029988 0.001330 -0.042001
v -0.029271 0.006652 -0.042001
v -0.027616 0.011760 -0.042001
v 0.020379 0.021999 -0.042013
v 0.024311 0.017553 -0.042014
v 0.027291 0.012419 -0.042015
v 0.029202 0.006798 -0.042015
v 0.029969 0.000912 -0.042015
v 0.029561 -0.005010 -0.042015
v 0.027995 -0.010736 -0.042015
v 0.025333 -0.016042 -0.042014
v 0.021678 -0.020719 -0.042013
v 0.017174 -0.024586 -0.042012
v 0.011996 -0.027489 -0.042011
v 0.006348 -0.029317 -0.042010
v 0.000451 -0.029996 -0.042008
v -0.005464 -0.029501 -0.042007
v -0.011166 -0.027851 -0.042005
v -0.016432 -0.025111 -0.042004
v -0.041893 -0.022000 -0.009828
v -0.041893 -0.010000 -0.009828
v -0.031369 -0.010000 -0.017200
v -0.031369 -0.010382 -0.017200
v -0.030762 -0.010400 -0.017626
v -0.028339 -0.010400 -0.019323
v -0.028482 -0.010000 -0.019223
v -0.028296 -0.010000 -0.019353
v -0.024232 0.017704 -0.022200
v -0.022949 0.019340 -0.030002
v -0.024065 0.019653 -0.030002
v -0.025225 0.019671 -0.030002
v -0.026351 0.019391 -0.030002
v -0.027368 0.018833 -0.030001
v -0.028208 0.018033 -0.030001
v -0.028816 0.017045 -0.030001
v -0.029152 0.015934 -0.030001
v -0.029192 0.014775 -0.030001
v -0.028934 0.013644 -0.030001
v -0.028396 0.012616 -0.030001
v -0.027614 0.011760 -0.030001
v -0.026522 0.014045 -0.020596
v -0.026654 0.014340 -0.020504
v -0.026746 0.014650 -0.020439
v -0.026797 0.014969 -0.020403
v -0.026807 0.015291 -0.020397
v -0.026773 0.015612 -0.020420
v -0.026699 0.015927 -0.020472
v -0.026584 0.016229 -0.020553
v -0.026430 0.016514 -0.020660
v -0.026241 0.016777 -0.020793
v -0.026018 0.017014 -0.020949
v -0.025490 0.017395 -0.021319
v -0.024881 0.017630 -0.021745
v -0.022949 0.019340 -0.033208
v -0.024383 0.019688 -0.038045
v -0.028296 0.010000 -0.019353
v -0.028482 0.010000 -0.019223
v -0.028339 0.010400 -0.019323
v -0.030762 0.010400 -0.017626
v -0.031369 0.010382 -0.017200
v -0.031369 0.010000 -0.017200
v -0.041893 0.010000 -0.009828
v -0.041893 0.022000 -0.009828
v -0.020468 0.022000 -0.024837
v -0.020468 0.021946 -0.024837
v 0.019699 0.022611 -0.042013
v 0.017399 0.024426 -0.042182
v 0.014982 0.025981 -0.042734
v 0.014997 0.025981 0.018925
v 0.014997 0.025981 0.018925
v 0.014975 0.025993 0.018948
v 0.014956 0.026004 0.018960
v 0.014935 0.026016 0.018970
v 0.014889 0.026043 0.018984
v 0.014834 0.026074 0.018988
v 0.010621 0.028056 0.018989
v 0.009997 0.028284 0.018638
v 0.007082 0.029151 0.017172
v 0.004032 0.029727 0.015884
v 0.000872 0.029987 0.014744
v -0.002359 0.029907 0.013729
v -0.005586 0.029476 0.012828
v -0.008772 0.028690 0.012027
v -0.011881 0.027549 0.011306
v -0.014855 0.026067 0.010657
v -0.014431 0.026304 0.004199
v -0.016927 0.024771 0.016483
v -0.019262 0.023000 0.027972
v -0.019264 0.023000 0.020263
v -0.022594 0.019738 0.022236
v -0.025379 0.016000 0.025019
v -0.027226 0.012605 0.020284
v -0.028622 0.009000 0.015542
v -0.028630 0.009000 -0.017898
v -0.028630 -0.009000 -0.017898
v -0.028622 -0.009000 0.015542
v -0.027226 -0.012605 0.020284
v -0.025379 -0.016000 0.025019
v -0.022594 -0.019738 0.022236
v -0.019264 -0.023000 0.020263
v -0.019262 -0.023000 0.027972
v -0.016926 -0.024772 0.016475
v -0.014428 -0.026306 0.004182
v -0.014071 -0.026499 0.001622
v -0.014027 -0.026523 -0.000878
v -0.014292 -0.026382 -0.003427
v -0.014874 -0.026058 -0.005969
v -0.017142 -0.024627 -0.013620
v -0.019274 -0.023000 -0.020810
v -0.020468 -0.021946 -0.024837
v -0.028526 -0.009335 -0.035001
v -0.029641 -0.004727 -0.035001
v -0.030016 0.000000 -0.035001
v -0.029641 0.004727 -0.035001
v -0.028526 0.009335 -0.035001
v -0.028524 0.009335 -0.023401
v -0.028865 0.008219 -0.023401
v -0.029163 0.007089 -0.023401
v -0.029417 0.005950 -0.023401
v -0.029417 0.005950 -0.022401
v -0.029390 0.006080 -0.022401
v -0.029363 0.006211 -0.022401
v -0.029335 0.006341 -0.022401
v -0.029334 0.006341 -0.018201
v -0.029362 0.006211 -0.018201
v -0.029389 0.006080 -0.018201
v -0.029416 0.005950 -0.018201
v -0.029416 0.005950 -0.017201
v -0.029604 0.004927 -0.017201
v -0.029757 0.003899 -0.017201
v -0.029874 0.002866 -0.017201
v -0.029868 0.002866 0.010699
v -0.029521 0.005360 0.013199
v -0.029485 0.005557 0.013199
v -0.029447 0.005753 0.013199
v -0.029408 0.005950 0.013199
v -0.029408 0.005950 0.014199
v -0.029381 0.006080 0.014199
v -0.029354 0.006211 0.014199
v -0.029326 0.006341 0.014199
v -0.029325 0.006341 0.018399
v -0.029353 0.006211 0.018399
v -0.029380 0.006080 0.018399
v -0.029407 0.005950 0.018399
v -0.029407 0.005950 0.019399
v -0.029153 0.007089 0.019399
v -0.028855 0.008219 0.019399
v -0.028513 0.009335 0.019399
v -0.028511 0.009335 0.030599
v -0.025949 0.015054 0.030598
v -0.022256 0.020117 0.030597
v -0.017591 0.024302 0.030596
v -0.012158 0.027426 0.030595
v -0.006195 0.029353 0.030593
v 0.000038 0.030000 0.030592
v 0.006269 0.029338 0.030590
v 0.012227 0.027395 0.030589
v 0.017652 0.024257 0.030588
v 0.022306 0.020061 0.030587
v 0.025987 0.014989 0.030586
v 0.028534 0.009263 0.030585
v 0.029836 0.003133 0.030585
v 0.029836 -0.003133 0.030585
v 0.028534 -0.009263 0.030585
v 0.025987 -0.014989 0.030586
v 0.022306 -0.020061 0.030587
v 0.017652 -0.024257 0.030588
v 0.012227 -0.027395 0.030589
v 0.006269 -0.029338 0.030590
v 0.000038 -0.030000 0.030592
v -0.006195 -0.029353 0.030593
v -0.012158 -0.027426 0.030595
v -0.017591 -0.024302 0.030596
v -0.022256 -0.020117 0.030597
v -0.025949 -0.015054 0.030598
v -0.028511 -0.009335 0.030599
v -0.028513 -0.009335 0.019399
v -0.028855 -0.008219 0.019399
v -0.029153 -0.007089 0.019399
v -0.029407 -0.005950 0.019399
v -0.029407 -0.005950 0.018399
v -0.029380 -0.006080 0.018399
v -0.029353 -0.006211 0.018399
v -0.029325 -0.006341 0.018399
v -0.029326 -0.006341 0.014199
v -0.029354 -0.006211 0.014199
v -0.029381 -0.006080 0.014199
v -0.029408 -0.005950 0.014199
v -0.029408 -0.005950 0.013199
v -0.029447 -0.005753 0.013199
v -0.029485 -0.005557 0.013199
v -0.029521 -0.005360 0.013199
v -0.029868 -0.002866 0.010699
v -0.029874 -0.002866 -0.017201
v -0.029757 -0.003899 -0.017201
v -0.029604 -0.004927 -0.017201
v -0.029416 -0.005950 -0.017201
v -0.029416 -0.005950 -0.018201
v -0.029389 -0.006080 -0.018201
v -0.029362 -0.006211 -0.018201
v -0.029334 -0.006341 -0.018201
v -0.029335 -0.006341 -0.022401
v -0.029363 -0.006211 -0.022401
v -0.029390 -0.006080 -0.022401
v -0.029417 -0.005950 -0.022401
v -0.029417 -0.005950 -0.023401
v -0.029163 -0.007089 -0.023401
v -0.028865 -0.008219 -0.023401
v -0.028524 -0.009335 -0.023401
v -0.013616 0.027664 0.004758
v -0.014428 0.026309 0.004182
v -0.014243 0.026812 0.007750
v -0.032307 0.018900 -0.064771
v -0.031349 0.017900 -0.065056
v -0.042565 0.018900 -0.083426
v -0.041812 0.017900 -0.084083
v -0.037426 0.017900 -0.078263
v -0.033914 0.017900 -0.071877
v -0.034822 0.018900 -0.071459
v -0.038265 0.018900 -0.077720
v -0.028334 0.018900 -0.097427
v -0.029003 0.017900 -0.096684
v -0.030859 0.017900 -0.097975
v -0.032977 0.017900 -0.098763
v -0.035226 0.017900 -0.098997
v -0.037461 0.017900 -0.098665
v -0.039543 0.017900 -0.097786
v -0.041341 0.017900 -0.096415
v -0.042740 0.017900 -0.094640
v -0.043654 0.017900 -0.092573
v -0.044023 0.017900 -0.090343
v -0.043825 0.017900 -0.088091
v -0.043072 0.017900 -0.085960
v -0.043965 0.018900 -0.085511
v -0.044802 0.018900 -0.087879
v -0.045022 0.018900 -0.090381
v -0.044612 0.018900 -0.092859
v -0.043597 0.018900 -0.095156
v -0.042042 0.018900 -0.097128
v -0.040045 0.018900 -0.098651
v -0.037731 0.018900 -0.099628
v -0.035247 0.018900 -0.099997
v -0.032750 0.018900 -0.099736
v -0.030395 0.018900 -0.098861
v -0.020476 0.017900 -0.088355
v -0.023244 0.017900 -0.091207
v -0.026087 0.017900 -0.093984
v -0.025670 0.018900 -0.094967
v -0.023066 0.018900 -0.092442
v -0.020524 0.018900 -0.089856
v -0.020424 0.017910 -0.088316
v -0.020441 0.017907 -0.088329
v -0.020458 0.017903 -0.088342
v 0.010531 0.018300 -0.044897
v 0.007522 0.018300 -0.047629
v 0.005299 0.018300 -0.051031
v 0.006199 0.019300 -0.051467
v 0.007989 0.019300 -0.048634
v 0.010364 0.019300 -0.046269
v 0.013204 0.019300 -0.044490
v 0.016368 0.019300 -0.043386
v -0.018521 0.019300 -0.087727
v -0.011358 0.019300 -0.079368
v -0.004828 0.019300 -0.070506
v 0.001035 0.019300 -0.061189
v 0.000314 0.018300 -0.060438
v -0.005329 0.018300 -0.069464
v -0.011603 0.018300 -0.078065
v -0.018475 0.018300 -0.086196
v -0.018457 0.018304 -0.086182
v -0.018440 0.018307 -0.086168
v -0.018422 0.018311 -0.086153
v -0.018475 0.018300 -0.086212
v -0.019584 0.018583 -0.088144
v -0.020037 0.018492 -0.088627
v 0.014742 0.024978 -0.043854
v 0.019042 0.021857 -0.043027
v 0.016925 0.023542 -0.043271
v 0.016647 0.024346 -0.042821
v 0.018998 0.022554 -0.042532
v 0.017447 0.023777 -0.042682
v 0.015035 0.025377 -0.043238
v 0.019716 0.021928 -0.042514
v 0.010683 0.029016 -0.046022
v 0.011193 0.029871 -0.044601
v 0.012688 0.027800 -0.043687
v 0.014745 0.026122 -0.042811
v 0.014528 0.025104 -0.043931
v 0.012337 0.026810 -0.044942
v 0.012758 0.027058 -0.044184
v 0.012097 0.027765 -0.044549
v 0.014410 0.025753 -0.043453
v 0.014753 0.025544 -0.043331
v 0.006199 0.033335 -0.051467
v 0.005456 0.034622 -0.050825
v 0.006685 0.034137 -0.048829
v 0.008212 0.033240 -0.047019
v 0.009716 0.031922 -0.045661
v 0.010412 0.031088 -0.045134
v 0.011040 0.030142 -0.044705
v 0.010518 0.029320 -0.046148
v 0.009531 0.030822 -0.046982
v 0.008396 0.031978 -0.048148
v 0.007202 0.032825 -0.049711
v 0.007769 0.032991 -0.048191
v 0.006469 0.033714 -0.049994
v 0.008521 0.032437 -0.047355
v 0.009721 0.031259 -0.046239
v 0.010861 0.029583 -0.045368
v 0.003260 0.034062 -0.057208
v 0.002401 0.035100 -0.056696
v 0.005365 0.034651 -0.051003
v 0.006122 0.033367 -0.051626
v 0.004193 0.034427 -0.054379
v 0.003545 0.034524 -0.055617
v 0.005501 0.034092 -0.051804
v 0.005787 0.033993 -0.051227
v -0.028334 0.034100 -0.097427
v -0.029003 0.035100 -0.096684
v -0.020205 0.035100 -0.088068
v -0.012148 0.035100 -0.078754
v -0.004888 0.035100 -0.068807
v 0.001526 0.035100 -0.058295
v 0.002401 0.034100 -0.058780
v -0.004056 0.034100 -0.069363
v -0.011365 0.034100 -0.079377
v -0.019476 0.034100 -0.088753
v -0.042565 0.034100 -0.083426
v -0.041812 0.035100 -0.084083
v -0.043072 0.035100 -0.085960
v -0.043825 0.035100 -0.088091
v -0.044023 0.035100 -0.090343
v -0.043654 0.035100 -0.092573
v -0.042740 0.035100 -0.094640
v -0.041341 0.035100 -0.096415
v -0.039543 0.035100 -0.097786
v -0.037461 0.035100 -0.098665
v -0.035226 0.035100 -0.098997
v -0.032977 0.035100 -0.098763
v -0.030859 0.035100 -0.097975
v -0.030395 0.034100 -0.098861
v -0.032750 0.034100 -0.099736
v -0.035247 0.034100 -0.099997
v -0.037731 0.034100 -0.099628
v -0.040045 0.034100 -0.098651
v -0.042042 0.034100 -0.097128
v -0.043597 0.034100 -0.095156
v -0.044612 0.034100 -0.092859
v -0.045022 0.034100 -0.090381
v -0.044802 0.034100 -0.087879
v -0.043965 0.034100 -0.085511
v -0.032307 0.034100 -0.064771
v -0.031349 0.035100 -0.065056
v -0.033914 0.035100 -0.071877
v -0.037426 0.035100 -0.078263
v -0.038265 0.034100 -0.077720
v -0.034822 0.034100 -0.071459
v -0.031251 0.034100 -0.061209
v -0.030292 0.035100 -0.061493
v 0.002392 0.034595 -0.057759
v -0.029940 0.035100 -0.060304
v -0.030908 0.034080 -0.060052
v -0.029412 0.033548 -0.055007
v -0.027956 0.032344 -0.050096
v -0.026629 0.030610 -0.045618
v -0.025495 0.028514 -0.041795
v -0.024537 0.029938 -0.041158
v -0.025642 0.032013 -0.045258
v -0.026954 0.033660 -0.049977
v -0.028416 0.034729 -0.055094
v -0.028125 0.033612 -0.052347
v -0.029264 0.034308 -0.056245
v -0.027126 0.032644 -0.048895
v -0.025991 0.031081 -0.044930
v -0.030540 0.034596 -0.060569
v -0.030484 0.034593 -0.060379
v -0.030714 0.034600 -0.061156
v -0.014874 0.027956 -0.005969
v -0.014023 0.029405 -0.006242
v -0.015537 0.029139 -0.011296
v -0.016944 0.028491 -0.015962
v -0.018330 0.027592 -0.020508
v -0.019610 0.026767 -0.024653
v -0.020811 0.026300 -0.028524
v -0.021956 0.026441 -0.032275
v -0.023113 0.027432 -0.036187
v -0.023735 0.028360 -0.038341
v -0.024407 0.029651 -0.040685
v -0.025351 0.028205 -0.041307
v -0.024622 0.026819 -0.038848
v -0.023940 0.025810 -0.036550
v -0.022677 0.024728 -0.032290
v -0.021470 0.024608 -0.028218
v -0.020265 0.025155 -0.024155
v -0.017689 0.026997 -0.015464
v -0.016337 0.027669 -0.010905
v -0.019245 0.026415 -0.022118
v -0.022612 0.025747 -0.033273
v -0.024313 0.027823 -0.039054
v -0.017446 0.027665 -0.016146
v -0.015574 0.028513 -0.009882
v -0.020405 0.025709 -0.025942
v -0.021513 0.025414 -0.029605
v -0.023431 0.026503 -0.036044
v -0.024950 0.029080 -0.041241
v -0.014019 0.029405 -0.006229
v -0.014870 0.027956 -0.005955
v -0.014304 0.027867 -0.003518
v -0.014033 0.027555 -0.001032
v -0.014058 0.027054 0.001457
v -0.014373 0.026394 0.003903
v -0.013557 0.027745 0.004478
v -0.013175 0.028430 0.001854
v -0.013118 0.028960 -0.000838
v -0.013398 0.029300 -0.003549
v -0.014211 0.028676 -0.005246
v -0.013632 0.028390 -0.001803
v -0.013554 0.028105 -0.000068
v -0.013816 0.027309 0.003354
v -0.014106 0.029260 -0.006208
v -0.014191 0.029115 -0.006181
v -0.014276 0.028971 -0.006154
v -0.014361 0.028826 -0.006126
v -0.014446 0.028681 -0.006099
v -0.014532 0.028536 -0.006072
v -0.014617 0.028391 -0.006044
v -0.014702 0.028246 -0.006017
v -0.014787 0.028101 -0.005990
v -0.042565 0.022300 -0.083426
v -0.043965 0.022300 -0.085511
v -0.044802 0.022300 -0.087879
v -0.045022 0.022300 -0.090381
v -0.044612 0.022300 -0.092859
v -0.043597 0.022300 -0.095156
v -0.042042 0.022300 -0.097128
v -0.040045 0.022300 -0.098651
v -0.037731 0.022300 -0.099628
v -0.035247 0.022300 -0.099997
v -0.032750 0.022300 -0.099736
v -0.030395 0.022300 -0.098861
v -0.028334 0.022300 -0.097427
v 0.011196 0.029871 -0.030797
v 0.011222 0.029825 -0.029838
v 0.012370 0.028167 -0.005109
v 0.013504 0.027034 0.007005
v 0.014181 0.026506 0.013032
v 0.014529 0.026268 0.016050
v 0.014713 0.026151 0.017554
v 0.014818 0.026086 0.018298
v 0.014884 0.026047 0.018658
v 0.014928 0.026021 0.018824
v 0.014958 0.026004 0.018893
v 0.014967 0.025998 0.018906
v 0.014976 0.025993 0.018916
v 0.014981 0.025990 0.018920
v 0.014987 0.025987 0.018923
v 0.014992 0.025984 0.018924
v 0.013497 0.027035 -0.012838
v 0.012218 0.028348 -0.012838
v 0.002408 0.035100 -0.030795
v 0.004538 0.034870 -0.030796
v 0.006571 0.034192 -0.030796
v 0.008412 0.033096 -0.030797
v 0.009978 0.031633 -0.030797
v -0.021161 0.035100 -0.053471
v -0.013212 0.035100 -0.045690
v -0.006099 0.035100 -0.037135
v -0.002476 0.035100 -0.032914
v -0.001440 0.035100 -0.031986
v -0.000283 0.035100 -0.031218
v 0.000354 0.035100 -0.030938
v 0.001025 0.035100 -0.030762
v 0.001718 0.035100 -0.030713
v -0.035029 0.035100 -0.088000
v -0.035546 0.035100 -0.088068
v -0.036029 0.035100 -0.088267
v -0.036443 0.035100 -0.088585
v -0.036761 0.035100 -0.088999
v -0.036961 0.035100 -0.089481
v -0.037029 0.035100 -0.089999
v -0.036961 0.035100 -0.090517
v -0.036762 0.035100 -0.090999
v -0.036444 0.035100 -0.091413
v -0.036030 0.035100 -0.091731
v -0.035547 0.035100 -0.091931
v -0.035030 0.035100 -0.092000
v -0.034512 0.035100 -0.091931
v -0.034030 0.035100 -0.091732
v -0.033615 0.035100 -0.091414
v -0.033297 0.035100 -0.091000
v -0.033097 0.035100 -0.090518
v -0.033029 0.035100 -0.090000
v -0.033097 0.035100 -0.089482
v -0.033297 0.035100 -0.089000
v -0.033615 0.035100 -0.088586
v -0.034029 0.035100 -0.088268
v -0.034511 0.035100 -0.088068
v -0.026591 0.022300 -0.095832
v -0.024875 0.022300 -0.094209
v -0.023183 0.022300 -0.092559
v -0.023183 0.030700 -0.092559
v -0.024875 0.030700 -0.094209
v -0.026591 0.030700 -0.095832
v -0.028334 0.030700 -0.097427
v -0.019263 0.031265 -0.037421
v -0.013640 0.032877 -0.033998
v -0.010518 0.033603 -0.032199
v -0.007020 0.034225 -0.030363
v -0.002763 0.034691 -0.028650
v -0.000111 0.034820 -0.028063
v 0.002797 0.034826 -0.027964
v -0.010706 0.035030 -0.040565
v -0.015307 0.033143 -0.036779
v -0.004625 0.035076 -0.033992
v -0.025771 0.033585 -0.048772
v -0.024396 0.034420 -0.050366
v -0.022956 0.034929 -0.052038
v -0.023047 0.031540 -0.041960
v -0.021522 0.033061 -0.043477
v -0.020266 0.033941 -0.044725
v -0.018940 0.034581 -0.046043
v -0.017565 0.034970 -0.047410
v -0.016619 0.032881 -0.037660
v -0.015221 0.033838 -0.038840
v -0.014113 0.034385 -0.039774
v -0.012969 0.034781 -0.040740
v -0.011799 0.035020 -0.041727
v -0.010241 0.034034 -0.033420
v -0.009190 0.034497 -0.034258
v -0.008382 0.034760 -0.034902
v -0.007561 0.034949 -0.035557
v -0.006732 0.035062 -0.036218
v -0.008896 0.035045 -0.038596
v -0.009890 0.034881 -0.037802
v -0.010870 0.034609 -0.037020
v -0.011827 0.034231 -0.036256
v -0.013059 0.033566 -0.035273
v -0.007366 0.034421 -0.031636
v -0.006537 0.034717 -0.032348
v -0.005905 0.034884 -0.032891
v -0.005267 0.035004 -0.033440
v -0.005068 0.034654 -0.030374
v -0.004437 0.034849 -0.031010
v -0.003960 0.034959 -0.031491
v -0.003479 0.035037 -0.031976
v -0.002997 0.035084 -0.032463
v 0.000125 0.034922 -0.028602
v 0.000268 0.035000 -0.029156
v 0.000376 0.035044 -0.029574
v 0.000484 0.035075 -0.029993
v 0.000593 0.035094 -0.030412
v -0.001144 0.035091 -0.031117
v -0.001433 0.035063 -0.030678
v -0.001721 0.035017 -0.030239
v -0.002008 0.034952 -0.029803
v -0.002387 0.034838 -0.029224
v -0.011816 0.034819 -0.039652
v -0.012905 0.034471 -0.038756
v -0.013963 0.033988 -0.037885
v 0.014752 0.026122 0.018917
v 0.014683 0.026162 0.018839
v 0.014568 0.026229 0.018675
v 0.014376 0.026340 0.018336
v 0.014047 0.026532 0.017647
v 0.013454 0.026877 0.016261
v 0.012340 0.027536 0.013494
v 0.010247 0.028843 0.007944
v 0.008416 0.030143 0.002216
v 0.006931 0.031372 -0.003856
v 0.004771 0.033202 -0.016542
v 0.003807 0.033930 -0.022477
v 0.001184 0.034119 -0.023215
v 0.004503 0.032815 -0.012218
v -0.015379 0.029400 -0.015922
v -0.022738 0.028490 -0.037276
v -0.020787 0.030084 -0.037276
v -0.020666 0.028290 -0.033824
v -0.018848 0.029702 -0.033824
v -0.016933 0.030993 -0.033824
v -0.014927 0.032157 -0.033825
v -0.020619 0.026960 -0.030330
v -0.018994 0.028310 -0.030335
v -0.017277 0.029558 -0.030339
v -0.015476 0.030699 -0.030344
v -0.013597 0.031726 -0.030348
v -0.011648 0.032634 -0.030353
v -0.009636 0.033419 -0.030357
v -0.007570 0.034075 -0.030362
v -0.019330 0.027251 -0.026791
v -0.017754 0.028456 -0.026791
v -0.016101 0.029568 -0.026792
v -0.014375 0.030581 -0.026792
v -0.012583 0.031491 -0.026792
v -0.010732 0.032292 -0.026793
v -0.008827 0.032981 -0.026793
v -0.006876 0.033555 -0.026794
v -0.004887 0.034009 -0.026794
v -0.002867 0.034342 -0.026795
v -0.000823 0.034551 -0.026795
v -0.004091 0.034473 -0.028569
v -0.006156 0.034050 -0.028568
v -0.008184 0.033500 -0.028568
v -0.010166 0.032826 -0.028567
v -0.012093 0.032032 -0.028567
v -0.013960 0.031123 -0.028566
v -0.015759 0.030103 -0.028566
v -0.017482 0.028977 -0.028566
v -0.019124 0.027750 -0.028565
v -0.020679 0.026429 -0.028565
v -0.018537 0.027519 -0.023210
v -0.016995 0.028613 -0.023211
v -0.015386 0.029619 -0.023211
v -0.013714 0.030532 -0.023212
v -0.011987 0.031350 -0.023212
v -0.010208 0.032067 -0.023212
v -0.008385 0.032682 -0.023213
v -0.006523 0.033190 -0.023213
v -0.004628 0.033590 -0.023214
v -0.002708 0.033879 -0.023214
v -0.000768 0.034056 -0.023215
v -0.016722 0.028667 -0.019588
v -0.015144 0.029602 -0.019588
v -0.013511 0.030449 -0.019588
v -0.011829 0.031205 -0.019589
v -0.010103 0.031867 -0.019589
v -0.008338 0.032432 -0.019590
v -0.006541 0.032899 -0.019590
v -0.004716 0.033264 -0.019590
v -0.002869 0.033526 -0.019591
v -0.001007 0.033684 -0.019591
v 0.000865 0.033738 -0.019592
v 0.002741 0.033685 -0.019592
v -0.013777 0.030217 -0.015922
v -0.012130 0.030947 -0.015923
v -0.010444 0.031586 -0.015923
v -0.008723 0.032133 -0.015923
v -0.006973 0.032585 -0.015924
v -0.005199 0.032942 -0.015924
v -0.003406 0.033201 -0.015925
v -0.001599 0.033363 -0.015925
v 0.000216 0.033425 -0.015926
v 0.002033 0.033387 -0.015926
v 0.003847 0.033250 -0.015926
v 0.004708 0.032378 -0.008466
v 0.002735 0.033005 -0.012217
v 0.000959 0.033100 -0.012217
v -0.000818 0.033100 -0.012216
v -0.002593 0.033004 -0.012216
v -0.004360 0.032812 -0.012216
v -0.006113 0.032527 -0.012215
v -0.007848 0.032147 -0.012215
v -0.009560 0.031675 -0.012214
v -0.011243 0.031112 -0.012214
v -0.012894 0.030459 -0.012214
v -0.014506 0.029719 -0.012213
v -0.014104 0.029624 -0.008462
v -0.012495 0.030328 -0.008462
v -0.010851 0.030945 -0.008463
v -0.009177 0.031473 -0.008463
v -0.007477 0.031910 -0.008463
v -0.005758 0.032256 -0.008464
v -0.004023 0.032510 -0.008464
v -0.002278 0.032670 -0.008465
v -0.000527 0.032737 -0.008465
v 0.001224 0.032711 -0.008465
v 0.002971 0.032591 -0.008466
v -0.012580 0.029823 -0.004668
v -0.010952 0.030445 -0.004668
v -0.009294 0.030978 -0.004669
v -0.007611 0.031422 -0.004669
v -0.005908 0.031774 -0.004669
v -0.004189 0.032034 -0.004670
v -0.002459 0.032201 -0.004670
v -0.000725 0.032275 -0.004671
v 0.001011 0.032257 -0.004671
v 0.002742 0.032145 -0.004672
v 0.004463 0.031941 -0.004672
v -0.011547 0.029615 -0.000838
v -0.009912 0.030194 -0.000838
v -0.008248 0.030683 -0.000837
v -0.006561 0.031081 -0.000837
v -0.004856 0.031386 -0.000837
v -0.003138 0.031597 -0.000837
v -0.001411 0.031715 -0.000837
v 0.000319 0.031738 -0.000837
v 0.002047 0.031667 -0.000836
v 0.003768 0.031503 -0.000836
v 0.007169 0.030894 -0.000836
v -0.012638 0.028448 0.003049
v -0.011032 0.029115 0.003049
v -0.009392 0.029691 0.003048
v -0.007722 0.030174 0.003048
v -0.006028 0.030563 0.003047
v -0.004315 0.030856 0.003047
v -0.002587 0.031053 0.003046
v -0.000852 0.031154 0.003046
v 0.000886 0.031157 0.003046
v 0.002622 0.031063 0.003045
v 0.006064 0.030585 0.003044
v -0.012653 0.027746 0.006971
v -0.011039 0.028448 0.006971
v -0.009387 0.029056 0.006971
v -0.007701 0.029568 0.006970
v -0.005988 0.029980 0.006970
v -0.004253 0.030293 0.006969
v -0.002501 0.030505 0.006969
v -0.000740 0.030615 0.006968
v 0.001026 0.030623 0.006968
v 0.004546 0.030331 0.006967
v 0.008011 0.029633 0.006966
v -0.013191 0.026954 0.010937
v -0.011557 0.027727 0.010936
v -0.009877 0.028399 0.010936
v -0.008158 0.028969 0.010935
v -0.006407 0.029434 0.010935
v -0.004629 0.029792 0.010935
v -0.002832 0.030041 0.010934
v -0.001021 0.030181 0.010934
v 0.002613 0.030131 0.010933
v 0.006219 0.029641 0.010932
v 0.009293 0.028861 0.010931
v 0.004056 0.029750 0.014940
v 0.007311 0.029154 0.014940
v 0.010481 0.028199 0.014939
v -0.042565 0.030700 -0.083426
v -0.038488 0.030700 -0.078062
v -0.035170 0.030700 -0.072198
v -0.032670 0.030700 -0.065942
v -0.032670 0.022300 -0.065942
v -0.035170 0.022300 -0.072198
v -0.038488 0.022300 -0.078062
v -0.020168 0.023000 -0.023826
v -0.014874 0.023000 -0.005969
v -0.014428 0.023000 0.004182
v -0.014172 0.023000 -0.002624
v -0.014022 0.023000 0.000789
v 0.005351 0.034458 -0.028309
v 0.007709 0.033450 -0.028757
v 0.009711 0.031870 -0.029278
v 0.010343 0.031176 -0.030133
v 0.009284 0.032341 -0.029964
v 0.008054 0.033324 -0.029804
v 0.006682 0.034100 -0.029656
v 0.004693 0.034780 -0.029486
v 0.014858 0.026062 0.018747
v 0.014252 0.026417 0.017876
v 0.014668 0.026177 0.017981
v 0.013657 0.026773 0.016318
v 0.012945 0.027210 0.014318
v 0.014092 0.026557 0.014694
v 0.009399 0.029728 0.002950
v 0.012223 0.028186 0.002100
v 0.006643 0.032370 -0.011906
v 0.010495 0.030598 -0.021107
v 0.014816 0.026087 0.018770
v 0.014784 0.026105 0.018787
v 0.014751 0.026124 0.018804
v 0.014717 0.026143 0.018822
v 0.014792 0.026102 0.018526
v 0.014731 0.026137 0.018556
v 0.014686 0.026163 0.018578
v 0.014640 0.026189 0.018600
v 0.014594 0.026215 0.018622
v 0.014570 0.026235 0.018018
v 0.014496 0.026277 0.018046
v 0.014422 0.026319 0.018074
v 0.014347 0.026360 0.018102
v 0.014448 0.026317 0.016803
v 0.014283 0.026415 0.016858
v 0.014157 0.026487 0.016900
v 0.014030 0.026557 0.016941
v 0.013903 0.026625 0.016982
v 0.014338 0.026370 0.017845
v 0.014423 0.026322 0.017814
v 0.014508 0.026273 0.017783
v 0.014621 0.026207 0.017743
v 0.013817 0.026724 0.014783
v 0.013608 0.026843 0.014850
v 0.013395 0.026956 0.014917
v 0.013179 0.027065 0.014983
v 0.013815 0.026690 0.016271
v 0.013972 0.026605 0.016223
v 0.014126 0.026517 0.016176
v 0.014329 0.026395 0.016113
v 0.013368 0.027106 0.010169
v 0.012878 0.027419 0.010334
v 0.012498 0.027634 0.010457
v 0.012108 0.027831 0.010579
v 0.011710 0.028009 0.010700
v 0.013190 0.027090 0.014243
v 0.013430 0.026962 0.014167
v 0.013667 0.026828 0.014092
v 0.013977 0.026638 0.013991
v 0.012898 0.027514 0.007048
v 0.012274 0.027929 0.007262
v 0.011784 0.028207 0.007420
v 0.011279 0.028455 0.007576
v 0.010758 0.028672 0.007730
v 0.011092 0.029632 -0.009865
v 0.009974 0.030558 -0.009621
v 0.009051 0.031138 -0.009444
v 0.008068 0.031612 -0.009276
v 0.007037 0.031975 -0.009118
v 0.008153 0.030853 -0.002534
v 0.009021 0.030535 -0.002725
v 0.009852 0.030136 -0.002925
v 0.010640 0.029659 -0.003133
v 0.011610 0.028911 -0.003417
v 0.005507 0.033437 -0.020407
v 0.006796 0.033051 -0.020548
v 0.008019 0.032495 -0.020703
v 0.009154 0.031779 -0.020871
v 0.007737 0.031995 -0.012048
v 0.008778 0.031495 -0.012200
v 0.009752 0.030878 -0.012361
v 0.010925 0.029886 -0.012584
v 0.010097 0.029459 0.002761
v 0.010771 0.029136 0.002567
v 0.011415 0.028762 0.002369
v -0.030762 -0.010400 -0.017201
v -0.028338 -0.010400 -0.017201
v -0.031167 -0.010392 -0.017200
v -0.030964 -0.010398 -0.017200
v -0.028503 -0.009936 -0.017201
v -0.028661 -0.009469 -0.017201
v -0.028810 -0.009000 -0.017201
v -0.028811 -0.009000 -0.017772
v -0.029625 -0.009000 -0.017201
v -0.020468 -0.022000 -0.024837
v -0.041319 -0.009000 -0.009009
v -0.034672 -0.009634 0.013200
v -0.033499 -0.010031 0.014237
v -0.031876 -0.010339 0.015401
v -0.030754 -0.010400 0.016035
v -0.030754 -0.010400 0.013199
v -0.032089 -0.010314 0.013200
v -0.033402 -0.010057 0.013200
v -0.028330 -0.010400 0.017257
v -0.028331 -0.010400 0.013199
v -0.028803 -0.009000 0.015451
v -0.028803 -0.009000 0.013199
v -0.028653 -0.009469 0.013199
v -0.028496 -0.009936 0.013199
v -0.033265 -0.009000 0.013200
v -0.034228 -0.010000 0.013834
v -0.032062 -0.016220 0.014927
v -0.028904 -0.022000 0.016520
v -0.027514 -0.021911 0.017321
v -0.026263 -0.021621 0.018276
v -0.025239 -0.021098 0.019379
v -0.024848 -0.020745 0.019972
v -0.024553 -0.020336 0.020579
v -0.024360 -0.019872 0.021196
v -0.024271 -0.019369 0.021804
v -0.024372 -0.018287 0.022965
v -0.024773 -0.017146 0.024041
v -0.025381 -0.016000 0.025017
v -0.026743 -0.014112 0.022216
v -0.028197 -0.012532 0.019712
v -0.029838 -0.011263 0.017464
v -0.030089 -0.015796 0.016217
v -0.031411 -0.012644 0.015541
v -0.029985 -0.011851 0.017105
v -0.028728 -0.014800 0.017772
v -0.027765 -0.013911 0.019656
v -0.025885 -0.015758 0.022518
v -0.026300 -0.016597 0.020485
v -0.027174 -0.017661 0.018598
v -0.028453 -0.018859 0.017053
v -0.025354 -0.020360 0.019566
v -0.024584 -0.019129 0.021458
v -0.014428 -0.023000 0.004182
v -0.014874 -0.023000 -0.005969
v -0.014022 -0.023000 0.000789
v -0.014172 -0.023000 -0.002624
v -0.040412 -0.010000 0.010714
v -0.040412 -0.022000 0.010714
v -0.039962 -0.009000 0.009822
v -0.044172 -0.010000 -0.007746
v -0.045845 -0.010000 -0.005153
v -0.046801 -0.010000 -0.002218
v -0.046976 -0.010000 0.000863
v -0.046360 -0.010000 0.003887
v -0.044994 -0.010000 0.006655
v -0.042966 -0.010000 0.008982
v -0.042303 -0.009000 0.008233
v -0.044161 -0.009000 0.006100
v -0.045414 -0.009000 0.003563
v -0.045979 -0.009000 0.000791
v -0.045818 -0.009000 -0.002033
v -0.044941 -0.009000 -0.004723
v -0.043408 -0.009000 -0.007101
v -0.044172 -0.022000 -0.007746
v -0.045845 -0.022000 -0.005153
v -0.046801 -0.022000 -0.002218
v -0.046976 -0.022000 0.000863
v -0.046360 -0.022000 0.003887
v -0.044994 -0.022000 0.006655
v -0.042966 -0.022000 0.008982
v -0.039962 -0.023000 0.009822
v -0.041319 -0.023000 -0.009009
v -0.043408 -0.023000 -0.007101
v -0.044941 -0.023000 -0.004723
v -0.045818 -0.023000 -0.002033
v -0.045979 -0.023000 0.000791
v -0.045414 -0.023000 0.003563
v -0.044161 -0.023000 0.006100
v -0.042303 -0.023000 0.008233
v -0.020168 -0.023000 -0.023826
v -0.035007 -0.023000 0.003000
v -0.034230 -0.023000 0.002898
v -0.033507 -0.023000 0.002598
v -0.032886 -0.023000 0.002121
v -0.032409 -0.023000 0.001500
v -0.032109 -0.023000 0.000776
v -0.032007 -0.023000 -0.000000
v -0.032110 -0.023000 -0.000777
v -0.032410 -0.023000 -0.001500
v -0.032887 -0.023000 -0.002121
v -0.033508 -0.023000 -0.002598
v -0.034232 -0.023000 -0.002897
v -0.035008 -0.023000 -0.003000
v -0.035785 -0.023000 -0.002897
v -0.036508 -0.023000 -0.002597
v -0.037129 -0.023000 -0.002120
v -0.037606 -0.023000 -0.001499
v -0.037905 -0.023000 -0.000775
v -0.038007 -0.023000 0.000001
v -0.037905 -0.023000 0.000778
v -0.037605 -0.023000 0.001501
v -0.037128 -0.023000 0.002122
v -0.036507 -0.023000 0.002599
v -0.035783 -0.023000 0.002898
v -0.030273 -0.009000 -0.000001
v -0.032641 -0.009000 -0.004100
v -0.032641 -0.013000 -0.004100
v -0.030273 -0.013000 -0.000001
v -0.037376 -0.009000 -0.004099
v -0.037376 -0.013000 -0.004099
v -0.039742 -0.009000 0.000002
v -0.039742 -0.013000 0.000002
v -0.037374 -0.009000 0.004101
v -0.037374 -0.013000 0.004101
v -0.032639 -0.009000 0.004100
v -0.032639 -0.013000 0.004100
v -0.035007 -0.013000 0.003000
v -0.035783 -0.013000 0.002898
v -0.036507 -0.013000 0.002599
v -0.037128 -0.013000 0.002122
v -0.037605 -0.013000 0.001501
v -0.037905 -0.013000 0.000778
v -0.038007 -0.013000 0.000001
v -0.037905 -0.013000 -0.000775
v -0.037606 -0.013000 -0.001499
v -0.037129 -0.013000 -0.002120
v -0.036508 -0.013000 -0.002597
v -0.035785 -0.013000 -0.002897
v -0.035008 -0.013000 -0.003000
v -0.034232 -0.013000 -0.002897
v -0.033508 -0.013000 -0.002598
v -0.032887 -0.013000 -0.002121
v -0.032410 -0.013000 -0.001500
v -0.032110 -0.013000 -0.000777
v -0.032007 -0.013000 -0.000000
v -0.032109 -0.013000 0.000776
v -0.032409 -0.013000 0.001500
v -0.032886 -0.013000 0.002121
v -0.033507 -0.013000 0.002598
v -0.034230 -0.013000 0.002898
v -0.023572 0.022300 -0.092859
v -0.024022 0.022300 -0.093056
v -0.024506 0.022300 -0.093137
v -0.024995 0.022300 -0.093097
v -0.025460 0.022300 -0.092940
v -0.025872 0.022300 -0.092674
v -0.026208 0.022300 -0.092316
v -0.026446 0.022300 -0.091887
v -0.026572 0.022300 -0.091412
v -0.026579 0.022300 -0.090922
v -0.026579 0.030700 -0.090922
v -0.026572 0.030700 -0.091412
v -0.026446 0.030700 -0.091887
v -0.026208 0.030700 -0.092316
v -0.025872 0.030700 -0.092674
v -0.025460 0.030700 -0.092940
v -0.024995 0.030700 -0.093097
v -0.024506 0.030700 -0.093137
v -0.024022 0.030700 -0.093056
v -0.023572 0.030700 -0.092859
v -0.030395 0.030700 -0.098861
v -0.032750 0.030700 -0.099736
v -0.035247 0.030700 -0.099997
v -0.037731 0.030700 -0.099628
v -0.040045 0.030700 -0.098651
v -0.042042 0.030700 -0.097128
v -0.043597 0.030700 -0.095156
v -0.044612 0.030700 -0.092859
v -0.045022 0.030700 -0.090381
v -0.044802 0.030700 -0.087879
v -0.043965 0.030700 -0.085511
v -0.026818 0.022300 -0.087802
v -0.026610 0.022300 -0.088829
v -0.026530 0.022300 -0.089874
v -0.035029 0.022300 -0.088000
v -0.035546 0.022300 -0.088068
v -0.036029 0.022300 -0.088267
v -0.036443 0.022300 -0.088585
v -0.036761 0.022300 -0.088999
v -0.036961 0.022300 -0.089481
v -0.037029 0.022300 -0.089999
v -0.036961 0.022300 -0.090517
v -0.036762 0.022300 -0.090999
v -0.036444 0.022300 -0.091413
v -0.036030 0.022300 -0.091731
v -0.035547 0.022300 -0.091931
v -0.035030 0.022300 -0.092000
v -0.034512 0.022300 -0.091931
v -0.034030 0.022300 -0.091732
v -0.033615 0.022300 -0.091414
v -0.033297 0.022300 -0.091000
v -0.033097 0.022300 -0.090518
v -0.033029 0.022300 -0.090000
v -0.033097 0.022300 -0.089482
v -0.033297 0.022300 -0.089000
v -0.033615 0.022300 -0.088586
v -0.034029 0.022300 -0.088268
v -0.034511 0.022300 -0.088068
v -0.026530 0.030700 -0.089874
v -0.026610 0.030700 -0.088829
v -0.026818 0.030700 -0.087802
v -0.035029 0.030700 -0.088000
v -0.034511 0.030700 -0.088068
v -0.034029 0.030700 -0.088268
v -0.033615 0.030700 -0.088586
v -0.033297 0.030700 -0.089000
v -0.033097 0.030700 -0.089482
v -0.033029 0.030700 -0.090000
v -0.033097 0.030700 -0.090518
v -0.033297 0.030700 -0.091000
v -0.033615 0.030700 -0.091414
v -0.034030 0.030700 -0.091732
v -0.034512 0.030700 -0.091931
v -0.035030 0.030700 -0.092000
v -0.035547 0.030700 -0.091931
v -0.036030 0.030700 -0.091731
v -0.036444 0.030700 -0.091413
v -0.036762 0.030700 -0.090999
v -0.036961 0.030700 -0.090517
v -0.037029 0.030700 -0.089999
v -0.036961 0.030700 -0.089481
v -0.036761 0.030700 -0.088999
v -0.036443 0.030700 -0.088585
v -0.036029 0.030700 -0.088267
v -0.035546 0.030700 -0.088068
v -0.035029 0.017900 -0.088000
v -0.035546 0.017900 -0.088068
v -0.036029 0.017900 -0.088267
v -0.036443 0.017900 -0.088585
v -0.036761 0.017900 -0.088999
v -0.036961 0.017900 -0.089481
v -0.037029 0.017900 -0.089999
v -0.036961 0.017900 -0.090517
v -0.036762 0.017900 -0.090999
v -0.036444 0.017900 -0.091413
v -0.036030 0.017900 -0.091731
v -0.035547 0.017900 -0.091931
v -0.035030 0.017900 -0.092000
v -0.034512 0.017900 -0.091931
v -0.034030 0.017900 -0.091732
v -0.033615 0.017900 -0.091414
v -0.033297 0.017900 -0.091000
v -0.033097 0.017900 -0.090518
v -0.033029 0.017900 -0.090000
v -0.033097 0.017900 -0.089482
v -0.033297 0.017900 -0.089000
v -0.033615 0.017900 -0.088586
v -0.034029 0.017900 -0.088268
v -0.034511 0.017900 -0.088068
v -0.026332 -0.008523 0.030598
v -0.024413 -0.007211 0.030598
v -0.022865 -0.005476 0.030598
v -0.021780 -0.003419 0.030597
v -0.021221 -0.001163 0.030597
v -0.021221 0.001163 0.030597
v -0.021780 0.003419 0.030597
v -0.022865 0.005476 0.030598
v -0.024413 0.007211 0.030598
v -0.026332 0.008523 0.030598
v -0.026335 0.008523 0.019398
v -0.024415 0.007211 0.019398
v -0.022868 0.005476 0.019398
v -0.021782 0.003419 0.019397
v -0.021223 0.001163 0.019397
v -0.021223 -0.001163 0.019397
v -0.021782 -0.003419 0.019397
v -0.022868 -0.005476 0.019398
v -0.024415 -0.007211 0.019398
v -0.026335 -0.008523 0.019398
v -0.028003 0.005445 0.019399
v -0.026764 0.004615 0.019398
v -0.025763 0.003509 0.019398
v -0.025061 0.002193 0.019398
v -0.024698 0.000746 0.019398
v -0.024698 -0.000746 0.019398
v -0.025061 -0.002193 0.019398
v -0.025763 -0.003509 0.019398
v -0.026764 -0.004615 0.019398
v -0.028003 -0.005445 0.019399
v -0.028003 0.005445 0.018399
v -0.026764 0.004615 0.018398
v -0.025763 0.003509 0.018398
v -0.025061 0.002193 0.018398
v -0.024699 0.000746 0.018398
v -0.024699 -0.000746 0.018398
v -0.025061 -0.002193 0.018398
v -0.025763 -0.003509 0.018398
v -0.026764 -0.004615 0.018398
v -0.028003 -0.005445 0.018399
v -0.027828 0.005805 0.018399
v -0.026506 0.004920 0.018398
v -0.025438 0.003741 0.018398
v -0.024688 0.002338 0.018398
v -0.024302 0.000795 0.018398
v -0.024302 -0.000795 0.018398
v -0.024688 -0.002338 0.018398
v -0.025438 -0.003741 0.018398
v -0.026506 -0.004920 0.018398
v -0.027828 -0.005805 0.018399
v -0.027829 0.005805 0.014199
v -0.026507 0.004920 0.014198
v -0.025439 0.003741 0.014198
v -0.024689 0.002338 0.014198
v -0.024303 0.000795 0.014198
v -0.024303 -0.000795 0.014198
v -0.024689 -0.002338 0.014198
v -0.025439 -0.003741 0.014198
v -0.026507 -0.004920 0.014198
v -0.027829 -0.005805 0.014199
v -0.028004 0.005445 0.014199
v -0.026765 0.004615 0.014198
v -0.025764 0.003509 0.014198
v -0.025062 0.002193 0.014198
v -0.024700 0.000746 0.014198
v -0.024700 -0.000746 0.014198
v -0.025062 -0.002193 0.014198
v -0.025764 -0.003509 0.014198
v -0.026765 -0.004615 0.014198
v -0.028004 -0.005445 0.014199
v -0.028005 0.005445 0.013199
v -0.026765 0.004615 0.013198
v -0.025764 0.003509 0.013198
v -0.025062 0.002193 0.013198
v -0.024700 0.000746 0.013198
v -0.024700 -0.000746 0.013198
v -0.025062 -0.002193 0.013198
v -0.025764 -0.003509 0.013198
v -0.026765 -0.004615 0.013198
v -0.028005 -0.005445 0.013199
v -0.028261 0.004902 0.013199
v -0.027148 0.004153 0.013199
v -0.026250 0.003156 0.013198
v -0.025620 0.001972 0.013198
v -0.025295 0.000671 0.013198
v -0.025295 -0.000671 0.013198
v -0.025620 -0.001972 0.013198
v -0.026250 -0.003156 0.013198
v -0.027148 -0.004153 0.013199
v -0.028261 -0.004902 0.013199
v -0.029176 0.002551 0.010699
v -0.028585 0.002072 0.010699
v -0.028134 0.001460 0.010699
v -0.027851 0.000754 0.010699
v -0.027755 0.000000 0.010699
v -0.027851 -0.000754 0.010699
v -0.028134 -0.001460 0.010699
v -0.028585 -0.002072 0.010699
v -0.029176 -0.002551 0.010699
v -0.029182 0.002551 -0.017201
v -0.028592 0.002072 -0.017201
v -0.028141 0.001460 -0.017201
v -0.027858 0.000754 -0.017201
v -0.027762 0.000000 -0.017201
v -0.027858 -0.000754 -0.017201
v -0.028141 -0.001460 -0.017201
v -0.028592 -0.002072 -0.017201
v -0.029182 -0.002551 -0.017201
v -0.029179 -0.002551 -0.003251
v -0.028589 -0.002072 -0.003251
v -0.028137 -0.001460 -0.003251
v -0.027855 -0.000754 -0.003251
v -0.027758 0.000000 -0.003251
v -0.027855 0.000754 -0.003251
v -0.028137 0.001460 -0.003251
v -0.028589 0.002072 -0.003251
v -0.029179 0.002551 -0.003251
v -0.028012 0.005445 -0.017201
v -0.026773 0.004615 -0.017202
v -0.025772 0.003509 -0.017202
v -0.025069 0.002193 -0.017202
v -0.024707 0.000746 -0.017202
v -0.024707 -0.000746 -0.017202
v -0.025069 -0.002193 -0.017202
v -0.025772 -0.003509 -0.017202
v -0.026773 -0.004615 -0.017202
v -0.028012 -0.005445 -0.017201
v -0.028012 0.005445 -0.018201
v -0.026773 0.004615 -0.018202
v -0.025772 0.003509 -0.018202
v -0.025070 0.002193 -0.018202
v -0.024708 0.000746 -0.018202
v -0.024708 -0.000746 -0.018202
v -0.025070 -0.002193 -0.018202
v -0.025772 -0.003509 -0.018202
v -0.026773 -0.004615 -0.018202
v -0.028012 -0.005445 -0.018201
v -0.027837 0.005805 -0.018201
v -0.026514 0.004920 -0.018202
v -0.025447 0.003741 -0.018202
v -0.024697 0.002338 -0.018202
v -0.024311 0.000795 -0.018202
v -0.024311 -0.000795 -0.018202
v -0.024697 -0.002338 -0.018202
v -0.025447 -0.003741 -0.018202
v -0.026514 -0.004920 -0.018202
v -0.027837 -0.005805 -0.018201
v -0.027838 0.005805 -0.022401
v -0.026515 0.004920 -0.022402
v -0.025448 0.003741 -0.022402
v -0.024698 0.002338 -0.022402
v -0.024312 0.000795 -0.022402
v -0.024312 -0.000795 -0.022402
v -0.024698 -0.002338 -0.022402
v -0.025448 -0.003741 -0.022402
v -0.026515 -0.004920 -0.022402
v -0.027838 -0.005805 -0.022401
v -0.028013 0.005445 -0.022401
v -0.026774 0.004615 -0.022402
v -0.025773 0.003509 -0.022402
v -0.025071 0.002193 -0.022402
v -0.024709 0.000746 -0.022402
v -0.024709 -0.000746 -0.022402
v -0.025071 -0.002193 -0.022402
v -0.025773 -0.003509 -0.022402
v -0.026774 -0.004615 -0.022402
v -0.028013 -0.005445 -0.022401
v -0.028013 0.005445 -0.023401
v -0.026774 0.004615 -0.023402
v -0.025773 0.003509 -0.023402
v -0.025071 0.002193 -0.023402
v -0.024709 0.000746 -0.023402
v -0.024709 -0.000746 -0.023402
v -0.025071 -0.002193 -0.023402
v -0.025773 -0.003509 -0.023402
v -0.026774 -0.004615 -0.023402
v -0.028013 -0.005445 -0.023401
v -0.026345 0.008523 -0.023402
v -0.024426 0.007211 -0.023402
v -0.022878 0.005476 -0.023402
v -0.021793 0.003419 -0.023403
v -0.021234 0.001163 -0.023403
v -0.021234 -0.001163 -0.023403
v -0.021793 -0.003419 -0.023403
v -0.022878 -0.005476 -0.023402
v -0.024426 -0.007211 -0.023402
v -0.026345 -0.008523 -0.023402
v -0.026348 0.008523 -0.035002
v -0.024428 0.007211 -0.035002
v -0.022881 0.005476 -0.035002
v -0.021796 0.003419 -0.035003
v -0.021237 0.001163 -0.035003
v -0.021237 -0.001163 -0.035003
v -0.021796 -0.003419 -0.035003
v -0.022881 -0.005476 -0.035002
v -0.024428 -0.007211 -0.035002
v -0.026348 -0.008523 -0.035002
v -0.028338 0.010400 -0.017201
v -0.030762 0.010400 -0.017201
v -0.030964 0.010398 -0.017200
v -0.031167 0.010392 -0.017200
v -0.028811 0.009000 -0.017772
v -0.028810 0.009000 -0.017201
v -0.028661 0.009469 -0.017201
v -0.028503 0.009936 -0.017201
v -0.029625 0.009000 -0.017201
v -0.041319 0.009000 -0.009009
v -0.033499 0.010031 0.014237
v -0.034672 0.009634 0.013200
v -0.033402 0.010057 0.013200
v -0.032089 0.010314 0.013200
v -0.030754 0.010400 0.013199
v -0.030754 0.010400 0.016035
v -0.031876 0.010339 0.015401
v -0.028330 0.010400 0.017257
v -0.028331 0.010400 0.013199
v -0.028803 0.009000 0.013199
v -0.028803 0.009000 0.015451
v -0.028496 0.009936 0.013199
v -0.028653 0.009469 0.013199
v -0.033265 0.009000 0.013200
v -0.029838 0.011263 0.017464
v -0.028197 0.012532 0.019712
v -0.026743 0.014112 0.022216
v -0.025381 0.016000 0.025017
v -0.024773 0.017146 0.024041
v -0.024372 0.018287 0.022965
v -0.024271 0.019369 0.021804
v -0.024360 0.019872 0.021196
v -0.024553 0.020336 0.020579
v -0.024848 0.020745 0.019972
v -0.025239 0.021098 0.019379
v -0.026263 0.021621 0.018276
v -0.027514 0.021911 0.017321
v -0.028904 0.022000 0.016520
v -0.032062 0.016220 0.014927
v -0.034228 0.010000 0.013834
v -0.028453 0.018859 0.017053
v -0.029985 0.011851 0.017105
v -0.031411 0.012644 0.015541
v -0.027765 0.013911 0.019656
v -0.028728 0.014800 0.017772
v -0.030089 0.015796 0.016217
v -0.025885 0.015758 0.022518
v -0.026300 0.016597 0.020485
v -0.027174 0.017661 0.018598
v -0.024584 0.019129 0.021458
v -0.025354 0.020360 0.019566
v -0.040412 0.022000 0.010714
v -0.040412 0.010000 0.010714
v -0.039962 0.009000 0.009822
v -0.043408 0.009000 -0.007101
v -0.044941 0.009000 -0.004723
v -0.045818 0.009000 -0.002033
v -0.045979 0.009000 0.000791
v -0.045414 0.009000 0.003563
v -0.044161 0.009000 0.006100
v -0.042303 0.009000 0.008233
v -0.042966 0.010000 0.008982
v -0.044994 0.010000 0.006655
v -0.046360 0.010000 0.003887
v -0.046976 0.010000 0.000863
v -0.046801 0.010000 -0.002218
v -0.045845 0.010000 -0.005153
v -0.044172 0.010000 -0.007746
v -0.042966 0.022000 0.008982
v -0.044994 0.022000 0.006655
v -0.046360 0.022000 0.003887
v -0.046976 0.022000 0.000863
v -0.046801 0.022000 -0.002218
v -0.045845 0.022000 -0.005153
v -0.044172 0.022000 -0.007746
v -0.039962 0.023000 0.009822
v -0.041319 0.023000 -0.009009
v -0.042303 0.023000 0.008233
v -0.044161 0.023000 0.006100
v -0.045414 0.023000 0.003563
v -0.045979 0.023000 0.000791
v -0.045818 0.023000 -0.002033
v -0.044941 0.023000 -0.004723
v -0.043408 0.023000 -0.007101
v -0.035007 0.023000 0.003000
v -0.035783 0.023000 0.002898
v -0.036507 0.023000 0.002599
v -0.037128 0.023000 0.002122
v -0.037605 0.023000 0.001501
v -0.037905 0.023000 0.000778
v -0.038007 0.023000 0.000001
v -0.037905 0.023000 -0.000775
v -0.037606 0.023000 -0.001499
v -0.037129 0.023000 -0.002120
v -0.036508 0.023000 -0.002597
v -0.035785 0.023000 -0.002897
v -0.035008 0.023000 -0.003000
v -0.034232 0.023000 -0.002897
v -0.033508 0.023000 -0.002598
v -0.032887 0.023000 -0.002121
v -0.032410 0.023000 -0.001500
v -0.032110 0.023000 -0.000777
v -0.032007 0.023000 -0.000000
v -0.032109 0.023000 0.000776
v -0.032409 0.023000 0.001500
v -0.032886 0.023000 0.002121
v -0.033507 0.023000 0.002598
v -0.034230 0.023000 0.002898
v -0.032641 0.009000 -0.004100
v -0.030273 0.009000 -0.000001
v -0.030273 0.013000 -0.000001
v -0.032641 0.013000 -0.004100
v -0.037376 0.009000 -0.004099
v -0.037376 0.013000 -0.004099
v -0.039742 0.009000 0.000002
v -0.039742 0.013000 0.000002
v -0.037374 0.009000 0.004101
v -0.037374 0.013000 0.004101
v -0.032639 0.009000 0.004100
v -0.032639 0.013000 0.004100
v -0.035007 0.013000 0.003000
v -0.034230 0.013000 0.002898
v -0.033507 0.013000 0.002598
v -0.032886 0.013000 0.002121
v -0.032409 0.013000 0.001500
v -0.032109 0.013000 0.000776
v -0.032007 0.013000 -0.000000
v -0.032110 0.013000 -0.000777
v -0.032410 0.013000 -0.001500
v -0.032887 0.013000 -0.002121
v -0.033508 0.013000 -0.002598
v -0.034232 0.013000 -0.002897
v -0.035008 0.013000 -0.003000
v -0.035785 0.013000 -0.002897
v -0.036508 0.013000 -0.002597
v -0.037129 0.013000 -0.002120
v -0.037606 0.013000 -0.001499
v -0.037905 0.013000 -0.000775
v -0.038007 0.013000 0.000001
v -0.037905 0.013000 0.000778
v -0.037605 0.013000 0.001501
v -0.037128 0.013000 0.002122
v -0.036507 0.013000 0.002599
v -0.035783 0.013000 0.002898
v -0.029577 -0.005984 -0.018201
v -0.029577 -0.005984 -0.017201
v -0.029239 -0.007476 -0.017201
v -0.028826 -0.008950 -0.017201
v -0.028338 -0.010400 -0.017201
v -0.028342 -0.010400 -0.033501
v -0.028464 -0.010059 -0.033501
v -0.028582 -0.009718 -0.033501
v -0.028696 -0.009374 -0.033501
v -0.028693 -0.009374 -0.023401
v -0.029032 -0.008256 -0.023401
v -0.029328 -0.007125 -0.023401
v -0.029579 -0.005984 -0.023401
v -0.029578 -0.005984 -0.022401
v -0.029552 -0.006115 -0.022401
v -0.029525 -0.006245 -0.022401
v -0.029497 -0.006376 -0.022401
v -0.029496 -0.006376 -0.018201
v -0.029524 -0.006245 -0.018201
v -0.029551 -0.006115 -0.018201
v -0.030762 -0.010400 -0.017201
v -0.030766 -0.010400 -0.033501
v -0.030767 -0.006100 -0.018201
v -0.031956 -0.005982 -0.018200
v -0.033100 -0.005634 -0.018200
v -0.034153 -0.005070 -0.018200
v -0.035077 -0.004312 -0.018199
v -0.035835 -0.003387 -0.018199
v -0.036398 -0.002333 -0.018199
v -0.036745 -0.001189 -0.018199
v -0.036862 0.000000 -0.018199
v -0.036745 0.001189 -0.018199
v -0.036398 0.002333 -0.018199
v -0.035835 0.003387 -0.018199
v -0.035077 0.004312 -0.018199
v -0.034153 0.005070 -0.018200
v -0.033100 0.005634 -0.018200
v -0.031956 0.005982 -0.018200
v -0.030767 0.006100 -0.018201
v -0.029577 0.005984 -0.018201
v -0.029577 0.005984 -0.017201
v -0.030767 0.006100 -0.017201
v -0.031956 0.005982 -0.017200
v -0.033099 0.005634 -0.017200
v -0.034153 0.005070 -0.017200
v -0.035077 0.004312 -0.017199
v -0.035835 0.003387 -0.017199
v -0.036398 0.002333 -0.017199
v -0.036744 0.001189 -0.017199
v -0.036862 0.000000 -0.017199
v -0.036744 -0.001189 -0.017199
v -0.036398 -0.002333 -0.017199
v -0.035835 -0.003387 -0.017199
v -0.035077 -0.004312 -0.017199
v -0.034153 -0.005070 -0.017200
v -0.033099 -0.005634 -0.017200
v -0.031956 -0.005982 -0.017200
v -0.030767 -0.006100 -0.017201
v -0.030172 -0.009582 -0.033501
v -0.031663 -0.009558 -0.033500
v -0.033133 -0.009304 -0.033500
v -0.034545 -0.008825 -0.033500
v -0.035866 -0.008133 -0.033499
v -0.037064 -0.007245 -0.033499
v -0.038110 -0.006182 -0.033499
v -0.038979 -0.004970 -0.033499
v -0.039649 -0.003638 -0.033498
v -0.040106 -0.002219 -0.033498
v -0.040337 -0.000746 -0.033498
v -0.040337 0.000746 -0.033498
v -0.040106 0.002219 -0.033498
v -0.039649 0.003638 -0.033498
v -0.038979 0.004970 -0.033499
v -0.038110 0.006182 -0.033499
v -0.037064 0.007245 -0.033499
v -0.035866 0.008133 -0.033499
v -0.034545 0.008825 -0.033500
v -0.033133 0.009304 -0.033500
v -0.031663 0.009558 -0.033500
v -0.030172 0.009582 -0.033501
v -0.028696 0.009374 -0.033501
v -0.028693 0.009374 -0.023401
v -0.030170 0.009582 -0.023401
v -0.031661 0.009558 -0.023400
v -0.033130 0.009304 -0.023400
v -0.034542 0.008825 -0.023400
v -0.035863 0.008133 -0.023399
v -0.037061 0.007245 -0.023399
v -0.038107 0.006182 -0.023399
v -0.038976 0.004970 -0.023399
v -0.039647 0.003638 -0.023398
v -0.040103 0.002219 -0.023398
v -0.040334 0.000746 -0.023398
v -0.040334 -0.000746 -0.023398
v -0.040103 -0.002219 -0.023398
v -0.039647 -0.003638 -0.023398
v -0.038976 -0.004970 -0.023399
v -0.038107 -0.006182 -0.023399
v -0.037061 -0.007245 -0.023399
v -0.035863 -0.008133 -0.023399
v -0.034542 -0.008825 -0.023400
v -0.033130 -0.009304 -0.023400
v -0.031661 -0.009558 -0.023400
v -0.030170 -0.009582 -0.023401
v -0.029032 0.008256 -0.023401
v -0.029328 0.007125 -0.023401
v -0.029579 0.005984 -0.023401
v -0.030768 0.006100 -0.023401
v -0.031958 0.005982 -0.023400
v -0.033101 0.005634 -0.023400
v -0.034155 0.005070 -0.023400
v -0.035078 0.004312 -0.023400
v -0.035836 0.003387 -0.023399
v -0.036399 0.002333 -0.023399
v -0.036746 0.001189 -0.023399
v -0.036863 0.000000 -0.023399
v -0.036746 -0.001189 -0.023399
v -0.036399 -0.002333 -0.023399
v -0.035836 -0.003387 -0.023399
v -0.035078 -0.004312 -0.023400
v -0.034155 -0.005070 -0.023400
v -0.033101 -0.005634 -0.023400
v -0.031958 -0.005982 -0.023400
v -0.030768 -0.006100 -0.023401
v -0.029578 0.005984 -0.022401
v -0.030768 0.006100 -0.022401
v -0.031957 0.005982 -0.022400
v -0.033101 0.005634 -0.022400
v -0.034154 0.005070 -0.022400
v -0.035078 0.004312 -0.022399
v -0.035836 0.003387 -0.022399
v -0.036399 0.002333 -0.022399
v -0.036746 0.001189 -0.022399
v -0.036863 0.000000 -0.022399
v -0.036746 -0.001189 -0.022399
v -0.036399 -0.002333 -0.022399
v -0.035836 -0.003387 -0.022399
v -0.035078 -0.004312 -0.022399
v -0.034154 -0.005070 -0.022400
v -0.033101 -0.005634 -0.022400
v -0.031957 -0.005982 -0.022400
v -0.030768 -0.006100 -0.022401
v -0.029552 0.006115 -0.022401
v -0.029525 0.006245 -0.022401
v -0.029497 0.006376 -0.022401
v -0.030698 0.006500 -0.022401
v -0.031901 0.006400 -0.022400
v -0.033065 0.006079 -0.022400
v -0.034149 0.005548 -0.022400
v -0.035116 0.004827 -0.022399
v -0.035934 0.003938 -0.022399
v -0.036573 0.002914 -0.022399
v -0.037012 0.001790 -0.022399
v -0.037235 0.000604 -0.022399
v -0.037235 -0.000604 -0.022399
v -0.037012 -0.001790 -0.022399
v -0.036573 -0.002914 -0.022399
v -0.035934 -0.003938 -0.022399
v -0.035116 -0.004827 -0.022399
v -0.034149 -0.005548 -0.022400
v -0.033065 -0.006079 -0.022400
v -0.031901 -0.006400 -0.022400
v -0.030698 -0.006500 -0.022401
v -0.029496 0.006376 -0.018201
v -0.030697 0.006500 -0.018201
v -0.031900 0.006400 -0.018200
v -0.033064 0.006079 -0.018200
v -0.034148 0.005548 -0.018200
v -0.035115 0.004827 -0.018199
v -0.035933 0.003938 -0.018199
v -0.036572 0.002914 -0.018199
v -0.037011 0.001790 -0.018199
v -0.037234 0.000604 -0.018199
v -0.037234 -0.000604 -0.018199
v -0.037011 -0.001790 -0.018199
v -0.036572 -0.002914 -0.018199
v -0.035933 -0.003938 -0.018199
v -0.035115 -0.004827 -0.018199
v -0.034148 -0.005548 -0.018200
v -0.033064 -0.006079 -0.018200
v -0.031900 -0.006400 -0.018200
v -0.030697 -0.006500 -0.018201
v -0.029524 0.006245 -0.018201
v -0.029551 0.006115 -0.018201
v -0.029239 0.007476 -0.017201
v -0.028826 0.008950 -0.017201
v -0.028338 0.010400 -0.017201
v -0.030762 0.010400 -0.017201
v -0.032312 0.010284 -0.017200
v -0.033827 0.009938 -0.017200
v -0.035274 0.009370 -0.017199
v -0.036620 0.008593 -0.017199
v -0.037835 0.007624 -0.017199
v -0.038893 0.006484 -0.017199
v -0.039768 0.005200 -0.017198
v -0.040443 0.003800 -0.017198
v -0.040901 0.002314 -0.017198
v -0.041132 0.000777 -0.017198
v -0.041132 -0.000777 -0.017198
v -0.040901 -0.002314 -0.017198
v -0.040443 -0.003800 -0.017198
v -0.039768 -0.005200 -0.017198
v -0.038893 -0.006484 -0.017199
v -0.037835 -0.007624 -0.017199
v -0.036620 -0.008593 -0.017199
v -0.035274 -0.009370 -0.017199
v -0.033827 -0.009938 -0.017200
v -0.032312 -0.010284 -0.017200
v -0.028582 0.009718 -0.033501
v -0.028464 0.010059 -0.033501
v -0.028342 0.010400 -0.033501
v -0.030766 0.010400 -0.033501
v -0.032316 0.010284 -0.033500
v -0.033831 0.009938 -0.033500
v -0.035278 0.009370 -0.033499
v -0.036624 0.008593 -0.033499
v -0.037839 0.007624 -0.033499
v -0.038897 0.006484 -0.033499
v -0.039772 0.005200 -0.033498
v -0.040447 0.003800 -0.033498
v -0.040905 0.002314 -0.033498
v -0.041136 0.000777 -0.033498
v -0.041136 -0.000777 -0.033498
v -0.040905 -0.002314 -0.033498
v -0.040447 -0.003800 -0.033498
v -0.039772 -0.005200 -0.033498
v -0.038897 -0.006484 -0.033499
v -0.037839 -0.007624 -0.033499
v -0.036624 -0.008593 -0.033499
v -0.035278 -0.009370 -0.033499
v -0.033831 -0.009938 -0.033500
v -0.032316 -0.010284 -0.033500
v -0.028683 -0.009374 0.019399
v -0.028680 -0.009374 0.029099
v -0.028567 -0.009718 0.029099
v -0.028449 -0.010059 0.029099
v -0.028327 -0.010400 0.029099
v -0.028331 -0.010400 0.013199
v -0.028819 -0.008950 0.013199
v -0.029232 -0.007476 0.013199
v -0.029570 -0.005984 0.013199
v -0.029570 -0.005984 0.014199
v -0.029543 -0.006115 0.014199
v -0.029516 -0.006245 0.014199
v -0.029489 -0.006376 0.014199
v -0.029488 -0.006376 0.018399
v -0.029515 -0.006245 0.018399
v -0.029542 -0.006115 0.018399
v -0.029569 -0.005984 0.018399
v -0.029568 -0.005984 0.019399
v -0.029317 -0.007125 0.019399
v -0.029022 -0.008256 0.019399
v -0.030754 -0.010400 0.013199
v -0.030750 -0.010400 0.029099
v -0.030160 -0.009582 0.019399
v -0.031651 -0.009558 0.019400
v -0.033120 -0.009304 0.019400
v -0.034532 -0.008825 0.019400
v -0.035853 -0.008133 0.019401
v -0.037051 -0.007245 0.019401
v -0.038097 -0.006182 0.019401
v -0.038966 -0.004970 0.019401
v -0.039637 -0.003638 0.019402
v -0.040093 -0.002219 0.019402
v -0.040324 -0.000746 0.019402
v -0.040324 0.000746 0.019402
v -0.040093 0.002219 0.019402
v -0.039637 0.003638 0.019402
v -0.038966 0.004970 0.019401
v -0.038097 0.006182 0.019401
v -0.037051 0.007245 0.019401
v -0.035853 0.008133 0.019401
v -0.034532 0.008825 0.019400
v -0.033120 0.009304 0.019400
v -0.031651 0.009558 0.019400
v -0.030160 0.009582 0.019399
v -0.028683 0.009374 0.019399
v -0.028680 0.009374 0.029099
v -0.030157 0.009582 0.029099
v -0.031648 0.009558 0.029100
v -0.033117 0.009304 0.029100
v -0.034530 0.008825 0.029100
v -0.035851 0.008133 0.029101
v -0.037049 0.007245 0.029101
v -0.038095 0.006182 0.029101
v -0.038964 0.004970 0.029101
v -0.039634 0.003638 0.029102
v -0.040090 0.002219 0.029102
v -0.040321 0.000746 0.029102
v -0.040321 -0.000746 0.029102
v -0.040090 -0.002219 0.029102
v -0.039634 -0.003638 0.029102
v -0.038964 -0.004970 0.029101
v -0.038095 -0.006182 0.029101
v -0.037049 -0.007245 0.029101
v -0.035851 -0.008133 0.029101
v -0.034530 -0.008825 0.029100
v -0.033117 -0.009304 0.029100
v -0.031648 -0.009558 0.029100
v -0.030157 -0.009582 0.029099
v -0.030696 -0.006100 0.013199
v -0.031825 -0.006005 0.013200
v -0.032916 -0.005704 0.013200
v -0.033934 -0.005206 0.013200
v -0.034841 -0.004529 0.013200
v -0.035608 -0.003695 0.013201
v -0.036207 -0.002734 0.013201
v -0.036619 -0.001679 0.013201
v -0.036828 -0.000566 0.013201
v -0.036828 0.000566 0.013201
v -0.036619 0.001679 0.013201
v -0.036207 0.002734 0.013201
v -0.035608 0.003695 0.013201
v -0.034841 0.004529 0.013200
v -0.033934 0.005206 0.013200
v -0.032916 0.005704 0.013200
v -0.031825 0.006005 0.013200
v -0.030696 0.006100 0.013199
v -0.029570 0.005984 0.013199
v -0.029570 0.005984 0.014199
v -0.030696 0.006100 0.014199
v -0.031825 0.006005 0.014200
v -0.032916 0.005704 0.014200
v -0.033933 0.005206 0.014200
v -0.034841 0.004529 0.014200
v -0.035607 0.003695 0.014201
v -0.036207 0.002734 0.014201
v -0.036618 0.001679 0.014201
v -0.036828 0.000566 0.014201
v -0.036828 -0.000566 0.014201
v -0.036618 -0.001679 0.014201
v -0.036207 -0.002734 0.014201
v -0.035607 -0.003695 0.014201
v -0.034841 -0.004529 0.014200
v -0.033933 -0.005206 0.014200
v -0.032916 -0.005704 0.014200
v -0.031825 -0.006005 0.014200
v -0.030696 -0.006100 0.014199
v -0.029543 0.006115 0.014199
v -0.029516 0.006245 0.014199
v -0.029489 0.006376 0.014199
v -0.030689 0.006500 0.014199
v -0.031892 0.006400 0.014200
v -0.033056 0.006079 0.014200
v -0.034140 0.005548 0.014200
v -0.035108 0.004827 0.014201
v -0.035925 0.003938 0.014201
v -0.036564 0.002914 0.014201
v -0.037003 0.001790 0.014201
v -0.037226 0.000604 0.014201
v -0.037226 -0.000604 0.014201
v -0.037003 -0.001790 0.014201
v -0.036564 -0.002914 0.014201
v -0.035925 -0.003938 0.014201
v -0.035108 -0.004827 0.014201
v -0.034140 -0.005548 0.014200
v -0.033056 -0.006079 0.014200
v -0.031892 -0.006400 0.014200
v -0.030689 -0.006500 0.014199
v -0.029488 0.006376 0.018399
v -0.030688 0.006500 0.018399
v -0.031891 0.006400 0.018400
v -0.033055 0.006079 0.018400
v -0.034139 0.005548 0.018400
v -0.035107 0.004827 0.018401
v -0.035924 0.003938 0.018401
v -0.036563 0.002914 0.018401
v -0.037002 0.001790 0.018401
v -0.037225 0.000604 0.018401
v -0.037225 -0.000604 0.018401
v -0.037002 -0.001790 0.018401
v -0.036563 -0.002914 0.018401
v -0.035924 -0.003938 0.018401
v -0.035107 -0.004827 0.018401
v -0.034139 -0.005548 0.018400
v -0.033055 -0.006079 0.018400
v -0.031891 -0.006400 0.018400
v -0.030688 -0.006500 0.018399
v -0.029515 0.006245 0.018399
v -0.029542 0.006115 0.018399
v -0.029569 0.005984 0.018399
v -0.030695 0.006100 0.018399
v -0.031824 0.006005 0.018400
v -0.032915 0.005704 0.018400
v -0.033932 0.005206 0.018400
v -0.034840 0.004529 0.018400
v -0.035606 0.003695 0.018401
v -0.036206 0.002734 0.018401
v -0.036617 0.001679 0.018401
v -0.036827 0.000566 0.018401
v -0.036827 -0.000566 0.018401
v -0.036617 -0.001679 0.018401
v -0.036206 -0.002734 0.018401
v -0.035606 -0.003695 0.018401
v -0.034840 -0.004529 0.018400
v -0.033932 -0.005206 0.018400
v -0.032915 -0.005704 0.018400
v -0.031824 -0.006005 0.018400
v -0.030695 -0.006100 0.018399
v -0.029568 0.005984 0.019399
v -0.030695 0.006100 0.019399
v -0.031823 0.006005 0.019400
v -0.032915 0.005704 0.019400
v -0.033932 0.005206 0.019400
v -0.034840 0.004529 0.019400
v -0.035606 0.003695 0.019401
v -0.036206 0.002734 0.019401
v -0.036617 0.001679 0.019401
v -0.036826 0.000566 0.019401
v -0.036826 -0.000566 0.019401
v -0.036617 -0.001679 0.019401
v -0.036206 -0.002734 0.019401
v -0.035606 -0.003695 0.019401
v -0.034840 -0.004529 0.019400
v -0.033932 -0.005206 0.019400
v -0.032915 -0.005704 0.019400
v -0.031823 -0.006005 0.019400
v -0.030695 -0.006100 0.019399
v -0.029317 0.007125 0.019399
v -0.029022 0.008256 0.019399
v -0.028567 0.009718 0.029099
v -0.028449 0.010059 0.029099
v -0.028327 0.010400 0.029099
v -0.030750 0.010400 0.029099
v -0.032300 0.010284 0.029100
v -0.033816 0.009938 0.029100
v -0.035263 0.009370 0.029101
v -0.036609 0.008593 0.029101
v -0.037824 0.007624 0.029101
v -0.038881 0.006484 0.029101
v -0.039757 0.005200 0.029102
v -0.040431 0.003800 0.029102
v -0.040890 0.002314 0.029102
v -0.041121 0.000777 0.029102
v -0.041121 -0.000777 0.029102
v -0.040890 -0.002314 0.029102
v -0.040431 -0.003800 0.029102
v -0.039757 -0.005200 0.029102
v -0.038881 -0.006484 0.029101
v -0.037824 -0.007624 0.029101
v -0.036609 -0.008593 0.029101
v -0.035263 -0.009370 0.029101
v -0.033816 -0.009938 0.029100
v -0.032300 -0.010284 0.029100
v -0.029232 0.007476 0.013199
v -0.028819 0.008950 0.013199
v -0.028331 0.010400 0.013199
v -0.030754 0.010400 0.013199
v -0.032304 0.010284 0.013200
v -0.033820 0.009938 0.013200
v -0.035267 0.009370 0.013201
v -0.036613 0.008593 0.013201
v -0.037828 0.007624 0.013201
v -0.038885 0.006484 0.013201
v -0.039761 0.005200 0.013202
v -0.040435 0.003800 0.013202
v -0.040893 0.002314 0.013202
v -0.041125 0.000777 0.013202
v -0.041125 -0.000777 0.013202
v -0.040893 -0.002314 0.013202
v -0.040435 -0.003800 0.013202
v -0.039761 -0.005200 0.013202
v -0.038885 -0.006484 0.013201
v -0.037828 -0.007624 0.013201
v -0.036613 -0.008593 0.013201
v -0.035267 -0.009370 0.013201
v -0.033820 -0.009938 0.013200
v -0.032304 -0.010284 0.013200
v -0.021006 0.013861 -0.082803
v -0.017006 0.017861 -0.082804
v -0.017008 0.017861 -0.092804
v -0.021008 0.013861 -0.092803
v 0.016994 0.017861 -0.082812
v 0.016992 0.017861 -0.092812
v -0.021006 -0.020139 -0.082803
v -0.017006 -0.024139 -0.082804
v 0.016994 -0.024139 -0.082812
v 0.020994 -0.020139 -0.082813
v 0.020994 0.013861 -0.082813
v -0.020806 0.011061 -0.082803
v -0.014206 0.017661 -0.082805
v 0.014194 0.017661 -0.082811
v 0.020794 0.011061 -0.082813
v 0.020794 -0.017339 -0.082813
v 0.014194 -0.023939 -0.082811
v -0.014206 -0.023939 -0.082805
v -0.020806 -0.017339 -0.082803
v 0.016992 -0.024139 -0.092812
v 0.020992 -0.020139 -0.092813
v -0.017008 -0.024139 -0.092804
v -0.021008 -0.020139 -0.092803
v 0.020992 0.013861 -0.092813
v -0.017005 0.017861 -0.078804
v -0.021005 0.013861 -0.078803
v -0.021003 0.013861 -0.068803
v -0.017003 0.017861 -0.068804
v -0.021005 -0.020139 -0.078803
v -0.021003 -0.020139 -0.068803
v 0.016995 0.017861 -0.078812
v 0.020995 0.013861 -0.078813
v 0.020995 -0.020139 -0.078813
v 0.016995 -0.024139 -0.078812
v -0.017005 -0.024139 -0.078804
v 0.014195 -0.023939 -0.078811
v 0.020795 -0.017339 -0.078813
v 0.020795 0.011061 -0.078813
v 0.014195 0.017661 -0.078811
v -0.014205 0.017661 -0.078805
v -0.020805 0.011061 -0.078803
v -0.020805 -0.017339 -0.078803
v -0.014205 -0.023939 -0.078805
v 0.020997 -0.020139 -0.068813
v 0.016997 -0.024139 -0.068812
v -0.017003 -0.024139 -0.068804
v 0.016997 0.017861 -0.068812
v 0.020997 0.013861 -0.068813
v -0.016998 -0.024139 -0.050504
v 0.017002 -0.024139 -0.050512
v 0.017004 -0.024139 -0.043012
v -0.016996 -0.024139 -0.043004
v -0.017002 -0.024139 -0.065304
v 0.016998 -0.024139 -0.065312
v -0.020998 -0.020139 -0.050503
v -0.020996 -0.020139 -0.043003
v -0.021002 -0.020139 -0.065303
v -0.021003 -0.020139 -0.068803
v -0.017003 -0.024139 -0.068804
v 0.021002 -0.020139 -0.050513
v 0.021004 -0.020139 -0.043013
v 0.020998 -0.020139 -0.065313
v -0.020998 0.013861 -0.050503
v -0.020996 0.013861 -0.043003
v -0.021002 0.013861 -0.065303
v -0.021003 0.013861 -0.068803
v 0.021002 0.013861 -0.050513
v 0.021004 0.013861 -0.043013
v 0.020998 0.013861 -0.065313
v -0.016998 0.017861 -0.050504
v -0.016996 0.017861 -0.043004
v -0.017002 0.017861 -0.065304
v -0.017003 0.017861 -0.068804
v 0.017002 0.017861 -0.050512
v 0.017004 0.017861 -0.043012
v 0.016998 0.017861 -0.065312
v 0.016997 0.017861 -0.068812
v 0.020997 0.013861 -0.068813
v 0.020997 -0.020139 -0.068813
v 0.016997 -0.024139 -0.068812
vn 0.6548 -0.7547 0.0415
vn 0.4966 -0.8670 0.0415
vn 0.6577 -0.7521 0.0415
vn 0.4484 -0.8929 0.0415
vn 0.3188 -0.9469 0.0416
vn 0.2104 -0.9767 0.0416
vn 0.1763 -0.9835 0.0416
vn 0.0292 -0.9987 0.0416
vn -0.0410 -0.9983 0.0417
vn -0.1192 -0.9920 0.0417
vn -0.2898 -0.9562 0.0417
vn -0.2655 -0.9632 0.0417
vn -0.5248 -0.8502 0.0418
vn -0.5200 -0.8531 0.0417
vn -0.6404 -0.7669 0.0418
vn -0.7172 -0.6956 0.0418
vn -0.7434 -0.6676 0.0418
vn -0.8313 -0.5543 0.0418
vn -0.8686 -0.4938 0.0418
vn -0.9022 -0.4293 0.0418
vn -0.9646 -0.2604 0.0418
vn -0.9545 -0.2952 0.0419
vn -0.9871 -0.1548 0.0419
vn -0.9991 -0.0105 0.0418
vn -0.9991 -0.0107 0.0419
vn -0.9902 0.1329 0.0419
vn -0.9698 0.2402 0.0418
vn -0.9608 0.2740 0.0419
vn -0.9114 0.4093 0.0418
vn -0.8787 0.4755 0.0419
vn -0.8433 0.5359 0.0418
vn -0.7316 0.6804 0.0418
vn -0.7579 0.6511 0.0418
vn -0.6571 0.7527 0.0418
vn -0.5433 0.8385 0.0418
vn -0.5379 0.8420 0.0418
vn 0.8084 -0.5887 -0.0002
vn 0.6583 -0.7528 -0.0002
vn 0.6383 -0.7698 -0.0002
vn 0.4487 -0.8937 -0.0001
vn 0.4287 -0.9034 -0.0001
vn 0.2106 -0.9776 -0.0000
vn 0.1927 -0.9813 -0.0003
vn -0.0411 -0.9992 0.0003
vn -0.0552 -0.9985 -0.0000
vn -0.2901 -0.9570 0.0002
vn -0.2998 -0.9540 -0.0002
vn -0.5206 -0.8538 0.0005
vn -0.5258 -0.8506 -0.0000
vn -0.7179 -0.6962 0.0003
vn -0.7193 -0.6947 0.0002
vn -0.8693 -0.4942 0.0004
vn -0.8683 -0.4960 0.0002
vn -0.9638 -0.2664 0.0004
vn -0.9654 -0.2607 0.0006
vn -0.9998 -0.0207 -0.0001
vn -0.9999 -0.0105 0.0004
vn -0.9740 0.2266 0.0001
vn -0.9707 0.2403 0.0005
vn -0.8880 0.4597 0.0001
vn -0.8795 0.4758 0.0005
vn -0.7473 0.6645 -0.0001
vn -0.7323 0.6810 0.0003
vn -0.5603 0.8283 0.0001
vn -0.5383 0.8427 0.0001
vn -0.3388 0.9409 0.0001
vn -0.0002 -0.0000 -1.0000
vn -0.0003 -0.0000 -1.0000
vn -0.6225 -0.3356 -0.7070
vn -0.6230 -0.3349 -0.7070
vn -0.6722 -0.2201 -0.7069
vn -0.6727 -0.2185 -0.7069
vn -0.7005 -0.0975 -0.7069
vn -0.7009 -0.0951 -0.7069
vn -0.7067 0.0282 -0.7069
vn -0.7066 0.0313 -0.7069
vn -0.6905 0.1531 -0.7069
vn -0.6897 0.1568 -0.7069
vn -0.6524 0.2730 -0.7070
vn -0.6507 0.2772 -0.7069
vn -0.4960 -0.5041 -0.7070
vn -0.4967 -0.5035 -0.7070
vn -0.3871 -0.5919 -0.7070
vn -0.3799 -0.5965 -0.7070
vn -0.2630 -0.6565 -0.7070
vn -0.2462 -0.6629 -0.7070
vn -0.1286 -0.6953 -0.7071
vn -0.1016 -0.6998 -0.7071
vn 0.0109 -0.7070 -0.7071
vn 0.0476 -0.7055 -0.7071
vn 0.1499 -0.6910 -0.7071
vn 0.1946 -0.6798 -0.7071
vn 0.2830 -0.6479 -0.7072
vn 0.3330 -0.6237 -0.7072
vn 0.4050 -0.5795 -0.7072
vn 0.4565 -0.5399 -0.7072
vn 0.5112 -0.4883 -0.7073
vn 0.5596 -0.4320 -0.7072
vn 0.5974 -0.3781 -0.7072
vn 0.6378 -0.3049 -0.7072
vn 0.6601 -0.2530 -0.7073
vn 0.6876 -0.1642 -0.7073
vn 0.6970 -0.1181 -0.7073
vn 0.7068 -0.0161 -0.7073
vn 0.7066 0.0215 -0.7073
vn 0.6944 0.1326 -0.7073
vn 0.6885 0.1602 -0.7073
vn 0.6511 0.2755 -0.7073
vn 0.6435 0.2927 -0.7073
vn 0.5787 0.4060 -0.7073
vn 0.5733 0.4137 -0.7072
vn 0.4806 0.5185 -0.7072
vn -0.5738 -0.0000 -0.8190
vn 0.3802 0.8926 0.2424
vn 0.1394 0.9601 0.2424
vn 0.1821 0.9529 0.2425
vn -0.0682 0.9677 0.2426
vn -0.1106 0.9638 0.2425
vn -0.3250 0.9141 0.2426
vn -0.3533 0.9035 0.2427
vn -0.5674 0.7869 0.2427
vn -0.5725 0.7832 0.2426
vn -0.6756 0.6961 0.2427
vn -0.7537 0.6107 0.2427
vn -0.7710 0.5888 0.2427
vn -0.8504 0.4669 0.2427
vn -0.8848 0.3978 0.2427
vn -0.9112 0.3329 0.2428
vn -0.9571 0.1583 0.2427
vn -0.9513 0.1901 0.2428
vn -0.9692 0.0422 0.2428
vn -0.9658 -0.0916 0.2427
vn -0.9642 -0.1069 0.2428
vn -0.9365 -0.2529 0.2428
vn -0.9103 -0.3355 0.2427
vn -0.8872 -0.3924 0.2428
vn -0.7942 -0.5571 0.2427
vn -0.8180 -0.5215 0.2427
vn -0.6255 -0.7415 0.2427
vn 0.3919 0.9200 -0.0001
vn 0.3918 0.9200 -0.0001
vn 0.1438 0.9896 -0.0000
vn 0.0734 0.9973 -0.0000
vn -0.1141 0.9935 0.0001
vn -0.2529 0.9675 0.0001
vn -0.3643 0.9313 0.0001
vn -0.4766 0.8791 -0.0000
vn -0.5902 0.8072 0.0002
vn -0.6728 0.7398 0.0001
vn -0.7770 0.6295 0.0002
vn -0.8301 0.5577 0.0002
vn -0.9121 0.4100 0.0003
vn -0.9392 0.3433 0.0002
vn -0.9866 0.1632 0.0003
vn -0.9940 0.1090 0.0002
vn -0.9955 -0.0944 0.0003
vn -0.9913 -0.1316 0.0001
vn -0.9383 -0.3458 0.0003
vn -0.9312 -0.3646 0.0001
vn -0.8187 -0.5742 0.0003
vn -0.8171 -0.5765 0.0002
vn -0.6558 -0.7550 0.0002
vn -0.4565 -0.8897 0.0001
vn -0.6448 -0.7644 0.0002
vn -0.7069 -0.7073 0.0002
vn -0.7013 -0.7129 0.0002
vn -0.6818 -0.7315 0.0002
vn -0.7012 -0.7129 0.0002
vn -0.6420 -0.7667 0.0002
vn -0.5471 -0.8370 0.0001
vn -0.5711 -0.8209 0.0001
vn -0.4955 -0.8686 0.0001
vn -0.3716 -0.9284 0.0001
vn -0.4761 -0.8794 0.0001
vn -0.4673 -0.8841 0.0001
vn -0.4053 -0.9142 0.0001
vn -0.4688 -0.8833 0.0001
vn -0.4807 -0.8769 0.0001
vn -0.5863 -0.8101 0.0002
vn -0.5641 -0.8257 0.0001
vn -0.6421 -0.7667 0.0002
vn -0.7419 -0.6706 0.0002
vn -0.7531 -0.6579 0.0002
vn -0.8459 -0.5333 0.0002
vn -0.8650 -0.5018 0.0002
vn -0.9075 -0.4201 0.0002
vn -0.9503 -0.3112 0.0002
vn -0.9504 -0.3112 0.0002
vn -0.2065 -0.9784 0.0001
vn -0.1816 -0.9834 -0.0000
vn 0.0012 -1.0000 -0.0001
vn 0.0156 -0.9999 0.0001
vn 0.2090 -0.9779 -0.0000
vn 0.2123 -0.9772 -0.0000
vn 0.4003 -0.9164 -0.0002
vn 0.4076 -0.9132 -0.0001
vn 0.5730 -0.8195 -0.0003
vn 0.5884 -0.8086 -0.0000
vn 0.7232 -0.6907 -0.0004
vn 0.7435 -0.6687 -0.0001
vn 0.8450 -0.5347 -0.0003
vn 0.8662 -0.4996 -0.0002
vn 0.9338 -0.3579 -0.0002
vn 0.9511 -0.3088 -0.0001
vn 0.9860 -0.1670 -0.0002
vn 0.9945 -0.1044 -0.0002
vn 0.9995 0.0304 -0.0003
vn 0.9945 0.1044 -0.0001
vn 0.9740 0.2266 -0.0003
vn 0.9511 0.3088 -0.0001
vn 0.9103 0.4140 -0.0002
vn 0.8662 0.4996 -0.0002
vn 0.8110 0.5851 -0.0003
vn 0.7435 0.6687 -0.0002
vn 0.6799 0.7333 -0.0000
vn 0.5884 0.8086 -0.0001
vn 0.6572 0.7537 -0.0002
vn 0.5805 0.8142 -0.0001
vn 0.5000 0.8660 -0.0001
vn 0.5001 0.8660 -0.0001
vn 0.5000 0.8660 0.0011
vn 0.4997 0.8662 0.0023
vn 0.4989 0.8667 0.0028
vn 0.4076 0.9132 -0.0001
vn 0.4968 0.8679 0.0039
vn 0.4951 0.8688 0.0071
vn 0.3541 0.9352 -0.0001
vn 0.3328 0.9430 0.0010
vn 0.2090 0.9779 -0.0001
vn 0.2338 0.9723 0.0036
vn 0.1345 0.9909 -0.0000
vn 0.0013 1.0000 -0.0000
vn 0.0292 0.9996 -0.0000
vn -0.0785 0.9969 -0.0000
vn -0.2065 0.9784 0.0001
vn -0.1861 0.9825 -0.0000
vn -0.2922 0.9563 0.0001
vn -0.4053 0.9142 0.0001
vn -0.3959 0.9183 0.0001
vn -0.4950 0.8689 0.0001
vn -0.4809 0.8768 0.0001
vn -0.5641 0.8257 0.0001
vn -0.5863 0.8101 0.0002
vn -0.6421 0.7667 0.0002
vn -0.7419 0.6706 0.0002
vn -0.7531 0.6579 0.0002
vn -0.8459 0.5333 0.0002
vn -0.8650 0.5018 0.0002
vn -0.9075 0.4201 0.0002
vn -0.9503 0.3112 0.0002
vn -0.9504 0.3112 0.0002
vn -0.9539 0.3000 -0.0000
vn -0.9617 0.2740 0.0002
vn -0.9539 0.3000 0.0002
vn -0.9617 0.2740 0.0003
vn -0.9428 0.3334 0.0002
vn -0.9200 0.3920 0.0002
vn -0.9751 0.2217 0.0002
vn -0.8836 0.4682 0.0002
vn -0.9875 0.1576 0.0002
vn -0.9990 0.0443 0.0002
vn -1.0000 -0.0000 0.0003
vn -0.9909 -0.1345 0.0002
vn -0.9875 -0.1576 0.0003
vn -0.9511 -0.3090 0.0002
vn -0.9428 -0.3333 0.0002
vn -0.9539 -0.3000 0.0002
vn -0.9618 -0.2739 0.0001
vn -0.9617 -0.2740 0.0002
vn -0.9717 -0.2363 0.0002
vn -0.9717 -0.2364 0.0003
vn -0.9774 -0.2114 0.0002
vn -0.9783 -0.2070 0.0002
vn -0.9792 -0.2027 0.0002
vn -0.9801 -0.1983 0.0002
vn -0.9801 -0.1987 0.0002
vn -0.9814 -0.1918 0.0002
vn -0.8808 -0.4736 0.0002
vn -0.8746 -0.4848 0.0002
vn -0.9539 -0.3000 -0.0000
vn -0.9717 0.2363 0.0002
vn -0.9774 0.2114 0.0002
vn -0.9783 0.2070 0.0002
vn -0.9792 0.2027 0.0002
vn -0.9801 0.1987 0.0002
vn -0.9801 0.1983 0.0002
vn -0.9814 0.1918 0.0002
vn -0.9827 0.1852 0.0001
vn -0.9839 0.1787 0.0002
vn -0.9864 0.1641 0.0003
vn -0.9915 0.1301 0.0004
vn -0.9792 0.2029 -0.0001
vn -0.9801 0.1984 0.0002
vn -0.9954 0.0955 0.0002
vn -0.9954 0.0956 0.0002
vn -0.9792 0.2027 0.0003
vn -0.9783 -0.2070 0.0003
vn -0.9792 -0.2027 0.0003
vn -0.9801 -0.1984 0.0002
vn -0.9827 -0.1852 0.0001
vn -0.9839 -0.1787 0.0002
vn -0.9864 -0.1641 0.0003
vn -0.9915 -0.1301 0.0004
vn -0.9954 -0.0956 0.0002
vn -0.9954 -0.0955 0.0002
vn -0.9792 -0.2029 -0.0001
vn -0.7645 0.6447 0.0002
vn -0.7644 0.6447 0.0002
vn -0.6818 0.7315 0.0002
vn -0.8073 0.5902 0.0002
vn -0.8545 0.5192 -0.0162
vn -0.8545 0.5191 -0.0162
vn -0.8524 0.5223 -0.0261
vn -0.8609 0.5071 -0.0417
vn -0.8674 0.4929 -0.0677
vn -0.6779 -0.7071 0.2010
vn -0.5329 -0.7071 0.4648
vn -0.5937 -0.7071 0.3841
vn -0.6424 -0.7071 0.2956
vn 0.4733 -0.7073 -0.5251
vn 0.4734 -0.7071 -0.5252
vn 0.3277 -0.7071 -0.6266
vn 0.1612 -0.7071 -0.6885
vn -0.0154 -0.7071 -0.7069
vn -0.1911 -0.7071 -0.6808
vn -0.3547 -0.7071 -0.6117
vn -0.4959 -0.7071 -0.5041
vn -0.6059 -0.7071 -0.3646
vn -0.6776 -0.7071 -0.2022
vn -0.7066 -0.7071 -0.0270
vn -0.6910 -0.7071 0.1499
vn -0.6319 -0.7071 0.3174
vn 0.5140 -0.7071 -0.4856
vn 0.5139 -0.7071 -0.4857
vn 0.5103 -0.7071 -0.4895
vn 0.5008 -0.7071 -0.4992
vn 0.4983 -0.7071 -0.5017
vn 0.4873 -0.7071 -0.5124
vn 0.4860 -0.7071 -0.5136
vn 0.5141 -0.7071 -0.4855
vn 0.5140 -0.7071 -0.4855
vn -0.0002 -0.7071 -0.7071
vn 0.1268 -0.7071 -0.6956
vn 0.1568 -0.7071 -0.6895
vn 0.2459 -0.7071 -0.6630
vn 0.3060 -0.7071 -0.6375
vn 0.4050 -0.7071 -0.5797
vn 0.4399 -0.7071 -0.5536
vn 0.5380 -0.7071 -0.4589
vn 0.5519 -0.7071 -0.4421
vn 0.6362 -0.7071 -0.3086
vn 0.5197 -0.7071 -0.4795
vn 0.5535 -0.7071 -0.4401
vn 0.5236 -0.7071 -0.4752
vn 0.5235 -0.7071 -0.4753
vn 0.5560 -0.7071 -0.4369
vn 0.5235 -0.7071 -0.4754
vn 0.5234 -0.7071 -0.4754
vn 0.5842 -0.7071 -0.3983
vn 0.5858 -0.7071 -0.3960
vn 0.6119 -0.7071 -0.3544
vn 0.6126 -0.7071 -0.3531
vn 0.6107 -0.6486 -0.4543
vn 0.6073 -0.6490 -0.4582
vn 0.6108 -0.6487 -0.4541
vn 0.6155 -0.6483 -0.4483
vn 0.6126 -0.6485 -0.4518
vn 0.6186 -0.6479 -0.4444
vn 0.6188 -0.6479 -0.4442
vn 0.5269 0.5738 -0.6270
vn 0.5354 0.5659 -0.6270
vn 0.5501 0.5599 -0.6196
vn 0.5123 0.5530 -0.6570
vn 0.5162 0.5407 -0.6642
vn 0.5014 0.5464 -0.6709
vn 0.4811 0.5328 -0.6962
vn 0.4951 0.5561 -0.6675
vn 0.4679 0.5368 -0.7021
vn 0.4855 0.5212 -0.7019
vn 0.4777 0.5228 -0.7061
vn 0.7315 0.4207 -0.5367
vn 0.8402 0.2754 -0.4671
vn 0.7618 0.3873 -0.5192
vn 0.8398 0.2761 -0.4675
vn 0.7307 0.4214 -0.5371
vn 0.7123 0.4398 -0.5470
vn 0.5523 0.5607 -0.6169
vn 0.5735 0.5477 -0.6091
vn 0.5533 0.5600 -0.6166
vn 0.5452 0.5643 -0.6200
vn 0.7892 0.5251 -0.3184
vn 0.7765 0.5757 -0.2562
vn 0.7692 0.5545 -0.3175
vn 0.7568 0.5835 -0.2945
vn 0.7577 0.5425 -0.3627
vn 0.7815 0.4967 -0.3775
vn 0.7702 0.4837 -0.4158
vn 0.7920 0.4577 -0.4040
vn 0.7950 0.4068 -0.4500
vn 0.8143 0.3801 -0.4388
vn 0.8109 0.3588 -0.4623
vn 0.8275 0.3037 -0.4723
vn 0.8512 0.2599 -0.4559
vn 0.8321 0.3633 -0.4190
vn 0.8100 0.4520 -0.3738
vn 0.8398 0.2774 -0.4666
vn 0.6336 0.6936 -0.3428
vn 0.6733 0.6690 -0.3149
vn 0.6481 0.6927 -0.3166
vn 0.7015 0.6455 -0.3021
vn 0.7716 0.5806 -0.2598
vn 0.7550 0.5937 -0.2784
vn 0.7573 0.5860 -0.2882
vn 0.7652 0.5818 -0.2758
vn 0.4734 0.7071 -0.5252
vn 0.4735 0.7071 -0.5252
vn 0.5152 0.7071 -0.4843
vn 0.5534 0.7071 -0.4401
vn 0.5879 0.7071 -0.3929
vn 0.6183 0.7071 -0.3430
vn -0.5329 0.7071 0.4648
vn -0.6319 0.7071 0.3174
vn -0.6910 0.7071 0.1499
vn -0.7066 0.7071 -0.0270
vn -0.6776 0.7071 -0.2022
vn -0.6059 0.7071 -0.3646
vn -0.4959 0.7071 -0.5041
vn -0.3547 0.7071 -0.6117
vn -0.1911 0.7071 -0.6808
vn -0.0154 0.7071 -0.7069
vn 0.1612 0.7071 -0.6885
vn 0.3277 0.7071 -0.6266
vn -0.6779 0.7071 0.2010
vn -0.6424 0.7071 0.2956
vn -0.5937 0.7071 0.3841
vn -0.6780 0.7071 0.2010
vn 0.6267 0.7037 -0.3346
vn -0.7192 0.6283 0.2966
vn -0.6847 0.7001 0.2025
vn -0.7075 0.6450 0.2888
vn -0.6783 0.6995 0.2249
vn -0.7122 0.6243 0.3211
vn -0.7353 0.5813 0.3485
vn -0.7487 0.5353 0.3911
vn -0.7614 0.5176 0.3904
vn -0.7846 0.4398 0.4370
vn -0.7928 0.4351 0.4268
vn -0.8171 0.3426 0.4637
vn -0.8250 0.3606 0.4352
vn -0.7925 0.4524 0.4090
vn -0.7562 0.5433 0.3647
vn -0.6800 0.7021 0.2113
vn -0.6788 0.7039 0.2091
vn -0.6776 0.7069 0.2029
vn -0.8386 0.5085 0.1953
vn -0.8184 0.5244 0.2349
vn -0.8325 0.5135 0.2080
vn -0.8172 0.5245 0.2391
vn -0.8368 0.5091 0.2014
vn -0.8601 0.4815 0.1683
vn -0.8568 0.4851 0.1746
vn -0.8742 0.4538 0.1728
vn -0.8821 0.4377 0.1742
vn -0.8842 0.4216 0.2012
vn -0.8884 0.4080 0.2106
vn -0.8852 0.3906 0.2527
vn -0.8854 0.3818 0.2652
vn -0.8761 0.3659 0.3141
vn -0.8724 0.3616 0.3289
vn -0.8560 0.3519 0.3788
vn -0.8571 0.3517 0.3764
vn -0.8416 0.3483 0.4128
vn -0.8372 0.3454 0.4240
vn -0.8251 0.3461 0.4466
vn -0.8223 0.3403 0.4560
vn -0.8392 0.3441 0.4212
vn -0.8543 0.3498 0.3846
vn -0.8775 0.3666 0.3092
vn -0.8896 0.3897 0.2382
vn -0.8893 0.4185 0.1847
vn -0.8597 0.4834 0.1651
vn -0.8228 0.3467 0.4503
vn -0.8289 0.5286 0.1831
vn -0.8171 0.5245 0.2392
vn -0.8214 0.5262 0.2199
vn -0.8185 0.5245 0.2345
vn -0.8286 0.5285 0.1849
vn -0.8358 0.5294 0.1451
vn -0.8390 0.5287 0.1287
vn -0.8424 0.5290 0.1029
vn -0.8484 0.5253 0.0653
vn -0.8518 0.5238 0.0098
vn -0.8552 0.5183 -0.0049
vn -0.8511 0.5244 -0.0249
vn -0.8472 0.5288 0.0508
vn -0.8394 0.5300 0.1204
vn -0.8178 0.5244 0.2371
vn -0.8179 0.5245 0.2365
vn -0.8181 0.5245 0.2360
vn -0.8182 0.5245 0.2356
vn -0.8183 0.5245 0.2353
vn -0.8172 0.5245 0.2388
vn -0.8174 0.5245 0.2382
vn -0.8175 0.5245 0.2379
vn -0.8176 0.5245 0.2374
vn 0.6696 -0.0000 -0.7428
vn 0.6695 -0.0000 -0.7428
vn 0.4634 -0.0000 -0.8862
vn 0.2280 -0.0000 -0.9737
vn -0.0218 -0.0000 -0.9998
vn -0.2702 -0.0000 -0.9628
vn -0.5016 -0.0000 -0.8651
vn -0.7013 -0.0000 -0.7129
vn -0.8568 -0.0000 -0.5156
vn -0.9583 -0.0000 -0.2859
vn -0.9993 -0.0000 -0.0381
vn -0.9773 -0.0000 0.2120
vn -0.8936 -0.0000 0.4488
vn -0.8936 -0.0000 0.4489
vn -0.7536 -0.0000 0.6573
vn -0.7536 0.0012 0.6573
vn 0.5237 0.8519 -0.0001
vn 0.6492 0.7606 -0.0002
vn 0.5815 0.8135 -0.0001
vn 0.5467 0.8373 -0.0001
vn 0.7294 0.6841 -0.0002
vn 0.7772 0.6292 -0.0002
vn 0.7621 0.6474 -0.0002
vn 0.8764 0.4816 -0.0002
vn 0.8789 0.4771 -0.0002
vn 0.6491 0.7607 -0.0002
vn 0.5284 0.8490 -0.0001
vn 0.5179 0.8555 -0.0001
vn 0.5069 0.8620 -0.0001
vn 0.5113 0.8594 -0.0001
vn 0.5039 0.8638 -0.0001
vn 0.5020 0.8649 -0.0001
vn 0.5005 0.8657 -0.0001
vn 0.5010 0.8654 -0.0001
vn -0.7666 0.4441 -0.4638
vn 0.7353 -0.4260 0.5271
vn 0.8207 -0.4750 -0.3176
vn 0.5030 0.8643 -0.0002
vn 0.8636 0.5042 -0.0002
vn 0.8008 0.5989 -0.0002
vn 0.7571 0.6533 -0.0002
vn 0.7312 0.6822 -0.0002
vn 0.6005 0.7997 -0.0001
vn 0.5808 0.8140 -0.0001
vn 0.4163 0.9092 -0.0001
vn 0.4282 0.9037 -0.0001
vn 0.3053 0.9522 -0.0001
vn 0.2131 0.9770 -0.0000
vn 0.2962 0.9551 -0.0001
vn -0.0000 1.0000 -0.0000
vn 0.8654 -0.0000 -0.5012
vn 0.8802 -0.0000 -0.4746
vn 0.8998 -0.0000 -0.4364
vn 0.8993 -0.0000 -0.4374
vn 0.8263 -0.0000 -0.5633
vn 0.8314 -0.0000 -0.5557
vn 0.8744 -0.0000 -0.4851
vn 0.7827 -0.0000 -0.6224
vn 0.7350 -0.0000 -0.6781
vn 0.7286 -0.0000 -0.6849
vn 0.7216 -0.0000 -0.6923
vn 0.7039 -0.0000 -0.7103
vn 0.7047 -0.0000 -0.7095
vn 0.6928 -0.0001 -0.7212
vn 0.6873 -0.0000 -0.7264
vn 0.6811 -0.0000 -0.7321
vn 0.6926 -0.0000 -0.7213
vn 0.6812 -0.0000 -0.7321
vn -0.1336 0.9753 0.1760
vn -0.0982 0.9886 0.1140
vn -0.0932 0.9913 0.0927
vn -0.1943 0.9547 0.2255
vn -0.1849 0.9654 0.1838
vn -0.2859 0.8990 0.3318
vn -0.2733 0.9227 0.2718
vn -0.3570 0.8640 0.3549
vn -0.2332 0.9523 0.1967
vn -0.3069 0.9158 0.2589
vn -0.2213 0.9581 0.1821
vn -0.2918 0.9259 0.2401
vn -0.1984 0.9672 0.1584
vn -0.2622 0.9420 0.2093
vn -0.1656 0.9773 0.1320
vn -0.2195 0.9598 0.1749
vn -0.1284 0.9856 0.1102
vn -0.1705 0.9744 0.1463
vn -0.0966 0.9906 0.0972
vn -0.1284 0.9833 0.1293
vn -0.0582 0.9944 0.0877
vn -0.0774 0.9901 0.1167
vn -0.0218 0.9962 0.0839
vn -0.0290 0.9933 0.1117
vn 0.0338 0.9817 0.1872
vn -0.0386 0.9881 0.1487
vn -0.0507 0.9813 0.1855
vn -0.1028 0.9825 0.1551
vn -0.1280 0.9728 0.1933
vn -0.1705 0.9703 0.1716
vn -0.2485 0.9417 0.2269
vn -0.2258 0.9547 0.1938
vn -0.3393 0.9002 0.2731
vn -0.2896 0.9289 0.2308
vn -0.4100 0.8518 0.3260
vn -0.3443 0.8977 0.2748
vn -0.3814 0.8695 0.3139
vn -0.2732 0.9040 0.3290
vn -0.4093 0.7942 0.4492
vn -0.4587 0.7627 0.4560
vn -0.4001 0.8520 0.3375
vn -0.5322 0.6559 0.5353
vn -0.5465 0.6368 0.5440
vn -0.5040 0.7443 0.4381
vn -0.0073 0.9996 0.0280
vn -0.0145 0.9983 0.0560
vn -0.0195 0.9994 0.0293
vn -0.0323 0.9989 0.0325
vn -0.0430 0.9984 0.0369
vn -0.0556 0.9975 0.0443
vn -0.0668 0.9963 0.0533
vn -0.1331 0.9854 0.1062
vn -0.1488 0.9813 0.1224
vn -0.0747 0.9953 0.0614
vn -0.1568 0.9787 0.1323
vn -0.0788 0.9947 0.0665
vn -0.1109 0.9899 0.0884
vn -0.0858 0.9936 0.0736
vn -0.0645 0.9958 0.0649
vn -0.0388 0.9975 0.0585
vn -0.5426 0.7142 0.4421
vn -0.5869 0.6474 0.4862
vn -0.5881 0.6703 0.4527
vn -0.6200 0.6601 0.4242
vn -0.5525 0.7630 0.3356
vn -0.6014 0.7224 0.3414
vn -0.4940 0.8394 0.2267
vn -0.5468 0.8060 0.2266
vn -0.4583 0.8706 0.1791
vn -0.5122 0.8405 0.1766
vn -0.4210 0.8964 0.1389
vn -0.4753 0.8695 0.1342
vn -0.3458 0.9348 0.0816
vn -0.4000 0.9135 0.0742
vn -0.2778 0.9591 0.0551
vn -0.3314 0.9423 0.0471
vn -0.2235 0.9732 0.0550
vn -0.2764 0.9598 0.0480
vn -0.1868 0.9796 0.0737
vn -0.2393 0.9685 0.0689
vn -0.1701 0.9801 0.1024
vn -0.2222 0.9698 0.1002
vn -0.1745 0.9758 0.1321
vn -0.2266 0.9649 0.1324
vn -0.2527 0.9549 0.1558
vn -0.3043 0.9393 0.1582
vn -0.3006 0.9400 0.1616
vn -0.3526 0.9211 0.1651
vn -0.3686 0.9188 0.1412
vn -0.4211 0.8955 0.1441
vn -0.4528 0.8873 0.0875
vn -0.5078 0.8564 0.0933
vn -0.4097 0.9087 0.0804
vn -0.6607 0.6907 0.2940
vn -0.5975 0.7692 0.2266
vn -0.6456 0.7294 0.2265
vn -0.6657 0.7273 0.1670
vn -0.6614 0.7309 0.1686
vn -0.6272 0.7697 0.1192
vn -0.5786 0.8061 0.1243
vn -0.5042 0.8616 0.0587
vn -0.4529 0.8891 0.0666
vn -0.3839 0.9226 0.0389
vn -0.6373 0.7679 0.0646
vn -0.5538 0.8311 0.0506
vn -0.4352 0.8998 0.0305
vn -0.3285 0.9436 0.0408
vn -0.6015 0.7977 0.0422
vn -0.5863 0.8100 0.0094
vn -0.5334 0.8458 0.0128
vn -0.5260 0.8504 0.0104
vn -0.4783 0.8780 0.0185
vn -0.4702 0.8808 0.0547
vn -0.4408 0.8963 0.0485
vn -0.4234 0.9014 0.0910
vn -0.3745 0.9225 0.0933
vn -0.4210 0.8995 0.1169
vn -0.4209 0.8995 0.1171
vn -0.3785 0.9159 0.1335
vn -0.4053 0.9027 0.1443
vn -0.4036 0.9003 0.1632
vn -0.4152 0.8935 0.1708
vn -0.3550 0.9210 0.1607
vn -0.3287 0.9350 0.1331
vn -0.4033 0.8994 0.1686
vn -0.4390 0.8831 0.1656
vn -0.4422 0.8818 0.1642
vn -0.4765 0.8683 0.1382
vn -0.3064 0.9495 0.0676
vn -0.3420 0.9357 0.0863
vn -0.3982 0.9132 0.0869
vn -0.1998 0.9783 0.0553
vn -0.2262 0.9704 0.0852
vn -0.2846 0.9548 0.0858
vn -0.2599 0.9561 0.1354
vn -0.3148 0.9390 0.1382
vn -0.2477 0.9558 0.1582
vn -0.0911 0.9949 0.0434
vn -0.1070 0.9907 0.0842
vn -0.1669 0.9823 0.0847
vn -0.1475 0.9805 0.1299
vn -0.2041 0.9699 0.1326
vn -0.1395 0.9785 0.1517
vn -0.1939 0.9687 0.1549
vn -0.1474 0.9775 0.1511
vn -0.2004 0.9676 0.1534
vn -0.1219 0.9838 0.1317
vn 0.0185 0.9993 0.0320
vn 0.0741 0.9938 0.0827
vn -0.0467 0.9954 0.0837
vn -0.0330 0.9916 0.1247
vn -0.0904 0.9878 0.1272
vn -0.0294 0.9889 0.1456
vn -0.0846 0.9853 0.1486
vn -0.0403 0.9884 0.1468
vn -0.0940 0.9844 0.1489
vn -0.0158 0.9913 0.1310
vn -0.0689 0.9889 0.1314
vn -0.0646 0.9922 0.1066
vn -0.1175 0.9876 0.1045
vn -0.1339 0.9879 0.0783
vn 0.1264 0.9918 0.0212
vn 0.1256 0.9915 0.0338
vn 0.1939 0.9776 0.0818
vn 0.1393 0.9833 0.1175
vn 0.0245 0.9922 0.1222
vn 0.0812 0.9868 0.1398
vn 0.0259 0.9894 0.1426
vn 0.0674 0.9875 0.1426
vn 0.0136 0.9894 0.1447
vn 0.0904 0.9873 0.1305
vn 0.0373 0.9907 0.1307
vn 0.0415 0.9930 0.1107
vn -0.0115 0.9940 0.1087
vn -0.0271 0.9958 0.0873
vn -0.0806 0.9933 0.0828
vn -0.1158 0.9909 0.0682
vn -0.1699 0.9835 0.0617
vn -0.2233 0.9727 0.0628
vn 0.2344 0.9714 0.0382
vn 0.3405 0.9393 0.0424
vn 0.4001 0.9146 0.0582
vn 0.4423 0.8962 0.0339
vn 0.4651 0.8850 0.0224
vn 0.4777 0.8784 0.0170
vn 0.4849 0.8744 0.0145
vn 0.4891 0.8721 0.0133
vn 0.4916 0.8707 0.0128
vn 0.2958 0.9518 0.0810
vn 0.3254 0.9398 0.1040
vn 0.2523 0.9610 0.1131
vn 0.2661 0.9547 0.1329
vn 0.1909 0.9724 0.1344
vn 0.2272 0.9642 0.1369
vn 0.1211 0.9826 0.1407
vn 0.2193 0.9667 0.1322
vn 0.1431 0.9811 0.1302
vn 0.1471 0.9825 0.1146
vn 0.0944 0.9891 0.1126
vn 0.0799 0.9922 0.0958
vn 0.0265 0.9954 0.0917
vn -0.0068 0.9967 0.0807
vn -0.0613 0.9953 0.0745
vn -0.1124 0.9906 0.0777
vn -0.1681 0.9832 0.0704
vn -0.2340 0.9675 0.0956
vn -0.2903 0.9528 0.0886
vn -0.3650 0.9199 0.1433
vn 0.1277 0.9872 0.0958
vn 0.1331 0.9861 0.0999
vn 0.0478 0.9951 0.0868
vn -0.0563 0.9948 0.0845
vn -0.1768 0.9789 0.1022
vn -0.3078 0.9399 0.1477
vn -0.4026 0.8972 0.1814
vn 0.0776 0.9896 0.1215
vn 0.0560 0.9936 0.0979
vn 0.1022 0.9905 0.0925
vn -0.0028 0.9927 0.1208
vn -0.0610 0.9915 0.1148
vn -0.0001 0.9958 0.0913
vn -0.1191 0.9869 0.1086
vn -0.0702 0.9840 0.1636
vn -0.1305 0.9785 0.1599
vn -0.1668 0.9674 0.1905
vn -0.2273 0.9554 0.1884
vn -0.2644 0.9374 0.2268
vn -0.3240 0.9185 0.2268
vn -0.3824 0.8957 0.2268
vn -0.4467 0.8337 0.3247
vn -0.5008 0.8001 0.3301
vn -0.4391 0.8694 0.2267
vn -0.3454 0.9202 0.1839
vn -0.2869 0.9397 0.1861
vn -0.2495 0.9564 0.1519
vn -0.1903 0.9693 0.1559
vn -0.5642 0.8071 0.1739
vn -0.6140 0.7705 0.1713
vn -0.5279 0.8394 0.1294
vn -0.4851 0.8742 0.0218
vn -0.4296 0.9026 0.0260
vn -0.3920 0.9184 0.0537
vn -0.3796 0.9245 0.0335
vn -0.2911 0.9546 0.0639
vn -0.3420 0.9379 0.0589
vn -0.3246 0.9410 0.0956
vn -0.2738 0.9568 0.0979
vn -0.2780 0.9514 0.1328
vn -0.8351 -0.0000 0.5501
vn -0.8396 -0.0000 0.5432
vn -0.9015 -0.0000 0.4328
vn -0.9084 -0.0000 0.4180
vn -0.9515 -0.0000 0.3077
vn -0.9587 -0.0000 0.2843
vn -0.9588 -0.0000 0.2842
vn -0.9588 -0.0001 0.2842
vn -0.9800 -0.0000 -0.1991
vn -0.9800 -0.0000 -0.1992
vn -0.9826 -0.0000 -0.1858
vn -0.9976 -0.0000 -0.0693
vn -0.9993 -0.0000 -0.0376
vn -0.9988 -0.0000 0.0492
vn -0.9922 -0.0000 0.1250
vn -0.9859 -0.0000 0.1675
vn -0.9589 -0.0000 0.2836
vn 0.0436 -0.0000 -0.9991
vn 0.2218 -0.0000 -0.9751
vn 0.1847 -0.0000 -0.9828
vn 0.3302 -0.0000 -0.9439
vn 0.4328 -0.0000 -0.9015
vn 0.3445 -0.0000 -0.9388
vn 0.4906 -0.0000 -0.8714
vn 0.6221 -0.0000 -0.7829
vn 0.6008 -0.0000 -0.7994
vn 0.6118 -0.0000 -0.7910
vn 0.6777 -0.0000 -0.7354
vn 0.7804 -0.0000 -0.6252
vn 0.7533 -0.0000 -0.6576
vn 0.8329 -0.0000 -0.5534
vn 0.2273 0.9704 0.0818
vn 0.2894 0.9450 0.1527
vn 0.4261 0.9023 0.0647
vn 0.5251 0.8442 0.1078
vn 0.5633 0.8248 0.0499
vn 0.7253 0.6862 0.0557
vn 0.6864 0.7265 0.0339
vn 0.7923 0.6099 0.0171
vn 0.4924 0.8703 0.0112
vn 0.4956 0.8685 0.0094
vn 0.4987 0.8667 0.0071
vn 0.5019 0.8649 0.0050
vn 0.5024 0.8646 0.0058
vn 0.5057 0.8627 0.0025
vn 0.5084 0.8611 0.0028
vn 0.5132 0.8582 0.0035
vn 0.5153 0.8570 0.0040
vn 0.5221 0.8529 0.0054
vn 0.5055 0.8628 0.0110
vn 0.5269 0.8499 0.0065
vn 0.5067 0.8620 0.0132
vn 0.5092 0.8605 0.0177
vn 0.4882 0.8724 0.0245
vn 0.4869 0.8730 0.0277
vn 0.4628 0.8858 0.0352
vn 0.4429 0.8947 0.0576
vn 0.4030 0.9125 0.0698
vn 0.3780 0.9215 0.0893
vn 0.3462 0.9314 0.1121
vn 0.3194 0.9404 0.1169
vn 0.2909 0.9516 0.0989
vn 0.2776 0.9564 0.0910
vn 0.3940 0.9153 0.0832
vn 0.3869 0.9189 0.0767
vn 0.4923 0.8679 0.0665
vn 0.4911 0.8689 0.0614
vn 0.5846 0.8098 0.0489
vn 0.5885 0.8072 0.0453
vn 0.6964 0.7173 0.0246
vn 0.7058 0.7080 0.0228
vn 0.7282 0.6849 0.0242
vn 0.5367 0.8437 0.0088
vn 0.5416 0.8406 0.0100
vn 0.5690 0.8221 0.0165
vn 0.5200 0.8535 0.0331
vn 0.5297 0.8471 0.0424
vn 0.4807 0.8749 0.0583
vn 0.4834 0.8723 0.0738
vn 0.4160 0.9046 0.0932
vn 0.4061 0.9086 0.0977
vn 0.5921 0.8056 0.0211
vn 0.5479 0.8348 0.0540
vn 0.4893 0.8686 0.0777
vn 0.6286 0.7772 0.0270
vn 0.5680 0.8210 0.0571
vn 0.5941 0.8029 0.0478
vn 0.4806 0.8745 0.0645
vn 0.3583 0.9302 0.0800
vn 0.2294 0.9688 0.0941
vn 0.4384 0.8978 0.0427
vn 0.4670 0.8837 0.0312
vn 0.4912 0.8708 0.0183
vn 0.4929 0.8699 0.0151
vn 0.5042 0.8635 0.0081
vn 0.4454 0.8945 0.0378
vn 0.4757 0.8793 0.0231
vn 0.4803 0.8769 0.0196
vn 0.4954 0.8686 0.0115
vn 0.5035 0.8639 0.0074
vn 0.4600 0.8875 0.0281
vn 0.4676 0.8837 0.0234
vn 0.4783 0.8780 0.0172
vn 0.4868 0.8734 0.0144
vn 0.4886 0.8724 0.0129
vn 0.4960 0.8683 0.0100
vn 0.4978 0.8672 0.0081
vn 0.4813 0.8764 0.0158
vn 0.4931 0.8699 0.0101
vn 0.4887 0.8724 0.0124
vn 0.6651 0.7462 0.0287
vn 0.5106 0.8596 0.0201
vn 0.4820 0.8750 0.0454
vn 0.4301 0.8998 0.0739
vn 0.0584 0.9983 -0.0000
vn 0.0389 0.9992 -0.0000
vn 0.0195 0.9998 -0.0000
vn -0.9394 -0.3427 0.0002
vn -0.9441 -0.3295 0.0002
vn -0.9450 -0.3272 0.0002
vn -0.9501 -0.3118 0.0002
vn -0.9551 -0.2962 0.0002
vn -0.4057 0.7071 -0.5791
vn 0.3767 0.9263 -0.0001
vn 0.2639 0.9645 -0.0001
vn 0.2546 0.9670 -0.0001
vn 0.1284 0.9917 -0.0000
vn 0.1079 0.9942 -0.0000
vn -0.9449 -0.3273 0.0003
vn -0.9394 -0.3428 0.0002
vn 0.0002 -0.0000 1.0000
vn -0.5166 -0.0225 0.8559
vn -0.6250 -0.0836 0.7761
vn -0.6545 -0.0798 0.7519
vn -0.7677 -0.1630 0.6198
vn -0.7988 -0.1751 0.5756
vn -0.7552 -0.2048 0.6227
vn -0.8515 -0.2936 0.4344
vn -0.8269 -0.3530 0.4377
vn -0.8684 -0.4368 0.2345
vn -0.8270 -0.4834 0.2871
vn -0.8435 -0.5156 0.1508
vn -0.4504 -0.0000 0.8928
vn -0.6191 -0.1052 0.7783
vn -0.6116 -0.1268 0.7809
vn -0.5404 -0.0815 0.8374
vn -0.6230 -0.1709 0.7633
vn -0.6953 -0.2642 0.6683
vn -0.7207 -0.2873 0.6309
vn -0.7394 -0.2466 0.6264
vn -0.7268 -0.3102 0.6128
vn -0.7543 -0.3536 0.5531
vn -0.7978 -0.4104 0.4417
vn -0.7782 -0.3938 0.4892
vn -0.7982 -0.4293 0.4227
vn -0.8494 -0.5274 0.0196
vn -0.8926 -0.3995 0.2091
vn -0.8748 -0.2803 0.3952
vn -0.3185 0.7071 0.6313
vn -0.9866 -0.0000 0.1632
vn -0.9991 -0.0000 0.0418
vn -0.9970 -0.0000 -0.0773
vn -0.5400 0.7071 -0.4565
vn -0.6386 0.7071 -0.3037
vn -0.6949 0.7071 -0.1307
vn -0.7053 0.7071 0.0508
vn -0.6690 0.7071 0.2290
vn -0.5884 0.7071 0.3921
vn -0.4690 0.7071 0.5292
vn -0.6632 -0.0000 0.7484
vn -0.8322 -0.0000 0.5545
vn -0.9461 -0.0000 0.3239
vn -0.9974 -0.0000 0.0719
vn -0.9828 -0.0000 -0.1849
vn -0.9031 -0.0000 -0.4294
vn -0.7637 -0.0000 -0.6456
vn -0.3185 -0.7071 0.6313
vn -0.3186 -0.7070 0.6314
vn -0.4057 -0.7071 -0.5791
vn -0.5400 -0.7071 -0.4565
vn -0.6386 -0.7071 -0.3037
vn -0.6949 -0.7071 -0.1307
vn -0.7053 -0.7071 0.0508
vn -0.6690 -0.7071 0.2290
vn -0.5884 -0.7071 0.3921
vn -0.4690 -0.7071 0.5292
vn -0.0000 -1.0000 -0.0000
vn -0.8659 -0.0000 0.5002
vn 0.8661 -0.0000 0.4998
vn 0.8659 -0.0000 -0.5002
vn -0.8661 -0.0000 -0.4998
vn -0.2591 -0.0000 -0.9659
vn 0.2586 -0.0000 -0.9660
vn 0.4998 -0.0000 -0.8661
vn 0.7069 -0.0000 -0.7073
vn 0.9659 -0.0000 -0.2590
vn 1.0000 -0.0000 -0.0002
vn 0.9660 -0.0000 0.2586
vn 0.7073 -0.0000 0.7069
vn 0.5002 -0.0000 0.8659
vn 0.2591 -0.0000 0.9659
vn -0.2586 -0.0000 0.9660
vn -0.4998 -0.0000 0.8661
vn -0.7069 -0.0000 0.7073
vn -0.9659 -0.0000 0.2591
vn -1.0000 -0.0000 0.0002
vn -0.9660 -0.0000 -0.2586
vn -0.7073 -0.0000 -0.7069
vn -0.5002 -0.0000 -0.8659
vn 0.9588 -0.0000 -0.2842
vn 0.9587 -0.0000 -0.2843
vn 0.5097 -0.0000 -0.8604
vn 0.2848 -0.0000 -0.9586
vn 0.0428 -0.0000 -0.9991
vn 0.0427 -0.0000 -0.9991
vn -0.2019 -0.0000 -0.9794
vn -0.4343 -0.0000 -0.9007
vn -0.6407 -0.0000 -0.7678
vn -0.8084 -0.0000 -0.5887
vn -0.9274 -0.0000 -0.3741
vn -0.9906 -0.0000 -0.1369
vn -0.9941 -0.0000 0.1084
vn -0.9941 -0.0000 0.1085
vn -0.9999 -0.0000 -0.0147
vn -0.9905 -0.0000 -0.1377
vn -0.2590 -0.0000 -0.9659
vn -0.9659 -0.0000 0.2590
vn -0.4998 -0.0000 0.8662
vn 0.2590 -0.0000 0.9659
vn 0.8662 -0.0000 0.4998
vn 0.9659 -0.0000 -0.2591
vn 0.1960 -0.9806 -0.0000
vn 0.1962 -0.9806 -0.0000
vn 0.1958 -0.9806 -0.0000
vn 0.1961 -0.9806 -0.0000
vn 0.1963 -0.9805 -0.0000
vn 0.1961 -0.9806 -0.0001
vn -0.2333 0.9724 0.0001
vn -0.4602 0.8878 0.0001
vn -0.6602 0.7511 0.0002
vn -0.8214 0.5704 0.0002
vn -0.9344 0.3562 0.0002
vn -0.9926 0.1211 0.0002
vn -0.9926 -0.1211 0.0002
vn -0.9344 -0.3562 0.0002
vn -0.8214 -0.5704 0.0002
vn -0.6602 -0.7511 0.0002
vn -0.4602 -0.8878 0.0001
vn -0.2333 -0.9724 0.0001
vn -0.2207 0.9753 0.0001
vn -0.4508 0.8926 0.0001
vn -0.6539 0.7566 0.0002
vn -0.8180 0.5752 0.0002
vn -0.9331 0.3595 0.0002
vn -0.9925 0.1223 0.0002
vn -0.9925 -0.1223 0.0002
vn -0.9331 -0.3595 0.0002
vn -0.8180 -0.5752 0.0002
vn -0.6539 -0.7566 0.0002
vn -0.4508 -0.8926 0.0001
vn -0.2207 -0.9753 0.0001
vn -0.2197 0.9756 0.0001
vn -0.4500 0.8930 0.0001
vn -0.6535 0.7570 0.0002
vn -0.6534 0.7570 0.0002
vn -0.8177 0.5756 0.0002
vn -0.9331 0.3597 0.0002
vn -0.9330 0.3597 0.0002
vn -0.9925 0.1224 0.0002
vn -0.9925 -0.1224 0.0002
vn -0.9330 -0.3597 0.0002
vn -0.9331 -0.3597 0.0002
vn -0.8177 -0.5756 0.0002
vn -0.6534 -0.7570 0.0002
vn -0.6535 -0.7570 0.0002
vn -0.4500 -0.8930 0.0001
vn -0.2197 -0.9756 0.0001
vn 0.0003 -0.0000 1.0000
vn -0.1583 0.6891 0.7071
vn -0.3204 0.6303 0.7072
vn -0.2089 0.6755 0.7072
vn -0.3720 0.6012 0.7072
vn -0.4635 0.5339 0.7072
vn -0.5112 0.4883 0.7072
vn -0.5789 0.4058 0.7072
vn -0.6176 0.3441 0.7073
vn -0.6599 0.2536 0.7072
vn -0.6842 0.1778 0.7073
vn -0.7016 0.0862 0.7073
vn -0.7016 -0.0862 0.7073
vn -0.6842 -0.1778 0.7073
vn -0.6599 -0.2536 0.7072
vn -0.6176 -0.3441 0.7073
vn -0.5789 -0.4058 0.7072
vn -0.5112 -0.4883 0.7072
vn -0.4635 -0.5339 0.7072
vn -0.3720 -0.6012 0.7072
vn -0.3204 -0.6303 0.7072
vn -0.2089 -0.6755 0.7072
vn -0.1583 -0.6891 0.7071
vn -0.2957 0.9553 0.0001
vn -0.5264 0.8503 0.0001
vn -0.7232 0.6906 0.0002
vn -0.8736 0.4866 0.0002
vn -0.9679 0.2514 0.0002
vn -0.9679 -0.2514 0.0002
vn -0.8736 -0.4866 0.0002
vn -0.7232 -0.6906 0.0002
vn -0.5264 -0.8503 0.0001
vn -0.2957 -0.9553 0.0001
vn -0.9330 0.3598 0.0002
vn -0.9330 -0.3598 0.0002
vn 0.0584 -0.9983 -0.0000
vn 0.0389 -0.9992 -0.0000
vn 0.0195 -0.9998 -0.0000
vn -0.9394 0.3427 0.0002
vn -0.9441 0.3295 0.0002
vn -0.9450 0.3272 0.0002
vn -0.9501 0.3118 0.0001
vn -0.9551 0.2962 0.0002
vn 0.3767 -0.9263 -0.0001
vn 0.2546 -0.9670 -0.0001
vn 0.2639 -0.9645 -0.0001
vn 0.1284 -0.9917 -0.0000
vn 0.1079 -0.9942 -0.0000
vn -0.9501 0.3118 0.0002
vn -0.9449 0.3273 0.0003
vn -0.9394 0.3428 0.0002
vn -0.6545 0.0798 0.7519
vn -0.6250 0.0836 0.7761
vn -0.5166 0.0225 0.8559
vn -0.7677 0.1630 0.6198
vn -0.7988 0.1750 0.5756
vn -0.8748 0.2804 0.3951
vn -0.8926 0.3995 0.2091
vn -0.8515 0.2936 0.4343
vn -0.7552 0.2048 0.6227
vn -0.6191 0.1052 0.7782
vn -0.8494 0.5274 0.0196
vn -0.8685 0.4368 0.2345
vn -0.8269 0.3530 0.4377
vn -0.7394 0.2466 0.6265
vn -0.6116 0.1268 0.7809
vn -0.8435 0.5156 0.1508
vn -0.8270 0.4834 0.2871
vn -0.7978 0.4104 0.4417
vn -0.7207 0.2873 0.6309
vn -0.7543 0.3536 0.5531
vn -0.7268 0.3102 0.6128
vn -0.7982 0.4293 0.4227
vn -0.7782 0.3938 0.4892
vn -0.6953 0.2642 0.6683
vn -0.6230 0.1709 0.7633
vn -0.5404 0.0815 0.8374
vn -0.3186 -0.7071 0.6313
vn 0.9806 0.1959 -0.0002
vn 0.9797 0.2004 -0.0006
vn 0.9788 0.2046 -0.0003
vn 0.9779 0.2090 -0.0002
vn 0.9694 0.2455 -0.0003
vn 0.9723 0.2339 -0.0002
vn 0.9625 0.2714 0.0004
vn 0.9556 0.2945 -0.0003
vn 0.9512 0.3087 -0.0002
vn 0.9394 0.3427 -0.0002
vn 0.9435 0.3313 -0.0004
vn 0.9394 0.3428 -0.0002
vn 0.9474 0.3202 -0.0004
vn 0.9512 0.3086 -0.0002
vn 0.9779 0.2089 -0.0002
vn 0.9788 0.2046 -0.0002
vn 0.9797 0.2004 0.0001
vn -0.1941 0.9810 -0.0000
vn 0.0008 1.0000 -0.0000
vn 0.1958 0.9806 -0.0000
vn 0.3833 0.9236 -0.0001
vn 0.5560 0.8312 -0.0001
vn 0.7074 0.7068 -0.0002
vn 0.8316 0.5553 -0.0002
vn 0.9240 0.3825 -0.0002
vn 0.9808 0.1950 -0.0002
vn 0.9808 -0.1950 -0.0002
vn 0.9240 -0.3825 -0.0002
vn 0.8316 -0.5553 -0.0002
vn 0.7074 -0.7068 -0.0002
vn 0.5560 -0.8312 -0.0001
vn 0.3833 -0.9236 -0.0001
vn 0.0008 -1.0000 -0.0000
vn -0.1941 -0.9810 -0.0000
vn -0.2156 0.9765 0.0001
vn -0.0618 0.9981 -0.0000
vn 0.0935 0.9956 -0.0000
vn 0.2466 0.9691 -0.0001
vn 0.3937 0.9192 -0.0001
vn 0.5313 0.8472 -0.0001
vn 0.6561 0.7547 -0.0002
vn 0.7650 0.6440 -0.0002
vn 0.8555 0.5177 -0.0002
vn 0.9254 0.3790 -0.0002
vn 0.9729 0.2311 -0.0002
vn 0.9970 0.0777 -0.0002
vn 0.9970 -0.0777 -0.0002
vn 0.9729 -0.2311 -0.0002
vn 0.9254 -0.3790 -0.0002
vn 0.8555 -0.5177 -0.0002
vn 0.7650 -0.6440 -0.0002
vn 0.6561 -0.7547 -0.0002
vn 0.5313 -0.8472 -0.0001
vn 0.3937 -0.9192 -0.0001
vn 0.2466 -0.9691 -0.0001
vn 0.0935 -0.9956 -0.0000
vn -0.0618 -0.9981 -0.0000
vn -0.2156 -0.9765 0.0001
vn -0.1946 0.9809 -0.0000
vn -0.0100 1.0000 -0.0000
vn 0.1751 0.9845 -0.0000
vn 0.5209 0.8536 -0.0001
vn 0.6698 0.7425 -0.0002
vn 0.7955 0.6059 -0.0002
vn 0.8939 0.4484 -0.0002
vn 0.9613 0.2753 -0.0002
vn 0.9613 0.2754 -0.0002
vn 0.9957 0.0928 -0.0002
vn 0.9957 0.0929 -0.0002
vn 0.9957 -0.0928 -0.0002
vn 0.9613 -0.2754 -0.0002
vn 0.8939 -0.4484 -0.0002
vn 0.7955 -0.6059 -0.0002
vn 0.6698 -0.7426 -0.0002
vn 0.6698 -0.7425 -0.0002
vn 0.5209 -0.8536 -0.0001
vn 0.3541 -0.9352 -0.0001
vn 0.1751 -0.9845 -0.0000
vn -0.0100 -1.0000 -0.0000
vn -0.1946 -0.9809 -0.0000
vn -0.0002 -0.0001 -1.0000
vn -0.0002 0.0001 -1.0000
vn 0.9806 -0.1959 -0.0002
vn 0.9797 -0.2004 -0.0006
vn 0.9788 -0.2046 -0.0002
vn 0.9779 -0.2090 -0.0002
vn 0.9779 -0.2089 -0.0002
vn 0.9723 -0.2339 -0.0002
vn 0.9694 -0.2455 -0.0003
vn 0.9797 -0.2004 0.0001
vn 0.9625 -0.2714 -0.0001
vn 0.9556 -0.2945 -0.0003
vn 0.9512 -0.3087 -0.0002
vn 0.9394 -0.3427 -0.0002
vn 0.9435 -0.3313 -0.0004
vn 0.9512 -0.3086 -0.0002
vn 0.9474 -0.3202 -0.0004
vn -0.1490 -0.9888 -0.0000
vn -0.2948 -0.9556 0.0001
vn -0.4339 -0.9010 0.0001
vn -0.5633 -0.8262 0.0001
vn -0.6802 -0.7331 0.0002
vn -0.7818 -0.6235 0.0002
vn -0.8660 -0.5000 0.0002
vn -0.9309 -0.3653 0.0002
vn -0.9749 -0.2225 0.0002
vn -0.9972 -0.0747 0.0002
vn -0.9972 0.0747 0.0002
vn -0.9749 0.2225 0.0002
vn -0.9309 0.3653 0.0002
vn -0.8660 0.5000 0.0002
vn -0.7818 0.6235 0.0002
vn -0.6802 0.7331 0.0002
vn -0.5633 0.8262 0.0001
vn -0.4339 0.9010 0.0001
vn -0.2948 0.9556 0.0001
vn -0.1490 0.9888 -0.0000
vn 0.9474 0.3200 -0.0003
vn 0.9435 0.3313 -0.0000
vn 0.9556 0.2945 -0.0002
vn 0.9625 0.2715 -0.0003
vn 0.9694 0.2455 -0.0002
vn 0.9797 0.2003 -0.0002
vn 0.9798 0.2001 -0.0001
vn -0.1942 0.9810 -0.0000
vn -0.0095 1.0000 -0.0000
vn 0.1755 0.9845 -0.0000
vn 0.3545 0.9351 -0.0001
vn 0.5212 0.8534 -0.0001
vn 0.6700 0.7424 -0.0002
vn 0.7957 0.6057 -0.0002
vn 0.8939 0.4482 -0.0002
vn 0.9614 0.2753 -0.0002
vn 0.9614 -0.2753 -0.0002
vn 0.8939 -0.4482 -0.0002
vn 0.7957 -0.6057 -0.0002
vn 0.7957 -0.6058 -0.0002
vn 0.6700 -0.7424 -0.0002
vn 0.5212 -0.8534 -0.0001
vn 0.3545 -0.9351 -0.0001
vn 0.1755 -0.9845 -0.0000
vn -0.0095 -1.0000 -0.0000
vn -0.1942 -0.9810 -0.0000
vn 0.9613 -0.2753 -0.0002
vn 0.9474 -0.3200 -0.0003
vn 0.9435 -0.3313 -0.0000
vn 0.9556 -0.2945 -0.0002
vn 0.9625 -0.2714 -0.0005
vn 0.9694 -0.2455 -0.0002
vn 0.9788 -0.2046 -0.0003
vn 0.9798 -0.2002 -0.0001
vn 0.9797 -0.2003 -0.0002
vn -0.7071 0.7071 0.0002
vn 0.7071 -0.7071 -0.0002
vn -0.7071 -0.7071 0.0002
vn 0.7071 0.7071 -0.0002
vt 0.030789 0.305952
vt -0.017198 0.222703
vt 0.600521 0.307649
vt 0.600521 0.199240
vt -0.070609 0.139037
vt 0.600521 0.090830
vt -0.129040 0.075933
vt -0.177735 0.012493
vt 0.600521 -0.017579
vt -0.215723 -0.051223
vt 0.600521 -0.125988
vt -0.242248 -0.115144
vt -0.316577 -0.236764
vt 0.600521 -0.234398
vt -0.349371 -0.297900
vt 0.600521 -0.342807
vt -0.378372 -0.359229
vt -0.403008 -0.420725
vt 0.600521 -0.451216
vt -0.422795 -0.482361
vt 0.600521 -0.559626
vt -0.437344 -0.544105
vt -0.446370 -0.605924
vt 0.600521 -0.668035
vt -0.449694 -0.667782
vt -0.447252 -0.729643
vt 0.600521 -0.776444
vt -0.439091 -0.791470
vt -0.425371 -0.853228
vt 0.600521 -0.884854
vt -0.406364 -0.914883
vt 0.600521 -0.993263
vt -0.382441 -0.976402
vt -0.354074 -1.037758
vt -0.321821 -1.098925
vt 0.600521 -1.101672
vt -0.000000 0.423633
vt -0.100000 0.323357
vt 0.000000 0.311511
vt -1.300000 0.323357
vt -1.300000 0.209413
vt 0.000000 0.199389
vt -1.300000 0.095468
vt 0.000000 0.087267
vt -1.300000 -0.018477
vt 0.000000 -0.024855
vt -1.300000 -0.132421
vt -0.000000 -0.136978
vt -1.300000 -0.246366
vt -0.000000 -0.249100
vt -1.300000 -0.360311
vt -0.000000 -0.361222
vt -1.300000 -0.474255
vt -0.000000 -0.473344
vt -0.000000 -0.585466
vt -1.300000 -0.588200
vt -0.000000 -0.697588
vt -1.300000 -0.702144
vt 0.000000 -0.809710
vt -1.300000 -0.816089
vt 0.000000 -0.921832
vt -1.300000 -0.930034
vt 0.000000 -1.033954
vt -1.300000 -1.043978
vt -0.000000 -1.146077
vt -1.300000 -1.157923
vt -0.100000 -1.157923
vt -0.000000 -1.258199
vt -5.756034 0.902372
vt -1.585097 -1.830000
vt -5.552441 1.376607
vt -0.383392 1.250346
vt -0.704166 1.771764
vt -5.872343 0.399560
vt -5.897683 -0.115908
vt -4.844669 -1.830000
vt -5.831252 -0.627704
vt -5.675154 -1.119621
vt -5.764843 -1.180276
vt -5.479230 -1.790000
vt -5.044669 -1.790000
vt -5.837447 -1.260598
vt -5.888764 -1.355938
vt -5.915823 -1.460776
vt -5.917056 -1.569042
vt -5.892394 -1.674469
vt -5.843263 -1.770954
vt -5.772508 -1.852910
vt -5.583525 -1.890000
vt -5.684225 -1.915594
vt -5.583525 -1.955376
vt -1.302182 -1.905205
vt -0.625835 -1.665335
vt -0.329148 -1.129845
vt -0.151482 -0.544007
vt -1.028321 -1.930000
vt -1.028321 -2.126612
vt -0.100753 0.066074
vt -0.179222 0.673210
vt -5.036226 2.064893
vt -1.127248 2.214227
vt -4.557395 2.446328
vt -1.633784 2.558018
vt -4.009162 2.718748
vt -2.201203 2.787817
vt -3.415958 2.870014
vt -2.804219 2.893384
vt -5.112779 2.146416
vt -5.723660 2.112640
vt -5.790760 2.023175
vt -5.833726 1.919925
vt -5.636572 2.182797
vt -5.207072 2.206545
vt -5.534872 2.229313
vt -5.313279 2.241565
vt -5.424843 2.249314
vt -5.849905 1.809270
vt -5.838297 1.698041
vt -5.799620 1.593110
vt -5.736263 1.500956
vt -5.652138 1.427272
vt 0.070711 -7.808587
vt -0.070711 -7.812286
vt 0.070711 -8.334270
vt -0.070711 -8.341030
vt 0.070711 -8.859953
vt -0.070711 -8.869773
vt 0.070711 -9.385636
vt -0.070711 -9.398517
vt 0.070711 -9.911319
vt -0.070711 -9.927260
vt 0.070711 -10.437002
vt -0.070711 -10.456004
vt -0.070711 -6.926454
vt 0.070711 -6.930153
vt -0.070711 -6.341776
vt 0.070711 -6.306250
vt -0.070711 -5.757098
vt 0.070711 -5.682347
vt -0.070711 -5.172420
vt 0.070711 -5.058444
vt -0.070711 -4.587742
vt 0.070711 -4.434541
vt -0.070711 -4.003064
vt 0.070711 -3.810637
vt -0.070711 -3.418386
vt 0.070711 -3.186734
vt -0.070711 -2.833708
vt 0.070711 -2.562831
vt -0.070711 -2.249030
vt 0.070711 -1.938928
vt -0.070711 -1.664352
vt 0.070711 -1.315025
vt -0.070711 -1.079674
vt 0.070711 -0.691122
vt -0.070711 -0.494996
vt 0.070711 -0.067219
vt -0.070711 0.089682
vt 0.070711 0.556685
vt -0.070711 0.674360
vt 0.070711 1.180588
vt -0.070711 1.259038
vt 0.070711 1.804491
vt -0.070711 1.843716
vt 0.070711 2.428394
vt -0.070711 2.428394
vt -1.660088 1.300000
vt -1.909903 0.845448
vt -1.654910 1.260000
vt -1.853720 0.809053
vt -1.359078 1.260000
vt -1.804307 0.766581
vt -1.284951 1.261774
vt -1.762636 0.718867
vt -1.729525 0.666850
vt -1.705627 0.611551
vt 0.000000 0.100000
vt 0.000000 1.300000
vt -1.691411 0.554059
vt -1.687156 0.495504
vt -1.692947 0.437038
vt -1.708669 0.379809
vt -1.734013 0.324944
vt -1.768481 0.273521
vt -1.811396 0.226552
vt -1.861912 0.184959
vt -1.919037 0.149562
vt -2.048514 0.100000
vt -1.284951 1.300000
vt -1.637483 1.300000
vt 0.618466 0.903672
vt 0.618466 0.988963
vt -0.185720 0.974254
vt -0.232620 1.059770
vt 0.618466 1.074253
vt -0.276576 1.149263
vt 0.618466 1.159544
vt -0.314681 1.242678
vt 0.618466 1.244835
vt -0.330732 1.290743
vt 0.618466 1.330126
vt -0.344415 1.339603
vt -0.355502 1.389147
vt 0.618466 1.415417
vt -0.363811 1.439239
vt 0.618466 1.500707
vt -0.369201 1.489725
vt -0.371586 1.540438
vt 0.618466 1.585998
vt -0.370923 1.591202
vt -0.367225 1.641838
vt 0.618466 1.671289
vt -0.360554 1.692173
vt 0.618466 1.756580
vt -0.351019 1.742045
vt 0.618466 1.841871
vt -1.300000 1.232509
vt -0.979492 1.232509
vt -1.300000 1.348836
vt -0.495737 1.380631
vt -1.300000 1.465163
vt -0.000000 1.528754
vt -1.300000 1.581491
vt 0.000000 1.637290
vt -1.300000 1.697818
vt 0.000000 1.745826
vt -1.300000 1.814145
vt 0.000000 1.854363
vt -1.300000 1.930473
vt -0.000000 1.962899
vt -1.300000 2.046800
vt 0.000000 2.071435
vt -1.300000 2.163127
vt 0.000000 2.179971
vt -1.300000 2.279454
vt 0.000000 2.288508
vt -1.300000 2.395782
vt -0.000000 2.397044
vt 0.000000 2.505580
vt -0.000000 2.614116
vt -0.100000 2.512109
vt -1.300000 2.512109
vt 2.156370 0.529572
vt 2.077043 0.537022
vt 2.615948 0.105414
vt 2.615948 0.100000
vt 2.002696 0.560543
vt 1.938245 0.598579
vt 1.911097 0.622287
vt 1.887954 0.648613
vt 1.869201 0.677121
vt 1.855148 0.707338
vt 1.846030 0.738760
vt 1.841998 0.770868
vt 1.284951 1.261774
vt 1.843118 0.803127
vt 1.849373 0.835002
vt 1.860657 0.865964
vt 1.876785 0.895499
vt 1.359078 1.260000
vt 1.654910 1.260000
vt 1.660088 1.300000
vt 1.637483 1.300000
vt 1.284951 1.300000
vt 1.810762 -7.067633
vt 2.380000 -7.043852
vt 1.863429 -6.963094
vt 3.580000 -7.043852
vt 1.460691 -6.803878
vt 3.580000 -6.449264
vt 0.741648 -6.535737
vt -0.023568 -6.267595
vt 3.580000 -5.854676
vt -0.277795 -6.201103
vt -0.532671 -6.171086
vt -3.680000 -5.964241
vt -0.782693 -6.176161
vt -1.038673 -6.216814
vt -3.680000 -6.592056
vt -2.267869 -6.510346
vt -3.417500 -6.803878
vt -3.680000 -7.219871
vt -2.646622 -6.803878
vt -2.843868 -7.270524
vt -3.122039 -7.737169
vt -3.680000 -7.847686
vt -2.648494 -8.123935
vt -3.680000 -8.475500
vt -2.560000 -8.475500
vt -3.680000 -5.336426
vt 3.580000 -5.260088
vt -3.680000 -4.708611
vt 3.580000 -4.665500
vt -3.680000 -4.080796
vt 3.580000 -4.070913
vt 3.580000 -3.476325
vt -3.680000 -3.452982
vt 3.580000 -2.881737
vt -3.680000 -2.825167
vt 3.580000 -2.287149
vt -3.680000 -2.197352
vt 3.580000 -1.692561
vt -3.680000 -1.569537
vt 3.580000 -1.097974
vt -3.680000 -0.941722
vt 3.580000 -0.503386
vt -3.680000 -0.313907
vt 3.580000 0.091202
vt -3.680000 0.313907
vt 3.580000 0.685790
vt -3.680000 0.941722
vt 3.580000 1.280378
vt -3.680000 1.569537
vt 3.580000 1.874965
vt -3.680000 2.197352
vt 3.580000 2.469553
vt -3.680000 2.825167
vt 3.580000 2.560990
vt 3.596975 2.854102
vt 3.652285 3.141593
vt -2.513629 3.141593
vt -2.513689 3.141643
vt -2.515916 3.144138
vt -2.517188 3.146311
vt -2.518210 3.148737
vt -3.680000 3.452982
vt -2.519526 3.154036
vt -2.520000 3.160404
vt -2.520000 3.626438
vt -2.484857 3.692878
vt -3.680000 4.080796
vt -2.338219 3.997044
vt -2.209284 4.307631
vt -3.680000 4.708611
vt -2.095235 4.624784
vt -1.993606 4.948092
vt -3.680000 5.336426
vt -1.903513 5.273858
vt -1.823281 5.602115
vt -3.680000 5.964241
vt -1.751112 5.933473
vt -1.686137 6.265922
vt -1.040310 6.217194
vt -2.268640 6.510536
vt -3.680000 6.592056
vt -3.417500 6.803878
vt -3.680000 7.219871
vt -2.646622 6.803878
vt -2.843868 7.270524
vt -3.122039 7.737169
vt -3.680000 7.847686
vt -2.648494 8.123935
vt -3.680000 8.475500
vt -2.560000 8.475500
vt -2.174323 8.510700
vt -2.560000 8.592280
vt 1.169712 8.510700
vt 1.720000 8.592280
vt 1.720000 8.475500
vt 1.315170 8.405267
vt 2.880000 8.475500
vt 3.580000 8.216331
vt 3.580000 8.754037
vt 1.439462 7.963132
vt 2.380000 8.216331
vt 2.880000 8.950139
vt 3.580000 9.291742
vt 2.880000 9.424778
vt 2.880000 -9.424778
vt 3.580000 -9.557814
vt 3.580000 -9.020108
vt 2.880000 -8.950139
vt 3.580000 -8.482403
vt 2.880000 -8.475500
vt 1.315170 -8.405267
vt 1.720000 -8.475500
vt 1.169712 -8.510700
vt 1.720000 -8.592280
vt -2.560000 -8.592280
vt 1.720000 -8.709060
vt -2.560000 -8.709060
vt 1.200000 -8.785835
vt -2.040000 -8.785835
vt 1.200000 -8.799170
vt -2.040000 -8.799170
vt 1.200000 -8.812505
vt -2.040000 -8.812505
vt 1.100000 -8.825840
vt -1.940000 -8.825840
vt -1.940000 -8.845852
vt 3.580000 -7.944698
vt 2.380000 -7.944698
vt 1.458458 -7.906201
vt -2.174323 -8.510700
vt -2.560000 8.709060
vt 1.720000 8.709060
vt -2.040000 8.785835
vt 1.200000 8.785835
vt -2.040000 8.799170
vt 1.200000 8.799170
vt -2.040000 8.812505
vt 1.200000 8.812505
vt -1.940000 8.825840
vt 1.100000 8.825840
vt -1.940000 8.845852
vt -1.940000 8.865865
vt -1.940000 8.885877
vt 1.100000 8.929813
vt 1.100000 9.033786
vt 1.620000 8.785835
vt 1.720000 8.825840
vt 1.620000 8.799170
vt 1.620000 8.812505
vt 1.620000 8.825840
vt 1.200000 8.825840
vt 1.100000 9.137759
vt -1.690000 9.137759
vt -2.040000 8.825840
vt -2.460000 8.785835
vt -2.560000 8.825840
vt -2.460000 8.799170
vt -2.460000 8.812505
vt -2.460000 8.825840
vt -2.460000 -8.785835
vt -2.560000 -8.825840
vt -2.460000 -8.799170
vt -2.460000 -8.812505
vt -2.460000 -8.825840
vt -2.040000 -8.825840
vt -1.940000 -8.865865
vt -1.940000 -8.885877
vt 1.100000 -8.929813
vt 1.100000 -9.033786
vt -1.690000 -9.137759
vt 1.100000 -9.137759
vt 1.200000 -8.825840
vt 1.620000 -8.785835
vt 1.720000 -8.825840
vt 1.620000 -8.799170
vt 1.620000 -8.812505
vt 1.620000 -8.825840
vt 2.700508 7.323009
vt 2.380000 7.323009
vt 1.863429 6.963094
vt 1.599825 7.531072
vt 0.000000 1.616532
vt 0.000000 1.614850
vt 0.170406 1.616532
vt 0.170406 1.303494
vt 0.170406 0.990458
vt 0.064812 0.654355
vt 0.209303 0.654355
vt 0.536379 2.905757
vt 0.674797 2.876765
vt -0.070711 0.000000
vt 0.070711 0.000000
vt -0.070711 0.722254
vt 0.070711 0.722254
vt -0.070711 1.444509
vt 0.070711 1.444509
vt -0.070711 2.166763
vt 0.070711 2.166763
vt 0.070711 0.697157
vt -0.070711 0.697157
vt 0.070711 0.457940
vt -0.070711 0.457940
vt 0.070711 0.218723
vt -0.070711 0.218723
vt 0.070711 -0.020494
vt -0.070711 -0.020494
vt 0.070711 -0.259711
vt -0.070711 -0.259711
vt 0.070711 -0.498927
vt -0.070711 -0.498927
vt 0.070711 -0.738144
vt -0.070711 -0.738144
vt 0.070711 -0.977361
vt -0.070711 -0.977361
vt 0.070711 -1.216578
vt -0.070711 -1.216578
vt 0.070711 -1.455795
vt -0.070711 -1.455795
vt 0.070711 -1.695012
vt -0.070711 -1.695012
vt 0.070711 -1.934229
vt -0.070711 -1.934229
vt 0.070711 -2.173446
vt -0.070711 -2.173446
vt -0.070229 1.198492
vt -0.070711 1.196364
vt 0.070711 1.084383
vt -0.070711 0.797576
vt 0.070711 0.722922
vt -0.070711 0.398788
vt 0.070711 0.361461
vt -0.069265 1.202748
vt -0.069747 1.200620
vt 0.070711 0.867600
vt 0.035645 0.587693
vt 0.070711 0.520560
vt -0.070711 0.316697
vt 0.070711 0.173520
vt -0.070711 -0.078069
vt 0.070711 -0.173520
vt -0.070711 -0.472834
vt 0.070711 -0.520560
vt -0.070711 -0.867600
vt 0.070711 -0.867600
vt -0.070711 -1.375645
vt -0.070711 -2.473042
vt 0.069211 -1.498447
vt 0.069711 -1.496199
vt 0.070711 -2.560085
vt 0.070211 -1.493951
vt 0.070711 -1.491702
vt -0.070711 -3.570439
vt 0.070711 -3.628468
vt -0.070711 -4.667836
vt 0.070711 -4.696851
vt -0.070711 -5.765234
vt 0.070711 -5.765234
vt 0.000000 -11.421949
vt 0.151223 -11.525717
vt 0.075611 -11.410091
vt 0.151223 -11.231891
vt 0.075611 -11.343220
vt 0.000000 -11.131351
vt 0.000000 -11.123359
vt 0.148097 17.976061
vt 0.074049 17.997473
vt 0.000001 17.976061
vt 0.074049 18.195864
vt 0.000000 18.259556
vt 0.074049 18.295059
vt 0.074049 18.493450
vt 0.148097 18.259556
vt 0.148097 18.543049
vt 0.000000 18.543049
vt 0.141672 2.428472
vt 0.141672 2.518387
vt 0.070836 2.472216
vt 0.000000 2.518387
vt 0.000000 2.428472
vt 0.163594 -4.104588
vt 0.163594 -3.827970
vt 0.081797 -4.038953
vt 0.000001 -3.827969
vt 0.000000 -4.104588
vt 0.081797 -4.141298
vt 0.000001 -4.381199
vt 0.081797 -4.355103
vt 0.163594 -4.381199
vt 0.152476 -17.427916
vt 0.152476 -17.400589
vt 0.076238 -17.414705
vt 0.000000 -17.400589
vt 0.000000 -17.427916
vt 0.000000 7.419042
vt 0.000000 7.187029
vt 0.085178 7.325674
vt 0.170357 7.187029
vt 0.170357 7.419042
vt 0.085178 7.562497
vt 0.170357 7.651055
vt 0.085178 7.687203
vt 0.170357 7.883068
vt 0.085178 7.901142
vt 0.170357 7.999075
vt 0.170357 8.115082
vt 0.000000 8.115082
vt 0.000000 7.883068
vt 0.000000 7.651055
vt 0.173861 -3.987137
vt 0.173861 -3.952261
vt 0.086930 -3.970141
vt 0.000000 -3.952261
vt 0.000000 -3.987137
vt 0.000000 -2.531378
vt 0.076525 -2.686889
vt 0.153049 -2.531378
vt 0.076525 -2.828193
vt 0.153049 -3.171070
vt 0.076525 -3.116730
vt 0.000000 -3.171070
vt 0.161750 -7.126136
vt 0.161750 -7.107063
vt 0.080875 -7.116962
vt 0.000000 -7.107063
vt 0.000000 -7.126136
vt 0.070711 -1.235968
vt -0.070711 -1.235968
vt 0.070711 -2.471937
vt -0.070711 -2.471937
vt 0.070711 -3.707905
vt -0.070711 -3.707905
vt 0.070711 -4.943873
vt -0.070711 -4.943873
vt 0.070711 2.173446
vt -0.070711 2.173446
vt 0.070711 1.934229
vt -0.070711 1.934229
vt 0.070711 1.695012
vt -0.070711 1.695012
vt 0.070711 1.455795
vt -0.070711 1.455795
vt 0.070711 1.216578
vt -0.070711 1.216578
vt 0.070711 0.977361
vt -0.070711 0.977361
vt 0.070711 0.738144
vt -0.070711 0.738144
vt 0.070711 0.498927
vt -0.070711 0.498927
vt 0.070711 0.259711
vt -0.070711 0.259711
vt 0.070711 0.020494
vt -0.070711 0.020494
vt 0.070711 -0.218723
vt -0.070711 -0.218723
vt 0.070711 -0.457940
vt -0.070711 -0.457940
vt 0.070711 -0.697157
vt -0.070711 -0.697157
vt -0.070711 -2.166763
vt 0.070711 -2.166763
vt -0.070711 -1.444509
vt 0.070711 -1.444509
vt -0.070711 -0.722254
vt 0.070711 -0.722254
vt -1.287470 5.801856
vt -1.211298 5.438186
vt -1.149053 5.830848
vt -1.072880 5.467178
vt 0.142101 -2.403678
vt 0.142101 -2.222947
vt 0.071050 -2.312552
vt 0.000000 -2.222947
vt 0.000000 -2.403678
vt 0.000000 0.646202
vt 0.000000 0.120533
vt 0.082898 0.523435
vt 0.165795 0.120533
vt 0.165796 0.646202
vt 0.082898 0.926337
vt 0.165796 1.171871
vt 0.082898 1.296872
vt 0.165796 1.697540
vt 0.082898 1.760040
vt 0.165796 2.223209
vt 0.000000 2.223209
vt 0.000000 1.697540
vt 0.000000 1.171871
vt 0.000000 0.122372
vt 0.070891 0.101460
vt 0.141781 0.122372
vt 0.070891 0.081581
vt 0.141781 0.000000
vt 0.070891 0.020395
vt 0.000000 0.000000
vt 0.000000 0.467839
vt 0.000000 0.038883
vt 0.090506 0.358161
vt 0.181013 0.038883
vt 0.181012 0.467839
vt 0.090506 0.937064
vt 0.181013 0.896794
vt 0.181013 1.325749
vt 0.090506 1.515967
vt 0.181013 1.754704
vt 0.090506 1.919245
vt 0.181013 2.183660
vt 0.090506 2.319379
vt 0.181013 2.612615
vt 0.090506 2.719513
vt 0.181013 3.041569
vt 0.090506 3.008965
vt 0.181013 3.256044
vt 0.090506 3.298417
vt 0.181013 3.470522
vt 0.000000 3.470528
vt 0.000000 3.256050
vt 0.000000 3.041571
vt 0.000000 2.612615
vt 0.000000 2.183660
vt 0.000000 1.754704
vt 0.000000 0.896794
vt 0.183399 -5.017533
vt 0.183399 -4.959369
vt 0.091699 -4.989234
vt 0.000000 -4.959369
vt 0.000000 -5.017533
vt 0.168796 0.802667
vt 0.168796 1.067047
vt 0.084398 0.978920
vt 0.000000 1.067047
vt 0.000000 0.802667
vt 0.084398 0.626413
vt 0.000000 0.538287
vt 0.084398 0.450160
vt 0.000000 0.273906
vt 0.084398 0.097653
vt 0.000000 0.009526
vt 0.168796 0.009526
vt 0.168796 0.273906
vt 0.168796 0.538287
vt 0.000000 -0.049410
vt 0.085141 -0.050134
vt 0.170282 -0.049410
vt 0.102169 -0.050134
vt 0.119197 -0.050134
vt 0.170282 -0.050813
vt 0.136226 -0.050134
vt 0.153254 -0.050134
vt 0.000000 -0.050813
vt 0.017028 -0.050134
vt 0.034056 -0.050134
vt 0.051085 -0.050134
vt 0.068113 -0.050134
vt 0.000000 -1.707167
vt 0.168046 -1.707167
vt 0.000000 -1.677446
vt 0.168046 -1.677446
vt -0.420000 0.733850
vt -0.760000 0.733850
vt -0.420000 0.482042
vt -0.760000 0.482042
vt -0.420000 0.230235
vt -0.760000 0.230235
vt -0.420000 -0.021572
vt -0.760000 -0.021572
vt -0.420000 -0.273380
vt -0.760000 -0.273380
vt -0.420000 -0.525187
vt -0.760000 -0.525187
vt -0.420000 -0.776994
vt -0.760000 -0.776994
vt -0.420000 -1.028801
vt -0.760000 -1.028801
vt -0.420000 -1.280609
vt -0.760000 -1.280609
vt -0.420000 -1.532416
vt -0.760000 -1.532416
vt -0.420000 -1.784223
vt -0.760000 -1.784223
vt -0.420000 -2.036030
vt -0.760000 -2.036030
vt -0.420000 -2.287838
vt -0.760000 -2.287838
vt -3.659968 0.496020
vt -0.662709 0.340652
vt -3.652285 0.523599
vt 1.924346 0.426633
vt 2.226146 0.468707
vt -3.747606 0.229813
vt -0.662709 0.156998
vt 0.110207 0.180573
vt -2.362698 -0.021101
vt -3.839048 -0.026303
vt -2.458653 -0.026303
vt 1.321625 0.340882
vt 2.376605 0.490542
vt 2.450943 0.502839
vt 2.503591 0.515595
vt 2.486913 0.510491
vt 2.510445 0.519061
vt 2.512787 0.521202
vt 2.513590 0.522988
vt 2.513433 0.522381
vt 2.513163 0.521784
vt 2.511762 0.520093
vt 2.513629 0.523599
vt 3.839048 -0.536750
vt 3.849455 -0.505544
vt 2.458653 -0.536750
vt 3.892359 -0.391965
vt 2.458653 -0.322050
vt 3.945043 -0.283288
vt 2.458653 -0.107350
vt 4.080886 -0.083022
vt 2.458653 0.107350
vt 4.261946 0.094284
vt 4.461546 0.226472
vt 2.458653 0.322050
vt 4.479409 0.235995
vt 5.048759 0.536750
vt 2.458653 0.536750
vt 0.946554 4.628639
vt 0.183475 2.512841
vt 1.034011 4.468759
vt 0.545678 2.090684
vt 1.034011 1.878653
vt 0.649248 1.997874
vt 0.764937 1.920984
vt -0.527540 3.368543
vt 0.305406 5.680058
vt -1.322290 4.146794
vt -0.420378 6.674940
vt -2.235247 4.949272
vt -2.340777 5.305533
vt -1.225840 7.606489
vt -2.597160 5.987731
vt -2.535032 7.700000
vt -2.566816 7.658579
vt -2.515052 7.748236
vt -2.105477 8.468342
vt -2.508237 7.800000
vt -2.515052 7.851764
vt -2.535032 7.900000
vt -2.291007 8.597445
vt -2.566816 7.941421
vt -2.502852 8.676252
vt -2.608237 7.973205
vt -2.656474 7.993185
vt -2.727651 8.699791
vt -2.708237 8.000000
vt -2.760001 7.993185
vt -2.951226 8.666578
vt -2.808237 7.973205
vt -2.849659 7.941421
vt -3.159475 8.578707
vt -2.881442 7.900000
vt -3.339263 8.441722
vt -2.901423 7.851764
vt -3.479251 8.264261
vt -2.908237 7.800000
vt -3.570609 8.057519
vt -3.607575 7.834534
vt -3.587817 7.609371
vt -3.512582 7.396231
vt -2.901423 7.748236
vt -3.386615 7.208558
vt -2.881442 7.700000
vt -2.849659 7.658579
vt -2.948162 6.626420
vt -2.808237 7.626795
vt -2.760001 7.606815
vt -2.708237 7.600000
vt -2.656474 7.606815
vt -2.608237 7.626795
vt -2.200040 4.830342
vt 0.828635 1.893020
vt 0.895776 1.875381
vt 0.965020 1.870428
vt -0.720000 4.683448
vt 0.756217 5.139525
vt -0.720000 5.784515
vt 0.686707 5.766899
vt 0.683474 5.784515
vt -0.720000 3.582380
vt 0.760000 3.720306
vt 0.760000 4.960408
vt 0.760000 2.480204
vt -0.720000 2.481313
vt -0.720000 1.380246
vt 0.760000 1.240102
vt -0.760000 1.088010
vt 0.420000 0.708749
vt -0.760000 0.725340
vt -0.420000 0.708749
vt -0.420000 0.472500
vt -0.760000 0.362670
vt -0.420000 0.236250
vt -0.760000 -0.000000
vt -0.420000 -0.000000
vt 0.760000 -0.000000
vt 0.420000 0.472500
vt 0.420000 0.236250
vt 0.420000 -0.000000
vt -1.179001 -0.132912
vt -0.938566 0.285408
vt -1.179003 0.933773
vt -1.002152 0.893158
vt -1.002152 1.589289
vt -0.825302 0.893158
vt -0.825302 1.589289
vt -0.648451 0.893158
vt -0.648451 1.589289
vt -0.471601 1.589289
vt -0.648451 2.378082
vt -0.471601 2.378082
vt -0.648451 2.532527
vt -0.471601 2.532527
vt -0.648451 2.790504
vt -0.471601 2.790504
vt -0.648451 3.098050
vt -0.471601 3.098050
vt -0.648451 3.387602
vt -0.471601 3.387602
vt -0.648451 3.595541
vt -0.471601 3.595541
vt -0.648451 3.804072
vt -0.471601 3.804269
vt -0.648451 3.968663
vt -0.471601 3.968663
vt -1.178682 4.133846
vt -0.000000 4.122200
vt -0.235801 3.968663
vt -0.000000 3.963468
vt -0.235801 3.804532
vt -0.000000 3.804795
vt -0.235801 3.595541
vt -0.000000 3.487450
vt -0.235801 3.387602
vt -0.000000 3.170104
vt -0.235801 3.098050
vt -0.000000 2.852759
vt -0.235801 2.790504
vt -0.235801 2.532527
vt -0.675170 0.720563
vt -0.381087 1.146465
vt -0.235801 1.589289
vt -0.235801 2.378082
vt -0.046002 1.536788
vt -0.000000 1.583394
vt -0.000000 2.218068
vt -1.178827 4.067165
vt -1.002152 3.968663
vt -0.825302 3.968663
vt -1.179003 4.000481
vt -1.179003 3.933813
vt -1.179003 3.867146
vt -1.002152 3.803677
vt -1.179003 3.733811
vt -1.002152 3.595541
vt -1.179003 3.600475
vt -1.002152 3.387602
vt -1.179003 3.067135
vt -1.002152 3.098050
vt -1.002152 2.790504
vt -0.825302 2.790504
vt -0.825302 2.532527
vt -1.179003 2.000454
vt -1.002152 2.532527
vt -0.825302 2.378082
vt -1.002152 2.378082
vt -0.825302 3.098050
vt -0.825302 3.387602
vt -0.825302 3.595541
vt -0.825302 3.803874
vt -2.011411 0.621736
vt -1.927520 0.259654
vt -1.864649 0.637681
vt -1.716185 0.520074
vt -1.686785 0.637681
vt -1.525454 0.757327
vt -1.686785 1.015708
vt -1.508922 1.015708
vt -1.686785 1.392242
vt -1.508922 1.392677
vt -1.686785 1.582748
vt -1.508922 1.582748
vt -1.686785 1.771761
vt -1.508922 1.771761
vt -1.686785 2.149788
vt -1.508922 2.149788
vt -1.686785 2.527814
vt -1.508922 2.527814
vt -1.686785 2.905841
vt -1.508922 2.905841
vt -1.686785 3.283868
vt -1.508922 3.283868
vt -1.686785 3.661895
vt -1.508922 3.661895
vt -1.686785 4.039921
vt -1.508922 4.039921
vt -1.508922 4.417413
vt -1.331058 4.417356
vt -1.508922 4.795975
vt -1.331058 4.795975
vt -1.508922 5.174001
vt -1.331058 5.174001
vt -1.508922 5.552028
vt -1.302808 5.525458
vt -1.676277 5.587064
vt -1.205687 1.183764
vt -1.331058 1.393111
vt -1.153194 1.393545
vt -0.955914 1.587107
vt -0.975330 1.582748
vt -0.975330 1.771761
vt -1.153194 1.771761
vt -1.153194 2.149788
vt -1.331058 2.149788
vt -1.331058 2.527814
vt -0.771949 1.997957
vt -0.975330 2.149788
vt -1.153194 2.527814
vt -1.331058 2.905841
vt -0.797466 2.149788
vt -0.657452 2.432190
vt -0.797466 2.527814
vt -0.619602 2.901711
vt -0.797466 2.905841
vt -0.665238 3.376612
vt -0.797466 3.283868
vt -0.797466 3.661895
vt -0.975330 3.661895
vt -0.804712 3.883551
vt -0.805213 3.884903
vt -0.975330 4.039921
vt -0.897240 4.150547
vt -0.978747 4.417242
vt -1.049501 4.679967
vt -1.153194 4.417298
vt -1.153194 4.039921
vt -1.153194 4.795975
vt -1.108028 4.934192
vt -1.113783 4.961180
vt -1.193524 5.248560
vt -2.049301 5.655366
vt -1.864649 5.552028
vt -1.686785 5.552028
vt -2.419691 5.731145
vt -2.220377 5.552028
vt -2.042513 5.552028
vt -1.864649 5.174001
vt -1.686785 5.174001
vt -1.686785 4.795975
vt -2.788250 5.816041
vt -2.576105 5.552028
vt -2.398241 5.552028
vt -2.220377 5.174001
vt -2.042513 5.174001
vt -2.042513 4.795975
vt -1.864649 4.795975
vt -1.864649 4.417527
vt -1.686785 4.417470
vt -1.864649 4.039921
vt -3.154865 5.911567
vt -3.109697 5.552028
vt -2.753969 5.552028
vt -2.576105 5.174001
vt -2.398241 5.174001
vt -2.398241 4.795975
vt -2.220377 4.795975
vt -2.220377 4.417641
vt -2.042513 4.417584
vt -2.220377 4.039921
vt -2.042513 4.039921
vt -2.042513 3.661895
vt -1.864649 3.661895
vt -1.864649 3.283868
vt -3.515240 6.018463
vt -3.465425 5.930055
vt -3.465425 5.552028
vt -3.109697 5.174001
vt -2.753969 5.174001
vt -2.753969 4.795975
vt -2.576105 4.795975
vt -2.576105 4.417755
vt -2.398241 4.417698
vt -2.576105 4.039921
vt -2.398241 4.039921
vt -2.398241 3.661895
vt -2.220377 3.661895
vt -2.220377 3.283868
vt -2.042513 3.283868
vt -2.042513 2.905841
vt -1.864649 2.905841
vt -1.864649 2.527814
vt -3.775061 5.930055
vt -3.868919 6.138927
vt -4.084698 5.930055
vt -4.215751 6.275441
vt -4.206180 5.794273
vt -4.445096 6.053960
vt -4.291520 6.308081
vt -4.566420 6.183291
vt -4.629623 6.247441
vt -4.663595 6.278926
vt -4.682334 6.294182
vt -4.692583 6.301478
vt -4.703970 6.308081
vt -3.775061 5.552028
vt -3.741100 5.267629
vt -3.465425 5.174001
vt -3.329395 4.715625
vt -3.109697 4.795975
vt -3.109697 4.417927
vt -2.753969 4.417812
vt -3.023451 4.120705
vt -2.753969 4.039921
vt -2.753969 3.661895
vt -2.576105 3.661895
vt -2.576105 3.283868
vt -2.398241 3.283868
vt -2.398241 2.905841
vt -2.220377 2.905841
vt -2.220377 2.527814
vt -2.042513 2.527814
vt -2.042513 2.149788
vt -1.864649 2.149788
vt -1.864649 1.771761
vt -2.859347 2.842705
vt -2.753969 3.283868
vt -2.576105 2.905841
vt -2.398241 2.527814
vt -2.220377 2.149788
vt -2.042513 1.771761
vt -1.864649 1.582748
vt -2.961964 2.227272
vt -2.753969 2.527814
vt -2.753969 2.905841
vt -3.124282 1.647523
vt -2.884253 1.636872
vt -2.753969 2.149788
vt -2.576105 2.149788
vt -2.576105 2.527814
vt -2.398241 2.149788
vt -2.753969 1.771761
vt -2.693947 1.574071
vt -2.576105 1.771761
vt -2.576105 1.582748
vt -2.398241 1.582748
vt -2.444874 1.390391
vt -2.398241 1.390505
vt -2.284430 1.192251
vt -2.220377 1.390940
vt -2.167738 0.996904
vt -2.042513 1.391374
vt -2.042513 1.015708
vt -1.864649 1.015708
vt -1.864649 1.391808
vt -2.042513 1.582748
vt -2.220377 1.582748
vt -2.220377 1.771761
vt -2.398241 1.771761
vt -1.331058 1.582748
vt -1.153194 1.582748
vt -1.331058 1.771761
vt -0.975330 2.527814
vt -0.975330 2.905841
vt -0.975330 3.283868
vt -1.153194 2.905841
vt -1.331058 3.283868
vt -1.153194 3.283868
vt -1.153194 3.661895
vt -1.331058 3.661895
vt -1.331058 4.039921
vt 0.420000 0.674263
vt 0.760000 0.715103
vt 0.420000 1.348525
vt 0.760000 1.430207
vt 0.420000 2.022788
vt 0.760000 2.145310
vt -0.760000 2.145310
vt -0.420000 2.022788
vt -0.760000 1.430207
vt -0.420000 1.348525
vt -0.760000 0.715103
vt -0.420000 0.674263
vt -3.345604 -0.331216
vt -2.745376 0.172792
vt -3.862632 -0.344624
vt -3.189709 0.281028
vt -3.429430 0.381905
vt -2.841072 -0.365994
vt -1.968041 -0.105414
vt -1.968041 -0.100000
vt -2.320641 0.160838
vt -1.862592 0.000000
vt -1.896856 0.215483
vt -0.990353 0.399710
vt -0.514871 0.466863
vt 0.000000 0.495566
vt -6.133269 -0.410000
vt -3.685902 0.520462
vt -3.736716 0.551403
vt -4.135511 0.760990
vt -6.133269 1.110000
vt -4.602552 0.934416
vt -5.761707 1.110000
vt -5.114798 1.054759
vt -5.641004 1.108021
vt -3.862632 -0.410000
vt -1.463581 -0.000000
vt -2.635978 0.177053
vt -3.891143 -0.000000
vt -3.889472 0.330441
vt -3.891143 0.330937
vt 0.330937 -1.026254
vt 0.339408 -0.997755
vt -0.000000 -1.026254
vt 0.405351 -0.751030
vt -0.000000 -0.684169
vt 0.455536 -0.501955
vt -0.000000 -0.342085
vt 0.486748 -0.251737
vt 0.495586 -0.001387
vt 0.495566 -0.000000
vt -0.523388 0.839613
vt -0.720000 0.839613
vt -0.464282 0.773876
vt -0.720000 0.503768
vt -0.295819 0.560601
vt -0.152247 0.334486
vt -0.720000 0.167923
vt -0.139614 0.311724
vt 0.031010 0.070175
vt -0.720000 -0.167923
vt 0.251574 -0.127503
vt 0.282041 -0.148264
vt 0.432219 -0.277592
vt -0.720000 -0.503768
vt 0.547772 -0.440394
vt 0.632484 -0.637185
vt -0.720000 -0.839613
vt 0.683474 -0.839613
vt -0.000000 0.206683
vt -0.211332 0.105349
vt -0.264165 0.206683
vt -0.422663 0.105349
vt -0.528329 0.206683
vt -0.581162 0.105349
vt -0.792493 0.206683
vt -0.739661 0.105349
vt -0.898159 0.105349
vt -0.845326 0.000000
vt -1.056658 0.000000
vt -1.056658 0.206683
vt -0.633995 0.000000
vt -0.422663 0.000000
vt -0.211332 0.000000
vt -0.654797 0.009834
vt -0.654797 0.000000
vt -0.556578 0.019313
vt -0.507266 -0.003681
vt -0.458358 0.018960
vt -0.342374 -0.007017
vt -0.360139 0.018606
vt -0.261919 0.018252
vt -0.261919 0.042871
vt -0.130959 0.017780
vt -0.130959 0.042871
vt -0.000000 0.024973
vt -0.000000 0.064420
vt -0.246822 -0.008820
vt -0.145016 -0.010815
vt -0.004027 -0.014371
vt -0.000000 0.005250
vt -0.000000 -0.004612
vt -0.000000 -0.007078
vt -0.000467 -0.012012
vt -0.000000 -0.009543
vt -0.000974 -0.014473
vt -0.000881 -0.013244
vt -0.130959 0.102250
vt -0.000000 0.143315
vt -0.130959 0.127813
vt -0.130959 0.228104
vt -0.261919 0.228104
vt -0.130959 0.301450
vt -0.261919 0.301796
vt -0.261919 0.452289
vt -0.360139 0.452289
vt -0.360139 0.527018
vt -0.458358 0.527018
vt -0.458358 0.933763
vt -0.556578 0.933763
vt -0.556578 1.265780
vt -0.654797 1.258696
vt -0.556578 1.789621
vt -0.654797 1.888044
vt -0.556578 2.365092
vt -0.654797 2.517392
vt -0.556578 3.024037
vt -0.556578 3.299334
vt -0.458358 3.024037
vt -0.458358 3.299334
vt -0.360139 3.024037
vt -0.360139 3.299334
vt -0.261919 3.024037
vt -0.261919 3.299334
vt -0.130959 3.024037
vt -0.130959 3.299334
vt -0.000000 2.510154
vt -0.130959 4.167059
vt -0.000000 5.034783
vt -0.163700 5.034783
vt -0.000000 0.301104
vt -0.130959 0.452289
vt -0.000000 0.616683
vt -0.130959 0.527018
vt -0.130959 0.933763
vt -0.261919 0.933763
vt -0.261919 1.265780
vt -0.360139 1.265780
vt -0.360139 1.789621
vt -0.458358 1.789621
vt -0.458358 2.365092
vt -0.000000 1.247840
vt -0.130959 1.265780
vt -0.261919 1.789621
vt -0.360139 2.365092
vt -0.130959 1.789621
vt -0.261919 2.365092
vt -0.261919 4.167059
vt -0.327399 5.034783
vt -0.360139 4.167059
vt -0.491098 5.034783
vt -0.458358 4.167059
vt -0.556578 4.167059
vt -0.654797 5.034783
vt -0.654797 4.405435
vt -0.654797 3.776087
vt -0.654797 0.629348
vt -0.556578 0.527018
vt -0.458358 0.452289
vt -0.360139 0.302055
vt -0.360139 0.228104
vt -0.261919 0.127813
vt -0.654797 0.314674
vt -0.556578 0.452289
vt -0.458358 0.302314
vt -0.458358 0.228104
vt -0.360139 0.127813
vt -0.261919 0.102250
vt -0.556578 0.302573
vt -0.654797 0.157337
vt -0.556578 0.228104
vt -0.556578 0.127813
vt -0.458358 0.127813
vt -0.458358 0.102250
vt -0.360139 0.102250
vt -0.360139 0.042871
vt -0.654797 0.078668
vt -0.556578 0.102250
vt -0.458358 0.042871
vt -0.556578 0.042871
vt -0.654797 0.039334
vt -0.654797 0.019667
vt -0.130959 2.365092
vt -0.261919 0.527018
vt -0.360139 0.933763
vt -0.458358 1.265780
vt 0.000000 1.417800
vt 0.242331 1.587482
vt 0.000000 1.630000
vt 0.242331 1.630000
vt -1.630000 -1.572872
vt -1.630000 -1.593124
vt -1.587482 -1.633628
vt -1.630000 -1.613376
vt -1.630000 -1.633628
vt 1.417800 -1.061329
vt 1.630000 -1.061329
vt 1.427796 -1.018858
vt 1.630000 -1.012075
vt 1.630000 -0.962821
vt 1.630000 -0.913567
vt 1.572939 -0.913567
vt -0.593949 -0.380000
vt -0.608923 -0.426922
vt -0.512458 -0.380000
vt -0.338113 -0.480000
vt -0.624663 -0.473593
vt -0.398834 -0.520000
vt -0.641166 -0.520000
vt -0.378584 -0.519803
vt -0.358341 -0.519211
vt -0.338113 -0.518226
vt -2.347499 0.100000
vt -2.440536 0.131833
vt -2.615948 0.100000
vt -2.615948 0.105414
vt -2.524126 0.178008
vt 0.904432 0.796094
vt 0.703444 0.796094
vt -0.110088 -0.208527
vt -0.209597 -0.108038
vt -1.590000 1.231980
vt -1.486319 1.355851
vt -1.590000 1.365863
vt -1.590000 1.499745
vt -1.369903 1.521196
vt -1.590000 1.633628
vt -1.306460 1.633628
vt 0.242331 1.184140
vt 0.242331 1.590000
vt 0.000000 1.306460
vt 0.000000 1.590000
vt 1.590000 0.913567
vt 1.590000 0.962821
vt 1.364797 0.913567
vt 1.590000 1.012075
vt 1.184140 1.061329
vt 1.590000 1.061329
vt 0.593949 -0.380000
vt 0.147796 -0.380000
vt 0.608923 -0.426922
vt 0.007096 -0.443401
vt 0.134018 -0.485720
vt 0.265321 -0.511394
vt 0.624663 -0.473593
vt 0.398834 -0.520000
vt 0.641166 -0.520000
vt -1.070838 -0.913129
vt -0.921726 -1.210448
vt -0.884199 -0.993602
vt -0.691294 -1.210448
vt -0.634435 -1.166839
vt -0.691294 -1.531083
vt -0.460863 -1.531083
vt -0.460863 -1.856732
vt -0.240199 -1.856732
vt -0.292707 -2.170291
vt -0.152472 -2.082553
vt -1.152157 -0.889814
vt -1.152157 -1.470299
vt -0.921726 -1.531083
vt -1.152157 -2.050795
vt -0.921726 -1.856732
vt -1.022939 -2.127868
vt -0.886218 -2.192907
vt -0.741211 -2.237706
vt -0.691294 -2.182382
vt -0.691294 -1.856732
vt -0.666255 -2.249241
vt -0.590684 -2.251986
vt -0.460863 -2.182382
vt -0.514242 -2.245229
vt -0.438846 -2.228930
vt -0.019534 -1.974737
vt -0.215110 -1.654391
vt -0.417902 -1.385628
vt -0.433718 0.163776
vt -0.285924 -0.102271
vt -0.333906 0.081976
vt -0.112970 -0.075738
vt -0.188520 -0.392247
vt -0.102971 -0.465942
vt -0.120880 -0.715111
vt -0.074122 -1.076509
vt -0.074342 -1.076352
vt -0.082029 0.145434
vt -0.098501 0.157193
vt 3.891143 0.330623
vt 2.636765 0.177160
vt 3.891143 0.000000
vt 1.463581 0.000000
vt 1.548006 0.000000
vt 0.798081 0.162749
vt -0.000000 0.305836
vt -0.305836 -0.000000
vt -0.338233 -0.260963
vt -0.352324 -0.517399
vt -0.349946 -0.767619
vt -0.330623 -1.026254
vt -1.215916 0.100000
vt -1.569586 0.678013
vt -2.504890 0.100000
vt -2.504890 1.300000
vt -1.812212 1.300000
vt -0.569009 0.313878
vt -0.659589 0.447560
vt -0.634174 0.365824
vt -1.197946 0.768270
vt -1.115780 0.883373
vt -0.505265 0.447560
vt 0.070711 2.372766
vt -0.070711 2.372766
vt 0.070711 2.076170
vt -0.070711 2.076170
vt 0.070711 1.779575
vt -0.070711 1.779575
vt 0.070711 1.482979
vt -0.070711 1.482979
vt 0.070711 1.186383
vt -0.070711 1.186383
vt 0.070711 0.889787
vt -0.070711 0.889787
vt 0.070711 0.593192
vt -0.070711 0.593192
vt 0.070711 0.296596
vt -0.070711 0.296596
vt 0.953941 1.044147
vt 0.975121 0.866093
vt 0.970003 1.060052
vt 0.990794 0.881613
vt 0.100000 0.000000
vt 1.300000 0.000000
vt 0.100000 0.309491
vt 1.300000 0.309491
vt 0.100000 0.618982
vt 1.300000 0.618982
vt 0.100000 0.928474
vt 1.300000 0.928474
vt 0.100000 1.237965
vt 1.300000 1.237965
vt 0.100000 1.547456
vt 1.300000 1.547456
vt 0.100000 1.856947
vt 1.300000 1.856947
vt 0.100000 2.166439
vt 1.300000 2.166439
vt 0.100000 2.475930
vt 1.300000 2.475930
vt -0.333383 -0.717848
vt -0.179338 -0.504077
vt -0.771043 -0.463527
vt -0.169337 -0.425827
vt -0.148164 -0.349343
vt 0.074122 -1.076509
vt -0.028207 -0.950454
vt -0.111696 -0.811724
vt -0.165365 -0.662087
vt 0.074342 -1.076352
vt -0.177898 -0.583703
vt -0.076336 -0.207189
vt 0.025778 -0.083960
vt 0.148847 0.019375
vt 1.197946 0.768270
vt 1.115780 0.883373
vt 0.209597 -0.108038
vt -1.246005 1.333361
vt 0.110088 -0.208527
vt -1.305057 1.365873
vt -1.724937 1.608594
vt -1.360875 1.412434
vt -1.412349 1.472118
vt -1.458453 1.543736
vt -1.649204 1.732626
vt -0.431492 -0.527646
vt -0.441714 -0.450000
vt -1.123705 -0.945675
vt -0.431492 -0.372354
vt -0.401522 -0.300000
vt -2.168336 1.123864
vt -0.353846 -0.237868
vt -0.291714 -0.190192
vt -0.219360 -0.160222
vt -0.560387 1.607842
vt -2.939214 1.123864
vt -0.141714 -0.150000
vt -0.221108 1.648499
vt 0.120273 1.633594
vt 0.454718 1.563521
vt -0.064069 -0.160222
vt 1.938977 1.123864
vt 0.008286 -0.190192
vt 0.070418 -0.237868
vt 2.240608 1.034517
vt 0.118093 -0.300000
vt 0.148063 -0.372354
vt 0.759353 -1.080934
vt 0.158286 -0.450000
vt 0.148063 -0.527646
vt 0.118093 -0.600000
vt 0.070418 -0.662132
vt 0.008286 -0.709808
vt -0.064069 -0.739778
vt 0.568625 -1.289892
vt -0.141714 -0.750000
vt 0.330908 -1.443292
vt 0.061927 -1.530986
vt -0.220524 -1.547173
vt -0.497762 -1.490783
vt -0.751448 -1.365547
vt -0.219360 -0.739778
vt -0.964800 -1.179747
vt -0.291714 -0.709808
vt -0.353846 -0.662132
vt -0.401522 -0.600000
vt 0.473427 0.400000
vt -0.000000 0.400000
vt 0.473427 0.000000
vt -0.077646 -0.289778
vt -0.236714 -0.410000
vt -0.000000 -0.300000
vt 0.236714 -0.410000
vt 0.077646 -0.289778
vt 0.150000 -0.259808
vt 0.212132 -0.212132
vt 0.259808 -0.150000
vt 0.289778 -0.077646
vt 0.300000 0.000000
vt 0.289778 0.077646
vt 0.259808 0.150000
vt 0.236714 0.410000
vt 0.212132 0.212132
vt 0.150000 0.259808
vt 0.077646 0.289778
vt -0.000000 0.300000
vt -0.236714 0.410000
vt -0.077646 0.289778
vt -0.150000 0.259808
vt -0.212132 0.212132
vt -0.259808 0.150000
vt -0.473427 0.000000
vt -0.289778 0.077646
vt -0.300000 0.000000
vt -0.289778 -0.077646
vt -0.259808 -0.150000
vt -0.212132 -0.212132
vt -0.150000 -0.259808
vt -1.635347 0.170115
vt -1.578286 0.170115
vt -1.647998 0.188182
vt 0.141714 0.023427
vt 1.461714 0.170115
vt 0.551714 -0.213286
vt 1.461714 -0.276039
vt 0.551714 -0.686714
vt 1.123705 -0.945675
vt 0.141714 -0.923427
vt 0.964800 -1.179747
vt 0.751448 -1.365547
vt 0.497762 -1.490783
vt 0.220524 -1.547173
vt -0.061927 -1.530986
vt -0.330908 -1.443292
vt -0.568625 -1.289892
vt -0.759353 -1.080934
vt -0.268286 -0.686714
vt -1.578286 0.088623
vt -0.268286 -0.213286
vt 1.686917 0.170115
vt 1.696037 0.188182
vt -1.000000 0.863938
vt 0.000000 0.863938
vt -1.000000 0.942478
vt 0.000000 0.942478
vt -1.000000 -0.942478
vt 0.000000 -0.942478
vt -1.000000 -0.863938
vt 0.000000 -0.863938
vt -1.000000 -0.785398
vt 0.000000 -0.785398
vt -1.000000 -0.706858
vt 0.000000 -0.706858
vt -1.000000 -0.628319
vt 0.000000 -0.628319
vt -1.000000 -0.549779
vt 0.000000 -0.549779
vt -1.000000 -0.471239
vt 0.000000 -0.471239
vt -1.000000 -0.392699
vt 0.000000 -0.392699
vt -1.000000 -0.314159
vt 0.000000 -0.314159
vt -1.000000 -0.235619
vt 0.000000 -0.235619
vt -1.000000 -0.157080
vt 0.000000 -0.157080
vt -1.000000 -0.078540
vt -0.000000 -0.078540
vt -1.000000 -0.000000
vt -1.000000 0.078540
vt -0.000000 0.078540
vt -1.000000 0.157080
vt -0.000000 0.157080
vt -1.000000 0.235619
vt -0.000000 0.235619
vt -1.000000 0.314159
vt -0.000000 0.314159
vt -1.000000 0.392699
vt -0.000000 0.392699
vt -1.000000 0.471239
vt -0.000000 0.471239
vt -1.000000 0.549779
vt -0.000000 0.549779
vt -1.000000 0.628319
vt -0.000000 0.628319
vt -1.000000 0.706858
vt -0.000000 0.706858
vt -1.000000 0.785398
vt -0.000000 0.785398
vt -0.105449 0.000000
vt -0.420035 0.000000
vt 0.000000 0.105414
vt -0.420000 -0.628319
vt 0.420000 -0.628319
vt -0.420000 -0.579112
vt 0.420000 -0.579112
vt -0.420000 -0.529905
vt 0.420000 -0.529905
vt -0.420000 -0.480698
vt 0.420000 -0.480698
vt -0.420000 -0.431491
vt 0.420000 -0.431491
vt -0.420000 -0.382284
vt 0.420000 -0.382284
vt -0.420000 -0.333077
vt 0.420000 -0.333077
vt -0.420000 -0.283871
vt 0.420000 -0.283871
vt -0.420000 -0.234664
vt 0.420000 -0.234664
vt -0.420000 -0.185457
vt 0.420000 -0.185457
vt -0.420000 -0.136250
vt 0.420000 -0.136250
vt 0.420000 -2.287838
vt 0.760000 -2.287838
vt 0.420000 -2.036030
vt 0.760000 -2.036030
vt 0.420000 -1.784223
vt 0.760000 -1.784223
vt 0.420000 -1.532416
vt 0.760000 -1.532416
vt 0.420000 -1.280609
vt 0.760000 -1.280609
vt 0.420000 -1.028801
vt 0.760000 -1.028801
vt 0.420000 -0.776994
vt 0.760000 -0.776994
vt 0.420000 -0.525187
vt 0.760000 -0.525187
vt 0.420000 -0.273380
vt 0.760000 -0.273380
vt 0.420000 -0.021572
vt 0.760000 -0.021572
vt 0.420000 0.230235
vt 0.760000 0.230235
vt 0.420000 0.482042
vt 0.760000 0.482042
vt 0.420000 0.733850
vt 0.760000 0.733850
vt 1.154327 0.166816
vt 0.102072 0.371609
vt 0.617808 -0.240723
vt 0.060650 0.339825
vt 0.012414 0.319845
vt 1.740767 0.498523
vt 0.153835 0.564794
vt 0.160650 0.513030
vt 0.153835 0.461266
vt 2.366479 0.748375
vt 0.180646 1.334067
vt 0.102072 0.654452
vt 0.133855 0.613030
vt 0.077902 1.354904
vt -0.039350 0.713030
vt 0.012414 0.706215
vt 0.060650 0.686235
vt -0.026627 1.362935
vt -0.131349 1.358037
vt -0.180426 1.358752
vt -0.227852 1.371399
vt -0.781952 1.182763
vt -0.091114 0.706215
vt -0.622352 1.356950
vt -0.270769 1.395216
vt -0.306592 1.428769
vt -0.333165 1.470036
vt -0.460029 1.528601
vt -0.348887 1.516533
vt -0.352810 1.565459
vt -0.344699 1.613867
vt -0.325042 1.658841
vt -0.295023 1.697674
vt -0.139350 0.686235
vt -0.925400 0.976620
vt -0.180771 0.654452
vt -1.012963 0.741237
vt -0.212555 0.613030
vt -0.232535 0.564794
vt -1.039117 0.491460
vt -0.239350 0.513030
vt -0.232535 0.461266
vt -1.002214 0.243043
vt -0.212555 0.413030
vt -0.180771 0.371609
vt -0.904580 0.011656
vt -0.139350 0.339825
vt -0.091114 0.319845
vt -0.752374 -0.188109
vt -0.555196 -0.343651
vt -0.039350 0.313030
vt -0.325482 -0.445160
vt -0.077721 -0.486233
vt 0.172460 -0.464281
vt 0.409282 -0.380686
vt 0.133855 0.413030
vt -2.366479 0.748375
vt -1.740767 0.498523
vt -0.180646 1.334067
vt -0.102072 0.654452
vt -0.060650 0.686235
vt -1.154327 0.166816
vt -0.153835 0.564794
vt -0.133855 0.613030
vt -0.617808 -0.240723
vt -0.102072 0.371609
vt -0.133855 0.413030
vt -0.153835 0.461266
vt -0.409282 -0.380686
vt 0.039350 0.313030
vt -0.012414 0.319845
vt -0.060650 0.339825
vt -0.172460 -0.464281
vt 0.077721 -0.486233
vt 0.325482 -0.445160
vt 0.555196 -0.343651
vt 0.091114 0.319845
vt 0.752374 -0.188109
vt 0.904580 0.011656
vt 1.002214 0.243043
vt 0.180771 0.371609
vt 0.139350 0.339825
vt 1.039117 0.491460
vt 0.232535 0.461266
vt 0.212555 0.413030
vt 1.012963 0.741237
vt 0.232535 0.564794
vt 0.239350 0.513030
vt 0.925400 0.976620
vt 0.180771 0.654452
vt 0.212555 0.613030
vt 0.139350 0.686235
vt 0.781952 1.182763
vt 0.091114 0.706215
vt 0.180426 1.358752
vt 0.039350 0.713030
vt 0.131349 1.358037
vt 0.026627 1.362935
vt 0.227852 1.371399
vt 0.622352 1.356950
vt 0.270769 1.395216
vt 0.306592 1.428769
vt 0.333165 1.470036
vt 0.460029 1.528601
vt 0.348887 1.516533
vt 0.352810 1.565459
vt 0.344699 1.613867
vt 0.325042 1.658841
vt 0.295023 1.697674
vt -0.077902 1.354904
vt -0.012414 0.706215
vt -0.160650 0.513030
vt -2.262941 -0.420000
vt 0.000000 -0.420000
vt -2.262941 0.420000
vt 0.000000 0.420000
vt -0.420000 2.355645
vt 0.420000 2.355645
vt -0.420000 2.460548
vt 0.420000 2.460548
vt 0.420000 2.565451
vt 0.420000 2.670354
vt -0.420000 2.670354
vt -0.420000 2.565451
vt 0.860000 -0.575959
vt 0.420000 -0.575959
vt 0.860000 -0.628319
vt 0.860000 0.628319
vt 0.420000 0.628319
vt 0.860000 0.575959
vt 0.420000 0.575959
vt 0.860000 0.523599
vt 0.420000 0.523599
vt 0.860000 0.471239
vt 0.420000 0.471239
vt 0.860000 0.418879
vt 0.420000 0.418879
vt 0.860000 0.366519
vt 0.420000 0.366519
vt 0.860000 0.314159
vt 0.420000 0.314159
vt 0.860000 0.261799
vt 0.420000 0.261799
vt 0.860000 0.209440
vt 0.420000 0.209440
vt 0.860000 0.157080
vt 0.420000 0.157080
vt 0.860000 0.104720
vt 0.420000 0.104720
vt 0.860000 0.052360
vt 0.420000 0.052360
vt 0.860000 0.000000
vt 0.860000 -0.052360
vt 0.420000 -0.052360
vt 0.860000 -0.104720
vt 0.420000 -0.104720
vt 0.860000 -0.157080
vt 0.420000 -0.157080
vt 0.860000 -0.209440
vt 0.420000 -0.209440
vt 0.860000 -0.261799
vt 0.420000 -0.261799
vt 0.860000 -0.314159
vt 0.420000 -0.314159
vt 0.860000 -0.366519
vt 0.420000 -0.366519
vt 0.860000 -0.418879
vt 0.420000 -0.418879
vt 0.860000 -0.471239
vt 0.420000 -0.471239
vt 0.860000 -0.523599
vt 0.420000 -0.523599
vt -0.101980 2.895833
vt -0.101980 2.894257
vt 0.096768 3.106294
vt 0.101980 -1.425000
vt 0.098505 3.107603
vt 0.100243 3.108911
vt 0.101980 3.110218
vt -0.107388 2.889992
vt -0.105586 2.891414
vt -0.103783 2.892836
vt -0.101980 -1.425000
vt 2.248248 -0.855675
vt 1.798236 -1.556815
vt 2.518342 -1.147240
vt 1.850000 -1.550000
vt 2.647445 -1.332769
vt 1.901764 -1.556815
vt 1.950000 -1.576795
vt 1.970475 -0.571417
vt -0.644467 -1.382539
vt 0.037731 -1.638923
vt 1.750000 -1.576795
vt 1.708579 -1.608579
vt 1.676795 -1.650000
vt 1.656815 -1.698236
vt 0.676420 -1.989925
vt 1.650000 -1.750000
vt 1.656815 -1.801764
vt 1.676795 -1.850000
vt 1.708579 -1.891421
vt 1.750000 -1.923205
vt 1.258558 -2.428378
vt 1.798236 -1.943185
vt 1.850000 -1.950000
vt 2.491722 -2.381025
vt 2.628707 -2.201237
vt 1.685218 -0.294669
vt -2.850000 -0.294669
vt -2.850000 -0.729230
vt 2.314261 -2.521013
vt 1.446231 -2.554345
vt 2.107519 -2.612371
vt 1.659371 -2.629580
vt 1.884534 -2.649337
vt 2.716578 -1.992988
vt 1.950000 -1.923205
vt 1.901764 -1.943185
vt 2.749791 -1.769414
vt 2.023205 -1.850000
vt 1.991421 -1.891421
vt 2.726252 -1.544614
vt 2.043185 -1.698236
vt 2.050000 -1.750000
vt 2.043185 -1.801764
vt 1.991421 -1.608579
vt 2.023205 -1.650000
vt -1.878306 1.742958
vt -2.376548 0.802165
vt -2.598808 0.461928
vt -2.899618 0.188663
vt -3.259572 -0.000000
vt -0.000000 4.319257
vt -0.686991 3.506004
vt -1.314161 2.645774
vt -0.420000 -0.575959
vt -0.860000 -0.575959
vt -0.860000 -0.628319
vt -0.420000 0.628319
vt -0.860000 0.628319
vt -0.420000 0.575959
vt -0.860000 0.575959
vt -0.420000 0.523599
vt -0.860000 0.523599
vt -0.420000 0.471239
vt -0.860000 0.471239
vt -0.420000 0.418879
vt -0.860000 0.418879
vt -0.420000 0.366519
vt -0.860000 0.366519
vt -0.420000 0.314159
vt -0.860000 0.314159
vt -0.420000 0.261799
vt -0.860000 0.261799
vt -0.420000 0.209440
vt -0.860000 0.209440
vt -0.420000 0.157080
vt -0.860000 0.157080
vt -0.420000 0.104720
vt -0.860000 0.104720
vt -0.420000 0.052360
vt -0.860000 0.052360
vt -0.860000 -0.000000
vt -0.420000 -0.052360
vt -0.860000 -0.052360
vt -0.420000 -0.104720
vt -0.860000 -0.104720
vt -0.420000 -0.157080
vt -0.860000 -0.157080
vt -0.420000 -0.209440
vt -0.860000 -0.209440
vt -0.420000 -0.261799
vt -0.860000 -0.261799
vt -0.420000 -0.314159
vt -0.860000 -0.314159
vt -0.420000 -0.366519
vt -0.860000 -0.366519
vt -0.420000 -0.418879
vt -0.860000 -0.418879
vt -0.420000 -0.471239
vt -0.860000 -0.471239
vt -0.420000 -0.523599
vt -0.860000 -0.523599
vt -0.560000 1.733986
vt 0.560000 1.733986
vt -0.560000 1.967066
vt 0.560000 1.967066
vt -0.560000 2.200147
vt 0.560000 2.200147
vt -0.560000 2.433228
vt 0.560000 2.433228
vt -0.560000 2.666308
vt 0.560000 2.666308
vt -0.560000 2.899389
vt 0.560000 2.899389
vt -0.560000 3.132469
vt 0.560000 3.132469
vt -0.560000 3.365550
vt 0.560000 3.365550
vt -0.560000 3.598630
vt 0.560000 3.598630
vt -0.560000 3.831711
vt 0.560000 3.831711
vt -0.560000 4.064791
vt 0.560000 4.064791
vt -0.560000 4.297872
vt 0.560000 4.297872
vt -1.149769 0.821854
vt -1.183939 0.933516
vt -1.234965 0.544513
vt -1.401801 0.852298
vt -1.358898 0.461498
vt -1.458978 0.350886
vt -1.593748 0.721085
vt -1.529220 0.219291
vt -1.748519 0.547574
vt -1.565423 0.074584
vt -1.857037 0.341943
vt -1.912935 0.116254
vt -1.912935 -0.116254
vt -1.565423 -0.074584
vt -1.857037 -0.341943
vt -1.748519 -0.547574
vt -1.529220 -0.219291
vt -1.593748 -0.721085
vt -1.458978 -0.350886
vt -1.401801 -0.852298
vt -1.358898 -0.461498
vt -1.234965 -0.544513
vt -1.183939 -0.933516
vt -1.149769 -0.821854
vt -1.119971 -0.708948
vt -1.094589 -0.594967
vt -1.094589 0.594967
vt -1.119971 0.708948
vt -0.050000 1.093892
vt 0.050000 1.093892
vt -0.050000 1.243434
vt 0.050000 1.243434
vt -0.050000 1.392975
vt 0.050000 1.392975
vt -0.050000 1.542517
vt 0.050000 1.542517
vt -0.050000 1.692059
vt 0.050000 1.692059
vt -0.050000 1.841601
vt 0.050000 1.841601
vt -0.050000 1.991142
vt 0.050000 1.991142
vt -0.050000 2.140684
vt 0.050000 2.140684
vt -0.050000 2.290226
vt 0.050000 2.290226
vt -0.050000 2.439768
vt 0.050000 2.439768
vt -0.050000 2.589309
vt 0.050000 2.589309
vt -0.050000 2.738851
vt 0.050000 2.738851
vt 0.744589 0.594967
vt 0.884965 0.544513
vt 0.747263 0.608031
vt 0.749995 0.621083
vt 0.752785 0.634123
vt 0.902524 0.580457
vt 1.008898 0.461498
vt 1.034744 0.492029
vt 1.108978 0.350886
vt 1.141529 0.374135
vt 1.179220 0.219291
vt 1.216482 0.233836
vt 1.215423 0.074584
vt 1.255116 0.079533
vt 1.255116 -0.079533
vt 1.215423 -0.074584
vt 1.216482 -0.233836
vt 1.179220 -0.219291
vt 1.141529 -0.374135
vt 1.108978 -0.350886
vt 1.034744 -0.492029
vt 1.008898 -0.461498
vt 0.902524 -0.580457
vt 0.884965 -0.544513
vt 0.752785 -0.634123
vt 0.749995 -0.621083
vt 0.747263 -0.608031
vt 0.744589 -0.594967
vt -0.210000 1.164976
vt 0.210000 1.164976
vt -0.210000 1.324441
vt 0.210000 1.324441
vt -0.210000 1.483907
vt 0.210000 1.483907
vt -0.210000 1.643372
vt 0.210000 1.643372
vt -0.210000 1.802837
vt 0.210000 1.802837
vt -0.210000 1.962303
vt 0.210000 1.962303
vt -0.210000 2.121768
vt 0.210000 2.121768
vt -0.210000 2.281233
vt 0.210000 2.281233
vt -0.210000 2.440698
vt 0.210000 2.440698
vt -0.210000 2.600164
vt 0.210000 2.600164
vt -0.210000 2.759629
vt 0.210000 2.759629
vt -0.210000 2.919094
vt 0.210000 2.919094
vt -0.789995 0.621083
vt -0.792785 0.634123
vt -0.924965 0.544513
vt -0.942524 0.580457
vt -1.048898 0.461498
vt -1.074744 0.492029
vt -1.148978 0.350886
vt -1.181529 0.374135
vt -1.219220 0.219291
vt -1.256482 0.233836
vt -1.255423 0.074584
vt -1.295116 0.079533
vt -1.295116 -0.079533
vt -1.255423 -0.074584
vt -1.256482 -0.233836
vt -1.219220 -0.219291
vt -1.181529 -0.374135
vt -1.148978 -0.350886
vt -1.074744 -0.492029
vt -1.048898 -0.461498
vt -0.942524 -0.580457
vt -0.924965 -0.544513
vt -0.792785 -0.634123
vt -0.789995 -0.621083
vt -0.787263 -0.608031
vt -0.784589 -0.594967
vt -0.784589 0.594967
vt -0.787263 0.608031
vt -0.740686 0.575339
vt -0.744589 0.594967
vt -0.859358 0.490225
vt -0.884965 0.544513
vt -0.970610 0.415283
vt -1.008898 0.461498
vt -1.060413 0.315639
vt -1.108978 0.350886
vt -1.123424 0.197220
vt -1.179220 0.219291
vt -1.155895 0.067070
vt -1.215423 0.074584
vt -1.215423 -0.074584
vt -1.155895 -0.067070
vt -1.179220 -0.219291
vt -1.123424 -0.197220
vt -1.108978 -0.350886
vt -1.060413 -0.315639
vt -1.008898 -0.461498
vt -0.970610 -0.415283
vt -0.884965 -0.544513
vt -0.859358 -0.490225
vt -0.744589 -0.594967
vt -0.740686 -0.575339
vt -0.736914 -0.555686
vt -0.733272 -0.536007
vt -0.733272 0.536007
vt -0.736914 0.555686
vt 0.176777 0.763660
vt 0.176777 0.867573
vt -0.176777 0.795183
vt -0.176777 0.903181
vt 0.176777 0.971485
vt -0.176777 1.011180
vt 0.176777 1.075397
vt -0.176777 1.119179
vt 0.176777 1.179309
vt -0.176777 1.227178
vt 0.176777 1.283221
vt -0.176777 1.335177
vt 0.176777 1.387133
vt -0.176777 1.443176
vt 0.176777 1.491045
vt -0.176777 1.551175
vt 0.176777 1.594957
vt -0.176777 1.659173
vt 0.176777 1.698869
vt -0.176777 1.767172
vt 0.176777 1.802781
vt -0.176777 1.875171
vt 0.176777 1.906693
vt -1.395000 0.561305
vt 1.395000 0.561305
vt -0.000000 0.637540
vt 1.395000 0.637540
vt -0.000000 0.713774
vt 1.395000 0.713774
vt -0.000000 0.790009
vt 1.395000 0.790009
vt -0.000000 0.866243
vt 1.395000 0.866243
vt 1.395000 0.942478
vt -0.000000 1.018712
vt 1.395000 1.018712
vt -0.000000 1.094947
vt 1.395000 1.094947
vt -0.000000 1.171181
vt 1.395000 1.171181
vt -0.000000 1.247416
vt 1.395000 1.247416
vt 1.395000 1.323650
vt -1.395000 1.323650
vt -1.395000 1.247416
vt -1.395000 1.171181
vt -1.395000 1.094947
vt -1.395000 1.018712
vt -1.395000 0.942478
vt -1.395000 0.866243
vt -1.395000 0.790009
vt -1.395000 0.713774
vt -1.395000 0.637540
vt 0.388720 0.286581
vt 0.457914 0.255075
vt 0.400443 0.389886
vt 0.415739 0.492722
vt 0.574965 0.544513
vt 0.434589 0.594967
vt 0.516966 0.207186
vt 0.562082 0.145990
vt 0.698898 0.461498
vt 0.590366 0.075417
vt 0.798978 0.350886
vt 0.600000 -0.000000
vt 0.869220 0.219291
vt 0.905423 0.074584
vt 0.905423 -0.074584
vt 0.869220 -0.219291
vt 0.798978 -0.350886
vt 0.590366 -0.075417
vt 0.698898 -0.461498
vt 0.562082 -0.145990
vt 0.574965 -0.544513
vt 0.516966 -0.207186
vt 0.457914 -0.255075
vt 0.388720 -0.286581
vt 0.400443 -0.389886
vt 0.415739 -0.492722
vt 0.434589 -0.594967
vt 0.769971 0.708948
vt 0.799769 0.821854
vt 0.833939 0.933516
vt 1.051801 0.852298
vt 1.243748 0.721085
vt 1.398519 0.547574
vt 1.507037 0.341943
vt 1.562935 0.116254
vt 1.562935 -0.116254
vt 1.507037 -0.341943
vt 1.398519 -0.547574
vt 1.243748 -0.721085
vt 1.051801 -0.852298
vt 0.769971 -0.708948
vt 0.799769 -0.821854
vt 0.833939 -0.933516
vt -0.580000 1.733986
vt 0.580000 1.733986
vt -0.580000 1.967066
vt 0.580000 1.967066
vt -0.580000 2.200147
vt 0.580000 2.200147
vt -0.580000 2.433228
vt 0.580000 2.433228
vt -0.580000 2.666308
vt 0.580000 2.666308
vt -0.580000 2.899389
vt 0.580000 2.899389
vt -0.580000 3.132469
vt 0.580000 3.132469
vt -0.580000 3.365550
vt 0.580000 3.365550
vt -0.580000 3.598630
vt 0.580000 3.598630
vt -0.580000 3.831711
vt 0.580000 3.831711
vt -0.580000 4.064791
vt 0.580000 4.064791
vt -0.580000 4.297872
vt 0.580000 4.297872
vt -1.072469 0.472661
vt -1.035000 0.000000
vt -1.072469 -0.472661
vt -0.242331 1.587482
vt -0.242331 1.630000
vt 1.630000 -1.572872
vt 1.587482 -1.633628
vt 1.630000 -1.593124
vt 1.630000 -1.613376
vt 1.630000 -1.633628
vt -1.417800 -1.061329
vt -1.427796 -1.018858
vt -1.630000 -1.061329
vt -1.630000 -1.012075
vt -1.630000 -0.962821
vt -1.572939 -0.913567
vt -1.630000 -0.913567
vt 0.512458 -0.380000
vt 0.338113 -0.480000
vt 0.338113 -0.518226
vt 0.358341 -0.519211
vt 0.378584 -0.519803
vt -0.904432 0.796094
vt -0.703444 0.796094
vt 1.590000 1.231980
vt 1.590000 1.365863
vt 1.486319 1.355851
vt 1.590000 1.499745
vt 1.369903 1.521196
vt 1.590000 1.633628
vt 1.306460 1.633628
vt -0.242331 1.184140
vt -0.242331 1.590000
vt -1.590000 0.913567
vt -1.364797 0.913567
vt -1.590000 0.962821
vt -1.590000 1.012075
vt -1.184140 1.061329
vt -1.590000 1.061329
vt -0.134018 -0.485720
vt -0.007096 -0.443401
vt -0.147796 -0.380000
vt -0.265321 -0.511394
vt 0.884199 -0.993602
vt 0.921726 -1.210448
vt 1.070838 -0.913129
vt 1.152157 -1.470299
vt 1.152157 -0.889814
vt 0.691294 -1.210448
vt 0.634435 -1.166839
vt 0.417902 -1.385628
vt 0.215110 -1.654391
vt 0.460863 -1.531083
vt 0.691294 -1.531083
vt 0.921726 -1.531083
vt 0.019534 -1.974737
vt 0.240199 -1.856732
vt 0.460863 -1.856732
vt 0.691294 -1.856732
vt 0.921726 -1.856732
vt 0.152472 -2.082553
vt 0.292707 -2.170291
vt 0.460863 -2.182382
vt 0.691294 -2.182382
vt 0.590684 -2.251986
vt 0.666255 -2.249241
vt 0.438846 -2.228930
vt 0.514242 -2.245229
vt 0.741211 -2.237706
vt 0.886218 -2.192907
vt 1.022939 -2.127868
vt 1.152157 -2.050795
vt 0.433718 0.163776
vt 0.333906 0.081976
vt 0.285924 -0.102271
vt 0.112970 -0.075738
vt 0.188520 -0.392247
vt 0.102971 -0.465942
vt 0.120880 -0.715111
vt 0.098501 0.157193
vt 0.082029 0.145434
vt 1.812212 1.300000
vt 1.569586 0.678013
vt 2.504890 1.300000
vt 2.504890 0.100000
vt 1.215916 0.100000
vt 0.569009 0.313878
vt 0.634174 0.365824
vt 0.659589 0.447560
vt 0.505265 0.447560
vt -0.953941 1.044147
vt -0.970003 1.060052
vt -0.975121 0.866093
vt -0.990794 0.881613
vt -0.100000 2.475930
vt -1.300000 2.475930
vt -0.100000 2.166439
vt -1.300000 2.166439
vt -0.100000 1.856947
vt -1.300000 1.856947
vt -0.100000 1.547456
vt -1.300000 1.547456
vt -0.100000 1.237965
vt -1.300000 1.237965
vt -0.100000 0.928474
vt -1.300000 0.928474
vt -0.100000 0.618982
vt -1.300000 0.618982
vt -0.100000 0.309491
vt -1.300000 0.309491
vt -0.100000 0.000000
vt -1.300000 -0.000000
vt 0.028207 -0.950454
vt 0.333383 -0.717848
vt 0.111696 -0.811724
vt 0.165365 -0.662087
vt 0.177898 -0.583703
vt 0.179338 -0.504077
vt 0.771043 -0.463527
vt 0.169337 -0.425827
vt 0.148164 -0.349343
vt 0.076336 -0.207189
vt -0.025778 -0.083960
vt -0.148847 0.019375
vt 1.649204 1.732626
vt 1.724937 1.608594
vt 0.431492 -0.372354
vt 0.441714 -0.450000
vt 0.431492 -0.527646
vt 0.401522 -0.600000
vt 0.353846 -0.662132
vt 0.291714 -0.709808
vt 0.219360 -0.739778
vt 0.141714 -0.750000
vt 0.064069 -0.739778
vt -0.008286 -0.709808
vt -0.070418 -0.662132
vt -0.118093 -0.600000
vt -0.148063 -0.527646
vt -0.158286 -0.450000
vt -0.148063 -0.372354
vt -2.240608 1.034517
vt -0.118093 -0.300000
vt -0.070418 -0.237868
vt -0.008286 -0.190192
vt 0.064069 -0.160222
vt -0.454718 1.563521
vt 0.141714 -0.150000
vt -0.120273 1.633594
vt 0.221108 1.648499
vt 0.560387 1.607842
vt 0.219360 -0.160222
vt 2.168336 1.123864
vt 0.291714 -0.190192
vt 0.353846 -0.237868
vt 0.401522 -0.300000
vt 2.939214 1.123864
vt -0.473427 0.400000
vt 1.635347 0.170115
vt 1.647998 0.188182
vt 1.578286 0.170115
vt -0.141714 0.023427
vt 0.268286 -0.213286
vt -1.461714 0.170115
vt -1.696037 0.188182
vt -1.686917 0.170115
vt -0.551714 -0.213286
vt -1.461714 -0.276039
vt -0.551714 -0.686714
vt -0.141714 -0.923427
vt 0.268286 -0.686714
vt 1.578286 0.088623
vt 1.000000 -0.863938
vt 1.000000 -0.942478
vt 1.000000 0.942478
vt 1.000000 0.863938
vt 1.000000 0.785398
vt 1.000000 0.706858
vt 1.000000 0.628319
vt 1.000000 0.549779
vt 1.000000 0.471239
vt 1.000000 0.392699
vt 1.000000 0.314159
vt 1.000000 0.235619
vt 1.000000 0.157080
vt 1.000000 0.078540
vt 1.000000 0.000000
vt 1.000000 -0.078540
vt 1.000000 -0.157080
vt 1.000000 -0.235619
vt 1.000000 -0.314159
vt 1.000000 -0.392699
vt 1.000000 -0.471239
vt 1.000000 -0.549779
vt 1.000000 -0.628319
vt 1.000000 -0.706858
vt 1.000000 -0.785398
vt 2.851061 -0.933516
vt 2.633199 -0.852298
vt 2.594922 -1.505449
vt 2.441252 -0.721085
vt 2.225554 -2.011693
vt 2.286481 -0.547574
vt 1.759074 -2.430156
vt 2.177963 -0.341943
vt 1.215837 -2.742579
vt 0.619547 -2.935330
vt -0.003778 -2.999998
vt 2.122065 -0.116254
vt -0.626937 -2.933760
vt -1.222740 -2.739508
vt -1.765189 -2.425718
vt -2.230614 -2.006081
vt -2.598706 -1.498909
vt -2.853403 -0.926332
vt -2.983592 -0.313335
vt 2.122065 0.116254
vt -2.983592 0.313335
vt -2.853403 0.926332
vt -2.598706 1.498909
vt -2.230614 2.006081
vt -1.765189 2.425718
vt -1.222740 2.739508
vt -0.626937 2.933760
vt -0.003778 2.999998
vt 2.177963 0.341943
vt 0.619547 2.935330
vt 1.215837 2.742579
vt 1.759074 2.430156
vt 2.286481 0.547574
vt 2.225554 2.011693
vt 2.441252 0.721085
vt 2.594922 1.505449
vt 2.633199 0.852298
vt 2.851061 0.933516
vt -1.530000 -0.602225
vt -1.630000 -0.602225
vt -1.530000 -0.615559
vt -1.530000 -0.628893
vt -1.530000 -0.642227
vt -1.630000 -0.755260
vt -1.010000 -0.719092
vt -1.010000 -0.835959
vt -1.630000 -0.908295
vt -1.010000 -0.952825
vt -0.000000 -1.025161
vt -0.000000 -1.061329
vt -0.000000 -0.988993
vt -0.000000 -0.952825
vt -1.110000 -0.642227
vt -1.010000 -0.602225
vt -1.110000 -0.628893
vt -1.110000 -0.615559
vt -1.110000 -0.602225
vt -0.242331 0.000000
vt 0.050000 1.077384
vt -0.050000 1.077384
vt 0.050000 0.957675
vt -0.050000 0.957675
vt 0.050000 0.837965
vt -0.050000 0.837965
vt 0.050000 0.718256
vt -0.050000 0.718256
vt 0.050000 0.598547
vt -0.050000 0.598547
vt 0.050000 0.478837
vt -0.050000 0.478837
vt 0.050000 0.359128
vt -0.050000 0.359128
vt 0.050000 0.239419
vt -0.050000 0.239419
vt 0.050000 0.119709
vt -0.050000 0.119709
vt 0.050000 0.000000
vt -0.050000 0.000000
vt 0.050000 -0.119709
vt -0.050000 -0.119709
vt 0.050000 -0.239419
vt -0.050000 -0.239419
vt 0.050000 -0.359128
vt -0.050000 -0.359128
vt 0.050000 -0.478837
vt -0.050000 -0.478837
vt 0.050000 -0.598547
vt -0.050000 -0.598547
vt 0.050000 -0.718256
vt -0.050000 -0.718256
vt 0.050000 -0.837965
vt -0.050000 -0.837965
vt 0.050000 -0.957675
vt -0.050000 -0.957675
vt 0.050000 -1.077384
vt -0.050000 -1.077384
vt 0.580000 1.716590
vt -0.430000 1.716590
vt 0.580000 1.567322
vt -0.430000 1.567322
vt 0.580000 1.418053
vt -0.430000 1.418053
vt 0.580000 1.268784
vt -0.430000 1.268784
vt 0.580000 1.119515
vt -0.430000 1.119515
vt 0.580000 0.970247
vt -0.430000 0.970247
vt 0.580000 0.820978
vt -0.430000 0.820978
vt 0.580000 0.671709
vt -0.430000 0.671709
vt 0.580000 0.522441
vt -0.430000 0.522441
vt 0.580000 0.373172
vt -0.430000 0.373172
vt 0.580000 0.223903
vt -0.430000 0.223903
vt 0.580000 0.074634
vt -0.430000 0.074634
vt 0.580000 -0.074634
vt -0.430000 -0.074634
vt 0.580000 -0.223903
vt -0.430000 -0.223903
vt 0.580000 -0.373172
vt -0.430000 -0.373172
vt 0.580000 -0.522441
vt -0.430000 -0.522441
vt 0.580000 -0.671709
vt -0.430000 -0.671709
vt 0.580000 -0.820978
vt -0.430000 -0.820978
vt 0.580000 -0.970247
vt -0.430000 -0.970247
vt 0.580000 -1.119515
vt -0.430000 -1.119515
vt 0.580000 -1.268784
vt -0.430000 -1.268784
vt 0.580000 -1.418053
vt -0.430000 -1.418053
vt 0.580000 -1.567322
vt -0.430000 -1.567322
vt 0.580000 -1.716590
vt -0.430000 -1.716590
vt 0.816988 0.937420
vt 0.669319 0.958166
vt 0.783086 0.825586
vt 0.753556 0.712520
vt 0.609489 0.610000
vt 0.728441 0.598391
vt 0.520220 0.955793
vt 0.490556 0.598192
vt 0.373287 0.930358
vt 0.376209 0.563420
vt 0.232065 0.882477
vt 0.270837 0.507019
vt 0.099962 0.813302
vt 0.178484 0.431154
vt -0.019835 0.724505
vt 0.102697 0.338738
vt -0.124436 0.618227
vt 0.046385 0.233319
vt -0.211316 0.497032
vt 0.011709 0.118942
vt -0.278379 0.363845
vt -0.324007 0.221879
vt -0.347100 0.074559
vt -0.347100 -0.074559
vt -0.324007 -0.221879
vt 0.011709 -0.118942
vt -0.278379 -0.363845
vt -0.211316 -0.497032
vt 0.046385 -0.233319
vt -0.124436 -0.618227
vt 0.102697 -0.338738
vt -0.019835 -0.724505
vt 0.178484 -0.431154
vt 0.099962 -0.813302
vt 0.270837 -0.507019
vt 0.232065 -0.882477
vt 0.376209 -0.563420
vt 0.373287 -0.930358
vt 0.490556 -0.598192
vt 0.520220 -0.955793
vt 0.609489 -0.610000
vt 0.669319 -0.958166
vt 0.753556 -0.712520
vt 0.783086 -0.825586
vt 0.816988 -0.937420
vt 0.728441 -0.598391
vt -0.771082 0.611461
vt -0.768441 0.598391
vt -0.656470 0.649968
vt -0.649489 0.610000
vt -0.536179 0.639957
vt -0.530556 0.598192
vt -0.419813 0.607877
vt -0.416209 0.563420
vt -0.311386 0.554834
vt -0.310837 0.507019
vt -0.214635 0.482657
vt -0.218484 0.431154
vt -0.132899 0.393835
vt -0.142697 0.338738
vt -0.068995 0.291432
vt -0.086385 0.233319
vt -0.025127 0.178979
vt -0.051709 0.118942
vt -0.002808 0.060353
vt -0.040000 -0.000000
vt -0.002808 -0.060353
vt -0.051709 -0.118942
vt -0.025127 -0.178979
vt -0.086385 -0.233319
vt -0.068995 -0.291432
vt -0.142697 -0.338738
vt -0.132899 -0.393835
vt -0.218484 -0.431154
vt -0.214635 -0.482657
vt -0.310837 -0.507019
vt -0.311386 -0.554834
vt -0.416209 -0.563420
vt -0.419813 -0.607877
vt -0.530556 -0.598192
vt -0.536179 -0.639957
vt -0.649489 -0.610000
vt -0.656470 -0.649968
vt -0.768441 -0.598391
vt -0.771082 -0.611461
vt -0.773781 -0.624518
vt -0.776538 -0.637564
vt -0.776538 0.637564
vt -0.773781 0.624518
vt 0.210000 1.148369
vt -0.210000 1.148369
vt 0.210000 1.027488
vt -0.210000 1.027488
vt 0.210000 0.906607
vt -0.210000 0.906607
vt 0.210000 0.785726
vt -0.210000 0.785726
vt 0.210000 0.664845
vt -0.210000 0.664845
vt 0.210000 0.543964
vt -0.210000 0.543964
vt 0.210000 0.423083
vt -0.210000 0.423083
vt 0.210000 0.302202
vt -0.210000 0.302202
vt 0.210000 0.181321
vt -0.210000 0.181321
vt 0.210000 0.060440
vt -0.210000 0.060440
vt 0.210000 -0.060440
vt -0.210000 -0.060440
vt 0.210000 -0.181321
vt -0.210000 -0.181321
vt 0.210000 -0.302202
vt -0.210000 -0.302202
vt 0.210000 -0.423083
vt -0.210000 -0.423083
vt 0.210000 -0.543964
vt -0.210000 -0.543964
vt 0.210000 -0.664845
vt -0.210000 -0.664845
vt 0.210000 -0.785726
vt -0.210000 -0.785726
vt 0.210000 -0.906607
vt -0.210000 -0.906607
vt 0.210000 -1.027488
vt -0.210000 -1.027488
vt 0.210000 -1.148369
vt -0.210000 -1.148369
vt 0.736538 0.637564
vt 0.616470 0.649968
vt 0.733781 0.624518
vt 0.731082 0.611461
vt 0.496179 0.639957
vt 0.379813 0.607877
vt 0.271386 0.554834
vt 0.174635 0.482657
vt 0.092899 0.393835
vt 0.028995 0.291432
vt -0.014873 0.178979
vt -0.037192 0.060353
vt -0.037192 -0.060353
vt -0.014873 -0.178979
vt 0.028995 -0.291432
vt 0.092899 -0.393835
vt 0.174635 -0.482657
vt 0.271386 -0.554834
vt 0.379813 -0.607877
vt 0.496179 -0.639957
vt 0.616470 -0.649968
vt 0.731082 -0.611461
vt 0.733781 -0.624518
vt 0.736538 -0.637564
vt -0.517275 1.118391
vt -0.398323 1.130000
vt -0.551060 1.267633
vt -0.398834 1.560000
vt -0.592392 1.414963
vt -0.641166 1.560000
vt -0.279391 1.118192
vt -0.243830 1.548384
vt -0.165043 1.083420
vt -0.092289 1.513796
vt -0.059671 1.027019
vt 0.052405 1.457008
vt 0.032681 0.951154
vt 0.187018 1.379288
vt 0.108469 0.858738
vt 0.308545 1.282374
vt 0.414270 1.168429
vt 0.164781 0.753319
vt 0.501832 1.040000
vt 0.199457 0.638942
vt 0.569274 0.899955
vt 0.615091 0.751422
vt 0.211166 0.520000
vt 0.638258 0.597719
vt 0.638258 0.442281
vt 0.615091 0.288578
vt 0.199457 0.401058
vt 0.569274 0.140045
vt 0.501832 0.000000
vt 0.164781 0.286681
vt 0.414270 -0.128429
vt 0.108469 0.181262
vt 0.308545 -0.242374
vt 0.187018 -0.339288
vt 0.032681 0.088846
vt 0.052405 -0.417008
vt -0.059671 0.012981
vt -0.092289 -0.473796
vt -0.165043 -0.043420
vt -0.243830 -0.508384
vt -0.279391 -0.078192
vt -0.398323 -0.090000
vt -0.551060 -0.227633
vt -0.517275 -0.078391
vt -0.592392 -0.374963
vt 1.530000 -0.602225
vt 1.530000 -0.615559
vt 1.630000 -0.602225
vt 1.530000 -0.628893
vt 1.530000 -0.642227
vt 1.110000 -0.642227
vt 1.010000 -0.719092
vt 1.630000 -0.755260
vt 1.010000 -0.602225
vt 1.110000 -0.628893
vt 1.110000 -0.615559
vt 1.110000 -0.602225
vt 1.010000 -0.835959
vt 1.630000 -0.908295
vt 1.010000 -0.952825
vt 0.000000 1.633628
vt -1.630000 1.633628
vt 0.000000 1.478045
vt -1.630000 1.478045
vt 0.000000 1.322461
vt -1.630000 1.322461
vt 0.000000 1.166877
vt -1.630000 1.166877
vt 0.000000 1.011294
vt -1.630000 1.011294
vt 0.000000 0.855710
vt -1.630000 0.855710
vt 0.000000 0.700126
vt -1.630000 0.700126
vt 0.000000 0.544543
vt -1.630000 0.544543
vt 0.000000 0.388959
vt -1.630000 0.388959
vt 0.000000 0.233375
vt -1.630000 0.233375
vt 0.000000 0.077792
vt -1.630000 0.077792
vt 0.000000 -0.077792
vt -1.630000 -0.077792
vt 0.000000 -0.233375
vt -1.630000 -0.233375
vt 0.000000 -0.388959
vt -1.630000 -0.388959
vt 0.000000 -0.544543
vt -1.630000 -0.544543
vt -0.000000 -0.700126
vt -1.630000 -0.700126
vt 0.000000 -0.855710
vt -1.630000 -0.855710
vt -0.000000 -1.011294
vt -1.630000 -1.011294
vt -0.000000 -1.166877
vt -1.630000 -1.166877
vt -0.000000 -1.322461
vt -1.630000 -1.322461
vt 0.000000 -1.478045
vt -1.630000 -1.478045
vt -0.000000 -1.633628
vt 0.242331 0.000000
vt -0.417420 -0.605822
vt -0.438166 -0.458154
vt -0.451754 -0.617192
vt -0.485949 -0.628973
vt -0.520000 -0.641166
vt -0.520000 -0.398834
vt -0.435793 -0.309054
vt -0.508384 -0.243830
vt -0.410358 -0.162121
vt -0.473796 -0.092289
vt -0.362477 -0.020899
vt -0.417008 0.052405
vt -0.293302 0.111204
vt -0.339288 0.187018
vt -0.204505 0.231001
vt -0.242374 0.308545
vt -0.098227 0.335601
vt -0.128429 0.414270
vt 0.022968 0.422481
vt -0.000000 0.501832
vt 0.156155 0.489544
vt 0.140045 0.569274
vt 0.298121 0.535173
vt 0.288578 0.615091
vt 0.445441 0.558266
vt 0.442281 0.638258
vt 0.594559 0.558266
vt 0.597719 0.638258
vt 0.751422 0.615091
vt 0.741879 0.535173
vt 0.899955 0.569274
vt 0.883845 0.489544
vt 1.040000 0.501832
vt 1.017032 0.422481
vt 1.168429 0.414270
vt 1.138227 0.335601
vt 1.282374 0.308545
vt 1.244505 0.231001
vt 1.379288 0.187018
vt 1.333302 0.111204
vt 1.457008 0.052405
vt 1.402477 -0.020899
vt 1.513796 -0.092289
vt 1.450358 -0.162121
vt 1.548384 -0.243830
vt 1.475793 -0.309054
vt 1.560000 -0.398834
vt 1.478166 -0.458154
vt 1.560000 -0.641166
vt 1.525949 -0.628973
vt 1.491754 -0.617192
vt 1.457420 -0.605822
vt 0.000000 0.952825
vt 0.000000 0.988993
vt -0.970000 0.952825
vt 0.000000 1.025161
vt 0.000000 1.061329
vt -1.590000 0.908295
vt -0.970000 0.835959
vt -1.590000 0.755260
vt -0.970000 0.719092
vt -1.490000 0.642227
vt -1.070000 0.642227
vt -1.590000 0.602225
vt -1.490000 0.628893
vt -1.490000 0.615559
vt -1.490000 0.602225
vt -0.970000 0.602225
vt -1.070000 0.628893
vt -1.070000 0.615559
vt -1.070000 0.602225
vt 0.410000 1.716590
vt -0.560000 1.716590
vt 0.410000 1.567322
vt -0.560000 1.567322
vt 0.410000 1.418053
vt -0.560000 1.418053
vt 0.410000 1.268784
vt -0.560000 1.268784
vt 0.410000 1.119515
vt -0.560000 1.119515
vt 0.410000 0.970247
vt -0.560000 0.970247
vt 0.410000 0.820978
vt -0.560000 0.820978
vt 0.410000 0.671709
vt -0.560000 0.671709
vt 0.410000 0.522441
vt -0.560000 0.522441
vt 0.410000 0.373172
vt -0.560000 0.373172
vt 0.410000 0.223903
vt -0.560000 0.223903
vt 0.410000 0.074634
vt -0.560000 0.074634
vt 0.410000 -0.074634
vt -0.560000 -0.074634
vt 0.410000 -0.223903
vt -0.560000 -0.223903
vt 0.410000 -0.373172
vt -0.560000 -0.373172
vt 0.410000 -0.522441
vt -0.560000 -0.522441
vt 0.410000 -0.671709
vt -0.560000 -0.671709
vt 0.410000 -0.820978
vt -0.560000 -0.820978
vt 0.410000 -0.970247
vt -0.560000 -0.970247
vt 0.410000 -1.119515
vt -0.560000 -1.119515
vt 0.410000 -1.268784
vt -0.560000 -1.268784
vt 0.410000 -1.418053
vt -0.560000 -1.418053
vt 0.410000 -1.567322
vt -0.560000 -1.567322
vt 0.410000 -1.716590
vt -0.560000 -1.716590
vt 0.050000 0.963975
vt -0.050000 0.963975
vt -0.050000 0.850566
vt 0.050000 0.850566
vt -0.050000 0.737157
vt 0.050000 0.737157
vt -0.050000 0.623749
vt 0.050000 0.623749
vt -0.050000 0.510340
vt 0.050000 0.510340
vt -0.050000 0.396931
vt 0.050000 0.396931
vt -0.050000 0.283522
vt 0.050000 0.283522
vt -0.050000 0.170113
vt 0.050000 0.170113
vt -0.050000 0.056704
vt 0.050000 0.056704
vt -0.050000 -0.056704
vt 0.050000 -0.056704
vt -0.050000 -0.170113
vt 0.050000 -0.170113
vt -0.050000 -0.283522
vt 0.050000 -0.283522
vt -0.050000 -0.396931
vt 0.050000 -0.396931
vt -0.050000 -0.510340
vt 0.050000 -0.510340
vt -0.050000 -0.623749
vt 0.050000 -0.623749
vt -0.050000 -0.737157
vt 0.050000 -0.737157
vt -0.050000 -0.850566
vt 0.050000 -0.850566
vt -0.050000 -0.963975
vt 0.050000 -0.963975
vt -0.655789 0.609973
vt -0.542938 0.600531
vt -0.433777 0.570392
vt -0.332067 0.520595
vt -0.241316 0.452855
vt -0.164650 0.369507
vt -0.104711 0.273424
vt -0.063567 0.167917
vt -0.042634 0.056623
vt -0.042634 -0.056623
vt -0.063567 -0.167917
vt -0.104711 -0.273424
vt -0.164650 -0.369507
vt -0.241316 -0.452855
vt -0.332067 -0.520595
vt -0.433777 -0.570392
vt -0.542938 -0.600531
vt -0.655789 -0.609973
vt 0.615789 0.609973
vt 0.502938 0.600531
vt 0.393777 0.570392
vt 0.292067 0.520595
vt 0.201316 0.452855
vt 0.124650 0.369507
vt 0.064711 0.273424
vt 0.023567 0.167917
vt 0.002634 0.056623
vt 0.002634 -0.056623
vt 0.023567 -0.167917
vt 0.064711 -0.273424
vt 0.124650 -0.369507
vt 0.201316 -0.452855
vt 0.292067 -0.520595
vt 0.393777 -0.570392
vt 0.502938 -0.600531
vt 0.615789 -0.609973
vt -1.078441 0.598391
vt -0.965789 0.609973
vt -1.103556 0.712520
vt -1.019319 0.958166
vt -1.133086 0.825586
vt -1.166988 0.937420
vt -0.870220 0.955793
vt -0.852938 0.600531
vt -0.723287 0.930358
vt -0.743777 0.570392
vt -0.582065 0.882477
vt -0.642067 0.520595
vt -0.449962 0.813302
vt -0.551316 0.452855
vt -0.330165 0.724505
vt -0.474650 0.369507
vt -0.225564 0.618227
vt -0.414711 0.273424
vt -0.138684 0.497032
vt -0.373567 0.167917
vt -0.071621 0.363845
vt -0.352634 0.056623
vt -0.025993 0.221879
vt -0.002900 0.074559
vt -0.002900 -0.074559
vt -0.352634 -0.056623
vt -0.025993 -0.221879
vt -0.071621 -0.363845
vt -0.373567 -0.167917
vt -0.138684 -0.497032
vt -0.414711 -0.273424
vt -0.225564 -0.618227
vt -0.474650 -0.369507
vt -0.330165 -0.724505
vt -0.551316 -0.452855
vt -0.449962 -0.813302
vt -0.642067 -0.520595
vt -0.582065 -0.882477
vt -0.743777 -0.570392
vt -0.723287 -0.930358
vt -0.852938 -0.600531
vt -0.870220 -0.955793
vt -0.965789 -0.609973
vt -1.019319 -0.958166
vt -1.103556 -0.712520
vt -1.133086 -0.825586
vt -1.078441 -0.598391
vt -1.166988 -0.937420
vt -1.457420 -0.605822
vt -1.478166 -0.458154
vt -1.491754 -0.617192
vt -1.525949 -0.628973
vt -1.560000 -0.641166
vt -1.560000 -0.398834
vt -1.475793 -0.309054
vt -1.548384 -0.243830
vt -1.450358 -0.162121
vt -1.513796 -0.092289
vt -1.402477 -0.020899
vt -1.457008 0.052405
vt -1.333302 0.111204
vt -1.379288 0.187018
vt -1.244505 0.231001
vt -1.282374 0.308545
vt -1.138227 0.335601
vt -1.168429 0.414270
vt -1.017032 0.422481
vt -1.040000 0.501832
vt -0.883845 0.489544
vt -0.899955 0.569274
vt -0.741879 0.535173
vt -0.751422 0.615091
vt -0.594559 0.558266
vt -0.597719 0.638258
vt -0.445441 0.558266
vt -0.442281 0.638258
vt -0.288578 0.615091
vt -0.298121 0.535173
vt -0.140045 0.569274
vt -0.156155 0.489544
vt -0.022968 0.422481
vt 0.128429 0.414270
vt 0.098227 0.335601
vt 0.242374 0.308545
vt 0.204505 0.231001
vt 0.339288 0.187018
vt 0.293302 0.111204
vt 0.417008 0.052405
vt 0.362477 -0.020899
vt 0.473796 -0.092289
vt 0.410358 -0.162121
vt 0.508384 -0.243830
vt 0.435793 -0.309054
vt 0.520000 -0.398834
vt 0.438166 -0.458154
vt 0.520000 -0.641166
vt 0.485949 -0.628973
vt 0.451754 -0.617192
vt 0.417420 -0.605822
vt 0.970000 0.952825
vt 1.590000 0.908295
vt 0.970000 0.835959
vt 1.590000 0.755260
vt 0.970000 0.719092
vt 1.490000 0.642227
vt 1.070000 0.642227
vt 0.970000 0.602225
vt 1.070000 0.628893
vt 1.070000 0.615559
vt 1.070000 0.602225
vt 1.590000 0.602225
vt 1.490000 0.628893
vt 1.490000 0.615559
vt 1.490000 0.602225
vt -1.590000 1.478045
vt -1.590000 1.322461
vt -1.590000 1.166877
vt -1.590000 1.011294
vt -1.590000 0.855710
vt -1.590000 0.700126
vt -1.590000 0.544543
vt -1.590000 0.388959
vt -1.590000 0.233375
vt -1.590000 0.077792
vt -1.590000 -0.077792
vt -1.590000 -0.233375
vt -1.590000 -0.388959
vt -1.590000 -0.544543
vt -1.590000 -0.700126
vt -1.590000 -0.855710
vt -1.590000 -1.011294
vt -1.590000 -1.166877
vt -1.590000 -1.322461
vt -1.590000 -1.478045
vt -1.590000 -1.633628
vt 0.517275 -0.078391
vt 0.404624 -0.089973
vt 0.551060 -0.227633
vt 0.592392 -0.374963
vt 0.291772 -0.080531
vt 0.243830 -0.508384
vt 0.182611 -0.050392
vt 0.092289 -0.473796
vt 0.080902 -0.000595
vt -0.052405 -0.417008
vt -0.009850 0.067145
vt -0.187018 -0.339288
vt -0.086516 0.150493
vt -0.308545 -0.242374
vt -0.146454 0.246576
vt -0.414270 -0.128429
vt -0.187599 0.352083
vt -0.501832 0.000000
vt -0.569274 0.140045
vt -0.208532 0.463377
vt -0.615091 0.288578
vt -0.638258 0.442281
vt -0.208532 0.576623
vt -0.638258 0.597719
vt -0.615091 0.751422
vt -0.569274 0.899955
vt -0.187599 0.687917
vt -0.501832 1.040000
vt -0.414270 1.168429
vt -0.146454 0.793424
vt -0.308545 1.282374
vt -0.086516 0.889507
vt -0.187018 1.379288
vt -0.009850 0.972855
vt -0.052405 1.457008
vt 0.080902 1.040595
vt 0.092289 1.513796
vt 0.182611 1.090392
vt 0.243830 1.548384
vt 0.291772 1.120531
vt 0.398834 1.560000
vt 0.404624 1.129973
vt 0.551060 1.267633
vt 0.517275 1.118391
vt 0.592392 1.414963
vt 0.641166 1.560000
vt 1.000000 0.282843
vt 0.000000 0.282843
vt 1.000000 -0.282843
vt 0.000000 -0.282843
vt 3.800000 1.000000
vt 0.400000 1.000000
vt 3.800000 0.000000
vt 0.400000 0.000000
vt -1.700000 -2.100000
vt -1.420000 -2.080000
vt -2.100000 -1.700000
vt -2.080000 -1.420000
vt -2.080000 1.420000
vt 1.700000 -2.100000
vt 1.420000 -2.080000
vt 2.100000 -1.700000
vt 2.080000 -1.420000
vt 2.080000 1.420000
vt 2.100000 1.700000
vt 1.420000 2.080000
vt 1.700000 2.100000
vt -1.700000 2.100000
vt -1.420000 2.080000
vt -2.100000 1.700000
vt -1.000000 -0.282843
vt -1.000000 0.282843
vt 0.400000 -0.000000
vt 1.400000 0.466690
vt 1.000000 0.466690
vt 1.400000 -0.466690
vt 1.000000 -0.466690
vt 3.500000 1.400000
vt 0.660000 1.400000
vt 3.500000 1.000000
vt 0.660000 1.000000
vt -1.400000 -0.466690
vt -1.000000 -0.466690
vt -1.400000 0.466690
vt -1.000000 0.466690
vt 0.000000 1.830000
vt 3.400000 1.830000
vt 0.000000 2.580000
vt 3.400000 2.580000
vt 0.000000 0.350000
vt 3.400000 0.350000
vt 0.565685 1.830000
vt 0.565685 2.580000
vt 0.565685 0.350000
vt 0.565685 0.000000
vt 3.400000 -0.000000
s 1
usemtl ABS_(White).006
f 2/1/1 3/2/2 1/3/3
f 1/3/3 3/2/2 36/4/4
f 36/4/4 3/2/2 4/5/5
f 36/4/4 4/5/5 35/6/6
f 35/6/6 4/5/5 5/7/7
f 35/6/6 5/7/7 6/8/8
f 35/6/6 6/8/8 34/9/9
f 34/9/9 6/8/8 7/10/10
f 34/9/9 7/10/10 33/11/11
f 33/11/11 7/10/10 8/12/12
f 33/11/11 8/12/12 9/13/13
f 33/11/11 9/13/13 32/14/14
f 32/14/14 9/13/13 10/15/15
f 32/14/14 10/15/15 31/16/16
f 31/16/16 10/15/15 11/17/17
f 31/16/16 11/17/17 12/18/18
f 31/16/16 12/18/18 30/19/19
f 30/19/19 12/18/18 13/20/20
f 30/19/19 13/20/20 29/21/21
f 29/21/21 13/20/20 14/22/22
f 29/21/21 14/22/22 15/23/23
f 29/21/21 15/23/23 28/24/24
f 28/24/24 15/23/23 16/25/25
f 28/24/24 16/25/25 17/26/26
f 28/24/24 17/26/26 27/27/27
f 27/27/27 17/26/26 18/28/28
f 27/27/27 18/28/28 19/29/29
f 27/27/27 19/29/29 26/30/30
f 26/30/30 19/29/29 20/31/31
f 26/30/30 20/31/31 25/32/32
f 25/32/32 20/31/31 21/33/33
f 25/32/32 21/33/33 22/34/34
f 23/35/35 24/36/36 22/34/34
f 22/34/34 24/36/36 25/32/32
f 54/37/37 37/38/38 53/39/39
f 53/39/39 37/38/38 1/40/38
f 53/39/39 1/40/38 36/41/40
f 53/39/39 36/41/40 52/42/41
f 52/42/41 36/41/40 35/43/42
f 52/42/41 35/43/42 51/44/43
f 51/44/43 35/43/42 34/45/44
f 51/44/43 34/45/44 50/46/45
f 50/46/45 34/45/44 33/47/46
f 50/46/45 33/47/46 49/48/47
f 49/48/47 33/47/46 32/49/48
f 49/48/47 32/49/48 48/50/49
f 48/50/49 32/49/48 31/51/50
f 48/50/49 31/51/50 47/52/51
f 47/52/51 31/51/50 30/53/52
f 47/52/51 30/53/52 46/54/53
f 46/54/53 30/53/52 45/55/54
f 45/55/54 30/53/52 29/56/55
f 45/55/54 29/56/55 44/57/56
f 44/57/56 29/56/55 28/58/57
f 44/57/56 28/58/57 43/59/58
f 43/59/58 28/58/57 27/60/59
f 43/59/58 27/60/59 42/61/60
f 42/61/60 27/60/59 26/62/61
f 42/61/60 26/62/61 41/63/62
f 41/63/62 26/62/61 25/64/63
f 41/63/62 25/64/63 40/65/64
f 40/65/64 25/64/63 24/66/65
f 40/65/64 24/66/65 38/67/65
f 38/67/65 39/68/66 40/65/64
f 55/69/67 74/70/67 39/71/67
f 39/71/67 74/70/67 83/72/67
f 39/71/67 83/72/67 84/73/67
f 55/69/67 56/74/67 74/70/67
f 74/70/67 56/74/67 57/75/67
f 74/70/67 57/75/67 73/76/67
f 73/76/67 57/75/67 58/77/67
f 73/76/67 58/77/67 59/78/67
f 60/79/67 71/80/67 59/78/67
f 59/78/67 71/80/67 72/81/67
f 59/78/67 72/81/67 73/76/67
f 60/79/67 61/82/67 71/80/67
f 71/80/67 61/82/67 62/83/67
f 71/80/67 62/83/67 63/84/67
f 63/84/67 64/85/67 71/80/67
f 71/80/67 64/85/67 65/86/67
f 71/80/67 65/86/67 66/87/67
f 66/87/67 67/88/67 71/80/67
f 71/80/67 67/88/67 70/89/67
f 70/89/67 67/88/67 68/90/68
f 70/89/67 68/90/68 69/91/68
f 75/92/67 78/93/67 74/70/67
f 74/70/67 78/93/67 79/94/67
f 74/70/67 79/94/67 80/95/67
f 75/92/67 76/96/67 78/93/67
f 78/93/67 76/96/67 77/97/68
f 80/95/67 81/98/67 74/70/67
f 74/70/67 81/98/67 82/99/67
f 74/70/67 82/99/67 83/72/67
f 39/71/67 84/73/67 54/100/67
f 54/100/67 84/73/67 85/101/67
f 54/100/67 85/101/67 91/102/67
f 91/102/67 85/101/67 86/103/67
f 91/102/67 86/103/67 90/104/67
f 90/104/67 86/103/67 87/105/67
f 90/104/67 87/105/67 89/106/67
f 89/106/67 87/105/67 88/107/67
f 53/108/67 47/109/67 54/100/67
f 54/100/67 47/109/67 46/110/67
f 54/100/67 46/110/67 45/111/67
f 47/109/67 53/108/67 48/112/67
f 48/112/67 53/108/67 52/113/67
f 48/112/67 52/113/67 49/114/67
f 49/114/67 52/113/67 51/115/67
f 49/114/67 51/115/67 50/116/67
f 45/111/67 44/117/67 54/100/67
f 54/100/67 44/117/67 43/118/67
f 54/100/67 43/118/67 42/119/67
f 42/119/67 41/120/67 54/100/67
f 54/100/67 41/120/67 40/121/67
f 54/100/67 40/121/67 39/71/67
f 39/122/69 38/123/70 55/124/71
f 55/124/71 38/123/70 92/125/72
f 55/124/71 92/125/72 56/126/73
f 56/126/73 92/125/72 93/127/74
f 56/126/73 93/127/74 57/128/75
f 57/128/75 93/127/74 94/129/76
f 57/128/75 94/129/76 58/130/77
f 58/130/77 94/129/76 95/131/78
f 58/130/77 95/131/78 59/132/79
f 59/132/79 95/131/78 96/133/80
f 37/134/81 54/135/82 112/136/83
f 112/136/83 54/135/82 91/137/84
f 112/136/83 91/137/84 111/138/85
f 111/138/85 91/137/84 90/139/86
f 111/138/85 90/139/86 110/140/87
f 110/140/87 90/139/86 89/141/88
f 110/140/87 89/141/88 109/142/89
f 109/142/89 89/141/88 88/143/90
f 109/142/89 88/143/90 108/144/91
f 108/144/91 88/143/90 87/145/92
f 108/144/91 87/145/92 107/146/93
f 107/146/93 87/145/92 86/147/94
f 107/146/93 86/147/94 106/148/95
f 106/148/95 86/147/94 85/149/96
f 106/148/95 85/149/96 105/150/97
f 105/150/97 85/149/96 84/151/98
f 105/150/97 84/151/98 104/152/99
f 104/152/99 84/151/98 83/153/100
f 104/152/99 83/153/100 103/154/101
f 103/154/101 83/153/100 82/155/102
f 103/154/101 82/155/102 102/156/103
f 102/156/103 82/155/102 81/157/104
f 102/156/103 81/157/104 101/158/105
f 101/158/105 81/157/104 80/159/106
f 101/158/105 80/159/106 100/160/107
f 100/160/107 80/159/106 79/161/108
f 100/160/107 79/161/108 99/162/109
f 99/162/109 79/161/108 78/163/110
f 99/162/109 78/163/110 98/164/111
f 98/164/111 78/163/110 77/165/112
f 98/164/111 77/165/112 97/166/112
f 120/167/113 23/168/113 118/169/113
f 118/169/113 23/168/113 22/170/113
f 118/169/113 22/170/113 117/171/113
f 117/171/113 22/170/113 21/172/113
f 117/171/113 21/172/113 116/173/113
f 116/173/113 21/172/113 20/174/113
f 116/173/113 20/174/113 19/175/113
f 19/175/113 18/176/113 116/173/113
f 116/173/113 18/176/113 113/177/113
f 116/173/113 113/177/113 114/178/113
f 18/176/113 17/179/113 113/177/113
f 113/177/113 17/179/113 16/180/113
f 113/177/113 16/180/113 15/181/113
f 15/181/113 14/182/113 113/177/113
f 113/177/113 14/182/113 13/183/113
f 113/177/113 13/183/113 12/184/113
f 12/184/113 11/185/113 113/177/113
f 113/177/113 11/185/113 10/186/113
f 113/177/113 10/186/113 9/187/113
f 9/187/113 8/188/113 113/177/113
f 114/178/113 115/189/113 116/173/113
f 118/169/113 119/190/113 120/167/113
f 122/191/114 123/192/115 121/193/116
f 121/193/116 123/192/115 146/194/117
f 146/194/117 123/192/115 124/195/118
f 146/194/117 124/195/118 145/196/119
f 145/196/119 124/195/118 125/197/120
f 145/196/119 125/197/120 144/198/121
f 144/198/121 125/197/120 126/199/122
f 144/198/121 126/199/122 143/200/123
f 143/200/123 126/199/122 127/201/124
f 143/200/123 127/201/124 142/202/125
f 142/202/125 127/201/124 141/203/126
f 141/203/126 127/201/124 128/204/127
f 141/203/126 128/204/127 140/205/128
f 140/205/128 128/204/127 129/206/129
f 140/205/128 129/206/129 139/207/130
f 139/207/130 129/206/129 138/208/131
f 138/208/131 129/206/129 130/209/132
f 138/208/131 130/209/132 137/210/133
f 137/210/133 130/209/132 136/211/134
f 136/211/134 130/209/132 131/212/135
f 136/211/134 131/212/135 135/213/136
f 135/213/136 131/212/135 132/214/137
f 135/213/136 132/214/137 134/215/138
f 134/215/138 132/214/137 133/216/139
f 122/217/140 147/218/141 123/219/142
f 123/219/142 147/218/141 148/220/143
f 123/219/142 148/220/143 124/221/144
f 124/221/144 148/220/143 69/222/145
f 124/221/144 69/222/145 125/223/146
f 125/223/146 69/222/145 68/224/147
f 125/223/146 68/224/147 126/225/148
f 126/225/148 68/224/147 67/226/149
f 126/225/148 67/226/149 127/227/150
f 127/227/150 67/226/149 66/228/151
f 127/227/150 66/228/151 128/229/152
f 128/229/152 66/228/151 65/230/153
f 128/229/152 65/230/153 129/231/154
f 129/231/154 65/230/153 64/232/155
f 129/231/154 64/232/155 130/233/156
f 130/233/156 64/232/155 63/234/157
f 130/233/156 63/234/157 131/235/158
f 131/235/158 63/234/157 62/236/159
f 131/235/158 62/236/159 132/237/160
f 132/237/160 62/236/159 61/238/161
f 132/237/160 61/238/161 60/239/162
f 59/240/163 96/241/164 60/239/162
f 60/239/162 96/241/164 133/242/164
f 60/239/162 133/242/164 132/237/160
f 121/243/113 146/244/113 158/245/113
f 158/245/113 146/244/113 157/246/113
f 157/246/113 146/244/113 156/177/113
f 156/177/113 146/244/113 145/247/113
f 156/177/113 145/247/113 144/248/113
f 144/248/113 143/249/113 156/177/113
f 156/177/113 143/249/113 142/250/113
f 156/177/113 142/250/113 141/251/113
f 141/251/113 140/252/113 156/177/113
f 156/177/113 140/252/113 139/253/113
f 156/177/113 139/253/113 138/254/113
f 156/177/113 138/254/113 153/255/113
f 153/255/113 138/254/113 137/256/113
f 153/255/113 137/256/113 136/257/113
f 136/257/113 135/258/113 153/255/113
f 153/255/113 135/258/113 134/259/113
f 153/255/113 134/259/113 152/260/113
f 152/260/113 134/259/113 151/261/113
f 151/261/113 134/259/113 149/262/113
f 151/261/113 149/262/113 150/263/113
f 154/264/113 155/178/113 153/255/113
f 153/255/113 155/178/113 156/177/113
f 2/265/165 1/266/166 203/267/167
f 203/267/167 1/266/166 37/268/168
f 203/267/167 37/268/168 202/269/169
f 202/269/169 37/268/168 112/270/170
f 202/269/169 112/270/170 201/271/171
f 201/271/171 112/270/170 200/272/172
f 200/272/172 112/270/170 111/273/173
f 200/272/172 111/273/173 199/274/174
f 199/274/174 111/273/173 198/275/175
f 198/275/175 111/273/173 265/276/176
f 198/275/175 265/276/176 197/277/177
f 197/277/177 265/276/176 196/278/178
f 196/278/178 265/276/176 266/279/179
f 196/278/178 266/279/179 195/280/180
f 195/280/180 266/279/179 194/281/181
f 194/281/181 266/279/179 267/282/182
f 194/281/181 267/282/182 193/283/181
f 193/283/181 267/282/182 192/284/183
f 192/284/183 267/282/182 191/285/184
f 191/285/184 267/282/182 268/286/185
f 191/285/184 268/286/185 190/287/186
f 190/287/186 268/286/185 269/288/187
f 190/287/186 269/288/187 270/289/188
f 265/276/176 111/273/173 264/290/189
f 264/290/189 111/273/173 110/291/190
f 264/290/189 110/291/190 263/292/191
f 263/292/191 110/291/190 109/293/192
f 263/292/191 109/293/192 262/294/193
f 262/294/193 109/293/192 108/295/194
f 262/294/193 108/295/194 107/296/195
f 262/294/193 107/296/195 261/297/196
f 261/297/196 107/296/195 106/298/197
f 261/297/196 106/298/197 260/299/198
f 260/299/198 106/298/197 105/300/199
f 260/299/198 105/300/199 259/301/200
f 259/301/200 105/300/199 104/302/201
f 259/301/200 104/302/201 258/303/202
f 258/303/202 104/302/201 103/304/203
f 258/303/202 103/304/203 257/305/204
f 257/305/204 103/304/203 102/306/205
f 257/305/204 102/306/205 256/307/206
f 256/307/206 102/306/205 101/308/207
f 256/307/206 101/308/207 255/309/208
f 255/309/208 101/308/207 100/310/209
f 255/309/208 100/310/209 254/311/210
f 254/311/210 100/310/209 99/312/211
f 254/311/210 99/312/211 253/313/212
f 253/313/212 99/312/211 98/314/213
f 253/313/212 98/314/213 252/315/214
f 252/315/214 98/314/213 97/316/215
f 252/315/214 97/316/215 251/317/216
f 251/317/216 97/316/215 159/318/217
f 251/317/216 159/318/217 160/319/218
f 161/320/219 162/321/219 160/319/218
f 160/319/218 162/321/219 251/317/216
f 162/321/219 163/322/220 251/317/216
f 251/317/216 163/322/220 164/323/221
f 251/317/216 164/323/221 165/324/222
f 165/324/222 166/325/223 251/317/216
f 251/317/216 166/325/223 250/326/224
f 250/326/224 166/325/223 167/327/225
f 250/326/224 167/327/225 168/328/226
f 168/328/226 169/329/227 250/326/224
f 250/326/224 169/329/227 170/330/228
f 250/326/224 170/330/228 249/331/229
f 249/331/229 170/330/228 171/332/230
f 249/331/229 171/332/230 172/333/231
f 249/331/229 172/333/231 248/334/232
f 248/334/232 172/333/231 173/335/233
f 248/334/232 173/335/233 174/336/234
f 248/334/232 174/336/234 247/337/235
f 247/337/235 174/336/234 175/338/236
f 247/337/235 175/338/236 176/339/237
f 247/337/235 176/339/237 246/340/238
f 246/340/238 176/339/237 177/341/239
f 246/340/238 177/341/239 178/342/240
f 179/343/241 180/344/242 178/342/240
f 178/342/240 180/344/242 245/345/243
f 178/342/240 245/345/243 246/340/238
f 180/344/242 181/346/244 245/345/243
f 245/345/243 181/346/244 244/347/245
f 244/347/245 181/346/244 182/348/244
f 244/347/245 182/348/244 183/349/246
f 183/349/246 184/350/247 244/347/245
f 244/347/245 184/350/247 243/351/248
f 243/351/248 184/350/247 185/352/249
f 243/351/248 185/352/249 242/353/250
f 242/353/250 185/352/249 241/354/251
f 241/354/251 185/352/249 186/355/252
f 241/354/251 186/355/252 240/356/253
f 240/356/253 186/355/252 187/357/254
f 240/356/253 187/357/254 210/358/255
f 210/358/255 187/357/254 209/359/250
f 209/359/250 187/357/254 149/360/256
f 209/359/250 149/360/256 208/361/251
f 208/361/251 149/360/256 96/362/257
f 208/361/251 96/362/257 95/363/258
f 134/364/259 133/365/257 149/360/256
f 149/360/256 133/365/257 96/362/257
f 208/361/251 95/363/258 207/366/260
f 207/366/260 95/363/258 94/367/261
f 207/366/260 94/367/261 206/368/262
f 206/369/262 94/370/261 93/371/263
f 206/369/262 93/371/263 205/372/264
f 205/372/264 93/371/263 92/373/265
f 205/372/264 92/373/265 204/374/188
f 204/374/188 92/373/265 120/375/266
f 204/374/188 120/375/266 302/376/187
f 302/376/187 120/375/266 188/377/267
f 302/376/187 188/377/267 301/378/268
f 301/378/268 188/377/267 271/379/269
f 301/378/268 271/379/269 300/380/270
f 300/380/270 271/379/269 272/381/271
f 300/380/270 272/381/271 294/382/272
f 294/382/272 272/381/271 278/383/272
f 294/382/272 278/383/272 293/384/273
f 293/384/273 278/383/272 279/385/273
f 293/384/273 279/385/273 292/386/274
f 292/386/274 279/385/273 280/387/274
f 292/386/274 280/387/274 290/388/275
f 290/388/275 280/387/274 282/389/276
f 290/388/275 282/389/276 283/390/277
f 92/373/265 38/391/278 120/375/266
f 120/375/266 38/391/278 24/392/278
f 120/375/266 24/392/278 23/393/279
f 188/377/267 189/394/280 271/379/269
f 271/379/269 189/394/280 270/289/188
f 270/289/188 189/394/280 190/287/186
f 240/356/253 210/358/255 239/395/281
f 239/395/281 210/358/255 211/396/281
f 239/395/281 211/396/281 233/397/282
f 233/397/282 211/396/281 217/398/282
f 233/397/282 217/398/282 232/399/283
f 232/399/283 217/398/282 218/400/283
f 232/399/283 218/400/283 231/401/284
f 231/401/284 218/400/283 219/402/284
f 231/401/284 219/402/284 229/403/285
f 229/403/285 219/402/284 221/404/286
f 229/403/285 221/404/286 228/405/287
f 228/405/287 221/404/286 227/406/288
f 227/406/288 221/404/286 226/407/289
f 226/407/289 221/404/286 222/408/290
f 226/407/289 222/408/290 223/409/291
f 217/398/282 211/396/281 216/410/282
f 216/410/282 211/396/281 212/411/286
f 216/410/282 212/411/286 215/412/283
f 215/412/283 212/411/286 214/413/292
f 214/413/292 212/411/286 213/414/293
f 219/402/284 220/415/293 221/404/286
f 224/416/294 225/417/295 223/409/291
f 223/409/291 225/417/295 226/407/289
f 229/403/285 230/418/293 231/401/284
f 233/397/282 234/419/282 239/395/281
f 239/395/281 234/419/282 238/420/286
f 238/420/286 234/419/282 235/421/283
f 238/420/286 235/421/283 236/422/296
f 236/422/296 237/423/293 238/420/286
f 278/383/272 272/381/271 277/424/272
f 277/424/272 272/381/271 273/425/275
f 277/424/272 273/425/275 276/426/297
f 276/426/297 273/425/275 275/427/298
f 275/427/298 273/425/275 274/428/299
f 280/387/274 281/429/299 282/389/276
f 283/390/277 284/430/300 290/388/275
f 290/388/275 284/430/300 285/431/301
f 290/388/275 285/431/301 289/432/302
f 289/432/302 285/431/301 288/433/303
f 288/433/303 285/431/301 286/434/304
f 288/433/303 286/434/304 287/435/305
f 290/388/275 291/436/299 292/386/274
f 294/382/272 295/437/272 300/380/270
f 300/380/270 295/437/272 299/438/275
f 299/438/275 295/437/272 296/439/273
f 299/438/275 296/439/273 297/440/306
f 297/440/306 298/441/299 299/438/275
f 147/442/307 122/443/308 158/444/309
f 158/444/309 122/443/308 121/445/310
f 304/446/311 179/447/312 303/448/313
f 303/448/313 179/447/312 305/449/314
f 305/449/314 179/447/312 178/450/315
f 71/451/316 70/452/316 307/453/316
f 307/453/316 70/452/316 306/454/316
f 308/455/317 309/456/317 313/457/318
f 313/457/318 309/456/317 310/458/318
f 313/457/318 310/458/318 312/459/319
f 312/459/319 310/458/318 311/460/319
f 312/459/319 311/460/319 306/461/316
f 306/461/316 311/460/319 307/462/316
f 314/463/320 315/464/321 337/465/322
f 337/465/322 315/464/321 316/466/322
f 337/465/322 316/466/322 336/467/323
f 336/467/323 316/466/322 317/468/323
f 336/467/323 317/468/323 335/469/324
f 335/469/324 317/468/323 318/470/324
f 335/469/324 318/470/324 334/471/325
f 334/471/325 318/470/324 319/472/325
f 334/471/325 319/472/325 333/473/326
f 333/473/326 319/472/325 320/474/326
f 333/473/326 320/474/326 332/475/327
f 332/475/327 320/474/326 321/476/327
f 332/475/327 321/476/327 331/477/328
f 331/477/328 321/476/327 322/478/328
f 331/477/328 322/478/328 330/479/329
f 330/479/329 322/478/328 323/480/329
f 330/479/329 323/480/329 329/481/330
f 329/481/330 323/480/329 324/482/330
f 329/481/330 324/482/330 328/483/331
f 328/483/331 324/482/330 325/484/331
f 328/483/331 325/484/331 327/485/332
f 327/485/332 325/484/331 326/486/332
f 327/485/332 326/486/332 308/487/317
f 308/487/317 326/486/332 309/488/317
f 346/489/333 338/490/334 343/491/335
f 343/491/335 338/490/334 339/492/336
f 343/491/335 339/492/336 342/493/337
f 342/493/337 339/492/336 340/494/338
f 342/493/337 340/494/338 341/495/339
f 341/495/339 340/494/338 315/455/321
f 341/495/339 315/455/321 314/456/320
f 344/496/340 345/497/341 343/491/335
f 343/491/335 345/497/341 346/489/333
f 76/498/342 75/499/343 354/500/344
f 354/500/344 75/499/343 74/501/345
f 354/500/344 74/501/345 353/502/346
f 353/502/346 74/501/345 347/503/347
f 353/502/346 347/503/347 352/504/348
f 352/504/348 347/503/347 348/505/349
f 352/504/348 348/505/349 351/506/350
f 351/506/350 348/505/349 349/507/351
f 351/506/350 349/507/351 350/508/351
f 355/509/352 356/510/353 365/511/354
f 365/511/354 356/510/353 364/512/355
f 364/512/355 356/510/353 361/513/356
f 364/512/355 361/513/356 363/514/357
f 363/514/357 361/513/356 362/515/358
f 356/510/353 357/516/359 361/513/356
f 361/513/356 357/516/359 360/517/360
f 360/517/360 357/516/359 358/518/361
f 360/517/360 358/518/361 359/519/362
f 359/519/362 358/518/361 350/520/351
f 359/519/362 350/520/351 349/521/351
f 344/522/363 343/523/364 368/524/365
f 368/524/365 343/523/364 355/525/366
f 368/524/365 355/525/366 367/526/367
f 367/526/367 355/525/366 366/527/368
f 367/526/367 366/527/368 344/522/363
f 355/525/366 365/528/369 366/527/368
f 367/526/367 344/522/363 368/524/365
f 161/529/370 375/530/371 369/531/372
f 369/531/372 375/530/371 372/532/373
f 369/531/372 372/532/373 371/533/374
f 371/533/374 372/532/373 374/534/375
f 371/533/374 374/534/375 373/535/376
f 373/535/376 374/534/375 160/536/377
f 373/535/376 160/536/377 159/537/378
f 375/530/371 161/529/370 372/532/373
f 372/532/373 161/529/370 160/536/377
f 372/532/373 160/536/377 374/534/375
f 159/537/378 370/538/379 373/535/376
f 373/535/376 370/538/379 371/533/374
f 77/539/112 370/540/379 376/541/380
f 376/541/380 370/540/379 159/542/378
f 376/541/380 159/542/378 97/543/112
f 97/543/112 77/539/112 376/541/380
f 382/544/381 377/545/382 384/546/383
f 384/546/383 377/545/382 378/547/384
f 384/546/383 378/547/384 379/548/385
f 384/546/383 379/548/385 383/549/386
f 383/549/386 379/548/385 380/550/387
f 383/549/386 380/550/387 385/551/388
f 385/551/388 380/550/387 381/552/389
f 385/551/388 381/552/389 383/549/386
f 383/549/386 381/552/389 382/544/381
f 383/549/386 382/544/381 384/546/383
f 369/553/372 381/554/389 386/555/390
f 386/555/390 381/554/389 380/556/387
f 386/555/390 380/556/387 161/557/370
f 161/557/370 369/553/372 386/555/390
f 397/558/391 387/559/392 399/560/393
f 399/560/393 387/559/392 388/561/394
f 399/560/393 388/561/394 389/562/395
f 399/560/393 389/562/395 398/563/396
f 398/563/396 389/562/395 390/564/397
f 398/563/396 390/564/397 400/565/398
f 400/565/398 390/564/397 391/566/399
f 400/565/398 391/566/399 401/567/400
f 401/567/400 391/566/399 392/568/401
f 401/567/400 392/568/401 393/569/402
f 393/569/402 394/570/403 401/567/400
f 401/567/400 394/570/403 395/571/404
f 401/567/400 395/571/404 400/565/398
f 400/565/398 395/571/404 396/572/405
f 400/565/398 396/572/405 398/563/396
f 398/563/396 396/572/405 397/558/391
f 398/563/396 397/558/391 399/560/393
f 377/573/382 394/574/403 402/575/406
f 402/575/406 394/574/403 393/576/402
f 402/575/406 393/576/402 378/577/384
f 378/577/384 377/573/382 402/575/406
f 404/578/407 408/579/408 403/580/409
f 403/580/409 408/579/408 407/581/410
f 403/580/409 407/581/410 406/582/411
f 406/582/411 407/581/410 409/583/412
f 406/582/411 409/583/412 405/584/413
f 405/584/413 409/583/412 407/581/410
f 405/584/413 407/581/410 404/578/407
f 404/578/407 407/581/410 408/579/408
f 387/585/392 406/586/411 410/587/414
f 410/587/414 406/586/411 405/588/413
f 410/587/414 405/588/413 388/589/394
f 388/589/394 387/585/392 410/587/414
f 411/456/415 412/455/416 420/590/417
f 420/590/417 412/455/416 413/591/417
f 420/590/417 413/591/417 419/592/418
f 419/592/418 413/591/417 414/593/418
f 419/592/418 414/593/418 418/594/419
f 418/594/419 414/593/418 415/595/419
f 418/594/419 415/595/419 417/596/420
f 417/596/420 415/595/419 416/597/420
f 421/598/421 422/599/421 444/600/422
f 444/600/422 422/599/421 423/601/422
f 444/600/422 423/601/422 443/602/423
f 443/602/423 423/601/422 424/603/423
f 443/602/423 424/603/423 442/604/424
f 442/604/424 424/603/423 425/605/424
f 442/604/424 425/605/424 441/606/425
f 441/606/425 425/605/424 426/607/425
f 441/606/425 426/607/425 440/608/426
f 440/608/426 426/607/425 427/609/426
f 440/608/426 427/609/426 439/610/427
f 439/610/427 427/609/426 428/611/427
f 439/610/427 428/611/427 438/612/428
f 438/612/428 428/611/427 429/613/428
f 438/612/428 429/613/428 437/614/429
f 437/614/429 429/613/428 430/615/429
f 437/614/429 430/615/429 436/616/430
f 436/616/430 430/615/429 431/617/430
f 436/616/430 431/617/430 435/618/431
f 435/618/431 431/617/430 432/619/431
f 435/618/431 432/619/431 434/620/432
f 434/620/432 432/619/431 433/621/432
f 434/620/432 433/621/432 411/622/415
f 411/622/415 433/621/432 412/623/416
f 445/624/433 446/625/433 450/626/434
f 450/626/434 446/625/433 447/627/434
f 450/626/434 447/627/434 449/628/435
f 449/628/435 447/627/434 448/629/435
f 449/628/435 448/629/435 421/455/421
f 421/455/421 448/629/435 422/456/421
f 445/630/433 451/631/433 446/632/433
f 446/632/433 451/631/433 452/633/436
f 403/634/409 417/635/420 453/636/437
f 453/636/437 417/635/420 416/637/420
f 453/636/437 416/637/420 404/638/407
f 404/638/407 403/634/409 453/636/437
f 463/639/438 454/640/439 465/641/440
f 465/641/440 454/640/439 455/642/441
f 465/641/440 455/642/441 456/643/442
f 465/641/440 456/643/442 464/644/443
f 464/644/443 456/643/442 457/645/444
f 464/644/443 457/645/444 466/646/445
f 466/646/445 457/645/444 458/647/446
f 466/646/445 458/647/446 467/648/447
f 467/648/447 458/647/446 459/649/448
f 467/648/447 459/649/448 460/650/449
f 460/650/449 461/651/450 467/648/447
f 467/648/447 461/651/450 466/646/445
f 461/651/450 462/652/451 466/646/445
f 466/646/445 462/652/451 464/644/443
f 462/652/451 463/639/438 464/644/443
f 464/644/443 463/639/438 465/641/440
f 454/653/439 469/654/452 455/655/441
f 455/655/441 469/654/452 468/656/453
f 455/655/441 468/656/453 451/657/433
f 451/657/433 468/656/453 470/658/454
f 451/657/433 470/658/454 452/659/436
f 452/659/436 470/658/454 468/656/453
f 452/659/436 468/656/453 454/653/439
f 454/653/439 468/656/453 469/654/452
f 489/660/455 471/661/456 494/662/457
f 494/662/457 471/661/456 472/663/458
f 494/662/457 472/663/458 473/664/459
f 494/662/457 473/664/459 493/665/460
f 493/665/460 473/664/459 474/666/461
f 493/665/460 474/666/461 475/667/462
f 493/665/460 475/667/462 490/668/463
f 490/668/463 475/667/462 476/669/464
f 490/668/463 476/669/464 495/670/465
f 495/670/465 476/669/464 477/671/466
f 495/670/465 477/671/466 496/672/467
f 496/672/467 477/671/466 478/673/468
f 496/672/467 478/673/468 491/674/469
f 491/674/469 478/673/468 479/675/470
f 491/674/469 479/675/470 497/676/471
f 497/676/471 479/675/470 480/677/472
f 497/676/471 480/677/472 492/678/473
f 492/678/473 480/677/472 481/679/474
f 492/678/473 481/679/474 482/680/475
f 482/680/475 483/681/476 492/678/473
f 492/678/473 483/681/476 497/676/471
f 483/681/476 484/682/477 497/676/471
f 497/676/471 484/682/477 491/674/469
f 484/682/477 485/683/478 491/674/469
f 491/674/469 485/683/478 496/672/467
f 485/683/478 486/684/479 496/672/467
f 496/672/467 486/684/479 495/670/465
f 486/684/479 487/685/480 495/670/465
f 495/670/465 487/685/480 490/668/463
f 487/685/480 488/686/481 490/668/463
f 490/668/463 488/686/481 493/665/460
f 488/686/481 489/660/455 493/665/460
f 493/665/460 489/660/455 494/662/457
f 459/687/448 482/688/475 498/689/482
f 498/689/482 482/688/475 481/690/474
f 498/689/482 481/690/474 460/691/449
f 460/691/449 459/687/448 498/689/482
f 508/692/483 499/693/484 509/694/485
f 509/694/485 499/693/484 500/695/486
f 509/694/485 500/695/486 501/696/487
f 509/694/485 501/696/487 510/697/488
f 510/697/488 501/696/487 502/698/489
f 510/697/488 502/698/489 511/699/490
f 511/699/490 502/698/489 503/700/491
f 511/699/490 503/700/491 512/701/492
f 512/701/492 503/700/491 504/702/493
f 512/701/492 504/702/493 505/703/494
f 505/703/494 506/704/495 512/701/492
f 512/701/492 506/704/495 511/699/490
f 506/704/495 507/705/496 511/699/490
f 511/699/490 507/705/496 510/697/488
f 507/705/496 508/692/483 510/697/488
f 510/697/488 508/692/483 509/694/485
f 499/706/484 517/707/497 500/708/486
f 500/708/486 517/707/497 518/709/498
f 500/708/486 518/709/498 519/710/499
f 519/710/499 518/709/498 471/711/456
f 519/710/499 471/711/456 520/712/500
f 520/712/500 471/711/456 521/713/501
f 520/712/500 521/713/501 500/708/486
f 500/708/486 521/713/501 471/711/456
f 472/714/458 513/715/502 499/706/484
f 499/706/484 513/715/502 514/716/503
f 499/706/484 514/716/503 515/717/504
f 515/717/504 514/716/503 472/714/458
f 515/717/504 472/714/458 516/718/505
f 516/718/505 472/714/458 517/707/497
f 516/718/505 517/707/497 499/706/484
f 472/714/458 471/711/456 517/707/497
f 517/707/497 471/711/456 518/709/498
f 472/714/458 514/716/503 513/715/502
f 516/718/505 499/706/484 515/717/504
f 520/712/500 500/708/486 519/710/499
f 505/719/494 504/720/493 303/721/313
f 303/721/313 504/720/493 304/722/311
f 534/723/506 314/724/507 533/725/508
f 533/725/508 314/724/507 337/726/508
f 533/725/508 337/726/508 532/727/509
f 532/727/509 337/726/508 336/728/509
f 532/727/509 336/728/509 531/729/510
f 531/729/510 336/728/509 335/730/510
f 531/729/510 335/730/510 530/731/511
f 530/731/511 335/730/510 334/732/511
f 530/731/511 334/732/511 529/733/512
f 529/733/512 334/732/511 333/734/512
f 529/733/512 333/734/512 528/735/513
f 528/735/513 333/734/512 332/736/513
f 528/735/513 332/736/513 527/737/514
f 527/737/514 332/736/513 331/738/514
f 527/737/514 331/738/514 526/739/515
f 526/739/515 331/738/514 330/740/515
f 526/739/515 330/740/515 525/741/516
f 525/741/516 330/740/515 329/742/516
f 525/741/516 329/742/516 524/743/517
f 524/743/517 329/742/516 328/744/517
f 524/743/517 328/744/517 523/745/518
f 523/745/518 328/744/517 327/746/519
f 523/745/518 327/746/519 522/747/520
f 522/747/520 327/746/519 308/748/521
f 380/749/522 551/750/523 161/751/219
f 161/751/219 551/750/523 539/752/524
f 161/751/219 539/752/524 540/753/525
f 380/749/522 379/754/526 551/750/523
f 551/750/523 379/754/526 552/755/527
f 551/750/523 552/755/527 537/756/528
f 537/756/528 552/755/527 536/757/529
f 536/757/529 552/755/527 378/758/530
f 536/757/529 378/758/530 535/759/530
f 379/754/526 378/758/530 552/755/527
f 537/756/528 538/760/531 551/750/523
f 551/750/523 538/760/531 539/752/524
f 540/753/525 541/761/532 161/751/219
f 161/751/219 541/761/532 542/762/533
f 161/751/219 542/762/533 544/763/534
f 544/763/534 542/762/533 543/764/535
f 544/763/534 545/765/536 161/751/219
f 161/751/219 545/765/536 547/766/537
f 161/751/219 547/766/537 550/767/538
f 550/767/538 547/766/537 549/768/539
f 549/768/540 547/766/541 548/769/542
f 545/765/536 546/770/543 547/766/537
f 550/767/538 162/771/219 161/751/219
f 378/772/530 393/773/544 535/774/530
f 535/774/530 393/773/544 392/775/545
f 535/774/530 392/775/545 557/776/546
f 557/776/546 392/775/545 391/777/547
f 557/776/546 391/777/547 556/778/548
f 556/778/548 391/777/547 390/779/549
f 556/778/548 390/779/549 555/780/550
f 555/780/550 390/779/549 389/781/551
f 555/780/550 389/781/551 388/782/552
f 555/780/550 388/782/552 554/783/553
f 554/783/553 388/782/552 405/784/554
f 554/783/553 405/784/554 404/785/555
f 404/785/555 553/786/555 554/783/553
f 416/787/555 560/788/555 404/789/555
f 404/789/555 560/788/555 561/790/555
f 404/789/555 561/790/555 553/791/555
f 553/791/555 561/790/555 562/792/555
f 553/791/555 562/792/555 563/793/555
f 560/788/555 416/787/555 559/794/555
f 559/794/555 416/787/555 415/795/555
f 559/794/555 415/795/555 558/796/555
f 558/796/555 415/795/555 414/797/555
f 558/796/555 414/797/555 452/798/555
f 452/798/555 414/797/555 446/799/555
f 446/799/555 414/797/555 413/800/555
f 446/799/555 413/800/555 447/801/555
f 447/801/555 413/800/555 587/802/555
f 447/801/555 587/802/555 588/803/555
f 587/802/555 413/800/555 586/804/555
f 586/804/555 413/800/555 412/805/555
f 586/804/555 412/805/555 585/806/555
f 585/806/555 412/805/555 584/807/555
f 584/807/555 412/805/555 583/808/555
f 583/808/555 412/805/555 433/809/555
f 583/808/555 433/809/555 582/810/555
f 582/810/555 433/809/555 432/811/555
f 582/810/555 432/811/555 581/812/555
f 581/812/555 432/811/555 580/813/555
f 580/813/555 432/811/555 431/814/555
f 580/813/555 431/814/555 579/815/555
f 579/815/555 431/814/555 578/816/555
f 578/816/555 431/814/555 430/817/555
f 578/816/555 430/817/555 577/818/555
f 577/818/555 430/817/555 576/819/555
f 576/819/555 430/817/555 429/820/555
f 576/819/555 429/820/555 575/821/555
f 575/821/555 429/820/555 428/822/555
f 575/821/555 428/822/555 574/823/555
f 574/823/555 428/822/555 427/824/555
f 574/823/555 427/824/555 573/825/555
f 573/825/555 427/824/555 426/826/555
f 573/825/555 426/826/555 425/827/555
f 425/827/555 424/828/555 573/825/555
f 573/825/555 424/828/555 423/829/555
f 573/825/555 423/829/555 572/830/555
f 572/830/555 423/829/555 422/831/555
f 572/830/555 422/831/555 571/832/555
f 571/832/555 422/831/555 570/833/555
f 570/833/555 422/831/555 448/834/555
f 570/833/555 448/834/555 569/835/555
f 569/835/555 448/834/555 568/836/555
f 568/836/555 448/834/555 567/837/555
f 567/837/555 448/834/555 590/838/555
f 590/838/555 448/834/555 589/839/555
f 589/839/555 448/834/555 447/801/555
f 589/839/555 447/801/555 588/803/555
f 452/798/555 454/840/555 558/796/555
f 563/793/555 564/841/555 553/791/555
f 553/791/555 564/841/555 565/842/555
f 553/791/555 565/842/555 566/843/555
f 358/844/556 403/845/557 350/846/558
f 350/846/558 403/845/557 406/847/559
f 350/846/558 406/847/559 387/848/558
f 357/849/560 418/850/561 358/844/556
f 358/844/556 418/850/561 417/851/562
f 358/844/556 417/851/562 403/845/557
f 418/850/561 357/849/560 419/852/563
f 419/852/563 357/849/560 356/853/563
f 419/852/563 356/853/563 355/854/564
f 419/852/563 355/854/564 420/855/565
f 420/855/565 355/854/564 343/856/566
f 420/855/565 343/856/566 594/857/567
f 594/857/567 343/856/566 342/858/568
f 594/857/567 342/858/568 593/859/567
f 593/859/567 342/858/568 592/860/569
f 592/860/569 342/858/568 341/861/570
f 592/860/569 341/861/570 591/862/571
f 591/862/571 341/861/570 314/863/507
f 591/862/571 314/863/507 534/864/506
f 420/855/565 594/857/567 411/865/507
f 411/865/507 594/857/567 595/866/572
f 411/865/507 595/866/572 596/867/573
f 596/867/573 597/868/506 411/865/507
f 454/869/555 463/870/574 558/871/555
f 558/871/555 463/870/574 610/872/575
f 558/871/555 610/872/575 615/873/576
f 615/873/576 610/872/575 609/874/577
f 615/873/576 609/874/577 614/875/578
f 614/875/578 609/874/577 608/876/579
f 614/875/578 608/876/579 613/877/580
f 613/877/580 608/876/579 612/878/581
f 613/877/580 612/878/581 618/879/582
f 618/879/582 612/878/581 617/880/583
f 618/879/582 617/880/583 651/881/584
f 651/881/584 617/880/583 652/882/585
f 651/881/584 652/882/585 628/883/586
f 628/883/586 652/882/585 629/884/587
f 628/883/586 629/884/587 623/885/588
f 623/885/588 629/884/587 622/886/589
f 623/885/588 622/886/589 633/887/590
f 633/887/590 622/886/589 632/888/591
f 633/887/590 632/888/591 637/889/592
f 637/889/592 632/888/591 636/890/593
f 637/889/592 636/890/593 647/891/594
f 647/891/594 636/890/593 648/892/595
f 647/891/594 648/892/595 642/893/596
f 642/893/596 648/892/595 641/894/597
f 642/893/596 641/894/597 553/895/555
f 553/895/555 641/894/597 604/896/598
f 604/896/598 641/894/597 640/897/599
f 604/896/598 640/897/599 603/898/600
f 603/898/600 640/897/599 649/899/601
f 603/898/600 649/899/601 602/900/602
f 602/900/602 649/899/601 635/901/603
f 602/900/602 635/901/603 601/902/604
f 601/902/604 635/901/603 631/903/605
f 601/902/604 631/903/605 600/904/606
f 600/904/606 631/903/605 621/905/607
f 600/904/606 621/905/607 599/906/608
f 599/906/608 621/905/607 630/907/609
f 599/906/608 630/907/609 606/908/610
f 606/908/610 630/907/609 629/884/587
f 606/908/610 629/884/587 652/882/585
f 610/872/575 463/870/574 609/874/577
f 609/874/577 463/870/574 462/909/611
f 609/874/577 462/909/611 608/876/579
f 608/876/579 462/909/611 461/910/612
f 608/876/579 461/910/612 612/878/581
f 612/878/581 461/910/612 611/911/613
f 612/878/581 611/911/613 617/880/583
f 617/880/583 611/911/613 616/912/614
f 617/880/583 616/912/614 652/882/585
f 652/882/585 616/912/614 606/908/610
f 461/910/612 460/913/615 611/911/613
f 611/911/613 460/913/615 481/914/616
f 611/911/613 481/914/616 598/915/617
f 611/911/613 598/915/617 616/912/614
f 616/912/614 598/915/617 599/906/608
f 616/912/614 599/906/608 606/908/610
f 566/916/555 644/917/618 553/895/555
f 553/895/555 644/917/618 643/918/619
f 553/895/555 643/918/619 642/893/596
f 642/893/596 643/918/619 647/891/594
f 566/916/555 565/919/555 644/917/618
f 644/917/618 565/919/555 564/920/555
f 644/917/618 564/920/555 563/921/555
f 644/917/618 563/921/555 645/922/620
f 645/922/620 563/921/555 562/923/555
f 645/922/620 562/923/555 639/924/621
f 639/924/621 562/923/555 561/925/555
f 639/924/621 561/925/555 607/926/622
f 607/926/622 561/925/555 560/927/555
f 607/926/622 560/927/555 625/928/623
f 625/928/623 560/927/555 626/929/624
f 625/928/623 626/929/624 627/930/625
f 627/930/625 626/929/624 650/931/626
f 627/930/625 650/931/626 651/881/584
f 651/881/584 650/931/626 618/879/582
f 560/927/555 559/932/555 626/929/624
f 626/929/624 559/932/555 605/933/627
f 626/929/624 605/933/627 650/931/626
f 650/931/626 605/933/627 619/934/628
f 650/931/626 619/934/628 618/879/582
f 618/879/582 619/934/628 613/877/580
f 558/871/555 615/873/576 559/932/555
f 559/932/555 615/873/576 620/935/629
f 559/932/555 620/935/629 605/933/627
f 605/933/627 620/935/629 619/934/628
f 620/935/629 615/873/576 614/875/578
f 620/935/629 614/875/578 619/934/628
f 619/934/628 614/875/578 613/877/580
f 629/884/587 630/907/609 622/886/589
f 622/886/589 630/907/609 621/905/607
f 622/886/589 621/905/607 632/888/591
f 632/888/591 621/905/607 631/903/605
f 632/888/591 631/903/605 636/890/593
f 636/890/593 631/903/605 635/901/603
f 636/890/593 635/901/603 648/892/595
f 648/892/595 635/901/603 649/899/601
f 648/892/595 649/899/601 641/894/597
f 641/894/597 649/899/601 640/897/599
f 623/885/588 624/936/630 628/883/586
f 628/883/586 624/936/630 627/930/625
f 628/883/586 627/930/625 651/881/584
f 607/926/622 625/928/623 624/936/630
f 624/936/630 625/928/623 627/930/625
f 624/936/630 623/885/588 634/937/631
f 634/937/631 623/885/588 633/887/590
f 634/937/631 633/887/590 638/938/632
f 638/938/632 633/887/590 637/889/592
f 638/938/632 637/889/592 646/939/633
f 646/939/633 637/889/592 647/891/594
f 646/939/633 647/891/594 643/918/619
f 639/924/621 607/926/622 634/937/631
f 634/937/631 607/926/622 624/936/630
f 639/924/621 634/937/631 638/938/632
f 645/922/620 639/924/621 638/938/632
f 645/922/620 638/938/632 646/939/633
f 645/922/620 646/939/633 644/917/618
f 644/917/618 646/939/633 643/918/619
f 598/940/617 481/941/616 669/942/634
f 669/942/634 481/941/616 480/943/635
f 669/942/634 480/943/635 668/944/636
f 668/944/636 480/943/635 479/945/637
f 668/944/636 479/945/637 671/946/638
f 671/946/638 479/945/637 670/947/639
f 671/946/638 670/947/639 677/948/640
f 677/948/640 670/947/639 676/949/641
f 677/948/640 676/949/641 698/950/642
f 698/950/642 676/949/641 699/951/643
f 698/950/642 699/951/643 686/952/644
f 686/952/644 699/951/643 685/953/645
f 686/952/644 685/953/645 708/954/646
f 708/954/646 685/953/645 707/955/647
f 708/954/646 707/955/647 719/956/648
f 719/956/648 707/955/647 718/957/649
f 719/956/648 718/957/649 730/958/650
f 730/958/650 718/957/649 729/959/651
f 730/958/650 729/959/651 743/960/652
f 743/960/652 729/959/651 744/961/653
f 743/960/652 744/961/653 754/962/654
f 754/962/654 744/961/653 753/963/655
f 754/962/654 753/963/655 764/964/656
f 764/964/656 753/963/655 763/965/657
f 764/964/656 763/965/657 773/966/658
f 773/966/658 763/965/657 772/967/659
f 773/966/658 772/967/659 784/968/660
f 784/968/660 772/967/659 783/969/661
f 784/968/660 783/969/661 794/970/662
f 794/970/662 783/969/661 793/971/663
f 794/970/662 793/971/663 804/972/664
f 804/972/664 793/971/663 178/973/665
f 804/972/664 178/973/665 177/974/666
f 479/945/637 478/975/667 670/947/639
f 670/947/639 478/975/667 675/976/668
f 670/947/639 675/976/668 676/949/641
f 676/949/641 675/976/668 699/951/643
f 675/976/668 478/975/667 674/977/669
f 674/977/669 478/975/667 477/978/670
f 674/977/669 477/978/670 702/979/671
f 702/979/671 477/978/670 682/980/672
f 702/979/671 682/980/672 683/981/673
f 683/981/673 682/980/672 705/982/674
f 683/981/673 705/982/674 706/983/675
f 706/983/675 705/982/674 717/984/676
f 706/983/675 717/984/676 718/957/649
f 718/957/649 717/984/676 729/959/651
f 477/978/670 476/985/677 682/980/672
f 682/980/672 476/985/677 704/986/678
f 682/980/672 704/986/678 705/982/674
f 705/982/674 704/986/678 716/987/679
f 705/982/674 716/987/679 717/984/676
f 717/984/676 716/987/679 728/988/680
f 717/984/676 728/988/680 729/959/651
f 729/959/651 728/988/680 744/961/653
f 704/986/678 476/985/677 703/989/681
f 703/989/681 476/985/677 475/990/682
f 703/989/681 475/990/682 714/991/683
f 714/991/683 475/990/682 474/992/684
f 714/991/683 474/992/684 667/993/685
f 667/993/685 474/992/684 473/994/686
f 667/993/685 473/994/686 748/995/687
f 748/995/687 473/994/686 749/996/688
f 748/995/687 749/996/688 750/997/689
f 750/997/689 749/996/688 472/998/690
f 750/997/689 472/998/690 499/999/691
f 473/994/686 472/998/690 749/996/688
f 750/997/689 499/999/691 760/1000/692
f 760/1000/692 499/999/691 508/1001/693
f 760/1000/692 508/1001/693 507/1002/694
f 506/1003/695 771/1004/696 507/1002/694
f 507/1002/694 771/1004/696 761/1005/697
f 507/1002/694 761/1005/697 760/1000/692
f 760/1000/692 761/1005/697 750/997/689
f 771/1004/696 506/1003/695 782/1006/698
f 782/1006/698 506/1003/695 505/1007/699
f 782/1006/698 505/1007/699 303/1008/700
f 782/1006/698 303/1008/700 793/971/663
f 793/971/663 303/1008/700 305/1009/701
f 793/971/663 305/1009/701 178/973/665
f 176/1010/702 806/1011/703 177/974/666
f 177/974/666 806/1011/703 805/1012/704
f 177/974/666 805/1012/704 804/972/664
f 804/972/664 805/1012/704 794/970/662
f 175/1013/705 808/1014/706 176/1010/702
f 176/1010/702 808/1014/706 807/1015/707
f 176/1010/702 807/1015/707 806/1011/703
f 806/1011/703 807/1015/707 796/1016/708
f 806/1011/703 796/1016/708 795/1017/709
f 795/1017/709 796/1016/708 785/1018/710
f 795/1017/709 785/1018/710 784/968/660
f 784/968/660 785/1018/710 773/966/658
f 174/1019/711 810/1020/712 175/1013/705
f 175/1013/705 810/1020/712 809/1021/713
f 175/1013/705 809/1021/713 808/1014/706
f 808/1014/706 809/1021/713 798/1022/714
f 808/1014/706 798/1022/714 797/1023/715
f 797/1023/715 798/1022/714 787/1024/716
f 797/1023/715 787/1024/716 786/1025/717
f 786/1025/717 787/1024/716 775/1026/718
f 786/1025/717 775/1026/718 774/1027/719
f 774/1027/719 775/1026/718 765/1028/720
f 774/1027/719 765/1028/720 764/964/656
f 764/964/656 765/1028/720 754/962/654
f 173/1029/721 812/1030/722 174/1019/711
f 174/1019/711 812/1030/722 811/1031/723
f 174/1019/711 811/1031/723 810/1020/712
f 810/1020/712 811/1031/723 800/1032/724
f 810/1020/712 800/1032/724 799/1033/725
f 799/1033/725 800/1032/724 789/1034/726
f 799/1033/725 789/1034/726 788/1035/727
f 788/1035/727 789/1034/726 777/1036/728
f 788/1035/727 777/1036/728 776/1037/729
f 776/1037/729 777/1036/728 767/1038/730
f 776/1037/729 767/1038/730 766/1039/731
f 766/1039/731 767/1038/730 756/1040/732
f 766/1039/731 756/1040/732 755/1041/733
f 755/1041/733 756/1040/732 742/1042/734
f 755/1041/733 742/1042/734 743/960/652
f 743/960/652 742/1042/734 730/958/650
f 172/1043/735 815/1044/736 173/1029/721
f 173/1029/721 815/1044/736 813/1045/737
f 173/1029/721 813/1045/737 812/1030/722
f 812/1030/722 813/1045/737 802/1046/738
f 812/1030/722 802/1046/738 801/1047/739
f 801/1047/739 802/1046/738 791/1048/740
f 801/1047/739 791/1048/740 790/1049/741
f 790/1049/741 791/1048/740 779/1050/742
f 790/1049/741 779/1050/742 778/1051/743
f 778/1051/743 779/1050/742 769/1052/744
f 778/1051/743 769/1052/744 768/1053/745
f 768/1053/745 769/1052/744 758/1054/746
f 768/1053/745 758/1054/746 757/1055/747
f 757/1055/747 758/1054/746 740/1056/748
f 757/1055/747 740/1056/748 741/1057/749
f 741/1057/749 740/1056/748 732/1058/750
f 741/1057/749 732/1058/750 731/1059/751
f 731/1059/751 732/1058/750 720/1060/752
f 731/1059/751 720/1060/752 719/956/648
f 719/956/648 720/1060/752 708/954/646
f 815/1044/736 172/1043/735 816/1061/753
f 816/1061/753 172/1043/735 171/1062/230
f 816/1061/753 171/1062/230 817/1063/754
f 817/1063/754 171/1062/230 170/1064/228
f 817/1063/754 170/1064/228 659/1065/755
f 659/1065/755 170/1064/228 658/1066/756
f 658/1066/756 170/1064/228 169/1067/227
f 658/1066/756 169/1067/227 657/1068/757
f 657/1068/757 169/1067/227 656/1069/758
f 656/1069/758 169/1067/227 655/1070/759
f 655/1070/759 169/1067/227 654/1071/760
f 654/1071/760 169/1067/227 653/1072/761
f 653/1072/761 169/1067/227 168/1073/226
f 817/1063/754 659/1065/755 814/1074/762
f 814/1074/762 659/1065/755 660/1075/763
f 814/1074/762 660/1075/763 803/1076/764
f 803/1076/764 660/1075/763 661/1077/765
f 803/1076/764 661/1077/765 792/1078/766
f 792/1078/766 661/1077/765 781/1079/767
f 792/1078/766 781/1079/767 780/1080/768
f 780/1080/768 781/1079/767 662/1081/769
f 780/1080/768 662/1081/769 770/1082/770
f 770/1082/770 662/1081/769 737/1083/771
f 770/1082/770 737/1083/771 759/1084/772
f 759/1084/772 737/1083/771 738/1085/773
f 759/1084/772 738/1085/773 739/1086/774
f 739/1086/774 738/1085/773 734/1087/775
f 739/1086/774 734/1087/775 733/1088/776
f 733/1088/776 734/1087/775 722/1089/777
f 733/1088/776 722/1089/777 721/1090/778
f 721/1090/778 722/1089/777 710/1091/779
f 721/1090/778 710/1091/779 709/1092/780
f 709/1092/780 710/1091/779 687/1093/781
f 709/1092/780 687/1093/781 686/952/644
f 686/952/644 687/1093/781 698/950/642
f 661/1077/765 662/1081/769 781/1079/767
f 662/1081/769 663/1094/782 737/1083/771
f 737/1083/771 663/1094/782 666/1095/783
f 737/1083/771 666/1095/783 738/1085/773
f 738/1085/773 666/1095/783 735/1096/784
f 738/1085/773 735/1096/784 734/1087/775
f 734/1087/775 735/1096/784 723/1097/785
f 734/1087/775 723/1097/785 722/1089/777
f 722/1089/777 723/1097/785 711/1098/786
f 722/1089/777 711/1098/786 710/1091/779
f 710/1091/779 711/1098/786 688/1099/787
f 710/1091/779 688/1099/787 687/1093/781
f 687/1093/781 688/1099/787 697/1100/788
f 687/1093/781 697/1100/788 698/950/642
f 698/950/642 697/1100/788 677/948/640
f 664/1101/789 725/1102/790 663/1094/782
f 663/1094/782 725/1102/790 736/1103/791
f 663/1094/782 736/1103/791 666/1095/783
f 666/1095/783 736/1103/791 735/1096/784
f 604/1104/598 603/1105/600 664/1101/789
f 664/1101/789 603/1105/600 665/1106/792
f 664/1101/789 665/1106/792 725/1102/790
f 725/1102/790 665/1106/792 713/1107/793
f 725/1102/790 713/1107/793 724/1108/794
f 724/1108/794 713/1107/793 712/1109/795
f 724/1108/794 712/1109/795 723/1097/785
f 723/1097/785 712/1109/795 711/1098/786
f 665/1106/792 603/1105/600 692/1110/796
f 692/1110/796 603/1105/600 602/1111/602
f 692/1110/796 602/1111/602 691/1112/797
f 691/1112/797 602/1111/602 693/1113/798
f 691/1112/797 693/1113/798 694/1114/799
f 694/1114/799 693/1113/798 601/1115/604
f 694/1114/799 601/1115/604 681/1116/800
f 681/1116/800 601/1115/604 600/1117/606
f 681/1116/800 600/1117/606 680/1118/801
f 680/1118/801 600/1117/606 599/1119/608
f 680/1118/801 599/1119/608 679/1120/802
f 679/1120/802 599/1119/608 673/1121/803
f 679/1120/802 673/1121/803 672/1122/804
f 672/1122/804 673/1121/803 598/940/617
f 672/1122/804 598/940/617 669/942/634
f 602/1111/602 601/1115/604 693/1113/798
f 599/1119/608 598/940/617 673/1121/803
f 672/1122/804 669/942/634 668/944/636
f 668/944/636 671/946/638 672/1122/804
f 672/1122/804 671/946/638 678/1123/805
f 672/1122/804 678/1123/805 679/1120/802
f 679/1120/802 678/1123/805 696/1124/806
f 679/1120/802 696/1124/806 695/1125/807
f 695/1125/807 696/1124/806 689/1126/808
f 695/1125/807 689/1126/808 690/1127/809
f 690/1127/809 689/1126/808 712/1109/795
f 690/1127/809 712/1109/795 713/1107/793
f 678/1123/805 671/946/638 677/948/640
f 675/976/668 674/977/669 700/1128/810
f 700/1128/810 674/977/669 701/1129/811
f 700/1128/810 701/1129/811 684/1130/812
f 684/1130/812 701/1129/811 683/981/673
f 684/1130/812 683/981/673 706/983/675
f 696/1124/806 678/1123/805 697/1100/788
f 697/1100/788 678/1123/805 677/948/640
f 694/1114/799 681/1116/800 680/1118/801
f 694/1114/799 680/1118/801 695/1125/807
f 695/1125/807 680/1118/801 679/1120/802
f 702/979/671 683/981/673 701/1129/811
f 684/1130/812 685/953/645 700/1128/810
f 700/1128/810 685/953/645 699/951/643
f 700/1128/810 699/951/643 675/976/668
f 685/953/645 684/1130/812 707/955/647
f 707/955/647 684/1130/812 706/983/675
f 707/955/647 706/983/675 718/957/649
f 709/1092/780 686/952/644 708/954/646
f 696/1124/806 697/1100/788 688/1099/787
f 696/1124/806 688/1099/787 689/1126/808
f 689/1126/808 688/1099/787 711/1098/786
f 689/1126/808 711/1098/786 712/1109/795
f 694/1114/799 695/1125/807 690/1127/809
f 694/1114/799 690/1127/809 691/1112/797
f 691/1112/797 690/1127/809 713/1107/793
f 691/1112/797 713/1107/793 665/1106/792
f 665/1106/792 692/1110/796 691/1112/797
f 674/977/669 702/979/671 701/1129/811
f 704/986/678 703/989/681 715/1131/813
f 715/1131/813 703/989/681 714/991/683
f 715/1131/813 714/991/683 726/1132/814
f 726/1132/814 714/991/683 667/993/685
f 726/1132/814 667/993/685 747/1133/815
f 747/1133/815 667/993/685 748/995/687
f 747/1133/815 748/995/687 750/997/689
f 721/1090/778 709/1092/780 720/1060/752
f 720/1060/752 709/1092/780 708/954/646
f 704/986/678 715/1131/813 716/987/679
f 716/987/679 715/1131/813 727/1134/816
f 716/987/679 727/1134/816 728/988/680
f 728/988/680 727/1134/816 745/1135/817
f 728/988/680 745/1135/817 744/961/653
f 744/961/653 745/1135/817 753/963/655
f 727/1134/816 715/1131/813 726/1132/814
f 731/1059/751 719/956/648 730/958/650
f 733/1088/776 721/1090/778 732/1058/750
f 732/1058/750 721/1090/778 720/1060/752
f 736/1103/791 725/1102/790 724/1108/794
f 736/1103/791 724/1108/794 735/1096/784
f 735/1096/784 724/1108/794 723/1097/785
f 727/1134/816 726/1132/814 746/1136/818
f 746/1136/818 726/1132/814 747/1133/815
f 746/1136/818 747/1133/815 751/1137/819
f 751/1137/819 747/1133/815 750/997/689
f 751/1137/819 750/997/689 761/1005/697
f 741/1057/749 731/1059/751 742/1042/734
f 742/1042/734 731/1059/751 730/958/650
f 739/1086/774 733/1088/776 740/1056/748
f 740/1056/748 733/1088/776 732/1058/750
f 759/1084/772 739/1086/774 758/1054/746
f 758/1054/746 739/1086/774 740/1056/748
f 757/1055/747 741/1057/749 756/1040/732
f 756/1040/732 741/1057/749 742/1042/734
f 755/1041/733 743/960/652 754/962/654
f 745/1135/817 746/1136/818 752/1138/820
f 752/1138/820 746/1136/818 751/1137/819
f 752/1138/820 751/1137/819 762/1139/821
f 762/1139/821 751/1137/819 761/1005/697
f 762/1139/821 761/1005/697 771/1004/696
f 746/1136/818 745/1135/817 727/1134/816
f 763/965/657 753/963/655 752/1138/820
f 752/1138/820 753/963/655 745/1135/817
f 763/965/657 752/1138/820 762/1139/821
f 766/1039/731 755/1041/733 765/1028/720
f 765/1028/720 755/1041/733 754/962/654
f 768/1053/745 757/1055/747 767/1038/730
f 767/1038/730 757/1055/747 756/1040/732
f 770/1082/770 759/1084/772 769/1052/744
f 769/1052/744 759/1084/772 758/1054/746
f 772/967/659 763/965/657 762/1139/821
f 772/967/659 762/1139/821 771/1004/696
f 774/1027/719 764/964/656 773/966/658
f 776/1037/729 766/1039/731 775/1026/718
f 775/1026/718 766/1039/731 765/1028/720
f 778/1051/743 768/1053/745 777/1036/728
f 777/1036/728 768/1053/745 767/1038/730
f 780/1080/768 770/1082/770 779/1050/742
f 779/1050/742 770/1082/770 769/1052/744
f 783/969/661 772/967/659 771/1004/696
f 786/1025/717 774/1027/719 785/1018/710
f 785/1018/710 774/1027/719 773/966/658
f 788/1035/727 776/1037/729 787/1024/716
f 787/1024/716 776/1037/729 775/1026/718
f 790/1049/741 778/1051/743 789/1034/726
f 789/1034/726 778/1051/743 777/1036/728
f 792/1078/766 780/1080/768 791/1048/740
f 791/1048/740 780/1080/768 779/1050/742
f 793/971/663 783/969/661 782/1006/698
f 782/1006/698 783/969/661 771/1004/696
f 795/1017/709 784/968/660 794/970/662
f 797/1023/715 786/1025/717 796/1016/708
f 796/1016/708 786/1025/717 785/1018/710
f 799/1033/725 788/1035/727 798/1022/714
f 798/1022/714 788/1035/727 787/1024/716
f 801/1047/739 790/1049/741 800/1032/724
f 800/1032/724 790/1049/741 789/1034/726
f 803/1076/764 792/1078/766 802/1046/738
f 802/1046/738 792/1078/766 791/1048/740
f 806/1011/703 795/1017/709 805/1012/704
f 805/1012/704 795/1017/709 794/970/662
f 808/1014/706 797/1023/715 807/1015/707
f 807/1015/707 797/1023/715 796/1016/708
f 810/1020/712 799/1033/725 809/1021/713
f 809/1021/713 799/1033/725 798/1022/714
f 812/1030/722 801/1047/739 811/1031/723
f 811/1031/723 801/1047/739 800/1032/724
f 814/1074/762 803/1076/764 813/1045/737
f 813/1045/737 803/1076/764 802/1046/738
f 815/1044/736 816/1061/753 813/1045/737
f 813/1045/737 816/1061/753 814/1074/762
f 816/1061/753 817/1063/754 814/1074/762
f 522/868/520 308/865/521 824/1140/822
f 824/1140/822 308/865/521 313/1141/823
f 824/1140/822 313/1141/823 823/1142/824
f 823/1142/824 313/1141/823 312/1143/825
f 823/1142/824 312/1143/825 822/1144/826
f 822/1144/826 312/1143/825 306/1145/827
f 822/1144/826 306/1145/827 445/1146/828
f 822/1144/826 445/1146/828 821/1147/826
f 821/1147/826 445/1146/828 450/1148/825
f 821/1147/826 450/1148/825 820/1149/824
f 820/1149/824 450/1148/825 449/1150/823
f 820/1149/824 449/1150/823 819/1151/822
f 819/1151/822 449/1150/823 421/863/520
f 819/1151/822 421/863/520 818/864/520
f 148/1152/828 485/1153/828 69/1154/828
f 69/1154/828 485/1153/828 484/1155/828
f 69/1154/828 484/1155/828 483/1156/828
f 147/1157/828 158/1158/828 148/1152/828
f 148/1152/828 158/1158/828 157/1159/828
f 148/1152/828 157/1159/828 485/1153/828
f 485/1153/828 157/1159/828 486/1160/828
f 486/1160/828 157/1159/828 825/1161/828
f 486/1160/828 825/1161/828 487/1162/828
f 487/1162/828 825/1161/828 826/659/828
f 487/1162/828 826/659/828 488/1163/828
f 488/1163/828 826/659/828 489/1164/828
f 489/1164/828 826/659/828 471/1165/828
f 69/1154/828 483/1156/828 306/1166/827
f 306/1166/827 483/1156/828 482/1167/828
f 306/1166/827 482/1167/828 459/1168/828
f 459/1168/828 458/1169/828 306/1166/827
f 306/1166/827 458/1169/828 445/1170/828
f 445/1170/828 458/1169/828 457/1171/828
f 445/1170/828 457/1171/828 451/1172/827
f 451/1172/827 457/1171/828 456/1173/828
f 451/1172/827 456/1173/828 455/1174/829
f 306/1166/827 70/1175/828 69/1154/828
f 181/1176/830 180/1177/830 827/1178/830
f 827/1178/830 180/1177/830 179/1179/831
f 827/1178/830 179/1179/831 304/1180/830
f 304/1181/830 504/1182/832 827/1183/830
f 827/1183/830 504/1182/832 503/1184/833
f 827/1183/830 503/1184/833 829/1185/834
f 829/1185/834 503/1184/833 502/1186/835
f 829/1185/834 502/1186/835 828/1187/836
f 828/1187/836 502/1186/835 501/1188/837
f 828/1187/836 501/1188/837 826/659/828
f 826/659/828 501/1188/837 500/1189/838
f 826/659/828 500/1189/838 471/1190/828
f 77/1191/68 76/1192/67 370/1193/839
f 370/1193/839 76/1192/67 354/1194/840
f 370/1193/839 354/1194/840 371/1195/841
f 371/1195/841 354/1194/840 369/1196/842
f 369/1196/842 354/1194/840 353/1197/843
f 369/1196/842 353/1197/843 381/1198/844
f 381/1198/844 353/1197/843 382/1199/845
f 382/1199/845 353/1197/843 352/1200/846
f 382/1199/845 352/1200/846 377/1201/847
f 377/1201/847 352/1200/846 394/1202/848
f 394/1202/848 352/1200/846 395/1203/849
f 395/1203/849 352/1200/846 351/1204/850
f 395/1203/849 351/1204/850 396/1205/851
f 396/1205/851 351/1204/850 397/1206/852
f 397/1206/852 351/1204/850 350/1207/558
f 397/1206/852 350/1207/558 387/1208/558
f 553/659/555 604/1209/598 837/1210/853
f 837/1210/853 604/1209/598 830/1211/854
f 837/1210/853 830/1211/854 836/1212/855
f 836/1212/855 830/1211/854 831/1213/856
f 836/1212/855 831/1213/856 835/1214/857
f 835/1214/857 831/1213/856 832/1215/858
f 835/1214/857 832/1215/858 834/1216/859
f 834/1216/859 832/1215/858 833/1217/860
f 834/1216/859 833/1217/860 557/1218/546
f 557/1218/546 833/1217/860 535/1219/530
f 535/1219/530 833/1217/860 536/1220/529
f 536/1220/529 833/1217/860 832/1215/858
f 557/1218/546 556/1221/548 834/1216/859
f 834/1216/859 556/1221/548 835/1214/857
f 556/1221/548 555/1222/550 835/1214/857
f 835/1214/857 555/1222/550 836/1212/855
f 555/1222/550 554/1223/553 836/1212/855
f 836/1212/855 554/1223/553 837/1210/853
f 554/1223/553 553/659/555 837/1210/853
f 653/1224/761 168/1225/226 851/1226/861
f 851/1226/861 168/1225/226 167/1227/225
f 851/1226/861 167/1227/225 850/1228/862
f 850/1228/862 167/1227/225 166/1229/223
f 850/1228/862 166/1229/223 849/1230/863
f 849/1230/863 166/1229/223 848/1231/864
f 849/1230/863 848/1231/864 853/1232/865
f 853/1232/865 848/1231/864 838/1233/866
f 853/1232/865 838/1233/866 852/1234/867
f 852/1234/867 838/1233/866 543/1235/535
f 852/1234/867 543/1235/535 542/1236/533
f 166/1229/223 165/1237/222 848/1231/864
f 848/1231/864 165/1237/222 838/1233/866
f 165/1237/222 164/1238/221 838/1233/866
f 838/1233/866 164/1238/221 163/1239/220
f 838/1233/866 163/1239/220 543/1235/535
f 543/1235/535 163/1239/220 544/1240/534
f 544/1240/534 163/1239/220 545/1241/536
f 545/1241/536 163/1239/220 546/1242/543
f 546/1242/543 163/1239/220 549/1243/539
f 546/1242/543 549/1243/539 547/1244/537
f 162/1245/219 550/1246/538 163/1239/220
f 163/1239/220 550/1246/538 549/1243/539
f 852/1234/867 542/1236/533 840/1247/868
f 840/1247/868 542/1236/533 541/1248/532
f 840/1247/868 541/1248/532 869/1249/869
f 869/1249/869 541/1248/532 861/1250/870
f 869/1249/869 861/1250/870 862/1251/871
f 862/1251/871 861/1250/870 877/1252/872
f 862/1251/871 877/1252/872 876/1253/873
f 876/1253/873 877/1252/872 870/1254/874
f 876/1253/873 870/1254/874 871/1255/875
f 871/1255/875 870/1254/874 884/1256/876
f 871/1255/875 884/1256/876 883/1257/877
f 883/1257/877 884/1256/876 881/1258/878
f 883/1257/877 881/1258/878 882/1259/879
f 882/1259/879 881/1258/878 891/1260/880
f 882/1259/879 891/1260/880 660/1261/763
f 660/1261/763 891/1260/880 844/1262/881
f 660/1261/763 844/1262/881 661/1263/765
f 661/1263/765 844/1262/881 897/1264/882
f 661/1263/765 897/1264/882 662/1265/769
f 662/1265/769 897/1264/882 896/1266/883
f 662/1265/769 896/1266/883 846/1267/884
f 846/1267/884 896/1266/883 895/1268/885
f 846/1267/884 895/1268/885 906/1269/886
f 906/1269/886 895/1268/885 894/1270/887
f 906/1269/886 894/1270/887 907/1271/888
f 907/1271/888 894/1270/887 893/1272/889
f 907/1271/888 893/1272/889 908/1273/890
f 908/1273/890 893/1272/889 892/1274/891
f 908/1273/890 892/1274/891 909/1275/892
f 909/1275/892 892/1274/891 537/1276/528
f 909/1275/892 537/1276/528 847/1277/893
f 847/1277/893 537/1276/528 536/1278/529
f 847/1277/893 536/1278/529 832/1279/858
f 541/1248/532 540/1280/525 861/1250/870
f 861/1250/870 540/1280/525 877/1252/872
f 877/1252/872 540/1280/525 843/1281/894
f 843/1281/894 540/1280/525 539/1282/524
f 843/1281/894 539/1282/524 886/1283/895
f 886/1283/895 539/1282/524 878/1284/896
f 886/1283/895 878/1284/896 879/1285/897
f 879/1285/897 878/1284/896 888/1286/898
f 879/1285/897 888/1286/898 889/1287/899
f 889/1287/899 888/1286/898 911/1288/900
f 889/1287/899 911/1288/900 910/1289/901
f 910/1289/901 911/1288/900 898/1290/902
f 910/1289/901 898/1290/902 897/1264/882
f 897/1264/882 898/1290/902 896/1266/883
f 539/1282/524 538/1291/531 878/1284/896
f 878/1284/896 538/1291/531 887/1292/903
f 878/1284/896 887/1292/903 888/1286/898
f 888/1286/898 887/1292/903 912/1293/904
f 888/1286/898 912/1293/904 911/1288/900
f 911/1288/900 912/1293/904 899/1294/905
f 911/1288/900 899/1294/905 898/1290/902
f 898/1290/902 899/1294/905 895/1268/885
f 898/1290/902 895/1268/885 896/1266/883
f 538/1291/531 537/1276/528 887/1292/903
f 887/1292/903 537/1276/528 845/1295/906
f 887/1292/903 845/1295/906 912/1293/904
f 912/1293/904 845/1295/906 900/1296/907
f 912/1293/904 900/1296/907 899/1294/905
f 899/1294/905 900/1296/907 894/1270/887
f 899/1294/905 894/1270/887 895/1268/885
f 847/1277/893 832/1279/858 905/1297/908
f 905/1297/908 832/1279/858 831/1298/856
f 905/1297/908 831/1298/856 904/1299/909
f 904/1299/909 831/1298/856 830/1300/854
f 904/1299/909 830/1300/854 903/1301/910
f 903/1301/910 830/1300/854 902/1302/911
f 903/1301/910 902/1302/911 906/1269/886
f 906/1269/886 902/1302/911 846/1267/884
f 604/1303/598 664/1304/789 830/1300/854
f 830/1300/854 664/1304/789 902/1302/911
f 664/1304/789 663/1305/782 902/1302/911
f 902/1302/911 663/1305/782 846/1267/884
f 663/1305/782 662/1265/769 846/1267/884
f 660/1261/763 659/1306/755 882/1259/879
f 882/1259/879 659/1306/755 842/1307/912
f 882/1259/879 842/1307/912 883/1257/877
f 883/1257/877 842/1307/912 872/1308/913
f 883/1257/877 872/1308/913 871/1255/875
f 871/1255/875 872/1308/913 875/1309/914
f 871/1255/875 875/1309/914 876/1253/873
f 876/1253/873 875/1309/914 863/1310/915
f 876/1253/873 863/1310/915 862/1251/871
f 862/1251/871 863/1310/915 868/1311/916
f 862/1251/871 868/1311/916 869/1249/869
f 869/1249/869 868/1311/916 840/1247/868
f 659/1306/755 658/1312/756 842/1307/912
f 842/1307/912 658/1312/756 873/1313/917
f 842/1307/912 873/1313/917 872/1308/913
f 872/1308/913 873/1313/917 874/1314/918
f 872/1308/913 874/1314/918 875/1309/914
f 875/1309/914 874/1314/918 864/1315/919
f 875/1309/914 864/1315/919 863/1310/915
f 863/1310/915 864/1315/919 867/1316/920
f 863/1310/915 867/1316/920 868/1311/916
f 868/1311/916 867/1316/920 857/1317/921
f 868/1311/916 857/1317/921 840/1247/868
f 840/1247/868 857/1317/921 852/1234/867
f 873/1313/917 658/1312/756 841/1318/922
f 841/1318/922 658/1312/756 657/1319/757
f 841/1318/922 657/1319/757 865/1320/923
f 865/1320/923 657/1319/757 839/1321/924
f 865/1320/923 839/1321/924 866/1322/925
f 866/1322/925 839/1321/924 859/1323/926
f 866/1322/925 859/1323/926 858/1324/927
f 858/1324/927 859/1323/926 854/1325/928
f 858/1324/927 854/1325/928 853/1232/865
f 853/1232/865 854/1325/928 849/1230/863
f 657/1319/757 656/1326/758 839/1321/924
f 839/1321/924 656/1326/758 860/1327/929
f 839/1321/924 860/1327/929 859/1323/926
f 859/1323/926 860/1327/929 855/1328/930
f 859/1323/926 855/1328/930 854/1325/928
f 854/1325/928 855/1328/930 850/1228/862
f 854/1325/928 850/1228/862 849/1230/863
f 860/1327/929 656/1326/758 856/1329/931
f 856/1329/931 656/1326/758 655/1330/759
f 856/1329/931 655/1330/759 851/1226/861
f 851/1226/861 655/1330/759 654/1331/760
f 851/1226/861 654/1331/760 653/1224/761
f 845/1295/906 537/1276/528 901/1332/932
f 901/1332/932 537/1276/528 892/1274/891
f 901/1332/932 892/1274/891 893/1272/889
f 856/1329/931 851/1226/861 855/1328/930
f 855/1328/930 851/1226/861 850/1228/862
f 858/1324/927 853/1232/865 857/1317/921
f 857/1317/921 853/1232/865 852/1234/867
f 860/1327/929 856/1329/931 855/1328/930
f 866/1322/925 858/1324/927 867/1316/920
f 867/1316/920 858/1324/927 857/1317/921
f 866/1322/925 867/1316/920 864/1315/919
f 866/1322/925 864/1315/919 865/1320/923
f 865/1320/923 864/1315/919 874/1314/918
f 865/1320/923 874/1314/918 841/1318/922
f 841/1318/922 874/1314/918 873/1313/917
f 877/1252/872 843/1281/894 870/1254/874
f 870/1254/874 843/1281/894 885/1333/933
f 870/1254/874 885/1333/933 884/1256/876
f 884/1256/876 885/1333/933 880/1334/934
f 884/1256/876 880/1334/934 881/1258/878
f 881/1258/878 880/1334/934 890/1335/935
f 881/1258/878 890/1335/935 891/1260/880
f 891/1260/880 890/1335/935 844/1262/881
f 886/1283/895 879/1285/897 885/1333/933
f 885/1333/933 879/1285/897 880/1334/934
f 890/1335/935 880/1334/934 889/1287/899
f 889/1287/899 880/1334/934 879/1285/897
f 843/1281/894 886/1283/895 885/1333/933
f 844/1262/881 890/1335/935 910/1289/901
f 910/1289/901 890/1335/935 889/1287/899
f 901/1332/932 893/1272/889 900/1296/907
f 900/1296/907 893/1272/889 894/1270/887
f 844/1262/881 910/1289/901 897/1264/882
f 845/1295/906 901/1332/932 900/1296/907
f 906/1269/886 907/1271/888 903/1301/910
f 903/1301/910 907/1271/888 904/1299/909
f 909/1275/892 847/1277/893 905/1297/908
f 907/1271/888 908/1273/890 904/1299/909
f 904/1299/909 908/1273/890 905/1297/908
f 908/1273/890 909/1275/892 905/1297/908
f 118/1336/555 117/1337/555 914/1338/555
f 914/1338/555 117/1337/555 913/1339/555
f 116/1340/936 915/1341/937 117/1342/555
f 117/1342/555 915/1341/937 916/1343/938
f 117/1342/555 916/1343/938 913/1344/555
f 118/1345/939 914/1346/939 119/1347/940
f 119/1347/940 914/1346/939 917/1348/941
f 119/1347/940 917/1348/941 918/1349/942
f 919/1350/943 920/1351/943 918/1349/942
f 918/1349/942 920/1351/943 119/1347/940
f 919/1352/67 918/1353/67 921/1354/67
f 921/1354/67 918/1353/67 115/1355/67
f 115/1355/67 918/1353/67 917/1356/67
f 115/1355/67 917/1356/67 913/1357/67
f 913/1357/67 917/1356/67 914/1358/67
f 913/1357/67 916/1359/68 115/1355/67
f 115/1355/67 916/1359/68 915/1360/67
f 115/1355/67 915/1360/67 116/1361/67
f 4/1362/113 3/1363/113 922/1364/113
f 922/1364/113 3/1363/113 203/1365/113
f 203/1365/113 3/1363/113 2/1366/113
f 921/1367/944 115/1368/944 923/1369/944
f 923/1369/944 115/1368/944 114/1370/944
f 924/1371/945 925/1372/946 930/1373/947
f 930/1373/947 925/1372/946 929/1374/948
f 929/1374/948 925/1372/946 926/1375/949
f 929/1374/948 926/1375/949 928/1376/555
f 928/1376/555 926/1375/949 927/1377/555
f 931/1378/555 932/1379/555 927/1380/555
f 927/1380/555 932/1379/555 928/1381/555
f 934/1382/943 935/1383/942 933/1384/943
f 933/1384/943 935/1383/942 936/1385/950
f 933/1384/943 936/1385/950 931/1386/939
f 931/1386/939 936/1385/950 932/1387/951
f 934/1388/952 937/1389/952 935/1390/952
f 935/1390/952 937/1389/952 924/1391/952
f 935/1390/952 924/1391/952 930/1392/952
f 930/1392/952 929/1393/952 935/1390/952
f 935/1390/952 929/1393/952 936/1394/952
f 936/1394/952 929/1393/952 928/1395/952
f 936/1394/952 928/1395/952 932/1396/952
f 925/1397/953 955/1398/954 926/1399/955
f 926/1399/955 955/1398/954 956/1400/956
f 926/1399/955 956/1400/956 953/1401/957
f 953/1401/957 956/1400/956 957/1402/958
f 953/1401/957 957/1402/958 958/1403/959
f 958/1403/959 957/1402/958 960/1404/960
f 958/1403/959 960/1404/960 959/1405/961
f 959/1405/961 960/1404/960 948/1406/962
f 959/1405/961 948/1406/962 949/1407/963
f 938/1408/964 939/1409/964 925/1397/953
f 925/1397/953 939/1409/964 955/1398/954
f 955/1398/954 939/1409/964 954/1410/965
f 954/1410/965 939/1409/964 940/1411/964
f 954/1410/965 940/1411/964 962/1412/966
f 962/1412/966 940/1411/964 941/1413/967
f 962/1412/966 941/1413/967 942/1414/968
f 943/1415/969 963/1416/970 942/1414/968
f 942/1414/968 963/1416/970 961/1417/971
f 942/1414/968 961/1417/971 962/1412/966
f 962/1412/966 961/1417/971 954/1410/965
f 943/1415/969 944/1418/972 963/1416/970
f 963/1416/970 944/1418/972 945/1419/973
f 963/1416/970 945/1419/973 964/1420/974
f 964/1420/974 945/1419/973 946/1421/975
f 964/1420/974 946/1421/975 947/1422/976
f 947/1422/976 948/1406/962 964/1420/974
f 964/1420/974 948/1406/962 960/1404/960
f 964/1420/974 960/1404/960 961/1417/971
f 961/1417/971 960/1404/960 957/1402/958
f 961/1417/971 957/1402/958 954/1410/965
f 954/1410/965 957/1402/958 955/1398/954
f 949/1407/963 950/1423/977 959/1405/961
f 959/1405/961 950/1423/977 951/1424/978
f 959/1405/961 951/1424/978 952/1425/979
f 959/1405/961 952/1425/979 958/1403/959
f 958/1403/959 952/1425/979 953/1401/957
f 957/1402/958 956/1400/956 955/1398/954
f 963/1416/970 964/1420/974 961/1417/971
f 926/1426/980 953/1427/980 927/1428/980
f 927/1428/980 953/1427/980 931/1429/980
f 931/1429/980 953/1427/980 952/1430/980
f 931/1429/980 952/1430/980 190/1431/980
f 190/1431/980 952/1430/980 951/1432/980
f 190/1431/980 951/1432/980 191/1433/980
f 191/1433/980 951/1432/980 950/1434/980
f 190/1431/980 189/1435/980 931/1429/980
f 931/1429/980 189/1435/980 933/1436/980
f 196/1437/830 195/1438/830 965/1439/830
f 965/1439/830 195/1438/830 194/1440/830
f 202/1441/828 201/1442/828 966/659/828
f 966/659/828 201/1442/828 200/1443/827
f 966/659/828 200/1444/827 968/1187/836
f 968/1187/836 200/1444/827 199/1445/981
f 968/1187/836 199/1445/981 198/1446/982
f 968/1187/836 198/1446/982 967/1185/834
f 967/1185/834 198/1446/982 197/1447/983
f 967/1185/834 197/1447/983 965/1183/830
f 965/1183/830 197/1447/983 196/1448/830
f 940/1449/964 939/1450/964 970/1451/964
f 970/1451/964 939/1450/964 969/1452/964
f 969/1452/964 939/1450/964 938/1453/964
f 925/1454/980 924/1455/980 938/1456/980
f 938/1456/980 924/1455/980 969/1457/980
f 969/1457/980 924/1455/980 971/1458/980
f 971/1458/980 924/1455/980 937/1459/980
f 923/1460/944 114/1461/944 985/1462/984
f 985/1462/984 114/1461/944 972/1463/984
f 985/1462/984 972/1463/984 984/1464/985
f 984/1464/985 972/1463/984 973/1465/985
f 984/1464/985 973/1465/985 983/1466/986
f 983/1466/986 973/1465/985 974/1467/986
f 983/1466/986 974/1467/986 982/1468/987
f 982/1468/987 974/1467/986 975/1469/987
f 982/1468/987 975/1469/987 981/1470/988
f 981/1470/988 975/1469/987 976/1471/988
f 981/1470/988 976/1471/988 980/1472/989
f 980/1472/989 976/1471/988 977/1473/989
f 980/1472/989 977/1473/989 979/1474/990
f 979/1474/990 977/1473/989 978/1475/990
f 979/1474/990 978/1475/990 971/456/980
f 971/456/980 978/1475/990 969/455/980
f 119/1476/944 920/1477/944 120/1478/944
f 120/1478/944 920/1477/944 188/1479/944
f 970/1480/964 969/1481/964 992/1482/991
f 992/1482/991 969/1481/964 978/1483/991
f 992/1482/991 978/1483/991 991/1484/992
f 991/1484/992 978/1483/991 977/1485/992
f 991/1484/992 977/1485/992 990/1486/993
f 990/1486/993 977/1485/992 976/1487/993
f 990/1486/993 976/1487/993 989/1488/994
f 989/1488/994 976/1487/993 975/1489/994
f 989/1488/994 975/1489/994 988/1490/995
f 988/1490/995 975/1489/994 974/1491/995
f 988/1490/995 974/1491/995 987/1492/996
f 987/1492/996 974/1491/995 973/1493/996
f 987/1492/996 973/1493/996 986/1494/997
f 986/1494/997 973/1493/996 972/1495/997
f 986/1494/997 972/1495/997 113/1496/113
f 113/1496/113 972/1495/997 114/1497/113
f 192/1498/998 945/1499/998 193/1500/998
f 193/1500/998 945/1499/998 944/1501/998
f 193/1500/998 944/1501/998 943/1502/998
f 191/1503/999 949/1504/998 192/1498/998
f 192/1498/998 949/1504/998 948/1505/998
f 192/1498/998 948/1505/998 947/1506/998
f 191/1503/999 950/1507/998 949/1504/998
f 947/1506/998 946/1508/998 192/1498/998
f 192/1498/998 946/1508/998 945/1499/998
f 943/1502/998 942/1509/998 193/1500/998
f 193/1500/998 942/1509/998 941/1510/998
f 193/1500/998 941/1510/998 940/1511/998
f 970/1512/998 993/1513/998 940/1511/998
f 940/1511/998 993/1513/998 193/1500/998
f 113/1460/1000 994/1461/1000 986/1462/1001
f 986/1462/1001 994/1461/1000 995/1463/1001
f 986/1462/1001 995/1463/1001 987/1464/1002
f 987/1464/1002 995/1463/1001 996/1465/1002
f 987/1464/1002 996/1465/1002 988/1466/1003
f 988/1466/1003 996/1465/1002 997/1467/1003
f 988/1466/1003 997/1467/1003 989/1468/1004
f 989/1468/1004 997/1467/1003 998/1469/1004
f 989/1468/1004 998/1469/1004 990/1470/1005
f 990/1470/1005 998/1469/1004 999/1471/1005
f 990/1470/1005 999/1471/1005 991/1472/1006
f 991/1472/1006 999/1471/1005 1000/1473/1006
f 991/1472/1006 1000/1473/1006 992/1474/1007
f 992/1474/1007 1000/1473/1006 1001/1475/1007
f 992/1474/1007 1001/1475/1007 970/456/998
f 970/456/998 1001/1475/1007 993/455/998
f 113/1514/1000 8/1515/1000 994/1516/1000
f 994/1516/1000 8/1515/1000 7/1517/1000
f 994/1516/1000 7/1517/1000 1002/1518/1000
f 1002/1518/1000 7/1517/1000 6/1519/1000
f 1002/1518/1000 6/1519/1000 5/1520/1000
f 5/1520/1000 4/1521/1000 1002/1518/1000
f 1002/1518/1000 4/1521/1000 922/1522/1000
f 1026/1523/1008 1003/1524/1008 993/1525/1008
f 993/1525/1008 1003/1524/1008 1004/1526/1008
f 993/1525/1008 1004/1526/1008 1005/1527/1008
f 993/1525/1008 1005/1527/1008 193/1528/1008
f 193/1528/1008 1005/1527/1008 1006/1529/1008
f 193/1528/1008 1006/1529/1008 1007/1530/1008
f 1007/1530/1008 1008/1531/1008 193/1528/1008
f 193/1528/1008 1008/1531/1008 965/1532/1008
f 193/1528/1008 965/1532/1008 194/1533/1008
f 1008/1531/1008 1009/1534/1008 965/1532/1008
f 965/1532/1008 1009/1534/1008 967/1535/1008
f 967/1535/1008 1009/1534/1008 968/1536/1008
f 968/1536/1008 1009/1534/1008 966/1537/1008
f 966/1537/1008 1009/1534/1008 1010/1538/1008
f 966/1537/1008 1010/1538/1008 202/1539/1008
f 202/1539/1008 1010/1538/1008 1011/1540/1008
f 202/1539/1008 1011/1540/1008 1012/1541/1008
f 202/1539/1008 1012/1541/1008 1002/1542/1008
f 1002/1542/1008 1012/1541/1008 1013/1543/1008
f 1002/1542/1008 1013/1543/1008 1014/1544/1008
f 1002/1542/1008 1014/1544/1008 994/1545/1008
f 994/1545/1008 1014/1544/1008 1015/1546/1008
f 994/1545/1008 1015/1546/1008 1016/1547/1008
f 1016/1547/1008 1017/1548/1008 994/1545/1008
f 994/1545/1008 1017/1548/1008 1018/1549/1008
f 994/1545/1008 1018/1549/1008 1019/1550/1008
f 1019/1550/1008 1020/1551/1008 994/1545/1008
f 994/1545/1008 1020/1551/1008 995/1552/1008
f 995/1552/1008 1020/1551/1008 1021/1553/1008
f 995/1552/1008 1021/1553/1008 996/1554/1008
f 996/1554/1008 1021/1553/1008 997/1555/1008
f 997/1555/1008 1021/1553/1008 998/1556/1008
f 998/1556/1008 1021/1553/1008 999/1557/1008
f 999/1557/1008 1021/1553/1008 1000/1558/1008
f 1000/1558/1008 1021/1553/1008 1022/1559/1008
f 1000/1558/1008 1022/1559/1008 1001/1560/1008
f 1001/1560/1008 1022/1559/1008 1023/1561/1008
f 1001/1560/1008 1023/1561/1008 993/1525/1008
f 993/1525/1008 1023/1561/1008 1024/1562/1008
f 993/1525/1008 1024/1562/1008 1025/1563/1008
f 1025/1563/1008 1026/1523/1008 993/1525/1008
f 1027/1564/1009 1028/1565/1009 1030/1566/1009
f 1030/1566/1009 1028/1565/1009 1029/659/1009
f 1028/1564/952 1031/1565/952 1029/1566/952
f 1029/1566/952 1031/1565/952 1032/659/952
f 1031/1564/1010 1033/1565/1010 1032/1566/1010
f 1032/1566/1010 1033/1565/1010 1034/659/1010
f 1033/1564/1011 1035/1565/1011 1034/1566/1011
f 1034/1566/1011 1035/1565/1011 1036/659/1011
f 1035/1564/67 1037/1565/67 1036/1566/67
f 1036/1566/67 1037/1565/67 1038/659/67
f 1037/1564/1012 1027/1565/1012 1038/1566/1012
f 1038/1566/1012 1027/1565/1012 1030/659/1012
f 1040/1567/555 1036/1568/555 1039/1569/555
f 1039/1569/555 1036/1568/555 1038/1570/555
f 1039/1569/555 1038/1570/555 1062/1571/555
f 1062/1571/555 1038/1570/555 1061/1572/555
f 1061/1572/555 1038/1570/555 1060/1573/555
f 1060/1573/555 1038/1570/555 1059/1574/555
f 1059/1574/555 1038/1570/555 1030/1566/555
f 1059/1574/555 1030/1566/555 1058/1575/555
f 1058/1575/555 1030/1566/555 1057/1576/555
f 1057/1576/555 1030/1566/555 1056/1577/555
f 1056/1577/555 1030/1566/555 1055/1578/555
f 1055/1578/555 1030/1566/555 1029/1579/555
f 1055/1578/555 1029/1579/555 1054/1580/555
f 1054/1580/555 1029/1579/555 1053/1581/555
f 1053/1581/555 1029/1579/555 1052/1582/555
f 1052/1582/555 1029/1579/555 1051/1583/555
f 1051/1583/555 1029/1579/555 1032/1584/555
f 1051/1583/555 1032/1584/555 1050/1585/555
f 1050/1585/555 1032/1584/555 1049/1586/555
f 1049/1586/555 1032/1584/555 1048/1587/555
f 1048/1587/555 1032/1584/555 1047/1588/555
f 1047/1588/555 1032/1584/555 1034/1589/555
f 1047/1588/555 1034/1589/555 1046/1590/555
f 1046/1590/555 1034/1589/555 1045/1591/555
f 1045/1591/555 1034/1589/555 1044/1592/555
f 1044/1592/555 1034/1589/555 1043/1593/555
f 1043/1593/555 1034/1589/555 1036/1568/555
f 1043/1593/555 1036/1568/555 1042/1594/555
f 1042/1594/555 1036/1568/555 1041/1595/555
f 1041/1595/555 1036/1568/555 1040/1567/555
f 920/1596/555 919/1597/555 188/1598/555
f 188/1598/555 919/1597/555 1027/1599/555
f 188/1598/555 1027/1599/555 934/1600/555
f 934/1600/555 1027/1599/555 1037/1601/555
f 934/1600/555 1037/1601/555 937/1602/555
f 937/1602/555 1037/1601/555 1035/1603/555
f 937/1602/555 1035/1603/555 971/1604/555
f 971/1604/555 1035/1603/555 1033/1605/555
f 971/1604/555 1033/1605/555 979/1606/555
f 979/1606/555 1033/1605/555 980/1607/555
f 980/1607/555 1033/1605/555 981/1608/555
f 981/1608/555 1033/1605/555 982/1609/555
f 982/1609/555 1033/1605/555 983/1610/555
f 983/1610/555 1033/1605/555 984/1611/555
f 984/1611/555 1033/1605/555 985/1612/555
f 985/1612/555 1033/1605/555 923/1613/555
f 923/1613/555 1033/1605/555 1031/1614/555
f 923/1613/555 1031/1614/555 921/1615/555
f 921/1615/555 1031/1614/555 1028/1616/555
f 921/1615/555 1028/1616/555 919/1597/555
f 919/1597/555 1028/1616/555 1027/1599/555
f 933/1617/555 189/1618/555 934/1600/555
f 934/1600/555 189/1618/555 188/1598/555
f 1062/1619/1013 1004/1620/1013 1039/1621/67
f 1039/1621/67 1004/1620/1013 1003/1622/67
f 1039/1623/67 1003/1624/67 1040/1625/1014
f 1040/1625/1014 1003/1624/67 1026/1626/1014
f 1040/1625/1014 1026/1626/1014 1041/1627/1015
f 1041/1627/1015 1026/1626/1014 1025/1628/1015
f 1041/1627/1015 1025/1628/1015 1042/1629/1016
f 1042/1629/1016 1025/1628/1015 1024/1630/1016
f 1042/1629/1016 1024/1630/1016 1043/1631/1011
f 1043/1631/1011 1024/1630/1016 1023/1632/1011
f 1043/1631/1011 1023/1632/1011 1044/1633/1017
f 1044/1633/1017 1023/1632/1011 1022/1634/1017
f 1044/1633/1017 1022/1634/1017 1045/1635/1018
f 1045/1635/1018 1022/1634/1017 1021/1636/1018
f 1045/1635/1018 1021/1636/1018 1046/1637/1019
f 1046/1637/1019 1021/1636/1018 1020/1638/1019
f 1046/1637/1019 1020/1638/1019 1047/1639/1010
f 1047/1639/1010 1020/1638/1019 1019/1640/1010
f 1047/1639/1010 1019/1640/1010 1048/1641/1020
f 1048/1641/1020 1019/1640/1010 1018/1642/1020
f 1048/1641/1020 1018/1642/1020 1049/1643/1021
f 1049/1643/1021 1018/1642/1020 1017/1644/1021
f 1049/1643/1021 1017/1644/1021 1050/1645/1022
f 1050/1645/1022 1017/1644/1021 1016/1646/1022
f 1050/1645/1022 1016/1646/1022 1051/1647/952
f 1051/1647/952 1016/1646/1022 1015/659/952
f 1051/1647/952 1015/659/952 1052/1648/1023
f 1052/1648/1023 1015/659/952 1014/1649/1023
f 1052/1648/1023 1014/1649/1023 1053/1650/1024
f 1053/1650/1024 1014/1649/1023 1013/1651/1024
f 1053/1650/1024 1013/1651/1024 1054/1652/1025
f 1054/1652/1025 1013/1651/1024 1012/1653/1025
f 1054/1652/1025 1012/1653/1025 1055/1654/1009
f 1055/1654/1009 1012/1653/1025 1011/1655/1009
f 1055/1654/1009 1011/1655/1009 1056/1656/1026
f 1056/1656/1026 1011/1655/1009 1010/1657/1026
f 1056/1656/1026 1010/1657/1026 1057/1658/1027
f 1057/1658/1027 1010/1657/1026 1009/1659/1027
f 1057/1658/1027 1009/1659/1027 1058/1660/1028
f 1058/1660/1028 1009/1659/1027 1008/1661/1028
f 1058/1660/1028 1008/1661/1028 1059/1662/1012
f 1059/1662/1012 1008/1661/1028 1007/1663/1012
f 1059/1662/1012 1007/1663/1012 1060/1664/1029
f 1060/1664/1029 1007/1663/1012 1006/1665/1029
f 1060/1664/1029 1006/1665/1029 1061/1666/1030
f 1061/1666/1030 1006/1665/1029 1005/1667/1030
f 1061/1666/1030 1005/1667/1030 1062/1619/1013
f 1062/1619/1013 1005/1667/1030 1004/1620/1013
f 1002/1668/1031 922/177/1032 202/1669/1031
f 202/1669/1031 922/177/1032 203/1670/1032
f 594/1671/567 593/1672/567 1082/1673/1033
f 1082/1673/1033 593/1672/567 1063/1674/1033
f 1082/1673/1033 1063/1674/1033 1081/1675/1034
f 1081/1675/1034 1063/1674/1033 1064/1676/1034
f 1081/1675/1034 1064/1676/1034 1080/1677/1035
f 1080/1677/1035 1064/1676/1034 1065/1678/1036
f 1080/1677/1035 1065/1678/1036 1079/1679/1037
f 1079/1679/1037 1065/1678/1036 1066/1680/1037
f 1079/1679/1037 1066/1680/1037 1078/1681/1038
f 1078/1681/1038 1066/1680/1037 1067/1682/1038
f 1078/1681/1038 1067/1682/1038 1077/1683/1039
f 1077/1683/1039 1067/1682/1038 1068/1684/1039
f 1077/1683/1039 1068/1684/1039 1076/1685/1040
f 1076/1685/1040 1068/1684/1039 1069/1686/1040
f 1076/1685/1040 1069/1686/1040 1075/1687/1041
f 1075/1687/1041 1069/1686/1040 1070/1688/1041
f 1075/1687/1041 1070/1688/1041 1074/1689/1042
f 1074/1689/1042 1070/1688/1041 1071/1690/1042
f 1074/1689/1042 1071/1690/1042 1073/1691/1043
f 1073/1691/1043 1071/1690/1042 1072/1692/1044
f 818/1693/520 421/1694/520 1093/1695/519
f 1093/1695/519 421/1694/520 444/1696/518
f 1093/1695/519 444/1696/518 1092/1697/517
f 1092/1697/517 444/1696/518 443/1698/517
f 1092/1697/517 443/1698/517 1091/1699/516
f 1091/1699/516 443/1698/517 442/1700/516
f 1091/1699/516 442/1700/516 1090/1701/515
f 1090/1701/515 442/1700/516 441/1702/515
f 1090/1701/515 441/1702/515 1089/1703/514
f 1089/1703/514 441/1702/515 440/1704/514
f 1089/1703/514 440/1704/514 1088/1705/513
f 1088/1705/513 440/1704/514 439/1706/513
f 1088/1705/513 439/1706/513 1087/1707/512
f 1087/1707/512 439/1706/513 438/1708/512
f 1087/1707/512 438/1708/512 1086/1709/511
f 1086/1709/511 438/1708/512 437/1710/511
f 1086/1709/511 437/1710/511 1085/1711/510
f 1085/1711/510 437/1710/511 436/1712/510
f 1085/1711/510 436/1712/510 1084/1713/509
f 1084/1713/509 436/1712/510 435/1714/509
f 1084/1713/509 435/1714/509 1083/1715/508
f 1083/1715/508 435/1714/509 434/1716/508
f 1083/1715/508 434/1716/508 597/1717/506
f 597/1717/506 434/1716/508 411/1718/507
f 824/1719/555 1100/1720/555 522/1721/555
f 522/1721/555 1100/1720/555 1101/1722/555
f 522/1721/555 1101/1722/555 1102/1723/555
f 823/1724/555 1120/1725/555 824/1719/555
f 824/1719/555 1120/1725/555 1097/1726/555
f 824/1719/555 1097/1726/555 1098/1727/555
f 822/1728/555 1094/1729/555 823/1724/555
f 823/1724/555 1094/1729/555 1118/1730/555
f 823/1724/555 1118/1730/555 1119/1731/555
f 1095/1732/555 1115/1733/555 1094/1729/555
f 1094/1729/555 1115/1733/555 1116/1734/555
f 1094/1729/555 1116/1734/555 1117/1735/555
f 1095/1732/555 1096/1736/555 1115/1733/555
f 1115/1733/555 1096/1736/555 1072/1737/555
f 1115/1733/555 1072/1737/555 1071/1738/555
f 1070/1739/555 534/1740/555 1071/1738/555
f 1071/1738/555 534/1740/555 1114/1741/555
f 1071/1738/555 1114/1741/555 1115/1733/555
f 534/1740/555 1070/1739/555 591/1742/555
f 591/1742/555 1070/1739/555 1069/1743/555
f 591/1742/555 1069/1743/555 1068/1744/555
f 1068/1744/555 1067/1745/555 591/1742/555
f 591/1742/555 1067/1745/555 592/1746/555
f 592/1746/555 1067/1745/555 1066/1747/555
f 592/1746/555 1066/1747/555 1065/1748/555
f 1065/1748/555 1064/1749/555 592/1746/555
f 592/1746/555 1064/1749/555 1063/1750/555
f 592/1746/555 1063/1750/555 593/1751/555
f 1114/1741/555 534/1740/555 1113/1752/555
f 1113/1752/555 534/1740/555 533/1753/555
f 1113/1752/555 533/1753/555 1112/1754/555
f 1112/1754/555 533/1753/555 532/1755/555
f 1112/1754/555 532/1755/555 1111/1756/555
f 1111/1756/555 532/1755/555 1110/1757/555
f 1110/1757/555 532/1755/555 531/1758/555
f 1110/1757/555 531/1758/555 1109/1759/555
f 1109/1759/555 531/1758/555 1108/1760/555
f 1108/1760/555 531/1758/555 530/1761/555
f 1108/1760/555 530/1761/555 1107/1762/555
f 1107/1762/555 530/1761/555 1106/1763/555
f 1106/1763/555 530/1761/555 529/1764/555
f 1106/1763/555 529/1764/555 1105/1765/555
f 1105/1765/555 529/1764/555 1104/1766/555
f 1104/1766/555 529/1764/555 528/1767/555
f 1104/1766/555 528/1767/555 527/1768/555
f 1104/1766/555 527/1768/555 1103/1769/555
f 1103/1769/555 527/1768/555 526/1770/555
f 1103/1769/555 526/1770/555 525/1771/555
f 525/1771/555 524/1772/555 1103/1769/555
f 1103/1769/555 524/1772/555 523/1773/555
f 1103/1769/555 523/1773/555 522/1721/555
f 1098/1727/555 1099/1774/555 824/1719/555
f 824/1719/555 1099/1774/555 1100/1720/555
f 1102/1723/555 1103/1769/555 522/1721/555
f 1117/1735/555 1118/1730/555 1094/1729/555
f 1119/1731/555 1120/1725/555 823/1724/555
f 821/1775/1008 820/1776/1008 1123/1777/1008
f 1123/1777/1008 820/1776/1008 1127/1778/1008
f 1123/1777/1008 1127/1778/1008 1128/1779/1008
f 819/1780/1008 1125/1781/1008 820/1776/1008
f 820/1776/1008 1125/1781/1008 1126/1782/1008
f 820/1776/1008 1126/1782/1008 1127/1778/1008
f 818/1783/1008 1145/1784/1008 819/1780/1008
f 819/1780/1008 1145/1784/1008 1146/1785/1008
f 819/1780/1008 1146/1785/1008 1147/1786/1008
f 1093/1787/1008 1142/1788/1008 818/1783/1008
f 818/1783/1008 1142/1788/1008 1143/1789/1008
f 818/1783/1008 1143/1789/1008 1144/1790/1008
f 1093/1787/1008 1092/1791/1008 1142/1788/1008
f 1142/1788/1008 1092/1791/1008 1091/1792/1008
f 1142/1788/1008 1091/1792/1008 1090/1793/1008
f 1090/1793/1008 1089/1794/1008 1142/1788/1008
f 1142/1788/1008 1089/1794/1008 1141/1795/1008
f 1141/1795/1008 1089/1794/1008 1088/1796/1008
f 1141/1795/1008 1088/1796/1008 1087/1797/1008
f 1086/1798/1008 1139/1799/1008 1087/1797/1008
f 1087/1797/1008 1139/1799/1008 1140/1800/1008
f 1087/1797/1008 1140/1800/1008 1141/1795/1008
f 1085/1801/1008 1137/1802/1008 1086/1798/1008
f 1086/1798/1008 1137/1802/1008 1138/1803/1008
f 1086/1798/1008 1138/1803/1008 1139/1799/1008
f 1084/1804/1008 1135/1805/1008 1085/1801/1008
f 1085/1801/1008 1135/1805/1008 1136/1806/1008
f 1085/1801/1008 1136/1806/1008 1137/1802/1008
f 1083/1807/1008 1133/1808/1008 1084/1804/1008
f 1084/1804/1008 1133/1808/1008 1134/1809/1008
f 1084/1804/1008 1134/1809/1008 1135/1805/1008
f 1133/1808/1008 1083/1807/1008 1132/1810/1008
f 1132/1810/1008 1083/1807/1008 597/1811/1008
f 1132/1810/1008 597/1811/1008 1131/1812/1008
f 1131/1812/1008 597/1811/1008 1074/1813/1008
f 1131/1812/1008 1074/1813/1008 1130/1814/1008
f 1130/1814/1008 1074/1813/1008 1073/1815/1008
f 1130/1814/1008 1073/1815/1008 1121/1816/1008
f 1074/1813/1008 597/1811/1008 1075/1817/1008
f 1075/1817/1008 597/1811/1008 596/1818/1008
f 1075/1817/1008 596/1818/1008 1076/1819/1008
f 1076/1819/1008 596/1818/1008 1077/1820/1008
f 1077/1820/1008 596/1818/1008 1078/1821/1008
f 1078/1821/1008 596/1818/1008 595/1822/1008
f 1078/1821/1008 595/1822/1008 1079/1823/1008
f 1079/1823/1008 595/1822/1008 1080/1824/1008
f 1080/1824/1008 595/1822/1008 1081/1825/1008
f 1081/1825/1008 595/1822/1008 1082/1826/1008
f 1082/1826/1008 595/1822/1008 594/1827/1008
f 1121/1816/1008 1122/1828/1008 1130/1814/1008
f 1130/1814/1008 1122/1828/1008 1123/1777/1008
f 1130/1814/1008 1123/1777/1008 1129/1829/1008
f 1129/1829/1008 1123/1777/1008 1128/1779/1008
f 1147/1786/1008 1124/1830/1008 819/1780/1008
f 819/1780/1008 1124/1830/1008 1125/1781/1008
f 1144/1790/1008 1145/1784/1008 818/1783/1008
f 821/1831/1028 1123/1832/1028 822/1833/1028
f 822/1833/1028 1123/1832/1028 1094/1834/1028
f 1073/1835/1043 1072/1836/1044 1121/1837/1045
f 1121/1837/1045 1072/1836/1044 1096/1838/1045
f 1121/1837/1045 1096/1838/1045 1095/1839/1046
f 1094/1840/1028 1123/1841/1028 1095/1839/1046
f 1095/1839/1046 1123/1841/1028 1122/1842/1046
f 1095/1839/1046 1122/1842/1046 1121/1837/1045
f 1149/1843/1014 1098/1844/1014 1148/1845/67
f 1148/1845/67 1098/1844/1014 1097/1672/67
f 1148/1846/67 1097/1847/67 1171/1848/1047
f 1171/1848/1047 1097/1847/67 1120/1849/1013
f 1171/1848/1047 1120/1849/1013 1170/1850/1030
f 1170/1850/1030 1120/1849/1013 1119/1851/1030
f 1170/1850/1030 1119/1851/1030 1169/1852/1029
f 1169/1852/1029 1119/1851/1030 1118/1853/1029
f 1169/1852/1029 1118/1853/1029 1168/1854/1012
f 1168/1854/1012 1118/1853/1029 1117/1855/1012
f 1168/1854/1012 1117/1855/1012 1167/1856/1028
f 1167/1856/1028 1117/1855/1012 1116/1857/1028
f 1167/1856/1028 1116/1857/1028 1166/1858/1027
f 1166/1858/1027 1116/1857/1028 1115/1859/1027
f 1166/1858/1027 1115/1859/1027 1165/1860/1048
f 1165/1860/1048 1115/1859/1027 1114/1861/1026
f 1165/1860/1048 1114/1861/1026 1164/1862/1009
f 1164/1862/1009 1114/1861/1026 1113/1863/1009
f 1164/1862/1009 1113/1863/1009 1163/1864/1025
f 1163/1864/1025 1113/1863/1009 1112/1865/1025
f 1163/1864/1025 1112/1865/1025 1162/1866/1024
f 1162/1866/1024 1112/1865/1025 1111/1867/1049
f 1162/1866/1024 1111/1867/1049 1161/1868/1023
f 1161/1868/1023 1111/1867/1049 1110/1869/1023
f 1161/1868/1023 1110/1869/1023 1160/1870/952
f 1160/1870/952 1110/1869/1023 1109/868/952
f 1160/1870/952 1109/868/952 1159/1871/1050
f 1159/1871/1050 1109/868/952 1108/1872/1022
f 1159/1871/1050 1108/1872/1022 1158/1873/1021
f 1158/1873/1021 1108/1872/1022 1107/1874/1021
f 1158/1873/1021 1107/1874/1021 1157/1875/1020
f 1157/1875/1020 1107/1874/1021 1106/1876/1020
f 1157/1875/1020 1106/1876/1020 1156/1877/1010
f 1156/1877/1010 1106/1876/1020 1105/1878/1051
f 1156/1877/1010 1105/1878/1051 1155/1879/1019
f 1155/1879/1019 1105/1878/1051 1104/1880/1019
f 1155/1879/1019 1104/1880/1019 1154/1881/1018
f 1154/1881/1018 1104/1880/1019 1103/1882/1018
f 1154/1881/1018 1103/1882/1018 1153/1883/1052
f 1153/1883/1052 1103/1882/1018 1102/1884/1052
f 1153/1883/1052 1102/1884/1052 1152/1885/1011
f 1152/1885/1011 1102/1884/1052 1101/1886/1011
f 1152/1885/1011 1101/1886/1011 1151/1887/1016
f 1151/1887/1016 1101/1886/1011 1100/1888/1016
f 1151/1887/1016 1100/1888/1016 1150/1889/1015
f 1150/1889/1015 1100/1888/1016 1099/1890/1015
f 1150/1889/1015 1099/1890/1015 1149/1843/1014
f 1149/1843/1014 1099/1890/1015 1098/1844/1014
f 366/1891/1053 362/1892/1054 344/1893/1055
f 344/1893/1055 362/1892/1054 72/1894/1056
f 344/1893/1055 72/1894/1056 345/1895/1056
f 345/1895/1056 72/1894/1056 346/1896/1057
f 346/1896/1057 72/1894/1056 338/1897/1057
f 365/1898/1058 364/1899/1056 366/1891/1053
f 366/1891/1053 364/1899/1056 363/1900/1056
f 366/1891/1053 363/1900/1056 362/1892/1054
f 362/1892/1054 73/1901/1056 72/1894/1056
f 340/1902/1008 1167/1903/1008 315/1904/1008
f 315/1904/1008 1167/1903/1008 1166/1905/1008
f 315/1904/1008 1166/1905/1008 316/1906/1008
f 316/1906/1008 1166/1905/1008 1165/1907/1008
f 316/1906/1008 1165/1907/1008 1164/1908/1008
f 339/1909/1008 307/1910/1008 340/1902/1008
f 340/1902/1008 307/1910/1008 311/1911/1008
f 340/1902/1008 311/1911/1008 1167/1903/1008
f 1167/1903/1008 311/1911/1008 1168/1912/1008
f 1168/1912/1008 311/1911/1008 1169/1913/1008
f 1169/1913/1008 311/1911/1008 1170/1914/1008
f 1170/1914/1008 311/1911/1008 1171/1915/1008
f 1171/1915/1008 311/1911/1008 310/1916/1008
f 1171/1915/1008 310/1916/1008 1148/1917/1008
f 1148/1917/1008 310/1916/1008 1149/1918/1008
f 1149/1918/1008 310/1916/1008 1150/1919/1008
f 1150/1919/1008 310/1916/1008 1151/1920/1008
f 1151/1920/1008 310/1916/1008 1152/1921/1008
f 1152/1921/1008 310/1916/1008 309/1922/1008
f 1152/1921/1008 309/1922/1008 1153/1923/1008
f 1153/1923/1008 309/1922/1008 1154/1924/1008
f 1154/1924/1008 309/1922/1008 321/1925/1008
f 1154/1924/1008 321/1925/1008 320/1926/1008
f 339/1909/1008 338/1927/1008 307/1910/1008
f 307/1910/1008 338/1927/1008 72/1928/1008
f 307/1910/1008 72/1928/1008 71/1929/1008
f 321/1925/1008 309/1922/1008 322/1930/1008
f 322/1930/1008 309/1922/1008 326/1931/1008
f 322/1930/1008 326/1931/1008 323/1932/1008
f 323/1932/1008 326/1931/1008 325/1933/1008
f 323/1932/1008 325/1933/1008 324/1934/1008
f 319/1935/1008 1156/1936/1008 320/1926/1008
f 320/1926/1008 1156/1936/1008 1155/1937/1008
f 320/1926/1008 1155/1937/1008 1154/1924/1008
f 318/1938/1008 1158/1939/1008 319/1935/1008
f 319/1935/1008 1158/1939/1008 1157/1940/1008
f 319/1935/1008 1157/1940/1008 1156/1936/1008
f 317/1941/1008 1161/1942/1008 318/1938/1008
f 318/1938/1008 1161/1942/1008 1160/1943/1008
f 318/1938/1008 1160/1943/1008 1159/1944/1008
f 316/1906/1008 1164/1908/1008 317/1941/1008
f 317/1941/1008 1164/1908/1008 1163/1945/1008
f 317/1941/1008 1163/1945/1008 1162/1946/1008
f 1162/1946/1008 1161/1942/1008 317/1941/1008
f 1159/1944/1008 1158/1939/1008 318/1938/1008
f 359/1947/1008 349/1948/1008 73/659/1008
f 73/659/1008 349/1948/1008 348/1949/1008
f 73/659/1008 348/1949/1008 347/1950/1008
f 347/1950/1008 74/1951/1008 73/659/1008
f 362/1952/1008 361/1953/1008 73/659/1008
f 73/659/1008 361/1953/1008 360/1954/1008
f 73/659/1008 360/1954/1008 359/1947/1008
f 1147/1955/1014 568/1956/1014 1124/1671/67
f 1124/1671/67 568/1956/1014 567/1957/67
f 1124/1958/67 567/1959/67 1125/1960/1047
f 1125/1960/1047 567/1959/67 590/1961/1013
f 1125/1960/1047 590/1961/1013 1126/1962/1030
f 1126/1962/1030 590/1961/1013 589/1963/1030
f 1126/1962/1030 589/1963/1030 1127/1964/1029
f 1127/1964/1029 589/1963/1030 588/1965/1029
f 1127/1964/1029 588/1965/1029 1128/1966/1012
f 1128/1966/1012 588/1965/1029 587/1967/1012
f 1128/1966/1012 587/1967/1012 1129/1968/1028
f 1129/1968/1028 587/1967/1012 586/1969/1028
f 1129/1968/1028 586/1969/1028 1130/1970/1027
f 1130/1970/1027 586/1969/1028 585/1971/1027
f 1130/1970/1027 585/1971/1027 1131/1972/1048
f 1131/1972/1048 585/1971/1027 584/1973/1026
f 1131/1972/1048 584/1973/1026 1132/1974/1009
f 1132/1974/1009 584/1973/1026 583/1975/1009
f 1132/1974/1009 583/1975/1009 1133/1976/1025
f 1133/1976/1025 583/1975/1009 582/1977/1025
f 1133/1976/1025 582/1977/1025 1134/1978/1024
f 1134/1978/1024 582/1977/1025 581/1979/1049
f 1134/1978/1024 581/1979/1049 1135/1980/1023
f 1135/1980/1023 581/1979/1049 580/1981/1023
f 1135/1980/1023 580/1981/1023 1136/864/952
f 1136/864/952 580/1981/1023 579/1982/952
f 1136/864/952 579/1982/952 1137/1983/1050
f 1137/1983/1050 579/1982/952 578/1984/1022
f 1137/1983/1050 578/1984/1022 1138/1985/1021
f 1138/1985/1021 578/1984/1022 577/1986/1021
f 1138/1985/1021 577/1986/1021 1139/1987/1020
f 1139/1987/1020 577/1986/1021 576/1988/1020
f 1139/1987/1020 576/1988/1020 1140/1989/1010
f 1140/1989/1010 576/1988/1020 575/1990/1051
f 1140/1989/1010 575/1990/1051 1141/1991/1019
f 1141/1991/1019 575/1990/1051 574/1992/1019
f 1141/1991/1019 574/1992/1019 1142/1993/1018
f 1142/1993/1018 574/1992/1019 573/1994/1018
f 1142/1993/1018 573/1994/1018 1143/1995/1052
f 1143/1995/1052 573/1994/1018 572/1996/1052
f 1143/1995/1052 572/1996/1052 1144/1997/1011
f 1144/1997/1011 572/1996/1052 571/1998/1011
f 1144/1997/1011 571/1998/1011 1145/1999/1016
f 1145/1999/1016 571/1998/1011 570/2000/1016
f 1145/1999/1016 570/2000/1016 1146/2001/1015
f 1146/2001/1015 570/2000/1016 569/2002/1015
f 1146/2001/1015 569/2002/1015 1147/1955/1014
f 1147/1955/1014 569/2002/1015 568/1956/1014
f 270/2003/1059 269/2004/1059 1191/2005/1060
f 1191/2005/1060 269/2004/1059 1172/2006/1060
f 1191/2005/1060 1172/2006/1060 1190/2007/1061
f 1190/2007/1061 1172/2006/1060 1173/2008/1061
f 1190/2007/1061 1173/2008/1061 1189/2009/1062
f 1189/2009/1062 1173/2008/1061 1174/2010/1062
f 1189/2009/1062 1174/2010/1062 1188/2011/1063
f 1188/2011/1063 1174/2010/1062 1175/2012/1063
f 1188/2011/1063 1175/2012/1063 1187/2013/1064
f 1187/2013/1064 1175/2012/1063 1176/2014/1064
f 1187/2013/1064 1176/2014/1064 1186/2015/1065
f 1186/2015/1065 1176/2014/1064 1177/2016/1065
f 1186/2015/1065 1177/2016/1065 1185/2017/1066
f 1185/2017/1066 1177/2016/1065 1178/2018/1066
f 1185/2017/1066 1178/2018/1066 1184/2019/1067
f 1184/2019/1067 1178/2018/1066 1179/2020/1067
f 1184/2019/1067 1179/2020/1067 1183/2021/1068
f 1183/2021/1068 1179/2020/1067 1180/2022/1068
f 1183/2021/1068 1180/2022/1068 1182/2023/1069
f 1182/2023/1069 1180/2022/1068 1181/2024/1069
f 1182/2023/1069 1181/2024/1069 241/2025/1070
f 241/2025/1070 1181/2024/1069 242/2026/1070
f 271/2027/952 270/2028/952 1201/2029/952
f 1201/2029/952 270/2028/952 1191/2030/952
f 1201/2029/952 1191/2030/952 1200/2031/952
f 1200/2031/952 1191/2030/952 1199/2032/952
f 1199/2032/952 1191/2030/952 1190/2033/952
f 1199/2032/952 1190/2033/952 1198/2034/952
f 1198/2034/952 1190/2033/952 1189/2035/952
f 1198/2034/952 1189/2035/952 1197/2036/952
f 1197/2036/952 1189/2035/952 1188/2037/952
f 1197/2036/952 1188/2037/952 1187/2038/952
f 1187/2038/952 1186/2039/952 1197/2036/952
f 1197/2036/952 1186/2039/952 1196/2040/952
f 1196/2040/952 1186/2039/952 1185/2041/952
f 1196/2040/952 1185/2041/952 1184/2042/952
f 1196/2040/952 1184/2042/952 1195/2043/952
f 1195/2043/952 1184/2042/952 1183/2044/952
f 1195/2043/952 1183/2044/952 1194/2045/952
f 1194/2045/952 1183/2044/952 1182/2046/952
f 1194/2045/952 1182/2046/952 1193/2047/952
f 1193/2047/952 1182/2046/952 1192/2048/952
f 1192/2048/952 1182/2046/952 241/2049/952
f 1192/2048/952 241/2049/952 240/2050/952
f 240/2050/952 239/2051/952 1192/2048/952
f 1192/2048/952 239/2051/952 238/2052/952
f 273/2053/952 272/2054/952 1201/2029/952
f 1201/2029/952 272/2054/952 271/2027/952
f 274/2055/1071 273/2056/1071 1211/2057/1072
f 1211/2057/1072 273/2056/1071 1201/2058/1072
f 1211/2057/1072 1201/2058/1072 1210/2059/1073
f 1210/2059/1073 1201/2058/1072 1200/2060/1073
f 1210/2059/1073 1200/2060/1073 1209/2061/1074
f 1209/2061/1074 1200/2060/1073 1199/2062/1074
f 1209/2061/1074 1199/2062/1074 1208/2063/1075
f 1208/2063/1075 1199/2062/1074 1198/2064/1075
f 1208/2063/1075 1198/2064/1075 1207/2065/1076
f 1207/2065/1076 1198/2064/1075 1197/2066/1076
f 1207/2065/1076 1197/2066/1076 1206/2067/1077
f 1206/2067/1077 1197/2066/1076 1196/2068/1077
f 1206/2067/1077 1196/2068/1077 1205/2069/1078
f 1205/2069/1078 1196/2068/1077 1195/2070/1078
f 1205/2069/1078 1195/2070/1078 1204/2071/1079
f 1204/2071/1079 1195/2070/1078 1194/2072/1079
f 1204/2071/1079 1194/2072/1079 1203/2073/1080
f 1203/2073/1080 1194/2072/1079 1193/2074/1080
f 1203/2073/1080 1193/2074/1080 1202/2075/1081
f 1202/2075/1081 1193/2074/1080 1192/2076/1081
f 1202/2075/1081 1192/2076/1081 237/2077/1082
f 237/2077/1082 1192/2076/1081 238/2078/1082
f 274/2079/67 1211/2080/67 275/2081/67
f 275/2081/67 1211/2080/67 276/2082/68
f 276/2082/68 1211/2080/67 277/2083/68
f 277/2083/68 1211/2080/67 1221/2084/67
f 1221/2084/67 1211/2080/67 1210/2085/67
f 1221/2084/67 1210/2085/67 1220/2086/67
f 1220/2086/67 1210/2085/67 1209/2087/67
f 1220/2086/67 1209/2087/67 1219/2088/67
f 1219/2088/67 1209/2087/67 1208/2089/67
f 1219/2088/67 1208/2089/67 1218/2090/67
f 1218/2090/67 1208/2089/67 1207/2091/67
f 1218/2090/67 1207/2091/67 1217/2092/67
f 1217/2092/67 1207/2091/67 1216/2093/67
f 1216/2093/67 1207/2091/67 1206/2094/67
f 1216/2093/67 1206/2094/67 1215/2095/67
f 1215/2095/67 1206/2094/67 1205/2096/67
f 1215/2095/67 1205/2096/67 1214/2097/67
f 1214/2097/67 1205/2096/67 1204/2098/67
f 1214/2097/67 1204/2098/67 1213/2099/67
f 1213/2099/67 1204/2098/67 1203/2100/67
f 1213/2099/67 1203/2100/67 1212/2101/67
f 1212/2101/67 1203/2100/67 1202/2102/67
f 1212/2101/67 1202/2102/67 234/2103/68
f 234/2103/68 1202/2102/67 235/2104/68
f 235/2104/68 1202/2102/67 236/2105/67
f 236/2105/67 1202/2102/67 237/2106/67
f 278/2107/1083 277/2108/1083 1231/2109/1084
f 1231/2109/1084 277/2108/1083 1221/2110/1084
f 1231/2109/1084 1221/2110/1084 1230/2111/1085
f 1230/2111/1085 1221/2110/1084 1220/2112/1086
f 1230/2111/1085 1220/2112/1086 1229/2113/1087
f 1229/2113/1087 1220/2112/1086 1219/2114/1087
f 1229/2113/1087 1219/2114/1087 1228/2115/1088
f 1228/2115/1088 1219/2114/1087 1218/2116/1089
f 1228/2115/1088 1218/2116/1089 1227/2117/1090
f 1227/2117/1090 1218/2116/1089 1217/2118/1090
f 1227/2117/1090 1217/2118/1090 1226/2119/1091
f 1226/2119/1091 1217/2118/1090 1216/2120/1091
f 1226/2119/1091 1216/2120/1091 1225/2121/1092
f 1225/2121/1092 1216/2120/1091 1215/2122/1093
f 1225/2121/1092 1215/2122/1093 1224/2123/1094
f 1224/2123/1094 1215/2122/1093 1214/2124/1094
f 1224/2123/1094 1214/2124/1094 1223/2125/1095
f 1223/2125/1095 1214/2124/1094 1213/2126/1096
f 1223/2125/1095 1213/2126/1096 1222/2127/1097
f 1222/2127/1097 1213/2126/1096 1212/2128/1097
f 1222/2127/1097 1212/2128/1097 233/2129/1098
f 233/2129/1098 1212/2128/1097 234/2130/1098
f 279/2131/952 278/2132/952 1241/2133/952
f 1241/2133/952 278/2132/952 1231/2134/952
f 1241/2133/952 1231/2134/952 1240/2135/952
f 1240/2135/952 1231/2134/952 1230/2136/952
f 1240/2135/952 1230/2136/952 1239/2137/952
f 1239/2137/952 1230/2136/952 1229/2138/952
f 1239/2137/952 1229/2138/952 1238/2139/952
f 1238/2139/952 1229/2138/952 1228/2140/952
f 1238/2139/952 1228/2140/952 1237/2141/952
f 1237/2141/952 1228/2140/952 1227/2142/952
f 1237/2141/952 1227/2142/952 1226/2143/952
f 1237/2141/952 1226/2143/952 1236/2144/952
f 1236/2144/952 1226/2143/952 1225/2145/952
f 1236/2144/952 1225/2145/952 1235/2146/952
f 1235/2146/952 1225/2145/952 1224/2147/952
f 1235/2146/952 1224/2147/952 1234/2148/952
f 1234/2148/952 1224/2147/952 1223/2149/952
f 1234/2148/952 1223/2149/952 1233/2150/952
f 1233/2150/952 1223/2149/952 1222/2151/952
f 1233/2150/952 1222/2151/952 1232/2152/952
f 1232/2152/952 1222/2151/952 233/2153/952
f 1232/2152/952 233/2153/952 232/2154/952
f 232/2154/952 231/2155/952 1232/2152/952
f 1232/2152/952 231/2155/952 230/2156/952
f 281/2157/952 280/2158/952 1241/2133/952
f 1241/2133/952 280/2158/952 279/2131/952
f 282/2055/1071 281/2056/1071 1251/2057/1072
f 1251/2057/1072 281/2056/1071 1241/2058/1072
f 1251/2057/1072 1241/2058/1072 1250/2059/1073
f 1250/2059/1073 1241/2058/1072 1240/2060/1073
f 1250/2059/1073 1240/2060/1073 1249/2061/1074
f 1249/2061/1074 1240/2060/1073 1239/2062/1074
f 1249/2061/1074 1239/2062/1074 1248/2063/1075
f 1248/2063/1075 1239/2062/1074 1238/2064/1075
f 1248/2063/1075 1238/2064/1075 1247/2065/1076
f 1247/2065/1076 1238/2064/1075 1237/2066/1076
f 1247/2065/1076 1237/2066/1076 1246/2067/1077
f 1246/2067/1077 1237/2066/1076 1236/2068/1077
f 1246/2067/1077 1236/2068/1077 1245/2069/1078
f 1245/2069/1078 1236/2068/1077 1235/2070/1078
f 1245/2069/1078 1235/2070/1078 1244/2071/1079
f 1244/2071/1079 1235/2070/1078 1234/2072/1079
f 1244/2071/1079 1234/2072/1079 1243/2073/1080
f 1243/2073/1080 1234/2072/1079 1233/2074/1080
f 1243/2073/1080 1233/2074/1080 1242/2075/1081
f 1242/2075/1081 1233/2074/1080 1232/2076/1081
f 1242/2075/1081 1232/2076/1081 229/2077/1082
f 229/2077/1082 1232/2076/1081 230/2078/1082
f 283/2159/952 282/2160/952 1261/2161/952
f 1261/2161/952 282/2160/952 1251/2162/952
f 1261/2161/952 1251/2162/952 1260/2163/1099
f 1260/2163/1099 1251/2162/952 1250/2164/1099
f 1260/2163/1099 1250/2164/1099 1259/2165/952
f 1259/2165/952 1250/2164/1099 1249/2166/952
f 1259/2165/952 1249/2166/952 1258/2167/1099
f 1258/2167/1099 1249/2166/952 1248/2168/1099
f 1258/2167/1099 1248/2168/1099 1257/2169/1099
f 1257/2169/1099 1248/2168/1099 1247/2170/1099
f 1257/2169/1099 1247/2170/1099 1246/2171/1099
f 1257/2169/1099 1246/2171/1099 1256/2172/1099
f 1256/2172/1099 1246/2171/1099 1245/2173/1099
f 1256/2172/1099 1245/2173/1099 1255/2174/952
f 1255/2174/952 1245/2173/1099 1244/2175/952
f 1255/2174/952 1244/2175/952 1254/2176/952
f 1254/2176/952 1244/2175/952 1243/2177/1099
f 1254/2176/952 1243/2177/1099 1253/2178/1099
f 1253/2178/1099 1243/2177/1099 1242/2179/952
f 1253/2178/1099 1242/2179/952 1252/2180/952
f 1252/2180/952 1242/2179/952 229/2181/952
f 1252/2180/952 229/2181/952 228/2182/952
f 228/2182/952 227/2183/952 1252/2180/952
f 1252/2180/952 227/2183/952 226/2184/952
f 285/2185/952 284/2186/952 1261/2161/952
f 1261/2161/952 284/2186/952 283/2159/952
f 285/2187/1100 1261/2188/1101 286/2189/1102
f 286/2189/1102 1261/2188/1101 1270/2190/1103
f 1270/2190/1103 1261/2188/1101 1260/2191/1104
f 1270/2190/1103 1260/2191/1104 1269/2192/1105
f 1269/2192/1105 1260/2191/1104 1259/2193/1106
f 1269/2192/1105 1259/2193/1106 1268/2194/1107
f 1268/2194/1107 1259/2193/1106 1258/2195/1108
f 1268/2194/1107 1258/2195/1108 1267/2196/1109
f 1267/2196/1109 1258/2195/1108 1257/2197/1110
f 1267/2196/1109 1257/2197/1110 1266/2198/1025
f 1266/2198/1025 1257/2197/1110 1256/2199/1111
f 1266/2198/1025 1256/2199/1111 1265/2200/1112
f 1265/2200/1112 1256/2199/1111 1255/2201/1113
f 1265/2200/1112 1255/2201/1113 1264/2202/1114
f 1264/2202/1114 1255/2201/1113 1254/2203/1115
f 1264/2202/1114 1254/2203/1115 1263/2204/1116
f 1263/2204/1116 1254/2203/1115 1253/2205/1117
f 1263/2204/1116 1253/2205/1117 1262/2206/1118
f 1262/2206/1118 1253/2205/1117 1252/2207/1119
f 1262/2206/1118 1252/2207/1119 225/2208/1120
f 225/2208/1120 1252/2207/1119 226/2209/1121
f 287/2210/1122 286/2211/1122 1280/2212/1123
f 1280/2212/1123 286/2211/1122 1270/2213/1123
f 1280/2212/1123 1270/2213/1123 1281/2214/1124
f 1281/2214/1124 1270/2213/1123 1269/2215/1124
f 1281/2214/1124 1269/2215/1124 1282/2216/1125
f 1282/2216/1125 1269/2215/1124 1268/2217/1125
f 1282/2216/1125 1268/2217/1125 1283/2218/1126
f 1283/2218/1126 1268/2217/1125 1267/2219/1126
f 1283/2218/1126 1267/2219/1126 1284/1622/1027
f 1284/1622/1027 1267/2219/1126 1266/2220/1027
f 1284/1622/1027 1266/2220/1027 1285/2221/1127
f 1285/2221/1127 1266/2220/1027 1265/2222/1127
f 1285/2221/1127 1265/2222/1127 1286/2223/1128
f 1286/2223/1128 1265/2222/1127 1264/2224/1128
f 1286/2223/1128 1264/2224/1128 1287/2225/1129
f 1287/2225/1129 1264/2224/1128 1263/2226/1129
f 1287/2225/1129 1263/2226/1129 1288/2227/1130
f 1288/2227/1130 1263/2226/1129 1262/2228/1130
f 1288/2227/1130 1262/2228/1130 225/2229/1131
f 225/2229/1131 224/2230/1131 1288/2227/1130
f 1288/2227/1130 224/2230/1131 1271/2231/1130
f 1288/2227/1130 1271/2231/1130 1287/2225/1129
f 1287/2225/1129 1271/2231/1130 1272/2232/1129
f 1287/2225/1129 1272/2232/1129 1286/2223/1128
f 1286/2223/1128 1272/2232/1129 1273/2233/1128
f 1286/2223/1128 1273/2233/1128 1285/2221/1127
f 1285/2221/1127 1273/2233/1128 1274/2234/1127
f 1285/2221/1127 1274/2234/1127 1284/1622/1027
f 1284/1622/1027 1274/2234/1127 1275/2235/1027
f 1284/1622/1027 1275/2235/1027 1283/2218/1126
f 1283/2218/1126 1275/2235/1027 1276/2236/1126
f 1283/2218/1126 1276/2236/1126 1282/2216/1125
f 1282/2216/1125 1276/2236/1126 1277/2237/1125
f 1282/2216/1125 1277/2237/1125 1281/2214/1124
f 1281/2214/1124 1277/2237/1125 1278/2238/1124
f 1281/2214/1124 1278/2238/1124 1280/2212/1123
f 1280/2212/1123 1278/2238/1124 1279/2239/1123
f 1280/2212/1123 1279/2239/1123 287/2210/1122
f 287/2240/67 1279/2241/67 288/2242/67
f 288/2242/67 1279/2241/67 289/2243/67
f 289/2243/67 1279/2241/67 1298/2244/67
f 289/2243/67 1298/2244/67 290/2245/67
f 1279/2241/67 1278/2246/67 1298/2244/67
f 1298/2244/67 1278/2246/67 1277/2247/67
f 1298/2244/67 1277/2247/67 1297/2248/67
f 1297/2248/67 1277/2247/67 1276/2249/67
f 1297/2248/67 1276/2249/67 1296/2250/67
f 1296/2250/67 1276/2249/67 1275/2251/67
f 1296/2250/67 1275/2251/67 1295/2252/67
f 1295/2252/67 1275/2251/67 1294/2253/67
f 1294/2253/67 1275/2251/67 1293/2254/67
f 1293/2254/67 1275/2251/67 1292/2255/67
f 1292/2255/67 1275/2251/67 1291/2256/67
f 1291/2256/67 1275/2251/67 1274/2257/67
f 1291/2256/67 1274/2257/67 1290/2258/67
f 1290/2258/67 1274/2257/67 1273/2259/67
f 1290/2258/67 1273/2259/67 1289/2260/67
f 1289/2260/67 1273/2259/67 1272/2261/67
f 1289/2260/67 1272/2261/67 1271/2262/67
f 224/2263/67 223/2264/67 1271/2262/67
f 1271/2262/67 223/2264/67 222/2265/67
f 1271/2262/67 222/2265/67 1289/2260/67
f 1289/2260/67 222/2265/67 221/2266/67
f 291/2055/1071 290/2056/1071 1308/2057/1072
f 1308/2057/1072 290/2056/1071 1298/2058/1072
f 1308/2057/1072 1298/2058/1072 1307/2059/1073
f 1307/2059/1073 1298/2058/1072 1297/2060/1073
f 1307/2059/1073 1297/2060/1073 1306/2061/1074
f 1306/2061/1074 1297/2060/1073 1296/2062/1074
f 1306/2061/1074 1296/2062/1074 1305/2063/1075
f 1305/2063/1075 1296/2062/1074 1295/2064/1075
f 1305/2063/1075 1295/2064/1075 1304/2065/1076
f 1304/2065/1076 1295/2064/1075 1294/2066/1076
f 1304/2065/1076 1294/2066/1076 1303/2067/1077
f 1303/2067/1077 1294/2066/1076 1293/2068/1077
f 1303/2067/1077 1293/2068/1077 1302/2069/1078
f 1302/2069/1078 1293/2068/1077 1292/2070/1078
f 1302/2069/1078 1292/2070/1078 1301/2071/1079
f 1301/2071/1079 1292/2070/1078 1291/2072/1079
f 1301/2071/1079 1291/2072/1079 1300/2073/1080
f 1300/2073/1080 1291/2072/1079 1290/2074/1080
f 1300/2073/1080 1290/2074/1080 1299/2075/1081
f 1299/2075/1081 1290/2074/1080 1289/2076/1081
f 1299/2075/1081 1289/2076/1081 220/2077/1082
f 220/2077/1082 1289/2076/1081 221/2078/1082
f 291/2079/68 1308/2080/68 292/2081/68
f 292/2081/68 1308/2080/68 293/2082/67
f 293/2082/67 1308/2080/68 294/2083/67
f 294/2083/67 1308/2080/68 1318/2084/68
f 1318/2084/68 1308/2080/68 1307/2085/68
f 1318/2084/68 1307/2085/68 1317/2086/68
f 1317/2086/68 1307/2085/68 1306/2087/67
f 1317/2086/68 1306/2087/67 1316/2088/67
f 1316/2088/67 1306/2087/67 1305/2089/67
f 1316/2088/67 1305/2089/67 1315/2090/67
f 1315/2090/67 1305/2089/67 1304/2091/67
f 1315/2090/67 1304/2091/67 1314/2092/68
f 1314/2092/68 1304/2091/67 1313/2093/67
f 1313/2093/67 1304/2091/67 1303/2094/67
f 1313/2093/67 1303/2094/67 1312/2095/67
f 1312/2095/67 1303/2094/67 1302/2096/67
f 1312/2095/67 1302/2096/67 1311/2097/67
f 1311/2097/67 1302/2096/67 1301/2098/67
f 1311/2097/67 1301/2098/67 1310/2099/68
f 1310/2099/68 1301/2098/67 1300/2100/68
f 1310/2099/68 1300/2100/68 1309/2101/68
f 1309/2101/68 1300/2100/68 1299/2102/68
f 1309/2101/68 1299/2102/68 217/2103/67
f 217/2103/67 1299/2102/68 218/2104/67
f 218/2104/67 1299/2102/68 219/2105/68
f 219/2105/68 1299/2102/68 220/2106/68
f 295/2107/1083 294/2108/1083 1328/2109/1084
f 1328/2109/1084 294/2108/1083 1318/2110/1084
f 1328/2109/1084 1318/2110/1084 1327/2111/1085
f 1327/2111/1085 1318/2110/1084 1317/2112/1085
f 1327/2111/1085 1317/2112/1085 1326/2113/1087
f 1326/2113/1087 1317/2112/1085 1316/2114/1087
f 1326/2113/1087 1316/2114/1087 1325/2115/1088
f 1325/2115/1088 1316/2114/1087 1315/2116/1132
f 1325/2115/1088 1315/2116/1132 1324/2117/1090
f 1324/2117/1090 1315/2116/1132 1314/2118/1090
f 1324/2117/1090 1314/2118/1090 1323/2119/1091
f 1323/2119/1091 1314/2118/1090 1313/2120/1091
f 1323/2119/1091 1313/2120/1091 1322/2121/1133
f 1322/2121/1133 1313/2120/1091 1312/2122/1093
f 1322/2121/1133 1312/2122/1093 1321/2123/1094
f 1321/2123/1094 1312/2122/1093 1311/2124/1094
f 1321/2123/1094 1311/2124/1094 1320/2125/1096
f 1320/2125/1096 1311/2124/1094 1310/2126/1096
f 1320/2125/1096 1310/2126/1096 1319/2127/1097
f 1319/2127/1097 1310/2126/1096 1309/2128/1097
f 1319/2127/1097 1309/2128/1097 216/2129/1098
f 216/2129/1098 1309/2128/1097 217/2130/1098
f 296/2131/952 295/2132/952 1338/2133/1099
f 1338/2133/1099 295/2132/952 1328/2134/1099
f 1338/2133/1099 1328/2134/1099 1337/2135/1099
f 1337/2135/1099 1328/2134/1099 1327/2136/1099
f 1337/2135/1099 1327/2136/1099 1336/2137/952
f 1336/2137/952 1327/2136/1099 1326/2138/952
f 1336/2137/952 1326/2138/952 1335/2139/952
f 1335/2139/952 1326/2138/952 1325/2140/952
f 1335/2139/952 1325/2140/952 1334/2141/1099
f 1334/2141/1099 1325/2140/952 1324/2142/1099
f 1334/2141/1099 1324/2142/1099 1323/2143/1099
f 1334/2141/1099 1323/2143/1099 1333/2144/1099
f 1333/2144/1099 1323/2143/1099 1322/2145/952
f 1333/2144/1099 1322/2145/952 1332/2146/952
f 1332/2146/952 1322/2145/952 1321/2147/952
f 1332/2146/952 1321/2147/952 1331/2148/952
f 1331/2148/952 1321/2147/952 1320/2149/1099
f 1331/2148/952 1320/2149/1099 1330/2150/1099
f 1330/2150/1099 1320/2149/1099 1319/2151/1099
f 1330/2150/1099 1319/2151/1099 1329/2152/1099
f 1329/2152/1099 1319/2151/1099 216/2153/952
f 1329/2152/1099 216/2153/952 215/2154/952
f 215/2154/952 214/2155/1099 1329/2152/1099
f 1329/2152/1099 214/2155/1099 213/2156/952
f 298/2157/952 297/2158/952 1338/2133/1099
f 1338/2133/1099 297/2158/952 296/2131/952
f 299/2055/1071 298/2056/1071 1348/2057/1072
f 1348/2057/1072 298/2056/1071 1338/2058/1072
f 1348/2057/1072 1338/2058/1072 1347/2059/1073
f 1347/2059/1073 1338/2058/1072 1337/2060/1073
f 1347/2059/1073 1337/2060/1073 1346/2061/1074
f 1346/2061/1074 1337/2060/1073 1336/2062/1074
f 1346/2061/1074 1336/2062/1074 1345/2063/1075
f 1345/2063/1075 1336/2062/1074 1335/2064/1075
f 1345/2063/1075 1335/2064/1075 1344/2065/1076
f 1344/2065/1076 1335/2064/1075 1334/2066/1076
f 1344/2065/1076 1334/2066/1076 1343/2067/1077
f 1343/2067/1077 1334/2066/1076 1333/2068/1077
f 1343/2067/1077 1333/2068/1077 1342/2069/1078
f 1342/2069/1078 1333/2068/1077 1332/2070/1078
f 1342/2069/1078 1332/2070/1078 1341/2071/1079
f 1341/2071/1079 1332/2070/1078 1331/2072/1079
f 1341/2071/1079 1331/2072/1079 1340/2073/1080
f 1340/2073/1080 1331/2072/1079 1330/2074/1080
f 1340/2073/1080 1330/2074/1080 1339/2075/1081
f 1339/2075/1081 1330/2074/1080 1329/2076/1081
f 1339/2075/1081 1329/2076/1081 212/2077/1082
f 212/2077/1082 1329/2076/1081 213/2078/1082
f 299/2079/67 1348/2080/67 300/2267/67
f 300/2267/67 1348/2080/67 301/2268/67
f 301/2268/67 1348/2080/67 302/2269/67
f 302/2269/67 1348/2080/67 1358/2270/67
f 1358/2270/67 1348/2080/67 1347/2085/67
f 1358/2270/67 1347/2085/67 1346/2087/67
f 1358/2270/67 1346/2087/67 1357/2271/67
f 1357/2271/67 1346/2087/67 1345/2089/67
f 1357/2271/67 1345/2089/67 1356/2272/67
f 1356/2272/67 1345/2089/67 1344/2091/67
f 1356/2272/67 1344/2091/67 1355/2273/67
f 1355/2273/67 1344/2091/67 1354/2274/67
f 1354/2274/67 1344/2091/67 1353/2275/67
f 1353/2275/67 1344/2091/67 1343/2094/67
f 1353/2275/67 1343/2094/67 1352/2276/67
f 1352/2276/67 1343/2094/67 1351/2277/67
f 1351/2277/67 1343/2094/67 1342/2096/67
f 1351/2277/67 1342/2096/67 1350/2278/67
f 1350/2278/67 1342/2096/67 1341/2098/67
f 1350/2278/67 1341/2098/67 1349/2279/67
f 1349/2279/67 1341/2098/67 1340/2100/67
f 1349/2279/67 1340/2100/67 1339/2102/67
f 212/2106/67 211/2280/67 1339/2102/67
f 1339/2102/67 211/2280/67 210/2281/67
f 1339/2102/67 210/2281/67 209/2282/67
f 209/2282/67 1349/2279/67 1339/2102/67
f 204/2283/1059 302/2284/1059 1368/2285/1060
f 1368/2285/1060 302/2284/1059 1358/2286/1060
f 1368/2285/1060 1358/2286/1060 1367/2287/1061
f 1367/2287/1061 1358/2286/1060 1357/2288/1061
f 1367/2287/1061 1357/2288/1061 1366/2289/1062
f 1366/2289/1062 1357/2288/1061 1356/2290/1062
f 1366/2289/1062 1356/2290/1062 1365/2291/1063
f 1365/2291/1063 1356/2290/1062 1355/2292/1063
f 1365/2291/1063 1355/2292/1063 1364/2293/1064
f 1364/2293/1064 1355/2292/1063 1354/2294/1064
f 1364/2293/1064 1354/2294/1064 1363/2295/1065
f 1363/2295/1065 1354/2294/1064 1353/2296/1065
f 1363/2295/1065 1353/2296/1065 1362/2297/1066
f 1362/2297/1066 1353/2296/1065 1352/2298/1066
f 1362/2297/1066 1352/2298/1066 1361/2299/1067
f 1361/2299/1067 1352/2298/1066 1351/2300/1067
f 1361/2299/1067 1351/2300/1067 1360/2301/1068
f 1360/2301/1068 1351/2300/1067 1350/2302/1068
f 1360/2301/1068 1350/2302/1068 1359/2303/1069
f 1359/2303/1069 1350/2302/1068 1349/2304/1069
f 1359/2303/1069 1349/2304/1069 208/2305/1070
f 208/2305/1070 1349/2304/1069 209/2306/1070
f 204/2028/952 1368/2030/952 205/2307/952
f 205/2307/952 1368/2030/952 206/2308/952
f 206/2308/952 1368/2030/952 1367/2033/952
f 206/2308/952 1367/2033/952 1360/2044/952
f 1360/2044/952 1367/2033/952 1361/2042/952
f 1361/2042/952 1367/2033/952 1366/2035/952
f 1361/2042/952 1366/2035/952 1362/2041/952
f 1362/2041/952 1366/2035/952 1365/2037/952
f 1362/2041/952 1365/2037/952 1363/2039/1099
f 1363/2039/1099 1365/2037/952 1364/2038/1099
f 1360/2044/952 1359/2046/952 206/2308/952
f 206/2308/952 1359/2046/952 207/2309/952
f 207/2309/952 1359/2046/952 208/2049/952
f 151/1336/1008 1369/1338/1008 152/2310/1008
f 152/2310/1008 1369/1338/1008 1370/2311/1008
f 153/2312/1134 152/2313/1008 1372/2314/1135
f 1372/2314/1135 152/2313/1008 1371/2315/1136
f 1371/2315/1136 152/2313/1008 1370/2316/1008
f 151/2317/1137 150/2318/1138 1369/2319/1137
f 1369/2319/1137 150/2318/1138 1376/2320/1139
f 1376/2320/1139 150/2318/1138 1375/2321/1140
f 1375/2321/1140 150/2318/1138 1373/2322/1141
f 1375/2321/1140 1373/2322/1141 1374/2323/1141
f 1374/1388/67 1377/2324/67 1375/1390/67
f 1375/1390/67 1377/2324/67 154/2325/67
f 1375/1390/67 154/2325/67 1376/1394/67
f 1376/1394/67 154/2325/67 1370/1395/67
f 1376/1394/67 1370/1395/67 1369/1396/67
f 153/2326/68 1372/2327/67 154/2325/67
f 154/2325/67 1372/2327/67 1371/2328/68
f 154/2325/67 1371/2328/68 1370/1395/67
f 1377/2329/1000 1378/1516/1000 154/2330/1000
f 154/2330/1000 1378/1516/1000 155/1514/1000
f 1380/2331/1142 1381/2332/1143 1379/2333/1144
f 1379/2333/1144 1381/2332/1143 1382/2334/1145
f 1379/2333/1144 1382/2334/1145 1385/2335/1146
f 1385/2335/1146 1382/2334/1145 1383/2336/1008
f 1385/2335/1146 1383/2336/1008 1384/2337/1008
f 1386/2338/1008 1384/1380/1008 1387/2339/1008
f 1387/2339/1008 1384/1380/1008 1383/1381/1008
f 1388/2340/1141 1389/2341/1141 1391/2342/1147
f 1391/2342/1147 1389/2341/1141 1390/2343/1148
f 1390/2343/1148 1389/2341/1141 1386/2344/1137
f 1390/2343/1148 1386/2344/1137 1387/2345/1149
f 1381/2346/952 1380/2347/952 1391/1353/952
f 1391/1353/952 1380/2347/952 1392/2348/952
f 1391/1353/952 1392/2348/952 1388/1352/952
f 1381/2346/952 1391/1353/952 1382/2349/952
f 1382/2349/952 1391/1353/952 1390/1356/952
f 1382/2349/952 1390/1356/952 1383/1357/952
f 1383/1357/952 1390/1356/952 1387/1358/952
f 1385/2350/1150 1411/2351/1151 1379/2352/1152
f 1379/2352/1152 1411/2351/1151 1407/2353/964
f 1379/2352/1152 1407/2353/964 1408/2354/964
f 1411/2351/1151 1385/2350/1150 1410/2355/1153
f 1410/2355/1153 1385/2350/1150 1393/2356/1154
f 1410/2355/1153 1393/2356/1154 1394/2357/1155
f 1395/2358/1156 1412/2359/1157 1394/2357/1155
f 1394/2357/1155 1412/2359/1157 1413/2360/1158
f 1394/2357/1155 1413/2360/1158 1410/2355/1153
f 1410/2355/1153 1413/2360/1158 1414/2361/1159
f 1410/2355/1153 1414/2361/1159 1411/2351/1151
f 1411/2351/1151 1414/2361/1159 1407/2353/964
f 1396/2362/1160 1415/2363/1161 1395/2358/1156
f 1395/2358/1156 1415/2363/1161 1416/2364/1162
f 1395/2358/1156 1416/2364/1162 1412/2359/1157
f 1412/2359/1157 1416/2364/1162 1417/2365/1163
f 1412/2359/1157 1417/2365/1163 1413/2360/1158
f 1413/2360/1158 1417/2365/1163 1409/2366/1164
f 1413/2360/1158 1409/2366/1164 1414/2361/1159
f 1414/2361/1159 1409/2366/1164 1407/2353/964
f 1396/2362/1160 1397/2367/1165 1415/2363/1161
f 1415/2363/1161 1397/2367/1165 1398/2368/1166
f 1415/2363/1161 1398/2368/1166 1416/2364/1162
f 1416/2364/1162 1398/2368/1166 1418/2369/1167
f 1416/2364/1162 1418/2369/1167 1419/2370/1168
f 1419/2370/1168 1418/2369/1167 1401/2371/1169
f 1419/2370/1168 1401/2371/1169 1402/2372/1170
f 1398/2368/1166 1399/2373/1171 1418/2369/1167
f 1418/2369/1167 1399/2373/1171 1400/2374/1172
f 1418/2369/1167 1400/2374/1172 1401/2371/1169
f 1402/2372/1170 1403/2375/1173 1419/2370/1168
f 1419/2370/1168 1403/2375/1173 1404/2376/1174
f 1419/2370/1168 1404/2376/1174 1417/2365/1163
f 1417/2365/1163 1404/2376/1174 1409/2366/1164
f 1404/2376/1174 1405/2377/1175 1409/2366/1164
f 1409/2366/1164 1405/2377/1175 1406/2378/964
f 1409/2366/1164 1406/2378/964 1407/2353/964
f 1419/2370/1168 1417/2365/1163 1416/2364/1162
f 1385/2379/998 1384/2380/998 1393/2381/998
f 1393/2381/998 1384/2380/998 1386/2382/998
f 1393/2381/998 1386/2382/998 1394/2383/998
f 1394/2383/998 1386/2382/998 185/2384/998
f 1394/2383/998 185/2384/998 1395/2385/998
f 1395/2385/998 185/2384/998 184/1503/998
f 1395/2385/998 184/1503/998 1396/1507/1176
f 1389/2386/998 186/2387/998 1386/2382/998
f 1386/2382/998 186/2387/998 185/2384/998
f 1408/2388/964 1407/2389/964 1421/2390/964
f 1421/2390/964 1407/2389/964 1420/2391/964
f 1420/2391/964 1407/2389/964 1406/2392/964
f 1379/2393/998 1408/2394/998 1380/2395/998
f 1380/2395/998 1408/2394/998 1421/1512/998
f 1380/2395/998 1421/1512/998 1422/1513/998
f 1422/1513/998 1392/2396/998 1380/2395/998
f 155/1460/1000 1378/1461/1000 1436/1462/1001
f 1436/1462/1001 1378/1461/1000 1423/1463/1001
f 1436/1462/1001 1423/1463/1001 1435/1464/1002
f 1435/1464/1002 1423/1463/1001 1424/1465/1002
f 1435/1464/1002 1424/1465/1002 1434/1466/1003
f 1434/1466/1003 1424/1465/1002 1425/1467/1003
f 1434/1466/1003 1425/1467/1003 1433/1468/1004
f 1433/1468/1004 1425/1467/1003 1426/1469/1004
f 1433/1468/1004 1426/1469/1004 1432/1470/1005
f 1432/1470/1005 1426/1469/1004 1427/1471/1005
f 1432/1470/1005 1427/1471/1005 1431/1472/1006
f 1431/1472/1006 1427/1471/1005 1428/1473/1006
f 1431/1472/1006 1428/1473/1006 1430/1474/1007
f 1430/1474/1007 1428/1473/1006 1429/1475/1007
f 1430/1474/1007 1429/1475/1007 1421/456/998
f 1421/456/998 1429/1475/1007 1422/455/998
f 150/2397/1000 149/2398/1000 1373/2399/1000
f 1373/2399/1000 149/2398/1000 187/2400/1000
f 156/2401/113 155/2402/113 1443/2403/997
f 1443/2403/997 155/2402/113 1436/2404/997
f 1443/2403/997 1436/2404/997 1442/2405/996
f 1442/2405/996 1436/2404/997 1435/2406/996
f 1442/2405/996 1435/2406/996 1441/2407/995
f 1441/2407/995 1435/2406/996 1434/2408/995
f 1441/2407/995 1434/2408/995 1440/2409/994
f 1440/2409/994 1434/2408/995 1433/2410/994
f 1440/2409/994 1433/2410/994 1439/2411/993
f 1439/2411/993 1433/2410/994 1432/2412/993
f 1439/2411/993 1432/2412/993 1438/2413/992
f 1438/2413/992 1432/2412/993 1431/2414/992
f 1438/2413/992 1431/2414/992 1437/2415/991
f 1437/2415/991 1431/2414/992 1430/2416/991
f 1437/2415/991 1430/2416/991 1420/2417/964
f 1420/2417/964 1430/2416/991 1421/2418/964
f 1396/1434/980 184/1433/980 1397/2419/980
f 1397/2419/980 184/1433/980 183/2420/980
f 1397/2419/980 183/2420/980 1398/2421/980
f 1398/2421/980 183/2420/980 1399/2422/980
f 1399/2422/980 183/2420/980 1400/2423/980
f 1400/2423/980 183/2420/980 1401/2424/980
f 1401/2424/980 183/2420/980 182/2425/980
f 1401/2424/980 182/2425/980 1402/2426/980
f 1402/2426/980 182/2425/980 1403/2427/980
f 1403/2427/980 182/2425/980 1404/2428/980
f 1404/2428/980 182/2425/980 1405/2429/980
f 1405/2429/980 182/2425/980 1406/2430/980
f 1406/2430/980 182/2425/980 1444/1458/980
f 1406/2430/980 1444/1458/980 1420/1457/980
f 1445/1460/944 156/1461/944 1452/1462/984
f 1452/1462/984 156/1461/944 1443/1463/984
f 1452/1462/984 1443/1463/984 1451/1464/985
f 1451/1464/985 1443/1463/984 1442/1465/985
f 1451/1464/985 1442/1465/985 1450/1466/986
f 1450/1466/986 1442/1465/985 1441/1467/986
f 1450/1466/986 1441/1467/986 1449/1468/987
f 1449/1468/987 1441/1467/986 1440/1469/987
f 1449/1468/987 1440/1469/987 1448/1470/988
f 1448/1470/988 1440/1469/987 1439/1471/988
f 1448/1470/988 1439/1471/988 1447/1472/989
f 1447/1472/989 1439/1471/988 1438/1473/989
f 1447/1472/989 1438/1473/989 1446/1474/990
f 1446/1474/990 1438/1473/989 1437/1475/990
f 1446/1474/990 1437/1475/990 1444/456/980
f 1444/456/980 1437/1475/990 1420/455/980
f 157/2431/944 156/1370/944 825/2432/944
f 825/2432/944 156/1370/944 1445/1369/944
f 1476/2433/555 1453/2434/555 1444/1604/555
f 1444/1604/555 1453/2434/555 1454/2435/555
f 1444/1604/555 1454/2435/555 1455/2436/555
f 1455/2436/555 1456/2437/555 1444/1604/555
f 1444/1604/555 1456/2437/555 1457/2438/555
f 1444/1604/555 1457/2438/555 1446/1606/555
f 1446/1606/555 1457/2438/555 1458/2439/555
f 1446/1606/555 1458/2439/555 1447/1607/555
f 1447/1607/555 1458/2439/555 1459/2440/555
f 1447/1607/555 1459/2440/555 1448/1608/555
f 1448/1608/555 1459/2440/555 1449/1609/555
f 1449/1609/555 1459/2440/555 1450/1610/555
f 1450/1610/555 1459/2440/555 1451/1611/555
f 1451/1611/555 1459/2440/555 1452/1612/555
f 1452/1612/555 1459/2440/555 1460/2441/555
f 1452/1612/555 1460/2441/555 1445/1613/555
f 1445/1613/555 1460/2441/555 1461/2442/555
f 1445/1613/555 1461/2442/555 1462/2443/555
f 1462/2443/555 1463/2444/555 1445/1613/555
f 1445/1613/555 1463/2444/555 1464/2445/555
f 1445/1613/555 1464/2445/555 1465/2446/555
f 1465/2446/555 1466/2447/555 1445/1613/555
f 1445/1613/555 1466/2447/555 825/2448/555
f 825/2448/555 1466/2447/555 1467/2449/555
f 825/2448/555 1467/2449/555 1468/2450/555
f 1468/2450/555 1469/2451/555 825/2448/555
f 825/2448/555 1469/2451/555 1470/2452/555
f 825/2448/555 1470/2452/555 826/2453/555
f 826/2453/555 1470/2452/555 1471/2454/555
f 826/2453/555 1471/2454/555 828/2455/555
f 828/2455/555 1471/2454/555 829/2456/555
f 829/2456/555 1471/2454/555 827/2457/555
f 827/2457/555 1471/2454/555 1472/2458/555
f 827/2457/555 1472/2458/555 182/2459/555
f 182/2459/555 1472/2458/555 1473/2460/555
f 182/2459/555 1473/2460/555 1474/2461/555
f 1474/2461/555 1475/2462/555 182/2459/555
f 182/2459/555 1475/2462/555 1444/1604/555
f 1444/1604/555 1475/2462/555 1476/2433/555
f 182/2459/555 181/2463/555 827/2457/555
f 1477/1565/1009 1478/2464/1009 1480/659/1009
f 1480/659/1009 1478/2464/1009 1479/1589/1009
f 1481/1565/952 1477/2464/952 1482/659/952
f 1482/659/952 1477/2464/952 1480/1589/952
f 1483/1565/1010 1481/2464/1010 1484/659/1010
f 1484/659/1010 1481/2464/1010 1482/1589/1010
f 1485/1565/1011 1483/2464/1011 1486/659/1011
f 1486/659/1011 1483/2464/1011 1484/1589/1011
f 1487/1565/67 1485/2464/67 1488/659/67
f 1488/659/67 1485/2464/67 1486/1589/67
f 1478/1565/1012 1487/2464/1012 1479/659/1012
f 1479/659/1012 1487/2464/1012 1488/1589/1012
f 1490/1567/1008 1488/1568/1008 1489/1569/1008
f 1489/1569/1008 1488/1568/1008 1486/1570/1008
f 1489/1569/1008 1486/1570/1008 1512/1571/1008
f 1512/1571/1008 1486/1570/1008 1511/1572/1008
f 1511/1572/1008 1486/1570/1008 1510/1573/1008
f 1510/1573/1008 1486/1570/1008 1509/1574/1008
f 1509/1574/1008 1486/1570/1008 1484/1566/1008
f 1509/1574/1008 1484/1566/1008 1508/1575/1008
f 1508/1575/1008 1484/1566/1008 1507/1576/1008
f 1507/1576/1008 1484/1566/1008 1506/1577/1008
f 1506/1577/1008 1484/1566/1008 1505/1578/1008
f 1505/1578/1008 1484/1566/1008 1482/1579/1008
f 1505/1578/1008 1482/1579/1008 1504/1580/1008
f 1504/1580/1008 1482/1579/1008 1503/1581/1008
f 1503/1581/1008 1482/1579/1008 1502/1582/1008
f 1502/1582/1008 1482/1579/1008 1501/1583/1008
f 1501/1583/1008 1482/1579/1008 1480/1584/1008
f 1501/1583/1008 1480/1584/1008 1500/1585/1008
f 1500/1585/1008 1480/1584/1008 1499/1586/1008
f 1499/1586/1008 1480/1584/1008 1498/1587/1008
f 1498/1587/1008 1480/1584/1008 1497/1588/1008
f 1497/1588/1008 1480/1584/1008 1479/1589/1008
f 1497/1588/1008 1479/1589/1008 1496/1590/1008
f 1496/1590/1008 1479/1589/1008 1495/1591/1008
f 1495/1591/1008 1479/1589/1008 1494/1592/1008
f 1494/1592/1008 1479/1589/1008 1493/1593/1008
f 1493/1593/1008 1479/1589/1008 1488/1568/1008
f 1493/1593/1008 1488/1568/1008 1492/1594/1008
f 1492/1594/1008 1488/1568/1008 1491/1595/1008
f 1491/1595/1008 1488/1568/1008 1490/1567/1008
f 1373/2465/1008 187/2466/1008 1374/2467/1008
f 1374/2467/1008 187/2466/1008 1478/2468/1008
f 1374/2467/1008 1478/2468/1008 1477/2469/1008
f 1478/2468/1008 187/2466/1008 1388/2470/1008
f 1388/2470/1008 187/2466/1008 186/2471/1008
f 1388/2470/1008 186/2471/1008 1389/2472/1008
f 1478/2468/1008 1388/2470/1008 1487/2473/1008
f 1487/2473/1008 1388/2470/1008 1392/2474/1008
f 1487/2473/1008 1392/2474/1008 1485/2475/1008
f 1485/2475/1008 1392/2474/1008 1422/1525/1008
f 1485/2475/1008 1422/1525/1008 1483/2476/1008
f 1483/2476/1008 1422/1525/1008 1429/1560/1008
f 1483/2476/1008 1429/1560/1008 1428/1558/1008
f 1428/1558/1008 1427/1557/1008 1483/2476/1008
f 1483/2476/1008 1427/1557/1008 1426/1556/1008
f 1483/2476/1008 1426/1556/1008 1425/1555/1008
f 1425/1555/1008 1424/1554/1008 1483/2476/1008
f 1483/2476/1008 1424/1554/1008 1423/1552/1008
f 1483/2476/1008 1423/1552/1008 1378/1545/1008
f 1483/2476/1008 1378/1545/1008 1481/2477/1008
f 1481/2477/1008 1378/1545/1008 1377/2478/1008
f 1481/2477/1008 1377/2478/1008 1477/2469/1008
f 1477/2469/1008 1377/2478/1008 1374/2467/1008
f 1512/2479/1014 1454/1626/1014 1489/2480/67
f 1489/2480/67 1454/1626/1014 1453/1624/67
f 1489/2481/67 1453/1622/67 1490/2482/1013
f 1490/2482/1013 1453/1622/67 1476/1620/1013
f 1490/2482/1013 1476/1620/1013 1491/2483/1030
f 1491/2483/1030 1476/1620/1013 1475/1667/1030
f 1491/2483/1030 1475/1667/1030 1492/2484/1029
f 1492/2484/1029 1475/1667/1030 1474/1665/1029
f 1492/2484/1029 1474/1665/1029 1493/2485/1012
f 1493/2485/1012 1474/1665/1029 1473/1663/1012
f 1493/2485/1012 1473/1663/1012 1494/2486/1028
f 1494/2486/1028 1473/1663/1012 1472/1661/1028
f 1494/2486/1028 1472/1661/1028 1495/2487/1027
f 1495/2487/1027 1472/1661/1028 1471/1659/1027
f 1495/2487/1027 1471/1659/1027 1496/2488/1026
f 1496/2488/1026 1471/1659/1027 1470/1657/1026
f 1496/2488/1026 1470/1657/1026 1497/2489/1009
f 1497/2489/1009 1470/1657/1026 1469/1655/1009
f 1497/2489/1009 1469/1655/1009 1498/2490/1025
f 1498/2490/1025 1469/1655/1009 1468/1653/1025
f 1498/2490/1025 1468/1653/1025 1499/2491/1024
f 1499/2491/1024 1468/1653/1025 1467/1651/1024
f 1499/2491/1024 1467/1651/1024 1500/2492/1023
f 1500/2492/1023 1467/1651/1024 1466/1649/1023
f 1500/2492/1023 1466/1649/1023 1501/2493/952
f 1501/2493/952 1466/1649/1023 1465/659/952
f 1501/2493/952 1465/659/952 1502/2494/1022
f 1502/2494/1022 1465/659/952 1464/1646/1022
f 1502/2494/1022 1464/1646/1022 1503/2495/1021
f 1503/2495/1021 1464/1646/1022 1463/1644/1021
f 1503/2495/1021 1463/1644/1021 1504/2496/1020
f 1504/2496/1020 1463/1644/1021 1462/1642/1020
f 1504/2496/1020 1462/1642/1020 1505/2497/1010
f 1505/2497/1010 1462/1642/1020 1461/1640/1010
f 1505/2497/1010 1461/1640/1010 1506/2498/1019
f 1506/2498/1019 1461/1640/1010 1460/1638/1019
f 1506/2498/1019 1460/1638/1019 1507/2499/1018
f 1507/2499/1018 1460/1638/1019 1459/1636/1018
f 1507/2499/1018 1459/1636/1018 1508/2500/1017
f 1508/2500/1017 1459/1636/1018 1458/1634/1017
f 1508/2500/1017 1458/1634/1017 1509/2501/1011
f 1509/2501/1011 1458/1634/1017 1457/1632/1011
f 1509/2501/1011 1457/1632/1011 1510/2502/1016
f 1510/2502/1016 1457/1632/1011 1456/1630/1016
f 1510/2502/1016 1456/1630/1016 1511/2503/1015
f 1511/2503/1015 1456/1630/1016 1455/1628/1015
f 1511/2503/1015 1455/1628/1015 1512/2479/1014
f 1512/2479/1014 1455/1628/1015 1454/1626/1014
f 242/2504/952 1181/2505/952 243/2506/952
f 243/2506/952 1181/2505/952 1180/2507/952
f 243/2506/952 1180/2507/952 244/2508/952
f 244/2508/952 1180/2507/952 1179/2509/952
f 244/2508/952 1179/2509/952 245/2510/952
f 245/2510/952 1179/2509/952 1178/2511/952
f 245/2510/952 1178/2511/952 246/2512/952
f 246/2512/952 1178/2511/952 247/2513/952
f 247/2513/952 1178/2511/952 248/2514/952
f 248/2514/952 1178/2511/952 1177/2515/952
f 248/2514/952 1177/2515/952 249/2516/952
f 249/2516/952 1177/2515/952 250/2517/952
f 250/2517/952 1177/2515/952 251/2518/952
f 251/2518/952 1177/2515/952 252/2519/952
f 252/2519/952 1177/2515/952 253/2520/952
f 253/2520/952 1177/2515/952 254/2521/952
f 254/2521/952 1177/2515/952 255/2522/952
f 255/2522/952 1177/2515/952 1176/2523/952
f 255/2522/952 1176/2523/952 256/2524/952
f 256/2524/952 1176/2523/952 257/2525/952
f 257/2525/952 1176/2523/952 258/2526/952
f 258/2526/952 1176/2523/952 259/2527/952
f 259/2527/952 1176/2523/952 260/2528/952
f 260/2528/952 1176/2523/952 261/2529/952
f 261/2529/952 1176/2523/952 262/2530/952
f 262/2530/952 1176/2523/952 263/2531/952
f 263/2531/952 1176/2523/952 1175/2532/952
f 263/2531/952 1175/2532/952 264/2533/952
f 264/2533/952 1175/2532/952 265/2534/952
f 265/2534/952 1175/2532/952 266/2535/952
f 266/2535/952 1175/2532/952 1174/2536/952
f 266/2535/952 1174/2536/952 267/2537/952
f 267/2537/952 1174/2536/952 1173/2538/952
f 267/2537/952 1173/2538/952 268/2539/952
f 268/2539/952 1173/2538/952 1172/2540/952
f 268/2539/952 1172/2540/952 269/2541/952
f 1513/2542/1177 1514/2543/1177 1532/2544/1178
f 1532/2544/1178 1514/2543/1177 1531/2545/1179
f 1531/2545/1179 1514/2543/1177 1530/2546/1180
f 1530/2546/1180 1514/2543/1177 1515/2547/1181
f 1530/2546/1180 1515/2547/1181 1524/2548/1182
f 1524/2548/1182 1515/2547/1181 1523/2549/1183
f 1523/2549/1183 1515/2547/1181 1516/2550/1184
f 1523/2549/1183 1516/2550/1184 1522/2551/1185
f 1522/2551/1185 1516/2550/1184 1517/2319/1186
f 1522/2551/1185 1517/2319/1186 1519/2552/1187
f 1519/2552/1187 1517/2319/1186 1518/2553/1188
f 1519/2552/1187 1520/2554/1189 1522/2551/1185
f 1522/2551/1185 1520/2554/1189 1521/2555/1190
f 1530/2546/1180 1524/2548/1182 1529/2556/1191
f 1529/2556/1191 1524/2548/1182 1525/2557/1177
f 1529/2556/1191 1525/2557/1177 1528/2558/1192
f 1528/2558/1192 1525/2557/1177 1527/2559/1193
f 1527/2559/1193 1525/2557/1177 1526/2560/1177
f 1517/1338/1008 1533/2311/1008 1518/659/1008
f 1518/659/1008 1533/2311/1008 1534/2561/1008
f 1514/2562/1194 1513/2563/1194 1570/2564/1195
f 1570/2564/1195 1513/2563/1194 1535/2565/1195
f 1570/2564/1195 1535/2565/1195 1569/2566/1196
f 1569/2566/1196 1535/2565/1195 1536/2567/1196
f 1569/2566/1196 1536/2567/1196 1568/2568/1197
f 1568/2568/1197 1536/2567/1196 1537/2569/1197
f 1568/2568/1197 1537/2569/1197 1567/2570/1198
f 1567/2570/1198 1537/2569/1197 1538/2571/1198
f 1567/2570/1198 1538/2571/1198 1566/2572/1199
f 1566/2572/1199 1538/2571/1198 1539/2573/1199
f 1566/2572/1199 1539/2573/1199 1565/2574/1200
f 1565/2574/1200 1539/2573/1199 1540/2575/1200
f 1565/2574/1200 1540/2575/1200 1564/2576/1201
f 1564/2576/1201 1540/2575/1200 1541/2577/1201
f 1564/2576/1201 1541/2577/1201 1563/2578/1202
f 1563/2578/1202 1541/2577/1201 1542/2579/1202
f 1563/2578/1202 1542/2579/1202 1562/2580/1018
f 1562/2580/1018 1542/2579/1202 1543/2581/1018
f 1562/2580/1018 1543/2581/1018 1561/2582/1203
f 1561/2582/1203 1543/2581/1018 1544/2583/1203
f 1561/2582/1203 1544/2583/1203 1560/2584/1204
f 1560/2584/1204 1544/2583/1203 1545/2585/1204
f 1560/2584/1204 1545/2585/1204 1559/2586/1205
f 1559/2586/1205 1545/2585/1204 1546/2587/1205
f 1559/2586/1205 1546/2587/1205 1558/2588/1206
f 1558/2588/1206 1546/2587/1205 1547/2589/1206
f 1558/2588/1206 1547/2589/1206 1557/2590/1207
f 1557/2590/1207 1547/2589/1206 1548/2591/1207
f 1557/2590/1207 1548/2591/1207 1556/2592/1208
f 1556/2592/1208 1548/2591/1207 1549/2593/1208
f 1556/2592/1208 1549/2593/1208 1555/2594/1055
f 1555/2594/1055 1549/2593/1208 1550/2595/1055
f 1555/2594/1055 1550/2595/1055 1554/2596/1209
f 1554/2596/1209 1550/2595/1055 1551/2597/1209
f 1554/2596/1209 1551/2597/1209 1553/2598/1210
f 1553/2598/1210 1551/2597/1209 1552/2599/1210
f 1522/2600/1211 1521/2601/1211 1616/2602/1212
f 1616/2602/1212 1521/2601/1211 1571/2603/1212
f 1616/2602/1212 1571/2603/1212 1615/2604/1213
f 1615/2604/1213 1571/2603/1212 1572/2605/1213
f 1615/2604/1213 1572/2605/1213 1614/2606/1214
f 1614/2606/1214 1572/2605/1213 1573/2607/1214
f 1614/2606/1214 1573/2607/1214 1613/2608/1215
f 1613/2608/1215 1573/2607/1214 1574/2609/1215
f 1613/2608/1215 1574/2609/1215 1612/2610/1216
f 1612/2610/1216 1574/2609/1215 1575/2611/1216
f 1612/2610/1216 1575/2611/1216 1611/2612/1217
f 1611/2612/1217 1575/2611/1216 1576/2613/1217
f 1611/2612/1217 1576/2613/1217 1610/2614/1218
f 1610/2614/1218 1576/2613/1217 1577/2615/1218
f 1610/2614/1218 1577/2615/1218 1609/2616/1219
f 1609/2616/1219 1577/2615/1218 1578/2617/1219
f 1609/2616/1219 1578/2617/1219 1608/2618/1220
f 1608/2618/1220 1578/2617/1219 1579/2619/1220
f 1608/2618/1220 1579/2619/1220 1607/2620/1221
f 1607/2620/1221 1579/2619/1220 1580/2621/1221
f 1607/2620/1221 1580/2621/1221 1606/2622/1222
f 1606/2622/1222 1580/2621/1221 1581/2623/1222
f 1606/2622/1222 1581/2623/1222 1605/2624/1223
f 1605/2624/1223 1581/2623/1222 1582/2625/1223
f 1605/2624/1223 1582/2625/1223 1604/2626/1224
f 1604/2626/1224 1582/2625/1223 1583/2627/1224
f 1604/2626/1224 1583/2627/1224 1603/2628/1225
f 1603/2628/1225 1583/2627/1224 1584/2629/1225
f 1603/2628/1225 1584/2629/1225 1602/2630/1226
f 1602/2630/1226 1584/2629/1225 1585/2631/1226
f 1602/2630/1226 1585/2631/1226 1601/2632/1227
f 1601/2632/1227 1585/2631/1226 1586/2633/1227
f 1601/2632/1227 1586/2633/1227 1600/2634/1228
f 1600/2634/1228 1586/2633/1227 1587/2635/1228
f 1600/2634/1228 1587/2635/1228 1599/2636/1229
f 1599/2636/1229 1587/2635/1228 1588/2637/1229
f 1599/2636/1229 1588/2637/1229 1598/2638/1230
f 1598/2638/1230 1588/2637/1229 1589/2639/1230
f 1598/2638/1230 1589/2639/1230 1597/2640/1231
f 1597/2640/1231 1589/2639/1230 1590/2641/1231
f 1597/2640/1231 1590/2641/1231 1596/2642/1232
f 1596/2642/1232 1590/2641/1231 1591/2643/1232
f 1596/2642/1232 1591/2643/1232 1595/2644/1233
f 1595/2644/1233 1591/2643/1232 1592/2645/1233
f 1595/2644/1233 1592/2645/1233 1594/2646/1234
f 1594/2646/1234 1592/2645/1233 1593/2647/1234
f 1522/2648/67 1616/2649/67 1523/2650/67
f 1523/2650/67 1616/2649/67 1524/2651/67
f 1524/2651/67 1616/2649/67 1636/2652/67
f 1524/2651/67 1636/2652/67 1525/2653/67
f 1616/2649/67 1615/2654/67 1636/2652/67
f 1636/2652/67 1615/2654/67 1635/2655/67
f 1635/2655/67 1615/2654/67 1614/2656/67
f 1635/2655/67 1614/2656/67 1634/2657/67
f 1634/2657/67 1614/2656/67 1613/2658/67
f 1634/2657/67 1613/2658/67 1633/2659/67
f 1633/2659/67 1613/2658/67 1612/2660/67
f 1633/2659/67 1612/2660/67 1632/2661/67
f 1632/2661/67 1612/2660/67 1611/2662/67
f 1632/2661/67 1611/2662/67 1631/2663/67
f 1631/2663/67 1611/2662/67 1610/2664/67
f 1631/2663/67 1610/2664/67 1630/2665/67
f 1630/2665/67 1610/2664/67 1609/2666/67
f 1630/2665/67 1609/2666/67 1629/2667/67
f 1629/2667/67 1609/2666/67 1608/2668/67
f 1629/2667/67 1608/2668/67 1607/2669/67
f 1629/2667/67 1607/2669/67 1628/659/67
f 1628/659/67 1607/2669/67 1606/2670/67
f 1628/659/67 1606/2670/67 1605/2671/67
f 1605/2671/67 1604/2672/67 1628/659/67
f 1628/659/67 1604/2672/67 1627/2673/67
f 1627/2673/67 1604/2672/67 1603/2674/67
f 1627/2673/67 1603/2674/67 1602/2675/67
f 1627/2673/67 1602/2675/67 1626/2676/67
f 1626/2676/67 1602/2675/67 1601/2677/67
f 1626/2676/67 1601/2677/67 1625/2678/67
f 1625/2678/67 1601/2677/67 1600/2679/67
f 1625/2678/67 1600/2679/67 1624/2680/67
f 1624/2680/67 1600/2679/67 1599/2681/67
f 1624/2680/67 1599/2681/67 1623/2682/67
f 1623/2682/67 1599/2681/67 1598/2683/67
f 1623/2682/67 1598/2683/67 1622/2684/67
f 1622/2684/67 1598/2683/67 1597/2685/67
f 1622/2684/67 1597/2685/67 1621/2686/67
f 1621/2686/67 1597/2685/67 1596/2687/67
f 1621/2686/67 1596/2687/67 1620/2688/67
f 1620/2688/67 1596/2687/67 1595/2689/67
f 1620/2688/67 1595/2689/67 1618/2690/67
f 1618/2690/67 1595/2689/67 1617/2691/67
f 1617/2691/67 1595/2689/67 1594/2692/67
f 1618/2690/67 1619/2693/67 1620/2688/67
f 1526/2562/1194 1525/2563/1194 1654/2564/1195
f 1654/2564/1195 1525/2563/1194 1636/2565/1195
f 1654/2564/1195 1636/2565/1195 1653/2566/1196
f 1653/2566/1196 1636/2565/1195 1635/2567/1196
f 1653/2566/1196 1635/2567/1196 1652/2568/1197
f 1652/2568/1197 1635/2567/1196 1634/2569/1197
f 1652/2568/1197 1634/2569/1197 1651/2570/1198
f 1651/2570/1198 1634/2569/1197 1633/2571/1198
f 1651/2570/1198 1633/2571/1198 1650/2572/1199
f 1650/2572/1199 1633/2571/1198 1632/2573/1199
f 1650/2572/1199 1632/2573/1199 1649/2574/1200
f 1649/2574/1200 1632/2573/1199 1631/2575/1200
f 1649/2574/1200 1631/2575/1200 1648/2576/1201
f 1648/2576/1201 1631/2575/1200 1630/2577/1201
f 1648/2576/1201 1630/2577/1201 1647/2578/1202
f 1647/2578/1202 1630/2577/1201 1629/2579/1202
f 1647/2578/1202 1629/2579/1202 1646/2580/1018
f 1646/2580/1018 1629/2579/1202 1628/2581/1018
f 1646/2580/1018 1628/2581/1018 1645/2582/1203
f 1645/2582/1203 1628/2581/1018 1627/2583/1203
f 1645/2582/1203 1627/2583/1203 1644/2584/1204
f 1644/2584/1204 1627/2583/1203 1626/2585/1204
f 1644/2584/1204 1626/2585/1204 1643/2586/1205
f 1643/2586/1205 1626/2585/1204 1625/2587/1205
f 1643/2586/1205 1625/2587/1205 1642/2588/1206
f 1642/2588/1206 1625/2587/1205 1624/2589/1206
f 1642/2588/1206 1624/2589/1206 1641/2590/1207
f 1641/2590/1207 1624/2589/1206 1623/2591/1207
f 1641/2590/1207 1623/2591/1207 1640/2592/1208
f 1640/2592/1208 1623/2591/1207 1622/2593/1208
f 1640/2592/1208 1622/2593/1208 1639/2594/1055
f 1639/2594/1055 1622/2593/1208 1621/2595/1055
f 1639/2594/1055 1621/2595/1055 1638/2596/1209
f 1638/2596/1209 1621/2595/1055 1620/2597/1209
f 1638/2596/1209 1620/2597/1209 1637/2598/1210
f 1637/2598/1210 1620/2597/1209 1619/2599/1210
f 1527/2694/1099 1526/2695/952 1675/2696/952
f 1675/2696/952 1526/2695/952 1654/2697/952
f 1675/2696/952 1654/2697/952 1674/2698/952
f 1674/2698/952 1654/2697/952 1653/2699/952
f 1674/2698/952 1653/2699/952 1673/2700/952
f 1673/2700/952 1653/2699/952 1652/2701/952
f 1673/2700/952 1652/2701/952 1672/2702/952
f 1672/2702/952 1652/2701/952 1651/2703/952
f 1672/2702/952 1651/2703/952 1671/2704/1099
f 1671/2704/1099 1651/2703/952 1650/2705/1099
f 1671/2704/1099 1650/2705/1099 1670/2706/1099
f 1670/2706/1099 1650/2705/1099 1649/2707/1099
f 1670/2706/1099 1649/2707/1099 1669/2708/952
f 1669/2708/952 1649/2707/1099 1648/2709/952
f 1669/2708/952 1648/2709/952 1668/2710/952
f 1668/2710/952 1648/2709/952 1647/2711/952
f 1668/2710/952 1647/2711/952 1667/2712/952
f 1667/2712/952 1647/2711/952 1646/2713/952
f 1667/2712/952 1646/2713/952 1666/2714/952
f 1666/2714/952 1646/2713/952 1645/2715/952
f 1666/2714/952 1645/2715/952 1665/2716/952
f 1665/2716/952 1645/2715/952 1644/2717/952
f 1665/2716/952 1644/2717/952 1664/2718/952
f 1664/2718/952 1644/2717/952 1643/2719/1099
f 1664/2718/952 1643/2719/1099 1663/2720/1099
f 1663/2720/1099 1643/2719/1099 1642/2721/1099
f 1663/2720/1099 1642/2721/1099 1662/2722/1099
f 1662/2722/1099 1642/2721/1099 1641/2723/952
f 1662/2722/1099 1641/2723/952 1661/2724/952
f 1661/2724/952 1641/2723/952 1640/2725/952
f 1661/2724/952 1640/2725/952 1660/2726/952
f 1660/2726/952 1640/2725/952 1639/2727/952
f 1660/2726/952 1639/2727/952 1659/2728/952
f 1659/2728/952 1639/2727/952 1638/2729/952
f 1659/2728/952 1638/2729/952 1658/2730/952
f 1658/2730/952 1638/2729/952 1637/2731/952
f 1658/2730/952 1637/2731/952 1655/2732/1099
f 1655/2732/1099 1656/2733/952 1658/2730/952
f 1658/2730/952 1656/2733/952 1657/2734/952
f 1529/2735/952 1528/2736/952 1675/2696/952
f 1675/2696/952 1528/2736/952 1527/2694/1099
f 1530/2737/1235 1529/2738/1235 1694/2739/1236
f 1694/2739/1236 1529/2738/1235 1675/2740/1236
f 1694/2739/1236 1675/2740/1236 1693/2741/1237
f 1693/2741/1237 1675/2740/1236 1674/2742/1237
f 1693/2741/1237 1674/2742/1237 1692/2743/227
f 1692/2743/227 1674/2742/1237 1673/2744/227
f 1692/2743/227 1673/2744/227 1691/2745/1238
f 1691/2745/1238 1673/2744/227 1672/2746/1238
f 1691/2745/1238 1672/2746/1238 1690/2747/1239
f 1690/2747/1239 1672/2746/1238 1671/2748/1239
f 1690/2747/1239 1671/2748/1239 1689/2749/1240
f 1689/2749/1240 1671/2748/1239 1670/2750/1240
f 1689/2749/1240 1670/2750/1240 1688/2751/1241
f 1688/2751/1241 1670/2750/1240 1669/2752/1241
f 1688/2751/1241 1669/2752/1241 1687/2753/1242
f 1687/2753/1242 1669/2752/1241 1668/2754/1243
f 1687/2753/1242 1668/2754/1243 1686/2755/1244
f 1686/2755/1244 1668/2754/1243 1667/2756/1245
f 1686/2755/1244 1667/2756/1245 1685/2757/1246
f 1685/2757/1246 1667/2756/1245 1666/2758/1246
f 1685/2757/1246 1666/2758/1246 1684/2759/1247
f 1684/2759/1247 1666/2758/1246 1665/2760/1247
f 1684/2759/1247 1665/2760/1247 1683/2761/1248
f 1683/2761/1248 1665/2760/1247 1664/2762/1248
f 1683/2761/1248 1664/2762/1248 1682/2763/1249
f 1682/2763/1249 1664/2762/1248 1663/2764/1249
f 1682/2763/1249 1663/2764/1249 1681/2765/1250
f 1681/2765/1250 1663/2764/1249 1662/2766/1251
f 1681/2765/1250 1662/2766/1251 1680/2767/1252
f 1680/2767/1252 1662/2766/1251 1661/2768/1252
f 1680/2767/1252 1661/2768/1252 1679/2769/1253
f 1679/2769/1253 1661/2768/1252 1660/2770/1253
f 1679/2769/1253 1660/2770/1253 1678/2771/1254
f 1678/2771/1254 1660/2770/1253 1659/2772/1254
f 1678/2771/1254 1659/2772/1254 1677/2773/1255
f 1677/2773/1255 1659/2772/1254 1658/2774/1255
f 1677/2773/1255 1658/2774/1255 1676/2775/1256
f 1676/2775/1256 1658/2774/1255 1657/2776/1256
f 1530/2777/1257 1694/2778/67 1531/2779/67
f 1531/2779/67 1694/2778/67 1532/2780/68
f 1532/2780/68 1694/2778/67 1513/2653/67
f 1513/2653/67 1694/2778/67 1535/2652/67
f 1535/2652/67 1694/2778/67 1693/2781/67
f 1535/2652/67 1693/2781/67 1536/2655/67
f 1536/2655/67 1693/2781/67 1692/2782/67
f 1536/2655/67 1692/2782/67 1537/2657/67
f 1537/2657/67 1692/2782/67 1691/2783/67
f 1537/2657/67 1691/2783/67 1538/2659/67
f 1538/2659/67 1691/2783/67 1690/2784/67
f 1538/2659/67 1690/2784/67 1539/2661/67
f 1539/2661/67 1690/2784/67 1689/2785/67
f 1539/2661/67 1689/2785/67 1540/2663/67
f 1540/2663/67 1689/2785/67 1688/2786/67
f 1540/2663/67 1688/2786/67 1541/2665/67
f 1541/2665/67 1688/2786/67 1687/2787/68
f 1541/2665/67 1687/2787/68 1542/2667/68
f 1542/2667/68 1687/2787/68 1686/2788/67
f 1542/2667/68 1686/2788/67 1543/659/67
f 1543/659/67 1686/2788/67 1685/2789/67
f 1543/659/67 1685/2789/67 1544/2673/68
f 1544/2673/68 1685/2789/67 1684/2790/68
f 1544/2673/68 1684/2790/68 1545/2676/67
f 1545/2676/67 1684/2790/68 1683/2791/67
f 1545/2676/67 1683/2791/67 1546/2678/67
f 1546/2678/67 1683/2791/67 1682/2792/67
f 1546/2678/67 1682/2792/67 1547/2680/67
f 1547/2680/67 1682/2792/67 1681/2793/67
f 1547/2680/67 1681/2793/67 1548/2682/67
f 1548/2682/67 1681/2793/67 1680/2794/67
f 1548/2682/67 1680/2794/67 1549/2684/67
f 1549/2684/67 1680/2794/67 1679/2795/67
f 1549/2684/67 1679/2795/67 1550/2686/67
f 1550/2686/67 1679/2795/67 1678/2796/67
f 1550/2686/67 1678/2796/67 1551/2688/67
f 1551/2688/67 1678/2796/67 1677/2797/67
f 1551/2688/67 1677/2797/67 1552/2693/67
f 1552/2693/67 1677/2797/67 1696/2798/68
f 1696/2798/68 1677/2797/67 1695/2799/67
f 1695/2799/67 1677/2797/67 1676/2800/1258
f 1514/2801/952 1570/2802/952 1515/2803/952
f 1515/2803/952 1570/2802/952 1533/2804/952
f 1515/2803/952 1533/2804/952 1516/2805/952
f 1516/2805/952 1533/2804/952 1517/2806/952
f 1570/2802/952 1569/2807/952 1533/2804/952
f 1533/2804/952 1569/2807/952 1720/2808/952
f 1720/2808/952 1569/2807/952 1568/2809/952
f 1720/2808/952 1568/2809/952 1719/2810/952
f 1719/2810/952 1568/2809/952 1567/2811/952
f 1719/2810/952 1567/2811/952 1718/2812/952
f 1718/2812/952 1567/2811/952 1566/2813/952
f 1718/2812/952 1566/2813/952 1717/2814/952
f 1717/2814/952 1566/2813/952 1565/2815/952
f 1717/2814/952 1565/2815/952 1716/2816/952
f 1716/2816/952 1565/2815/952 1715/2817/952
f 1715/2817/952 1565/2815/952 1564/2818/952
f 1715/2817/952 1564/2818/952 1714/2819/952
f 1714/2819/952 1564/2818/952 1563/2820/952
f 1714/2819/952 1563/2820/952 1713/2821/952
f 1713/2821/952 1563/2820/952 1712/2822/952
f 1712/2822/952 1563/2820/952 1562/2823/952
f 1712/2822/952 1562/2823/952 1711/2824/952
f 1711/2824/952 1562/2823/952 1710/2825/952
f 1710/2825/952 1562/2823/952 1709/2826/952
f 1709/2826/952 1562/2823/952 1561/2827/952
f 1709/2826/952 1561/2827/952 1708/2828/952
f 1708/2828/952 1561/2827/952 1707/2829/952
f 1707/2829/952 1561/2827/952 1560/2830/952
f 1707/2829/952 1560/2830/952 1706/2831/952
f 1706/2831/952 1560/2830/952 1559/2832/952
f 1706/2831/952 1559/2832/952 1705/2833/952
f 1705/2833/952 1559/2832/952 1704/2834/952
f 1704/2834/952 1559/2832/952 1558/2835/952
f 1704/2834/952 1558/2835/952 1703/2836/952
f 1703/2836/952 1558/2835/952 1557/2837/952
f 1703/2836/952 1557/2837/952 1702/2838/952
f 1702/2838/952 1557/2837/952 1556/2839/952
f 1702/2838/952 1556/2839/952 1701/2840/952
f 1701/2840/952 1556/2839/952 1555/2841/952
f 1701/2840/952 1555/2841/952 1700/1357/952
f 1700/1357/952 1555/2841/952 1554/2842/952
f 1700/1357/952 1554/2842/952 1697/2843/952
f 1697/2843/952 1554/2842/952 1553/2844/952
f 1697/2843/952 1698/2845/952 1700/1357/952
f 1700/1357/952 1698/2845/952 1699/1358/952
f 1552/2846/1259 1696/2847/1260 1553/2848/1259
f 1553/2848/1259 1696/2847/1260 1695/2849/1261
f 1553/2848/1259 1695/2849/1261 1676/2850/1262
f 1657/2851/1263 1618/2852/1264 1676/2850/1262
f 1676/2850/1262 1618/2852/1264 1697/2853/1265
f 1676/2850/1262 1697/2853/1265 1553/2848/1259
f 1618/2852/1264 1657/2851/1263 1619/2854/1259
f 1619/2854/1259 1657/2851/1263 1656/2855/1261
f 1619/2854/1259 1656/2855/1261 1655/2856/1266
f 1655/2856/1266 1637/2857/1259 1619/2854/1259
f 1618/2852/1264 1617/2858/1267 1697/2853/1265
f 1697/2853/1265 1617/2858/1267 1698/2859/1268
f 1698/2859/1268 1617/2858/1267 1594/2860/1269
f 1698/2859/1268 1594/2860/1269 1699/1346/1270
f 1699/1346/1270 1594/2860/1269 1722/2552/1271
f 1699/1346/1270 1722/2552/1271 1723/2553/1270
f 1593/2555/1272 1721/2554/1273 1594/2860/1269
f 1594/2860/1269 1721/2554/1273 1722/2552/1271
f 1534/2861/1008 1533/2862/1008 1744/2863/1274
f 1744/2863/1274 1533/2862/1008 1720/2864/1274
f 1744/2863/1274 1720/2864/1274 1743/2865/1275
f 1743/2865/1275 1720/2864/1274 1719/2866/1275
f 1743/2865/1275 1719/2866/1275 1742/2867/1276
f 1742/2867/1276 1719/2866/1275 1718/2868/1276
f 1742/2867/1276 1718/2868/1276 1741/2869/1277
f 1741/2869/1277 1718/2868/1276 1717/2870/1277
f 1741/2869/1277 1717/2870/1277 1740/2871/1278
f 1740/2871/1278 1717/2870/1277 1716/2872/1278
f 1740/2871/1278 1716/2872/1278 1739/2873/1279
f 1739/2873/1279 1716/2872/1278 1715/2874/1279
f 1739/2873/1279 1715/2874/1279 1738/2875/1280
f 1738/2875/1280 1715/2874/1279 1714/2876/1280
f 1738/2875/1280 1714/2876/1280 1737/2877/1281
f 1737/2877/1281 1714/2876/1280 1713/2878/1281
f 1737/2877/1281 1713/2878/1281 1736/2879/1282
f 1736/2879/1282 1713/2878/1281 1712/2880/1282
f 1736/2879/1282 1712/2880/1282 1735/2881/1283
f 1735/2881/1283 1712/2880/1282 1711/2882/1283
f 1735/2881/1283 1711/2882/1283 1734/2883/1284
f 1734/2883/1284 1711/2882/1283 1710/2884/1284
f 1734/2883/1284 1710/2884/1284 1733/2885/1285
f 1733/2885/1285 1710/2884/1284 1709/2886/1285
f 1733/2885/1285 1709/2886/1285 1732/2887/1286
f 1732/2887/1286 1709/2886/1285 1708/2888/1286
f 1732/2887/1286 1708/2888/1286 1731/2889/1287
f 1731/2889/1287 1708/2888/1286 1707/2890/1287
f 1731/2889/1287 1707/2890/1287 1730/2891/1288
f 1730/2891/1288 1707/2890/1287 1706/2892/1288
f 1730/2891/1288 1706/2892/1288 1729/2893/1289
f 1729/2893/1289 1706/2892/1288 1705/2894/1289
f 1729/2893/1289 1705/2894/1289 1728/2895/1290
f 1728/2895/1290 1705/2894/1289 1704/2896/1290
f 1728/2895/1290 1704/2896/1290 1727/2897/1291
f 1727/2897/1291 1704/2896/1290 1703/2898/1291
f 1727/2897/1291 1703/2898/1291 1726/2899/1292
f 1726/2899/1292 1703/2898/1291 1702/2900/1292
f 1726/2899/1292 1702/2900/1292 1725/2901/1293
f 1725/2901/1293 1702/2900/1292 1701/2902/1293
f 1725/2901/1293 1701/2902/1293 1724/2903/555
f 1724/2903/555 1701/2902/1293 1700/1344/555
f 1700/1339/555 1699/1338/555 1724/2904/555
f 1724/2904/555 1699/1338/555 1723/659/555
f 1593/2905/67 1592/2906/67 1721/2907/67
f 1721/2907/67 1592/2906/67 1722/2908/67
f 1722/2908/67 1592/2906/67 1723/2909/67
f 1723/2909/67 1592/2906/67 1724/2910/67
f 1724/2910/67 1592/2906/67 1591/2911/67
f 1724/2910/67 1591/2911/67 1725/2912/67
f 1725/2912/67 1591/2911/67 1590/2913/67
f 1725/2912/67 1590/2913/67 1726/2914/67
f 1726/2914/67 1590/2913/67 1589/2915/67
f 1726/2914/67 1589/2915/67 1727/2916/67
f 1727/2916/67 1589/2915/67 1588/2917/67
f 1727/2916/67 1588/2917/67 1728/2918/67
f 1728/2918/67 1588/2917/67 1587/2919/67
f 1728/2918/67 1587/2919/67 1729/2920/67
f 1729/2920/67 1587/2919/67 1586/2921/67
f 1729/2920/67 1586/2921/67 1730/2922/67
f 1730/2922/67 1586/2921/67 1585/2923/67
f 1730/2922/67 1585/2923/67 1731/2924/67
f 1731/2924/67 1585/2923/67 1584/2925/68
f 1731/2924/67 1584/2925/68 1732/2926/67
f 1732/2926/67 1584/2925/68 1583/2927/67
f 1732/2926/67 1583/2927/67 1733/2928/67
f 1733/2928/67 1583/2927/67 1582/2929/67
f 1733/2928/67 1582/2929/67 1734/2930/67
f 1734/2930/67 1582/2929/67 1581/2931/67
f 1734/2930/67 1581/2931/67 1735/2932/67
f 1735/2932/67 1581/2931/67 1736/2933/67
f 1736/2933/67 1581/2931/67 1580/2934/67
f 1736/2933/67 1580/2934/67 1737/2935/68
f 1737/2935/68 1580/2934/67 1579/2936/68
f 1737/2935/68 1579/2936/68 1738/2937/67
f 1738/2937/67 1579/2936/68 1578/2938/67
f 1738/2937/67 1578/2938/67 1739/2939/67
f 1739/2939/67 1578/2938/67 1577/2940/67
f 1739/2939/67 1577/2940/67 1740/2941/67
f 1740/2941/67 1577/2940/67 1576/2942/67
f 1740/2941/67 1576/2942/67 1741/2943/67
f 1741/2943/67 1576/2942/67 1575/2944/67
f 1741/2943/67 1575/2944/67 1742/2945/67
f 1742/2945/67 1575/2944/67 1574/2946/67
f 1742/2945/67 1574/2946/67 1743/2947/67
f 1743/2947/67 1574/2946/67 1573/2948/67
f 1743/2947/67 1573/2948/67 1744/2949/67
f 1744/2949/67 1573/2948/67 1572/2950/67
f 1744/2949/67 1572/2950/67 1534/2951/67
f 1534/2951/67 1572/2950/67 1571/2952/67
f 1534/2951/67 1571/2952/67 1518/2953/68
f 1518/2953/68 1571/2952/67 1519/2954/68
f 1519/2954/68 1571/2952/67 1520/2955/67
f 1520/2955/67 1571/2952/67 1521/2956/67
f 1746/2957/1185 1747/2958/1294 1745/2959/1185
f 1745/2959/1185 1747/2958/1294 1748/2960/1295
f 1745/2959/1185 1748/2960/1295 1750/2345/1186
f 1750/2345/1186 1748/2960/1295 1749/2961/1188
f 1750/2345/1186 1751/2962/1296 1745/2959/1185
f 1745/2959/1185 1751/2962/1296 1764/2963/1297
f 1764/2963/1297 1751/2962/1296 1752/2964/1298
f 1764/2963/1297 1752/2964/1298 1763/2965/1182
f 1763/2965/1182 1752/2964/1298 1757/2966/1180
f 1763/2965/1182 1757/2966/1180 1758/2967/1180
f 1752/2964/1298 1753/2968/1177 1757/2966/1180
f 1757/2966/1180 1753/2968/1177 1756/2969/1192
f 1756/2969/1192 1753/2968/1177 1755/2970/1299
f 1755/2970/1299 1753/2968/1177 1754/2971/1177
f 1763/2965/1182 1758/2967/1180 1762/2972/1177
f 1762/2972/1177 1758/2967/1180 1759/2973/1179
f 1762/2972/1177 1759/2973/1179 1760/2974/1300
f 1760/2974/1300 1761/2975/1177 1762/2972/1177
f 1765/1381/1008 1750/2339/1008 1766/659/1008
f 1766/659/1008 1750/2339/1008 1749/2561/1008
f 1746/2976/1211 1745/2977/1211 1812/2978/1212
f 1812/2978/1212 1745/2977/1211 1767/2979/1212
f 1812/2978/1212 1767/2979/1212 1811/2980/1213
f 1811/2980/1213 1767/2979/1212 1768/2981/1213
f 1811/2980/1213 1768/2981/1213 1810/2982/1214
f 1810/2982/1214 1768/2981/1213 1769/2983/1214
f 1810/2982/1214 1769/2983/1214 1809/2984/1215
f 1809/2984/1215 1769/2983/1214 1770/2985/1215
f 1809/2984/1215 1770/2985/1215 1808/2986/1216
f 1808/2986/1216 1770/2985/1215 1771/2987/1216
f 1808/2986/1216 1771/2987/1216 1807/2988/1217
f 1807/2988/1217 1771/2987/1216 1772/2989/1217
f 1807/2988/1217 1772/2989/1217 1806/2990/1218
f 1806/2990/1218 1772/2989/1217 1773/2991/1218
f 1806/2990/1218 1773/2991/1218 1805/2992/1219
f 1805/2992/1219 1773/2991/1218 1774/2993/1219
f 1805/2992/1219 1774/2993/1219 1804/2994/1220
f 1804/2994/1220 1774/2993/1219 1775/2995/1220
f 1804/2994/1220 1775/2995/1220 1803/2996/1221
f 1803/2996/1221 1775/2995/1220 1776/2997/1221
f 1803/2996/1221 1776/2997/1221 1802/2998/1222
f 1802/2998/1222 1776/2997/1221 1777/2999/1222
f 1802/2998/1222 1777/2999/1222 1801/3000/1223
f 1801/3000/1223 1777/2999/1222 1778/3001/1223
f 1801/3000/1223 1778/3001/1223 1800/3002/1224
f 1800/3002/1224 1778/3001/1223 1779/3003/1224
f 1800/3002/1224 1779/3003/1224 1799/3004/1225
f 1799/3004/1225 1779/3003/1224 1780/3005/1225
f 1799/3004/1225 1780/3005/1225 1798/3006/1226
f 1798/3006/1226 1780/3005/1225 1781/3007/1226
f 1798/3006/1226 1781/3007/1226 1797/3008/1227
f 1797/3008/1227 1781/3007/1226 1782/3009/1227
f 1797/3008/1227 1782/3009/1227 1796/3010/1228
f 1796/3010/1228 1782/3009/1227 1783/3011/1228
f 1796/3010/1228 1783/3011/1228 1795/3012/1229
f 1795/3012/1229 1783/3011/1228 1784/3013/1229
f 1795/3012/1229 1784/3013/1229 1794/3014/1230
f 1794/3014/1230 1784/3013/1229 1785/3015/1230
f 1794/3014/1230 1785/3015/1230 1793/3016/1231
f 1793/3016/1231 1785/3015/1230 1786/3017/1231
f 1793/3016/1231 1786/3017/1231 1792/3018/1232
f 1792/3018/1232 1786/3017/1231 1787/3019/1232
f 1792/3018/1232 1787/3019/1232 1791/3020/1233
f 1791/3020/1233 1787/3019/1232 1788/3021/1233
f 1791/3020/1233 1788/3021/1233 1790/3022/1234
f 1790/3022/1234 1788/3021/1233 1789/3023/1234
f 1754/2562/1301 1753/2563/1301 1850/3024/1302
f 1850/3024/1302 1753/2563/1301 1813/3025/1302
f 1850/3024/1302 1813/3025/1302 1814/3026/1303
f 1850/3024/1302 1814/3026/1303 1849/3027/1303
f 1849/3027/1303 1814/3026/1303 1815/3028/1304
f 1849/3027/1303 1815/3028/1304 1848/3029/1304
f 1848/3029/1304 1815/3028/1304 1816/3030/1305
f 1848/3029/1304 1816/3030/1305 1847/3031/1305
f 1847/3031/1305 1816/3030/1305 1817/3032/1306
f 1847/3031/1305 1817/3032/1306 1846/3033/1306
f 1846/3033/1306 1817/3032/1306 1818/3034/1307
f 1846/3033/1306 1818/3034/1307 1845/3035/1307
f 1845/3035/1307 1818/3034/1307 1819/3036/1308
f 1845/3035/1307 1819/3036/1308 1844/3037/1308
f 1844/3037/1308 1819/3036/1308 1820/3038/1309
f 1844/3037/1308 1820/3038/1309 1843/3039/1309
f 1843/3039/1309 1820/3038/1309 1821/3040/1244
f 1843/3039/1309 1821/3040/1244 1842/3041/1244
f 1842/3041/1244 1821/3040/1244 1822/3042/1246
f 1842/3041/1244 1822/3042/1246 1841/3043/1246
f 1841/3043/1246 1822/3042/1246 1823/3044/1310
f 1841/3043/1246 1823/3044/1310 1840/3045/1310
f 1840/3045/1310 1823/3044/1310 1824/3046/1311
f 1840/3045/1310 1824/3046/1311 1839/3047/1311
f 1839/3047/1311 1824/3046/1311 1825/3048/1312
f 1839/3047/1311 1825/3048/1312 1838/3049/1313
f 1838/3049/1313 1825/3048/1312 1826/3050/1314
f 1838/3049/1313 1826/3050/1314 1837/3051/1314
f 1837/3051/1314 1826/3050/1314 1827/3052/1315
f 1837/3051/1314 1827/3052/1315 1836/3053/1315
f 1836/3053/1315 1827/3052/1315 1828/3054/1316
f 1836/3053/1315 1828/3054/1316 1835/3055/1316
f 1835/3055/1316 1828/3054/1316 1829/3056/1317
f 1835/3055/1316 1829/3056/1317 1834/3057/1317
f 1834/3057/1317 1829/3056/1317 1830/3058/1318
f 1834/3057/1317 1830/3058/1318 1833/3059/1318
f 1833/3059/1318 1830/3058/1318 1832/2598/1319
f 1832/2598/1319 1830/3058/1318 1831/2599/1319
f 1755/2694/952 1754/2695/952 1871/2696/952
f 1871/2696/952 1754/2695/952 1850/3060/952
f 1871/2696/952 1850/3060/952 1849/3061/952
f 1871/2696/952 1849/3061/952 1870/2698/952
f 1870/2698/952 1849/3061/952 1848/3062/952
f 1870/2698/952 1848/3062/952 1869/2700/952
f 1869/2700/952 1848/3062/952 1847/3063/952
f 1869/2700/952 1847/3063/952 1868/2702/952
f 1868/2702/952 1847/3063/952 1846/3064/1099
f 1868/2702/952 1846/3064/1099 1867/2704/1099
f 1867/2704/1099 1846/3064/1099 1845/3065/952
f 1867/2704/1099 1845/3065/952 1866/2706/952
f 1866/2706/952 1845/3065/952 1844/3066/952
f 1866/2706/952 1844/3066/952 1865/2708/1099
f 1865/2708/1099 1844/3066/952 1843/3067/1099
f 1865/2708/1099 1843/3067/1099 1864/2710/1099
f 1864/2710/1099 1843/3067/1099 1842/3068/1099
f 1864/2710/1099 1842/3068/1099 1863/2712/1099
f 1863/2712/1099 1842/3068/1099 1862/2714/1099
f 1862/2714/1099 1842/3068/1099 1841/3069/1099
f 1862/2714/1099 1841/3069/1099 1861/2716/1099
f 1861/2716/1099 1841/3069/1099 1840/3070/1099
f 1861/2716/1099 1840/3070/1099 1860/2718/1099
f 1860/2718/1099 1840/3070/1099 1839/3071/952
f 1860/2718/1099 1839/3071/952 1859/2720/952
f 1859/2720/952 1839/3071/952 1838/3072/952
f 1859/2720/952 1838/3072/952 1858/2722/1099
f 1858/2722/1099 1838/3072/952 1837/3073/1099
f 1858/2722/1099 1837/3073/1099 1857/2724/952
f 1857/2724/952 1837/3073/1099 1836/3074/952
f 1857/2724/952 1836/3074/952 1856/2726/952
f 1856/2726/952 1836/3074/952 1835/3075/952
f 1856/2726/952 1835/3075/952 1855/2728/952
f 1855/2728/952 1835/3075/952 1834/3076/952
f 1855/2728/952 1834/3076/952 1854/2730/952
f 1854/2730/952 1834/3076/952 1833/3077/952
f 1854/2730/952 1833/3077/952 1832/2731/952
f 1832/2731/952 1851/2732/952 1854/2730/952
f 1854/2730/952 1851/2732/952 1852/2733/1099
f 1854/2730/952 1852/2733/1099 1853/2734/1099
f 1757/2735/1099 1756/2736/1099 1871/2696/952
f 1871/2696/952 1756/2736/1099 1755/2694/952
f 1758/2737/1235 1757/2738/1235 1890/2739/1236
f 1890/2739/1236 1757/2738/1235 1871/2740/1236
f 1890/2739/1236 1871/2740/1236 1889/2741/1237
f 1889/2741/1237 1871/2740/1236 1870/2742/1237
f 1889/2741/1237 1870/2742/1237 1888/2743/227
f 1888/2743/227 1870/2742/1237 1869/2744/227
f 1888/2743/227 1869/2744/227 1887/2745/1238
f 1887/2745/1238 1869/2744/227 1868/2746/1238
f 1887/2745/1238 1868/2746/1238 1886/2747/1239
f 1886/2747/1239 1868/2746/1238 1867/2748/1239
f 1886/2747/1239 1867/2748/1239 1885/2749/1240
f 1885/2749/1240 1867/2748/1239 1866/2750/1240
f 1885/2749/1240 1866/2750/1240 1884/2751/1241
f 1884/2751/1241 1866/2750/1240 1865/2752/1241
f 1884/2751/1241 1865/2752/1241 1883/2753/1242
f 1883/2753/1242 1865/2752/1241 1864/2754/1243
f 1883/2753/1242 1864/2754/1243 1882/2755/1244
f 1882/2755/1244 1864/2754/1243 1863/2756/1245
f 1882/2755/1244 1863/2756/1245 1881/2757/1246
f 1881/2757/1246 1863/2756/1245 1862/2758/1246
f 1881/2757/1246 1862/2758/1246 1880/2759/1247
f 1880/2759/1247 1862/2758/1246 1861/2760/1320
f 1880/2759/1247 1861/2760/1320 1879/2761/1248
f 1879/2761/1248 1861/2760/1320 1860/2762/1248
f 1879/2761/1248 1860/2762/1248 1878/2763/1249
f 1878/2763/1249 1860/2762/1248 1859/2764/1249
f 1878/2763/1249 1859/2764/1249 1877/2765/1250
f 1877/2765/1250 1859/2764/1249 1858/2766/1251
f 1877/2765/1250 1858/2766/1251 1876/2767/1252
f 1876/2767/1252 1858/2766/1251 1857/2768/1252
f 1876/2767/1252 1857/2768/1252 1875/2769/1253
f 1875/2769/1253 1857/2768/1252 1856/2770/1253
f 1875/2769/1253 1856/2770/1253 1874/2771/1254
f 1874/2771/1254 1856/2770/1253 1855/2772/1254
f 1874/2771/1254 1855/2772/1254 1873/2773/1255
f 1873/2773/1255 1855/2772/1254 1854/2774/1255
f 1873/2773/1255 1854/2774/1255 1872/2775/1256
f 1872/2775/1256 1854/2774/1255 1853/2776/1256
f 1758/2777/68 1890/2778/67 1759/2779/68
f 1759/2779/68 1890/2778/67 1760/2780/67
f 1760/2780/67 1890/2778/67 1761/2653/67
f 1761/2653/67 1890/2778/67 1911/3078/67
f 1911/3078/67 1890/2778/67 1910/3079/67
f 1910/3079/67 1890/2778/67 1889/2781/67
f 1910/3079/67 1889/2781/67 1909/3080/67
f 1909/3080/67 1889/2781/67 1888/2782/67
f 1909/3080/67 1888/2782/67 1908/3081/67
f 1908/3081/67 1888/2782/67 1887/2783/67
f 1908/3081/67 1887/2783/67 1907/3082/68
f 1907/3082/68 1887/2783/67 1886/2784/68
f 1907/3082/68 1886/2784/68 1906/3083/67
f 1906/3083/67 1886/2784/68 1885/2785/67
f 1906/3083/67 1885/2785/67 1905/3084/67
f 1905/3084/67 1885/2785/67 1884/2786/67
f 1905/3084/67 1884/2786/67 1904/3085/67
f 1904/3085/67 1884/2786/67 1883/2787/67
f 1904/3085/67 1883/2787/67 1903/3086/67
f 1903/3086/67 1883/2787/67 1882/2788/68
f 1903/3086/67 1882/2788/68 1881/2789/68
f 1903/3086/67 1881/2789/68 1902/3087/68
f 1902/3087/68 1881/2789/68 1880/2790/67
f 1902/3087/68 1880/2790/67 1901/3088/67
f 1901/3088/67 1880/2790/67 1879/2791/67
f 1901/3088/67 1879/2791/67 1900/3089/67
f 1900/3089/67 1879/2791/67 1878/2792/67
f 1900/3089/67 1878/2792/67 1899/3090/67
f 1899/3090/67 1878/2792/67 1877/2793/68
f 1899/3090/67 1877/2793/68 1898/3091/68
f 1898/3091/68 1877/2793/68 1876/2794/67
f 1898/3091/68 1876/2794/67 1897/3092/67
f 1897/3092/67 1876/2794/67 1875/2795/67
f 1897/3092/67 1875/2795/67 1896/3093/67
f 1896/3093/67 1875/2795/67 1874/2796/67
f 1896/3093/67 1874/2796/67 1895/3094/67
f 1895/3094/67 1874/2796/67 1873/2797/67
f 1895/3094/67 1873/2797/67 1894/3095/67
f 1894/3095/67 1873/2797/67 1893/2693/67
f 1893/2693/67 1873/2797/67 1892/2798/67
f 1892/2798/67 1873/2797/67 1891/2799/68
f 1891/2799/68 1873/2797/67 1872/2800/68
f 1762/2562/1301 1761/2563/1301 1930/3024/1302
f 1930/3024/1302 1761/2563/1301 1911/3025/1302
f 1930/3024/1302 1911/3025/1302 1910/3026/1303
f 1930/3024/1302 1910/3026/1303 1929/3027/1303
f 1929/3027/1303 1910/3026/1303 1909/3028/1304
f 1929/3027/1303 1909/3028/1304 1928/3029/1304
f 1928/3029/1304 1909/3028/1304 1908/3030/1305
f 1928/3029/1304 1908/3030/1305 1927/3031/1305
f 1927/3031/1305 1908/3030/1305 1907/3032/1306
f 1927/3031/1305 1907/3032/1306 1926/3033/1306
f 1926/3033/1306 1907/3032/1306 1906/3034/1307
f 1926/3033/1306 1906/3034/1307 1925/3035/1307
f 1925/3035/1307 1906/3034/1307 1905/3036/1308
f 1925/3035/1307 1905/3036/1308 1924/3037/1308
f 1924/3037/1308 1905/3036/1308 1904/3038/1309
f 1924/3037/1308 1904/3038/1309 1923/3039/1309
f 1923/3039/1309 1904/3038/1309 1903/3040/1244
f 1923/3039/1309 1903/3040/1244 1922/3041/1244
f 1922/3041/1244 1903/3040/1244 1902/3042/1246
f 1922/3041/1244 1902/3042/1246 1921/3043/1246
f 1921/3043/1246 1902/3042/1246 1901/3044/1310
f 1921/3043/1246 1901/3044/1310 1920/3045/1310
f 1920/3045/1310 1901/3044/1310 1900/3046/1311
f 1920/3045/1310 1900/3046/1311 1919/3047/1311
f 1919/3047/1311 1900/3046/1311 1899/3048/1312
f 1919/3047/1311 1899/3048/1312 1918/3049/1313
f 1918/3049/1313 1899/3048/1312 1898/3050/1314
f 1918/3049/1313 1898/3050/1314 1917/3051/1314
f 1917/3051/1314 1898/3050/1314 1897/3052/1315
f 1917/3051/1314 1897/3052/1315 1916/3053/1315
f 1916/3053/1315 1897/3052/1315 1896/3054/1316
f 1916/3053/1315 1896/3054/1316 1915/3055/1316
f 1915/3055/1316 1896/3054/1316 1895/3056/1317
f 1915/3055/1316 1895/3056/1317 1914/3057/1317
f 1914/3057/1317 1895/3056/1317 1894/3058/1318
f 1914/3057/1317 1894/3058/1318 1913/3059/1318
f 1913/3059/1318 1894/3058/1318 1912/2598/1319
f 1912/2598/1319 1894/3058/1318 1893/2599/1319
f 1762/3096/952 1930/3097/952 1763/3098/952
f 1763/3098/952 1930/3097/952 1767/3099/952
f 1763/3098/952 1767/3099/952 1764/3100/952
f 1764/3100/952 1767/3099/952 1745/3101/952
f 1767/3099/952 1930/3097/952 1768/3102/952
f 1768/3102/952 1930/3097/952 1929/3103/952
f 1768/3102/952 1929/3103/952 1769/3104/952
f 1769/3104/952 1929/3103/952 1928/3105/952
f 1769/3104/952 1928/3105/952 1770/3106/952
f 1770/3106/952 1928/3105/952 1927/3107/952
f 1770/3106/952 1927/3107/952 1771/3108/952
f 1771/3108/952 1927/3107/952 1926/3109/952
f 1771/3108/952 1926/3109/952 1772/3110/952
f 1772/3110/952 1926/3109/952 1925/3111/952
f 1772/3110/952 1925/3111/952 1773/3112/952
f 1773/3112/952 1925/3111/952 1924/3113/952
f 1773/3112/952 1924/3113/952 1774/3114/952
f 1774/3114/952 1924/3113/952 1923/3115/952
f 1774/3114/952 1923/3115/952 1775/3116/952
f 1775/3116/952 1923/3115/952 1922/3117/952
f 1775/3116/952 1922/3117/952 1776/3118/952
f 1776/3118/952 1922/3117/952 1777/3119/952
f 1777/3119/952 1922/3117/952 1778/3120/952
f 1778/3120/952 1922/3117/952 1921/3121/952
f 1778/3120/952 1921/3121/952 1779/3122/952
f 1779/3122/952 1921/3121/952 1780/3123/952
f 1780/3123/952 1921/3121/952 1920/3124/952
f 1780/3123/952 1920/3124/952 1781/3125/952
f 1781/3125/952 1920/3124/952 1919/3126/952
f 1781/3125/952 1919/3126/952 1782/3127/952
f 1782/3127/952 1919/3126/952 1918/3128/952
f 1782/3127/952 1918/3128/952 1783/3129/952
f 1783/3129/952 1918/3128/952 1917/3130/952
f 1783/3129/952 1917/3130/952 1784/3131/952
f 1784/3131/952 1917/3130/952 1916/3132/952
f 1784/3131/952 1916/3132/952 1785/3133/952
f 1785/3133/952 1916/3132/952 1915/3134/952
f 1785/3133/952 1915/3134/952 1786/3135/952
f 1786/3135/952 1915/3134/952 1914/3136/952
f 1786/3135/952 1914/3136/952 1787/3137/952
f 1787/3137/952 1914/3136/952 1913/3138/952
f 1787/3137/952 1913/3138/952 1788/3139/952
f 1788/3139/952 1913/3138/952 1931/3140/952
f 1788/3139/952 1931/3140/952 1932/3141/952
f 1913/3138/952 1912/3142/952 1931/3140/952
f 1932/3141/952 1789/3143/952 1788/3139/952
f 1746/3144/952 1812/3145/952 1747/3146/952
f 1747/3146/952 1812/3145/952 1748/3147/952
f 1748/3147/952 1812/3145/952 1749/3148/952
f 1749/3148/952 1812/3145/952 1766/3149/952
f 1766/3149/952 1812/3145/952 1811/3150/952
f 1766/3149/952 1811/3150/952 1956/3151/952
f 1956/3151/952 1811/3150/952 1810/3152/952
f 1956/3151/952 1810/3152/952 1955/3153/952
f 1955/3153/952 1810/3152/952 1809/3154/952
f 1955/3153/952 1809/3154/952 1954/3155/952
f 1954/3155/952 1809/3154/952 1808/3156/952
f 1954/3155/952 1808/3156/952 1953/3157/952
f 1953/3157/952 1808/3156/952 1807/3158/952
f 1953/3157/952 1807/3158/952 1952/3159/952
f 1952/3159/952 1807/3158/952 1806/3160/952
f 1952/3159/952 1806/3160/952 1951/3161/952
f 1951/3161/952 1806/3160/952 1805/3162/952
f 1951/3161/952 1805/3162/952 1950/3163/952
f 1950/3163/952 1805/3162/952 1804/3164/952
f 1950/3163/952 1804/3164/952 1949/3165/1099
f 1949/3165/1099 1804/3164/952 1803/3166/1099
f 1949/3165/1099 1803/3166/1099 1948/3167/952
f 1948/3167/952 1803/3166/1099 1802/3168/952
f 1948/3167/952 1802/3168/952 1947/3169/952
f 1947/3169/952 1802/3168/952 1801/3170/952
f 1947/3169/952 1801/3170/952 1946/3171/952
f 1946/3171/952 1801/3170/952 1945/3172/952
f 1945/3172/952 1801/3170/952 1800/3173/1099
f 1945/3172/952 1800/3173/1099 1944/3174/952
f 1944/3174/952 1800/3173/1099 1799/3175/952
f 1944/3174/952 1799/3175/952 1943/2924/952
f 1943/2924/952 1799/3175/952 1798/3176/952
f 1943/2924/952 1798/3176/952 1942/3177/952
f 1942/3177/952 1798/3176/952 1797/3178/952
f 1942/3177/952 1797/3178/952 1941/3179/952
f 1941/3179/952 1797/3178/952 1796/3180/952
f 1941/3179/952 1796/3180/952 1940/3181/952
f 1940/3181/952 1796/3180/952 1795/3182/952
f 1940/3181/952 1795/3182/952 1939/3183/952
f 1939/3183/952 1795/3182/952 1794/3184/952
f 1939/3183/952 1794/3184/952 1938/3185/952
f 1938/3185/952 1794/3184/952 1793/3186/952
f 1938/3185/952 1793/3186/952 1937/3187/952
f 1937/3187/952 1793/3186/952 1792/3188/952
f 1937/3187/952 1792/3188/952 1936/3189/952
f 1936/3189/952 1792/3188/952 1791/3190/952
f 1936/3189/952 1791/3190/952 1935/3191/952
f 1935/3191/952 1791/3190/952 1934/3192/952
f 1934/3192/952 1791/3190/952 1933/3193/952
f 1933/3193/952 1791/3190/952 1790/3194/952
f 1790/2957/1269 1789/3195/1272 1933/2958/1321
f 1933/2958/1321 1789/3195/1272 1934/2960/1322
f 1934/2960/1322 1789/3195/1272 1959/1387/1270
f 1934/2960/1322 1959/1387/1270 1935/2961/1270
f 1959/1387/1270 1789/3195/1272 1958/3196/1323
f 1958/3196/1323 1789/3195/1272 1932/3197/1324
f 1958/3196/1323 1932/3197/1324 1957/3198/1325
f 1957/3198/1325 1932/3197/1324 1931/3199/1264
f 1957/3198/1325 1931/3199/1264 1853/3200/1262
f 1853/3200/1262 1931/3199/1264 1872/3201/1262
f 1872/3201/1262 1931/3199/1264 1912/3202/1259
f 1872/3201/1262 1912/3202/1259 1891/3203/1326
f 1891/3203/1326 1912/3202/1259 1892/3204/1327
f 1892/3204/1327 1912/3202/1259 1893/3205/1259
f 1957/3198/1325 1853/3200/1262 1831/3206/1259
f 1831/3206/1259 1853/3200/1262 1852/3207/1261
f 1831/3206/1259 1852/3207/1261 1851/3208/1328
f 1851/3208/1328 1832/3209/1259 1831/3206/1259
f 1936/2861/555 1960/1376/555 1937/2863/1293
f 1937/2863/1293 1960/1376/555 1961/3210/1293
f 1937/2863/1293 1961/3210/1293 1938/2865/1292
f 1938/2865/1292 1961/3210/1293 1962/3211/1292
f 1938/2865/1292 1962/3211/1292 1939/2867/1291
f 1939/2867/1291 1962/3211/1292 1963/3212/1291
f 1939/2867/1291 1963/3212/1291 1940/2869/1290
f 1940/2869/1290 1963/3212/1291 1964/3213/1290
f 1940/2869/1290 1964/3213/1290 1941/2871/1289
f 1941/2871/1289 1964/3213/1290 1965/3214/1289
f 1941/2871/1289 1965/3214/1289 1942/2873/1288
f 1942/2873/1288 1965/3214/1289 1966/3215/1288
f 1942/2873/1288 1966/3215/1288 1943/2875/1287
f 1943/2875/1287 1966/3215/1288 1967/3216/1287
f 1943/2875/1287 1967/3216/1287 1944/2877/1286
f 1944/2877/1286 1967/3216/1287 1968/3217/1286
f 1944/2877/1286 1968/3217/1286 1945/2879/1285
f 1945/2879/1285 1968/3217/1286 1969/3218/1285
f 1945/2879/1285 1969/3218/1285 1946/2881/1284
f 1946/2881/1284 1969/3218/1285 1970/3219/1284
f 1946/2881/1284 1970/3219/1284 1947/2883/1283
f 1947/2883/1283 1970/3219/1284 1971/3220/1283
f 1947/2883/1283 1971/3220/1283 1948/2885/1282
f 1948/2885/1282 1971/3220/1283 1972/3221/1282
f 1948/2885/1282 1972/3221/1282 1949/2887/1281
f 1949/2887/1281 1972/3221/1282 1973/3222/1281
f 1949/2887/1281 1973/3222/1281 1950/2889/1280
f 1950/2889/1280 1973/3222/1281 1974/3223/1280
f 1950/2889/1280 1974/3223/1280 1951/2891/1279
f 1951/2891/1279 1974/3223/1280 1975/3224/1279
f 1951/2891/1279 1975/3224/1279 1952/2893/1278
f 1952/2893/1278 1975/3224/1279 1976/3225/1278
f 1952/2893/1278 1976/3225/1278 1953/2895/1277
f 1953/2895/1277 1976/3225/1278 1977/3226/1277
f 1953/2895/1277 1977/3226/1277 1954/2897/1276
f 1954/2897/1276 1977/3226/1277 1978/3227/1276
f 1954/2897/1276 1978/3227/1276 1955/2899/1275
f 1955/2899/1275 1978/3227/1276 1979/3228/1275
f 1955/2899/1275 1979/3228/1275 1956/2901/1274
f 1956/2901/1274 1979/3228/1275 1980/3229/1274
f 1956/2901/1274 1980/3229/1274 1766/2903/1008
f 1766/2903/1008 1980/3229/1274 1765/3230/1008
f 1959/1379/555 1960/1381/555 1935/2904/555
f 1935/2904/555 1960/1381/555 1936/659/555
f 1831/3231/68 1830/3232/67 1957/3233/67
f 1957/3233/67 1830/3232/67 1960/1395/67
f 1957/3233/67 1960/1395/67 1958/3234/67
f 1958/3234/67 1960/1395/67 1959/1396/67
f 1830/3232/67 1829/3235/67 1960/1395/67
f 1960/1395/67 1829/3235/67 1961/3236/67
f 1961/3236/67 1829/3235/67 1828/3237/67
f 1961/3236/67 1828/3237/67 1962/3238/67
f 1962/3238/67 1828/3237/67 1827/3239/67
f 1962/3238/67 1827/3239/67 1963/3240/67
f 1963/3240/67 1827/3239/67 1826/3241/67
f 1963/3240/67 1826/3241/67 1964/3242/67
f 1964/3242/67 1826/3241/67 1825/3243/67
f 1964/3242/67 1825/3243/67 1965/3244/67
f 1965/3244/67 1825/3243/67 1824/3245/67
f 1965/3244/67 1824/3245/67 1966/3246/67
f 1966/3246/67 1824/3245/67 1823/3247/67
f 1966/3246/67 1823/3247/67 1967/3248/67
f 1967/3248/67 1823/3247/67 1968/3249/67
f 1968/3249/67 1823/3247/67 1822/3250/67
f 1968/3249/67 1822/3250/67 1969/3251/67
f 1969/3251/67 1822/3250/67 1970/3252/67
f 1970/3252/67 1822/3250/67 1821/3253/67
f 1970/3252/67 1821/3253/67 1971/3254/67
f 1971/3254/67 1821/3253/67 1972/3255/67
f 1972/3255/67 1821/3253/67 1973/3256/67
f 1973/3256/67 1821/3253/67 1820/3257/67
f 1973/3256/67 1820/3257/67 1974/3258/67
f 1974/3258/67 1820/3257/67 1975/3259/67
f 1975/3259/67 1820/3257/67 1819/3260/67
f 1975/3259/67 1819/3260/67 1976/3261/67
f 1976/3261/67 1819/3260/67 1818/3262/67
f 1976/3261/67 1818/3262/67 1977/3263/67
f 1977/3263/67 1818/3262/67 1817/3264/67
f 1977/3263/67 1817/3264/67 1978/3265/67
f 1978/3265/67 1817/3264/67 1816/3266/67
f 1978/3265/67 1816/3266/67 1979/3267/67
f 1979/3267/67 1816/3266/67 1815/3268/67
f 1979/3267/67 1815/3268/67 1980/3269/67
f 1980/3269/67 1815/3268/67 1814/3270/67
f 1980/3269/67 1814/3270/67 1765/3271/67
f 1765/3271/67 1814/3270/67 1813/3272/67
f 1765/3271/67 1813/3272/67 1752/3273/67
f 1752/3273/67 1813/3272/67 1753/3274/68
f 1752/3273/67 1751/3275/67 1765/3271/67
f 1765/3271/67 1751/3275/67 1750/3276/67
usemtl Opaque(63,63,63).001
f 1982/3277/1329 1983/3278/1329 1981/3279/1329
f 1981/3279/1329 1983/3278/1329 1984/3280/1329
f 1982/3281/555 1985/3282/555 1983/3283/555
f 1983/3283/555 1985/3282/555 1986/3284/555
f 1981/3285/1099 1992/3286/952 1982/3287/952
f 1982/3287/952 1992/3286/952 1993/3288/952
f 1982/3287/952 1993/3288/952 1994/3289/952
f 1981/3285/1099 1987/3290/1099 1992/3286/952
f 1992/3286/952 1987/3290/1099 1999/3291/1099
f 1999/3291/1099 1987/3290/1099 1988/3292/952
f 1999/3291/1099 1988/3292/952 1998/3293/952
f 1998/3293/952 1988/3292/952 1997/3294/952
f 1997/3294/952 1988/3292/952 1989/3295/952
f 1997/3294/952 1989/3295/952 1996/3296/1099
f 1996/3296/1099 1989/3295/952 1990/3297/1099
f 1996/3296/1099 1990/3297/1099 1991/3298/1099
f 1996/3296/1099 1991/3298/1099 1995/3299/952
f 1995/3299/952 1991/3298/1099 1985/3300/952
f 1995/3299/952 1985/3300/952 1994/3289/952
f 1994/3289/952 1985/3300/952 1982/3287/952
f 1989/3301/1330 2000/3280/1330 1990/3302/1330
f 1990/3302/1330 2000/3280/1330 2001/3278/1330
f 1989/3281/1008 1988/3282/1008 2000/3283/1008
f 2000/3283/1008 1988/3282/1008 2002/3303/1008
f 1987/3301/1331 2003/3280/1331 1988/3302/1331
f 1988/3302/1331 2003/3280/1331 2002/3278/1331
f 1984/3303/1027 2003/3283/1027 1981/3282/1027
f 1981/3282/1027 2003/3283/1027 1987/3281/1027
f 1991/3277/1332 2004/3278/1332 1985/3279/1332
f 1985/3279/1332 2004/3278/1332 1986/3280/1332
f 2001/3303/1018 2004/3283/1018 1990/3282/1018
f 1990/3282/1018 2004/3283/1018 1991/3281/1018
f 2006/3301/1329 2007/3280/1329 2005/3302/1329
f 2005/3302/1329 2007/3280/1329 2008/3278/1329
f 2006/3281/1027 2009/3282/1027 2007/3283/1027
f 2007/3283/1027 2009/3282/1027 2010/3303/1027
f 2005/3292/67 2021/3291/68 2006/3290/67
f 2006/3290/67 2021/3291/68 2022/3286/67
f 2006/3290/67 2022/3286/67 2009/3285/67
f 2009/3285/67 2022/3286/67 2015/3287/67
f 2015/3287/67 2022/3286/67 2023/3288/67
f 2015/3287/67 2023/3288/67 2016/3289/67
f 2011/3295/67 2019/3294/67 2005/3292/67
f 2005/3292/67 2019/3294/67 2020/3293/67
f 2005/3292/67 2020/3293/67 2021/3291/68
f 2019/3294/67 2011/3295/67 2018/3296/68
f 2018/3296/68 2011/3295/67 2012/3297/68
f 2018/3296/68 2012/3297/68 2013/3298/67
f 2018/3296/68 2013/3298/67 2017/3299/67
f 2017/3299/67 2013/3298/67 2014/3300/67
f 2017/3299/67 2014/3300/67 2016/3289/67
f 2016/3289/67 2014/3300/67 2015/3287/67
f 2013/3277/1330 2024/3278/1330 2014/3279/1330
f 2014/3279/1330 2024/3278/1330 2025/3280/1330
f 2025/3303/1008 2026/3283/1008 2014/3282/1008
f 2014/3282/1008 2026/3283/1008 2015/3281/1008
f 2015/3277/1331 2026/3278/1331 2009/3279/1331
f 2009/3279/1331 2026/3278/1331 2010/3280/1331
f 2011/3301/1332 2027/3280/1332 2012/3302/1332
f 2012/3302/1332 2027/3280/1332 2028/3278/1332
f 2008/3303/555 2027/3283/555 2005/3282/555
f 2005/3282/555 2027/3283/555 2011/3281/555
f 2013/3281/1018 2012/3282/1018 2024/3283/1018
f 2024/3283/1018 2012/3282/1018 2028/3284/1018
f 2020/3304/1329 1993/3305/1329 2021/3306/1329
f 2021/3306/1329 1993/3305/1329 1992/3307/1329
f 2020/3308/555 2019/3309/555 1993/3310/555
f 1993/3310/555 2019/3309/555 1994/3311/555
f 2018/3304/1332 1995/3305/1332 2019/3306/1332
f 2019/3306/1332 1995/3305/1332 1994/3307/1332
f 2018/3308/1018 2017/3309/1018 1995/3310/1018
f 1995/3310/1018 2017/3309/1018 1996/3311/1018
f 2016/3312/1330 1997/3313/1330 2017/3314/1330
f 2017/3314/1330 1997/3313/1330 1996/3315/1330
f 1983/3292/67 2000/3300/67 1984/3290/67
f 1984/3290/67 2000/3300/67 2002/3287/67
f 1984/3290/67 2002/3287/67 2003/3285/67
f 2000/3300/67 1983/3292/67 2001/3298/67
f 2001/3298/67 1983/3292/67 1986/3295/67
f 2001/3298/67 1986/3295/67 2004/3297/67
f 2022/3308/1027 2021/3309/1027 1999/3310/1027
f 1999/3310/1027 2021/3309/1027 1992/3311/1027
f 2022/3312/1331 1999/3313/1331 2023/3314/1331
f 2023/3314/1331 1999/3313/1331 1998/3315/1331
f 2016/3308/1008 2023/3309/1008 1997/3310/1008
f 1997/3310/1008 2023/3309/1008 1998/3311/1008
f 2007/3285/952 2010/3290/952 2008/3287/952
f 2008/3287/952 2010/3290/952 2027/3300/952
f 2027/3300/952 2010/3290/952 2026/3292/952
f 2027/3300/952 2026/3292/952 2028/3298/952
f 2028/3298/952 2026/3292/952 2025/3295/952
f 2028/3298/952 2025/3295/952 2024/3297/952
f 2033/3320/1008 2034/3321/1008 2029/3316/1008
f 2029/3316/1008 2034/3321/1008 2030/3317/1008
f 2034/3320/1330 2042/3324/1330 2030/3316/1330
f 2030/3316/1330 2042/3324/1330 2040/3322/1330
f 2042/3320/1018 2049/3321/1018 2040/3316/1018
f 2040/3316/1018 2049/3321/1018 2047/3317/1018
f 2049/3320/1332 2056/3324/1332 2047/3316/1332
f 2047/3316/1332 2056/3324/1332 2054/3322/1332
f 2056/3320/555 2052/3321/555 2054/3316/555
f 2054/3316/555 2052/3321/555 2050/3317/555
f 2037/3320/1331 2033/3324/1331 2035/3316/1331
f 2035/3316/1331 2033/3324/1331 2029/3322/1331
f 2045/3320/1027 2037/3321/1027 2043/3316/1027
f 2043/3316/1027 2037/3321/1027 2035/3317/1027
f 2052/3320/1329 2045/3324/1329 2050/3316/1329
f 2050/3316/1329 2045/3324/1329 2043/3322/1329
usemtl Aluminum_-_Satin.001
f 2029/3316/1008 2030/3317/1008 2032/3318/1008
f 2032/3318/1008 2030/3317/1008 2031/3319/1008
f 2035/3316/1331 2029/3322/1331 2036/3318/1331
f 2036/3318/1331 2029/3322/1331 2032/3323/1331
f 2033/3324/1331 2037/3320/1331 2039/3325/1331
f 2039/3325/1331 2037/3320/1331 2038/659/1331
f 2030/3316/1330 2040/3322/1330 2031/3318/1330
f 2031/3318/1330 2040/3322/1330 2041/3323/1330
f 2043/3316/1027 2035/3317/1027 2044/3318/1027
f 2044/3318/1027 2035/3317/1027 2036/3319/1027
f 2037/3321/1027 2045/3320/1027 2038/3326/1027
f 2038/3326/1027 2045/3320/1027 2046/659/1027
f 2040/3316/1018 2047/3317/1018 2041/3318/1018
f 2041/3318/1018 2047/3317/1018 2048/3319/1018
f 2050/3316/1329 2043/3322/1329 2051/3318/1329
f 2051/3318/1329 2043/3322/1329 2044/3323/1329
f 2045/3324/1329 2052/3320/1329 2046/3325/1329
f 2046/3325/1329 2052/3320/1329 2053/659/1329
f 2047/3316/1332 2054/3322/1332 2048/3318/1332
f 2048/3318/1332 2054/3322/1332 2055/3323/1332
f 2054/3316/555 2050/3317/555 2055/3318/555
f 2055/3318/555 2050/3317/555 2051/3319/555
f 2052/3321/555 2056/3320/555 2053/3326/555
f 2053/3326/555 2056/3320/555 2057/659/555
f 2056/3324/1332 2049/3320/1332 2057/3325/1332
f 2057/3325/1332 2049/3320/1332 2058/659/1332
f 2049/3321/1018 2042/3320/1018 2058/3326/1018
f 2058/3326/1018 2042/3320/1018 2059/659/1018
f 2042/3324/1330 2034/3320/1330 2059/3325/1330
f 2059/3325/1330 2034/3320/1330 2060/659/1330
f 2034/3321/1008 2033/3320/1008 2060/3326/1008
f 2060/3326/1008 2033/3320/1008 2039/659/1008
usemtl Steel_-_Satin.001
f 2044/3285/952 2036/3290/952 2051/3287/952
f 2051/3287/952 2036/3290/952 2055/3300/952
f 2055/3300/952 2036/3290/952 2032/3292/952
f 2055/3300/952 2032/3292/952 2048/3298/952
f 2048/3298/952 2032/3292/952 2031/3295/952
f 2048/3298/952 2031/3295/952 2041/3297/952
f 2053/3292/67 2060/3300/67 2046/3290/67
f 2046/3290/67 2060/3300/67 2039/3287/67
f 2046/3290/67 2039/3287/67 2038/3285/67
f 2060/3300/67 2053/3292/67 2059/3298/67
f 2059/3298/67 2053/3292/67 2057/3295/67
f 2059/3298/67 2057/3295/67 2058/3297/67
