# Blender 5.1.1
# www.blender.org
mtllib L5.mtl
o Link5
v 0.020992 0.034064 -0.022000
v 0.020925 0.033550 -0.022000
v 0.020728 0.033070 -0.022000
v 0.020414 0.032657 -0.022000
v 0.020005 0.032339 -0.022000
v 0.019528 0.032136 -0.022000
v 0.019014 0.032063 -0.022000
v 0.018500 0.032125 -0.022000
v 0.018018 0.032317 -0.022000
v 0.011113 0.035292 -0.022000
v 0.003750 0.036809 -0.022000
v -0.003768 0.036808 -0.022000
v -0.011130 0.035286 -0.022000
v -0.018033 0.032308 -0.022000
v -0.018515 0.032116 -0.022000
v -0.019030 0.032054 -0.022000
v -0.019543 0.032127 -0.022000
v -0.020021 0.032329 -0.022000
v -0.020430 0.032647 -0.022000
v -0.020744 0.033060 -0.022000
v -0.020941 0.033540 -0.022000
v -0.021008 0.034054 -0.022000
v -0.021000 -0.000005 -0.022000
v -0.020283 -0.005440 -0.022000
v -0.018184 -0.010504 -0.022000
v -0.014846 -0.014853 -0.022000
v -0.010496 -0.018189 -0.022000
v -0.005430 -0.020286 -0.022000
v 0.000005 -0.021000 -0.022000
v 0.005440 -0.020283 -0.022000
v 0.010504 -0.018184 -0.022000
v 0.014853 -0.014846 -0.022000
v 0.018189 -0.010496 -0.022000
v 0.020286 -0.005430 -0.022000
v 0.021000 0.000005 -0.022000
v -0.015485 0.086781 -0.027000
v -0.015885 0.087745 -0.027000
v -0.016022 0.088781 -0.027000
v -0.015885 0.089816 -0.027000
v -0.015486 0.090781 -0.027000
v -0.014851 0.091609 -0.027000
v -0.014022 0.092245 -0.027000
v -0.013058 0.092645 -0.027000
v -0.012022 0.092782 -0.027000
v -0.010987 0.092646 -0.027000
v -0.010022 0.092246 -0.027000
v -0.009194 0.091611 -0.027000
v -0.008558 0.090783 -0.027000
v -0.006865 0.087852 -0.027000
v -0.009339 0.086817 -0.027000
v -0.011660 0.085476 -0.027000
v -0.013792 0.083850 -0.027000
v 0.013752 0.083857 -0.027000
v 0.011619 0.085482 -0.027000
v 0.009297 0.086822 -0.027000
v 0.006822 0.087855 -0.027000
v 0.008514 0.090787 -0.027000
v 0.009149 0.091615 -0.027000
v 0.009978 0.092251 -0.027000
v 0.010942 0.092651 -0.027000
v 0.011978 0.092788 -0.027000
v 0.013013 0.092651 -0.027000
v 0.013978 0.092252 -0.027000
v 0.014806 0.091617 -0.027000
v 0.015442 0.090788 -0.027000
v 0.015842 0.089824 -0.027000
v 0.015978 0.088788 -0.027000
v 0.015842 0.087753 -0.027000
v 0.015443 0.086788 -0.027000
v 0.021000 0.000005 -0.029000
v 0.019000 0.000005 -0.032000
v 0.018984 0.068005 -0.032000
v 0.020984 0.068005 -0.029000
v 0.018335 0.072922 -0.032000
v 0.016436 0.077504 -0.032000
v 0.013415 0.081438 -0.032000
v 0.009480 0.084457 -0.032000
v 0.004897 0.086354 -0.032000
v -0.000021 0.087000 -0.032000
v -0.004938 0.086351 -0.032000
v -0.009520 0.084452 -0.032000
v -0.013455 0.081432 -0.032000
v -0.016473 0.077496 -0.032000
v -0.018370 0.072913 -0.032000
v -0.019016 0.067995 -0.032000
v -0.021016 0.067995 -0.029000
v -0.020302 0.073430 -0.029000
v -0.018206 0.078496 -0.029000
v -0.014869 0.082846 -0.029000
v -0.010521 0.086184 -0.029000
v -0.005457 0.088283 -0.029000
v -0.000022 0.089000 -0.029000
v 0.005414 0.088286 -0.029000
v 0.010479 0.086189 -0.029000
v 0.014829 0.082853 -0.029000
v 0.018168 0.078504 -0.029000
v 0.020267 0.073440 -0.029000
v -0.021000 -0.000005 -0.029000
v -0.019000 -0.000005 -0.032000
v -0.018351 -0.004922 -0.032000
v -0.016452 -0.009504 -0.032000
v -0.013432 -0.013438 -0.032000
v -0.009496 -0.016457 -0.032000
v -0.004913 -0.018354 -0.032000
v 0.000005 -0.019000 -0.032000
v 0.004922 -0.018351 -0.032000
v 0.009504 -0.016452 -0.032000
v 0.013438 -0.013432 -0.032000
v 0.016457 -0.009496 -0.032000
v 0.018354 -0.004913 -0.032000
v 0.020286 -0.005430 -0.029000
v 0.018189 -0.010496 -0.029000
v 0.014853 -0.014846 -0.029000
v 0.010504 -0.018184 -0.029000
v 0.005440 -0.020283 -0.029000
v 0.000005 -0.021000 -0.029000
v -0.005430 -0.020286 -0.029000
v -0.010496 -0.018189 -0.029000
v -0.014846 -0.014853 -0.029000
v -0.018184 -0.010504 -0.029000
v -0.020283 -0.005440 -0.029000
v -0.014197 0.084551 -0.022000
v -0.013792 0.083850 -0.022000
v -0.013990 0.083676 -0.022000
v -0.014185 0.083500 -0.022000
v -0.014379 0.083321 -0.022000
v -0.014234 0.083491 -0.022000
v -0.014130 0.083688 -0.022000
v -0.014073 0.083904 -0.022000
v -0.014066 0.084127 -0.022000
v -0.014107 0.084346 -0.022000
v -0.006113 0.088096 -0.022000
v -0.006365 0.088017 -0.022000
v -0.006615 0.087936 -0.022000
v -0.006865 0.087852 -0.022000
v -0.007269 0.088552 -0.022000
v -0.007137 0.088373 -0.022000
v -0.006968 0.088227 -0.022000
v -0.006771 0.088122 -0.022000
v -0.006556 0.088064 -0.022000
v -0.006333 0.088055 -0.022000
v 0.013752 0.083857 -0.022000
v 0.014156 0.084557 -0.022000
v 0.014066 0.084353 -0.022000
v 0.014025 0.084134 -0.022000
v 0.014033 0.083911 -0.022000
v 0.014090 0.083695 -0.022000
v 0.014194 0.083497 -0.022000
v 0.014338 0.083328 -0.022000
v 0.014145 0.083507 -0.022000
v 0.013949 0.083683 -0.022000
v -0.007269 0.088552 -0.021054
v -0.007137 0.088373 -0.021054
v -0.006968 0.088227 -0.021054
v -0.006771 0.088122 -0.021054
v -0.006556 0.088064 -0.021054
v -0.006333 0.088055 -0.021054
v -0.006113 0.088096 -0.021054
v -0.006113 0.089052 -0.020097
v -0.006334 0.088919 -0.020065
v -0.006560 0.088795 -0.020100
v -0.006775 0.088688 -0.020200
v -0.006965 0.088606 -0.020357
v -0.007117 0.088554 -0.020562
v -0.007221 0.088536 -0.020799
v -0.008558 0.090783 -0.020620
v -0.008513 0.090759 -0.020391
v -0.008423 0.090765 -0.020175
v -0.008293 0.090799 -0.019983
v -0.008130 0.090859 -0.019827
v -0.007943 0.090943 -0.019713
v -0.007742 0.091045 -0.019650
v -0.007538 0.091161 -0.019639
v -0.007343 0.091283 -0.019682
v -0.006730 0.089877 -0.019911
v -0.007746 0.089433 -0.020660
v -0.007658 0.089442 -0.020442
v -0.007583 0.089462 -0.020320
v -0.007433 0.089516 -0.020148
v -0.007255 0.089594 -0.020017
v -0.007059 0.089692 -0.019934
v -0.006855 0.089803 -0.019903
v -0.007121 0.090584 -0.019776
v -0.007247 0.090510 -0.019765
v -0.007453 0.090397 -0.019793
v -0.007652 0.090298 -0.019874
v -0.007833 0.090220 -0.020005
v -0.007986 0.090166 -0.020177
v -0.008063 0.090147 -0.020300
v -0.008154 0.090139 -0.020518
v -0.015485 0.086781 -0.014742
v -0.015453 0.086678 -0.014553
v -0.015464 0.086557 -0.014372
v -0.015517 0.086422 -0.014210
v -0.015609 0.086281 -0.014072
v -0.016000 0.087192 -0.013626
v -0.016135 0.087697 -0.013467
v -0.016219 0.088228 -0.013365
v -0.016249 0.088777 -0.013330
v -0.016220 0.089326 -0.013364
v -0.016137 0.089858 -0.013465
v -0.016003 0.090365 -0.013624
v -0.015614 0.091275 -0.014066
v -0.015099 0.092040 -0.014617
v -0.014482 0.092666 -0.015229
v -0.013785 0.093158 -0.015862
v -0.013017 0.093514 -0.016496
v -0.012191 0.093725 -0.017115
v -0.011320 0.093779 -0.017702
v -0.010425 0.093659 -0.018242
v -0.009537 0.093350 -0.018721
v -0.008695 0.092845 -0.019125
v -0.007948 0.092149 -0.019447
v -0.009064 0.091475 -0.020373
v -0.009691 0.092032 -0.020036
v -0.010396 0.092436 -0.019612
v -0.011141 0.092684 -0.019111
v -0.011890 0.092780 -0.018545
v -0.012621 0.092737 -0.017930
v -0.013313 0.092568 -0.017282
v -0.013956 0.092283 -0.016617
v -0.014541 0.091889 -0.015954
v -0.015058 0.091388 -0.015313
v -0.015490 0.090776 -0.014736
v -0.015816 0.090048 -0.014272
v -0.015927 0.089643 -0.014107
v -0.015998 0.089217 -0.014000
v -0.016021 0.088778 -0.013964
v -0.015997 0.088339 -0.014001
v -0.015926 0.087913 -0.014108
v -0.015813 0.087510 -0.014275
v -0.015851 0.086905 -0.013802
v -0.015820 0.086939 -0.013847
v -0.015779 0.086992 -0.013922
v -0.015747 0.087043 -0.014002
v -0.015723 0.087093 -0.014086
v -0.015709 0.087141 -0.014174
v -0.015705 0.087170 -0.014231
v -0.015706 0.087213 -0.014322
v -0.016060 0.087543 -0.013559
v -0.016028 0.087565 -0.013605
v -0.015985 0.087599 -0.013680
v -0.015950 0.087633 -0.013759
v -0.015922 0.087666 -0.013841
v -0.015903 0.087697 -0.013926
v -0.015895 0.087717 -0.013982
v -0.015889 0.087746 -0.014070
v -0.016181 0.088201 -0.013414
v -0.016149 0.088211 -0.013460
v -0.016106 0.088227 -0.013535
v -0.016069 0.088243 -0.013613
v -0.016039 0.088258 -0.013694
v -0.016016 0.088273 -0.013778
v -0.016006 0.088282 -0.013833
v -0.015996 0.088296 -0.013920
v -0.016213 0.088887 -0.013375
v -0.016182 0.088885 -0.013421
v -0.016138 0.088882 -0.013496
v -0.016100 0.088880 -0.013574
v -0.016070 0.088877 -0.013655
v -0.016047 0.088874 -0.013739
v -0.016035 0.088872 -0.013793
v -0.016024 0.088870 -0.013879
v -0.016149 0.089589 -0.013452
v -0.016118 0.089574 -0.013498
v -0.016074 0.089552 -0.013573
v -0.016038 0.089530 -0.013652
v -0.016009 0.089509 -0.013733
v -0.015987 0.089488 -0.013818
v -0.015977 0.089476 -0.013873
v -0.015968 0.089457 -0.013960
v -0.015995 0.090254 -0.013636
v -0.015963 0.090227 -0.013682
v -0.015921 0.090186 -0.013757
v -0.015887 0.090146 -0.013836
v -0.015860 0.090107 -0.013919
v -0.015843 0.090069 -0.014005
v -0.015836 0.090046 -0.014062
v -0.015832 0.090012 -0.014151
v -0.015586 0.091218 -0.014102
v -0.015556 0.091173 -0.014146
v -0.015517 0.091103 -0.014221
v -0.015488 0.091035 -0.014302
v -0.015470 0.090970 -0.014389
v -0.015462 0.090908 -0.014479
v -0.015463 0.090870 -0.014539
v -0.015474 0.090816 -0.014634
v -0.015032 0.092018 -0.014691
v -0.015004 0.091954 -0.014734
v -0.014971 0.091858 -0.014808
v -0.014950 0.091765 -0.014891
v -0.014943 0.091677 -0.014982
v -0.014950 0.091596 -0.015078
v -0.014961 0.091547 -0.015143
v -0.014989 0.091480 -0.015245
v -0.014364 0.092658 -0.015346
v -0.014340 0.092579 -0.015386
v -0.014315 0.092458 -0.015459
v -0.014306 0.092342 -0.015544
v -0.014313 0.092235 -0.015640
v -0.014336 0.092139 -0.015744
v -0.014358 0.092083 -0.015814
v -0.014406 0.092008 -0.015926
v -0.013608 0.093146 -0.016020
v -0.013590 0.093051 -0.016056
v -0.013578 0.092907 -0.016127
v -0.013583 0.092772 -0.016213
v -0.013606 0.092650 -0.016314
v -0.013647 0.092542 -0.016426
v -0.013682 0.092482 -0.016502
v -0.013749 0.092405 -0.016626
v -0.012856 0.093454 -0.016630
v -0.012847 0.093345 -0.016661
v -0.012849 0.093184 -0.016728
v -0.012871 0.093033 -0.016815
v -0.012911 0.092899 -0.016920
v -0.012969 0.092785 -0.017040
v -0.013015 0.092725 -0.017123
v -0.013098 0.092652 -0.017259
v -0.012054 0.093623 -0.017221
v -0.012057 0.093504 -0.017246
v -0.012078 0.093327 -0.017307
v -0.012119 0.093165 -0.017395
v -0.012179 0.093023 -0.017505
v -0.012254 0.092907 -0.017633
v -0.012310 0.092848 -0.017724
v -0.012407 0.092783 -0.017873
v -0.011216 0.093644 -0.017778
v -0.011234 0.093517 -0.017796
v -0.011280 0.093329 -0.017851
v -0.011344 0.093159 -0.017938
v -0.011424 0.093013 -0.018053
v -0.011517 0.092899 -0.018190
v -0.011582 0.092844 -0.018288
v -0.011687 0.092790 -0.018451
v -0.010363 0.093503 -0.018289
v -0.010401 0.093372 -0.018299
v -0.010476 0.093179 -0.018348
v -0.010567 0.093007 -0.018433
v -0.010669 0.092863 -0.018551
v -0.010778 0.092754 -0.018697
v -0.010850 0.092705 -0.018803
v -0.010960 0.092663 -0.018980
v -0.009523 0.093187 -0.018740
v -0.009585 0.093058 -0.018743
v -0.009693 0.092869 -0.018784
v -0.009812 0.092702 -0.018868
v -0.009937 0.092566 -0.018990
v -0.010061 0.092466 -0.019144
v -0.010137 0.092424 -0.019257
v -0.010247 0.092395 -0.019448
v -0.008733 0.092692 -0.019121
v -0.008819 0.092573 -0.019117
v -0.008963 0.092398 -0.019152
v -0.009112 0.092246 -0.019234
v -0.009258 0.092123 -0.019360
v -0.009395 0.092036 -0.019521
v -0.009474 0.092002 -0.019640
v -0.009578 0.091983 -0.019842
v -0.008034 0.092024 -0.019424
v -0.008144 0.091922 -0.019416
v -0.008321 0.091773 -0.019446
v -0.008498 0.091644 -0.019527
v -0.008664 0.091541 -0.019655
v -0.008810 0.091470 -0.019821
v -0.008891 0.091443 -0.019946
v -0.008989 0.091432 -0.020157
v -0.014197 0.084551 -0.016054
v -0.014171 0.084452 -0.015844
v -0.014194 0.084331 -0.015645
v -0.014265 0.084195 -0.015469
v -0.014379 0.084050 -0.015324
v -0.014679 0.084827 -0.015054
v -0.014599 0.084966 -0.015218
v -0.014564 0.085093 -0.015406
v -0.014563 0.085131 -0.015472
v -0.006057 0.088817 -0.020146
v -0.006022 0.088596 -0.020251
v -0.006009 0.088403 -0.020404
v -0.006021 0.088249 -0.020597
v -0.006057 0.088145 -0.020818
v -0.006241 0.088796 -0.020101
v -0.007124 0.088383 -0.020875
v -0.006937 0.088236 -0.020835
v -0.006719 0.088136 -0.020808
v -0.006482 0.088090 -0.020796
v -0.006241 0.088099 -0.020799
v -0.007124 0.088452 -0.020707
v -0.006937 0.088320 -0.020631
v -0.006719 0.088231 -0.020580
v -0.006482 0.088189 -0.020556
v -0.006241 0.088198 -0.020561
v -0.006937 0.088454 -0.020456
v -0.006719 0.088381 -0.020383
v -0.006482 0.088348 -0.020349
v -0.006241 0.088355 -0.020356
v -0.006719 0.088578 -0.020232
v -0.006482 0.088554 -0.020191
v -0.006241 0.088559 -0.020199
v -0.006483 0.088793 -0.020091
v -0.014379 0.083321 -0.016054
v -0.014234 0.083491 -0.016054
v -0.014130 0.083688 -0.016054
v -0.014073 0.083904 -0.016054
v -0.014066 0.084127 -0.016054
v -0.014107 0.084346 -0.016054
v -0.014234 0.083491 -0.019027
v -0.014130 0.083688 -0.019027
v -0.014073 0.083904 -0.019027
v -0.014066 0.084127 -0.019027
v -0.014107 0.084346 -0.019027
v -0.014306 0.083421 -0.015876
v -0.014269 0.083551 -0.015707
v -0.014269 0.083704 -0.015554
v -0.014306 0.083873 -0.015424
v -0.014250 0.083488 -0.015904
v -0.014148 0.083685 -0.015882
v -0.014092 0.083900 -0.015869
v -0.014083 0.084123 -0.015864
v -0.014124 0.084342 -0.015869
v -0.014207 0.083684 -0.015689
v -0.014152 0.083900 -0.015668
v -0.014144 0.084122 -0.015666
v -0.014180 0.084342 -0.015684
v -0.014253 0.083903 -0.015485
v -0.014243 0.084126 -0.015486
v -0.003101 0.089761 -0.020773
v -0.000022 0.090000 -0.021000
v 0.003058 0.089763 -0.020773
v 0.006070 0.089055 -0.020097
v 0.006014 0.088820 -0.020146
v 0.005979 0.088599 -0.020251
v 0.005967 0.088406 -0.020404
v 0.005979 0.088252 -0.020597
v 0.006014 0.088147 -0.020818
v 0.006071 0.088098 -0.021054
v 0.003058 0.088774 -0.021762
v -0.000022 0.089000 -0.022000
v -0.003101 0.088772 -0.021762
v -0.003791 0.089485 -0.020671
v -0.003771 0.089337 -0.020711
v -0.003755 0.089175 -0.020785
v -0.003747 0.089028 -0.020886
v -0.003746 0.088900 -0.021010
v -0.003753 0.088796 -0.021155
v -0.003763 0.088738 -0.021266
v -0.003786 0.088678 -0.021449
v -0.001461 0.089790 -0.020963
v -0.001453 0.089638 -0.021001
v -0.001446 0.089471 -0.021073
v -0.001443 0.089320 -0.021175
v -0.001442 0.089190 -0.021302
v -0.001445 0.089085 -0.021450
v -0.001449 0.089028 -0.021565
v -0.001458 0.088970 -0.021752
v 0.002323 0.089706 -0.020881
v 0.002310 0.089554 -0.020919
v 0.002299 0.089389 -0.020992
v 0.002294 0.089239 -0.021094
v 0.002294 0.089110 -0.021220
v 0.002299 0.089005 -0.021367
v 0.002305 0.088948 -0.021481
v 0.002319 0.088889 -0.021667
v 0.014156 0.084557 -0.016054
v 0.014066 0.084353 -0.016054
v 0.014025 0.084134 -0.016054
v 0.014033 0.083911 -0.016054
v 0.014090 0.083695 -0.016054
v 0.014194 0.083497 -0.016054
v 0.014338 0.083328 -0.016054
v 0.014066 0.084353 -0.019027
v 0.014025 0.084134 -0.019027
v 0.014033 0.083911 -0.019027
v 0.014090 0.083695 -0.019027
v 0.014194 0.083497 -0.019027
v 0.014338 0.084057 -0.015324
v 0.014224 0.084201 -0.015469
v 0.014153 0.084338 -0.015645
v 0.014130 0.084458 -0.015844
v 0.015443 0.086788 -0.014742
v 0.015411 0.086686 -0.014553
v 0.015422 0.086564 -0.014372
v 0.015475 0.086430 -0.014210
v 0.015567 0.086288 -0.014072
v 0.008514 0.090787 -0.020620
v 0.008469 0.090764 -0.020391
v 0.008379 0.090769 -0.020175
v 0.008249 0.090803 -0.019983
v 0.008086 0.090863 -0.019827
v 0.007899 0.090947 -0.019713
v 0.007698 0.091049 -0.019650
v 0.007494 0.091164 -0.019639
v 0.007299 0.091286 -0.019682
v 0.007904 0.092150 -0.019446
v 0.008650 0.092846 -0.019125
v 0.009492 0.093355 -0.018721
v 0.010379 0.093664 -0.018242
v 0.011273 0.093784 -0.017702
v 0.012146 0.093731 -0.017115
v 0.012972 0.093521 -0.016496
v 0.013740 0.093165 -0.015862
v 0.014437 0.092673 -0.015229
v 0.015052 0.092047 -0.014620
v 0.015569 0.091282 -0.014068
v 0.015959 0.090373 -0.013623
v 0.016093 0.089867 -0.013465
v 0.016177 0.089333 -0.013365
v 0.016205 0.088784 -0.013331
v 0.016177 0.088236 -0.013365
v 0.016092 0.087703 -0.013467
v 0.015958 0.087197 -0.013626
v 0.015771 0.087515 -0.014275
v 0.015883 0.087920 -0.014108
v 0.015954 0.088346 -0.014001
v 0.015978 0.088785 -0.013965
v 0.015954 0.089224 -0.014001
v 0.015884 0.089651 -0.014106
v 0.015772 0.090056 -0.014272
v 0.015445 0.090784 -0.014738
v 0.015012 0.091395 -0.015316
v 0.014496 0.091896 -0.015955
v 0.013912 0.092289 -0.016617
v 0.013268 0.092574 -0.017282
v 0.012576 0.092743 -0.017930
v 0.011845 0.092785 -0.018545
v 0.011095 0.092688 -0.019111
v 0.010351 0.092442 -0.019613
v 0.009646 0.092035 -0.020035
v 0.009021 0.091477 -0.020372
v 0.008176 0.092227 -0.019346
v 0.009484 0.091947 -0.019870
v 0.007770 0.091746 -0.019513
v 0.007890 0.091651 -0.019504
v 0.008077 0.091515 -0.019533
v 0.008262 0.091397 -0.019614
v 0.008433 0.091304 -0.019742
v 0.008583 0.091239 -0.019910
v 0.008664 0.091215 -0.020037
v 0.008759 0.091206 -0.020250
v 0.008281 0.092119 -0.019339
v 0.008448 0.091963 -0.019371
v 0.008616 0.091828 -0.019453
v 0.008777 0.091719 -0.019579
v 0.008920 0.091644 -0.019744
v 0.009001 0.091615 -0.019868
v 0.009100 0.091602 -0.020077
v 0.009124 0.092993 -0.018915
v 0.009197 0.092867 -0.018916
v 0.009320 0.092684 -0.018955
v 0.009452 0.092523 -0.019038
v 0.009587 0.092393 -0.019161
v 0.009716 0.092299 -0.019318
v 0.009794 0.092260 -0.019435
v 0.009902 0.092236 -0.019631
v 0.009381 0.091964 -0.019668
v 0.009301 0.091998 -0.019547
v 0.009164 0.092084 -0.019386
v 0.009016 0.092204 -0.019260
v 0.008866 0.092354 -0.019178
v 0.008720 0.092526 -0.019143
v 0.008630 0.092645 -0.019146
v 0.010183 0.093468 -0.018364
v 0.010225 0.093335 -0.018374
v 0.010305 0.093143 -0.018421
v 0.010400 0.092972 -0.018507
v 0.010506 0.092830 -0.018625
v 0.010617 0.092723 -0.018772
v 0.010691 0.092674 -0.018881
v 0.010800 0.092635 -0.019059
v 0.011281 0.093654 -0.017707
v 0.011298 0.093526 -0.017727
v 0.011340 0.093340 -0.017783
v 0.011401 0.093171 -0.017870
v 0.011479 0.093027 -0.017983
v 0.011569 0.092913 -0.018119
v 0.011634 0.092857 -0.018217
v 0.011738 0.092801 -0.018378
v 0.012337 0.093577 -0.016986
v 0.012335 0.093461 -0.017014
v 0.012348 0.093290 -0.017078
v 0.012381 0.093133 -0.017165
v 0.012433 0.092994 -0.017273
v 0.012501 0.092879 -0.017398
v 0.012554 0.092818 -0.017486
v 0.012645 0.092750 -0.017629
v 0.013331 0.093263 -0.016215
v 0.013316 0.093162 -0.016250
v 0.013308 0.093013 -0.016319
v 0.013318 0.092874 -0.016406
v 0.013347 0.092748 -0.016508
v 0.013392 0.092638 -0.016622
v 0.013431 0.092577 -0.016701
v 0.013503 0.092502 -0.016828
v 0.014229 0.092733 -0.015430
v 0.014206 0.092650 -0.015470
v 0.014183 0.092527 -0.015543
v 0.014176 0.092410 -0.015628
v 0.014185 0.092301 -0.015724
v 0.014209 0.092203 -0.015828
v 0.014234 0.092146 -0.015900
v 0.014284 0.092071 -0.016013
v 0.015009 0.091995 -0.014670
v 0.014981 0.091932 -0.014713
v 0.014948 0.091837 -0.014788
v 0.014927 0.091746 -0.014871
v 0.014920 0.091659 -0.014961
v 0.014926 0.091579 -0.015056
v 0.014937 0.091530 -0.015122
v 0.014964 0.091463 -0.015224
v 0.015438 0.091401 -0.014216
v 0.015408 0.091351 -0.014261
v 0.015370 0.091276 -0.014336
v 0.015343 0.091203 -0.014417
v 0.015327 0.091133 -0.014504
v 0.015322 0.091067 -0.014595
v 0.015325 0.091027 -0.014657
v 0.015339 0.090970 -0.014753
v 0.015789 0.090712 -0.013824
v 0.015758 0.090676 -0.013870
v 0.015717 0.090622 -0.013945
v 0.015685 0.090569 -0.014025
v 0.015662 0.090518 -0.014109
v 0.015648 0.090470 -0.014196
v 0.015645 0.090439 -0.014254
v 0.015647 0.090396 -0.014345
v 0.016099 0.089635 -0.013461
v 0.016067 0.089620 -0.013507
v 0.016024 0.089597 -0.013582
v 0.015988 0.089574 -0.013660
v 0.015959 0.089552 -0.013741
v 0.015938 0.089530 -0.013825
v 0.015928 0.089517 -0.013881
v 0.015919 0.089497 -0.013968
v 0.016160 0.088457 -0.013388
v 0.016128 0.088463 -0.013434
v 0.016084 0.088472 -0.013509
v 0.016047 0.088481 -0.013587
v 0.016017 0.088489 -0.013668
v 0.015994 0.088498 -0.013751
v 0.015983 0.088503 -0.013806
v 0.015973 0.088511 -0.013892
v 0.015953 0.087321 -0.013635
v 0.015921 0.087348 -0.013681
v 0.015879 0.087389 -0.013756
v 0.015845 0.087428 -0.013835
v 0.015819 0.087467 -0.013917
v 0.015801 0.087504 -0.014003
v 0.015794 0.087528 -0.014060
v 0.015791 0.087561 -0.014149
v 0.007227 0.088556 -0.021054
v 0.007178 0.088539 -0.020799
v 0.007074 0.088557 -0.020562
v 0.006922 0.088609 -0.020357
v 0.006732 0.088692 -0.020200
v 0.006517 0.088798 -0.020100
v 0.006291 0.088922 -0.020065
v 0.006469 0.089485 -0.019983
v 0.006593 0.089412 -0.019977
v 0.006796 0.089301 -0.020009
v 0.006990 0.089204 -0.020093
v 0.007167 0.089127 -0.020225
v 0.007315 0.089072 -0.020396
v 0.007389 0.089052 -0.020518
v 0.007475 0.089042 -0.020735
v 0.014266 0.083880 -0.015424
v 0.014228 0.083710 -0.015554
v 0.014228 0.083557 -0.015707
v 0.014266 0.083428 -0.015876
v 0.014083 0.084349 -0.015869
v 0.014043 0.084130 -0.015864
v 0.014051 0.083907 -0.015869
v 0.014107 0.083692 -0.015882
v 0.014209 0.083494 -0.015904
v 0.014140 0.084348 -0.015684
v 0.014103 0.084129 -0.015666
v 0.014112 0.083906 -0.015668
v 0.014166 0.083691 -0.015689
v 0.014203 0.084133 -0.015486
v 0.014213 0.083910 -0.015485
v 0.006290 0.088058 -0.021054
v 0.006513 0.088067 -0.021054
v 0.006728 0.088126 -0.021054
v 0.006925 0.088230 -0.021054
v 0.007094 0.088376 -0.021054
v 0.007227 0.088556 -0.022000
v 0.007094 0.088376 -0.022000
v 0.006925 0.088230 -0.022000
v 0.006728 0.088126 -0.022000
v 0.006513 0.088067 -0.022000
v 0.006290 0.088058 -0.022000
v 0.006071 0.088098 -0.022000
v 0.007082 0.088386 -0.020875
v 0.006198 0.088102 -0.020799
v 0.006440 0.088093 -0.020796
v 0.006676 0.088139 -0.020808
v 0.006894 0.088239 -0.020835
v 0.006198 0.088201 -0.020561
v 0.006440 0.088192 -0.020556
v 0.006676 0.088234 -0.020580
v 0.006894 0.088323 -0.020631
v 0.007082 0.088456 -0.020707
v 0.006894 0.088458 -0.020456
v 0.006676 0.088385 -0.020383
v 0.006440 0.088351 -0.020349
v 0.006198 0.088358 -0.020356
v 0.006198 0.088562 -0.020199
v 0.006440 0.088557 -0.020191
v 0.006676 0.088581 -0.020232
v 0.006198 0.088799 -0.020101
v 0.006439 0.088796 -0.020091
v 0.006322 0.088021 -0.022000
v 0.006573 0.087939 -0.022000
v 0.006822 0.087855 -0.022000
v 0.017152 0.080094 -0.012665
v 0.019250 0.076355 -0.008748
v 0.020545 0.072269 -0.004467
v 0.020984 0.068005 0.000000
v -0.021016 0.067995 0.000000
v -0.020580 0.072259 -0.004467
v -0.019287 0.076346 -0.008748
v -0.017191 0.080085 -0.012665
v -0.018033 0.032308 -0.010200
v 0.018018 0.032317 -0.010200
v 0.011113 0.035292 -0.010200
v 0.003750 0.036809 -0.010200
v -0.003768 0.036808 -0.010200
v -0.011130 0.035286 -0.010200
v -0.020181 0.032434 -0.009000
v -0.019737 0.032192 -0.009440
v -0.019226 0.032066 -0.009812
v -0.018936 0.032056 -0.009969
v -0.018630 0.032090 -0.010094
v -0.018323 0.032176 -0.010173
v 0.018308 0.032184 -0.010173
v 0.018614 0.032099 -0.010094
v 0.018920 0.032065 -0.009969
v 0.019211 0.032076 -0.009812
v 0.019721 0.032201 -0.009440
v 0.020165 0.032444 -0.009000
v 0.013837 0.035606 -0.009000
v 0.007035 0.037547 -0.009000
v -0.000009 0.038200 -0.009000
v -0.007053 0.037543 -0.009000
v -0.013854 0.035599 -0.009000
v 0.008604 0.162502 -0.008643
v 0.008905 0.162230 -0.008945
v 0.008730 0.162229 -0.009159
v 0.008599 0.162226 -0.009408
v 0.008517 0.162222 -0.009684
v 0.008487 0.162217 -0.009980
v 0.008514 0.162211 -0.010286
v 0.008598 0.162207 -0.010592
v 0.008739 0.162204 -0.010886
v 0.008934 0.162202 -0.011156
v 0.009175 0.162203 -0.011391
v 0.009457 0.162206 -0.011580
v 0.009770 0.162210 -0.011712
v 0.010102 0.162215 -0.011780
v 0.010437 0.162221 -0.011781
v 0.010763 0.162226 -0.011710
v 0.011063 0.162229 -0.011567
v 0.011321 0.162230 -0.011361
v 0.011528 0.162229 -0.011102
v 0.011671 0.162226 -0.010803
v 0.011741 0.162221 -0.010477
v 0.011740 0.162216 -0.010141
v 0.011672 0.162210 -0.009809
v 0.011540 0.162206 -0.009496
v 0.011352 0.162204 -0.009216
v 0.011117 0.162203 -0.008975
v 0.010847 0.162204 -0.008780
v 0.010553 0.162207 -0.008638
v 0.010247 0.162212 -0.008554
v 0.009942 0.162217 -0.008528
v 0.009646 0.162222 -0.008557
v 0.009369 0.162226 -0.008639
v 0.009120 0.162229 -0.008769
v 0.008891 0.162502 -0.008412
v 0.009222 0.162502 -0.008248
v 0.009583 0.162502 -0.008157
v 0.009959 0.162502 -0.008137
v 0.010336 0.162503 -0.008190
v 0.010699 0.162503 -0.008316
v 0.011034 0.162503 -0.008508
v 0.011331 0.162503 -0.008758
v 0.011581 0.162503 -0.009055
v 0.011773 0.162503 -0.009391
v 0.011899 0.162503 -0.009754
v 0.011953 0.162503 -0.010130
v 0.011935 0.162503 -0.010506
v 0.011843 0.162503 -0.010867
v 0.011676 0.162503 -0.011197
v 0.011444 0.162503 -0.011483
v 0.011158 0.162503 -0.011715
v 0.010828 0.162503 -0.011882
v 0.010467 0.162503 -0.011975
v 0.010091 0.162502 -0.011993
v 0.009714 0.162502 -0.011938
v 0.009351 0.162502 -0.011813
v 0.009015 0.162502 -0.011621
v 0.008717 0.162502 -0.011372
v 0.008468 0.162502 -0.011074
v 0.008277 0.162502 -0.010738
v 0.008151 0.162502 -0.010375
v 0.008095 0.162502 -0.009999
v 0.008114 0.162502 -0.009623
v 0.008207 0.162502 -0.009262
v 0.008372 0.162502 -0.008930
v 0.010092 0.162359 -0.011886
v 0.009765 0.162356 -0.011831
v 0.008292 0.162360 -0.009884
v 0.008422 0.162364 -0.009287
v 0.008381 0.162355 -0.010511
v 0.008681 0.162353 -0.011092
v 0.009161 0.162353 -0.011553
v 0.009451 0.162354 -0.011719
v 0.010420 0.162362 -0.011881
v 0.010739 0.162364 -0.011815
v 0.011036 0.162366 -0.011686
v 0.011300 0.162367 -0.011499
v 0.011521 0.162366 -0.011265
v 0.011691 0.162365 -0.010991
v 0.011802 0.162364 -0.010685
v 0.011849 0.162361 -0.010362
v 0.011836 0.162359 -0.010033
v 0.011764 0.162356 -0.009709
v 0.011635 0.162354 -0.009401
v 0.011231 0.162353 -0.008872
v 0.010684 0.162355 -0.008503
v 0.010065 0.162359 -0.008339
v 0.009450 0.162363 -0.008393
v 0.009074 0.162365 -0.008549
v 0.014292 0.153236 -0.014329
v 0.014542 0.153214 -0.014012
v 0.014707 0.153148 -0.013648
v 0.014776 0.153044 -0.013263
v 0.014745 0.152909 -0.012884
v 0.014615 0.152751 -0.012535
v 0.014395 0.152581 -0.012240
v 0.014101 0.152411 -0.012020
v 0.013752 0.152253 -0.011890
v 0.013372 0.152118 -0.011859
v 0.012987 0.152013 -0.011928
v 0.012623 0.151948 -0.012093
v 0.012306 0.151925 -0.012343
v 0.012056 0.151948 -0.012660
v 0.011891 0.152013 -0.013024
v 0.011822 0.152117 -0.013409
v 0.011853 0.152253 -0.013789
v 0.011983 0.152411 -0.014138
v 0.012203 0.152580 -0.014432
v 0.012498 0.152750 -0.014652
v 0.012847 0.152908 -0.014782
v 0.013226 0.153044 -0.014813
v 0.013611 0.153148 -0.014744
v 0.013975 0.153214 -0.014579
v 0.010606 0.157078 -0.010644
v 0.012842 0.158366 -0.012313
v 0.012592 0.158388 -0.012630
v 0.013007 0.158301 -0.011949
v 0.013076 0.158197 -0.011564
v 0.013045 0.158061 -0.011185
v 0.012915 0.157903 -0.010835
v 0.012695 0.157733 -0.010541
v 0.012400 0.157564 -0.010321
v 0.012051 0.157406 -0.010191
v 0.011672 0.157270 -0.010160
v 0.011287 0.157166 -0.010229
v 0.010923 0.157100 -0.010394
v 0.010356 0.157100 -0.010961
v 0.010191 0.157165 -0.011325
v 0.010122 0.157270 -0.011710
v 0.010153 0.157405 -0.012090
v 0.010283 0.157563 -0.012439
v 0.010503 0.157733 -0.012733
v 0.010797 0.157902 -0.012953
v 0.011146 0.158061 -0.013083
v 0.011526 0.158196 -0.013114
v 0.011911 0.158301 -0.013045
v 0.012275 0.158366 -0.012880
v 0.017025 0.151904 -0.017061
v 0.016923 0.151707 -0.016960
v 0.016791 0.151550 -0.016828
v 0.016636 0.151443 -0.016673
v 0.016468 0.151392 -0.016505
v 0.016296 0.151400 -0.016332
v 0.016130 0.151467 -0.016166
v 0.015980 0.151589 -0.016017
v 0.015856 0.151759 -0.015893
v 0.015765 0.151965 -0.015802
v 0.015496 0.151940 -0.016051
v 0.015213 0.151864 -0.016276
v 0.014923 0.151739 -0.016473
v 0.014632 0.151567 -0.016640
v 0.014349 0.151351 -0.016775
v 0.014077 0.151095 -0.016880
v 0.013593 0.150478 -0.017003
v 0.013207 0.149753 -0.017031
v 0.012930 0.148954 -0.016988
v 0.012685 0.147237 -0.016772
v 0.012784 0.145472 -0.016466
v 0.013163 0.143748 -0.016094
v 0.013807 0.142176 -0.015609
v 0.014017 0.141840 -0.015450
v 0.014248 0.141558 -0.015265
v 0.014372 0.141446 -0.015161
v 0.014501 0.141359 -0.015048
v 0.014633 0.141304 -0.014926
v 0.014764 0.141284 -0.014799
v 0.014892 0.141303 -0.014667
v 0.015013 0.141359 -0.014536
v 0.015125 0.141445 -0.014408
v 0.015230 0.141558 -0.014283
v 0.015415 0.141841 -0.014051
v 0.015574 0.142174 -0.013842
v 0.016059 0.143749 -0.013198
v 0.016429 0.145474 -0.012820
v 0.016737 0.147238 -0.012720
v 0.016951 0.148954 -0.012967
v 0.016995 0.149755 -0.013246
v 0.016967 0.150479 -0.013631
v 0.016843 0.151095 -0.014114
v 0.016737 0.151351 -0.014386
v 0.016601 0.151567 -0.014670
v 0.016435 0.151739 -0.014960
v 0.016240 0.151864 -0.015250
v 0.016015 0.151940 -0.015533
v 0.017372 0.151876 -0.016685
v 0.017683 0.151794 -0.016287
v 0.017952 0.151657 -0.015877
v 0.018177 0.151470 -0.015465
v 0.018494 0.150961 -0.014666
v 0.018640 0.150300 -0.013957
v 0.018643 0.149528 -0.013376
v 0.018538 0.148682 -0.012934
v 0.018358 0.147796 -0.012634
v 0.018127 0.146889 -0.012465
v 0.017562 0.145069 -0.012462
v 0.016893 0.143309 -0.012843
v 0.016507 0.142479 -0.013171
v 0.016062 0.141716 -0.013603
v 0.015805 0.141380 -0.013865
v 0.015516 0.141096 -0.014164
v 0.015188 0.140895 -0.014502
v 0.015012 0.140840 -0.014681
v 0.014830 0.140821 -0.014864
v 0.014647 0.140841 -0.015046
v 0.014466 0.140896 -0.015223
v 0.014129 0.141095 -0.015551
v 0.013831 0.141379 -0.015840
v 0.013568 0.141717 -0.016097
v 0.013137 0.142479 -0.016541
v 0.012808 0.143308 -0.016928
v 0.012426 0.145067 -0.017598
v 0.012429 0.146887 -0.018162
v 0.012598 0.147794 -0.018394
v 0.012897 0.148681 -0.018574
v 0.013336 0.149525 -0.018678
v 0.013919 0.150298 -0.018676
v 0.014629 0.150960 -0.018531
v 0.015427 0.151471 -0.018216
v 0.015840 0.151658 -0.017990
v 0.016250 0.151793 -0.017720
v 0.016648 0.151876 -0.017409
v 0.014563 0.150794 -0.018466
v 0.014157 0.150857 -0.016990
v 0.012837 0.147773 -0.017005
v 0.012478 0.146584 -0.018015
v 0.012765 0.146886 -0.016872
v 0.015967 0.143006 -0.013439
v 0.017198 0.144194 -0.012667
v 0.016378 0.144553 -0.013005
v 0.016924 0.147448 -0.012835
v 0.018462 0.150691 -0.014477
v 0.016982 0.150762 -0.014108
v 0.018309 0.151069 -0.014966
v 0.015444 0.151698 -0.016265
v 0.015574 0.151532 -0.016385
v 0.015718 0.151413 -0.016538
v 0.015827 0.151359 -0.016665
v 0.015913 0.151338 -0.016771
v 0.015998 0.151336 -0.016882
v 0.016079 0.151351 -0.016993
v 0.016155 0.151386 -0.017104
v 0.016241 0.151455 -0.017238
v 0.016301 0.151530 -0.017340
v 0.016352 0.151620 -0.017434
v 0.016393 0.151723 -0.017520
v 0.015008 0.151523 -0.016576
v 0.015144 0.151366 -0.016696
v 0.015284 0.151251 -0.016854
v 0.015382 0.151199 -0.016988
v 0.015456 0.151178 -0.017103
v 0.015526 0.151173 -0.017222
v 0.015589 0.151187 -0.017344
v 0.015644 0.151217 -0.017466
v 0.015702 0.151281 -0.017616
v 0.015737 0.151349 -0.017731
v 0.015762 0.151433 -0.017840
v 0.015776 0.151529 -0.017940
v 0.014571 0.151239 -0.016818
v 0.014713 0.151094 -0.016942
v 0.014847 0.150987 -0.017106
v 0.014934 0.150938 -0.017247
v 0.014995 0.150916 -0.017366
v 0.015049 0.150909 -0.017491
v 0.015094 0.150919 -0.017620
v 0.015129 0.150944 -0.017749
v 0.015157 0.150998 -0.017908
v 0.015168 0.151057 -0.018032
v 0.015167 0.151130 -0.018148
v 0.015156 0.151215 -0.018256
v 0.014301 0.150728 -0.017121
v 0.014426 0.150630 -0.017292
v 0.014501 0.150584 -0.017437
v 0.014550 0.150561 -0.017559
v 0.014588 0.150552 -0.017687
v 0.014615 0.150557 -0.017818
v 0.014631 0.150575 -0.017949
v 0.014633 0.150616 -0.018112
v 0.014621 0.150664 -0.018238
v 0.014598 0.150724 -0.018356
v 0.013463 0.149854 -0.017143
v 0.013594 0.149758 -0.017292
v 0.013694 0.149682 -0.017473
v 0.013744 0.149641 -0.017620
v 0.013769 0.149617 -0.017742
v 0.013781 0.149602 -0.017867
v 0.013779 0.149596 -0.017993
v 0.013765 0.149599 -0.018118
v 0.013728 0.149615 -0.018272
v 0.013683 0.149637 -0.018389
v 0.013627 0.149668 -0.018500
v 0.013561 0.149707 -0.018601
v 0.014026 0.150285 -0.018577
v 0.014079 0.150231 -0.018470
v 0.014121 0.150186 -0.018353
v 0.014152 0.150151 -0.018230
v 0.014172 0.150122 -0.018070
v 0.014173 0.150111 -0.017940
v 0.014161 0.150112 -0.017810
v 0.014137 0.150124 -0.017683
v 0.014100 0.150147 -0.017559
v 0.014038 0.150191 -0.017413
v 0.013924 0.150278 -0.017236
v 0.013784 0.150390 -0.017096
v 0.013203 0.149264 -0.017142
v 0.013321 0.149183 -0.017298
v 0.013405 0.149116 -0.017481
v 0.013442 0.149077 -0.017626
v 0.013456 0.149053 -0.017744
v 0.013458 0.149035 -0.017864
v 0.013446 0.149024 -0.017985
v 0.013421 0.149019 -0.018104
v 0.013372 0.149024 -0.018248
v 0.013318 0.149035 -0.018358
v 0.013254 0.149052 -0.018461
v 0.013178 0.149076 -0.018555
v 0.013004 0.148634 -0.017101
v 0.013106 0.148566 -0.017263
v 0.013174 0.148505 -0.017444
v 0.013199 0.148468 -0.017585
v 0.013204 0.148444 -0.017698
v 0.013197 0.148424 -0.017813
v 0.013178 0.148408 -0.017926
v 0.013146 0.148397 -0.018037
v 0.013088 0.148391 -0.018171
v 0.013029 0.148392 -0.018273
v 0.012960 0.148398 -0.018367
v 0.012881 0.148409 -0.018453
v 0.012615 0.147506 -0.018259
v 0.012695 0.147509 -0.018183
v 0.012765 0.147515 -0.018100
v 0.012827 0.147524 -0.018009
v 0.012889 0.147541 -0.017889
v 0.012927 0.147559 -0.017789
v 0.012953 0.147579 -0.017686
v 0.012969 0.147602 -0.017581
v 0.012973 0.147627 -0.017476
v 0.012962 0.147663 -0.017343
v 0.012916 0.147716 -0.017167
v 0.012821 0.146836 -0.017030
v 0.012848 0.146787 -0.017196
v 0.012848 0.146752 -0.017318
v 0.012837 0.146725 -0.017414
v 0.012816 0.146700 -0.017509
v 0.012785 0.146676 -0.017601
v 0.012745 0.146654 -0.017690
v 0.012682 0.146629 -0.017796
v 0.012622 0.146612 -0.017876
v 0.012553 0.146597 -0.017949
v 0.012483 0.145202 -0.017589
v 0.012548 0.145224 -0.017535
v 0.012608 0.145249 -0.017476
v 0.012662 0.145274 -0.017411
v 0.012720 0.145306 -0.017325
v 0.012760 0.145333 -0.017252
v 0.012792 0.145360 -0.017176
v 0.012817 0.145388 -0.017098
v 0.012835 0.145415 -0.017018
v 0.012847 0.145450 -0.016914
v 0.012844 0.145497 -0.016769
v 0.012818 0.145541 -0.016627
v 0.013042 0.144210 -0.016334
v 0.013046 0.144167 -0.016453
v 0.013034 0.144120 -0.016570
v 0.013015 0.144085 -0.016653
v 0.012995 0.144056 -0.016717
v 0.012970 0.144027 -0.016779
v 0.012940 0.143998 -0.016838
v 0.012905 0.143969 -0.016895
v 0.012856 0.143932 -0.016962
v 0.012811 0.143903 -0.017013
v 0.012762 0.143874 -0.017059
v 0.012710 0.143846 -0.017102
v 0.013460 0.142860 -0.015955
v 0.013451 0.142814 -0.016041
v 0.013433 0.142766 -0.016125
v 0.013414 0.142730 -0.016184
v 0.013396 0.142701 -0.016228
v 0.013375 0.142671 -0.016271
v 0.013352 0.142641 -0.016313
v 0.013326 0.142611 -0.016353
v 0.013289 0.142573 -0.016400
v 0.013258 0.142542 -0.016435
v 0.013223 0.142512 -0.016469
v 0.013187 0.142481 -0.016500
v 0.013959 0.141871 -0.015549
v 0.013949 0.141824 -0.015603
v 0.013936 0.141774 -0.015656
v 0.013923 0.141738 -0.015692
v 0.013911 0.141708 -0.015720
v 0.013898 0.141679 -0.015746
v 0.013884 0.141649 -0.015772
v 0.013868 0.141618 -0.015796
v 0.013846 0.141580 -0.015825
v 0.013827 0.141549 -0.015847
v 0.013807 0.141519 -0.015868
v 0.013785 0.141488 -0.015887
v 0.014235 0.141522 -0.015317
v 0.014230 0.141473 -0.015356
v 0.014223 0.141424 -0.015393
v 0.014215 0.141387 -0.015419
v 0.014208 0.141357 -0.015438
v 0.014200 0.141328 -0.015457
v 0.014191 0.141298 -0.015475
v 0.014181 0.141268 -0.015492
v 0.014167 0.141230 -0.015512
v 0.014155 0.141199 -0.015527
v 0.014142 0.141168 -0.015541
v 0.014128 0.141138 -0.015554
v 0.014546 0.141291 -0.015039
v 0.014550 0.141242 -0.015062
v 0.014552 0.141191 -0.015084
v 0.014552 0.141154 -0.015099
v 0.014551 0.141125 -0.015109
v 0.014550 0.141095 -0.015120
v 0.014548 0.141065 -0.015129
v 0.014545 0.141035 -0.015138
v 0.014540 0.140998 -0.015148
v 0.014536 0.140967 -0.015155
v 0.014530 0.140937 -0.015162
v 0.014524 0.140906 -0.015168
v 0.014907 0.141252 -0.014683
v 0.014926 0.141203 -0.014691
v 0.014943 0.141153 -0.014697
v 0.014954 0.141116 -0.014700
v 0.014962 0.141086 -0.014701
v 0.014970 0.141057 -0.014702
v 0.014976 0.141027 -0.014702
v 0.014983 0.140997 -0.014702
v 0.014989 0.140959 -0.014701
v 0.014994 0.140929 -0.014699
v 0.014998 0.140898 -0.014696
v 0.015002 0.140868 -0.014693
v 0.015230 0.141465 -0.014330
v 0.015266 0.141416 -0.014326
v 0.015300 0.141366 -0.014320
v 0.015324 0.141329 -0.014314
v 0.015341 0.141300 -0.014308
v 0.015358 0.141270 -0.014302
v 0.015374 0.141240 -0.014294
v 0.015390 0.141210 -0.014285
v 0.015408 0.141172 -0.014273
v 0.015421 0.141141 -0.014262
v 0.015434 0.141111 -0.014251
v 0.015446 0.141080 -0.014238
v 0.015494 0.141836 -0.014017
v 0.015548 0.141788 -0.014008
v 0.015599 0.141739 -0.013995
v 0.015634 0.141702 -0.013983
v 0.015661 0.141673 -0.013971
v 0.015687 0.141643 -0.013959
v 0.015711 0.141613 -0.013945
v 0.015735 0.141583 -0.013929
v 0.015763 0.141545 -0.013908
v 0.015785 0.141514 -0.013890
v 0.015805 0.141483 -0.013870
v 0.015824 0.141452 -0.013849
v 0.015712 0.142293 -0.013750
v 0.015782 0.142246 -0.013739
v 0.015849 0.142197 -0.013721
v 0.015896 0.142161 -0.013705
v 0.015931 0.142132 -0.013690
v 0.015965 0.142102 -0.013673
v 0.015998 0.142072 -0.013654
v 0.016030 0.142042 -0.013633
v 0.016067 0.142003 -0.013604
v 0.016096 0.141973 -0.013579
v 0.016122 0.141942 -0.013552
v 0.016147 0.141911 -0.013524
v 0.016538 0.142628 -0.013156
v 0.016505 0.142659 -0.013194
v 0.016471 0.142689 -0.013230
v 0.016433 0.142720 -0.013264
v 0.016384 0.142758 -0.013302
v 0.016342 0.142788 -0.013329
v 0.016299 0.142818 -0.013353
v 0.016253 0.142848 -0.013375
v 0.016207 0.142877 -0.013393
v 0.016145 0.142913 -0.013412
v 0.016057 0.142961 -0.013430
v 0.016184 0.143766 -0.013192
v 0.016294 0.143722 -0.013191
v 0.016401 0.143675 -0.013175
v 0.016476 0.143640 -0.013156
v 0.016534 0.143611 -0.013136
v 0.016590 0.143582 -0.013112
v 0.016643 0.143552 -0.013083
v 0.016695 0.143523 -0.013051
v 0.016756 0.143485 -0.013006
v 0.016801 0.143455 -0.012965
v 0.016844 0.143426 -0.012921
v 0.016883 0.143396 -0.012873
v 0.017489 0.145011 -0.012538
v 0.017436 0.145035 -0.012601
v 0.017378 0.145060 -0.012660
v 0.017316 0.145086 -0.012713
v 0.017233 0.145119 -0.012770
v 0.017162 0.145146 -0.012809
v 0.017088 0.145174 -0.012841
v 0.017012 0.145202 -0.012866
v 0.016934 0.145229 -0.012885
v 0.016833 0.145264 -0.012898
v 0.016692 0.145311 -0.012898
v 0.016552 0.145355 -0.012875
v 0.016754 0.146404 -0.012799
v 0.016907 0.146357 -0.012843
v 0.017066 0.146309 -0.012861
v 0.017182 0.146275 -0.012856
v 0.017273 0.146248 -0.012842
v 0.017362 0.146222 -0.012819
v 0.017448 0.146197 -0.012787
v 0.017531 0.146173 -0.012747
v 0.017630 0.146144 -0.012684
v 0.017704 0.146124 -0.012626
v 0.017772 0.146105 -0.012560
v 0.017834 0.146088 -0.012488
v 0.017086 0.147394 -0.012906
v 0.017258 0.147342 -0.012944
v 0.017387 0.147307 -0.012951
v 0.017489 0.147281 -0.012944
v 0.017590 0.147257 -0.012926
v 0.017690 0.147236 -0.012898
v 0.017786 0.147217 -0.012859
v 0.017901 0.147197 -0.012796
v 0.017987 0.147184 -0.012734
v 0.018067 0.147174 -0.012664
v 0.018139 0.147167 -0.012586
v 0.018382 0.148227 -0.012851
v 0.018298 0.148219 -0.012930
v 0.018206 0.148216 -0.013000
v 0.018107 0.148217 -0.013060
v 0.017976 0.148226 -0.013119
v 0.017867 0.148238 -0.013153
v 0.017756 0.148255 -0.013174
v 0.017643 0.148275 -0.013183
v 0.017531 0.148300 -0.013180
v 0.017392 0.148337 -0.013158
v 0.017211 0.148395 -0.013095
v 0.017049 0.148461 -0.012997
v 0.017110 0.149418 -0.013300
v 0.017265 0.149333 -0.013422
v 0.017447 0.149264 -0.013510
v 0.017592 0.149224 -0.013550
v 0.017712 0.149201 -0.013567
v 0.017833 0.149184 -0.013571
v 0.017956 0.149174 -0.013562
v 0.018076 0.149171 -0.013539
v 0.018223 0.149178 -0.013493
v 0.018335 0.149192 -0.013441
v 0.018440 0.149213 -0.013379
v 0.018537 0.149241 -0.013305
v 0.017104 0.149909 -0.013530
v 0.017253 0.149811 -0.013662
v 0.017433 0.149734 -0.013763
v 0.017580 0.149692 -0.013814
v 0.017702 0.149669 -0.013840
v 0.017827 0.149655 -0.013853
v 0.017954 0.149649 -0.013853
v 0.018080 0.149652 -0.013840
v 0.018234 0.149670 -0.013804
v 0.018353 0.149694 -0.013761
v 0.018464 0.149726 -0.013707
v 0.018566 0.149767 -0.013641
v 0.017064 0.150360 -0.013800
v 0.017205 0.150249 -0.013939
v 0.017382 0.150163 -0.014052
v 0.017528 0.150119 -0.014114
v 0.017652 0.150096 -0.014150
v 0.017779 0.150084 -0.014173
v 0.017909 0.150083 -0.014184
v 0.018039 0.150093 -0.014182
v 0.018198 0.150121 -0.014161
v 0.018321 0.150155 -0.014130
v 0.018437 0.150200 -0.014087
v 0.018544 0.150253 -0.014033
v 0.018352 0.150624 -0.014516
v 0.018234 0.150568 -0.014544
v 0.018108 0.150523 -0.014560
v 0.017946 0.150483 -0.014563
v 0.017815 0.150467 -0.014552
v 0.017684 0.150464 -0.014528
v 0.017556 0.150473 -0.014493
v 0.017433 0.150496 -0.014447
v 0.017288 0.150542 -0.014374
v 0.017115 0.150637 -0.014252
v 0.016853 0.151107 -0.014450
v 0.016980 0.150968 -0.014593
v 0.017147 0.150864 -0.014723
v 0.017289 0.150816 -0.014806
v 0.017410 0.150794 -0.014863
v 0.017536 0.150787 -0.014910
v 0.017666 0.150794 -0.014948
v 0.017796 0.150817 -0.014976
v 0.017957 0.150866 -0.014994
v 0.018082 0.150921 -0.014996
v 0.018200 0.150990 -0.014987
v 0.016677 0.151382 -0.014808
v 0.016799 0.151231 -0.014947
v 0.016961 0.151120 -0.015084
v 0.017099 0.151070 -0.015176
v 0.017216 0.151048 -0.015243
v 0.017339 0.151043 -0.015304
v 0.017464 0.151054 -0.015357
v 0.017591 0.151082 -0.015402
v 0.017747 0.151140 -0.015443
v 0.017867 0.151204 -0.015465
v 0.017980 0.151282 -0.015476
v 0.018085 0.151373 -0.015477
v 0.016448 0.151590 -0.015182
v 0.016568 0.151429 -0.015317
v 0.016724 0.151313 -0.015458
v 0.016857 0.151260 -0.015560
v 0.016969 0.151239 -0.015638
v 0.017085 0.151236 -0.015712
v 0.017204 0.151250 -0.015780
v 0.017323 0.151282 -0.015843
v 0.017469 0.151347 -0.015909
v 0.017581 0.151418 -0.015952
v 0.017686 0.151504 -0.015986
v 0.017781 0.151603 -0.016008
v 0.016174 0.151715 -0.015548
v 0.016294 0.151549 -0.015676
v 0.016446 0.151429 -0.015821
v 0.016572 0.151375 -0.015932
v 0.016677 0.151354 -0.016020
v 0.016786 0.151352 -0.016106
v 0.016895 0.151368 -0.016190
v 0.017004 0.151402 -0.016269
v 0.017135 0.151472 -0.016360
v 0.017234 0.151548 -0.016424
v 0.017326 0.151638 -0.016479
v 0.017408 0.151742 -0.016524
v 0.016504 0.144510 -0.013013
v 0.016628 0.144463 -0.013004
v 0.016717 0.144428 -0.012987
v 0.016785 0.144400 -0.012967
v 0.016851 0.144371 -0.012941
v 0.016915 0.144342 -0.012910
v 0.016976 0.144314 -0.012874
v 0.017048 0.144278 -0.012822
v 0.017102 0.144249 -0.012775
v 0.017152 0.144222 -0.012723
v 0.015157 0.153807 -0.015195
v 0.014563 0.153765 -0.015662
v 0.013883 0.153642 -0.015971
v 0.013163 0.153447 -0.016100
v 0.012452 0.153193 -0.016041
v 0.011799 0.152898 -0.015798
v 0.011249 0.152580 -0.015387
v 0.010837 0.152263 -0.014836
v 0.010594 0.151967 -0.014183
v 0.010535 0.151713 -0.013472
v 0.010665 0.151519 -0.012752
v 0.010974 0.151396 -0.012072
v 0.011441 0.151355 -0.011478
v 0.012035 0.151397 -0.011010
v 0.012715 0.151519 -0.010701
v 0.013435 0.151714 -0.010572
v 0.014146 0.151968 -0.010631
v 0.014799 0.152264 -0.010874
v 0.015350 0.152581 -0.011286
v 0.015761 0.152898 -0.011836
v 0.016004 0.153194 -0.012489
v 0.016063 0.153448 -0.013200
v 0.015934 0.153643 -0.013920
v 0.015625 0.153765 -0.014601
v -0.008682 0.162498 -0.008643
v -0.008984 0.162226 -0.008945
v -0.009199 0.162225 -0.008769
v -0.009447 0.162222 -0.008638
v -0.009723 0.162217 -0.008556
v -0.010019 0.162212 -0.008527
v -0.010326 0.162207 -0.008554
v -0.010632 0.162202 -0.008637
v -0.010926 0.162199 -0.008778
v -0.011196 0.162197 -0.008973
v -0.011430 0.162198 -0.009215
v -0.011619 0.162200 -0.009496
v -0.011751 0.162205 -0.009809
v -0.011819 0.162210 -0.010141
v -0.011820 0.162216 -0.010477
v -0.011749 0.162221 -0.010803
v -0.011606 0.162224 -0.011102
v -0.011400 0.162225 -0.011361
v -0.011141 0.162224 -0.011567
v -0.010842 0.162221 -0.011710
v -0.010516 0.162216 -0.011780
v -0.010180 0.162210 -0.011780
v -0.009849 0.162205 -0.011712
v -0.009536 0.162201 -0.011580
v -0.009255 0.162199 -0.011391
v -0.009014 0.162198 -0.011156
v -0.008819 0.162200 -0.010886
v -0.008677 0.162203 -0.010592
v -0.008593 0.162207 -0.010286
v -0.008567 0.162212 -0.009981
v -0.008597 0.162218 -0.009686
v -0.008678 0.162222 -0.009409
v -0.008809 0.162225 -0.009159
v -0.008451 0.162498 -0.008930
v -0.008288 0.162498 -0.009262
v -0.008196 0.162498 -0.009623
v -0.008177 0.162498 -0.009999
v -0.008230 0.162498 -0.010375
v -0.008355 0.162498 -0.010738
v -0.008548 0.162498 -0.011073
v -0.008797 0.162498 -0.011371
v -0.009095 0.162498 -0.011621
v -0.009430 0.162498 -0.011813
v -0.009793 0.162498 -0.011938
v -0.010169 0.162498 -0.011993
v -0.010545 0.162497 -0.011974
v -0.010906 0.162497 -0.011882
v -0.011237 0.162497 -0.011716
v -0.011523 0.162497 -0.011484
v -0.011755 0.162497 -0.011197
v -0.011921 0.162497 -0.010867
v -0.012014 0.162497 -0.010506
v -0.012032 0.162497 -0.010130
v -0.011978 0.162497 -0.009754
v -0.011852 0.162497 -0.009391
v -0.011661 0.162497 -0.009055
v -0.011411 0.162497 -0.008757
v -0.011114 0.162497 -0.008507
v -0.010778 0.162497 -0.008316
v -0.010415 0.162497 -0.008190
v -0.010038 0.162498 -0.008135
v -0.009662 0.162498 -0.008153
v -0.009301 0.162498 -0.008247
v -0.008970 0.162498 -0.008412
v -0.011925 0.162354 -0.010131
v -0.011870 0.162351 -0.009804
v -0.009923 0.162356 -0.008331
v -0.009327 0.162360 -0.008462
v -0.010550 0.162351 -0.008420
v -0.011131 0.162348 -0.008720
v -0.011592 0.162348 -0.009200
v -0.011758 0.162349 -0.009490
v -0.011921 0.162356 -0.010459
v -0.011854 0.162358 -0.010779
v -0.011725 0.162360 -0.011075
v -0.011539 0.162361 -0.011339
v -0.011304 0.162361 -0.011560
v -0.011030 0.162360 -0.011731
v -0.010725 0.162358 -0.011841
v -0.010402 0.162356 -0.011889
v -0.010073 0.162353 -0.011876
v -0.009748 0.162351 -0.011804
v -0.009441 0.162349 -0.011675
v -0.008912 0.162348 -0.011270
v -0.008542 0.162350 -0.010724
v -0.008378 0.162354 -0.010105
v -0.008433 0.162359 -0.009489
v -0.008588 0.162361 -0.009113
v -0.014367 0.153229 -0.014329
v -0.014049 0.153207 -0.014579
v -0.013685 0.153141 -0.014744
v -0.013301 0.153037 -0.014813
v -0.012921 0.152902 -0.014782
v -0.012572 0.152744 -0.014652
v -0.012277 0.152574 -0.014432
v -0.012057 0.152405 -0.014138
v -0.011927 0.152247 -0.013789
v -0.011896 0.152111 -0.013409
v -0.011965 0.152007 -0.013024
v -0.012130 0.151942 -0.012660
v -0.012380 0.151919 -0.012343
v -0.012697 0.151942 -0.012093
v -0.013061 0.152007 -0.011928
v -0.013446 0.152111 -0.011859
v -0.013826 0.152247 -0.011890
v -0.014175 0.152404 -0.012020
v -0.014469 0.152574 -0.012240
v -0.014689 0.152743 -0.012535
v -0.014819 0.152901 -0.012884
v -0.014851 0.153037 -0.013263
v -0.014781 0.153141 -0.013648
v -0.014616 0.153207 -0.014012
v -0.010682 0.157073 -0.010644
v -0.012351 0.158360 -0.012880
v -0.012669 0.158382 -0.012630
v -0.011988 0.158295 -0.013045
v -0.011603 0.158191 -0.013114
v -0.011223 0.158055 -0.013083
v -0.010874 0.157897 -0.012953
v -0.010579 0.157728 -0.012733
v -0.010359 0.157558 -0.012439
v -0.010229 0.157400 -0.012090
v -0.010198 0.157265 -0.011710
v -0.010267 0.157161 -0.011325
v -0.010432 0.157095 -0.010961
v -0.010999 0.157095 -0.010394
v -0.011363 0.157160 -0.010229
v -0.011748 0.157264 -0.010160
v -0.012128 0.157400 -0.010191
v -0.012477 0.157558 -0.010321
v -0.012771 0.157727 -0.010541
v -0.012991 0.157897 -0.010835
v -0.013121 0.158055 -0.011185
v -0.013153 0.158190 -0.011564
v -0.013084 0.158294 -0.011949
v -0.012919 0.158360 -0.012313
v -0.017098 0.151896 -0.017061
v -0.016997 0.151698 -0.016960
v -0.016865 0.151542 -0.016828
v -0.016710 0.151435 -0.016673
v -0.016541 0.151384 -0.016505
v -0.016369 0.151392 -0.016332
v -0.016203 0.151460 -0.016166
v -0.016054 0.151581 -0.016017
v -0.015930 0.151751 -0.015893
v -0.015839 0.151958 -0.015802
v -0.016088 0.151932 -0.015533
v -0.016313 0.151856 -0.015250
v -0.016510 0.151731 -0.014960
v -0.016677 0.151560 -0.014669
v -0.016812 0.151344 -0.014385
v -0.016916 0.151087 -0.014114
v -0.017039 0.150470 -0.013630
v -0.017067 0.149745 -0.013243
v -0.017024 0.148946 -0.012967
v -0.016808 0.147230 -0.012721
v -0.016501 0.145465 -0.012819
v -0.016129 0.143740 -0.013198
v -0.015643 0.142169 -0.013842
v -0.015484 0.141833 -0.014051
v -0.015299 0.141551 -0.014283
v -0.015195 0.141438 -0.014407
v -0.015082 0.141352 -0.014536
v -0.014960 0.141297 -0.014667
v -0.014833 0.141277 -0.014798
v -0.014702 0.141296 -0.014926
v -0.014571 0.141351 -0.015047
v -0.014442 0.141438 -0.015160
v -0.014318 0.141551 -0.015265
v -0.014085 0.141834 -0.015450
v -0.013876 0.142167 -0.015609
v -0.013233 0.143742 -0.016093
v -0.012855 0.145467 -0.016465
v -0.012756 0.147231 -0.016773
v -0.013003 0.148947 -0.016988
v -0.013282 0.149747 -0.017031
v -0.013667 0.150472 -0.017003
v -0.014151 0.151088 -0.016879
v -0.014423 0.151343 -0.016774
v -0.014707 0.151559 -0.016638
v -0.014997 0.151731 -0.016472
v -0.015287 0.151857 -0.016276
v -0.015569 0.151932 -0.016051
v -0.016721 0.151868 -0.017409
v -0.016324 0.151785 -0.017720
v -0.015914 0.151649 -0.017988
v -0.015501 0.151462 -0.018213
v -0.014702 0.150953 -0.018531
v -0.013994 0.150292 -0.018676
v -0.013413 0.149521 -0.018679
v -0.012970 0.148675 -0.018574
v -0.012670 0.147789 -0.018394
v -0.012500 0.146882 -0.018163
v -0.012497 0.145062 -0.017597
v -0.012878 0.143302 -0.016927
v -0.013206 0.142472 -0.016541
v -0.013637 0.141709 -0.016096
v -0.013899 0.141373 -0.015839
v -0.014199 0.141089 -0.015550
v -0.014536 0.140888 -0.015222
v -0.014715 0.140832 -0.015046
v -0.014898 0.140814 -0.014864
v -0.015080 0.140833 -0.014681
v -0.015258 0.140889 -0.014501
v -0.015585 0.141088 -0.014164
v -0.015874 0.141372 -0.013865
v -0.016131 0.141710 -0.013602
v -0.016576 0.142471 -0.013171
v -0.016963 0.143300 -0.012843
v -0.017633 0.145060 -0.012461
v -0.018197 0.146880 -0.012465
v -0.018429 0.147787 -0.012634
v -0.018610 0.148674 -0.012933
v -0.018715 0.149518 -0.013373
v -0.018712 0.150290 -0.013956
v -0.018568 0.150952 -0.014665
v -0.018253 0.151463 -0.015464
v -0.018027 0.151649 -0.015877
v -0.017757 0.151785 -0.016287
v -0.017445 0.151868 -0.016685
v -0.018503 0.150786 -0.014599
v -0.017027 0.150849 -0.014194
v -0.017041 0.147766 -0.012872
v -0.018051 0.146577 -0.012514
v -0.016908 0.146878 -0.012801
v -0.013474 0.142999 -0.016002
v -0.012702 0.144187 -0.017233
v -0.013040 0.144546 -0.016413
v -0.012871 0.147441 -0.016960
v -0.014513 0.150683 -0.018499
v -0.014145 0.150755 -0.017019
v -0.015003 0.151061 -0.018346
v -0.016302 0.151690 -0.015481
v -0.016422 0.151525 -0.015611
v -0.016574 0.151405 -0.015755
v -0.016701 0.151352 -0.015864
v -0.016808 0.151330 -0.015950
v -0.016918 0.151328 -0.016034
v -0.017030 0.151343 -0.016115
v -0.017140 0.151378 -0.016192
v -0.017275 0.151447 -0.016278
v -0.017377 0.151522 -0.016338
v -0.017471 0.151612 -0.016389
v -0.017556 0.151715 -0.016430
v -0.016612 0.151515 -0.015044
v -0.016732 0.151358 -0.015181
v -0.016890 0.151243 -0.015320
v -0.017025 0.151191 -0.015419
v -0.017139 0.151170 -0.015493
v -0.017258 0.151166 -0.015562
v -0.017380 0.151179 -0.015625
v -0.017502 0.151209 -0.015681
v -0.017653 0.151273 -0.015738
v -0.017768 0.151341 -0.015774
v -0.017877 0.151425 -0.015799
v -0.017976 0.151521 -0.015813
v -0.016854 0.151231 -0.014608
v -0.016979 0.151086 -0.014750
v -0.017143 0.150980 -0.014883
v -0.017283 0.150930 -0.014971
v -0.017403 0.150908 -0.015032
v -0.017528 0.150902 -0.015085
v -0.017656 0.150911 -0.015130
v -0.017785 0.150936 -0.015165
v -0.017945 0.150990 -0.015194
v -0.018068 0.151049 -0.015204
v -0.018185 0.151122 -0.015204
v -0.018292 0.151206 -0.015192
v -0.017158 0.150720 -0.014337
v -0.017329 0.150623 -0.014462
v -0.017473 0.150576 -0.014538
v -0.017596 0.150554 -0.014586
v -0.017724 0.150544 -0.014624
v -0.017855 0.150549 -0.014652
v -0.017986 0.150567 -0.014667
v -0.018148 0.150609 -0.014670
v -0.018274 0.150656 -0.014658
v -0.018393 0.150716 -0.014634
v -0.017179 0.149846 -0.013500
v -0.017329 0.149751 -0.013631
v -0.017510 0.149674 -0.013731
v -0.017656 0.149633 -0.013780
v -0.017778 0.149610 -0.013805
v -0.017903 0.149595 -0.013817
v -0.018029 0.149588 -0.013816
v -0.018155 0.149591 -0.013801
v -0.018308 0.149607 -0.013764
v -0.018426 0.149629 -0.013720
v -0.018536 0.149660 -0.013664
v -0.018638 0.149699 -0.013597
v -0.018613 0.150278 -0.014062
v -0.018506 0.150223 -0.014116
v -0.018390 0.150178 -0.014158
v -0.018266 0.150143 -0.014188
v -0.018106 0.150114 -0.014208
v -0.017977 0.150104 -0.014209
v -0.017847 0.150105 -0.014197
v -0.017719 0.150117 -0.014173
v -0.017596 0.150139 -0.014137
v -0.017449 0.150183 -0.014074
v -0.017273 0.150270 -0.013960
v -0.017132 0.150382 -0.013821
v -0.017178 0.149257 -0.013239
v -0.017335 0.149176 -0.013357
v -0.017517 0.149108 -0.013441
v -0.017662 0.149069 -0.013478
v -0.017780 0.149045 -0.013493
v -0.017901 0.149028 -0.013494
v -0.018021 0.149016 -0.013482
v -0.018140 0.149012 -0.013457
v -0.018284 0.149016 -0.013408
v -0.018394 0.149027 -0.013354
v -0.018497 0.149045 -0.013290
v -0.018591 0.149068 -0.013215
v -0.017137 0.148627 -0.013040
v -0.017299 0.148558 -0.013142
v -0.017480 0.148498 -0.013210
v -0.017621 0.148461 -0.013235
v -0.017734 0.148436 -0.013240
v -0.017849 0.148416 -0.013233
v -0.017962 0.148401 -0.013214
v -0.018073 0.148390 -0.013182
v -0.018207 0.148384 -0.013124
v -0.018309 0.148385 -0.013065
v -0.018403 0.148391 -0.012996
v -0.018489 0.148402 -0.012917
v -0.018295 0.147499 -0.012651
v -0.018219 0.147501 -0.012730
v -0.018135 0.147507 -0.012801
v -0.018045 0.147517 -0.012862
v -0.017925 0.147534 -0.012925
v -0.017825 0.147551 -0.012963
v -0.017722 0.147571 -0.012989
v -0.017617 0.147594 -0.013005
v -0.017511 0.147620 -0.013009
v -0.017379 0.147655 -0.012997
v -0.017203 0.147709 -0.012951
v -0.017066 0.146829 -0.012857
v -0.017231 0.146779 -0.012884
v -0.017354 0.146744 -0.012884
v -0.017450 0.146718 -0.012872
v -0.017544 0.146693 -0.012851
v -0.017637 0.146669 -0.012821
v -0.017726 0.146647 -0.012780
v -0.017832 0.146622 -0.012717
v -0.017911 0.146604 -0.012657
v -0.017984 0.146589 -0.012589
v -0.017625 0.145194 -0.012518
v -0.017570 0.145217 -0.012583
v -0.017511 0.145241 -0.012643
v -0.017447 0.145266 -0.012697
v -0.017360 0.145299 -0.012756
v -0.017288 0.145326 -0.012795
v -0.017212 0.145353 -0.012827
v -0.017133 0.145381 -0.012852
v -0.017053 0.145408 -0.012870
v -0.016949 0.145443 -0.012883
v -0.016805 0.145490 -0.012879
v -0.016662 0.145534 -0.012853
v -0.016369 0.144203 -0.013077
v -0.016488 0.144160 -0.013081
v -0.016605 0.144113 -0.013069
v -0.016688 0.144078 -0.013050
v -0.016752 0.144049 -0.013030
v -0.016814 0.144020 -0.013005
v -0.016873 0.143991 -0.012975
v -0.016930 0.143962 -0.012940
v -0.016997 0.143925 -0.012891
v -0.017047 0.143896 -0.012846
v -0.017094 0.143867 -0.012797
v -0.017137 0.143839 -0.012745
v -0.015989 0.142853 -0.013495
v -0.016076 0.142807 -0.013486
v -0.016160 0.142759 -0.013467
v -0.016218 0.142723 -0.013448
v -0.016263 0.142694 -0.013430
v -0.016306 0.142664 -0.013410
v -0.016347 0.142634 -0.013386
v -0.016387 0.142604 -0.013360
v -0.016434 0.142566 -0.013324
v -0.016470 0.142535 -0.013292
v -0.016503 0.142505 -0.013258
v -0.016534 0.142474 -0.013221
v -0.015583 0.141864 -0.013993
v -0.015638 0.141817 -0.013984
v -0.015690 0.141767 -0.013970
v -0.015727 0.141730 -0.013957
v -0.015754 0.141701 -0.013946
v -0.015781 0.141671 -0.013932
v -0.015806 0.141641 -0.013918
v -0.015830 0.141611 -0.013902
v -0.015860 0.141573 -0.013880
v -0.015882 0.141542 -0.013861
v -0.015902 0.141511 -0.013841
v -0.015922 0.141481 -0.013819
v -0.015351 0.141515 -0.014269
v -0.015391 0.141466 -0.014265
v -0.015428 0.141416 -0.014257
v -0.015453 0.141379 -0.014249
v -0.015473 0.141350 -0.014242
v -0.015491 0.141320 -0.014234
v -0.015509 0.141290 -0.014225
v -0.015526 0.141260 -0.014215
v -0.015546 0.141222 -0.014202
v -0.015561 0.141192 -0.014189
v -0.015575 0.141161 -0.014176
v -0.015588 0.141130 -0.014162
v -0.015073 0.141284 -0.014580
v -0.015097 0.141234 -0.014584
v -0.015118 0.141184 -0.014586
v -0.015133 0.141147 -0.014586
v -0.015144 0.141118 -0.014585
v -0.015154 0.141088 -0.014584
v -0.015163 0.141058 -0.014582
v -0.015172 0.141028 -0.014579
v -0.015182 0.140990 -0.014574
v -0.015189 0.140960 -0.014570
v -0.015196 0.140929 -0.014565
v -0.015202 0.140899 -0.014559
v -0.014717 0.141245 -0.014941
v -0.014725 0.141196 -0.014960
v -0.014731 0.141145 -0.014977
v -0.014734 0.141108 -0.014988
v -0.014735 0.141079 -0.014996
v -0.014736 0.141049 -0.015004
v -0.014737 0.141020 -0.015010
v -0.014736 0.140990 -0.015017
v -0.014735 0.140952 -0.015023
v -0.014733 0.140921 -0.015028
v -0.014730 0.140891 -0.015032
v -0.014727 0.140860 -0.015036
v -0.014364 0.141458 -0.015264
v -0.014361 0.141409 -0.015301
v -0.014355 0.141359 -0.015335
v -0.014349 0.141322 -0.015358
v -0.014343 0.141292 -0.015376
v -0.014336 0.141263 -0.015393
v -0.014328 0.141233 -0.015409
v -0.014319 0.141203 -0.015424
v -0.014307 0.141165 -0.015442
v -0.014297 0.141134 -0.015456
v -0.014285 0.141104 -0.015468
v -0.014273 0.141073 -0.015480
v -0.014052 0.141829 -0.015529
v -0.014043 0.141781 -0.015582
v -0.014029 0.141732 -0.015633
v -0.014017 0.141695 -0.015668
v -0.014006 0.141665 -0.015695
v -0.013993 0.141636 -0.015721
v -0.013979 0.141606 -0.015746
v -0.013964 0.141576 -0.015769
v -0.013943 0.141537 -0.015798
v -0.013924 0.141507 -0.015819
v -0.013904 0.141476 -0.015839
v -0.013884 0.141445 -0.015858
v -0.013784 0.142286 -0.015747
v -0.013773 0.142239 -0.015817
v -0.013756 0.142190 -0.015883
v -0.013740 0.142154 -0.015930
v -0.013724 0.142124 -0.015966
v -0.013707 0.142095 -0.016000
v -0.013688 0.142065 -0.016033
v -0.013667 0.142035 -0.016064
v -0.013639 0.141996 -0.016102
v -0.013613 0.141965 -0.016130
v -0.013587 0.141935 -0.016157
v -0.013558 0.141904 -0.016182
v -0.013191 0.142621 -0.016572
v -0.013229 0.142652 -0.016540
v -0.013265 0.142682 -0.016505
v -0.013298 0.142713 -0.016468
v -0.013336 0.142751 -0.016418
v -0.013363 0.142781 -0.016377
v -0.013388 0.142811 -0.016333
v -0.013409 0.142840 -0.016288
v -0.013428 0.142869 -0.016241
v -0.013447 0.142906 -0.016180
v -0.013465 0.142953 -0.016092
v -0.013227 0.143759 -0.016219
v -0.013225 0.143715 -0.016329
v -0.013210 0.143668 -0.016436
v -0.013191 0.143632 -0.016511
v -0.013171 0.143604 -0.016569
v -0.013146 0.143574 -0.016624
v -0.013118 0.143545 -0.016678
v -0.013086 0.143515 -0.016729
v -0.013040 0.143478 -0.016790
v -0.013000 0.143448 -0.016836
v -0.012955 0.143418 -0.016878
v -0.012908 0.143389 -0.016918
v -0.012573 0.145004 -0.017524
v -0.012636 0.145028 -0.017471
v -0.012695 0.145053 -0.017414
v -0.012748 0.145079 -0.017351
v -0.012805 0.145112 -0.017268
v -0.012844 0.145139 -0.017197
v -0.012876 0.145167 -0.017124
v -0.012902 0.145195 -0.017047
v -0.012920 0.145222 -0.016969
v -0.012933 0.145257 -0.016868
v -0.012933 0.145304 -0.016727
v -0.012910 0.145348 -0.016588
v -0.012834 0.146397 -0.016789
v -0.012879 0.146350 -0.016943
v -0.012896 0.146302 -0.017102
v -0.012891 0.146267 -0.017218
v -0.012877 0.146241 -0.017308
v -0.012854 0.146214 -0.017397
v -0.012822 0.146189 -0.017484
v -0.012782 0.146165 -0.017567
v -0.012720 0.146137 -0.017666
v -0.012661 0.146116 -0.017739
v -0.012596 0.146097 -0.017808
v -0.012524 0.146080 -0.017869
v -0.012941 0.147387 -0.017121
v -0.012980 0.147335 -0.017294
v -0.012987 0.147300 -0.017423
v -0.012980 0.147274 -0.017525
v -0.012962 0.147250 -0.017626
v -0.012933 0.147228 -0.017725
v -0.012895 0.147209 -0.017822
v -0.012831 0.147189 -0.017936
v -0.012770 0.147176 -0.018023
v -0.012700 0.147166 -0.018102
v -0.012622 0.147160 -0.018175
v -0.012887 0.148220 -0.018418
v -0.012966 0.148212 -0.018334
v -0.013036 0.148208 -0.018242
v -0.013096 0.148210 -0.018143
v -0.013155 0.148218 -0.018012
v -0.013189 0.148231 -0.017903
v -0.013210 0.148247 -0.017791
v -0.013219 0.148268 -0.017679
v -0.013216 0.148293 -0.017567
v -0.013194 0.148329 -0.017428
v -0.013131 0.148388 -0.017247
v -0.013033 0.148454 -0.017085
v -0.013337 0.149411 -0.017146
v -0.013458 0.149326 -0.017301
v -0.013546 0.149256 -0.017483
v -0.013586 0.149217 -0.017629
v -0.013603 0.149193 -0.017748
v -0.013607 0.149176 -0.017870
v -0.013598 0.149166 -0.017992
v -0.013576 0.149163 -0.018112
v -0.013529 0.149170 -0.018259
v -0.013478 0.149184 -0.018371
v -0.013415 0.149205 -0.018476
v -0.013341 0.149233 -0.018573
v -0.013566 0.149901 -0.017141
v -0.013698 0.149804 -0.017289
v -0.013799 0.149726 -0.017470
v -0.013850 0.149685 -0.017616
v -0.013876 0.149662 -0.017738
v -0.013889 0.149647 -0.017864
v -0.013889 0.149641 -0.017990
v -0.013876 0.149645 -0.018116
v -0.013840 0.149662 -0.018271
v -0.013798 0.149686 -0.018389
v -0.013743 0.149718 -0.018500
v -0.013677 0.149759 -0.018603
v -0.013837 0.150352 -0.017100
v -0.013976 0.150241 -0.017241
v -0.014089 0.150155 -0.017418
v -0.014151 0.150111 -0.017565
v -0.014186 0.150088 -0.017688
v -0.014210 0.150076 -0.017816
v -0.014221 0.150075 -0.017945
v -0.014219 0.150085 -0.018075
v -0.014198 0.150113 -0.018235
v -0.014167 0.150147 -0.018358
v -0.014123 0.150192 -0.018474
v -0.014069 0.150245 -0.018581
v -0.014553 0.150616 -0.018389
v -0.014581 0.150560 -0.018270
v -0.014597 0.150515 -0.018145
v -0.014600 0.150476 -0.017982
v -0.014588 0.150459 -0.017851
v -0.014564 0.150456 -0.017720
v -0.014529 0.150466 -0.017592
v -0.014483 0.150488 -0.017469
v -0.014411 0.150534 -0.017324
v -0.014288 0.150629 -0.017152
v -0.014486 0.151099 -0.016890
v -0.014629 0.150960 -0.017016
v -0.014760 0.150857 -0.017183
v -0.014843 0.150808 -0.017325
v -0.014899 0.150786 -0.017446
v -0.014947 0.150779 -0.017573
v -0.014985 0.150786 -0.017702
v -0.015012 0.150809 -0.017833
v -0.015031 0.150858 -0.017994
v -0.015033 0.150913 -0.018119
v -0.015023 0.150982 -0.018237
v -0.014844 0.151374 -0.016714
v -0.014984 0.151223 -0.016836
v -0.015120 0.151113 -0.016997
v -0.015213 0.151062 -0.017135
v -0.015280 0.151040 -0.017253
v -0.015341 0.151035 -0.017375
v -0.015394 0.151046 -0.017501
v -0.015438 0.151074 -0.017627
v -0.015480 0.151132 -0.017783
v -0.015502 0.151196 -0.017904
v -0.015513 0.151274 -0.018017
v -0.015513 0.151364 -0.018122
v -0.015219 0.151582 -0.016485
v -0.015353 0.151422 -0.016604
v -0.015494 0.151305 -0.016761
v -0.015596 0.151253 -0.016893
v -0.015674 0.151231 -0.017005
v -0.015748 0.151228 -0.017122
v -0.015817 0.151242 -0.017241
v -0.015879 0.151274 -0.017360
v -0.015946 0.151339 -0.017506
v -0.015989 0.151410 -0.017618
v -0.016022 0.151496 -0.017722
v -0.016045 0.151595 -0.017818
v -0.015584 0.151707 -0.016210
v -0.015713 0.151541 -0.016331
v -0.015858 0.151421 -0.016483
v -0.015968 0.151367 -0.016609
v -0.016056 0.151346 -0.016714
v -0.016143 0.151344 -0.016823
v -0.016227 0.151360 -0.016932
v -0.016306 0.151394 -0.017040
v -0.016397 0.151464 -0.017172
v -0.016461 0.151539 -0.017271
v -0.016516 0.151630 -0.017363
v -0.016560 0.151734 -0.017445
v -0.013048 0.144502 -0.016539
v -0.013039 0.144456 -0.016663
v -0.013022 0.144421 -0.016752
v -0.013002 0.144392 -0.016820
v -0.012976 0.144364 -0.016886
v -0.012945 0.144335 -0.016950
v -0.012909 0.144306 -0.017011
v -0.012857 0.144270 -0.017083
v -0.012810 0.144242 -0.017137
v -0.012758 0.144214 -0.017187
v -0.015232 0.153799 -0.015195
v -0.015699 0.153757 -0.014601
v -0.016008 0.153635 -0.013920
v -0.016137 0.153440 -0.013200
v -0.016078 0.153186 -0.012489
v -0.015835 0.152891 -0.011836
v -0.015424 0.152574 -0.011286
v -0.014873 0.152257 -0.010874
v -0.014220 0.151961 -0.010631
v -0.013509 0.151708 -0.010572
v -0.012789 0.151513 -0.010701
v -0.012108 0.151391 -0.011010
v -0.011514 0.151349 -0.011478
v -0.011047 0.151391 -0.012072
v -0.010738 0.151513 -0.012752
v -0.010609 0.151708 -0.013472
v -0.010668 0.151962 -0.014183
v -0.010911 0.152258 -0.014836
v -0.011322 0.152575 -0.015387
v -0.011873 0.152892 -0.015798
v -0.012527 0.153187 -0.016041
v -0.013237 0.153441 -0.016100
v -0.013958 0.153635 -0.015971
v -0.014638 0.153758 -0.015662
v -0.021008 0.034054 0.022000
v -0.020941 0.033540 0.022000
v -0.020744 0.033060 0.022000
v -0.020430 0.032647 0.022000
v -0.020021 0.032329 0.022000
v -0.019543 0.032127 0.022000
v -0.019030 0.032054 0.022000
v -0.018515 0.032116 0.022000
v -0.018033 0.032308 0.022000
v -0.011130 0.035286 0.022000
v -0.003768 0.036808 0.022000
v 0.003750 0.036809 0.022000
v 0.011113 0.035292 0.022000
v 0.018018 0.032317 0.022000
v 0.018500 0.032125 0.022000
v 0.019014 0.032063 0.022000
v 0.019528 0.032136 0.022000
v 0.020005 0.032339 0.022000
v 0.020414 0.032657 0.022000
v 0.020728 0.033070 0.022000
v 0.020925 0.033550 0.022000
v 0.020992 0.034064 0.022000
v 0.021000 0.000005 0.022000
v 0.020286 -0.005430 0.022000
v 0.018189 -0.010496 0.022000
v 0.014853 -0.014846 0.022000
v 0.010504 -0.018184 0.022000
v 0.005440 -0.020283 0.022000
v 0.000005 -0.021000 0.022000
v -0.005430 -0.020286 0.022000
v -0.010496 -0.018189 0.022000
v -0.014846 -0.014853 0.022000
v -0.018184 -0.010504 0.022000
v -0.020283 -0.005440 0.022000
v -0.021000 -0.000005 0.022000
v -0.014379 0.083321 0.027000
v -0.011879 0.085329 0.027000
v -0.009102 0.086933 0.027000
v -0.006113 0.088096 0.027000
v -0.006333 0.088055 0.027000
v -0.006556 0.088064 0.027000
v -0.006771 0.088122 0.027000
v -0.006968 0.088227 0.027000
v -0.007137 0.088373 0.027000
v -0.007269 0.088552 0.027000
v -0.008558 0.090783 0.027000
v -0.009194 0.091611 0.027000
v -0.010022 0.092246 0.027000
v -0.010987 0.092646 0.027000
v -0.012022 0.092782 0.027000
v -0.013058 0.092645 0.027000
v -0.014022 0.092245 0.027000
v -0.014851 0.091609 0.027000
v -0.015486 0.090781 0.027000
v -0.015885 0.089816 0.027000
v -0.016022 0.088781 0.027000
v -0.015885 0.087745 0.027000
v -0.015485 0.086781 0.027000
v -0.014197 0.084551 0.027000
v -0.014107 0.084346 0.027000
v -0.014066 0.084127 0.027000
v -0.014073 0.083904 0.027000
v -0.014130 0.083688 0.027000
v -0.014234 0.083491 0.027000
v 0.015443 0.086788 0.027000
v 0.015842 0.087753 0.027000
v 0.015978 0.088788 0.027000
v 0.015842 0.089824 0.027000
v 0.015442 0.090788 0.027000
v 0.014806 0.091617 0.027000
v 0.013978 0.092252 0.027000
v 0.013013 0.092651 0.027000
v 0.011978 0.092788 0.027000
v 0.010942 0.092651 0.027000
v 0.009978 0.092251 0.027000
v 0.009149 0.091615 0.027000
v 0.008514 0.090787 0.027000
v 0.007227 0.088556 0.027000
v 0.007094 0.088376 0.027000
v 0.006925 0.088230 0.027000
v 0.006728 0.088126 0.027000
v 0.006513 0.088067 0.027000
v 0.006290 0.088058 0.027000
v 0.006071 0.088098 0.027000
v 0.009060 0.086937 0.027000
v 0.011837 0.085335 0.027000
v 0.014338 0.083328 0.027000
v 0.014194 0.083497 0.027000
v 0.014090 0.083695 0.027000
v 0.014033 0.083911 0.027000
v 0.014025 0.084134 0.027000
v 0.014066 0.084353 0.027000
v 0.014156 0.084557 0.027000
v -0.021016 0.067995 0.029000
v -0.019016 0.067995 0.032000
v -0.018370 0.072913 0.032000
v -0.016473 0.077496 0.032000
v -0.013455 0.081432 0.032000
v -0.009520 0.084452 0.032000
v -0.004938 0.086351 0.032000
v -0.000021 0.087000 0.032000
v 0.004897 0.086354 0.032000
v 0.009480 0.084457 0.032000
v 0.013415 0.081438 0.032000
v 0.016436 0.077504 0.032000
v 0.018335 0.072922 0.032000
v 0.018984 0.068005 0.032000
v 0.020984 0.068005 0.029000
v 0.020267 0.073440 0.029000
v 0.018168 0.078504 0.029000
v 0.014829 0.082853 0.029000
v 0.010479 0.086189 0.029000
v 0.005414 0.088286 0.029000
v -0.000022 0.089000 0.029000
v -0.005457 0.088283 0.029000
v -0.010521 0.086184 0.029000
v -0.014869 0.082846 0.029000
v -0.018206 0.078496 0.029000
v -0.020302 0.073430 0.029000
v 0.019000 0.000005 0.032000
v 0.021000 0.000005 0.029000
v -0.021000 -0.000005 0.029000
v -0.019000 -0.000005 0.032000
v 0.018354 -0.004913 0.032000
v 0.016457 -0.009496 0.032000
v 0.013438 -0.013432 0.032000
v 0.009504 -0.016452 0.032000
v 0.004922 -0.018351 0.032000
v 0.000005 -0.019000 0.032000
v -0.004913 -0.018354 0.032000
v -0.009496 -0.016457 0.032000
v -0.013432 -0.013438 0.032000
v -0.016452 -0.009504 0.032000
v -0.018351 -0.004922 0.032000
v -0.020283 -0.005440 0.029000
v -0.018184 -0.010504 0.029000
v -0.014846 -0.014853 0.029000
v -0.010496 -0.018189 0.029000
v -0.005430 -0.020286 0.029000
v 0.000005 -0.021000 0.029000
v 0.005440 -0.020283 0.029000
v 0.010504 -0.018184 0.029000
v 0.014853 -0.014846 0.029000
v 0.018189 -0.010496 0.029000
v 0.020286 -0.005430 0.029000
v 0.017227 0.094754 0.011977
v 0.019325 0.096853 0.008164
v 0.020066 0.097595 0.006115
v 0.020592 0.098121 0.004000
v 0.017227 0.094754 0.004000
v -0.017273 0.094746 0.011977
v -0.013916 0.094747 0.015747
v -0.009757 0.094748 0.018608
v -0.005035 0.094749 0.020393
v -0.000023 0.094750 0.021000
v 0.004989 0.094751 0.020393
v 0.009711 0.094752 0.018608
v 0.013870 0.094753 0.015747
v -0.017273 0.094746 0.004000
v -0.020639 0.098111 0.004000
v -0.020114 0.097585 0.006115
v -0.019372 0.096844 0.008164
v -0.017283 0.137246 0.011977
v -0.019381 0.135147 0.008164
v -0.020123 0.134405 0.006115
v -0.020648 0.133879 0.004000
v -0.017283 0.137246 0.004000
v 0.017217 0.137254 0.011977
v 0.013860 0.137253 0.015747
v 0.009701 0.137252 0.018608
v 0.004978 0.137251 0.020393
v -0.000033 0.137250 0.021000
v -0.005045 0.137249 0.020393
v -0.009767 0.137248 0.018608
v -0.013927 0.137247 0.015747
v 0.017217 0.137254 0.004000
v 0.020583 0.133889 0.004000
v 0.020057 0.134415 0.006115
v 0.019316 0.135156 0.008164
v 0.005617 0.163001 -0.002000
v 0.005942 0.163001 -0.000468
v 0.005859 0.163001 0.001096
v 0.005375 0.163001 0.002586
v 0.004521 0.163001 0.003899
v 0.003356 0.163001 0.004946
v 0.001961 0.163000 0.005657
v 0.000428 0.163000 0.005982
v -0.001136 0.163000 0.005899
v -0.002625 0.162999 0.005414
v -0.003938 0.162999 0.004560
v -0.004986 0.162999 0.003396
v -0.005696 0.162999 0.002000
v -0.006021 0.162999 0.000468
v -0.005938 0.162999 -0.001096
v -0.005454 0.162999 -0.002586
v -0.004600 0.162999 -0.003899
v -0.003435 0.162999 -0.004946
v -0.002039 0.163000 -0.005657
v -0.000507 0.163000 -0.005982
v 0.001057 0.163000 -0.005899
v 0.002546 0.163001 -0.005414
v 0.003859 0.163001 -0.004560
v 0.004907 0.163001 -0.003396
v 0.010777 0.163003 -0.002000
v 0.009891 0.163002 -0.004731
v 0.008328 0.163002 -0.007140
v 0.006195 0.163002 -0.009063
v 0.003637 0.163001 -0.010367
v 0.000828 0.163000 -0.010966
v -0.002039 0.163000 -0.010817
v -0.004771 0.162999 -0.009930
v -0.007180 0.162998 -0.008367
v -0.009102 0.162998 -0.006234
v -0.010407 0.162997 -0.003676
v -0.011005 0.162997 -0.000868
v -0.010856 0.162997 0.002000
v -0.009970 0.162998 0.004731
v -0.008407 0.162998 0.007140
v -0.006274 0.162998 0.009063
v -0.003716 0.162999 0.010367
v -0.000907 0.163000 0.010966
v 0.001961 0.163000 0.010817
v 0.004692 0.163001 0.009930
v 0.007101 0.163002 0.008367
v 0.009023 0.163002 0.006234
v 0.010328 0.163003 0.003676
v 0.010926 0.163003 0.000868
v 0.010777 0.162503 -0.002000
v 0.009891 0.162502 -0.004731
v 0.008328 0.162502 -0.007140
v 0.006195 0.162501 -0.009063
v 0.003637 0.162501 -0.010367
v 0.000828 0.162500 -0.010966
v -0.002039 0.162500 -0.010817
v -0.004771 0.162499 -0.009930
v -0.007180 0.162498 -0.008367
v -0.009102 0.162498 -0.006234
v -0.010407 0.162497 -0.003676
v -0.011005 0.162497 -0.000868
v -0.010856 0.162497 0.002000
v -0.009970 0.162498 0.004731
v -0.008407 0.162498 0.007140
v -0.006274 0.162498 0.009063
v -0.003716 0.162499 0.010367
v -0.000907 0.162500 0.010966
v 0.001961 0.162500 0.010817
v 0.004692 0.162501 0.009930
v 0.007101 0.162502 0.008367
v 0.009023 0.162502 0.006234
v 0.010328 0.162503 0.003676
v 0.010926 0.162503 0.000868
v 0.026385 0.162506 -0.002000
v 0.026096 0.162506 0.004382
v 0.024288 0.162506 0.010509
v 0.021066 0.162505 0.016026
v 0.016617 0.162504 0.020611
v 0.011201 0.162503 0.023998
v 0.005131 0.162501 0.025991
v -0.001239 0.162500 0.026473
v -0.007540 0.162498 0.025416
v -0.013404 0.162497 0.022883
v -0.018492 0.162496 0.019020
v -0.022508 0.162495 0.014051
v -0.025217 0.162494 0.008266
v -0.026464 0.162494 0.002000
v -0.026175 0.162494 -0.004382
v -0.024366 0.162494 -0.010509
v -0.021145 0.162495 -0.016026
v -0.016696 0.162496 -0.020611
v -0.011280 0.162497 -0.023998
v -0.005210 0.162499 -0.025991
v 0.001160 0.162500 -0.026473
v 0.007461 0.162502 -0.025416
v 0.013325 0.162503 -0.022883
v 0.018413 0.162504 -0.019020
v 0.022429 0.162505 -0.014051
v 0.025139 0.162506 -0.008266
v 0.027889 0.164007 -0.002000
v 0.026599 0.164006 -0.008626
v 0.023760 0.164006 -0.014750
v 0.019539 0.164005 -0.020017
v 0.014179 0.164003 -0.024121
v 0.007994 0.164002 -0.026823
v 0.001341 0.164000 -0.027966
v -0.005392 0.163999 -0.027484
v -0.011813 0.163997 -0.025404
v -0.017551 0.163996 -0.021849
v -0.022271 0.163995 -0.017023
v -0.025699 0.163994 -0.011208
v -0.027635 0.163993 -0.004742
v -0.027968 0.163993 0.002000
v -0.026678 0.163994 0.008626
v -0.023840 0.163994 0.014750
v -0.019618 0.163995 0.020017
v -0.014259 0.163997 0.024121
v -0.008073 0.163998 0.026823
v -0.001421 0.164000 0.027966
v 0.005312 0.164001 0.027484
v 0.011734 0.164003 0.025404
v 0.017471 0.164004 0.021849
v 0.022191 0.164005 0.017023
v 0.025619 0.164006 0.011208
v 0.027556 0.164007 0.004742
v 0.029894 0.164007 -0.002000
v 0.028625 0.164007 -0.008849
v 0.025812 0.164006 -0.015221
v 0.021605 0.164005 -0.020773
v 0.016231 0.164004 -0.025204
v 0.009980 0.164002 -0.028277
v 0.003188 0.164001 -0.029826
v -0.003777 0.163999 -0.029766
v -0.010541 0.163997 -0.028102
v -0.016738 0.163996 -0.024923
v -0.022036 0.163995 -0.020400
v -0.026148 0.163994 -0.014778
v -0.028852 0.163993 -0.008358
v -0.030003 0.163993 -0.001489
v -0.029538 0.163993 0.005462
v -0.027484 0.163993 0.012117
v -0.023950 0.163994 0.018120
v -0.019126 0.163995 0.023145
v -0.013274 0.163997 0.026923
v -0.006709 0.163998 0.029249
v 0.000216 0.164000 0.029999
v 0.007128 0.164002 0.029131
v 0.013653 0.164003 0.026693
v 0.019439 0.164005 0.022816
v 0.024176 0.164006 0.017709
v 0.027607 0.164007 0.011647
v 0.029548 0.164007 0.004957
v 0.029895 0.159007 -0.002000
v 0.028627 0.159007 -0.008849
v 0.025813 0.159006 -0.015221
v 0.021606 0.159005 -0.020773
v 0.016232 0.159004 -0.025204
v 0.009981 0.159002 -0.028277
v 0.003190 0.159001 -0.029826
v -0.003776 0.158999 -0.029766
v -0.010539 0.158997 -0.028102
v -0.016737 0.158996 -0.024923
v -0.022035 0.158995 -0.020400
v -0.026146 0.158994 -0.014778
v -0.028851 0.158993 -0.008358
v -0.030002 0.158993 -0.001489
v -0.029537 0.158993 0.005462
v -0.027483 0.158993 0.012117
v -0.023948 0.158994 0.018120
v -0.019125 0.158995 0.023145
v -0.013273 0.158997 0.026923
v -0.006708 0.158998 0.029249
v 0.000218 0.159000 0.029999
v 0.007129 0.159002 0.029131
v 0.013654 0.159003 0.026693
v 0.019441 0.159005 0.022816
v 0.024177 0.159006 0.017709
v 0.027608 0.159007 0.011647
v 0.029549 0.159007 0.004957
v 0.005963 0.153001 0.000000
v 0.005758 0.153001 -0.001553
v 0.005159 0.153001 -0.003000
v 0.004206 0.153001 -0.004243
v 0.002963 0.153001 -0.005196
v 0.001516 0.153000 -0.005796
v -0.000037 0.153000 -0.006000
v -0.001590 0.153000 -0.005796
v -0.003037 0.152999 -0.005196
v -0.004280 0.152999 -0.004243
v -0.005233 0.152999 -0.003000
v -0.005833 0.152999 -0.001553
v -0.006037 0.152999 0.000000
v -0.005833 0.152999 0.001553
v -0.005233 0.152999 0.003000
v -0.004280 0.152999 0.004243
v -0.003037 0.152999 0.005196
v -0.001590 0.153000 0.005796
v -0.000037 0.153000 0.006000
v 0.001516 0.153000 0.005796
v 0.002963 0.153001 0.005196
v 0.004206 0.153001 0.004243
v 0.005159 0.153001 0.003000
v 0.005758 0.153001 0.001553
v 0.005477 0.147534 0.000000
v 0.004175 0.142786 0.000000
v 0.003298 0.140843 0.000000
v 0.002300 0.139323 0.000000
v 0.001758 0.138758 0.000000
v 0.001189 0.138342 0.000000
v 0.000592 0.138086 0.000000
v 0.000283 0.138022 0.000000
v -0.000033 0.138000 0.000000
v 0.005283 0.150306 -0.002516
v 0.004856 0.150306 -0.003269
v 0.003697 0.150306 -0.004549
v 0.000540 0.150305 -0.005856
v -0.001184 0.150305 -0.005771
v -0.002019 0.150304 -0.005540
v -0.005314 0.150304 -0.002603
v -0.005808 0.150304 0.001148
v -0.003916 0.150304 0.004424
v -0.000421 0.150305 0.005872
v 0.003233 0.150306 0.004893
v 0.005536 0.150306 0.001891
v 0.005784 0.150306 -0.000863
v 0.004724 0.144571 -0.000706
v 0.003589 0.141500 -0.000537
v 0.002920 0.140241 -0.000438
v 0.002191 0.139223 -0.000330
v 0.001673 0.138700 -0.000253
v 0.001130 0.138315 -0.000173
v 0.000561 0.138080 -0.000088
v 0.005594 0.150306 -0.001708
v 0.004569 0.144571 -0.001397
v 0.003471 0.141500 -0.001063
v 0.002824 0.140241 -0.000867
v 0.002118 0.139223 -0.000653
v 0.001617 0.138700 -0.000501
v 0.001092 0.138315 -0.000341
v 0.000541 0.138080 -0.000174
v 0.003965 0.144571 -0.002673
v 0.003011 0.141499 -0.002035
v 0.002449 0.140241 -0.001659
v 0.001836 0.139223 -0.001249
v 0.001401 0.138700 -0.000958
v 0.000944 0.138315 -0.000653
v 0.000466 0.138080 -0.000334
v 0.000510 0.138080 -0.000257
v 0.001029 0.138315 -0.000503
v 0.001526 0.138700 -0.000738
v 0.001999 0.139223 -0.000962
v 0.002666 0.140241 -0.001277
v 0.003277 0.141500 -0.001566
v 0.004314 0.144571 -0.002057
v 0.003017 0.144571 -0.003719
v 0.002289 0.141499 -0.002831
v 0.001860 0.140241 -0.002308
v 0.001393 0.139223 -0.001738
v 0.001061 0.138700 -0.001334
v 0.000712 0.138315 -0.000909
v 0.000348 0.138080 -0.000464
v 0.000412 0.138080 -0.000403
v 0.000838 0.138315 -0.000790
v 0.001245 0.138700 -0.001159
v 0.001633 0.139223 -0.001510
v 0.002179 0.140241 -0.002005
v 0.002680 0.141499 -0.002460
v 0.003530 0.144571 -0.003231
v 0.004324 0.150306 -0.003952
v 0.002215 0.150305 -0.005436
v 0.001806 0.144571 -0.004445
v 0.001367 0.141499 -0.003384
v 0.001109 0.140241 -0.002759
v 0.000827 0.139223 -0.002078
v 0.000627 0.138700 -0.001594
v 0.000416 0.138315 -0.001086
v 0.000196 0.138079 -0.000555
v 0.000275 0.138080 -0.000515
v 0.000571 0.138315 -0.001009
v 0.000853 0.138700 -0.001480
v 0.001122 0.139223 -0.001929
v 0.001501 0.140241 -0.002561
v 0.001849 0.141499 -0.003142
v 0.002438 0.144571 -0.004127
v 0.002989 0.150306 -0.005047
v 0.001393 0.150305 -0.005708
v 0.001134 0.144571 -0.004667
v 0.000856 0.141499 -0.003553
v 0.000692 0.140241 -0.002897
v 0.000513 0.139223 -0.002182
v 0.000386 0.138700 -0.001673
v 0.000252 0.138315 -0.001141
v 0.000113 0.138079 -0.000583
v -0.000325 0.150305 -0.005877
v -0.000271 0.144570 -0.004805
v -0.000214 0.141499 -0.003659
v -0.000181 0.140240 -0.002983
v -0.000144 0.139223 -0.002246
v -0.000118 0.138700 -0.001723
v -0.000091 0.138315 -0.001174
v -0.000063 0.138079 -0.000600
v 0.000025 0.138079 -0.000598
v 0.000082 0.138315 -0.001170
v 0.000135 0.138700 -0.001717
v 0.000187 0.139223 -0.002238
v 0.000259 0.140240 -0.002972
v 0.000325 0.141499 -0.003645
v 0.000437 0.144570 -0.004788
v -0.001656 0.144570 -0.004530
v -0.001268 0.141498 -0.003449
v -0.001040 0.140240 -0.002812
v -0.000791 0.139222 -0.002118
v -0.000615 0.138699 -0.001624
v -0.000430 0.138315 -0.001107
v -0.000236 0.138079 -0.000566
v -0.000151 0.138079 -0.000589
v -0.000263 0.138315 -0.001153
v -0.000370 0.138699 -0.001692
v -0.000472 0.139223 -0.002206
v -0.000617 0.140240 -0.002929
v -0.000749 0.141499 -0.003593
v -0.000974 0.144570 -0.004719
v -0.003542 0.150304 -0.004726
v -0.002901 0.144570 -0.003864
v -0.002216 0.141498 -0.002942
v -0.001813 0.140240 -0.002399
v -0.001373 0.139222 -0.001806
v -0.001061 0.138699 -0.001386
v -0.000734 0.138315 -0.000944
v -0.000391 0.138079 -0.000483
v -0.000317 0.138079 -0.000530
v -0.000588 0.138315 -0.001037
v -0.000847 0.138699 -0.001521
v -0.001094 0.139222 -0.001983
v -0.001442 0.140240 -0.002634
v -0.001761 0.141498 -0.003230
v -0.002303 0.144570 -0.004243
v -0.002810 0.150304 -0.005189
v -0.004819 0.150304 -0.003427
v -0.003946 0.144569 -0.002802
v -0.003012 0.141498 -0.002134
v -0.002461 0.140240 -0.001739
v -0.001862 0.139222 -0.001310
v -0.001436 0.138699 -0.001005
v -0.000989 0.138315 -0.000685
v -0.000522 0.138079 -0.000350
v -0.000458 0.138079 -0.000425
v -0.000865 0.138315 -0.000831
v -0.001253 0.138699 -0.001220
v -0.001624 0.139222 -0.001590
v -0.002146 0.140240 -0.002112
v -0.002624 0.141498 -0.002590
v -0.003437 0.144570 -0.003402
v -0.004197 0.150304 -0.004161
v -0.004350 0.144569 -0.002128
v -0.003319 0.141498 -0.001620
v -0.002712 0.140240 -0.001321
v -0.002051 0.139222 -0.000995
v -0.001581 0.138699 -0.000763
v -0.001088 0.138315 -0.000520
v -0.000572 0.138079 -0.000266
v -0.005870 0.150304 -0.000768
v -0.004805 0.144569 -0.000628
v -0.003666 0.141498 -0.000478
v -0.002995 0.140240 -0.000390
v -0.002263 0.139222 -0.000294
v -0.001744 0.138699 -0.000225
v -0.001199 0.138315 -0.000153
v -0.000629 0.138079 -0.000078
v -0.000608 0.138079 -0.000174
v -0.001159 0.138315 -0.000341
v -0.001684 0.138699 -0.000501
v -0.002186 0.139222 -0.000653
v -0.002892 0.140240 -0.000867
v -0.003539 0.141498 -0.001063
v -0.004639 0.144569 -0.001397
v -0.005667 0.150304 -0.001708
v -0.005918 0.150304 0.000193
v -0.004844 0.144569 0.000157
v -0.003695 0.141498 0.000120
v -0.003019 0.140240 0.000098
v -0.002282 0.139222 0.000074
v -0.001758 0.138699 0.000056
v -0.001209 0.138315 0.000038
v -0.000634 0.138079 0.000020
v -0.005544 0.150304 0.002073
v -0.004538 0.144569 0.001695
v -0.003462 0.141498 0.001290
v -0.002829 0.140240 0.001052
v -0.002139 0.139222 0.000792
v -0.001648 0.138699 0.000608
v -0.001134 0.138315 0.000414
v -0.000596 0.138079 0.000212
v -0.000623 0.138079 0.000117
v -0.001187 0.138315 0.000229
v -0.001726 0.138699 0.000337
v -0.002239 0.139222 0.000439
v -0.002963 0.140240 0.000583
v -0.003627 0.141498 0.000715
v -0.004754 0.144569 0.000939
v -0.004585 0.150304 0.003733
v -0.003754 0.144569 0.003052
v -0.002866 0.141498 0.002324
v -0.002342 0.140240 0.001894
v -0.001772 0.139222 0.001427
v -0.001367 0.138699 0.001094
v -0.000942 0.138315 0.000746
v -0.000498 0.138079 0.000381
v -0.000554 0.138079 0.000300
v -0.001052 0.138315 0.000588
v -0.001528 0.138699 0.000863
v -0.001981 0.139222 0.001124
v -0.002620 0.140240 0.001493
v -0.003206 0.141498 0.001831
v -0.004202 0.144569 0.002406
v -0.005132 0.150304 0.002942
v -0.003207 0.144570 0.003617
v -0.002449 0.141498 0.002754
v -0.002003 0.140240 0.002245
v -0.001517 0.139222 0.001691
v -0.001171 0.138699 0.001297
v -0.000809 0.138315 0.000884
v -0.000430 0.138079 0.000452
v -0.002288 0.150304 0.005436
v -0.001876 0.144570 0.004445
v -0.001436 0.141498 0.003384
v -0.001177 0.140240 0.002759
v -0.000894 0.139222 0.002078
v -0.000694 0.138699 0.001594
v -0.000483 0.138315 0.001086
v -0.000263 0.138079 0.000555
v -0.000351 0.138079 0.000510
v -0.000654 0.138315 0.000998
v -0.000945 0.138699 0.001465
v -0.001221 0.139222 0.001910
v -0.001611 0.140240 0.002536
v -0.001969 0.141498 0.003111
v -0.002576 0.144570 0.004086
v -0.003144 0.150304 0.004997
v -0.001373 0.150305 0.005731
v -0.001128 0.144570 0.004685
v -0.000866 0.141499 0.003567
v -0.000712 0.140240 0.002908
v -0.000544 0.139223 0.002190
v -0.000425 0.138699 0.001680
v -0.000301 0.138315 0.001145
v -0.000170 0.138079 0.000585
v 0.000540 0.150305 0.005856
v 0.000437 0.144570 0.004788
v 0.000325 0.141499 0.003645
v 0.000259 0.140240 0.002972
v 0.000187 0.139223 0.002238
v 0.000135 0.138700 0.001717
v 0.000082 0.138315 0.001170
v 0.000025 0.138079 0.000598
v -0.000073 0.138079 0.000600
v -0.000110 0.138315 0.001173
v -0.000146 0.138700 0.001721
v -0.000181 0.139223 0.002244
v -0.000229 0.140240 0.002980
v -0.000274 0.141499 0.003655
v -0.000350 0.144570 0.004801
v 0.002392 0.150306 0.005360
v 0.001951 0.144571 0.004382
v 0.001477 0.141499 0.003336
v 0.001198 0.140241 0.002720
v 0.000894 0.139223 0.002049
v 0.000678 0.138700 0.001571
v 0.000452 0.138315 0.001071
v 0.000214 0.138079 0.000547
v 0.000122 0.138079 0.000580
v 0.000271 0.138315 0.001136
v 0.000413 0.138700 0.001666
v 0.000548 0.139223 0.002172
v 0.000739 0.140241 0.002884
v 0.000914 0.141499 0.003538
v 0.001210 0.144571 0.004647
v 0.001487 0.150305 0.005684
v 0.002638 0.144571 0.004000
v 0.002001 0.141499 0.003046
v 0.001625 0.140241 0.002483
v 0.001216 0.139223 0.001870
v 0.000925 0.138700 0.001434
v 0.000620 0.138315 0.000978
v 0.000300 0.138080 0.000500
v 0.004632 0.150306 0.003582
v 0.003782 0.144571 0.002929
v 0.002872 0.141499 0.002230
v 0.002335 0.140241 0.001818
v 0.001751 0.139223 0.001369
v 0.001335 0.138700 0.001050
v 0.000899 0.138315 0.000716
v 0.000443 0.138080 0.000366
v 0.000377 0.138080 0.000438
v 0.000770 0.138315 0.000858
v 0.001146 0.138700 0.001259
v 0.001504 0.139223 0.001641
v 0.002007 0.140241 0.002180
v 0.002470 0.141499 0.002673
v 0.003254 0.144571 0.003511
v 0.003986 0.150306 0.004295
v 0.005153 0.150306 0.002774
v 0.004208 0.144571 0.002268
v 0.003196 0.141500 0.001727
v 0.002600 0.140241 0.001408
v 0.001950 0.139223 0.001060
v 0.001488 0.138700 0.000813
v 0.001003 0.138315 0.000554
v 0.000496 0.138080 0.000283
v 0.005769 0.150306 0.000959
v 0.004712 0.144571 0.000784
v 0.003580 0.141500 0.000597
v 0.002912 0.140241 0.000486
v 0.002185 0.139223 0.000366
v 0.001669 0.138700 0.000281
v 0.001127 0.138315 0.000192
v 0.000559 0.138080 0.000098
v 0.000535 0.138080 0.000193
v 0.001080 0.138315 0.000378
v 0.001600 0.138700 0.000555
v 0.002096 0.139223 0.000723
v 0.002794 0.140241 0.000960
v 0.003434 0.141500 0.001177
v 0.004521 0.144571 0.001546
v -0.014367 0.153229 0.014329
v -0.014049 0.153207 0.014579
v -0.013685 0.153141 0.014744
v -0.013301 0.153037 0.014813
v -0.012921 0.152902 0.014782
v -0.012572 0.152744 0.014652
v -0.012277 0.152574 0.014432
v -0.012057 0.152405 0.014138
v -0.011927 0.152247 0.013789
v -0.011896 0.152111 0.013409
v -0.011965 0.152007 0.013024
v -0.012130 0.151942 0.012660
v -0.012380 0.151919 0.012343
v -0.012697 0.151942 0.012093
v -0.013061 0.152007 0.011928
v -0.013446 0.152111 0.011859
v -0.013826 0.152247 0.011890
v -0.014175 0.152404 0.012020
v -0.014469 0.152574 0.012240
v -0.014689 0.152743 0.012535
v -0.014819 0.152901 0.012884
v -0.014851 0.153037 0.013263
v -0.014781 0.153141 0.013648
v -0.014616 0.153207 0.014012
v -0.015232 0.153799 0.015195
v -0.015699 0.153757 0.014601
v -0.016008 0.153635 0.013920
v -0.016137 0.153440 0.013200
v -0.016078 0.153186 0.012489
v -0.015835 0.152891 0.011836
v -0.015424 0.152574 0.011286
v -0.014873 0.152257 0.010874
v -0.014220 0.151961 0.010631
v -0.013509 0.151708 0.010572
v -0.012789 0.151513 0.010701
v -0.012108 0.151391 0.011010
v -0.011514 0.151349 0.011478
v -0.011047 0.151391 0.012072
v -0.010738 0.151513 0.012752
v -0.010609 0.151708 0.013472
v -0.010668 0.151962 0.014183
v -0.010911 0.152258 0.014836
v -0.011322 0.152575 0.015387
v -0.011873 0.152892 0.015798
v -0.012527 0.153187 0.016041
v -0.013237 0.153441 0.016100
v -0.013958 0.153635 0.015971
v -0.014638 0.153758 0.015662
v -0.015839 0.151958 0.015802
v -0.016088 0.151932 0.015533
v -0.016313 0.151856 0.015250
v -0.016509 0.151731 0.014960
v -0.016675 0.151559 0.014670
v -0.016810 0.151343 0.014386
v -0.016916 0.151087 0.014114
v -0.017039 0.150471 0.013631
v -0.017067 0.149746 0.013246
v -0.017024 0.148946 0.012967
v -0.016809 0.147230 0.012720
v -0.016500 0.145466 0.012820
v -0.016128 0.143741 0.013198
v -0.015643 0.142167 0.013842
v -0.015484 0.141833 0.014051
v -0.015299 0.141551 0.014283
v -0.015194 0.141438 0.014408
v -0.015081 0.141351 0.014536
v -0.014960 0.141296 0.014667
v -0.014833 0.141277 0.014799
v -0.014701 0.141297 0.014926
v -0.014570 0.141352 0.015048
v -0.014441 0.141439 0.015161
v -0.014317 0.141551 0.015265
v -0.014086 0.141833 0.015450
v -0.013876 0.142169 0.015609
v -0.013233 0.143741 0.016094
v -0.012854 0.145466 0.016466
v -0.012756 0.147231 0.016772
v -0.013003 0.148947 0.016988
v -0.013280 0.149746 0.017031
v -0.013666 0.150471 0.017003
v -0.014150 0.151088 0.016880
v -0.014422 0.151344 0.016775
v -0.014706 0.151560 0.016640
v -0.014996 0.151732 0.016473
v -0.015286 0.151857 0.016276
v -0.015569 0.151932 0.016051
v -0.017098 0.151896 0.017061
v -0.016997 0.151698 0.016960
v -0.016865 0.151542 0.016828
v -0.016710 0.151435 0.016673
v -0.016541 0.151384 0.016505
v -0.016369 0.151392 0.016332
v -0.016203 0.151460 0.016166
v -0.016054 0.151581 0.016017
v -0.015930 0.151751 0.015893
v -0.017445 0.151868 0.016685
v -0.017757 0.151785 0.016287
v -0.018025 0.151649 0.015877
v -0.018250 0.151462 0.015465
v -0.018567 0.150952 0.014666
v -0.018712 0.150291 0.013957
v -0.018715 0.149519 0.013376
v -0.018610 0.148673 0.012934
v -0.018430 0.147787 0.012634
v -0.018198 0.146881 0.012465
v -0.017632 0.145061 0.012462
v -0.016962 0.143301 0.012843
v -0.016576 0.142471 0.013171
v -0.016131 0.141708 0.013603
v -0.015874 0.141373 0.013865
v -0.015584 0.141088 0.014164
v -0.015256 0.140888 0.014502
v -0.015080 0.140832 0.014681
v -0.014898 0.140814 0.014864
v -0.014715 0.140834 0.015046
v -0.014535 0.140889 0.015223
v -0.014198 0.141088 0.015551
v -0.013899 0.141372 0.015840
v -0.013637 0.141711 0.016097
v -0.013206 0.142472 0.016541
v -0.012878 0.143301 0.016928
v -0.012496 0.145061 0.017598
v -0.012501 0.146881 0.018162
v -0.012670 0.147788 0.018394
v -0.012969 0.148675 0.018574
v -0.013409 0.149519 0.018678
v -0.013992 0.150291 0.018676
v -0.014702 0.150953 0.018531
v -0.015500 0.151463 0.018216
v -0.015913 0.151650 0.017990
v -0.016323 0.151786 0.017720
v -0.016721 0.151868 0.017409
v -0.014636 0.150787 0.018466
v -0.014230 0.150850 0.016990
v -0.012908 0.147767 0.017005
v -0.012549 0.146578 0.018015
v -0.012836 0.146879 0.016872
v -0.016036 0.142998 0.013439
v -0.017268 0.144186 0.012667
v -0.016448 0.144545 0.013005
v -0.016996 0.147440 0.012835
v -0.018535 0.150682 0.014477
v -0.017055 0.150754 0.014108
v -0.018382 0.151060 0.014966
v -0.015518 0.151690 0.016265
v -0.015647 0.151525 0.016385
v -0.015791 0.151405 0.016538
v -0.015901 0.151352 0.016665
v -0.015987 0.151331 0.016771
v -0.016071 0.151328 0.016882
v -0.016152 0.151344 0.016993
v -0.016228 0.151378 0.017104
v -0.016314 0.151447 0.017238
v -0.016375 0.151522 0.017340
v -0.016426 0.151612 0.017434
v -0.016466 0.151715 0.017520
v -0.015081 0.151516 0.016576
v -0.015218 0.151358 0.016696
v -0.015357 0.151243 0.016854
v -0.015456 0.151192 0.016988
v -0.015530 0.151170 0.017103
v -0.015599 0.151166 0.017222
v -0.015662 0.151179 0.017344
v -0.015717 0.151210 0.017466
v -0.015775 0.151273 0.017616
v -0.015810 0.151342 0.017731
v -0.015835 0.151425 0.017840
v -0.015850 0.151521 0.017940
v -0.014645 0.151232 0.016818
v -0.014786 0.151087 0.016942
v -0.014920 0.150980 0.017106
v -0.015007 0.150930 0.017247
v -0.015069 0.150908 0.017366
v -0.015122 0.150902 0.017491
v -0.015167 0.150911 0.017620
v -0.015202 0.150936 0.017749
v -0.015230 0.150990 0.017908
v -0.015241 0.151050 0.018032
v -0.015240 0.151123 0.018148
v -0.015229 0.151207 0.018256
v -0.014374 0.150721 0.017121
v -0.014499 0.150623 0.017292
v -0.014574 0.150576 0.017437
v -0.014623 0.150554 0.017559
v -0.014661 0.150545 0.017687
v -0.014688 0.150550 0.017818
v -0.014704 0.150568 0.017949
v -0.014706 0.150609 0.018112
v -0.014694 0.150657 0.018238
v -0.014671 0.150717 0.018356
v -0.013536 0.149847 0.017143
v -0.013667 0.149752 0.017292
v -0.013767 0.149675 0.017473
v -0.013817 0.149634 0.017620
v -0.013841 0.149611 0.017742
v -0.013853 0.149596 0.017867
v -0.013852 0.149589 0.017993
v -0.013837 0.149592 0.018118
v -0.013800 0.149608 0.018272
v -0.013756 0.149631 0.018389
v -0.013700 0.149661 0.018500
v -0.013633 0.149700 0.018601
v -0.014099 0.150279 0.018577
v -0.014152 0.150224 0.018470
v -0.014194 0.150179 0.018353
v -0.014225 0.150144 0.018230
v -0.014244 0.150115 0.018070
v -0.014245 0.150105 0.017940
v -0.014234 0.150106 0.017810
v -0.014209 0.150118 0.017683
v -0.014173 0.150140 0.017559
v -0.014111 0.150184 0.017413
v -0.013997 0.150271 0.017236
v -0.013857 0.150383 0.017096
v -0.013275 0.149258 0.017142
v -0.013393 0.149177 0.017298
v -0.013477 0.149109 0.017481
v -0.013514 0.149070 0.017626
v -0.013529 0.149046 0.017744
v -0.013530 0.149029 0.017864
v -0.013518 0.149017 0.017985
v -0.013494 0.149013 0.018104
v -0.013444 0.149017 0.018248
v -0.013391 0.149028 0.018358
v -0.013326 0.149046 0.018461
v -0.013251 0.149070 0.018555
v -0.013076 0.148628 0.017101
v -0.013178 0.148559 0.017263
v -0.013246 0.148499 0.017444
v -0.013271 0.148462 0.017585
v -0.013276 0.148437 0.017698
v -0.013269 0.148417 0.017813
v -0.013250 0.148402 0.017926
v -0.013218 0.148391 0.018037
v -0.013160 0.148385 0.018171
v -0.013101 0.148386 0.018273
v -0.013032 0.148392 0.018367
v -0.012953 0.148403 0.018453
v -0.012687 0.147500 0.018259
v -0.012766 0.147502 0.018183
v -0.012837 0.147509 0.018100
v -0.012898 0.147518 0.018009
v -0.012961 0.147535 0.017889
v -0.012998 0.147552 0.017789
v -0.013025 0.147573 0.017686
v -0.013040 0.147596 0.017581
v -0.013045 0.147621 0.017476
v -0.013033 0.147657 0.017343
v -0.012987 0.147710 0.017167
v -0.012892 0.146830 0.017030
v -0.012919 0.146780 0.017196
v -0.012919 0.146745 0.017318
v -0.012908 0.146719 0.017414
v -0.012887 0.146694 0.017509
v -0.012856 0.146670 0.017601
v -0.012816 0.146648 0.017690
v -0.012753 0.146623 0.017796
v -0.012693 0.146606 0.017876
v -0.012624 0.146591 0.017949
v -0.012553 0.145196 0.017589
v -0.012618 0.145218 0.017535
v -0.012678 0.145242 0.017476
v -0.012732 0.145268 0.017411
v -0.012791 0.145300 0.017325
v -0.012830 0.145327 0.017252
v -0.012862 0.145354 0.017176
v -0.012888 0.145382 0.017098
v -0.012906 0.145409 0.017018
v -0.012918 0.145444 0.016914
v -0.012915 0.145491 0.016769
v -0.012888 0.145535 0.016627
v -0.013112 0.144204 0.016334
v -0.013116 0.144160 0.016453
v -0.013104 0.144114 0.016570
v -0.013085 0.144078 0.016653
v -0.013065 0.144050 0.016717
v -0.013039 0.144021 0.016779
v -0.013010 0.143992 0.016838
v -0.012975 0.143963 0.016895
v -0.012925 0.143926 0.016962
v -0.012881 0.143897 0.017013
v -0.012832 0.143868 0.017059
v -0.012780 0.143840 0.017102
v -0.013530 0.142853 0.015955
v -0.013520 0.142808 0.016041
v -0.013502 0.142760 0.016125
v -0.013483 0.142724 0.016184
v -0.013465 0.142694 0.016228
v -0.013444 0.142665 0.016271
v -0.013421 0.142635 0.016313
v -0.013395 0.142605 0.016353
v -0.013359 0.142567 0.016400
v -0.013327 0.142536 0.016435
v -0.013292 0.142505 0.016469
v -0.013256 0.142475 0.016500
v -0.014027 0.141865 0.015549
v -0.014018 0.141817 0.015603
v -0.014004 0.141768 0.015656
v -0.013992 0.141731 0.015692
v -0.013980 0.141701 0.015720
v -0.013967 0.141672 0.015746
v -0.013952 0.141642 0.015772
v -0.013936 0.141612 0.015796
v -0.013915 0.141573 0.015825
v -0.013896 0.141543 0.015847
v -0.013875 0.141512 0.015868
v -0.013854 0.141481 0.015887
v -0.014303 0.141515 0.015317
v -0.014299 0.141467 0.015356
v -0.014291 0.141417 0.015393
v -0.014284 0.141380 0.015419
v -0.014277 0.141350 0.015438
v -0.014269 0.141321 0.015457
v -0.014260 0.141291 0.015475
v -0.014250 0.141261 0.015492
v -0.014236 0.141223 0.015512
v -0.014224 0.141192 0.015527
v -0.014210 0.141161 0.015541
v -0.014196 0.141131 0.015554
v -0.014614 0.141284 0.015039
v -0.014618 0.141235 0.015062
v -0.014620 0.141184 0.015084
v -0.014620 0.141147 0.015099
v -0.014620 0.141118 0.015109
v -0.014618 0.141088 0.015120
v -0.014616 0.141058 0.015129
v -0.014613 0.141028 0.015138
v -0.014608 0.140991 0.015148
v -0.014604 0.140960 0.015155
v -0.014599 0.140930 0.015162
v -0.014593 0.140899 0.015168
v -0.014976 0.141245 0.014683
v -0.014994 0.141196 0.014691
v -0.015011 0.141145 0.014697
v -0.015022 0.141108 0.014700
v -0.015030 0.141079 0.014701
v -0.015038 0.141049 0.014702
v -0.015045 0.141019 0.014702
v -0.015051 0.140990 0.014702
v -0.015058 0.140952 0.014701
v -0.015062 0.140921 0.014699
v -0.015066 0.140891 0.014696
v -0.015070 0.140860 0.014693
v -0.015299 0.141457 0.014330
v -0.015335 0.141409 0.014326
v -0.015369 0.141358 0.014320
v -0.015392 0.141322 0.014314
v -0.015410 0.141292 0.014308
v -0.015427 0.141262 0.014302
v -0.015443 0.141233 0.014294
v -0.015458 0.141203 0.014285
v -0.015476 0.141165 0.014273
v -0.015490 0.141134 0.014262
v -0.015502 0.141103 0.014251
v -0.015514 0.141073 0.014238
v -0.015563 0.141828 0.014017
v -0.015616 0.141781 0.014008
v -0.015667 0.141731 0.013995
v -0.015703 0.141694 0.013983
v -0.015729 0.141665 0.013971
v -0.015755 0.141635 0.013959
v -0.015780 0.141605 0.013945
v -0.015804 0.141575 0.013929
v -0.015832 0.141537 0.013908
v -0.015853 0.141506 0.013890
v -0.015873 0.141475 0.013870
v -0.015892 0.141445 0.013849
v -0.015781 0.142285 0.013750
v -0.015851 0.142238 0.013739
v -0.015918 0.142190 0.013721
v -0.015965 0.142153 0.013705
v -0.016000 0.142124 0.013690
v -0.016034 0.142094 0.013673
v -0.016067 0.142064 0.013654
v -0.016099 0.142034 0.013633
v -0.016136 0.141996 0.013604
v -0.016164 0.141965 0.013579
v -0.016191 0.141934 0.013552
v -0.016216 0.141903 0.013524
v -0.016607 0.142620 0.013156
v -0.016575 0.142651 0.013194
v -0.016540 0.142681 0.013230
v -0.016502 0.142712 0.013264
v -0.016453 0.142750 0.013302
v -0.016411 0.142780 0.013329
v -0.016368 0.142810 0.013353
v -0.016323 0.142840 0.013375
v -0.016276 0.142869 0.013393
v -0.016214 0.142905 0.013412
v -0.016127 0.142953 0.013430
v -0.016254 0.143758 0.013192
v -0.016363 0.143714 0.013191
v -0.016470 0.143667 0.013175
v -0.016546 0.143632 0.013156
v -0.016603 0.143603 0.013136
v -0.016659 0.143574 0.013112
v -0.016713 0.143544 0.013083
v -0.016764 0.143514 0.013051
v -0.016825 0.143477 0.013006
v -0.016871 0.143447 0.012965
v -0.016913 0.143418 0.012921
v -0.016952 0.143388 0.012873
v -0.017559 0.145003 0.012538
v -0.017506 0.145027 0.012601
v -0.017449 0.145052 0.012660
v -0.017386 0.145077 0.012713
v -0.017303 0.145111 0.012770
v -0.017232 0.145138 0.012809
v -0.017159 0.145166 0.012841
v -0.017083 0.145193 0.012866
v -0.017005 0.145221 0.012885
v -0.016903 0.145256 0.012898
v -0.016763 0.145303 0.012898
v -0.016623 0.145347 0.012875
v -0.016825 0.146396 0.012799
v -0.016978 0.146349 0.012843
v -0.017137 0.146301 0.012861
v -0.017253 0.146266 0.012856
v -0.017344 0.146240 0.012842
v -0.017433 0.146213 0.012819
v -0.017519 0.146188 0.012787
v -0.017602 0.146164 0.012747
v -0.017701 0.146136 0.012684
v -0.017775 0.146115 0.012626
v -0.017843 0.146096 0.012560
v -0.017905 0.146079 0.012488
v -0.017157 0.147386 0.012906
v -0.017329 0.147334 0.012944
v -0.017458 0.147299 0.012951
v -0.017561 0.147273 0.012944
v -0.017662 0.147249 0.012926
v -0.017761 0.147227 0.012898
v -0.017857 0.147208 0.012859
v -0.017972 0.147188 0.012796
v -0.018058 0.147175 0.012734
v -0.018138 0.147165 0.012664
v -0.018210 0.147159 0.012586
v -0.018454 0.148218 0.012851
v -0.018370 0.148210 0.012930
v -0.018278 0.148207 0.013000
v -0.018179 0.148209 0.013060
v -0.018048 0.148217 0.013119
v -0.017939 0.148229 0.013153
v -0.017827 0.148246 0.013174
v -0.017715 0.148267 0.013183
v -0.017603 0.148292 0.013180
v -0.017464 0.148328 0.013158
v -0.017283 0.148387 0.013095
v -0.017121 0.148453 0.012997
v -0.017182 0.149410 0.013300
v -0.017337 0.149325 0.013422
v -0.017519 0.149255 0.013510
v -0.017665 0.149216 0.013550
v -0.017784 0.149192 0.013567
v -0.017906 0.149175 0.013571
v -0.018028 0.149165 0.013562
v -0.018149 0.149162 0.013539
v -0.018296 0.149169 0.013493
v -0.018408 0.149183 0.013441
v -0.018513 0.149204 0.013379
v -0.018609 0.149232 0.013305
v -0.017177 0.149900 0.013530
v -0.017325 0.149803 0.013662
v -0.017506 0.149725 0.013763
v -0.017653 0.149684 0.013814
v -0.017775 0.149661 0.013840
v -0.017900 0.149646 0.013853
v -0.018027 0.149640 0.013853
v -0.018152 0.149644 0.013840
v -0.018307 0.149661 0.013804
v -0.018425 0.149685 0.013761
v -0.018536 0.149717 0.013707
v -0.018639 0.149757 0.013641
v -0.017137 0.150351 0.013800
v -0.017277 0.150240 0.013939
v -0.017454 0.150154 0.014052
v -0.017601 0.150110 0.014114
v -0.017724 0.150087 0.014150
v -0.017852 0.150075 0.014173
v -0.017982 0.150074 0.014184
v -0.018111 0.150084 0.014182
v -0.018271 0.150112 0.014161
v -0.018394 0.150146 0.014130
v -0.018510 0.150191 0.014087
v -0.018617 0.150244 0.014033
v -0.018425 0.150616 0.014516
v -0.018307 0.150559 0.014544
v -0.018181 0.150514 0.014560
v -0.018019 0.150475 0.014563
v -0.017888 0.150458 0.014552
v -0.017757 0.150455 0.014528
v -0.017629 0.150465 0.014493
v -0.017506 0.150487 0.014447
v -0.017360 0.150534 0.014374
v -0.017188 0.150629 0.014252
v -0.016926 0.151099 0.014450
v -0.017053 0.150959 0.014593
v -0.017220 0.150856 0.014723
v -0.017362 0.150807 0.014806
v -0.017483 0.150785 0.014863
v -0.017609 0.150778 0.014910
v -0.017739 0.150785 0.014948
v -0.017869 0.150808 0.014976
v -0.018030 0.150857 0.014994
v -0.018155 0.150913 0.014996
v -0.018273 0.150981 0.014987
v -0.016750 0.151374 0.014808
v -0.016872 0.151223 0.014947
v -0.017034 0.151112 0.015084
v -0.017172 0.151061 0.015176
v -0.017289 0.151040 0.015243
v -0.017412 0.151034 0.015304
v -0.017538 0.151046 0.015357
v -0.017664 0.151073 0.015402
v -0.017820 0.151132 0.015443
v -0.017940 0.151196 0.015465
v -0.018054 0.151274 0.015476
v -0.018158 0.151364 0.015477
v -0.016521 0.151582 0.015182
v -0.016641 0.151421 0.015317
v -0.016798 0.151305 0.015458
v -0.016930 0.151252 0.015560
v -0.017042 0.151231 0.015638
v -0.017159 0.151227 0.015712
v -0.017278 0.151241 0.015780
v -0.017396 0.151273 0.015843
v -0.017542 0.151339 0.015909
v -0.017654 0.151410 0.015952
v -0.017759 0.151496 0.015986
v -0.017855 0.151594 0.016008
v -0.016247 0.151707 0.015548
v -0.016368 0.151541 0.015676
v -0.016520 0.151421 0.015821
v -0.016645 0.151367 0.015932
v -0.016751 0.151346 0.016020
v -0.016859 0.151343 0.016106
v -0.016969 0.151359 0.016190
v -0.017077 0.151394 0.016269
v -0.017208 0.151464 0.016360
v -0.017308 0.151539 0.016424
v -0.017399 0.151630 0.016479
v -0.017482 0.151734 0.016524
v -0.016574 0.144502 0.013013
v -0.016698 0.144455 0.013004
v -0.016787 0.144420 0.012987
v -0.016855 0.144392 0.012967
v -0.016921 0.144363 0.012941
v -0.016985 0.144334 0.012910
v -0.017046 0.144305 0.012874
v -0.017118 0.144269 0.012822
v -0.017172 0.144241 0.012775
v -0.017222 0.144213 0.012723
v -0.008984 0.162226 0.008945
v -0.009199 0.162225 0.008769
v -0.009448 0.162222 0.008639
v -0.009725 0.162217 0.008557
v -0.010020 0.162212 0.008528
v -0.010326 0.162207 0.008554
v -0.010631 0.162202 0.008638
v -0.010925 0.162199 0.008780
v -0.011195 0.162198 0.008975
v -0.011430 0.162198 0.009216
v -0.011619 0.162200 0.009496
v -0.011751 0.162205 0.009809
v -0.011819 0.162210 0.010141
v -0.011820 0.162216 0.010477
v -0.011749 0.162221 0.010803
v -0.011607 0.162224 0.011102
v -0.011400 0.162225 0.011361
v -0.011141 0.162224 0.011567
v -0.010842 0.162221 0.011710
v -0.010516 0.162216 0.011781
v -0.010180 0.162210 0.011780
v -0.009849 0.162205 0.011712
v -0.009536 0.162201 0.011580
v -0.009254 0.162198 0.011391
v -0.009012 0.162198 0.011156
v -0.008817 0.162199 0.010886
v -0.008677 0.162203 0.010592
v -0.008593 0.162207 0.010286
v -0.008566 0.162213 0.009980
v -0.008595 0.162218 0.009684
v -0.008678 0.162222 0.009408
v -0.008809 0.162225 0.009159
v -0.010682 0.157073 0.010644
v -0.012919 0.158360 0.012313
v -0.012669 0.158382 0.012630
v -0.013084 0.158294 0.011949
v -0.013153 0.158190 0.011564
v -0.013121 0.158055 0.011185
v -0.012991 0.157897 0.010835
v -0.012771 0.157727 0.010541
v -0.012477 0.157558 0.010321
v -0.012128 0.157400 0.010191
v -0.011748 0.157264 0.010160
v -0.011363 0.157160 0.010229
v -0.010999 0.157095 0.010394
v -0.010432 0.157095 0.010961
v -0.010267 0.157161 0.011325
v -0.010198 0.157265 0.011710
v -0.010229 0.157400 0.012090
v -0.010359 0.157558 0.012439
v -0.010579 0.157728 0.012733
v -0.010874 0.157897 0.012953
v -0.011223 0.158055 0.013083
v -0.011603 0.158191 0.013114
v -0.011988 0.158295 0.013045
v -0.012351 0.158360 0.012880
v -0.008682 0.162498 0.008643
v -0.008970 0.162498 0.008412
v -0.009301 0.162498 0.008248
v -0.009662 0.162498 0.008157
v -0.010038 0.162498 0.008137
v -0.010415 0.162497 0.008190
v -0.010777 0.162497 0.008316
v -0.011113 0.162497 0.008508
v -0.011410 0.162497 0.008758
v -0.011660 0.162497 0.009055
v -0.011852 0.162497 0.009391
v -0.011978 0.162497 0.009754
v -0.012032 0.162497 0.010130
v -0.012014 0.162497 0.010506
v -0.011922 0.162497 0.010867
v -0.011755 0.162497 0.011197
v -0.011523 0.162497 0.011483
v -0.011236 0.162497 0.011715
v -0.010906 0.162497 0.011882
v -0.010545 0.162497 0.011975
v -0.010169 0.162498 0.011993
v -0.009793 0.162498 0.011938
v -0.009430 0.162498 0.011813
v -0.009094 0.162498 0.011621
v -0.008796 0.162498 0.011372
v -0.008547 0.162498 0.011074
v -0.008355 0.162498 0.010738
v -0.008230 0.162498 0.010375
v -0.008174 0.162498 0.009999
v -0.008193 0.162498 0.009623
v -0.008286 0.162498 0.009262
v -0.008451 0.162498 0.008930
v -0.010170 0.162354 0.011886
v -0.009844 0.162352 0.011831
v -0.008370 0.162356 0.009884
v -0.008501 0.162360 0.009287
v -0.008459 0.162351 0.010511
v -0.008760 0.162348 0.011092
v -0.009239 0.162348 0.011553
v -0.009530 0.162350 0.011719
v -0.010499 0.162356 0.011881
v -0.010818 0.162359 0.011815
v -0.011115 0.162360 0.011686
v -0.011378 0.162361 0.011499
v -0.011600 0.162361 0.011265
v -0.011770 0.162360 0.010991
v -0.011881 0.162358 0.010685
v -0.011928 0.162355 0.010362
v -0.011915 0.162353 0.010033
v -0.011843 0.162350 0.009709
v -0.011714 0.162349 0.009401
v -0.011309 0.162347 0.008872
v -0.010763 0.162349 0.008503
v -0.010144 0.162354 0.008339
v -0.009529 0.162359 0.008393
v -0.009152 0.162361 0.008549
v 0.014292 0.153236 0.014329
v 0.014542 0.153214 0.014012
v 0.014707 0.153148 0.013648
v 0.014776 0.153044 0.013263
v 0.014745 0.152909 0.012884
v 0.014615 0.152751 0.012535
v 0.014395 0.152581 0.012240
v 0.014101 0.152411 0.012020
v 0.013752 0.152253 0.011890
v 0.013372 0.152118 0.011859
v 0.012987 0.152013 0.011928
v 0.012623 0.151948 0.012093
v 0.012306 0.151925 0.012343
v 0.012056 0.151948 0.012660
v 0.011891 0.152013 0.013024
v 0.011822 0.152117 0.013409
v 0.011853 0.152253 0.013789
v 0.011983 0.152411 0.014138
v 0.012203 0.152580 0.014432
v 0.012498 0.152750 0.014652
v 0.012847 0.152908 0.014782
v 0.013226 0.153044 0.014813
v 0.013611 0.153148 0.014744
v 0.013975 0.153214 0.014579
v 0.015157 0.153807 0.015195
v 0.014563 0.153765 0.015662
v 0.013883 0.153642 0.015971
v 0.013163 0.153447 0.016100
v 0.012452 0.153193 0.016041
v 0.011799 0.152898 0.015798
v 0.011249 0.152580 0.015387
v 0.010837 0.152263 0.014836
v 0.010594 0.151967 0.014183
v 0.010535 0.151713 0.013472
v 0.010665 0.151519 0.012752
v 0.010974 0.151396 0.012072
v 0.011441 0.151355 0.011478
v 0.012035 0.151397 0.011010
v 0.012715 0.151519 0.010701
v 0.013435 0.151714 0.010572
v 0.014146 0.151968 0.010631
v 0.014799 0.152264 0.010874
v 0.015350 0.152581 0.011286
v 0.015761 0.152898 0.011836
v 0.016004 0.153194 0.012489
v 0.016063 0.153448 0.013200
v 0.015934 0.153643 0.013920
v 0.015625 0.153765 0.014601
v 0.015765 0.151965 0.015802
v 0.015496 0.151940 0.016051
v 0.015213 0.151864 0.016276
v 0.014923 0.151738 0.016472
v 0.014633 0.151566 0.016638
v 0.014349 0.151350 0.016774
v 0.014077 0.151095 0.016879
v 0.013594 0.150478 0.017003
v 0.013210 0.149754 0.017031
v 0.012931 0.148953 0.016988
v 0.012685 0.147238 0.016773
v 0.012784 0.145473 0.016465
v 0.013163 0.143748 0.016093
v 0.013808 0.142174 0.015609
v 0.014017 0.141841 0.015450
v 0.014249 0.141558 0.015265
v 0.014374 0.141445 0.015160
v 0.014502 0.141358 0.015047
v 0.014633 0.141303 0.014926
v 0.014764 0.141284 0.014798
v 0.014892 0.141304 0.014667
v 0.015013 0.141359 0.014536
v 0.015127 0.141446 0.014407
v 0.015231 0.141558 0.014283
v 0.015416 0.141840 0.014051
v 0.015574 0.142176 0.013842
v 0.016059 0.143748 0.013198
v 0.016430 0.145473 0.012819
v 0.016736 0.147238 0.012721
v 0.016952 0.148954 0.012967
v 0.016994 0.149753 0.013243
v 0.016966 0.150479 0.013630
v 0.016843 0.151095 0.014114
v 0.016738 0.151352 0.014385
v 0.016603 0.151568 0.014669
v 0.016437 0.151739 0.014960
v 0.016240 0.151864 0.015250
v 0.016015 0.151940 0.015533
v 0.017025 0.151904 0.017061
v 0.016923 0.151707 0.016960
v 0.016791 0.151550 0.016828
v 0.016636 0.151443 0.016673
v 0.016468 0.151392 0.016505
v 0.016296 0.151400 0.016332
v 0.016130 0.151467 0.016166
v 0.015980 0.151589 0.016017
v 0.015856 0.151759 0.015893
v 0.016648 0.151876 0.017409
v 0.016250 0.151793 0.017720
v 0.015840 0.151657 0.017988
v 0.015428 0.151470 0.018213
v 0.014629 0.150960 0.018531
v 0.013921 0.150299 0.018676
v 0.013340 0.149527 0.018679
v 0.012897 0.148681 0.018574
v 0.012598 0.147795 0.018394
v 0.012429 0.146888 0.018163
v 0.012427 0.145068 0.017597
v 0.012809 0.143308 0.016927
v 0.013137 0.142479 0.016541
v 0.013568 0.141715 0.016096
v 0.013831 0.141380 0.015839
v 0.014130 0.141096 0.015550
v 0.014468 0.140895 0.015222
v 0.014647 0.140839 0.015046
v 0.014830 0.140821 0.014864
v 0.015012 0.140841 0.014681
v 0.015189 0.140896 0.014501
v 0.015516 0.141096 0.014164
v 0.015805 0.141379 0.013865
v 0.016062 0.141718 0.013602
v 0.016507 0.142479 0.013171
v 0.016893 0.143309 0.012843
v 0.017563 0.145069 0.012461
v 0.018126 0.146889 0.012465
v 0.018358 0.147796 0.012634
v 0.018538 0.148683 0.012933
v 0.018642 0.149527 0.013373
v 0.018639 0.150299 0.013956
v 0.018495 0.150961 0.014665
v 0.018179 0.151472 0.015464
v 0.017953 0.151658 0.015877
v 0.017683 0.151794 0.016287
v 0.017372 0.151876 0.016685
v 0.018430 0.150795 0.014599
v 0.016954 0.150857 0.014194
v 0.016969 0.147774 0.012872
v 0.017980 0.146585 0.012514
v 0.016836 0.146887 0.012801
v 0.013404 0.143005 0.016002
v 0.012632 0.144193 0.017233
v 0.012970 0.144552 0.016413
v 0.012799 0.147447 0.016960
v 0.014440 0.150690 0.018499
v 0.014072 0.150761 0.017019
v 0.014929 0.151068 0.018346
v 0.016228 0.151698 0.015481
v 0.016348 0.151533 0.015611
v 0.016501 0.151413 0.015755
v 0.016628 0.151360 0.015864
v 0.016735 0.151339 0.015950
v 0.016845 0.151336 0.016034
v 0.016956 0.151352 0.016115
v 0.017067 0.151386 0.016192
v 0.017201 0.151455 0.016278
v 0.017303 0.151530 0.016338
v 0.017398 0.151620 0.016389
v 0.017483 0.151724 0.016430
v 0.016539 0.151523 0.015044
v 0.016659 0.151366 0.015181
v 0.016817 0.151251 0.015320
v 0.016952 0.151199 0.015419
v 0.017066 0.151178 0.015493
v 0.017185 0.151174 0.015562
v 0.017307 0.151187 0.015625
v 0.017429 0.151218 0.015681
v 0.017579 0.151281 0.015738
v 0.017695 0.151350 0.015774
v 0.017803 0.151433 0.015799
v 0.017903 0.151529 0.015813
v 0.016781 0.151239 0.014608
v 0.016905 0.151095 0.014750
v 0.017070 0.150988 0.014883
v 0.017210 0.150938 0.014971
v 0.017330 0.150916 0.015032
v 0.017455 0.150910 0.015085
v 0.017583 0.150919 0.015130
v 0.017712 0.150944 0.015165
v 0.017872 0.150998 0.015194
v 0.017995 0.151058 0.015204
v 0.018112 0.151131 0.015204
v 0.018219 0.151215 0.015192
v 0.017085 0.150728 0.014337
v 0.017256 0.150631 0.014462
v 0.017400 0.150584 0.014538
v 0.017523 0.150562 0.014586
v 0.017651 0.150553 0.014624
v 0.017782 0.150557 0.014652
v 0.017913 0.150575 0.014667
v 0.018075 0.150617 0.014670
v 0.018201 0.150665 0.014658
v 0.018320 0.150725 0.014634
v 0.017107 0.149854 0.013500
v 0.017256 0.149759 0.013631
v 0.017437 0.149683 0.013731
v 0.017584 0.149642 0.013780
v 0.017706 0.149618 0.013805
v 0.017831 0.149603 0.013817
v 0.017957 0.149597 0.013816
v 0.018082 0.149600 0.013801
v 0.018235 0.149616 0.013764
v 0.018353 0.149638 0.013720
v 0.018463 0.149669 0.013664
v 0.018565 0.149708 0.013597
v 0.018540 0.150287 0.014062
v 0.018433 0.150232 0.014116
v 0.018317 0.150187 0.014158
v 0.018194 0.150152 0.014188
v 0.018034 0.150123 0.014208
v 0.017904 0.150112 0.014209
v 0.017774 0.150113 0.014197
v 0.017646 0.150125 0.014173
v 0.017523 0.150148 0.014137
v 0.017376 0.150192 0.014074
v 0.017200 0.150278 0.013960
v 0.017059 0.150390 0.013821
v 0.017106 0.149265 0.013239
v 0.017262 0.149184 0.013357
v 0.017445 0.149117 0.013441
v 0.017590 0.149078 0.013478
v 0.017708 0.149054 0.013493
v 0.017828 0.149036 0.013494
v 0.017949 0.149025 0.013482
v 0.018068 0.149021 0.013457
v 0.018212 0.149025 0.013408
v 0.018322 0.149036 0.013354
v 0.018425 0.149053 0.013290
v 0.018519 0.149077 0.013215
v 0.017065 0.148635 0.013040
v 0.017227 0.148567 0.013142
v 0.017408 0.148506 0.013210
v 0.017549 0.148469 0.013235
v 0.017662 0.148445 0.013240
v 0.017777 0.148425 0.013233
v 0.017890 0.148409 0.013214
v 0.018001 0.148399 0.013182
v 0.018135 0.148392 0.013124
v 0.018237 0.148393 0.013065
v 0.018331 0.148400 0.012996
v 0.018417 0.148411 0.012917
v 0.018223 0.147508 0.012651
v 0.018147 0.147510 0.012730
v 0.018064 0.147516 0.012801
v 0.017974 0.147526 0.012862
v 0.017854 0.147543 0.012925
v 0.017753 0.147560 0.012963
v 0.017650 0.147580 0.012989
v 0.017545 0.147603 0.013005
v 0.017440 0.147628 0.013009
v 0.017307 0.147664 0.012997
v 0.017132 0.147717 0.012951
v 0.016994 0.146837 0.012857
v 0.017160 0.146788 0.012884
v 0.017282 0.146753 0.012884
v 0.017378 0.146726 0.012872
v 0.017473 0.146701 0.012851
v 0.017566 0.146678 0.012821
v 0.017655 0.146656 0.012780
v 0.017761 0.146631 0.012717
v 0.017840 0.146613 0.012657
v 0.017913 0.146598 0.012589
v 0.017554 0.145203 0.012518
v 0.017500 0.145226 0.012583
v 0.017441 0.145250 0.012643
v 0.017376 0.145275 0.012697
v 0.017290 0.145307 0.012756
v 0.017217 0.145334 0.012795
v 0.017141 0.145361 0.012827
v 0.017063 0.145389 0.012852
v 0.016982 0.145416 0.012870
v 0.016878 0.145451 0.012883
v 0.016734 0.145498 0.012879
v 0.016591 0.145542 0.012853
v 0.016299 0.144211 0.013077
v 0.016418 0.144168 0.013081
v 0.016535 0.144121 0.013069
v 0.016618 0.144086 0.013050
v 0.016682 0.144057 0.013030
v 0.016744 0.144028 0.013005
v 0.016803 0.143999 0.012975
v 0.016860 0.143970 0.012940
v 0.016927 0.143933 0.012891
v 0.016978 0.143904 0.012846
v 0.017025 0.143875 0.012797
v 0.017068 0.143847 0.012745
v 0.015920 0.142860 0.013495
v 0.016007 0.142815 0.013486
v 0.016090 0.142767 0.013467
v 0.016149 0.142731 0.013448
v 0.016194 0.142702 0.013430
v 0.016237 0.142672 0.013410
v 0.016278 0.142642 0.013386
v 0.016318 0.142612 0.013360
v 0.016365 0.142574 0.013324
v 0.016401 0.142543 0.013292
v 0.016434 0.142513 0.013258
v 0.016465 0.142482 0.013221
v 0.015514 0.141872 0.013993
v 0.015569 0.141824 0.013984
v 0.015621 0.141775 0.013970
v 0.015658 0.141738 0.013957
v 0.015685 0.141709 0.013946
v 0.015712 0.141679 0.013932
v 0.015737 0.141649 0.013918
v 0.015762 0.141619 0.013902
v 0.015791 0.141581 0.013880
v 0.015813 0.141550 0.013861
v 0.015834 0.141519 0.013841
v 0.015853 0.141488 0.013819
v 0.015283 0.141522 0.014269
v 0.015322 0.141474 0.014265
v 0.015359 0.141424 0.014257
v 0.015385 0.141387 0.014249
v 0.015404 0.141357 0.014242
v 0.015423 0.141328 0.014234
v 0.015440 0.141298 0.014225
v 0.015457 0.141268 0.014215
v 0.015477 0.141230 0.014202
v 0.015492 0.141199 0.014189
v 0.015507 0.141169 0.014176
v 0.015520 0.141138 0.014162
v 0.015005 0.141291 0.014580
v 0.015028 0.141242 0.014584
v 0.015050 0.141191 0.014586
v 0.015064 0.141154 0.014586
v 0.015075 0.141125 0.014585
v 0.015085 0.141095 0.014584
v 0.015095 0.141066 0.014582
v 0.015104 0.141036 0.014579
v 0.015114 0.140998 0.014574
v 0.015121 0.140967 0.014570
v 0.015128 0.140937 0.014565
v 0.015134 0.140906 0.014559
v 0.014649 0.141252 0.014941
v 0.014657 0.141203 0.014960
v 0.014663 0.141153 0.014977
v 0.014666 0.141116 0.014988
v 0.014667 0.141086 0.014996
v 0.014668 0.141056 0.015004
v 0.014668 0.141027 0.015010
v 0.014668 0.140997 0.015017
v 0.014666 0.140959 0.015023
v 0.014665 0.140928 0.015028
v 0.014662 0.140898 0.015032
v 0.014659 0.140868 0.015036
v 0.014295 0.141465 0.015264
v 0.014292 0.141416 0.015301
v 0.014286 0.141366 0.015335
v 0.014280 0.141329 0.015358
v 0.014274 0.141299 0.015376
v 0.014267 0.141270 0.015393
v 0.014260 0.141240 0.015409
v 0.014251 0.141210 0.015424
v 0.014239 0.141172 0.015442
v 0.014228 0.141141 0.015456
v 0.014217 0.141111 0.015468
v 0.014204 0.141080 0.015480
v 0.013983 0.141836 0.015529
v 0.013974 0.141788 0.015582
v 0.013961 0.141738 0.015633
v 0.013948 0.141702 0.015668
v 0.013937 0.141672 0.015695
v 0.013924 0.141642 0.015721
v 0.013910 0.141612 0.015746
v 0.013895 0.141582 0.015769
v 0.013874 0.141544 0.015798
v 0.013856 0.141513 0.015819
v 0.013836 0.141483 0.015839
v 0.013815 0.141452 0.015858
v 0.013715 0.142292 0.015747
v 0.013704 0.142246 0.015817
v 0.013687 0.142197 0.015883
v 0.013671 0.142160 0.015930
v 0.013656 0.142131 0.015966
v 0.013638 0.142101 0.016000
v 0.013619 0.142071 0.016033
v 0.013599 0.142041 0.016064
v 0.013570 0.142003 0.016102
v 0.013545 0.141972 0.016130
v 0.013518 0.141941 0.016157
v 0.013489 0.141910 0.016182
v 0.013121 0.142628 0.016572
v 0.013160 0.142658 0.016540
v 0.013196 0.142689 0.016505
v 0.013229 0.142719 0.016468
v 0.013267 0.142757 0.016418
v 0.013294 0.142788 0.016377
v 0.013319 0.142817 0.016333
v 0.013340 0.142847 0.016288
v 0.013359 0.142876 0.016241
v 0.013378 0.142912 0.016180
v 0.013396 0.142960 0.016092
v 0.013158 0.143765 0.016219
v 0.013156 0.143721 0.016329
v 0.013141 0.143674 0.016436
v 0.013121 0.143639 0.016511
v 0.013101 0.143610 0.016569
v 0.013077 0.143581 0.016624
v 0.013049 0.143551 0.016678
v 0.013017 0.143522 0.016729
v 0.012971 0.143484 0.016790
v 0.012930 0.143454 0.016836
v 0.012886 0.143425 0.016878
v 0.012839 0.143395 0.016918
v 0.012502 0.145010 0.017524
v 0.012566 0.145034 0.017471
v 0.012624 0.145059 0.017414
v 0.012677 0.145085 0.017351
v 0.012735 0.145118 0.017268
v 0.012774 0.145145 0.017197
v 0.012806 0.145173 0.017124
v 0.012831 0.145201 0.017047
v 0.012850 0.145228 0.016969
v 0.012863 0.145263 0.016868
v 0.012862 0.145310 0.016727
v 0.012840 0.145354 0.016588
v 0.012763 0.146403 0.016789
v 0.012808 0.146356 0.016943
v 0.012825 0.146308 0.017102
v 0.012820 0.146274 0.017218
v 0.012806 0.146247 0.017308
v 0.012783 0.146221 0.017397
v 0.012751 0.146195 0.017484
v 0.012711 0.146171 0.017567
v 0.012649 0.146143 0.017666
v 0.012590 0.146122 0.017739
v 0.012525 0.146103 0.017808
v 0.012453 0.146086 0.017869
v 0.012870 0.147393 0.017121
v 0.012909 0.147341 0.017294
v 0.012915 0.147306 0.017423
v 0.012908 0.147280 0.017525
v 0.012891 0.147256 0.017626
v 0.012862 0.147235 0.017725
v 0.012823 0.147215 0.017822
v 0.012760 0.147195 0.017936
v 0.012698 0.147182 0.018023
v 0.012628 0.147173 0.018102
v 0.012550 0.147166 0.018175
v 0.012815 0.148226 0.018418
v 0.012894 0.148218 0.018334
v 0.012965 0.148215 0.018242
v 0.013024 0.148216 0.018143
v 0.013083 0.148225 0.018012
v 0.013117 0.148237 0.017903
v 0.013138 0.148254 0.017791
v 0.013147 0.148274 0.017679
v 0.013144 0.148299 0.017567
v 0.013122 0.148336 0.017428
v 0.013059 0.148394 0.017247
v 0.012961 0.148460 0.017085
v 0.013264 0.149417 0.017146
v 0.013386 0.149332 0.017301
v 0.013474 0.149263 0.017483
v 0.013514 0.149223 0.017629
v 0.013531 0.149200 0.017748
v 0.013535 0.149183 0.017870
v 0.013526 0.149173 0.017992
v 0.013503 0.149170 0.018112
v 0.013457 0.149177 0.018259
v 0.013405 0.149191 0.018371
v 0.013342 0.149212 0.018476
v 0.013269 0.149240 0.018573
v 0.013494 0.149908 0.017141
v 0.013626 0.149811 0.017289
v 0.013727 0.149733 0.017470
v 0.013778 0.149691 0.017616
v 0.013803 0.149668 0.017738
v 0.013817 0.149654 0.017864
v 0.013817 0.149648 0.017990
v 0.013803 0.149651 0.018116
v 0.013768 0.149669 0.018271
v 0.013725 0.149693 0.018389
v 0.013670 0.149725 0.018500
v 0.013605 0.149765 0.018603
v 0.013764 0.150359 0.017100
v 0.013903 0.150248 0.017241
v 0.014016 0.150162 0.017418
v 0.014078 0.150118 0.017565
v 0.014113 0.150095 0.017688
v 0.014137 0.150083 0.017816
v 0.014148 0.150082 0.017945
v 0.014146 0.150092 0.018075
v 0.014125 0.150120 0.018235
v 0.014094 0.150154 0.018358
v 0.014051 0.150199 0.018474
v 0.013996 0.150252 0.018581
v 0.014480 0.150623 0.018389
v 0.014508 0.150567 0.018270
v 0.014524 0.150522 0.018145
v 0.014527 0.150483 0.017982
v 0.014515 0.150466 0.017851
v 0.014491 0.150463 0.017720
v 0.014456 0.150473 0.017592
v 0.014411 0.150495 0.017469
v 0.014338 0.150541 0.017324
v 0.014215 0.150636 0.017152
v 0.014413 0.151106 0.016890
v 0.014556 0.150967 0.017016
v 0.014687 0.150864 0.017183
v 0.014770 0.150815 0.017325
v 0.014826 0.150793 0.017446
v 0.014874 0.150786 0.017573
v 0.014912 0.150793 0.017702
v 0.014939 0.150816 0.017833
v 0.014958 0.150865 0.017994
v 0.014960 0.150921 0.018119
v 0.014950 0.150989 0.018237
v 0.014771 0.151381 0.016714
v 0.014911 0.151230 0.016836
v 0.015047 0.151120 0.016997
v 0.015140 0.151069 0.017135
v 0.015207 0.151047 0.017253
v 0.015267 0.151042 0.017375
v 0.015321 0.151053 0.017501
v 0.015365 0.151081 0.017627
v 0.015407 0.151140 0.017783
v 0.015429 0.151204 0.017904
v 0.015440 0.151282 0.018017
v 0.015440 0.151372 0.018122
v 0.015146 0.151589 0.016485
v 0.015280 0.151429 0.016604
v 0.015421 0.151313 0.016761
v 0.015523 0.151260 0.016893
v 0.015601 0.151239 0.017005
v 0.015675 0.151235 0.017122
v 0.015744 0.151249 0.017241
v 0.015806 0.151281 0.017360
v 0.015872 0.151347 0.017506
v 0.015916 0.151418 0.017618
v 0.015949 0.151504 0.017722
v 0.015972 0.151603 0.017818
v 0.015511 0.151715 0.016210
v 0.015640 0.151549 0.016331
v 0.015784 0.151428 0.016483
v 0.015895 0.151375 0.016609
v 0.015983 0.151354 0.016714
v 0.016070 0.151351 0.016823
v 0.016154 0.151367 0.016932
v 0.016233 0.151402 0.017040
v 0.016323 0.151472 0.017172
v 0.016387 0.151547 0.017271
v 0.016442 0.151638 0.017363
v 0.016487 0.151742 0.017445
v 0.012978 0.144509 0.016539
v 0.012969 0.144462 0.016663
v 0.012952 0.144427 0.016752
v 0.012932 0.144399 0.016820
v 0.012906 0.144370 0.016886
v 0.012875 0.144341 0.016950
v 0.012839 0.144313 0.017011
v 0.012787 0.144277 0.017083
v 0.012740 0.144248 0.017137
v 0.012688 0.144220 0.017187
v 0.008905 0.162230 0.008945
v 0.008730 0.162229 0.009159
v 0.008600 0.162226 0.009409
v 0.008518 0.162222 0.009686
v 0.008488 0.162217 0.009981
v 0.008514 0.162211 0.010286
v 0.008598 0.162207 0.010592
v 0.008741 0.162204 0.010886
v 0.008935 0.162203 0.011156
v 0.009176 0.162203 0.011391
v 0.009457 0.162206 0.011580
v 0.009770 0.162210 0.011712
v 0.010102 0.162215 0.011780
v 0.010438 0.162221 0.011780
v 0.010764 0.162226 0.011710
v 0.011063 0.162229 0.011567
v 0.011321 0.162230 0.011361
v 0.011527 0.162229 0.011102
v 0.011671 0.162226 0.010803
v 0.011741 0.162221 0.010477
v 0.011741 0.162216 0.010141
v 0.011672 0.162210 0.009809
v 0.011541 0.162206 0.009496
v 0.011352 0.162203 0.009215
v 0.011117 0.162203 0.008973
v 0.010847 0.162204 0.008778
v 0.010553 0.162207 0.008637
v 0.010247 0.162212 0.008554
v 0.009940 0.162217 0.008527
v 0.009645 0.162222 0.008556
v 0.009368 0.162226 0.008638
v 0.009120 0.162229 0.008769
v 0.010606 0.157078 0.010644
v 0.012275 0.158366 0.012880
v 0.012592 0.158388 0.012630
v 0.011911 0.158301 0.013045
v 0.011526 0.158196 0.013114
v 0.011146 0.158061 0.013083
v 0.010797 0.157902 0.012953
v 0.010503 0.157733 0.012733
v 0.010283 0.157563 0.012439
v 0.010153 0.157405 0.012090
v 0.010122 0.157270 0.011710
v 0.010191 0.157165 0.011325
v 0.010356 0.157100 0.010961
v 0.010923 0.157100 0.010394
v 0.011287 0.157166 0.010229
v 0.011672 0.157270 0.010160
v 0.012051 0.157406 0.010191
v 0.012400 0.157564 0.010321
v 0.012695 0.157733 0.010541
v 0.012915 0.157903 0.010835
v 0.013045 0.158061 0.011185
v 0.013076 0.158197 0.011564
v 0.013007 0.158301 0.011949
v 0.012842 0.158366 0.012313
v 0.008604 0.162502 0.008643
v 0.008372 0.162502 0.008930
v 0.008209 0.162502 0.009262
v 0.008117 0.162502 0.009623
v 0.008098 0.162502 0.009999
v 0.008151 0.162502 0.010375
v 0.008277 0.162502 0.010738
v 0.008469 0.162502 0.011073
v 0.008719 0.162502 0.011371
v 0.009016 0.162502 0.011621
v 0.009351 0.162502 0.011813
v 0.009714 0.162502 0.011938
v 0.010091 0.162502 0.011993
v 0.010467 0.162503 0.011974
v 0.010828 0.162503 0.011882
v 0.011158 0.162503 0.011716
v 0.011444 0.162503 0.011484
v 0.011676 0.162503 0.011197
v 0.011843 0.162503 0.010867
v 0.011935 0.162503 0.010506
v 0.011953 0.162503 0.010130
v 0.011899 0.162503 0.009754
v 0.011774 0.162503 0.009391
v 0.011582 0.162503 0.009055
v 0.011332 0.162503 0.008757
v 0.011035 0.162503 0.008507
v 0.010699 0.162503 0.008316
v 0.010336 0.162503 0.008190
v 0.009960 0.162502 0.008135
v 0.009584 0.162502 0.008153
v 0.009222 0.162502 0.008247
v 0.008891 0.162502 0.008412
v 0.011847 0.162359 0.010131
v 0.011792 0.162357 0.009804
v 0.009844 0.162361 0.008331
v 0.009248 0.162365 0.008462
v 0.010471 0.162356 0.008420
v 0.011052 0.162353 0.008720
v 0.011514 0.162353 0.009200
v 0.011679 0.162355 0.009490
v 0.011842 0.162362 0.010459
v 0.011776 0.162364 0.010779
v 0.011646 0.162366 0.011075
v 0.011460 0.162367 0.011339
v 0.011225 0.162366 0.011560
v 0.010951 0.162365 0.011731
v 0.010646 0.162363 0.011841
v 0.010323 0.162361 0.011889
v 0.009994 0.162358 0.011876
v 0.009670 0.162356 0.011804
v 0.009362 0.162354 0.011675
v 0.008833 0.162352 0.011270
v 0.008463 0.162354 0.010724
v 0.008299 0.162358 0.010105
v 0.008354 0.162363 0.009489
v 0.008510 0.162365 0.009113
v 0.020871 0.139796 -0.002000
v 0.019641 0.139795 -0.007342
v 0.017070 0.139795 -0.012184
v 0.013334 0.139794 -0.016196
v 0.008686 0.139793 -0.019104
v 0.003445 0.139791 -0.020710
v -0.002034 0.139790 -0.020905
v -0.007376 0.139789 -0.019675
v -0.012218 0.139788 -0.017104
v -0.016230 0.139787 -0.013368
v -0.019138 0.139786 -0.008720
v -0.020744 0.139786 -0.003479
v -0.020938 0.139786 0.002000
v -0.019708 0.139786 0.007342
v -0.017138 0.139786 0.012184
v -0.013401 0.139787 0.016196
v -0.008754 0.139789 0.019104
v -0.003513 0.139790 0.020710
v 0.001966 0.139791 0.020905
v 0.007308 0.139792 0.019675
v 0.012150 0.139794 0.017104
v 0.016162 0.139795 0.013368
v 0.019070 0.139795 0.008720
v 0.020676 0.139796 0.003479
v -0.026245 0.155057 0.000000
v -0.023398 0.150392 0.000000
v -0.021633 0.145219 0.000000
v -0.017880 0.145219 0.012166
v 0.010764 0.145226 0.018704
v 0.017810 0.145228 -0.012166
v -0.011717 0.150394 -0.020232
v -0.021391 0.145219 0.003219
v -0.021691 0.155058 0.014763
v -0.019494 0.145219 0.009371
v -0.013141 0.155060 0.022697
v -0.010834 0.145221 0.018704
v -0.005865 0.155062 0.025552
v -0.007926 0.145222 0.020105
v 0.005794 0.155065 0.025551
v -0.001649 0.145223 0.021537
v 0.016303 0.155068 0.020490
v 0.007855 0.145226 0.020105
v 0.023575 0.155069 0.011371
v 0.017810 0.145228 0.012166
v 0.026170 0.155070 0.000000
v 0.021321 0.145229 0.003219
v 0.025004 0.155070 -0.007729
v 0.021321 0.145229 -0.003219
v 0.019174 0.155068 -0.017826
v 0.019424 0.145228 -0.009371
v 0.009537 0.155066 -0.024396
v 0.010764 0.145226 -0.018704
v 0.007855 0.145226 -0.020105
v -0.001996 0.155063 -0.026134
v 0.001579 0.145224 -0.021537
v -0.013141 0.155060 -0.022697
v -0.007926 0.145222 -0.020105
v -0.019251 0.155059 -0.017824
v -0.016378 0.155060 -0.020490
v -0.025081 0.155058 -0.007725
v -0.017880 0.145219 -0.012166
v 0.023325 0.150403 0.000000
v 0.021562 0.145229 0.000000
v 0.023064 0.150403 -0.003482
v 0.025877 0.155070 -0.003906
v 0.025006 0.155070 0.007725
v 0.022287 0.150403 0.006886
v 0.020603 0.145229 0.006366
v 0.023064 0.150403 0.003482
v 0.025877 0.155070 0.003906
v 0.021012 0.150402 0.010136
v 0.019424 0.145228 0.009371
v 0.019266 0.150402 0.013160
v 0.021616 0.155069 0.014763
v 0.019174 0.155068 0.017826
v 0.009537 0.155066 0.024396
v 0.008498 0.150399 0.021747
v 0.011644 0.150400 0.020232
v 0.013066 0.155067 0.022697
v 0.005162 0.150398 0.022776
v 0.004771 0.145225 0.021056
v -0.001996 0.155063 0.026134
v -0.001782 0.150397 0.023296
v 0.001579 0.145224 0.021537
v 0.001709 0.150398 0.023296
v 0.001921 0.155064 0.026134
v -0.009612 0.155061 0.024396
v -0.008571 0.150395 0.021747
v -0.004840 0.145223 0.021056
v -0.005232 0.150396 0.022776
v -0.011717 0.150394 0.020232
v -0.016378 0.155060 0.020490
v -0.019249 0.155059 0.017826
v -0.019339 0.150393 0.013160
v -0.017851 0.145219 0.012208
v -0.025081 0.155058 0.007725
v -0.022360 0.150392 0.006886
v -0.020673 0.145219 0.006366
v -0.021084 0.150392 0.010136
v -0.023650 0.155058 0.011371
v -0.025953 0.155057 0.003906
v -0.023137 0.150392 0.003482
v -0.025953 0.155057 -0.003906
v -0.023137 0.150392 -0.003482
v -0.021391 0.145219 -0.003219
v -0.022360 0.150392 -0.006886
v -0.020673 0.145219 -0.006366
v -0.021691 0.155058 -0.014763
v -0.021084 0.150392 -0.010136
v -0.019339 0.150393 -0.013160
v -0.019494 0.145219 -0.009371
v -0.023650 0.155058 -0.011371
v -0.010834 0.145221 -0.018704
v -0.013201 0.150394 -0.019299
v -0.014716 0.155060 -0.021712
v -0.005869 0.155062 -0.025551
v -0.005235 0.150396 -0.022776
v -0.004841 0.145223 -0.021056
v -0.008571 0.150395 -0.021747
v -0.009612 0.155061 -0.024396
v -0.001782 0.150397 -0.023296
v -0.001649 0.145223 -0.021537
v 0.005794 0.155065 -0.025551
v 0.005162 0.150398 -0.022776
v 0.004771 0.145225 -0.021056
v 0.001709 0.150398 -0.023296
v 0.001921 0.155064 -0.026134
v 0.008498 0.150399 -0.021747
v 0.011644 0.150400 -0.020232
v 0.013066 0.155067 -0.022697
v 0.016303 0.155068 -0.020490
v 0.023575 0.155069 -0.011371
v 0.021012 0.150402 -0.010136
v 0.019266 0.150402 -0.013160
v 0.021616 0.155069 -0.014763
v 0.020602 0.145229 -0.006367
v 0.022286 0.150403 -0.006888
v 0.017781 0.145228 -0.012208
v 0.011853 0.145227 0.018031
v -0.018033 0.032308 0.010200
v -0.018323 0.032176 0.010173
v -0.018630 0.032090 0.010094
v -0.018936 0.032056 0.009969
v -0.019226 0.032066 0.009812
v -0.019737 0.032192 0.009440
v -0.020181 0.032434 0.009000
v -0.013854 0.035599 0.009000
v -0.007053 0.037543 0.009000
v -0.000009 0.038200 0.009000
v 0.007035 0.037547 0.009000
v 0.013837 0.035606 0.009000
v 0.020165 0.032444 0.009000
v 0.019721 0.032201 0.009440
v 0.019211 0.032076 0.009812
v 0.018920 0.032065 0.009969
v 0.018614 0.032099 0.010094
v 0.018308 0.032184 0.010173
v 0.018018 0.032317 0.010200
v 0.011113 0.035292 0.010200
v 0.003750 0.036809 0.010200
v -0.003768 0.036808 0.010200
v -0.011130 0.035286 0.010200
v -0.020430 0.032647 0.011000
v -0.020430 0.032647 0.000000
v -0.020430 0.032647 -0.011000
v -0.020021 0.032329 -0.011000
v -0.020021 0.032329 0.011000
v -0.019543 0.032127 0.011000
v -0.019030 0.032054 0.011000
v -0.018515 0.032116 0.011000
v -0.020744 0.033060 0.011000
v -0.020744 0.033060 0.000000
v -0.020744 0.033060 -0.011000
v -0.020941 0.033540 0.011000
v -0.020941 0.033540 0.000000
v -0.020941 0.033540 -0.011000
v -0.019543 0.032127 -0.011000
v -0.019030 0.032054 -0.011000
v -0.018515 0.032116 -0.011000
v 0.007227 0.088556 0.021054
v 0.008514 0.090787 0.020620
v 0.015443 0.086788 0.014742
v 0.015771 0.087517 0.014275
v 0.015883 0.087921 0.014108
v 0.015954 0.088346 0.014001
v 0.015978 0.088785 0.013964
v 0.015955 0.089224 0.014000
v 0.015884 0.089650 0.014107
v 0.015772 0.090056 0.014272
v 0.015446 0.090783 0.014736
v 0.015014 0.091395 0.015313
v 0.014496 0.091896 0.015954
v 0.013912 0.092290 0.016617
v 0.013268 0.092574 0.017282
v 0.012576 0.092743 0.017930
v 0.011845 0.092785 0.018545
v 0.011096 0.092689 0.019111
v 0.010351 0.092441 0.019612
v 0.009646 0.092037 0.020036
v 0.009020 0.091480 0.020373
v 0.014156 0.084557 0.016054
v -0.008558 0.090783 0.020620
v -0.009065 0.091473 0.020372
v -0.009691 0.092030 0.020035
v -0.010396 0.092437 0.019613
v -0.011140 0.092683 0.019111
v -0.011890 0.092779 0.018545
v -0.012621 0.092737 0.017930
v -0.013313 0.092568 0.017282
v -0.013956 0.092283 0.016617
v -0.014540 0.091889 0.015955
v -0.015056 0.091388 0.015316
v -0.015489 0.090776 0.014738
v -0.015816 0.090048 0.014272
v -0.015928 0.089643 0.014106
v -0.015997 0.089216 0.014001
v -0.016021 0.088777 0.013965
v -0.015997 0.088339 0.014001
v -0.015926 0.087912 0.014108
v -0.015813 0.087507 0.014275
v -0.015485 0.086781 0.014742
v -0.007269 0.088552 0.021054
v -0.014197 0.084551 0.016054
v 0.014338 0.084057 0.015324
v 0.014266 0.083880 0.015424
v 0.014228 0.083710 0.015554
v 0.014228 0.083557 0.015707
v 0.014266 0.083428 0.015876
v 0.014338 0.083328 0.016054
v 0.017152 0.080094 0.012665
v 0.019250 0.076355 0.008748
v 0.020545 0.072269 0.004467
v 0.020545 0.072472 0.004264
v 0.019250 0.076753 0.008351
v 0.017152 0.080669 0.012089
v 0.015641 0.082430 0.014020
v 0.015661 0.081983 0.014484
v 0.017974 0.079162 0.010847
v 0.017987 0.078817 0.011200
v 0.020053 0.074369 0.006189
v 0.020057 0.074173 0.006387
v 0.020924 0.069619 0.001569
v 0.020925 0.069569 0.001619
v 0.015630 0.082052 0.014388
v 0.015617 0.082101 0.014326
v 0.015607 0.082257 0.014162
v 0.017967 0.078875 0.011130
v 0.017959 0.078915 0.011085
v 0.017953 0.079035 0.010962
v 0.016881 0.080853 0.012489
v 0.016854 0.080703 0.012619
v 0.016861 0.080565 0.012763
v 0.016873 0.080520 0.012816
v 0.016898 0.080455 0.012899
v 0.019543 0.075650 0.007917
v 0.019533 0.075693 0.007870
v 0.019528 0.075722 0.007839
v 0.019525 0.075807 0.007754
v 0.019536 0.075893 0.007671
v 0.018911 0.077373 0.009109
v 0.018895 0.077269 0.009206
v 0.018899 0.077168 0.009309
v 0.018906 0.077134 0.009346
v 0.018920 0.077084 0.009403
v 0.020750 0.071124 0.003229
v 0.020748 0.071142 0.003211
v 0.020747 0.071154 0.003198
v 0.020747 0.071189 0.003164
v 0.020748 0.071223 0.003130
v 0.020458 0.072810 0.004673
v 0.020453 0.072758 0.004724
v 0.020455 0.072706 0.004775
v 0.020456 0.072689 0.004793
v 0.020460 0.072661 0.004822
v 0.020924 0.069601 0.001587
v 0.020924 0.069584 0.001604
v 0.020924 0.069578 0.001610
v 0.020051 0.074208 0.006350
v 0.020048 0.074232 0.006325
v 0.020046 0.074300 0.006256
v 0.014066 0.084353 0.016054
v 0.014025 0.084134 0.016054
v 0.014033 0.083911 0.016054
v 0.014090 0.083695 0.016054
v 0.014194 0.083497 0.016054
v 0.014224 0.084201 0.015469
v 0.014153 0.084338 0.015645
v 0.014130 0.084458 0.015844
v 0.014209 0.083494 0.015904
v 0.014107 0.083692 0.015882
v 0.014051 0.083907 0.015869
v 0.014043 0.084130 0.015864
v 0.014083 0.084349 0.015869
v 0.014166 0.083691 0.015689
v 0.014112 0.083906 0.015668
v 0.014103 0.084129 0.015666
v 0.014140 0.084348 0.015684
v 0.014213 0.083910 0.015485
v 0.014203 0.084133 0.015486
v 0.014194 0.083497 0.019703
v 0.014194 0.083497 0.023351
v 0.014090 0.083695 0.019703
v 0.014090 0.083695 0.023351
v 0.014033 0.083911 0.019703
v 0.014033 0.083911 0.023351
v 0.014025 0.084134 0.019703
v 0.014025 0.084134 0.023351
v 0.014066 0.084353 0.019703
v 0.014066 0.084353 0.023351
v 0.007178 0.088539 0.020799
v 0.007074 0.088557 0.020562
v 0.006922 0.088609 0.020357
v 0.006732 0.088692 0.020200
v 0.006517 0.088798 0.020100
v 0.006291 0.088922 0.020065
v 0.006070 0.089055 0.020097
v 0.006014 0.088820 0.020146
v 0.005979 0.088599 0.020251
v 0.005967 0.088406 0.020404
v 0.005979 0.088252 0.020597
v 0.006014 0.088147 0.020818
v 0.006071 0.088098 0.021054
v 0.006290 0.088058 0.021054
v 0.006513 0.088067 0.021054
v 0.006728 0.088126 0.021054
v 0.006925 0.088230 0.021054
v 0.007094 0.088376 0.021054
v 0.007082 0.088386 0.020875
v 0.006894 0.088239 0.020835
v 0.006676 0.088139 0.020808
v 0.006440 0.088093 0.020796
v 0.006198 0.088102 0.020799
v 0.007082 0.088456 0.020707
v 0.006894 0.088323 0.020631
v 0.006676 0.088234 0.020580
v 0.006440 0.088192 0.020556
v 0.006198 0.088201 0.020561
v 0.006894 0.088458 0.020456
v 0.006676 0.088385 0.020383
v 0.006440 0.088351 0.020349
v 0.006198 0.088358 0.020356
v 0.006676 0.088581 0.020232
v 0.006440 0.088557 0.020191
v 0.006198 0.088562 0.020199
v 0.006439 0.088796 0.020091
v 0.006198 0.088799 0.020101
v 0.015567 0.086288 0.014072
v 0.015475 0.086430 0.014210
v 0.015422 0.086564 0.014372
v 0.015411 0.086686 0.014553
v 0.014638 0.084834 0.015054
v 0.014558 0.084973 0.015218
v 0.014523 0.085100 0.015406
v 0.014521 0.085138 0.015472
v 0.015958 0.087199 0.013626
v 0.016092 0.087704 0.013467
v 0.016177 0.088236 0.013365
v 0.016206 0.088785 0.013330
v 0.016177 0.089333 0.013364
v 0.016093 0.089866 0.013465
v 0.015959 0.090372 0.013624
v 0.015570 0.091282 0.014066
v 0.015054 0.092047 0.014617
v 0.014437 0.092673 0.015229
v 0.013740 0.093165 0.015862
v 0.012972 0.093521 0.016496
v 0.012146 0.093731 0.017115
v 0.011274 0.093785 0.017702
v 0.010380 0.093664 0.018242
v 0.009491 0.093355 0.018721
v 0.008650 0.092850 0.019125
v 0.007903 0.092153 0.019447
v 0.007299 0.091286 0.019682
v 0.007494 0.091164 0.019639
v 0.007698 0.091049 0.019650
v 0.007899 0.090947 0.019713
v 0.008086 0.090863 0.019827
v 0.008249 0.090803 0.019983
v 0.008379 0.090769 0.020175
v 0.008469 0.090764 0.020391
v 0.015809 0.086912 0.013802
v 0.015778 0.086947 0.013847
v 0.015737 0.087000 0.013922
v 0.015704 0.087051 0.014002
v 0.015681 0.087101 0.014086
v 0.015667 0.087149 0.014174
v 0.015663 0.087178 0.014231
v 0.015664 0.087221 0.014322
v 0.016017 0.087550 0.013559
v 0.015986 0.087573 0.013605
v 0.015943 0.087607 0.013680
v 0.015908 0.087641 0.013759
v 0.015880 0.087674 0.013841
v 0.015861 0.087705 0.013926
v 0.015852 0.087724 0.013982
v 0.015847 0.087753 0.014070
v 0.016138 0.088209 0.013414
v 0.016107 0.088219 0.013460
v 0.016063 0.088235 0.013535
v 0.016026 0.088251 0.013613
v 0.015996 0.088266 0.013694
v 0.015974 0.088281 0.013778
v 0.015963 0.088290 0.013833
v 0.015953 0.088303 0.013920
v 0.016170 0.088895 0.013375
v 0.016139 0.088893 0.013421
v 0.016095 0.088890 0.013496
v 0.016057 0.088887 0.013574
v 0.016027 0.088885 0.013655
v 0.016003 0.088882 0.013739
v 0.015992 0.088880 0.013793
v 0.015981 0.088878 0.013879
v 0.016106 0.089597 0.013452
v 0.016074 0.089582 0.013498
v 0.016031 0.089560 0.013573
v 0.015994 0.089538 0.013652
v 0.015965 0.089517 0.013733
v 0.015944 0.089496 0.013818
v 0.015934 0.089483 0.013873
v 0.015925 0.089464 0.013960
v 0.015951 0.090262 0.013636
v 0.015920 0.090235 0.013682
v 0.015877 0.090194 0.013757
v 0.015843 0.090154 0.013836
v 0.015817 0.090115 0.013919
v 0.015799 0.090077 0.014005
v 0.015792 0.090054 0.014062
v 0.015789 0.090020 0.014151
v 0.015542 0.091226 0.014102
v 0.015512 0.091180 0.014146
v 0.015473 0.091110 0.014221
v 0.015444 0.091042 0.014302
v 0.015426 0.090977 0.014389
v 0.015418 0.090915 0.014479
v 0.015419 0.090878 0.014539
v 0.015430 0.090824 0.014634
v 0.014987 0.092025 0.014691
v 0.014959 0.091962 0.014734
v 0.014926 0.091865 0.014808
v 0.014906 0.091772 0.014891
v 0.014899 0.091684 0.014982
v 0.014905 0.091603 0.015078
v 0.014916 0.091555 0.015143
v 0.014944 0.091487 0.015245
v 0.014319 0.092665 0.015346
v 0.014295 0.092585 0.015386
v 0.014270 0.092464 0.015459
v 0.014261 0.092349 0.015544
v 0.014268 0.092242 0.015640
v 0.014291 0.092146 0.015744
v 0.014314 0.092090 0.015814
v 0.014361 0.092015 0.015926
v 0.013563 0.093153 0.016020
v 0.013545 0.093058 0.016056
v 0.013533 0.092914 0.016127
v 0.013538 0.092779 0.016213
v 0.013562 0.092656 0.016314
v 0.013602 0.092549 0.016426
v 0.013637 0.092489 0.016502
v 0.013704 0.092412 0.016626
v 0.012811 0.093460 0.016630
v 0.012802 0.093352 0.016661
v 0.012804 0.093190 0.016728
v 0.012826 0.093039 0.016815
v 0.012866 0.092905 0.016920
v 0.012924 0.092792 0.017040
v 0.012970 0.092731 0.017123
v 0.013053 0.092658 0.017259
v 0.012009 0.093629 0.017221
v 0.012012 0.093510 0.017246
v 0.012033 0.093333 0.017307
v 0.012074 0.093170 0.017395
v 0.012134 0.093029 0.017505
v 0.012209 0.092913 0.017633
v 0.012265 0.092854 0.017724
v 0.012362 0.092789 0.017873
v 0.011170 0.093650 0.017778
v 0.011189 0.093522 0.017796
v 0.011235 0.093334 0.017851
v 0.011299 0.093164 0.017938
v 0.011379 0.093019 0.018053
v 0.011472 0.092904 0.018190
v 0.011537 0.092849 0.018288
v 0.011642 0.092795 0.018451
v 0.010318 0.093508 0.018289
v 0.010356 0.093377 0.018299
v 0.010431 0.093184 0.018348
v 0.010522 0.093012 0.018433
v 0.010624 0.092868 0.018551
v 0.010733 0.092759 0.018697
v 0.010805 0.092710 0.018803
v 0.010915 0.092669 0.018980
v 0.009478 0.093191 0.018740
v 0.009539 0.093063 0.018743
v 0.009648 0.092874 0.018784
v 0.009767 0.092707 0.018868
v 0.009892 0.092571 0.018990
v 0.010016 0.092471 0.019144
v 0.010092 0.092429 0.019257
v 0.010202 0.092400 0.019448
v 0.008688 0.092696 0.019121
v 0.008774 0.092577 0.019117
v 0.008918 0.092403 0.019152
v 0.009067 0.092250 0.019234
v 0.009213 0.092127 0.019360
v 0.009350 0.092041 0.019521
v 0.009429 0.092006 0.019640
v 0.009534 0.091988 0.019842
v 0.007990 0.092028 0.019424
v 0.008100 0.091926 0.019416
v 0.008277 0.091777 0.019446
v 0.008453 0.091648 0.019527
v 0.008619 0.091545 0.019655
v 0.008766 0.091474 0.019821
v 0.008846 0.091448 0.019946
v 0.008944 0.091437 0.020157
v 0.006687 0.089880 0.019911
v 0.007703 0.089437 0.020660
v 0.007615 0.089446 0.020442
v 0.007540 0.089466 0.020320
v 0.007390 0.089520 0.020148
v 0.007212 0.089598 0.020017
v 0.007015 0.089695 0.019934
v 0.006812 0.089807 0.019903
v 0.007077 0.090588 0.019776
v 0.007203 0.090513 0.019765
v 0.007409 0.090400 0.019793
v 0.007608 0.090302 0.019874
v 0.007789 0.090224 0.020005
v 0.007943 0.090170 0.020177
v 0.008019 0.090151 0.020300
v 0.008110 0.090143 0.020518
v 0.007094 0.088376 0.024027
v 0.006925 0.088230 0.024027
v 0.006728 0.088126 0.024027
v 0.006513 0.088067 0.024027
v 0.006290 0.088058 0.024027
v -0.006113 0.088096 0.021054
v -0.014379 0.083321 0.016054
v -0.017191 0.080085 0.012665
v -0.019287 0.076346 0.008748
v -0.020580 0.072259 0.004467
v 0.003058 0.088774 0.021762
v -0.000022 0.089000 0.022000
v -0.003101 0.088772 0.021762
v -0.006113 0.089052 0.020097
v -0.006057 0.088817 0.020146
v -0.006022 0.088596 0.020251
v -0.006009 0.088403 0.020404
v -0.006021 0.088249 0.020597
v -0.006057 0.088145 0.020818
v 0.003058 0.089763 0.020773
v -0.000022 0.090000 0.021000
v -0.003101 0.089761 0.020773
v 0.003748 0.089487 0.020671
v -0.002362 0.088888 0.021667
v -0.002348 0.088947 0.021481
v -0.002342 0.089004 0.021367
v -0.002337 0.089109 0.021220
v -0.002337 0.089238 0.021094
v -0.002343 0.089388 0.020992
v -0.002353 0.089553 0.020919
v -0.002366 0.089705 0.020881
v 0.001415 0.088971 0.021752
v 0.001406 0.089029 0.021565
v 0.001402 0.089085 0.021450
v 0.001399 0.089191 0.021302
v 0.001399 0.089321 0.021175
v 0.001403 0.089472 0.021073
v 0.001409 0.089638 0.021001
v 0.001417 0.089791 0.020963
v 0.003743 0.088680 0.021449
v 0.003720 0.088740 0.021266
v 0.003710 0.088797 0.021155
v 0.003703 0.088902 0.021010
v 0.003703 0.089030 0.020886
v 0.003712 0.089177 0.020785
v 0.003728 0.089339 0.020711
v -0.014306 0.083421 0.015876
v -0.014269 0.083551 0.015707
v -0.014269 0.083704 0.015554
v -0.014306 0.083873 0.015424
v -0.014379 0.084050 0.015324
v -0.017191 0.080661 0.012089
v -0.019287 0.076744 0.008351
v -0.020580 0.072462 0.004264
v -0.020967 0.069480 0.001444
v -0.020967 0.069434 0.001490
v -0.020231 0.073864 0.005707
v -0.020234 0.073682 0.005889
v -0.018640 0.077999 0.009726
v -0.018650 0.077689 0.010040
v -0.016269 0.081711 0.013330
v -0.016288 0.081287 0.013770
v -0.015323 0.082826 0.014412
v -0.015287 0.082647 0.014557
v -0.015297 0.082487 0.014727
v -0.015311 0.082437 0.014790
v -0.015344 0.082367 0.014890
v -0.017932 0.079291 0.010981
v -0.017910 0.079162 0.011097
v -0.017916 0.079041 0.011222
v -0.017925 0.079001 0.011267
v -0.017945 0.078942 0.011338
v -0.017156 0.080143 0.012583
v -0.017132 0.080206 0.012503
v -0.017121 0.080250 0.012451
v -0.017114 0.080385 0.012311
v -0.017140 0.080531 0.012184
v -0.019793 0.075279 0.007083
v -0.019783 0.075199 0.007159
v -0.019786 0.075121 0.007238
v -0.019790 0.075094 0.007266
v -0.019798 0.075054 0.007310
v -0.019269 0.076391 0.008695
v -0.019257 0.076439 0.008643
v -0.019252 0.076470 0.008609
v -0.019248 0.076563 0.008515
v -0.019261 0.076659 0.008424
v -0.020819 0.070957 0.002881
v -0.020817 0.070925 0.002912
v -0.020818 0.070894 0.002944
v -0.020818 0.070883 0.002955
v -0.020820 0.070866 0.002973
v -0.020575 0.072284 0.004441
v -0.020572 0.072309 0.004415
v -0.020570 0.072326 0.004399
v -0.020569 0.072373 0.004351
v -0.020573 0.072421 0.004304
v -0.020967 0.069442 0.001481
v -0.020967 0.069448 0.001476
v -0.020967 0.069464 0.001460
v -0.020228 0.073716 0.005855
v -0.020226 0.073737 0.005832
v -0.020224 0.073800 0.005769
v -0.018634 0.077743 0.009979
v -0.018627 0.077779 0.009939
v -0.018622 0.077886 0.009829
v -0.016259 0.081354 0.013679
v -0.016247 0.081401 0.013622
v -0.016238 0.081549 0.013467
v -0.007137 0.088373 0.021054
v -0.006968 0.088227 0.021054
v -0.006771 0.088122 0.021054
v -0.006556 0.088064 0.021054
v -0.006333 0.088055 0.021054
v -0.006334 0.088919 0.020065
v -0.006560 0.088795 0.020100
v -0.006775 0.088688 0.020200
v -0.006965 0.088606 0.020357
v -0.007117 0.088554 0.020562
v -0.007221 0.088536 0.020799
v -0.007124 0.088383 0.020875
v -0.006241 0.088099 0.020799
v -0.006482 0.088090 0.020796
v -0.006719 0.088136 0.020808
v -0.006937 0.088236 0.020835
v -0.006241 0.088198 0.020561
v -0.006482 0.088189 0.020556
v -0.006719 0.088231 0.020580
v -0.006937 0.088320 0.020631
v -0.007124 0.088452 0.020707
v -0.006937 0.088454 0.020456
v -0.006719 0.088381 0.020383
v -0.006482 0.088348 0.020349
v -0.006241 0.088355 0.020356
v -0.006241 0.088559 0.020199
v -0.006482 0.088554 0.020191
v -0.006719 0.088578 0.020232
v -0.006241 0.088796 0.020101
v -0.006483 0.088793 0.020091
v -0.006333 0.088055 0.024027
v -0.006556 0.088064 0.024027
v -0.006771 0.088122 0.024027
v -0.006968 0.088227 0.024027
v -0.007137 0.088373 0.024027
v -0.014171 0.084452 0.015844
v -0.014194 0.084331 0.015645
v -0.014265 0.084195 0.015469
v -0.014234 0.083491 0.016054
v -0.014130 0.083688 0.016054
v -0.014073 0.083904 0.016054
v -0.014066 0.084127 0.016054
v -0.014107 0.084346 0.016054
v -0.014124 0.084342 0.015869
v -0.014083 0.084123 0.015864
v -0.014092 0.083900 0.015869
v -0.014148 0.083685 0.015882
v -0.014250 0.083488 0.015904
v -0.014180 0.084342 0.015684
v -0.014144 0.084122 0.015666
v -0.014152 0.083900 0.015668
v -0.014207 0.083684 0.015689
v -0.014243 0.084126 0.015486
v -0.014253 0.083903 0.015485
v -0.007343 0.091283 0.019682
v -0.007538 0.091161 0.019639
v -0.007742 0.091045 0.019650
v -0.007943 0.090943 0.019713
v -0.008130 0.090859 0.019827
v -0.008293 0.090799 0.019983
v -0.008423 0.090765 0.020175
v -0.008513 0.090759 0.020391
v -0.006512 0.089482 0.019983
v -0.006636 0.089409 0.019977
v -0.006839 0.089298 0.020009
v -0.007034 0.089201 0.020093
v -0.007210 0.089123 0.020225
v -0.007358 0.089069 0.020396
v -0.007432 0.089049 0.020518
v -0.007519 0.089038 0.020735
v -0.007948 0.092146 0.019446
v -0.008695 0.092842 0.019125
v -0.009537 0.093350 0.018721
v -0.010424 0.093659 0.018242
v -0.011319 0.093779 0.017702
v -0.012191 0.093725 0.017115
v -0.013017 0.093514 0.016496
v -0.013785 0.093158 0.015862
v -0.014482 0.092666 0.015229
v -0.015097 0.092040 0.014620
v -0.015613 0.091275 0.014068
v -0.016003 0.090365 0.013623
v -0.016137 0.089859 0.013465
v -0.016220 0.089325 0.013365
v -0.016248 0.088776 0.013331
v -0.016219 0.088228 0.013365
v -0.016135 0.087695 0.013467
v -0.016000 0.087189 0.013626
v -0.015609 0.086281 0.014072
v -0.015517 0.086422 0.014210
v -0.015464 0.086557 0.014372
v -0.015453 0.086678 0.014553
v -0.008220 0.092223 0.019346
v -0.009529 0.091942 0.019870
v -0.007815 0.091742 0.019513
v -0.007934 0.091647 0.019504
v -0.008122 0.091511 0.019533
v -0.008306 0.091393 0.019614
v -0.008478 0.091300 0.019742
v -0.008627 0.091235 0.019910
v -0.008708 0.091211 0.020037
v -0.008803 0.091202 0.020250
v -0.008325 0.092115 0.019339
v -0.008493 0.091959 0.019371
v -0.008661 0.091823 0.019453
v -0.008821 0.091715 0.019579
v -0.008965 0.091639 0.019744
v -0.009045 0.091610 0.019868
v -0.009145 0.091598 0.020077
v -0.009169 0.092989 0.018915
v -0.009242 0.092862 0.018916
v -0.009365 0.092679 0.018955
v -0.009497 0.092519 0.019038
v -0.009631 0.092388 0.019161
v -0.009760 0.092294 0.019318
v -0.009839 0.092255 0.019435
v -0.009946 0.092231 0.019631
v -0.009425 0.091960 0.019668
v -0.009345 0.091994 0.019547
v -0.009208 0.092079 0.019386
v -0.009061 0.092200 0.019260
v -0.008910 0.092350 0.019178
v -0.008764 0.092521 0.019143
v -0.008675 0.092641 0.019146
v -0.010228 0.093463 0.018364
v -0.010271 0.093330 0.018374
v -0.010350 0.093138 0.018421
v -0.010445 0.092967 0.018507
v -0.010551 0.092825 0.018625
v -0.010662 0.092718 0.018772
v -0.010735 0.092669 0.018881
v -0.010845 0.092630 0.019059
v -0.011327 0.093649 0.017707
v -0.011343 0.093521 0.017727
v -0.011386 0.093335 0.017783
v -0.011447 0.093166 0.017870
v -0.011524 0.093022 0.017983
v -0.011614 0.092907 0.018119
v -0.011679 0.092851 0.018217
v -0.011783 0.092796 0.018378
v -0.012383 0.093571 0.016986
v -0.012380 0.093455 0.017014
v -0.012393 0.093284 0.017078
v -0.012426 0.093127 0.017165
v -0.012478 0.092988 0.017273
v -0.012546 0.092873 0.017398
v -0.012599 0.092812 0.017486
v -0.012690 0.092744 0.017629
v -0.013376 0.093256 0.016215
v -0.013361 0.093156 0.016250
v -0.013353 0.093007 0.016319
v -0.013363 0.092867 0.016406
v -0.013391 0.092741 0.016508
v -0.013437 0.092632 0.016622
v -0.013476 0.092571 0.016701
v -0.013548 0.092495 0.016828
v -0.014274 0.092726 0.015430
v -0.014251 0.092643 0.015470
v -0.014228 0.092520 0.015543
v -0.014220 0.092403 0.015628
v -0.014229 0.092294 0.015724
v -0.014254 0.092196 0.015828
v -0.014278 0.092139 0.015900
v -0.014328 0.092064 0.016013
v -0.015054 0.091988 0.014670
v -0.015025 0.091925 0.014713
v -0.014992 0.091830 0.014788
v -0.014972 0.091738 0.014871
v -0.014964 0.091652 0.014961
v -0.014970 0.091571 0.015056
v -0.014981 0.091523 0.015122
v -0.015008 0.091456 0.015224
v -0.015482 0.091393 0.014216
v -0.015452 0.091344 0.014261
v -0.015414 0.091268 0.014336
v -0.015387 0.091195 0.014417
v -0.015371 0.091126 0.014504
v -0.015366 0.091060 0.014595
v -0.015369 0.091020 0.014657
v -0.015383 0.090962 0.014753
v -0.015833 0.090704 0.013824
v -0.015802 0.090668 0.013870
v -0.015761 0.090614 0.013945
v -0.015729 0.090562 0.014025
v -0.015706 0.090511 0.014109
v -0.015692 0.090462 0.014196
v -0.015688 0.090432 0.014254
v -0.015690 0.090388 0.014345
v -0.016143 0.089627 0.013461
v -0.016111 0.089612 0.013507
v -0.016068 0.089589 0.013582
v -0.016031 0.089566 0.013660
v -0.016002 0.089544 0.013741
v -0.015981 0.089522 0.013825
v -0.015971 0.089509 0.013881
v -0.015962 0.089489 0.013968
v -0.016203 0.088449 0.013388
v -0.016171 0.088455 0.013434
v -0.016127 0.088464 0.013509
v -0.016090 0.088473 0.013587
v -0.016060 0.088482 0.013668
v -0.016037 0.088490 0.013751
v -0.016026 0.088495 0.013806
v -0.016015 0.088503 0.013892
v -0.015995 0.087313 0.013635
v -0.015964 0.087340 0.013681
v -0.015922 0.087381 0.013756
v -0.015887 0.087421 0.013835
v -0.015861 0.087459 0.013917
v -0.015844 0.087497 0.014003
v -0.015837 0.087520 0.014060
v -0.015833 0.087554 0.014149
v -0.014107 0.084346 0.019703
v -0.014107 0.084346 0.023351
v -0.014066 0.084127 0.019703
v -0.014066 0.084127 0.023351
v -0.014073 0.083904 0.019703
v -0.014073 0.083904 0.023351
v -0.014130 0.083688 0.019703
v -0.014130 0.083688 0.023351
v -0.014234 0.083491 0.019703
v -0.014234 0.083491 0.023351
v -0.020580 0.072462 -0.004264
v -0.019287 0.076744 -0.008351
v -0.017191 0.080661 -0.012089
v -0.015681 0.082422 -0.014020
v -0.015701 0.081976 -0.014484
v -0.018013 0.079153 -0.010847
v -0.018025 0.078808 -0.011200
v -0.020089 0.074360 -0.006189
v -0.020093 0.074163 -0.006387
v -0.020958 0.069608 -0.001569
v -0.020958 0.069559 -0.001619
v -0.015670 0.082045 -0.014388
v -0.015656 0.082094 -0.014326
v -0.015647 0.082249 -0.014162
v -0.018006 0.078867 -0.011130
v -0.017997 0.078906 -0.011085
v -0.017991 0.079026 -0.010962
v -0.016921 0.080845 -0.012489
v -0.016893 0.080695 -0.012619
v -0.016900 0.080557 -0.012763
v -0.016912 0.080512 -0.012816
v -0.016937 0.080447 -0.012899
v -0.019579 0.075640 -0.007917
v -0.019569 0.075684 -0.007870
v -0.019565 0.075713 -0.007839
v -0.019562 0.075797 -0.007754
v -0.019573 0.075884 -0.007671
v -0.018948 0.077364 -0.009109
v -0.018933 0.077259 -0.009206
v -0.018937 0.077159 -0.009309
v -0.018943 0.077125 -0.009346
v -0.018957 0.077074 -0.009403
v -0.020784 0.071114 -0.003229
v -0.020782 0.071132 -0.003211
v -0.020782 0.071144 -0.003198
v -0.020781 0.071179 -0.003164
v -0.020783 0.071213 -0.003130
v -0.020493 0.072800 -0.004673
v -0.020489 0.072748 -0.004724
v -0.020490 0.072697 -0.004775
v -0.020491 0.072679 -0.004793
v -0.020495 0.072651 -0.004822
v -0.020958 0.069591 -0.001587
v -0.020958 0.069574 -0.001604
v -0.020958 0.069568 -0.001610
v -0.020082 0.074290 -0.006256
v -0.020084 0.074222 -0.006325
v -0.020087 0.074199 -0.006350
v 0.020545 0.072472 -0.004264
v 0.019250 0.076753 -0.008351
v 0.017152 0.080669 -0.012089
v 0.020933 0.069490 -0.001444
v 0.020934 0.069444 -0.001490
v 0.020195 0.073874 -0.005707
v 0.020198 0.073692 -0.005889
v 0.018602 0.078008 -0.009726
v 0.018613 0.077698 -0.010040
v 0.016230 0.081719 -0.013330
v 0.016248 0.081294 -0.013770
v 0.015282 0.082834 -0.014412
v 0.015247 0.082655 -0.014557
v 0.015257 0.082495 -0.014727
v 0.015271 0.082444 -0.014790
v 0.015304 0.082375 -0.014890
v 0.017893 0.079300 -0.010981
v 0.017871 0.079171 -0.011097
v 0.017878 0.079050 -0.011222
v 0.017886 0.079009 -0.011267
v 0.017906 0.078951 -0.011338
v 0.017117 0.080151 -0.012583
v 0.017093 0.080214 -0.012503
v 0.017082 0.080258 -0.012451
v 0.017075 0.080393 -0.012311
v 0.017101 0.080539 -0.012184
v 0.019756 0.075288 -0.007083
v 0.019747 0.075209 -0.007159
v 0.019750 0.075131 -0.007238
v 0.019753 0.075104 -0.007266
v 0.019762 0.075063 -0.007310
v 0.019232 0.076401 -0.008695
v 0.019220 0.076448 -0.008643
v 0.019215 0.076480 -0.008609
v 0.019211 0.076572 -0.008515
v 0.019224 0.076669 -0.008424
v 0.020784 0.070967 -0.002881
v 0.020783 0.070935 -0.002912
v 0.020783 0.070904 -0.002944
v 0.020784 0.070893 -0.002955
v 0.020785 0.070876 -0.002973
v 0.020540 0.072294 -0.004441
v 0.020537 0.072319 -0.004415
v 0.020535 0.072336 -0.004399
v 0.020534 0.072383 -0.004351
v 0.020538 0.072431 -0.004304
v 0.020933 0.069452 -0.001481
v 0.020933 0.069458 -0.001476
v 0.020933 0.069474 -0.001460
v 0.020193 0.073725 -0.005855
v 0.020190 0.073747 -0.005832
v 0.020189 0.073810 -0.005769
v 0.018597 0.077752 -0.009979
v 0.018590 0.077788 -0.009939
v 0.018585 0.077895 -0.009829
v 0.016220 0.081362 -0.013679
v 0.016207 0.081409 -0.013622
v 0.016199 0.081557 -0.013467
v 0.020925 0.033550 0.011000
v 0.020925 0.033550 0.000000
v 0.020925 0.033550 -0.011000
v 0.020728 0.033070 0.011000
v 0.020728 0.033070 0.000000
v 0.020728 0.033070 -0.011000
v 0.020414 0.032657 0.011000
v 0.020414 0.032657 0.000000
v 0.020414 0.032657 -0.011000
v 0.020005 0.032339 0.011000
v 0.020005 0.032339 -0.011000
v 0.019528 0.032136 0.011000
v 0.019014 0.032063 0.011000
v 0.018500 0.032125 0.011000
v 0.019528 0.032136 -0.011000
v 0.019014 0.032063 -0.011000
v 0.018500 0.032125 -0.011000
v -0.017047 0.094988 0.014000
v -0.021047 0.098988 0.014000
v -0.021047 0.098988 0.004000
v -0.017047 0.094988 0.004000
v -0.021047 0.132988 0.014000
v -0.021047 0.132988 0.004000
v 0.016953 0.094988 0.014000
v 0.020953 0.098988 0.014000
v 0.020953 0.132988 0.014000
v 0.016953 0.136988 0.014000
v -0.017047 0.136988 0.014000
v -0.014347 0.095188 0.014000
v -0.020847 0.101688 0.014000
v -0.020847 0.130288 0.014000
v -0.014347 0.136788 0.014000
v 0.014253 0.136788 0.014000
v 0.020753 0.130288 0.014000
v 0.020753 0.101688 0.014000
v 0.014253 0.095188 0.014000
v 0.020953 0.132988 0.004000
v 0.016953 0.136988 0.004000
v 0.020953 0.098988 0.004000
v 0.016953 0.094988 0.004000
v -0.017047 0.136988 0.004000
v -0.021047 0.098988 0.018000
v -0.017047 0.094988 0.018000
v -0.017047 0.094988 0.028000
v -0.021047 0.098988 0.028000
v 0.016953 0.094988 0.018000
v 0.016953 0.094988 0.028000
v -0.021047 0.132988 0.018000
v -0.017047 0.136988 0.018000
v 0.016953 0.136988 0.018000
v 0.020953 0.132988 0.018000
v 0.020953 0.098988 0.018000
v 0.020753 0.130288 0.018000
v 0.014253 0.136788 0.018000
v -0.014347 0.136788 0.018000
v -0.020847 0.130288 0.018000
v -0.020847 0.101688 0.018000
v -0.014347 0.095188 0.018000
v 0.014253 0.095188 0.018000
v 0.020753 0.101688 0.018000
v 0.016953 0.136988 0.028000
v 0.020953 0.132988 0.028000
v 0.020953 0.098988 0.028000
v -0.021047 0.132988 0.028000
v -0.017047 0.136988 0.028000
vn -0.0000 -0.0000 1.0000
vn -0.0000 -0.0000 -1.0000
vn 0.8321 0.0002 -0.5547
vn 0.8036 0.2155 -0.5547
vn 0.7205 0.4162 -0.5547
vn 0.5882 0.5885 -0.5547
vn 0.4159 0.7207 -0.5547
vn 0.4158 0.7207 -0.5547
vn 0.2152 0.8037 -0.5547
vn -0.0002 0.8321 -0.5547
vn -0.2155 0.8036 -0.5547
vn -0.4162 0.7205 -0.5547
vn -0.5885 0.5882 -0.5547
vn -0.7207 0.4159 -0.5547
vn -0.7207 0.4158 -0.5547
vn -0.8038 0.2152 -0.5547
vn -0.8321 -0.0002 -0.5547
vn -0.8036 -0.2155 -0.5547
vn -0.7205 -0.4162 -0.5547
vn -0.5882 -0.5885 -0.5547
vn -0.4159 -0.7207 -0.5547
vn -0.4158 -0.7207 -0.5547
vn -0.2152 -0.8038 -0.5547
vn 0.0002 -0.8320 -0.5547
vn 0.0002 -0.8321 -0.5547
vn 0.2155 -0.8036 -0.5547
vn 0.4162 -0.7205 -0.5547
vn 0.5885 -0.5882 -0.5547
vn 0.7207 -0.4159 -0.5547
vn 0.7207 -0.4158 -0.5547
vn 0.8038 -0.2152 -0.5547
vn -1.0000 -0.0003 -0.0000
vn -0.9659 -0.2591 -0.0000
vn -0.8659 -0.5002 -0.0000
vn -0.7069 -0.7073 -0.0000
vn -0.4998 -0.8661 -0.0000
vn -0.2586 -0.9660 -0.0000
vn 0.0002 -1.0000 -0.0000
vn 0.2591 -0.9659 -0.0000
vn 0.5002 -0.8659 -0.0000
vn 0.7073 -0.7069 -0.0000
vn 0.8661 -0.4998 -0.0000
vn 0.9660 -0.2586 -0.0000
vn 1.0000 0.0002 -0.0000
vn -0.0001 -0.0000 -1.0000
vn 0.8659 0.5002 -0.0000
vn 0.7334 0.6798 -0.0000
vn 0.5645 0.8255 -0.0000
vn 0.3674 0.9301 -0.0000
vn 0.1520 0.9884 -0.0000
vn -0.0709 0.9975 -0.0000
vn -0.2903 0.9569 -0.0000
vn -0.2904 0.9569 -0.0000
vn -0.3486 -0.0001 -0.9373
vn -0.2901 -0.0000 -0.9570
vn -0.1914 0.0761 -0.9786
vn -0.0688 0.1333 -0.9887
vn -0.0681 0.1489 -0.9865
vn 0.1558 0.2570 -0.9538
vn 0.1341 0.2599 -0.9563
vn 0.3335 0.3589 -0.8717
vn 0.1186 0.2633 -0.9574
vn 0.3210 0.3633 -0.8746
vn 0.2524 0.3403 -0.9058
vn 0.4378 0.4233 -0.7932
vn 0.4996 0.4404 -0.7459
vn 0.5995 0.4834 -0.6379
vn 0.6537 0.4942 -0.5731
vn 0.7319 0.5179 -0.4430
vn 0.7315 0.5138 -0.4482
vn 0.8209 0.5215 -0.2326
vn 0.8228 0.5193 -0.2309
vn 0.8205 0.5234 -0.2298
vn 0.3725 0.3645 -0.8535
vn 0.5091 0.4357 -0.7423
vn 0.5609 0.4461 -0.6974
vn 0.6599 0.4899 -0.5697
vn 0.7139 0.4985 -0.4918
vn 0.7359 0.5100 -0.4454
vn 0.8172 0.5168 -0.2551
vn 0.0482 0.2364 -0.9705
vn -0.0856 0.1509 -0.9848
vn -0.1525 0.1225 -0.9807
vn -0.2097 0.0771 -0.9747
vn -0.9480 -0.3182 0.0002
vn -0.9350 -0.3427 -0.0915
vn -0.8978 -0.3976 -0.1892
vn -0.8872 -0.2761 -0.3697
vn -0.8345 -0.1413 -0.5326
vn -0.9180 -0.2231 -0.3279
vn -0.9322 -0.2707 -0.2402
vn -0.9364 -0.3000 -0.1824
vn -0.9643 -0.1973 -0.1768
vn -0.9700 -0.2261 -0.0888
vn -0.9906 -0.1056 -0.0871
vn -0.9760 -0.2176 0.0001
vn -0.9938 -0.1108 -0.0000
vn -1.0000 -0.0011 0.0001
vn -0.9961 0.0188 -0.0866
vn -0.9941 0.1089 -0.0000
vn -0.9852 0.1472 -0.0876
vn -0.9765 0.2155 0.0001
vn -0.9593 0.2677 -0.0896
vn -0.9486 0.3163 0.0002
vn -0.8899 0.4461 -0.0953
vn -0.8673 0.4977 0.0005
vn -0.7586 0.6515 -0.0001
vn -0.7920 0.6014 -0.1049
vn -0.6293 0.7771 -0.0004
vn -0.6723 0.7312 -0.1155
vn -0.4838 0.8752 0.0002
vn -0.5326 0.8367 -0.1274
vn -0.3227 0.9465 -0.0000
vn -0.3875 0.9111 -0.1406
vn -0.1498 0.9887 -0.0000
vn -0.2269 0.9615 -0.1550
vn 0.0328 0.9995 0.0001
vn -0.0515 0.9841 -0.1702
vn 0.2202 0.9755 -0.0000
vn 0.1350 0.9732 -0.1861
vn 0.4063 0.9137 -0.0001
vn 0.3263 0.9236 -0.2012
vn 0.5827 0.8127 -0.0001
vn 0.5129 0.8312 -0.2144
vn 0.7392 0.6735 -0.0000
vn 0.6814 0.6966 -0.2246
vn 0.5848 0.6857 -0.4334
vn 0.5034 0.6586 -0.5593
vn 0.3560 0.5873 -0.7269
vn 0.1922 0.6907 -0.6971
vn 0.0478 0.5694 -0.8206
vn -0.1066 0.6174 -0.7794
vn -0.2278 0.4484 -0.8643
vn -0.3488 0.4565 -0.8185
vn -0.4232 0.2647 -0.8665
vn -0.5044 0.2567 -0.8244
vn -0.5228 0.1306 -0.8424
vn -0.5787 0.1218 -0.8064
vn -0.5379 -0.0001 -0.8430
vn -0.5794 -0.0001 -0.8151
vn -0.6294 0.1099 -0.7693
vn -0.6189 -0.0003 -0.7855
vn -0.6729 0.0967 -0.7334
vn -0.6552 -0.0001 -0.7555
vn -0.7150 0.0804 -0.6945
vn -0.6888 -0.0004 -0.7249
vn -0.7493 0.0633 -0.6592
vn -0.7179 -0.0003 -0.6961
vn -0.7766 0.0462 -0.6283
vn -0.7423 0.0001 -0.6701
vn -0.7610 -0.0001 -0.6488
vn -0.7966 0.0267 -0.6040
vn -0.7674 -0.0002 -0.6412
vn -0.8039 0.0143 -0.5945
vn -0.7714 -0.0002 -0.6364
vn -0.8069 0.0018 -0.5907
vn -0.7727 -0.0002 -0.6347
vn -0.8054 -0.0106 -0.5927
vn -0.7713 -0.0002 -0.6364
vn -0.7673 -0.0002 -0.6413
vn -0.7997 -0.0228 -0.6000
vn -0.7609 -0.0002 -0.6489
vn -0.7898 -0.0348 -0.6124
vn -0.7423 -0.0002 -0.6701
vn -0.8207 -0.0691 -0.5671
vn -0.8619 -0.1218 -0.4922
vn -0.8946 -0.1734 -0.4119
vn -0.9093 -0.1134 -0.4005
vn -0.9367 -0.1461 -0.3182
vn -0.9475 -0.0680 -0.3123
vn -0.9700 -0.0827 -0.2284
vn -0.9737 0.0147 -0.2272
vn -0.9849 0.0163 -0.1724
vn -0.9763 0.1282 -0.1743
vn -0.4955 -0.0001 -0.8686
vn -0.4611 0.1349 -0.8771
vn -0.3353 0.2608 -0.9053
vn -0.1034 0.4147 -0.9041
vn 0.1924 0.4857 -0.8527
vn -0.4530 -0.0001 -0.8915
vn -0.3960 0.1332 -0.9085
vn -0.2459 0.2416 -0.9387
vn 0.0132 0.3545 -0.9350
vn -0.4130 -0.0001 -0.9107
vn -0.3310 0.1235 -0.9355
vn -0.1627 0.2068 -0.9648
vn -0.3774 -0.0001 -0.9260
vn -0.2714 0.1058 -0.9566
vn -0.8310 -0.0451 -0.5544
vn -0.8370 -0.0210 -0.5468
vn -0.8386 0.0036 -0.5447
vn -0.8355 0.0288 -0.5488
vn -0.8279 0.0534 -0.5584
vn -0.8068 0.0915 -0.5837
vn -0.7772 0.1263 -0.6165
vn -0.7388 0.1598 -0.6547
vn -0.6904 0.1914 -0.6976
vn -0.6383 0.2173 -0.7384
vn -0.5759 0.2400 -0.7815
vn -0.8739 -0.0795 -0.4796
vn -0.8807 -0.0369 -0.4722
vn -0.8825 0.0065 -0.4702
vn -0.8790 0.0512 -0.4741
vn -0.8702 0.0943 -0.4835
vn -0.8458 0.1610 -0.5086
vn -0.8102 0.2225 -0.5422
vn -0.7634 0.2806 -0.5819
vn -0.7032 0.3344 -0.6274
vn -0.6363 0.3785 -0.6722
vn -0.5548 0.4164 -0.7203
vn -0.4592 0.4440 -0.7694
vn -0.9561 -0.1777 -0.2329
vn -0.9178 -0.0527 -0.3936
vn -0.9504 0.0120 -0.3109
vn -0.9664 0.1153 -0.2296
vn -0.9558 0.2338 -0.1784
vn -0.9806 -0.0919 -0.1734
vn -0.9200 0.0093 -0.3918
vn -0.9156 0.0733 -0.3955
vn -0.9048 0.1345 -0.4040
vn -0.8748 0.2288 -0.4271
vn -0.8306 0.3158 -0.4587
vn -0.7723 0.3965 -0.4963
vn -0.6979 0.4704 -0.5401
vn -0.6145 0.5302 -0.5842
vn -0.5133 0.5805 -0.6321
vn -0.3942 0.6162 -0.6818
vn -0.2570 0.6309 -0.7321
vn -0.9447 0.0946 -0.3139
vn -0.9489 0.2107 -0.2351
vn -0.9000 0.3924 -0.1900
vn -0.9310 0.1733 -0.3211
vn -0.8931 0.2935 -0.3409
vn -0.8376 0.4033 -0.3685
vn -0.7653 0.5030 -0.4015
vn -0.6748 0.5924 -0.4402
vn -0.5744 0.6633 -0.4797
vn -0.4545 0.7209 -0.5232
vn -0.3149 0.7600 -0.5686
vn -0.1561 0.7730 -0.6149
vn 0.0164 0.7522 -0.6588
vn -0.9008 0.3550 -0.2502
vn -0.8200 0.5336 -0.2073
vn -0.8312 0.4850 -0.2720
vn -0.7425 0.6000 -0.2978
vn -0.6340 0.7003 -0.3280
vn -0.5161 0.7774 -0.3595
vn -0.3786 0.8374 -0.3942
vn -0.2216 0.8748 -0.4308
vn -0.0463 0.8824 -0.4682
vn 0.1408 0.8522 -0.5039
vn 0.3294 0.7779 -0.5351
vn -0.7196 0.6561 -0.2274
vn -0.5989 0.7605 -0.2508
vn -0.4698 0.8386 -0.2756
vn -0.3220 0.8970 -0.3029
vn -0.1560 0.9304 -0.3317
vn 0.0263 0.9321 -0.3613
vn 0.2183 0.8948 -0.3895
vn 0.4096 0.8128 -0.4142
vn -0.8935 -0.3999 -0.2044
vn -0.8915 -0.4013 -0.2101
vn -0.8922 -0.3618 -0.2702
vn -0.8684 -0.2804 -0.4089
vn -0.8574 -0.2348 -0.4580
vn -0.7978 -0.1441 -0.5854
vn -0.7772 -0.0953 -0.6220
vn -0.6837 -0.0002 -0.7298
vn 0.7208 0.6695 -0.1794
vn 0.7208 0.6003 -0.3465
vn 0.5336 0.7324 -0.4228
vn 0.5337 0.5980 -0.5979
vn 0.3154 0.6710 -0.6710
vn 0.3155 0.4745 -0.8218
vn 0.0788 0.4985 -0.8633
vn 0.0789 0.2594 -0.9625
vn -0.1623 0.2560 -0.9530
vn -0.3468 0.2353 -0.9079
vn -0.1623 0.4933 -0.8546
vn -0.3822 0.4565 -0.8034
vn -0.1624 0.6977 -0.6977
vn -0.3944 0.6501 -0.6495
vn -0.3823 0.8033 -0.4566
vn -0.1624 0.8545 -0.4934
vn -0.3469 0.9079 -0.2354
vn -0.1625 0.9531 -0.2554
vn 0.0788 0.9629 -0.2580
vn 0.3154 0.9166 -0.2456
vn 0.5336 0.8169 -0.2189
vn 0.3154 0.8218 -0.4744
vn 0.0787 0.8633 -0.4984
vn 0.0786 0.7049 -0.7049
vn -0.6839 0.7296 -0.0000
vn -0.6839 0.7296 0.0001
vn -0.8287 0.5598 -0.0000
vn -0.9321 0.3621 -0.0000
vn -0.9892 0.1464 -0.0000
vn -0.9971 -0.0766 -0.0000
vn -0.9553 -0.2958 -0.0000
vn -0.9385 -0.2917 -0.1847
vn -0.8822 -0.2913 -0.3700
vn -0.9791 -0.0725 -0.1898
vn -0.9191 -0.0720 -0.3875
vn -0.9711 0.1503 -0.1855
vn -0.9102 0.1507 -0.3857
vn -0.9147 0.3657 -0.1719
vn -0.8561 0.3661 -0.3647
vn -0.7936 0.4998 -0.3470
vn -0.7936 0.3468 -0.4999
vn -0.8129 0.5628 -0.1498
vn -0.7563 0.6297 -0.1773
vn -0.7562 0.1772 -0.6298
vn -0.8092 0.1470 -0.5689
vn -0.8193 -0.0758 -0.5683
vn -0.1468 0.9892 -0.0001
vn -0.2112 0.9588 -0.1899
vn -0.2434 0.8412 -0.4828
vn -0.2334 0.8990 -0.3705
vn -0.0814 0.9772 -0.1961
vn -0.0002 1.0000 -0.0000
vn 0.1317 0.9720 -0.1944
vn 0.1464 0.9892 -0.0000
vn 0.2899 0.9571 -0.0000
vn 0.1460 0.9139 -0.3788
vn 0.3465 0.9080 -0.2354
vn 0.1524 0.8563 -0.4934
vn 0.3819 0.8035 -0.4566
vn 0.1573 0.7510 -0.6413
vn 0.3940 0.6499 -0.6499
vn 0.1570 0.6229 -0.7664
vn 0.1514 0.4719 -0.8686
vn -0.0936 0.4759 -0.8745
vn -0.0870 0.3090 -0.9471
vn -0.2254 0.2995 -0.9271
vn -0.2057 0.1528 -0.9666
vn -0.2503 0.6100 -0.7519
vn -0.2508 0.7365 -0.6282
vn -0.0943 0.8623 -0.4976
vn -0.0903 0.9197 -0.3821
vn -0.2417 0.4617 -0.8535
vn -0.0970 0.6279 -0.7722
vn -0.0972 0.7567 -0.6465
vn -0.1466 -0.0000 -0.9892
vn -0.0791 0.1579 -0.9843
vn 0.1410 0.3065 -0.9414
vn 0.3820 0.4567 -0.8034
vn 0.1284 0.1565 -0.9793
vn 0.1466 0.0001 -0.9892
vn 0.3466 0.2355 -0.9080
vn 0.2901 0.0001 -0.9570
vn 0.8662 -0.4998 -0.0000
vn 0.9554 -0.2953 -0.0000
vn 0.9971 -0.0761 -0.0000
vn 0.9892 0.1469 -0.0000
vn 0.9320 0.3625 -0.0000
vn 0.8284 0.5602 -0.0000
vn 0.6835 0.7300 0.0001
vn 0.6836 0.7299 -0.0000
vn 0.6837 0.0001 -0.7298
vn 0.7979 -0.1438 -0.5854
vn 0.7423 0.0002 -0.6701
vn 0.8686 -0.2800 -0.4089
vn 0.8345 -0.1409 -0.5326
vn 0.8873 -0.2756 -0.3697
vn 0.8980 -0.3972 -0.1892
vn 0.8917 -0.4009 -0.2101
vn -0.7388 0.6740 -0.0004
vn -0.8661 0.4998 -0.0000
vn -0.7342 0.6400 -0.2266
vn -0.8208 0.5230 -0.2298
vn -0.6407 0.6312 -0.4370
vn -0.7321 0.5175 -0.4429
vn -0.5997 0.4831 -0.6379
vn -0.4380 0.4231 -0.7932
vn -0.4087 0.5420 -0.7343
vn -0.5584 0.6067 -0.5658
vn -0.5381 0.7264 -0.4275
vn -0.6361 0.7390 -0.2221
vn -0.5284 0.8210 -0.2163
vn -0.5839 0.8119 -0.0011
vn -0.4124 0.8869 -0.2081
vn -0.4070 0.9134 -0.0001
vn -0.1657 0.9682 -0.1875
vn -0.2208 0.9753 0.0001
vn 0.0738 0.9830 -0.1679
vn -0.0336 0.9994 -0.0001
vn 0.1493 0.9888 -0.0000
vn 0.2927 0.9446 -0.1485
vn 0.3224 0.9466 0.0001
vn 0.4879 0.8630 -0.1309
vn 0.4833 0.8754 0.0001
vn 0.6559 0.7459 -0.1161
vn 0.6294 0.7771 -0.0000
vn 0.7959 0.5965 -0.1039
vn 0.7582 0.6520 -0.0001
vn 0.8712 0.4812 -0.0970
vn 0.8667 0.4988 0.0001
vn 0.9315 0.3519 -0.0919
vn 0.9484 0.3171 -0.0000
vn 0.9844 0.1530 -0.0870
vn 0.9764 0.2159 -0.0000
vn 0.9941 0.1087 0.0003
vn 1.0000 0.0002 0.0003
vn 0.9945 -0.0586 -0.0863
vn 0.9939 -0.1103 -0.0000
vn 0.9762 -0.2170 0.0001
vn 0.9596 -0.2670 -0.0893
vn 0.9481 -0.3180 0.0001
vn 0.9560 -0.2333 -0.1778
vn 0.9490 -0.2100 -0.2351
vn 0.9312 -0.1729 -0.3208
vn 0.9497 -0.0378 -0.3109
vn 0.9196 -0.0294 -0.3917
vn 0.9154 0.0767 -0.3951
vn 0.8791 0.0541 -0.4736
vn 0.8612 0.1257 -0.4925
vn 0.8204 0.0718 -0.5673
vn 0.8022 0.1002 -0.5886
vn 0.7721 0.0506 -0.6334
vn 0.7509 0.0640 -0.6574
vn 0.7179 0.0001 -0.6962
vn 0.6885 0.0002 -0.7252
vn 0.7101 0.0840 -0.6991
vn 0.6553 0.0002 -0.7554
vn 0.6598 0.1026 -0.7444
vn 0.6188 0.0001 -0.7856
vn 0.6002 0.1189 -0.7910
vn 0.5795 0.0001 -0.8150
vn 0.5294 0.1315 -0.8381
vn 0.5376 0.0002 -0.8432
vn 0.4957 0.0004 -0.8685
vn 0.4512 0.1372 -0.8818
vn 0.4530 0.0001 -0.8915
vn 0.3651 0.1312 -0.9217
vn 0.4125 0.0003 -0.9110
vn 0.3241 0.1243 -0.9378
vn 0.2859 0.1140 -0.9514
vn 0.2357 0.2425 -0.9411
vn 0.1823 0.2218 -0.9579
vn 0.0906 0.4129 -0.9063
vn 0.0160 0.3768 -0.9262
vn -0.0625 0.5648 -0.8229
vn -0.1549 0.5145 -0.8434
vn -0.2077 0.6837 -0.6996
vn -0.3124 0.6213 -0.7186
vn -0.3450 0.7690 -0.5381
vn -0.4561 0.6970 -0.5532
vn -0.4261 0.8035 -0.4157
vn -0.2526 0.3402 -0.9058
vn -0.2400 0.4495 -0.8604
vn -0.0527 0.3295 -0.9427
vn -0.0483 0.2363 -0.9705
vn 0.1333 0.1941 -0.9719
vn 0.1524 0.1226 -0.9807
vn 0.2511 0.0998 -0.9628
vn 0.3486 0.0001 -0.9373
vn 0.3774 0.0007 -0.9260
vn 0.7424 0.0002 -0.6699
vn 0.7893 0.0361 -0.6130
vn 0.8359 0.0310 -0.5481
vn 0.8825 -0.0207 -0.4699
vn 0.9052 -0.1343 -0.4033
vn 0.7610 0.0002 -0.6488
vn 0.8040 0.0158 -0.5945
vn 0.8388 -0.0118 -0.5443
vn 0.8708 -0.0944 -0.4826
vn 0.7674 0.0002 -0.6412
vn 0.7713 0.0004 -0.6365
vn 0.8068 -0.0060 -0.5908
vn 0.7727 0.0001 -0.6348
vn 0.7713 0.0002 -0.6364
vn 0.7673 0.0002 -0.6413
vn 0.7971 -0.0269 -0.6033
vn 0.8286 -0.0537 -0.5572
vn 0.7609 0.0001 -0.6489
vn 0.2925 0.2568 -0.9211
vn 0.4092 0.2685 -0.8720
vn 0.5128 0.2582 -0.8187
vn 0.6023 0.2343 -0.7631
vn 0.6750 0.2026 -0.7095
vn 0.7335 0.1663 -0.6590
vn 0.7790 0.1271 -0.6140
vn 0.1696 0.4383 -0.8827
vn 0.3299 0.4593 -0.8248
vn 0.4708 0.4435 -0.7627
vn 0.5892 0.4043 -0.6995
vn 0.6832 0.3510 -0.6404
vn 0.7565 0.2893 -0.5865
vn 0.8121 0.2219 -0.5397
vn 0.8398 0.1752 -0.5139
vn 0.0353 0.6010 -0.7985
vn 0.2337 0.6324 -0.7386
vn 0.4091 0.6140 -0.6750
vn 0.5559 0.5631 -0.6115
vn 0.6728 0.4915 -0.5530
vn 0.7638 0.4073 -0.5008
vn 0.8325 0.3139 -0.4564
vn 0.8669 0.2483 -0.4322
vn 0.8933 0.1786 -0.4125
vn -0.0968 0.7297 -0.6769
vn 0.1295 0.7730 -0.6211
vn 0.3328 0.7568 -0.5625
vn 0.5048 0.7003 -0.5047
vn 0.6445 0.6168 -0.4519
vn 0.7549 0.5154 -0.4055
vn 0.8398 0.4002 -0.3667
vn 0.8829 0.3179 -0.3456
vn 0.9162 0.2294 -0.3287
vn 0.9444 0.0987 -0.3137
vn -0.2268 0.8239 -0.5194
vn 0.0175 0.8806 -0.4736
vn 0.2421 0.8716 -0.4263
vn 0.4362 0.8158 -0.3798
vn 0.5984 0.7266 -0.3377
vn 0.7301 0.6134 -0.3011
vn 0.8340 0.4807 -0.2708
vn 0.8878 0.3836 -0.2543
vn 0.9298 0.2780 -0.2412
vn 0.9659 0.1200 -0.2296
vn 0.9727 -0.0460 -0.2275
vn -0.3065 0.8633 -0.4009
vn -0.0570 0.9296 -0.3642
vn 0.1768 0.9283 -0.3271
vn 0.3829 0.8769 -0.2905
vn 0.5592 0.7880 -0.2575
vn 0.7054 0.6708 -0.2291
vn 0.8231 0.5295 -0.2056
vn 0.8849 0.4241 -0.1926
vn 0.9336 0.3083 -0.1826
vn 0.9757 0.1334 -0.1736
vn 0.9838 -0.0512 -0.1719
vn -0.8241 0.5178 -0.2298
vn -0.8175 0.5163 -0.2551
vn -0.7386 0.5077 -0.4436
vn -0.7141 0.4981 -0.4918
vn -0.6636 0.4872 -0.5677
vn -0.5612 0.4458 -0.6973
vn -0.5146 0.4330 -0.7401
vn -0.3726 0.3644 -0.8534
vn -0.3408 0.3564 -0.8700
vn -0.1559 0.2569 -0.9538
vn -0.1429 0.2581 -0.9555
vn 0.0580 0.1479 -0.9873
vn 0.1811 0.0756 -0.9806
vn 0.0688 0.1333 -0.9887
vn 0.9387 -0.2912 -0.1847
vn 0.9792 -0.0720 -0.1898
vn 0.9710 0.1508 -0.1855
vn 0.9146 0.3661 -0.1719
vn 0.8126 0.5632 -0.1498
vn 0.7560 0.6301 -0.1773
vn 0.7934 0.5002 -0.3470
vn 0.8560 0.3665 -0.3647
vn 0.9102 0.1512 -0.3857
vn 0.9191 -0.0716 -0.3875
vn 0.8823 -0.2909 -0.3700
vn 0.8193 -0.0754 -0.5683
vn 0.8091 0.1473 -0.5689
vn 0.7561 0.1775 -0.6299
vn 0.7934 0.3472 -0.5000
vn 0.0705 0.9975 -0.0000
vn 0.0704 0.9975 -0.0000
vn -0.1525 0.9883 -0.0000
vn -0.3678 0.9299 -0.0000
vn -0.5649 0.8252 -0.0000
vn -0.7338 0.6794 -0.0000
vn -0.7211 0.6692 -0.1794
vn -0.5340 0.8166 -0.2189
vn -0.3158 0.9165 -0.2456
vn -0.0792 0.9629 -0.2580
vn 0.1620 0.9532 -0.2554
vn 0.1620 0.8546 -0.4934
vn 0.1620 0.6978 -0.6977
vn 0.1621 0.4934 -0.8546
vn 0.1622 0.2561 -0.9530
vn -0.0790 0.2594 -0.9625
vn -0.0791 0.4984 -0.8633
vn -0.3157 0.4744 -0.8218
vn -0.0791 0.7049 -0.7049
vn -0.3157 0.6709 -0.6710
vn -0.0792 0.8633 -0.4984
vn -0.3158 0.8217 -0.4744
vn -0.5340 0.5978 -0.5979
vn -0.5340 0.7322 -0.4228
vn -0.7211 0.6000 -0.3465
vn 0.2586 0.9660 -0.0000
vn 0.3257 0.9455 -0.0000
vn 0.3018 0.9534 -0.0000
vn 0.3138 0.9495 0.0001
vn 0.3256 0.9455 -0.0000
vn 0.4998 0.8661 -0.0000
vn 0.4435 0.8963 -0.0000
vn 0.5541 0.8325 -0.0000
vn 0.6556 0.7551 -0.0000
vn 0.7069 0.7073 -0.0000
vn 0.6650 0.7468 0.0001
vn 0.6744 0.7384 -0.0001
vn 0.8175 0.5759 0.0003
vn 0.9173 0.3983 0.0002
vn 0.9659 0.2590 -0.0000
vn 0.9790 0.2037 0.0005
vn 1.0000 0.0003 -0.0000
vn -0.2590 0.9659 -0.0000
vn -0.3261 0.9453 -0.0000
vn -0.3023 0.9532 -0.0000
vn -0.3141 0.9494 -0.0003
vn -0.5002 0.8659 -0.0000
vn -0.4439 0.8961 -0.0000
vn -0.5545 0.8322 -0.0000
vn -0.6560 0.7548 -0.0000
vn -0.7073 0.7069 -0.0000
vn -0.8178 0.5755 0.0003
vn -0.9175 0.3978 0.0002
vn -0.9660 0.2586 -0.0000
vn -0.9791 0.2032 0.0005
vn -1.0000 -0.0002 -0.0000
vn -0.6747 0.7381 -0.0000
vn -0.6654 0.7465 0.0001
vn -0.8659 -0.5002 -0.0009
vn -0.7073 0.7069 -0.0001
vn -0.2591 0.9659 -0.0000
vn 0.9659 0.2591 -0.0000
vn 0.4874 -0.8732 -0.0000
vn 0.4874 -0.8732 -0.0006
vn 0.3008 -0.9537 -0.0000
vn 0.1018 -0.9948 -0.0000
vn -0.1014 -0.9949 -0.0000
vn -0.3004 -0.9538 -0.0000
vn -0.4869 -0.8734 -0.0000
vn 0.3696 -0.6028 0.7071
vn 0.3596 -0.6088 0.7071
vn 0.3736 -0.6004 0.7071
vn 0.3446 -0.6174 0.7071
vn 0.2565 -0.6590 0.7071
vn 0.2127 -0.6744 0.7071
vn 0.1306 -0.6949 0.7071
vn 0.0720 -0.7035 0.7071
vn 0.0002 -0.7071 0.7071
vn -0.0717 -0.7035 0.7071
vn -0.1302 -0.6950 0.7071
vn -0.2124 -0.6744 0.7071
vn -0.2561 -0.6591 0.7071
vn -0.3443 -0.6176 0.7071
vn -0.3593 -0.6090 0.7071
vn -0.3496 -0.6146 0.7071
vn -0.3547 -0.6117 0.7071
vn 0.3636 -0.6065 0.7071
vn 0.3550 -0.6115 0.7071
vn 0.3499 -0.6145 0.7071
vn -0.3633 -0.6066 0.7071
vn -0.3693 -0.6030 0.7071
vn -0.3733 -0.6006 0.7071
vn 0.3797 0.8435 -0.3800
vn 0.3798 0.8435 -0.3799
vn 0.4552 0.8413 -0.2916
vn 0.4473 0.8412 -0.3038
vn 0.5034 0.8360 -0.2185
vn 0.5061 0.8344 -0.2183
vn 0.5542 0.8232 -0.1231
vn 0.5806 0.8138 -0.0263
vn 0.5890 0.8080 -0.0169
vn 0.6072 0.7887 0.0963
vn 0.6002 0.7778 0.1865
vn 0.6058 0.7660 0.2151
vn 0.5801 0.7405 0.3392
vn 0.5470 0.7311 0.4078
vn 0.5314 0.7126 0.4581
vn 0.4161 0.6768 0.6073
vn 0.4580 0.6828 0.5692
vn 0.3549 0.6526 0.6695
vn 0.3154 0.6488 0.6925
vn 0.2227 0.6234 0.7495
vn 0.1933 0.6218 0.7589
vn 0.0734 0.5960 0.7996
vn 0.0574 0.5966 0.8005
vn -0.0923 0.5740 0.8136
vn 0.0393 0.5963 0.8018
vn -0.1207 0.5721 0.8113
vn -0.2544 0.5559 0.7913
vn -0.2931 0.5532 0.7797
vn -0.4148 0.5440 0.7294
vn -0.4571 0.5418 0.7053
vn -0.5528 0.5384 0.6360
vn -0.5956 0.5380 0.5964
vn -0.6662 0.5393 0.5151
vn -0.7053 0.5417 0.4573
vn -0.7520 0.5466 0.3684
vn -0.7807 0.5531 0.2909
vn -0.8026 0.5605 0.2039
vn -0.8114 0.5720 0.1204
vn -0.8131 0.5803 0.0464
vn -0.8019 0.5962 -0.0390
vn -0.7910 0.6037 -0.0988
vn -0.7598 0.6236 -0.1841
vn -0.7419 0.6295 -0.2309
vn -0.6892 0.6530 -0.3141
vn -0.6684 0.6568 -0.3492
vn -0.5979 0.6835 -0.4188
vn -0.4804 0.7126 -0.5112
vn -0.4951 0.7135 -0.4957
vn -0.3845 0.7417 -0.5496
vn -0.2673 0.7625 -0.5892
vn -0.2671 0.7670 -0.5833
vn -0.1436 0.7893 -0.5970
vn -0.0442 0.8015 -0.5964
vn -0.0261 0.8075 -0.5893
vn 0.0844 0.8226 -0.5624
vn 0.1525 0.8289 -0.5382
vn 0.1897 0.8342 -0.5179
vn 0.2733 0.8400 -0.4687
vn 0.2910 0.8413 -0.4556
vn 0.3035 0.8412 -0.4476
vn -0.0935 0.5718 0.8150
vn -0.2763 0.5532 0.7859
vn -0.4501 0.5419 0.7098
vn -0.5955 0.5380 0.5966
vn -0.7097 0.5417 0.4504
vn -0.7870 0.5530 0.2735
vn -0.8151 0.5717 0.0932
vn -0.7998 0.5959 -0.0728
vn -0.7498 0.6231 -0.2224
vn -0.6693 0.6523 -0.3558
vn -0.5682 0.6825 -0.4597
vn -0.4574 0.7125 -0.5321
vn -0.3407 0.7407 -0.5790
vn -0.2187 0.7661 -0.6044
vn -0.0951 0.7882 -0.6080
vn 0.0182 0.8066 -0.5909
vn 0.1217 0.8220 -0.5564
vn 0.2161 0.8339 -0.5079
vn 0.1842 0.6238 0.7596
vn 0.3133 0.6532 0.6893
vn 0.4172 0.6837 0.5987
vn 0.4950 0.7135 0.4959
vn 0.5503 0.7415 0.3838
vn 0.5843 0.7672 0.2646
vn 0.5957 0.7898 0.1464
vn 0.5873 0.8088 0.0295
vn 0.5604 0.8238 -0.0852
vn 0.5162 0.8347 -0.1920
vn -0.8019 -0.4084 0.4360
vn -0.6408 -0.4226 0.6409
vn -0.6407 -0.4228 0.6409
vn -0.4359 -0.4083 0.8020
vn -0.2014 -0.3660 0.9086
vn 0.0469 -0.2988 0.9532
vn 0.0469 -0.2987 0.9532
vn 0.2920 -0.2112 0.9328
vn 0.5172 -0.1093 0.8489
vn 0.5172 -0.1092 0.8489
vn 0.7071 0.0002 0.7071
vn 0.8489 0.1096 0.5171
vn 0.8488 0.1098 0.5172
vn 0.9328 0.2115 0.2919
vn 0.9327 0.2117 0.2920
vn 0.9531 0.2991 0.0468
vn 0.9530 0.2992 0.0469
vn 0.9085 0.3662 -0.2014
vn 0.8019 0.4084 -0.4360
vn 0.6408 0.4228 -0.6409
vn 0.4359 0.4083 -0.8020
vn 0.2014 0.3660 -0.9085
vn 0.2013 0.3662 -0.9085
vn -0.0469 0.2988 -0.9532
vn -0.0470 0.2991 -0.9531
vn -0.2920 0.2112 -0.9328
vn -0.5172 0.1093 -0.8489
vn -0.5172 0.1094 -0.8488
vn -0.7071 -0.0002 -0.7071
vn -0.7071 -0.0001 -0.7071
vn -0.8489 -0.1096 -0.5171
vn -0.8489 -0.1094 -0.5171
vn -0.9327 -0.2115 -0.2920
vn -0.9328 -0.2113 -0.2919
vn -0.9531 -0.2991 -0.0469
vn -0.9531 -0.2990 -0.0468
vn -0.9085 -0.3662 0.2014
vn -0.9085 -0.3662 0.2015
vn -0.7763 -0.4132 0.4760
vn -0.6408 -0.4228 0.6408
vn 0.7563 0.4161 -0.5049
vn 0.5048 0.4160 -0.7564
vn 0.3515 0.3958 -0.8484
vn 0.1848 0.3623 -0.9136
vn 0.0102 0.3162 -0.9486
vn -0.1668 0.2587 -0.9514
vn -0.3408 0.1911 -0.9205
vn -0.5052 0.1153 -0.8553
vn -0.6528 0.0341 -0.7568
vn -0.7767 -0.0492 -0.6280
vn -0.8713 -0.1316 -0.4729
vn -0.9318 -0.2099 -0.2960
vn -0.9542 -0.2806 -0.1041
vn -0.9357 -0.3399 0.0944
vn -0.8760 -0.3849 0.2907
vn -0.4759 -0.4131 0.7764
vn -0.2906 -0.3848 0.8760
vn -0.0942 -0.3397 0.9358
vn 0.1042 -0.2803 0.9542
vn 0.2960 -0.2096 0.9319
vn 0.4729 -0.1312 0.8713
vn 0.6282 -0.0488 0.7765
vn 0.7570 0.0347 0.6525
vn 0.8553 0.1157 0.5050
vn 0.9205 0.1914 0.3408
vn 0.9514 0.2590 0.1667
vn 0.9485 0.3166 -0.0110
vn 0.9133 0.3626 -0.1856
vn 0.8482 0.3959 -0.3518
vn 0.6059 -0.4831 -0.6320
vn 0.6187 -0.4843 -0.6186
vn 0.5692 -0.5962 -0.5661
vn 0.5163 -0.6834 -0.5161
vn 0.5289 -0.6987 -0.4817
vn 0.3870 -0.8371 -0.3868
vn 0.4791 -0.7868 -0.3892
vn 0.2304 -0.9455 -0.2302
vn 0.4198 -0.8605 -0.2886
vn 0.3317 -0.9312 -0.1513
vn 0.5044 -0.8250 -0.2548
vn 0.4456 -0.8895 -0.1014
vn 0.5904 -0.7690 -0.2451
vn 0.5609 -0.8238 -0.0822
vn 0.6685 -0.6977 -0.2577
vn 0.6658 -0.7404 -0.0920
vn 0.7326 -0.6172 -0.2870
vn 0.7526 -0.6466 -0.1242
vn 0.7790 -0.5348 -0.3273
vn 0.8166 -0.5512 -0.1712
vn 0.8099 -0.4534 -0.3721
vn 0.8600 -0.4577 -0.2254
vn 0.8262 -0.3791 -0.4167
vn 0.8844 -0.3730 -0.2807
vn 0.8328 -0.2913 -0.4708
vn 0.8960 -0.2742 -0.3493
vn 0.8280 -0.2162 -0.5174
vn 0.8917 -0.1910 -0.4103
vn 0.8099 -0.1229 -0.5735
vn 0.8689 -0.0904 -0.4866
vn 0.7865 -0.0486 -0.6157
vn 0.8363 -0.0116 -0.5482
vn 0.7601 0.0152 -0.6497
vn 0.7965 0.0534 -0.6023
vn 0.7367 0.0559 -0.6739
vn 0.7586 0.0940 -0.6447
vn 0.7257 0.0693 -0.6845
vn 0.7394 0.1074 -0.6646
vn 0.7135 0.0781 -0.6962
vn 0.7182 0.1161 -0.6861
vn 0.6999 0.0794 -0.7098
vn 0.6930 0.1173 -0.7113
vn 0.6866 0.0717 -0.7235
vn 0.6688 0.1096 -0.7353
vn 0.6748 0.0572 -0.7358
vn 0.6466 0.0955 -0.7569
vn 0.6632 0.0390 -0.7475
vn 0.6255 0.0772 -0.7764
vn 0.6462 0.0088 -0.7631
vn 0.5966 0.0470 -0.8012
vn 0.6274 -0.0262 -0.7783
vn 0.5662 0.0112 -0.8242
vn 0.6057 -0.0662 -0.7930
vn 0.5332 -0.0301 -0.8455
vn 0.5800 -0.1116 -0.8069
vn 0.4959 -0.0780 -0.8649
vn 0.5393 -0.1807 -0.8225
vn 0.4396 -0.1523 -0.8852
vn 0.4892 -0.2622 -0.8318
vn 0.3731 -0.2419 -0.8957
vn 0.4285 -0.3596 -0.8289
vn 0.2955 -0.3511 -0.8885
vn 0.3597 -0.4755 -0.8028
vn 0.2106 -0.4827 -0.8501
vn 0.3224 -0.5421 -0.7760
vn 0.1658 -0.5596 -0.8120
vn 0.2890 -0.6108 -0.7371
vn 0.1266 -0.6394 -0.7584
vn 0.2630 -0.6807 -0.6837
vn 0.0975 -0.7206 -0.6864
vn 0.2476 -0.7445 -0.6201
vn 0.0830 -0.7952 -0.6007
vn 0.0869 -0.8568 -0.5084
vn -0.0424 -0.8854 -0.4629
vn -0.0087 -0.9381 -0.3464
vn -0.1265 -0.9520 -0.2786
vn 0.0512 -0.9711 -0.2333
vn -0.0571 -0.9870 -0.1504
vn 0.0601 -0.9964 -0.0598
vn -0.1629 -0.9844 -0.0660
vn -0.2664 -0.9636 0.0204
vn -0.3507 -0.9274 -0.1305
vn -0.4855 -0.8738 -0.0266
vn -0.4019 -0.8700 -0.2858
vn -0.5420 -0.8183 -0.1913
vn -0.4208 -0.7973 -0.4326
vn -0.5652 -0.7480 -0.3478
vn -0.5603 -0.6620 -0.4978
vn -0.7347 -0.5664 -0.3734
vn -0.7089 -0.4830 -0.5140
vn -0.8474 -0.3741 -0.3768
vn -0.8089 -0.3044 -0.5030
vn -0.9460 -0.2409 -0.2170
vn -0.8989 -0.1634 -0.4066
vn -0.7547 -0.2359 -0.6122
vn -0.8193 -0.0838 -0.5672
vn -0.6304 -0.1165 -0.7675
vn -0.4887 -0.0108 -0.8724
vn -0.4705 -0.1816 -0.8635
vn -0.3290 -0.0644 -0.9421
vn -0.2883 -0.2405 -0.9269
vn -0.1550 -0.1163 -0.9810
vn -0.1473 -0.2773 -0.9494
vn -0.0243 -0.1517 -0.9881
vn -0.0365 -0.3017 -0.9527
vn 0.0769 -0.1774 -0.9811
vn 0.0741 -0.3223 -0.9437
vn 0.1769 -0.2010 -0.9635
vn 0.1847 -0.3389 -0.9225
vn 0.2756 -0.2226 -0.9352
vn 0.2537 -0.9665 -0.0381
vn 0.3886 -0.9211 0.0236
vn 0.5251 -0.8496 0.0497
vn 0.6498 -0.7590 0.0423
vn 0.7536 -0.6572 0.0084
vn 0.8314 -0.5539 -0.0434
vn 0.8852 -0.4533 -0.1044
vn 0.9169 -0.3622 -0.1676
vn 0.9342 -0.2569 -0.2475
vn 0.9323 -0.1687 -0.3200
vn 0.9084 -0.0636 -0.4132
vn 0.8709 0.0179 -0.4911
vn 0.8226 0.0836 -0.5625
vn 0.7745 0.1242 -0.6202
vn 0.7493 0.1375 -0.6478
vn 0.7210 0.1461 -0.6774
vn 0.6869 0.1473 -0.7117
vn 0.6535 0.1397 -0.7439
vn 0.6229 0.1258 -0.7721
vn 0.5939 0.1075 -0.7973
vn 0.5549 0.0772 -0.8283
vn 0.5146 0.0410 -0.8565
vn 0.4719 -0.0012 -0.8817
vn 0.4248 -0.0507 -0.9039
vn 0.3554 -0.1280 -0.9259
vn -0.1082 -0.9882 0.1085
vn 0.1736 -0.9822 0.0722
vn 0.3263 -0.9342 0.1441
vn 0.4809 -0.8588 0.1767
vn 0.6228 -0.7632 0.1719
vn 0.7421 -0.6562 0.1371
vn 0.8328 -0.5476 0.0817
vn 0.8969 -0.4420 0.0152
vn 0.9364 -0.3466 -0.0550
vn 0.9607 -0.2367 -0.1450
vn 0.9628 -0.1450 -0.2281
vn 0.9406 -0.0367 -0.3375
vn 0.9007 0.0472 -0.4319
vn 0.8459 0.1135 -0.5211
vn 0.7890 0.1541 -0.5947
vn 0.7582 0.1674 -0.6301
vn 0.7231 0.1760 -0.6680
vn 0.6800 0.1770 -0.7115
vn 0.6375 0.1696 -0.7516
vn 0.5982 0.1558 -0.7861
vn 0.5610 0.1373 -0.8163
vn 0.5115 0.1071 -0.8526
vn 0.4610 0.0704 -0.8846
vn 0.4083 0.0277 -0.9124
vn 0.3514 -0.0232 -0.9359
vn 0.2694 -0.1028 -0.9575
vn 0.0914 -0.9795 0.1796
vn -0.2757 -0.9208 0.2759
vn 0.0068 -0.9586 0.2845
vn -0.1046 -0.9042 0.4141
vn 0.1863 -0.9090 0.3728
vn 0.0855 -0.8561 0.5097
vn 0.3688 -0.8309 0.4165
vn 0.2795 -0.7804 0.5594
vn 0.5380 -0.7323 0.4175
vn 0.4611 -0.6846 0.5645
vn 0.6830 -0.6217 0.3834
vn 0.6191 -0.5772 0.5325
vn 0.7970 -0.5097 0.3242
vn 0.7463 -0.4681 0.4732
vn 0.8814 -0.4007 0.2501
vn 0.8436 -0.3616 0.3970
vn 0.9381 -0.3021 0.1695
vn 0.9124 -0.2648 0.3120
vn 0.9800 -0.1887 0.0628
vn 0.9684 -0.1530 0.1970
vn 0.9948 -0.0938 -0.0394
vn 0.9947 -0.0587 0.0842
vn 0.9836 0.0178 -0.1796
vn 0.9958 0.0525 -0.0747
vn 0.9459 0.1046 -0.3072
vn 0.9645 0.1403 -0.2237
vn 0.8846 0.1719 -0.4336
vn 0.9034 0.2082 -0.3748
vn 0.8138 0.2129 -0.5407
vn 0.8267 0.2496 -0.5043
vn 0.7731 0.2265 -0.5925
vn 0.7805 0.2636 -0.5669
vn 0.7251 0.2351 -0.6472
vn 0.7250 0.2723 -0.6327
vn 0.6645 0.2361 -0.7090
vn 0.6533 0.2732 -0.7061
vn 0.6031 0.2287 -0.7642
vn 0.5796 0.2658 -0.7704
vn 0.5458 0.2149 -0.8099
vn 0.5104 0.2517 -0.8223
vn 0.4915 0.1960 -0.8485
vn 0.4447 0.2325 -0.8650
vn 0.4196 0.1656 -0.8925
vn 0.3580 0.2018 -0.9117
vn 0.3480 0.1280 -0.9287
vn 0.2722 0.1637 -0.9482
vn 0.2750 0.0843 -0.9577
vn 0.1858 0.1197 -0.9753
vn 0.1983 0.0318 -0.9796
vn 0.0963 0.0668 -0.9931
vn 0.0915 -0.0501 -0.9945
vn -0.0256 -0.0151 -0.9996
vn -0.4266 -0.7974 0.4268
vn -0.2506 -0.7833 0.5689
vn -0.0560 -0.7403 0.6700
vn 0.1443 -0.6725 0.7259
vn 0.3344 -0.5867 0.7376
vn 0.5039 -0.4900 0.7113
vn 0.6453 -0.3912 0.6561
vn 0.7587 -0.2938 0.5814
vn 0.8445 -0.2041 0.4951
vn 0.9221 -0.0993 0.3741
vn 0.9680 -0.0091 0.2509
vn 0.9926 0.0992 0.0704
vn 0.9766 0.1874 -0.1060
vn 0.9218 0.2562 -0.2909
vn 0.8405 0.2990 -0.4518
vn 0.7880 0.3136 -0.5298
vn 0.7229 0.3227 -0.6110
vn 0.6363 0.3235 -0.7003
vn 0.5455 0.3159 -0.7763
vn 0.4595 0.3013 -0.8355
vn 0.3777 0.2812 -0.8822
vn 0.2702 0.2498 -0.9298
vn 0.1650 0.2107 -0.9635
vn 0.0607 0.1664 -0.9842
vn -0.0452 0.1134 -0.9925
vn -0.1852 0.0333 -0.9821
vn -0.5482 -0.6315 0.5483
vn -0.3776 -0.6212 0.6867
vn -0.1896 -0.5860 0.7878
vn 0.0057 -0.5304 0.8477
vn 0.1941 -0.4598 0.8665
vn 0.3668 -0.3798 0.8493
vn 0.5167 -0.2969 0.8031
vn 0.6425 -0.2141 0.7358
vn 0.7441 -0.1359 0.6541
vn 0.8441 -0.0427 0.5345
vn 0.9124 0.0404 0.4073
vn 0.9667 0.1429 0.2121
vn 0.9728 0.2311 0.0123
vn 0.9312 0.3016 -0.2047
vn 0.8498 0.3466 -0.3972
vn 0.7925 0.3623 -0.4907
vn 0.7186 0.3720 -0.5876
vn 0.6175 0.3729 -0.6925
vn 0.5095 0.3647 -0.7794
vn 0.4064 0.3492 -0.8444
vn 0.3082 0.3277 -0.8931
vn 0.1800 0.2949 -0.9384
vn 0.0562 0.2545 -0.9654
vn -0.0643 0.2098 -0.9756
vn -0.1840 0.1572 -0.9703
vn -0.3374 0.0803 -0.9379
vn -0.5462 -0.4194 0.7251
vn -0.4431 -0.4093 0.7976
vn -0.3346 -0.3929 0.8566
vn -0.2218 -0.3706 0.9019
vn -0.1086 -0.3436 0.9328
vn 0.0036 -0.3122 0.9500
vn 0.2174 -0.2404 0.9460
vn 0.4071 -0.1621 0.8989
vn 0.5672 -0.0830 0.8194
vn 0.7981 0.0659 0.5989
vn 0.9225 0.1927 0.3346
vn 0.9528 0.3003 0.0446
vn 0.8830 0.3814 -0.2736
vn 0.8435 0.3969 -0.3619
vn 0.7911 0.4105 -0.4534
vn 0.7598 0.4156 -0.4999
vn 0.7235 0.4200 -0.5478
vn 0.6840 0.4227 -0.5945
vn 0.6413 0.4232 -0.6401
vn 0.5947 0.4219 -0.6843
vn 0.5475 0.4197 -0.7240
vn 0.5002 0.4160 -0.7595
vn 0.4531 0.4108 -0.7912
vn 0.3617 0.3976 -0.8433
vn 0.2745 0.3810 -0.8829
vn -0.0453 0.2991 -0.9531
vn -0.3346 0.1934 -0.9223
vn -0.5993 0.0656 -0.7979
vn -0.8655 -0.4432 -0.2333
vn -0.9496 -0.3136 -0.0026
vn -0.8581 -0.5079 -0.0754
vn -0.9321 -0.3452 0.1093
vn -0.8250 -0.5590 0.0830
vn -0.9014 -0.3719 0.2217
vn -0.8569 -0.3932 0.3332
vn -0.7617 -0.5989 0.2471
vn -0.7979 -0.4092 0.4425
vn -0.6669 -0.6248 0.4060
vn -0.7250 -0.4194 0.5463
vn -0.5488 -0.7876 0.2801
vn -0.6441 -0.7561 0.1159
vn -0.7054 -0.7068 -0.0533
vn -0.3947 -0.9091 0.1334
vn 0.1621 -0.9353 -0.3145
vn 0.2962 -0.8640 -0.4070
vn 0.3942 -0.7897 -0.4701
vn 0.2624 -0.8384 -0.4777
vn 0.3731 -0.7683 -0.5201
vn 0.3654 -0.7338 -0.5727
vn 0.4769 -0.6575 -0.5834
vn 0.4864 -0.6227 -0.6129
vn 0.5946 -0.5434 -0.5925
vn 0.5031 -0.5807 -0.6401
vn 0.6119 -0.5144 -0.6009
vn 0.5241 -0.5336 -0.6637
vn 0.6303 -0.4808 -0.6096
vn 0.5481 -0.4873 -0.6798
vn 0.6495 -0.4477 -0.6146
vn 0.5734 -0.4415 -0.6902
vn 0.6688 -0.4143 -0.6173
vn 0.6175 -0.3578 -0.7005
vn 0.7009 -0.3498 -0.6216
vn 0.6532 -0.2846 -0.7017
vn 0.7250 -0.2912 -0.6242
vn 0.6800 -0.2202 -0.6994
vn 0.7415 -0.2370 -0.6277
vn 0.6992 -0.1619 -0.6963
vn 0.7516 -0.1855 -0.6330
vn 0.7090 -0.1222 -0.6945
vn 0.7547 -0.1492 -0.6389
vn 0.7152 -0.0855 -0.6936
vn 0.7544 -0.1145 -0.6464
vn 0.7181 -0.0524 -0.6940
vn 0.7505 -0.0827 -0.6557
vn 0.7182 -0.0224 -0.6955
vn 0.7432 -0.0530 -0.6670
vn 0.7162 -0.0044 -0.6979
vn 0.7350 -0.0353 -0.6771
vn 0.7131 0.0103 -0.7010
vn 0.7249 -0.0203 -0.6886
vn 0.7087 0.0186 -0.7052
vn 0.7120 -0.0118 -0.7020
vn 0.7041 0.0171 -0.7099
vn 0.6982 -0.0135 -0.7158
vn 0.7005 0.0079 -0.7136
vn 0.6865 -0.0227 -0.7268
vn 0.6974 -0.0055 -0.7166
vn 0.6759 -0.0362 -0.7361
vn 0.6941 -0.0460 -0.7184
vn 0.6577 -0.0764 -0.7494
vn 0.6939 -0.1064 -0.7122
vn 0.6418 -0.1346 -0.7549
vn 0.6967 -0.1714 -0.6966
vn 0.6318 -0.1938 -0.7505
vn 0.7008 -0.2487 -0.6686
vn 0.6260 -0.2614 -0.7347
vn 0.7020 -0.3069 -0.6426
vn 0.6235 -0.3094 -0.7180
vn 0.6994 -0.3723 -0.6100
vn 0.6210 -0.3614 -0.6956
vn 0.6932 -0.4254 -0.5819
vn 0.6186 -0.4017 -0.6753
vn 0.6803 -0.4823 -0.5519
vn 0.6139 -0.4441 -0.6527
vn 0.6611 -0.5383 -0.5227
vn 0.6078 -0.4844 -0.6292
vn 0.6335 -0.5920 -0.4981
vn 0.5988 -0.5224 -0.6071
vn 0.6001 -0.6391 -0.4811
vn 0.5884 -0.5551 -0.5879
vn 0.5637 -0.6757 -0.4751
vn 0.5778 -0.5804 -0.5738
vn 0.4839 -0.7011 -0.5238
vn 0.4759 -0.6845 -0.5523
vn 0.5711 -0.5865 -0.5744
vn 0.5808 -0.5678 -0.5833
vn 0.6597 -0.4753 -0.5822
vn 0.6732 -0.4681 -0.5725
vn 0.5656 -0.5978 -0.5682
vn 0.6322 -0.4831 -0.6058
vn 0.6461 -0.4800 -0.5935
vn 0.7014 -0.4465 -0.5556
vn 0.7262 -0.4196 -0.5446
vn 0.7476 -0.3902 -0.5374
vn 0.7668 -0.3563 -0.5340
vn 0.7812 -0.3195 -0.5363
vn 0.7909 -0.2838 -0.5422
vn 0.7980 -0.2107 -0.5647
vn 0.7889 -0.1403 -0.5983
vn 0.7778 -0.1074 -0.6193
vn 0.7618 -0.0771 -0.6432
vn 0.7509 -0.0635 -0.6574
vn 0.7382 -0.0518 -0.6726
vn 0.7233 -0.0436 -0.6891
vn 0.7152 -0.0416 -0.6977
vn 0.7063 -0.0407 -0.7067
vn 0.6978 -0.0411 -0.7151
vn 0.6894 -0.0437 -0.7231
vn 0.6725 -0.0522 -0.7382
vn 0.6570 -0.0636 -0.7512
vn 0.6435 -0.0767 -0.7616
vn 0.6192 -0.1072 -0.7779
vn 0.5981 -0.1410 -0.7889
vn 0.5636 -0.2106 -0.7987
vn 0.5425 -0.2836 -0.7907
vn 0.5365 -0.3199 -0.7809
vn 0.5342 -0.3554 -0.7670
vn 0.5363 -0.3891 -0.7490
vn 0.5435 -0.4202 -0.7266
vn 0.5554 -0.4465 -0.7016
vn 0.5723 -0.4670 -0.6740
vn 0.5826 -0.4744 -0.6599
vn 0.5937 -0.4799 -0.6459
vn 0.2590 -0.9301 0.2604
vn 0.4290 -0.8525 0.2989
vn 0.5857 -0.7543 0.2967
vn 0.7185 -0.6443 0.2619
vn 0.8213 -0.5327 0.2041
vn 0.8956 -0.4244 0.1333
vn 0.9435 -0.3265 0.0573
vn 0.9759 -0.2140 -0.0416
vn 0.9836 -0.1200 -0.1347
vn 0.9657 -0.0095 -0.2596
vn 0.9257 0.0760 -0.3705
vn 0.8666 0.1429 -0.4781
vn 0.8021 0.1836 -0.5682
vn 0.7661 0.1971 -0.6117
vn 0.7244 0.2056 -0.6580
vn 0.6726 0.2066 -0.7106
vn 0.6206 0.1993 -0.7584
vn 0.5725 0.1854 -0.7987
vn 0.5269 0.1668 -0.8334
vn 0.4664 0.1366 -0.8740
vn 0.4055 0.0994 -0.9087
vn 0.3427 0.0562 -0.9378
vn 0.2759 0.0043 -0.9612
vn 0.1814 -0.0768 -0.9804
vn 0.5392 -0.7571 -0.3688
vn 0.6008 -0.7103 -0.3669
vn 0.6567 -0.6504 -0.3817
vn 0.7026 -0.5824 -0.4088
vn 0.7353 -0.5125 -0.4434
vn 0.7569 -0.4426 -0.4809
vn 0.7678 -0.3782 -0.5171
vn 0.7718 -0.3009 -0.5602
vn 0.7681 -0.2336 -0.5961
vn 0.7561 -0.1478 -0.6376
vn 0.7421 -0.0778 -0.6658
vn 0.7283 -0.0155 -0.6851
vn 0.7177 0.0252 -0.6959
vn 0.7135 0.0386 -0.6996
vn 0.7092 0.0476 -0.7034
vn 0.7047 0.0491 -0.7078
vn 0.7004 0.0410 -0.7126
vn 0.6961 0.0264 -0.7175
vn 0.6915 0.0083 -0.7223
vn 0.6833 -0.0218 -0.7298
vn 0.6729 -0.0560 -0.7376
vn 0.6593 -0.0944 -0.7459
vn 0.6420 -0.1372 -0.7543
vn 0.6125 -0.2014 -0.7644
vn 0.5746 -0.2749 -0.7709
vn 0.5267 -0.3611 -0.7696
vn 0.4704 -0.4618 -0.7520
vn 0.4391 -0.5187 -0.7336
vn 0.4104 -0.5769 -0.7062
vn 0.3869 -0.6360 -0.6677
vn 0.3708 -0.6896 -0.6221
vn 0.2463 -0.7972 -0.5512
vn 0.1132 -0.9051 -0.4099
vn 0.0878 -0.4799 -0.8729
vn 0.0375 -0.5630 -0.8256
vn -0.0058 -0.6495 -0.7603
vn -0.0367 -0.7375 -0.6743
vn -0.0503 -0.8185 -0.5723
vn -0.1668 -0.8965 -0.4105
vn -0.2403 -0.9484 -0.2067
vn -0.0332 -0.4699 -0.8821
vn -0.0880 -0.5571 -0.8258
vn -0.1343 -0.6481 -0.7496
vn -0.1664 -0.7407 -0.6510
vn -0.1785 -0.8260 -0.5346
vn -0.2865 -0.8913 -0.3515
vn -0.1524 -0.4530 -0.8784
vn -0.2106 -0.5426 -0.8131
vn -0.2590 -0.6360 -0.7269
vn -0.2914 -0.7311 -0.6169
vn -0.3019 -0.8189 -0.4881
vn -0.2701 -0.4295 -0.8617
vn -0.3308 -0.5196 -0.7878
vn -0.3805 -0.6135 -0.6920
vn -0.4126 -0.7090 -0.5719
vn -0.4177 -0.3897 -0.8208
vn -0.4801 -0.4778 -0.7357
vn -0.5297 -0.5693 -0.6288
vn -0.6020 -0.3195 -0.7318
vn -0.6627 -0.4000 -0.6331
vn -0.7340 -0.6441 -0.2153
vn -0.6408 -0.4228 0.6409
vn -0.2014 -0.3661 0.9085
vn 0.0469 -0.2989 0.9531
vn 0.2920 -0.2113 0.9328
vn 0.7071 0.0001 0.7071
vn 0.9531 0.2990 0.0469
vn 0.2014 0.3660 -0.9086
vn -0.0470 0.2988 -0.9532
vn -0.5172 0.1092 -0.8489
vn -0.9327 -0.2116 -0.2920
vn -0.9531 -0.2991 -0.0468
vn 0.2991 -0.9062 -0.2988
vn 0.2990 -0.9062 -0.2988
vn 0.2991 -0.9062 -0.2989
vn -0.3802 0.8433 -0.3799
vn -0.3801 0.8433 -0.3800
vn -0.2918 0.8411 -0.4554
vn -0.3040 0.8410 -0.4476
vn -0.2187 0.8358 -0.5036
vn -0.2185 0.8342 -0.5063
vn -0.1233 0.8230 -0.5545
vn -0.0267 0.8136 -0.5808
vn -0.0171 0.8078 -0.5892
vn 0.0961 0.7886 -0.6074
vn 0.1863 0.7778 -0.6003
vn 0.2149 0.7659 -0.6060
vn 0.3390 0.7404 -0.5803
vn 0.4076 0.7310 -0.5472
vn 0.4580 0.7125 -0.5316
vn 0.6072 0.6768 -0.4163
vn 0.5690 0.6828 -0.4582
vn 0.6693 0.6526 -0.3551
vn 0.6924 0.6489 -0.3156
vn 0.7494 0.6235 -0.2229
vn 0.7588 0.6220 -0.1934
vn 0.7995 0.5961 -0.0735
vn 0.8003 0.5968 -0.0576
vn 0.8135 0.5743 0.0922
vn 0.8017 0.5965 -0.0395
vn 0.8111 0.5723 0.1205
vn 0.7912 0.5562 0.2542
vn 0.7796 0.5535 0.2930
vn 0.7293 0.5442 0.4147
vn 0.7052 0.5421 0.4570
vn 0.6359 0.5387 0.5526
vn 0.5963 0.5383 0.5955
vn 0.5150 0.5396 0.6661
vn 0.4572 0.5420 0.7052
vn 0.3683 0.5468 0.7519
vn 0.2908 0.5534 0.7805
vn 0.2038 0.5609 0.8024
vn 0.1202 0.5722 0.8112
vn 0.0463 0.5805 0.8129
vn -0.0391 0.5964 0.8018
vn -0.0989 0.6039 0.7909
vn -0.1842 0.6237 0.7596
vn -0.2311 0.6296 0.7417
vn -0.3143 0.6531 0.6890
vn -0.3494 0.6569 0.6682
vn -0.4189 0.6835 0.5978
vn -0.5114 0.7126 0.4803
vn -0.4960 0.7135 0.4949
vn -0.5498 0.7416 0.3843
vn -0.5894 0.7625 0.2670
vn -0.5835 0.7670 0.2669
vn -0.5972 0.7892 0.1435
vn -0.5965 0.8014 0.0441
vn -0.5895 0.8073 0.0259
vn -0.5626 0.8224 -0.0846
vn -0.5384 0.8287 -0.1527
vn -0.5181 0.8340 -0.1899
vn -0.4689 0.8398 -0.2735
vn -0.4558 0.8411 -0.2912
vn -0.4478 0.8410 -0.3037
vn 0.8149 0.5721 0.0933
vn 0.7858 0.5535 0.2761
vn 0.7096 0.5422 0.4500
vn 0.5964 0.5383 0.5954
vn 0.4503 0.5420 0.7096
vn 0.2734 0.5533 0.7869
vn 0.0931 0.5720 0.8150
vn -0.0730 0.5960 0.7996
vn -0.2226 0.6233 0.7497
vn -0.3560 0.6524 0.6691
vn -0.4598 0.6825 0.5681
vn -0.5323 0.7125 0.4572
vn -0.5792 0.7407 0.3406
vn -0.6046 0.7660 0.2185
vn -0.6082 0.7881 0.0949
vn -0.5911 0.8064 -0.0184
vn -0.5566 0.8218 -0.1219
vn -0.5080 0.8337 -0.2163
vn 0.7594 0.6239 -0.1844
vn 0.6891 0.6533 -0.3135
vn 0.5986 0.6837 -0.4174
vn 0.4957 0.7135 -0.4951
vn 0.3836 0.7415 -0.5505
vn 0.2644 0.7671 -0.5845
vn 0.1462 0.7896 -0.5959
vn 0.0293 0.8087 -0.5875
vn -0.0854 0.8237 -0.5606
vn -0.1922 0.8345 -0.5164
vn 0.4361 -0.4081 0.8020
vn 0.6409 -0.4225 0.6409
vn 0.6410 -0.4225 0.6409
vn 0.8022 -0.4079 0.4361
vn 0.8021 -0.4080 0.4360
vn 0.9086 -0.3658 0.2014
vn 0.9532 -0.2986 -0.0469
vn 0.9329 -0.2111 -0.2919
vn 0.9329 -0.2110 -0.2919
vn 0.8489 -0.1092 -0.5172
vn 0.8489 -0.1091 -0.5171
vn 0.7071 0.0002 -0.7071
vn 0.7071 0.0003 -0.7071
vn 0.5171 0.1095 -0.8489
vn 0.5171 0.1094 -0.8489
vn 0.2919 0.2114 -0.9328
vn 0.0468 0.2988 -0.9532
vn 0.0468 0.2989 -0.9531
vn -0.2015 0.3659 -0.9086
vn -0.2015 0.3660 -0.9085
vn -0.4361 0.4081 -0.8020
vn -0.4361 0.4082 -0.8020
vn -0.6410 0.4225 -0.6409
vn -0.6409 0.4225 -0.6408
vn -0.8021 0.4080 -0.4360
vn -0.9086 0.3658 -0.2014
vn -0.9532 0.2986 0.0468
vn -0.9532 0.2985 0.0468
vn -0.9329 0.2111 0.2919
vn -0.9328 0.2111 0.2919
vn -0.8489 0.1092 0.5171
vn -0.8488 0.1094 0.5172
vn -0.7071 -0.0002 0.7071
vn -0.7071 -0.0001 0.7071
vn -0.5171 -0.1095 0.8489
vn -0.2919 -0.2114 0.9328
vn -0.2918 -0.2112 0.9328
vn -0.0468 -0.2988 0.9532
vn 0.2015 -0.3659 0.9086
vn 0.4362 -0.4080 0.8021
vn 0.4761 -0.4129 0.7764
vn 0.6409 -0.4225 0.6408
vn -0.5050 0.4158 -0.7564
vn -0.6409 0.4225 -0.6409
vn -0.7565 0.4157 -0.5049
vn -0.8485 0.3955 -0.3516
vn -0.9137 0.3620 -0.1849
vn -0.9487 0.3160 -0.0103
vn -0.9515 0.2585 0.1668
vn -0.9206 0.1909 0.3408
vn -0.8553 0.1152 0.5052
vn -0.7568 0.0341 0.6528
vn -0.6280 -0.0492 0.7767
vn -0.4729 -0.1315 0.8713
vn -0.2959 -0.2097 0.9319
vn -0.1040 -0.2803 0.9542
vn 0.0945 -0.3397 0.9358
vn 0.2908 -0.3847 0.8760
vn 0.7765 -0.4128 0.4760
vn 0.8761 -0.3845 0.2907
vn 0.9359 -0.3394 0.0943
vn 0.9543 -0.2801 -0.1041
vn 0.9319 -0.2094 -0.2960
vn 0.8713 -0.1311 -0.4729
vn 0.7765 -0.0487 -0.6282
vn 0.6525 0.0346 -0.7570
vn 0.5049 0.1157 -0.8554
vn 0.3408 0.1912 -0.9205
vn 0.1666 0.2588 -0.9515
vn -0.0111 0.3164 -0.9486
vn -0.1857 0.3623 -0.9134
vn -0.3519 0.3956 -0.8483
vn -0.6319 -0.4834 -0.6058
vn -0.6185 -0.4845 -0.6186
vn -0.5660 -0.5965 -0.5691
vn -0.5160 -0.6837 -0.5161
vn -0.4815 -0.6990 -0.5287
vn -0.3866 -0.8372 -0.3867
vn -0.3890 -0.7870 -0.4789
vn -0.2299 -0.9456 -0.2302
vn -0.2884 -0.8607 -0.4196
vn -0.1511 -0.9313 -0.3315
vn -0.2546 -0.8252 -0.5042
vn -0.1011 -0.8896 -0.4454
vn -0.2449 -0.7692 -0.5902
vn -0.0820 -0.8240 -0.5607
vn -0.2575 -0.6979 -0.6683
vn -0.0918 -0.7406 -0.6657
vn -0.2869 -0.6174 -0.7324
vn -0.1240 -0.6468 -0.7525
vn -0.3271 -0.5351 -0.7789
vn -0.1711 -0.5514 -0.8165
vn -0.3720 -0.4537 -0.8098
vn -0.2253 -0.4580 -0.8599
vn -0.4166 -0.3794 -0.8261
vn -0.2806 -0.3733 -0.8843
vn -0.4707 -0.2916 -0.8327
vn -0.3492 -0.2745 -0.8959
vn -0.5173 -0.2165 -0.8279
vn -0.4102 -0.1914 -0.8917
vn -0.5735 -0.1233 -0.8099
vn -0.4866 -0.0907 -0.8689
vn -0.6157 -0.0489 -0.7865
vn -0.5482 -0.0119 -0.8363
vn -0.6497 0.0148 -0.7601
vn -0.6023 0.0531 -0.7965
vn -0.6739 0.0555 -0.7367
vn -0.6448 0.0937 -0.7586
vn -0.6845 0.0691 -0.7258
vn -0.6647 0.1070 -0.7394
vn -0.6961 0.0778 -0.7137
vn -0.6861 0.1157 -0.7182
vn -0.7099 0.0788 -0.6999
vn -0.7113 0.1170 -0.6931
vn -0.7236 0.0713 -0.6865
vn -0.7354 0.1093 -0.6688
vn -0.7358 0.0568 -0.6748
vn -0.7569 0.0951 -0.6466
vn -0.7475 0.0387 -0.6632
vn -0.7764 0.0769 -0.6255
vn -0.7631 0.0084 -0.6462
vn -0.8012 0.0467 -0.5966
vn -0.7782 -0.0266 -0.6274
vn -0.8242 0.0109 -0.5662
vn -0.7930 -0.0665 -0.6056
vn -0.8455 -0.0304 -0.5332
vn -0.8069 -0.1119 -0.5800
vn -0.8648 -0.0784 -0.4959
vn -0.8225 -0.1810 -0.5392
vn -0.8852 -0.1526 -0.4395
vn -0.8318 -0.2625 -0.4891
vn -0.8957 -0.2422 -0.3730
vn -0.8288 -0.3599 -0.4284
vn -0.8884 -0.3514 -0.2954
vn -0.8027 -0.4757 -0.3596
vn -0.8500 -0.4829 -0.2105
vn -0.7759 -0.5423 -0.3223
vn -0.8119 -0.5598 -0.1656
vn -0.7370 -0.6111 -0.2889
vn -0.7582 -0.6396 -0.1264
vn -0.6836 -0.6809 -0.2628
vn -0.6863 -0.7208 -0.0974
vn -0.6199 -0.7447 -0.2474
vn -0.6005 -0.7953 -0.0828
vn -0.5082 -0.8569 -0.0867
vn -0.4627 -0.8855 0.0426
vn -0.3462 -0.9381 0.0089
vn -0.2784 -0.9521 0.1267
vn -0.2330 -0.9711 -0.0509
vn -0.1502 -0.9870 0.0573
vn -0.0596 -0.9964 -0.0598
vn -0.0657 -0.9844 0.1631
vn 0.0207 -0.9636 0.2667
vn -0.1303 -0.9273 0.3509
vn -0.0264 -0.8737 0.4857
vn -0.2856 -0.8699 0.4021
vn -0.1911 -0.8182 0.5422
vn -0.4324 -0.7973 0.4210
vn -0.3476 -0.7480 0.5654
vn -0.4976 -0.6620 0.5604
vn -0.3732 -0.5663 0.7348
vn -0.5139 -0.4829 0.7090
vn -0.3767 -0.3740 0.8475
vn -0.5029 -0.3043 0.8090
vn -0.2170 -0.2407 0.9460
vn -0.4065 -0.1632 0.8989
vn -0.6122 -0.2359 0.7547
vn -0.5672 -0.0838 0.8193
vn -0.7675 -0.1165 0.6304
vn -0.8724 -0.0109 0.4887
vn -0.8634 -0.1818 0.4706
vn -0.9421 -0.0645 0.3290
vn -0.9268 -0.2406 0.2883
vn -0.9810 -0.1165 0.1551
vn -0.9494 -0.2774 0.1473
vn -0.9881 -0.1520 0.0244
vn -0.9526 -0.3019 0.0366
vn -0.9811 -0.1776 -0.0769
vn -0.9437 -0.3226 -0.0740
vn -0.9634 -0.2013 -0.1768
vn -0.9224 -0.3391 -0.1846
vn -0.9351 -0.2228 -0.2755
vn -0.0378 -0.9666 -0.2535
vn 0.0238 -0.9212 -0.3884
vn 0.0500 -0.8497 -0.5249
vn 0.0426 -0.7591 -0.6496
vn 0.0086 -0.6574 -0.7535
vn -0.0432 -0.5541 -0.8313
vn -0.1042 -0.4535 -0.8851
vn -0.1676 -0.3624 -0.9168
vn -0.2475 -0.2572 -0.9341
vn -0.3200 -0.1691 -0.9322
vn -0.4131 -0.0639 -0.9084
vn -0.4911 0.0176 -0.8709
vn -0.5625 0.0833 -0.8226
vn -0.6203 0.1239 -0.7746
vn -0.6479 0.1372 -0.7493
vn -0.6774 0.1457 -0.7210
vn -0.7117 0.1469 -0.6869
vn -0.7440 0.1394 -0.6535
vn -0.7722 0.1254 -0.6229
vn -0.7974 0.1071 -0.5939
vn -0.8283 0.0769 -0.5549
vn -0.8564 0.0405 -0.5148
vn -0.8817 -0.0014 -0.4718
vn -0.9039 -0.0510 -0.4247
vn -0.9259 -0.1283 -0.3554
vn 0.1087 -0.9881 0.1085
vn 0.0724 -0.9822 -0.1733
vn 0.1443 -0.9343 -0.3261
vn 0.1769 -0.8588 -0.4807
vn 0.1720 -0.7634 -0.6227
vn 0.1372 -0.6563 -0.7419
vn 0.0819 -0.5477 -0.8326
vn 0.0152 -0.4422 -0.8968
vn -0.0549 -0.3468 -0.9363
vn -0.1449 -0.2370 -0.9606
vn -0.2281 -0.1453 -0.9627
vn -0.3374 -0.0369 -0.9406
vn -0.4318 0.0468 -0.9007
vn -0.5211 0.1132 -0.8460
vn -0.5948 0.1537 -0.7890
vn -0.6302 0.1671 -0.7583
vn -0.6680 0.1756 -0.7231
vn -0.7115 0.1767 -0.6801
vn -0.7516 0.1693 -0.6375
vn -0.7861 0.1554 -0.5982
vn -0.8164 0.1370 -0.5611
vn -0.8527 0.1068 -0.5114
vn -0.8846 0.0701 -0.4610
vn -0.9124 0.0273 -0.4084
vn -0.9359 -0.0235 -0.3514
vn -0.9575 -0.1032 -0.2694
vn 0.1798 -0.9795 -0.0911
vn 0.2761 -0.9207 0.2759
vn 0.2847 -0.9586 -0.0066
vn 0.4143 -0.9041 0.1048
vn 0.3730 -0.9090 -0.1861
vn 0.5099 -0.8560 -0.0853
vn 0.4167 -0.8309 -0.3686
vn 0.5596 -0.7803 -0.2794
vn 0.4177 -0.7323 -0.5378
vn 0.5647 -0.6846 -0.4609
vn 0.3836 -0.6218 -0.6828
vn 0.5326 -0.5772 -0.6189
vn 0.3243 -0.5098 -0.7968
vn 0.4734 -0.4682 -0.7462
vn 0.2502 -0.4009 -0.8813
vn 0.3970 -0.3618 -0.8435
vn 0.1695 -0.3023 -0.9380
vn 0.3120 -0.2650 -0.9124
vn 0.0628 -0.1889 -0.9800
vn 0.1970 -0.1532 -0.9684
vn -0.0394 -0.0941 -0.9948
vn 0.0842 -0.0590 -0.9947
vn -0.1796 0.0175 -0.9836
vn -0.0747 0.0521 -0.9958
vn -0.3072 0.1043 -0.9459
vn -0.2237 0.1400 -0.9645
vn -0.4336 0.1716 -0.8846
vn -0.3748 0.2078 -0.9035
vn -0.5408 0.2126 -0.8139
vn -0.5043 0.2493 -0.8267
vn -0.5925 0.2262 -0.7731
vn -0.5669 0.2632 -0.7806
vn -0.6473 0.2348 -0.7252
vn -0.6327 0.2719 -0.7250
vn -0.7091 0.2357 -0.6645
vn -0.7062 0.2729 -0.6534
vn -0.7643 0.2284 -0.6031
vn -0.7704 0.2654 -0.5796
vn -0.8100 0.2146 -0.5458
vn -0.8223 0.2514 -0.5105
vn -0.8486 0.1957 -0.4916
vn -0.8650 0.2322 -0.4447
vn -0.8925 0.1653 -0.4197
vn -0.9117 0.2015 -0.3580
vn -0.9287 0.1277 -0.3481
vn -0.9483 0.1634 -0.2723
vn -0.9578 0.0840 -0.2750
vn -0.9753 0.1194 -0.1858
vn -0.9796 0.0315 -0.1982
vn -0.9931 0.0665 -0.0963
vn -0.9945 -0.0504 -0.0916
vn -0.9996 -0.0153 0.0256
vn 0.4270 -0.7972 0.4268
vn 0.5691 -0.7831 0.2508
vn 0.6701 -0.7401 0.0562
vn 0.7261 -0.6724 -0.1441
vn 0.7377 -0.5866 -0.3342
vn 0.7115 -0.4899 -0.5038
vn 0.6562 -0.3911 -0.6453
vn 0.5815 -0.2939 -0.7586
vn 0.4951 -0.2042 -0.8445
vn 0.3741 -0.0994 -0.9220
vn 0.2509 -0.0092 -0.9680
vn 0.0704 0.0989 -0.9926
vn -0.1061 0.1871 -0.9766
vn -0.2910 0.2559 -0.9219
vn -0.4519 0.2987 -0.8406
vn -0.5299 0.3132 -0.7881
vn -0.6111 0.3224 -0.7229
vn -0.7004 0.3232 -0.6364
vn -0.7764 0.3155 -0.5456
vn -0.8356 0.3010 -0.4596
vn -0.8823 0.2809 -0.3777
vn -0.9299 0.2495 -0.2703
vn -0.9636 0.2104 -0.1650
vn -0.9842 0.1660 -0.0608
vn -0.9926 0.1131 0.0452
vn -0.9821 0.0331 0.1852
vn 0.5485 -0.6312 0.5483
vn 0.6868 -0.6210 0.3777
vn 0.7880 -0.5858 0.1897
vn 0.8479 -0.5302 -0.0055
vn 0.8666 -0.4597 -0.1940
vn 0.8494 -0.3796 -0.3667
vn 0.8031 -0.2968 -0.5166
vn 0.7358 -0.2140 -0.6425
vn 0.6541 -0.1359 -0.7441
vn 0.5345 -0.0427 -0.8441
vn 0.4073 0.0403 -0.9124
vn 0.2121 0.1428 -0.9668
vn 0.0123 0.2309 -0.9729
vn -0.2047 0.3013 -0.9313
vn -0.3973 0.3463 -0.8499
vn -0.4908 0.3620 -0.7925
vn -0.5877 0.3717 -0.7186
vn -0.6926 0.3726 -0.6176
vn -0.7795 0.3644 -0.5096
vn -0.8444 0.3489 -0.4064
vn -0.8932 0.3274 -0.3083
vn -0.9385 0.2946 -0.1801
vn -0.9655 0.2543 -0.0562
vn -0.9757 0.2096 0.0643
vn -0.9703 0.1570 0.1840
vn -0.9380 0.0802 0.3373
vn 0.7252 -0.4191 0.5463
vn 0.7977 -0.4090 0.4432
vn 0.8567 -0.3926 0.3347
vn 0.9020 -0.3703 0.2219
vn 0.9329 -0.3433 0.1086
vn 0.9501 -0.3120 -0.0035
vn 0.9461 -0.2403 -0.2173
vn 0.8989 -0.1620 -0.4070
vn 0.8194 -0.0829 -0.5672
vn 0.5989 0.0658 -0.7981
vn 0.3345 0.1925 -0.9225
vn 0.0446 0.3001 -0.9529
vn -0.2737 0.3812 -0.8831
vn -0.3620 0.3966 -0.8436
vn -0.4535 0.4102 -0.7912
vn -0.5000 0.4153 -0.7599
vn -0.5479 0.4198 -0.7236
vn -0.5946 0.4224 -0.6841
vn -0.6401 0.4229 -0.6414
vn -0.6844 0.4216 -0.5948
vn -0.7241 0.4194 -0.5476
vn -0.7596 0.4157 -0.5003
vn -0.7913 0.4105 -0.4532
vn -0.8434 0.3973 -0.3618
vn -0.8830 0.3807 -0.2746
vn -0.9532 0.2989 0.0453
vn -0.9224 0.1932 0.3346
vn -0.7979 0.0656 0.5993
vn -0.2332 -0.4430 0.8656
vn -0.0025 -0.3133 0.9496
vn -0.0753 -0.5077 0.8582
vn 0.1094 -0.3450 0.9322
vn 0.0831 -0.5588 0.8251
vn 0.2218 -0.3716 0.9015
vn 0.3333 -0.3929 0.8570
vn 0.2472 -0.5987 0.7619
vn 0.4426 -0.4089 0.7980
vn 0.4062 -0.6246 0.6670
vn 0.5464 -0.4191 0.7251
vn 0.2803 -0.7874 0.5490
vn 0.1161 -0.7559 0.6443
vn -0.0532 -0.7067 0.7056
vn 0.1336 -0.9089 0.3950
vn -0.3142 -0.9354 -0.1619
vn -0.4068 -0.8642 -0.2960
vn -0.4699 -0.7899 -0.3940
vn -0.4775 -0.8386 -0.2622
vn -0.5199 -0.7686 -0.3729
vn -0.5725 -0.7341 -0.3652
vn -0.5832 -0.6577 -0.4767
vn -0.6127 -0.6230 -0.4863
vn -0.5924 -0.5437 -0.5945
vn -0.6399 -0.5810 -0.5029
vn -0.6007 -0.5147 -0.6117
vn -0.6636 -0.5339 -0.5240
vn -0.6095 -0.4811 -0.6302
vn -0.6797 -0.4876 -0.5480
vn -0.6145 -0.4480 -0.6494
vn -0.6900 -0.4418 -0.5732
vn -0.6172 -0.4146 -0.6687
vn -0.7004 -0.3581 -0.6174
vn -0.6215 -0.3501 -0.7008
vn -0.7016 -0.2850 -0.6531
vn -0.6241 -0.2915 -0.7249
vn -0.6994 -0.2205 -0.6799
vn -0.6277 -0.2374 -0.7414
vn -0.6963 -0.1623 -0.6992
vn -0.6330 -0.1858 -0.7515
vn -0.6945 -0.1225 -0.7090
vn -0.6389 -0.1495 -0.7546
vn -0.6936 -0.0857 -0.7152
vn -0.6463 -0.1148 -0.7544
vn -0.6940 -0.0527 -0.7181
vn -0.6557 -0.0830 -0.7504
vn -0.6955 -0.0227 -0.7182
vn -0.6670 -0.0534 -0.7432
vn -0.6979 -0.0047 -0.7162
vn -0.6771 -0.0357 -0.7350
vn -0.7010 0.0100 -0.7131
vn -0.6886 -0.0206 -0.7249
vn -0.7052 0.0183 -0.7088
vn -0.7019 -0.0122 -0.7122
vn -0.7099 0.0167 -0.7041
vn -0.7158 -0.0139 -0.6982
vn -0.7136 0.0076 -0.7005
vn -0.7268 -0.0230 -0.6865
vn -0.7166 -0.0058 -0.6974
vn -0.7361 -0.0365 -0.6759
vn -0.7184 -0.0463 -0.6941
vn -0.7493 -0.0768 -0.6577
vn -0.7122 -0.1068 -0.6938
vn -0.7549 -0.1350 -0.6418
vn -0.6965 -0.1717 -0.6967
vn -0.7505 -0.1941 -0.6318
vn -0.6685 -0.2490 -0.7008
vn -0.7347 -0.2617 -0.6259
vn -0.6425 -0.3072 -0.7020
vn -0.7179 -0.3097 -0.6234
vn -0.6100 -0.3727 -0.6993
vn -0.6955 -0.3617 -0.6209
vn -0.5817 -0.4257 -0.6931
vn -0.6752 -0.4020 -0.6184
vn -0.5518 -0.4826 -0.6802
vn -0.6526 -0.4443 -0.6137
vn -0.5226 -0.5386 -0.6609
vn -0.6291 -0.4847 -0.6077
vn -0.4980 -0.5923 -0.6334
vn -0.6069 -0.5227 -0.5987
vn -0.4809 -0.6394 -0.5999
vn -0.5878 -0.5555 -0.5882
vn -0.4750 -0.6759 -0.5635
vn -0.5737 -0.5806 -0.5777
vn -0.5236 -0.7013 -0.4838
vn -0.5521 -0.6847 -0.4757
vn -0.5742 -0.5868 -0.5709
vn -0.5832 -0.5680 -0.5807
vn -0.5821 -0.4756 -0.6596
vn -0.5724 -0.4684 -0.6730
vn -0.5680 -0.5981 -0.5654
vn -0.6057 -0.4834 -0.6320
vn -0.5933 -0.4803 -0.6460
vn -0.5554 -0.4468 -0.7014
vn -0.5445 -0.4199 -0.7261
vn -0.5373 -0.3906 -0.7475
vn -0.5339 -0.3564 -0.7668
vn -0.5362 -0.3198 -0.7812
vn -0.5420 -0.2842 -0.7909
vn -0.5646 -0.2111 -0.7979
vn -0.5983 -0.1407 -0.7888
vn -0.6193 -0.1077 -0.7778
vn -0.6431 -0.0774 -0.7618
vn -0.6573 -0.0638 -0.7509
vn -0.6726 -0.0521 -0.7382
vn -0.6892 -0.0439 -0.7233
vn -0.6977 -0.0420 -0.7152
vn -0.7067 -0.0410 -0.7063
vn -0.7151 -0.0415 -0.6978
vn -0.7231 -0.0439 -0.6893
vn -0.7382 -0.0526 -0.6725
vn -0.7512 -0.0639 -0.6570
vn -0.7616 -0.0770 -0.6435
vn -0.7778 -0.1076 -0.6192
vn -0.7889 -0.1414 -0.5980
vn -0.7987 -0.2110 -0.5635
vn -0.7906 -0.2840 -0.5425
vn -0.7809 -0.3202 -0.5364
vn -0.7669 -0.3557 -0.5342
vn -0.7489 -0.3894 -0.5362
vn -0.7265 -0.4205 -0.5435
vn -0.7014 -0.4469 -0.5553
vn -0.6739 -0.4673 -0.5722
vn -0.6598 -0.4747 -0.5825
vn -0.6458 -0.4802 -0.5936
vn 0.2606 -0.9301 -0.2587
vn 0.2990 -0.8525 -0.4287
vn 0.2969 -0.7544 -0.5855
vn 0.2621 -0.6444 -0.7184
vn 0.2043 -0.5329 -0.8212
vn 0.1333 -0.4246 -0.8955
vn 0.0574 -0.3267 -0.9434
vn -0.0415 -0.2142 -0.9759
vn -0.1346 -0.1203 -0.9836
vn -0.2596 -0.0098 -0.9657
vn -0.3706 0.0757 -0.9257
vn -0.4782 0.1426 -0.8666
vn -0.5683 0.1833 -0.8022
vn -0.6118 0.1968 -0.7662
vn -0.6580 0.2053 -0.7245
vn -0.7106 0.2063 -0.6726
vn -0.7584 0.1989 -0.6207
vn -0.7987 0.1851 -0.5725
vn -0.8335 0.1665 -0.5269
vn -0.8741 0.1362 -0.4663
vn -0.9087 0.0991 -0.4056
vn -0.9378 0.0558 -0.3427
vn -0.9612 0.0040 -0.2759
vn -0.9804 -0.0771 -0.1814
vn -0.3687 -0.7573 -0.5391
vn -0.3667 -0.7105 -0.6006
vn -0.3816 -0.6506 -0.6566
vn -0.4087 -0.5827 -0.7025
vn -0.4434 -0.5127 -0.7352
vn -0.4807 -0.4429 -0.7568
vn -0.5170 -0.3785 -0.7677
vn -0.5601 -0.3012 -0.7717
vn -0.5961 -0.2340 -0.7681
vn -0.6375 -0.1481 -0.7561
vn -0.6658 -0.0781 -0.7420
vn -0.6851 -0.0158 -0.7283
vn -0.6959 0.0249 -0.7177
vn -0.6996 0.0382 -0.7135
vn -0.7034 0.0473 -0.7092
vn -0.7078 0.0488 -0.7047
vn -0.7126 0.0407 -0.7004
vn -0.7175 0.0261 -0.6961
vn -0.7223 0.0080 -0.6915
vn -0.7298 -0.0221 -0.6833
vn -0.7376 -0.0563 -0.6729
vn -0.7459 -0.0948 -0.6593
vn -0.7542 -0.1376 -0.6420
vn -0.7643 -0.2017 -0.6125
vn -0.7708 -0.2753 -0.5745
vn -0.7695 -0.3614 -0.5266
vn -0.7519 -0.4621 -0.4703
vn -0.7334 -0.5190 -0.4390
vn -0.7061 -0.5772 -0.4103
vn -0.6675 -0.6363 -0.3867
vn -0.6219 -0.6898 -0.3706
vn -0.5510 -0.7974 -0.2461
vn -0.4097 -0.9052 -0.1129
vn -0.8728 -0.4802 -0.0877
vn -0.8255 -0.5632 -0.0373
vn -0.7602 -0.6497 0.0060
vn -0.6742 -0.7377 0.0369
vn -0.5721 -0.8186 0.0505
vn -0.4103 -0.8965 0.1670
vn -0.2065 -0.9484 0.2406
vn -0.8820 -0.4701 0.0333
vn -0.8256 -0.5573 0.0881
vn -0.7495 -0.6483 0.1344
vn -0.6508 -0.7408 0.1665
vn -0.5344 -0.8261 0.1787
vn -0.3513 -0.8913 0.2867
vn -0.8783 -0.4532 0.1525
vn -0.8130 -0.5427 0.2108
vn -0.7267 -0.6361 0.2592
vn -0.6167 -0.7312 0.2916
vn -0.4879 -0.8190 0.3021
vn -0.8616 -0.4296 0.2702
vn -0.7876 -0.5197 0.3310
vn -0.6919 -0.6136 0.3806
vn -0.5718 -0.7090 0.4128
vn -0.8207 -0.3898 0.4178
vn -0.7356 -0.4778 0.4802
vn -0.6286 -0.5693 0.5298
vn -0.7317 -0.3195 0.6021
vn -0.6330 -0.4000 0.6628
vn -0.2151 -0.6440 0.7342
vn 0.9532 -0.2986 -0.0468
vn 0.7071 0.0001 -0.7071
vn -0.8022 0.4079 -0.4360
vn -0.9087 0.3657 -0.2014
vn -0.9532 0.2986 0.0469
vn 0.2015 -0.3660 0.9085
vn -0.2986 -0.9064 -0.2988
vn -0.2986 -0.9064 -0.2989
vn -0.8321 -0.0002 0.5547
vn -0.8038 0.2152 0.5547
vn -0.7207 0.4159 0.5547
vn -0.5885 0.5882 0.5547
vn -0.4162 0.7205 0.5547
vn -0.2155 0.8036 0.5547
vn -0.0002 0.8320 0.5547
vn 0.2152 0.8038 0.5547
vn 0.4158 0.7207 0.5547
vn 0.4159 0.7207 0.5547
vn 0.5882 0.5885 0.5547
vn 0.7205 0.4162 0.5547
vn 0.8036 0.2155 0.5547
vn 0.8321 0.0002 0.5547
vn 0.8038 -0.2152 0.5547
vn 0.7207 -0.4159 0.5547
vn 0.5885 -0.5882 0.5547
vn 0.4162 -0.7205 0.5547
vn 0.2155 -0.8036 0.5547
vn 0.0002 -0.8321 0.5547
vn -0.2152 -0.8038 0.5547
vn -0.4159 -0.7207 0.5547
vn -0.5882 -0.5885 0.5547
vn -0.7205 -0.4162 0.5547
vn -0.8036 -0.2155 0.5547
vn 0.0002 -1.0000 0.0001
vn 0.9969 0.0002 0.0789
vn 0.9833 0.0002 -0.1818
vn 0.9028 0.0002 -0.4301
vn 0.7607 0.0002 -0.6491
vn 0.5668 0.0001 -0.8239
vn 0.3342 0.0001 -0.9425
vn 0.0789 -0.0000 -0.9969
vn -0.1818 -0.0000 -0.9833
vn -0.4301 -0.0001 -0.9028
vn -0.6491 -0.0002 -0.7607
vn -0.8239 -0.0002 -0.5668
vn -0.9425 -0.0002 -0.3342
vn -0.9969 -0.0002 -0.0789
vn -0.9833 -0.0002 0.1818
vn -0.9028 -0.0002 0.4301
vn -0.7607 -0.0002 0.6491
vn -0.5667 -0.0001 0.8239
vn -0.3342 -0.0001 0.9425
vn -0.0789 -0.0000 0.9969
vn 0.1818 -0.0000 0.9833
vn 0.4301 0.0001 0.9028
vn 0.6491 0.0002 0.7607
vn 0.8239 0.0002 0.5667
vn 0.9425 0.0002 0.3342
vn -0.6975 0.7070 -0.1169
vn -0.7055 0.7069 0.0504
vn -0.7052 0.7069 0.0534
vn -0.6729 0.7069 0.2178
vn -0.6720 0.7070 0.2206
vn -0.6012 0.7070 0.3725
vn -0.5997 0.7070 0.3750
vn -0.4946 0.7070 0.5055
vn -0.4925 0.7070 0.5075
vn -0.3593 0.7070 0.6091
vn -0.3567 0.7070 0.6106
vn -0.2031 0.7070 0.6774
vn -0.2003 0.7071 0.6782
vn -0.0350 0.7071 0.7062
vn -0.0321 0.7071 0.7064
vn 0.1349 0.7071 0.6941
vn 0.1378 0.7072 0.6935
vn 0.2971 0.7072 0.6416
vn 0.2998 0.7072 0.6403
vn 0.4420 0.7072 0.5518
vn 0.4443 0.7072 0.5500
vn 0.5613 0.7072 0.4299
vn 0.5630 0.7073 0.4276
vn 0.6478 0.7072 0.2831
vn 0.6490 0.7073 0.2804
vn 0.6968 0.7072 0.1199
vn 0.6972 0.7073 0.1169
vn 0.7052 0.7073 -0.0504
vn 0.7049 0.7073 -0.0533
vn 0.6726 0.7073 -0.2178
vn 0.6717 0.7073 -0.2206
vn 0.6009 0.7072 -0.3725
vn 0.5993 0.7073 -0.3750
vn 0.4942 0.7072 -0.5055
vn 0.4922 0.7072 -0.5075
vn 0.3589 0.7072 -0.6091
vn 0.3564 0.7072 -0.6106
vn 0.2028 0.7071 -0.6774
vn 0.1999 0.7072 -0.6782
vn 0.0348 0.7071 -0.7063
vn 0.0318 0.7071 -0.7064
vn -0.1353 0.7071 -0.6941
vn -0.1381 0.7071 -0.6935
vn -0.2974 0.7070 -0.6416
vn -0.3001 0.7070 -0.6403
vn -0.4424 0.7070 -0.5518
vn -0.4447 0.7070 -0.5499
vn -0.5616 0.7069 -0.4300
vn -0.5633 0.7070 -0.4276
vn -0.6482 0.7069 -0.2831
vn -0.6493 0.7070 -0.2804
vn -0.6971 0.7069 -0.1198
vn 0.9863 0.0002 0.1652
vn 0.9978 0.0002 -0.0667
vn 0.9555 0.0002 -0.2950
vn 0.8617 0.0002 -0.5074
vn 0.7215 0.0002 -0.6924
vn 0.5424 0.0001 -0.8401
vn 0.3340 0.0001 -0.9426
vn 0.1076 -0.0000 -0.9942
vn -0.1246 -0.0000 -0.9922
vn -0.3500 -0.0001 -0.9367
vn -0.5566 -0.0001 -0.8308
vn -0.7332 -0.0002 -0.6800
vn -0.8703 -0.0002 -0.4926
vn -0.9604 -0.0002 -0.2786
vn -0.9988 -0.0002 -0.0496
vn -0.9833 -0.0002 0.1820
vn -0.9833 -0.0002 0.1821
vn -0.9148 -0.0002 0.4039
vn -0.7970 -0.0002 0.6040
vn -0.6362 -0.0002 0.7715
vn -0.4412 -0.0001 0.8974
vn -0.2223 -0.0001 0.9750
vn 0.0085 -0.0000 1.0000
vn 0.2389 0.0001 0.9710
vn 0.4564 0.0001 0.8898
vn 0.6493 0.0002 0.7605
vn 0.8072 0.0002 0.5903
vn 0.9216 0.0002 0.3882
vn -0.9839 0.1788 -0.0000
vn -0.9855 0.0865 0.1462
vn -0.9659 -0.0002 0.2588
vn -0.9534 0.0865 0.2892
vn -0.9006 0.0865 0.4259
vn -0.8671 0.2828 0.4101
vn -0.7975 0.2829 0.5328
vn -0.7518 0.4272 0.5023
vn -0.6700 0.4272 0.6071
vn -0.6305 0.5254 0.5713
vn -0.5398 0.5254 0.6576
vn -0.4791 0.6556 0.5836
vn -0.3883 0.6556 0.6476
vn -0.3330 0.7622 0.5552
vn -0.2479 0.7622 0.5980
vn -0.1857 0.8746 0.4479
vn -0.1180 0.8746 0.4702
vn -0.0634 0.9656 0.2524
vn -0.0257 0.9655 0.2590
vn -0.0003 1.0000 -0.0000
vn -0.8660 -0.0002 0.5000
vn -0.8284 0.0865 0.5535
vn -0.7107 0.2829 0.6441
vn -0.5736 0.4273 0.6988
vn -0.4375 0.5255 0.7297
vn -0.2891 0.6556 0.6976
vn -0.1575 0.7622 0.6279
vn -0.0477 0.8746 0.4825
vn 0.0125 0.9656 0.2599
vn -0.7382 0.0865 0.6690
vn -0.6085 0.2829 0.7414
vn -0.4649 0.4273 0.7754
vn -0.3257 0.5255 0.7860
vn -0.1836 0.6556 0.7324
vn -0.0636 0.7622 0.6442
vn 0.0236 0.8747 0.4842
vn 0.0505 0.9656 0.2552
vn -0.6320 0.0865 0.7701
vn -0.5000 -0.0001 0.8660
vn -0.5122 0.0866 0.8545
vn -0.3813 0.0866 0.9204
vn -0.3671 0.2830 0.8861
vn -0.2331 0.2830 0.9304
vn -0.2198 0.4274 0.8770
vn -0.0887 0.4274 0.8997
vn -0.0835 0.5255 0.8467
vn 0.0416 0.5256 0.8497
vn 0.0369 0.6557 0.7541
vn 0.1471 0.6557 0.7405
vn 0.1261 0.7623 0.6349
vn 0.2179 0.7623 0.6095
vn 0.1631 0.8747 0.4564
vn 0.2283 0.8747 0.4275
vn 0.1224 0.9656 0.2295
vn 0.1548 0.9656 0.2090
vn -0.2588 -0.0000 0.9659
vn -0.2421 0.0867 0.9664
vn -0.0941 0.2830 0.9545
vn 0.0443 0.4274 0.9030
vn 0.1658 0.5256 0.8344
vn 0.2542 0.6558 0.7109
vn 0.3049 0.7623 0.5709
vn 0.2886 0.8747 0.3894
vn 0.1837 0.9656 0.1840
vn -0.0977 0.0867 0.9914
vn 0.0489 0.0867 0.9950
vn 0.1943 0.0867 0.9771
vn 0.1870 0.2831 0.9407
vn 0.3230 0.2831 0.9030
vn 0.3045 0.4275 0.8512
vn 0.4261 0.4275 0.7973
vn 0.4009 0.5257 0.7503
vn 0.5067 0.5257 0.6833
vn 0.4496 0.6558 0.6064
vn 0.5337 0.6558 0.5339
vn 0.4575 0.7623 0.4577
vn 0.5260 0.7624 0.3770
vn 0.3938 0.8747 0.2824
vn 0.4346 0.8747 0.2144
vn 0.2331 0.9656 0.1151
vn 0.2487 0.9656 0.0755
vn 0.2588 0.0001 0.9659
vn 0.3356 0.0868 0.9380
vn 0.4521 0.2832 0.8459
vn 0.5384 0.4275 0.7261
vn 0.6014 0.5257 0.6015
vn 0.6136 0.6558 0.4398
vn 0.5803 0.7624 0.2863
vn 0.4637 0.8748 0.1407
vn 0.2578 0.9656 0.0340
vn 0.5000 0.0001 0.8660
vn 0.4696 0.0868 0.8786
vn 0.5713 0.2832 0.7704
vn 0.6392 0.4275 0.6393
vn 0.6914 0.5257 0.4955
vn 0.6770 0.6558 0.3339
vn 0.6192 0.7624 0.1879
vn 0.4803 0.8748 0.0633
vn 0.2598 0.9656 -0.0085
vn 0.5934 0.0868 0.8002
vn 0.7044 0.0869 0.7044
vn 0.8098 0.0869 0.5803
vn 0.7795 0.2833 0.5587
vn 0.8601 0.2833 0.4242
vn 0.8107 0.4276 0.3999
vn 0.8650 0.4276 0.2624
vn 0.8140 0.5258 0.2470
vn 0.8433 0.5258 0.1110
vn 0.7484 0.6559 0.0986
vn 0.7545 0.6559 -0.0247
vn 0.6468 0.7624 -0.0212
vn 0.6347 0.7624 -0.1263
vn 0.4753 0.8747 -0.0946
vn 0.4534 0.8748 -0.1707
vn 0.2433 0.9656 -0.0916
vn 0.2251 0.9656 -0.1301
vn 0.8660 0.0002 0.5000
vn 0.8935 0.0869 0.4406
vn 0.9177 0.2833 0.2784
vn 0.8962 0.4276 0.1180
vn 0.8502 0.5258 -0.0278
vn 0.7404 0.6559 -0.1473
vn 0.6056 0.7624 -0.2280
vn 0.4196 0.8748 -0.2424
vn 0.2009 0.9656 -0.1651
vn 0.9659 0.0002 0.2588
vn 0.9533 0.0869 0.2892
vn 0.9508 0.2833 0.1252
vn 0.9035 0.4276 -0.0296
vn 0.8343 0.5258 -0.1660
vn 0.7065 0.6559 -0.2660
vn 0.5604 0.7624 -0.3237
vn 0.3745 0.8747 -0.3075
vn 0.1713 0.9656 -0.1956
vn 0.9877 0.0869 0.1300
vn 0.9957 0.0869 -0.0326
vn 0.9771 0.0870 -0.1944
vn 0.9406 0.2833 -0.1871
vn 0.8976 0.2833 -0.3378
vn 0.8460 0.4276 -0.3185
vn 0.7828 0.4276 -0.4520
vn 0.7366 0.5258 -0.4254
vn 0.6575 0.5257 -0.5397
vn 0.5835 0.6558 -0.4790
vn 0.4977 0.6558 -0.5677
vn 0.4266 0.7624 -0.4866
vn 0.3416 0.7623 -0.5497
vn 0.2558 0.8747 -0.4117
vn 0.1853 0.8747 -0.4478
vn 0.0993 0.9656 -0.2404
vn 0.0588 0.9656 -0.2534
vn 0.9659 0.0002 -0.2588
vn 0.9324 0.0869 -0.3509
vn 0.8305 0.2833 -0.4795
vn 0.6987 0.4276 -0.5735
vn 0.5608 0.5257 -0.6396
vn 0.3986 0.6558 -0.6412
vn 0.2475 0.7623 -0.5980
vn 0.1099 0.8747 -0.4721
vn 0.0168 0.9656 -0.2597
vn 0.8660 0.0002 -0.5000
vn 0.8627 0.0869 -0.4981
vn 0.7413 0.2833 -0.6084
vn 0.5960 0.4276 -0.6797
vn 0.4491 0.5257 -0.7225
vn 0.2888 0.6557 -0.6976
vn 0.1468 0.7623 -0.6304
vn 0.0315 0.8746 -0.4837
vn -0.0257 0.9655 -0.2590
vn 0.7701 0.0869 -0.6320
vn 0.6568 0.0869 -0.7490
vn 0.5000 0.0001 -0.8660
vn 0.5261 0.0868 -0.8460
vn 0.3812 0.0868 -0.9204
vn 0.3670 0.2832 -0.8861
vn 0.2177 0.2831 -0.9340
vn 0.2052 0.4275 -0.8804
vn 0.0590 0.4274 -0.9021
vn 0.0555 0.5256 -0.8489
vn -0.0835 0.5256 -0.8466
vn -0.0742 0.6557 -0.7514
vn -0.1956 0.6556 -0.7293
vn -0.1677 0.7622 -0.6253
vn -0.2673 0.7622 -0.5896
vn -0.2003 0.8746 -0.4416
vn -0.2695 0.8746 -0.4030
vn -0.1448 0.9655 -0.2163
vn -0.1781 0.9655 -0.1899
vn 0.2588 0.0001 -0.9659
vn 0.2262 0.0868 -0.9702
vn 0.0627 0.2831 -0.9570
vn -0.0887 0.4274 -0.8997
vn -0.2203 0.5255 -0.8218
vn -0.3118 0.6556 -0.6877
vn -0.3598 0.7621 -0.5382
vn -0.3316 0.8746 -0.3538
vn -0.2066 0.9655 -0.1584
vn 0.0651 0.0867 -0.9941
vn -0.0977 0.0867 -0.9914
vn -0.2588 -0.0000 -0.9659
vn -0.2579 0.0867 -0.9623
vn -0.4112 0.0866 -0.9074
vn -0.3959 0.2830 -0.8736
vn -0.5329 0.2829 -0.7975
vn -0.5024 0.4273 -0.7517
vn -0.6181 0.4273 -0.6598
vn -0.5817 0.5254 -0.6209
vn -0.6751 0.5254 -0.5179
vn -0.5992 0.6555 -0.4596
vn -0.6660 0.6555 -0.3559
vn -0.5710 0.7621 -0.3051
vn -0.6131 0.7621 -0.2081
vn -0.4593 0.8745 -0.1558
vn -0.4785 0.8745 -0.0790
vn -0.2569 0.9655 -0.0424
vn -0.2708 0.9626 -0.0000
vn -0.1370 0.9906 -0.0000
vn -0.5000 -0.0001 -0.8660
vn -0.5535 0.0866 -0.8283
vn -0.6557 0.2829 -0.7000
vn -0.7173 0.4272 -0.5504
vn -0.7504 0.5254 -0.4010
vn -0.7151 0.6555 -0.2427
vn -0.6389 0.7621 -0.1054
vn -0.5010 0.8655 -0.0000
vn -0.6810 0.0865 -0.7271
vn -0.7610 0.2829 -0.5839
vn -0.7974 0.4272 -0.4262
vn -0.8057 0.5254 -0.2735
vn -0.7451 0.6555 -0.1230
vn -0.6636 0.7480 -0.0000
vn -0.7904 0.0865 -0.6065
vn -0.8660 -0.0002 -0.5000
vn -0.8786 0.0865 -0.4696
vn -0.9434 0.0865 -0.3202
vn -0.9083 0.2829 -0.3083
vn -0.9464 0.2828 -0.1562
vn -0.8921 0.4272 -0.1473
vn -0.9339 0.3575 -0.0000
vn -0.8811 0.4730 -0.0000
vn -0.9659 -0.0002 -0.2588
vn -0.9830 0.0865 -0.1623
vn -0.8395 0.5254 -0.1386
vn -0.7690 0.6392 -0.0000
vn -0.2576 0.9655 0.0382
vn -0.4797 0.8745 0.0711
vn -0.6405 0.7621 0.0950
vn -0.7470 0.6555 0.1108
vn -0.8417 0.5254 0.1248
vn -0.8944 0.4272 0.1326
vn -0.9488 0.2828 0.1407
vn -0.2466 0.9655 -0.0836
vn -0.2297 0.9655 -0.1226
vn -0.1076 0.9655 -0.2370
vn -0.0676 0.9655 -0.2513
vn 0.1372 0.9656 -0.2209
vn 0.2550 0.9656 -0.0508
vn 0.2112 0.9656 0.1515
vn 0.0874 0.9656 0.2450
vn -0.0998 0.9655 0.2404
vn -0.1340 0.9655 0.2232
vn -0.1653 0.9655 0.2011
vn -0.1930 0.9655 0.1748
vn -0.2166 0.9655 0.1446
vn -0.2354 0.9655 0.1112
vn -0.2492 0.9655 0.0755
vn -0.9179 0.2828 0.2784
vn -0.8652 0.4272 0.2624
vn -0.8174 0.4272 0.3865
vn -0.8142 0.5254 0.2470
vn -0.7692 0.5254 0.3637
vn -0.7075 0.5254 0.4727
vn -0.7227 0.6555 0.2192
vn -0.6827 0.6555 0.3228
vn -0.6279 0.6555 0.4195
vn -0.5596 0.6555 0.5071
vn -0.6196 0.7621 0.1879
vn -0.5853 0.7621 0.2768
vn -0.5384 0.7621 0.3596
vn -0.4798 0.7621 0.4347
vn -0.4108 0.7622 0.5003
vn -0.4641 0.8745 0.1407
vn -0.4384 0.8746 0.2072
vn -0.4033 0.8745 0.2693
vn -0.3594 0.8746 0.3255
vn -0.3077 0.8746 0.3747
vn -0.2494 0.8746 0.4157
vn -0.4931 0.2829 0.8227
vn -0.3461 0.4273 0.8352
vn -0.2068 0.5255 0.8253
vn -0.0742 0.6557 0.7514
vn 0.0316 0.7622 0.6465
vn 0.0944 0.8747 0.4754
vn 0.0470 0.2831 0.9579
vn 0.1763 0.4275 0.8867
vn 0.2865 0.5256 0.8010
vn 0.3558 0.6558 0.6659
vn 0.3854 0.7623 0.5199
vn 0.3426 0.8747 0.3427
vn 0.6781 0.2832 0.6782
vn 0.7348 0.4276 0.5266
vn 0.7629 0.5258 0.3763
vn 0.7224 0.6559 0.2192
vn 0.6416 0.7624 0.0845
vn 0.4842 0.8748 -0.0159
vn 0.9585 0.2833 -0.0314
vn 0.8866 0.4276 -0.1764
vn 0.7961 0.5258 -0.2997
vn 0.6537 0.6558 -0.3775
vn 0.5002 0.7624 -0.4106
vn 0.3194 0.8748 -0.3644
vn 0.6323 0.2832 -0.7211
vn 0.4773 0.4275 -0.7677
vn 0.3254 0.5257 -0.7860
vn 0.1713 0.6557 -0.7353
vn 0.0422 0.7622 -0.6459
vn -0.0477 0.8746 -0.4825
vn 0.5064 0.2832 -0.8145
vn 0.3459 0.4275 -0.8352
vn 0.1931 0.5256 -0.8285
vn 0.0492 0.6557 -0.7534
vn -0.0636 0.7622 -0.6442
vn -0.1257 0.8746 -0.4682
vn -0.0941 0.2831 -0.9545
vn -0.2341 0.4273 -0.8733
vn -0.3512 0.5255 -0.7749
vn -0.4196 0.6556 -0.6278
vn -0.4427 0.7621 -0.4724
vn -0.3847 0.8746 -0.2950
vn -0.2483 0.2830 -0.9264
vn -0.3732 0.4273 -0.8235
vn -0.4728 0.5255 -0.7074
vn -0.5163 0.6556 -0.5511
vn -0.5137 0.7621 -0.3941
vn -0.4277 0.8746 -0.2285
vn -0.8459 0.2829 -0.4521
vn -0.8562 0.4272 -0.2906
vn -0.9832 -0.0003 -0.1827
vn -0.9970 -0.0002 0.0780
vn -0.9428 -0.0002 0.3333
vn -0.8244 -0.0002 0.5660
vn -0.6498 -0.0002 0.7601
vn -0.4310 -0.0002 0.9024
vn -0.1827 -0.0001 0.9832
vn 0.0780 -0.0000 0.9970
vn 0.3333 0.0001 0.9428
vn 0.5660 0.0001 0.8244
vn 0.7601 0.0002 0.6498
vn 0.9024 0.0002 0.4310
vn 0.9832 0.0002 0.1827
vn 0.9970 0.0002 -0.0780
vn 0.9428 0.0002 -0.3333
vn 0.8244 0.0002 -0.5660
vn 0.6498 0.0001 -0.7601
vn 0.4310 0.0001 -0.9024
vn 0.1827 -0.0000 -0.9832
vn -0.0780 -0.0000 -0.9970
vn -0.3333 -0.0001 -0.9428
vn -0.5660 -0.0001 -0.8244
vn -0.7601 -0.0002 -0.6498
vn -0.9024 -0.0003 -0.4310
vn -0.2986 -0.9064 0.2988
vn -0.2986 -0.9064 0.2989
vn 0.4361 -0.4081 -0.8020
vn 0.5464 -0.4191 -0.7251
vn 0.6410 -0.4225 -0.6409
vn 0.6410 -0.4225 -0.6408
vn 0.7252 -0.4191 -0.5463
vn 0.2015 -0.3660 -0.9085
vn 0.3347 -0.3928 -0.8566
vn 0.4433 -0.4091 -0.7976
vn -0.0468 -0.2988 -0.9532
vn 0.1088 -0.3435 -0.9328
vn 0.2220 -0.3705 -0.9019
vn -0.2919 -0.2114 -0.9328
vn -0.2173 -0.2405 -0.9460
vn -0.0034 -0.3123 -0.9500
vn -0.4070 -0.1623 -0.8989
vn -0.5171 -0.1095 -0.8489
vn -0.5672 -0.0833 -0.8193
vn -0.7981 0.0655 -0.5989
vn -0.8489 0.1092 -0.5171
vn -0.9226 0.1922 -0.3346
vn -0.9329 0.2110 -0.2919
vn -0.9529 0.2998 -0.0446
vn -0.9533 0.2985 -0.0469
vn -0.9086 0.3658 0.2014
vn -0.8832 0.3810 0.2736
vn -0.8021 0.4080 0.4360
vn -0.8437 0.3965 0.3619
vn -0.7913 0.4102 0.4534
vn -0.7600 0.4153 0.4999
vn -0.7237 0.4197 0.5478
vn -0.6410 0.4225 0.6409
vn -0.6842 0.4224 0.5945
vn -0.6415 0.4229 0.6400
vn -0.5949 0.4216 0.6843
vn -0.5477 0.4194 0.7240
vn -0.4361 0.4081 0.8020
vn -0.5004 0.4157 0.7595
vn -0.4533 0.4106 0.7912
vn -0.3619 0.3974 0.8433
vn -0.2015 0.3659 0.9086
vn -0.2747 0.3809 0.8829
vn 0.0452 0.2991 0.9531
vn 0.0468 0.2988 0.9532
vn 0.2918 0.2114 0.9328
vn 0.3345 0.1935 0.9223
vn 0.5171 0.1095 0.8489
vn 0.5992 0.0659 0.7979
vn 0.8194 -0.0834 0.5672
vn 0.8489 -0.1092 0.5171
vn 0.8990 -0.1629 0.4066
vn 0.9328 -0.2111 0.2920
vn 0.9461 -0.2404 0.2171
vn 0.9532 -0.2986 0.0468
vn 0.9497 -0.3131 0.0026
vn 0.9323 -0.3448 -0.1093
vn 0.9086 -0.3658 -0.2014
vn 0.9016 -0.3715 -0.2217
vn 0.8571 -0.3928 -0.3332
vn 0.8021 -0.4080 -0.4360
vn 0.7981 -0.4088 -0.4426
vn -0.6057 -0.4834 0.6320
vn -0.6185 -0.4845 0.6186
vn -0.5689 -0.5965 0.5661
vn -0.5160 -0.6837 0.5161
vn -0.5285 -0.6991 0.4816
vn -0.3866 -0.8372 0.3868
vn -0.4787 -0.7870 0.3892
vn -0.2299 -0.9456 0.2302
vn -0.4194 -0.8607 0.2886
vn -0.3313 -0.9313 0.1513
vn -0.5040 -0.8252 0.2548
vn -0.4452 -0.8897 0.1014
vn -0.5900 -0.7693 0.2451
vn -0.5605 -0.8241 0.0822
vn -0.6681 -0.6980 0.2576
vn -0.6655 -0.7407 0.0920
vn -0.7323 -0.6175 0.2870
vn -0.7523 -0.6470 0.1241
vn -0.7788 -0.5352 0.3273
vn -0.8164 -0.5516 0.1712
vn -0.8097 -0.4538 0.3721
vn -0.8598 -0.4582 0.2254
vn -0.8261 -0.3795 0.4167
vn -0.8842 -0.3734 0.2807
vn -0.8327 -0.2917 0.4707
vn -0.8958 -0.2747 0.3493
vn -0.8279 -0.2166 0.5174
vn -0.8916 -0.1915 0.4103
vn -0.8098 -0.1233 0.5735
vn -0.8689 -0.0908 0.4866
vn -0.7864 -0.0490 0.6157
vn -0.8363 -0.0120 0.5482
vn -0.7601 0.0148 0.6496
vn -0.7965 0.0530 0.6023
vn -0.7367 0.0555 0.6739
vn -0.7586 0.0937 0.6447
vn -0.7258 0.0691 0.6844
vn -0.7395 0.1070 0.6646
vn -0.7135 0.0778 0.6963
vn -0.7183 0.1157 0.6861
vn -0.6999 0.0788 0.7099
vn -0.6931 0.1170 0.7113
vn -0.6868 0.0713 0.7233
vn -0.6689 0.1093 0.7353
vn -0.6748 0.0569 0.7358
vn -0.6466 0.0952 0.7568
vn -0.6632 0.0387 0.7475
vn -0.6256 0.0770 0.7764
vn -0.6462 0.0085 0.7631
vn -0.5966 0.0467 0.8012
vn -0.6273 -0.0265 0.7783
vn -0.5662 0.0110 0.8242
vn -0.6056 -0.0665 0.7930
vn -0.5331 -0.0303 0.8455
vn -0.5800 -0.1118 0.8069
vn -0.4959 -0.0783 0.8648
vn -0.5392 -0.1810 0.8225
vn -0.4395 -0.1525 0.8852
vn -0.4891 -0.2624 0.8318
vn -0.3730 -0.2421 0.8957
vn -0.4283 -0.3598 0.8289
vn -0.2953 -0.3512 0.8885
vn -0.3595 -0.4756 0.8028
vn -0.2104 -0.4828 0.8501
vn -0.3222 -0.5422 0.7760
vn -0.1655 -0.5597 0.8120
vn -0.2887 -0.6110 0.7371
vn -0.1263 -0.6395 0.7584
vn -0.2627 -0.6808 0.6837
vn -0.0972 -0.7207 0.6864
vn -0.2472 -0.7446 0.6201
vn -0.0826 -0.7952 0.6007
vn -0.0865 -0.8568 0.5084
vn 0.0428 -0.8854 0.4629
vn 0.0092 -0.9380 0.3464
vn 0.1270 -0.9520 0.2786
vn -0.0507 -0.9711 0.2333
vn 0.0576 -0.9869 0.1504
vn -0.0596 -0.9964 0.0598
vn 0.1633 -0.9844 0.0659
vn 0.2669 -0.9635 -0.0204
vn 0.3511 -0.9272 0.1305
vn 0.4859 -0.8736 0.0266
vn 0.4023 -0.8698 0.2858
vn 0.5424 -0.8180 0.1913
vn 0.4212 -0.7971 0.4326
vn 0.5656 -0.7478 0.3478
vn 0.5606 -0.6618 0.4978
vn 0.7349 -0.5661 0.3733
vn 0.7091 -0.4827 0.5140
vn 0.8476 -0.3737 0.3767
vn 0.8091 -0.3040 0.5030
vn 0.7548 -0.2356 0.6122
vn 0.6304 -0.1162 0.7675
vn 0.4887 -0.0106 0.8724
vn 0.4706 -0.1814 0.8635
vn 0.3290 -0.0642 0.9421
vn 0.2884 -0.2403 0.9269
vn 0.1551 -0.1163 0.9810
vn 0.1474 -0.2772 0.9494
vn 0.0244 -0.1517 0.9881
vn 0.0367 -0.3017 0.9527
vn -0.0768 -0.1774 0.9811
vn -0.0739 -0.3224 0.9437
vn -0.1768 -0.2011 0.9635
vn -0.1846 -0.3390 0.9225
vn -0.2755 -0.2227 0.9352
vn -0.2532 -0.9667 0.0381
vn -0.3881 -0.9213 -0.0236
vn -0.5247 -0.8499 -0.0498
vn -0.6494 -0.7593 -0.0423
vn -0.7533 -0.6576 -0.0085
vn -0.8312 -0.5543 0.0434
vn -0.8850 -0.4537 0.1043
vn -0.9167 -0.3626 0.1676
vn -0.9341 -0.2573 0.2475
vn -0.9322 -0.1692 0.3200
vn -0.9084 -0.0641 0.4131
vn -0.8709 0.0175 0.4911
vn -0.8226 0.0832 0.5625
vn -0.7746 0.1238 0.6202
vn -0.7493 0.1371 0.6478
vn -0.7211 0.1457 0.6774
vn -0.6870 0.1469 0.7117
vn -0.6536 0.1394 0.7439
vn -0.6229 0.1255 0.7722
vn -0.5940 0.1072 0.7973
vn -0.5549 0.0769 0.8283
vn -0.5146 0.0408 0.8565
vn -0.4718 -0.0014 0.8817
vn -0.4247 -0.0509 0.9039
vn -0.3554 -0.1281 0.9259
vn 0.1087 -0.9881 -0.1085
vn -0.1731 -0.9823 -0.0722
vn -0.3259 -0.9344 -0.1440
vn -0.4805 -0.8590 -0.1767
vn -0.6225 -0.7635 -0.1718
vn -0.7417 -0.6565 -0.1371
vn -0.8325 -0.5480 -0.0818
vn -0.8967 -0.4424 -0.0152
vn -0.9362 -0.3471 0.0550
vn -0.9606 -0.2372 0.1450
vn -0.9627 -0.1455 0.2281
vn -0.9406 -0.0371 0.3375
vn -0.9007 0.0467 0.4319
vn -0.8460 0.1130 0.5211
vn -0.7891 0.1537 0.5948
vn -0.7583 0.1671 0.6302
vn -0.7232 0.1756 0.6679
vn -0.6801 0.1767 0.7115
vn -0.6375 0.1693 0.7516
vn -0.5982 0.1555 0.7861
vn -0.5611 0.1371 0.8163
vn -0.5116 0.1068 0.8525
vn -0.4609 0.0702 0.8846
vn -0.4083 0.0275 0.9124
vn -0.3514 -0.0234 0.9359
vn -0.2693 -0.1030 0.9575
vn -0.0909 -0.9795 -0.1796
vn 0.2761 -0.9207 -0.2759
vn -0.0063 -0.9587 -0.2845
vn 0.1050 -0.9041 -0.4141
vn -0.1859 -0.9091 -0.3728
vn -0.0851 -0.8561 -0.5097
vn -0.3684 -0.8311 -0.4166
vn -0.2792 -0.7805 -0.5594
vn -0.5377 -0.7325 -0.4175
vn -0.4608 -0.6848 -0.5645
vn -0.6827 -0.6221 -0.3834
vn -0.6188 -0.5775 -0.5325
vn -0.7967 -0.5101 -0.3242
vn -0.7460 -0.4685 -0.4733
vn -0.8812 -0.4012 -0.2501
vn -0.8434 -0.3621 -0.3969
vn -0.9379 -0.3026 -0.1695
vn -0.9123 -0.2653 -0.3120
vn -0.9799 -0.1892 -0.0628
vn -0.9683 -0.1535 -0.1970
vn -0.9948 -0.0943 0.0394
vn -0.9947 -0.0592 -0.0842
vn -0.9836 0.0173 0.1797
vn -0.9959 0.0519 0.0747
vn -0.9459 0.1041 0.3072
vn -0.9646 0.1398 0.2237
vn -0.8846 0.1715 0.4336
vn -0.9035 0.2077 0.3748
vn -0.8139 0.2125 0.5407
vn -0.8268 0.2492 0.5043
vn -0.7732 0.2261 0.5925
vn -0.7806 0.2632 0.5669
vn -0.7252 0.2348 0.6472
vn -0.7251 0.2719 0.6327
vn -0.6646 0.2358 0.7090
vn -0.6534 0.2729 0.7061
vn -0.6031 0.2284 0.7642
vn -0.5797 0.2655 0.7704
vn -0.5459 0.2145 0.8099
vn -0.5105 0.2515 0.8223
vn -0.4916 0.1958 0.8485
vn -0.4448 0.2323 0.8650
vn -0.4197 0.1654 0.8925
vn -0.3581 0.2016 0.9117
vn -0.3481 0.1278 0.9287
vn -0.2723 0.1636 0.9482
vn -0.2751 0.0842 0.9577
vn -0.1859 0.1196 0.9753
vn -0.1983 0.0317 0.9796
vn -0.0963 0.0667 0.9931
vn -0.0915 -0.0501 0.9945
vn 0.0256 -0.0151 0.9996
vn 0.4270 -0.7972 -0.4268
vn 0.2510 -0.7832 -0.5689
vn 0.0564 -0.7403 -0.6699
vn -0.1440 -0.6726 -0.7259
vn -0.3341 -0.5869 -0.7376
vn -0.5037 -0.4902 -0.7113
vn -0.6451 -0.3915 -0.6561
vn -0.7586 -0.2941 -0.5814
vn -0.8445 -0.2044 -0.4951
vn -0.9220 -0.0997 -0.3741
vn -0.9680 -0.0095 -0.2509
vn -0.9926 0.0985 -0.0704
vn -0.9767 0.1869 0.1060
vn -0.9220 0.2557 0.2909
vn -0.8407 0.2986 0.4519
vn -0.7882 0.3132 0.5298
vn -0.7230 0.3223 0.6110
vn -0.6365 0.3232 0.7003
vn -0.5457 0.3156 0.7763
vn -0.4597 0.3011 0.8355
vn -0.3778 0.2810 0.8822
vn -0.2704 0.2496 0.9298
vn -0.1651 0.2107 0.9635
vn -0.0608 0.1663 0.9842
vn 0.0451 0.1134 0.9925
vn 0.1852 0.0334 0.9821
vn 0.5485 -0.6312 -0.5483
vn 0.3778 -0.6211 -0.6867
vn 0.1898 -0.5859 -0.7878
vn -0.0054 -0.5304 -0.8477
vn -0.1939 -0.4599 -0.8665
vn -0.3666 -0.3799 -0.8493
vn -0.5165 -0.2971 -0.8031
vn -0.6424 -0.2144 -0.7358
vn -0.7440 -0.1362 -0.6541
vn -0.8441 -0.0431 -0.5345
vn -0.9124 0.0400 -0.4073
vn -0.9668 0.1425 -0.2122
vn -0.9730 0.2307 -0.0124
vn -0.9314 0.3011 0.2047
vn -0.8500 0.3462 0.3972
vn -0.7926 0.3619 0.4907
vn -0.7187 0.3717 0.5876
vn -0.6177 0.3726 0.6925
vn -0.5097 0.3644 0.7794
vn -0.4065 0.3490 0.8444
vn -0.3084 0.3276 0.8931
vn -0.1801 0.2948 0.9384
vn -0.0563 0.2545 0.9654
vn 0.0642 0.2099 0.9756
vn 0.1839 0.1573 0.9703
vn 0.3373 0.0805 0.9379
vn 0.8658 -0.4428 0.2333
vn 0.8584 -0.5075 0.0754
vn 0.8252 -0.5586 -0.0830
vn 0.7620 -0.5986 -0.2471
vn 0.6672 -0.6245 -0.4060
vn 0.5492 -0.7873 -0.2801
vn 0.6445 -0.7558 -0.1159
vn 0.7057 -0.7065 0.0533
vn 0.3952 -0.9089 -0.1334
vn -0.1617 -0.9354 0.3144
vn -0.2958 -0.8642 0.4070
vn -0.3938 -0.7899 0.4701
vn -0.2620 -0.8385 0.4777
vn -0.3727 -0.7685 0.5201
vn -0.3651 -0.7340 0.5727
vn -0.4765 -0.6577 0.5834
vn -0.4861 -0.6229 0.6129
vn -0.5943 -0.5438 0.5925
vn -0.5028 -0.5810 0.6401
vn -0.6116 -0.5147 0.6009
vn -0.5239 -0.5339 0.6637
vn -0.6300 -0.4811 0.6096
vn -0.5479 -0.4876 0.6798
vn -0.6493 -0.4480 0.6146
vn -0.5731 -0.4418 0.6902
vn -0.6686 -0.4146 0.6173
vn -0.6173 -0.3581 0.7005
vn -0.7007 -0.3501 0.6216
vn -0.6530 -0.2849 0.7017
vn -0.7248 -0.2916 0.6242
vn -0.6798 -0.2205 0.6994
vn -0.7413 -0.2374 0.6277
vn -0.6991 -0.1623 0.6963
vn -0.7515 -0.1858 0.6331
vn -0.7089 -0.1225 0.6945
vn -0.7546 -0.1496 0.6390
vn -0.7152 -0.0858 0.6936
vn -0.7543 -0.1149 0.6464
vn -0.7181 -0.0527 0.6940
vn -0.7504 -0.0830 0.6558
vn -0.7182 -0.0227 0.6955
vn -0.7432 -0.0534 0.6670
vn -0.7162 -0.0047 0.6979
vn -0.7351 -0.0358 0.6771
vn -0.7131 0.0100 0.7010
vn -0.7249 -0.0207 0.6886
vn -0.7088 0.0183 0.7052
vn -0.7121 -0.0122 0.7020
vn -0.7041 0.0167 0.7099
vn -0.6982 -0.0139 0.7158
vn -0.7005 0.0077 0.7136
vn -0.6865 -0.0231 0.7268
vn -0.6974 -0.0058 0.7166
vn -0.6759 -0.0365 0.7361
vn -0.6941 -0.0463 0.7184
vn -0.6577 -0.0768 0.7494
vn -0.6938 -0.1068 0.7122
vn -0.6418 -0.1349 0.7549
vn -0.6967 -0.1717 0.6966
vn -0.6317 -0.1941 0.7505
vn -0.7007 -0.2490 0.6686
vn -0.6259 -0.2617 0.7347
vn -0.7019 -0.3073 0.6426
vn -0.6234 -0.3097 0.7180
vn -0.6993 -0.3727 0.6100
vn -0.6208 -0.3617 0.6956
vn -0.6930 -0.4257 0.5819
vn -0.6184 -0.4020 0.6753
vn -0.6801 -0.4826 0.5519
vn -0.6136 -0.4443 0.6527
vn -0.6608 -0.5386 0.5227
vn -0.6076 -0.4847 0.6292
vn -0.6332 -0.5924 0.4981
vn -0.5986 -0.5227 0.6071
vn -0.5998 -0.6394 0.4811
vn -0.5881 -0.5554 0.5879
vn -0.5633 -0.6759 0.4751
vn -0.5776 -0.5806 0.5739
vn -0.4836 -0.7013 0.5238
vn -0.4756 -0.6847 0.5523
vn -0.5708 -0.5868 0.5744
vn -0.5805 -0.5681 0.5833
vn -0.6595 -0.4756 0.5822
vn -0.6729 -0.4684 0.5725
vn -0.5653 -0.5981 0.5682
vn -0.6319 -0.4834 0.6058
vn -0.6459 -0.4802 0.5935
vn -0.7012 -0.4468 0.5556
vn -0.7260 -0.4199 0.5446
vn -0.7474 -0.3906 0.5374
vn -0.7666 -0.3567 0.5340
vn -0.7810 -0.3199 0.5363
vn -0.7907 -0.2842 0.5422
vn -0.7978 -0.2111 0.5647
vn -0.7888 -0.1407 0.5984
vn -0.7777 -0.1078 0.6193
vn -0.7618 -0.0774 0.6432
vn -0.7509 -0.0639 0.6574
vn -0.7381 -0.0522 0.6726
vn -0.7233 -0.0439 0.6892
vn -0.7152 -0.0420 0.6977
vn -0.7063 -0.0410 0.7067
vn -0.6978 -0.0414 0.7151
vn -0.6893 -0.0440 0.7231
vn -0.6725 -0.0526 0.7382
vn -0.6570 -0.0639 0.7512
vn -0.6434 -0.0770 0.7616
vn -0.6192 -0.1075 0.7779
vn -0.5980 -0.1413 0.7889
vn -0.5635 -0.2109 0.7987
vn -0.5424 -0.2839 0.7907
vn -0.5363 -0.3201 0.7809
vn -0.5341 -0.3557 0.7670
vn -0.5361 -0.3894 0.7490
vn -0.5433 -0.4205 0.7266
vn -0.5551 -0.4468 0.7016
vn -0.5721 -0.4673 0.6741
vn -0.5824 -0.4747 0.6599
vn -0.5935 -0.4801 0.6459
vn -0.2585 -0.9302 -0.2604
vn -0.4285 -0.8527 -0.2988
vn -0.5853 -0.7546 -0.2968
vn -0.7182 -0.6446 -0.2620
vn -0.8210 -0.5332 -0.2041
vn -0.8954 -0.4249 -0.1332
vn -0.9433 -0.3270 -0.0573
vn -0.9758 -0.2145 0.0416
vn -0.9835 -0.1205 0.1346
vn -0.9657 -0.0101 0.2597
vn -0.9257 0.0756 0.3706
vn -0.8667 0.1424 0.4782
vn -0.8022 0.1832 0.5682
vn -0.7662 0.1967 0.6117
vn -0.7246 0.2053 0.6579
vn -0.6727 0.2063 0.7106
vn -0.6208 0.1990 0.7583
vn -0.5726 0.1852 0.7987
vn -0.5270 0.1666 0.8334
vn -0.4664 0.1363 0.8740
vn -0.4056 0.0992 0.9086
vn -0.3428 0.0558 0.9377
vn -0.2759 0.0041 0.9612
vn -0.1814 -0.0769 0.9804
vn -0.5389 -0.7574 0.3688
vn -0.6004 -0.7105 0.3669
vn -0.6564 -0.6507 0.3817
vn -0.7023 -0.5828 0.4088
vn -0.7351 -0.5128 0.4435
vn -0.7567 -0.4429 0.4808
vn -0.7676 -0.3786 0.5171
vn -0.7716 -0.3013 0.5602
vn -0.7680 -0.2340 0.5961
vn -0.7560 -0.1481 0.6376
vn -0.7420 -0.0781 0.6658
vn -0.7282 -0.0158 0.6851
vn -0.7177 0.0249 0.6959
vn -0.7135 0.0382 0.6996
vn -0.7093 0.0472 0.7034
vn -0.7047 0.0487 0.7078
vn -0.7004 0.0406 0.7126
vn -0.6961 0.0261 0.7175
vn -0.6915 0.0080 0.7223
vn -0.6833 -0.0222 0.7298
vn -0.6729 -0.0563 0.7376
vn -0.6593 -0.0948 0.7459
vn -0.6420 -0.1375 0.7543
vn -0.6124 -0.2017 0.7644
vn -0.5744 -0.2752 0.7709
vn -0.5265 -0.3613 0.7696
vn -0.4702 -0.4621 0.7520
vn -0.4389 -0.5189 0.7336
vn -0.4102 -0.5771 0.7062
vn -0.3865 -0.6362 0.6677
vn -0.3704 -0.6898 0.6221
vn -0.2460 -0.7973 0.5512
vn -0.1127 -0.9051 0.4099
vn -0.0876 -0.4800 0.8729
vn -0.0372 -0.5630 0.8256
vn 0.0061 -0.6495 0.7603
vn 0.0371 -0.7375 0.6743
vn 0.0507 -0.8185 0.5723
vn 0.1672 -0.8964 0.4105
vn 0.2408 -0.9483 0.2067
vn 0.0334 -0.4699 0.8821
vn 0.0882 -0.5571 0.8258
vn 0.1346 -0.6481 0.7496
vn 0.1667 -0.7406 0.6510
vn 0.1789 -0.8259 0.5346
vn 0.2869 -0.8911 0.3516
vn 0.1526 -0.4529 0.8784
vn 0.2109 -0.5425 0.8131
vn 0.2594 -0.6359 0.7269
vn 0.2919 -0.7309 0.6169
vn 0.3023 -0.8188 0.4881
vn 0.2703 -0.4293 0.8617
vn 0.3311 -0.5194 0.7878
vn 0.3808 -0.6133 0.6920
vn 0.4130 -0.7088 0.5719
vn 0.4179 -0.3895 0.8208
vn 0.4803 -0.4775 0.7357
vn 0.5300 -0.5690 0.6287
vn 0.6022 -0.3192 0.7318
vn 0.6629 -0.3997 0.6331
vn 0.7343 -0.6438 0.2153
vn 0.6410 -0.4224 -0.6408
vn 0.2015 -0.3659 -0.9086
vn -0.2919 -0.2113 -0.9328
vn -0.8489 0.1093 -0.5172
vn -0.9328 0.2111 -0.2920
vn -0.9329 0.2111 -0.2919
vn -0.9532 0.2986 -0.0468
vn -0.9086 0.3658 0.2015
vn -0.8021 0.4081 0.4360
vn -0.6409 0.4225 0.6408
vn -0.4361 0.4083 0.8020
vn -0.2015 0.3660 0.9085
vn 0.2919 0.2114 0.9328
vn 0.8489 -0.1091 0.5171
vn 0.9329 -0.2111 0.2919
vn 0.9532 -0.2986 0.0469
vn 0.9532 -0.2987 0.0469
vn 0.9087 -0.3657 -0.2015
vn 0.7766 -0.4128 -0.4760
vn -0.7565 0.4157 0.5049
vn -0.5050 0.4158 0.7564
vn -0.3517 0.3956 0.8484
vn -0.1850 0.3622 0.9136
vn -0.0104 0.3162 0.9486
vn 0.1667 0.2588 0.9514
vn 0.3407 0.1912 0.9205
vn 0.5052 0.1155 0.8553
vn 0.6528 0.0345 0.7568
vn 0.7767 -0.0489 0.6280
vn 0.8713 -0.1312 0.4729
vn 0.9319 -0.2095 0.2960
vn 0.9543 -0.2801 0.1041
vn 0.9359 -0.3395 -0.0944
vn 0.8761 -0.3845 -0.2907
vn 0.4761 -0.4129 -0.7764
vn 0.2908 -0.3847 -0.8761
vn 0.0943 -0.3396 -0.9358
vn -0.1041 -0.2803 -0.9542
vn -0.2959 -0.2097 -0.9319
vn -0.4729 -0.1315 -0.8713
vn -0.6282 -0.0491 -0.7765
vn -0.7570 0.0343 -0.6525
vn -0.8554 0.1153 -0.5050
vn -0.9205 0.1909 -0.3408
vn -0.9515 0.2585 -0.1667
vn -0.9486 0.3162 0.0110
vn -0.9134 0.3622 0.1856
vn -0.8484 0.3955 0.3518
vn -0.3801 0.8433 0.3799
vn -0.3802 0.8433 0.3799
vn -0.4556 0.8411 0.2916
vn -0.4478 0.8410 0.3038
vn -0.5038 0.8357 0.2185
vn -0.5065 0.8341 0.2183
vn -0.5547 0.8229 0.1231
vn -0.5810 0.8135 0.0265
vn -0.5894 0.8077 0.0169
vn -0.6076 0.7884 -0.0963
vn -0.6004 0.7777 -0.1864
vn -0.6061 0.7657 -0.2151
vn -0.5805 0.7402 -0.3392
vn -0.5474 0.7308 -0.4078
vn -0.5317 0.7123 -0.4581
vn -0.4164 0.6766 -0.6073
vn -0.4584 0.6826 -0.5692
vn -0.3552 0.6524 -0.6695
vn -0.3157 0.6486 -0.6925
vn -0.2230 0.6233 -0.7495
vn -0.1936 0.6218 -0.7589
vn -0.0737 0.5959 -0.7996
vn -0.0577 0.5966 -0.8005
vn 0.0920 0.5741 -0.8136
vn -0.0396 0.5963 -0.8018
vn 0.1204 0.5721 -0.8113
vn 0.2541 0.5561 -0.7913
vn 0.2929 0.5534 -0.7797
vn 0.4145 0.5442 -0.7294
vn 0.4568 0.5421 -0.7053
vn 0.5525 0.5387 -0.6360
vn 0.5954 0.5383 -0.5964
vn 0.6659 0.5396 -0.5151
vn 0.7050 0.5420 -0.4573
vn 0.7517 0.5469 -0.3684
vn 0.7804 0.5535 -0.2909
vn 0.8024 0.5609 -0.2039
vn 0.8111 0.5724 -0.1203
vn 0.8128 0.5807 -0.0464
vn 0.8016 0.5966 0.0390
vn 0.7907 0.6041 0.0988
vn 0.7595 0.6239 0.1841
vn 0.7416 0.6298 0.2310
vn 0.6888 0.6533 0.3141
vn 0.6680 0.6571 0.3492
vn 0.5976 0.6838 0.4188
vn 0.4801 0.7128 0.5113
vn 0.4947 0.7137 0.4958
vn 0.3841 0.7419 0.5496
vn 0.2669 0.7626 0.5892
vn 0.2667 0.7672 0.5833
vn 0.1433 0.7894 0.5970
vn 0.0439 0.8016 0.5963
vn 0.0257 0.8075 0.5893
vn -0.0848 0.8225 0.5624
vn -0.1529 0.8288 0.5382
vn -0.1901 0.8341 0.5179
vn -0.2737 0.8398 0.4688
vn -0.2914 0.8411 0.4556
vn -0.3039 0.8410 0.4476
vn 0.0932 0.5719 -0.8150
vn 0.2760 0.5533 -0.7859
vn 0.4498 0.5421 -0.7098
vn 0.5953 0.5383 -0.5965
vn 0.7095 0.5420 -0.4504
vn 0.7867 0.5534 -0.2735
vn 0.8148 0.5721 -0.0932
vn 0.7995 0.5962 0.0728
vn 0.7495 0.6235 0.2225
vn 0.6690 0.6526 0.3558
vn 0.5679 0.6827 0.4597
vn 0.4570 0.7127 0.5321
vn 0.3404 0.7409 0.5790
vn 0.2183 0.7662 0.6044
vn 0.0947 0.7882 0.6080
vn -0.0186 0.8065 0.5909
vn -0.1221 0.8219 0.5564
vn -0.2165 0.8338 0.5079
vn -0.1845 0.6237 -0.7596
vn -0.3136 0.6531 -0.6893
vn -0.4176 0.6835 -0.5987
vn -0.4953 0.7133 -0.4959
vn -0.5507 0.7413 -0.3838
vn -0.5847 0.7669 -0.2646
vn -0.5961 0.7895 -0.1464
vn -0.5877 0.8085 -0.0295
vn -0.5608 0.8236 0.0852
vn -0.5166 0.8344 0.1920
vn 0.2991 -0.9062 0.2988
vn 0.2990 -0.9062 0.2988
vn 0.2991 -0.9062 0.2989
vn 0.2990 -0.9062 0.2989
vn -0.8019 -0.4084 -0.4360
vn -0.7250 -0.4194 -0.5463
vn -0.6408 -0.4228 -0.6409
vn -0.6407 -0.4228 -0.6409
vn -0.5462 -0.4194 -0.7251
vn -0.9085 -0.3662 -0.2014
vn -0.8565 -0.3930 -0.3347
vn -0.7975 -0.4093 -0.4432
vn -0.9531 -0.2991 0.0469
vn -0.9327 -0.3438 -0.1087
vn -0.9018 -0.3708 -0.2219
vn -0.9327 -0.2116 0.2920
vn -0.9459 -0.2407 0.2173
vn -0.9499 -0.3125 0.0035
vn -0.8989 -0.1624 0.4070
vn -0.8488 -0.1096 0.5172
vn -0.8193 -0.0833 0.5672
vn -0.5989 0.0656 0.7981
vn -0.5172 0.1093 0.8489
vn -0.3346 0.1924 0.9225
vn -0.2919 0.2112 0.9328
vn -0.0447 0.3000 0.9529
vn -0.0469 0.2987 0.9532
vn 0.2014 0.3661 0.9085
vn 0.2735 0.3813 0.8831
vn 0.4359 0.4083 0.8020
vn 0.3618 0.3968 0.8436
vn 0.4533 0.4105 0.7912
vn 0.4998 0.4156 0.7599
vn 0.5477 0.4200 0.7236
vn 0.6408 0.4228 0.6409
vn 0.5944 0.4227 0.6841
vn 0.6399 0.4232 0.6414
vn 0.6842 0.4220 0.5948
vn 0.7239 0.4197 0.5476
vn 0.8019 0.4084 0.4360
vn 0.7594 0.4160 0.5003
vn 0.7911 0.4109 0.4532
vn 0.8432 0.3977 0.3618
vn 0.9084 0.3663 0.2015
vn 0.8828 0.3812 0.2746
vn 0.9531 0.2994 -0.0452
vn 0.9531 0.2990 -0.0469
vn 0.9328 0.2115 -0.2919
vn 0.9223 0.1937 -0.3346
vn 0.8489 0.1096 -0.5171
vn 0.7978 0.0659 -0.5993
vn 0.5672 -0.0835 -0.8193
vn 0.5172 -0.1093 -0.8489
vn 0.4066 -0.1631 -0.8989
vn 0.2920 -0.2113 -0.9328
vn 0.2171 -0.2406 -0.9460
vn 0.0469 -0.2988 -0.9532
vn 0.0027 -0.3133 -0.9496
vn -0.1093 -0.3451 -0.9322
vn -0.2013 -0.3661 -0.9085
vn -0.2216 -0.3717 -0.9015
vn -0.3331 -0.3931 -0.8570
vn -0.4359 -0.4083 -0.8020
vn -0.4424 -0.4091 -0.7980
vn 0.6322 -0.4831 0.6058
vn 0.6187 -0.4842 0.6186
vn 0.5663 -0.5962 0.5691
vn 0.5163 -0.6834 0.5161
vn 0.4818 -0.6988 0.5287
vn 0.3870 -0.8371 0.3867
vn 0.3893 -0.7868 0.4789
vn 0.2304 -0.9455 0.2301
vn 0.2888 -0.8606 0.4196
vn 0.1515 -0.9312 0.3315
vn 0.2550 -0.8251 0.5042
vn 0.1016 -0.8896 0.4454
vn 0.2453 -0.7691 0.5902
vn 0.0824 -0.8239 0.5607
vn 0.2578 -0.6978 0.6683
vn 0.0922 -0.7405 0.6657
vn 0.2871 -0.6173 0.7325
vn 0.1243 -0.6468 0.7525
vn 0.3274 -0.5349 0.7789
vn 0.1714 -0.5513 0.8165
vn 0.3722 -0.4535 0.8098
vn 0.2255 -0.4579 0.8599
vn 0.4167 -0.3792 0.8262
vn 0.2807 -0.3731 0.8843
vn 0.4708 -0.2914 0.8327
vn 0.3493 -0.2744 0.8959
vn 0.5175 -0.2163 0.8279
vn 0.4103 -0.1912 0.8917
vn 0.5736 -0.1230 0.8099
vn 0.4867 -0.0905 0.8689
vn 0.6158 -0.0486 0.7864
vn 0.5482 -0.0117 0.8363
vn 0.6496 0.0151 0.7601
vn 0.6023 0.0534 0.7965
vn 0.6739 0.0559 0.7367
vn 0.6447 0.0940 0.7586
vn 0.6845 0.0693 0.7257
vn 0.6646 0.1074 0.7394
vn 0.6962 0.0781 0.7136
vn 0.6861 0.1160 0.7182
vn 0.7099 0.0792 0.6999
vn 0.7112 0.1173 0.6931
vn 0.7236 0.0716 0.6865
vn 0.7353 0.1096 0.6688
vn 0.7358 0.0573 0.6748
vn 0.7568 0.0955 0.6466
vn 0.7475 0.0390 0.6631
vn 0.7763 0.0773 0.6255
vn 0.7631 0.0088 0.6462
vn 0.8012 0.0471 0.5966
vn 0.7783 -0.0262 0.6273
vn 0.8242 0.0113 0.5662
vn 0.7930 -0.0661 0.6057
vn 0.8455 -0.0300 0.5331
vn 0.8070 -0.1115 0.5800
vn 0.8649 -0.0779 0.4959
vn 0.8226 -0.1806 0.5392
vn 0.8852 -0.1522 0.4395
vn 0.8319 -0.2621 0.4892
vn 0.8958 -0.2418 0.3730
vn 0.8290 -0.3595 0.4284
vn 0.8886 -0.3509 0.2954
vn 0.8030 -0.4753 0.3596
vn 0.8502 -0.4825 0.2105
vn 0.7761 -0.5420 0.3223
vn 0.8122 -0.5594 0.1656
vn 0.7373 -0.6107 0.2889
vn 0.7585 -0.6393 0.1264
vn 0.6839 -0.6806 0.2628
vn 0.6866 -0.7205 0.0974
vn 0.6203 -0.7444 0.2474
vn 0.6009 -0.7950 0.0828
vn 0.5086 -0.8566 0.0867
vn 0.4631 -0.8853 -0.0426
vn 0.3466 -0.9380 -0.0089
vn 0.2788 -0.9519 -0.1267
vn 0.2335 -0.9710 0.0509
vn 0.1506 -0.9869 -0.0573
vn 0.0601 -0.9964 0.0599
vn 0.0662 -0.9844 -0.1631
vn -0.0202 -0.9636 -0.2667
vn 0.1307 -0.9272 -0.3509
vn 0.0268 -0.8737 -0.4857
vn 0.2860 -0.8698 -0.4021
vn 0.1915 -0.8181 -0.5422
vn 0.4328 -0.7971 -0.4210
vn 0.3480 -0.7478 -0.5654
vn 0.4980 -0.6618 -0.5604
vn 0.3735 -0.5662 -0.7348
vn 0.5141 -0.4827 -0.7090
vn 0.3768 -0.3738 -0.8475
vn 0.5031 -0.3040 -0.8090
vn 0.6123 -0.2356 -0.7547
vn 0.7675 -0.1161 -0.6304
vn 0.8724 -0.0105 -0.4887
vn 0.8635 -0.1813 -0.4706
vn 0.9422 -0.0641 -0.3290
vn 0.9269 -0.2402 -0.2883
vn 0.9811 -0.1161 -0.1551
vn 0.9495 -0.2770 -0.1473
vn 0.9882 -0.1515 -0.0244
vn 0.9528 -0.3015 -0.0366
vn 0.9812 -0.1772 0.0769
vn 0.9438 -0.3221 0.0740
vn 0.9635 -0.2008 0.1768
vn 0.9226 -0.3387 0.1846
vn 0.9352 -0.2224 0.2755
vn 0.0383 -0.9666 0.2535
vn -0.0234 -0.9212 0.3884
vn -0.0495 -0.8497 0.5249
vn -0.0421 -0.7591 0.6496
vn -0.0084 -0.6574 0.7535
vn 0.0435 -0.5541 0.8313
vn 0.1045 -0.4535 0.8851
vn 0.1677 -0.3624 0.9168
vn 0.2476 -0.2571 0.9341
vn 0.3201 -0.1689 0.9322
vn 0.4132 -0.0637 0.9084
vn 0.4911 0.0179 0.8709
vn 0.5625 0.0836 0.8226
vn 0.6202 0.1242 0.7745
vn 0.6478 0.1375 0.7493
vn 0.6773 0.1461 0.7210
vn 0.7117 0.1473 0.6869
vn 0.7439 0.1398 0.6535
vn 0.7721 0.1258 0.6229
vn 0.7973 0.1075 0.5939
vn 0.8283 0.0773 0.5549
vn 0.8564 0.0411 0.5146
vn 0.8817 -0.0010 0.4718
vn 0.9039 -0.0505 0.4247
vn 0.9259 -0.1278 0.3554
vn -0.1082 -0.9882 -0.1085
vn -0.0719 -0.9822 0.1733
vn -0.1439 -0.9343 0.3260
vn -0.1765 -0.8589 0.4807
vn -0.1717 -0.7634 0.6227
vn -0.1370 -0.6564 0.7419
vn -0.0816 -0.5478 0.8326
vn -0.0151 -0.4422 0.8968
vn 0.0551 -0.3468 0.9363
vn 0.1450 -0.2369 0.9606
vn 0.2282 -0.1452 0.9627
vn 0.3375 -0.0368 0.9406
vn 0.4319 0.0471 0.9007
vn 0.5211 0.1134 0.8460
vn 0.5947 0.1540 0.7891
vn 0.6301 0.1674 0.7582
vn 0.6679 0.1759 0.7231
vn 0.7114 0.1770 0.6801
vn 0.7516 0.1697 0.6375
vn 0.7860 0.1558 0.5982
vn 0.8163 0.1374 0.5611
vn 0.8526 0.1072 0.5115
vn 0.8846 0.0705 0.4611
vn 0.9124 0.0277 0.4084
vn 0.9359 -0.0231 0.3514
vn 0.9576 -0.1026 0.2694
vn -0.1793 -0.9796 0.0911
vn -0.2757 -0.9208 -0.2759
vn -0.2843 -0.9587 0.0066
vn -0.4139 -0.9043 -0.1048
vn -0.3726 -0.9091 0.1861
vn -0.5095 -0.8562 0.0853
vn -0.4163 -0.8311 0.3686
vn -0.5592 -0.7806 0.2794
vn -0.4173 -0.7325 0.5378
vn -0.5644 -0.6849 0.4609
vn -0.3832 -0.6220 0.6828
vn -0.5324 -0.5775 0.6189
vn -0.3240 -0.5100 0.7968
vn -0.4731 -0.4684 0.7462
vn -0.2500 -0.4010 0.8813
vn -0.3969 -0.3619 0.8435
vn -0.1694 -0.3024 0.9380
vn -0.3119 -0.2651 0.9124
vn -0.0627 -0.1889 0.9800
vn -0.1970 -0.1533 0.9684
vn 0.0394 -0.0941 0.9948
vn -0.0842 -0.0590 0.9947
vn 0.1796 0.0176 0.9836
vn 0.0747 0.0521 0.9958
vn 0.3072 0.1044 0.9459
vn 0.2237 0.1401 0.9645
vn 0.4336 0.1718 0.8846
vn 0.3747 0.2081 0.9035
vn 0.5407 0.2128 0.8139
vn 0.5042 0.2496 0.8267
vn 0.5924 0.2265 0.7731
vn 0.5668 0.2635 0.7806
vn 0.6471 0.2351 0.7252
vn 0.6326 0.2723 0.7250
vn 0.7090 0.2361 0.6646
vn 0.7060 0.2732 0.6534
vn 0.7642 0.2288 0.6031
vn 0.7703 0.2658 0.5797
vn 0.8099 0.2149 0.5458
vn 0.8222 0.2518 0.5104
vn 0.8485 0.1961 0.4915
vn 0.8649 0.2326 0.4448
vn 0.8924 0.1657 0.4197
vn 0.9116 0.2019 0.3580
vn 0.9287 0.1281 0.3481
vn 0.9482 0.1639 0.2722
vn 0.9577 0.0845 0.2750
vn 0.9752 0.1199 0.1858
vn 0.9796 0.0320 0.1983
vn 0.9931 0.0670 0.0963
vn 0.9946 -0.0499 0.0915
vn 0.9996 -0.0149 -0.0256
vn -0.4266 -0.7974 -0.4268
vn -0.5687 -0.7833 -0.2508
vn -0.6698 -0.7404 -0.0562
vn -0.7257 -0.6727 0.1442
vn -0.7374 -0.5870 0.3342
vn -0.7112 -0.4903 0.5038
vn -0.6560 -0.3914 0.6453
vn -0.5814 -0.2942 0.7586
vn -0.4950 -0.2044 0.8445
vn -0.3741 -0.0996 0.9220
vn -0.2509 -0.0093 0.9680
vn -0.0704 0.0990 0.9926
vn 0.1060 0.1872 0.9766
vn 0.2909 0.2560 0.9219
vn 0.4518 0.2989 0.8406
vn 0.5297 0.3135 0.7881
vn 0.6110 0.3226 0.7229
vn 0.7002 0.3235 0.6364
vn 0.7762 0.3159 0.5456
vn 0.8354 0.3014 0.4596
vn 0.8821 0.2814 0.3777
vn 0.9298 0.2499 0.2702
vn 0.9635 0.2109 0.1651
vn 0.9841 0.1666 0.0607
vn 0.9925 0.1137 -0.0452
vn 0.9821 0.0336 -0.1852
vn -0.5482 -0.6315 -0.5483
vn -0.6865 -0.6213 -0.3777
vn -0.7877 -0.5862 -0.1897
vn -0.8476 -0.5306 0.0055
vn -0.8664 -0.4601 0.1940
vn -0.8492 -0.3800 0.3667
vn -0.8030 -0.2972 0.5166
vn -0.7357 -0.2144 0.6425
vn -0.6541 -0.1362 0.7441
vn -0.5345 -0.0430 0.8441
vn -0.4073 0.0401 0.9124
vn -0.2122 0.1427 0.9668
vn -0.0124 0.2309 0.9729
vn 0.2046 0.3014 0.9313
vn 0.3971 0.3465 0.8499
vn 0.4906 0.3622 0.7925
vn 0.5875 0.3720 0.7186
vn 0.6924 0.3729 0.6176
vn 0.7793 0.3647 0.5096
vn 0.8443 0.3493 0.4064
vn 0.8930 0.3279 0.3083
vn 0.9384 0.2950 0.1801
vn 0.9654 0.2548 0.0562
vn 0.9756 0.2101 -0.0643
vn 0.9702 0.1575 -0.1840
vn 0.9379 0.0806 -0.3374
vn 0.2334 -0.4429 -0.8656
vn 0.0756 -0.5077 -0.8582
vn -0.0829 -0.5589 -0.8251
vn -0.2470 -0.5988 -0.7619
vn -0.4059 -0.6248 -0.6670
vn -0.2798 -0.7876 -0.5490
vn -0.1158 -0.7560 -0.6443
vn 0.0535 -0.7066 -0.7056
vn -0.1332 -0.9090 -0.3949
vn 0.3147 -0.9353 0.1619
vn 0.4072 -0.8640 0.2960
vn 0.4703 -0.7897 0.3940
vn 0.4779 -0.8383 0.2623
vn 0.5202 -0.7683 0.3729
vn 0.5729 -0.7338 0.3652
vn 0.5835 -0.6575 0.4767
vn 0.6130 -0.6227 0.4863
vn 0.5926 -0.5435 0.5945
vn 0.6402 -0.5807 0.5030
vn 0.6010 -0.5144 0.6117
vn 0.6639 -0.5336 0.5240
vn 0.6097 -0.4807 0.6302
vn 0.6799 -0.4873 0.5480
vn 0.6147 -0.4477 0.6494
vn 0.6903 -0.4415 0.5733
vn 0.6174 -0.4143 0.6687
vn 0.7006 -0.3578 0.6174
vn 0.6217 -0.3498 0.7008
vn 0.7018 -0.2846 0.6531
vn 0.6242 -0.2912 0.7249
vn 0.6995 -0.2202 0.6799
vn 0.6278 -0.2371 0.7414
vn 0.6964 -0.1619 0.6992
vn 0.6331 -0.1855 0.7515
vn 0.6946 -0.1222 0.7090
vn 0.6390 -0.1492 0.7546
vn 0.6937 -0.0855 0.7152
vn 0.6464 -0.1145 0.7543
vn 0.6940 -0.0524 0.7181
vn 0.6558 -0.0827 0.7504
vn 0.6955 -0.0223 0.7182
vn 0.6670 -0.0530 0.7432
vn 0.6979 -0.0044 0.7162
vn 0.6771 -0.0353 0.7350
vn 0.7010 0.0104 0.7131
vn 0.6886 -0.0203 0.7249
vn 0.7052 0.0186 0.7088
vn 0.7019 -0.0118 0.7122
vn 0.7099 0.0170 0.7041
vn 0.7157 -0.0136 0.6982
vn 0.7136 0.0080 0.7005
vn 0.7268 -0.0227 0.6865
vn 0.7166 -0.0054 0.6974
vn 0.7361 -0.0362 0.6759
vn 0.7184 -0.0460 0.6941
vn 0.7494 -0.0764 0.6577
vn 0.7122 -0.1064 0.6938
vn 0.7550 -0.1346 0.6418
vn 0.6966 -0.1714 0.6967
vn 0.7506 -0.1938 0.6318
vn 0.6686 -0.2487 0.7008
vn 0.7348 -0.2613 0.6259
vn 0.6426 -0.3069 0.7020
vn 0.7181 -0.3094 0.6234
vn 0.6101 -0.3723 0.6993
vn 0.6957 -0.3614 0.6209
vn 0.5820 -0.4254 0.6931
vn 0.6754 -0.4017 0.6185
vn 0.5520 -0.4823 0.6802
vn 0.6528 -0.4440 0.6137
vn 0.5229 -0.5383 0.6609
vn 0.6293 -0.4844 0.6077
vn 0.4983 -0.5921 0.6334
vn 0.6072 -0.5224 0.5987
vn 0.4813 -0.6391 0.5999
vn 0.5880 -0.5552 0.5882
vn 0.4753 -0.6757 0.5635
vn 0.5740 -0.5803 0.5777
vn 0.5239 -0.7011 0.4837
vn 0.5524 -0.6845 0.4758
vn 0.5745 -0.5865 0.5709
vn 0.5835 -0.5678 0.5807
vn 0.5823 -0.4753 0.6596
vn 0.5726 -0.4681 0.6730
vn 0.5683 -0.5978 0.5654
vn 0.6059 -0.4831 0.6320
vn 0.5935 -0.4800 0.6460
vn 0.5556 -0.4465 0.7014
vn 0.5447 -0.4197 0.7260
vn 0.5374 -0.3903 0.7476
vn 0.5341 -0.3563 0.7667
vn 0.5363 -0.3195 0.7812
vn 0.5422 -0.2839 0.7908
vn 0.5647 -0.2108 0.7979
vn 0.5984 -0.1403 0.7888
vn 0.6193 -0.1074 0.7778
vn 0.6432 -0.0771 0.7618
vn 0.6574 -0.0636 0.7509
vn 0.6726 -0.0518 0.7382
vn 0.6892 -0.0436 0.7233
vn 0.6977 -0.0416 0.7152
vn 0.7068 -0.0406 0.7063
vn 0.7151 -0.0411 0.6978
vn 0.7231 -0.0437 0.6894
vn 0.7382 -0.0522 0.6725
vn 0.7512 -0.0636 0.6570
vn 0.7616 -0.0766 0.6435
vn 0.7779 -0.1072 0.6192
vn 0.7890 -0.1410 0.5980
vn 0.7988 -0.2106 0.5635
vn 0.7907 -0.2836 0.5425
vn 0.7810 -0.3198 0.5364
vn 0.7671 -0.3554 0.5342
vn 0.7490 -0.3891 0.5362
vn 0.7267 -0.4202 0.5435
vn 0.7017 -0.4465 0.5553
vn 0.6742 -0.4670 0.5722
vn 0.6600 -0.4744 0.5825
vn 0.6460 -0.4799 0.5936
vn -0.2601 -0.9303 0.2587
vn -0.2985 -0.8527 0.4287
vn -0.2966 -0.7545 0.5855
vn -0.2618 -0.6444 0.7184
vn -0.2039 -0.5331 0.8211
vn -0.1331 -0.4247 0.8955
vn -0.0572 -0.3268 0.9434
vn 0.0416 -0.2142 0.9759
vn 0.1347 -0.1202 0.9836
vn 0.2596 -0.0097 0.9657
vn 0.3706 0.0759 0.9257
vn 0.4781 0.1428 0.8666
vn 0.5682 0.1836 0.8022
vn 0.6117 0.1971 0.7662
vn 0.6579 0.2056 0.7245
vn 0.7105 0.2066 0.6726
vn 0.7583 0.1993 0.6207
vn 0.7987 0.1855 0.5725
vn 0.8334 0.1669 0.5269
vn 0.8740 0.1367 0.4664
vn 0.9086 0.0995 0.4057
vn 0.9377 0.0559 0.3429
vn 0.9612 0.0045 0.2759
vn 0.9804 -0.0766 0.1814
vn 0.3690 -0.7572 0.5390
vn 0.3671 -0.7103 0.6006
vn 0.3819 -0.6504 0.6566
vn 0.4089 -0.5825 0.7025
vn 0.4436 -0.5125 0.7352
vn 0.4810 -0.4426 0.7568
vn 0.5172 -0.3783 0.7677
vn 0.5603 -0.3010 0.7717
vn 0.5962 -0.2337 0.7681
vn 0.6376 -0.1478 0.7561
vn 0.6658 -0.0778 0.7420
vn 0.6851 -0.0155 0.7283
vn 0.6959 0.0252 0.7177
vn 0.6996 0.0387 0.7135
vn 0.7034 0.0476 0.7092
vn 0.7078 0.0491 0.7047
vn 0.7125 0.0410 0.7004
vn 0.7174 0.0263 0.6961
vn 0.7223 0.0083 0.6915
vn 0.7298 -0.0219 0.6834
vn 0.7376 -0.0559 0.6729
vn 0.7459 -0.0945 0.6593
vn 0.7543 -0.1372 0.6420
vn 0.7644 -0.2014 0.6125
vn 0.7709 -0.2749 0.5745
vn 0.7696 -0.3610 0.5266
vn 0.7521 -0.4618 0.4703
vn 0.7337 -0.5186 0.4390
vn 0.7063 -0.5768 0.4103
vn 0.6678 -0.6360 0.3867
vn 0.6223 -0.6895 0.3706
vn 0.5514 -0.7971 0.2461
vn 0.4101 -0.9050 0.1129
vn 0.8730 -0.4797 0.0877
vn 0.8257 -0.5628 0.0373
vn 0.7605 -0.6493 -0.0060
vn 0.6745 -0.7373 -0.0369
vn 0.5725 -0.8184 -0.0505
vn 0.4107 -0.8963 -0.1671
vn 0.2070 -0.9483 -0.2405
vn 0.8822 -0.4697 -0.0333
vn 0.8259 -0.5569 -0.0881
vn 0.7498 -0.6479 -0.1345
vn 0.6512 -0.7405 -0.1665
vn 0.5348 -0.8259 -0.1787
vn 0.3518 -0.8911 -0.2867
vn 0.8785 -0.4528 -0.1525
vn 0.8133 -0.5424 -0.2107
vn 0.7270 -0.6358 -0.2592
vn 0.6171 -0.7309 -0.2916
vn 0.4883 -0.8187 -0.3021
vn 0.8618 -0.4292 -0.2702
vn 0.7879 -0.5193 -0.3310
vn 0.6922 -0.6132 -0.3806
vn 0.5721 -0.7087 -0.4128
vn 0.8209 -0.3894 -0.4178
vn 0.7358 -0.4775 -0.4802
vn 0.6289 -0.5690 -0.5298
vn 0.7319 -0.3192 -0.6021
vn 0.6332 -0.3997 -0.6628
vn 0.2155 -0.6439 -0.7342
vn -0.9085 -0.3662 -0.2015
vn -0.9531 -0.2990 0.0468
vn -0.9327 -0.2115 0.2919
vn -0.9329 -0.2110 0.2918
vn -0.8489 -0.1096 0.5171
vn -0.8489 -0.1095 0.5171
vn -0.2920 0.2112 0.9328
vn -0.2920 0.2113 0.9328
vn -0.0469 0.2988 0.9532
vn -0.0470 0.2990 0.9531
vn 0.2014 0.3660 0.9086
vn 0.2013 0.3661 0.9085
vn 0.4359 0.4084 0.8020
vn 0.9085 0.3662 0.2015
vn 0.9085 0.3662 0.2014
vn 0.9531 0.2991 -0.0468
vn 0.9530 0.2992 -0.0469
vn 0.9327 0.2115 -0.2919
vn 0.9327 0.2117 -0.2920
vn 0.8488 0.1096 -0.5172
vn 0.8488 0.1097 -0.5172
vn 0.5172 -0.1092 -0.8489
vn 0.2920 -0.2112 -0.9328
vn 0.0469 -0.2987 -0.9532
vn -0.2014 -0.3660 -0.9086
vn -0.4759 -0.4131 -0.7765
vn 0.5048 0.4160 0.7564
vn 0.6407 0.4228 0.6409
vn 0.7563 0.4161 0.5049
vn 0.8483 0.3959 0.3516
vn 0.9135 0.3624 0.1849
vn 0.9486 0.3164 0.0103
vn 0.9514 0.2590 -0.1668
vn 0.9205 0.1914 -0.3408
vn 0.8552 0.1156 -0.5052
vn 0.7567 0.0345 -0.6528
vn 0.6280 -0.0489 -0.7767
vn 0.4729 -0.1313 -0.8713
vn 0.2960 -0.2096 -0.9319
vn 0.1041 -0.2803 -0.9542
vn -0.0943 -0.3397 -0.9358
vn -0.2906 -0.3848 -0.8760
vn -0.7764 -0.4131 -0.4760
vn -0.8759 -0.3850 -0.2907
vn -0.9357 -0.3399 -0.0943
vn -0.9542 -0.2805 0.1041
vn -0.9319 -0.2099 0.2960
vn -0.8712 -0.1316 0.4729
vn -0.7765 -0.0491 0.6282
vn -0.6525 0.0343 0.7570
vn -0.5050 0.1154 0.8554
vn -0.3409 0.1910 0.9205
vn -0.1667 0.2587 0.9515
vn 0.0109 0.3164 0.9486
vn 0.1855 0.3624 0.9134
vn 0.3517 0.3958 0.8483
vn 0.3798 0.8435 0.3799
vn 0.3797 0.8435 0.3800
vn 0.2914 0.8413 0.4554
vn 0.3036 0.8411 0.4475
vn 0.2183 0.8359 0.5036
vn 0.2181 0.8343 0.5063
vn 0.1229 0.8231 0.5545
vn 0.0263 0.8137 0.5808
vn 0.0167 0.8078 0.5892
vn -0.0965 0.7885 0.6074
vn -0.1866 0.7777 0.6003
vn -0.2153 0.7658 0.6060
vn -0.3394 0.7403 0.5803
vn -0.4080 0.7308 0.5472
vn -0.4583 0.7123 0.5316
vn -0.6075 0.6765 0.4163
vn -0.5694 0.6825 0.4582
vn -0.6696 0.6523 0.3551
vn -0.6927 0.6485 0.3156
vn -0.7497 0.6231 0.2229
vn -0.7591 0.6216 0.1934
vn -0.7998 0.5958 0.0735
vn -0.8006 0.5964 0.0576
vn -0.8138 0.5739 -0.0922
vn -0.8019 0.5961 0.0395
vn -0.8114 0.5719 -0.1205
vn -0.7915 0.5558 -0.2542
vn -0.7799 0.5532 -0.2930
vn -0.7296 0.5439 -0.4147
vn -0.7054 0.5418 -0.4569
vn -0.6361 0.5384 -0.5526
vn -0.5966 0.5380 -0.5955
vn -0.5152 0.5393 -0.6661
vn -0.4574 0.5417 -0.7052
vn -0.3685 0.5467 -0.7518
vn -0.2910 0.5532 -0.7805
vn -0.2041 0.5607 -0.8024
vn -0.1205 0.5722 -0.8112
vn -0.0466 0.5805 -0.8129
vn 0.0388 0.5964 -0.8018
vn 0.0986 0.6039 -0.7909
vn 0.1839 0.6238 -0.7596
vn 0.2308 0.6297 -0.7417
vn 0.3139 0.6532 -0.6890
vn 0.3490 0.6570 -0.6682
vn 0.4186 0.6837 -0.5978
vn 0.5111 0.7128 -0.4803
vn 0.4956 0.7137 -0.4949
vn 0.5494 0.7419 -0.3843
vn 0.5890 0.7627 -0.2671
vn 0.5832 0.7673 -0.2669
vn 0.5968 0.7895 -0.1434
vn 0.5961 0.8017 -0.0441
vn 0.5891 0.8076 -0.0259
vn 0.5622 0.8227 0.0846
vn 0.5380 0.8290 0.1526
vn 0.5177 0.8342 0.1898
vn 0.4686 0.8400 0.2735
vn 0.4554 0.8413 0.2913
vn 0.4474 0.8412 0.3037
vn -0.8152 0.5717 -0.0934
vn -0.7860 0.5531 -0.2761
vn -0.7099 0.5418 -0.4500
vn -0.5967 0.5380 -0.5954
vn -0.4505 0.5418 -0.7096
vn -0.2736 0.5532 -0.7869
vn -0.0933 0.5719 -0.8150
vn 0.0727 0.5961 -0.7996
vn 0.2223 0.6234 -0.7497
vn 0.3556 0.6525 -0.6691
vn 0.4595 0.6827 -0.5681
vn 0.5320 0.7127 -0.4572
vn 0.5788 0.7409 -0.3406
vn 0.6042 0.7663 -0.2185
vn 0.6078 0.7884 -0.0949
vn 0.5907 0.8067 0.0184
vn 0.5562 0.8221 0.1219
vn 0.5076 0.8340 0.2163
vn -0.7597 0.6236 0.1844
vn -0.6894 0.6530 0.3135
vn -0.5989 0.6834 0.4174
vn -0.4960 0.7133 0.4951
vn -0.3840 0.7413 0.5505
vn -0.2648 0.7669 0.5845
vn -0.1465 0.7896 0.5959
vn -0.0297 0.8087 0.5875
vn 0.0850 0.8237 0.5606
vn 0.1918 0.8346 0.5164
vn 0.6314 -0.7682 0.1057
vn 0.7918 -0.6107 -0.0000
vn 0.6388 -0.7682 -0.0427
vn 0.7830 -0.6107 -0.1180
vn 0.7566 -0.6107 -0.2335
vn 0.8654 -0.4240 -0.2670
vn 0.7135 -0.6108 -0.3434
vn 0.8160 -0.4241 -0.3929
vn 0.6543 -0.6108 -0.4460
vn 0.7483 -0.4241 -0.5101
vn 0.8795 -0.2171 -0.4235
vn 0.9328 -0.2171 -0.2877
vn 0.9369 0.0002 -0.3496
vn 0.9653 -0.2171 -0.1455
vn 0.9955 0.0002 -0.0952
vn 0.9761 -0.2171 -0.0000
vn 0.9653 -0.2171 0.1455
vn 0.9056 -0.4241 -0.0000
vn 0.8955 -0.4240 0.1350
vn 0.7830 -0.6108 0.1180
vn 0.7567 -0.6107 0.2333
vn 0.5900 -0.7682 0.2485
vn 0.7134 -0.6108 0.3435
vn 0.5168 -0.7682 0.3778
vn 0.6543 -0.6108 0.4460
vn 0.5805 -0.6108 0.5385
vn 0.4938 -0.6108 0.6190
vn 0.3960 -0.6108 0.6856
vn 0.4529 -0.4242 0.7842
vn 0.3309 -0.4242 0.8429
vn 0.3567 -0.2172 0.9086
vn 0.2173 -0.2173 0.9516
vn 0.3496 0.0001 0.9369
vn 0.0952 -0.0000 0.9955
vn 0.0730 -0.2173 0.9734
vn -0.0729 -0.2174 0.9734
vn 0.0678 -0.4243 0.9030
vn -0.0676 -0.4243 0.9030
vn 0.0593 -0.6109 0.7895
vn -0.0590 -0.6109 0.7895
vn 0.0057 -0.7683 0.6400
vn -0.1421 -0.7684 0.6240
vn 0.4158 -0.7683 0.4868
vn 0.2923 -0.7683 0.5695
vn 0.2893 -0.6109 0.7370
vn 0.1531 -0.7683 0.6215
vn 0.1763 -0.6109 0.7718
vn -0.1759 -0.6110 0.7719
vn -0.2822 -0.7684 0.5744
vn -0.2891 -0.6110 0.7370
vn -0.3957 -0.6110 0.6856
vn -0.4527 -0.4244 0.7842
vn -0.4070 -0.7684 0.4938
vn -0.4935 -0.6110 0.6190
vn -0.5802 -0.6111 0.5385
vn -0.6540 -0.6111 0.4460
vn -0.7481 -0.4245 0.5101
vn -0.8158 -0.4245 0.3929
vn -0.8794 -0.2175 0.4235
vn -0.9327 -0.2176 0.2877
vn -0.9369 -0.0002 0.3496
vn -0.9651 -0.2176 0.1455
vn -0.9955 -0.0002 0.0952
vn -0.9760 -0.2176 -0.0000
vn -0.9651 -0.2176 -0.1455
vn -0.9054 -0.4245 -0.0000
vn -0.8953 -0.4245 -0.1350
vn -0.7915 -0.6111 -0.0000
vn -0.7827 -0.6111 -0.1181
vn -0.6391 -0.7685 -0.0318
vn -0.6145 -0.7685 -0.1783
vn -0.5099 -0.7685 0.3866
vn -0.5853 -0.7685 0.2585
vn -0.7131 -0.6111 0.3435
vn -0.7564 -0.6111 0.2334
vn -0.8652 -0.4245 0.2669
vn -0.8953 -0.4245 0.1350
vn -0.6291 -0.7685 0.1165
vn -0.7827 -0.6111 0.1180
vn -0.7564 -0.6111 -0.2334
vn -0.5568 -0.7685 -0.3153
vn -0.7132 -0.6111 -0.3435
vn -0.6540 -0.6111 -0.4460
vn -0.7481 -0.4245 -0.5101
vn -0.4691 -0.7685 -0.4352
vn -0.5803 -0.6111 -0.5384
vn -0.4935 -0.6110 -0.6190
vn -0.4432 -0.6110 -0.6559
vn -0.5102 -0.4244 -0.7481
vn -0.4527 -0.4244 -0.7842
vn -0.4880 -0.2174 -0.8453
vn -0.5802 -0.0002 -0.8145
vn -0.7712 -0.0002 -0.6365
vn -0.9097 -0.0002 -0.4152
vn -0.8064 -0.2175 -0.5499
vn -0.8794 -0.2175 -0.4235
vn -0.8158 -0.4245 -0.3929
vn -0.3561 -0.7684 -0.5317
vn -0.2239 -0.7684 -0.5995
vn -0.3957 -0.6110 -0.6856
vn -0.0795 -0.7684 -0.6350
vn -0.1761 -0.6110 -0.7718
vn -0.2891 -0.6110 -0.7369
vn -0.3307 -0.4244 -0.8429
vn -0.3566 -0.2174 -0.9086
vn -0.0590 -0.6109 -0.7895
vn 0.0691 -0.7683 -0.6363
vn 0.0593 -0.6109 -0.7895
vn 0.1763 -0.6110 -0.7717
vn 0.2016 -0.4243 -0.8828
vn 0.3309 -0.4242 -0.8429
vn 0.3567 -0.2172 -0.9086
vn 0.4881 -0.2172 -0.8453
vn 0.4152 0.0001 -0.9097
vn 0.6365 0.0001 -0.7712
vn 0.2139 -0.7683 -0.6033
vn 0.2894 -0.6109 -0.7370
vn 0.4529 -0.4241 -0.7842
vn 0.3473 -0.7683 -0.5377
vn 0.3960 -0.6108 -0.6856
vn 0.4938 -0.6108 -0.6190
vn 0.4619 -0.7682 -0.4432
vn 0.5805 -0.6108 -0.5385
vn 0.5517 -0.7682 -0.3247
vn 0.6117 -0.7682 -0.1888
vn 0.8145 0.0002 -0.5802
vn 0.8065 -0.2171 -0.5499
vn 0.8053 -0.2171 -0.5517
vn 0.1656 -0.0000 -0.9862
vn 0.2173 -0.2173 -0.9516
vn 0.0678 -0.4243 -0.9030
vn 0.0730 -0.2173 -0.9734
vn -0.0952 -0.0000 -0.9955
vn -0.0729 -0.2174 -0.9734
vn -0.2171 -0.2174 -0.9516
vn -0.2014 -0.4243 -0.8828
vn -0.3496 -0.0001 -0.9369
vn -0.9327 -0.2176 -0.2877
vn -0.9862 -0.0002 -0.1656
vn -0.8145 -0.0002 0.5802
vn -0.8065 -0.2175 0.5498
vn -0.8052 -0.2175 0.5517
vn -0.6365 -0.0002 0.7712
vn -0.4152 -0.0001 0.9097
vn -0.4880 -0.2174 0.8453
vn -0.3566 -0.2174 0.9086
vn -0.3307 -0.4244 0.8429
vn -0.2171 -0.2174 0.9516
vn -0.2013 -0.4244 0.8828
vn -0.1657 -0.0001 0.9862
vn 0.5802 0.0001 0.8145
vn 0.4881 -0.2172 0.8453
vn 0.7712 0.0002 0.6366
vn 0.9097 0.0002 0.4153
vn 0.9862 0.0002 0.1656
vn 0.9328 -0.2171 0.2877
vn 0.8795 -0.2171 0.4235
vn 0.8066 -0.2171 0.5498
vn 0.7483 -0.4241 0.5101
vn 0.8160 -0.4241 0.3929
vn 0.8654 -0.4240 0.2669
vn 0.5373 -0.2172 0.8149
vn 0.8955 -0.4240 -0.1350
vn 0.2016 -0.4243 0.8828
vn -0.8652 -0.4245 -0.2669
vn -0.0676 -0.4243 -0.9030
vn -0.0002 1.0000 0.0001
vn -0.0002 1.0000 -0.0001
vn -0.0003 1.0000 -0.0001
vn -0.0003 1.0000 -0.0002
vn 0.3499 -0.6145 -0.7071
vn 0.3596 -0.6088 -0.7071
vn 0.3446 -0.6175 -0.7071
vn 0.2565 -0.6590 -0.7071
vn 0.2127 -0.6743 -0.7071
vn 0.1306 -0.6949 -0.7071
vn 0.0720 -0.7034 -0.7071
vn 0.0002 -0.7071 -0.7071
vn -0.0717 -0.7035 -0.7071
vn -0.1302 -0.6950 -0.7071
vn -0.2124 -0.6744 -0.7071
vn -0.2561 -0.6591 -0.7071
vn -0.3443 -0.6176 -0.7071
vn -0.3733 -0.6006 -0.7071
vn -0.3593 -0.6090 -0.7071
vn -0.3693 -0.6030 -0.7071
vn -0.3633 -0.6066 -0.7071
vn 0.3550 -0.6115 -0.7071
vn 0.3636 -0.6065 -0.7071
vn 0.3696 -0.6028 -0.7071
vn 0.3735 -0.6004 -0.7071
vn -0.3547 -0.6117 -0.7071
vn -0.3496 -0.6146 -0.7071
vn -0.4870 -0.8734 0.0006
vn -0.4870 -0.8734 -0.0000
vn -0.5864 -0.8100 -0.0000
vn -0.7109 -0.7033 -0.0000
vn -0.7108 -0.7034 -0.0000
vn -0.8677 -0.4970 -0.0000
vn -0.9663 -0.2573 -0.0000
vn -0.5061 -0.8625 -0.0001
vn -0.5061 -0.8624 -0.0000
vn -0.3643 -0.9313 -0.0000
vn -0.2675 -0.9636 0.0001
vn -0.2675 -0.9636 -0.0000
vn -0.1090 -0.9940 -0.0000
vn 0.0362 -0.9993 -0.0000
vn -0.0108 -0.9999 -0.0000
vn 0.1892 -0.9819 -0.0000
vn 0.2466 -0.9691 -0.0000
vn 0.3425 -0.9395 -0.0000
vn -0.5062 -0.8624 -0.0000
vn -0.2675 -0.9636 -0.0001
vn 0.2466 -0.9691 -0.0001
vn -0.8662 0.4998 -0.0000
vn 0.9482 -0.3178 -0.0002
vn 0.8662 -0.4998 0.0009
vn 1.0000 -0.0006 -0.0001
vn 0.9940 0.1094 -0.0000
vn 0.9764 0.2160 -0.0001
vn 0.9485 0.3168 -0.0002
vn 0.8671 0.4981 -0.0004
vn 0.7583 0.6519 0.0001
vn 0.7069 0.7073 0.0001
vn 0.6289 0.7774 0.0004
vn 0.4834 0.8754 -0.0002
vn 0.3223 0.9467 -0.0000
vn -0.0333 0.9994 -0.0001
vn -0.2206 0.9754 -0.0000
vn -0.4068 0.9135 0.0001
vn -0.5831 0.8124 -0.0000
vn -0.7395 0.6731 -0.0000
vn 0.7384 0.6743 0.0004
vn 0.5835 0.8121 0.0011
vn 0.4066 0.9136 0.0001
vn 0.2203 0.9754 -0.0001
vn 0.0331 0.9995 0.0001
vn -0.3228 0.9465 -0.0001
vn -0.4838 0.8752 -0.0001
vn -0.6297 0.7768 -0.0000
vn -0.7585 0.6516 0.0001
vn -0.8669 0.4984 -0.0001
vn -0.9485 0.3167 -0.0001
vn -0.9765 0.2154 -0.0000
vn -0.9941 0.1081 -0.0003
vn -1.0000 -0.0003 -0.0003
vn -0.9761 -0.2175 -0.0001
vn -0.9479 -0.3184 -0.0001
vn 0.8177 -0.0000 0.5757
vn 0.6837 0.0001 0.7298
vn 0.8118 0.1565 0.5626
vn 0.7562 0.1776 0.6298
vn 0.7934 0.3472 0.4999
vn 0.7934 0.5001 0.3470
vn 0.8457 0.3295 0.4198
vn 0.8592 0.1341 0.4937
vn 0.8869 0.2842 0.3641
vn 0.8988 0.1126 0.4236
vn 0.9203 0.2401 0.3090
vn 0.9314 0.0922 0.3522
vn 0.9467 0.1971 0.2546
vn 0.9527 0.0765 0.2942
vn 0.9637 0.1634 0.2113
vn 0.9700 0.0606 0.2356
vn 0.9771 0.1300 0.1684
vn 0.9831 0.0450 0.1773
vn 0.9873 0.0971 0.1260
vn 0.9925 0.0296 0.1189
vn 0.9944 0.0646 0.0841
vn 0.9981 0.0147 0.0600
vn 0.9986 0.0326 0.0421
vn 0.7560 0.6301 0.1773
vn 0.8362 0.4850 0.2559
vn 0.8791 0.4227 0.2202
vn 0.9142 0.3603 0.1853
vn 0.9425 0.2978 0.1518
vn 0.9606 0.2479 0.1257
vn 0.9751 0.1981 0.0998
vn 0.9861 0.1486 0.0743
vn 0.9938 0.0994 0.0493
vn 0.9984 0.0502 0.0245
vn 0.8226 0.5344 0.1944
vn 0.6835 0.7299 -0.0001
vn 0.7916 0.6032 0.0982
vn 0.8175 0.5759 -0.0003
vn 0.8426 0.5319 0.0839
vn 0.8859 0.4585 0.0701
vn 0.9056 0.4002 0.1401
vn 0.9363 0.3320 0.1147
vn 0.9173 0.3983 -0.0002
vn 0.9221 0.3826 0.0574
vn 0.9562 0.2770 0.0951
vn 0.9790 0.2037 -0.0005
vn 0.9656 0.2573 0.0377
vn 0.9461 0.3204 0.0477
vn 0.9978 0.0659 0.0087
vn 0.9913 0.1303 0.0179
vn 0.9806 0.1939 0.0277
vn 0.9931 0.1116 0.0369
vn 0.9844 0.1665 0.0560
vn 0.9174 0.0001 0.3980
vn 0.9791 -0.0002 0.2034
vn 0.9722 0.2216 0.0754
vn 0.8681 0.4676 0.1667
vn 0.9982 0.0564 0.0183
vn 0.8917 -0.4009 0.2101
vn 0.9387 -0.2912 0.1847
vn 0.8823 -0.2909 0.3700
vn 0.9792 -0.0720 0.1898
vn 0.9191 -0.0716 0.3875
vn 0.9710 0.1508 0.1855
vn 0.9102 0.1512 0.3857
vn 0.9146 0.3661 0.1719
vn 0.8560 0.3665 0.3647
vn 0.8126 0.5632 0.1498
vn 0.8091 0.1474 0.5689
vn 0.8193 -0.0754 0.5684
vn 0.7979 -0.1437 0.5854
vn 0.8685 -0.2800 0.4089
vn -0.7211 0.6692 0.1794
vn -0.8175 0.5164 0.2551
vn -0.7211 0.6000 0.3465
vn -0.7141 0.4981 0.4918
vn -0.5340 0.7322 0.4228
vn -0.5340 0.5978 0.5979
vn -0.3158 0.6709 0.6710
vn -0.3157 0.4744 0.8218
vn -0.0791 0.4984 0.8633
vn -0.1559 0.2569 0.9538
vn -0.0790 0.2594 0.9625
vn 0.0688 0.1333 0.9887
vn 0.1622 0.2560 0.9530
vn 0.2901 0.0001 0.9570
vn 0.3467 0.2355 0.9079
vn -0.5611 0.4458 0.6974
vn -0.3727 0.3643 0.8535
vn 0.1621 0.4934 0.8546
vn 0.3820 0.4567 0.8034
vn 0.1620 0.6978 0.6977
vn 0.3940 0.6503 0.6495
vn 0.3819 0.8035 0.4566
vn 0.1620 0.8546 0.4934
vn 0.3465 0.9080 0.2354
vn 0.1620 0.9532 0.2554
vn -0.0792 0.9629 0.2580
vn -0.3158 0.9165 0.2456
vn -0.5340 0.8166 0.2189
vn -0.3158 0.8217 0.4744
vn -0.0792 0.8633 0.4984
vn -0.0791 0.7049 0.7049
vn 0.8937 -0.3995 0.2044
vn 0.8924 -0.3614 0.2702
vn 0.8575 -0.2344 0.4580
vn 0.7772 -0.0949 0.6220
vn 0.7423 0.0002 0.6701
vn 0.8345 -0.1410 0.5326
vn 0.8873 -0.2756 0.3697
vn 0.8980 -0.3972 0.1892
vn 0.9351 -0.3422 0.0915
vn 0.9181 -0.2226 0.3279
vn 0.9323 -0.2703 0.2402
vn 0.9365 -0.2995 0.1824
vn 0.9644 -0.1968 0.1768
vn 0.9701 -0.2257 0.0888
vn 0.9906 -0.1051 0.0871
vn 0.9961 0.0193 0.0866
vn 0.9852 0.1476 0.0876
vn 0.9592 0.2682 0.0896
vn 0.8897 0.4466 0.0953
vn 0.7917 0.6018 0.1050
vn 0.6719 0.7316 0.1155
vn 0.5322 0.8370 0.1274
vn 0.3870 0.9113 0.1407
vn 0.2264 0.9616 0.1551
vn 0.0510 0.9841 0.1702
vn -0.1354 0.9732 0.1861
vn -0.3267 0.9235 0.2012
vn -0.5133 0.8310 0.2144
vn -0.6818 0.6962 0.2246
vn -0.8208 0.5230 0.2298
vn -0.5852 0.6854 0.4334
vn -0.7321 0.5175 0.4430
vn -0.5037 0.6584 0.5593
vn -0.3563 0.5871 0.7269
vn -0.1925 0.6906 0.6971
vn -0.0481 0.5694 0.8206
vn 0.1063 0.6174 0.7794
vn 0.2276 0.4485 0.8643
vn 0.3486 0.4566 0.8185
vn 0.4231 0.2649 0.8665
vn 0.5043 0.2570 0.8244
vn 0.5227 0.1308 0.8424
vn 0.5786 0.1221 0.8064
vn 0.5379 0.0002 0.8430
vn 0.5794 0.0002 0.8151
vn 0.6293 0.1103 0.7693
vn 0.6189 -0.0000 0.7855
vn 0.6728 0.0970 0.7334
vn 0.6552 0.0002 0.7555
vn 0.7149 0.0807 0.6945
vn 0.6889 -0.0001 0.7249
vn 0.7493 0.0637 0.6592
vn 0.7180 -0.0000 0.6961
vn 0.7766 0.0466 0.6283
vn 0.7423 0.0004 0.6700
vn 0.7610 0.0002 0.6488
vn 0.7966 0.0271 0.6039
vn 0.7674 0.0002 0.6412
vn 0.8040 0.0147 0.5945
vn 0.7714 0.0001 0.6364
vn 0.8070 0.0021 0.5906
vn 0.7727 0.0002 0.6347
vn 0.8054 -0.0102 0.5926
vn 0.7713 0.0002 0.6364
vn 0.7673 0.0002 0.6413
vn 0.7997 -0.0224 0.6000
vn 0.7609 0.0002 0.6489
vn 0.7898 -0.0344 0.6124
vn 0.8207 -0.0687 0.5671
vn 0.8620 -0.1213 0.4922
vn 0.8946 -0.1730 0.4119
vn 0.9093 -0.1130 0.4005
vn 0.9368 -0.1457 0.3182
vn 0.9476 -0.0675 0.3123
vn 0.9701 -0.0823 0.2285
vn 0.9737 0.0152 0.2272
vn 0.9849 0.0168 0.1724
vn 0.9763 0.1286 0.1743
vn 0.4955 0.0002 0.8686
vn 0.4610 0.1351 0.8771
vn 0.3352 0.2609 0.9053
vn 0.1032 0.4147 0.9041
vn -0.1927 0.4856 0.8527
vn -0.5997 0.4831 0.6379
vn 0.4530 0.0002 0.8915
vn 0.3959 0.1334 0.9085
vn 0.2458 0.2417 0.9387
vn -0.0133 0.3545 0.9350
vn -0.4380 0.4231 0.7932
vn 0.4129 0.0001 0.9108
vn 0.3310 0.1236 0.9355
vn 0.1626 0.2069 0.9648
vn -0.0483 0.2363 0.9705
vn -0.2526 0.3402 0.9058
vn 0.3774 0.0001 0.9260
vn 0.2714 0.1060 0.9566
vn 0.3486 0.0001 0.9373
vn 0.1524 0.1226 0.9807
vn 0.8310 -0.0447 0.5544
vn 0.8370 -0.0206 0.5468
vn 0.8386 0.0040 0.5448
vn 0.8355 0.0293 0.5488
vn 0.8278 0.0537 0.5584
vn 0.8068 0.0919 0.5837
vn 0.7771 0.1267 0.6165
vn 0.7387 0.1602 0.6547
vn 0.6904 0.1917 0.6976
vn 0.6382 0.2176 0.7384
vn 0.5758 0.2403 0.7815
vn 0.8739 -0.0791 0.4797
vn 0.8807 -0.0365 0.4722
vn 0.8826 0.0069 0.4702
vn 0.8790 0.0517 0.4741
vn 0.8702 0.0947 0.4835
vn 0.8457 0.1614 0.5086
vn 0.8101 0.2229 0.5422
vn 0.7632 0.2810 0.5818
vn 0.7031 0.3347 0.6274
vn 0.6361 0.3789 0.6721
vn 0.5546 0.4167 0.7203
vn 0.4589 0.4442 0.7694
vn 0.9562 -0.1773 0.2329
vn 0.9178 -0.0522 0.3936
vn 0.9504 0.0125 0.3108
vn 0.9664 0.1158 0.2296
vn 0.9557 0.2343 0.1784
vn 0.9806 -0.0914 0.1734
vn 0.9200 0.0097 0.3919
vn 0.9155 0.0737 0.3955
vn 0.9048 0.1349 0.4040
vn 0.8747 0.2293 0.4271
vn 0.8304 0.3162 0.4587
vn 0.7721 0.3968 0.4964
vn 0.6976 0.4707 0.5401
vn 0.6143 0.5305 0.5841
vn 0.5130 0.5808 0.6321
vn 0.3939 0.6164 0.6818
vn 0.2567 0.6310 0.7321
vn 0.9447 0.0951 0.3139
vn 0.9488 0.2112 0.2351
vn 0.8998 0.3928 0.1900
vn 0.9310 0.1738 0.3211
vn 0.8930 0.2940 0.3409
vn 0.8374 0.4037 0.3685
vn 0.7651 0.5033 0.4015
vn 0.6745 0.5927 0.4402
vn 0.5741 0.6635 0.4798
vn 0.4541 0.7212 0.5232
vn 0.3146 0.7601 0.5685
vn 0.1557 0.7731 0.6149
vn -0.0167 0.7521 0.6588
vn 0.9006 0.3554 0.2502
vn 0.8197 0.5340 0.2073
vn 0.8309 0.4853 0.2720
vn 0.7422 0.6003 0.2978
vn 0.6337 0.7006 0.3280
vn 0.5157 0.7777 0.3595
vn 0.3782 0.8376 0.3942
vn 0.2211 0.8750 0.4307
vn 0.0459 0.8824 0.4682
vn -0.1413 0.8521 0.5039
vn -0.3298 0.7778 0.5351
vn 0.7192 0.6565 0.2274
vn 0.5985 0.7608 0.2508
vn 0.4694 0.8389 0.2757
vn 0.3216 0.8971 0.3029
vn 0.1555 0.9305 0.3317
vn -0.0267 0.9321 0.3613
vn -0.2188 0.8947 0.3895
vn -0.4100 0.8126 0.4142
vn 0.1914 0.0761 0.9786
vn 0.0680 0.1489 0.9865
vn -0.1342 0.2598 0.9563
vn -0.3337 0.3588 0.8717
vn -0.1187 0.2632 0.9574
vn -0.3211 0.3632 0.8746
vn -0.4999 0.4402 0.7459
vn -0.6539 0.4939 0.5731
vn -0.7318 0.5134 0.4482
vn -0.8212 0.5211 0.2326
vn -0.8230 0.5189 0.2309
vn -0.5093 0.4355 0.7423
vn -0.6602 0.4896 0.5696
vn -0.7361 0.5097 0.4454
vn 0.0855 0.1510 0.9848
vn 0.2096 0.0772 0.9747
vn -0.1468 0.9892 -0.0000
vn -0.4326 0.9016 -0.0000
vn -0.6839 0.7295 -0.0000
vn -0.6838 0.7296 -0.0001
vn -0.8178 0.5755 -0.0003
vn -0.9175 0.3978 -0.0002
vn -0.9791 0.2032 -0.0005
vn 0.1463 0.9892 0.0001
vn 0.4322 0.9018 -0.0000
vn -0.2901 -0.0001 0.9570
vn -0.3468 0.2353 0.9080
vn -0.1466 -0.0000 0.9892
vn -0.1285 0.1564 0.9793
vn 0.0790 0.1579 0.9843
vn 0.1466 0.0001 0.9892
vn 0.2056 0.1529 0.9666
vn 0.2252 0.2996 0.9271
vn 0.2414 0.4618 0.8535
vn 0.2500 0.6100 0.7519
vn 0.0967 0.6280 0.7722
vn 0.0969 0.7567 0.6465
vn -0.1576 0.7509 0.6413
vn -0.1529 0.8563 0.4934
vn -0.3823 0.8033 0.4566
vn -0.3469 0.9079 0.2354
vn -0.3822 0.4565 0.8034
vn -0.1412 0.3064 0.9414
vn 0.0869 0.3091 0.9471
vn -0.1516 0.4718 0.8686
vn -0.3943 0.6498 0.6499
vn -0.1573 0.6228 0.7664
vn -0.1464 0.9138 0.3788
vn -0.1322 0.9720 0.1944
vn 0.0810 0.9772 0.1961
vn 0.2108 0.9589 0.1899
vn 0.2330 0.8991 0.3705
vn 0.0898 0.9198 0.3820
vn 0.2430 0.8413 0.4828
vn 0.2505 0.7366 0.6282
vn 0.0939 0.8623 0.4976
vn 0.0933 0.4759 0.8745
vn -0.7563 0.6297 0.1773
vn -0.7768 0.6214 0.1021
vn -0.8163 0.5703 0.0916
vn -0.8517 0.5177 0.0811
vn -0.8830 0.4640 0.0712
vn -0.8761 0.4543 0.1616
vn -0.9031 0.4051 0.1422
vn -0.8867 0.4102 0.2132
vn -0.9119 0.3647 0.1879
vn -0.8941 0.2751 0.3534
vn -0.9180 0.2431 0.3133
vn -0.8674 0.1295 0.4804
vn -0.8960 0.1138 0.4292
vn -0.8177 -0.0004 0.5757
vn -0.9208 0.0987 0.3773
vn -0.9174 -0.0004 0.3980
vn -0.9421 0.0841 0.3245
vn -0.9601 0.0697 0.2708
vn -0.9695 0.1492 0.1943
vn -0.9808 0.1186 0.1550
vn -0.9791 0.1817 0.0916
vn -0.9883 0.1363 0.0682
vn -0.9869 0.1529 0.0513
vn -0.9942 0.1023 0.0339
vn -0.9927 0.1197 0.0165
vn -0.9982 0.0602 0.0079
vn -0.7936 0.4998 0.3470
vn -0.8235 0.5014 0.2656
vn -0.8092 0.5518 0.2019
vn -0.8333 0.3413 0.4349
vn -0.7936 0.3468 0.5000
vn -0.7562 0.1772 0.6299
vn -0.7977 0.1622 0.5809
vn -0.6837 -0.0003 0.7298
vn -0.8347 0.1457 0.5311
vn -0.9746 0.0551 0.2169
vn -0.9791 -0.0007 0.2034
vn -0.9857 0.0407 0.1633
vn -0.9936 0.0267 0.1095
vn -0.9953 0.0588 0.0774
vn -0.9988 0.0294 0.0388
vn -0.9987 0.0456 0.0226
vn -0.9984 0.0130 0.0552
vn -0.9710 0.2365 0.0344
vn -0.9837 0.1783 0.0253
vn -0.9105 0.4089 0.0617
vn -0.9343 0.3525 0.0527
vn -0.9546 0.2948 0.0437
vn -0.9465 0.3052 0.1053
vn -0.9632 0.2543 0.0872
vn -0.9517 0.2735 0.1393
vn -0.9669 0.2275 0.1154
vn -0.9554 0.1805 0.2339
vn -0.9985 0.0514 0.0168
vn -0.9766 0.2034 0.0691
vn -0.9265 0.3554 0.1235
vn -0.9335 0.3192 0.1633
vn -0.9383 0.2115 0.2735
vn -0.8659 0.3080 0.3941
vn -0.8573 0.4558 0.2392
vn -0.8448 0.5033 0.1816
vn -0.9948 0.0911 0.0453
vn -0.9893 0.0886 0.1160
vn 0.8172 0.5168 0.2551
vn 0.7208 0.6696 0.1794
vn 0.7338 0.6794 -0.0000
vn 0.5336 0.8169 0.2189
vn 0.3154 0.9166 0.2456
vn 0.0788 0.9629 0.2580
vn -0.1624 0.9531 0.2554
vn -0.1624 0.8545 0.4934
vn -0.1623 0.6977 0.6977
vn -0.1624 0.4933 0.8546
vn -0.1623 0.2560 0.9530
vn -0.0692 0.1331 0.9887
vn 0.0789 0.2594 0.9625
vn 0.1558 0.2570 0.9538
vn 0.0788 0.4985 0.8633
vn 0.3155 0.4745 0.8218
vn 0.0788 0.7049 0.7049
vn 0.3154 0.6710 0.6710
vn 0.0788 0.8633 0.4984
vn 0.3154 0.8218 0.4744
vn 0.3725 0.3645 0.8535
vn 0.5610 0.4461 0.6973
vn 0.5337 0.5981 0.5979
vn 0.5336 0.7324 0.4228
vn 0.7139 0.4985 0.4918
vn 0.7208 0.6003 0.3465
vn -0.8915 -0.4013 0.2101
vn -0.9385 -0.2917 0.1847
vn -0.9791 -0.0725 0.1898
vn -0.9711 0.1503 0.1855
vn -0.9147 0.3657 0.1719
vn -0.8129 0.5628 0.1498
vn -0.8561 0.3661 0.3647
vn -0.9102 0.1507 0.3857
vn -0.9191 -0.0721 0.3875
vn -0.8822 -0.2913 0.3700
vn -0.8684 -0.2804 0.4089
vn -0.7978 -0.1441 0.5854
vn -0.8193 -0.0758 0.5683
vn -0.8092 0.1470 0.5689
vn 0.8238 0.5182 0.2299
vn 0.7383 0.5080 0.4436
vn 0.6634 0.4875 0.5677
vn 0.5144 0.4332 0.7401
vn 0.3406 0.3566 0.8700
vn 0.1428 0.2582 0.9555
vn -0.0581 0.1479 0.9873
vn 0.0482 0.2363 0.9705
vn -0.1811 0.0756 0.9806
vn -0.1525 0.1225 0.9807
vn -0.3481 -0.0009 0.9374
vn 0.2524 0.3403 0.9058
vn 0.4378 0.4233 0.7932
vn 0.5995 0.4834 0.6379
vn 0.7318 0.5179 0.4430
vn 0.8205 0.5234 0.2298
vn 0.7339 0.6403 0.2266
vn 0.6404 0.6315 0.4370
vn 0.4084 0.5422 0.7343
vn 0.5581 0.6070 0.5658
vn 0.5378 0.7267 0.4275
vn 0.6357 0.7393 0.2222
vn 0.5280 0.8212 0.2163
vn 0.4120 0.8871 0.2081
vn 0.1652 0.9683 0.1875
vn -0.0743 0.9830 0.1679
vn -0.2932 0.9445 0.1485
vn -0.4883 0.8628 0.1309
vn -0.6562 0.7456 0.1161
vn -0.7962 0.5961 0.1039
vn -0.8715 0.4807 0.0970
vn -0.9317 0.3514 0.0919
vn -0.9845 0.1525 0.0871
vn -0.9945 -0.0592 0.0863
vn -0.9594 -0.2674 0.0893
vn -0.9559 -0.2337 0.1778
vn -0.8978 -0.3977 0.1892
vn -0.9489 -0.2105 0.2351
vn -0.9312 -0.1733 0.3208
vn -0.9497 -0.0383 0.3109
vn -0.9196 -0.0298 0.3917
vn -0.9155 0.0763 0.3951
vn -0.8791 0.0536 0.4736
vn -0.8612 0.1253 0.4926
vn -0.8204 0.0714 0.5673
vn -0.8023 0.0999 0.5886
vn -0.7722 0.0502 0.6334
vn -0.7509 0.0636 0.6574
vn -0.7179 -0.0002 0.6962
vn -0.6885 -0.0001 0.7252
vn -0.7102 0.0837 0.6991
vn -0.6553 -0.0001 0.7554
vn -0.6599 0.1023 0.7444
vn -0.6188 -0.0002 0.7856
vn -0.6002 0.1186 0.7910
vn -0.5795 -0.0001 0.8150
vn -0.5294 0.1313 0.8381
vn -0.5376 -0.0000 0.8432
vn -0.4957 0.0002 0.8685
vn -0.4513 0.1370 0.8818
vn -0.4530 -0.0002 0.8915
vn -0.3652 0.1311 0.9217
vn -0.4124 0.0001 0.9110
vn -0.3241 0.1242 0.9378
vn -0.2860 0.1139 0.9514
vn -0.2358 0.2424 0.9411
vn -0.1824 0.2217 0.9579
vn -0.0908 0.4128 0.9063
vn -0.0161 0.3768 0.9262
vn 0.0622 0.5648 0.8229
vn 0.1547 0.5146 0.8434
vn 0.2074 0.6838 0.6996
vn 0.3121 0.6215 0.7185
vn 0.3447 0.7692 0.5381
vn 0.4558 0.6973 0.5532
vn 0.4258 0.8037 0.4157
vn 0.2398 0.4496 0.8604
vn 0.0525 0.3295 0.9427
vn -0.1334 0.1940 0.9719
vn -0.2512 0.0997 0.9628
vn -0.3774 0.0004 0.9260
vn -0.7424 -0.0001 0.6699
vn -0.7893 0.0358 0.6130
vn -0.8359 0.0306 0.5481
vn -0.8825 -0.0211 0.4699
vn -0.9051 -0.1347 0.4033
vn -0.7610 -0.0002 0.6488
vn -0.8039 0.0154 0.5945
vn -0.8388 -0.0123 0.5443
vn -0.8707 -0.0948 0.4826
vn -0.8872 -0.2760 0.3697
vn -0.7674 -0.0002 0.6412
vn -0.7713 -0.0000 0.6364
vn -0.8068 -0.0064 0.5908
vn -0.7727 -0.0003 0.6348
vn -0.7713 -0.0002 0.6364
vn -0.7673 -0.0002 0.6413
vn -0.7971 -0.0273 0.6033
vn -0.8286 -0.0541 0.5572
vn -0.8345 -0.1413 0.5326
vn -0.7609 -0.0002 0.6489
vn -0.7423 -0.0002 0.6701
vn -0.2926 0.2567 0.9211
vn -0.4094 0.2683 0.8720
vn -0.5129 0.2580 0.8187
vn -0.6025 0.2340 0.7631
vn -0.6751 0.2023 0.7095
vn -0.7336 0.1660 0.6590
vn -0.7791 0.1267 0.6140
vn -0.1698 0.4382 0.8827
vn -0.3301 0.4591 0.8248
vn -0.4710 0.4433 0.7627
vn -0.5894 0.4040 0.6996
vn -0.6834 0.3507 0.6403
vn -0.7567 0.2889 0.5865
vn -0.8122 0.2215 0.5397
vn -0.8399 0.1748 0.5138
vn -0.0356 0.6010 0.7985
vn -0.2340 0.6323 0.7386
vn -0.4094 0.6138 0.6750
vn -0.5562 0.5628 0.6115
vn -0.6730 0.4912 0.5530
vn -0.7640 0.4069 0.5008
vn -0.8327 0.3135 0.4565
vn -0.8670 0.2479 0.4322
vn -0.8934 0.1782 0.4125
vn 0.0965 0.7297 0.6769
vn -0.1298 0.7729 0.6211
vn -0.3332 0.7567 0.5625
vn -0.5052 0.7001 0.5047
vn -0.6448 0.6165 0.4519
vn -0.7552 0.5150 0.4055
vn -0.8401 0.3998 0.3667
vn -0.8831 0.3174 0.3456
vn -0.9163 0.2289 0.3287
vn -0.9444 0.0983 0.3137
vn 0.2263 0.8240 0.5194
vn -0.0179 0.8806 0.4736
vn -0.2425 0.8715 0.4263
vn -0.4366 0.8155 0.3798
vn -0.5988 0.7263 0.3376
vn -0.7304 0.6131 0.3011
vn -0.8343 0.4803 0.2708
vn -0.8880 0.3832 0.2543
vn -0.9299 0.2776 0.2412
vn -0.9659 0.1195 0.2296
vn -0.9727 -0.0465 0.2275
vn 0.3061 0.8635 0.4009
vn 0.0566 0.9296 0.3642
vn -0.1773 0.9282 0.3271
vn -0.3834 0.8767 0.2906
vn -0.5596 0.7877 0.2575
vn -0.7057 0.6705 0.2291
vn -0.8233 0.5290 0.2056
vn -0.8851 0.4237 0.1927
vn -0.9337 0.3079 0.1826
vn -0.9758 0.1329 0.1735
vn -0.9838 -0.0517 0.1719
vn -0.7919 0.6028 -0.0982
vn -0.8228 0.5340 -0.1944
vn -0.8365 0.4846 -0.2559
vn -0.8459 0.3290 -0.4198
vn -0.8871 0.2838 -0.3641
vn -0.8593 0.1336 -0.4937
vn -0.8989 0.1121 -0.4237
vn -0.8177 -0.0004 -0.5757
vn -0.9173 -0.0004 -0.3981
vn -0.9314 0.0917 -0.3521
vn -0.9527 0.0760 -0.2942
vn -0.9468 0.1967 -0.2546
vn -0.9637 0.1630 -0.2113
vn -0.9426 0.2974 -0.1518
vn -0.9607 0.2475 -0.1257
vn -0.9365 0.3315 -0.1147
vn -0.9563 0.2765 -0.0951
vn -0.9223 0.3821 -0.0574
vn -0.9462 0.3200 -0.0477
vn -0.9657 0.2568 -0.0376
vn -0.9807 0.1935 -0.0278
vn -0.9914 0.1299 -0.0179
vn -0.9931 0.1112 -0.0369
vn -0.9983 0.0559 -0.0183
vn -0.8861 0.4581 -0.0701
vn -0.8429 0.5315 -0.0838
vn -0.8683 0.4671 -0.1667
vn -0.8795 0.4221 -0.2199
vn -0.9978 0.0654 -0.0087
vn -0.9700 0.0601 -0.2356
vn -0.9791 -0.0007 -0.2034
vn -0.9832 0.0445 -0.1772
vn -0.9925 0.0292 -0.1189
vn -0.9873 0.0964 -0.1262
vn -0.9944 0.0641 -0.0841
vn -0.9862 0.1481 -0.0743
vn -0.9939 0.0990 -0.0493
vn -0.9845 0.1661 -0.0559
vn -0.8118 0.1561 -0.5626
vn -0.9985 0.0497 -0.0245
vn -0.9986 0.0319 -0.0424
vn -0.9981 0.0142 -0.0600
vn -0.9058 0.3998 -0.1401
vn -0.9145 0.3598 -0.1853
vn -0.9204 0.2397 -0.3090
vn -0.9772 0.1295 -0.1684
vn -0.9752 0.1976 -0.0998
vn -0.9723 0.2211 -0.0754
vn 0.9791 -0.0003 -0.2034
vn 0.9174 -0.0000 -0.3981
vn 0.8177 -0.0000 -0.5757
vn 0.9567 0.0002 0.2912
vn 0.9817 0.0002 0.1905
vn 0.8214 0.0002 0.5703
vn 0.9213 0.0002 0.3888
vn 0.6616 0.0002 0.7499
vn 0.4635 0.0001 0.8861
vn 0.2386 0.0001 0.9711
vn -0.2387 -0.0000 0.9711
vn -0.4635 -0.0001 0.8861
vn -0.6616 -0.0002 0.7499
vn -0.8214 -0.0002 0.5703
vn -0.9213 -0.0002 0.3888
vn -0.9567 -0.0002 0.2912
vn -0.9817 -0.0002 0.1905
vn -0.6616 -0.0001 0.7499
vn -0.9214 -0.0002 0.3887
vn 0.8346 0.1462 -0.5311
vn 0.7976 0.1626 -0.5809
vn 0.8331 0.3416 -0.4350
vn 0.8232 0.5018 -0.2656
vn 0.8089 0.5522 -0.2019
vn 0.7765 0.6218 -0.1021
vn 0.8161 0.5706 -0.0916
vn 0.8515 0.5181 -0.0811
vn 0.8828 0.4644 -0.0711
vn 0.8758 0.4547 -0.1616
vn 0.9029 0.4056 -0.1422
vn 0.8865 0.4106 -0.2132
vn 0.9118 0.3652 -0.1880
vn 0.8940 0.2751 -0.3537
vn 0.9179 0.2433 -0.3134
vn 0.8674 0.1299 -0.4805
vn 0.8959 0.1142 -0.4293
vn 0.9208 0.0992 -0.3773
vn 0.9421 0.0846 -0.3245
vn 0.9601 0.0702 -0.2708
vn 0.9695 0.1497 -0.1943
vn 0.9807 0.1192 -0.1549
vn 0.9790 0.1821 -0.0916
vn 0.9883 0.1368 -0.0682
vn 0.9868 0.1534 -0.0513
vn 0.9941 0.1028 -0.0339
vn 0.9926 0.1201 -0.0164
vn 0.9981 0.0607 -0.0079
vn 0.9746 0.0556 -0.2169
vn 0.9857 0.0412 -0.1633
vn 0.9936 0.0272 -0.1095
vn 0.9952 0.0597 -0.0775
vn 0.9988 0.0299 -0.0388
vn 0.9987 0.0462 -0.0225
vn 0.9984 0.0135 -0.0552
vn 0.9709 0.2370 -0.0344
vn 0.9836 0.1788 -0.0253
vn 0.9103 0.4094 -0.0616
vn 0.9342 0.3529 -0.0527
vn 0.9544 0.2952 -0.0437
vn 0.9463 0.3056 -0.1053
vn 0.9630 0.2548 -0.0872
vn 0.9516 0.2740 -0.1392
vn 0.9668 0.2280 -0.1154
vn 0.9553 0.1810 -0.2339
vn 0.9985 0.0520 -0.0167
vn 0.9765 0.2039 -0.0691
vn 0.9263 0.3559 -0.1235
vn 0.9333 0.3197 -0.1633
vn 0.9382 0.2118 -0.2736
vn 0.8658 0.3084 -0.3941
vn 0.8571 0.4563 -0.2393
vn 0.8446 0.5037 -0.1816
vn 0.9948 0.0915 -0.0453
vn 0.9892 0.0890 -0.1160
vn 0.9665 -0.2568 -0.0000
vn 0.8680 -0.4966 -0.0000
vn 0.7112 -0.7030 -0.0000
vn 0.5066 -0.8622 -0.0001
vn 0.5868 -0.8098 -0.0000
vn 0.5066 -0.8622 -0.0000
vn 0.3647 -0.9311 -0.0000
vn 0.2679 -0.9634 -0.0000
vn 0.1095 -0.9940 -0.0000
vn 0.5065 -0.8622 -0.0000
vn 0.5067 -0.8621 0.0002
vn 0.0113 -0.9999 -0.0000
vn -0.2461 -0.9692 0.0001
vn -0.1888 -0.9820 -0.0000
vn -0.0357 -0.9994 -0.0000
vn -0.3421 -0.9397 -0.0000
vn -0.2461 -0.9692 -0.0000
vn -0.2461 -0.9692 -0.0001
vn -0.5279 -0.8493 -0.0000
vn -0.3622 -0.9321 -0.0000
vn -0.1841 -0.9829 -0.0000
vn -0.1842 -0.9829 -0.0000
vn 0.1846 -0.9828 -0.0000
vn 0.3627 -0.9319 -0.0000
vn 0.5283 -0.8491 -0.0000
vn -0.7071 -0.7071 -0.0000
vn -1.0000 -0.0000 -0.0000
vn 0.7071 0.7071 -0.0000
vn 1.0000 -0.0000 -0.0000
vn 0.7071 -0.7071 -0.0000
vn -0.0000 -1.0000 -0.0000
vn -0.7071 0.7071 -0.0000
vn -0.0000 1.0000 -0.0000
vt 2.100000 0.005877
vt 2.093280 -0.045530
vt 2.100000 -3.400000
vt 2.073572 -0.093484
vt 2.042201 -0.134760
vt 2.001274 -0.166586
vt 1.953542 -0.186823
vt 1.902211 -0.194111
vt 1.850732 -0.187960
vt 1.802564 -0.168783
vt 1.112194 0.128884
vt 0.375905 0.280855
vt 0.543520 -5.428444
vt 1.050000 -5.218653
vt 0.000000 -5.500000
vt -0.375905 0.280855
vt -0.543520 -5.428444
vt -2.100000 -3.400000
vt -1.050000 -5.218653
vt -1.484924 -4.884924
vt -1.818653 -4.450000
vt -2.028444 -3.943520
vt -1.112194 0.128884
vt -1.802564 -0.168783
vt -1.850732 -0.187960
vt -1.902211 -0.194111
vt -1.953542 -0.186823
vt -2.001274 -0.166586
vt -2.042201 -0.134760
vt -2.073572 -0.093484
vt -2.093280 -0.045530
vt -2.100000 0.005877
vt 1.484924 -4.884924
vt 1.818653 -4.450000
vt 2.028444 -3.943520
vt 1.377187 -0.446552
vt 1.546410 -0.153448
vt 1.163959 -0.283996
vt 1.586370 -0.056976
vt 1.600000 0.046552
vt 1.586370 0.150080
vt 1.546410 0.246552
vt 0.931757 -0.149934
vt 1.482843 0.329395
vt 1.400000 0.392962
vt 1.303528 0.432922
vt 1.200000 0.446552
vt 1.096472 0.432922
vt 1.000000 0.392962
vt 0.917157 0.329395
vt 0.853590 0.246552
vt 0.684366 -0.046552
vt -1.377187 -0.446552
vt -1.163959 -0.283996
vt -1.546410 -0.153448
vt -1.586370 -0.056976
vt -1.600000 0.046552
vt -1.586370 0.150080
vt -1.546410 0.246552
vt -0.931757 -0.149934
vt -1.482843 0.329395
vt -1.400000 0.392962
vt -1.303528 0.432922
vt -1.200000 0.446552
vt -1.096472 0.432922
vt -1.000000 0.392962
vt -0.917157 0.329395
vt -0.853590 0.246552
vt -0.684366 -0.046552
vt -0.180278 -1.700000
vt 0.180278 -1.700000
vt -0.180278 5.100000
vt 0.180278 5.100000
vt 0.180278 -6.283185
vt -0.180278 -6.283185
vt 0.180278 -6.806784
vt -0.180278 -6.806784
vt 0.180278 -7.330383
vt -0.180278 -7.330383
vt 0.180278 -7.853982
vt -0.180278 -7.853982
vt 0.180278 -8.377580
vt -0.180278 -8.377580
vt 0.180278 -8.901179
vt -0.180278 -8.901179
vt 0.180278 -9.424778
vt -0.180278 -9.424778
vt 0.180278 -9.948377
vt -0.180278 -9.948377
vt 0.180278 -10.471976
vt -0.180278 -10.471976
vt 0.180278 -10.995574
vt -0.180278 -10.995574
vt 0.180278 -11.519173
vt -0.180278 -11.519173
vt 0.180278 -12.042772
vt -0.180278 -12.042772
vt 0.180278 -12.566371
vt -0.180278 -12.566371
vt 0.180278 1.700000
vt -0.180278 1.700000
vt 0.180278 -5.100000
vt -0.180278 -5.100000
vt -1.000000 -6.597345
vt -0.300000 -6.597345
vt -1.000000 -6.047566
vt -0.300000 -6.047566
vt -1.000000 -5.497787
vt -0.300000 -5.497787
vt -1.000000 -4.948008
vt -0.300000 -4.948008
vt -1.000000 -4.398230
vt -0.300000 -4.398230
vt -1.000000 -3.848451
vt -0.300000 -3.848451
vt -1.000000 -3.298672
vt -0.300000 -3.298672
vt -1.000000 -2.748894
vt -0.300000 -2.748894
vt -1.000000 -2.199115
vt -0.300000 -2.199115
vt -1.000000 -1.649336
vt -0.300000 -1.649336
vt -1.000000 -1.099557
vt -0.300000 -1.099557
vt -1.000000 -0.549779
vt -0.300000 -0.549779
vt -1.000000 0.000000
vt -0.300000 0.000000
vt -3.400000 1.900000
vt 5.045448 0.950000
vt 3.400000 1.900000
vt 4.743503 1.343503
vt 4.350000 1.645448
vt -3.891756 1.835259
vt -4.350000 1.645448
vt -4.743503 1.343503
vt -5.045448 0.950000
vt -5.235259 0.491756
vt 5.235259 0.491756
vt 5.300000 0.000000
vt -5.300000 0.000000
vt 5.235259 -0.491756
vt -5.235259 -0.491756
vt 5.045448 -0.950000
vt -5.045448 -0.950000
vt 3.400000 -1.900000
vt -3.400000 -1.900000
vt -4.743503 -1.343503
vt -4.350000 -1.645448
vt -3.891756 -1.835259
vt 3.891756 -1.835259
vt 4.350000 -1.645448
vt 4.743503 -1.343503
vt 3.891756 1.835259
vt 2.482243 -1.417624
vt 2.412202 -1.377187
vt 2.461796 -1.408694
vt 2.439878 -1.404519
vt 2.417580 -1.405308
vt 2.394804 -1.396963
vt 2.396012 -1.411021
vt 2.377159 -1.416519
vt 2.376247 -1.421375
vt 2.359270 -1.435853
vt 2.836543 -0.609192
vt 2.828744 -0.634351
vt 2.832493 -0.631134
vt 2.833409 -0.653427
vt 2.820630 -0.659411
vt 2.839245 -0.674963
vt 2.812202 -0.684366
vt 2.849711 -0.694668
vt 2.864285 -0.711562
vt 2.882243 -0.724804
vt 2.482243 1.417624
vt 2.461796 1.408694
vt 2.412202 1.377187
vt 2.439878 1.404519
vt 2.417580 1.405308
vt 2.394804 1.396963
vt 2.396012 1.411021
vt 2.377159 1.416519
vt 2.376247 1.421375
vt 2.359270 1.435853
vt -2.200000 -0.067076
vt -2.105398 -0.067076
vt -2.200000 -0.044717
vt -2.105398 -0.044717
vt -2.200000 -0.022359
vt -2.105398 -0.022359
vt -2.200000 -0.000000
vt -2.105398 -0.000000
vt -2.200000 0.022359
vt -2.105398 0.022359
vt -2.200000 0.044717
vt -2.105398 0.044717
vt -2.200000 0.067076
vt -2.105398 0.067076
vt 0.000000 -5.083588
vt 0.000000 -5.342173
vt 0.014559 -5.238501
vt 0.026440 -5.342173
vt 0.029118 -5.238501
vt 0.052883 -5.342173
vt 0.052691 -5.238501
vt 0.076264 -5.238501
vt 0.052691 -5.156268
vt 0.076264 -5.156268
vt 0.069425 -5.083588
vt 0.092558 -5.083588
vt 0.099838 -5.156268
vt 0.115691 -5.083588
vt 0.123411 -5.156268
vt 0.138849 -5.083588
vt 0.137970 -5.156268
vt 0.161543 -5.156268
vt 0.161543 -5.238501
vt 0.161980 -5.083588
vt 0.185116 -5.342173
vt 0.185116 -5.083588
vt 0.079343 -5.342173
vt 0.099838 -5.238501
vt 0.105773 -5.342173
vt 0.123411 -5.238501
vt 0.132234 -5.342173
vt 0.137970 -5.238501
vt 0.158676 -5.342173
vt 0.046267 -5.083588
vt 0.029118 -5.156268
vt 0.023136 -5.083588
vt 0.014559 -5.156268
vt 0.124837 1.487011
vt 0.124837 1.586145
vt 0.109097 1.520287
vt 0.093628 1.586145
vt 0.062419 1.586145
vt 0.031209 1.586145
vt 0.067485 1.520287
vt 0.083225 1.520287
vt 0.093357 1.520287
vt 0.093357 1.454429
vt 0.109097 1.454429
vt 0.109097 1.391315
vt 0.124837 1.437444
vt 0.124837 1.387877
vt 0.124837 1.338310
vt 0.109097 1.328201
vt 0.124837 1.288743
vt 0.109097 1.263124
vt 0.124837 1.239176
vt 0.109097 1.198047
vt 0.124837 1.189609
vt 0.109097 1.091729
vt 0.124837 1.090475
vt 0.124837 0.991341
vt 0.109097 0.985411
vt 0.124837 0.892207
vt 0.109097 0.879094
vt 0.124837 0.793073
vt 0.109097 0.772776
vt 0.124837 0.693939
vt 0.109097 0.676179
vt 0.124837 0.594804
vt 0.109097 0.579582
vt 0.124837 0.495670
vt 0.109097 0.482985
vt 0.124837 0.396536
vt 0.109097 0.386388
vt 0.124837 0.297402
vt 0.109097 0.289791
vt 0.124837 0.198268
vt 0.109097 0.193194
vt 0.124837 0.099134
vt 0.109097 0.096597
vt 0.124837 0.000000
vt 0.109235 0.000000
vt 0.093357 0.096597
vt 0.093636 0.000000
vt 0.083225 0.096597
vt 0.067485 0.096597
vt 0.067485 0.193194
vt 0.051745 0.193194
vt 0.051745 0.289791
vt 0.036005 0.289791
vt 0.036005 0.386388
vt 0.020265 0.386388
vt 0.020265 0.482985
vt 0.010132 0.482985
vt 0.010132 0.579582
vt 0.000000 0.495670
vt 0.000000 0.594804
vt 0.010132 0.676179
vt 0.000000 0.693939
vt 0.010132 0.772776
vt 0.000000 0.793073
vt 0.010132 0.879094
vt 0.000000 0.892207
vt 0.010132 0.985411
vt 0.000000 0.991341
vt 0.010132 1.091729
vt 0.000000 1.090475
vt 0.000000 1.189609
vt 0.010132 1.198047
vt 0.000000 1.239176
vt 0.010132 1.263124
vt 0.000000 1.288743
vt 0.010132 1.328201
vt 0.000000 1.338310
vt 0.010132 1.391315
vt 0.000000 1.387877
vt 0.000000 1.437444
vt 0.010132 1.454429
vt 0.000000 1.487011
vt 0.010132 1.520287
vt 0.000000 1.586145
vt 0.020265 1.520287
vt 0.036005 1.520287
vt 0.051745 1.520287
vt 0.051745 1.454429
vt 0.067485 1.454429
vt 0.067485 1.391315
vt 0.083225 1.391315
vt 0.083225 1.328201
vt 0.093357 1.328201
vt 0.093357 1.263124
vt 0.000000 0.396536
vt 0.010132 0.386388
vt 0.020265 0.289791
vt 0.036005 0.193194
vt 0.051745 0.096597
vt 0.078019 0.000000
vt 0.000000 0.297402
vt 0.010132 0.289791
vt 0.020265 0.193194
vt 0.036005 0.096597
vt 0.062419 0.000000
vt 0.000000 0.198268
vt 0.010132 0.193194
vt 0.020265 0.096597
vt 0.031201 0.000000
vt 0.046819 0.000000
vt 0.000000 0.099134
vt 0.010132 0.096597
vt 0.000000 0.000000
vt 0.015602 0.000000
vt 0.020265 1.454429
vt 0.020265 1.391315
vt 0.020265 1.328201
vt 0.020265 1.263124
vt 0.020265 1.198047
vt 0.020265 1.091729
vt 0.020265 0.985411
vt 0.020265 0.879094
vt 0.020265 0.772776
vt 0.020265 0.676179
vt 0.020265 0.579582
vt 0.036005 1.454429
vt 0.036005 1.391315
vt 0.036005 1.328201
vt 0.036005 1.263124
vt 0.036005 1.198047
vt 0.036005 1.091729
vt 0.036005 0.985411
vt 0.036005 0.879094
vt 0.036005 0.772776
vt 0.036005 0.676179
vt 0.036005 0.579582
vt 0.036005 0.482985
vt 0.083225 1.454429
vt 0.051745 1.391315
vt 0.067485 1.328201
vt 0.083225 1.263124
vt 0.093357 1.198047
vt 0.093357 1.391315
vt 0.051745 1.328201
vt 0.051745 1.263124
vt 0.051745 1.198047
vt 0.051745 1.091729
vt 0.051745 0.985411
vt 0.051745 0.879094
vt 0.051745 0.772776
vt 0.051745 0.676179
vt 0.051745 0.579582
vt 0.051745 0.482985
vt 0.051745 0.386388
vt 0.067485 1.263124
vt 0.083225 1.198047
vt 0.093357 1.091729
vt 0.067485 1.198047
vt 0.067485 1.091729
vt 0.067485 0.985411
vt 0.067485 0.879094
vt 0.067485 0.772776
vt 0.067485 0.676179
vt 0.067485 0.579582
vt 0.067485 0.482985
vt 0.067485 0.386388
vt 0.067485 0.289791
vt 0.083225 1.091729
vt 0.093357 0.985411
vt 0.083225 0.985411
vt 0.083225 0.879094
vt 0.083225 0.772776
vt 0.083225 0.676179
vt 0.083225 0.579582
vt 0.083225 0.482985
vt 0.083225 0.386388
vt 0.083225 0.289791
vt 0.083225 0.193194
vt 0.093357 0.879094
vt 0.093357 0.772776
vt 0.093357 0.676179
vt 0.093357 0.579582
vt 0.093357 0.482985
vt 0.093357 0.386388
vt 0.093357 0.289791
vt 0.093357 0.193194
vt 0.090457 2.514404
vt 0.090457 2.800620
vt 0.067776 2.715735
vt 0.067843 2.800620
vt 0.060305 2.715735
vt 0.045229 2.800620
vt 0.037624 2.715735
vt 0.022614 2.800620
vt 0.014943 2.715735
vt 0.000000 2.800620
vt 0.000000 2.514404
vt 0.022614 2.514404
vt 0.045229 2.514404
vt 0.067843 2.514404
vt -0.082361 -0.149051
vt -0.104720 -0.149051
vt -0.080517 -0.173893
vt -0.095698 -0.192537
vt -0.080517 -0.198734
vt -0.079470 -0.223023
vt -0.056314 -0.198734
vt -0.056314 -0.223576
vt -0.032110 -0.223576
vt -0.032110 -0.248418
vt -0.007907 -0.248418
vt -0.015722 -0.273096
vt -0.007907 -0.273121
vt 0.006915 -0.285400
vt 0.016296 -0.273198
vt 0.029432 -0.298102
vt 0.035396 -0.274019
vt -0.059635 -0.244055
vt -0.038079 -0.259867
vt 0.016296 -0.248418
vt 0.039193 -0.249060
vt 0.016296 -0.223576
vt 0.040499 -0.223576
vt 0.039193 -0.198092
vt 0.016296 -0.198734
vt 0.035396 -0.173134
vt 0.016296 -0.173893
vt 0.029432 -0.149051
vt 0.007074 -0.149051
vt -0.007907 -0.173893
vt -0.015285 -0.149051
vt -0.032110 -0.173893
vt -0.037644 -0.149051
vt -0.056314 -0.173893
vt -0.060002 -0.149051
vt -0.032110 -0.198734
vt -0.007907 -0.198734
vt -0.007907 -0.223576
vt 2.200000 0.067076
vt 1.605398 0.067076
vt 1.902699 0.044717
vt 1.605398 0.044717
vt 1.902699 0.022359
vt 1.605398 0.022359
vt 1.902699 0.000000
vt 1.605398 -0.000000
vt 1.902699 -0.022359
vt 1.605398 -0.022359
vt 1.902699 -0.044717
vt 1.605398 -0.044717
vt 1.605398 -0.067076
vt 2.200000 -0.067076
vt 2.200000 -0.044717
vt 2.200000 -0.022359
vt 2.200000 0.000000
vt 2.200000 0.022359
vt 2.200000 0.044717
vt -0.061594 -0.033529
vt -0.039249 -0.032641
vt -0.050976 -0.008830
vt -0.039248 -0.012562
vt -0.039248 0.008406
vt -0.016901 -0.012562
vt -0.016901 0.008406
vt 0.005445 -0.012562
vt 0.005445 0.008406
vt 0.027792 -0.012562
vt 0.027792 0.008406
vt 0.042653 0.009152
vt 0.025968 0.023866
vt -0.016902 -0.031907
vt 0.005447 -0.031227
vt 0.027795 -0.030530
vt 0.050142 -0.029737
vt 0.050138 -0.012562
vt 0.058390 -0.007914
vt 0.072485 -0.028718
vt 0.008791 0.037306
vt 0.005445 0.029373
vt -0.008540 0.050340
vt -0.016901 0.029373
vt -0.023705 0.032257
vt -0.038068 0.012834
vt 0.157080 0.302942
vt 0.157080 0.605878
vt 0.137318 0.374009
vt 0.130929 0.605865
vt 0.104733 0.605856
vt 0.078540 0.605853
vt 0.104720 0.374009
vt 0.117556 0.374009
vt 0.137318 0.142140
vt 0.157080 0.000000
vt 0.137318 -0.231869
vt 0.157080 -0.302942
vt 0.157080 -0.605878
vt 0.117556 -0.231869
vt 0.130929 -0.605865
vt 0.104720 -0.231869
vt 0.104733 -0.605856
vt 0.086451 -0.231869
vt 0.078540 -0.605853
vt 0.068182 -0.231869
vt 0.049913 -0.231869
vt 0.049913 0.142140
vt 0.031644 0.142140
vt 0.031644 0.374009
vt 0.015822 0.374009
vt 0.026151 0.605865
vt 0.000000 0.605878
vt 0.052347 0.605856
vt 0.068182 0.374009
vt 0.086451 0.374009
vt 0.104720 0.142140
vt 0.117556 0.142140
vt 0.049913 0.374009
vt 0.068182 0.142140
vt 0.086451 0.142140
vt 0.000000 0.302942
vt 0.015822 0.142140
vt 0.031644 -0.231869
vt 0.052347 -0.605856
vt 0.015822 -0.231869
vt 0.000000 -0.302942
vt 0.026151 -0.605865
vt 0.000000 -0.605878
vt -1.605398 -0.067076
vt -1.902699 -0.044717
vt -1.605398 -0.044717
vt -1.902699 -0.022359
vt -1.605398 -0.022359
vt -1.902699 0.000000
vt -1.605398 0.000000
vt -1.902699 0.022359
vt -1.605398 0.022359
vt -1.902699 0.044717
vt -1.605398 0.044717
vt -1.605398 0.067076
vt 0.000000 -2.800447
vt 0.022614 -2.800447
vt 0.000000 -2.514249
vt 0.045229 -2.800447
vt 0.022614 -2.514249
vt 0.045229 -2.514249
vt 0.067843 -2.514249
vt 0.067843 -2.800447
vt 0.090457 -2.800447
vt 0.090457 -2.514249
vt 0.124839 1.486988
vt 0.124839 1.586120
vt 0.109158 1.524270
vt 0.109237 1.586120
vt 0.093476 1.524270
vt 0.093637 1.586120
vt 0.078020 1.586120
vt 0.062420 1.586120
vt 0.067545 1.524270
vt 0.083226 1.524270
vt 0.093476 1.462419
vt 0.109158 1.462419
vt 0.109158 1.400569
vt 0.124839 1.387855
vt 0.109158 1.338718
vt 0.124839 1.288723
vt 0.109158 1.215018
vt 0.124839 1.189590
vt 0.109158 1.090458
vt 0.124839 1.090458
vt 0.124839 0.991325
vt 0.109158 0.967616
vt 0.124839 0.892193
vt 0.109158 0.843915
vt 0.124839 0.793060
vt 0.109158 0.720214
vt 0.124839 0.693928
vt 0.109158 0.596513
vt 0.124839 0.594795
vt 0.109158 0.516019
vt 0.124839 0.495663
vt 0.109158 0.435525
vt 0.124839 0.396530
vt 0.109158 0.326644
vt 0.124839 0.346964
vt 0.124839 0.297398
vt 0.124839 0.247831
vt 0.109158 0.217762
vt 0.124839 0.198265
vt 0.124839 0.148699
vt 0.109158 0.108881
vt 0.124839 0.099133
vt 0.124839 0.000000
vt 0.093476 0.108881
vt 0.093630 0.000000
vt 0.083226 0.108881
vt 0.067545 0.108881
vt 0.067545 0.217762
vt 0.051863 0.217762
vt 0.051863 0.326644
vt 0.036182 0.326644
vt 0.036182 0.435525
vt 0.020501 0.435525
vt 0.020501 0.516019
vt 0.010250 0.516019
vt 0.010250 0.596513
vt 0.000000 0.594795
vt 0.000000 0.693928
vt 0.010250 0.720214
vt 0.000000 0.793060
vt 0.010250 0.843915
vt 0.000000 0.892193
vt 0.010250 0.967616
vt 0.000000 0.991325
vt 0.010250 1.090458
vt 0.000000 1.090458
vt 0.000000 1.189590
vt 0.010250 1.215018
vt 0.000000 1.288723
vt 0.010250 1.338718
vt 0.000000 1.387855
vt 0.010250 1.400569
vt 0.010250 1.462419
vt 0.020501 1.400569
vt 0.020501 1.462419
vt 0.036182 1.400569
vt 0.036182 1.462419
vt 0.051863 1.400569
vt 0.051863 1.462419
vt 0.067545 1.400569
vt 0.067545 1.462419
vt 0.083226 1.400569
vt 0.083226 1.462419
vt 0.093476 1.400569
vt 0.046819 1.586120
vt 0.051863 1.524270
vt 0.036182 1.524270
vt 0.031202 1.586120
vt 0.020501 1.524270
vt 0.015602 1.586120
vt 0.010250 1.524270
vt 0.000000 1.586120
vt 0.000000 1.486988
vt 0.000000 0.495663
vt 0.010250 0.435525
vt 0.020501 0.326644
vt 0.036182 0.217762
vt 0.051863 0.108881
vt 0.000000 0.396530
vt 0.010250 0.326644
vt 0.020501 0.217762
vt 0.036182 0.108881
vt 0.062420 0.000000
vt 0.000000 0.346964
vt 0.000000 0.297398
vt 0.010250 0.217762
vt 0.000000 0.247831
vt 0.000000 0.198265
vt 0.000000 0.148699
vt 0.010250 0.108881
vt 0.020501 0.108881
vt 0.031209 0.000000
vt 0.000000 0.099133
vt 0.020501 1.338718
vt 0.020501 1.215018
vt 0.020501 1.090458
vt 0.020501 0.967616
vt 0.020501 0.843915
vt 0.020501 0.720214
vt 0.020501 0.596513
vt 0.036182 1.338718
vt 0.036182 1.215018
vt 0.036182 1.090458
vt 0.036182 0.967616
vt 0.036182 0.843915
vt 0.036182 0.720214
vt 0.036182 0.596513
vt 0.036182 0.516019
vt 0.051863 1.338718
vt 0.051863 1.215018
vt 0.051863 1.090458
vt 0.051863 0.967616
vt 0.051863 0.843915
vt 0.051863 0.720214
vt 0.051863 0.596513
vt 0.051863 0.516019
vt 0.051863 0.435525
vt 0.067545 1.338718
vt 0.067545 1.215018
vt 0.067545 1.090458
vt 0.067545 0.967616
vt 0.067545 0.843915
vt 0.067545 0.720214
vt 0.067545 0.596513
vt 0.067545 0.516019
vt 0.067545 0.435525
vt 0.067545 0.326644
vt 0.083226 1.338718
vt 0.083226 1.215018
vt 0.083226 1.090458
vt 0.083226 0.967616
vt 0.083226 0.843915
vt 0.083226 0.720214
vt 0.083226 0.596513
vt 0.083226 0.516019
vt 0.083226 0.435525
vt 0.083226 0.326644
vt 0.083226 0.217762
vt 0.093476 1.338718
vt 0.093476 1.215018
vt 0.093476 1.090458
vt 0.093476 0.967616
vt 0.093476 0.843915
vt 0.093476 0.720214
vt 0.093476 0.596513
vt 0.093476 0.516019
vt 0.093476 0.435525
vt 0.093476 0.326644
vt 0.093476 0.217762
vt 0.185116 5.083719
vt 0.185116 5.342311
vt 0.161550 5.284336
vt 0.158676 5.342311
vt 0.137983 5.284336
vt 0.132234 5.342311
vt 0.123411 5.284336
vt 0.105773 5.342311
vt 0.099844 5.284336
vt 0.079343 5.342311
vt 0.076278 5.284336
vt 0.052883 5.342311
vt 0.052711 5.284336
vt 0.029145 5.284336
vt 0.046267 5.083719
vt 0.014572 5.284336
vt 0.023136 5.083719
vt 0.000000 5.083719
vt 0.000000 5.342311
vt 0.026440 5.342311
vt 0.069425 5.083719
vt 0.092558 5.083719
vt 0.115691 5.083719
vt 0.138849 5.083719
vt 0.161980 5.083719
vt -0.061594 0.033529
vt -0.050976 0.008830
vt -0.039249 0.032641
vt -0.039248 0.012562
vt -0.016902 0.031907
vt -0.016901 0.012562
vt 0.005447 0.031227
vt 0.005445 0.012562
vt 0.027795 0.030530
vt 0.027792 0.012562
vt 0.050142 0.029737
vt 0.050138 0.012562
vt 0.072485 0.028718
vt 0.058390 0.007914
vt 0.042653 -0.009152
vt 0.027792 -0.008406
vt 0.005445 -0.008406
vt -0.016901 -0.008406
vt -0.039248 -0.008406
vt -0.038068 -0.012834
vt -0.023705 -0.032257
vt -0.016901 -0.029373
vt -0.008540 -0.050340
vt 0.005445 -0.029373
vt 0.008791 -0.037306
vt 0.025968 -0.023866
vt 2.105398 0.067076
vt 2.105398 0.044717
vt 2.105398 0.022359
vt 2.105398 0.000000
vt 2.105398 -0.022359
vt 2.105398 -0.044717
vt 2.105398 -0.067076
vt 0.095698 -0.192537
vt 0.104720 -0.149051
vt 0.080517 -0.173893
vt 0.082361 -0.149051
vt 0.060002 -0.149051
vt 0.056314 -0.173893
vt 0.037644 -0.149051
vt 0.032110 -0.173893
vt 0.015285 -0.149051
vt 0.007907 -0.173893
vt -0.007074 -0.149051
vt -0.016296 -0.173893
vt -0.029432 -0.149051
vt -0.035396 -0.173134
vt -0.016296 -0.198734
vt -0.039193 -0.198092
vt -0.016296 -0.223576
vt -0.040499 -0.223576
vt -0.039193 -0.249060
vt -0.016296 -0.248418
vt -0.035396 -0.274019
vt -0.016296 -0.273198
vt -0.029432 -0.298102
vt -0.006915 -0.285400
vt 0.007907 -0.273121
vt 0.015722 -0.273096
vt 0.007907 -0.248418
vt 0.032110 -0.248418
vt 0.007907 -0.223576
vt 0.032110 -0.223576
vt 0.007907 -0.198734
vt 0.032110 -0.198734
vt 0.038079 -0.259867
vt 0.059635 -0.244055
vt 0.056314 -0.223576
vt 0.056314 -0.198734
vt 0.079470 -0.223023
vt 0.080517 -0.198734
vt -2.176221 3.607711
vt -2.105398 3.916750
vt -2.900000 3.848451
vt -2.200000 3.916750
vt -2.700000 3.995771
vt -2.200000 3.943090
vt -2.200000 3.969430
vt -2.200000 3.995771
vt -2.900000 4.398230
vt -2.700000 4.264077
vt -2.700000 4.532383
vt -2.700000 4.800689
vt -2.900000 4.948008
vt -2.200000 4.879710
vt -1.605398 4.879710
vt -2.200000 4.800689
vt -2.200000 4.827029
vt -2.200000 4.853369
vt -1.266506 5.309118
vt -2.900000 5.497787
vt -0.874843 5.738527
vt -2.900000 6.047566
vt -0.446728 6.167936
vt -2.900000 6.597345
vt 0.000000 6.597345
vt -2.900000 3.298672
vt -2.200000 3.298672
vt -2.176221 2.989634
vt -2.900000 2.748894
vt -2.105398 2.680595
vt -2.200000 2.680595
vt -2.700000 2.601574
vt -2.200000 2.654255
vt -2.200000 2.627914
vt -2.200000 2.601574
vt -2.900000 2.199115
vt -2.700000 2.333268
vt -2.700000 2.064962
vt -2.700000 1.796656
vt -2.900000 1.649336
vt -2.200000 1.717635
vt -1.605398 1.717635
vt -1.266506 1.288226
vt -2.900000 1.099557
vt -0.874843 0.858817
vt -2.900000 0.549779
vt -0.446728 0.429409
vt -2.900000 -0.000000
vt -2.200000 1.743975
vt -2.200000 1.770315
vt -2.200000 1.796656
vt 0.257571 2.105398
vt 0.257571 2.200000
vt 0.000000 2.061972
vt 0.000000 2.700000
vt 0.338447 2.700000
vt 0.338447 2.200000
vt -1.474201 0.000000
vt -1.427474 0.080053
vt -2.700000 -0.000000
vt -2.700000 0.104720
vt -1.410825 0.122004
vt -1.400145 0.165138
vt -2.700000 0.209440
vt -1.396447 0.209125
vt -1.400044 0.253112
vt -2.700000 0.314159
vt -1.410654 0.296312
vt -1.427238 0.338390
vt -2.700000 0.418879
vt -1.473633 0.418266
vt -1.531288 0.493277
vt -2.700000 0.523599
vt -1.595391 0.565358
vt -2.700000 0.628319
vt -1.661711 0.635916
vt -1.728175 0.706336
vt -2.700000 0.733038
vt -1.793012 0.777696
vt -2.700000 0.837758
vt -1.854513 0.850979
vt -1.911110 0.926653
vt -2.700000 0.942478
vt -1.961245 1.005243
vt -2.700000 1.047198
vt -2.003624 1.086663
vt -2.700000 1.151917
vt -2.037310 1.170655
vt -2.700000 1.256637
vt -2.061972 1.256637
vt 0.080876 1.605398
vt 0.338447 1.474201
vt 0.080876 2.200000
vt -0.000000 2.200000
vt 0.257571 1.605398
vt -0.000000 1.474201
vt -2.061972 -0.000000
vt -2.037215 0.085829
vt -2.003521 0.169840
vt -1.961258 0.251410
vt -1.911097 0.329860
vt -1.854510 0.405597
vt -1.793017 0.478935
vt -1.728191 0.550299
vt -1.661737 0.620732
vt -1.595455 0.691257
vt -1.531646 0.763254
vt -1.473810 0.838316
vt -1.427211 0.918241
vt -1.410625 0.960253
vt -1.400146 1.003547
vt -1.396539 1.047536
vt -1.400146 1.091503
vt -1.410840 1.134730
vt -1.427514 1.176794
vt -1.474201 1.256637
vt 0.080876 2.105398
vt 0.338447 2.061972
vt 2.820630 0.659411
vt 2.839245 0.674963
vt 2.812202 0.684366
vt 2.849711 0.694668
vt 2.864285 0.711562
vt 2.833409 0.653427
vt 2.828744 0.634351
vt 2.832493 0.631134
vt 2.836543 0.609192
vt 2.882243 0.724804
vt 1.020000 0.350358
vt 2.200000 0.350358
vt 1.020000 1.103466
vt 2.200000 1.103466
vt 1.020000 1.856575
vt 2.200000 1.856575
vt 1.020000 2.609684
vt 2.200000 2.609684
vt 1.020000 3.362792
vt 2.200000 3.362792
vt 1.020000 4.115901
vt 2.200000 4.115901
vt -0.022689 0.202276
vt 0.052204 0.264051
vt -0.084853 0.177459
vt 0.084853 0.356039
vt -0.084853 0.874753
vt 0.084853 1.121360
vt -0.084853 1.572048
vt 0.084853 1.886682
vt -0.084853 2.269342
vt 0.084853 2.652003
vt -0.084853 2.966637
vt 0.084853 3.417324
vt -0.084853 3.663931
vt 0.084853 4.182645
vt 0.052204 4.274633
vt 0.080997 4.214894
vt 0.069848 4.246147
vt 0.029925 0.239447
vt 0.069848 0.292538
vt 0.080997 0.323790
vt 0.029925 4.299237
vt -0.022689 4.336408
vt -0.084853 4.361226
vt 0.000000 -0.560917
vt 0.032238 -0.560917
vt 0.000001 -0.525859
vt 0.032238 -0.525859
vt 0.016119 -0.496263
vt 0.032238 -0.490796
vt 0.032238 -0.455738
vt 0.016119 -0.431609
vt 0.032238 -0.420683
vt 0.032238 -0.385605
vt 0.016119 -0.366955
vt 0.032238 -0.350564
vt 0.032238 -0.315511
vt 0.016119 -0.302301
vt 0.032238 -0.280426
vt 0.016119 -0.237648
vt 0.032238 -0.245366
vt 0.032238 -0.210343
vt 0.016119 -0.205321
vt 0.032238 -0.175271
vt 0.016119 -0.172994
vt 0.032238 -0.140174
vt 0.016119 -0.140667
vt 0.016119 -0.108340
vt 0.000068 -0.140204
vt 0.000030 -0.105151
vt 0.016119 -0.076013
vt 0.000006 -0.070118
vt 0.016119 -0.043686
vt 0.000116 -0.035083
vt 0.016119 -0.011359
vt 0.000174 0.000008
vt 0.016119 0.020968
vt 0.000090 0.035086
vt 0.016119 0.053295
vt 0.000000 0.070115
vt 0.016119 0.085621
vt 0.000047 0.105142
vt 0.016119 0.117948
vt 0.000080 0.140202
vt 0.016119 0.150275
vt 0.000037 0.175285
vt 0.016119 0.182602
vt 0.000003 0.210342
vt 0.016119 0.214929
vt 0.000076 0.245380
vt 0.016119 0.279583
vt 0.000132 0.280455
vt 0.000096 0.315538
vt 0.016119 0.344237
vt 0.000015 0.350580
vt 0.000034 0.385626
vt 0.016119 0.408890
vt 0.000150 0.420708
vt 0.000182 0.455822
vt 0.016119 0.473544
vt 0.000089 0.490869
vt 0.016119 0.517230
vt 0.000000 0.525860
vt 0.000000 0.560917
vt 0.032238 0.525859
vt 0.032238 0.560917
vt 0.032238 -0.105135
vt 0.032238 -0.070119
vt 0.032238 -0.035093
vt 0.032238 0.000012
vt 0.032238 0.035098
vt 0.032238 0.070115
vt 0.032238 0.105117
vt 0.032238 0.140170
vt 0.032238 0.175273
vt 0.032238 0.210340
vt 0.032238 0.245317
vt 0.032238 0.280350
vt 0.032238 0.315462
vt 0.032238 0.350569
vt 0.032238 0.385589
vt 0.032238 0.420524
vt 0.032238 0.455570
vt 0.032238 0.490730
vt 0.000037 -0.175283
vt 0.000001 -0.210343
vt 0.000036 -0.245394
vt 0.000048 -0.280461
vt 0.000012 -0.315519
vt 0.000007 -0.350573
vt 0.000023 -0.385637
vt 0.000005 -0.420690
vt 0.000007 -0.455746
vt 0.000007 -0.490806
vt 0.906013 0.040579
vt 0.337459 0.000007
vt 0.906013 -0.000000
vt 0.337459 -0.040579
vt 0.906013 -0.040579
vt 0.906013 -0.081158
vt 0.337459 -0.081158
vt 0.906013 -0.121737
vt 0.337459 -0.121737
vt 0.906013 -0.162316
vt 0.337459 -0.162316
vt 0.906013 -0.202895
vt 0.337459 -0.202895
vt 0.906013 -0.243473
vt 0.337459 -0.243473
vt 0.906013 -0.284052
vt 0.337459 -0.284052
vt 0.906013 -0.324631
vt 0.337459 -0.324631
vt 0.906013 -0.365210
vt 0.337459 -0.365210
vt 0.906013 -0.405789
vt 0.337459 -0.405789
vt 0.906013 -0.446368
vt 0.337459 -0.446368
vt 0.906013 -0.486947
vt 0.337459 -0.486947
vt 0.906013 0.486947
vt 0.337459 0.486947
vt 0.906013 0.446368
vt 0.337459 0.446368
vt 0.906013 0.405789
vt 0.337459 0.405789
vt 0.906013 0.365210
vt 0.337459 0.365210
vt 0.906013 0.324631
vt 0.337459 0.324631
vt 0.906013 0.284052
vt 0.337459 0.284052
vt 0.906013 0.243473
vt 0.337459 0.243473
vt 0.906013 0.202895
vt 0.337459 0.202895
vt 0.906013 0.162316
vt 0.337459 0.162316
vt 0.906013 0.121737
vt 0.337459 0.121737
vt 0.906013 0.081158
vt 0.337459 0.081158
vt 0.337459 0.040579
vt -0.088120 0.033185
vt -0.086669 0.000012
vt -0.229830 -0.459230
vt -0.231095 -0.486947
vt -0.231095 0.486947
vt -0.229830 0.459231
vt -0.226009 0.431300
vt -0.219770 0.403047
vt -0.211350 0.374489
vt -0.200984 0.345597
vt -0.188924 0.316219
vt -0.175619 0.286351
vt -0.161609 0.256061
vt -0.147428 0.225444
vt -0.133609 0.194481
vt -0.120708 0.163005
vt -0.109253 0.131065
vt -0.099702 0.098769
vt -0.092509 0.066140
vt -0.088139 -0.033178
vt -0.092513 -0.066143
vt -0.099694 -0.098789
vt -0.109247 -0.131072
vt -0.120707 -0.163002
vt -0.133609 -0.194484
vt -0.147436 -0.225493
vt -0.161627 -0.256133
vt -0.175638 -0.286393
vt -0.188924 -0.316215
vt -0.200990 -0.345611
vt -0.211432 -0.374607
vt -0.219870 -0.403166
vt -0.226057 -0.431345
vt -0.047739 -2.787439
vt -0.047739 -2.831684
vt -0.044769 -2.762082
vt -0.042435 -2.831684
vt -0.041720 -2.762082
vt -0.037130 -2.831684
vt -0.038671 -2.762082
vt -0.031826 -2.831684
vt -0.035623 -2.762082
vt -0.031826 -2.762082
vt -0.035623 -2.692479
vt -0.031826 -2.692479
vt -0.035623 -2.622877
vt -0.031826 -2.622877
vt -0.035623 -2.553275
vt -0.031826 -2.553275
vt -0.035623 -2.483673
vt -0.031826 -2.483673
vt -0.035623 -2.414071
vt -0.031826 -2.414071
vt -0.035623 -2.344469
vt -0.031826 -2.344469
vt -0.035623 -2.274867
vt -0.031826 -2.274867
vt -0.035623 -2.184125
vt -0.031826 -2.184125
vt -0.035623 -2.093383
vt -0.031826 -2.093383
vt -0.035623 -1.957911
vt -0.031826 -1.957911
vt -0.035623 -1.822440
vt -0.031826 -1.822440
vt -0.035623 -1.678338
vt -0.031826 -1.678338
vt -0.035623 -1.559415
vt -0.031826 -1.559415
vt -0.035623 -1.506548
vt -0.031826 -1.506548
vt -0.035623 -1.453682
vt -0.031826 -1.453682
vt -0.035623 -1.394690
vt -0.031826 -1.394690
vt -0.035623 -1.335698
vt -0.031826 -1.335698
vt -0.035623 -1.277225
vt -0.031826 -1.277225
vt -0.035623 -1.218752
vt -0.031826 -1.218752
vt -0.035623 -1.137251
vt -0.031826 -1.137251
vt -0.035623 -1.055750
vt -0.031826 -1.055750
vt -0.035623 -0.974249
vt -0.031826 -0.974249
vt -0.035623 -0.892749
vt -0.031826 -0.892749
vt -0.035623 -0.786992
vt -0.031826 -0.786992
vt -0.035623 -0.681235
vt -0.031826 -0.681235
vt -0.035623 -0.575479
vt -0.031826 -0.575479
vt -0.035623 -0.469722
vt -0.031826 -0.469722
vt -0.035623 -0.411007
vt -0.031826 -0.411007
vt -0.035623 -0.352292
vt -0.031826 -0.352292
vt -0.035623 -0.293576
vt -0.031826 -0.293576
vt -0.035623 -0.234861
vt -0.031826 -0.234861
vt -0.031826 -0.176854
vt -0.028807 -0.176855
vt -0.028807 -0.117431
vt -0.025787 -0.117431
vt -0.028807 -0.058715
vt -0.025787 -0.058715
vt -0.031826 0.000000
vt -0.026522 0.000000
vt -0.022768 -0.058715
vt -0.019749 -0.058715
vt -0.019749 -0.117431
vt -0.015913 -0.117431
vt -0.019749 -0.176857
vt -0.015913 -0.176858
vt -0.019749 -0.234861
vt -0.015913 -0.234861
vt -0.015913 -0.293576
vt -0.010636 -0.293576
vt -0.010636 -0.352292
vt -0.005359 -0.352292
vt -0.005359 -0.411007
vt -0.000026 -0.353792
vt -0.000052 -0.442177
vt -0.005359 -0.469722
vt -0.000008 -0.530907
vt -0.005359 -0.575479
vt -0.005359 -0.681235
vt -0.010636 -0.575479
vt -0.010636 -0.681235
vt -0.015913 -0.575479
vt -0.015913 -0.681235
vt -0.019749 -0.575479
vt -0.019749 -0.681235
vt -0.022768 -0.575479
vt -0.022768 -0.681235
vt -0.025787 -0.575479
vt -0.025787 -0.681235
vt -0.028807 -0.575479
vt -0.028807 -0.681235
vt -0.026522 -2.831684
vt -0.028807 -2.762082
vt -0.028807 -2.692479
vt -0.028807 -2.622877
vt -0.028807 -2.553275
vt -0.028807 -2.483673
vt -0.028807 -2.414071
vt -0.028807 -2.344469
vt -0.028807 -2.274867
vt -0.028807 -2.184125
vt -0.028807 -2.093383
vt -0.028807 -1.957911
vt -0.028807 -1.822440
vt -0.028807 -1.678338
vt -0.028807 -1.559415
vt -0.028807 -1.506548
vt -0.028807 -1.453682
vt -0.028807 -1.394690
vt -0.028807 -1.335698
vt -0.028807 -1.277225
vt -0.028807 -1.218752
vt -0.028807 -1.137251
vt -0.028807 -1.055750
vt -0.028807 -0.974249
vt -0.028807 -0.892749
vt -0.028807 -0.786992
vt -0.021217 -2.831684
vt -0.025787 -2.762082
vt -0.025787 -2.692479
vt -0.025787 -2.622877
vt -0.025787 -2.553275
vt -0.025787 -2.483673
vt -0.025787 -2.414071
vt -0.025787 -2.344469
vt -0.025787 -2.274867
vt -0.025787 -2.184125
vt -0.025787 -2.093383
vt -0.025787 -1.957911
vt -0.025787 -1.822440
vt -0.025787 -1.678338
vt -0.025787 -1.559415
vt -0.025787 -1.506548
vt -0.025787 -1.453682
vt -0.025787 -1.394690
vt -0.025787 -1.335698
vt -0.025787 -1.277225
vt -0.025787 -1.218752
vt -0.025787 -1.137251
vt -0.025787 -1.055750
vt -0.025787 -0.974249
vt -0.025787 -0.892749
vt -0.025787 -0.786992
vt -0.022768 -2.762082
vt -0.015913 -2.831684
vt -0.019749 -2.762082
vt -0.015913 -2.762082
vt -0.019749 -2.692479
vt -0.015913 -2.692479
vt -0.019749 -2.622877
vt -0.015913 -2.622877
vt -0.019749 -2.553275
vt -0.015913 -2.553275
vt -0.019749 -2.483673
vt -0.015913 -2.483673
vt -0.019749 -2.414071
vt -0.015913 -2.414071
vt -0.019749 -2.344469
vt -0.015913 -2.344469
vt -0.019749 -2.274867
vt -0.015913 -2.274867
vt -0.019749 -2.184125
vt -0.015913 -2.184125
vt -0.019749 -2.093383
vt -0.015913 -2.093383
vt -0.019749 -1.957911
vt -0.015913 -1.957911
vt -0.019749 -1.822440
vt -0.015913 -1.822440
vt -0.019749 -1.678338
vt -0.015913 -1.678338
vt -0.019749 -1.559415
vt -0.015913 -1.559415
vt -0.019749 -1.506548
vt -0.015913 -1.506548
vt -0.019749 -1.453682
vt -0.015913 -1.453682
vt -0.019749 -1.394690
vt -0.015913 -1.394690
vt -0.019749 -1.335698
vt -0.015913 -1.335698
vt -0.019749 -1.277225
vt -0.015913 -1.277225
vt -0.019749 -1.218752
vt -0.015913 -1.218752
vt -0.019749 -1.137251
vt -0.015913 -1.137251
vt -0.019749 -1.055750
vt -0.015913 -1.055750
vt -0.019749 -0.974249
vt -0.015913 -0.974249
vt -0.019749 -0.892749
vt -0.015913 -0.892749
vt -0.019749 -0.786992
vt -0.015913 -0.786992
vt -0.010609 -2.831684
vt -0.010636 -2.762082
vt -0.010636 -2.692479
vt -0.010636 -2.622877
vt -0.010636 -2.553275
vt -0.010636 -2.483673
vt -0.010636 -2.414071
vt -0.010636 -2.344469
vt -0.010636 -2.274867
vt -0.010636 -2.184125
vt -0.010636 -2.093383
vt -0.010636 -1.957911
vt -0.010636 -1.822440
vt -0.010636 -1.678338
vt -0.010636 -1.559415
vt -0.010636 -1.506548
vt -0.010636 -1.453682
vt -0.010636 -1.394690
vt -0.010636 -1.335698
vt -0.010636 -1.277225
vt -0.010636 -1.218752
vt -0.010636 -1.137251
vt -0.010636 -1.055750
vt -0.010636 -0.974249
vt -0.010636 -0.892749
vt -0.010636 -0.786992
vt -0.005304 -2.831684
vt -0.005359 -2.762082
vt -0.005359 -2.692479
vt -0.005359 -2.622877
vt -0.005359 -2.553275
vt -0.005359 -2.483673
vt -0.005359 -2.414071
vt -0.005359 -2.344469
vt -0.005359 -2.274867
vt -0.005359 -2.184125
vt -0.005359 -2.093383
vt -0.005359 -1.957911
vt -0.005359 -1.822440
vt -0.005359 -1.678338
vt -0.005359 -1.559415
vt -0.005359 -1.506548
vt -0.005359 -1.453682
vt -0.005359 -1.394690
vt -0.005359 -1.335698
vt -0.005359 -1.277225
vt -0.005359 -1.218752
vt -0.005359 -1.137251
vt -0.005359 -1.055750
vt -0.005359 -0.974249
vt -0.005359 -0.892749
vt -0.005359 -0.786992
vt -0.000000 -2.831684
vt -0.000000 -2.787439
vt -0.000000 -2.743196
vt -0.000000 -2.698950
vt -0.000001 -2.654709
vt -0.000003 -2.610474
vt -0.000001 -2.566215
vt -0.000009 -2.477771
vt -0.000000 -2.389233
vt -0.000006 -2.300783
vt -0.000004 -2.123782
vt -0.000033 -1.946727
vt -0.000035 -1.769756
vt -0.000002 -1.592816
vt -0.000064 -1.548422
vt -0.000040 -1.504258
vt -0.000001 -1.482209
vt 0.000061 -1.460068
vt 0.000118 -1.437921
vt 0.000047 -1.415821
vt 0.000005 -1.393731
vt 0.000041 -1.371700
vt 0.000049 -1.349613
vt 0.000022 -1.327424
vt -0.000023 -1.283135
vt -0.000057 -1.238958
vt -0.000004 -1.061887
vt -0.000007 -0.884900
vt -0.000017 -0.707828
vt -0.005359 -0.293576
vt -0.000004 -0.265458
vt -0.005359 -0.234861
vt -0.000018 -0.221152
vt -0.005359 -0.176860
vt -0.000023 -0.176861
vt -0.000013 -0.132647
vt -0.005359 -0.117431
vt -0.000001 -0.088479
vt -0.005359 -0.058715
vt -0.000000 -0.044245
vt -0.005304 0.000000
vt -0.010609 0.000000
vt -0.010636 -0.058715
vt -0.010636 -0.117431
vt -0.010636 -0.176859
vt -0.015913 0.000000
vt -0.015913 -0.058715
vt -0.021217 0.000000
vt -0.031826 -0.058715
vt -0.037130 0.000000
vt -0.035623 -0.058715
vt -0.038671 -0.058715
vt -0.035623 -0.117431
vt -0.038671 -0.117431
vt -0.038671 -0.176852
vt -0.041720 -0.176852
vt -0.041720 -0.234861
vt -0.044769 -0.234861
vt -0.041720 -0.293576
vt -0.044769 -0.293576
vt -0.041720 -0.352292
vt -0.044769 -0.352292
vt -0.041720 -0.411007
vt -0.044769 -0.411007
vt -0.041720 -0.469722
vt -0.044769 -0.469722
vt -0.041720 -0.575479
vt -0.044769 -0.575479
vt -0.041720 -0.681235
vt -0.044769 -0.681235
vt -0.041720 -0.786992
vt -0.044769 -0.786992
vt -0.041720 -0.892749
vt -0.044769 -0.892749
vt -0.041720 -0.974249
vt -0.044769 -0.974249
vt -0.041720 -1.055750
vt -0.044769 -1.055750
vt -0.041720 -1.137251
vt -0.044769 -1.137251
vt -0.041720 -1.218752
vt -0.044769 -1.218752
vt -0.041720 -1.277225
vt -0.044769 -1.277225
vt -0.041720 -1.335698
vt -0.044769 -1.335698
vt -0.041720 -1.394690
vt -0.044769 -1.394690
vt -0.041720 -1.453682
vt -0.044769 -1.453682
vt -0.041720 -1.506548
vt -0.044769 -1.506548
vt -0.041720 -1.559415
vt -0.044769 -1.559415
vt -0.041720 -1.678338
vt -0.044769 -1.678338
vt -0.041720 -1.822440
vt -0.044769 -1.822440
vt -0.041720 -1.957911
vt -0.044769 -1.957911
vt -0.041720 -2.093383
vt -0.044769 -2.093383
vt -0.041720 -2.184125
vt -0.044769 -2.184125
vt -0.041720 -2.274867
vt -0.044769 -2.274867
vt -0.041720 -2.344469
vt -0.044769 -2.344469
vt -0.041720 -2.414071
vt -0.044769 -2.414071
vt -0.041720 -2.483673
vt -0.044769 -2.483673
vt -0.041720 -2.553275
vt -0.044769 -2.553275
vt -0.041720 -2.622877
vt -0.044769 -2.622877
vt -0.041720 -2.692479
vt -0.044769 -2.692479
vt -0.042435 0.000000
vt -0.041720 -0.058715
vt -0.041720 -0.117431
vt -0.044769 -0.117431
vt -0.044769 -0.176851
vt -0.047703 -0.132643
vt -0.047679 -0.176850
vt -0.044769 -0.058715
vt -0.047739 0.000000
vt -0.047738 -0.044245
vt -0.047735 -0.088479
vt -0.047727 -0.265454
vt -0.047722 -0.353774
vt -0.047698 -0.442140
vt -0.047732 -0.530902
vt -0.047753 -0.619373
vt -0.047764 -0.707818
vt -0.047756 -0.884896
vt -0.047745 -1.061886
vt -0.047748 -1.150374
vt -0.047814 -1.238940
vt -0.047767 -1.283129
vt -0.047712 -1.327429
vt -0.047695 -1.371705
vt -0.047734 -1.393731
vt -0.047691 -1.415821
vt -0.047617 -1.437914
vt -0.047674 -1.460061
vt -0.047784 -1.504266
vt -0.047816 -1.548439
vt -0.047741 -1.592817
vt -0.047756 -1.681299
vt -0.047800 -1.769772
vt -0.047818 -1.946745
vt -0.047746 -2.123784
vt -0.047739 -2.212253
vt -0.047739 -2.300787
vt -0.047739 -2.389233
vt -0.047729 -2.477777
vt -0.047738 -2.566216
vt -0.047737 -2.654710
vt -0.047738 -2.698950
vt -0.047737 -2.743196
vt -0.022768 -2.692479
vt -0.022768 -2.622877
vt -0.022768 -2.553275
vt -0.022768 -2.483673
vt -0.022768 -2.414071
vt -0.022768 -2.344469
vt -0.022768 -2.274867
vt -0.022768 -2.184125
vt -0.022768 -2.093383
vt -0.022768 -1.957911
vt -0.022768 -1.822440
vt -0.022768 -1.678338
vt -0.022768 -1.559415
vt -0.022768 -1.506548
vt -0.022768 -1.453682
vt -0.022768 -1.394690
vt -0.022768 -1.335698
vt -0.022768 -1.277225
vt -0.022768 -1.218752
vt -0.022768 -1.137251
vt -0.022768 -1.055750
vt -0.022768 -0.974249
vt -0.022768 -0.892749
vt -0.022768 -0.786992
vt -0.038671 -2.692479
vt -0.038671 -2.622877
vt -0.038671 -2.553275
vt -0.038671 -2.483673
vt -0.038671 -2.414071
vt -0.038671 -2.344469
vt -0.038671 -2.274867
vt -0.038671 -2.184125
vt -0.038671 -2.093383
vt -0.038671 -1.957911
vt -0.038671 -1.822440
vt -0.038671 -1.678338
vt -0.038671 -1.559415
vt -0.038671 -1.506548
vt -0.038671 -1.453682
vt -0.038671 -1.394690
vt -0.038671 -1.335698
vt -0.038671 -1.277225
vt -0.038671 -1.218752
vt -0.038671 -1.137251
vt -0.038671 -1.055750
vt -0.038671 -0.974249
vt -0.038671 -0.892749
vt -0.038671 -0.786992
vt -0.038671 -0.681235
vt -0.038671 -0.575479
vt -0.038671 -0.469722
vt -0.038671 -0.411007
vt -0.038671 -0.352292
vt -0.038671 -0.293576
vt -0.038671 -0.234861
vt -0.035623 -0.176853
vt -0.031826 -0.117431
vt -0.028807 -0.469722
vt -0.028807 -0.411007
vt -0.028807 -0.352292
vt -0.028807 -0.293576
vt -0.028807 -0.234861
vt -0.025787 -0.176855
vt -0.022768 -0.117431
vt -0.025787 -0.469722
vt -0.025787 -0.411007
vt -0.025787 -0.352292
vt -0.025787 -0.293576
vt -0.025787 -0.234861
vt -0.022768 -0.176856
vt -0.022768 -0.469722
vt -0.022768 -0.411007
vt -0.022768 -0.352292
vt -0.022768 -0.293576
vt -0.022768 -0.234861
vt -0.019749 -0.469722
vt -0.019749 -0.411007
vt -0.019749 -0.352292
vt -0.019749 -0.293576
vt -0.015913 -0.469722
vt -0.015913 -0.411007
vt -0.015913 -0.352292
vt -0.010636 -0.469722
vt -0.010636 -0.411007
vt -0.010636 -0.234861
vt -0.800000 -0.075922
vt -0.595088 -0.036785
vt -0.800000 -0.000000
vt -0.596802 0.000000
vt -0.595087 0.036784
vt -0.800000 -0.151844
vt -0.581419 -0.109649
vt -0.589950 -0.073392
vt -0.800000 -0.227765
vt -0.554416 -0.180415
vt -0.569546 -0.145377
vt -0.800000 -0.303687
vt -0.491070 -0.280087
vt -0.536178 -0.214644
vt -0.436056 -0.341309
vt -0.800000 -0.379609
vt -0.373198 -0.398117
vt -0.800000 -0.455531
vt -0.231424 -0.500791
vt -0.800000 -0.531453
vt -0.077705 -0.593627
vt -0.800000 -0.607375
vt 0.078830 -0.683747
vt -0.800000 -0.683296
vt -0.800000 -0.759218
vt 0.226045 -0.781888
vt -0.800000 -0.835140
vt 0.258012 -0.810139
vt 0.284976 -0.840911
vt 0.295729 -0.857420
vt 0.304035 -0.874764
vt -0.800000 -0.911062
vt 0.309310 -0.892746
vt 0.311216 -0.911052
vt 0.309430 -0.929365
vt 0.309430 0.892759
vt -0.800000 0.911062
vt 0.304103 0.874882
vt -0.800000 0.835140
vt 0.295767 0.857598
vt 0.284946 0.840993
vt 0.257929 0.810136
vt -0.800000 0.759218
vt 0.226232 0.781933
vt 0.078753 0.683781
vt -0.800000 0.683296
vt -0.800000 0.607375
vt -0.077783 0.593667
vt -0.800000 0.531453
vt -0.231455 0.500719
vt -0.800000 0.455531
vt -0.373187 0.398118
vt -0.800000 0.379609
vt -0.436069 0.340998
vt -0.800000 0.303687
vt -0.491075 0.279963
vt -0.800000 0.227765
vt -0.536169 0.214627
vt -0.554375 0.180344
vt -0.800000 0.151844
vt -0.569485 0.145258
vt -0.581381 0.109562
vt -0.800000 0.075922
vt -0.589947 0.073382
vt -0.077004 -0.123930
vt 0.043082 -0.062251
vt -0.100030 -0.090658
vt -0.130884 -0.064480
vt -0.057726 0.048979
vt -0.167462 -0.047179
vt -0.126162 0.081349
vt -0.207271 -0.039934
vt -0.200644 0.094903
vt -0.276096 0.088718
vt 0.068585 -0.133531
vt -0.063373 -0.162028
vt 0.074770 -0.208983
vt -0.060067 -0.202356
vt -0.067311 -0.242166
vt 0.061216 -0.283465
vt -0.084612 -0.278743
vt 0.028847 -0.351901
vt -0.110791 -0.309597
vt -0.020133 -0.409627
vt -0.144063 -0.332624
vt -0.082383 -0.452710
vt -0.182161 -0.346255
vt -0.153664 -0.478213
vt -0.222489 -0.349561
vt -0.229116 -0.484398
vt -0.303598 -0.470844
vt -0.262298 -0.342316
vt -0.372034 -0.438474
vt -0.298876 -0.325015
vt -0.429760 -0.389495
vt -0.329730 -0.298837
vt -0.472843 -0.327244
vt -0.352757 -0.265565
vt -0.498345 -0.255964
vt -0.366387 -0.227466
vt -0.369693 -0.187139
vt -0.504530 -0.180512
vt -0.362449 -0.147329
vt -0.490976 -0.106030
vt -0.345148 -0.110751
vt -0.458607 -0.037594
vt -0.318969 -0.079898
vt -0.409627 0.020133
vt -0.285697 -0.056871
vt -0.347377 0.063215
vt -0.247599 -0.043240
vt -1.435853 -0.499484
vt -1.185791 -0.298733
vt -1.421375 -0.482507
vt -1.411021 -0.462743
vt -1.405308 -0.441175
vt -1.404519 -0.418876
vt -1.408694 -0.396958
vt -1.417624 -0.376512
vt -0.908079 -0.138396
vt -0.724804 0.023488
vt -0.711562 0.005531
vt -0.694668 -0.009044
vt -0.674963 -0.019510
vt -0.653427 -0.025346
vt -0.631134 -0.026261
vt -0.609192 -0.022211
vt 1.417624 -0.376512
vt 1.185791 -0.298733
vt 0.908079 -0.138396
vt 0.724804 0.023488
vt 0.711562 0.005531
vt 0.694668 -0.009044
vt 0.674963 -0.019510
vt 0.653427 -0.025346
vt 0.631134 -0.026261
vt 0.609192 -0.022211
vt 1.435853 -0.499484
vt 1.421375 -0.482507
vt 1.411021 -0.462743
vt 1.405308 -0.441175
vt 1.404519 -0.418876
vt 1.408694 -0.396958
vt 0.180278 0.000000
vt -0.180278 -0.000000
vt 0.180278 -0.523599
vt -0.180278 -0.523599
vt 0.180278 -1.047198
vt -0.180278 -1.047198
vt 0.180278 -1.570796
vt -0.180278 -1.570796
vt 0.180278 -2.094395
vt -0.180278 -2.094395
vt 0.180278 -2.617994
vt -0.180278 -2.617994
vt 0.180278 -3.141593
vt -0.180278 -3.141593
vt 0.180278 -3.665191
vt -0.180278 -3.665191
vt 0.180278 -4.188790
vt -0.180278 -4.188790
vt 0.180278 -4.712389
vt -0.180278 -4.712389
vt 0.180278 -5.235988
vt -0.180278 -5.235988
vt 0.180278 -5.759587
vt -0.180278 -5.759587
vt 1.835259 3.891756
vt 1.645448 4.350000
vt 1.900000 3.400000
vt 1.343503 4.743503
vt 0.950000 5.045448
vt 0.491756 5.235259
vt 0.950000 -5.045448
vt 1.900000 -3.400000
vt 0.491756 -5.235259
vt 0.000000 5.300000
vt 0.000000 -5.300000
vt -0.491756 -5.235259
vt -0.491756 5.235259
vt -0.950000 -5.045448
vt -0.950000 5.045448
vt -1.900000 -3.400000
vt -1.900000 3.400000
vt -1.343503 4.743503
vt -1.645448 4.350000
vt -1.835259 3.891756
vt -1.835259 -3.891756
vt -1.645448 -4.350000
vt -1.343503 -4.743503
vt 1.343503 -4.743503
vt 1.645448 -4.350000
vt 1.835259 -3.891756
vt -0.700000 0.000000
vt -0.000000 -0.549779
vt -0.700000 -0.549779
vt -0.000000 -1.099557
vt -0.700000 -1.099557
vt -0.000000 -1.649336
vt -0.700000 -1.649336
vt 0.000000 -2.199115
vt -0.700000 -2.199115
vt 0.000000 -2.748894
vt -0.700000 -2.748894
vt 0.000000 -3.298672
vt -0.700000 -3.298672
vt 0.000000 -3.848451
vt -0.700000 -3.848451
vt 0.000000 -4.398230
vt -0.700000 -4.398230
vt -0.000000 -4.948008
vt -0.700000 -4.948008
vt 0.000000 -5.497787
vt -0.700000 -5.497787
vt 0.000000 -6.047566
vt -0.700000 -6.047566
vt -0.000000 -6.597345
vt -0.700000 -6.597345
vt 0.000000 0.797654
vt -0.296741 0.416359
vt -0.401644 0.211471
vt -0.475958 0.000000
vt -0.335667 1.174723
vt -3.114333 1.174723
vt -3.450000 0.797654
vt -3.450000 0.000000
vt -2.698377 1.460789
vt -0.751623 1.460789
vt -2.226170 1.639321
vt -1.223830 1.639321
vt -1.725000 1.700000
vt -0.089728 0.000000
vt -0.164041 0.211471
vt -0.565685 0.000000
vt -0.268944 0.416359
vt -0.565685 0.797654
vt 1.788447 2.061553
vt -1.788447 2.061553
vt 2.125000 1.725000
vt -2.125000 1.725000
vt 2.125000 -1.725000
vt -2.125000 -1.725000
vt 1.788447 -2.061553
vt -1.788447 -2.061553
vt -0.001826 0.046775
vt 0.481665 0.200000
vt -0.034315 0.200000
vt 0.393045 0.473141
vt -0.105354 0.339595
vt 0.236750 0.714038
vt -0.210102 0.456048
vt 0.023432 0.906274
vt -0.341421 0.541421
vt -0.232372 1.036750
vt -0.490362 0.589898
vt -0.513230 1.096572
vt -0.646775 0.598174
vt -0.800000 1.081665
vt -0.800000 0.565685
vt -1.073141 0.993045
vt -0.939595 0.494646
vt -1.314038 0.836750
vt -1.056048 0.389898
vt -1.506274 0.623432
vt -1.141421 0.258579
vt -1.636750 0.367628
vt -1.189898 0.109638
vt -1.696572 0.086770
vt -1.198174 -0.046775
vt -1.681665 -0.200000
vt -1.165685 -0.200000
vt -1.593045 -0.473141
vt -1.094646 -0.339595
vt -1.436750 -0.714038
vt -0.989898 -0.456048
vt -1.223432 -0.906274
vt -0.858579 -0.541421
vt -0.967628 -1.036750
vt -0.709638 -0.589898
vt -0.686770 -1.096572
vt -0.553225 -0.598174
vt -0.400000 -1.081665
vt -0.400000 -0.565685
vt -0.126859 -0.993045
vt -0.260405 -0.494646
vt 0.114038 -0.836750
vt -0.143952 -0.389898
vt 0.306274 -0.623432
vt -0.058579 -0.258579
vt 0.436750 -0.367628
vt -0.010102 -0.109638
vt 0.496572 -0.086770
vt -0.025000 -0.086861
vt 0.025000 0.201119
vt -0.025000 0.201119
vt 0.025000 0.489098
vt -0.025000 0.489098
vt 0.025000 0.777077
vt -0.025000 0.777077
vt 0.025000 1.065057
vt -0.025000 1.065057
vt 0.025000 1.353036
vt -0.025000 1.353036
vt 0.025000 1.641015
vt -0.025000 1.641015
vt 0.025000 1.928995
vt -0.025000 1.928995
vt 0.025000 2.216974
vt -0.025000 2.216974
vt 0.025000 2.504953
vt -0.025000 2.504953
vt 0.025000 2.792933
vt -0.025000 2.792933
vt 0.025000 3.080912
vt -0.025000 3.080912
vt 0.025000 3.368891
vt -0.025000 3.368891
vt -0.025000 -3.542613
vt 0.025000 -3.542613
vt 0.025000 -3.254633
vt -0.025000 -3.254633
vt 0.025000 -2.966654
vt -0.025000 -2.966654
vt 0.025000 -2.678675
vt -0.025000 -2.678675
vt 0.025000 -2.390695
vt -0.025000 -2.390695
vt 0.025000 -2.102716
vt -0.025000 -2.102716
vt 0.025000 -1.814737
vt -0.025000 -1.814737
vt 0.025000 -1.526757
vt -0.025000 -1.526757
vt 0.025000 -1.238778
vt -0.025000 -1.238778
vt 0.025000 -0.950799
vt -0.025000 -0.950799
vt 0.025000 -0.662819
vt -0.025000 -0.662819
vt 0.025000 -0.374840
vt -0.025000 -0.374840
vt 0.025000 -0.086861
vt -0.106066 -0.452670
vt 0.106066 0.194809
vt -0.106066 0.205856
vt 0.106066 0.853335
vt -0.106066 0.864382
vt 0.106066 1.511861
vt -0.106066 1.522908
vt 0.106066 2.170387
vt -0.106066 2.181435
vt 0.106066 2.828913
vt -0.106066 2.839961
vt 0.106066 3.487440
vt -0.106066 3.498487
vt 0.106066 4.145966
vt -0.106066 4.157013
vt 0.106066 4.804492
vt -0.106066 4.815539
vt 0.106066 5.463018
vt -0.106066 5.474065
vt 0.106066 6.121544
vt -0.106066 6.132591
vt 0.106066 6.780070
vt -0.106066 6.791118
vt 0.106066 7.438596
vt -0.106066 7.449644
vt 0.106066 8.097123
vt -0.106066 8.108170
vt 0.106066 8.755649
vt -0.106066 8.766696
vt -0.106066 -8.354984
vt 0.106066 -8.366031
vt 0.106066 -7.707505
vt -0.106066 -7.696458
vt 0.106066 -7.048979
vt -0.106066 -7.037932
vt 0.106066 -6.390453
vt -0.106066 -6.379405
vt 0.106066 -5.731927
vt -0.106066 -5.720879
vt 0.106066 -5.073400
vt -0.106066 -5.062353
vt 0.106066 -4.414874
vt -0.106066 -4.403827
vt 0.106066 -3.756348
vt -0.106066 -3.745301
vt 0.106066 -3.097822
vt -0.106066 -3.086775
vt 0.106066 -2.439296
vt -0.106066 -2.428248
vt 0.106066 -1.780770
vt -0.106066 -1.769722
vt 0.106066 -1.122244
vt -0.106066 -1.111196
vt 0.106066 -0.463717
vt -0.040444 -0.474184
vt 0.193326 0.200000
vt -0.007152 0.200000
vt 0.066517 0.884917
vt -0.136170 0.862561
vt -0.214826 1.522129
vt -0.420001 1.474992
vt -0.635537 2.077282
vt -0.842148 2.001703
vt -1.172934 2.520448
vt -1.378078 2.412082
vt -1.798047 2.827736
vt -1.996646 2.682279
vt -2.477176 2.982580
vt -2.661901 2.796592
vt -3.173708 2.976633
vt -3.335182 2.748378
vt -3.850093 2.810214
vt -3.977361 2.540437
vt -4.469868 2.492296
vt -4.551115 2.184856
vt -4.999620 2.040018
vt -5.023101 1.702299
vt -5.410789 1.477762
vt -5.365889 1.120810
vt -5.681210 0.835839
vt -5.559556 0.474184
vt -5.796305 0.148856
vt -5.592848 -0.200000
vt -5.749868 -0.546152
vt -5.463830 -0.862561
vt -5.544402 -1.211716
vt -5.179999 -1.474992
vt -5.190986 -1.811957
vt -4.757852 -2.001703
vt -4.708670 -2.314515
vt -4.221922 -2.412082
vt -4.123458 -2.692296
vt -3.603354 -2.682279
vt -3.466898 -2.924935
vt -2.938099 -2.796592
vt -2.774385 -2.999891
vt -2.264818 -2.748378
vt -2.083253 -2.913121
vt -1.622639 -2.540437
vt -1.430761 -2.669304
vt -1.048885 -2.184856
vt -0.852085 -2.281584
vt -0.576899 -1.702299
vt -0.378422 -1.770864
vt -0.234111 -1.120810
vt -0.035306 -1.164676
vt 0.158764 -0.495699
vt -0.250000 -0.497983
vt 0.250000 0.200148
vt -0.250000 0.200148
vt 0.250000 0.898280
vt -0.250000 0.898280
vt 0.250000 1.596412
vt -0.250000 1.596412
vt 0.250000 2.294544
vt -0.250000 2.294544
vt 0.250000 2.992675
vt -0.250000 2.992675
vt 0.250000 3.690807
vt -0.250000 3.690807
vt 0.250000 4.388939
vt -0.250000 4.388939
vt 0.250000 5.087070
vt -0.250000 5.087070
vt 0.250000 5.785202
vt -0.250000 5.785202
vt 0.250000 6.483334
vt -0.250000 6.483334
vt 0.250000 7.181465
vt -0.250000 7.181465
vt 0.250000 7.879597
vt -0.250000 7.879597
vt 0.250000 8.577729
vt -0.250000 8.577729
vt 0.250000 9.275861
vt -0.250000 9.275861
vt -0.250000 -9.573695
vt 0.250000 -9.573695
vt 0.250000 -8.875564
vt -0.250000 -8.875564
vt 0.250000 -8.177432
vt -0.250000 -8.177432
vt 0.250000 -7.479300
vt -0.250000 -7.479300
vt 0.250000 -6.781169
vt -0.250000 -6.781169
vt 0.250000 -6.083037
vt -0.250000 -6.083037
vt 0.250000 -5.384905
vt -0.250000 -5.384905
vt 0.250000 -4.686773
vt -0.250000 -4.686773
vt 0.250000 -3.988642
vt -0.250000 -3.988642
vt 0.250000 -3.290510
vt -0.250000 -3.290510
vt 0.250000 -2.592378
vt -0.250000 -2.592378
vt 0.250000 -1.894247
vt -0.250000 -1.894247
vt 0.250000 -1.196115
vt -0.250000 -1.196115
vt 0.250000 -0.497983
vt -0.453319 0.000000
vt -0.217593 0.061990
vt 0.000000 0.110204
vt -0.217593 0.123980
vt -0.217593 0.185969
vt -0.725311 0.185969
vt -0.725311 0.247959
vt -1.051701 0.247959
vt -1.051701 0.309949
vt -1.214896 0.309949
vt -1.214896 0.371939
vt -1.378090 0.371939
vt -1.378090 0.433928
vt -1.486887 0.433928
vt -1.486887 0.495918
vt -1.595684 0.495918
vt -1.595684 0.557908
vt -1.704480 0.557908
vt -1.704480 0.619898
vt -1.813277 0.619898
vt 0.000000 0.220408
vt -0.217593 0.247959
vt -0.725311 0.309949
vt -1.051701 0.371939
vt -1.214896 0.433928
vt -1.378090 0.495918
vt -1.486887 0.557908
vt -1.595684 0.619898
vt -1.704480 0.681887
vt -1.813277 0.681887
vt 0.000000 0.330612
vt -0.217593 0.309949
vt -0.725311 0.371939
vt -1.051701 0.433928
vt -1.214896 0.495918
vt -1.378090 0.557908
vt -1.486887 0.619898
vt -1.595684 0.681887
vt -1.704480 0.743877
vt -1.813277 0.743877
vt -0.217593 0.371939
vt 0.000000 0.440816
vt -0.217593 0.433928
vt -0.217593 0.495918
vt -0.725311 0.495918
vt -0.725311 0.557908
vt -1.051701 0.557908
vt -1.051701 0.619898
vt -1.214896 0.619898
vt -1.214896 0.681887
vt -1.378090 0.681887
vt -1.378090 0.743877
vt -1.486887 0.743877
vt -1.486887 0.805867
vt -1.595684 0.805867
vt -1.595684 0.867857
vt -1.704480 0.867857
vt -1.704480 0.929846
vt -1.813277 0.929846
vt 0.000000 0.551020
vt -0.217593 0.557908
vt -0.725311 0.619898
vt -1.051701 0.681887
vt -1.214896 0.743877
vt -1.378090 0.805867
vt -1.486887 0.867857
vt -1.595684 0.929846
vt -1.704480 0.991836
vt -1.813277 0.991836
vt -0.217593 0.619898
vt 0.000000 0.661224
vt -0.217593 0.681887
vt -0.217593 0.743877
vt -0.725311 0.743877
vt -0.725311 0.805867
vt -1.051701 0.805867
vt -1.051701 0.867857
vt -1.214896 0.867857
vt -1.214896 0.929846
vt -1.378090 0.929846
vt -1.378090 0.991836
vt -1.486887 0.991836
vt -1.486887 1.060714
vt -1.595684 1.060714
vt -1.595684 1.129591
vt -1.704480 1.129591
vt -1.704480 1.198469
vt -1.813277 1.198469
vt 0.000000 0.771428
vt -0.217593 0.805867
vt -0.725311 0.867857
vt -1.051701 0.929846
vt -1.214896 0.991836
vt -1.378090 1.060714
vt -1.486887 1.129591
vt -1.595684 1.198469
vt -1.704480 1.267346
vt -1.813277 1.267346
vt 0.000000 0.881632
vt -0.217593 0.867857
vt -0.725311 0.929846
vt -1.051701 0.991836
vt -1.214896 1.060714
vt -1.378090 1.129591
vt -1.486887 1.198469
vt -1.595684 1.267346
vt -1.704480 1.336224
vt -1.813277 1.336224
vt -0.217593 0.929846
vt 0.000000 0.991836
vt -0.217593 0.991836
vt -0.217593 1.060714
vt -0.725311 1.060714
vt -0.725311 1.129591
vt -1.051701 1.129591
vt -1.051701 1.198469
vt -1.214896 1.198469
vt -1.214896 1.267346
vt -1.378090 1.267346
vt -1.378090 1.336224
vt -1.486887 1.336224
vt -1.486887 1.405101
vt -1.595684 1.405101
vt -1.595684 1.473979
vt -1.704480 1.473979
vt -1.704480 1.542856
vt -1.813277 1.542856
vt 0.000000 1.102040
vt -0.217593 1.129591
vt -0.725311 1.198469
vt -1.051701 1.267346
vt -1.214896 1.336224
vt -1.378090 1.405101
vt -1.486887 1.473979
vt -1.595684 1.542856
vt -1.704480 1.611734
vt -1.813277 1.611734
vt 0.000000 1.212244
vt -0.217593 1.198469
vt -0.725311 1.267346
vt -1.051701 1.336224
vt -1.214896 1.405101
vt -1.378090 1.473979
vt -1.486887 1.542856
vt -1.595684 1.611734
vt -1.704480 1.680611
vt -1.813277 1.680611
vt -0.217593 1.267346
vt 0.000000 1.322448
vt -0.217593 1.336224
vt -0.217593 1.405101
vt -0.725311 1.405101
vt -0.725311 1.473979
vt -1.051701 1.473979
vt -1.051701 1.542856
vt -1.214896 1.542856
vt -1.214896 1.611734
vt -1.378090 1.611734
vt -1.378090 1.680611
vt -1.486887 1.680611
vt -1.486887 1.749489
vt -1.595684 1.749489
vt -1.595684 1.818366
vt -1.704480 1.818366
vt -1.704480 1.887244
vt -1.813277 1.887244
vt 0.000000 1.432652
vt -0.217593 1.473979
vt -0.725311 1.542856
vt -1.051701 1.611734
vt -1.214896 1.680611
vt -1.378090 1.749489
vt -1.486887 1.818366
vt -1.595684 1.887244
vt -1.704480 1.956121
vt -1.813277 1.956121
vt 0.000000 1.542856
vt -0.217593 1.542856
vt -0.725311 1.611734
vt -1.051701 1.680611
vt -1.214896 1.749489
vt -1.378090 1.818366
vt -1.486887 1.887244
vt -1.595684 1.956121
vt -1.704480 2.024999
vt -1.813277 2.024999
vt -0.217593 1.611734
vt 0.000000 1.653060
vt -0.217593 1.680611
vt 0.000000 1.763264
vt -0.217593 1.749489
vt -0.217593 1.818366
vt -0.725311 1.818366
vt -0.725311 1.887244
vt -1.051701 1.887244
vt -1.051701 1.956121
vt -1.214896 1.956121
vt -1.214896 2.024999
vt -1.378090 2.024999
vt -1.378090 2.093876
vt -1.486887 2.093876
vt -1.486887 2.162754
vt -1.595684 2.162754
vt -1.595684 2.231631
vt -1.704480 2.231631
vt -1.704480 2.300509
vt -1.813277 2.300509
vt 0.000000 1.873468
vt -0.217593 1.887244
vt -0.725311 1.956121
vt -1.051701 2.024999
vt -1.214896 2.093876
vt -1.378090 2.162754
vt -1.486887 2.231631
vt -1.595684 2.300509
vt -1.704480 2.369386
vt -1.813277 2.369386
vt -0.217593 1.956121
vt 0.000000 1.983672
vt -0.217593 2.024999
vt 0.000000 2.093876
vt -0.217593 2.093876
vt -0.217593 2.162754
vt -0.725311 2.162754
vt -0.725311 2.231631
vt -1.051701 2.231631
vt -1.051701 2.300509
vt -1.214896 2.300509
vt -1.214896 2.369386
vt -1.378090 2.369386
vt -1.378090 2.438264
vt -1.486887 2.438264
vt -1.486887 2.507141
vt -1.595684 2.507141
vt -1.595684 2.576019
vt -1.704480 2.576019
vt -1.699947 2.644896
vt -1.756612 2.644896
vt 0.000000 2.204080
vt -0.217593 2.231631
vt -0.725311 2.300509
vt -1.051701 2.369386
vt -1.214896 2.438264
vt -1.378090 2.507141
vt -1.486887 2.576019
vt -1.586617 2.644896
vt 0.000000 2.314284
vt -0.217593 2.300509
vt -0.725311 2.369386
vt -1.051701 2.438264
vt -1.214896 2.507141
vt -1.378090 2.576019
vt -1.473288 2.644896
vt -0.217593 2.369386
vt 0.000000 2.424488
vt -0.217593 2.438264
vt -0.217593 2.507141
vt -0.725311 2.507141
vt -0.725311 2.576019
vt -1.051701 2.576019
vt -0.906638 2.644896
vt -1.133298 2.644896
vt 0.000000 2.534692
vt -0.217593 2.576019
vt -0.453319 2.644896
vt 0.000000 2.644896
vt -1.214896 2.576019
vt -1.359958 2.644896
vt -1.813277 2.644896
vt -1.813277 0.061990
vt -1.756612 0.000000
vt -1.704480 0.061990
vt -1.699947 0.000000
vt -1.595684 0.061990
vt -1.586617 0.000000
vt -1.486887 0.061990
vt -1.473288 0.000000
vt -1.378090 0.061990
vt -1.359958 0.000000
vt -1.214896 0.061990
vt -1.133298 0.000000
vt -1.051701 0.061990
vt -0.906638 0.000000
vt -0.725311 0.061990
vt -1.813277 2.576019
vt -1.704480 2.507141
vt -1.813277 2.507141
vt -1.704480 2.438264
vt -1.813277 2.438264
vt -1.813277 2.231631
vt -1.704480 2.162754
vt -1.813277 2.162754
vt -1.704480 2.093876
vt -1.813277 2.093876
vt -1.813277 1.818366
vt -1.704480 1.749489
vt -1.813277 1.473979
vt -1.704480 1.405101
vt -1.813277 1.405101
vt -1.813277 1.129591
vt -1.704480 1.060714
vt -1.813277 1.060714
vt -1.704480 0.805867
vt -1.813277 0.805867
vt -1.813277 0.557908
vt -1.704480 0.495918
vt -1.813277 0.495918
vt -1.704480 0.433928
vt -1.813277 0.433928
vt -1.704480 0.371939
vt -1.813277 0.371939
vt -1.704480 0.309949
vt -1.813277 0.309949
vt -1.704480 0.247959
vt -1.813277 0.247959
vt -1.704480 0.185969
vt -1.813277 0.185969
vt -1.704480 0.123980
vt -1.813277 0.123980
vt -0.725311 0.123980
vt -1.051701 0.123980
vt -1.051701 0.185969
vt -1.214896 0.123980
vt -1.214896 0.185969
vt -1.214896 0.247959
vt -1.378090 0.123980
vt -1.378090 0.185969
vt -1.378090 0.247959
vt -1.378090 0.309949
vt -1.486887 0.123980
vt -1.486887 0.185969
vt -1.486887 0.247959
vt -1.486887 0.309949
vt -1.486887 0.371939
vt -1.595684 0.123980
vt -1.595684 0.185969
vt -1.595684 0.247959
vt -1.595684 0.309949
vt -1.595684 0.371939
vt -1.595684 0.433928
vt -0.725311 0.433928
vt -1.051701 0.495918
vt -1.214896 0.557908
vt -1.378090 0.619898
vt -1.486887 0.681887
vt -1.595684 0.743877
vt -0.725311 0.681887
vt -1.051701 0.743877
vt -1.214896 0.805867
vt -1.378090 0.867857
vt -1.486887 0.929846
vt -1.595684 0.991836
vt -1.813277 0.867857
vt -0.725311 0.991836
vt -1.051701 1.060714
vt -1.214896 1.129591
vt -1.378090 1.198469
vt -1.486887 1.267346
vt -1.595684 1.336224
vt -0.725311 1.336224
vt -1.051701 1.405101
vt -1.214896 1.473979
vt -1.378090 1.542856
vt -1.486887 1.611734
vt -1.595684 1.680611
vt -1.813277 1.749489
vt -0.725311 1.680611
vt -1.051701 1.749489
vt -1.214896 1.818366
vt -1.378090 1.887244
vt -1.486887 1.956121
vt -1.595684 2.024999
vt -0.725311 1.749489
vt -1.051701 1.818366
vt -1.214896 1.887244
vt -1.378090 1.956121
vt -1.486887 2.024999
vt -1.595684 2.093876
vt -0.725311 2.024999
vt -1.051701 2.093876
vt -1.214896 2.162754
vt -1.378090 2.231631
vt -1.486887 2.300509
vt -1.595684 2.369386
vt -0.725311 2.093876
vt -1.051701 2.162754
vt -1.214896 2.231631
vt -1.378090 2.300509
vt -1.486887 2.369386
vt -1.595684 2.438264
vt -0.725311 2.438264
vt -1.051701 2.507141
vt -0.500000 -0.157080
vt 0.500000 -0.110257
vt -0.500000 -0.000000
vt 0.500000 0.046823
vt -0.500000 0.157080
vt 0.500000 0.203902
vt -0.500000 0.314159
vt 0.500000 0.360982
vt -0.500000 0.471239
vt 0.500000 0.518061
vt -0.500000 0.628319
vt 0.500000 0.675141
vt -0.500000 0.785398
vt 0.500000 0.832221
vt -0.500000 0.942478
vt 0.500000 0.989300
vt -0.500000 1.099557
vt 0.500000 1.146380
vt -0.500000 1.256637
vt 0.500000 1.303460
vt -0.500000 1.413717
vt 0.500000 1.460539
vt -0.500000 1.570796
vt 0.500000 1.617619
vt -0.500000 1.727876
vt 0.500000 1.774698
vt -0.500000 1.884956
vt -0.500000 -1.884956
vt 0.500000 -1.995213
vt 0.500000 -1.838133
vt -0.500000 -1.727876
vt 0.500000 -1.681053
vt -0.500000 -1.570796
vt 0.500000 -1.523974
vt -0.500000 -1.413717
vt 0.500000 -1.366894
vt -0.500000 -1.256637
vt 0.500000 -1.209815
vt -0.500000 -1.099557
vt 0.500000 -1.052735
vt -0.500000 -0.942478
vt 0.500000 -0.895655
vt -0.500000 -0.785398
vt 0.500000 -0.738576
vt -0.500000 -0.628319
vt 0.500000 -0.581496
vt -0.500000 -0.471239
vt 0.500000 -0.424416
vt -0.500000 -0.314159
vt 0.500000 -0.267337
vt 5.663236 -0.387788
vt 6.210923 0.000000
vt 5.663236 0.155859
vt 6.210923 0.349488
vt 6.210923 0.699374
vt 6.758609 0.699241
vt 6.210923 1.048463
vt 6.758609 1.048463
vt 6.210923 1.397951
vt 6.758609 1.397951
vt 6.696475 1.564019
vt 6.769796 1.499337
vt 6.854148 1.451842
vt 6.945373 1.420980
vt 7.039542 1.406011
vt 7.306295 1.048463
vt 7.306295 0.699108
vt 7.853982 0.834432
vt 7.306295 0.349488
vt 7.853982 0.222829
vt 7.306295 0.000000
vt 7.306295 -0.349488
vt 6.758609 0.000000
vt 6.758609 -0.349488
vt 6.210923 -0.349488
vt 6.210923 -0.698976
vt 5.663236 -0.931436
vt 6.210923 -1.048463
vt 5.663236 -1.475084
vt 6.210923 -1.397951
vt 6.210923 -1.747439
vt 6.639072 -1.644320
vt 6.617929 -1.689205
vt 6.602477 -1.736413
vt 6.593056 -1.785207
vt 6.210923 -2.096927
vt 6.589893 -1.834811
vt 6.593059 -1.884413
vt 6.602483 -1.933193
vt 6.618035 -1.980259
vt 6.639233 -2.025049
vt 6.696475 -2.105602
vt 6.210923 -2.446414
vt 6.758609 -2.446414
vt 6.758609 -2.795902
vt 7.306295 -2.795902
vt 7.306295 -3.145390
vt 7.853982 -2.835190
vt 7.853982 -3.446793
vt 7.306295 -3.494878
vt 7.306295 -3.844366
vt 6.758609 -3.494878
vt 6.758609 -3.844366
vt 6.210923 -3.494878
vt 6.210923 -3.844366
vt 5.663236 -3.649674
vt 5.663236 -4.193322
vt 5.663236 -2.018731
vt 5.663236 -2.562379
vt 6.210923 -2.795902
vt 5.663236 -3.106027
vt 6.210923 -3.145390
vt 6.210923 -4.193455
vt 5.663236 -4.736970
vt 6.210923 -4.543341
vt 6.210923 -4.892829
vt 6.758609 -4.892829
vt 6.769899 -5.168849
vt 6.854396 -5.121169
vt 5.663236 -5.280617
vt 6.210923 -5.242317
vt 6.696452 -5.233595
vt 6.639072 -5.313942
vt 6.210923 -5.591804
vt 6.617929 -5.358826
vt 6.602477 -5.406035
vt 6.593056 -5.454829
vt 6.589893 -5.504433
vt 6.593059 -5.554034
vt 6.602483 -5.602815
vt 6.210923 -5.941292
vt 6.618035 -5.649881
vt 6.639233 -5.694671
vt 6.696475 -5.775224
vt 6.758609 -5.941292
vt 6.769796 -5.839906
vt 6.854148 -5.887401
vt 6.945373 -5.918263
vt 7.039542 -5.933233
vt 6.758609 -6.290780
vt 7.306295 -6.290780
vt 7.306295 -6.640268
vt 7.853982 -6.504811
vt 7.306295 -6.989756
vt 7.853982 -7.116415
vt 7.306295 -7.339243
vt 7.306295 -7.688731
vt 7.306295 6.989756
vt 7.306295 7.339243
vt 6.758609 7.339243
vt 6.758609 6.989756
vt 6.210923 7.339243
vt 6.210923 6.989756
vt 5.663236 7.223279
vt 5.663236 6.679631
vt 5.663236 -5.824265
vt 5.663236 -6.367913
vt 6.210923 -6.290780
vt 6.210923 -6.640268
vt 6.758609 -6.640268
vt 6.758609 -6.989756
vt 5.663236 -6.911560
vt 6.210923 -6.989756
vt 6.758609 -7.339243
vt 5.663236 7.766926
vt 6.210923 7.688731
vt 6.210923 -7.339243
vt 6.210923 6.640268
vt 5.663236 6.135983
vt 6.210923 6.290780
vt 6.210923 5.941292
vt 6.758609 5.941292
vt 6.696452 5.775270
vt 6.769899 5.840016
vt 5.663236 5.592336
vt 6.210923 5.592025
vt 6.639072 5.694923
vt 6.617929 5.650039
vt 6.602477 5.602830
vt 6.210923 5.242317
vt 6.593056 5.554036
vt 6.589893 5.504433
vt 6.593059 5.454831
vt 6.602483 5.406050
vt 6.618035 5.358984
vt 6.639233 5.314194
vt 6.696475 5.233641
vt 6.210923 5.058383
vt 6.758609 5.068077
vt 6.758609 4.892829
vt 6.945373 5.090602
vt 7.039542 5.075632
vt 7.306295 4.892829
vt 7.134632 5.074734
vt 7.322533 5.109179
vt 7.501353 5.185955
vt 7.853982 5.115657
vt 7.584975 5.240598
vt 7.661646 5.308722
vt 7.695291 5.349358
vt 7.723768 5.395588
vt 7.853982 5.727261
vt 7.743856 5.447815
vt 7.749426 5.475732
vt 7.751293 5.504448
vt 7.749304 5.533151
vt 7.743786 5.561233
vt 7.723797 5.613412
vt 7.695373 5.659512
vt 7.661454 5.700179
vt 7.584981 5.768281
vt 7.501429 5.823017
vt 7.853982 6.338865
vt 7.306295 5.941292
vt 7.306295 6.290780
vt 7.134713 5.934060
vt 6.758609 6.290780
vt 7.039603 5.933185
vt 6.945360 5.918289
vt 6.854396 5.887696
vt 5.663236 5.048688
vt 5.663236 4.505040
vt 6.210923 4.892829
vt 5.663236 3.961393
vt 6.210923 4.193853
vt 6.210923 4.543341
vt 6.758609 4.543341
vt 7.306295 4.543341
vt 6.210923 3.844366
vt 5.663236 3.417745
vt 6.210923 3.494878
vt 6.210923 3.145390
vt 6.758609 3.145390
vt 6.758609 2.795902
vt 7.306295 2.795902
vt 7.306295 2.446414
vt 7.853982 2.669243
vt 7.501429 2.153395
vt 7.853982 2.057639
vt 7.584981 2.098660
vt 7.661454 2.030558
vt 5.663236 2.874097
vt 6.210923 2.795902
vt 6.758609 2.446414
vt 7.039603 2.263563
vt 7.134713 2.264438
vt 5.663236 2.330450
vt 6.210923 2.446414
vt 6.769899 2.170395
vt 6.854396 2.218074
vt 6.210923 2.096927
vt 5.663236 1.786802
vt 6.210923 1.747439
vt 5.663236 1.243154
vt 5.663236 0.699507
vt 7.322601 5.899862
vt 6.854148 5.121464
vt 6.769796 5.168959
vt 6.593059 1.785209
vt 6.589893 1.834811
vt 6.593056 1.884414
vt 6.602477 1.933209
vt 6.617929 1.980417
vt 6.639072 2.025301
vt 6.696452 2.105648
vt 6.945360 2.248667
vt 7.322601 2.230241
vt 7.695373 1.989890
vt 7.723797 1.943790
vt 7.743786 1.891611
vt 7.749304 1.863529
vt 7.751293 1.834826
vt 7.749426 1.806111
vt 7.743856 1.778193
vt 7.723768 1.725966
vt 7.853982 1.446036
vt 7.695291 1.679736
vt 7.661646 1.639100
vt 7.584975 1.570977
vt 7.501353 1.516333
vt 7.306295 1.397951
vt 7.322533 1.439557
vt 7.306295 1.403403
vt 7.134632 1.405112
vt 6.639233 1.644572
vt 6.618035 1.689363
vt 6.602483 1.736429
vt 7.853982 3.280847
vt 7.306295 3.145390
vt 6.758609 3.494878
vt 7.306295 3.494878
vt 7.853982 3.892450
vt 7.306295 3.844366
vt 7.306295 4.193853
vt 6.758609 4.193853
vt 7.853982 4.504054
vt 7.306295 6.640268
vt 7.853982 6.950468
vt 7.853982 -7.728018
vt 7.853982 -5.893208
vt 7.306295 -5.941292
vt 7.134632 -5.934132
vt 7.306295 -5.935840
vt 7.322533 -5.899687
vt 7.501353 -5.822910
vt 7.584975 -5.768267
vt 7.661646 -5.700143
vt 7.695291 -5.659507
vt 7.723768 -5.613277
vt 7.853982 -5.281604
vt 7.743856 -5.561051
vt 7.749426 -5.533133
vt 7.751293 -5.504417
vt 7.749304 -5.475714
vt 7.743786 -5.447632
vt 7.723797 -5.395453
vt 7.695373 -5.349353
vt 7.661454 -5.308686
vt 7.584981 -5.240584
vt 7.501429 -5.185848
vt 7.853982 -4.670000
vt 7.306295 -4.892829
vt 7.306295 -4.543341
vt 6.758609 -4.543341
vt 7.306295 -4.193721
vt 6.758609 -4.193588
vt 7.853982 -4.058397
vt 7.853982 -2.223586
vt 7.306295 -2.446414
vt 7.039542 -2.263611
vt 6.945373 -2.248641
vt 7.853982 -1.611982
vt 7.723768 -1.943655
vt 7.695291 -1.989885
vt 7.661646 -2.030521
vt 7.853982 -1.000379
vt 7.501429 -1.516227
vt 7.584981 -1.570962
vt 7.661454 -1.639064
vt 7.853982 -0.388775
vt 7.306295 -0.698976
vt 7.306295 -1.048463
vt 7.306295 -1.397951
vt 7.134713 -1.405183
vt 7.322601 -1.439381
vt 6.696452 -1.563974
vt 6.758609 -1.397951
vt 6.758609 -1.048463
vt 6.758609 -0.698976
vt 6.769899 -1.499227
vt 6.854396 -1.451547
vt 6.945360 -1.420955
vt 7.039603 -1.406059
vt 7.695373 -1.679731
vt 7.723797 -1.725832
vt 7.743786 -1.778010
vt 7.749304 -1.806093
vt 7.751293 -1.834796
vt 7.749426 -1.863511
vt 7.743856 -1.891429
vt 7.584975 -2.098645
vt 7.501353 -2.153288
vt 7.306295 -2.307919
vt 7.322533 -2.230065
vt 7.134632 -2.264510
vt 6.854148 -2.217779
vt 6.769796 -2.170285
vt 6.945360 -5.090576
vt 7.039603 -5.075680
vt 7.134713 -5.074805
vt 7.322601 -5.109003
vt 6.758609 0.349488
vt 6.758609 -3.145390
vt 6.758609 6.640268
vt 6.758609 3.844366
vt -0.003428 -0.086770
vt 1.542442 0.200000
vt -0.018335 0.200000
vt 1.417794 0.826566
vt 0.062062 0.905520
vt 0.081285 0.939055
vt 0.093821 0.975353
vt 1.146822 1.405095
vt 0.099263 1.013011
vt 0.097449 1.050601
vt 0.088217 1.086696
vt 0.071569 1.119719
vt 0.745272 1.901965
vt 0.048358 1.148346
vt 0.019695 1.171526
vt -0.013312 1.188207
vt 0.236481 2.288300
vt -0.049404 1.197483
vt -0.086991 1.199286
vt -0.124645 1.193820
vt -0.349980 2.541647
vt -0.160948 1.181288
vt -0.194535 1.162114
vt -0.732372 1.036750
vt -0.224318 1.137186
vt -0.249277 1.107436
vt -0.268405 1.073815
vt -0.476568 0.906274
vt -0.280975 1.037520
vt -0.286530 0.999893
vt -0.284656 0.962290
vt -0.275331 0.926177
vt -0.258820 0.893039
vt -0.263250 0.714038
vt -0.235709 0.864291
vt -0.206963 0.841178
vt -0.173832 0.824836
vt -0.137742 0.815678
vt -0.100139 0.813738
vt -0.106955 0.473141
vt -0.062473 0.819048
vt -0.026199 0.831605
vt 0.007329 0.850841
vt 0.037080 0.875797
vt 1.513521 -0.438189
vt -0.063250 -0.367628
vt 0.062114 -0.905465
vt 0.037186 -0.875682
vt 0.007436 -0.850723
vt -0.026185 -0.831595
vt -0.193726 -0.623432
vt -0.062480 -0.819025
vt -0.100107 -0.813470
vt -0.137710 -0.815344
vt -0.173823 -0.824669
vt -0.206961 -0.841180
vt -0.385962 -0.836750
vt -0.235709 -0.864291
vt -0.258822 -0.893037
vt -0.275164 -0.926168
vt -0.284322 -0.962258
vt -0.286262 -0.999861
vt -0.626859 -0.993045
vt -0.280952 -1.037527
vt -0.268395 -1.073801
vt -0.249159 -1.107329
vt -0.224203 -1.137080
vt -0.900000 -1.081665
vt -0.194480 -1.162062
vt -0.582947 -2.599068
vt -0.160945 -1.181285
vt 0.024026 -2.399805
vt -0.124647 -1.193821
vt -0.086989 -1.199263
vt -0.049399 -1.197449
vt 0.565675 -2.061074
vt -0.013304 -1.188217
vt 0.019719 -1.171569
vt 0.048346 -1.148358
vt 1.010521 -1.602561
vt 0.071526 -1.119695
vt 0.088207 -1.086688
vt 0.097483 -1.050596
vt 0.099286 -1.013009
vt 1.332711 -1.050913
vt 0.093820 -0.975355
vt 0.081288 -0.939052
vt -1.219969 -2.647283
vt -1.186770 -1.096572
vt -1.850020 -2.541647
vt -1.467628 -1.036750
vt -2.005465 -1.162114
vt -1.975682 -1.137186
vt -1.950723 -1.107436
vt -1.931595 -1.073815
vt -1.723432 -0.906274
vt -1.919025 -1.037520
vt -1.913470 -0.999893
vt -1.915344 -0.962290
vt -1.924669 -0.926177
vt -1.941180 -0.893039
vt -1.936750 -0.714038
vt -1.964291 -0.864291
vt -1.993037 -0.841178
vt -2.026168 -0.824836
vt -2.062258 -0.815678
vt -2.099861 -0.813738
vt -2.093045 -0.473141
vt -2.137527 -0.819048
vt -2.173801 -0.831605
vt -2.207329 -0.850841
vt -2.237080 -0.875797
vt -2.181665 -0.200000
vt -2.262062 -0.905520
vt -3.617794 -0.826566
vt -2.281285 -0.939055
vt -2.293821 -0.975353
vt -3.346822 -1.405095
vt -2.299263 -1.013011
vt -2.297449 -1.050601
vt -2.288217 -1.086696
vt -2.271569 -1.119719
vt -2.945272 -1.901965
vt -2.248358 -1.148346
vt -2.219695 -1.171526
vt -2.186688 -1.188207
vt -2.436481 -2.288300
vt -2.150596 -1.197483
vt -2.113009 -1.199286
vt -2.075355 -1.193820
vt -2.039052 -1.181288
vt -3.742442 -0.200000
vt -2.196572 0.086770
vt -3.713521 0.438189
vt -2.136750 0.367628
vt -2.262114 0.905465
vt -2.237186 0.875682
vt -2.207436 0.850723
vt -2.173815 0.831595
vt -2.006274 0.623432
vt -2.137520 0.819025
vt -2.099893 0.813470
vt -2.062290 0.815344
vt -2.026177 0.824669
vt -1.993039 0.841180
vt -1.814038 0.836750
vt -1.964291 0.864291
vt -1.941178 0.893037
vt -1.924836 0.926168
vt -1.915678 0.962258
vt -1.913738 0.999861
vt -1.573141 0.993045
vt -1.919048 1.037527
vt -1.931605 1.073801
vt -1.950841 1.107329
vt -1.975797 1.137080
vt -1.300000 1.081665
vt -2.005520 1.162062
vt -1.617053 2.599068
vt -2.039055 1.181285
vt -2.224026 2.399805
vt -2.075353 1.193821
vt -2.113011 1.199263
vt -2.150601 1.197449
vt -2.765675 2.061074
vt -2.186696 1.188217
vt -2.219719 1.171569
vt -2.248346 1.148358
vt -3.210521 1.602561
vt -2.271526 1.119695
vt -2.288207 1.086688
vt -2.297483 1.050596
vt -2.299286 1.013009
vt -3.532711 1.050913
vt -2.293820 0.975355
vt -2.281288 0.939052
vt -0.980031 2.647283
vt -1.013230 1.096572
vt 0.080997 -0.323790
vt 0.052204 -0.264051
vt 0.084853 -0.356039
vt -0.084853 -0.874753
vt 0.084853 -1.121360
vt -0.084853 -1.572048
vt 0.084853 -1.886682
vt -0.084853 -2.269342
vt 0.084853 -2.652003
vt -0.084853 -2.966637
vt 0.084853 -3.417324
vt -0.084853 -3.663931
vt 0.084853 -4.182645
vt -0.084853 -4.361226
vt 0.052204 -4.274633
vt -0.022689 -4.336408
vt 0.029925 -4.299237
vt 0.069848 -0.292538
vt 0.029925 -0.239447
vt -0.022689 -0.202276
vt -0.084853 -0.177459
vt 0.069848 -4.246147
vt 0.080997 -4.214894
vt -2.200000 0.350358
vt -1.020000 0.350358
vt -2.200000 1.103466
vt -1.020000 1.103466
vt -2.200000 1.856575
vt -1.020000 1.856575
vt -2.200000 2.609684
vt -1.020000 2.609684
vt -2.200000 3.362792
vt -1.020000 3.362792
vt -2.200000 4.115901
vt -1.020000 4.115901
vt 0.359568 -2.200000
vt 3.753691 0.000000
vt 0.359568 2.200000
vt 3.753691 2.900000
vt -3.046309 2.900000
vt -3.046309 -2.200000
vt -3.046309 -2.900000
vt 3.753691 -2.900000
vt -3.046309 2.200000
vt 0.900000 0.019166
vt 0.000000 0.051991
vt -0.900000 0.019166
vt -1.100000 0.051991
vt -2.200000 0.051991
vt -2.200000 0.103983
vt -1.100000 0.103983
vt -2.200000 0.155974
vt -1.100000 0.155974
vt -2.200000 0.207965
vt 0.000000 0.155974
vt 2.200000 0.207965
vt 1.100000 0.155974
vt 2.200000 0.155974
vt 2.200000 0.103983
vt 1.100000 0.103983
vt 2.200000 0.051991
vt 1.100000 0.051991
vt 1.100000 -0.000000
vt 0.943958 -0.031575
vt 2.200000 -0.051991
vt 1.100000 -0.051991
vt 0.981160 -0.084307
vt 0.996913 -0.113391
vt 1.100000 -0.103983
vt 2.200000 -0.103983
vt 1.009390 -0.144224
vt 2.200000 -0.155974
vt 1.100000 -0.155974
vt 1.017271 -0.176064
vt 1.020000 -0.207965
vt 2.200000 -0.207965
vt -1.100000 -0.000000
vt -0.943958 -0.031575
vt -2.200000 -0.051991
vt -1.100000 -0.051991
vt -0.981160 -0.084307
vt -2.200000 -0.103983
vt -1.100000 -0.103983
vt -0.996913 -0.113391
vt -1.009390 -0.144224
vt -2.200000 -0.155974
vt -1.100000 -0.155974
vt -1.017271 -0.176064
vt -2.200000 -0.207965
vt -1.020000 -0.207965
vt 0.000000 0.103983
vt 0.080876 -2.700000
vt 0.338447 -2.700000
vt 0.080876 -2.105398
vt 0.338447 -2.061972
vt 1.474201 -1.256637
vt 1.427474 -1.336690
vt 2.700000 -1.256637
vt 2.700000 -1.361357
vt 1.410825 -1.378641
vt 1.400145 -1.421775
vt 2.700000 -1.466077
vt 1.396447 -1.465762
vt 1.400044 -1.509749
vt 2.700000 -1.570796
vt 1.410654 -1.552949
vt 1.427238 -1.595027
vt 2.700000 -1.675516
vt 1.473633 -1.674903
vt 1.531288 -1.749914
vt 2.700000 -1.780236
vt 1.595391 -1.821995
vt 2.700000 -1.884956
vt 1.661711 -1.892553
vt 1.728175 -1.962973
vt 2.700000 -1.989675
vt 1.793012 -2.034333
vt 2.700000 -2.094395
vt 1.854513 -2.107616
vt 1.911110 -2.183290
vt 2.700000 -2.199115
vt 1.961245 -2.261880
vt 2.700000 -2.303835
vt 2.003624 -2.343300
vt 2.700000 -2.408554
vt 2.037310 -2.427292
vt 2.700000 -2.513274
vt 2.061972 -2.513274
vt -0.000000 -1.474201
vt 0.000000 -2.700000
vt 0.257571 -1.605398
vt 0.257571 -2.700000
vt 2.061972 -1.256637
vt 2.037215 -1.342467
vt 2.003521 -1.426477
vt 1.961258 -1.508047
vt 1.911097 -1.586497
vt 1.854510 -1.662234
vt 1.793017 -1.735572
vt 1.728191 -1.806936
vt 1.661737 -1.877369
vt 1.595455 -1.947894
vt 1.531646 -2.019891
vt 1.473810 -2.094953
vt 1.427211 -2.174878
vt 1.410625 -2.216891
vt 1.400146 -2.260184
vt 1.396539 -2.304173
vt 1.400146 -2.348141
vt 1.410840 -2.391367
vt 1.427514 -2.433431
vt 1.474201 -2.513274
vt 0.000000 -2.061972
vt 0.257571 -2.105398
vt 0.080876 -1.605398
vt 0.338447 -1.474201
vt 0.000000 2.784918
vt 0.000000 2.190068
vt 0.011484 2.461596
vt 0.011388 2.190057
vt 0.022799 2.190050
vt 0.034208 2.190050
vt 0.024744 2.461596
vt 0.011484 2.733143
vt 0.024744 2.733143
vt 0.011484 3.004689
vt 0.024744 3.004689
vt 0.011484 3.276235
vt 0.024744 3.276235
vt 0.011484 3.491766
vt 0.024744 3.491766
vt 0.011484 3.707298
vt 0.024744 3.707298
vt 0.011484 3.922829
vt 0.024744 3.922829
vt 0.011484 4.138360
vt 0.024744 4.138360
vt 0.011484 4.353892
vt 0.024744 4.353892
vt 0.011484 4.569423
vt 0.045619 2.190057
vt 0.038005 2.461596
vt 0.038005 2.733143
vt 0.038005 3.004689
vt 0.038005 3.276235
vt 0.038005 3.491766
vt 0.038005 3.707298
vt 0.038005 3.922829
vt 0.038005 4.138360
vt 0.038005 4.353892
vt 0.024744 4.569423
vt 0.042663 2.461596
vt 0.057007 2.190068
vt 0.049835 2.461596
vt 0.057007 2.784918
vt 0.049835 2.733143
vt 0.049835 3.004689
vt 0.042663 3.004689
vt 0.042663 3.276235
vt 0.057007 3.379741
vt 0.049835 3.276235
vt 0.042663 3.491766
vt 0.057007 3.974588
vt 0.049835 3.707298
vt 0.049835 3.491766
vt 0.057007 4.569423
vt 0.049835 4.353892
vt 0.049835 4.138360
vt 0.049835 3.922829
vt 0.042663 4.138360
vt 0.042663 3.922829
vt 0.000000 3.379741
vt 0.000000 3.974588
vt 0.042663 3.707298
vt 0.000000 4.569423
vt 0.042663 2.733143
vt 0.042663 4.569423
vt 0.042663 4.353892
vt 0.038005 4.569423
vt 1.970265 0.044717
vt 2.335133 0.044717
vt 2.700000 0.067076
vt 2.700000 0.044717
vt 2.700000 0.022359
vt 2.335133 0.022359
vt 2.700000 -0.000000
vt 2.335133 -0.000000
vt 2.700000 -0.022359
vt 2.335133 -0.022359
vt 2.700000 -0.044717
vt 2.335133 -0.044717
vt 2.700000 -0.067076
vt 1.970265 -0.044717
vt 1.970265 -0.022359
vt 1.970265 -0.000000
vt 1.970265 0.022359
vt 0.080517 -0.124209
vt 0.095698 -0.105565
vt 0.080517 -0.099367
vt 0.079470 -0.075079
vt 0.056314 -0.099367
vt 0.056314 -0.074525
vt 0.032110 -0.074525
vt 0.032110 -0.049684
vt 0.007907 -0.049684
vt 0.015722 -0.025006
vt 0.007907 -0.024981
vt -0.006915 -0.012701
vt -0.016296 -0.024903
vt -0.029432 -0.000000
vt -0.035396 -0.024083
vt 0.059635 -0.054047
vt 0.038079 -0.038234
vt -0.016296 -0.049684
vt -0.039193 -0.049041
vt -0.016296 -0.074525
vt -0.040499 -0.074525
vt -0.039193 -0.100010
vt -0.016296 -0.099367
vt -0.035396 -0.124968
vt -0.016296 -0.124209
vt 0.007907 -0.124209
vt 0.032110 -0.124209
vt 0.056314 -0.124209
vt 0.032110 -0.099367
vt 0.007907 -0.099367
vt 0.007907 -0.074525
vt -2.700000 -0.067076
vt -2.402699 -0.044717
vt -2.402699 -0.022359
vt -2.402699 0.000000
vt -2.402699 0.022359
vt -2.402699 0.044717
vt -2.700000 0.067076
vt -2.700000 0.044717
vt -2.700000 0.022359
vt -2.700000 -0.022359
vt -2.700000 -0.044717
vt 2.176221 2.989634
vt 2.105398 2.680595
vt 2.900000 2.748894
vt 2.700000 2.680595
vt 2.700000 2.359608
vt 2.900000 2.199115
vt 2.700000 2.038622
vt 2.900000 1.649336
vt 2.700000 1.717635
vt 1.605398 1.717635
vt 1.266506 1.288226
vt 2.900000 1.099557
vt 0.874843 0.858817
vt 2.900000 0.549779
vt 0.446728 0.429409
vt 2.900000 0.000000
vt 2.900000 3.298672
vt 2.200000 3.298672
vt 2.176221 3.607711
vt 2.900000 3.848451
vt 2.105398 3.916750
vt 2.700000 3.916750
vt 2.700000 4.237736
vt 2.900000 4.398230
vt 2.700000 4.558723
vt 2.900000 4.948008
vt 2.700000 4.879710
vt 1.605398 4.879710
vt 1.266506 5.309118
vt 2.900000 5.497787
vt 0.874843 5.738527
vt 2.900000 6.047566
vt 0.446728 6.167936
vt 2.900000 6.597345
vt 0.045619 -2.190010
vt 0.049835 -2.388280
vt 0.057007 -2.190021
vt 0.049835 -2.586557
vt 0.057007 -2.784859
vt 0.049835 -2.784859
vt 0.049835 -2.983111
vt 0.042663 -2.784859
vt 0.042663 -2.983111
vt 0.038005 -2.784859
vt 0.038005 -2.983111
vt 0.024744 -2.784859
vt 0.024744 -2.983111
vt 0.011484 -2.784859
vt 0.011484 -2.983111
vt 0.000000 -2.784859
vt 0.011484 -3.181388
vt 0.000000 -3.379668
vt 0.011484 -3.379668
vt 0.011484 -3.577941
vt 0.024744 -3.577941
vt 0.024744 -3.776218
vt 0.038005 -3.776218
vt 0.038005 -3.974503
vt 0.042663 -3.974503
vt 0.042663 -4.172772
vt 0.049835 -4.172772
vt 0.049835 -4.371049
vt 0.057007 -3.974503
vt 0.057007 -4.569326
vt 0.034208 -2.190004
vt 0.038005 -2.388280
vt 0.042663 -2.388280
vt 0.024744 -2.388280
vt 0.022799 -2.190004
vt 0.011388 -2.190010
vt 0.011484 -2.388280
vt 0.000000 -2.190021
vt 0.011484 -2.586557
vt 0.011484 -3.776218
vt 0.000000 -3.974503
vt 0.011484 -3.974503
vt 0.011484 -4.172772
vt 0.024744 -4.172772
vt 0.024744 -4.371049
vt 0.038005 -4.371049
vt 0.038005 -4.569326
vt 0.011484 -4.371049
vt 0.000000 -4.569326
vt 0.057007 -3.379668
vt 0.049835 -3.776218
vt 0.049835 -3.974503
vt 0.049835 -3.181388
vt 0.049835 -3.379668
vt 0.049835 -3.577941
vt 0.042663 -3.379668
vt 0.042663 -3.577941
vt 0.038005 -3.379668
vt 0.038005 -3.577941
vt 0.024744 -3.379668
vt 0.024744 -4.569326
vt 0.042663 -4.569326
vt 0.042663 -4.371049
vt 0.049835 -4.569326
vt 0.042663 -3.776218
vt 0.042663 -3.181388
vt 0.038005 -3.181388
vt 0.024744 -3.181388
vt 0.024744 -2.586557
vt 0.038005 -2.586557
vt 0.042663 -2.586557
vt 0.038005 -4.172772
vt 0.024744 -3.974503
vt -0.095698 -0.105565
vt -0.080517 -0.124209
vt -0.056314 -0.124209
vt -0.032110 -0.124209
vt -0.007907 -0.124209
vt 0.016296 -0.124209
vt 0.035396 -0.124968
vt 0.016296 -0.099367
vt 0.039193 -0.100010
vt 0.016296 -0.074525
vt 0.040499 -0.074525
vt 0.039193 -0.049041
vt 0.016296 -0.049684
vt 0.035396 -0.024083
vt 0.016296 -0.024903
vt 0.029432 0.000000
vt 0.006915 -0.012701
vt -0.007907 -0.024981
vt -0.015722 -0.025006
vt -0.007907 -0.049684
vt -0.032110 -0.049684
vt -0.007907 -0.074525
vt -0.032110 -0.074525
vt -0.007907 -0.099367
vt -0.032110 -0.099367
vt -0.038079 -0.038234
vt -0.059635 -0.054047
vt -0.056314 -0.074525
vt -0.056314 -0.099367
vt -0.079470 -0.075079
vt -0.080517 -0.099367
vt 2.402699 0.044717
vt 2.402699 0.022359
vt 2.402699 -0.000000
vt 2.402699 -0.022359
vt 2.402699 -0.044717
vt -1.970265 -0.044717
vt -2.335133 -0.044717
vt -2.335133 -0.022359
vt -2.335133 0.000000
vt -2.335133 0.022359
vt -2.335133 0.044717
vt -1.970265 0.044717
vt -1.970265 0.022359
vt -1.970265 -0.000000
vt -1.970265 -0.022359
vt -4.089531 -0.349475
vt 3.089531 -0.000000
vt -4.089531 0.200304
vt 2.642803 0.429409
vt -4.089531 0.750082
vt 2.214688 0.858817
vt -4.089531 1.299861
vt 1.823026 1.288226
vt 1.011493 1.444235
vt 1.066340 1.448708
vt 1.119611 1.461975
vt 1.170244 1.482806
vt 1.261070 1.542097
vt 1.484134 1.717635
vt -4.089531 -0.899254
vt -3.551463 -0.620459
vt -3.498916 -0.402459
vt 0.077979 -0.402459
vt -4.089531 -1.449033
vt -3.835469 -1.274458
vt -3.625641 -0.838459
vt -3.835469 -1.780512
vt -4.089531 -1.998811
vt -3.835469 -2.286565
vt -4.089531 -2.548590
vt -3.835469 -2.792619
vt -4.089531 -3.098369
vt -3.835469 -3.298672
vt -4.089531 -3.648147
vt -3.835469 -3.804726
vt -4.089531 -4.197926
vt -3.835469 -4.310779
vt -4.089531 -4.747705
vt -3.835469 -4.816833
vt -4.089531 -5.297484
vt -3.835469 -5.322886
vt -3.625641 -5.758886
vt -4.089531 -5.847262
vt -3.551463 -5.976886
vt -3.498916 -6.194885
vt -4.089531 -6.397041
vt 0.077979 -6.194885
vt 3.089531 -6.597345
vt 2.642803 -6.167936
vt -4.089531 6.797648
vt -4.089531 6.247869
vt 3.089531 6.597345
vt 2.642803 6.167936
vt -4.089531 5.698091
vt 2.214688 5.738527
vt 1.823026 5.309118
vt -4.089531 5.148312
vt 1.011463 5.153213
vt 0.956589 5.148763
vt 0.903339 5.135604
vt 0.852668 5.114887
vt 0.761688 5.055946
vt 0.685178 4.980529
vt 0.622574 4.893610
vt -4.089531 4.598533
vt 0.573365 4.799413
vt 0.537778 4.699834
vt 0.516697 4.596592
vt 0.511349 4.491487
vt 0.523367 4.386999
vt 0.554282 4.286072
vt -4.089531 4.048755
vt 0.604791 4.192700
vt 0.674462 4.111346
vt 0.761070 4.046503
vt 0.984134 3.916750
vt -4.089531 3.498976
vt 0.913310 3.607711
vt 0.889531 3.298672
vt -4.089531 2.949197
vt 0.913310 2.989634
vt 0.984134 2.680595
vt -4.089531 2.399418
vt 0.761070 2.550842
vt 0.674770 2.485916
vt 0.605117 2.404579
vt 0.554258 2.311269
vt 0.523428 2.210460
vt 0.511384 2.105917
vt -4.089531 1.849640
vt 0.516694 2.000761
vt 0.537791 1.897526
vt 0.573394 1.797948
vt 0.622578 1.703804
vt 0.685192 1.617208
vt 0.761673 1.541596
vt 0.852654 1.482427
vt 0.903244 1.461709
vt 0.956623 1.448696
vt 2.642803 -0.429409
vt 0.130526 -0.620459
vt 2.214688 -0.858817
vt 0.204704 -0.838459
vt 0.414531 -1.274458
vt 0.414531 -1.780512
vt 0.761688 -1.541399
vt 0.852668 -1.482458
vt 0.903339 -1.461740
vt 0.414531 -2.286565
vt 0.516697 -2.000752
vt 0.537778 -1.897510
vt 0.573365 -1.797932
vt 0.414531 -2.792619
vt 0.604791 -2.404644
vt 0.554282 -2.311272
vt 0.523367 -2.210346
vt 0.414531 -3.298672
vt 0.913310 -2.989634
vt 0.984134 -2.680595
vt 0.761070 -2.550842
vt 0.414531 -3.804726
vt 0.913310 -3.607711
vt 0.889531 -3.298672
vt 0.414531 -4.310779
vt 0.674770 -4.111429
vt 0.761070 -4.046503
vt 0.984134 -3.916750
vt 0.414531 -4.816833
vt 0.516694 -4.596584
vt 0.511384 -4.491428
vt 0.523428 -4.386884
vt 0.414531 -5.322886
vt 0.685192 -4.980137
vt 0.622578 -4.893540
vt 0.573394 -4.799396
vt 0.204704 -5.758886
vt 2.214688 -5.738527
vt 1.823026 -5.309118
vt 1.011493 -5.153110
vt 1.066340 -5.148637
vt 1.119611 -5.135369
vt 1.170244 -5.114539
vt 1.261070 -5.055247
vt 1.484134 -4.879710
vt 0.130526 -5.976886
vt 1.066335 5.148637
vt 1.119490 5.135390
vt 1.169979 5.114589
vt 1.261070 5.055247
vt 1.484134 4.879710
vt 0.956623 -5.148649
vt 0.903244 -5.135635
vt 0.852654 -5.114918
vt 0.761673 -5.055749
vt 0.537791 -4.699818
vt 0.554258 -4.286076
vt 0.605117 -4.192765
vt 0.674462 -2.485999
vt 0.511349 -2.105858
vt 0.622574 -1.703735
vt 0.685178 -1.616816
vt 0.956589 -1.448581
vt 1.823026 -1.288226
vt 1.011463 -1.444132
vt 1.066335 -1.448707
vt 1.119490 -1.461955
vt 1.169979 -1.482755
vt 1.261070 -1.542097
vt 1.484134 -1.717635
vt 6.800000 2.900000
vt 0.000000 2.900000
vt 3.394123 2.200000
vt 3.394123 -2.200000
vt -0.000000 -2.900000
vt 6.800000 -2.900000
vt 6.800000 -2.200000
vt 6.800000 2.200000
vt 0.000000 -0.155974
vt -0.900000 -0.019166
vt -0.943958 0.031575
vt -0.981160 0.084307
vt 0.900000 -0.019166
vt 0.943958 0.031575
vt 0.981160 0.084307
vt 1.009390 0.144224
vt 0.996913 0.113391
vt 1.017271 0.176064
vt 1.020000 0.207965
vt 0.000000 -0.051991
vt -0.996913 0.113391
vt -1.009390 0.144224
vt -1.017271 0.176064
vt -1.020000 0.207965
vt 0.000000 -0.103983
vt 0.900000 4.348699
vt -0.900000 4.348699
vt 0.900000 3.640277
vt -0.900000 3.640277
vt 0.900000 2.931856
vt -0.900000 2.931856
vt 0.900000 2.223434
vt -0.900000 2.223434
vt 0.900000 1.515013
vt -0.900000 1.515013
vt 0.900000 0.806591
vt -0.900000 0.806591
vt 0.900000 0.098170
vt -0.900000 0.098170
vt 1.000000 0.282843
vt -0.000000 0.282843
vt 1.000000 -0.282843
vt 0.000000 -0.282843
vt 3.800000 1.000000
vt 0.400000 1.000000
vt 3.800000 0.000000
vt 0.400000 0.000000
vt -1.700000 -2.100000
vt -1.430000 -2.080000
vt -2.100000 -1.700000
vt -2.080000 -1.430000
vt -2.080000 1.430000
vt 1.700000 -2.100000
vt 1.430000 -2.080000
vt 2.100000 -1.700000
vt 2.080000 -1.430000
vt 2.080000 1.430000
vt 2.100000 1.700000
vt 1.430000 2.080000
vt 1.700000 2.100000
vt -1.700000 2.100000
vt -1.430000 2.080000
vt -2.100000 1.700000
vt -1.000000 -0.282843
vt -1.000000 0.282843
vt 0.400000 -0.000000
vt 1.400000 0.459619
vt 1.000000 0.459619
vt 1.400000 -0.459619
vt 1.000000 -0.459619
vt 3.510000 1.400000
vt 0.650000 1.400000
vt 3.510000 1.000000
vt 0.650000 1.000000
vt -1.400000 -0.459619
vt -1.000000 -0.459619
vt -1.400000 0.459619
vt -1.000000 0.459619
s 1
usemtl ABS_(White).007
f 1/1/1 2/2/1 35/3/1
f 35/3/1 2/2/1 3/4/1
f 35/3/1 3/4/1 4/5/1
f 4/5/1 5/6/1 35/3/1
f 35/3/1 5/6/1 6/7/1
f 35/3/1 6/7/1 7/8/1
f 7/8/1 8/9/1 35/3/1
f 35/3/1 8/9/1 9/10/1
f 35/3/1 9/10/1 10/11/1
f 10/11/1 11/12/1 35/3/1
f 35/3/1 11/12/1 30/13/1
f 35/3/1 30/13/1 31/14/1
f 30/13/1 11/12/1 29/15/1
f 29/15/1 11/12/1 12/16/1
f 29/15/1 12/16/1 28/17/1
f 28/17/1 12/16/1 23/18/1
f 28/17/1 23/18/1 27/19/1
f 27/19/1 23/18/1 26/20/1
f 26/20/1 23/18/1 25/21/1
f 25/21/1 23/18/1 24/22/1
f 12/16/1 13/23/1 23/18/1
f 23/18/1 13/23/1 14/24/1
f 23/18/1 14/24/1 15/25/1
f 15/25/1 16/26/1 23/18/1
f 23/18/1 16/26/1 17/27/1
f 23/18/1 17/27/1 18/28/1
f 18/28/1 19/29/1 23/18/1
f 23/18/1 19/29/1 20/30/1
f 23/18/1 20/30/1 21/31/1
f 21/31/1 22/32/1 23/18/1
f 31/14/1 32/33/1 35/3/1
f 35/3/1 32/33/1 33/34/1
f 35/3/1 33/34/1 34/35/1
f 52/36/2 36/37/2 51/38/2
f 51/38/2 36/37/2 37/39/2
f 51/38/2 37/39/2 38/40/2
f 38/40/2 39/41/2 51/38/2
f 51/38/2 39/41/2 40/42/2
f 51/38/2 40/42/2 50/43/2
f 50/43/2 40/42/2 41/44/2
f 50/43/2 41/44/2 42/45/2
f 42/45/2 43/46/2 50/43/2
f 50/43/2 43/46/2 44/47/2
f 50/43/2 44/47/2 45/48/2
f 45/48/2 46/49/2 50/43/2
f 50/43/2 46/49/2 47/50/2
f 50/43/2 47/50/2 48/51/2
f 48/51/2 49/52/2 50/43/2
f 53/53/2 54/54/2 69/55/2
f 69/55/2 54/54/2 68/56/2
f 68/56/2 54/54/2 67/57/2
f 67/57/2 54/54/2 66/58/2
f 66/58/2 54/54/2 65/59/2
f 65/59/2 54/54/2 55/60/2
f 65/59/2 55/60/2 64/61/2
f 64/61/2 55/60/2 63/62/2
f 63/62/2 55/60/2 62/63/2
f 62/63/2 55/60/2 61/64/2
f 61/64/2 55/60/2 60/65/2
f 60/65/2 55/60/2 59/66/2
f 59/66/2 55/60/2 58/67/2
f 58/67/2 55/60/2 57/68/2
f 57/68/2 55/60/2 56/69/2
f 70/70/3 71/71/3 73/72/3
f 73/72/3 71/71/3 72/73/3
f 73/74/3 72/75/3 97/76/4
f 97/76/4 72/75/3 74/77/4
f 97/76/4 74/77/4 96/78/5
f 96/78/5 74/77/4 75/79/5
f 96/78/5 75/79/5 95/80/6
f 95/80/6 75/79/5 76/81/6
f 95/80/6 76/81/6 94/82/7
f 94/82/7 76/81/6 77/83/8
f 94/82/7 77/83/8 93/84/9
f 93/84/9 77/83/8 78/85/9
f 93/84/9 78/85/9 92/86/10
f 92/86/10 78/85/9 79/87/10
f 92/86/10 79/87/10 91/88/11
f 91/88/11 79/87/10 80/89/11
f 91/88/11 80/89/11 90/90/12
f 90/90/12 80/89/11 81/91/12
f 90/90/12 81/91/12 89/92/13
f 89/92/13 81/91/12 82/93/13
f 89/92/13 82/93/13 88/94/14
f 88/94/14 82/93/13 83/95/15
f 88/94/14 83/95/15 87/96/16
f 87/96/16 83/95/15 84/97/16
f 87/96/16 84/97/16 86/98/17
f 86/98/17 84/97/16 85/99/17
f 98/74/17 99/75/17 121/76/18
f 121/76/18 99/75/17 100/77/18
f 121/76/18 100/77/18 120/78/19
f 120/78/19 100/77/18 101/79/19
f 120/78/19 101/79/19 119/80/20
f 119/80/20 101/79/19 102/81/20
f 119/80/20 102/81/20 118/82/21
f 118/82/21 102/81/20 103/83/22
f 118/82/21 103/83/22 117/84/23
f 117/84/23 103/83/22 104/85/23
f 117/84/23 104/85/23 116/86/24
f 116/86/24 104/85/23 105/87/25
f 116/86/24 105/87/25 115/88/26
f 115/88/26 105/87/25 106/89/26
f 115/88/26 106/89/26 114/90/27
f 114/90/27 106/89/26 107/91/27
f 114/90/27 107/91/27 113/92/28
f 113/92/28 107/91/27 108/93/28
f 113/92/28 108/93/28 112/94/29
f 112/94/29 108/93/28 109/95/30
f 112/94/29 109/95/30 111/96/31
f 111/96/31 109/95/30 110/97/31
f 111/96/31 110/97/31 70/98/3
f 70/98/3 110/97/31 71/99/3
f 86/100/17 85/101/17 98/102/17
f 98/102/17 85/101/17 99/103/17
f 23/104/32 98/105/32 24/106/33
f 24/106/33 98/105/32 121/107/33
f 24/106/33 121/107/33 25/108/34
f 25/108/34 121/107/33 120/109/34
f 25/108/34 120/109/34 26/110/35
f 26/110/35 120/109/34 119/111/35
f 26/110/35 119/111/35 27/112/36
f 27/112/36 119/111/35 118/113/36
f 27/112/36 118/113/36 28/114/37
f 28/114/37 118/113/36 117/115/37
f 28/114/37 117/115/37 29/116/38
f 29/116/38 117/115/37 116/117/38
f 29/116/38 116/117/38 30/118/39
f 30/118/39 116/117/38 115/119/39
f 30/118/39 115/119/39 31/120/40
f 31/120/40 115/119/39 114/121/40
f 31/120/40 114/121/40 32/122/41
f 32/122/41 114/121/40 113/123/41
f 32/122/41 113/123/41 33/124/42
f 33/124/42 113/123/41 112/125/42
f 33/124/42 112/125/42 34/126/43
f 34/126/43 112/125/42 111/127/43
f 34/126/43 111/127/43 35/128/44
f 35/128/44 111/127/43 70/129/44
f 71/130/2 77/131/2 72/132/2
f 72/132/2 77/131/2 76/133/2
f 72/132/2 76/133/2 75/134/2
f 110/135/2 109/136/2 71/130/2
f 71/130/2 109/136/2 108/137/2
f 71/130/2 108/137/2 107/138/2
f 106/139/2 78/140/2 107/138/2
f 107/138/2 78/140/2 77/131/2
f 107/138/2 77/131/2 71/130/2
f 78/140/2 106/139/2 79/141/2
f 79/141/2 106/139/2 105/142/2
f 79/141/2 105/142/2 80/143/2
f 80/143/2 105/142/2 104/144/2
f 80/143/2 104/144/2 81/145/2
f 81/145/2 104/144/2 103/146/2
f 81/145/2 103/146/2 85/147/2
f 85/147/2 103/146/2 99/148/2
f 99/148/2 103/146/2 102/149/2
f 99/148/2 102/149/2 101/150/2
f 101/150/2 100/151/2 99/148/2
f 84/152/2 83/153/2 85/147/2
f 85/147/2 83/153/2 82/154/2
f 85/147/2 82/154/2 81/145/2
f 75/134/2 74/155/2 72/132/2
f 122/156/45 123/157/2 131/158/45
f 131/158/45 123/157/2 130/159/2
f 130/159/2 123/157/2 129/160/2
f 129/160/2 123/157/2 124/161/2
f 129/160/2 124/161/2 128/162/2
f 128/162/2 124/161/2 125/163/2
f 128/162/2 125/163/2 127/164/45
f 127/164/45 125/163/2 126/165/45
f 132/166/2 133/167/2 141/168/2
f 141/168/2 133/167/2 140/169/2
f 140/169/2 133/167/2 134/170/2
f 140/169/2 134/170/2 139/171/2
f 139/171/2 134/170/2 135/172/2
f 139/171/2 135/172/2 138/173/2
f 138/173/2 135/172/2 137/174/2
f 137/174/2 135/172/2 136/175/2
f 143/176/2 144/177/2 142/178/2
f 142/178/2 144/177/2 145/179/2
f 142/178/2 145/179/2 146/180/2
f 142/178/2 146/180/2 151/181/2
f 151/181/2 146/180/2 147/182/2
f 151/181/2 147/182/2 150/183/45
f 150/183/45 147/182/2 148/184/2
f 150/183/45 148/184/2 149/185/2
f 136/186/46 152/187/46 137/188/47
f 137/188/47 152/187/46 153/189/47
f 137/188/47 153/189/47 138/190/48
f 138/190/48 153/189/47 154/191/48
f 138/190/48 154/191/48 139/192/49
f 139/192/49 154/191/48 155/193/49
f 139/192/49 155/193/49 140/194/50
f 140/194/50 155/193/49 156/195/50
f 140/194/50 156/195/50 141/196/51
f 141/196/51 156/195/50 157/197/51
f 141/196/51 157/197/51 132/198/52
f 132/198/52 157/197/51 158/199/53
f 174/200/54 159/201/55 175/202/56
f 175/202/56 159/201/55 160/203/57
f 175/202/56 160/203/57 182/204/58
f 182/204/58 160/203/57 161/205/59
f 182/204/58 161/205/59 181/206/60
f 181/206/60 161/205/59 180/207/61
f 181/206/60 180/207/61 185/208/62
f 185/208/62 180/207/61 186/209/63
f 185/208/62 186/209/63 171/210/64
f 171/210/64 186/209/63 170/211/65
f 170/211/65 186/209/63 187/212/66
f 170/211/65 187/212/66 169/213/67
f 169/213/67 187/212/66 188/214/68
f 169/213/67 188/214/68 168/215/69
f 168/215/69 188/214/68 189/216/70
f 168/215/69 189/216/70 190/217/71
f 190/217/71 189/216/70 176/218/72
f 190/217/71 176/218/72 167/219/73
f 167/219/73 176/218/72 152/220/46
f 167/219/73 152/220/46 166/221/46
f 161/205/59 162/222/74 180/207/61
f 180/207/61 162/222/74 179/223/75
f 180/207/61 179/223/75 186/209/63
f 186/209/63 179/223/75 187/212/66
f 162/222/74 163/224/76 179/223/75
f 179/223/75 163/224/76 178/225/77
f 179/223/75 178/225/77 187/212/66
f 187/212/66 178/225/77 188/214/68
f 163/224/76 164/226/78 178/225/77
f 178/225/77 164/226/78 177/227/79
f 178/225/77 177/227/79 188/214/68
f 188/214/68 177/227/79 189/216/70
f 164/226/78 165/228/80 177/227/79
f 177/227/79 165/228/80 176/218/72
f 177/227/79 176/218/72 189/216/70
f 165/228/80 152/220/46 176/218/72
f 167/219/73 168/215/69 190/217/71
f 171/210/64 172/229/81 185/208/62
f 185/208/62 172/229/81 184/230/82
f 185/208/62 184/230/82 181/206/60
f 181/206/60 184/230/82 182/204/58
f 172/229/81 173/231/83 184/230/82
f 184/230/82 173/231/83 183/232/84
f 184/230/82 183/232/84 182/204/58
f 182/204/58 183/232/84 175/202/56
f 173/231/83 174/200/54 183/232/84
f 183/232/84 174/200/54 175/202/56
f 231/233/85 191/234/34 239/235/86
f 239/235/86 191/234/34 192/236/87
f 239/235/86 192/236/87 193/237/88
f 194/238/89 236/239/90 193/237/88
f 193/237/88 236/239/90 237/240/91
f 193/237/88 237/240/91 238/241/92
f 238/241/92 237/240/91 246/242/93
f 238/241/92 246/242/93 247/243/94
f 247/243/94 246/242/93 255/244/95
f 247/243/94 255/244/95 230/245/96
f 230/245/96 255/244/95 229/246/97
f 229/246/97 255/244/95 228/247/98
f 228/247/98 255/244/95 263/248/99
f 228/247/98 263/248/99 227/249/100
f 227/249/100 263/248/99 271/250/101
f 227/249/100 271/250/101 226/251/102
f 226/251/102 271/250/101 279/252/103
f 226/251/102 279/252/103 225/253/104
f 225/253/104 279/252/103 287/254/105
f 225/253/104 287/254/105 224/255/106
f 224/255/106 287/254/105 223/256/107
f 223/256/107 287/254/105 295/257/108
f 223/256/107 295/257/108 222/258/109
f 222/258/109 295/257/108 303/259/110
f 222/258/109 303/259/110 221/260/111
f 221/260/111 303/259/110 311/261/112
f 221/260/111 311/261/112 220/262/113
f 220/262/113 311/261/112 319/263/114
f 220/262/113 319/263/114 219/264/115
f 219/264/115 319/263/114 327/265/116
f 219/264/115 327/265/116 218/266/117
f 218/266/117 327/265/116 335/267/118
f 218/266/117 335/267/118 217/268/119
f 217/268/119 335/267/118 343/269/120
f 217/268/119 343/269/120 216/270/121
f 216/270/121 343/269/120 351/271/122
f 216/270/121 351/271/122 215/272/123
f 215/272/123 351/271/122 359/273/124
f 215/272/123 359/273/124 214/274/125
f 214/274/125 359/273/124 367/275/126
f 214/274/125 367/275/126 166/276/46
f 166/276/46 367/275/126 167/277/73
f 167/277/73 367/275/126 366/278/127
f 167/277/73 366/278/127 168/279/69
f 168/279/69 366/278/127 365/280/128
f 168/279/69 365/280/128 364/281/129
f 364/281/129 365/280/128 356/282/130
f 364/281/129 356/282/130 355/283/131
f 355/283/131 356/282/130 347/284/132
f 355/283/131 347/284/132 346/285/133
f 346/285/133 347/284/132 338/286/134
f 346/285/133 338/286/134 337/287/135
f 337/287/135 338/286/134 329/288/136
f 337/287/135 329/288/136 328/289/137
f 328/289/137 329/288/136 320/290/138
f 328/289/137 320/290/138 209/291/139
f 209/291/139 320/290/138 208/292/140
f 208/292/140 320/290/138 312/293/141
f 208/292/140 312/293/141 207/294/142
f 207/294/142 312/293/141 304/295/143
f 207/294/142 304/295/143 206/296/144
f 206/296/144 304/295/143 296/297/145
f 206/296/144 296/297/145 205/298/146
f 205/298/146 296/297/145 288/299/147
f 205/298/146 288/299/147 204/300/148
f 204/300/148 288/299/147 280/301/149
f 204/300/148 280/301/149 203/302/150
f 203/302/150 280/301/149 202/303/151
f 202/303/151 280/301/149 272/304/152
f 202/303/151 272/304/152 201/305/153
f 201/305/153 272/304/152 264/306/154
f 201/305/153 264/306/154 200/307/155
f 200/307/155 264/306/154 256/308/156
f 200/307/155 256/308/156 199/309/157
f 199/309/157 256/308/156 248/310/158
f 199/309/157 248/310/158 198/311/159
f 198/311/159 248/310/158 197/312/160
f 197/312/160 248/310/158 240/313/161
f 197/312/160 240/313/161 196/314/162
f 196/314/162 240/313/161 232/315/163
f 196/314/162 232/315/163 195/316/164
f 195/316/164 232/315/163 233/317/165
f 195/316/164 233/317/165 194/238/89
f 194/238/89 233/317/165 234/318/166
f 194/238/89 234/318/166 235/319/167
f 235/319/167 234/318/166 243/320/168
f 235/319/167 243/320/168 244/321/169
f 244/321/169 243/320/168 252/322/170
f 244/321/169 252/322/170 253/323/171
f 253/323/171 252/322/170 261/324/172
f 253/323/171 261/324/172 262/325/173
f 262/325/173 261/324/172 270/326/174
f 262/325/173 270/326/174 271/250/101
f 271/250/101 270/326/174 279/252/103
f 209/291/139 210/327/175 328/289/137
f 328/289/137 210/327/175 336/328/176
f 328/289/137 336/328/176 337/287/135
f 337/287/135 336/328/176 345/329/177
f 337/287/135 345/329/177 346/285/133
f 346/285/133 345/329/177 354/330/178
f 346/285/133 354/330/178 355/283/131
f 355/283/131 354/330/178 363/331/179
f 355/283/131 363/331/179 364/281/129
f 364/281/129 363/331/179 169/332/67
f 364/281/129 169/332/67 168/279/69
f 210/327/175 211/333/180 336/328/176
f 336/328/176 211/333/180 344/334/181
f 336/328/176 344/334/181 345/329/177
f 345/329/177 344/334/181 353/335/182
f 345/329/177 353/335/182 354/330/178
f 354/330/178 353/335/182 362/336/183
f 354/330/178 362/336/183 363/331/179
f 363/331/179 362/336/183 170/337/65
f 363/331/179 170/337/65 169/332/67
f 211/333/180 212/338/184 344/334/181
f 344/334/181 212/338/184 352/339/185
f 344/334/181 352/339/185 353/335/182
f 353/335/182 352/339/185 361/340/186
f 353/335/182 361/340/186 362/336/183
f 362/336/183 361/340/186 172/341/81
f 362/336/183 172/341/81 171/342/64
f 212/338/184 213/343/187 352/339/185
f 352/339/185 213/343/187 360/344/188
f 352/339/185 360/344/188 361/340/186
f 361/340/186 360/344/188 172/341/81
f 213/343/187 174/345/54 360/344/188
f 360/344/188 174/345/54 173/346/83
f 360/344/188 173/346/83 172/341/81
f 171/342/64 170/337/65 362/336/183
f 230/245/96 231/233/85 247/243/94
f 247/243/94 231/233/85 239/235/86
f 247/243/94 239/235/86 238/241/92
f 238/241/92 239/235/86 193/237/88
f 233/317/165 232/315/163 241/347/189
f 241/347/189 232/315/163 240/313/161
f 241/347/189 240/313/161 249/348/190
f 249/348/190 240/313/161 248/310/158
f 249/348/190 248/310/158 257/349/191
f 257/349/191 248/310/158 256/308/156
f 257/349/191 256/308/156 265/350/192
f 265/350/192 256/308/156 264/306/154
f 265/350/192 264/306/154 273/351/193
f 273/351/193 264/306/154 272/304/152
f 273/351/193 272/304/152 281/352/194
f 281/352/194 272/304/152 280/301/149
f 281/352/194 280/301/149 289/353/195
f 289/353/195 280/301/149 288/299/147
f 289/353/195 288/299/147 297/354/196
f 297/354/196 288/299/147 296/297/145
f 297/354/196 296/297/145 305/355/197
f 305/355/197 296/297/145 304/295/143
f 305/355/197 304/295/143 313/356/198
f 313/356/198 304/295/143 312/293/141
f 313/356/198 312/293/141 321/357/199
f 321/357/199 312/293/141 320/290/138
f 321/357/199 320/290/138 329/288/136
f 236/239/90 194/238/89 235/319/167
f 234/318/166 233/317/165 242/358/200
f 242/358/200 233/317/165 241/347/189
f 242/358/200 241/347/189 250/359/201
f 250/359/201 241/347/189 249/348/190
f 250/359/201 249/348/190 258/360/202
f 258/360/202 249/348/190 257/349/191
f 258/360/202 257/349/191 266/361/203
f 266/361/203 257/349/191 265/350/192
f 266/361/203 265/350/192 274/362/204
f 274/362/204 265/350/192 273/351/193
f 274/362/204 273/351/193 282/363/205
f 282/363/205 273/351/193 281/352/194
f 282/363/205 281/352/194 290/364/206
f 290/364/206 281/352/194 289/353/195
f 290/364/206 289/353/195 298/365/207
f 298/365/207 289/353/195 297/354/196
f 298/365/207 297/354/196 306/366/208
f 306/366/208 297/354/196 305/355/197
f 306/366/208 305/355/197 314/367/209
f 314/367/209 305/355/197 313/356/198
f 314/367/209 313/356/198 322/368/210
f 322/368/210 313/356/198 321/357/199
f 322/368/210 321/357/199 330/369/211
f 330/369/211 321/357/199 329/288/136
f 330/369/211 329/288/136 338/286/134
f 235/319/167 244/321/169 236/239/90
f 236/239/90 244/321/169 245/370/212
f 236/239/90 245/370/212 237/240/91
f 237/240/91 245/370/212 246/242/93
f 234/318/166 242/358/200 243/320/168
f 243/320/168 242/358/200 251/371/213
f 243/320/168 251/371/213 252/322/170
f 252/322/170 251/371/213 260/372/214
f 252/322/170 260/372/214 261/324/172
f 261/324/172 260/372/214 269/373/215
f 261/324/172 269/373/215 270/326/174
f 270/326/174 269/373/215 278/374/216
f 270/326/174 278/374/216 279/252/103
f 279/252/103 278/374/216 287/254/105
f 251/371/213 242/358/200 250/359/201
f 244/321/169 253/323/171 245/370/212
f 245/370/212 253/323/171 254/375/217
f 245/370/212 254/375/217 246/242/93
f 246/242/93 254/375/217 255/244/95
f 251/371/213 250/359/201 259/376/218
f 259/376/218 250/359/201 258/360/202
f 259/376/218 258/360/202 267/377/219
f 267/377/219 258/360/202 266/361/203
f 267/377/219 266/361/203 275/378/220
f 275/378/220 266/361/203 274/362/204
f 275/378/220 274/362/204 283/379/221
f 283/379/221 274/362/204 282/363/205
f 283/379/221 282/363/205 291/380/222
f 291/380/222 282/363/205 290/364/206
f 291/380/222 290/364/206 299/381/223
f 299/381/223 290/364/206 298/365/207
f 299/381/223 298/365/207 307/382/224
f 307/382/224 298/365/207 306/366/208
f 307/382/224 306/366/208 315/383/225
f 315/383/225 306/366/208 314/367/209
f 315/383/225 314/367/209 323/384/226
f 323/384/226 314/367/209 322/368/210
f 323/384/226 322/368/210 331/385/227
f 331/385/227 322/368/210 330/369/211
f 331/385/227 330/369/211 339/386/228
f 339/386/228 330/369/211 338/286/134
f 339/386/228 338/286/134 347/284/132
f 263/248/99 255/244/95 254/375/217
f 263/248/99 254/375/217 262/325/173
f 262/325/173 254/375/217 253/323/171
f 251/371/213 259/376/218 260/372/214
f 260/372/214 259/376/218 268/387/229
f 260/372/214 268/387/229 269/373/215
f 269/373/215 268/387/229 277/388/230
f 269/373/215 277/388/230 278/374/216
f 278/374/216 277/388/230 286/389/231
f 278/374/216 286/389/231 287/254/105
f 287/254/105 286/389/231 295/257/108
f 268/387/229 259/376/218 267/377/219
f 271/250/101 263/248/99 262/325/173
f 268/387/229 267/377/219 276/390/232
f 276/390/232 267/377/219 275/378/220
f 276/390/232 275/378/220 284/391/233
f 284/391/233 275/378/220 283/379/221
f 284/391/233 283/379/221 292/392/234
f 292/392/234 283/379/221 291/380/222
f 292/392/234 291/380/222 300/393/235
f 300/393/235 291/380/222 299/381/223
f 300/393/235 299/381/223 308/394/236
f 308/394/236 299/381/223 307/382/224
f 308/394/236 307/382/224 316/395/237
f 316/395/237 307/382/224 315/383/225
f 316/395/237 315/383/225 324/396/238
f 324/396/238 315/383/225 323/384/226
f 324/396/238 323/384/226 332/397/239
f 332/397/239 323/384/226 331/385/227
f 332/397/239 331/385/227 340/398/240
f 340/398/240 331/385/227 339/386/228
f 340/398/240 339/386/228 348/399/241
f 348/399/241 339/386/228 347/284/132
f 348/399/241 347/284/132 356/282/130
f 268/387/229 276/390/232 277/388/230
f 277/388/230 276/390/232 285/400/242
f 277/388/230 285/400/242 286/389/231
f 286/389/231 285/400/242 294/401/243
f 286/389/231 294/401/243 295/257/108
f 295/257/108 294/401/243 303/259/110
f 285/400/242 276/390/232 284/391/233
f 285/400/242 284/391/233 293/402/244
f 293/402/244 284/391/233 292/392/234
f 293/402/244 292/392/234 301/403/245
f 301/403/245 292/392/234 300/393/235
f 301/403/245 300/393/235 309/404/246
f 309/404/246 300/393/235 308/394/236
f 309/404/246 308/394/236 317/405/247
f 317/405/247 308/394/236 316/395/237
f 317/405/247 316/395/237 325/406/248
f 325/406/248 316/395/237 324/396/238
f 325/406/248 324/396/238 333/407/249
f 333/407/249 324/396/238 332/397/239
f 333/407/249 332/397/239 341/408/250
f 341/408/250 332/397/239 340/398/240
f 341/408/250 340/398/240 349/409/251
f 349/409/251 340/398/240 348/399/241
f 349/409/251 348/399/241 357/410/252
f 357/410/252 348/399/241 356/282/130
f 357/410/252 356/282/130 365/280/128
f 285/400/242 293/402/244 294/401/243
f 294/401/243 293/402/244 302/411/253
f 294/401/243 302/411/253 303/259/110
f 303/259/110 302/411/253 311/261/112
f 302/411/253 293/402/244 301/403/245
f 302/411/253 301/403/245 310/412/254
f 310/412/254 301/403/245 309/404/246
f 310/412/254 309/404/246 318/413/255
f 318/413/255 309/404/246 317/405/247
f 318/413/255 317/405/247 326/414/256
f 326/414/256 317/405/247 325/406/248
f 326/414/256 325/406/248 334/415/257
f 334/415/257 325/406/248 333/407/249
f 334/415/257 333/407/249 342/416/258
f 342/416/258 333/407/249 341/408/250
f 342/416/258 341/408/250 350/417/259
f 350/417/259 341/408/250 349/409/251
f 350/417/259 349/409/251 358/418/260
f 358/418/260 349/409/251 357/410/252
f 358/418/260 357/410/252 366/278/127
f 366/278/127 357/410/252 365/280/128
f 319/263/114 311/261/112 310/412/254
f 310/412/254 311/261/112 302/411/253
f 319/263/114 310/412/254 318/413/255
f 327/265/116 319/263/114 318/413/255
f 327/265/116 318/413/255 326/414/256
f 335/267/118 327/265/116 326/414/256
f 335/267/118 326/414/256 334/415/257
f 343/269/120 335/267/118 334/415/257
f 343/269/120 334/415/257 342/416/258
f 351/271/122 343/269/120 342/416/258
f 351/271/122 342/416/258 350/417/259
f 359/273/124 351/271/122 350/417/259
f 359/273/124 350/417/259 358/418/260
f 367/275/126 359/273/124 358/418/260
f 367/275/126 358/418/260 366/278/127
f 191/419/34 368/420/34 376/421/261
f 376/421/261 368/420/34 369/422/262
f 376/421/261 369/422/262 375/423/263
f 375/423/263 369/422/262 370/424/264
f 375/423/263 370/424/264 374/425/265
f 374/425/265 370/424/264 371/426/266
f 374/425/265 371/426/266 373/427/267
f 373/427/267 371/426/266 372/428/268
f 373/427/267 372/428/268 195/429/164
f 195/429/164 194/430/89 373/427/267
f 373/427/267 194/430/89 374/425/265
f 194/430/89 193/431/88 374/425/265
f 374/425/265 193/431/88 375/423/263
f 193/431/88 192/432/87 375/423/263
f 375/423/263 192/432/87 376/421/261
f 192/432/87 191/419/34 376/421/261
f 153/433/47 152/434/46 383/435/269
f 383/435/269 152/434/46 165/436/80
f 383/435/269 165/436/80 388/437/270
f 388/437/270 165/436/80 164/438/78
f 388/437/270 164/438/78 389/439/271
f 389/439/271 164/438/78 393/440/272
f 389/439/271 393/440/272 394/441/273
f 394/441/273 393/440/272 397/442/274
f 394/441/273 397/442/274 398/443/275
f 398/443/275 397/442/274 161/444/59
f 398/443/275 161/444/59 400/445/276
f 400/445/276 161/444/59 160/446/57
f 400/445/276 160/446/57 382/447/277
f 382/447/277 160/446/57 159/448/55
f 382/447/277 159/448/55 377/449/278
f 164/438/78 163/450/76 393/440/272
f 393/440/272 163/450/76 397/442/274
f 163/450/76 162/451/74 397/442/274
f 397/442/274 162/451/74 161/444/59
f 382/447/277 377/449/278 399/452/279
f 399/452/279 377/449/278 378/453/280
f 399/452/279 378/453/280 396/454/281
f 396/454/281 378/453/280 379/455/282
f 396/454/281 379/455/282 380/456/283
f 396/454/281 380/456/283 392/457/284
f 392/457/284 380/456/283 381/458/285
f 392/457/284 381/458/285 387/459/286
f 387/459/286 381/458/285 158/460/53
f 387/459/286 158/460/53 157/461/51
f 387/459/286 157/461/51 386/462/287
f 386/462/287 157/461/51 156/463/50
f 386/462/287 156/463/50 385/464/288
f 385/464/288 156/463/50 155/465/49
f 385/464/288 155/465/49 384/466/289
f 384/466/289 155/465/49 154/467/48
f 384/466/289 154/467/48 383/435/269
f 383/435/269 154/467/48 153/433/47
f 388/437/270 389/439/271 383/435/269
f 383/435/269 389/439/271 384/466/289
f 385/464/288 384/466/289 390/468/290
f 390/468/290 384/466/289 389/439/271
f 390/468/290 389/439/271 394/441/273
f 392/457/284 387/459/286 386/462/287
f 386/462/287 385/464/288 391/469/291
f 391/469/291 385/464/288 390/468/290
f 391/469/291 390/468/290 395/470/292
f 395/470/292 390/468/290 394/441/273
f 395/470/292 394/441/273 398/443/275
f 396/454/281 392/457/284 391/469/291
f 391/469/291 392/457/284 386/462/287
f 396/454/281 391/469/291 395/470/292
f 399/452/279 396/454/281 395/470/292
f 399/452/279 395/470/292 398/443/275
f 382/447/277 399/452/279 400/445/276
f 400/445/276 399/452/279 398/443/275
f 126/471/293 401/472/294 407/473/295
f 407/473/295 401/472/294 402/474/295
f 407/473/295 402/474/295 408/475/296
f 408/475/296 402/474/295 403/476/296
f 408/475/296 403/476/296 409/477/297
f 409/477/297 403/476/296 404/478/297
f 409/477/297 404/478/297 410/479/298
f 410/479/298 404/478/297 405/480/298
f 410/479/298 405/480/298 411/481/299
f 411/481/299 405/480/298 406/482/299
f 411/481/299 406/482/299 368/483/34
f 368/483/34 122/484/34 411/481/299
f 411/481/299 122/484/34 131/485/299
f 411/481/299 131/485/299 410/479/298
f 410/479/298 131/485/299 130/486/298
f 410/479/298 130/486/298 409/477/297
f 409/477/297 130/486/298 129/487/297
f 409/477/297 129/487/297 408/475/296
f 408/475/296 129/487/297 128/488/296
f 408/475/296 128/488/296 407/473/295
f 407/473/295 128/488/296 127/489/295
f 407/473/295 127/489/295 126/471/293
f 368/490/34 406/491/299 369/492/262
f 369/492/262 406/491/299 420/493/300
f 369/492/262 420/493/300 424/494/301
f 424/494/301 420/493/300 419/495/302
f 424/494/301 419/495/302 423/496/303
f 423/496/303 419/495/302 418/497/304
f 423/496/303 418/497/304 422/498/305
f 422/498/305 418/497/304 417/499/306
f 422/498/305 417/499/306 421/500/307
f 421/500/307 417/499/306 413/501/308
f 421/500/307 413/501/308 414/502/309
f 406/491/299 405/503/298 420/493/300
f 420/493/300 405/503/298 419/495/302
f 405/503/298 404/504/297 419/495/302
f 419/495/302 404/504/297 418/497/304
f 404/504/297 403/505/296 418/497/304
f 418/497/304 403/505/296 417/499/306
f 403/505/296 402/506/295 417/499/306
f 417/499/306 402/506/295 416/507/310
f 417/499/306 416/507/310 413/501/308
f 413/501/308 416/507/310 412/508/311
f 412/508/311 416/507/310 401/509/294
f 401/509/294 416/507/310 402/506/295
f 415/510/312 425/511/313 414/502/309
f 414/502/309 425/511/313 422/498/305
f 414/502/309 422/498/305 421/500/307
f 415/510/312 372/512/268 425/511/313
f 425/511/313 372/512/268 426/513/314
f 425/511/313 426/513/314 422/498/305
f 422/498/305 426/513/314 423/496/303
f 372/512/268 371/514/266 426/513/314
f 426/513/314 371/514/266 370/515/264
f 426/513/314 370/515/264 423/496/303
f 423/496/303 370/515/264 424/494/301
f 370/515/264 369/492/262 424/494/301
f 439/516/315 158/517/53 447/518/316
f 447/518/316 158/517/53 381/519/285
f 447/518/316 381/519/285 380/520/283
f 379/521/282 445/522/317 380/520/283
f 380/520/283 445/522/317 446/523/318
f 380/520/283 446/523/318 447/518/316
f 447/518/316 446/523/318 455/524/319
f 447/518/316 455/524/319 439/516/315
f 439/516/315 455/524/319 438/525/320
f 438/525/320 455/524/319 463/526/321
f 438/525/320 463/526/321 437/527/322
f 437/527/322 463/526/321 436/528/323
f 436/528/323 463/526/321 462/529/324
f 436/528/323 462/529/324 435/530/325
f 435/530/325 462/529/324 461/531/326
f 435/530/325 461/531/326 434/532/327
f 434/532/327 461/531/326 460/533/328
f 434/532/327 460/533/328 433/534/329
f 433/534/329 460/533/328 459/535/330
f 433/534/329 459/535/330 458/536/331
f 458/536/331 459/535/330 450/537/332
f 458/536/331 450/537/332 449/538/333
f 449/538/333 450/537/332 441/539/334
f 449/538/333 441/539/334 440/540/335
f 440/540/335 441/539/334 377/541/278
f 440/540/335 377/541/278 159/542/55
f 378/543/280 443/544/336 379/521/282
f 379/521/282 443/544/336 444/545/337
f 379/521/282 444/545/337 445/522/317
f 445/522/317 444/545/337 453/546/338
f 445/522/317 453/546/338 454/547/339
f 454/547/339 453/546/338 462/529/324
f 454/547/339 462/529/324 463/526/321
f 377/541/278 441/539/334 378/543/280
f 378/543/280 441/539/334 442/548/340
f 378/543/280 442/548/340 443/544/336
f 443/544/336 442/548/340 451/549/341
f 443/544/336 451/549/341 452/550/342
f 452/550/342 451/549/341 460/533/328
f 452/550/342 460/533/328 461/531/326
f 159/542/55 427/551/343 440/540/335
f 440/540/335 427/551/343 448/552/344
f 440/540/335 448/552/344 449/538/333
f 449/538/333 448/552/344 457/553/345
f 449/538/333 457/553/345 458/536/331
f 458/536/331 457/553/345 432/554/346
f 458/536/331 432/554/346 433/534/329
f 427/551/343 428/345/2 448/552/344
f 448/552/344 428/345/2 456/555/347
f 448/552/344 456/555/347 457/553/345
f 457/553/345 456/555/347 432/554/346
f 428/345/2 429/556/348 456/555/347
f 456/555/347 429/556/348 431/557/349
f 456/555/347 431/557/349 432/554/346
f 429/556/348 430/558/350 431/557/349
f 451/549/341 442/548/340 450/537/332
f 450/537/332 442/548/340 441/539/334
f 453/546/338 444/545/337 452/550/342
f 452/550/342 444/545/337 443/544/336
f 455/524/319 446/523/318 454/547/339
f 454/547/339 446/523/318 445/522/317
f 460/533/328 451/549/341 459/535/330
f 459/535/330 451/549/341 450/537/332
f 462/529/324 453/546/338 461/531/326
f 461/531/326 453/546/338 452/550/342
f 463/526/321 455/524/319 454/547/339
f 143/186/42 464/559/351 471/560/352
f 471/560/352 464/559/351 465/561/352
f 471/560/352 465/561/352 472/562/353
f 472/562/353 465/561/352 466/563/353
f 472/562/353 466/563/353 473/564/354
f 473/564/354 466/563/353 467/565/354
f 473/564/354 467/565/354 474/566/355
f 474/566/355 467/565/354 468/567/355
f 474/566/355 468/567/355 475/568/356
f 475/568/356 468/567/355 469/569/356
f 475/568/356 469/569/356 470/570/357
f 470/570/357 149/198/358 475/568/356
f 475/568/356 149/198/358 148/196/356
f 475/568/356 148/196/356 474/566/355
f 474/566/355 148/196/356 147/194/355
f 474/566/355 147/194/355 473/564/354
f 473/564/354 147/194/355 146/192/354
f 473/564/354 146/192/354 472/562/353
f 472/562/353 146/192/354 145/190/353
f 472/562/353 145/190/353 471/560/352
f 471/560/352 145/190/353 144/188/352
f 471/560/352 144/188/352 143/186/42
f 476/571/359 477/572/360 484/573/361
f 484/573/361 477/572/360 478/574/362
f 484/573/361 478/574/362 483/575/363
f 483/575/363 478/574/362 482/576/364
f 482/576/364 478/574/362 481/577/365
f 481/577/365 478/574/362 479/578/366
f 481/577/365 479/578/366 464/579/351
f 464/579/351 480/580/42 481/577/365
f 529/581/367 485/582/368 539/583/369
f 539/583/369 485/582/368 486/584/370
f 539/583/369 486/584/370 538/585/371
f 538/585/371 486/584/370 487/586/372
f 538/585/371 487/586/372 488/587/373
f 489/588/374 536/589/375 488/587/373
f 488/587/373 536/589/375 537/590/376
f 488/587/373 537/590/376 538/585/371
f 538/585/371 537/590/376 545/591/377
f 538/585/371 545/591/377 546/592/378
f 546/592/378 545/591/377 531/593/379
f 546/592/378 531/593/379 529/581/367
f 529/581/367 531/593/379 528/594/380
f 528/594/380 531/593/379 554/595/381
f 528/594/380 554/595/381 527/596/382
f 527/596/382 554/595/381 569/597/383
f 527/596/382 569/597/383 526/598/384
f 526/598/384 569/597/383 577/599/385
f 526/598/384 577/599/385 525/600/386
f 525/600/386 577/599/385 524/601/387
f 524/601/387 577/599/385 585/602/388
f 524/601/387 585/602/388 523/603/389
f 523/603/389 585/602/388 593/604/390
f 523/603/389 593/604/390 522/605/391
f 522/605/391 593/604/390 601/606/392
f 522/605/391 601/606/392 521/607/393
f 521/607/393 601/606/392 609/608/394
f 521/607/393 609/608/394 520/609/395
f 520/609/395 609/608/394 617/610/396
f 520/609/395 617/610/396 519/611/397
f 519/611/397 617/610/396 625/612/398
f 519/611/397 625/612/398 518/613/399
f 518/613/399 625/612/398 633/614/400
f 518/613/399 633/614/400 517/615/401
f 517/615/401 633/614/400 516/616/402
f 516/616/402 633/614/400 515/617/403
f 515/617/403 633/614/400 641/618/404
f 515/617/403 641/618/404 514/619/405
f 514/619/405 641/618/404 513/620/406
f 513/620/406 641/618/404 649/621/407
f 513/620/406 649/621/407 512/622/408
f 512/622/408 649/621/407 480/623/42
f 480/623/42 649/621/407 648/624/409
f 480/623/42 648/624/409 481/625/365
f 481/625/365 648/624/409 647/626/410
f 481/625/365 647/626/410 646/627/411
f 646/627/411 647/626/410 638/628/412
f 646/627/411 638/628/412 637/629/413
f 637/629/413 638/628/412 629/630/414
f 637/629/413 629/630/414 628/631/415
f 628/631/415 629/630/414 620/632/416
f 628/631/415 620/632/416 619/633/417
f 619/633/417 620/632/416 611/634/418
f 619/633/417 611/634/418 610/635/419
f 610/635/419 611/634/418 602/636/420
f 610/635/419 602/636/420 503/637/421
f 503/637/421 602/636/420 502/638/422
f 502/638/422 602/636/420 594/639/423
f 502/638/422 594/639/423 501/640/424
f 501/640/424 594/639/423 586/641/425
f 501/640/424 586/641/425 500/642/426
f 500/642/426 586/641/425 578/643/427
f 500/642/426 578/643/427 499/644/428
f 499/644/428 578/643/427 570/645/429
f 499/644/428 570/645/429 498/646/430
f 498/646/430 570/645/429 497/647/431
f 497/647/431 570/645/429 562/648/432
f 497/647/431 562/648/432 496/649/433
f 496/649/433 562/648/432 547/650/434
f 496/649/433 547/650/434 495/651/435
f 495/651/435 547/650/434 561/652/436
f 495/651/435 561/652/436 530/653/437
f 530/653/437 561/652/436 560/654/438
f 530/653/437 560/654/438 540/655/439
f 540/655/439 560/654/438 559/656/440
f 540/655/439 559/656/440 541/657/441
f 541/657/441 559/656/440 558/658/442
f 541/657/441 558/658/442 542/659/443
f 542/659/443 558/658/442 557/660/444
f 542/659/443 557/660/444 543/661/445
f 543/661/445 557/660/444 556/662/446
f 543/661/445 556/662/446 544/663/447
f 544/663/447 556/662/446 555/664/448
f 544/663/447 555/664/448 545/591/377
f 545/591/377 555/664/448 531/593/379
f 489/588/374 490/665/449 536/589/375
f 536/589/375 490/665/449 535/666/450
f 536/589/375 535/666/450 543/661/445
f 543/661/445 535/666/450 542/659/443
f 535/666/450 490/665/449 534/667/451
f 534/667/451 490/665/449 491/668/452
f 534/667/451 491/668/452 533/669/453
f 533/669/453 491/668/452 492/670/454
f 533/669/453 492/670/454 532/671/455
f 532/671/455 492/670/454 493/672/456
f 532/671/455 493/672/456 494/673/457
f 532/671/455 494/673/457 530/653/437
f 530/653/437 494/673/457 495/651/435
f 503/637/421 504/674/458 610/635/419
f 610/635/419 504/674/458 618/675/459
f 610/635/419 618/675/459 619/633/417
f 619/633/417 618/675/459 627/676/460
f 619/633/417 627/676/460 628/631/415
f 628/631/415 627/676/460 636/677/461
f 628/631/415 636/677/461 637/629/413
f 637/629/413 636/677/461 645/678/462
f 637/629/413 645/678/462 646/627/411
f 646/627/411 645/678/462 481/625/365
f 504/674/458 505/679/463 618/675/459
f 618/675/459 505/679/463 626/680/464
f 618/675/459 626/680/464 627/676/460
f 627/676/460 626/680/464 635/681/465
f 627/676/460 635/681/465 636/677/461
f 636/677/461 635/681/465 644/682/466
f 636/677/461 644/682/466 645/678/462
f 645/678/462 644/682/466 482/683/364
f 645/678/462 482/683/364 481/625/365
f 505/679/463 506/684/467 626/680/464
f 626/680/464 506/684/467 507/685/468
f 626/680/464 507/685/468 634/686/469
f 634/686/469 507/685/468 508/687/470
f 634/686/469 508/687/470 509/688/471
f 509/688/471 510/689/472 634/686/469
f 634/686/469 510/689/472 642/690/473
f 634/686/469 642/690/473 643/691/474
f 643/691/474 642/690/473 483/692/363
f 643/691/474 483/692/363 482/683/364
f 510/689/472 511/693/475 642/690/473
f 642/690/473 511/693/475 483/692/363
f 511/693/475 484/345/361 483/692/363
f 546/592/378 529/581/367 539/583/369
f 530/653/437 540/655/439 532/671/455
f 532/671/455 540/655/439 533/669/453
f 542/659/443 535/666/450 534/667/451
f 540/655/439 541/657/441 533/669/453
f 533/669/453 541/657/441 534/667/451
f 541/657/441 542/659/443 534/667/451
f 543/661/445 544/663/447 536/589/375
f 536/589/375 544/663/447 537/590/376
f 546/592/378 539/583/369 538/585/371
f 544/663/447 545/591/377 537/590/376
f 560/654/438 561/652/436 548/694/476
f 548/694/476 561/652/436 547/650/434
f 548/694/476 547/650/434 563/695/477
f 563/695/477 547/650/434 562/648/432
f 563/695/477 562/648/432 571/696/478
f 571/696/478 562/648/432 570/645/429
f 571/696/478 570/645/429 579/697/479
f 579/697/479 570/645/429 578/643/427
f 579/697/479 578/643/427 587/698/480
f 587/698/480 578/643/427 586/641/425
f 587/698/480 586/641/425 595/699/481
f 595/699/481 586/641/425 594/639/423
f 595/699/481 594/639/423 603/700/482
f 603/700/482 594/639/423 602/636/420
f 603/700/482 602/636/420 611/634/418
f 559/656/440 560/654/438 549/701/483
f 549/701/483 560/654/438 548/694/476
f 549/701/483 548/694/476 564/702/484
f 564/702/484 548/694/476 563/695/477
f 564/702/484 563/695/477 572/703/485
f 572/703/485 563/695/477 571/696/478
f 572/703/485 571/696/478 580/704/486
f 580/704/486 571/696/478 579/697/479
f 580/704/486 579/697/479 588/705/487
f 588/705/487 579/697/479 587/698/480
f 588/705/487 587/698/480 596/706/488
f 596/706/488 587/698/480 595/699/481
f 596/706/488 595/699/481 604/707/489
f 604/707/489 595/699/481 603/700/482
f 604/707/489 603/700/482 612/708/490
f 612/708/490 603/700/482 611/634/418
f 612/708/490 611/634/418 620/632/416
f 558/658/442 559/656/440 550/709/491
f 550/709/491 559/656/440 549/701/483
f 550/709/491 549/701/483 565/710/492
f 565/710/492 549/701/483 564/702/484
f 565/710/492 564/702/484 573/711/493
f 573/711/493 564/702/484 572/703/485
f 573/711/493 572/703/485 581/712/494
f 581/712/494 572/703/485 580/704/486
f 581/712/494 580/704/486 589/713/495
f 589/713/495 580/704/486 588/705/487
f 589/713/495 588/705/487 597/714/496
f 597/714/496 588/705/487 596/706/488
f 597/714/496 596/706/488 605/715/497
f 605/715/497 596/706/488 604/707/489
f 605/715/497 604/707/489 613/716/498
f 613/716/498 604/707/489 612/708/490
f 613/716/498 612/708/490 621/717/499
f 621/717/499 612/708/490 620/632/416
f 621/717/499 620/632/416 629/630/414
f 557/660/444 558/658/442 551/718/500
f 551/718/500 558/658/442 550/709/491
f 551/718/500 550/709/491 566/719/501
f 566/719/501 550/709/491 565/710/492
f 566/719/501 565/710/492 574/720/502
f 574/720/502 565/710/492 573/711/493
f 574/720/502 573/711/493 582/721/503
f 582/721/503 573/711/493 581/712/494
f 582/721/503 581/712/494 590/722/504
f 590/722/504 581/712/494 589/713/495
f 590/722/504 589/713/495 598/723/505
f 598/723/505 589/713/495 597/714/496
f 598/723/505 597/714/496 606/724/506
f 606/724/506 597/714/496 605/715/497
f 606/724/506 605/715/497 614/725/507
f 614/725/507 605/715/497 613/716/498
f 614/725/507 613/716/498 622/726/508
f 622/726/508 613/716/498 621/717/499
f 622/726/508 621/717/499 630/727/509
f 630/727/509 621/717/499 629/630/414
f 630/727/509 629/630/414 638/628/412
f 556/662/446 557/660/444 552/728/510
f 552/728/510 557/660/444 551/718/500
f 552/728/510 551/718/500 567/729/511
f 567/729/511 551/718/500 566/719/501
f 567/729/511 566/719/501 575/730/512
f 575/730/512 566/719/501 574/720/502
f 575/730/512 574/720/502 583/731/513
f 583/731/513 574/720/502 582/721/503
f 583/731/513 582/721/503 591/732/514
f 591/732/514 582/721/503 590/722/504
f 591/732/514 590/722/504 599/733/515
f 599/733/515 590/722/504 598/723/505
f 599/733/515 598/723/505 607/734/516
f 607/734/516 598/723/505 606/724/506
f 607/734/516 606/724/506 615/735/517
f 615/735/517 606/724/506 614/725/507
f 615/735/517 614/725/507 623/736/518
f 623/736/518 614/725/507 622/726/508
f 623/736/518 622/726/508 631/737/519
f 631/737/519 622/726/508 630/727/509
f 631/737/519 630/727/509 639/738/520
f 639/738/520 630/727/509 638/628/412
f 639/738/520 638/628/412 647/626/410
f 555/664/448 556/662/446 553/739/521
f 553/739/521 556/662/446 552/728/510
f 553/739/521 552/728/510 568/740/522
f 568/740/522 552/728/510 567/729/511
f 568/740/522 567/729/511 576/741/523
f 576/741/523 567/729/511 575/730/512
f 576/741/523 575/730/512 584/742/524
f 584/742/524 575/730/512 583/731/513
f 584/742/524 583/731/513 592/743/525
f 592/743/525 583/731/513 591/732/514
f 592/743/525 591/732/514 600/744/526
f 600/744/526 591/732/514 599/733/515
f 600/744/526 599/733/515 608/745/527
f 608/745/527 599/733/515 607/734/516
f 608/745/527 607/734/516 616/746/528
f 616/746/528 607/734/516 615/735/517
f 616/746/528 615/735/517 624/747/529
f 624/747/529 615/735/517 623/736/518
f 624/747/529 623/736/518 632/748/530
f 632/748/530 623/736/518 631/737/519
f 632/748/530 631/737/519 640/749/531
f 640/749/531 631/737/519 639/738/520
f 640/749/531 639/738/520 648/624/409
f 648/624/409 639/738/520 647/626/410
f 531/593/379 555/664/448 554/595/381
f 554/595/381 555/664/448 553/739/521
f 554/595/381 553/739/521 569/597/383
f 569/597/383 553/739/521 568/740/522
f 569/597/383 568/740/522 577/599/385
f 577/599/385 568/740/522 576/741/523
f 577/599/385 576/741/523 585/602/388
f 585/602/388 576/741/523 584/742/524
f 585/602/388 584/742/524 593/604/390
f 593/604/390 584/742/524 592/743/525
f 593/604/390 592/743/525 601/606/392
f 601/606/392 592/743/525 600/744/526
f 601/606/392 600/744/526 609/608/394
f 609/608/394 600/744/526 608/745/527
f 609/608/394 608/745/527 617/610/396
f 617/610/396 608/745/527 616/746/528
f 617/610/396 616/746/528 625/612/398
f 625/612/398 616/746/528 624/747/529
f 625/612/398 624/747/529 633/614/400
f 633/614/400 624/747/529 632/748/530
f 633/614/400 632/748/530 641/618/404
f 641/618/404 632/748/530 640/749/531
f 641/618/404 640/749/531 649/621/407
f 649/621/407 640/749/531 648/624/409
f 626/680/464 634/686/469 635/681/465
f 635/681/465 634/686/469 643/691/474
f 635/681/465 643/691/474 644/682/466
f 644/682/466 643/691/474 482/683/364
f 485/750/368 650/751/368 664/752/532
f 664/752/532 650/751/368 651/753/533
f 664/752/532 651/753/533 663/754/534
f 663/754/534 651/753/533 652/755/535
f 663/754/534 652/755/535 662/756/536
f 662/756/536 652/755/535 653/757/537
f 662/756/536 653/757/537 661/758/538
f 661/758/538 653/757/537 654/759/539
f 661/758/538 654/759/539 660/760/540
f 660/760/540 654/759/539 655/761/541
f 660/760/540 655/761/541 659/762/542
f 659/762/542 655/761/541 658/763/543
f 659/762/542 658/763/543 491/764/452
f 491/764/452 658/763/543 657/765/544
f 491/764/452 657/765/544 492/766/454
f 492/766/454 657/765/544 493/767/456
f 493/767/456 657/765/544 430/768/350
f 430/768/350 657/765/544 656/769/545
f 656/769/545 657/765/544 658/763/543
f 656/769/545 658/763/543 655/761/541
f 491/764/452 490/770/449 659/762/542
f 659/762/542 490/770/449 660/760/540
f 490/770/449 489/771/374 660/760/540
f 660/760/540 489/771/374 661/758/538
f 489/771/374 488/772/373 661/758/538
f 661/758/538 488/772/373 662/756/536
f 488/772/373 487/773/372 662/756/536
f 662/756/536 487/773/372 663/754/534
f 487/773/372 486/774/370 663/754/534
f 663/754/534 486/774/370 664/752/532
f 486/774/370 485/750/368 664/752/532
f 464/775/351 479/776/366 465/777/352
f 465/777/352 479/776/366 669/778/546
f 465/777/352 669/778/546 466/779/353
f 466/779/353 669/778/546 670/780/547
f 466/779/353 670/780/547 467/781/354
f 467/781/354 670/780/547 671/782/548
f 467/781/354 671/782/548 468/783/355
f 468/783/355 671/782/548 672/784/549
f 468/783/355 672/784/549 469/785/356
f 469/785/356 672/784/549 673/786/550
f 469/785/356 673/786/550 470/787/357
f 470/787/357 673/786/550 668/788/551
f 668/788/551 673/786/550 667/789/552
f 667/789/552 673/786/550 672/784/549
f 667/789/552 672/784/549 677/790/553
f 677/790/553 672/784/549 671/782/548
f 677/790/553 671/782/548 676/791/554
f 676/791/554 671/782/548 670/780/547
f 676/791/554 670/780/547 675/792/555
f 675/792/555 670/780/547 669/778/546
f 675/792/555 669/778/546 674/793/556
f 674/793/556 669/778/546 479/776/366
f 674/793/556 479/776/366 478/794/362
f 477/795/360 678/796/557 478/794/362
f 478/794/362 678/796/557 675/792/555
f 478/794/362 675/792/555 674/793/556
f 477/795/360 476/797/359 678/796/557
f 678/796/557 476/797/359 679/798/558
f 678/796/557 679/798/558 675/792/555
f 675/792/555 679/798/558 676/791/554
f 476/797/359 665/799/559 679/798/558
f 679/798/558 665/799/559 666/800/560
f 679/798/558 666/800/560 676/791/554
f 676/791/554 666/800/560 677/790/553
f 666/800/560 667/789/552 677/790/553
f 691/471/323 436/801/323 690/489/561
f 690/489/561 436/801/323 680/802/562
f 690/489/561 680/802/562 689/488/563
f 689/488/563 680/802/562 681/803/563
f 689/488/563 681/803/563 688/487/564
f 688/487/564 681/803/563 682/804/564
f 688/487/564 682/804/564 687/486/565
f 687/486/565 682/804/564 683/805/565
f 687/486/565 683/805/565 686/485/566
f 686/485/566 683/805/565 684/806/566
f 686/485/566 684/806/566 685/484/368
f 685/484/368 684/806/566 650/807/368
f 651/808/533 650/809/368 692/810/567
f 692/810/567 650/809/368 684/811/566
f 692/810/567 684/811/566 683/812/565
f 692/810/567 683/812/565 696/813/568
f 696/813/568 683/812/565 682/814/564
f 696/813/568 682/814/564 695/815/569
f 695/815/569 682/814/564 681/816/563
f 695/815/569 681/816/563 694/817/570
f 694/817/570 681/816/563 680/818/562
f 694/817/570 680/818/562 693/819/571
f 693/819/571 680/818/562 436/820/323
f 693/819/571 436/820/323 435/821/325
f 693/819/571 435/821/325 697/822/572
f 697/822/572 435/821/325 434/823/327
f 697/822/572 434/823/327 705/824/573
f 705/824/573 434/823/327 433/825/329
f 705/824/573 433/825/329 432/826/346
f 705/824/573 432/826/346 706/827/574
f 706/827/574 432/826/346 431/828/349
f 706/827/574 431/828/349 709/829/575
f 709/829/575 431/828/349 430/830/350
f 709/829/575 430/830/350 656/831/545
f 709/829/575 656/831/545 710/832/576
f 710/832/576 656/831/545 655/833/541
f 710/832/576 655/833/541 707/834/577
f 707/834/577 655/833/541 708/835/578
f 707/834/577 708/835/578 704/836/579
f 704/836/579 708/835/578 703/837/580
f 704/836/579 703/837/580 698/838/581
f 698/838/581 703/837/580 699/839/582
f 698/838/581 699/839/582 694/817/570
f 694/817/570 699/839/582 695/815/569
f 655/833/541 654/840/539 708/835/578
f 708/835/578 654/840/539 653/841/537
f 708/835/578 653/841/537 703/837/580
f 703/837/580 653/841/537 702/842/583
f 703/837/580 702/842/583 699/839/582
f 699/839/582 702/842/583 700/843/584
f 699/839/582 700/843/584 695/815/569
f 695/815/569 700/843/584 696/813/568
f 653/841/537 652/844/535 702/842/583
f 702/842/583 652/844/535 700/843/584
f 700/843/584 652/844/535 701/845/585
f 701/845/585 652/844/535 651/808/533
f 701/845/585 651/808/533 692/810/567
f 698/838/581 694/817/570 693/819/571
f 701/845/585 692/810/567 696/813/568
f 701/845/585 696/813/568 700/843/584
f 704/836/579 698/838/581 697/822/572
f 697/822/572 698/838/581 693/819/571
f 704/836/579 705/824/573 707/834/577
f 707/834/577 705/824/573 706/827/574
f 707/834/577 706/827/574 710/832/576
f 710/832/576 706/827/574 709/829/575
f 705/824/573 704/836/579 697/822/572
f 437/846/322 436/847/323 93/848/586
f 93/848/586 436/847/323 691/849/323
f 93/848/586 691/849/323 56/850/587
f 56/850/587 691/849/323 711/851/588
f 56/850/587 711/851/588 712/852/589
f 712/852/589 713/853/590 56/850/587
f 93/848/586 56/850/587 94/854/591
f 94/854/591 56/850/587 55/855/592
f 94/854/591 55/855/592 54/856/593
f 54/856/593 53/857/594 94/854/591
f 94/854/591 53/857/594 95/858/595
f 95/858/595 53/857/594 149/859/358
f 95/858/595 149/859/358 470/860/357
f 142/861/594 151/862/596 53/857/594
f 53/857/594 151/862/596 150/863/597
f 53/857/594 150/863/597 149/859/358
f 470/860/357 714/864/598 95/858/595
f 95/858/595 714/864/598 96/865/46
f 96/865/46 714/864/598 715/866/599
f 96/865/46 715/866/599 97/867/600
f 97/867/600 715/866/599 716/868/601
f 97/867/600 716/868/601 73/869/602
f 73/869/602 716/868/601 717/870/602
f 93/848/586 92/871/320 437/846/322
f 437/846/322 92/871/320 438/872/320
f 438/872/320 92/871/320 439/873/315
f 439/873/315 92/871/320 91/874/603
f 439/873/315 91/874/603 158/875/53
f 158/875/53 91/874/603 132/876/52
f 132/876/52 91/874/603 49/877/604
f 132/876/52 49/877/604 133/878/605
f 133/878/605 49/877/604 134/879/606
f 134/879/606 49/877/604 135/880/604
f 91/874/603 90/881/607 49/877/604
f 49/877/604 90/881/607 50/882/608
f 50/882/608 90/881/607 51/883/609
f 51/883/609 90/881/607 52/884/610
f 52/884/610 90/881/607 89/885/611
f 52/884/610 89/885/611 126/886/293
f 126/886/293 89/885/611 401/887/294
f 401/887/294 89/885/611 721/888/612
f 721/888/612 89/885/611 88/889/368
f 721/888/612 88/889/368 720/890/613
f 720/890/613 88/889/368 87/891/614
f 720/890/613 87/891/614 719/892/615
f 719/892/615 87/891/614 86/893/616
f 719/892/615 86/893/616 718/345/616
f 126/886/293 125/894/617 52/884/610
f 52/884/610 125/894/617 124/895/618
f 52/884/610 124/895/618 123/896/610
f 152/897/46 136/898/46 166/899/46
f 166/899/46 136/898/46 48/900/46
f 48/900/46 136/898/46 49/901/46
f 49/901/46 136/898/46 135/902/46
f 191/903/34 231/904/85 36/905/619
f 36/905/619 231/904/85 37/906/33
f 37/906/33 231/904/85 230/907/96
f 37/906/33 230/907/96 229/908/97
f 37/906/33 229/908/97 38/909/616
f 38/909/616 229/908/97 228/910/98
f 38/909/616 228/910/98 227/911/100
f 38/909/616 227/911/100 39/912/614
f 39/912/614 227/911/100 226/913/102
f 39/912/614 226/913/102 225/914/104
f 39/912/614 225/914/104 40/915/368
f 40/915/368 225/914/104 224/916/106
f 40/915/368 224/916/106 223/917/107
f 40/915/368 223/917/107 41/918/620
f 41/918/620 223/917/107 222/919/109
f 41/918/620 222/919/109 42/920/607
f 42/920/607 222/919/109 221/921/111
f 42/920/607 221/921/111 220/922/113
f 42/920/607 220/922/113 43/923/621
f 43/923/621 220/922/113 219/924/115
f 43/923/621 219/924/115 44/925/320
f 44/925/320 219/924/115 218/926/117
f 44/925/320 218/926/117 217/927/119
f 44/925/320 217/927/119 45/928/586
f 45/928/586 217/927/119 216/929/121
f 45/928/586 216/929/121 46/930/591
f 46/930/591 216/929/121 215/931/123
f 46/930/591 215/931/123 47/932/595
f 47/932/595 215/931/123 214/933/125
f 47/932/595 214/933/125 48/934/46
f 48/934/46 214/933/125 166/935/46
f 368/936/34 191/937/34 122/938/34
f 122/938/34 191/937/34 36/901/619
f 122/938/34 36/901/619 52/900/34
f 52/900/34 123/939/34 122/938/34
f 464/940/351 143/898/42 480/941/42
f 480/941/42 143/898/42 69/900/351
f 69/900/351 143/898/42 53/901/42
f 53/901/42 143/898/42 142/902/42
f 485/942/368 529/943/367 57/905/368
f 57/905/368 529/943/367 58/906/611
f 58/906/611 529/943/367 528/944/380
f 58/906/611 528/944/380 59/909/607
f 59/909/607 528/944/380 527/945/382
f 59/909/607 527/945/382 60/912/603
f 60/912/603 527/945/382 526/946/384
f 60/912/603 526/946/384 61/915/320
f 61/915/320 526/946/384 525/947/386
f 61/915/320 525/947/386 524/948/387
f 61/915/320 524/948/387 62/918/586
f 62/918/586 524/948/387 523/949/389
f 62/918/586 523/949/389 63/920/591
f 63/920/591 523/949/389 522/950/391
f 63/920/591 522/950/391 521/951/393
f 63/920/591 521/951/393 64/923/595
f 64/923/595 521/951/393 520/952/395
f 64/923/595 520/952/395 65/925/46
f 65/925/46 520/952/395 519/953/397
f 65/925/46 519/953/397 518/954/399
f 65/925/46 518/954/399 66/928/622
f 66/928/622 518/954/399 517/955/401
f 66/928/622 517/955/401 516/956/402
f 66/928/622 516/956/402 67/930/44
f 67/930/44 516/956/402 515/957/403
f 67/930/44 515/957/403 514/958/405
f 67/930/44 514/958/405 68/932/43
f 68/932/43 514/958/405 513/959/406
f 68/932/43 513/959/406 512/960/408
f 480/961/42 69/934/351 512/960/408
f 512/960/408 69/934/351 68/932/43
f 650/962/368 485/963/368 685/938/368
f 685/938/368 485/963/368 57/901/368
f 685/938/368 57/901/368 56/900/368
f 56/900/368 713/939/368 685/938/368
f 712/964/2 688/965/2 713/966/2
f 713/966/2 688/965/2 687/967/2
f 713/966/2 687/967/2 686/968/2
f 688/965/2 712/964/2 689/969/2
f 689/969/2 712/964/2 711/970/2
f 689/969/2 711/970/2 690/971/2
f 690/971/2 711/970/2 691/972/2
f 686/968/2 685/973/2 713/966/2
f 722/974/623 14/975/624 727/976/625
f 727/976/625 14/975/624 13/977/625
f 727/976/625 13/977/625 726/978/626
f 726/978/626 13/977/625 12/979/626
f 726/978/626 12/979/626 725/980/627
f 725/980/627 12/979/626 11/981/627
f 725/980/627 11/981/627 724/982/628
f 724/982/628 11/981/627 10/983/628
f 724/982/628 10/983/628 723/984/629
f 723/984/629 10/983/628 9/985/629
f 729/986/630 731/987/631 728/988/632
f 728/988/632 731/987/631 722/989/633
f 728/988/632 722/989/633 744/990/634
f 744/990/634 722/989/633 727/991/635
f 744/990/634 727/991/635 743/992/636
f 743/992/636 727/991/635 726/993/637
f 743/992/636 726/993/637 742/994/638
f 742/994/638 726/993/637 725/995/639
f 742/994/638 725/995/639 741/996/640
f 741/996/640 725/995/639 724/997/641
f 741/996/640 724/997/641 740/998/642
f 740/998/642 724/997/641 723/999/643
f 740/998/642 723/999/643 736/1000/644
f 736/1000/644 723/999/643 734/1001/645
f 736/1000/644 734/1001/645 735/1002/646
f 729/986/630 730/1003/647 731/987/631
f 731/987/631 732/1004/648 722/989/633
f 722/989/633 732/1004/648 733/1005/649
f 736/1000/644 737/1006/650 740/998/642
f 740/998/642 737/1006/650 738/1007/651
f 740/998/642 738/1007/651 739/1008/652
f 745/1009/653 746/1010/654 808/1011/655
f 808/1011/655 746/1010/654 747/1012/656
f 808/1011/655 747/1012/656 812/1013/657
f 812/1013/657 747/1012/656 748/1014/658
f 812/1013/657 748/1014/658 749/1015/659
f 812/1013/657 749/1015/659 811/1016/660
f 811/1016/660 749/1015/659 750/1017/661
f 811/1016/660 750/1017/661 751/1018/662
f 811/1016/660 751/1018/662 813/1019/663
f 813/1019/663 751/1018/662 752/1020/664
f 813/1019/663 752/1020/664 753/1021/665
f 813/1019/663 753/1021/665 814/1022/666
f 814/1022/666 753/1021/665 754/1023/667
f 814/1022/666 754/1023/667 815/1024/668
f 815/1024/668 754/1023/667 755/1025/669
f 815/1024/668 755/1025/669 756/1026/670
f 815/1024/668 756/1026/670 816/1027/671
f 816/1027/671 756/1026/670 757/1028/672
f 816/1027/671 757/1028/672 810/1029/673
f 810/1029/673 757/1028/672 758/1030/674
f 810/1029/673 758/1030/674 809/1031/675
f 809/1031/675 758/1030/674 817/1032/676
f 809/1031/675 817/1032/676 797/1033/677
f 797/1033/677 817/1032/676 796/1034/678
f 796/1034/678 817/1032/676 818/1035/679
f 796/1034/678 818/1035/679 795/1036/680
f 795/1036/680 818/1035/679 819/1037/681
f 795/1036/680 819/1037/681 794/1038/682
f 794/1038/682 819/1037/681 820/1039/683
f 794/1038/682 820/1039/683 793/1040/684
f 793/1040/684 820/1039/683 821/1041/685
f 793/1040/684 821/1041/685 792/1042/686
f 792/1042/686 821/1041/685 822/1043/687
f 792/1042/686 822/1043/687 791/1044/688
f 791/1044/688 822/1043/687 823/1045/689
f 791/1044/688 823/1045/689 790/1046/690
f 790/1046/690 823/1045/689 824/1047/691
f 790/1046/690 824/1047/691 789/1048/692
f 789/1048/692 824/1047/691 825/1049/693
f 789/1048/692 825/1049/693 788/1050/694
f 788/1050/694 825/1049/693 826/1051/695
f 788/1050/694 826/1051/695 787/1052/696
f 787/1052/696 826/1051/695 827/1053/697
f 787/1052/696 827/1053/697 786/1054/698
f 786/1054/698 827/1053/697 828/1055/699
f 786/1054/698 828/1055/699 785/1056/700
f 785/1056/700 828/1055/699 784/1057/701
f 784/1057/701 828/1055/699 829/1058/702
f 784/1057/701 829/1058/702 783/1059/703
f 783/1059/703 829/1058/702 782/1060/704
f 782/1060/704 829/1058/702 830/1061/705
f 782/1060/704 830/1061/705 781/1062/706
f 781/1062/706 830/1061/705 780/1063/707
f 780/1063/707 830/1061/705 831/1064/708
f 780/1063/707 831/1064/708 779/1065/709
f 779/1065/709 831/1064/708 832/1066/710
f 779/1065/709 832/1066/710 778/1067/711
f 778/1067/711 832/1066/710 745/1068/653
f 745/1068/653 832/1066/710 777/1069/712
f 745/1068/653 777/1069/712 746/1070/654
f 758/1030/674 759/1071/713 817/1032/676
f 817/1032/676 759/1071/713 818/1035/679
f 759/1071/713 760/1072/714 818/1035/679
f 818/1035/679 760/1072/714 819/1037/681
f 760/1072/714 761/1073/715 819/1037/681
f 819/1037/681 761/1073/715 820/1039/683
f 761/1073/715 762/1074/716 820/1039/683
f 820/1039/683 762/1074/716 821/1041/685
f 762/1074/716 763/1075/717 821/1041/685
f 821/1041/685 763/1075/717 822/1043/687
f 763/1075/717 764/1076/718 822/1043/687
f 822/1043/687 764/1076/718 823/1045/689
f 764/1076/718 765/1077/719 823/1045/689
f 823/1045/689 765/1077/719 824/1047/691
f 765/1077/719 766/1078/720 824/1047/691
f 824/1047/691 766/1078/720 825/1049/693
f 766/1078/720 767/1079/721 825/1049/693
f 825/1049/693 767/1079/721 826/1051/695
f 767/1079/721 768/1080/722 826/1051/695
f 826/1051/695 768/1080/722 827/1053/697
f 768/1080/722 769/1081/723 827/1053/697
f 827/1053/697 769/1081/723 828/1055/699
f 769/1081/723 770/1082/724 828/1055/699
f 828/1055/699 770/1082/724 771/1083/725
f 828/1055/699 771/1083/725 829/1058/702
f 829/1058/702 771/1083/725 772/1084/726
f 829/1058/702 772/1084/726 773/1085/727
f 829/1058/702 773/1085/727 830/1061/705
f 830/1061/705 773/1085/727 774/1086/728
f 830/1061/705 774/1086/728 775/1087/729
f 830/1061/705 775/1087/729 831/1064/708
f 831/1064/708 775/1087/729 776/1088/730
f 831/1064/708 776/1088/730 832/1066/710
f 832/1066/710 776/1088/730 777/1069/712
f 797/1033/677 798/1089/731 809/1031/675
f 809/1031/675 798/1089/731 810/1029/673
f 810/1029/673 798/1089/731 816/1027/671
f 816/1027/671 798/1089/731 799/1090/732
f 816/1027/671 799/1090/732 815/1024/668
f 815/1024/668 799/1090/732 800/1091/733
f 815/1024/668 800/1091/733 801/1092/734
f 815/1024/668 801/1092/734 814/1022/666
f 814/1022/666 801/1092/734 802/1093/735
f 814/1022/666 802/1093/735 803/1094/736
f 814/1022/666 803/1094/736 813/1019/663
f 813/1019/663 803/1094/736 804/1095/737
f 813/1019/663 804/1095/737 811/1016/660
f 811/1016/660 804/1095/737 805/1096/738
f 811/1016/660 805/1096/738 806/1097/739
f 811/1016/660 806/1097/739 812/1013/657
f 812/1013/657 806/1097/739 807/1098/740
f 812/1013/657 807/1098/740 808/1011/655
f 834/1099/741 859/1100/742 833/1101/743
f 833/1101/743 859/1100/742 880/1102/744
f 833/1101/743 880/1102/744 856/1103/744
f 856/1103/744 880/1102/744 855/1104/745
f 855/1104/745 880/1102/744 879/1105/745
f 855/1104/745 879/1105/745 854/1106/746
f 854/1106/746 879/1105/745 878/1107/747
f 854/1106/746 878/1107/747 853/1108/748
f 853/1108/748 878/1107/747 877/1109/748
f 853/1108/748 877/1109/748 852/1110/749
f 852/1110/749 877/1109/748 876/1111/750
f 852/1110/749 876/1111/750 851/1112/751
f 851/1112/751 876/1111/750 875/1113/751
f 851/1112/751 875/1113/751 850/1114/752
f 850/1114/752 875/1113/751 874/1115/753
f 850/1114/752 874/1115/753 849/1116/754
f 849/1116/754 874/1115/753 873/1117/755
f 849/1116/754 873/1117/755 848/1118/756
f 848/1118/756 873/1117/755 872/1119/757
f 848/1118/756 872/1119/757 847/1120/758
f 847/1120/758 872/1119/757 871/1121/758
f 847/1120/758 871/1121/758 846/1122/759
f 846/1122/759 871/1121/758 870/1123/759
f 846/1122/759 870/1123/759 845/1124/760
f 845/1124/760 870/1123/759 857/1125/760
f 845/1126/760 857/1127/760 844/1128/761
f 844/1128/761 857/1127/760 869/1129/761
f 844/1128/761 869/1129/761 843/1130/762
f 843/1130/762 869/1129/761 868/1131/763
f 843/1130/762 868/1131/763 842/1132/764
f 842/1132/764 868/1131/763 867/1133/765
f 842/1132/764 867/1133/765 841/1134/766
f 841/1134/766 867/1133/765 866/1135/766
f 841/1134/766 866/1135/766 840/1136/767
f 840/1136/767 866/1135/766 865/1137/768
f 840/1136/767 865/1137/768 839/1138/769
f 839/1138/769 865/1137/768 864/1139/770
f 839/1138/769 864/1139/770 838/1140/771
f 838/1140/771 864/1139/770 863/1141/772
f 838/1140/771 863/1141/772 837/1142/773
f 837/1142/773 863/1141/772 862/1143/774
f 837/1142/773 862/1143/774 836/1144/775
f 836/1144/775 862/1143/774 861/1145/776
f 836/1144/775 861/1145/776 835/1146/777
f 835/1146/777 861/1145/776 860/1147/778
f 835/1146/777 860/1147/778 834/1099/741
f 834/1099/741 860/1147/778 858/1148/741
f 834/1099/741 858/1148/741 859/1100/742
f 859/1100/742 858/1148/741 763/1149/779
f 859/1100/742 763/1149/779 762/1150/780
f 747/1151/781 746/1152/760 857/1125/760
f 857/1127/760 746/1153/760 777/1154/782
f 857/1127/760 777/1154/782 869/1129/761
f 869/1129/761 777/1154/782 776/1155/783
f 869/1129/761 776/1155/783 868/1131/763
f 868/1131/763 776/1155/783 775/1156/784
f 868/1131/763 775/1156/784 774/1157/785
f 868/1131/763 774/1157/785 867/1133/765
f 867/1133/765 774/1157/785 773/1158/786
f 867/1133/765 773/1158/786 866/1135/766
f 866/1135/766 773/1158/786 772/1159/787
f 866/1135/766 772/1159/787 865/1137/768
f 865/1137/768 772/1159/787 771/1160/788
f 865/1137/768 771/1160/788 770/1161/789
f 865/1137/768 770/1161/789 864/1139/770
f 864/1139/770 770/1161/789 769/1162/790
f 864/1139/770 769/1162/790 863/1141/772
f 863/1141/772 769/1162/790 768/1163/791
f 863/1141/772 768/1163/791 862/1143/774
f 862/1143/774 768/1163/791 767/1164/792
f 862/1143/774 767/1164/792 766/1165/793
f 862/1143/774 766/1165/793 861/1145/776
f 861/1145/776 766/1165/793 765/1166/794
f 861/1145/776 765/1166/794 860/1147/778
f 860/1147/778 765/1166/794 764/1167/795
f 860/1147/778 764/1167/795 858/1148/741
f 858/1148/741 764/1167/795 763/1149/779
f 762/1150/780 761/1168/796 859/1100/742
f 859/1100/742 761/1168/796 880/1102/744
f 761/1168/796 760/1169/797 880/1102/744
f 880/1102/744 760/1169/797 879/1105/745
f 760/1169/797 759/1170/798 879/1105/745
f 879/1105/745 759/1170/798 878/1107/747
f 759/1170/798 758/1171/799 878/1107/747
f 878/1107/747 758/1171/799 877/1109/748
f 758/1171/799 757/1172/800 877/1109/748
f 877/1109/748 757/1172/800 756/1173/801
f 877/1109/748 756/1173/801 876/1111/750
f 876/1111/750 756/1173/801 755/1174/802
f 876/1111/750 755/1174/802 875/1113/751
f 875/1113/751 755/1174/802 754/1175/803
f 875/1113/751 754/1175/803 874/1115/753
f 874/1115/753 754/1175/803 753/1176/804
f 874/1115/753 753/1176/804 752/1177/805
f 874/1115/753 752/1177/805 873/1117/755
f 873/1117/755 752/1177/805 751/1178/806
f 873/1117/755 751/1178/806 872/1119/757
f 872/1119/757 751/1178/806 750/1179/807
f 872/1119/757 750/1179/807 871/1121/758
f 871/1121/758 750/1179/807 749/1180/808
f 871/1121/758 749/1180/808 748/1181/809
f 871/1121/758 748/1181/809 870/1123/759
f 870/1123/759 748/1181/809 747/1151/781
f 870/1123/759 747/1151/781 857/1125/760
f 964/1182/810 881/1183/811 988/1184/812
f 988/1184/812 881/1183/811 882/1185/813
f 988/1184/812 882/1185/813 987/1186/814
f 987/1186/814 882/1185/813 883/1187/815
f 987/1186/814 883/1187/815 986/1188/816
f 986/1188/816 883/1187/815 884/1189/817
f 986/1188/816 884/1189/817 985/1190/818
f 985/1190/818 884/1189/817 984/1191/819
f 985/1190/818 984/1191/819 997/1192/820
f 997/1192/820 984/1191/819 996/1193/821
f 997/1192/820 996/1193/821 1009/1194/822
f 1009/1194/822 996/1193/821 1008/1195/823
f 1009/1194/822 1008/1195/823 1020/1196/824
f 1020/1196/824 1008/1195/823 1019/1197/825
f 1020/1196/824 1019/1197/825 1038/1198/826
f 1038/1198/826 1019/1197/825 1039/1199/827
f 1038/1198/826 1039/1199/827 1031/1200/828
f 1031/1200/828 1039/1199/827 1030/1201/829
f 1031/1200/828 1030/1201/829 1055/1202/830
f 1055/1202/830 1030/1201/829 1054/1203/831
f 1055/1202/830 1054/1203/831 1067/1204/832
f 1067/1204/832 1054/1203/831 1066/1205/833
f 1067/1204/832 1066/1205/833 1074/1206/834
f 1074/1206/834 1066/1205/833 1075/1207/835
f 1074/1206/834 1075/1207/835 1089/1208/836
f 1089/1208/836 1075/1207/835 1088/1209/837
f 1089/1208/836 1088/1209/837 1095/1210/838
f 1095/1210/838 1088/1209/837 1096/1211/839
f 1095/1210/838 1096/1211/839 1112/1212/840
f 1112/1212/840 1096/1211/839 1111/1213/841
f 1112/1212/840 1111/1213/841 1124/1214/842
f 1124/1214/842 1111/1213/841 1123/1215/843
f 1124/1214/842 1123/1215/843 1136/1216/844
f 1136/1216/844 1123/1215/843 1135/1217/845
f 1136/1216/844 1135/1217/845 1148/1218/846
f 1148/1218/846 1135/1217/845 1147/1219/847
f 1148/1218/846 1147/1219/847 1160/1220/848
f 1160/1220/848 1147/1219/847 1159/1221/849
f 1160/1220/848 1159/1221/849 1172/1222/850
f 1172/1222/850 1159/1221/849 1171/1223/851
f 1172/1222/850 1171/1223/851 1184/1224/852
f 1184/1224/852 1171/1223/851 1183/1225/853
f 1184/1224/852 1183/1225/853 1196/1226/854
f 1196/1226/854 1183/1225/853 1195/1227/855
f 1196/1226/854 1195/1227/855 1208/1228/856
f 1208/1228/856 1195/1227/855 1207/1229/857
f 1208/1228/856 1207/1229/857 1215/1230/858
f 1215/1230/858 1207/1229/857 1216/1231/859
f 1215/1230/858 1216/1231/859 1231/1232/860
f 1231/1232/860 1216/1231/859 1230/1233/861
f 1231/1232/860 1230/1233/861 1382/1234/862
f 1382/1234/862 1230/1233/861 1381/1235/863
f 1382/1234/862 1381/1235/863 1238/1236/864
f 1238/1236/864 1381/1235/863 1239/1237/865
f 1238/1236/864 1239/1237/865 1255/1238/866
f 1255/1238/866 1239/1237/865 1254/1239/867
f 1255/1238/866 1254/1239/867 1266/1240/868
f 1266/1240/868 1254/1239/867 1265/1241/869
f 1266/1240/868 1265/1241/869 1273/1242/870
f 1273/1242/870 1265/1241/869 1274/1243/871
f 1273/1242/870 1274/1243/871 1290/1244/872
f 1290/1244/872 1274/1243/871 1289/1245/873
f 1290/1244/872 1289/1245/873 1302/1246/874
f 1302/1246/874 1289/1245/873 1301/1247/875
f 1302/1246/874 1301/1247/875 1314/1248/876
f 1314/1248/876 1301/1247/875 1313/1249/877
f 1314/1248/876 1313/1249/877 1320/1250/878
f 1320/1250/878 1313/1249/877 1321/1251/879
f 1320/1250/878 1321/1251/879 1336/1252/880
f 1336/1252/880 1321/1251/879 1335/1253/881
f 1336/1252/880 1335/1253/881 1346/1254/882
f 1346/1254/882 1335/1253/881 1345/1255/883
f 1346/1254/882 1345/1255/883 1357/1256/884
f 1357/1256/884 1345/1255/883 1356/1257/885
f 1357/1256/884 1356/1257/885 1369/1258/886
f 1369/1258/886 1356/1257/885 1368/1259/887
f 1369/1258/886 1368/1259/887 884/1260/817
f 884/1260/817 1368/1259/887 885/1261/888
f 885/1261/888 1368/1259/887 1367/1262/889
f 885/1261/888 1367/1262/889 1366/1263/890
f 1366/1263/890 1367/1262/889 1354/1264/891
f 1366/1263/890 1354/1264/891 1353/1265/892
f 1353/1265/892 1354/1264/891 1342/1266/893
f 1353/1265/892 1342/1266/893 1341/1267/894
f 1341/1267/894 1342/1266/893 1331/1268/895
f 1341/1267/894 1331/1268/895 1330/1269/896
f 1330/1269/896 1331/1268/895 1326/1270/897
f 1330/1269/896 1326/1270/897 1327/1271/898
f 1327/1271/898 1326/1270/897 1307/1272/899
f 1327/1271/898 1307/1272/899 1306/1273/900
f 1306/1273/900 1307/1272/899 1294/1274/901
f 1306/1273/900 1294/1274/901 921/1275/902
f 921/1275/902 1294/1274/901 920/1276/903
f 920/1276/903 1294/1274/901 1282/1277/904
f 920/1276/903 1282/1277/904 919/1278/905
f 919/1278/905 1282/1277/904 1281/1279/906
f 919/1278/905 1281/1279/906 973/1280/907
f 973/1280/907 1281/1279/906 1280/1281/908
f 973/1280/907 1280/1281/908 1259/1282/909
f 1259/1282/909 1280/1281/908 1279/1283/910
f 1259/1282/909 1279/1283/910 1260/1284/911
f 1260/1284/911 1279/1283/910 1278/1285/912
f 1260/1284/911 1278/1285/912 1261/1286/913
f 1261/1286/913 1278/1285/912 1277/1287/914
f 1261/1286/913 1277/1287/914 1262/1288/915
f 1262/1288/915 1277/1287/914 1276/1289/916
f 1262/1288/915 1276/1289/916 1263/1290/917
f 1263/1290/917 1276/1289/916 1275/1291/918
f 1263/1290/917 1275/1291/918 1264/1292/919
f 1264/1292/919 1275/1291/918 1274/1243/871
f 1264/1292/919 1274/1243/871 1265/1241/869
f 884/1189/817 885/1293/888 984/1191/819
f 984/1191/819 885/1293/888 983/1294/920
f 984/1191/819 983/1294/920 996/1193/821
f 996/1193/821 983/1294/920 995/1295/921
f 996/1193/821 995/1295/921 1008/1195/823
f 1008/1195/823 995/1295/921 1007/1296/922
f 1008/1195/823 1007/1296/922 1019/1197/825
f 1019/1197/825 1007/1296/922 1018/1297/923
f 1019/1197/825 1018/1297/923 1039/1199/827
f 1039/1199/827 1018/1297/923 1040/1298/924
f 1039/1199/827 1040/1298/924 1030/1201/829
f 1030/1201/829 1040/1298/924 1029/1299/925
f 1030/1201/829 1029/1299/925 1054/1203/831
f 1054/1203/831 1029/1299/925 1053/1300/926
f 1054/1203/831 1053/1300/926 1066/1205/833
f 1066/1205/833 1053/1300/926 1065/1301/927
f 1066/1205/833 1065/1301/927 1075/1207/835
f 1075/1207/835 1065/1301/927 1076/1302/928
f 1075/1207/835 1076/1302/928 1088/1209/837
f 1088/1209/837 1076/1302/928 1087/1303/929
f 1088/1209/837 1087/1303/929 1096/1211/839
f 1096/1211/839 1087/1303/929 1097/1304/930
f 1096/1211/839 1097/1304/930 1111/1213/841
f 1111/1213/841 1097/1304/930 1110/1305/931
f 1111/1213/841 1110/1305/931 1123/1215/843
f 1123/1215/843 1110/1305/931 1122/1306/932
f 1123/1215/843 1122/1306/932 1135/1217/845
f 1135/1217/845 1122/1306/932 1134/1307/933
f 1135/1217/845 1134/1307/933 1147/1219/847
f 1147/1219/847 1134/1307/933 1146/1308/934
f 1147/1219/847 1146/1308/934 1159/1221/849
f 1159/1221/849 1146/1308/934 1158/1309/935
f 1159/1221/849 1158/1309/935 1171/1223/851
f 1171/1223/851 1158/1309/935 1170/1310/936
f 1171/1223/851 1170/1310/936 1183/1225/853
f 1183/1225/853 1170/1310/936 1182/1311/937
f 1183/1225/853 1182/1311/937 1195/1227/855
f 1195/1227/855 1182/1311/937 1194/1312/938
f 1195/1227/855 1194/1312/938 1207/1229/857
f 1207/1229/857 1194/1312/938 1206/1313/939
f 1207/1229/857 1206/1313/939 1216/1231/859
f 1216/1231/859 1206/1313/939 1217/1314/940
f 1216/1231/859 1217/1314/940 1230/1233/861
f 1230/1233/861 1217/1314/940 1229/1315/941
f 1230/1233/861 1229/1315/941 1381/1235/863
f 1381/1235/863 1229/1315/941 1380/1316/942
f 1381/1235/863 1380/1316/942 1239/1237/865
f 1239/1237/865 1380/1316/942 1240/1317/943
f 1239/1237/865 1240/1317/943 1254/1239/867
f 1254/1239/867 1240/1317/943 1253/1318/944
f 1254/1239/867 1253/1318/944 1265/1241/869
f 1265/1241/869 1253/1318/944 1264/1292/919
f 885/1293/888 886/1319/945 983/1294/920
f 983/1294/920 886/1319/945 982/1320/946
f 983/1294/920 982/1320/946 995/1295/921
f 995/1295/921 982/1320/946 994/1321/947
f 995/1295/921 994/1321/947 1007/1296/922
f 1007/1296/922 994/1321/947 1006/1322/948
f 1007/1296/922 1006/1322/948 1018/1297/923
f 1018/1297/923 1006/1322/948 1017/1323/949
f 1018/1297/923 1017/1323/949 1040/1298/924
f 1040/1298/924 1017/1323/949 1041/1324/950
f 1040/1298/924 1041/1324/950 1029/1299/925
f 1029/1299/925 1041/1324/950 1028/1325/951
f 1029/1299/925 1028/1325/951 1053/1300/926
f 1053/1300/926 1028/1325/951 1052/1326/952
f 1053/1300/926 1052/1326/952 1065/1301/927
f 1065/1301/927 1052/1326/952 1064/1327/953
f 1065/1301/927 1064/1327/953 1076/1302/928
f 1076/1302/928 1064/1327/953 1077/1328/954
f 1076/1302/928 1077/1328/954 1087/1303/929
f 1087/1303/929 1077/1328/954 1086/1329/955
f 1087/1303/929 1086/1329/955 1097/1304/930
f 1097/1304/930 1086/1329/955 1098/1330/956
f 1097/1304/930 1098/1330/956 1110/1305/931
f 1110/1305/931 1098/1330/956 1109/1331/957
f 1110/1305/931 1109/1331/957 1122/1306/932
f 1122/1306/932 1109/1331/957 1121/1332/958
f 1122/1306/932 1121/1332/958 1134/1307/933
f 1134/1307/933 1121/1332/958 1133/1333/959
f 1134/1307/933 1133/1333/959 1146/1308/934
f 1146/1308/934 1133/1333/959 1145/1334/960
f 1146/1308/934 1145/1334/960 1158/1309/935
f 1158/1309/935 1145/1334/960 1157/1335/961
f 1158/1309/935 1157/1335/961 1170/1310/936
f 1170/1310/936 1157/1335/961 1169/1336/962
f 1170/1310/936 1169/1336/962 1182/1311/937
f 1182/1311/937 1169/1336/962 1181/1337/963
f 1182/1311/937 1181/1337/963 1194/1312/938
f 1194/1312/938 1181/1337/963 1193/1338/964
f 1194/1312/938 1193/1338/964 1206/1313/939
f 1206/1313/939 1193/1338/964 1205/1339/965
f 1206/1313/939 1205/1339/965 1217/1314/940
f 1217/1314/940 1205/1339/965 1218/1340/966
f 1217/1314/940 1218/1340/966 1229/1315/941
f 1229/1315/941 1218/1340/966 1228/1341/967
f 1229/1315/941 1228/1341/967 1380/1316/942
f 1380/1316/942 1228/1341/967 1379/1342/968
f 1380/1316/942 1379/1342/968 1240/1317/943
f 1240/1317/943 1379/1342/968 1241/1343/969
f 1240/1317/943 1241/1343/969 1253/1318/944
f 1253/1318/944 1241/1343/969 1252/1344/970
f 1253/1318/944 1252/1344/970 1264/1292/919
f 1264/1292/919 1252/1344/970 1263/1290/917
f 982/1320/946 886/1319/945 981/1345/971
f 981/1345/971 886/1319/945 887/1346/972
f 981/1345/971 887/1346/972 980/1347/973
f 980/1347/973 887/1346/972 979/1348/974
f 980/1347/973 979/1348/974 992/1349/975
f 992/1349/975 979/1348/974 991/1350/976
f 992/1349/975 991/1350/976 1004/1351/977
f 1004/1351/977 991/1350/976 1003/1352/978
f 1004/1351/977 1003/1352/978 1015/1353/979
f 1015/1353/979 1003/1352/978 1014/1354/980
f 1015/1353/979 1014/1354/980 1043/1355/981
f 1043/1355/981 1014/1354/980 1044/1356/982
f 1043/1355/981 1044/1356/982 1026/1357/983
f 1026/1357/983 1044/1356/982 1025/1358/984
f 1026/1357/983 1025/1358/984 1050/1359/985
f 1050/1359/985 1025/1358/984 1049/1360/986
f 1050/1359/985 1049/1360/986 1062/1361/987
f 1062/1361/987 1049/1360/986 1061/1362/988
f 1062/1361/987 1061/1362/988 1079/1363/989
f 1079/1363/989 1061/1362/988 1080/1364/990
f 1079/1363/989 1080/1364/990 1084/1365/991
f 1084/1365/991 1080/1364/990 1083/1366/992
f 1084/1365/991 1083/1366/992 1100/1367/993
f 1100/1367/993 1083/1366/992 1101/1368/994
f 1100/1367/993 1101/1368/994 1107/1369/995
f 1107/1369/995 1101/1368/994 1106/1370/996
f 1107/1369/995 1106/1370/996 1119/1371/997
f 1119/1371/997 1106/1370/996 1118/1372/998
f 1119/1371/997 1118/1372/998 1131/1373/999
f 1131/1373/999 1118/1372/998 1130/1374/1000
f 1131/1373/999 1130/1374/1000 1143/1375/1001
f 1143/1375/1001 1130/1374/1000 1142/1376/1002
f 1143/1375/1001 1142/1376/1002 1155/1377/1003
f 1155/1377/1003 1142/1376/1002 1154/1378/1004
f 1155/1377/1003 1154/1378/1004 1167/1379/1005
f 1167/1379/1005 1154/1378/1004 1166/1380/1006
f 1167/1379/1005 1166/1380/1006 1179/1381/1007
f 1179/1381/1007 1166/1380/1006 1178/1382/1008
f 1179/1381/1007 1178/1382/1008 1191/1383/1009
f 1191/1383/1009 1178/1382/1008 1190/1384/1010
f 1191/1383/1009 1190/1384/1010 1203/1385/1011
f 1203/1385/1011 1190/1384/1010 1202/1386/1012
f 1203/1385/1011 1202/1386/1012 1220/1387/1013
f 1220/1387/1013 1202/1386/1012 1221/1388/1014
f 1220/1387/1013 1221/1388/1014 1226/1389/1015
f 1226/1389/1015 1221/1388/1014 1225/1390/1016
f 1226/1389/1015 1225/1390/1016 1377/1391/1017
f 1377/1391/1017 1225/1390/1016 1376/1392/1018
f 1377/1391/1017 1376/1392/1018 1243/1393/1019
f 1243/1393/1019 1376/1392/1018 1244/1394/1020
f 1243/1393/1019 1244/1394/1020 1250/1395/1021
f 1250/1395/1021 1244/1394/1020 1249/1396/1022
f 1250/1395/1021 1249/1396/1022 1261/1286/913
f 1261/1286/913 1249/1396/1022 1260/1284/911
f 887/1346/972 888/1397/1023 979/1348/974
f 979/1348/974 888/1397/1023 978/1398/1024
f 979/1348/974 978/1398/1024 991/1350/976
f 991/1350/976 978/1398/1024 990/1399/1025
f 991/1350/976 990/1399/1025 1003/1352/978
f 1003/1352/978 990/1399/1025 1002/1400/1026
f 1003/1352/978 1002/1400/1026 1014/1354/980
f 1014/1354/980 1002/1400/1026 1013/1401/1027
f 1014/1354/980 1013/1401/1027 1044/1356/982
f 1044/1356/982 1013/1401/1027 1045/1402/1028
f 1044/1356/982 1045/1402/1028 1025/1358/984
f 1025/1358/984 1045/1402/1028 1024/1403/1029
f 1025/1358/984 1024/1403/1029 1049/1360/986
f 1049/1360/986 1024/1403/1029 1048/1404/1030
f 1049/1360/986 1048/1404/1030 1061/1362/988
f 1061/1362/988 1048/1404/1030 1060/1405/1031
f 1061/1362/988 1060/1405/1031 1080/1364/990
f 1080/1364/990 1060/1405/1031 1081/1406/1032
f 1080/1364/990 1081/1406/1032 1083/1366/992
f 1083/1366/992 1081/1406/1032 1082/1407/1033
f 1083/1366/992 1082/1407/1033 1101/1368/994
f 1101/1368/994 1082/1407/1033 1102/1408/1034
f 1101/1368/994 1102/1408/1034 1106/1370/996
f 1106/1370/996 1102/1408/1034 1105/1409/1035
f 1106/1370/996 1105/1409/1035 1118/1372/998
f 1118/1372/998 1105/1409/1035 1117/1410/1036
f 1118/1372/998 1117/1410/1036 1130/1374/1000
f 1130/1374/1000 1117/1410/1036 1129/1411/1037
f 1130/1374/1000 1129/1411/1037 1142/1376/1002
f 1142/1376/1002 1129/1411/1037 1141/1412/1038
f 1142/1376/1002 1141/1412/1038 1154/1378/1004
f 1154/1378/1004 1141/1412/1038 1153/1413/1039
f 1154/1378/1004 1153/1413/1039 1166/1380/1006
f 1166/1380/1006 1153/1413/1039 1165/1414/1040
f 1166/1380/1006 1165/1414/1040 1178/1382/1008
f 1178/1382/1008 1165/1414/1040 1177/1415/1041
f 1178/1382/1008 1177/1415/1041 1190/1384/1010
f 1190/1384/1010 1177/1415/1041 1189/1416/1042
f 1190/1384/1010 1189/1416/1042 1202/1386/1012
f 1202/1386/1012 1189/1416/1042 1201/1417/1043
f 1202/1386/1012 1201/1417/1043 1221/1388/1014
f 1221/1388/1014 1201/1417/1043 1222/1418/1044
f 1221/1388/1014 1222/1418/1044 1225/1390/1016
f 1225/1390/1016 1222/1418/1044 1224/1419/1045
f 1225/1390/1016 1224/1419/1045 1376/1392/1018
f 1376/1392/1018 1224/1419/1045 1375/1420/1046
f 1376/1392/1018 1375/1420/1046 1244/1394/1020
f 1244/1394/1020 1375/1420/1046 1245/1421/1047
f 1244/1394/1020 1245/1421/1047 1249/1396/1022
f 1249/1396/1022 1245/1421/1047 1248/1422/1048
f 1249/1396/1022 1248/1422/1048 1260/1284/911
f 1260/1284/911 1248/1422/1048 1259/1282/909
f 888/1397/1023 889/1423/1049 978/1398/1024
f 978/1398/1024 889/1423/1049 977/1424/1050
f 978/1398/1024 977/1424/1050 990/1399/1025
f 990/1399/1025 977/1424/1050 989/1425/1051
f 990/1399/1025 989/1425/1051 1002/1400/1026
f 1002/1400/1026 989/1425/1051 1001/1426/1052
f 1002/1400/1026 1001/1426/1052 1013/1401/1027
f 1013/1401/1027 1001/1426/1052 966/1427/1053
f 1013/1401/1027 966/1427/1053 1045/1402/1028
f 1045/1402/1028 966/1427/1053 1046/1428/1054
f 1045/1402/1028 1046/1428/1054 1024/1403/1029
f 1024/1403/1029 1046/1428/1054 1023/1429/1055
f 1024/1403/1029 1023/1429/1055 1048/1404/1030
f 1048/1404/1030 1023/1429/1055 1047/1430/1056
f 1048/1404/1030 1047/1430/1056 1060/1405/1031
f 1060/1405/1031 1047/1430/1056 1059/1431/1057
f 1060/1405/1031 1059/1431/1057 1081/1406/1032
f 1081/1406/1032 1059/1431/1057 967/1432/1058
f 1081/1406/1032 967/1432/1058 1082/1407/1033
f 1082/1407/1033 967/1432/1058 969/1433/1059
f 1082/1407/1033 969/1433/1059 1102/1408/1034
f 1102/1408/1034 969/1433/1059 1103/1434/1060
f 1102/1408/1034 1103/1434/1060 1105/1409/1035
f 1105/1409/1035 1103/1434/1060 1104/1435/1061
f 1105/1409/1035 1104/1435/1061 1117/1410/1036
f 1117/1410/1036 1104/1435/1061 1116/1436/1062
f 1117/1410/1036 1116/1436/1062 1129/1411/1037
f 1129/1411/1037 1116/1436/1062 1128/1437/1063
f 1129/1411/1037 1128/1437/1063 1141/1412/1038
f 1141/1412/1038 1128/1437/1063 1140/1438/1064
f 1141/1412/1038 1140/1438/1064 1153/1413/1039
f 1153/1413/1039 1140/1438/1064 1152/1439/1065
f 1153/1413/1039 1152/1439/1065 1165/1414/1040
f 1165/1414/1040 1152/1439/1065 1164/1440/1066
f 1165/1414/1040 1164/1440/1066 1177/1415/1041
f 1177/1415/1041 1164/1440/1066 1176/1441/1067
f 1177/1415/1041 1176/1441/1067 1189/1416/1042
f 1189/1416/1042 1176/1441/1067 1188/1442/1068
f 1189/1416/1042 1188/1442/1068 1201/1417/1043
f 1201/1417/1043 1188/1442/1068 1200/1443/1069
f 1201/1417/1043 1200/1443/1069 1222/1418/1044
f 1222/1418/1044 1200/1443/1069 970/1444/1070
f 1222/1418/1044 970/1444/1070 1224/1419/1045
f 1224/1419/1045 970/1444/1070 1223/1445/1071
f 1224/1419/1045 1223/1445/1071 1375/1420/1046
f 1375/1420/1046 1223/1445/1071 972/1446/1072
f 1375/1420/1046 972/1446/1072 1245/1421/1047
f 1245/1421/1047 972/1446/1072 1246/1447/1073
f 1245/1421/1047 1246/1447/1073 1248/1422/1048
f 1248/1422/1048 1246/1447/1073 1247/1448/1074
f 1248/1422/1048 1247/1448/1074 1259/1282/909
f 1259/1282/909 1247/1448/1074 973/1280/907
f 890/1449/780 891/1450/1075 889/1423/1049
f 889/1423/1049 891/1450/1075 977/1424/1050
f 891/1450/1075 892/1451/1076 977/1424/1050
f 977/1424/1050 892/1451/1076 989/1425/1051
f 892/1451/1076 893/1452/1077 989/1425/1051
f 989/1425/1051 893/1452/1077 894/1453/1078
f 989/1425/1051 894/1453/1078 1001/1426/1052
f 1001/1426/1052 894/1453/1078 895/1454/1079
f 1001/1426/1052 895/1454/1079 896/1455/1080
f 1001/1426/1052 896/1455/1080 966/1427/1053
f 966/1427/1053 896/1455/1080 897/1456/1081
f 966/1427/1053 897/1456/1081 1046/1428/1054
f 1046/1428/1054 897/1456/1081 1023/1429/1055
f 897/1456/1081 898/1457/1082 1023/1429/1055
f 1023/1429/1055 898/1457/1082 1047/1430/1056
f 898/1457/1082 899/1458/1083 1047/1430/1056
f 1047/1430/1056 899/1458/1083 1059/1431/1057
f 1059/1431/1057 899/1458/1083 967/1432/1058
f 967/1432/1058 899/1458/1083 900/1459/1084
f 967/1432/1058 900/1459/1084 969/1433/1059
f 969/1433/1059 900/1459/1084 901/1460/1085
f 969/1433/1059 901/1460/1085 1103/1434/1060
f 1103/1434/1060 901/1460/1085 1104/1435/1061
f 901/1460/1085 902/1461/1086 1104/1435/1061
f 1104/1435/1061 902/1461/1086 1116/1436/1062
f 902/1461/1086 903/1462/1087 1116/1436/1062
f 1116/1436/1062 903/1462/1087 1128/1437/1063
f 903/1462/1087 904/1463/1088 1128/1437/1063
f 1128/1437/1063 904/1463/1088 1140/1438/1064
f 904/1463/1088 905/1464/1089 1140/1438/1064
f 1140/1438/1064 905/1464/1089 906/1465/1090
f 1140/1438/1064 906/1465/1090 1152/1439/1065
f 1152/1439/1065 906/1465/1090 907/1466/1091
f 1152/1439/1065 907/1466/1091 908/1467/1092
f 908/1467/1092 909/1468/1093 1152/1439/1065
f 1152/1439/1065 909/1468/1093 1164/1440/1066
f 909/1468/1093 910/1469/1094 1164/1440/1066
f 1164/1440/1066 910/1469/1094 911/1470/1095
f 1164/1440/1066 911/1470/1095 1176/1441/1067
f 1176/1441/1067 911/1470/1095 912/1471/1096
f 1176/1441/1067 912/1471/1096 913/1472/1097
f 913/1472/1097 914/1473/1098 1176/1441/1067
f 1176/1441/1067 914/1473/1098 1188/1442/1068
f 914/1473/1098 915/1474/1099 1188/1442/1068
f 1188/1442/1068 915/1474/1099 1200/1443/1069
f 1200/1443/1069 915/1474/1099 970/1444/1070
f 970/1444/1070 915/1474/1099 916/1475/1100
f 970/1444/1070 916/1475/1100 1223/1445/1071
f 1223/1445/1071 916/1475/1100 972/1446/1072
f 916/1475/1100 917/1476/1101 972/1446/1072
f 972/1446/1072 917/1476/1101 1246/1447/1073
f 1246/1447/1073 917/1476/1101 1247/1448/1074
f 1247/1448/1074 917/1476/1101 918/1477/1102
f 1247/1448/1074 918/1477/1102 973/1280/907
f 973/1280/907 918/1477/1102 919/1278/905
f 1306/1273/900 921/1275/902 975/1478/1103
f 975/1478/1103 921/1275/902 922/1479/1104
f 975/1478/1103 922/1479/1104 1328/1480/1105
f 1328/1480/1105 922/1479/1104 923/1481/1106
f 1328/1480/1105 923/1481/1106 1339/1482/1107
f 1339/1482/1107 923/1481/1106 924/1483/1108
f 1339/1482/1107 924/1483/1108 925/1484/1109
f 1339/1482/1107 925/1484/1109 1351/1485/1110
f 1351/1485/1110 925/1484/1109 926/1486/1111
f 1351/1485/1110 926/1486/1111 1363/1487/1112
f 1363/1487/1112 926/1486/1111 927/1488/1113
f 1363/1487/1112 927/1488/1113 889/1489/1049
f 889/1489/1049 927/1488/1113 890/345/780
f 889/1489/1049 888/1490/1023 1363/1487/1112
f 1363/1487/1112 888/1490/1023 1364/1491/1114
f 1363/1487/1112 1364/1491/1114 1351/1485/1110
f 1351/1485/1110 1364/1491/1114 1352/1492/1115
f 1351/1485/1110 1352/1492/1115 1340/1493/1116
f 1340/1493/1116 1352/1492/1115 1341/1267/894
f 1340/1493/1116 1341/1267/894 1330/1269/896
f 888/1490/1023 887/1494/972 1364/1491/1114
f 1364/1491/1114 887/1494/972 1365/1495/1117
f 1364/1491/1114 1365/1495/1117 1352/1492/1115
f 1352/1492/1115 1365/1495/1117 1353/1265/892
f 1352/1492/1115 1353/1265/892 1341/1267/894
f 887/1494/972 886/1496/945 1365/1495/1117
f 1365/1495/1117 886/1496/945 1366/1263/890
f 1365/1495/1117 1366/1263/890 1353/1265/892
f 886/1496/945 885/1261/888 1366/1263/890
f 1369/1258/886 884/1260/817 1370/1497/1118
f 1370/1497/1118 884/1260/817 883/1498/815
f 1370/1497/1118 883/1498/815 1371/1499/1119
f 1371/1499/1119 883/1498/815 1372/1500/1120
f 1371/1499/1119 1372/1500/1120 1359/1501/1121
f 1359/1501/1121 1372/1500/1120 1360/1502/1122
f 1359/1501/1121 1360/1502/1122 1348/1503/1123
f 1348/1503/1123 1360/1502/1122 1349/1504/1124
f 1348/1503/1123 1349/1504/1124 1338/1505/1125
f 1338/1505/1125 1349/1504/1124 976/1506/1126
f 1338/1505/1125 976/1506/1126 1318/1507/1127
f 1318/1507/1127 976/1506/1126 974/1508/1128
f 1318/1507/1127 974/1508/1128 1316/1509/1129
f 1316/1509/1129 974/1508/1128 1317/1510/1130
f 1316/1509/1129 1317/1510/1130 1304/1511/1131
f 1304/1511/1131 1317/1510/1130 1305/1512/1132
f 1304/1511/1131 1305/1512/1132 1292/1513/1133
f 1292/1513/1133 1305/1512/1132 1293/1514/1134
f 1292/1513/1133 1293/1514/1134 1271/1515/1135
f 1271/1515/1135 1293/1514/1134 1270/1516/1136
f 1271/1515/1135 1270/1516/1136 1268/1517/1137
f 1268/1517/1137 1270/1516/1136 1269/1518/1138
f 1268/1517/1137 1269/1518/1138 1257/1519/1139
f 1257/1519/1139 1269/1518/1138 1258/1520/1140
f 1257/1519/1139 1258/1520/1140 1236/1521/1141
f 1236/1521/1141 1258/1520/1140 1235/1522/1142
f 1236/1521/1141 1235/1522/1142 1384/1523/1143
f 1384/1523/1143 1235/1522/1142 971/1524/1144
f 1384/1523/1143 971/1524/1144 1233/1525/1145
f 1233/1525/1145 971/1524/1144 1234/1526/1146
f 1233/1525/1145 1234/1526/1146 1213/1527/1147
f 1213/1527/1147 1234/1526/1146 1212/1528/1148
f 1213/1527/1147 1212/1528/1148 1210/1529/1149
f 1210/1529/1149 1212/1528/1148 1211/1530/1150
f 1210/1529/1149 1211/1530/1150 1198/1531/1151
f 1198/1531/1151 1211/1530/1150 1199/1532/1152
f 1198/1531/1151 1199/1532/1152 1186/1533/1153
f 1186/1533/1153 1199/1532/1152 1187/1534/1154
f 1186/1533/1153 1187/1534/1154 1174/1535/1155
f 1174/1535/1155 1187/1534/1154 1175/1536/1156
f 1174/1535/1155 1175/1536/1156 1162/1537/1157
f 1162/1537/1157 1175/1536/1156 1163/1538/1158
f 1162/1537/1157 1163/1538/1158 1150/1539/1159
f 1150/1539/1159 1163/1538/1158 1151/1540/1160
f 1150/1539/1159 1151/1540/1160 1138/1541/1161
f 1138/1541/1161 1151/1540/1160 1139/1542/1162
f 1138/1541/1161 1139/1542/1162 1126/1543/1163
f 1126/1543/1163 1139/1542/1162 1127/1544/1164
f 1126/1543/1163 1127/1544/1164 1114/1545/1165
f 1114/1545/1165 1127/1544/1164 1115/1546/1166
f 1114/1545/1165 1115/1546/1166 1093/1547/1167
f 1093/1547/1167 1115/1546/1166 1092/1548/1168
f 1093/1547/1167 1092/1548/1168 1091/1549/1169
f 1091/1549/1169 1092/1548/1168 968/1550/1170
f 1091/1549/1169 968/1550/1170 1072/1551/1171
f 1072/1551/1171 968/1550/1170 1071/1552/1172
f 1072/1551/1171 1071/1552/1172 1069/1553/1173
f 1069/1553/1173 1071/1552/1172 1070/1554/1174
f 1069/1553/1173 1070/1554/1174 1057/1555/1175
f 1057/1555/1175 1070/1554/1174 1058/1556/1176
f 1057/1555/1175 1058/1556/1176 1033/1557/1177
f 1033/1557/1177 1058/1556/1176 1034/1558/1178
f 1033/1557/1177 1034/1558/1178 1036/1559/1179
f 1036/1559/1179 1034/1558/1178 1035/1560/1180
f 1036/1559/1179 1035/1560/1180 1022/1561/1181
f 1022/1561/1181 1035/1560/1180 965/1562/1182
f 1022/1561/1181 965/1562/1182 1011/1563/1183
f 1011/1563/1183 965/1562/1182 1012/1564/1184
f 1011/1563/1183 1012/1564/1184 999/1565/1185
f 999/1565/1185 1012/1564/1184 1000/1566/1186
f 999/1565/1185 1000/1566/1186 987/1186/814
f 987/1186/814 1000/1566/1186 988/1184/812
f 883/1498/815 882/1567/813 1372/1500/1120
f 1372/1500/1120 882/1567/813 1373/1568/1187
f 1372/1500/1120 1373/1568/1187 1360/1502/1122
f 1360/1502/1122 1373/1568/1187 1361/1569/1188
f 1360/1502/1122 1361/1569/1188 1349/1504/1124
f 1349/1504/1124 1361/1569/1188 1362/1570/1189
f 1349/1504/1124 1362/1570/1189 1350/1571/1190
f 1350/1571/1190 1362/1570/1189 930/1572/1191
f 1350/1571/1190 930/1572/1191 931/1573/1192
f 1373/1568/1187 882/1567/813 1374/1574/1193
f 1374/1574/1193 882/1567/813 881/1575/811
f 1374/1574/1193 881/1575/811 928/1576/1194
f 928/1576/1194 929/1577/1195 1374/1574/1193
f 1374/1574/1193 929/1577/1195 1362/1570/1189
f 1374/1574/1193 1362/1570/1189 1361/1569/1188
f 929/1577/1195 930/1572/1191 1362/1570/1189
f 1350/1571/1190 931/1573/1192 976/1506/1126
f 976/1506/1126 931/1573/1192 932/1578/1196
f 976/1506/1126 932/1578/1196 974/1508/1128
f 974/1508/1128 932/1578/1196 933/1579/1197
f 974/1508/1128 933/1579/1197 1317/1510/1130
f 1317/1510/1130 933/1579/1197 1305/1512/1132
f 933/1579/1197 934/1580/1198 1305/1512/1132
f 1305/1512/1132 934/1580/1198 1293/1514/1134
f 934/1580/1198 935/1581/1199 1293/1514/1134
f 1293/1514/1134 935/1581/1199 1270/1516/1136
f 935/1581/1199 936/1582/1200 1270/1516/1136
f 1270/1516/1136 936/1582/1200 1269/1518/1138
f 936/1582/1200 937/1583/1201 1269/1518/1138
f 1269/1518/1138 937/1583/1201 1258/1520/1140
f 937/1583/1201 938/1584/1202 1258/1520/1140
f 1258/1520/1140 938/1584/1202 1235/1522/1142
f 1235/1522/1142 938/1584/1202 971/1524/1144
f 971/1524/1144 938/1584/1202 939/1585/1203
f 971/1524/1144 939/1585/1203 1234/1526/1146
f 1234/1526/1146 939/1585/1203 1212/1528/1148
f 939/1585/1203 940/1586/1204 1212/1528/1148
f 1212/1528/1148 940/1586/1204 1211/1530/1150
f 940/1586/1204 941/1587/1205 1211/1530/1150
f 1211/1530/1150 941/1587/1205 1199/1532/1152
f 941/1587/1205 942/1588/1206 1199/1532/1152
f 1199/1532/1152 942/1588/1206 943/1589/1207
f 1199/1532/1152 943/1589/1207 1187/1534/1154
f 1187/1534/1154 943/1589/1207 944/1590/1208
f 1187/1534/1154 944/1590/1208 1175/1536/1156
f 1175/1536/1156 944/1590/1208 945/1591/1209
f 1175/1536/1156 945/1591/1209 946/1592/1210
f 1175/1536/1156 946/1592/1210 1163/1538/1158
f 1163/1538/1158 946/1592/1210 947/1593/1211
f 1163/1538/1158 947/1593/1211 948/1594/1212
f 1163/1538/1158 948/1594/1212 1151/1540/1160
f 1151/1540/1160 948/1594/1212 949/1595/1213
f 1151/1540/1160 949/1595/1213 950/1596/1214
f 1151/1540/1160 950/1596/1214 1139/1542/1162
f 1139/1542/1162 950/1596/1214 951/1597/1215
f 1139/1542/1162 951/1597/1215 1127/1544/1164
f 1127/1544/1164 951/1597/1215 952/1598/1216
f 1127/1544/1164 952/1598/1216 953/1599/1217
f 1127/1544/1164 953/1599/1217 1115/1546/1166
f 1115/1546/1166 953/1599/1217 954/1600/1218
f 1115/1546/1166 954/1600/1218 1092/1548/1168
f 1092/1548/1168 954/1600/1218 968/1550/1170
f 954/1600/1218 955/1601/1219 968/1550/1170
f 968/1550/1170 955/1601/1219 1071/1552/1172
f 955/1601/1219 956/1602/1220 1071/1552/1172
f 1071/1552/1172 956/1602/1220 1070/1554/1174
f 956/1602/1220 957/1603/1221 1070/1554/1174
f 1070/1554/1174 957/1603/1221 1058/1556/1176
f 957/1603/1221 958/1604/1222 1058/1556/1176
f 1058/1556/1176 958/1604/1222 1034/1558/1178
f 958/1604/1222 959/1605/1223 1034/1558/1178
f 1034/1558/1178 959/1605/1223 1035/1560/1180
f 1035/1560/1180 959/1605/1223 965/1562/1182
f 965/1562/1182 959/1605/1223 960/1606/1224
f 965/1562/1182 960/1606/1224 1012/1564/1184
f 1012/1564/1184 960/1606/1224 961/1607/1225
f 1012/1564/1184 961/1607/1225 1000/1566/1186
f 1000/1566/1186 961/1607/1225 962/1608/1226
f 1000/1566/1186 962/1608/1226 963/1609/1227
f 1000/1566/1186 963/1609/1227 988/1184/812
f 988/1184/812 963/1609/1227 964/1182/810
f 994/1321/947 982/1320/946 981/1345/971
f 981/1345/971 980/1347/973 993/1610/1228
f 993/1610/1228 980/1347/973 992/1349/975
f 993/1610/1228 992/1349/975 1005/1611/1229
f 1005/1611/1229 992/1349/975 1004/1351/977
f 1005/1611/1229 1004/1351/977 1016/1612/1230
f 1016/1612/1230 1004/1351/977 1015/1353/979
f 1016/1612/1230 1015/1353/979 1042/1613/1231
f 1042/1613/1231 1015/1353/979 1043/1355/981
f 1042/1613/1231 1043/1355/981 1027/1614/1232
f 1027/1614/1232 1043/1355/981 1026/1357/983
f 1027/1614/1232 1026/1357/983 1051/1615/1233
f 1051/1615/1233 1026/1357/983 1050/1359/985
f 1051/1615/1233 1050/1359/985 1063/1616/1234
f 1063/1616/1234 1050/1359/985 1062/1361/987
f 1063/1616/1234 1062/1361/987 1078/1617/1235
f 1078/1617/1235 1062/1361/987 1079/1363/989
f 1078/1617/1235 1079/1363/989 1085/1618/1236
f 1085/1618/1236 1079/1363/989 1084/1365/991
f 1085/1618/1236 1084/1365/991 1099/1619/1237
f 1099/1619/1237 1084/1365/991 1100/1367/993
f 1099/1619/1237 1100/1367/993 1108/1620/1238
f 1108/1620/1238 1100/1367/993 1107/1369/995
f 1108/1620/1238 1107/1369/995 1120/1621/1239
f 1120/1621/1239 1107/1369/995 1119/1371/997
f 1120/1621/1239 1119/1371/997 1132/1622/1240
f 1132/1622/1240 1119/1371/997 1131/1373/999
f 1132/1622/1240 1131/1373/999 1144/1623/1241
f 1144/1623/1241 1131/1373/999 1143/1375/1001
f 1144/1623/1241 1143/1375/1001 1156/1624/1242
f 1156/1624/1242 1143/1375/1001 1155/1377/1003
f 1156/1624/1242 1155/1377/1003 1168/1625/1243
f 1168/1625/1243 1155/1377/1003 1167/1379/1005
f 1168/1625/1243 1167/1379/1005 1180/1626/1244
f 1180/1626/1244 1167/1379/1005 1179/1381/1007
f 1180/1626/1244 1179/1381/1007 1192/1627/1245
f 1192/1627/1245 1179/1381/1007 1191/1383/1009
f 1192/1627/1245 1191/1383/1009 1204/1628/1246
f 1204/1628/1246 1191/1383/1009 1203/1385/1011
f 1204/1628/1246 1203/1385/1011 1219/1629/1247
f 1219/1629/1247 1203/1385/1011 1220/1387/1013
f 1219/1629/1247 1220/1387/1013 1227/1630/1248
f 1227/1630/1248 1220/1387/1013 1226/1389/1015
f 1227/1630/1248 1226/1389/1015 1378/1631/1249
f 1378/1631/1249 1226/1389/1015 1377/1391/1017
f 1378/1631/1249 1377/1391/1017 1242/1632/1250
f 1242/1632/1250 1377/1391/1017 1243/1393/1019
f 1242/1632/1250 1243/1393/1019 1251/1633/1251
f 1251/1633/1251 1243/1393/1019 1250/1395/1021
f 1251/1633/1251 1250/1395/1021 1262/1288/915
f 1262/1288/915 1250/1395/1021 1261/1286/913
f 999/1565/1185 987/1186/814 986/1188/816
f 986/1188/816 985/1190/818 998/1634/1252
f 998/1634/1252 985/1190/818 997/1192/820
f 998/1634/1252 997/1192/820 1010/1635/1253
f 1010/1635/1253 997/1192/820 1009/1194/822
f 1010/1635/1253 1009/1194/822 1021/1636/1254
f 1021/1636/1254 1009/1194/822 1020/1196/824
f 1021/1636/1254 1020/1196/824 1037/1637/1255
f 1037/1637/1255 1020/1196/824 1038/1198/826
f 1037/1637/1255 1038/1198/826 1032/1638/1256
f 1032/1638/1256 1038/1198/826 1031/1200/828
f 1032/1638/1256 1031/1200/828 1056/1639/1257
f 1056/1639/1257 1031/1200/828 1055/1202/830
f 1056/1639/1257 1055/1202/830 1068/1640/1258
f 1068/1640/1258 1055/1202/830 1067/1204/832
f 1068/1640/1258 1067/1204/832 1073/1641/1259
f 1073/1641/1259 1067/1204/832 1074/1206/834
f 1073/1641/1259 1074/1206/834 1090/1642/1260
f 1090/1642/1260 1074/1206/834 1089/1208/836
f 1090/1642/1260 1089/1208/836 1094/1643/1261
f 1094/1643/1261 1089/1208/836 1095/1210/838
f 1094/1643/1261 1095/1210/838 1113/1644/1262
f 1113/1644/1262 1095/1210/838 1112/1212/840
f 1113/1644/1262 1112/1212/840 1125/1645/1263
f 1125/1645/1263 1112/1212/840 1124/1214/842
f 1125/1645/1263 1124/1214/842 1137/1646/1264
f 1137/1646/1264 1124/1214/842 1136/1216/844
f 1137/1646/1264 1136/1216/844 1149/1647/1265
f 1149/1647/1265 1136/1216/844 1148/1218/846
f 1149/1647/1265 1148/1218/846 1161/1648/1266
f 1161/1648/1266 1148/1218/846 1160/1220/848
f 1161/1648/1266 1160/1220/848 1173/1649/1267
f 1173/1649/1267 1160/1220/848 1172/1222/850
f 1173/1649/1267 1172/1222/850 1185/1650/1268
f 1185/1650/1268 1172/1222/850 1184/1224/852
f 1185/1650/1268 1184/1224/852 1197/1651/1269
f 1197/1651/1269 1184/1224/852 1196/1226/854
f 1197/1651/1269 1196/1226/854 1209/1652/1270
f 1209/1652/1270 1196/1226/854 1208/1228/856
f 1209/1652/1270 1208/1228/856 1214/1653/1271
f 1214/1653/1271 1208/1228/856 1215/1230/858
f 1214/1653/1271 1215/1230/858 1232/1654/1272
f 1232/1654/1272 1215/1230/858 1231/1232/860
f 1232/1654/1272 1231/1232/860 1383/1655/1273
f 1383/1655/1273 1231/1232/860 1382/1234/862
f 1383/1655/1273 1382/1234/862 1237/1656/1274
f 1237/1656/1274 1382/1234/862 1238/1236/864
f 1237/1656/1274 1238/1236/864 1256/1657/1275
f 1256/1657/1275 1238/1236/864 1255/1238/866
f 1256/1657/1275 1255/1238/866 1267/1658/1276
f 1267/1658/1276 1255/1238/866 1266/1240/868
f 1267/1658/1276 1266/1240/868 1272/1659/1277
f 1272/1659/1277 1266/1240/868 1273/1242/870
f 1272/1659/1277 1273/1242/870 1291/1660/1278
f 1291/1660/1278 1273/1242/870 1290/1244/872
f 1291/1660/1278 1290/1244/872 1303/1661/1279
f 1303/1661/1279 1290/1244/872 1302/1246/874
f 1303/1661/1279 1302/1246/874 1315/1662/1280
f 1315/1662/1280 1302/1246/874 1314/1248/876
f 1315/1662/1280 1314/1248/876 1319/1663/1281
f 1319/1663/1281 1314/1248/876 1320/1250/878
f 1319/1663/1281 1320/1250/878 1337/1664/1282
f 1337/1664/1282 1320/1250/878 1336/1252/880
f 1337/1664/1282 1336/1252/880 1347/1665/1283
f 1347/1665/1283 1336/1252/880 1346/1254/882
f 1347/1665/1283 1346/1254/882 1358/1666/1284
f 1358/1666/1284 1346/1254/882 1357/1256/884
f 1358/1666/1284 1357/1256/884 1370/1497/1118
f 1370/1497/1118 1357/1256/884 1369/1258/886
f 1006/1322/948 994/1321/947 993/1610/1228
f 993/1610/1228 994/1321/947 981/1345/971
f 1006/1322/948 993/1610/1228 1005/1611/1229
f 1011/1563/1183 999/1565/1185 998/1634/1252
f 998/1634/1252 999/1565/1185 986/1188/816
f 1011/1563/1183 998/1634/1252 1010/1635/1253
f 1017/1323/949 1006/1322/948 1005/1611/1229
f 1017/1323/949 1005/1611/1229 1016/1612/1230
f 1022/1561/1181 1011/1563/1183 1010/1635/1253
f 1022/1561/1181 1010/1635/1253 1021/1636/1254
f 1041/1324/950 1017/1323/949 1016/1612/1230
f 1041/1324/950 1016/1612/1230 1042/1613/1231
f 1036/1559/1179 1022/1561/1181 1021/1636/1254
f 1036/1559/1179 1021/1636/1254 1037/1637/1255
f 1041/1324/950 1042/1613/1231 1028/1325/951
f 1028/1325/951 1042/1613/1231 1027/1614/1232
f 1028/1325/951 1027/1614/1232 1052/1326/952
f 1052/1326/952 1027/1614/1232 1051/1615/1233
f 1052/1326/952 1051/1615/1233 1064/1327/953
f 1064/1327/953 1051/1615/1233 1063/1616/1234
f 1064/1327/953 1063/1616/1234 1077/1328/954
f 1077/1328/954 1063/1616/1234 1078/1617/1235
f 1077/1328/954 1078/1617/1235 1086/1329/955
f 1086/1329/955 1078/1617/1235 1085/1618/1236
f 1086/1329/955 1085/1618/1236 1098/1330/956
f 1098/1330/956 1085/1618/1236 1099/1619/1237
f 1098/1330/956 1099/1619/1237 1109/1331/957
f 1109/1331/957 1099/1619/1237 1108/1620/1238
f 1109/1331/957 1108/1620/1238 1121/1332/958
f 1121/1332/958 1108/1620/1238 1120/1621/1239
f 1121/1332/958 1120/1621/1239 1133/1333/959
f 1133/1333/959 1120/1621/1239 1132/1622/1240
f 1133/1333/959 1132/1622/1240 1145/1334/960
f 1145/1334/960 1132/1622/1240 1144/1623/1241
f 1145/1334/960 1144/1623/1241 1157/1335/961
f 1157/1335/961 1144/1623/1241 1156/1624/1242
f 1157/1335/961 1156/1624/1242 1169/1336/962
f 1169/1336/962 1156/1624/1242 1168/1625/1243
f 1169/1336/962 1168/1625/1243 1181/1337/963
f 1181/1337/963 1168/1625/1243 1180/1626/1244
f 1181/1337/963 1180/1626/1244 1193/1338/964
f 1193/1338/964 1180/1626/1244 1192/1627/1245
f 1193/1338/964 1192/1627/1245 1205/1339/965
f 1205/1339/965 1192/1627/1245 1204/1628/1246
f 1205/1339/965 1204/1628/1246 1218/1340/966
f 1218/1340/966 1204/1628/1246 1219/1629/1247
f 1218/1340/966 1219/1629/1247 1228/1341/967
f 1228/1341/967 1219/1629/1247 1227/1630/1248
f 1228/1341/967 1227/1630/1248 1379/1342/968
f 1379/1342/968 1227/1630/1248 1378/1631/1249
f 1379/1342/968 1378/1631/1249 1241/1343/969
f 1241/1343/969 1378/1631/1249 1242/1632/1250
f 1241/1343/969 1242/1632/1250 1252/1344/970
f 1252/1344/970 1242/1632/1250 1251/1633/1251
f 1252/1344/970 1251/1633/1251 1263/1290/917
f 1263/1290/917 1251/1633/1251 1262/1288/915
f 1036/1559/1179 1037/1637/1255 1033/1557/1177
f 1033/1557/1177 1037/1637/1255 1032/1638/1256
f 1033/1557/1177 1032/1638/1256 1057/1555/1175
f 1057/1555/1175 1032/1638/1256 1056/1639/1257
f 1057/1555/1175 1056/1639/1257 1069/1553/1173
f 1069/1553/1173 1056/1639/1257 1068/1640/1258
f 1069/1553/1173 1068/1640/1258 1072/1551/1171
f 1072/1551/1171 1068/1640/1258 1073/1641/1259
f 1072/1551/1171 1073/1641/1259 1091/1549/1169
f 1091/1549/1169 1073/1641/1259 1090/1642/1260
f 1091/1549/1169 1090/1642/1260 1093/1547/1167
f 1093/1547/1167 1090/1642/1260 1094/1643/1261
f 1093/1547/1167 1094/1643/1261 1114/1545/1165
f 1114/1545/1165 1094/1643/1261 1113/1644/1262
f 1114/1545/1165 1113/1644/1262 1126/1543/1163
f 1126/1543/1163 1113/1644/1262 1125/1645/1263
f 1126/1543/1163 1125/1645/1263 1138/1541/1161
f 1138/1541/1161 1125/1645/1263 1137/1646/1264
f 1138/1541/1161 1137/1646/1264 1150/1539/1159
f 1150/1539/1159 1137/1646/1264 1149/1647/1265
f 1150/1539/1159 1149/1647/1265 1162/1537/1157
f 1162/1537/1157 1149/1647/1265 1161/1648/1266
f 1162/1537/1157 1161/1648/1266 1174/1535/1155
f 1174/1535/1155 1161/1648/1266 1173/1649/1267
f 1174/1535/1155 1173/1649/1267 1186/1533/1153
f 1186/1533/1153 1173/1649/1267 1185/1650/1268
f 1186/1533/1153 1185/1650/1268 1198/1531/1151
f 1198/1531/1151 1185/1650/1268 1197/1651/1269
f 1198/1531/1151 1197/1651/1269 1210/1529/1149
f 1210/1529/1149 1197/1651/1269 1209/1652/1270
f 1210/1529/1149 1209/1652/1270 1213/1527/1147
f 1213/1527/1147 1209/1652/1270 1214/1653/1271
f 1213/1527/1147 1214/1653/1271 1233/1525/1145
f 1233/1525/1145 1214/1653/1271 1232/1654/1272
f 1233/1525/1145 1232/1654/1272 1384/1523/1143
f 1384/1523/1143 1232/1654/1272 1383/1655/1273
f 1384/1523/1143 1383/1655/1273 1236/1521/1141
f 1236/1521/1141 1383/1655/1273 1237/1656/1274
f 1236/1521/1141 1237/1656/1274 1257/1519/1139
f 1257/1519/1139 1237/1656/1274 1256/1657/1275
f 1257/1519/1139 1256/1657/1275 1268/1517/1137
f 1268/1517/1137 1256/1657/1275 1267/1658/1276
f 1268/1517/1137 1267/1658/1276 1271/1515/1135
f 1271/1515/1135 1267/1658/1276 1272/1659/1277
f 1271/1515/1135 1272/1659/1277 1292/1513/1133
f 1292/1513/1133 1272/1659/1277 1291/1660/1278
f 1292/1513/1133 1291/1660/1278 1304/1511/1131
f 1304/1511/1131 1291/1660/1278 1303/1661/1279
f 1304/1511/1131 1303/1661/1279 1316/1509/1129
f 1316/1509/1129 1303/1661/1279 1315/1662/1280
f 1316/1509/1129 1315/1662/1280 1318/1507/1127
f 1318/1507/1127 1315/1662/1280 1319/1663/1281
f 1318/1507/1127 1319/1663/1281 1338/1505/1125
f 1338/1505/1125 1319/1663/1281 1337/1664/1282
f 1338/1505/1125 1337/1664/1282 1348/1503/1123
f 1348/1503/1123 1337/1664/1282 1347/1665/1283
f 1348/1503/1123 1347/1665/1283 1359/1501/1121
f 1359/1501/1121 1347/1665/1283 1358/1666/1284
f 1359/1501/1121 1358/1666/1284 1371/1499/1119
f 1371/1499/1119 1358/1666/1284 1370/1497/1118
f 1274/1243/871 1275/1291/918 1289/1245/873
f 1289/1245/873 1275/1291/918 1288/1667/1285
f 1289/1245/873 1288/1667/1285 1301/1247/875
f 1301/1247/875 1288/1667/1285 1300/1668/1286
f 1301/1247/875 1300/1668/1286 1313/1249/877
f 1313/1249/877 1300/1668/1286 1312/1669/1287
f 1313/1249/877 1312/1669/1287 1321/1251/879
f 1321/1251/879 1312/1669/1287 1322/1670/1288
f 1321/1251/879 1322/1670/1288 1335/1253/881
f 1335/1253/881 1322/1670/1288 1334/1671/1289
f 1335/1253/881 1334/1671/1289 1345/1255/883
f 1345/1255/883 1334/1671/1289 1344/1672/1290
f 1345/1255/883 1344/1672/1290 1356/1257/885
f 1356/1257/885 1344/1672/1290 1355/1673/1291
f 1356/1257/885 1355/1673/1291 1368/1259/887
f 1368/1259/887 1355/1673/1291 1367/1262/889
f 1275/1291/918 1276/1289/916 1288/1667/1285
f 1288/1667/1285 1276/1289/916 1287/1674/1292
f 1288/1667/1285 1287/1674/1292 1300/1668/1286
f 1300/1668/1286 1287/1674/1292 1299/1675/1293
f 1300/1668/1286 1299/1675/1293 1312/1669/1287
f 1312/1669/1287 1299/1675/1293 1311/1676/1294
f 1312/1669/1287 1311/1676/1294 1322/1670/1288
f 1322/1670/1288 1311/1676/1294 1323/1677/1295
f 1322/1670/1288 1323/1677/1295 1334/1671/1289
f 1334/1671/1289 1323/1677/1295 1333/1678/1296
f 1334/1671/1289 1333/1678/1296 1344/1672/1290
f 1344/1672/1290 1333/1678/1296 1343/1679/1297
f 1344/1672/1290 1343/1679/1297 1355/1673/1291
f 1355/1673/1291 1343/1679/1297 1354/1264/891
f 1355/1673/1291 1354/1264/891 1367/1262/889
f 1276/1289/916 1277/1287/914 1287/1674/1292
f 1287/1674/1292 1277/1287/914 1286/1680/1298
f 1287/1674/1292 1286/1680/1298 1299/1675/1293
f 1299/1675/1293 1286/1680/1298 1298/1681/1299
f 1299/1675/1293 1298/1681/1299 1311/1676/1294
f 1311/1676/1294 1298/1681/1299 1310/1682/1300
f 1311/1676/1294 1310/1682/1300 1323/1677/1295
f 1323/1677/1295 1310/1682/1300 1324/1683/1301
f 1323/1677/1295 1324/1683/1301 1333/1678/1296
f 1333/1678/1296 1324/1683/1301 1332/1684/1302
f 1333/1678/1296 1332/1684/1302 1343/1679/1297
f 1343/1679/1297 1332/1684/1302 1342/1266/893
f 1343/1679/1297 1342/1266/893 1354/1264/891
f 1277/1287/914 1278/1285/912 1286/1680/1298
f 1286/1680/1298 1278/1285/912 1285/1685/1303
f 1286/1680/1298 1285/1685/1303 1298/1681/1299
f 1298/1681/1299 1285/1685/1303 1297/1686/1304
f 1298/1681/1299 1297/1686/1304 1310/1682/1300
f 1310/1682/1300 1297/1686/1304 1309/1687/1305
f 1310/1682/1300 1309/1687/1305 1324/1683/1301
f 1324/1683/1301 1309/1687/1305 1325/1688/1306
f 1324/1683/1301 1325/1688/1306 1332/1684/1302
f 1332/1684/1302 1325/1688/1306 1331/1268/895
f 1332/1684/1302 1331/1268/895 1342/1266/893
f 1278/1285/912 1279/1283/910 1285/1685/1303
f 1285/1685/1303 1279/1283/910 1284/1689/1307
f 1285/1685/1303 1284/1689/1307 1297/1686/1304
f 1297/1686/1304 1284/1689/1307 1296/1690/1308
f 1297/1686/1304 1296/1690/1308 1309/1687/1305
f 1309/1687/1305 1296/1690/1308 1308/1691/1309
f 1309/1687/1305 1308/1691/1309 1325/1688/1306
f 1325/1688/1306 1308/1691/1309 1326/1270/897
f 1325/1688/1306 1326/1270/897 1331/1268/895
f 1279/1283/910 1280/1281/908 1284/1689/1307
f 1284/1689/1307 1280/1281/908 1283/1692/1310
f 1284/1689/1307 1283/1692/1310 1296/1690/1308
f 1296/1690/1308 1283/1692/1310 1295/1693/1311
f 1296/1690/1308 1295/1693/1311 1308/1691/1309
f 1308/1691/1309 1295/1693/1311 1307/1272/899
f 1308/1691/1309 1307/1272/899 1326/1270/897
f 1280/1281/908 1281/1279/906 1283/1692/1310
f 1283/1692/1310 1281/1279/906 1282/1277/904
f 1283/1692/1310 1282/1277/904 1295/1693/1311
f 1295/1693/1311 1282/1277/904 1294/1274/901
f 1295/1693/1311 1294/1274/901 1307/1272/899
f 1327/1271/898 975/1478/1103 1329/1694/1312
f 1329/1694/1312 975/1478/1103 1328/1480/1105
f 1329/1694/1312 1328/1480/1105 1339/1482/1107
f 1327/1271/898 1306/1273/900 975/1478/1103
f 1340/1493/1116 1330/1269/896 1329/1694/1312
f 1329/1694/1312 1330/1269/896 1327/1271/898
f 1340/1493/1116 1329/1694/1312 1339/1482/1107
f 1349/1504/1124 1350/1571/1190 976/1506/1126
f 1351/1485/1110 1340/1493/1116 1339/1482/1107
f 1374/1574/1193 1361/1569/1188 1373/1568/1187
f 1386/1695/744 891/1696/1075 1385/1697/1313
f 1385/1697/1313 891/1696/1075 890/1698/780
f 1385/1697/1313 890/1698/780 927/1699/1113
f 1387/1700/1314 893/1701/1077 1386/1695/744
f 1386/1695/744 893/1701/1077 892/1702/1076
f 1386/1695/744 892/1702/1076 891/1696/1075
f 1388/1703/1315 895/1704/1079 1387/1700/1314
f 1387/1700/1314 895/1704/1079 894/1705/1078
f 1387/1700/1314 894/1705/1078 893/1701/1077
f 1389/1706/1316 897/1707/1081 1388/1703/1315
f 1388/1703/1315 897/1707/1081 896/1708/1080
f 1388/1703/1315 896/1708/1080 895/1704/1079
f 897/1707/1081 1389/1706/1316 898/1709/1082
f 898/1709/1082 1389/1706/1316 1390/1710/749
f 898/1709/1082 1390/1710/749 899/1711/1083
f 899/1711/1083 1390/1710/749 1391/1712/1317
f 899/1711/1083 1391/1712/1317 900/1713/1084
f 900/1713/1084 1391/1712/1317 1392/1714/752
f 900/1713/1084 1392/1714/752 901/1715/1085
f 901/1715/1085 1392/1714/752 1393/1716/754
f 901/1715/1085 1393/1716/754 902/1717/1086
f 902/1717/1086 1393/1716/754 1394/1718/1318
f 902/1717/1086 1394/1718/1318 1395/1719/758
f 902/1717/1086 1395/1719/758 903/1720/1087
f 903/1720/1087 1395/1719/758 1396/1721/759
f 903/1720/1087 1396/1721/759 904/1722/1088
f 904/1722/1088 1396/1721/759 905/1723/1089
f 905/1723/1089 1396/1721/759 906/1724/1090
f 906/1724/1090 1396/1721/759 907/1725/1091
f 907/1725/1091 1396/1721/759 1397/1726/760
f 907/1725/1091 1397/1726/760 908/1727/1092
f 908/1727/1092 1397/1726/760 909/1728/1093
f 909/1728/1093 1397/1726/760 910/1729/1094
f 910/1730/1094 1397/1731/760 911/1732/1095
f 911/1732/1095 1397/1731/760 1398/1733/761
f 911/1732/1095 1398/1733/761 912/1734/1096
f 912/1734/1096 1398/1733/761 913/1735/1097
f 913/1735/1097 1398/1733/761 914/1736/1098
f 914/1736/1098 1398/1733/761 1399/1737/1319
f 914/1736/1098 1399/1737/1319 915/1738/1099
f 915/1738/1099 1399/1737/1319 916/1739/1100
f 916/1739/1100 1399/1737/1319 1400/1740/1320
f 916/1739/1100 1400/1740/1320 1401/1741/766
f 916/1739/1100 1401/1741/766 917/1742/1101
f 917/1742/1101 1401/1741/766 1402/1743/1321
f 917/1742/1101 1402/1743/1321 918/1744/1102
f 918/1744/1102 1402/1743/1321 1403/1745/769
f 918/1744/1102 1403/1745/769 919/1746/905
f 919/1746/905 1403/1745/769 1404/1747/771
f 919/1746/905 1404/1747/771 920/1748/903
f 920/1748/903 1404/1747/771 1405/1749/1322
f 920/1748/903 1405/1749/1322 921/1750/902
f 921/1750/902 1405/1749/1322 1406/1751/1323
f 921/1750/902 1406/1751/1323 922/1752/1104
f 922/1752/1104 1406/1751/1323 923/1753/1106
f 923/1753/1106 1406/1751/1323 1407/1754/777
f 923/1753/1106 1407/1754/777 924/1755/1108
f 924/1755/1108 1407/1754/777 925/1756/1109
f 925/1756/1109 1407/1754/777 1408/1757/741
f 925/1756/1109 1408/1757/741 926/1758/1111
f 926/1758/1111 1408/1757/741 927/1699/1113
f 927/1699/1113 1408/1757/741 1385/1697/1313
f 856/1759/1324 1386/1760/1324 833/1761/1324
f 833/1761/1324 1386/1760/1324 1385/345/1324
f 833/1761/1324 1385/345/1324 834/1762/1324
f 834/1762/1324 1385/345/1324 1408/1763/1324
f 834/1762/1324 1408/1763/1324 835/1764/1324
f 835/1764/1324 1408/1763/1324 1407/1765/1324
f 835/1764/1324 1407/1765/1324 836/1766/1324
f 836/1766/1324 1407/1765/1324 1406/1767/1324
f 836/1766/1324 1406/1767/1324 1405/1768/1324
f 1386/1760/1324 856/1759/1324 1387/1769/1324
f 1387/1769/1324 856/1759/1324 855/1770/1325
f 1387/1769/1324 855/1770/1325 1388/1771/1325
f 1388/1771/1325 855/1770/1325 854/1772/1324
f 1388/1771/1325 854/1772/1324 853/1773/1324
f 1388/1771/1325 853/1773/1324 1389/1774/1324
f 1389/1774/1324 853/1773/1324 852/1775/1324
f 1389/1774/1324 852/1775/1324 1390/1776/1324
f 1390/1776/1324 852/1775/1324 851/1777/1324
f 1390/1776/1324 851/1777/1324 1391/1778/1324
f 1391/1778/1324 851/1777/1324 850/1779/1324
f 1391/1778/1324 850/1779/1324 1392/1780/1324
f 1392/1780/1324 850/1779/1324 849/1781/1324
f 1392/1780/1324 849/1781/1324 1393/1782/1324
f 1393/1782/1324 849/1781/1324 848/1783/1324
f 1393/1782/1324 848/1783/1324 1394/1784/1324
f 1394/1784/1324 848/1783/1324 1395/1785/1324
f 1395/1785/1324 848/1783/1324 847/1786/1324
f 1395/1785/1324 847/1786/1324 1396/1787/1324
f 1396/1787/1324 847/1786/1324 846/1788/1324
f 1396/1787/1324 846/1788/1324 1397/1789/1324
f 1397/1789/1324 846/1788/1324 845/1790/1324
f 1397/1789/1324 845/1790/1324 1398/1791/1324
f 1398/1791/1324 845/1790/1324 844/1792/1325
f 1398/1791/1324 844/1792/1325 1399/1793/1324
f 1399/1793/1324 844/1792/1325 843/1794/1324
f 1399/1793/1324 843/1794/1324 842/1795/1324
f 1399/1793/1324 842/1795/1324 1400/1796/1324
f 1400/1796/1324 842/1795/1324 841/1797/1324
f 1400/1796/1324 841/1797/1324 1401/1798/1324
f 1401/1798/1324 841/1797/1324 840/1799/1324
f 1401/1798/1324 840/1799/1324 1402/1800/1324
f 1402/1800/1324 840/1799/1324 839/1801/1326
f 1402/1800/1324 839/1801/1326 1403/1802/1324
f 1403/1802/1324 839/1801/1326 838/1803/1326
f 1403/1802/1324 838/1803/1326 1404/1804/1324
f 1404/1804/1324 838/1803/1326 837/1805/1324
f 1404/1804/1324 837/1805/1324 1405/1768/1324
f 1405/1768/1324 837/1805/1324 836/1766/1324
f 1409/1009/1327 1410/1010/1328 1472/1011/1329
f 1472/1011/1329 1410/1010/1328 1411/1012/1330
f 1472/1011/1329 1411/1012/1330 1476/1013/1331
f 1476/1013/1331 1411/1012/1330 1412/1014/1332
f 1476/1013/1331 1412/1014/1332 1413/1015/1333
f 1476/1013/1331 1413/1015/1333 1475/1016/1334
f 1475/1016/1334 1413/1015/1333 1414/1017/1335
f 1475/1016/1334 1414/1017/1335 1415/1018/1336
f 1475/1016/1334 1415/1018/1336 1477/1019/1337
f 1477/1019/1337 1415/1018/1336 1416/1020/1338
f 1477/1019/1337 1416/1020/1338 1417/1021/1339
f 1477/1019/1337 1417/1021/1339 1478/1022/1340
f 1478/1022/1340 1417/1021/1339 1418/1023/1341
f 1478/1022/1340 1418/1023/1341 1479/1024/1342
f 1479/1024/1342 1418/1023/1341 1419/1025/1343
f 1479/1024/1342 1419/1025/1343 1420/1026/1344
f 1479/1024/1342 1420/1026/1344 1480/1027/1345
f 1480/1027/1345 1420/1026/1344 1421/1028/1346
f 1480/1027/1345 1421/1028/1346 1474/1029/1347
f 1474/1029/1347 1421/1028/1346 1422/1030/1348
f 1474/1029/1347 1422/1030/1348 1473/1031/1349
f 1473/1031/1349 1422/1030/1348 1481/1032/1350
f 1473/1031/1349 1481/1032/1350 1461/1033/1351
f 1461/1033/1351 1481/1032/1350 1460/1034/1352
f 1460/1034/1352 1481/1032/1350 1482/1035/1353
f 1460/1034/1352 1482/1035/1353 1459/1036/1354
f 1459/1036/1354 1482/1035/1353 1483/1037/1355
f 1459/1036/1354 1483/1037/1355 1458/1038/1356
f 1458/1038/1356 1483/1037/1355 1484/1039/1357
f 1458/1038/1356 1484/1039/1357 1457/1040/1358
f 1457/1040/1358 1484/1039/1357 1485/1041/1359
f 1457/1040/1358 1485/1041/1359 1456/1042/1360
f 1456/1042/1360 1485/1041/1359 1486/1043/1361
f 1456/1042/1360 1486/1043/1361 1455/1044/1362
f 1455/1044/1362 1486/1043/1361 1487/1045/1363
f 1455/1044/1362 1487/1045/1363 1454/1046/1364
f 1454/1046/1364 1487/1045/1363 1488/1047/1365
f 1454/1046/1364 1488/1047/1365 1453/1048/1366
f 1453/1048/1366 1488/1047/1365 1489/1049/1367
f 1453/1048/1366 1489/1049/1367 1452/1050/1368
f 1452/1050/1368 1489/1049/1367 1490/1051/1369
f 1452/1050/1368 1490/1051/1369 1451/1052/1370
f 1451/1052/1370 1490/1051/1369 1491/1053/1371
f 1451/1052/1370 1491/1053/1371 1450/1054/1372
f 1450/1054/1372 1491/1053/1371 1492/1055/1373
f 1450/1054/1372 1492/1055/1373 1449/1056/1374
f 1449/1056/1374 1492/1055/1373 1448/1057/1375
f 1448/1057/1375 1492/1055/1373 1493/1058/1376
f 1448/1057/1375 1493/1058/1376 1447/1059/1377
f 1447/1059/1377 1493/1058/1376 1446/1060/1378
f 1446/1060/1378 1493/1058/1376 1494/1061/1379
f 1446/1060/1378 1494/1061/1379 1445/1062/1380
f 1445/1062/1380 1494/1061/1379 1444/1063/1381
f 1444/1063/1381 1494/1061/1379 1495/1064/1382
f 1444/1063/1381 1495/1064/1382 1443/1065/1383
f 1443/1065/1383 1495/1064/1382 1496/1066/1384
f 1443/1065/1383 1496/1066/1384 1442/1067/1385
f 1442/1067/1385 1496/1066/1384 1409/1068/1327
f 1409/1068/1327 1496/1066/1384 1441/1069/1386
f 1409/1068/1327 1441/1069/1386 1410/1070/1328
f 1422/1030/1348 1423/1071/1387 1481/1032/1350
f 1481/1032/1350 1423/1071/1387 1482/1035/1353
f 1423/1071/1387 1424/1072/1388 1482/1035/1353
f 1482/1035/1353 1424/1072/1388 1483/1037/1355
f 1424/1072/1388 1425/1073/1389 1483/1037/1355
f 1483/1037/1355 1425/1073/1389 1484/1039/1357
f 1425/1073/1389 1426/1074/1390 1484/1039/1357
f 1484/1039/1357 1426/1074/1390 1485/1041/1359
f 1426/1074/1390 1427/1075/1391 1485/1041/1359
f 1485/1041/1359 1427/1075/1391 1486/1043/1361
f 1427/1075/1391 1428/1076/1392 1486/1043/1361
f 1486/1043/1361 1428/1076/1392 1487/1045/1363
f 1428/1076/1392 1429/1077/1393 1487/1045/1363
f 1487/1045/1363 1429/1077/1393 1488/1047/1365
f 1429/1077/1393 1430/1078/1394 1488/1047/1365
f 1488/1047/1365 1430/1078/1394 1489/1049/1367
f 1430/1078/1394 1431/1079/1395 1489/1049/1367
f 1489/1049/1367 1431/1079/1395 1490/1051/1369
f 1431/1079/1395 1432/1080/1396 1490/1051/1369
f 1490/1051/1369 1432/1080/1396 1491/1053/1371
f 1432/1080/1396 1433/1081/1397 1491/1053/1371
f 1491/1053/1371 1433/1081/1397 1492/1055/1373
f 1433/1081/1397 1434/1082/1398 1492/1055/1373
f 1492/1055/1373 1434/1082/1398 1435/1083/1399
f 1492/1055/1373 1435/1083/1399 1493/1058/1376
f 1493/1058/1376 1435/1083/1399 1436/1084/1400
f 1493/1058/1376 1436/1084/1400 1437/1085/1401
f 1493/1058/1376 1437/1085/1401 1494/1061/1379
f 1494/1061/1379 1437/1085/1401 1438/1086/1402
f 1494/1061/1379 1438/1086/1402 1439/1087/1403
f 1494/1061/1379 1439/1087/1403 1495/1064/1382
f 1495/1064/1382 1439/1087/1403 1440/1088/1404
f 1495/1064/1382 1440/1088/1404 1496/1066/1384
f 1496/1066/1384 1440/1088/1404 1441/1069/1386
f 1461/1033/1351 1462/1089/1405 1473/1031/1349
f 1473/1031/1349 1462/1089/1405 1474/1029/1347
f 1474/1029/1347 1462/1089/1405 1480/1027/1345
f 1480/1027/1345 1462/1089/1405 1463/1090/1406
f 1480/1027/1345 1463/1090/1406 1479/1024/1342
f 1479/1024/1342 1463/1090/1406 1464/1091/1407
f 1479/1024/1342 1464/1091/1407 1465/1092/1408
f 1479/1024/1342 1465/1092/1408 1478/1022/1340
f 1478/1022/1340 1465/1092/1408 1466/1093/1409
f 1478/1022/1340 1466/1093/1409 1467/1094/1410
f 1478/1022/1340 1467/1094/1410 1477/1019/1337
f 1477/1019/1337 1467/1094/1410 1468/1095/1411
f 1477/1019/1337 1468/1095/1411 1475/1016/1334
f 1475/1016/1334 1468/1095/1411 1469/1096/1412
f 1475/1016/1334 1469/1096/1412 1470/1097/1413
f 1475/1016/1334 1470/1097/1413 1476/1013/1331
f 1476/1013/1331 1470/1097/1413 1471/1098/1414
f 1476/1013/1331 1471/1098/1414 1472/1011/1329
f 1498/1099/1415 1523/1100/1416 1497/1101/1417
f 1497/1101/1417 1523/1100/1416 1544/1102/1418
f 1497/1101/1417 1544/1102/1418 1520/1103/1419
f 1520/1103/1419 1544/1102/1418 1519/1104/1420
f 1519/1104/1420 1544/1102/1418 1543/1105/1420
f 1519/1104/1420 1543/1105/1420 1518/1106/1421
f 1518/1106/1421 1543/1105/1420 1542/1107/1421
f 1518/1106/1421 1542/1107/1421 1517/1108/1422
f 1517/1108/1422 1542/1107/1421 1541/1109/1423
f 1517/1108/1422 1541/1109/1423 1516/1110/1424
f 1516/1110/1424 1541/1109/1423 1540/1111/1425
f 1516/1110/1424 1540/1111/1425 1515/1112/1426
f 1515/1112/1426 1540/1111/1425 1539/1113/1427
f 1515/1112/1426 1539/1113/1427 1514/1114/1428
f 1514/1114/1428 1539/1113/1427 1538/1115/1429
f 1514/1114/1428 1538/1115/1429 1513/1116/1430
f 1513/1116/1430 1538/1115/1429 1537/1117/1430
f 1513/1116/1430 1537/1117/1430 1512/1118/1431
f 1512/1118/1431 1537/1117/1430 1536/1119/1432
f 1512/1118/1431 1536/1119/1432 1511/1120/1433
f 1511/1120/1433 1536/1119/1432 1535/1121/1434
f 1511/1120/1433 1535/1121/1434 1510/1122/1435
f 1510/1122/1435 1535/1121/1434 1534/1123/1436
f 1510/1122/1435 1534/1123/1436 1509/1124/1437
f 1509/1124/1437 1534/1123/1436 1521/1125/1438
f 1509/1126/1437 1521/1127/1438 1508/1128/1439
f 1508/1128/1439 1521/1127/1438 1533/1129/1439
f 1508/1128/1439 1533/1129/1439 1507/1130/1440
f 1507/1130/1440 1533/1129/1439 1532/1131/1440
f 1507/1130/1440 1532/1131/1440 1506/1132/1441
f 1506/1132/1441 1532/1131/1440 1531/1133/1442
f 1506/1132/1441 1531/1133/1442 1505/1134/1443
f 1505/1134/1443 1531/1133/1442 1530/1135/1444
f 1505/1134/1443 1530/1135/1444 1504/1136/1445
f 1504/1136/1445 1530/1135/1444 1529/1137/1446
f 1504/1136/1445 1529/1137/1446 1503/1138/1447
f 1503/1138/1447 1529/1137/1446 1528/1139/1448
f 1503/1138/1447 1528/1139/1448 1502/1140/1449
f 1502/1140/1449 1528/1139/1448 1527/1141/1449
f 1502/1140/1449 1527/1141/1449 1501/1142/1450
f 1501/1142/1450 1527/1141/1449 1526/1143/1451
f 1501/1142/1450 1526/1143/1451 1500/1144/1452
f 1500/1144/1452 1526/1143/1451 1525/1145/1452
f 1500/1144/1452 1525/1145/1452 1499/1146/1453
f 1499/1146/1453 1525/1145/1452 1524/1147/1453
f 1499/1146/1453 1524/1147/1453 1498/1099/1415
f 1498/1099/1415 1524/1147/1453 1522/1148/1454
f 1498/1099/1415 1522/1148/1454 1523/1100/1416
f 1523/1100/1416 1522/1148/1454 1427/1149/1455
f 1523/1100/1416 1427/1149/1455 1426/1150/1456
f 1411/1151/1457 1410/1152/1458 1521/1125/1438
f 1521/1127/1438 1410/1153/1458 1441/1154/1459
f 1521/1127/1438 1441/1154/1459 1533/1129/1439
f 1533/1129/1439 1441/1154/1459 1440/1155/1460
f 1533/1129/1439 1440/1155/1460 1532/1131/1440
f 1532/1131/1440 1440/1155/1460 1439/1156/1461
f 1532/1131/1440 1439/1156/1461 1438/1157/1462
f 1532/1131/1440 1438/1157/1462 1531/1133/1442
f 1531/1133/1442 1438/1157/1462 1437/1158/1463
f 1531/1133/1442 1437/1158/1463 1530/1135/1444
f 1530/1135/1444 1437/1158/1463 1436/1159/1464
f 1530/1135/1444 1436/1159/1464 1529/1137/1446
f 1529/1137/1446 1436/1159/1464 1435/1160/1465
f 1529/1137/1446 1435/1160/1465 1434/1161/1466
f 1529/1137/1446 1434/1161/1466 1528/1139/1448
f 1528/1139/1448 1434/1161/1466 1433/1162/1467
f 1528/1139/1448 1433/1162/1467 1527/1141/1449
f 1527/1141/1449 1433/1162/1467 1432/1163/1468
f 1527/1141/1449 1432/1163/1468 1526/1143/1451
f 1526/1143/1451 1432/1163/1468 1431/1164/1469
f 1526/1143/1451 1431/1164/1469 1430/1165/1470
f 1526/1143/1451 1430/1165/1470 1525/1145/1452
f 1525/1145/1452 1430/1165/1470 1429/1166/1471
f 1525/1145/1452 1429/1166/1471 1524/1147/1453
f 1524/1147/1453 1429/1166/1471 1428/1167/1472
f 1524/1147/1453 1428/1167/1472 1522/1148/1454
f 1522/1148/1454 1428/1167/1472 1427/1149/1455
f 1426/1150/1456 1425/1168/1473 1523/1100/1416
f 1523/1100/1416 1425/1168/1473 1544/1102/1418
f 1425/1168/1473 1424/1169/1474 1544/1102/1418
f 1544/1102/1418 1424/1169/1474 1543/1105/1420
f 1424/1169/1474 1423/1170/1475 1543/1105/1420
f 1543/1105/1420 1423/1170/1475 1542/1107/1421
f 1423/1170/1475 1422/1171/1476 1542/1107/1421
f 1542/1107/1421 1422/1171/1476 1541/1109/1423
f 1422/1171/1476 1421/1172/1477 1541/1109/1423
f 1541/1109/1423 1421/1172/1477 1420/1173/1478
f 1541/1109/1423 1420/1173/1478 1540/1111/1425
f 1540/1111/1425 1420/1173/1478 1419/1174/1479
f 1540/1111/1425 1419/1174/1479 1539/1113/1427
f 1539/1113/1427 1419/1174/1479 1418/1175/1480
f 1539/1113/1427 1418/1175/1480 1538/1115/1429
f 1538/1115/1429 1418/1175/1480 1417/1176/1481
f 1538/1115/1429 1417/1176/1481 1416/1177/1482
f 1538/1115/1429 1416/1177/1482 1537/1117/1430
f 1537/1117/1430 1416/1177/1482 1415/1178/1483
f 1537/1117/1430 1415/1178/1483 1536/1119/1432
f 1536/1119/1432 1415/1178/1483 1414/1179/1484
f 1536/1119/1432 1414/1179/1484 1535/1121/1434
f 1535/1121/1434 1414/1179/1484 1413/1180/1485
f 1535/1121/1434 1413/1180/1485 1412/1181/1486
f 1535/1121/1434 1412/1181/1486 1534/1123/1436
f 1534/1123/1436 1412/1181/1486 1411/1151/1457
f 1534/1123/1436 1411/1151/1457 1521/1125/1438
f 1628/1182/1487 1545/1183/1488 1652/1184/1489
f 1652/1184/1489 1545/1183/1488 1546/1185/1490
f 1652/1184/1489 1546/1185/1490 1651/1186/1491
f 1651/1186/1491 1546/1185/1490 1547/1187/1492
f 1651/1186/1491 1547/1187/1492 1650/1188/1493
f 1650/1188/1493 1547/1187/1492 1548/1189/1494
f 1650/1188/1493 1548/1189/1494 1649/1190/1495
f 1649/1190/1495 1548/1189/1494 1648/1191/1496
f 1649/1190/1495 1648/1191/1496 1661/1192/1497
f 1661/1192/1497 1648/1191/1496 1660/1193/1498
f 1661/1192/1497 1660/1193/1498 1673/1194/1499
f 1673/1194/1499 1660/1193/1498 1672/1195/1500
f 1673/1194/1499 1672/1195/1500 1684/1196/1501
f 1684/1196/1501 1672/1195/1500 1683/1197/1502
f 1684/1196/1501 1683/1197/1502 1702/1198/1503
f 1702/1198/1503 1683/1197/1502 1703/1199/1504
f 1702/1198/1503 1703/1199/1504 1695/1200/1505
f 1695/1200/1505 1703/1199/1504 1694/1201/1506
f 1695/1200/1505 1694/1201/1506 1719/1202/1507
f 1719/1202/1507 1694/1201/1506 1718/1203/1508
f 1719/1202/1507 1718/1203/1508 1731/1204/1509
f 1731/1204/1509 1718/1203/1508 1730/1205/1510
f 1731/1204/1509 1730/1205/1510 1738/1206/1511
f 1738/1206/1511 1730/1205/1510 1739/1207/1512
f 1738/1206/1511 1739/1207/1512 1753/1208/1513
f 1753/1208/1513 1739/1207/1512 1752/1209/1514
f 1753/1208/1513 1752/1209/1514 1759/1210/1515
f 1759/1210/1515 1752/1209/1514 1760/1211/1516
f 1759/1210/1515 1760/1211/1516 1776/1212/1517
f 1776/1212/1517 1760/1211/1516 1775/1213/1518
f 1776/1212/1517 1775/1213/1518 1788/1214/1519
f 1788/1214/1519 1775/1213/1518 1787/1215/1520
f 1788/1214/1519 1787/1215/1520 1800/1216/1521
f 1800/1216/1521 1787/1215/1520 1799/1217/1522
f 1800/1216/1521 1799/1217/1522 1812/1218/1523
f 1812/1218/1523 1799/1217/1522 1811/1219/1524
f 1812/1218/1523 1811/1219/1524 1824/1220/1525
f 1824/1220/1525 1811/1219/1524 1823/1221/1526
f 1824/1220/1525 1823/1221/1526 1836/1222/1527
f 1836/1222/1527 1823/1221/1526 1835/1223/1528
f 1836/1222/1527 1835/1223/1528 1848/1224/1529
f 1848/1224/1529 1835/1223/1528 1847/1225/1530
f 1848/1224/1529 1847/1225/1530 1860/1226/1531
f 1860/1226/1531 1847/1225/1530 1859/1227/1532
f 1860/1226/1531 1859/1227/1532 1872/1228/1533
f 1872/1228/1533 1859/1227/1532 1871/1229/1534
f 1872/1228/1533 1871/1229/1534 1879/1230/1535
f 1879/1230/1535 1871/1229/1534 1880/1231/1536
f 1879/1230/1535 1880/1231/1536 1895/1232/1537
f 1895/1232/1537 1880/1231/1536 1894/1233/1538
f 1895/1232/1537 1894/1233/1538 2046/1234/1539
f 2046/1234/1539 1894/1233/1538 2045/1235/1540
f 2046/1234/1539 2045/1235/1540 1902/1236/1541
f 1902/1236/1541 2045/1235/1540 1903/1237/1542
f 1902/1236/1541 1903/1237/1542 1919/1238/1543
f 1919/1238/1543 1903/1237/1542 1918/1239/1544
f 1919/1238/1543 1918/1239/1544 1930/1240/1545
f 1930/1240/1545 1918/1239/1544 1929/1241/1546
f 1930/1240/1545 1929/1241/1546 1937/1242/1547
f 1937/1242/1547 1929/1241/1546 1938/1243/1548
f 1937/1242/1547 1938/1243/1548 1954/1244/1549
f 1954/1244/1549 1938/1243/1548 1953/1245/1550
f 1954/1244/1549 1953/1245/1550 1966/1246/1551
f 1966/1246/1551 1953/1245/1550 1965/1247/1552
f 1966/1246/1551 1965/1247/1552 1978/1248/1553
f 1978/1248/1553 1965/1247/1552 1977/1249/1554
f 1978/1248/1553 1977/1249/1554 1984/1250/1555
f 1984/1250/1555 1977/1249/1554 1985/1251/1556
f 1984/1250/1555 1985/1251/1556 2000/1252/1557
f 2000/1252/1557 1985/1251/1556 1999/1253/1558
f 2000/1252/1557 1999/1253/1558 2010/1254/1559
f 2010/1254/1559 1999/1253/1558 2009/1255/1560
f 2010/1254/1559 2009/1255/1560 2021/1256/1561
f 2021/1256/1561 2009/1255/1560 2020/1257/1562
f 2021/1256/1561 2020/1257/1562 2033/1258/1563
f 2033/1258/1563 2020/1257/1562 2032/1259/1564
f 2033/1258/1563 2032/1259/1564 1548/1260/1494
f 1548/1260/1494 2032/1259/1564 1549/1261/1565
f 1549/1261/1565 2032/1259/1564 2031/1262/1566
f 1549/1261/1565 2031/1262/1566 2030/1263/1567
f 2030/1263/1567 2031/1262/1566 2018/1264/1568
f 2030/1263/1567 2018/1264/1568 2017/1265/1569
f 2017/1265/1569 2018/1264/1568 2006/1266/1570
f 2017/1265/1569 2006/1266/1570 2005/1267/1571
f 2005/1267/1571 2006/1266/1570 1995/1268/1572
f 2005/1267/1571 1995/1268/1572 1994/1269/1573
f 1994/1269/1573 1995/1268/1572 1990/1270/1574
f 1994/1269/1573 1990/1270/1574 1991/1271/1575
f 1991/1271/1575 1990/1270/1574 1971/1272/1576
f 1991/1271/1575 1971/1272/1576 1970/1273/1577
f 1970/1273/1577 1971/1272/1576 1958/1274/1578
f 1970/1273/1577 1958/1274/1578 1585/1275/1579
f 1585/1275/1579 1958/1274/1578 1584/1276/1580
f 1584/1276/1580 1958/1274/1578 1946/1277/1581
f 1584/1276/1580 1946/1277/1581 1583/1278/1582
f 1583/1278/1582 1946/1277/1581 1945/1279/1583
f 1583/1278/1582 1945/1279/1583 1637/1280/1584
f 1637/1280/1584 1945/1279/1583 1944/1281/1585
f 1637/1280/1584 1944/1281/1585 1923/1282/1586
f 1923/1282/1586 1944/1281/1585 1943/1283/1587
f 1923/1282/1586 1943/1283/1587 1924/1284/1588
f 1924/1284/1588 1943/1283/1587 1942/1285/1589
f 1924/1284/1588 1942/1285/1589 1925/1286/1590
f 1925/1286/1590 1942/1285/1589 1941/1287/1591
f 1925/1286/1590 1941/1287/1591 1926/1288/1592
f 1926/1288/1592 1941/1287/1591 1940/1289/1593
f 1926/1288/1592 1940/1289/1593 1927/1290/1594
f 1927/1290/1594 1940/1289/1593 1939/1291/1595
f 1927/1290/1594 1939/1291/1595 1928/1292/1596
f 1928/1292/1596 1939/1291/1595 1938/1243/1548
f 1928/1292/1596 1938/1243/1548 1929/1241/1546
f 1548/1189/1494 1549/1293/1565 1648/1191/1496
f 1648/1191/1496 1549/1293/1565 1647/1294/1597
f 1648/1191/1496 1647/1294/1597 1660/1193/1498
f 1660/1193/1498 1647/1294/1597 1659/1295/1598
f 1660/1193/1498 1659/1295/1598 1672/1195/1500
f 1672/1195/1500 1659/1295/1598 1671/1296/1599
f 1672/1195/1500 1671/1296/1599 1683/1197/1502
f 1683/1197/1502 1671/1296/1599 1682/1297/1600
f 1683/1197/1502 1682/1297/1600 1703/1199/1504
f 1703/1199/1504 1682/1297/1600 1704/1298/1601
f 1703/1199/1504 1704/1298/1601 1694/1201/1506
f 1694/1201/1506 1704/1298/1601 1693/1299/1602
f 1694/1201/1506 1693/1299/1602 1718/1203/1508
f 1718/1203/1508 1693/1299/1602 1717/1300/1603
f 1718/1203/1508 1717/1300/1603 1730/1205/1510
f 1730/1205/1510 1717/1300/1603 1729/1301/1604
f 1730/1205/1510 1729/1301/1604 1739/1207/1512
f 1739/1207/1512 1729/1301/1604 1740/1302/1605
f 1739/1207/1512 1740/1302/1605 1752/1209/1514
f 1752/1209/1514 1740/1302/1605 1751/1303/1606
f 1752/1209/1514 1751/1303/1606 1760/1211/1516
f 1760/1211/1516 1751/1303/1606 1761/1304/1607
f 1760/1211/1516 1761/1304/1607 1775/1213/1518
f 1775/1213/1518 1761/1304/1607 1774/1305/1608
f 1775/1213/1518 1774/1305/1608 1787/1215/1520
f 1787/1215/1520 1774/1305/1608 1786/1306/1609
f 1787/1215/1520 1786/1306/1609 1799/1217/1522
f 1799/1217/1522 1786/1306/1609 1798/1307/1610
f 1799/1217/1522 1798/1307/1610 1811/1219/1524
f 1811/1219/1524 1798/1307/1610 1810/1308/1611
f 1811/1219/1524 1810/1308/1611 1823/1221/1526
f 1823/1221/1526 1810/1308/1611 1822/1309/1612
f 1823/1221/1526 1822/1309/1612 1835/1223/1528
f 1835/1223/1528 1822/1309/1612 1834/1310/1613
f 1835/1223/1528 1834/1310/1613 1847/1225/1530
f 1847/1225/1530 1834/1310/1613 1846/1311/1614
f 1847/1225/1530 1846/1311/1614 1859/1227/1532
f 1859/1227/1532 1846/1311/1614 1858/1312/1615
f 1859/1227/1532 1858/1312/1615 1871/1229/1534
f 1871/1229/1534 1858/1312/1615 1870/1313/1616
f 1871/1229/1534 1870/1313/1616 1880/1231/1536
f 1880/1231/1536 1870/1313/1616 1881/1314/1617
f 1880/1231/1536 1881/1314/1617 1894/1233/1538
f 1894/1233/1538 1881/1314/1617 1893/1315/1618
f 1894/1233/1538 1893/1315/1618 2045/1235/1540
f 2045/1235/1540 1893/1315/1618 2044/1316/1619
f 2045/1235/1540 2044/1316/1619 1903/1237/1542
f 1903/1237/1542 2044/1316/1619 1904/1317/1620
f 1903/1237/1542 1904/1317/1620 1918/1239/1544
f 1918/1239/1544 1904/1317/1620 1917/1318/1621
f 1918/1239/1544 1917/1318/1621 1929/1241/1546
f 1929/1241/1546 1917/1318/1621 1928/1292/1596
f 1549/1293/1565 1550/1319/1622 1647/1294/1597
f 1647/1294/1597 1550/1319/1622 1646/1320/1623
f 1647/1294/1597 1646/1320/1623 1659/1295/1598
f 1659/1295/1598 1646/1320/1623 1658/1321/1624
f 1659/1295/1598 1658/1321/1624 1671/1296/1599
f 1671/1296/1599 1658/1321/1624 1670/1322/1625
f 1671/1296/1599 1670/1322/1625 1682/1297/1600
f 1682/1297/1600 1670/1322/1625 1681/1323/1626
f 1682/1297/1600 1681/1323/1626 1704/1298/1601
f 1704/1298/1601 1681/1323/1626 1705/1324/1627
f 1704/1298/1601 1705/1324/1627 1693/1299/1602
f 1693/1299/1602 1705/1324/1627 1692/1325/1628
f 1693/1299/1602 1692/1325/1628 1717/1300/1603
f 1717/1300/1603 1692/1325/1628 1716/1326/1629
f 1717/1300/1603 1716/1326/1629 1729/1301/1604
f 1729/1301/1604 1716/1326/1629 1728/1327/1630
f 1729/1301/1604 1728/1327/1630 1740/1302/1605
f 1740/1302/1605 1728/1327/1630 1741/1328/1631
f 1740/1302/1605 1741/1328/1631 1751/1303/1606
f 1751/1303/1606 1741/1328/1631 1750/1329/1632
f 1751/1303/1606 1750/1329/1632 1761/1304/1607
f 1761/1304/1607 1750/1329/1632 1762/1330/1633
f 1761/1304/1607 1762/1330/1633 1774/1305/1608
f 1774/1305/1608 1762/1330/1633 1773/1331/1634
f 1774/1305/1608 1773/1331/1634 1786/1306/1609
f 1786/1306/1609 1773/1331/1634 1785/1332/1635
f 1786/1306/1609 1785/1332/1635 1798/1307/1610
f 1798/1307/1610 1785/1332/1635 1797/1333/1636
f 1798/1307/1610 1797/1333/1636 1810/1308/1611
f 1810/1308/1611 1797/1333/1636 1809/1334/1637
f 1810/1308/1611 1809/1334/1637 1822/1309/1612
f 1822/1309/1612 1809/1334/1637 1821/1335/1638
f 1822/1309/1612 1821/1335/1638 1834/1310/1613
f 1834/1310/1613 1821/1335/1638 1833/1336/1639
f 1834/1310/1613 1833/1336/1639 1846/1311/1614
f 1846/1311/1614 1833/1336/1639 1845/1337/1640
f 1846/1311/1614 1845/1337/1640 1858/1312/1615
f 1858/1312/1615 1845/1337/1640 1857/1338/1641
f 1858/1312/1615 1857/1338/1641 1870/1313/1616
f 1870/1313/1616 1857/1338/1641 1869/1339/1642
f 1870/1313/1616 1869/1339/1642 1881/1314/1617
f 1881/1314/1617 1869/1339/1642 1882/1340/1643
f 1881/1314/1617 1882/1340/1643 1893/1315/1618
f 1893/1315/1618 1882/1340/1643 1892/1341/1644
f 1893/1315/1618 1892/1341/1644 2044/1316/1619
f 2044/1316/1619 1892/1341/1644 2043/1342/1645
f 2044/1316/1619 2043/1342/1645 1904/1317/1620
f 1904/1317/1620 2043/1342/1645 1905/1343/1646
f 1904/1317/1620 1905/1343/1646 1917/1318/1621
f 1917/1318/1621 1905/1343/1646 1916/1344/1647
f 1917/1318/1621 1916/1344/1647 1928/1292/1596
f 1928/1292/1596 1916/1344/1647 1927/1290/1594
f 1646/1320/1623 1550/1319/1622 1645/1345/1648
f 1645/1345/1648 1550/1319/1622 1551/1346/1649
f 1645/1345/1648 1551/1346/1649 1644/1347/1650
f 1644/1347/1650 1551/1346/1649 1643/1348/1651
f 1644/1347/1650 1643/1348/1651 1656/1349/1652
f 1656/1349/1652 1643/1348/1651 1655/1350/1653
f 1656/1349/1652 1655/1350/1653 1668/1351/1654
f 1668/1351/1654 1655/1350/1653 1667/1352/1655
f 1668/1351/1654 1667/1352/1655 1679/1353/1656
f 1679/1353/1656 1667/1352/1655 1678/1354/1657
f 1679/1353/1656 1678/1354/1657 1707/1355/1658
f 1707/1355/1658 1678/1354/1657 1708/1356/1659
f 1707/1355/1658 1708/1356/1659 1690/1357/1660
f 1690/1357/1660 1708/1356/1659 1689/1358/1661
f 1690/1357/1660 1689/1358/1661 1714/1359/1662
f 1714/1359/1662 1689/1358/1661 1713/1360/1663
f 1714/1359/1662 1713/1360/1663 1726/1361/1664
f 1726/1361/1664 1713/1360/1663 1725/1362/1665
f 1726/1361/1664 1725/1362/1665 1743/1363/1666
f 1743/1363/1666 1725/1362/1665 1744/1364/1667
f 1743/1363/1666 1744/1364/1667 1748/1365/1668
f 1748/1365/1668 1744/1364/1667 1747/1366/1669
f 1748/1365/1668 1747/1366/1669 1764/1367/1670
f 1764/1367/1670 1747/1366/1669 1765/1368/1671
f 1764/1367/1670 1765/1368/1671 1771/1369/1672
f 1771/1369/1672 1765/1368/1671 1770/1370/1673
f 1771/1369/1672 1770/1370/1673 1783/1371/1674
f 1783/1371/1674 1770/1370/1673 1782/1372/1675
f 1783/1371/1674 1782/1372/1675 1795/1373/1676
f 1795/1373/1676 1782/1372/1675 1794/1374/1677
f 1795/1373/1676 1794/1374/1677 1807/1375/1678
f 1807/1375/1678 1794/1374/1677 1806/1376/1679
f 1807/1375/1678 1806/1376/1679 1819/1377/1680
f 1819/1377/1680 1806/1376/1679 1818/1378/1681
f 1819/1377/1680 1818/1378/1681 1831/1379/1682
f 1831/1379/1682 1818/1378/1681 1830/1380/1683
f 1831/1379/1682 1830/1380/1683 1843/1381/1684
f 1843/1381/1684 1830/1380/1683 1842/1382/1685
f 1843/1381/1684 1842/1382/1685 1855/1383/1686
f 1855/1383/1686 1842/1382/1685 1854/1384/1687
f 1855/1383/1686 1854/1384/1687 1867/1385/1688
f 1867/1385/1688 1854/1384/1687 1866/1386/1689
f 1867/1385/1688 1866/1386/1689 1884/1387/1690
f 1884/1387/1690 1866/1386/1689 1885/1388/1691
f 1884/1387/1690 1885/1388/1691 1890/1389/1692
f 1890/1389/1692 1885/1388/1691 1889/1390/1693
f 1890/1389/1692 1889/1390/1693 2041/1391/1694
f 2041/1391/1694 1889/1390/1693 2040/1392/1695
f 2041/1391/1694 2040/1392/1695 1907/1393/1696
f 1907/1393/1696 2040/1392/1695 1908/1394/1697
f 1907/1393/1696 1908/1394/1697 1914/1395/1698
f 1914/1395/1698 1908/1394/1697 1913/1396/1699
f 1914/1395/1698 1913/1396/1699 1925/1286/1590
f 1925/1286/1590 1913/1396/1699 1924/1284/1588
f 1551/1346/1649 1552/1397/1700 1643/1348/1651
f 1643/1348/1651 1552/1397/1700 1642/1398/1701
f 1643/1348/1651 1642/1398/1701 1655/1350/1653
f 1655/1350/1653 1642/1398/1701 1654/1399/1702
f 1655/1350/1653 1654/1399/1702 1667/1352/1655
f 1667/1352/1655 1654/1399/1702 1666/1400/1703
f 1667/1352/1655 1666/1400/1703 1678/1354/1657
f 1678/1354/1657 1666/1400/1703 1677/1401/1704
f 1678/1354/1657 1677/1401/1704 1708/1356/1659
f 1708/1356/1659 1677/1401/1704 1709/1402/1705
f 1708/1356/1659 1709/1402/1705 1689/1358/1661
f 1689/1358/1661 1709/1402/1705 1688/1403/1706
f 1689/1358/1661 1688/1403/1706 1713/1360/1663
f 1713/1360/1663 1688/1403/1706 1712/1404/1707
f 1713/1360/1663 1712/1404/1707 1725/1362/1665
f 1725/1362/1665 1712/1404/1707 1724/1405/1708
f 1725/1362/1665 1724/1405/1708 1744/1364/1667
f 1744/1364/1667 1724/1405/1708 1745/1406/1709
f 1744/1364/1667 1745/1406/1709 1747/1366/1669
f 1747/1366/1669 1745/1406/1709 1746/1407/1710
f 1747/1366/1669 1746/1407/1710 1765/1368/1671
f 1765/1368/1671 1746/1407/1710 1766/1408/1711
f 1765/1368/1671 1766/1408/1711 1770/1370/1673
f 1770/1370/1673 1766/1408/1711 1769/1409/1712
f 1770/1370/1673 1769/1409/1712 1782/1372/1675
f 1782/1372/1675 1769/1409/1712 1781/1410/1713
f 1782/1372/1675 1781/1410/1713 1794/1374/1677
f 1794/1374/1677 1781/1410/1713 1793/1411/1714
f 1794/1374/1677 1793/1411/1714 1806/1376/1679
f 1806/1376/1679 1793/1411/1714 1805/1412/1715
f 1806/1376/1679 1805/1412/1715 1818/1378/1681
f 1818/1378/1681 1805/1412/1715 1817/1413/1716
f 1818/1378/1681 1817/1413/1716 1830/1380/1683
f 1830/1380/1683 1817/1413/1716 1829/1414/1717
f 1830/1380/1683 1829/1414/1717 1842/1382/1685
f 1842/1382/1685 1829/1414/1717 1841/1415/1718
f 1842/1382/1685 1841/1415/1718 1854/1384/1687
f 1854/1384/1687 1841/1415/1718 1853/1416/1719
f 1854/1384/1687 1853/1416/1719 1866/1386/1689
f 1866/1386/1689 1853/1416/1719 1865/1417/1720
f 1866/1386/1689 1865/1417/1720 1885/1388/1691
f 1885/1388/1691 1865/1417/1720 1886/1418/1721
f 1885/1388/1691 1886/1418/1721 1889/1390/1693
f 1889/1390/1693 1886/1418/1721 1888/1419/1722
f 1889/1390/1693 1888/1419/1722 2040/1392/1695
f 2040/1392/1695 1888/1419/1722 2039/1420/1723
f 2040/1392/1695 2039/1420/1723 1908/1394/1697
f 1908/1394/1697 2039/1420/1723 1909/1421/1724
f 1908/1394/1697 1909/1421/1724 1913/1396/1699
f 1913/1396/1699 1909/1421/1724 1912/1422/1725
f 1913/1396/1699 1912/1422/1725 1924/1284/1588
f 1924/1284/1588 1912/1422/1725 1923/1282/1586
f 1552/1397/1700 1553/1423/1726 1642/1398/1701
f 1642/1398/1701 1553/1423/1726 1641/1424/1727
f 1642/1398/1701 1641/1424/1727 1654/1399/1702
f 1654/1399/1702 1641/1424/1727 1653/1425/1728
f 1654/1399/1702 1653/1425/1728 1666/1400/1703
f 1666/1400/1703 1653/1425/1728 1665/1426/1729
f 1666/1400/1703 1665/1426/1729 1677/1401/1704
f 1677/1401/1704 1665/1426/1729 1630/1427/1730
f 1677/1401/1704 1630/1427/1730 1709/1402/1705
f 1709/1402/1705 1630/1427/1730 1710/1428/1731
f 1709/1402/1705 1710/1428/1731 1688/1403/1706
f 1688/1403/1706 1710/1428/1731 1687/1429/1732
f 1688/1403/1706 1687/1429/1732 1712/1404/1707
f 1712/1404/1707 1687/1429/1732 1711/1430/1733
f 1712/1404/1707 1711/1430/1733 1724/1405/1708
f 1724/1405/1708 1711/1430/1733 1723/1431/1734
f 1724/1405/1708 1723/1431/1734 1745/1406/1709
f 1745/1406/1709 1723/1431/1734 1631/1432/1735
f 1745/1406/1709 1631/1432/1735 1746/1407/1710
f 1746/1407/1710 1631/1432/1735 1633/1433/1736
f 1746/1407/1710 1633/1433/1736 1766/1408/1711
f 1766/1408/1711 1633/1433/1736 1767/1434/1737
f 1766/1408/1711 1767/1434/1737 1769/1409/1712
f 1769/1409/1712 1767/1434/1737 1768/1435/1738
f 1769/1409/1712 1768/1435/1738 1781/1410/1713
f 1781/1410/1713 1768/1435/1738 1780/1436/1739
f 1781/1410/1713 1780/1436/1739 1793/1411/1714
f 1793/1411/1714 1780/1436/1739 1792/1437/1740
f 1793/1411/1714 1792/1437/1740 1805/1412/1715
f 1805/1412/1715 1792/1437/1740 1804/1438/1741
f 1805/1412/1715 1804/1438/1741 1817/1413/1716
f 1817/1413/1716 1804/1438/1741 1816/1439/1742
f 1817/1413/1716 1816/1439/1742 1829/1414/1717
f 1829/1414/1717 1816/1439/1742 1828/1440/1743
f 1829/1414/1717 1828/1440/1743 1841/1415/1718
f 1841/1415/1718 1828/1440/1743 1840/1441/1744
f 1841/1415/1718 1840/1441/1744 1853/1416/1719
f 1853/1416/1719 1840/1441/1744 1852/1442/1745
f 1853/1416/1719 1852/1442/1745 1865/1417/1720
f 1865/1417/1720 1852/1442/1745 1864/1443/1746
f 1865/1417/1720 1864/1443/1746 1886/1418/1721
f 1886/1418/1721 1864/1443/1746 1634/1444/1747
f 1886/1418/1721 1634/1444/1747 1888/1419/1722
f 1888/1419/1722 1634/1444/1747 1887/1445/1748
f 1888/1419/1722 1887/1445/1748 2039/1420/1723
f 2039/1420/1723 1887/1445/1748 1636/1446/1749
f 2039/1420/1723 1636/1446/1749 1909/1421/1724
f 1909/1421/1724 1636/1446/1749 1910/1447/1750
f 1909/1421/1724 1910/1447/1750 1912/1422/1725
f 1912/1422/1725 1910/1447/1750 1911/1448/1751
f 1912/1422/1725 1911/1448/1751 1923/1282/1586
f 1923/1282/1586 1911/1448/1751 1637/1280/1584
f 1554/1449/1417 1555/1450/1752 1553/1423/1726
f 1553/1423/1726 1555/1450/1752 1641/1424/1727
f 1555/1450/1752 1556/1451/1753 1641/1424/1727
f 1641/1424/1727 1556/1451/1753 1653/1425/1728
f 1556/1451/1753 1557/1452/1754 1653/1425/1728
f 1653/1425/1728 1557/1452/1754 1558/1453/1755
f 1653/1425/1728 1558/1453/1755 1665/1426/1729
f 1665/1426/1729 1558/1453/1755 1559/1454/1756
f 1665/1426/1729 1559/1454/1756 1560/1455/1757
f 1665/1426/1729 1560/1455/1757 1630/1427/1730
f 1630/1427/1730 1560/1455/1757 1561/1456/1758
f 1630/1427/1730 1561/1456/1758 1710/1428/1731
f 1710/1428/1731 1561/1456/1758 1687/1429/1732
f 1561/1456/1758 1562/1457/1759 1687/1429/1732
f 1687/1429/1732 1562/1457/1759 1711/1430/1733
f 1562/1457/1759 1563/1458/1760 1711/1430/1733
f 1711/1430/1733 1563/1458/1760 1723/1431/1734
f 1723/1431/1734 1563/1458/1760 1631/1432/1735
f 1631/1432/1735 1563/1458/1760 1564/1459/1761
f 1631/1432/1735 1564/1459/1761 1633/1433/1736
f 1633/1433/1736 1564/1459/1761 1565/1460/1762
f 1633/1433/1736 1565/1460/1762 1767/1434/1737
f 1767/1434/1737 1565/1460/1762 1768/1435/1738
f 1565/1460/1762 1566/1461/1763 1768/1435/1738
f 1768/1435/1738 1566/1461/1763 1780/1436/1739
f 1566/1461/1763 1567/1462/1764 1780/1436/1739
f 1780/1436/1739 1567/1462/1764 1792/1437/1740
f 1567/1462/1764 1568/1463/1765 1792/1437/1740
f 1792/1437/1740 1568/1463/1765 1804/1438/1741
f 1568/1463/1765 1569/1464/1766 1804/1438/1741
f 1804/1438/1741 1569/1464/1766 1570/1465/1767
f 1804/1438/1741 1570/1465/1767 1816/1439/1742
f 1816/1439/1742 1570/1465/1767 1571/1466/1768
f 1816/1439/1742 1571/1466/1768 1572/1467/1769
f 1572/1467/1769 1573/1468/1770 1816/1439/1742
f 1816/1439/1742 1573/1468/1770 1828/1440/1743
f 1573/1468/1770 1574/1469/1771 1828/1440/1743
f 1828/1440/1743 1574/1469/1771 1575/1470/1772
f 1828/1440/1743 1575/1470/1772 1840/1441/1744
f 1840/1441/1744 1575/1470/1772 1576/1471/1773
f 1840/1441/1744 1576/1471/1773 1577/1472/1774
f 1577/1472/1774 1578/1473/1775 1840/1441/1744
f 1840/1441/1744 1578/1473/1775 1852/1442/1745
f 1578/1473/1775 1579/1474/1776 1852/1442/1745
f 1852/1442/1745 1579/1474/1776 1864/1443/1746
f 1864/1443/1746 1579/1474/1776 1634/1444/1747
f 1634/1444/1747 1579/1474/1776 1580/1475/1777
f 1634/1444/1747 1580/1475/1777 1887/1445/1748
f 1887/1445/1748 1580/1475/1777 1636/1446/1749
f 1580/1475/1777 1581/1476/1778 1636/1446/1749
f 1636/1446/1749 1581/1476/1778 1910/1447/1750
f 1910/1447/1750 1581/1476/1778 1911/1448/1751
f 1911/1448/1751 1581/1476/1778 1582/1477/1779
f 1911/1448/1751 1582/1477/1779 1637/1280/1584
f 1637/1280/1584 1582/1477/1779 1583/1278/1582
f 1970/1273/1577 1585/1275/1579 1639/1478/1780
f 1639/1478/1780 1585/1275/1579 1586/1479/1781
f 1639/1478/1780 1586/1479/1781 1992/1480/1782
f 1992/1480/1782 1586/1479/1781 1587/1481/1783
f 1992/1480/1782 1587/1481/1783 2003/1482/1784
f 2003/1482/1784 1587/1481/1783 1588/1483/1785
f 2003/1482/1784 1588/1483/1785 1589/1484/1786
f 2003/1482/1784 1589/1484/1786 2015/1485/1787
f 2015/1485/1787 1589/1484/1786 1590/1486/1788
f 2015/1485/1787 1590/1486/1788 2027/1487/1789
f 2027/1487/1789 1590/1486/1788 1591/1488/1790
f 2027/1487/1789 1591/1488/1790 1553/1489/1726
f 1553/1489/1726 1591/1488/1790 1554/345/1417
f 1553/1489/1726 1552/1490/1700 2027/1487/1789
f 2027/1487/1789 1552/1490/1700 2028/1491/1791
f 2027/1487/1789 2028/1491/1791 2015/1485/1787
f 2015/1485/1787 2028/1491/1791 2016/1492/1792
f 2015/1485/1787 2016/1492/1792 2004/1493/1793
f 2004/1493/1793 2016/1492/1792 2005/1267/1571
f 2004/1493/1793 2005/1267/1571 1994/1269/1573
f 1552/1490/1700 1551/1494/1649 2028/1491/1791
f 2028/1491/1791 1551/1494/1649 2029/1495/1794
f 2028/1491/1791 2029/1495/1794 2016/1492/1792
f 2016/1492/1792 2029/1495/1794 2017/1265/1569
f 2016/1492/1792 2017/1265/1569 2005/1267/1571
f 1551/1494/1649 1550/1496/1622 2029/1495/1794
f 2029/1495/1794 1550/1496/1622 2030/1263/1567
f 2029/1495/1794 2030/1263/1567 2017/1265/1569
f 1550/1496/1622 1549/1261/1565 2030/1263/1567
f 2033/1258/1563 1548/1260/1494 2034/1497/1795
f 2034/1497/1795 1548/1260/1494 1547/1498/1492
f 2034/1497/1795 1547/1498/1492 2035/1499/1796
f 2035/1499/1796 1547/1498/1492 2036/1500/1797
f 2035/1499/1796 2036/1500/1797 2023/1501/1798
f 2023/1501/1798 2036/1500/1797 2024/1502/1799
f 2023/1501/1798 2024/1502/1799 2012/1503/1800
f 2012/1503/1800 2024/1502/1799 2013/1504/1801
f 2012/1503/1800 2013/1504/1801 2002/1505/1802
f 2002/1505/1802 2013/1504/1801 1640/1506/1803
f 2002/1505/1802 1640/1506/1803 1982/1507/1804
f 1982/1507/1804 1640/1506/1803 1638/1508/1805
f 1982/1507/1804 1638/1508/1805 1980/1509/1806
f 1980/1509/1806 1638/1508/1805 1981/1510/1807
f 1980/1509/1806 1981/1510/1807 1968/1511/1808
f 1968/1511/1808 1981/1510/1807 1969/1512/1809
f 1968/1511/1808 1969/1512/1809 1956/1513/1810
f 1956/1513/1810 1969/1512/1809 1957/1514/1811
f 1956/1513/1810 1957/1514/1811 1935/1515/1812
f 1935/1515/1812 1957/1514/1811 1934/1516/1813
f 1935/1515/1812 1934/1516/1813 1932/1517/1814
f 1932/1517/1814 1934/1516/1813 1933/1518/1815
f 1932/1517/1814 1933/1518/1815 1921/1519/1816
f 1921/1519/1816 1933/1518/1815 1922/1520/1817
f 1921/1519/1816 1922/1520/1817 1900/1521/1818
f 1900/1521/1818 1922/1520/1817 1899/1522/1819
f 1900/1521/1818 1899/1522/1819 2048/1523/1820
f 2048/1523/1820 1899/1522/1819 1635/1524/1821
f 2048/1523/1820 1635/1524/1821 1897/1525/1822
f 1897/1525/1822 1635/1524/1821 1898/1526/1823
f 1897/1525/1822 1898/1526/1823 1877/1527/1824
f 1877/1527/1824 1898/1526/1823 1876/1528/1825
f 1877/1527/1824 1876/1528/1825 1874/1529/1826
f 1874/1529/1826 1876/1528/1825 1875/1530/1827
f 1874/1529/1826 1875/1530/1827 1862/1531/1828
f 1862/1531/1828 1875/1530/1827 1863/1532/1829
f 1862/1531/1828 1863/1532/1829 1850/1533/1830
f 1850/1533/1830 1863/1532/1829 1851/1534/1831
f 1850/1533/1830 1851/1534/1831 1838/1535/1832
f 1838/1535/1832 1851/1534/1831 1839/1536/1833
f 1838/1535/1832 1839/1536/1833 1826/1537/1834
f 1826/1537/1834 1839/1536/1833 1827/1538/1835
f 1826/1537/1834 1827/1538/1835 1814/1539/1836
f 1814/1539/1836 1827/1538/1835 1815/1540/1837
f 1814/1539/1836 1815/1540/1837 1802/1541/1838
f 1802/1541/1838 1815/1540/1837 1803/1542/1839
f 1802/1541/1838 1803/1542/1839 1790/1543/1840
f 1790/1543/1840 1803/1542/1839 1791/1544/1841
f 1790/1543/1840 1791/1544/1841 1778/1545/1842
f 1778/1545/1842 1791/1544/1841 1779/1546/1843
f 1778/1545/1842 1779/1546/1843 1757/1547/1844
f 1757/1547/1844 1779/1546/1843 1756/1548/1845
f 1757/1547/1844 1756/1548/1845 1755/1549/1846
f 1755/1549/1846 1756/1548/1845 1632/1550/1847
f 1755/1549/1846 1632/1550/1847 1736/1551/1848
f 1736/1551/1848 1632/1550/1847 1735/1552/1849
f 1736/1551/1848 1735/1552/1849 1733/1553/1850
f 1733/1553/1850 1735/1552/1849 1734/1554/1851
f 1733/1553/1850 1734/1554/1851 1721/1555/1852
f 1721/1555/1852 1734/1554/1851 1722/1556/1853
f 1721/1555/1852 1722/1556/1853 1697/1557/1854
f 1697/1557/1854 1722/1556/1853 1698/1558/1855
f 1697/1557/1854 1698/1558/1855 1700/1559/1856
f 1700/1559/1856 1698/1558/1855 1699/1560/1857
f 1700/1559/1856 1699/1560/1857 1686/1561/1858
f 1686/1561/1858 1699/1560/1857 1629/1562/1859
f 1686/1561/1858 1629/1562/1859 1675/1563/1860
f 1675/1563/1860 1629/1562/1859 1676/1564/1861
f 1675/1563/1860 1676/1564/1861 1663/1565/1862
f 1663/1565/1862 1676/1564/1861 1664/1566/1863
f 1663/1565/1862 1664/1566/1863 1651/1186/1491
f 1651/1186/1491 1664/1566/1863 1652/1184/1489
f 1547/1498/1492 1546/1567/1490 2036/1500/1797
f 2036/1500/1797 1546/1567/1490 2037/1568/1864
f 2036/1500/1797 2037/1568/1864 2024/1502/1799
f 2024/1502/1799 2037/1568/1864 2025/1569/1865
f 2024/1502/1799 2025/1569/1865 2013/1504/1801
f 2013/1504/1801 2025/1569/1865 2026/1570/1866
f 2013/1504/1801 2026/1570/1866 2014/1571/1867
f 2014/1571/1867 2026/1570/1866 1594/1572/1868
f 2014/1571/1867 1594/1572/1868 1595/1573/1869
f 2037/1568/1864 1546/1567/1490 2038/1574/1870
f 2038/1574/1870 1546/1567/1490 1545/1575/1488
f 2038/1574/1870 1545/1575/1488 1592/1576/1871
f 1592/1576/1871 1593/1577/1872 2038/1574/1870
f 2038/1574/1870 1593/1577/1872 2026/1570/1866
f 2038/1574/1870 2026/1570/1866 2025/1569/1865
f 1593/1577/1872 1594/1572/1868 2026/1570/1866
f 2014/1571/1867 1595/1573/1869 1640/1506/1803
f 1640/1506/1803 1595/1573/1869 1596/1578/1873
f 1640/1506/1803 1596/1578/1873 1638/1508/1805
f 1638/1508/1805 1596/1578/1873 1597/1579/1874
f 1638/1508/1805 1597/1579/1874 1981/1510/1807
f 1981/1510/1807 1597/1579/1874 1969/1512/1809
f 1597/1579/1874 1598/1580/1875 1969/1512/1809
f 1969/1512/1809 1598/1580/1875 1957/1514/1811
f 1598/1580/1875 1599/1581/1876 1957/1514/1811
f 1957/1514/1811 1599/1581/1876 1934/1516/1813
f 1599/1581/1876 1600/1582/1877 1934/1516/1813
f 1934/1516/1813 1600/1582/1877 1933/1518/1815
f 1600/1582/1877 1601/1583/1878 1933/1518/1815
f 1933/1518/1815 1601/1583/1878 1922/1520/1817
f 1601/1583/1878 1602/1584/1879 1922/1520/1817
f 1922/1520/1817 1602/1584/1879 1899/1522/1819
f 1899/1522/1819 1602/1584/1879 1635/1524/1821
f 1635/1524/1821 1602/1584/1879 1603/1585/1880
f 1635/1524/1821 1603/1585/1880 1898/1526/1823
f 1898/1526/1823 1603/1585/1880 1876/1528/1825
f 1603/1585/1880 1604/1586/1881 1876/1528/1825
f 1876/1528/1825 1604/1586/1881 1875/1530/1827
f 1604/1586/1881 1605/1587/1882 1875/1530/1827
f 1875/1530/1827 1605/1587/1882 1863/1532/1829
f 1605/1587/1882 1606/1588/1883 1863/1532/1829
f 1863/1532/1829 1606/1588/1883 1607/1589/1884
f 1863/1532/1829 1607/1589/1884 1851/1534/1831
f 1851/1534/1831 1607/1589/1884 1608/1590/1885
f 1851/1534/1831 1608/1590/1885 1839/1536/1833
f 1839/1536/1833 1608/1590/1885 1609/1591/1886
f 1839/1536/1833 1609/1591/1886 1610/1592/1887
f 1839/1536/1833 1610/1592/1887 1827/1538/1835
f 1827/1538/1835 1610/1592/1887 1611/1593/1888
f 1827/1538/1835 1611/1593/1888 1612/1594/1889
f 1827/1538/1835 1612/1594/1889 1815/1540/1837
f 1815/1540/1837 1612/1594/1889 1613/1595/1890
f 1815/1540/1837 1613/1595/1890 1614/1596/1891
f 1815/1540/1837 1614/1596/1891 1803/1542/1839
f 1803/1542/1839 1614/1596/1891 1615/1597/1892
f 1803/1542/1839 1615/1597/1892 1791/1544/1841
f 1791/1544/1841 1615/1597/1892 1616/1598/1893
f 1791/1544/1841 1616/1598/1893 1617/1599/1894
f 1791/1544/1841 1617/1599/1894 1779/1546/1843
f 1779/1546/1843 1617/1599/1894 1618/1600/1895
f 1779/1546/1843 1618/1600/1895 1756/1548/1845
f 1756/1548/1845 1618/1600/1895 1632/1550/1847
f 1618/1600/1895 1619/1601/1896 1632/1550/1847
f 1632/1550/1847 1619/1601/1896 1735/1552/1849
f 1619/1601/1896 1620/1602/1897 1735/1552/1849
f 1735/1552/1849 1620/1602/1897 1734/1554/1851
f 1620/1602/1897 1621/1603/1898 1734/1554/1851
f 1734/1554/1851 1621/1603/1898 1722/1556/1853
f 1621/1603/1898 1622/1604/1899 1722/1556/1853
f 1722/1556/1853 1622/1604/1899 1698/1558/1855
f 1622/1604/1899 1623/1605/1900 1698/1558/1855
f 1698/1558/1855 1623/1605/1900 1699/1560/1857
f 1699/1560/1857 1623/1605/1900 1629/1562/1859
f 1629/1562/1859 1623/1605/1900 1624/1606/1901
f 1629/1562/1859 1624/1606/1901 1676/1564/1861
f 1676/1564/1861 1624/1606/1901 1625/1607/1902
f 1676/1564/1861 1625/1607/1902 1664/1566/1863
f 1664/1566/1863 1625/1607/1902 1626/1608/1903
f 1664/1566/1863 1626/1608/1903 1627/1609/1904
f 1664/1566/1863 1627/1609/1904 1652/1184/1489
f 1652/1184/1489 1627/1609/1904 1628/1182/1487
f 1658/1321/1624 1646/1320/1623 1645/1345/1648
f 1645/1345/1648 1644/1347/1650 1657/1610/1905
f 1657/1610/1905 1644/1347/1650 1656/1349/1652
f 1657/1610/1905 1656/1349/1652 1669/1611/1906
f 1669/1611/1906 1656/1349/1652 1668/1351/1654
f 1669/1611/1906 1668/1351/1654 1680/1612/1907
f 1680/1612/1907 1668/1351/1654 1679/1353/1656
f 1680/1612/1907 1679/1353/1656 1706/1613/1908
f 1706/1613/1908 1679/1353/1656 1707/1355/1658
f 1706/1613/1908 1707/1355/1658 1691/1614/1909
f 1691/1614/1909 1707/1355/1658 1690/1357/1660
f 1691/1614/1909 1690/1357/1660 1715/1615/1910
f 1715/1615/1910 1690/1357/1660 1714/1359/1662
f 1715/1615/1910 1714/1359/1662 1727/1616/1911
f 1727/1616/1911 1714/1359/1662 1726/1361/1664
f 1727/1616/1911 1726/1361/1664 1742/1617/1912
f 1742/1617/1912 1726/1361/1664 1743/1363/1666
f 1742/1617/1912 1743/1363/1666 1749/1618/1913
f 1749/1618/1913 1743/1363/1666 1748/1365/1668
f 1749/1618/1913 1748/1365/1668 1763/1619/1914
f 1763/1619/1914 1748/1365/1668 1764/1367/1670
f 1763/1619/1914 1764/1367/1670 1772/1620/1915
f 1772/1620/1915 1764/1367/1670 1771/1369/1672
f 1772/1620/1915 1771/1369/1672 1784/1621/1916
f 1784/1621/1916 1771/1369/1672 1783/1371/1674
f 1784/1621/1916 1783/1371/1674 1796/1622/1917
f 1796/1622/1917 1783/1371/1674 1795/1373/1676
f 1796/1622/1917 1795/1373/1676 1808/1623/1918
f 1808/1623/1918 1795/1373/1676 1807/1375/1678
f 1808/1623/1918 1807/1375/1678 1820/1624/1919
f 1820/1624/1919 1807/1375/1678 1819/1377/1680
f 1820/1624/1919 1819/1377/1680 1832/1625/1920
f 1832/1625/1920 1819/1377/1680 1831/1379/1682
f 1832/1625/1920 1831/1379/1682 1844/1626/1921
f 1844/1626/1921 1831/1379/1682 1843/1381/1684
f 1844/1626/1921 1843/1381/1684 1856/1627/1922
f 1856/1627/1922 1843/1381/1684 1855/1383/1686
f 1856/1627/1922 1855/1383/1686 1868/1628/1923
f 1868/1628/1923 1855/1383/1686 1867/1385/1688
f 1868/1628/1923 1867/1385/1688 1883/1629/1924
f 1883/1629/1924 1867/1385/1688 1884/1387/1690
f 1883/1629/1924 1884/1387/1690 1891/1630/1925
f 1891/1630/1925 1884/1387/1690 1890/1389/1692
f 1891/1630/1925 1890/1389/1692 2042/1631/1926
f 2042/1631/1926 1890/1389/1692 2041/1391/1694
f 2042/1631/1926 2041/1391/1694 1906/1632/1927
f 1906/1632/1927 2041/1391/1694 1907/1393/1696
f 1906/1632/1927 1907/1393/1696 1915/1633/1928
f 1915/1633/1928 1907/1393/1696 1914/1395/1698
f 1915/1633/1928 1914/1395/1698 1926/1288/1592
f 1926/1288/1592 1914/1395/1698 1925/1286/1590
f 1663/1565/1862 1651/1186/1491 1650/1188/1493
f 1650/1188/1493 1649/1190/1495 1662/1634/1929
f 1662/1634/1929 1649/1190/1495 1661/1192/1497
f 1662/1634/1929 1661/1192/1497 1674/1635/1930
f 1674/1635/1930 1661/1192/1497 1673/1194/1499
f 1674/1635/1930 1673/1194/1499 1685/1636/1931
f 1685/1636/1931 1673/1194/1499 1684/1196/1501
f 1685/1636/1931 1684/1196/1501 1701/1637/1932
f 1701/1637/1932 1684/1196/1501 1702/1198/1503
f 1701/1637/1932 1702/1198/1503 1696/1638/1933
f 1696/1638/1933 1702/1198/1503 1695/1200/1505
f 1696/1638/1933 1695/1200/1505 1720/1639/1934
f 1720/1639/1934 1695/1200/1505 1719/1202/1507
f 1720/1639/1934 1719/1202/1507 1732/1640/1935
f 1732/1640/1935 1719/1202/1507 1731/1204/1509
f 1732/1640/1935 1731/1204/1509 1737/1641/1936
f 1737/1641/1936 1731/1204/1509 1738/1206/1511
f 1737/1641/1936 1738/1206/1511 1754/1642/1937
f 1754/1642/1937 1738/1206/1511 1753/1208/1513
f 1754/1642/1937 1753/1208/1513 1758/1643/1938
f 1758/1643/1938 1753/1208/1513 1759/1210/1515
f 1758/1643/1938 1759/1210/1515 1777/1644/1939
f 1777/1644/1939 1759/1210/1515 1776/1212/1517
f 1777/1644/1939 1776/1212/1517 1789/1645/1940
f 1789/1645/1940 1776/1212/1517 1788/1214/1519
f 1789/1645/1940 1788/1214/1519 1801/1646/1941
f 1801/1646/1941 1788/1214/1519 1800/1216/1521
f 1801/1646/1941 1800/1216/1521 1813/1647/1942
f 1813/1647/1942 1800/1216/1521 1812/1218/1523
f 1813/1647/1942 1812/1218/1523 1825/1648/1943
f 1825/1648/1943 1812/1218/1523 1824/1220/1525
f 1825/1648/1943 1824/1220/1525 1837/1649/1944
f 1837/1649/1944 1824/1220/1525 1836/1222/1527
f 1837/1649/1944 1836/1222/1527 1849/1650/1945
f 1849/1650/1945 1836/1222/1527 1848/1224/1529
f 1849/1650/1945 1848/1224/1529 1861/1651/1946
f 1861/1651/1946 1848/1224/1529 1860/1226/1531
f 1861/1651/1946 1860/1226/1531 1873/1652/1947
f 1873/1652/1947 1860/1226/1531 1872/1228/1533
f 1873/1652/1947 1872/1228/1533 1878/1653/1948
f 1878/1653/1948 1872/1228/1533 1879/1230/1535
f 1878/1653/1948 1879/1230/1535 1896/1654/1949
f 1896/1654/1949 1879/1230/1535 1895/1232/1537
f 1896/1654/1949 1895/1232/1537 2047/1655/1950
f 2047/1655/1950 1895/1232/1537 2046/1234/1539
f 2047/1655/1950 2046/1234/1539 1901/1656/1951
f 1901/1656/1951 2046/1234/1539 1902/1236/1541
f 1901/1656/1951 1902/1236/1541 1920/1657/1952
f 1920/1657/1952 1902/1236/1541 1919/1238/1543
f 1920/1657/1952 1919/1238/1543 1931/1658/1953
f 1931/1658/1953 1919/1238/1543 1930/1240/1545
f 1931/1658/1953 1930/1240/1545 1936/1659/1954
f 1936/1659/1954 1930/1240/1545 1937/1242/1547
f 1936/1659/1954 1937/1242/1547 1955/1660/1955
f 1955/1660/1955 1937/1242/1547 1954/1244/1549
f 1955/1660/1955 1954/1244/1549 1967/1661/1956
f 1967/1661/1956 1954/1244/1549 1966/1246/1551
f 1967/1661/1956 1966/1246/1551 1979/1662/1957
f 1979/1662/1957 1966/1246/1551 1978/1248/1553
f 1979/1662/1957 1978/1248/1553 1983/1663/1958
f 1983/1663/1958 1978/1248/1553 1984/1250/1555
f 1983/1663/1958 1984/1250/1555 2001/1664/1959
f 2001/1664/1959 1984/1250/1555 2000/1252/1557
f 2001/1664/1959 2000/1252/1557 2011/1665/1960
f 2011/1665/1960 2000/1252/1557 2010/1254/1559
f 2011/1665/1960 2010/1254/1559 2022/1666/1961
f 2022/1666/1961 2010/1254/1559 2021/1256/1561
f 2022/1666/1961 2021/1256/1561 2034/1497/1795
f 2034/1497/1795 2021/1256/1561 2033/1258/1563
f 1670/1322/1625 1658/1321/1624 1657/1610/1905
f 1657/1610/1905 1658/1321/1624 1645/1345/1648
f 1670/1322/1625 1657/1610/1905 1669/1611/1906
f 1675/1563/1860 1663/1565/1862 1662/1634/1929
f 1662/1634/1929 1663/1565/1862 1650/1188/1493
f 1675/1563/1860 1662/1634/1929 1674/1635/1930
f 1681/1323/1626 1670/1322/1625 1669/1611/1906
f 1681/1323/1626 1669/1611/1906 1680/1612/1907
f 1686/1561/1858 1675/1563/1860 1674/1635/1930
f 1686/1561/1858 1674/1635/1930 1685/1636/1931
f 1705/1324/1627 1681/1323/1626 1680/1612/1907
f 1705/1324/1627 1680/1612/1907 1706/1613/1908
f 1700/1559/1856 1686/1561/1858 1685/1636/1931
f 1700/1559/1856 1685/1636/1931 1701/1637/1932
f 1705/1324/1627 1706/1613/1908 1692/1325/1628
f 1692/1325/1628 1706/1613/1908 1691/1614/1909
f 1692/1325/1628 1691/1614/1909 1716/1326/1629
f 1716/1326/1629 1691/1614/1909 1715/1615/1910
f 1716/1326/1629 1715/1615/1910 1728/1327/1630
f 1728/1327/1630 1715/1615/1910 1727/1616/1911
f 1728/1327/1630 1727/1616/1911 1741/1328/1631
f 1741/1328/1631 1727/1616/1911 1742/1617/1912
f 1741/1328/1631 1742/1617/1912 1750/1329/1632
f 1750/1329/1632 1742/1617/1912 1749/1618/1913
f 1750/1329/1632 1749/1618/1913 1762/1330/1633
f 1762/1330/1633 1749/1618/1913 1763/1619/1914
f 1762/1330/1633 1763/1619/1914 1773/1331/1634
f 1773/1331/1634 1763/1619/1914 1772/1620/1915
f 1773/1331/1634 1772/1620/1915 1785/1332/1635
f 1785/1332/1635 1772/1620/1915 1784/1621/1916
f 1785/1332/1635 1784/1621/1916 1797/1333/1636
f 1797/1333/1636 1784/1621/1916 1796/1622/1917
f 1797/1333/1636 1796/1622/1917 1809/1334/1637
f 1809/1334/1637 1796/1622/1917 1808/1623/1918
f 1809/1334/1637 1808/1623/1918 1821/1335/1638
f 1821/1335/1638 1808/1623/1918 1820/1624/1919
f 1821/1335/1638 1820/1624/1919 1833/1336/1639
f 1833/1336/1639 1820/1624/1919 1832/1625/1920
f 1833/1336/1639 1832/1625/1920 1845/1337/1640
f 1845/1337/1640 1832/1625/1920 1844/1626/1921
f 1845/1337/1640 1844/1626/1921 1857/1338/1641
f 1857/1338/1641 1844/1626/1921 1856/1627/1922
f 1857/1338/1641 1856/1627/1922 1869/1339/1642
f 1869/1339/1642 1856/1627/1922 1868/1628/1923
f 1869/1339/1642 1868/1628/1923 1882/1340/1643
f 1882/1340/1643 1868/1628/1923 1883/1629/1924
f 1882/1340/1643 1883/1629/1924 1892/1341/1644
f 1892/1341/1644 1883/1629/1924 1891/1630/1925
f 1892/1341/1644 1891/1630/1925 2043/1342/1645
f 2043/1342/1645 1891/1630/1925 2042/1631/1926
f 2043/1342/1645 2042/1631/1926 1905/1343/1646
f 1905/1343/1646 2042/1631/1926 1906/1632/1927
f 1905/1343/1646 1906/1632/1927 1916/1344/1647
f 1916/1344/1647 1906/1632/1927 1915/1633/1928
f 1916/1344/1647 1915/1633/1928 1927/1290/1594
f 1927/1290/1594 1915/1633/1928 1926/1288/1592
f 1700/1559/1856 1701/1637/1932 1697/1557/1854
f 1697/1557/1854 1701/1637/1932 1696/1638/1933
f 1697/1557/1854 1696/1638/1933 1721/1555/1852
f 1721/1555/1852 1696/1638/1933 1720/1639/1934
f 1721/1555/1852 1720/1639/1934 1733/1553/1850
f 1733/1553/1850 1720/1639/1934 1732/1640/1935
f 1733/1553/1850 1732/1640/1935 1736/1551/1848
f 1736/1551/1848 1732/1640/1935 1737/1641/1936
f 1736/1551/1848 1737/1641/1936 1755/1549/1846
f 1755/1549/1846 1737/1641/1936 1754/1642/1937
f 1755/1549/1846 1754/1642/1937 1757/1547/1844
f 1757/1547/1844 1754/1642/1937 1758/1643/1938
f 1757/1547/1844 1758/1643/1938 1778/1545/1842
f 1778/1545/1842 1758/1643/1938 1777/1644/1939
f 1778/1545/1842 1777/1644/1939 1790/1543/1840
f 1790/1543/1840 1777/1644/1939 1789/1645/1940
f 1790/1543/1840 1789/1645/1940 1802/1541/1838
f 1802/1541/1838 1789/1645/1940 1801/1646/1941
f 1802/1541/1838 1801/1646/1941 1814/1539/1836
f 1814/1539/1836 1801/1646/1941 1813/1647/1942
f 1814/1539/1836 1813/1647/1942 1826/1537/1834
f 1826/1537/1834 1813/1647/1942 1825/1648/1943
f 1826/1537/1834 1825/1648/1943 1838/1535/1832
f 1838/1535/1832 1825/1648/1943 1837/1649/1944
f 1838/1535/1832 1837/1649/1944 1850/1533/1830
f 1850/1533/1830 1837/1649/1944 1849/1650/1945
f 1850/1533/1830 1849/1650/1945 1862/1531/1828
f 1862/1531/1828 1849/1650/1945 1861/1651/1946
f 1862/1531/1828 1861/1651/1946 1874/1529/1826
f 1874/1529/1826 1861/1651/1946 1873/1652/1947
f 1874/1529/1826 1873/1652/1947 1877/1527/1824
f 1877/1527/1824 1873/1652/1947 1878/1653/1948
f 1877/1527/1824 1878/1653/1948 1897/1525/1822
f 1897/1525/1822 1878/1653/1948 1896/1654/1949
f 1897/1525/1822 1896/1654/1949 2048/1523/1820
f 2048/1523/1820 1896/1654/1949 2047/1655/1950
f 2048/1523/1820 2047/1655/1950 1900/1521/1818
f 1900/1521/1818 2047/1655/1950 1901/1656/1951
f 1900/1521/1818 1901/1656/1951 1921/1519/1816
f 1921/1519/1816 1901/1656/1951 1920/1657/1952
f 1921/1519/1816 1920/1657/1952 1932/1517/1814
f 1932/1517/1814 1920/1657/1952 1931/1658/1953
f 1932/1517/1814 1931/1658/1953 1935/1515/1812
f 1935/1515/1812 1931/1658/1953 1936/1659/1954
f 1935/1515/1812 1936/1659/1954 1956/1513/1810
f 1956/1513/1810 1936/1659/1954 1955/1660/1955
f 1956/1513/1810 1955/1660/1955 1968/1511/1808
f 1968/1511/1808 1955/1660/1955 1967/1661/1956
f 1968/1511/1808 1967/1661/1956 1980/1509/1806
f 1980/1509/1806 1967/1661/1956 1979/1662/1957
f 1980/1509/1806 1979/1662/1957 1982/1507/1804
f 1982/1507/1804 1979/1662/1957 1983/1663/1958
f 1982/1507/1804 1983/1663/1958 2002/1505/1802
f 2002/1505/1802 1983/1663/1958 2001/1664/1959
f 2002/1505/1802 2001/1664/1959 2012/1503/1800
f 2012/1503/1800 2001/1664/1959 2011/1665/1960
f 2012/1503/1800 2011/1665/1960 2023/1501/1798
f 2023/1501/1798 2011/1665/1960 2022/1666/1961
f 2023/1501/1798 2022/1666/1961 2035/1499/1796
f 2035/1499/1796 2022/1666/1961 2034/1497/1795
f 1938/1243/1548 1939/1291/1595 1953/1245/1550
f 1953/1245/1550 1939/1291/1595 1952/1667/1962
f 1953/1245/1550 1952/1667/1962 1965/1247/1552
f 1965/1247/1552 1952/1667/1962 1964/1668/1963
f 1965/1247/1552 1964/1668/1963 1977/1249/1554
f 1977/1249/1554 1964/1668/1963 1976/1669/1964
f 1977/1249/1554 1976/1669/1964 1985/1251/1556
f 1985/1251/1556 1976/1669/1964 1986/1670/1965
f 1985/1251/1556 1986/1670/1965 1999/1253/1558
f 1999/1253/1558 1986/1670/1965 1998/1671/1966
f 1999/1253/1558 1998/1671/1966 2009/1255/1560
f 2009/1255/1560 1998/1671/1966 2008/1672/1967
f 2009/1255/1560 2008/1672/1967 2020/1257/1562
f 2020/1257/1562 2008/1672/1967 2019/1673/1968
f 2020/1257/1562 2019/1673/1968 2032/1259/1564
f 2032/1259/1564 2019/1673/1968 2031/1262/1566
f 1939/1291/1595 1940/1289/1593 1952/1667/1962
f 1952/1667/1962 1940/1289/1593 1951/1674/1969
f 1952/1667/1962 1951/1674/1969 1964/1668/1963
f 1964/1668/1963 1951/1674/1969 1963/1675/1970
f 1964/1668/1963 1963/1675/1970 1976/1669/1964
f 1976/1669/1964 1963/1675/1970 1975/1676/1971
f 1976/1669/1964 1975/1676/1971 1986/1670/1965
f 1986/1670/1965 1975/1676/1971 1987/1677/1972
f 1986/1670/1965 1987/1677/1972 1998/1671/1966
f 1998/1671/1966 1987/1677/1972 1997/1678/1973
f 1998/1671/1966 1997/1678/1973 2008/1672/1967
f 2008/1672/1967 1997/1678/1973 2007/1679/1974
f 2008/1672/1967 2007/1679/1974 2019/1673/1968
f 2019/1673/1968 2007/1679/1974 2018/1264/1568
f 2019/1673/1968 2018/1264/1568 2031/1262/1566
f 1940/1289/1593 1941/1287/1591 1951/1674/1969
f 1951/1674/1969 1941/1287/1591 1950/1680/1975
f 1951/1674/1969 1950/1680/1975 1963/1675/1970
f 1963/1675/1970 1950/1680/1975 1962/1681/1976
f 1963/1675/1970 1962/1681/1976 1975/1676/1971
f 1975/1676/1971 1962/1681/1976 1974/1682/1977
f 1975/1676/1971 1974/1682/1977 1987/1677/1972
f 1987/1677/1972 1974/1682/1977 1988/1683/1978
f 1987/1677/1972 1988/1683/1978 1997/1678/1973
f 1997/1678/1973 1988/1683/1978 1996/1684/1979
f 1997/1678/1973 1996/1684/1979 2007/1679/1974
f 2007/1679/1974 1996/1684/1979 2006/1266/1570
f 2007/1679/1974 2006/1266/1570 2018/1264/1568
f 1941/1287/1591 1942/1285/1589 1950/1680/1975
f 1950/1680/1975 1942/1285/1589 1949/1685/1980
f 1950/1680/1975 1949/1685/1980 1962/1681/1976
f 1962/1681/1976 1949/1685/1980 1961/1686/1981
f 1962/1681/1976 1961/1686/1981 1974/1682/1977
f 1974/1682/1977 1961/1686/1981 1973/1687/1982
f 1974/1682/1977 1973/1687/1982 1988/1683/1978
f 1988/1683/1978 1973/1687/1982 1989/1688/1983
f 1988/1683/1978 1989/1688/1983 1996/1684/1979
f 1996/1684/1979 1989/1688/1983 1995/1268/1572
f 1996/1684/1979 1995/1268/1572 2006/1266/1570
f 1942/1285/1589 1943/1283/1587 1949/1685/1980
f 1949/1685/1980 1943/1283/1587 1948/1689/1984
f 1949/1685/1980 1948/1689/1984 1961/1686/1981
f 1961/1686/1981 1948/1689/1984 1960/1690/1985
f 1961/1686/1981 1960/1690/1985 1973/1687/1982
f 1973/1687/1982 1960/1690/1985 1972/1691/1986
f 1973/1687/1982 1972/1691/1986 1989/1688/1983
f 1989/1688/1983 1972/1691/1986 1990/1270/1574
f 1989/1688/1983 1990/1270/1574 1995/1268/1572
f 1943/1283/1587 1944/1281/1585 1948/1689/1984
f 1948/1689/1984 1944/1281/1585 1947/1692/1987
f 1948/1689/1984 1947/1692/1987 1960/1690/1985
f 1960/1690/1985 1947/1692/1987 1959/1693/1988
f 1960/1690/1985 1959/1693/1988 1972/1691/1986
f 1972/1691/1986 1959/1693/1988 1971/1272/1576
f 1972/1691/1986 1971/1272/1576 1990/1270/1574
f 1944/1281/1585 1945/1279/1583 1947/1692/1987
f 1947/1692/1987 1945/1279/1583 1946/1277/1581
f 1947/1692/1987 1946/1277/1581 1959/1693/1988
f 1959/1693/1988 1946/1277/1581 1958/1274/1578
f 1959/1693/1988 1958/1274/1578 1971/1272/1576
f 1991/1271/1575 1639/1478/1780 1993/1694/1989
f 1993/1694/1989 1639/1478/1780 1992/1480/1782
f 1993/1694/1989 1992/1480/1782 2003/1482/1784
f 1991/1271/1575 1970/1273/1577 1639/1478/1780
f 2004/1493/1793 1994/1269/1573 1993/1694/1989
f 1993/1694/1989 1994/1269/1573 1991/1271/1575
f 2004/1493/1793 1993/1694/1989 2003/1482/1784
f 2013/1504/1801 2014/1571/1867 1640/1506/1803
f 2015/1485/1787 2004/1493/1793 2003/1482/1784
f 2038/1574/1870 2025/1569/1865 2037/1568/1864
f 2050/1695/1419 1555/1696/1752 2049/1697/1417
f 2049/1697/1417 1555/1696/1752 1554/1698/1417
f 2049/1697/1417 1554/1698/1417 1591/1699/1790
f 2051/1700/1420 1557/1701/1754 2050/1695/1419
f 2050/1695/1419 1557/1701/1754 1556/1702/1753
f 2050/1695/1419 1556/1702/1753 1555/1696/1752
f 2052/1703/1990 1559/1704/1756 2051/1700/1420
f 2051/1700/1420 1559/1704/1756 1558/1705/1755
f 2051/1700/1420 1558/1705/1755 1557/1701/1754
f 2053/1706/1422 1561/1707/1758 2052/1703/1990
f 2052/1703/1990 1561/1707/1758 1560/1708/1757
f 2052/1703/1990 1560/1708/1757 1559/1704/1756
f 1561/1707/1758 2053/1706/1422 1562/1709/1759
f 1562/1709/1759 2053/1706/1422 2054/1710/1424
f 1562/1709/1759 2054/1710/1424 1563/1711/1760
f 1563/1711/1760 2054/1710/1424 2055/1712/1991
f 1563/1711/1760 2055/1712/1991 1564/1713/1761
f 1564/1713/1761 2055/1712/1991 2056/1714/1428
f 1564/1713/1761 2056/1714/1428 1565/1715/1762
f 1565/1715/1762 2056/1714/1428 2057/1716/1430
f 1565/1715/1762 2057/1716/1430 1566/1717/1763
f 1566/1717/1763 2057/1716/1430 2058/1718/1431
f 1566/1717/1763 2058/1718/1431 2059/1719/1433
f 1566/1717/1763 2059/1719/1433 1567/1720/1764
f 1567/1720/1764 2059/1719/1433 2060/1721/1435
f 1567/1720/1764 2060/1721/1435 1568/1722/1765
f 1568/1722/1765 2060/1721/1435 1569/1723/1766
f 1569/1723/1766 2060/1721/1435 1570/1724/1767
f 1570/1724/1767 2060/1721/1435 1571/1725/1768
f 1571/1725/1768 2060/1721/1435 2061/1726/1437
f 1571/1725/1768 2061/1726/1437 1572/1727/1769
f 1572/1727/1769 2061/1726/1437 1573/1728/1770
f 1573/1728/1770 2061/1726/1437 1574/1729/1771
f 1574/1730/1771 2061/1731/1437 1575/1732/1772
f 1575/1732/1772 2061/1731/1437 2062/1733/1992
f 1575/1732/1772 2062/1733/1992 1576/1734/1773
f 1576/1734/1773 2062/1733/1992 1577/1735/1774
f 1577/1735/1774 2062/1733/1992 1578/1736/1775
f 1578/1736/1775 2062/1733/1992 2063/1737/1993
f 1578/1736/1775 2063/1737/1993 1579/1738/1776
f 1579/1738/1776 2063/1737/1993 1580/1739/1777
f 1580/1739/1777 2063/1737/1993 2064/1740/1994
f 1580/1739/1777 2064/1740/1994 2065/1741/1443
f 1580/1739/1777 2065/1741/1443 1581/1742/1778
f 1581/1742/1778 2065/1741/1443 2066/1743/1445
f 1581/1742/1778 2066/1743/1445 1582/1744/1779
f 1582/1744/1779 2066/1743/1445 2067/1745/1447
f 1582/1744/1779 2067/1745/1447 1583/1746/1582
f 1583/1746/1582 2067/1745/1447 2068/1747/1449
f 1583/1746/1582 2068/1747/1449 1584/1748/1580
f 1584/1748/1580 2068/1747/1449 2069/1749/1450
f 1584/1748/1580 2069/1749/1450 1585/1750/1579
f 1585/1750/1579 2069/1749/1450 2070/1751/1452
f 1585/1750/1579 2070/1751/1452 1586/1752/1781
f 1586/1752/1781 2070/1751/1452 1587/1753/1783
f 1587/1753/1783 2070/1751/1452 2071/1754/1995
f 1587/1753/1783 2071/1754/1995 1588/1755/1785
f 1588/1755/1785 2071/1754/1995 1589/1756/1786
f 1589/1756/1786 2071/1754/1995 2072/1757/1415
f 1589/1756/1786 2072/1757/1415 1590/1758/1788
f 1590/1758/1788 2072/1757/1415 1591/1699/1790
f 1591/1699/1790 2072/1757/1415 2049/1697/1417
f 1520/1759/1996 2050/1760/1996 1497/1761/1996
f 1497/1761/1996 2050/1760/1996 2049/345/1996
f 1497/1761/1996 2049/345/1996 1498/1762/1997
f 1498/1762/1997 2049/345/1996 2072/1763/1996
f 1498/1762/1997 2072/1763/1996 1499/1764/1997
f 1499/1764/1997 2072/1763/1996 2071/1765/1996
f 1499/1764/1997 2071/1765/1996 1500/1766/1997
f 1500/1766/1997 2071/1765/1996 2070/1767/1996
f 1500/1766/1997 2070/1767/1996 2069/1768/1996
f 2050/1760/1996 1520/1759/1996 2051/1769/1996
f 2051/1769/1996 1520/1759/1996 1519/1770/1997
f 2051/1769/1996 1519/1770/1997 2052/1771/1996
f 2052/1771/1996 1519/1770/1997 1518/1772/1997
f 2052/1771/1996 1518/1772/1997 1517/1773/1996
f 2052/1771/1996 1517/1773/1996 2053/1774/1996
f 2053/1774/1996 1517/1773/1996 1516/1775/1996
f 2053/1774/1996 1516/1775/1996 2054/1776/1996
f 2054/1776/1996 1516/1775/1996 1515/1777/1996
f 2054/1776/1996 1515/1777/1996 2055/1778/1996
f 2055/1778/1996 1515/1777/1996 1514/1779/1996
f 2055/1778/1996 1514/1779/1996 2056/1780/1996
f 2056/1780/1996 1514/1779/1996 1513/1781/1996
f 2056/1780/1996 1513/1781/1996 2057/1782/1996
f 2057/1782/1996 1513/1781/1996 1512/1783/1996
f 2057/1782/1996 1512/1783/1996 2058/1784/1996
f 2058/1784/1996 1512/1783/1996 2059/1785/1996
f 2059/1785/1996 1512/1783/1996 1511/1786/1996
f 2059/1785/1996 1511/1786/1996 2060/1787/1996
f 2060/1787/1996 1511/1786/1996 1510/1788/1996
f 2060/1787/1996 1510/1788/1996 2061/1789/1996
f 2061/1789/1996 1510/1788/1996 1509/1790/1996
f 2061/1789/1996 1509/1790/1996 2062/1791/1996
f 2062/1791/1996 1509/1790/1996 1508/1792/1996
f 2062/1791/1996 1508/1792/1996 2063/1793/1996
f 2063/1793/1996 1508/1792/1996 1507/1794/1997
f 2063/1793/1996 1507/1794/1997 1506/1795/1996
f 2063/1793/1996 1506/1795/1996 2064/1796/1996
f 2064/1796/1996 1506/1795/1996 1505/1797/1996
f 2064/1796/1996 1505/1797/1996 2065/1798/1997
f 2065/1798/1997 1505/1797/1996 1504/1799/1996
f 2065/1798/1997 1504/1799/1996 2066/1800/1996
f 2066/1800/1996 1504/1799/1996 1503/1801/1997
f 2066/1800/1996 1503/1801/1997 2067/1802/1996
f 2067/1802/1996 1503/1801/1997 1502/1803/1996
f 2067/1802/1996 1502/1803/1996 2068/1804/1996
f 2068/1804/1996 1502/1803/1996 1501/1805/1996
f 2068/1804/1996 1501/1805/1996 2069/1768/1996
f 2069/1768/1996 1501/1805/1996 1500/1766/1997
f 2073/1/2 2074/2/2 2107/3/2
f 2107/3/2 2074/2/2 2075/4/2
f 2107/3/2 2075/4/2 2076/5/2
f 2076/5/2 2077/6/2 2107/3/2
f 2107/3/2 2077/6/2 2078/7/2
f 2107/3/2 2078/7/2 2079/8/2
f 2079/8/2 2080/9/2 2107/3/2
f 2107/3/2 2080/9/2 2081/10/2
f 2107/3/2 2081/10/2 2082/11/2
f 2082/11/2 2083/12/2 2107/3/2
f 2107/3/2 2083/12/2 2102/13/2
f 2107/3/2 2102/13/2 2103/14/2
f 2102/13/2 2083/12/2 2101/15/2
f 2101/15/2 2083/12/2 2084/16/2
f 2101/15/2 2084/16/2 2100/17/2
f 2100/17/2 2084/16/2 2095/18/2
f 2100/17/2 2095/18/2 2099/19/2
f 2099/19/2 2095/18/2 2098/20/2
f 2098/20/2 2095/18/2 2097/21/2
f 2097/21/2 2095/18/2 2096/22/2
f 2084/16/2 2085/23/2 2095/18/2
f 2095/18/2 2085/23/2 2086/24/2
f 2095/18/2 2086/24/2 2087/25/2
f 2087/25/2 2088/26/2 2095/18/2
f 2095/18/2 2088/26/2 2089/27/2
f 2095/18/2 2089/27/2 2090/28/2
f 2090/28/2 2091/29/2 2095/18/2
f 2095/18/2 2091/29/2 2092/30/2
f 2095/18/2 2092/30/2 2093/31/2
f 2093/31/2 2094/32/2 2095/18/2
f 2103/14/2 2104/33/2 2107/3/2
f 2107/3/2 2104/33/2 2105/34/2
f 2107/3/2 2105/34/2 2106/35/2
f 2108/1806/1 2109/1807/1 2136/1808/1
f 2136/1808/1 2109/1807/1 2135/1809/1
f 2135/1809/1 2109/1807/1 2134/1810/1
f 2134/1810/1 2109/1807/1 2133/1811/1
f 2133/1811/1 2109/1807/1 2132/1812/1
f 2132/1812/1 2109/1807/1 2131/1813/1
f 2131/1813/1 2109/1807/1 2130/55/1
f 2130/55/1 2109/1807/1 2129/56/1
f 2129/56/1 2109/1807/1 2128/57/1
f 2128/57/1 2109/1807/1 2110/1814/1
f 2128/57/1 2110/1814/1 2127/58/1
f 2127/58/1 2110/1814/1 2126/59/1
f 2126/59/1 2110/1814/1 2125/61/1
f 2125/61/1 2110/1814/1 2124/62/1
f 2124/62/1 2110/1814/1 2123/63/1
f 2123/63/1 2110/1814/1 2122/64/1
f 2122/64/1 2110/1814/1 2121/65/1
f 2121/65/1 2110/1814/1 2120/66/1
f 2120/66/1 2110/1814/1 2119/67/1
f 2119/67/1 2110/1814/1 2118/68/1
f 2118/68/1 2110/1814/1 2117/1815/1
f 2117/1815/1 2110/1814/1 2116/1816/1
f 2116/1816/1 2110/1814/1 2115/1817/1
f 2115/1817/1 2110/1814/1 2114/1818/1
f 2114/1818/1 2110/1814/1 2113/1819/1
f 2113/1819/1 2110/1814/1 2112/1820/1
f 2112/1820/1 2110/1814/1 2111/1821/1
f 2165/1822/1 2137/37/1 2158/1823/1
f 2158/1823/1 2137/37/1 2138/39/1
f 2158/1823/1 2138/39/1 2139/40/1
f 2158/1823/1 2139/40/1 2157/1824/1
f 2157/1824/1 2139/40/1 2140/41/1
f 2157/1824/1 2140/41/1 2141/42/1
f 2141/42/1 2142/44/1 2157/1824/1
f 2157/1824/1 2142/44/1 2143/45/1
f 2157/1824/1 2143/45/1 2144/46/1
f 2144/46/1 2145/47/1 2157/1824/1
f 2157/1824/1 2145/47/1 2146/48/1
f 2157/1824/1 2146/48/1 2147/49/1
f 2147/49/1 2148/50/1 2157/1824/1
f 2157/1824/1 2148/50/1 2149/51/1
f 2157/1824/1 2149/51/1 2150/1825/1
f 2150/1825/1 2151/1826/1 2157/1824/1
f 2157/1824/1 2151/1826/1 2152/1827/1
f 2157/1824/1 2152/1827/1 2153/1828/1
f 2153/1828/1 2154/1829/1 2157/1824/1
f 2157/1824/1 2154/1829/1 2155/1830/1
f 2157/1824/1 2155/1830/1 2156/1831/1
f 2159/1832/1 2160/1833/1 2158/1823/1
f 2158/1823/1 2160/1833/1 2161/1834/1
f 2158/1823/1 2161/1834/1 2162/1835/1
f 2162/1835/1 2163/1836/1 2158/1823/1
f 2158/1823/1 2163/1836/1 2164/1837/1
f 2158/1823/1 2164/1837/1 2165/1822/1
f 2166/1838/1998 2167/1839/1998 2191/1840/1999
f 2191/1840/1999 2167/1839/1998 2168/1841/1999
f 2191/1840/1999 2168/1841/1999 2190/1842/2000
f 2190/1842/2000 2168/1841/1999 2169/1843/2000
f 2190/1842/2000 2169/1843/2000 2189/1844/2001
f 2189/1844/2001 2169/1843/2000 2170/1845/2001
f 2189/1844/2001 2170/1845/2001 2188/1846/2002
f 2188/1846/2002 2170/1845/2001 2171/1847/2002
f 2188/1846/2002 2171/1847/2002 2187/1848/2003
f 2187/1848/2003 2171/1847/2002 2172/1849/2003
f 2187/1848/2003 2172/1849/2003 2186/1850/2004
f 2186/1850/2004 2172/1849/2003 2173/1851/2004
f 2186/1850/2004 2173/1851/2004 2185/1852/2005
f 2185/1852/2005 2173/1851/2004 2174/1853/2005
f 2185/1852/2005 2174/1853/2005 2184/1854/2006
f 2184/1854/2006 2174/1853/2005 2175/1855/2007
f 2184/1854/2006 2175/1855/2007 2183/1856/2008
f 2183/1856/2008 2175/1855/2007 2176/1857/2008
f 2183/1856/2008 2176/1857/2008 2182/1858/2009
f 2182/1858/2009 2176/1857/2008 2177/1859/2009
f 2182/1858/2009 2177/1859/2009 2181/1860/2010
f 2181/1860/2010 2177/1859/2009 2178/1861/2010
f 2181/1860/2010 2178/1861/2010 2180/74/2011
f 2180/74/2011 2178/1861/2010 2179/75/2011
f 2180/73/2011 2179/72/2011 2193/71/2011
f 2193/71/2011 2179/72/2011 2192/70/2011
f 2194/103/1998 2195/102/1998 2166/101/1998
f 2166/101/1998 2195/102/1998 2167/100/1998
f 2193/1838/2011 2192/1839/2011 2217/1840/2012
f 2217/1840/2012 2192/1839/2011 2196/1841/2012
f 2217/1840/2012 2196/1841/2012 2216/1842/2013
f 2216/1842/2013 2196/1841/2012 2197/1843/2013
f 2216/1842/2013 2197/1843/2013 2215/1844/2014
f 2215/1844/2014 2197/1843/2013 2198/1845/2014
f 2215/1844/2014 2198/1845/2014 2214/1846/2015
f 2214/1846/2015 2198/1845/2014 2199/1847/2015
f 2214/1846/2015 2199/1847/2015 2213/1848/2016
f 2213/1848/2016 2199/1847/2015 2200/1849/2016
f 2213/1848/2016 2200/1849/2016 2212/1850/2017
f 2212/1850/2017 2200/1849/2016 2201/1851/2017
f 2212/1850/2017 2201/1851/2017 2211/1852/2018
f 2211/1852/2018 2201/1851/2017 2202/1853/2018
f 2211/1852/2018 2202/1853/2018 2210/1854/2019
f 2210/1854/2019 2202/1853/2018 2203/1855/2019
f 2210/1854/2019 2203/1855/2019 2209/1856/2020
f 2209/1856/2020 2203/1855/2019 2204/1857/2020
f 2209/1856/2020 2204/1857/2020 2208/1858/2021
f 2208/1858/2021 2204/1857/2020 2205/1859/2021
f 2208/1858/2021 2205/1859/2021 2207/1860/2022
f 2207/1860/2022 2205/1859/2021 2206/1861/2022
f 2207/1860/2022 2206/1861/2022 2194/74/1998
f 2194/74/1998 2206/1861/2022 2195/75/1998
f 2178/1862/1 2177/1863/1 2179/1864/1
f 2179/1864/1 2177/1863/1 2176/1865/1
f 2179/1864/1 2176/1865/1 2175/1866/1
f 2174/1867/1 2199/1868/1 2175/1866/1
f 2175/1866/1 2199/1868/1 2192/1869/1
f 2175/1866/1 2192/1869/1 2179/1864/1
f 2199/1868/1 2174/1867/1 2200/1870/1
f 2200/1870/1 2174/1867/1 2173/1871/1
f 2200/1870/1 2173/1871/1 2201/1872/1
f 2201/1872/1 2173/1871/1 2202/1873/1
f 2202/1873/1 2173/1871/1 2172/1874/1
f 2202/1873/1 2172/1874/1 2203/1875/1
f 2203/1875/1 2172/1874/1 2171/1876/1
f 2203/1875/1 2171/1876/1 2195/1877/1
f 2195/1877/1 2171/1876/1 2167/1878/1
f 2167/1878/1 2171/1876/1 2170/1879/1
f 2167/1878/1 2170/1879/1 2169/1880/1
f 2169/1880/1 2168/1881/1 2167/1878/1
f 2206/1882/1 2205/1883/1 2195/1877/1
f 2195/1877/1 2205/1883/1 2204/1884/1
f 2195/1877/1 2204/1884/1 2203/1875/1
f 2199/1868/1 2198/1885/1 2192/1869/1
f 2192/1869/1 2198/1885/1 2197/1886/1
f 2192/1869/1 2197/1886/1 2196/1887/1
f 2095/345/44 2193/1888/44 2096/1889/43
f 2096/1889/43 2193/1888/44 2217/1890/43
f 2096/1889/43 2217/1890/43 2097/1891/42
f 2097/1891/42 2217/1890/43 2216/1892/42
f 2097/1891/42 2216/1892/42 2098/1893/41
f 2098/1893/41 2216/1892/42 2215/1894/41
f 2098/1893/41 2215/1894/41 2099/1895/40
f 2099/1895/40 2215/1894/41 2214/1896/40
f 2099/1895/40 2214/1896/40 2100/1897/39
f 2100/1897/39 2214/1896/40 2213/1898/39
f 2100/1897/39 2213/1898/39 2101/1899/38
f 2101/1899/38 2213/1898/39 2212/1900/38
f 2101/1899/38 2212/1900/38 2102/1901/37
f 2102/1901/37 2212/1900/38 2211/1902/37
f 2102/1901/37 2211/1902/37 2103/1903/36
f 2103/1903/36 2211/1902/37 2210/1904/36
f 2103/1903/36 2210/1904/36 2104/1905/35
f 2104/1905/35 2210/1904/36 2209/1906/35
f 2104/1905/35 2209/1906/35 2105/1907/34
f 2105/1907/34 2209/1906/35 2208/1908/34
f 2105/1907/34 2208/1908/34 2106/1909/33
f 2106/1909/33 2208/1908/34 2207/1910/33
f 2106/1909/33 2207/1910/33 2107/1911/616
f 2107/1911/616 2207/1910/33 2194/1912/32
f 2218/1913/611 2219/1914/611 2222/345/611
f 2222/345/611 2219/1914/611 2220/1915/611
f 2222/345/611 2220/1915/611 2221/1916/611
f 2224/1917/320 2230/1918/320 2223/1913/320
f 2223/1913/320 2230/1918/320 2218/1919/320
f 2223/1913/320 2218/1919/320 2231/345/320
f 2231/345/320 2218/1919/320 2222/1920/320
f 2230/1918/320 2224/1917/320 2229/1921/320
f 2229/1921/320 2224/1917/320 2225/1922/320
f 2229/1921/320 2225/1922/320 2228/1923/320
f 2228/1923/320 2225/1922/320 2226/1924/320
f 2228/1923/320 2226/1924/320 2227/1925/320
f 2232/1926/595 2233/1927/595 2231/1928/595
f 2231/1928/595 2233/1927/595 2234/1929/595
f 2231/1928/595 2234/1929/595 2223/1930/595
f 2235/1913/41 2236/1914/41 2239/345/41
f 2239/345/41 2236/1914/41 2237/1915/41
f 2239/345/41 2237/1915/41 2238/1916/41
f 2241/1917/38 2247/1918/38 2240/1913/38
f 2240/1913/38 2247/1918/38 2235/1919/38
f 2240/1913/38 2235/1919/38 2248/345/38
f 2248/345/38 2235/1919/38 2239/1920/38
f 2247/1918/38 2241/1917/38 2246/1921/38
f 2246/1921/38 2241/1917/38 2242/1922/38
f 2246/1921/38 2242/1922/38 2245/1923/38
f 2245/1923/38 2242/1922/38 2243/1924/38
f 2245/1923/38 2243/1924/38 2244/1925/2023
f 2249/1926/35 2250/1927/35 2248/1928/35
f 2248/1928/35 2250/1927/35 2251/1929/35
f 2248/1928/35 2251/1929/35 2240/1930/35
f 2221/1931/1 2249/1932/1 2222/1933/1
f 2222/1933/1 2249/1932/1 2248/1934/1
f 2222/1933/1 2248/1934/1 2231/1935/1
f 2231/1935/1 2248/1934/1 2239/1936/1
f 2231/1935/1 2239/1936/1 2232/1937/1
f 2232/1937/1 2239/1936/1 2238/1938/1
f 2253/1939/320 2276/1940/320 2252/1941/320
f 2252/1941/320 2276/1940/320 2277/1942/320
f 2252/1941/320 2277/1942/320 2275/1943/320
f 2275/1943/320 2277/1942/320 2278/1944/320
f 2275/1943/320 2278/1944/320 2274/1945/320
f 2274/1945/320 2278/1944/320 2279/1946/320
f 2274/1945/320 2279/1946/320 2273/1947/320
f 2273/1947/320 2279/1946/320 2280/1948/320
f 2273/1947/320 2280/1948/320 2272/1949/320
f 2272/1949/320 2280/1948/320 2281/1950/320
f 2272/1949/320 2281/1950/320 2271/1951/320
f 2271/1951/320 2281/1950/320 2282/1952/320
f 2271/1951/320 2282/1952/320 2270/1953/320
f 2270/1953/320 2282/1952/320 2283/1954/320
f 2270/1953/320 2283/1954/320 2269/1955/320
f 2269/1955/320 2283/1954/320 2284/1956/320
f 2269/1955/320 2284/1956/320 2268/1957/320
f 2268/1957/320 2284/1956/320 2285/1958/320
f 2268/1957/320 2285/1958/320 2267/1959/320
f 2267/1959/320 2285/1958/320 2286/1960/320
f 2267/1959/320 2286/1960/320 2266/1961/320
f 2266/1961/320 2286/1960/320 2287/1962/320
f 2266/1961/320 2287/1962/320 2265/1963/320
f 2265/1963/320 2287/1962/320 2288/1964/320
f 2265/1963/320 2288/1964/320 2264/1965/320
f 2264/1965/320 2288/1964/320 2289/1966/320
f 2264/1965/320 2289/1966/320 2263/1967/320
f 2263/1967/320 2289/1966/320 2290/1968/320
f 2263/1967/320 2290/1968/320 2262/1969/320
f 2262/1969/320 2290/1968/320 2291/1970/320
f 2262/1969/320 2291/1970/320 2261/1971/320
f 2261/1971/320 2291/1970/320 2292/1972/320
f 2261/1971/320 2292/1972/320 2260/1973/320
f 2260/1973/320 2292/1972/320 2293/1974/320
f 2260/1973/320 2293/1974/320 2259/1975/320
f 2259/1975/320 2293/1974/320 2294/1976/320
f 2259/1975/320 2294/1976/320 2258/1977/320
f 2258/1977/320 2294/1976/320 2295/1978/320
f 2258/1977/320 2295/1978/320 2257/1979/320
f 2257/1979/320 2295/1978/320 2296/1980/320
f 2257/1979/320 2296/1980/320 2256/1981/320
f 2256/1981/320 2296/1980/320 2297/1982/320
f 2256/1981/320 2297/1982/320 2255/1983/320
f 2255/1983/320 2297/1982/320 2298/1984/320
f 2255/1983/320 2298/1984/320 2254/1985/320
f 2254/1985/320 2298/1984/320 2299/1986/320
f 2254/1985/320 2299/1986/320 2253/1939/320
f 2253/1939/320 2299/1986/320 2276/1940/320
f 2299/1987/2024 2300/1988/2025 2276/1989/2025
f 2276/1989/2025 2300/1988/2025 2301/1990/2026
f 2276/1989/2025 2301/1990/2026 2277/1991/2026
f 2277/1991/2026 2301/1990/2026 2302/1992/2027
f 2277/1991/2026 2302/1992/2027 2278/1993/2027
f 2278/1993/2027 2302/1992/2027 2303/1994/2028
f 2278/1993/2027 2303/1994/2028 2279/1995/2028
f 2279/1995/2028 2303/1994/2028 2304/1996/2029
f 2279/1995/2028 2304/1996/2029 2280/1997/2029
f 2280/1997/2029 2304/1996/2029 2305/1998/2030
f 2280/1997/2029 2305/1998/2030 2281/1999/2030
f 2281/1999/2030 2305/1998/2030 2306/2000/2031
f 2281/1999/2030 2306/2000/2031 2282/2001/2031
f 2282/2001/2031 2306/2000/2031 2307/2002/2032
f 2282/2001/2031 2307/2002/2032 2283/2003/2032
f 2283/2003/2032 2307/2002/2032 2308/2004/2033
f 2283/2003/2032 2308/2004/2033 2284/2005/2033
f 2284/2005/2033 2308/2004/2033 2309/2006/2034
f 2284/2005/2033 2309/2006/2034 2285/2007/2034
f 2285/2007/2034 2309/2006/2034 2310/2008/2035
f 2285/2007/2034 2310/2008/2035 2286/2009/2035
f 2286/2009/2035 2310/2008/2035 2311/2010/2036
f 2286/2009/2035 2311/2010/2036 2287/2011/2036
f 2287/2012/2036 2311/2013/2036 2312/2014/2037
f 2287/2012/2036 2312/2014/2037 2288/2015/2037
f 2288/2015/2037 2312/2014/2037 2313/2016/2038
f 2288/2015/2037 2313/2016/2038 2289/2017/2038
f 2289/2017/2038 2313/2016/2038 2314/2018/2039
f 2289/2017/2038 2314/2018/2039 2290/2019/2039
f 2290/2019/2039 2314/2018/2039 2315/2020/2040
f 2290/2019/2039 2315/2020/2040 2291/2021/2040
f 2291/2021/2040 2315/2020/2040 2316/2022/2041
f 2291/2021/2040 2316/2022/2041 2292/2023/2041
f 2292/2023/2041 2316/2022/2041 2317/2024/2042
f 2292/2023/2041 2317/2024/2042 2293/2025/2042
f 2293/2025/2042 2317/2024/2042 2318/2026/2043
f 2293/2025/2042 2318/2026/2043 2294/2027/2043
f 2294/2027/2043 2318/2026/2043 2319/2028/2044
f 2294/2027/2043 2319/2028/2044 2295/2029/2044
f 2295/2029/2044 2319/2028/2044 2320/2030/2045
f 2295/2029/2044 2320/2030/2045 2296/2031/2045
f 2296/2031/2045 2320/2030/2045 2321/2032/2046
f 2296/2031/2045 2321/2032/2046 2297/2033/2046
f 2297/2033/2046 2321/2032/2046 2322/2034/2047
f 2297/2033/2046 2322/2034/2047 2298/2035/2047
f 2298/2035/2047 2322/2034/2047 2323/2036/2024
f 2298/2035/2047 2323/2036/2024 2299/1987/2024
f 2299/1987/2024 2323/2036/2024 2300/1988/2025
f 2325/2037/2048 2350/2038/2049 2324/2039/2050
f 2324/2039/2050 2350/2038/2049 2351/2040/2051
f 2324/2039/2050 2351/2040/2051 2349/2041/2052
f 2349/2041/2052 2351/2040/2051 2352/2042/2053
f 2349/2041/2052 2352/2042/2053 2348/2043/2054
f 2348/2043/2054 2352/2042/2053 2353/2044/2055
f 2348/2043/2054 2353/2044/2055 2347/2045/2056
f 2347/2045/2056 2353/2044/2055 2354/2046/2057
f 2347/2045/2056 2354/2046/2057 2346/2047/2058
f 2346/2047/2058 2354/2046/2057 2355/2048/2059
f 2346/2047/2058 2355/2048/2059 2345/2049/2060
f 2345/2049/2060 2355/2048/2059 2356/2050/2061
f 2345/2049/2060 2356/2050/2061 2344/2051/2062
f 2344/2051/2062 2356/2050/2061 2357/2052/2063
f 2344/2051/2062 2357/2052/2063 2343/2053/2064
f 2343/2053/2064 2357/2052/2063 2358/2054/2065
f 2343/2053/2064 2358/2054/2065 2342/2055/2066
f 2342/2055/2066 2358/2054/2065 2359/2056/2067
f 2342/2055/2066 2359/2056/2067 2341/2057/2068
f 2341/2057/2068 2359/2056/2067 2360/2058/2069
f 2341/2057/2068 2360/2058/2069 2340/2059/2070
f 2340/2059/2070 2360/2058/2069 2361/2060/2071
f 2340/2059/2070 2361/2060/2071 2339/2061/2072
f 2339/2061/2072 2361/2060/2071 2362/2062/2073
f 2339/2061/2072 2362/2062/2073 2338/2063/2074
f 2338/2063/2074 2362/2062/2073 2363/2064/2075
f 2338/2063/2074 2363/2064/2075 2337/2065/2076
f 2337/2066/2076 2363/2067/2075 2364/2068/2077
f 2337/2066/2076 2364/2068/2077 2336/2069/2078
f 2336/2069/2078 2364/2068/2077 2365/2070/2079
f 2336/2069/2078 2365/2070/2079 2335/2071/2080
f 2335/2071/2080 2365/2070/2079 2366/2072/2081
f 2335/2071/2080 2366/2072/2081 2334/2073/2082
f 2334/2073/2082 2366/2072/2081 2367/2074/2083
f 2334/2073/2082 2367/2074/2083 2333/2075/2084
f 2333/2075/2084 2367/2074/2083 2368/2076/2085
f 2333/2075/2084 2368/2076/2085 2332/2077/2086
f 2332/2077/2086 2368/2076/2085 2369/2078/2087
f 2332/2077/2086 2369/2078/2087 2331/2079/2088
f 2331/2079/2088 2369/2078/2087 2370/2080/2089
f 2331/2079/2088 2370/2080/2089 2330/2081/2090
f 2330/2081/2090 2370/2080/2089 2371/2082/2091
f 2330/2081/2090 2371/2082/2091 2329/2083/2092
f 2329/2083/2092 2371/2082/2091 2372/2084/2093
f 2329/2083/2092 2372/2084/2093 2328/2085/2094
f 2328/2085/2094 2372/2084/2093 2373/2086/2095
f 2328/2085/2094 2373/2086/2095 2327/2087/2096
f 2327/2087/2096 2373/2086/2095 2374/2088/2097
f 2327/2087/2096 2374/2088/2097 2326/2089/2098
f 2326/2089/2098 2374/2088/2097 2375/2090/2099
f 2326/2089/2098 2375/2090/2099 2325/2037/2048
f 2325/2037/2048 2375/2090/2099 2350/2038/2049
f 2375/2091/320 2376/2092/320 2350/2093/320
f 2350/2093/320 2376/2092/320 2377/2094/320
f 2350/2093/320 2377/2094/320 2351/2095/320
f 2351/2095/320 2377/2094/320 2378/2096/320
f 2351/2095/320 2378/2096/320 2352/2097/320
f 2352/2097/320 2378/2096/320 2379/2098/320
f 2352/2097/320 2379/2098/320 2353/2099/320
f 2353/2099/320 2379/2098/320 2380/2100/320
f 2353/2099/320 2380/2100/320 2354/2101/320
f 2354/2101/320 2380/2100/320 2381/2102/320
f 2354/2101/320 2381/2102/320 2355/2103/320
f 2355/2103/320 2381/2102/320 2382/2104/320
f 2355/2103/320 2382/2104/320 2356/2105/320
f 2356/2105/320 2382/2104/320 2383/2106/320
f 2356/2105/320 2383/2106/320 2357/2107/320
f 2357/2107/320 2383/2106/320 2384/2108/320
f 2357/2107/320 2384/2108/320 2358/2109/320
f 2358/2109/320 2384/2108/320 2385/2110/320
f 2358/2109/320 2385/2110/320 2359/2111/320
f 2359/2111/320 2385/2110/320 2386/2112/320
f 2359/2111/320 2386/2112/320 2360/2113/320
f 2360/2113/320 2386/2112/320 2387/2114/320
f 2360/2113/320 2387/2114/320 2361/2115/320
f 2361/2115/320 2387/2114/320 2388/2116/320
f 2361/2115/320 2388/2116/320 2362/2117/320
f 2362/2117/320 2388/2116/320 2389/2118/320
f 2362/2117/320 2389/2118/320 2363/2119/320
f 2363/2119/320 2389/2118/320 2390/2120/320
f 2363/2119/320 2390/2120/320 2364/2121/320
f 2364/2121/320 2390/2120/320 2391/2122/320
f 2364/2121/320 2391/2122/320 2365/2123/320
f 2365/2123/320 2391/2122/320 2392/2124/320
f 2365/2123/320 2392/2124/320 2366/2125/320
f 2366/2125/320 2392/2124/320 2393/2126/320
f 2366/2125/320 2393/2126/320 2367/2127/320
f 2367/2127/320 2393/2126/320 2394/2128/320
f 2367/2127/320 2394/2128/320 2368/2129/320
f 2368/2129/320 2394/2128/320 2395/2130/320
f 2368/2129/320 2395/2130/320 2369/2131/320
f 2369/2131/320 2395/2130/320 2396/2132/320
f 2369/2131/320 2396/2132/320 2370/2133/320
f 2370/2133/320 2396/2132/320 2397/2134/320
f 2370/2133/320 2397/2134/320 2371/2135/320
f 2371/2135/320 2397/2134/320 2398/2136/320
f 2371/2135/320 2398/2136/320 2372/2137/320
f 2372/2137/320 2398/2136/320 2399/2138/320
f 2372/2137/320 2399/2138/320 2373/2139/320
f 2373/2139/320 2399/2138/320 2400/2140/320
f 2373/2139/320 2400/2140/320 2374/2141/320
f 2374/2141/320 2400/2140/320 2401/2142/320
f 2374/2141/320 2401/2142/320 2375/2091/320
f 2375/2091/320 2401/2142/320 2402/2143/320
f 2375/2091/320 2402/2143/320 2376/2092/320
f 2402/2144/2100 2403/2145/2101 2376/2146/2101
f 2376/2146/2101 2403/2145/2101 2404/2147/2102
f 2376/2146/2101 2404/2147/2102 2377/2148/2102
f 2377/2148/2102 2404/2147/2102 2405/2149/2103
f 2377/2148/2102 2405/2149/2103 2378/2150/2103
f 2378/2150/2103 2405/2149/2103 2406/2151/2104
f 2378/2150/2103 2406/2151/2104 2379/2152/2104
f 2379/2152/2104 2406/2151/2104 2407/2153/2105
f 2379/2152/2104 2407/2153/2105 2380/2154/2105
f 2380/2154/2105 2407/2153/2105 2408/2155/2106
f 2380/2154/2105 2408/2155/2106 2381/2156/2106
f 2381/2156/2106 2408/2155/2106 2409/2157/2107
f 2381/2156/2106 2409/2157/2107 2382/2158/2107
f 2382/2158/2107 2409/2157/2107 2410/2159/2108
f 2382/2158/2107 2410/2159/2108 2383/2160/2108
f 2383/2160/2108 2410/2159/2108 2411/2161/2109
f 2383/2160/2108 2411/2161/2109 2384/2162/2109
f 2384/2162/2109 2411/2161/2109 2412/2163/2110
f 2384/2162/2109 2412/2163/2110 2385/2164/2110
f 2385/2164/2110 2412/2163/2110 2413/2165/2111
f 2385/2164/2110 2413/2165/2111 2386/2166/2111
f 2386/2166/2111 2413/2165/2111 2414/2167/2112
f 2386/2166/2111 2414/2167/2112 2387/2168/2112
f 2387/2168/2112 2414/2167/2112 2415/2169/2113
f 2387/2168/2112 2415/2169/2113 2388/2170/2113
f 2388/2170/2113 2415/2169/2113 2416/2171/2114
f 2388/2170/2113 2416/2171/2114 2389/2172/2114
f 2389/2173/2114 2416/2174/2114 2417/2175/2115
f 2389/2173/2114 2417/2175/2115 2390/2176/2116
f 2390/2176/2116 2417/2175/2115 2418/2177/2117
f 2390/2176/2116 2418/2177/2117 2391/2178/2117
f 2391/2178/2117 2418/2177/2117 2419/2179/2118
f 2391/2178/2117 2419/2179/2118 2392/2180/2118
f 2392/2180/2118 2419/2179/2118 2420/2181/2119
f 2392/2180/2118 2420/2181/2119 2393/2182/2119
f 2393/2182/2119 2420/2181/2119 2421/2183/2120
f 2393/2182/2119 2421/2183/2120 2394/2184/2120
f 2394/2184/2120 2421/2183/2120 2422/2185/2121
f 2394/2184/2120 2422/2185/2121 2395/2186/2121
f 2395/2186/2121 2422/2185/2121 2423/2187/2122
f 2395/2186/2121 2423/2187/2122 2396/2188/2122
f 2396/2188/2122 2423/2187/2122 2424/2189/2123
f 2396/2188/2122 2424/2189/2123 2397/2190/2123
f 2397/2190/2123 2424/2189/2123 2425/2191/2124
f 2397/2190/2123 2425/2191/2124 2398/2192/2124
f 2398/2192/2124 2425/2191/2124 2426/2193/2125
f 2398/2192/2124 2426/2193/2125 2399/2194/2125
f 2399/2194/2125 2426/2193/2125 2427/2195/2126
f 2399/2194/2125 2427/2195/2126 2400/2196/2126
f 2400/2196/2126 2427/2195/2126 2428/2197/2127
f 2400/2196/2126 2428/2197/2127 2401/2198/2127
f 2401/2198/2127 2428/2197/2127 2429/2199/2100
f 2401/2198/2127 2429/2199/2100 2402/2144/2100
f 2402/2144/2100 2429/2199/2100 2403/2145/2101
f 2454/2200/2128 2430/345/616 2475/2201/2129
f 2475/2201/2129 2430/345/616 2431/2202/2130
f 2475/2201/2129 2431/2202/2130 2483/2203/2131
f 2483/2203/2131 2431/2202/2130 2463/2204/2132
f 2483/2203/2131 2463/2204/2132 2504/2205/2133
f 2504/2205/2133 2463/2204/2132 2491/2206/2134
f 2504/2205/2133 2491/2206/2134 2492/2207/2135
f 2492/2207/2135 2491/2206/2134 2517/2208/2136
f 2492/2207/2135 2517/2208/2136 2516/2209/2137
f 2516/2209/2137 2517/2208/2136 2507/2210/2138
f 2516/2209/2137 2507/2210/2138 2508/2211/2139
f 2508/2211/2139 2507/2210/2138 2531/2212/2140
f 2508/2211/2139 2531/2212/2140 2530/2213/2141
f 2530/2213/2141 2531/2212/2140 2525/2214/2142
f 2530/2213/2141 2525/2214/2142 2526/2215/2143
f 2526/2215/2143 2525/2214/2142 2542/2216/2144
f 2526/2215/2143 2542/2216/2144 2543/2217/2145
f 2543/2217/2145 2542/2216/2144 2552/2218/2146
f 2543/2217/2145 2552/2218/2146 2462/2219/2147
f 2431/2202/2130 2432/2220/2148 2463/2204/2132
f 2463/2204/2132 2432/2220/2148 2464/2221/2149
f 2463/2204/2132 2464/2221/2149 2491/2206/2134
f 2491/2206/2134 2464/2221/2149 2518/2222/2150
f 2491/2206/2134 2518/2222/2150 2517/2208/2136
f 2517/2208/2136 2518/2222/2150 2506/2223/2151
f 2517/2208/2136 2506/2223/2151 2507/2210/2138
f 2507/2210/2138 2506/2223/2151 2532/2224/2152
f 2507/2210/2138 2532/2224/2152 2531/2212/2140
f 2531/2212/2140 2532/2224/2152 2524/2225/2153
f 2531/2212/2140 2524/2225/2153 2525/2214/2142
f 2525/2214/2142 2524/2225/2153 2541/2226/2154
f 2525/2214/2142 2541/2226/2154 2542/2216/2144
f 2542/2216/2144 2541/2226/2154 2553/2227/2155
f 2542/2216/2144 2553/2227/2155 2552/2218/2146
f 2552/2218/2146 2553/2227/2155 2551/2228/2156
f 2552/2218/2146 2551/2228/2156 2462/2229/2147
f 2432/2220/2148 2433/2230/1447 2464/2221/2149
f 2464/2221/2149 2433/2230/1447 2519/2231/2157
f 2464/2221/2149 2519/2231/2157 2518/2222/2150
f 2518/2222/2150 2519/2231/2157 2505/2232/2158
f 2518/2222/2150 2505/2232/2158 2506/2223/2151
f 2506/2223/2151 2505/2232/2158 2533/2233/2159
f 2506/2223/2151 2533/2233/2159 2532/2224/2152
f 2532/2224/2152 2533/2233/2159 2523/2234/2160
f 2532/2224/2152 2523/2234/2160 2524/2225/2153
f 2524/2225/2153 2523/2234/2160 2540/2235/2161
f 2524/2225/2153 2540/2235/2161 2541/2226/2154
f 2541/2226/2154 2540/2235/2161 2554/2236/2162
f 2541/2226/2154 2554/2236/2162 2553/2227/2155
f 2553/2227/2155 2554/2236/2162 2550/2237/2163
f 2553/2227/2155 2550/2237/2163 2551/2228/2156
f 2551/2228/2156 2550/2237/2163 2566/2238/2164
f 2551/2228/2156 2566/2238/2164 2462/2239/2147
f 2519/2231/2157 2433/2230/1447 2465/2240/2165
f 2465/2240/2165 2433/2230/1447 2434/2241/2166
f 2465/2240/2165 2434/2241/2166 2535/2242/2167
f 2535/2242/2167 2434/2241/2166 2520/2243/2168
f 2535/2242/2167 2520/2243/2168 2521/2244/2169
f 2521/2244/2169 2520/2243/2168 2537/2245/2170
f 2521/2244/2169 2537/2245/2170 2538/2246/2171
f 2538/2246/2171 2537/2245/2170 2557/2247/2172
f 2538/2246/2171 2557/2247/2172 2556/2248/2173
f 2556/2248/2173 2557/2247/2172 2547/2249/2174
f 2556/2248/2173 2547/2249/2174 2548/2250/2175
f 2548/2250/2175 2547/2249/2174 2569/2251/2176
f 2548/2250/2175 2569/2251/2176 2568/2252/2177
f 2568/2252/2177 2569/2251/2176 2563/2253/2178
f 2568/2252/2177 2563/2253/2178 2564/2254/2179
f 2564/2254/2179 2563/2253/2178 2582/2255/2180
f 2564/2254/2179 2582/2255/2180 2581/2256/2181
f 2581/2256/2181 2582/2255/2180 2580/2257/2182
f 2581/2256/2181 2580/2257/2182 2462/2258/2147
f 2434/2241/2166 2435/2259/2183 2520/2243/2168
f 2520/2243/2168 2435/2259/2183 2536/2260/2184
f 2520/2243/2168 2536/2260/2184 2537/2245/2170
f 2537/2245/2170 2536/2260/2184 2558/2261/2185
f 2537/2245/2170 2558/2261/2185 2557/2247/2172
f 2557/2247/2172 2558/2261/2185 2546/2262/2186
f 2557/2247/2172 2546/2262/2186 2547/2249/2174
f 2547/2249/2174 2546/2262/2186 2570/2263/2187
f 2547/2249/2174 2570/2263/2187 2569/2251/2176
f 2569/2251/2176 2570/2263/2187 2562/2264/2188
f 2569/2251/2176 2562/2264/2188 2563/2253/2178
f 2563/2253/2178 2562/2264/2188 2583/2265/2189
f 2563/2253/2178 2583/2265/2189 2582/2255/2180
f 2582/2255/2180 2583/2265/2189 2579/2266/2190
f 2582/2255/2180 2579/2266/2190 2580/2257/2182
f 2580/2257/2182 2579/2266/2190 2597/2267/2191
f 2580/2257/2182 2597/2267/2191 2462/2268/2147
f 2536/2260/2184 2435/2259/2183 2466/2269/2192
f 2466/2269/2192 2435/2259/2183 2436/2270/1
f 2466/2269/2192 2436/2270/1 2544/2271/2193
f 2544/2271/2193 2436/2270/1 2467/2272/2194
f 2544/2271/2193 2467/2272/2194 2572/2273/2195
f 2572/2273/2195 2467/2272/2194 2559/2274/2196
f 2572/2273/2195 2559/2274/2196 2560/2275/2197
f 2560/2275/2197 2559/2274/2196 2586/2276/2198
f 2560/2275/2197 2586/2276/2198 2585/2277/2199
f 2585/2277/2199 2586/2276/2198 2576/2278/2200
f 2585/2277/2199 2576/2278/2200 2577/2279/2201
f 2577/2279/2201 2576/2278/2200 2600/2280/2202
f 2577/2279/2201 2600/2280/2202 2599/2281/2203
f 2599/2281/2203 2600/2280/2202 2594/2282/2204
f 2599/2281/2203 2594/2282/2204 2595/2283/2205
f 2595/2283/2205 2594/2282/2204 2610/2284/2206
f 2595/2283/2205 2610/2284/2206 2611/2285/2207
f 2611/2285/2207 2610/2284/2206 2620/2286/2208
f 2611/2285/2207 2620/2286/2208 2462/2287/2147
f 2436/2270/1 2437/2288/2209 2467/2272/2194
f 2467/2272/2194 2437/2288/2209 2468/2289/2210
f 2467/2272/2194 2468/2289/2210 2559/2274/2196
f 2559/2274/2196 2468/2289/2210 2587/2290/2211
f 2559/2274/2196 2587/2290/2211 2586/2276/2198
f 2586/2276/2198 2587/2290/2211 2575/2291/2212
f 2586/2276/2198 2575/2291/2212 2576/2278/2200
f 2576/2278/2200 2575/2291/2212 2601/2292/2213
f 2576/2278/2200 2601/2292/2213 2600/2280/2202
f 2600/2280/2202 2601/2292/2213 2593/2293/2214
f 2600/2280/2202 2593/2293/2214 2594/2282/2204
f 2594/2282/2204 2593/2293/2214 2609/2294/2215
f 2594/2282/2204 2609/2294/2215 2610/2284/2206
f 2610/2284/2206 2609/2294/2215 2621/2295/2216
f 2610/2284/2206 2621/2295/2216 2620/2286/2208
f 2620/2286/2208 2621/2295/2216 2619/2296/2217
f 2620/2286/2208 2619/2296/2217 2462/2297/2147
f 2437/2288/2209 2438/2298/2218 2468/2289/2210
f 2468/2289/2210 2438/2298/2218 2588/2299/2219
f 2468/2289/2210 2588/2299/2219 2587/2290/2211
f 2587/2290/2211 2588/2299/2219 2574/2300/2220
f 2587/2290/2211 2574/2300/2220 2575/2291/2212
f 2575/2291/2212 2574/2300/2220 2602/2301/2221
f 2575/2291/2212 2602/2301/2221 2601/2292/2213
f 2601/2292/2213 2602/2301/2221 2592/2302/2222
f 2601/2292/2213 2592/2302/2222 2593/2293/2214
f 2593/2293/2214 2592/2302/2222 2608/2303/2223
f 2593/2293/2214 2608/2303/2223 2609/2294/2215
f 2609/2294/2215 2608/2303/2223 2622/2304/2224
f 2609/2294/2215 2622/2304/2224 2621/2295/2216
f 2621/2295/2216 2622/2304/2224 2618/2305/2225
f 2621/2295/2216 2618/2305/2225 2619/2296/2217
f 2619/2296/2217 2618/2305/2225 2635/2306/2226
f 2619/2296/2217 2635/2306/2226 2462/2307/2147
f 2588/2299/2219 2438/2298/2218 2573/2308/2227
f 2573/2308/2227 2438/2298/2218 2439/2309/751
f 2573/2308/2227 2439/2309/751 2604/2310/2228
f 2604/2310/2228 2439/2309/751 2589/2311/2229
f 2604/2310/2228 2589/2311/2229 2590/2312/2230
f 2590/2312/2230 2589/2311/2229 2605/2313/2231
f 2590/2312/2230 2605/2313/2231 2606/2314/2232
f 2606/2314/2232 2605/2313/2231 2625/2315/2233
f 2606/2314/2232 2625/2315/2233 2624/2316/2234
f 2624/2316/2234 2625/2315/2233 2615/2317/2235
f 2624/2316/2234 2615/2317/2235 2616/2318/2236
f 2616/2318/2236 2615/2317/2235 2632/2319/2237
f 2616/2318/2236 2632/2319/2237 2633/2320/2238
f 2633/2320/2238 2632/2319/2237 2646/2321/2239
f 2633/2320/2238 2646/2321/2239 2645/2322/2240
f 2645/2322/2240 2646/2321/2239 2642/2323/2241
f 2645/2322/2240 2642/2323/2241 2643/2324/2242
f 2643/2324/2242 2642/2323/2241 2659/2325/2243
f 2643/2324/2242 2659/2325/2243 2462/2326/2147
f 2439/2309/751 2440/2327/2244 2589/2311/2229
f 2589/2311/2229 2440/2327/2244 2469/2328/2245
f 2589/2311/2229 2469/2328/2245 2605/2313/2231
f 2605/2313/2231 2469/2328/2245 2626/2329/2246
f 2605/2313/2231 2626/2329/2246 2625/2315/2233
f 2625/2315/2233 2626/2329/2246 2614/2330/2247
f 2625/2315/2233 2614/2330/2247 2615/2317/2235
f 2615/2317/2235 2614/2330/2247 2631/2331/2248
f 2615/2317/2235 2631/2331/2248 2632/2319/2237
f 2632/2319/2237 2631/2331/2248 2647/2332/2249
f 2632/2319/2237 2647/2332/2249 2646/2321/2239
f 2646/2321/2239 2647/2332/2249 2641/2333/2250
f 2646/2321/2239 2641/2333/2250 2642/2323/2241
f 2642/2323/2241 2641/2333/2250 2660/2334/2251
f 2642/2323/2241 2660/2334/2251 2659/2325/2243
f 2659/2325/2243 2660/2334/2251 2658/2335/2252
f 2659/2325/2243 2658/2335/2252 2462/2336/2147
f 2440/2327/2244 2441/2337/2253 2469/2328/2245
f 2469/2328/2245 2441/2337/2253 2627/2338/2254
f 2469/2328/2245 2627/2338/2254 2626/2329/2246
f 2626/2329/2246 2627/2338/2254 2613/2339/2255
f 2626/2329/2246 2613/2339/2255 2614/2330/2247
f 2614/2330/2247 2613/2339/2255 2630/2340/2256
f 2614/2330/2247 2630/2340/2256 2631/2331/2248
f 2631/2331/2248 2630/2340/2256 2648/2341/2257
f 2631/2331/2248 2648/2341/2257 2647/2332/2249
f 2647/2332/2249 2648/2341/2257 2640/2342/2258
f 2647/2332/2249 2640/2342/2258 2641/2333/2250
f 2641/2333/2250 2640/2342/2258 2661/2343/2259
f 2641/2333/2250 2661/2343/2259 2660/2334/2251
f 2660/2334/2251 2661/2343/2259 2657/2344/2260
f 2660/2334/2251 2657/2344/2260 2658/2335/2252
f 2658/2335/2252 2657/2344/2260 2673/2345/2261
f 2658/2335/2252 2673/2345/2261 2462/2346/2147
f 2627/2338/2254 2441/2337/2253 2612/2347/2262
f 2612/2347/2262 2441/2337/2253 2442/2348/602
f 2612/2347/2262 2442/2348/602 2628/2349/2263
f 2628/2349/2263 2442/2348/602 2470/2350/2264
f 2628/2349/2263 2470/2350/2264 2650/2351/2265
f 2650/2351/2265 2470/2350/2264 2637/2352/2266
f 2650/2351/2265 2637/2352/2266 2638/2353/2267
f 2638/2353/2267 2637/2352/2266 2664/2354/2268
f 2638/2353/2267 2664/2354/2268 2663/2355/2269
f 2663/2355/2269 2664/2354/2268 2654/2356/2270
f 2663/2355/2269 2654/2356/2270 2655/2357/2271
f 2655/2357/2271 2654/2356/2270 2670/2358/2272
f 2655/2357/2271 2670/2358/2272 2671/2359/2273
f 2671/2359/2273 2670/2358/2272 2684/2360/2274
f 2671/2359/2273 2684/2360/2274 2683/2361/2275
f 2683/2361/2275 2684/2360/2274 2680/2362/2276
f 2683/2361/2275 2680/2362/2276 2681/2363/2277
f 2681/2363/2277 2680/2362/2276 2697/2364/2278
f 2681/2363/2277 2697/2364/2278 2462/2365/2147
f 2442/2348/602 2443/2366/2279 2470/2350/2264
f 2470/2350/2264 2443/2366/2279 2636/2367/2280
f 2470/2350/2264 2636/2367/2280 2637/2352/2266
f 2637/2352/2266 2636/2367/2280 2665/2368/2281
f 2637/2352/2266 2665/2368/2281 2664/2354/2268
f 2664/2354/2268 2665/2368/2281 2653/2369/2282
f 2664/2354/2268 2653/2369/2282 2654/2356/2270
f 2654/2356/2270 2653/2369/2282 2669/2370/2283
f 2654/2356/2270 2669/2370/2283 2670/2358/2272
f 2670/2358/2272 2669/2370/2283 2685/2371/2284
f 2670/2358/2272 2685/2371/2284 2684/2360/2274
f 2684/2360/2274 2685/2371/2284 2679/2372/2285
f 2684/2360/2274 2679/2372/2285 2680/2362/2276
f 2680/2362/2276 2679/2372/2285 2696/2373/2286
f 2680/2362/2276 2696/2373/2286 2697/2364/2278
f 2697/2364/2278 2696/2373/2286 2706/2374/2287
f 2697/2364/2278 2706/2374/2287 2462/2375/2147
f 2443/2366/2279 2444/2376/2288 2636/2367/2280
f 2636/2367/2280 2444/2376/2288 2666/2377/2289
f 2636/2367/2280 2666/2377/2289 2665/2368/2281
f 2665/2368/2281 2666/2377/2289 2652/2378/2290
f 2665/2368/2281 2652/2378/2290 2653/2369/2282
f 2653/2369/2282 2652/2378/2290 2668/2379/2291
f 2653/2369/2282 2668/2379/2291 2669/2370/2283
f 2669/2370/2283 2668/2379/2291 2686/2380/2292
f 2669/2370/2283 2686/2380/2292 2685/2371/2284
f 2685/2371/2284 2686/2380/2292 2678/2381/2293
f 2685/2371/2284 2678/2381/2293 2679/2372/2285
f 2679/2372/2285 2678/2381/2293 2695/2382/2294
f 2679/2372/2285 2695/2382/2294 2696/2373/2286
f 2696/2373/2286 2695/2382/2294 2707/2383/2295
f 2696/2373/2286 2707/2383/2295 2706/2374/2287
f 2706/2374/2287 2707/2383/2295 2705/2384/2296
f 2706/2374/2287 2705/2384/2296 2462/2385/2147
f 2666/2377/2289 2444/2376/2288 2651/2386/2297
f 2651/2386/2297 2444/2376/2288 2445/2387/1426
f 2651/2386/2297 2445/2387/1426 2471/2388/2298
f 2471/2388/2298 2445/2387/1426 2446/2389/2299
f 2471/2388/2298 2446/2389/2299 2689/2390/2300
f 2689/2390/2300 2446/2389/2299 2674/2391/2301
f 2689/2390/2300 2674/2391/2301 2675/2392/2302
f 2675/2392/2302 2674/2391/2301 2691/2393/2303
f 2675/2392/2302 2691/2393/2303 2692/2394/2304
f 2692/2394/2304 2691/2393/2303 2711/2395/2305
f 2692/2394/2304 2711/2395/2305 2710/2396/2306
f 2710/2396/2306 2711/2395/2305 2701/2397/2307
f 2710/2396/2306 2701/2397/2307 2702/2398/2308
f 2702/2398/2308 2701/2397/2307 2724/2399/2309
f 2702/2398/2308 2724/2399/2309 2723/2400/2310
f 2723/2400/2310 2724/2399/2309 2718/2401/2311
f 2723/2400/2310 2718/2401/2311 2719/2402/2312
f 2719/2402/2312 2718/2401/2311 2734/2403/2313
f 2719/2402/2312 2734/2403/2313 2735/2404/2314
f 2735/2404/2314 2734/2403/2313 2744/2405/2315
f 2735/2404/2314 2744/2405/2315 2462/2406/2147
f 2446/2389/2299 2447/2407/2316 2674/2391/2301
f 2674/2391/2301 2447/2407/2316 2690/2408/2317
f 2674/2391/2301 2690/2408/2317 2691/2393/2303
f 2691/2393/2303 2690/2408/2317 2712/2409/2318
f 2691/2393/2303 2712/2409/2318 2711/2395/2305
f 2711/2395/2305 2712/2409/2318 2700/2410/2319
f 2711/2395/2305 2700/2410/2319 2701/2397/2307
f 2701/2397/2307 2700/2410/2319 2725/2411/2320
f 2701/2397/2307 2725/2411/2320 2724/2399/2309
f 2724/2399/2309 2725/2411/2320 2717/2412/2321
f 2724/2399/2309 2717/2412/2321 2718/2401/2311
f 2718/2401/2311 2717/2412/2321 2733/2413/2322
f 2718/2401/2311 2733/2413/2322 2734/2403/2313
f 2734/2403/2313 2733/2413/2322 2745/2414/2323
f 2734/2403/2313 2745/2414/2323 2744/2405/2315
f 2744/2405/2315 2745/2414/2323 2743/2415/2324
f 2744/2405/2315 2743/2415/2324 2462/2416/2147
f 2690/2408/2317 2447/2407/2316 2472/2417/2325
f 2472/2417/2325 2447/2407/2316 2448/2418/2
f 2472/2417/2325 2448/2418/2 2698/2419/2326
f 2698/2419/2326 2448/2418/2 2449/2420/2327
f 2698/2419/2326 2449/2420/2327 2728/2421/2328
f 2728/2421/2328 2449/2420/2327 2713/2422/2329
f 2728/2421/2328 2713/2422/2329 2714/2423/2330
f 2714/2423/2330 2713/2422/2329 2729/2424/2331
f 2714/2423/2330 2729/2424/2331 2730/2425/2332
f 2730/2425/2332 2729/2424/2331 2749/2426/2333
f 2730/2425/2332 2749/2426/2333 2748/2427/2334
f 2748/2427/2334 2749/2426/2333 2739/2428/2335
f 2748/2427/2334 2739/2428/2335 2740/2429/2336
f 2740/2429/2336 2739/2428/2335 2756/2430/2337
f 2740/2429/2336 2756/2430/2337 2757/2431/2338
f 2757/2431/2338 2756/2430/2337 2770/2432/2339
f 2757/2431/2338 2770/2432/2339 2769/2433/2340
f 2769/2433/2340 2770/2432/2339 2766/2434/2341
f 2769/2433/2340 2766/2434/2341 2767/2435/2342
f 2767/2435/2342 2766/2434/2341 2460/2436/2343
f 2767/2435/2342 2460/2436/2343 2461/2437/2344
f 2449/2420/2327 2450/2438/2345 2713/2422/2329
f 2713/2422/2329 2450/2438/2345 2473/2439/2346
f 2713/2422/2329 2473/2439/2346 2729/2424/2331
f 2729/2424/2331 2473/2439/2346 2750/2440/2347
f 2729/2424/2331 2750/2440/2347 2749/2426/2333
f 2749/2426/2333 2750/2440/2347 2738/2441/2348
f 2749/2426/2333 2738/2441/2348 2739/2428/2335
f 2739/2428/2335 2738/2441/2348 2755/2442/2349
f 2739/2428/2335 2755/2442/2349 2756/2430/2337
f 2756/2430/2337 2755/2442/2349 2771/2443/2350
f 2756/2430/2337 2771/2443/2350 2770/2432/2339
f 2770/2432/2339 2771/2443/2350 2765/2444/2351
f 2770/2432/2339 2765/2444/2351 2766/2434/2341
f 2766/2434/2341 2765/2444/2351 2459/2445/2352
f 2766/2434/2341 2459/2445/2352 2460/2436/2343
f 2450/2438/2345 2451/2446/769 2473/2439/2346
f 2473/2439/2346 2451/2446/769 2751/2447/2353
f 2473/2439/2346 2751/2447/2353 2750/2440/2347
f 2750/2440/2347 2751/2447/2353 2737/2448/2354
f 2750/2440/2347 2737/2448/2354 2738/2441/2348
f 2738/2441/2348 2737/2448/2354 2754/2449/2355
f 2738/2441/2348 2754/2449/2355 2755/2442/2349
f 2755/2442/2349 2754/2449/2355 2772/2450/2356
f 2755/2442/2349 2772/2450/2356 2771/2443/2350
f 2771/2443/2350 2772/2450/2356 2764/2451/2357
f 2771/2443/2350 2764/2451/2357 2765/2444/2351
f 2765/2444/2351 2764/2451/2357 2458/2452/2358
f 2765/2444/2351 2458/2452/2358 2459/2445/2352
f 2751/2447/2353 2451/2446/769 2736/2453/2359
f 2736/2453/2359 2451/2446/769 2452/2454/2360
f 2736/2453/2359 2452/2454/2360 2752/2455/2361
f 2752/2455/2361 2452/2454/2360 2474/2456/2362
f 2752/2455/2361 2474/2456/2362 2774/2457/2363
f 2774/2457/2363 2474/2456/2362 2761/2458/2364
f 2774/2457/2363 2761/2458/2364 2762/2459/2365
f 2762/2459/2365 2761/2458/2364 2455/2460/2366
f 2762/2459/2365 2455/2460/2366 2456/2461/2367
f 2452/2454/2360 2453/2462/2368 2474/2456/2362
f 2474/2456/2362 2453/2462/2368 2760/2463/2369
f 2474/2456/2362 2760/2463/2369 2761/2458/2364
f 2761/2458/2364 2760/2463/2369 2454/2464/2128
f 2761/2458/2364 2454/2464/2128 2455/2460/2366
f 2453/2462/2368 2430/2465/616 2760/2463/2369
f 2760/2463/2369 2430/2465/616 2454/2464/2128
f 2762/2459/2365 2456/2461/2367 2763/2466/2370
f 2763/2466/2370 2456/2461/2367 2457/2467/2371
f 2763/2466/2370 2457/2467/2371 2764/2451/2357
f 2764/2451/2357 2457/2467/2371 2458/2452/2358
f 2461/2437/2344 2462/2468/2147 2767/2435/2342
f 2462/2469/2147 2461/2470/2344 2482/2471/2372
f 2482/2471/2372 2461/2470/2344 2460/2472/2343
f 2482/2471/2372 2460/2472/2343 2481/2473/2373
f 2481/2473/2373 2460/2472/2343 2459/2474/2352
f 2481/2473/2373 2459/2474/2352 2480/2475/2374
f 2480/2475/2374 2459/2474/2352 2458/2476/2358
f 2480/2475/2374 2458/2476/2358 2479/2477/2375
f 2479/2477/2375 2458/2476/2358 2457/2478/2371
f 2479/2477/2375 2457/2478/2371 2478/2479/2376
f 2478/2479/2376 2457/2478/2371 2456/2480/2367
f 2478/2479/2376 2456/2480/2367 2477/2481/2377
f 2477/2481/2377 2456/2480/2367 2455/2482/2366
f 2477/2481/2377 2455/2482/2366 2476/2483/2378
f 2476/2483/2378 2455/2482/2366 2454/2200/2128
f 2476/2483/2378 2454/2200/2128 2475/2201/2129
f 2767/2435/2342 2462/2484/2147 2768/2485/2379
f 2768/2485/2379 2462/2486/2147 2759/2487/2380
f 2759/2487/2380 2462/2488/2147 2743/2415/2324
f 2735/2404/2314 2462/2489/2147 2720/2490/2381
f 2720/2490/2381 2462/2491/2147 2721/2492/2382
f 2721/2492/2382 2462/2493/2147 2705/2384/2296
f 2681/2363/2277 2462/2494/2147 2682/2495/2383
f 2643/2324/2242 2462/2496/2147 2644/2497/2384
f 2644/2497/2384 2462/2498/2147 2635/2306/2226
f 2611/2285/2207 2462/2499/2147 2596/2500/2385
f 2596/2500/2385 2462/2501/2147 2597/2267/2191
f 2565/2502/2386 2462/2503/2147 2566/2238/2164
f 2543/2217/2145 2462/2504/2147 2527/2505/2387
f 2527/2505/2387 2462/2506/2147 2528/2507/2388
f 2528/2507/2388 2462/2508/2147 2511/2509/2389
f 2511/2509/2389 2462/2510/2147 2512/2511/2390
f 2512/2511/2390 2462/2512/2147 2497/2513/2391
f 2497/2513/2391 2462/2514/2147 2498/2515/2392
f 2498/2515/2392 2462/2516/2147 2490/2517/2393
f 2490/2517/2393 2462/2518/2147 2482/2471/2372
f 2476/2483/2378 2475/2201/2129 2484/2519/2394
f 2484/2519/2394 2475/2201/2129 2483/2203/2131
f 2484/2519/2394 2483/2203/2131 2504/2205/2133
f 2477/2481/2377 2476/2483/2378 2485/2520/2395
f 2485/2520/2395 2476/2483/2378 2484/2519/2394
f 2485/2520/2395 2484/2519/2394 2503/2521/2396
f 2503/2521/2396 2484/2519/2394 2504/2205/2133
f 2503/2521/2396 2504/2205/2133 2492/2207/2135
f 2478/2479/2376 2477/2481/2377 2486/2522/2397
f 2486/2522/2397 2477/2481/2377 2485/2520/2395
f 2486/2522/2397 2485/2520/2395 2502/2523/2398
f 2502/2523/2398 2485/2520/2395 2503/2521/2396
f 2502/2523/2398 2503/2521/2396 2493/2524/2399
f 2493/2524/2399 2503/2521/2396 2492/2207/2135
f 2493/2524/2399 2492/2207/2135 2516/2209/2137
f 2479/2477/2375 2478/2479/2376 2487/2525/2400
f 2487/2525/2400 2478/2479/2376 2486/2522/2397
f 2487/2525/2400 2486/2522/2397 2501/2526/2401
f 2501/2526/2401 2486/2522/2397 2502/2523/2398
f 2501/2526/2401 2502/2523/2398 2494/2527/2402
f 2494/2527/2402 2502/2523/2398 2493/2524/2399
f 2494/2527/2402 2493/2524/2399 2515/2528/2403
f 2515/2528/2403 2493/2524/2399 2516/2209/2137
f 2515/2528/2403 2516/2209/2137 2508/2211/2139
f 2480/2475/2374 2479/2477/2375 2488/2529/2404
f 2488/2529/2404 2479/2477/2375 2487/2525/2400
f 2488/2529/2404 2487/2525/2400 2500/2530/2405
f 2500/2530/2405 2487/2525/2400 2501/2526/2401
f 2500/2530/2405 2501/2526/2401 2495/2531/2406
f 2495/2531/2406 2501/2526/2401 2494/2527/2402
f 2495/2531/2406 2494/2527/2402 2514/2532/2407
f 2514/2532/2407 2494/2527/2402 2515/2528/2403
f 2514/2532/2407 2515/2528/2403 2509/2533/2408
f 2509/2533/2408 2515/2528/2403 2508/2211/2139
f 2509/2533/2408 2508/2211/2139 2530/2213/2141
f 2490/2517/2393 2482/2471/2372 2481/2473/2373
f 2481/2473/2373 2480/2475/2374 2489/2534/2409
f 2489/2534/2409 2480/2475/2374 2488/2529/2404
f 2489/2534/2409 2488/2529/2404 2499/2535/2410
f 2499/2535/2410 2488/2529/2404 2500/2530/2405
f 2499/2535/2410 2500/2530/2405 2496/2536/2411
f 2496/2536/2411 2500/2530/2405 2495/2531/2406
f 2496/2536/2411 2495/2531/2406 2513/2537/2412
f 2513/2537/2412 2495/2531/2406 2514/2532/2407
f 2513/2537/2412 2514/2532/2407 2510/2538/2413
f 2510/2538/2413 2514/2532/2407 2509/2533/2408
f 2510/2538/2413 2509/2533/2408 2529/2539/2414
f 2529/2539/2414 2509/2533/2408 2530/2213/2141
f 2529/2539/2414 2530/2213/2141 2526/2215/2143
f 2498/2515/2392 2490/2517/2393 2489/2534/2409
f 2489/2534/2409 2490/2517/2393 2481/2473/2373
f 2498/2515/2392 2489/2534/2409 2499/2535/2410
f 2498/2515/2392 2499/2535/2410 2497/2513/2391
f 2497/2513/2391 2499/2535/2410 2496/2536/2411
f 2497/2513/2391 2496/2536/2411 2512/2511/2390
f 2512/2511/2390 2496/2536/2411 2513/2537/2412
f 2512/2511/2390 2513/2537/2412 2511/2509/2389
f 2511/2509/2389 2513/2537/2412 2510/2538/2413
f 2511/2509/2389 2510/2538/2413 2528/2507/2388
f 2528/2507/2388 2510/2538/2413 2529/2539/2414
f 2528/2507/2388 2529/2539/2414 2527/2505/2387
f 2527/2505/2387 2529/2539/2414 2526/2215/2143
f 2527/2505/2387 2526/2215/2143 2543/2217/2145
f 2519/2231/2157 2465/2240/2165 2505/2232/2158
f 2505/2232/2158 2465/2240/2165 2534/2540/2415
f 2505/2232/2158 2534/2540/2415 2533/2233/2159
f 2533/2233/2159 2534/2540/2415 2522/2541/2416
f 2533/2233/2159 2522/2541/2416 2523/2234/2160
f 2523/2234/2160 2522/2541/2416 2539/2542/2417
f 2523/2234/2160 2539/2542/2417 2540/2235/2161
f 2540/2235/2161 2539/2542/2417 2555/2543/2418
f 2540/2235/2161 2555/2543/2418 2554/2236/2162
f 2554/2236/2162 2555/2543/2418 2549/2544/2419
f 2554/2236/2162 2549/2544/2419 2550/2237/2163
f 2550/2237/2163 2549/2544/2419 2567/2545/2420
f 2550/2237/2163 2567/2545/2420 2566/2238/2164
f 2566/2238/2164 2567/2545/2420 2565/2502/2386
f 2535/2242/2167 2521/2244/2169 2534/2540/2415
f 2534/2540/2415 2521/2244/2169 2522/2541/2416
f 2539/2542/2417 2522/2541/2416 2538/2246/2171
f 2538/2246/2171 2522/2541/2416 2521/2244/2169
f 2465/2240/2165 2535/2242/2167 2534/2540/2415
f 2555/2543/2418 2539/2542/2417 2556/2248/2173
f 2556/2248/2173 2539/2542/2417 2538/2246/2171
f 2544/2271/2193 2545/2546/2421 2466/2269/2192
f 2466/2269/2192 2545/2546/2421 2558/2261/2185
f 2466/2269/2192 2558/2261/2185 2536/2260/2184
f 2558/2261/2185 2545/2546/2421 2546/2262/2186
f 2546/2262/2186 2545/2546/2421 2571/2547/2422
f 2546/2262/2186 2571/2547/2422 2570/2263/2187
f 2570/2263/2187 2571/2547/2422 2561/2548/2423
f 2570/2263/2187 2561/2548/2423 2562/2264/2188
f 2562/2264/2188 2561/2548/2423 2584/2549/2424
f 2562/2264/2188 2584/2549/2424 2583/2265/2189
f 2583/2265/2189 2584/2549/2424 2578/2550/2425
f 2583/2265/2189 2578/2550/2425 2579/2266/2190
f 2579/2266/2190 2578/2550/2425 2598/2551/2426
f 2579/2266/2190 2598/2551/2426 2597/2267/2191
f 2597/2267/2191 2598/2551/2426 2596/2500/2385
f 2571/2547/2422 2545/2546/2421 2572/2273/2195
f 2572/2273/2195 2545/2546/2421 2544/2271/2193
f 2555/2543/2418 2556/2248/2173 2548/2250/2175
f 2555/2543/2418 2548/2250/2175 2549/2544/2419
f 2549/2544/2419 2548/2250/2175 2568/2252/2177
f 2549/2544/2419 2568/2252/2177 2567/2545/2420
f 2567/2545/2420 2568/2252/2177 2564/2254/2179
f 2567/2545/2420 2564/2254/2179 2565/2502/2386
f 2565/2502/2386 2564/2254/2179 2581/2256/2181
f 2565/2502/2386 2581/2256/2181 2462/2552/2147
f 2571/2547/2422 2572/2273/2195 2560/2275/2197
f 2571/2547/2422 2560/2275/2197 2561/2548/2423
f 2561/2548/2423 2560/2275/2197 2585/2277/2199
f 2561/2548/2423 2585/2277/2199 2584/2549/2424
f 2584/2549/2424 2585/2277/2199 2577/2279/2201
f 2584/2549/2424 2577/2279/2201 2578/2550/2425
f 2578/2550/2425 2577/2279/2201 2599/2281/2203
f 2578/2550/2425 2599/2281/2203 2598/2551/2426
f 2598/2551/2426 2599/2281/2203 2595/2283/2205
f 2598/2551/2426 2595/2283/2205 2596/2500/2385
f 2596/2500/2385 2595/2283/2205 2611/2285/2207
f 2588/2299/2219 2573/2308/2227 2574/2300/2220
f 2574/2300/2220 2573/2308/2227 2603/2553/2427
f 2574/2300/2220 2603/2553/2427 2602/2301/2221
f 2602/2301/2221 2603/2553/2427 2591/2554/2428
f 2602/2301/2221 2591/2554/2428 2592/2302/2222
f 2592/2302/2222 2591/2554/2428 2607/2555/2429
f 2592/2302/2222 2607/2555/2429 2608/2303/2223
f 2608/2303/2223 2607/2555/2429 2623/2556/2430
f 2608/2303/2223 2623/2556/2430 2622/2304/2224
f 2622/2304/2224 2623/2556/2430 2617/2557/2431
f 2622/2304/2224 2617/2557/2431 2618/2305/2225
f 2618/2305/2225 2617/2557/2431 2634/2558/2432
f 2618/2305/2225 2634/2558/2432 2635/2306/2226
f 2635/2306/2226 2634/2558/2432 2644/2497/2384
f 2604/2310/2228 2590/2312/2230 2603/2553/2427
f 2603/2553/2427 2590/2312/2230 2591/2554/2428
f 2607/2555/2429 2591/2554/2428 2606/2314/2232
f 2606/2314/2232 2591/2554/2428 2590/2312/2230
f 2573/2308/2227 2604/2310/2228 2603/2553/2427
f 2623/2556/2430 2607/2555/2429 2624/2316/2234
f 2624/2316/2234 2607/2555/2429 2606/2314/2232
f 2627/2338/2254 2612/2347/2262 2613/2339/2255
f 2613/2339/2255 2612/2347/2262 2629/2559/2433
f 2613/2339/2255 2629/2559/2433 2630/2340/2256
f 2630/2340/2256 2629/2559/2433 2649/2560/2434
f 2630/2340/2256 2649/2560/2434 2648/2341/2257
f 2648/2341/2257 2649/2560/2434 2639/2561/2435
f 2648/2341/2257 2639/2561/2435 2640/2342/2258
f 2640/2342/2258 2639/2561/2435 2662/2562/2436
f 2640/2342/2258 2662/2562/2436 2661/2343/2259
f 2661/2343/2259 2662/2562/2436 2656/2563/2437
f 2661/2343/2259 2656/2563/2437 2657/2344/2260
f 2657/2344/2260 2656/2563/2437 2672/2564/2438
f 2657/2344/2260 2672/2564/2438 2673/2345/2261
f 2673/2345/2261 2672/2564/2438 2682/2495/2383
f 2673/2345/2261 2682/2495/2383 2462/2565/2147
f 2623/2556/2430 2624/2316/2234 2616/2318/2236
f 2623/2556/2430 2616/2318/2236 2617/2557/2431
f 2617/2557/2431 2616/2318/2236 2633/2320/2238
f 2617/2557/2431 2633/2320/2238 2634/2558/2432
f 2634/2558/2432 2633/2320/2238 2645/2322/2240
f 2634/2558/2432 2645/2322/2240 2644/2497/2384
f 2644/2497/2384 2645/2322/2240 2643/2324/2242
f 2612/2347/2262 2628/2349/2263 2629/2559/2433
f 2629/2559/2433 2628/2349/2263 2650/2351/2265
f 2629/2559/2433 2650/2351/2265 2649/2560/2434
f 2649/2560/2434 2650/2351/2265 2638/2353/2267
f 2649/2560/2434 2638/2353/2267 2639/2561/2435
f 2639/2561/2435 2638/2353/2267 2663/2355/2269
f 2639/2561/2435 2663/2355/2269 2662/2562/2436
f 2662/2562/2436 2663/2355/2269 2655/2357/2271
f 2662/2562/2436 2655/2357/2271 2656/2563/2437
f 2656/2563/2437 2655/2357/2271 2671/2359/2273
f 2656/2563/2437 2671/2359/2273 2672/2564/2438
f 2672/2564/2438 2671/2359/2273 2683/2361/2275
f 2672/2564/2438 2683/2361/2275 2682/2495/2383
f 2682/2495/2383 2683/2361/2275 2681/2363/2277
f 2666/2377/2289 2651/2386/2297 2652/2378/2290
f 2652/2378/2290 2651/2386/2297 2667/2566/2439
f 2652/2378/2290 2667/2566/2439 2668/2379/2291
f 2668/2379/2291 2667/2566/2439 2687/2567/2440
f 2668/2379/2291 2687/2567/2440 2686/2380/2292
f 2686/2380/2292 2687/2567/2440 2677/2568/2441
f 2686/2380/2292 2677/2568/2441 2678/2381/2293
f 2678/2381/2293 2677/2568/2441 2694/2569/2442
f 2678/2381/2293 2694/2569/2442 2695/2382/2294
f 2695/2382/2294 2694/2569/2442 2708/2570/2443
f 2695/2382/2294 2708/2570/2443 2707/2383/2295
f 2707/2383/2295 2708/2570/2443 2704/2571/2444
f 2707/2383/2295 2704/2571/2444 2705/2384/2296
f 2705/2384/2296 2704/2571/2444 2721/2492/2382
f 2651/2386/2297 2471/2388/2298 2667/2566/2439
f 2667/2566/2439 2471/2388/2298 2688/2572/2445
f 2667/2566/2439 2688/2572/2445 2687/2567/2440
f 2687/2567/2440 2688/2572/2445 2676/2573/2446
f 2687/2567/2440 2676/2573/2446 2677/2568/2441
f 2677/2568/2441 2676/2573/2446 2693/2574/2447
f 2677/2568/2441 2693/2574/2447 2694/2569/2442
f 2694/2569/2442 2693/2574/2447 2709/2575/2448
f 2694/2569/2442 2709/2575/2448 2708/2570/2443
f 2708/2570/2443 2709/2575/2448 2703/2576/2449
f 2708/2570/2443 2703/2576/2449 2704/2571/2444
f 2704/2571/2444 2703/2576/2449 2722/2577/2450
f 2704/2571/2444 2722/2577/2450 2721/2492/2382
f 2721/2492/2382 2722/2577/2450 2720/2490/2381
f 2689/2390/2300 2675/2392/2302 2688/2572/2445
f 2688/2572/2445 2675/2392/2302 2676/2573/2446
f 2693/2574/2447 2676/2573/2446 2692/2394/2304
f 2692/2394/2304 2676/2573/2446 2675/2392/2302
f 2471/2388/2298 2689/2390/2300 2688/2572/2445
f 2709/2575/2448 2693/2574/2447 2710/2396/2306
f 2710/2396/2306 2693/2574/2447 2692/2394/2304
f 2698/2419/2326 2699/2578/2451 2472/2417/2325
f 2472/2417/2325 2699/2578/2451 2712/2409/2318
f 2472/2417/2325 2712/2409/2318 2690/2408/2317
f 2712/2409/2318 2699/2578/2451 2700/2410/2319
f 2700/2410/2319 2699/2578/2451 2726/2579/2452
f 2700/2410/2319 2726/2579/2452 2725/2411/2320
f 2725/2411/2320 2726/2579/2452 2716/2580/2453
f 2725/2411/2320 2716/2580/2453 2717/2412/2321
f 2717/2412/2321 2716/2580/2453 2732/2581/2454
f 2717/2412/2321 2732/2581/2454 2733/2413/2322
f 2733/2413/2322 2732/2581/2454 2746/2582/2455
f 2733/2413/2322 2746/2582/2455 2745/2414/2323
f 2745/2414/2323 2746/2582/2455 2742/2583/2456
f 2745/2414/2323 2742/2583/2456 2743/2415/2324
f 2743/2415/2324 2742/2583/2456 2759/2487/2380
f 2699/2578/2451 2698/2419/2326 2727/2584/2457
f 2727/2584/2457 2698/2419/2326 2728/2421/2328
f 2727/2584/2457 2728/2421/2328 2714/2423/2330
f 2709/2575/2448 2710/2396/2306 2702/2398/2308
f 2709/2575/2448 2702/2398/2308 2703/2576/2449
f 2703/2576/2449 2702/2398/2308 2723/2400/2310
f 2703/2576/2449 2723/2400/2310 2722/2577/2450
f 2722/2577/2450 2723/2400/2310 2719/2402/2312
f 2722/2577/2450 2719/2402/2312 2720/2490/2381
f 2720/2490/2381 2719/2402/2312 2735/2404/2314
f 2714/2423/2330 2715/2585/2458 2727/2584/2457
f 2727/2584/2457 2715/2585/2458 2726/2579/2452
f 2727/2584/2457 2726/2579/2452 2699/2578/2451
f 2726/2579/2452 2715/2585/2458 2716/2580/2453
f 2716/2580/2453 2715/2585/2458 2731/2586/2459
f 2716/2580/2453 2731/2586/2459 2732/2581/2454
f 2732/2581/2454 2731/2586/2459 2747/2587/2460
f 2732/2581/2454 2747/2587/2460 2746/2582/2455
f 2746/2582/2455 2747/2587/2460 2741/2588/2461
f 2746/2582/2455 2741/2588/2461 2742/2583/2456
f 2742/2583/2456 2741/2588/2461 2758/2589/2462
f 2742/2583/2456 2758/2589/2462 2759/2487/2380
f 2759/2487/2380 2758/2589/2462 2768/2485/2379
f 2731/2586/2459 2715/2585/2458 2730/2425/2332
f 2730/2425/2332 2715/2585/2458 2714/2423/2330
f 2747/2587/2460 2731/2586/2459 2748/2427/2334
f 2748/2427/2334 2731/2586/2459 2730/2425/2332
f 2751/2447/2353 2736/2453/2359 2737/2448/2354
f 2737/2448/2354 2736/2453/2359 2753/2590/2463
f 2737/2448/2354 2753/2590/2463 2754/2449/2355
f 2754/2449/2355 2753/2590/2463 2773/2591/2464
f 2754/2449/2355 2773/2591/2464 2772/2450/2356
f 2772/2450/2356 2773/2591/2464 2763/2466/2370
f 2772/2450/2356 2763/2466/2370 2764/2451/2357
f 2747/2587/2460 2748/2427/2334 2740/2429/2336
f 2747/2587/2460 2740/2429/2336 2741/2588/2461
f 2741/2588/2461 2740/2429/2336 2757/2431/2338
f 2741/2588/2461 2757/2431/2338 2758/2589/2462
f 2758/2589/2462 2757/2431/2338 2769/2433/2340
f 2758/2589/2462 2769/2433/2340 2768/2485/2379
f 2768/2485/2379 2769/2433/2340 2767/2435/2342
f 2736/2453/2359 2752/2455/2361 2753/2590/2463
f 2753/2590/2463 2752/2455/2361 2774/2457/2363
f 2753/2590/2463 2774/2457/2363 2773/2591/2464
f 2773/2591/2464 2774/2457/2363 2762/2459/2365
f 2773/2591/2464 2762/2459/2365 2763/2466/2370
f 2453/2592/2368 2254/2593/2465 2430/2594/616
f 2430/2594/616 2254/2593/2465 2253/2595/2466
f 2430/2594/616 2253/2595/2466 2431/2596/2130
f 2431/2596/2130 2253/2595/2466 2252/2597/2467
f 2431/2596/2130 2252/2597/2467 2432/2598/2148
f 2432/2598/2148 2252/2597/2467 2275/2599/2468
f 2432/2598/2148 2275/2599/2468 2433/2600/1447
f 2433/2600/1447 2275/2599/2468 2274/2601/2469
f 2433/2600/1447 2274/2601/2469 2434/2602/2166
f 2434/2602/2166 2274/2601/2469 2273/2603/2470
f 2434/2602/2166 2273/2603/2470 2435/2604/2183
f 2435/2604/2183 2273/2603/2470 2272/2605/2471
f 2435/2604/2183 2272/2605/2471 2436/2606/1
f 2436/2606/1 2272/2605/2471 2271/2607/2472
f 2436/2606/1 2271/2607/2472 2437/2608/2209
f 2437/2608/2209 2271/2607/2472 2270/2609/2473
f 2437/2608/2209 2270/2609/2473 2438/2610/2218
f 2438/2610/2218 2270/2609/2473 2269/2611/2474
f 2438/2610/2218 2269/2611/2474 2439/2612/751
f 2439/2612/751 2269/2611/2474 2268/2613/2475
f 2439/2612/751 2268/2613/2475 2440/2614/2244
f 2440/2614/2244 2268/2613/2475 2267/2615/2476
f 2440/2614/2244 2267/2615/2476 2441/2616/2253
f 2441/2616/2253 2267/2615/2476 2266/2617/2477
f 2441/2616/2253 2266/2617/2477 2442/2618/602
f 2442/2619/602 2266/2620/2477 2265/2621/2478
f 2442/2619/602 2265/2621/2478 2443/2622/2279
f 2443/2622/2279 2265/2621/2478 2264/2623/2479
f 2443/2622/2279 2264/2623/2479 2444/2624/2288
f 2444/2624/2288 2264/2623/2479 2263/2625/2480
f 2444/2624/2288 2263/2625/2480 2445/2626/1426
f 2445/2626/1426 2263/2625/2480 2262/2627/2481
f 2445/2626/1426 2262/2627/2481 2446/2628/2299
f 2446/2628/2299 2262/2627/2481 2261/2629/2482
f 2446/2628/2299 2261/2629/2482 2447/2630/2316
f 2447/2630/2316 2261/2629/2482 2260/2631/2483
f 2447/2630/2316 2260/2631/2483 2448/2632/2
f 2448/2632/2 2260/2631/2483 2259/2633/2484
f 2448/2632/2 2259/2633/2484 2449/2634/2327
f 2449/2634/2327 2259/2633/2484 2258/2635/2485
f 2449/2634/2327 2258/2635/2485 2450/2636/2345
f 2450/2636/2345 2258/2635/2485 2257/2637/2486
f 2450/2636/2345 2257/2637/2486 2451/2638/769
f 2451/2638/769 2257/2637/2486 2256/2639/2487
f 2451/2638/769 2256/2639/2487 2452/2640/2360
f 2452/2640/2360 2256/2639/2487 2255/2641/2488
f 2452/2640/2360 2255/2641/2488 2453/2592/2368
f 2453/2592/2368 2255/2641/2488 2254/2593/2465
f 2776/1759/2489 2822/1760/2489 2775/1761/2489
f 2775/1761/2489 2822/1760/2489 2799/345/2489
f 2775/1761/2489 2799/345/2489 2798/1762/2489
f 2798/1762/2489 2799/345/2489 2800/1763/2489
f 2798/1762/2489 2800/1763/2489 2797/1764/2489
f 2797/1764/2489 2800/1763/2489 2801/1765/2489
f 2797/1764/2489 2801/1765/2489 2796/1766/2489
f 2796/1766/2489 2801/1765/2489 2802/1767/2489
f 2796/1766/2489 2802/1767/2489 2803/1768/2489
f 2822/1760/2489 2776/1759/2489 2821/1769/2489
f 2821/1769/2489 2776/1759/2489 2777/1770/2489
f 2821/1769/2489 2777/1770/2489 2820/1771/2489
f 2820/1771/2489 2777/1770/2489 2778/1772/2489
f 2820/1771/2489 2778/1772/2489 2779/1773/2489
f 2820/1771/2489 2779/1773/2489 2819/1774/2489
f 2819/1774/2489 2779/1773/2489 2780/1775/2489
f 2819/1774/2489 2780/1775/2489 2818/1776/2489
f 2818/1776/2489 2780/1775/2489 2781/1777/2489
f 2818/1776/2489 2781/1777/2489 2817/1778/2489
f 2817/1778/2489 2781/1777/2489 2782/1779/2489
f 2817/1778/2489 2782/1779/2489 2816/1780/2489
f 2816/1780/2489 2782/1779/2489 2783/1781/2490
f 2816/1780/2489 2783/1781/2490 2815/1782/2489
f 2815/1782/2489 2783/1781/2490 2784/1783/2489
f 2815/1782/2489 2784/1783/2489 2814/1784/2489
f 2814/1784/2489 2784/1783/2489 2813/1785/2489
f 2813/1785/2489 2784/1783/2489 2785/1786/2489
f 2813/1785/2489 2785/1786/2489 2812/1787/2489
f 2812/1787/2489 2785/1786/2489 2786/1788/2489
f 2812/1787/2489 2786/1788/2489 2811/1789/2489
f 2811/1789/2489 2786/1788/2489 2787/1790/2489
f 2811/1789/2489 2787/1790/2489 2810/1791/2489
f 2810/1791/2489 2787/1790/2489 2788/1792/2489
f 2810/1791/2489 2788/1792/2489 2809/1793/2489
f 2809/1793/2489 2788/1792/2489 2789/1794/2489
f 2809/1793/2489 2789/1794/2489 2790/1795/2489
f 2809/1793/2489 2790/1795/2489 2808/1796/2489
f 2808/1796/2489 2790/1795/2489 2791/1797/2489
f 2808/1796/2489 2791/1797/2489 2807/1798/2489
f 2807/1798/2489 2791/1797/2489 2792/1799/2489
f 2807/1798/2489 2792/1799/2489 2806/1800/2489
f 2806/1800/2489 2792/1799/2489 2793/1801/2490
f 2806/1800/2489 2793/1801/2490 2805/1802/2489
f 2805/1802/2489 2793/1801/2490 2794/1803/2489
f 2805/1802/2489 2794/1803/2489 2804/1804/2489
f 2804/1804/2489 2794/1803/2489 2795/1805/2489
f 2804/1804/2489 2795/1805/2489 2803/1768/2489
f 2803/1768/2489 2795/1805/2489 2796/1766/2489
f 2822/1695/2491 2860/1696/2492 2799/1697/2493
f 2799/1697/2493 2860/1696/2492 2823/1698/2494
f 2799/1697/2493 2823/1698/2494 2824/1699/2495
f 2821/1700/2496 2858/1701/2497 2822/1695/2491
f 2822/1695/2491 2858/1701/2497 2859/1702/2498
f 2822/1695/2491 2859/1702/2498 2860/1696/2492
f 2820/1703/2499 2856/1704/2500 2821/1700/2496
f 2821/1700/2496 2856/1704/2500 2857/1705/2501
f 2821/1700/2496 2857/1705/2501 2858/1701/2497
f 2819/1706/2502 2854/1707/2503 2820/1703/2499
f 2820/1703/2499 2854/1707/2503 2855/1708/2504
f 2820/1703/2499 2855/1708/2504 2856/1704/2500
f 2854/1707/2503 2819/1706/2502 2853/1709/2505
f 2853/1709/2505 2819/1706/2502 2818/1710/2506
f 2853/1709/2505 2818/1710/2506 2852/1711/2507
f 2852/1711/2507 2818/1710/2506 2817/1712/769
f 2852/1711/2507 2817/1712/769 2851/1713/2508
f 2851/1713/2508 2817/1712/769 2816/1714/2509
f 2851/1713/2508 2816/1714/2509 2850/1715/2510
f 2850/1715/2510 2816/1714/2509 2815/1716/2511
f 2850/1715/2510 2815/1716/2511 2849/1717/2512
f 2849/1717/2512 2815/1716/2511 2814/1718/2513
f 2849/1717/2512 2814/1718/2513 2813/1719/2514
f 2849/1717/2512 2813/1719/2514 2848/1720/2515
f 2848/1720/2515 2813/1719/2514 2812/1721/2516
f 2848/1720/2515 2812/1721/2516 2847/1722/2517
f 2847/1722/2517 2812/1721/2516 2846/1723/2518
f 2846/1723/2518 2812/1721/2516 2845/1724/2519
f 2845/1724/2519 2812/1721/2516 2844/1725/2520
f 2844/1725/2520 2812/1721/2516 2811/1726/2521
f 2844/1725/2520 2811/1726/2521 2843/1727/2522
f 2843/1727/2522 2811/1726/2521 2842/1728/2523
f 2842/1728/2523 2811/1726/2521 2841/1729/2524
f 2841/1730/2524 2811/1731/2521 2840/1732/2525
f 2840/1732/2525 2811/1731/2521 2810/1733/2526
f 2840/1732/2525 2810/1733/2526 2839/1734/2527
f 2839/1734/2527 2810/1733/2526 2838/1735/2528
f 2838/1735/2528 2810/1733/2526 2837/1736/2529
f 2837/1736/2529 2810/1733/2526 2809/1737/2530
f 2837/1736/2529 2809/1737/2530 2836/1738/2531
f 2836/1738/2531 2809/1737/2530 2835/1739/2532
f 2835/1739/2532 2809/1737/2530 2808/1740/2533
f 2835/1739/2532 2808/1740/2533 2807/1741/2534
f 2835/1739/2532 2807/1741/2534 2834/1742/2535
f 2834/1742/2535 2807/1741/2534 2806/1743/2536
f 2834/1742/2535 2806/1743/2536 2833/1744/2537
f 2833/1744/2537 2806/1743/2536 2805/1745/751
f 2833/1744/2537 2805/1745/751 2832/1746/2538
f 2832/1746/2538 2805/1745/751 2804/1747/2539
f 2832/1746/2538 2804/1747/2539 2831/1748/2540
f 2831/1748/2540 2804/1747/2539 2803/1749/2541
f 2831/1748/2540 2803/1749/2541 2830/1750/2542
f 2830/1750/2542 2803/1749/2541 2802/1751/2543
f 2830/1750/2542 2802/1751/2543 2829/1752/2544
f 2829/1752/2544 2802/1751/2543 2828/1753/2545
f 2828/1753/2545 2802/1751/2543 2801/1754/2546
f 2828/1753/2545 2801/1754/2546 2827/1755/2547
f 2827/1755/2547 2801/1754/2546 2826/1756/2548
f 2826/1756/2548 2801/1754/2546 2800/1757/2549
f 2826/1756/2548 2800/1757/2549 2825/1758/2550
f 2825/1758/2550 2800/1757/2549 2824/1699/2495
f 2824/1699/2495 2800/1757/2549 2799/1697/2493
f 2906/1182/2551 2861/1183/2552 2930/1184/2553
f 2930/1184/2553 2861/1183/2552 2862/1185/2554
f 2930/1184/2553 2862/1185/2554 2929/1186/2555
f 2929/1186/2555 2862/1185/2554 2863/1187/2556
f 2929/1186/2555 2863/1187/2556 2928/1188/2557
f 2928/1188/2557 2863/1187/2556 2864/1189/2558
f 2928/1188/2557 2864/1189/2558 2927/1190/2559
f 2927/1190/2559 2864/1189/2558 2926/1191/2560
f 2927/1190/2559 2926/1191/2560 2939/1192/2561
f 2939/1192/2561 2926/1191/2560 2938/1193/2562
f 2939/1192/2561 2938/1193/2562 2951/1194/2563
f 2951/1194/2563 2938/1193/2562 2950/1195/2564
f 2951/1194/2563 2950/1195/2564 2962/1196/2565
f 2962/1196/2565 2950/1195/2564 2961/1197/2566
f 2962/1196/2565 2961/1197/2566 2980/1198/2567
f 2980/1198/2567 2961/1197/2566 2981/1199/2568
f 2980/1198/2567 2981/1199/2568 2973/1200/2569
f 2973/1200/2569 2981/1199/2568 2972/1201/2570
f 2973/1200/2569 2972/1201/2570 2997/1202/2571
f 2997/1202/2571 2972/1201/2570 2996/1203/2572
f 2997/1202/2571 2996/1203/2572 3009/1204/2573
f 3009/1204/2573 2996/1203/2572 3008/1205/2574
f 3009/1204/2573 3008/1205/2574 3016/1206/2575
f 3016/1206/2575 3008/1205/2574 3017/1207/2576
f 3016/1206/2575 3017/1207/2576 3031/1208/2577
f 3031/1208/2577 3017/1207/2576 3030/1209/2578
f 3031/1208/2577 3030/1209/2578 3037/1210/2579
f 3037/1210/2579 3030/1209/2578 3038/1211/2580
f 3037/1210/2579 3038/1211/2580 3054/1212/2581
f 3054/1212/2581 3038/1211/2580 3053/1213/2582
f 3054/1212/2581 3053/1213/2582 3066/1214/2583
f 3066/1214/2583 3053/1213/2582 3065/1215/2584
f 3066/1214/2583 3065/1215/2584 3078/1216/2585
f 3078/1216/2585 3065/1215/2584 3077/1217/2586
f 3078/1216/2585 3077/1217/2586 3090/1218/2587
f 3090/1218/2587 3077/1217/2586 3089/1219/2588
f 3090/1218/2587 3089/1219/2588 3102/1220/2589
f 3102/1220/2589 3089/1219/2588 3101/1221/2590
f 3102/1220/2589 3101/1221/2590 3114/1222/2591
f 3114/1222/2591 3101/1221/2590 3113/1223/2592
f 3114/1222/2591 3113/1223/2592 3126/1224/2593
f 3126/1224/2593 3113/1223/2592 3125/1225/2594
f 3126/1224/2593 3125/1225/2594 3138/1226/2595
f 3138/1226/2595 3125/1225/2594 3137/1227/2596
f 3138/1226/2595 3137/1227/2596 3150/1228/2597
f 3150/1228/2597 3137/1227/2596 3149/1229/2598
f 3150/1228/2597 3149/1229/2598 3157/1230/2599
f 3157/1230/2599 3149/1229/2598 3158/1231/2600
f 3157/1230/2599 3158/1231/2600 3173/1232/2601
f 3173/1232/2601 3158/1231/2600 3172/1233/2602
f 3173/1232/2601 3172/1233/2602 3324/1234/2603
f 3324/1234/2603 3172/1233/2602 3323/1235/2604
f 3324/1234/2603 3323/1235/2604 3180/1236/2605
f 3180/1236/2605 3323/1235/2604 3181/1237/2606
f 3180/1236/2605 3181/1237/2606 3197/1238/2607
f 3197/1238/2607 3181/1237/2606 3196/1239/2608
f 3197/1238/2607 3196/1239/2608 3208/1240/2609
f 3208/1240/2609 3196/1239/2608 3207/1241/2610
f 3208/1240/2609 3207/1241/2610 3215/1242/2611
f 3215/1242/2611 3207/1241/2610 3216/1243/2612
f 3215/1242/2611 3216/1243/2612 3232/1244/2613
f 3232/1244/2613 3216/1243/2612 3231/1245/2614
f 3232/1244/2613 3231/1245/2614 3244/1246/2615
f 3244/1246/2615 3231/1245/2614 3243/1247/2616
f 3244/1246/2615 3243/1247/2616 3256/1248/2617
f 3256/1248/2617 3243/1247/2616 3255/1249/2618
f 3256/1248/2617 3255/1249/2618 3262/1250/2619
f 3262/1250/2619 3255/1249/2618 3263/1251/2620
f 3262/1250/2619 3263/1251/2620 3278/1252/2621
f 3278/1252/2621 3263/1251/2620 3277/1253/2622
f 3278/1252/2621 3277/1253/2622 3288/1254/2623
f 3288/1254/2623 3277/1253/2622 3287/1255/2624
f 3288/1254/2623 3287/1255/2624 3299/1256/2625
f 3299/1256/2625 3287/1255/2624 3298/1257/2626
f 3299/1256/2625 3298/1257/2626 3311/1258/2627
f 3311/1258/2627 3298/1257/2626 3310/1259/2628
f 3311/1258/2627 3310/1259/2628 2864/1260/2558
f 2864/1260/2558 3310/1259/2628 2865/1261/2629
f 2865/1261/2629 3310/1259/2628 3309/1262/2630
f 2865/1261/2629 3309/1262/2630 3308/1263/2631
f 3308/1263/2631 3309/1262/2630 3296/1264/2632
f 3308/1263/2631 3296/1264/2632 3295/1265/2633
f 3295/1265/2633 3296/1264/2632 3284/1266/2634
f 3295/1265/2633 3284/1266/2634 3283/1267/2635
f 3283/1267/2635 3284/1266/2634 3273/1268/2636
f 3283/1267/2635 3273/1268/2636 3272/1269/2637
f 3272/1269/2637 3273/1268/2636 3268/1270/2638
f 3272/1269/2637 3268/1270/2638 3269/1271/2639
f 3269/1271/2639 3268/1270/2638 3249/1272/2640
f 3269/1271/2639 3249/1272/2640 3248/1273/2641
f 3248/1273/2641 3249/1272/2640 3236/1274/2642
f 3248/1273/2641 3236/1274/2642 2830/1275/2542
f 2830/1275/2542 3236/1274/2642 2831/1276/2540
f 2831/1276/2540 3236/1274/2642 3224/1277/2643
f 2831/1276/2540 3224/1277/2643 2832/1278/2538
f 2832/1278/2538 3224/1277/2643 3223/1279/2644
f 2832/1278/2538 3223/1279/2644 2915/1280/2645
f 2915/1280/2645 3223/1279/2644 3222/1281/2646
f 2915/1280/2645 3222/1281/2646 3201/1282/2647
f 3201/1282/2647 3222/1281/2646 3221/1283/2648
f 3201/1282/2647 3221/1283/2648 3202/1284/2649
f 3202/1284/2649 3221/1283/2648 3220/1285/2650
f 3202/1284/2649 3220/1285/2650 3203/1286/2651
f 3203/1286/2651 3220/1285/2650 3219/1287/2652
f 3203/1286/2651 3219/1287/2652 3204/1288/2653
f 3204/1288/2653 3219/1287/2652 3218/1289/2654
f 3204/1288/2653 3218/1289/2654 3205/1290/2655
f 3205/1290/2655 3218/1289/2654 3217/1291/2656
f 3205/1290/2655 3217/1291/2656 3206/1292/2657
f 3206/1292/2657 3217/1291/2656 3216/1243/2612
f 3206/1292/2657 3216/1243/2612 3207/1241/2610
f 2864/1189/2558 2865/1293/2629 2926/1191/2560
f 2926/1191/2560 2865/1293/2629 2925/1294/2658
f 2926/1191/2560 2925/1294/2658 2938/1193/2562
f 2938/1193/2562 2925/1294/2658 2937/1295/2659
f 2938/1193/2562 2937/1295/2659 2950/1195/2564
f 2950/1195/2564 2937/1295/2659 2949/1296/2660
f 2950/1195/2564 2949/1296/2660 2961/1197/2566
f 2961/1197/2566 2949/1296/2660 2960/1297/2661
f 2961/1197/2566 2960/1297/2661 2981/1199/2568
f 2981/1199/2568 2960/1297/2661 2982/1298/2662
f 2981/1199/2568 2982/1298/2662 2972/1201/2570
f 2972/1201/2570 2982/1298/2662 2971/1299/2663
f 2972/1201/2570 2971/1299/2663 2996/1203/2572
f 2996/1203/2572 2971/1299/2663 2995/1300/2664
f 2996/1203/2572 2995/1300/2664 3008/1205/2574
f 3008/1205/2574 2995/1300/2664 3007/1301/2665
f 3008/1205/2574 3007/1301/2665 3017/1207/2576
f 3017/1207/2576 3007/1301/2665 3018/1302/2666
f 3017/1207/2576 3018/1302/2666 3030/1209/2578
f 3030/1209/2578 3018/1302/2666 3029/1303/2667
f 3030/1209/2578 3029/1303/2667 3038/1211/2580
f 3038/1211/2580 3029/1303/2667 3039/1304/2668
f 3038/1211/2580 3039/1304/2668 3053/1213/2582
f 3053/1213/2582 3039/1304/2668 3052/1305/2669
f 3053/1213/2582 3052/1305/2669 3065/1215/2584
f 3065/1215/2584 3052/1305/2669 3064/1306/2670
f 3065/1215/2584 3064/1306/2670 3077/1217/2586
f 3077/1217/2586 3064/1306/2670 3076/1307/2671
f 3077/1217/2586 3076/1307/2671 3089/1219/2588
f 3089/1219/2588 3076/1307/2671 3088/1308/2672
f 3089/1219/2588 3088/1308/2672 3101/1221/2590
f 3101/1221/2590 3088/1308/2672 3100/1309/2673
f 3101/1221/2590 3100/1309/2673 3113/1223/2592
f 3113/1223/2592 3100/1309/2673 3112/1310/2674
f 3113/1223/2592 3112/1310/2674 3125/1225/2594
f 3125/1225/2594 3112/1310/2674 3124/1311/2675
f 3125/1225/2594 3124/1311/2675 3137/1227/2596
f 3137/1227/2596 3124/1311/2675 3136/1312/2676
f 3137/1227/2596 3136/1312/2676 3149/1229/2598
f 3149/1229/2598 3136/1312/2676 3148/1313/2677
f 3149/1229/2598 3148/1313/2677 3158/1231/2600
f 3158/1231/2600 3148/1313/2677 3159/1314/2678
f 3158/1231/2600 3159/1314/2678 3172/1233/2602
f 3172/1233/2602 3159/1314/2678 3171/1315/2679
f 3172/1233/2602 3171/1315/2679 3323/1235/2604
f 3323/1235/2604 3171/1315/2679 3322/1316/2680
f 3323/1235/2604 3322/1316/2680 3181/1237/2606
f 3181/1237/2606 3322/1316/2680 3182/1317/2681
f 3181/1237/2606 3182/1317/2681 3196/1239/2608
f 3196/1239/2608 3182/1317/2681 3195/1318/2682
f 3196/1239/2608 3195/1318/2682 3207/1241/2610
f 3207/1241/2610 3195/1318/2682 3206/1292/2657
f 2865/1293/2629 2866/1319/2683 2925/1294/2658
f 2925/1294/2658 2866/1319/2683 2924/1320/2684
f 2925/1294/2658 2924/1320/2684 2937/1295/2659
f 2937/1295/2659 2924/1320/2684 2936/1321/2685
f 2937/1295/2659 2936/1321/2685 2949/1296/2660
f 2949/1296/2660 2936/1321/2685 2948/1322/2686
f 2949/1296/2660 2948/1322/2686 2960/1297/2661
f 2960/1297/2661 2948/1322/2686 2959/1323/2687
f 2960/1297/2661 2959/1323/2687 2982/1298/2662
f 2982/1298/2662 2959/1323/2687 2983/1324/2688
f 2982/1298/2662 2983/1324/2688 2971/1299/2663
f 2971/1299/2663 2983/1324/2688 2970/1325/2689
f 2971/1299/2663 2970/1325/2689 2995/1300/2664
f 2995/1300/2664 2970/1325/2689 2994/1326/2690
f 2995/1300/2664 2994/1326/2690 3007/1301/2665
f 3007/1301/2665 2994/1326/2690 3006/1327/2691
f 3007/1301/2665 3006/1327/2691 3018/1302/2666
f 3018/1302/2666 3006/1327/2691 3019/1328/2692
f 3018/1302/2666 3019/1328/2692 3029/1303/2667
f 3029/1303/2667 3019/1328/2692 3028/1329/2693
f 3029/1303/2667 3028/1329/2693 3039/1304/2668
f 3039/1304/2668 3028/1329/2693 3040/1330/2694
f 3039/1304/2668 3040/1330/2694 3052/1305/2669
f 3052/1305/2669 3040/1330/2694 3051/1331/2695
f 3052/1305/2669 3051/1331/2695 3064/1306/2670
f 3064/1306/2670 3051/1331/2695 3063/1332/2696
f 3064/1306/2670 3063/1332/2696 3076/1307/2671
f 3076/1307/2671 3063/1332/2696 3075/1333/2697
f 3076/1307/2671 3075/1333/2697 3088/1308/2672
f 3088/1308/2672 3075/1333/2697 3087/1334/2698
f 3088/1308/2672 3087/1334/2698 3100/1309/2673
f 3100/1309/2673 3087/1334/2698 3099/1335/2699
f 3100/1309/2673 3099/1335/2699 3112/1310/2674
f 3112/1310/2674 3099/1335/2699 3111/1336/2700
f 3112/1310/2674 3111/1336/2700 3124/1311/2675
f 3124/1311/2675 3111/1336/2700 3123/1337/2701
f 3124/1311/2675 3123/1337/2701 3136/1312/2676
f 3136/1312/2676 3123/1337/2701 3135/1338/2702
f 3136/1312/2676 3135/1338/2702 3148/1313/2677
f 3148/1313/2677 3135/1338/2702 3147/1339/2703
f 3148/1313/2677 3147/1339/2703 3159/1314/2678
f 3159/1314/2678 3147/1339/2703 3160/1340/2704
f 3159/1314/2678 3160/1340/2704 3171/1315/2679
f 3171/1315/2679 3160/1340/2704 3170/1341/2705
f 3171/1315/2679 3170/1341/2705 3322/1316/2680
f 3322/1316/2680 3170/1341/2705 3321/1342/2706
f 3322/1316/2680 3321/1342/2706 3182/1317/2681
f 3182/1317/2681 3321/1342/2706 3183/1343/2707
f 3182/1317/2681 3183/1343/2707 3195/1318/2682
f 3195/1318/2682 3183/1343/2707 3194/1344/2708
f 3195/1318/2682 3194/1344/2708 3206/1292/2657
f 3206/1292/2657 3194/1344/2708 3205/1290/2655
f 2924/1320/2684 2866/1319/2683 2923/1345/2709
f 2923/1345/2709 2866/1319/2683 2867/1346/2710
f 2923/1345/2709 2867/1346/2710 2922/1347/2711
f 2922/1347/2711 2867/1346/2710 2921/1348/2712
f 2922/1347/2711 2921/1348/2712 2934/1349/2713
f 2934/1349/2713 2921/1348/2712 2933/1350/2714
f 2934/1349/2713 2933/1350/2714 2946/1351/2715
f 2946/1351/2715 2933/1350/2714 2945/1352/2716
f 2946/1351/2715 2945/1352/2716 2957/1353/2717
f 2957/1353/2717 2945/1352/2716 2956/1354/2718
f 2957/1353/2717 2956/1354/2718 2985/1355/2719
f 2985/1355/2719 2956/1354/2718 2986/1356/2720
f 2985/1355/2719 2986/1356/2720 2968/1357/2721
f 2968/1357/2721 2986/1356/2720 2967/1358/2722
f 2968/1357/2721 2967/1358/2722 2992/1359/2723
f 2992/1359/2723 2967/1358/2722 2991/1360/2724
f 2992/1359/2723 2991/1360/2724 3004/1361/2725
f 3004/1361/2725 2991/1360/2724 3003/1362/2726
f 3004/1361/2725 3003/1362/2726 3021/1363/2727
f 3021/1363/2727 3003/1362/2726 3022/1364/2728
f 3021/1363/2727 3022/1364/2728 3026/1365/2729
f 3026/1365/2729 3022/1364/2728 3025/1366/2730
f 3026/1365/2729 3025/1366/2730 3042/1367/2731
f 3042/1367/2731 3025/1366/2730 3043/1368/2732
f 3042/1367/2731 3043/1368/2732 3049/1369/2733
f 3049/1369/2733 3043/1368/2732 3048/1370/2734
f 3049/1369/2733 3048/1370/2734 3061/1371/2735
f 3061/1371/2735 3048/1370/2734 3060/1372/2736
f 3061/1371/2735 3060/1372/2736 3073/1373/2737
f 3073/1373/2737 3060/1372/2736 3072/1374/2738
f 3073/1373/2737 3072/1374/2738 3085/1375/2739
f 3085/1375/2739 3072/1374/2738 3084/1376/2740
f 3085/1375/2739 3084/1376/2740 3097/1377/2741
f 3097/1377/2741 3084/1376/2740 3096/1378/2742
f 3097/1377/2741 3096/1378/2742 3109/1379/2743
f 3109/1379/2743 3096/1378/2742 3108/1380/2744
f 3109/1379/2743 3108/1380/2744 3121/1381/2745
f 3121/1381/2745 3108/1380/2744 3120/1382/2746
f 3121/1381/2745 3120/1382/2746 3133/1383/2747
f 3133/1383/2747 3120/1382/2746 3132/1384/2748
f 3133/1383/2747 3132/1384/2748 3145/1385/2749
f 3145/1385/2749 3132/1384/2748 3144/1386/2750
f 3145/1385/2749 3144/1386/2750 3162/1387/2751
f 3162/1387/2751 3144/1386/2750 3163/1388/2752
f 3162/1387/2751 3163/1388/2752 3168/1389/2753
f 3168/1389/2753 3163/1388/2752 3167/1390/2754
f 3168/1389/2753 3167/1390/2754 3319/1391/2755
f 3319/1391/2755 3167/1390/2754 3318/1392/2756
f 3319/1391/2755 3318/1392/2756 3185/1393/2757
f 3185/1393/2757 3318/1392/2756 3186/1394/2758
f 3185/1393/2757 3186/1394/2758 3192/1395/2759
f 3192/1395/2759 3186/1394/2758 3191/1396/2760
f 3192/1395/2759 3191/1396/2760 3203/1286/2651
f 3203/1286/2651 3191/1396/2760 3202/1284/2649
f 2867/1346/2710 2868/1397/2761 2921/1348/2712
f 2921/1348/2712 2868/1397/2761 2920/1398/2762
f 2921/1348/2712 2920/1398/2762 2933/1350/2714
f 2933/1350/2714 2920/1398/2762 2932/1399/2763
f 2933/1350/2714 2932/1399/2763 2945/1352/2716
f 2945/1352/2716 2932/1399/2763 2944/1400/2764
f 2945/1352/2716 2944/1400/2764 2956/1354/2718
f 2956/1354/2718 2944/1400/2764 2955/1401/2765
f 2956/1354/2718 2955/1401/2765 2986/1356/2720
f 2986/1356/2720 2955/1401/2765 2987/1402/2766
f 2986/1356/2720 2987/1402/2766 2967/1358/2722
f 2967/1358/2722 2987/1402/2766 2966/1403/2767
f 2967/1358/2722 2966/1403/2767 2991/1360/2724
f 2991/1360/2724 2966/1403/2767 2990/1404/2768
f 2991/1360/2724 2990/1404/2768 3003/1362/2726
f 3003/1362/2726 2990/1404/2768 3002/1405/2769
f 3003/1362/2726 3002/1405/2769 3022/1364/2728
f 3022/1364/2728 3002/1405/2769 3023/1406/2770
f 3022/1364/2728 3023/1406/2770 3025/1366/2730
f 3025/1366/2730 3023/1406/2770 3024/1407/2771
f 3025/1366/2730 3024/1407/2771 3043/1368/2732
f 3043/1368/2732 3024/1407/2771 3044/1408/2772
f 3043/1368/2732 3044/1408/2772 3048/1370/2734
f 3048/1370/2734 3044/1408/2772 3047/1409/2773
f 3048/1370/2734 3047/1409/2773 3060/1372/2736
f 3060/1372/2736 3047/1409/2773 3059/1410/2774
f 3060/1372/2736 3059/1410/2774 3072/1374/2738
f 3072/1374/2738 3059/1410/2774 3071/1411/2775
f 3072/1374/2738 3071/1411/2775 3084/1376/2740
f 3084/1376/2740 3071/1411/2775 3083/1412/2776
f 3084/1376/2740 3083/1412/2776 3096/1378/2742
f 3096/1378/2742 3083/1412/2776 3095/1413/2777
f 3096/1378/2742 3095/1413/2777 3108/1380/2744
f 3108/1380/2744 3095/1413/2777 3107/1414/2778
f 3108/1380/2744 3107/1414/2778 3120/1382/2746
f 3120/1382/2746 3107/1414/2778 3119/1415/2779
f 3120/1382/2746 3119/1415/2779 3132/1384/2748
f 3132/1384/2748 3119/1415/2779 3131/1416/2780
f 3132/1384/2748 3131/1416/2780 3144/1386/2750
f 3144/1386/2750 3131/1416/2780 3143/1417/2781
f 3144/1386/2750 3143/1417/2781 3163/1388/2752
f 3163/1388/2752 3143/1417/2781 3164/1418/2782
f 3163/1388/2752 3164/1418/2782 3167/1390/2754
f 3167/1390/2754 3164/1418/2782 3166/1419/2783
f 3167/1390/2754 3166/1419/2783 3318/1392/2756
f 3318/1392/2756 3166/1419/2783 3317/1420/2784
f 3318/1392/2756 3317/1420/2784 3186/1394/2758
f 3186/1394/2758 3317/1420/2784 3187/1421/2785
f 3186/1394/2758 3187/1421/2785 3191/1396/2760
f 3191/1396/2760 3187/1421/2785 3190/1422/2786
f 3191/1396/2760 3190/1422/2786 3202/1284/2649
f 3202/1284/2649 3190/1422/2786 3201/1282/2647
f 2868/1397/2761 2869/1423/2787 2920/1398/2762
f 2920/1398/2762 2869/1423/2787 2919/1424/2788
f 2920/1398/2762 2919/1424/2788 2932/1399/2763
f 2932/1399/2763 2919/1424/2788 2931/1425/2789
f 2932/1399/2763 2931/1425/2789 2944/1400/2764
f 2944/1400/2764 2931/1425/2789 2943/1426/2790
f 2944/1400/2764 2943/1426/2790 2955/1401/2765
f 2955/1401/2765 2943/1426/2790 2908/1427/2791
f 2955/1401/2765 2908/1427/2791 2987/1402/2766
f 2987/1402/2766 2908/1427/2791 2988/1428/2792
f 2987/1402/2766 2988/1428/2792 2966/1403/2767
f 2966/1403/2767 2988/1428/2792 2965/1429/2793
f 2966/1403/2767 2965/1429/2793 2990/1404/2768
f 2990/1404/2768 2965/1429/2793 2989/1430/2794
f 2990/1404/2768 2989/1430/2794 3002/1405/2769
f 3002/1405/2769 2989/1430/2794 3001/1431/2795
f 3002/1405/2769 3001/1431/2795 3023/1406/2770
f 3023/1406/2770 3001/1431/2795 2909/1432/2796
f 3023/1406/2770 2909/1432/2796 3024/1407/2771
f 3024/1407/2771 2909/1432/2796 2911/1433/2797
f 3024/1407/2771 2911/1433/2797 3044/1408/2772
f 3044/1408/2772 2911/1433/2797 3045/1434/2798
f 3044/1408/2772 3045/1434/2798 3047/1409/2773
f 3047/1409/2773 3045/1434/2798 3046/1435/2799
f 3047/1409/2773 3046/1435/2799 3059/1410/2774
f 3059/1410/2774 3046/1435/2799 3058/1436/2800
f 3059/1410/2774 3058/1436/2800 3071/1411/2775
f 3071/1411/2775 3058/1436/2800 3070/1437/2801
f 3071/1411/2775 3070/1437/2801 3083/1412/2776
f 3083/1412/2776 3070/1437/2801 3082/1438/2802
f 3083/1412/2776 3082/1438/2802 3095/1413/2777
f 3095/1413/2777 3082/1438/2802 3094/1439/2803
f 3095/1413/2777 3094/1439/2803 3107/1414/2778
f 3107/1414/2778 3094/1439/2803 3106/1440/2804
f 3107/1414/2778 3106/1440/2804 3119/1415/2779
f 3119/1415/2779 3106/1440/2804 3118/1441/2805
f 3119/1415/2779 3118/1441/2805 3131/1416/2780
f 3131/1416/2780 3118/1441/2805 3130/1442/2806
f 3131/1416/2780 3130/1442/2806 3143/1417/2781
f 3143/1417/2781 3130/1442/2806 3142/1443/2807
f 3143/1417/2781 3142/1443/2807 3164/1418/2782
f 3164/1418/2782 3142/1443/2807 2912/1444/2808
f 3164/1418/2782 2912/1444/2808 3166/1419/2783
f 3166/1419/2783 2912/1444/2808 3165/1445/2809
f 3166/1419/2783 3165/1445/2809 3317/1420/2784
f 3317/1420/2784 3165/1445/2809 2914/1446/2810
f 3317/1420/2784 2914/1446/2810 3187/1421/2785
f 3187/1421/2785 2914/1446/2810 3188/1447/2811
f 3187/1421/2785 3188/1447/2811 3190/1422/2786
f 3190/1422/2786 3188/1447/2811 3189/1448/2812
f 3190/1422/2786 3189/1448/2812 3201/1282/2647
f 3201/1282/2647 3189/1448/2812 2915/1280/2645
f 2823/1449/2494 2860/1450/2492 2869/1423/2787
f 2869/1423/2787 2860/1450/2492 2919/1424/2788
f 2860/1450/2492 2859/1451/2498 2919/1424/2788
f 2919/1424/2788 2859/1451/2498 2931/1425/2789
f 2859/1451/2498 2858/1452/2497 2931/1425/2789
f 2931/1425/2789 2858/1452/2497 2857/1453/2501
f 2931/1425/2789 2857/1453/2501 2943/1426/2790
f 2943/1426/2790 2857/1453/2501 2856/1454/2500
f 2943/1426/2790 2856/1454/2500 2855/1455/2504
f 2943/1426/2790 2855/1455/2504 2908/1427/2791
f 2908/1427/2791 2855/1455/2504 2854/1456/2503
f 2908/1427/2791 2854/1456/2503 2988/1428/2792
f 2988/1428/2792 2854/1456/2503 2965/1429/2793
f 2854/1456/2503 2853/1457/2505 2965/1429/2793
f 2965/1429/2793 2853/1457/2505 2989/1430/2794
f 2853/1457/2505 2852/1458/2507 2989/1430/2794
f 2989/1430/2794 2852/1458/2507 3001/1431/2795
f 3001/1431/2795 2852/1458/2507 2909/1432/2796
f 2909/1432/2796 2852/1458/2507 2851/1459/2508
f 2909/1432/2796 2851/1459/2508 2911/1433/2797
f 2911/1433/2797 2851/1459/2508 2850/1460/2510
f 2911/1433/2797 2850/1460/2510 3045/1434/2798
f 3045/1434/2798 2850/1460/2510 3046/1435/2799
f 2850/1460/2510 2849/1461/2512 3046/1435/2799
f 3046/1435/2799 2849/1461/2512 3058/1436/2800
f 2849/1461/2512 2848/1462/2515 3058/1436/2800
f 3058/1436/2800 2848/1462/2515 3070/1437/2801
f 2848/1462/2515 2847/1463/2517 3070/1437/2801
f 3070/1437/2801 2847/1463/2517 3082/1438/2802
f 2847/1463/2517 2846/1464/2518 3082/1438/2802
f 3082/1438/2802 2846/1464/2518 2845/1465/2519
f 3082/1438/2802 2845/1465/2519 3094/1439/2803
f 3094/1439/2803 2845/1465/2519 2844/1466/2520
f 3094/1439/2803 2844/1466/2520 2843/1467/2522
f 2843/1467/2522 2842/1468/2523 3094/1439/2803
f 3094/1439/2803 2842/1468/2523 3106/1440/2804
f 2842/1468/2523 2841/1469/2524 3106/1440/2804
f 3106/1440/2804 2841/1469/2524 2840/1470/2525
f 3106/1440/2804 2840/1470/2525 3118/1441/2805
f 3118/1441/2805 2840/1470/2525 2839/1471/2527
f 3118/1441/2805 2839/1471/2527 2838/1472/2528
f 2838/1472/2528 2837/1473/2529 3118/1441/2805
f 3118/1441/2805 2837/1473/2529 3130/1442/2806
f 2837/1473/2529 2836/1474/2531 3130/1442/2806
f 3130/1442/2806 2836/1474/2531 3142/1443/2807
f 3142/1443/2807 2836/1474/2531 2912/1444/2808
f 2912/1444/2808 2836/1474/2531 2835/1475/2532
f 2912/1444/2808 2835/1475/2532 3165/1445/2809
f 3165/1445/2809 2835/1475/2532 2914/1446/2810
f 2835/1475/2532 2834/1476/2535 2914/1446/2810
f 2914/1446/2810 2834/1476/2535 3188/1447/2811
f 3188/1447/2811 2834/1476/2535 3189/1448/2812
f 3189/1448/2812 2834/1476/2535 2833/1477/2537
f 3189/1448/2812 2833/1477/2537 2915/1280/2645
f 2915/1280/2645 2833/1477/2537 2832/1278/2538
f 3248/1273/2641 2830/1275/2542 2917/1478/2813
f 2917/1478/2813 2830/1275/2542 2829/1479/2544
f 2917/1478/2813 2829/1479/2544 3270/1480/2814
f 3270/1480/2814 2829/1479/2544 2828/1481/2545
f 3270/1480/2814 2828/1481/2545 3281/1482/2815
f 3281/1482/2815 2828/1481/2545 2827/1483/2547
f 3281/1482/2815 2827/1483/2547 2826/1484/2548
f 3281/1482/2815 2826/1484/2548 3293/1485/2816
f 3293/1485/2816 2826/1484/2548 2825/1486/2550
f 3293/1485/2816 2825/1486/2550 3305/1487/2817
f 3305/1487/2817 2825/1486/2550 2824/1488/2495
f 3305/1487/2817 2824/1488/2495 2869/1489/2787
f 2869/1489/2787 2824/1488/2495 2823/345/2494
f 2869/1489/2787 2868/1490/2761 3305/1487/2817
f 3305/1487/2817 2868/1490/2761 3306/1491/2818
f 3305/1487/2817 3306/1491/2818 3293/1485/2816
f 3293/1485/2816 3306/1491/2818 3294/1492/2819
f 3293/1485/2816 3294/1492/2819 3282/1493/2820
f 3282/1493/2820 3294/1492/2819 3283/1267/2635
f 3282/1493/2820 3283/1267/2635 3272/1269/2637
f 2868/1490/2761 2867/1494/2710 3306/1491/2818
f 3306/1491/2818 2867/1494/2710 3307/1495/2821
f 3306/1491/2818 3307/1495/2821 3294/1492/2819
f 3294/1492/2819 3307/1495/2821 3295/1265/2633
f 3294/1492/2819 3295/1265/2633 3283/1267/2635
f 2867/1494/2710 2866/1496/2683 3307/1495/2821
f 3307/1495/2821 2866/1496/2683 3308/1263/2631
f 3307/1495/2821 3308/1263/2631 3295/1265/2633
f 2866/1496/2683 2865/1261/2629 3308/1263/2631
f 3311/1258/2627 2864/1260/2558 3312/1497/2822
f 3312/1497/2822 2864/1260/2558 2863/1498/2556
f 3312/1497/2822 2863/1498/2556 3313/1499/2823
f 3313/1499/2823 2863/1498/2556 3314/1500/2824
f 3313/1499/2823 3314/1500/2824 3301/1501/2825
f 3301/1501/2825 3314/1500/2824 3302/1502/2826
f 3301/1501/2825 3302/1502/2826 3290/1503/2827
f 3290/1503/2827 3302/1502/2826 3291/1504/2828
f 3290/1503/2827 3291/1504/2828 3280/1505/2829
f 3280/1505/2829 3291/1504/2828 2918/1506/2830
f 3280/1505/2829 2918/1506/2830 3260/1507/2831
f 3260/1507/2831 2918/1506/2830 2916/1508/2832
f 3260/1507/2831 2916/1508/2832 3258/1509/2833
f 3258/1509/2833 2916/1508/2832 3259/1510/2834
f 3258/1509/2833 3259/1510/2834 3246/1511/2835
f 3246/1511/2835 3259/1510/2834 3247/1512/2836
f 3246/1511/2835 3247/1512/2836 3234/1513/2837
f 3234/1513/2837 3247/1512/2836 3235/1514/2838
f 3234/1513/2837 3235/1514/2838 3213/1515/2839
f 3213/1515/2839 3235/1514/2838 3212/1516/2840
f 3213/1515/2839 3212/1516/2840 3210/1517/2841
f 3210/1517/2841 3212/1516/2840 3211/1518/2842
f 3210/1517/2841 3211/1518/2842 3199/1519/2843
f 3199/1519/2843 3211/1518/2842 3200/1520/2844
f 3199/1519/2843 3200/1520/2844 3178/1521/2845
f 3178/1521/2845 3200/1520/2844 3177/1522/2846
f 3178/1521/2845 3177/1522/2846 3326/1523/2847
f 3326/1523/2847 3177/1522/2846 2913/1524/2848
f 3326/1523/2847 2913/1524/2848 3175/1525/2849
f 3175/1525/2849 2913/1524/2848 3176/1526/2850
f 3175/1525/2849 3176/1526/2850 3155/1527/2851
f 3155/1527/2851 3176/1526/2850 3154/1528/2852
f 3155/1527/2851 3154/1528/2852 3152/1529/2853
f 3152/1529/2853 3154/1528/2852 3153/1530/2854
f 3152/1529/2853 3153/1530/2854 3140/1531/2855
f 3140/1531/2855 3153/1530/2854 3141/1532/2856
f 3140/1531/2855 3141/1532/2856 3128/1533/2857
f 3128/1533/2857 3141/1532/2856 3129/1534/2858
f 3128/1533/2857 3129/1534/2858 3116/1535/2859
f 3116/1535/2859 3129/1534/2858 3117/1536/2860
f 3116/1535/2859 3117/1536/2860 3104/1537/2861
f 3104/1537/2861 3117/1536/2860 3105/1538/2862
f 3104/1537/2861 3105/1538/2862 3092/1539/2863
f 3092/1539/2863 3105/1538/2862 3093/1540/2864
f 3092/1539/2863 3093/1540/2864 3080/1541/2865
f 3080/1541/2865 3093/1540/2864 3081/1542/2866
f 3080/1541/2865 3081/1542/2866 3068/1543/2867
f 3068/1543/2867 3081/1542/2866 3069/1544/2868
f 3068/1543/2867 3069/1544/2868 3056/1545/2869
f 3056/1545/2869 3069/1544/2868 3057/1546/2870
f 3056/1545/2869 3057/1546/2870 3035/1547/2871
f 3035/1547/2871 3057/1546/2870 3034/1548/2872
f 3035/1547/2871 3034/1548/2872 3033/1549/2873
f 3033/1549/2873 3034/1548/2872 2910/1550/2874
f 3033/1549/2873 2910/1550/2874 3014/1551/2875
f 3014/1551/2875 2910/1550/2874 3013/1552/2876
f 3014/1551/2875 3013/1552/2876 3011/1553/2877
f 3011/1553/2877 3013/1552/2876 3012/1554/2878
f 3011/1553/2877 3012/1554/2878 2999/1555/2879
f 2999/1555/2879 3012/1554/2878 3000/1556/2880
f 2999/1555/2879 3000/1556/2880 2975/1557/2881
f 2975/1557/2881 3000/1556/2880 2976/1558/2882
f 2975/1557/2881 2976/1558/2882 2978/1559/2883
f 2978/1559/2883 2976/1558/2882 2977/1560/2884
f 2978/1559/2883 2977/1560/2884 2964/1561/2885
f 2964/1561/2885 2977/1560/2884 2907/1562/2886
f 2964/1561/2885 2907/1562/2886 2953/1563/2887
f 2953/1563/2887 2907/1562/2886 2954/1564/2888
f 2953/1563/2887 2954/1564/2888 2941/1565/2889
f 2941/1565/2889 2954/1564/2888 2942/1566/2890
f 2941/1565/2889 2942/1566/2890 2929/1186/2555
f 2929/1186/2555 2942/1566/2890 2930/1184/2553
f 2863/1498/2556 2862/1567/2554 3314/1500/2824
f 3314/1500/2824 2862/1567/2554 3315/1568/2891
f 3314/1500/2824 3315/1568/2891 3302/1502/2826
f 3302/1502/2826 3315/1568/2891 3303/1569/2892
f 3302/1502/2826 3303/1569/2892 3291/1504/2828
f 3291/1504/2828 3303/1569/2892 3304/1570/2893
f 3291/1504/2828 3304/1570/2893 3292/1571/2894
f 3292/1571/2894 3304/1570/2893 2872/1572/2895
f 3292/1571/2894 2872/1572/2895 2873/1573/2896
f 3315/1568/2891 2862/1567/2554 3316/1574/2897
f 3316/1574/2897 2862/1567/2554 2861/1575/2552
f 3316/1574/2897 2861/1575/2552 2870/1576/2898
f 2870/1576/2898 2871/1577/2899 3316/1574/2897
f 3316/1574/2897 2871/1577/2899 3304/1570/2893
f 3316/1574/2897 3304/1570/2893 3303/1569/2892
f 2871/1577/2899 2872/1572/2895 3304/1570/2893
f 3292/1571/2894 2873/1573/2896 2918/1506/2830
f 2918/1506/2830 2873/1573/2896 2874/1578/2900
f 2918/1506/2830 2874/1578/2900 2916/1508/2832
f 2916/1508/2832 2874/1578/2900 2875/1579/2901
f 2916/1508/2832 2875/1579/2901 3259/1510/2834
f 3259/1510/2834 2875/1579/2901 3247/1512/2836
f 2875/1579/2901 2876/1580/2902 3247/1512/2836
f 3247/1512/2836 2876/1580/2902 3235/1514/2838
f 2876/1580/2902 2877/1581/2903 3235/1514/2838
f 3235/1514/2838 2877/1581/2903 3212/1516/2840
f 2877/1581/2903 2878/1582/2904 3212/1516/2840
f 3212/1516/2840 2878/1582/2904 3211/1518/2842
f 2878/1582/2904 2879/1583/2905 3211/1518/2842
f 3211/1518/2842 2879/1583/2905 3200/1520/2844
f 2879/1583/2905 2880/1584/2906 3200/1520/2844
f 3200/1520/2844 2880/1584/2906 3177/1522/2846
f 3177/1522/2846 2880/1584/2906 2913/1524/2848
f 2913/1524/2848 2880/1584/2906 2881/1585/2907
f 2913/1524/2848 2881/1585/2907 3176/1526/2850
f 3176/1526/2850 2881/1585/2907 3154/1528/2852
f 2881/1585/2907 2882/1586/2908 3154/1528/2852
f 3154/1528/2852 2882/1586/2908 3153/1530/2854
f 2882/1586/2908 2883/1587/2909 3153/1530/2854
f 3153/1530/2854 2883/1587/2909 3141/1532/2856
f 2883/1587/2909 2884/1588/2910 3141/1532/2856
f 3141/1532/2856 2884/1588/2910 2885/1589/2911
f 3141/1532/2856 2885/1589/2911 3129/1534/2858
f 3129/1534/2858 2885/1589/2911 2886/1590/2912
f 3129/1534/2858 2886/1590/2912 3117/1536/2860
f 3117/1536/2860 2886/1590/2912 2887/1591/2913
f 3117/1536/2860 2887/1591/2913 2888/1592/2914
f 3117/1536/2860 2888/1592/2914 3105/1538/2862
f 3105/1538/2862 2888/1592/2914 2889/1593/2915
f 3105/1538/2862 2889/1593/2915 2890/1594/2916
f 3105/1538/2862 2890/1594/2916 3093/1540/2864
f 3093/1540/2864 2890/1594/2916 2891/1595/2917
f 3093/1540/2864 2891/1595/2917 2892/1596/2918
f 3093/1540/2864 2892/1596/2918 3081/1542/2866
f 3081/1542/2866 2892/1596/2918 2893/1597/2919
f 3081/1542/2866 2893/1597/2919 3069/1544/2868
f 3069/1544/2868 2893/1597/2919 2894/1598/2920
f 3069/1544/2868 2894/1598/2920 2895/1599/2921
f 3069/1544/2868 2895/1599/2921 3057/1546/2870
f 3057/1546/2870 2895/1599/2921 2896/1600/2922
f 3057/1546/2870 2896/1600/2922 3034/1548/2872
f 3034/1548/2872 2896/1600/2922 2910/1550/2874
f 2896/1600/2922 2897/1601/2923 2910/1550/2874
f 2910/1550/2874 2897/1601/2923 3013/1552/2876
f 2897/1601/2923 2898/1602/2924 3013/1552/2876
f 3013/1552/2876 2898/1602/2924 3012/1554/2878
f 2898/1602/2924 2899/1603/2925 3012/1554/2878
f 3012/1554/2878 2899/1603/2925 3000/1556/2880
f 2899/1603/2925 2900/1604/2926 3000/1556/2880
f 3000/1556/2880 2900/1604/2926 2976/1558/2882
f 2900/1604/2926 2901/1605/2927 2976/1558/2882
f 2976/1558/2882 2901/1605/2927 2977/1560/2884
f 2977/1560/2884 2901/1605/2927 2907/1562/2886
f 2907/1562/2886 2901/1605/2927 2902/1606/2928
f 2907/1562/2886 2902/1606/2928 2954/1564/2888
f 2954/1564/2888 2902/1606/2928 2903/1607/2929
f 2954/1564/2888 2903/1607/2929 2942/1566/2890
f 2942/1566/2890 2903/1607/2929 2904/1608/2930
f 2942/1566/2890 2904/1608/2930 2905/1609/2931
f 2942/1566/2890 2905/1609/2931 2930/1184/2553
f 2930/1184/2553 2905/1609/2931 2906/1182/2551
f 2936/1321/2685 2924/1320/2684 2923/1345/2709
f 2923/1345/2709 2922/1347/2711 2935/1610/2932
f 2935/1610/2932 2922/1347/2711 2934/1349/2713
f 2935/1610/2932 2934/1349/2713 2947/1611/2933
f 2947/1611/2933 2934/1349/2713 2946/1351/2715
f 2947/1611/2933 2946/1351/2715 2958/1612/2934
f 2958/1612/2934 2946/1351/2715 2957/1353/2717
f 2958/1612/2934 2957/1353/2717 2984/1613/2935
f 2984/1613/2935 2957/1353/2717 2985/1355/2719
f 2984/1613/2935 2985/1355/2719 2969/1614/2936
f 2969/1614/2936 2985/1355/2719 2968/1357/2721
f 2969/1614/2936 2968/1357/2721 2993/1615/2937
f 2993/1615/2937 2968/1357/2721 2992/1359/2723
f 2993/1615/2937 2992/1359/2723 3005/1616/2938
f 3005/1616/2938 2992/1359/2723 3004/1361/2725
f 3005/1616/2938 3004/1361/2725 3020/1617/2939
f 3020/1617/2939 3004/1361/2725 3021/1363/2727
f 3020/1617/2939 3021/1363/2727 3027/1618/2940
f 3027/1618/2940 3021/1363/2727 3026/1365/2729
f 3027/1618/2940 3026/1365/2729 3041/1619/2941
f 3041/1619/2941 3026/1365/2729 3042/1367/2731
f 3041/1619/2941 3042/1367/2731 3050/1620/2942
f 3050/1620/2942 3042/1367/2731 3049/1369/2733
f 3050/1620/2942 3049/1369/2733 3062/1621/2943
f 3062/1621/2943 3049/1369/2733 3061/1371/2735
f 3062/1621/2943 3061/1371/2735 3074/1622/2944
f 3074/1622/2944 3061/1371/2735 3073/1373/2737
f 3074/1622/2944 3073/1373/2737 3086/1623/2945
f 3086/1623/2945 3073/1373/2737 3085/1375/2739
f 3086/1623/2945 3085/1375/2739 3098/1624/2946
f 3098/1624/2946 3085/1375/2739 3097/1377/2741
f 3098/1624/2946 3097/1377/2741 3110/1625/2947
f 3110/1625/2947 3097/1377/2741 3109/1379/2743
f 3110/1625/2947 3109/1379/2743 3122/1626/2948
f 3122/1626/2948 3109/1379/2743 3121/1381/2745
f 3122/1626/2948 3121/1381/2745 3134/1627/2949
f 3134/1627/2949 3121/1381/2745 3133/1383/2747
f 3134/1627/2949 3133/1383/2747 3146/1628/2950
f 3146/1628/2950 3133/1383/2747 3145/1385/2749
f 3146/1628/2950 3145/1385/2749 3161/1629/2951
f 3161/1629/2951 3145/1385/2749 3162/1387/2751
f 3161/1629/2951 3162/1387/2751 3169/1630/2952
f 3169/1630/2952 3162/1387/2751 3168/1389/2753
f 3169/1630/2952 3168/1389/2753 3320/1631/2953
f 3320/1631/2953 3168/1389/2753 3319/1391/2755
f 3320/1631/2953 3319/1391/2755 3184/1632/2954
f 3184/1632/2954 3319/1391/2755 3185/1393/2757
f 3184/1632/2954 3185/1393/2757 3193/1633/2955
f 3193/1633/2955 3185/1393/2757 3192/1395/2759
f 3193/1633/2955 3192/1395/2759 3204/1288/2653
f 3204/1288/2653 3192/1395/2759 3203/1286/2651
f 2941/1565/2889 2929/1186/2555 2928/1188/2557
f 2928/1188/2557 2927/1190/2559 2940/1634/2956
f 2940/1634/2956 2927/1190/2559 2939/1192/2561
f 2940/1634/2956 2939/1192/2561 2952/1635/2957
f 2952/1635/2957 2939/1192/2561 2951/1194/2563
f 2952/1635/2957 2951/1194/2563 2963/1636/2958
f 2963/1636/2958 2951/1194/2563 2962/1196/2565
f 2963/1636/2958 2962/1196/2565 2979/1637/2959
f 2979/1637/2959 2962/1196/2565 2980/1198/2567
f 2979/1637/2959 2980/1198/2567 2974/1638/2960
f 2974/1638/2960 2980/1198/2567 2973/1200/2569
f 2974/1638/2960 2973/1200/2569 2998/1639/2961
f 2998/1639/2961 2973/1200/2569 2997/1202/2571
f 2998/1639/2961 2997/1202/2571 3010/1640/2962
f 3010/1640/2962 2997/1202/2571 3009/1204/2573
f 3010/1640/2962 3009/1204/2573 3015/1641/2963
f 3015/1641/2963 3009/1204/2573 3016/1206/2575
f 3015/1641/2963 3016/1206/2575 3032/1642/2964
f 3032/1642/2964 3016/1206/2575 3031/1208/2577
f 3032/1642/2964 3031/1208/2577 3036/1643/2965
f 3036/1643/2965 3031/1208/2577 3037/1210/2579
f 3036/1643/2965 3037/1210/2579 3055/1644/2966
f 3055/1644/2966 3037/1210/2579 3054/1212/2581
f 3055/1644/2966 3054/1212/2581 3067/1645/2967
f 3067/1645/2967 3054/1212/2581 3066/1214/2583
f 3067/1645/2967 3066/1214/2583 3079/1646/2968
f 3079/1646/2968 3066/1214/2583 3078/1216/2585
f 3079/1646/2968 3078/1216/2585 3091/1647/2969
f 3091/1647/2969 3078/1216/2585 3090/1218/2587
f 3091/1647/2969 3090/1218/2587 3103/1648/2970
f 3103/1648/2970 3090/1218/2587 3102/1220/2589
f 3103/1648/2970 3102/1220/2589 3115/1649/2971
f 3115/1649/2971 3102/1220/2589 3114/1222/2591
f 3115/1649/2971 3114/1222/2591 3127/1650/2972
f 3127/1650/2972 3114/1222/2591 3126/1224/2593
f 3127/1650/2972 3126/1224/2593 3139/1651/2973
f 3139/1651/2973 3126/1224/2593 3138/1226/2595
f 3139/1651/2973 3138/1226/2595 3151/1652/2974
f 3151/1652/2974 3138/1226/2595 3150/1228/2597
f 3151/1652/2974 3150/1228/2597 3156/1653/2975
f 3156/1653/2975 3150/1228/2597 3157/1230/2599
f 3156/1653/2975 3157/1230/2599 3174/1654/2976
f 3174/1654/2976 3157/1230/2599 3173/1232/2601
f 3174/1654/2976 3173/1232/2601 3325/1655/2977
f 3325/1655/2977 3173/1232/2601 3324/1234/2603
f 3325/1655/2977 3324/1234/2603 3179/1656/2978
f 3179/1656/2978 3324/1234/2603 3180/1236/2605
f 3179/1656/2978 3180/1236/2605 3198/1657/2979
f 3198/1657/2979 3180/1236/2605 3197/1238/2607
f 3198/1657/2979 3197/1238/2607 3209/1658/2980
f 3209/1658/2980 3197/1238/2607 3208/1240/2609
f 3209/1658/2980 3208/1240/2609 3214/1659/2981
f 3214/1659/2981 3208/1240/2609 3215/1242/2611
f 3214/1659/2981 3215/1242/2611 3233/1660/2982
f 3233/1660/2982 3215/1242/2611 3232/1244/2613
f 3233/1660/2982 3232/1244/2613 3245/1661/2983
f 3245/1661/2983 3232/1244/2613 3244/1246/2615
f 3245/1661/2983 3244/1246/2615 3257/1662/2984
f 3257/1662/2984 3244/1246/2615 3256/1248/2617
f 3257/1662/2984 3256/1248/2617 3261/1663/2985
f 3261/1663/2985 3256/1248/2617 3262/1250/2619
f 3261/1663/2985 3262/1250/2619 3279/1664/2986
f 3279/1664/2986 3262/1250/2619 3278/1252/2621
f 3279/1664/2986 3278/1252/2621 3289/1665/2987
f 3289/1665/2987 3278/1252/2621 3288/1254/2623
f 3289/1665/2987 3288/1254/2623 3300/1666/2988
f 3300/1666/2988 3288/1254/2623 3299/1256/2625
f 3300/1666/2988 3299/1256/2625 3312/1497/2822
f 3312/1497/2822 3299/1256/2625 3311/1258/2627
f 2948/1322/2686 2936/1321/2685 2935/1610/2932
f 2935/1610/2932 2936/1321/2685 2923/1345/2709
f 2948/1322/2686 2935/1610/2932 2947/1611/2933
f 2953/1563/2887 2941/1565/2889 2940/1634/2956
f 2940/1634/2956 2941/1565/2889 2928/1188/2557
f 2953/1563/2887 2940/1634/2956 2952/1635/2957
f 2959/1323/2687 2948/1322/2686 2947/1611/2933
f 2959/1323/2687 2947/1611/2933 2958/1612/2934
f 2964/1561/2885 2953/1563/2887 2952/1635/2957
f 2964/1561/2885 2952/1635/2957 2963/1636/2958
f 2983/1324/2688 2959/1323/2687 2958/1612/2934
f 2983/1324/2688 2958/1612/2934 2984/1613/2935
f 2978/1559/2883 2964/1561/2885 2963/1636/2958
f 2978/1559/2883 2963/1636/2958 2979/1637/2959
f 2983/1324/2688 2984/1613/2935 2970/1325/2689
f 2970/1325/2689 2984/1613/2935 2969/1614/2936
f 2970/1325/2689 2969/1614/2936 2994/1326/2690
f 2994/1326/2690 2969/1614/2936 2993/1615/2937
f 2994/1326/2690 2993/1615/2937 3006/1327/2691
f 3006/1327/2691 2993/1615/2937 3005/1616/2938
f 3006/1327/2691 3005/1616/2938 3019/1328/2692
f 3019/1328/2692 3005/1616/2938 3020/1617/2939
f 3019/1328/2692 3020/1617/2939 3028/1329/2693
f 3028/1329/2693 3020/1617/2939 3027/1618/2940
f 3028/1329/2693 3027/1618/2940 3040/1330/2694
f 3040/1330/2694 3027/1618/2940 3041/1619/2941
f 3040/1330/2694 3041/1619/2941 3051/1331/2695
f 3051/1331/2695 3041/1619/2941 3050/1620/2942
f 3051/1331/2695 3050/1620/2942 3063/1332/2696
f 3063/1332/2696 3050/1620/2942 3062/1621/2943
f 3063/1332/2696 3062/1621/2943 3075/1333/2697
f 3075/1333/2697 3062/1621/2943 3074/1622/2944
f 3075/1333/2697 3074/1622/2944 3087/1334/2698
f 3087/1334/2698 3074/1622/2944 3086/1623/2945
f 3087/1334/2698 3086/1623/2945 3099/1335/2699
f 3099/1335/2699 3086/1623/2945 3098/1624/2946
f 3099/1335/2699 3098/1624/2946 3111/1336/2700
f 3111/1336/2700 3098/1624/2946 3110/1625/2947
f 3111/1336/2700 3110/1625/2947 3123/1337/2701
f 3123/1337/2701 3110/1625/2947 3122/1626/2948
f 3123/1337/2701 3122/1626/2948 3135/1338/2702
f 3135/1338/2702 3122/1626/2948 3134/1627/2949
f 3135/1338/2702 3134/1627/2949 3147/1339/2703
f 3147/1339/2703 3134/1627/2949 3146/1628/2950
f 3147/1339/2703 3146/1628/2950 3160/1340/2704
f 3160/1340/2704 3146/1628/2950 3161/1629/2951
f 3160/1340/2704 3161/1629/2951 3170/1341/2705
f 3170/1341/2705 3161/1629/2951 3169/1630/2952
f 3170/1341/2705 3169/1630/2952 3321/1342/2706
f 3321/1342/2706 3169/1630/2952 3320/1631/2953
f 3321/1342/2706 3320/1631/2953 3183/1343/2707
f 3183/1343/2707 3320/1631/2953 3184/1632/2954
f 3183/1343/2707 3184/1632/2954 3194/1344/2708
f 3194/1344/2708 3184/1632/2954 3193/1633/2955
f 3194/1344/2708 3193/1633/2955 3205/1290/2655
f 3205/1290/2655 3193/1633/2955 3204/1288/2653
f 2978/1559/2883 2979/1637/2959 2975/1557/2881
f 2975/1557/2881 2979/1637/2959 2974/1638/2960
f 2975/1557/2881 2974/1638/2960 2999/1555/2879
f 2999/1555/2879 2974/1638/2960 2998/1639/2961
f 2999/1555/2879 2998/1639/2961 3011/1553/2877
f 3011/1553/2877 2998/1639/2961 3010/1640/2962
f 3011/1553/2877 3010/1640/2962 3014/1551/2875
f 3014/1551/2875 3010/1640/2962 3015/1641/2963
f 3014/1551/2875 3015/1641/2963 3033/1549/2873
f 3033/1549/2873 3015/1641/2963 3032/1642/2964
f 3033/1549/2873 3032/1642/2964 3035/1547/2871
f 3035/1547/2871 3032/1642/2964 3036/1643/2965
f 3035/1547/2871 3036/1643/2965 3056/1545/2869
f 3056/1545/2869 3036/1643/2965 3055/1644/2966
f 3056/1545/2869 3055/1644/2966 3068/1543/2867
f 3068/1543/2867 3055/1644/2966 3067/1645/2967
f 3068/1543/2867 3067/1645/2967 3080/1541/2865
f 3080/1541/2865 3067/1645/2967 3079/1646/2968
f 3080/1541/2865 3079/1646/2968 3092/1539/2863
f 3092/1539/2863 3079/1646/2968 3091/1647/2969
f 3092/1539/2863 3091/1647/2969 3104/1537/2861
f 3104/1537/2861 3091/1647/2969 3103/1648/2970
f 3104/1537/2861 3103/1648/2970 3116/1535/2859
f 3116/1535/2859 3103/1648/2970 3115/1649/2971
f 3116/1535/2859 3115/1649/2971 3128/1533/2857
f 3128/1533/2857 3115/1649/2971 3127/1650/2972
f 3128/1533/2857 3127/1650/2972 3140/1531/2855
f 3140/1531/2855 3127/1650/2972 3139/1651/2973
f 3140/1531/2855 3139/1651/2973 3152/1529/2853
f 3152/1529/2853 3139/1651/2973 3151/1652/2974
f 3152/1529/2853 3151/1652/2974 3155/1527/2851
f 3155/1527/2851 3151/1652/2974 3156/1653/2975
f 3155/1527/2851 3156/1653/2975 3175/1525/2849
f 3175/1525/2849 3156/1653/2975 3174/1654/2976
f 3175/1525/2849 3174/1654/2976 3326/1523/2847
f 3326/1523/2847 3174/1654/2976 3325/1655/2977
f 3326/1523/2847 3325/1655/2977 3178/1521/2845
f 3178/1521/2845 3325/1655/2977 3179/1656/2978
f 3178/1521/2845 3179/1656/2978 3199/1519/2843
f 3199/1519/2843 3179/1656/2978 3198/1657/2979
f 3199/1519/2843 3198/1657/2979 3210/1517/2841
f 3210/1517/2841 3198/1657/2979 3209/1658/2980
f 3210/1517/2841 3209/1658/2980 3213/1515/2839
f 3213/1515/2839 3209/1658/2980 3214/1659/2981
f 3213/1515/2839 3214/1659/2981 3234/1513/2837
f 3234/1513/2837 3214/1659/2981 3233/1660/2982
f 3234/1513/2837 3233/1660/2982 3246/1511/2835
f 3246/1511/2835 3233/1660/2982 3245/1661/2983
f 3246/1511/2835 3245/1661/2983 3258/1509/2833
f 3258/1509/2833 3245/1661/2983 3257/1662/2984
f 3258/1509/2833 3257/1662/2984 3260/1507/2831
f 3260/1507/2831 3257/1662/2984 3261/1663/2985
f 3260/1507/2831 3261/1663/2985 3280/1505/2829
f 3280/1505/2829 3261/1663/2985 3279/1664/2986
f 3280/1505/2829 3279/1664/2986 3290/1503/2827
f 3290/1503/2827 3279/1664/2986 3289/1665/2987
f 3290/1503/2827 3289/1665/2987 3301/1501/2825
f 3301/1501/2825 3289/1665/2987 3300/1666/2988
f 3301/1501/2825 3300/1666/2988 3313/1499/2823
f 3313/1499/2823 3300/1666/2988 3312/1497/2822
f 3216/1243/2612 3217/1291/2656 3231/1245/2614
f 3231/1245/2614 3217/1291/2656 3230/1667/2989
f 3231/1245/2614 3230/1667/2989 3243/1247/2616
f 3243/1247/2616 3230/1667/2989 3242/1668/2990
f 3243/1247/2616 3242/1668/2990 3255/1249/2618
f 3255/1249/2618 3242/1668/2990 3254/1669/2991
f 3255/1249/2618 3254/1669/2991 3263/1251/2620
f 3263/1251/2620 3254/1669/2991 3264/1670/2992
f 3263/1251/2620 3264/1670/2992 3277/1253/2622
f 3277/1253/2622 3264/1670/2992 3276/1671/2993
f 3277/1253/2622 3276/1671/2993 3287/1255/2624
f 3287/1255/2624 3276/1671/2993 3286/1672/2994
f 3287/1255/2624 3286/1672/2994 3298/1257/2626
f 3298/1257/2626 3286/1672/2994 3297/1673/2995
f 3298/1257/2626 3297/1673/2995 3310/1259/2628
f 3310/1259/2628 3297/1673/2995 3309/1262/2630
f 3217/1291/2656 3218/1289/2654 3230/1667/2989
f 3230/1667/2989 3218/1289/2654 3229/1674/2996
f 3230/1667/2989 3229/1674/2996 3242/1668/2990
f 3242/1668/2990 3229/1674/2996 3241/1675/2997
f 3242/1668/2990 3241/1675/2997 3254/1669/2991
f 3254/1669/2991 3241/1675/2997 3253/1676/2998
f 3254/1669/2991 3253/1676/2998 3264/1670/2992
f 3264/1670/2992 3253/1676/2998 3265/1677/2999
f 3264/1670/2992 3265/1677/2999 3276/1671/2993
f 3276/1671/2993 3265/1677/2999 3275/1678/3000
f 3276/1671/2993 3275/1678/3000 3286/1672/2994
f 3286/1672/2994 3275/1678/3000 3285/1679/3001
f 3286/1672/2994 3285/1679/3001 3297/1673/2995
f 3297/1673/2995 3285/1679/3001 3296/1264/2632
f 3297/1673/2995 3296/1264/2632 3309/1262/2630
f 3218/1289/2654 3219/1287/2652 3229/1674/2996
f 3229/1674/2996 3219/1287/2652 3228/1680/3002
f 3229/1674/2996 3228/1680/3002 3241/1675/2997
f 3241/1675/2997 3228/1680/3002 3240/1681/3003
f 3241/1675/2997 3240/1681/3003 3253/1676/2998
f 3253/1676/2998 3240/1681/3003 3252/1682/3004
f 3253/1676/2998 3252/1682/3004 3265/1677/2999
f 3265/1677/2999 3252/1682/3004 3266/1683/3005
f 3265/1677/2999 3266/1683/3005 3275/1678/3000
f 3275/1678/3000 3266/1683/3005 3274/1684/3006
f 3275/1678/3000 3274/1684/3006 3285/1679/3001
f 3285/1679/3001 3274/1684/3006 3284/1266/2634
f 3285/1679/3001 3284/1266/2634 3296/1264/2632
f 3219/1287/2652 3220/1285/2650 3228/1680/3002
f 3228/1680/3002 3220/1285/2650 3227/1685/3007
f 3228/1680/3002 3227/1685/3007 3240/1681/3003
f 3240/1681/3003 3227/1685/3007 3239/1686/3008
f 3240/1681/3003 3239/1686/3008 3252/1682/3004
f 3252/1682/3004 3239/1686/3008 3251/1687/3009
f 3252/1682/3004 3251/1687/3009 3266/1683/3005
f 3266/1683/3005 3251/1687/3009 3267/1688/3010
f 3266/1683/3005 3267/1688/3010 3274/1684/3006
f 3274/1684/3006 3267/1688/3010 3273/1268/2636
f 3274/1684/3006 3273/1268/2636 3284/1266/2634
f 3220/1285/2650 3221/1283/2648 3227/1685/3007
f 3227/1685/3007 3221/1283/2648 3226/1689/3011
f 3227/1685/3007 3226/1689/3011 3239/1686/3008
f 3239/1686/3008 3226/1689/3011 3238/1690/3012
f 3239/1686/3008 3238/1690/3012 3251/1687/3009
f 3251/1687/3009 3238/1690/3012 3250/1691/3013
f 3251/1687/3009 3250/1691/3013 3267/1688/3010
f 3267/1688/3010 3250/1691/3013 3268/1270/2638
f 3267/1688/3010 3268/1270/2638 3273/1268/2636
f 3221/1283/2648 3222/1281/2646 3226/1689/3011
f 3226/1689/3011 3222/1281/2646 3225/1692/3014
f 3226/1689/3011 3225/1692/3014 3238/1690/3012
f 3238/1690/3012 3225/1692/3014 3237/1693/3015
f 3238/1690/3012 3237/1693/3015 3250/1691/3013
f 3250/1691/3013 3237/1693/3015 3249/1272/2640
f 3250/1691/3013 3249/1272/2640 3268/1270/2638
f 3222/1281/2646 3223/1279/2644 3225/1692/3014
f 3225/1692/3014 3223/1279/2644 3224/1277/2643
f 3225/1692/3014 3224/1277/2643 3237/1693/3015
f 3237/1693/3015 3224/1277/2643 3236/1274/2642
f 3237/1693/3015 3236/1274/2642 3249/1272/2640
f 3269/1271/2639 2917/1478/2813 3271/1694/3016
f 3271/1694/3016 2917/1478/2813 3270/1480/2814
f 3271/1694/3016 3270/1480/2814 3281/1482/2815
f 3269/1271/2639 3248/1273/2641 2917/1478/2813
f 3282/1493/2820 3272/1269/2637 3271/1694/3016
f 3271/1694/3016 3272/1269/2637 3269/1271/2639
f 3282/1493/2820 3271/1694/3016 3281/1482/2815
f 3291/1504/2828 3292/1571/2894 2918/1506/2830
f 3293/1485/2816 3282/1493/2820 3281/1482/2815
f 3316/1574/2897 3303/1569/2892 3315/1568/2891
f 2798/1099/2549 3361/1100/3017 2775/1101/2493
f 2775/1101/2493 3361/1100/3017 3382/1102/2491
f 2775/1101/2493 3382/1102/2491 2776/1103/2491
f 2776/1103/2491 3382/1102/2491 2777/1104/3018
f 2777/1104/3018 3382/1102/2491 3381/1105/2496
f 2777/1104/3018 3381/1105/2496 2778/1106/2499
f 2778/1106/2499 3381/1105/2496 3380/1107/2499
f 2778/1106/2499 3380/1107/2499 2779/1108/2502
f 2779/1108/2502 3380/1107/2499 3379/1109/3019
f 2779/1108/2502 3379/1109/3019 2780/1110/2506
f 2780/1110/2506 3379/1109/3019 3378/1111/2506
f 2780/1110/2506 3378/1111/2506 2781/1112/769
f 2781/1112/769 3378/1111/2506 3377/1113/770
f 2781/1112/769 3377/1113/770 2782/1114/2509
f 2782/1114/2509 3377/1113/770 3376/1115/3020
f 2782/1114/2509 3376/1115/3020 2783/1116/3021
f 2783/1116/3021 3376/1115/3020 3375/1117/3022
f 2783/1116/3021 3375/1117/3022 2784/1118/3023
f 2784/1118/3023 3375/1117/3022 3374/1119/3023
f 2784/1118/3023 3374/1119/3023 2785/1120/3024
f 2785/1120/3024 3374/1119/3023 3373/1121/3024
f 2785/1120/3024 3373/1121/3024 2786/1122/2516
f 2786/1122/2516 3373/1121/3024 3372/1123/3025
f 2786/1122/2516 3372/1123/3025 2787/1124/2521
f 2787/1124/2521 3372/1123/3025 3359/1125/3026
f 2787/1126/2521 3359/1127/3026 2788/1128/2526
f 2788/1128/2526 3359/1127/3026 3371/1129/3027
f 2788/1128/2526 3371/1129/3027 2789/1130/3028
f 2789/1130/3028 3371/1129/3027 3370/1131/3028
f 2789/1130/3028 3370/1131/3028 2790/1132/2533
f 2790/1132/2533 3370/1131/3028 3369/1133/2533
f 2790/1132/2533 3369/1133/2533 2791/1134/3029
f 2791/1134/3029 3369/1133/2533 3368/1135/3029
f 2791/1134/3029 3368/1135/3029 2792/1136/2536
f 2792/1136/2536 3368/1135/3029 3367/1137/2536
f 2792/1136/2536 3367/1137/2536 2793/1138/751
f 2793/1138/751 3367/1137/2536 3366/1139/751
f 2793/1138/751 3366/1139/751 2794/1140/2539
f 2794/1140/2539 3366/1139/751 3365/1141/3030
f 2794/1140/2539 3365/1141/3030 2795/1142/3031
f 2795/1142/3031 3365/1141/3030 3364/1143/3031
f 2795/1142/3031 3364/1143/3031 2796/1144/3032
f 2796/1144/3032 3364/1143/3031 3363/1145/3033
f 2796/1144/3032 3363/1145/3033 2797/1146/2546
f 2797/1146/2546 3363/1145/3033 3362/1147/3034
f 2797/1146/2546 3362/1147/3034 2798/1099/2549
f 2798/1099/2549 3362/1147/3034 3360/1148/2549
f 2798/1099/2549 3360/1148/2549 3361/1100/3017
f 3361/1100/3017 3360/1148/2549 3342/1149/3035
f 3361/1100/3017 3342/1149/3035 3343/1150/2494
f 3358/1151/3036 3327/1152/2521 3359/1125/3026
f 3359/1127/3026 3327/1153/2521 3328/1154/3037
f 3359/1127/3026 3328/1154/3037 3371/1129/3027
f 3371/1129/3027 3328/1154/3037 3329/1155/3038
f 3371/1129/3027 3329/1155/3038 3370/1131/3028
f 3370/1131/3028 3329/1155/3038 3330/1156/3039
f 3370/1131/3028 3330/1156/3039 3331/1157/3040
f 3370/1131/3028 3331/1157/3040 3369/1133/2533
f 3369/1133/2533 3331/1157/3040 3332/1158/3041
f 3369/1133/2533 3332/1158/3041 3368/1135/3029
f 3368/1135/3029 3332/1158/3041 3333/1159/3042
f 3368/1135/3029 3333/1159/3042 3367/1137/2536
f 3367/1137/2536 3333/1159/3042 3334/1160/3043
f 3367/1137/2536 3334/1160/3043 3335/1161/3044
f 3367/1137/2536 3335/1161/3044 3366/1139/751
f 3366/1139/751 3335/1161/3044 3336/1162/3045
f 3366/1139/751 3336/1162/3045 3365/1141/3030
f 3365/1141/3030 3336/1162/3045 3337/1163/3046
f 3365/1141/3030 3337/1163/3046 3364/1143/3031
f 3364/1143/3031 3337/1163/3046 3338/1164/3047
f 3364/1143/3031 3338/1164/3047 3339/1165/3048
f 3364/1143/3031 3339/1165/3048 3363/1145/3033
f 3363/1145/3033 3339/1165/3048 3340/1166/3049
f 3363/1145/3033 3340/1166/3049 3362/1147/3034
f 3362/1147/3034 3340/1166/3049 3341/1167/3050
f 3362/1147/3034 3341/1167/3050 3360/1148/2549
f 3360/1148/2549 3341/1167/3050 3342/1149/3035
f 3343/1150/2494 3344/1168/3051 3361/1100/3017
f 3361/1100/3017 3344/1168/3051 3382/1102/2491
f 3344/1168/3051 3345/1169/3052 3382/1102/2491
f 3382/1102/2491 3345/1169/3052 3381/1105/2496
f 3345/1169/3052 3346/1170/3053 3381/1105/2496
f 3381/1105/2496 3346/1170/3053 3380/1107/2499
f 3346/1170/3053 3347/1171/3054 3380/1107/2499
f 3380/1107/2499 3347/1171/3054 3379/1109/3019
f 3347/1171/3054 3348/1172/3055 3379/1109/3019
f 3379/1109/3019 3348/1172/3055 3349/1173/3056
f 3379/1109/3019 3349/1173/3056 3378/1111/2506
f 3378/1111/2506 3349/1173/3056 3350/1174/3057
f 3378/1111/2506 3350/1174/3057 3377/1113/770
f 3377/1113/770 3350/1174/3057 3351/1175/3058
f 3377/1113/770 3351/1175/3058 3376/1115/3020
f 3376/1115/3020 3351/1175/3058 3352/1176/3059
f 3376/1115/3020 3352/1176/3059 3353/1177/3060
f 3376/1115/3020 3353/1177/3060 3375/1117/3022
f 3375/1117/3022 3353/1177/3060 3354/1178/3061
f 3375/1117/3022 3354/1178/3061 3374/1119/3023
f 3374/1119/3023 3354/1178/3061 3355/1179/3062
f 3374/1119/3023 3355/1179/3062 3373/1121/3024
f 3373/1121/3024 3355/1179/3062 3356/1180/3063
f 3373/1121/3024 3356/1180/3063 3357/1181/3064
f 3373/1121/3024 3357/1181/3064 3372/1123/3025
f 3372/1123/3025 3357/1181/3064 3358/1151/3036
f 3372/1123/3025 3358/1151/3036 3359/1125/3026
f 3383/1009/3065 3327/1010/3066 3414/1011/3067
f 3414/1011/3067 3327/1010/3066 3358/1012/3068
f 3414/1011/3067 3358/1012/3068 3418/1013/3069
f 3418/1013/3069 3358/1012/3068 3357/1014/3070
f 3418/1013/3069 3357/1014/3070 3356/1015/3071
f 3418/1013/3069 3356/1015/3071 3417/1016/3072
f 3417/1016/3072 3356/1015/3071 3355/1017/3073
f 3417/1016/3072 3355/1017/3073 3354/1018/3074
f 3417/1016/3072 3354/1018/3074 3419/1019/3075
f 3419/1019/3075 3354/1018/3074 3353/1020/3076
f 3419/1019/3075 3353/1020/3076 3352/1021/3077
f 3419/1019/3075 3352/1021/3077 3420/1022/3078
f 3420/1022/3078 3352/1021/3077 3351/1023/3079
f 3420/1022/3078 3351/1023/3079 3421/1024/3080
f 3421/1024/3080 3351/1023/3079 3350/1025/3081
f 3421/1024/3080 3350/1025/3081 3349/1026/3082
f 3421/1024/3080 3349/1026/3082 3422/1027/3083
f 3422/1027/3083 3349/1026/3082 3348/1028/3084
f 3422/1027/3083 3348/1028/3084 3416/1029/3085
f 3416/1029/3085 3348/1028/3084 3347/1030/3086
f 3416/1029/3085 3347/1030/3086 3415/1031/3087
f 3415/1031/3087 3347/1030/3086 3423/1032/3088
f 3415/1031/3087 3423/1032/3088 3403/1033/3089
f 3403/1033/3089 3423/1032/3088 3402/1034/3090
f 3402/1034/3090 3423/1032/3088 3424/1035/3091
f 3402/1034/3090 3424/1035/3091 3401/1036/3092
f 3401/1036/3092 3424/1035/3091 3425/1037/3093
f 3401/1036/3092 3425/1037/3093 3400/1038/3094
f 3400/1038/3094 3425/1037/3093 3426/1039/3095
f 3400/1038/3094 3426/1039/3095 3399/1040/3096
f 3399/1040/3096 3426/1039/3095 3427/1041/3097
f 3399/1040/3096 3427/1041/3097 3398/1042/3098
f 3398/1042/3098 3427/1041/3097 3428/1043/3099
f 3398/1042/3098 3428/1043/3099 3397/1044/3100
f 3397/1044/3100 3428/1043/3099 3429/1045/3101
f 3397/1044/3100 3429/1045/3101 3396/1046/3102
f 3396/1046/3102 3429/1045/3101 3430/1047/3103
f 3396/1046/3102 3430/1047/3103 3395/1048/3104
f 3395/1048/3104 3430/1047/3103 3431/1049/3105
f 3395/1048/3104 3431/1049/3105 3394/1050/3106
f 3394/1050/3106 3431/1049/3105 3432/1051/3107
f 3394/1050/3106 3432/1051/3107 3393/1052/3108
f 3393/1052/3108 3432/1051/3107 3433/1053/3109
f 3393/1052/3108 3433/1053/3109 3392/1054/3110
f 3392/1054/3110 3433/1053/3109 3434/1055/3111
f 3392/1054/3110 3434/1055/3111 3391/1056/3112
f 3391/1056/3112 3434/1055/3111 3390/1057/3113
f 3390/1057/3113 3434/1055/3111 3435/1058/3114
f 3390/1057/3113 3435/1058/3114 3389/1059/3115
f 3389/1059/3115 3435/1058/3114 3388/1060/3116
f 3388/1060/3116 3435/1058/3114 3436/1061/3117
f 3388/1060/3116 3436/1061/3117 3387/1062/3118
f 3387/1062/3118 3436/1061/3117 3386/1063/3119
f 3386/1063/3119 3436/1061/3117 3437/1064/3120
f 3386/1063/3119 3437/1064/3120 3385/1065/3121
f 3385/1065/3121 3437/1064/3120 3438/1066/3122
f 3385/1065/3121 3438/1066/3122 3384/1067/3123
f 3384/1067/3123 3438/1066/3122 3383/1068/3065
f 3383/1068/3065 3438/1066/3122 3328/1069/3124
f 3383/1068/3065 3328/1069/3124 3327/1070/3066
f 3347/1030/3086 3346/1071/3125 3423/1032/3088
f 3423/1032/3088 3346/1071/3125 3424/1035/3091
f 3346/1071/3125 3345/1072/3126 3424/1035/3091
f 3424/1035/3091 3345/1072/3126 3425/1037/3093
f 3345/1072/3126 3344/1073/3127 3425/1037/3093
f 3425/1037/3093 3344/1073/3127 3426/1039/3095
f 3344/1073/3127 3343/1074/3128 3426/1039/3095
f 3426/1039/3095 3343/1074/3128 3427/1041/3097
f 3343/1074/3128 3342/1075/3129 3427/1041/3097
f 3427/1041/3097 3342/1075/3129 3428/1043/3099
f 3342/1075/3129 3341/1076/3130 3428/1043/3099
f 3428/1043/3099 3341/1076/3130 3429/1045/3101
f 3341/1076/3130 3340/1077/3131 3429/1045/3101
f 3429/1045/3101 3340/1077/3131 3430/1047/3103
f 3340/1077/3131 3339/1078/3132 3430/1047/3103
f 3430/1047/3103 3339/1078/3132 3431/1049/3105
f 3339/1078/3132 3338/1079/3133 3431/1049/3105
f 3431/1049/3105 3338/1079/3133 3432/1051/3107
f 3338/1079/3133 3337/1080/3134 3432/1051/3107
f 3432/1051/3107 3337/1080/3134 3433/1053/3109
f 3337/1080/3134 3336/1081/3135 3433/1053/3109
f 3433/1053/3109 3336/1081/3135 3434/1055/3111
f 3336/1081/3135 3335/1082/3136 3434/1055/3111
f 3434/1055/3111 3335/1082/3136 3334/1083/3137
f 3434/1055/3111 3334/1083/3137 3435/1058/3114
f 3435/1058/3114 3334/1083/3137 3333/1084/3138
f 3435/1058/3114 3333/1084/3138 3332/1085/3139
f 3435/1058/3114 3332/1085/3139 3436/1061/3117
f 3436/1061/3117 3332/1085/3139 3331/1086/3140
f 3436/1061/3117 3331/1086/3140 3330/1087/3141
f 3436/1061/3117 3330/1087/3141 3437/1064/3120
f 3437/1064/3120 3330/1087/3141 3329/1088/3142
f 3437/1064/3120 3329/1088/3142 3438/1066/3122
f 3438/1066/3122 3329/1088/3142 3328/1069/3124
f 3403/1033/3089 3404/1089/3143 3415/1031/3087
f 3415/1031/3087 3404/1089/3143 3416/1029/3085
f 3416/1029/3085 3404/1089/3143 3422/1027/3083
f 3422/1027/3083 3404/1089/3143 3405/1090/3144
f 3422/1027/3083 3405/1090/3144 3421/1024/3080
f 3421/1024/3080 3405/1090/3144 3406/1091/3145
f 3421/1024/3080 3406/1091/3145 3407/1092/3146
f 3421/1024/3080 3407/1092/3146 3420/1022/3078
f 3420/1022/3078 3407/1092/3146 3408/1093/3147
f 3420/1022/3078 3408/1093/3147 3409/1094/3148
f 3420/1022/3078 3409/1094/3148 3419/1019/3075
f 3419/1019/3075 3409/1094/3148 3410/1095/3149
f 3419/1019/3075 3410/1095/3149 3417/1016/3072
f 3417/1016/3072 3410/1095/3149 3411/1096/3150
f 3417/1016/3072 3411/1096/3150 3412/1097/3151
f 3417/1016/3072 3412/1097/3151 3418/1013/3069
f 3418/1013/3069 3412/1097/3151 3413/1098/3152
f 3418/1013/3069 3413/1098/3152 3414/1011/3067
f 3440/1759/3153 3486/1760/3153 3439/1761/3153
f 3439/1761/3153 3486/1760/3153 3463/345/3153
f 3439/1761/3153 3463/345/3153 3462/1762/3153
f 3462/1762/3153 3463/345/3153 3464/1763/3153
f 3462/1762/3153 3464/1763/3153 3461/1764/3154
f 3461/1764/3154 3464/1763/3153 3465/1765/3153
f 3461/1764/3154 3465/1765/3153 3460/1766/3153
f 3460/1766/3153 3465/1765/3153 3466/1767/3153
f 3460/1766/3153 3466/1767/3153 3467/1768/3153
f 3486/1760/3153 3440/1759/3153 3485/1769/3153
f 3485/1769/3153 3440/1759/3153 3441/1770/3155
f 3485/1769/3153 3441/1770/3155 3484/1771/3153
f 3484/1771/3153 3441/1770/3155 3442/1772/3155
f 3484/1771/3153 3442/1772/3155 3443/1773/3153
f 3484/1771/3153 3443/1773/3153 3483/1774/3153
f 3483/1774/3153 3443/1773/3153 3444/1775/3155
f 3483/1774/3153 3444/1775/3155 3482/1776/3153
f 3482/1776/3153 3444/1775/3155 3445/1777/3153
f 3482/1776/3153 3445/1777/3153 3481/1778/3153
f 3481/1778/3153 3445/1777/3153 3446/1779/3153
f 3481/1778/3153 3446/1779/3153 3480/1780/3153
f 3480/1780/3153 3446/1779/3153 3447/1781/3153
f 3480/1780/3153 3447/1781/3153 3479/1782/3153
f 3479/1782/3153 3447/1781/3153 3448/1783/3153
f 3479/1782/3153 3448/1783/3153 3478/1784/3153
f 3478/1784/3153 3448/1783/3153 3477/1785/3153
f 3477/1785/3153 3448/1783/3153 3449/1786/3153
f 3477/1785/3153 3449/1786/3153 3476/1787/3153
f 3476/1787/3153 3449/1786/3153 3450/1788/3156
f 3476/1787/3153 3450/1788/3156 3475/1789/3153
f 3475/1789/3153 3450/1788/3156 3451/1790/3153
f 3475/1789/3153 3451/1790/3153 3474/1791/3153
f 3474/1791/3153 3451/1790/3153 3452/1792/3153
f 3474/1791/3153 3452/1792/3153 3473/1793/3153
f 3473/1793/3153 3452/1792/3153 3453/1794/3155
f 3473/1793/3153 3453/1794/3155 3454/1795/3153
f 3473/1793/3153 3454/1795/3153 3472/1796/3153
f 3472/1796/3153 3454/1795/3153 3455/1797/3153
f 3472/1796/3153 3455/1797/3153 3471/1798/3153
f 3471/1798/3153 3455/1797/3153 3456/1799/3153
f 3471/1798/3153 3456/1799/3153 3470/1800/3153
f 3470/1800/3153 3456/1799/3153 3457/1801/3153
f 3470/1800/3153 3457/1801/3153 3469/1802/3153
f 3469/1802/3153 3457/1801/3153 3458/1803/3153
f 3469/1802/3153 3458/1803/3153 3468/1804/3153
f 3468/1804/3153 3458/1803/3153 3459/1805/3153
f 3468/1804/3153 3459/1805/3153 3467/1768/3153
f 3467/1768/3153 3459/1805/3153 3460/1766/3153
f 3486/1695/3157 3524/1696/3158 3463/1697/3159
f 3463/1697/3159 3524/1696/3158 3487/1698/3160
f 3463/1697/3159 3487/1698/3160 3488/1699/3161
f 3485/1700/3162 3522/1701/3163 3486/1695/3157
f 3486/1695/3157 3522/1701/3163 3523/1702/3164
f 3486/1695/3157 3523/1702/3164 3524/1696/3158
f 3484/1703/3165 3520/1704/3166 3485/1700/3162
f 3485/1700/3162 3520/1704/3166 3521/1705/3167
f 3485/1700/3162 3521/1705/3167 3522/1701/3163
f 3483/1706/3168 3518/1707/3169 3484/1703/3165
f 3484/1703/3165 3518/1707/3169 3519/1708/3170
f 3484/1703/3165 3519/1708/3170 3520/1704/3166
f 3518/1707/3169 3483/1706/3168 3517/1709/3171
f 3517/1709/3171 3483/1706/3168 3482/1710/3172
f 3517/1709/3171 3482/1710/3172 3516/1711/3173
f 3516/1711/3173 3482/1710/3172 3481/1712/1447
f 3516/1711/3173 3481/1712/1447 3515/1713/3174
f 3515/1713/3174 3481/1712/1447 3480/1714/3175
f 3515/1713/3174 3480/1714/3175 3514/1715/3176
f 3514/1715/3176 3480/1714/3175 3479/1716/3177
f 3514/1715/3176 3479/1716/3177 3513/1717/3178
f 3513/1717/3178 3479/1716/3177 3478/1718/3179
f 3513/1717/3178 3478/1718/3179 3477/1719/3180
f 3513/1717/3178 3477/1719/3180 3512/1720/3181
f 3512/1720/3181 3477/1719/3180 3476/1721/3182
f 3512/1720/3181 3476/1721/3182 3511/1722/3183
f 3511/1722/3183 3476/1721/3182 3510/1723/3184
f 3510/1723/3184 3476/1721/3182 3509/1724/3185
f 3509/1724/3185 3476/1721/3182 3508/1725/3186
f 3508/1725/3186 3476/1721/3182 3475/1726/3187
f 3508/1725/3186 3475/1726/3187 3507/1727/3188
f 3507/1727/3188 3475/1726/3187 3506/1728/3189
f 3506/1728/3189 3475/1726/3187 3505/1729/3190
f 3505/1730/3190 3475/1731/3187 3504/1732/3191
f 3504/1732/3191 3475/1731/3187 3474/1733/3192
f 3504/1732/3191 3474/1733/3192 3503/1734/3193
f 3503/1734/3193 3474/1733/3192 3502/1735/3194
f 3502/1735/3194 3474/1733/3192 3501/1736/3195
f 3501/1736/3195 3474/1733/3192 3473/1737/3196
f 3501/1736/3195 3473/1737/3196 3500/1738/3197
f 3500/1738/3197 3473/1737/3196 3499/1739/3198
f 3499/1739/3198 3473/1737/3196 3472/1740/3199
f 3499/1739/3198 3472/1740/3199 3471/1741/3200
f 3499/1739/3198 3471/1741/3200 3498/1742/3201
f 3498/1742/3201 3471/1741/3200 3470/1743/3202
f 3498/1742/3201 3470/1743/3202 3497/1744/3203
f 3497/1744/3203 3470/1743/3202 3469/1745/1991
f 3497/1744/3203 3469/1745/1991 3496/1746/3204
f 3496/1746/3204 3469/1745/1991 3468/1747/3205
f 3496/1746/3204 3468/1747/3205 3495/1748/3206
f 3495/1748/3206 3468/1747/3205 3467/1749/3207
f 3495/1748/3206 3467/1749/3207 3494/1750/3208
f 3494/1750/3208 3467/1749/3207 3466/1751/3209
f 3494/1750/3208 3466/1751/3209 3493/1752/3210
f 3493/1752/3210 3466/1751/3209 3492/1753/3211
f 3492/1753/3211 3466/1751/3209 3465/1754/3212
f 3492/1753/3211 3465/1754/3212 3491/1755/3213
f 3491/1755/3213 3465/1754/3212 3490/1756/3214
f 3490/1756/3214 3465/1754/3212 3464/1757/3215
f 3490/1756/3214 3464/1757/3215 3489/1758/3216
f 3489/1758/3216 3464/1757/3215 3488/1699/3161
f 3488/1699/3161 3464/1757/3215 3463/1697/3159
f 3570/1182/3217 3525/1183/3218 3594/1184/3219
f 3594/1184/3219 3525/1183/3218 3526/1185/3220
f 3594/1184/3219 3526/1185/3220 3593/1186/3221
f 3593/1186/3221 3526/1185/3220 3527/1187/3222
f 3593/1186/3221 3527/1187/3222 3592/1188/3223
f 3592/1188/3223 3527/1187/3222 3528/1189/3224
f 3592/1188/3223 3528/1189/3224 3591/1190/3225
f 3591/1190/3225 3528/1189/3224 3590/1191/3226
f 3591/1190/3225 3590/1191/3226 3603/1192/3227
f 3603/1192/3227 3590/1191/3226 3602/1193/3228
f 3603/1192/3227 3602/1193/3228 3615/1194/3229
f 3615/1194/3229 3602/1193/3228 3614/1195/3230
f 3615/1194/3229 3614/1195/3230 3626/1196/3231
f 3626/1196/3231 3614/1195/3230 3625/1197/3232
f 3626/1196/3231 3625/1197/3232 3644/1198/3233
f 3644/1198/3233 3625/1197/3232 3645/1199/3234
f 3644/1198/3233 3645/1199/3234 3637/1200/3235
f 3637/1200/3235 3645/1199/3234 3636/1201/3236
f 3637/1200/3235 3636/1201/3236 3661/1202/3237
f 3661/1202/3237 3636/1201/3236 3660/1203/3238
f 3661/1202/3237 3660/1203/3238 3673/1204/3239
f 3673/1204/3239 3660/1203/3238 3672/1205/3240
f 3673/1204/3239 3672/1205/3240 3680/1206/3241
f 3680/1206/3241 3672/1205/3240 3681/1207/3242
f 3680/1206/3241 3681/1207/3242 3695/1208/3243
f 3695/1208/3243 3681/1207/3242 3694/1209/3244
f 3695/1208/3243 3694/1209/3244 3701/1210/3245
f 3701/1210/3245 3694/1209/3244 3702/1211/3246
f 3701/1210/3245 3702/1211/3246 3718/1212/3247
f 3718/1212/3247 3702/1211/3246 3717/1213/3248
f 3718/1212/3247 3717/1213/3248 3730/1214/3249
f 3730/1214/3249 3717/1213/3248 3729/1215/3250
f 3730/1214/3249 3729/1215/3250 3742/1216/3251
f 3742/1216/3251 3729/1215/3250 3741/1217/3252
f 3742/1216/3251 3741/1217/3252 3754/1218/3253
f 3754/1218/3253 3741/1217/3252 3753/1219/3254
f 3754/1218/3253 3753/1219/3254 3766/1220/3255
f 3766/1220/3255 3753/1219/3254 3765/1221/3256
f 3766/1220/3255 3765/1221/3256 3778/1222/3257
f 3778/1222/3257 3765/1221/3256 3777/1223/3258
f 3778/1222/3257 3777/1223/3258 3790/1224/3259
f 3790/1224/3259 3777/1223/3258 3789/1225/3260
f 3790/1224/3259 3789/1225/3260 3802/1226/3261
f 3802/1226/3261 3789/1225/3260 3801/1227/3262
f 3802/1226/3261 3801/1227/3262 3814/1228/3263
f 3814/1228/3263 3801/1227/3262 3813/1229/3264
f 3814/1228/3263 3813/1229/3264 3821/1230/3265
f 3821/1230/3265 3813/1229/3264 3822/1231/3266
f 3821/1230/3265 3822/1231/3266 3837/1232/3267
f 3837/1232/3267 3822/1231/3266 3836/1233/3268
f 3837/1232/3267 3836/1233/3268 3988/1234/3269
f 3988/1234/3269 3836/1233/3268 3987/1235/3270
f 3988/1234/3269 3987/1235/3270 3844/1236/3271
f 3844/1236/3271 3987/1235/3270 3845/1237/3272
f 3844/1236/3271 3845/1237/3272 3861/1238/3273
f 3861/1238/3273 3845/1237/3272 3860/1239/3274
f 3861/1238/3273 3860/1239/3274 3872/1240/3275
f 3872/1240/3275 3860/1239/3274 3871/1241/3276
f 3872/1240/3275 3871/1241/3276 3879/1242/3277
f 3879/1242/3277 3871/1241/3276 3880/1243/3278
f 3879/1242/3277 3880/1243/3278 3896/1244/3279
f 3896/1244/3279 3880/1243/3278 3895/1245/3280
f 3896/1244/3279 3895/1245/3280 3908/1246/3281
f 3908/1246/3281 3895/1245/3280 3907/1247/3282
f 3908/1246/3281 3907/1247/3282 3920/1248/3283
f 3920/1248/3283 3907/1247/3282 3919/1249/3284
f 3920/1248/3283 3919/1249/3284 3926/1250/3285
f 3926/1250/3285 3919/1249/3284 3927/1251/3286
f 3926/1250/3285 3927/1251/3286 3942/1252/3287
f 3942/1252/3287 3927/1251/3286 3941/1253/3288
f 3942/1252/3287 3941/1253/3288 3952/1254/3289
f 3952/1254/3289 3941/1253/3288 3951/1255/3290
f 3952/1254/3289 3951/1255/3290 3963/1256/3291
f 3963/1256/3291 3951/1255/3290 3962/1257/3292
f 3963/1256/3291 3962/1257/3292 3975/1258/3293
f 3975/1258/3293 3962/1257/3292 3974/1259/3294
f 3975/1258/3293 3974/1259/3294 3528/1260/3224
f 3528/1260/3224 3974/1259/3294 3529/1261/3295
f 3529/1261/3295 3974/1259/3294 3973/1262/3296
f 3529/1261/3295 3973/1262/3296 3972/1263/3297
f 3972/1263/3297 3973/1262/3296 3960/1264/3298
f 3972/1263/3297 3960/1264/3298 3959/1265/3299
f 3959/1265/3299 3960/1264/3298 3948/1266/3300
f 3959/1265/3299 3948/1266/3300 3947/1267/3301
f 3947/1267/3301 3948/1266/3300 3937/1268/3302
f 3947/1267/3301 3937/1268/3302 3936/1269/3303
f 3936/1269/3303 3937/1268/3302 3932/1270/3304
f 3936/1269/3303 3932/1270/3304 3933/1271/3305
f 3933/1271/3305 3932/1270/3304 3913/1272/3306
f 3933/1271/3305 3913/1272/3306 3912/1273/3307
f 3912/1273/3307 3913/1272/3306 3900/1274/3308
f 3912/1273/3307 3900/1274/3308 3494/1275/3208
f 3494/1275/3208 3900/1274/3308 3495/1276/3206
f 3495/1276/3206 3900/1274/3308 3888/1277/3309
f 3495/1276/3206 3888/1277/3309 3496/1278/3204
f 3496/1278/3204 3888/1277/3309 3887/1279/3310
f 3496/1278/3204 3887/1279/3310 3579/1280/3311
f 3579/1280/3311 3887/1279/3310 3886/1281/3312
f 3579/1280/3311 3886/1281/3312 3865/1282/3313
f 3865/1282/3313 3886/1281/3312 3885/1283/3314
f 3865/1282/3313 3885/1283/3314 3866/1284/3315
f 3866/1284/3315 3885/1283/3314 3884/1285/3316
f 3866/1284/3315 3884/1285/3316 3867/1286/3317
f 3867/1286/3317 3884/1285/3316 3883/1287/3318
f 3867/1286/3317 3883/1287/3318 3868/1288/3319
f 3868/1288/3319 3883/1287/3318 3882/1289/3320
f 3868/1288/3319 3882/1289/3320 3869/1290/3321
f 3869/1290/3321 3882/1289/3320 3881/1291/3322
f 3869/1290/3321 3881/1291/3322 3870/1292/3323
f 3870/1292/3323 3881/1291/3322 3880/1243/3278
f 3870/1292/3323 3880/1243/3278 3871/1241/3276
f 3528/1189/3224 3529/1293/3295 3590/1191/3226
f 3590/1191/3226 3529/1293/3295 3589/1294/3324
f 3590/1191/3226 3589/1294/3324 3602/1193/3228
f 3602/1193/3228 3589/1294/3324 3601/1295/3325
f 3602/1193/3228 3601/1295/3325 3614/1195/3230
f 3614/1195/3230 3601/1295/3325 3613/1296/3326
f 3614/1195/3230 3613/1296/3326 3625/1197/3232
f 3625/1197/3232 3613/1296/3326 3624/1297/3327
f 3625/1197/3232 3624/1297/3327 3645/1199/3234
f 3645/1199/3234 3624/1297/3327 3646/1298/3328
f 3645/1199/3234 3646/1298/3328 3636/1201/3236
f 3636/1201/3236 3646/1298/3328 3635/1299/3329
f 3636/1201/3236 3635/1299/3329 3660/1203/3238
f 3660/1203/3238 3635/1299/3329 3659/1300/3330
f 3660/1203/3238 3659/1300/3330 3672/1205/3240
f 3672/1205/3240 3659/1300/3330 3671/1301/3331
f 3672/1205/3240 3671/1301/3331 3681/1207/3242
f 3681/1207/3242 3671/1301/3331 3682/1302/3332
f 3681/1207/3242 3682/1302/3332 3694/1209/3244
f 3694/1209/3244 3682/1302/3332 3693/1303/3333
f 3694/1209/3244 3693/1303/3333 3702/1211/3246
f 3702/1211/3246 3693/1303/3333 3703/1304/3334
f 3702/1211/3246 3703/1304/3334 3717/1213/3248
f 3717/1213/3248 3703/1304/3334 3716/1305/3335
f 3717/1213/3248 3716/1305/3335 3729/1215/3250
f 3729/1215/3250 3716/1305/3335 3728/1306/3336
f 3729/1215/3250 3728/1306/3336 3741/1217/3252
f 3741/1217/3252 3728/1306/3336 3740/1307/3337
f 3741/1217/3252 3740/1307/3337 3753/1219/3254
f 3753/1219/3254 3740/1307/3337 3752/1308/3338
f 3753/1219/3254 3752/1308/3338 3765/1221/3256
f 3765/1221/3256 3752/1308/3338 3764/1309/3339
f 3765/1221/3256 3764/1309/3339 3777/1223/3258
f 3777/1223/3258 3764/1309/3339 3776/1310/3340
f 3777/1223/3258 3776/1310/3340 3789/1225/3260
f 3789/1225/3260 3776/1310/3340 3788/1311/3341
f 3789/1225/3260 3788/1311/3341 3801/1227/3262
f 3801/1227/3262 3788/1311/3341 3800/1312/3342
f 3801/1227/3262 3800/1312/3342 3813/1229/3264
f 3813/1229/3264 3800/1312/3342 3812/1313/3343
f 3813/1229/3264 3812/1313/3343 3822/1231/3266
f 3822/1231/3266 3812/1313/3343 3823/1314/3344
f 3822/1231/3266 3823/1314/3344 3836/1233/3268
f 3836/1233/3268 3823/1314/3344 3835/1315/3345
f 3836/1233/3268 3835/1315/3345 3987/1235/3270
f 3987/1235/3270 3835/1315/3345 3986/1316/3346
f 3987/1235/3270 3986/1316/3346 3845/1237/3272
f 3845/1237/3272 3986/1316/3346 3846/1317/3347
f 3845/1237/3272 3846/1317/3347 3860/1239/3274
f 3860/1239/3274 3846/1317/3347 3859/1318/3348
f 3860/1239/3274 3859/1318/3348 3871/1241/3276
f 3871/1241/3276 3859/1318/3348 3870/1292/3323
f 3529/1293/3295 3530/1319/3349 3589/1294/3324
f 3589/1294/3324 3530/1319/3349 3588/1320/3350
f 3589/1294/3324 3588/1320/3350 3601/1295/3325
f 3601/1295/3325 3588/1320/3350 3600/1321/3351
f 3601/1295/3325 3600/1321/3351 3613/1296/3326
f 3613/1296/3326 3600/1321/3351 3612/1322/3352
f 3613/1296/3326 3612/1322/3352 3624/1297/3327
f 3624/1297/3327 3612/1322/3352 3623/1323/3353
f 3624/1297/3327 3623/1323/3353 3646/1298/3328
f 3646/1298/3328 3623/1323/3353 3647/1324/3354
f 3646/1298/3328 3647/1324/3354 3635/1299/3329
f 3635/1299/3329 3647/1324/3354 3634/1325/3355
f 3635/1299/3329 3634/1325/3355 3659/1300/3330
f 3659/1300/3330 3634/1325/3355 3658/1326/3356
f 3659/1300/3330 3658/1326/3356 3671/1301/3331
f 3671/1301/3331 3658/1326/3356 3670/1327/3357
f 3671/1301/3331 3670/1327/3357 3682/1302/3332
f 3682/1302/3332 3670/1327/3357 3683/1328/3358
f 3682/1302/3332 3683/1328/3358 3693/1303/3333
f 3693/1303/3333 3683/1328/3358 3692/1329/3359
f 3693/1303/3333 3692/1329/3359 3703/1304/3334
f 3703/1304/3334 3692/1329/3359 3704/1330/3360
f 3703/1304/3334 3704/1330/3360 3716/1305/3335
f 3716/1305/3335 3704/1330/3360 3715/1331/3361
f 3716/1305/3335 3715/1331/3361 3728/1306/3336
f 3728/1306/3336 3715/1331/3361 3727/1332/3362
f 3728/1306/3336 3727/1332/3362 3740/1307/3337
f 3740/1307/3337 3727/1332/3362 3739/1333/3363
f 3740/1307/3337 3739/1333/3363 3752/1308/3338
f 3752/1308/3338 3739/1333/3363 3751/1334/3364
f 3752/1308/3338 3751/1334/3364 3764/1309/3339
f 3764/1309/3339 3751/1334/3364 3763/1335/3365
f 3764/1309/3339 3763/1335/3365 3776/1310/3340
f 3776/1310/3340 3763/1335/3365 3775/1336/3366
f 3776/1310/3340 3775/1336/3366 3788/1311/3341
f 3788/1311/3341 3775/1336/3366 3787/1337/3367
f 3788/1311/3341 3787/1337/3367 3800/1312/3342
f 3800/1312/3342 3787/1337/3367 3799/1338/3368
f 3800/1312/3342 3799/1338/3368 3812/1313/3343
f 3812/1313/3343 3799/1338/3368 3811/1339/3369
f 3812/1313/3343 3811/1339/3369 3823/1314/3344
f 3823/1314/3344 3811/1339/3369 3824/1340/3370
f 3823/1314/3344 3824/1340/3370 3835/1315/3345
f 3835/1315/3345 3824/1340/3370 3834/1341/3371
f 3835/1315/3345 3834/1341/3371 3986/1316/3346
f 3986/1316/3346 3834/1341/3371 3985/1342/3372
f 3986/1316/3346 3985/1342/3372 3846/1317/3347
f 3846/1317/3347 3985/1342/3372 3847/1343/3373
f 3846/1317/3347 3847/1343/3373 3859/1318/3348
f 3859/1318/3348 3847/1343/3373 3858/1344/3374
f 3859/1318/3348 3858/1344/3374 3870/1292/3323
f 3870/1292/3323 3858/1344/3374 3869/1290/3321
f 3588/1320/3350 3530/1319/3349 3587/1345/3375
f 3587/1345/3375 3530/1319/3349 3531/1346/3376
f 3587/1345/3375 3531/1346/3376 3586/1347/3377
f 3586/1347/3377 3531/1346/3376 3585/1348/3378
f 3586/1347/3377 3585/1348/3378 3598/1349/3379
f 3598/1349/3379 3585/1348/3378 3597/1350/3380
f 3598/1349/3379 3597/1350/3380 3610/1351/3381
f 3610/1351/3381 3597/1350/3380 3609/1352/3382
f 3610/1351/3381 3609/1352/3382 3621/1353/3383
f 3621/1353/3383 3609/1352/3382 3620/1354/3384
f 3621/1353/3383 3620/1354/3384 3649/1355/3385
f 3649/1355/3385 3620/1354/3384 3650/1356/3386
f 3649/1355/3385 3650/1356/3386 3632/1357/3387
f 3632/1357/3387 3650/1356/3386 3631/1358/3388
f 3632/1357/3387 3631/1358/3388 3656/1359/3389
f 3656/1359/3389 3631/1358/3388 3655/1360/3390
f 3656/1359/3389 3655/1360/3390 3668/1361/3391
f 3668/1361/3391 3655/1360/3390 3667/1362/3392
f 3668/1361/3391 3667/1362/3392 3685/1363/3393
f 3685/1363/3393 3667/1362/3392 3686/1364/3394
f 3685/1363/3393 3686/1364/3394 3690/1365/3395
f 3690/1365/3395 3686/1364/3394 3689/1366/3396
f 3690/1365/3395 3689/1366/3396 3706/1367/3397
f 3706/1367/3397 3689/1366/3396 3707/1368/3398
f 3706/1367/3397 3707/1368/3398 3713/1369/3399
f 3713/1369/3399 3707/1368/3398 3712/1370/3400
f 3713/1369/3399 3712/1370/3400 3725/1371/3401
f 3725/1371/3401 3712/1370/3400 3724/1372/3402
f 3725/1371/3401 3724/1372/3402 3737/1373/3403
f 3737/1373/3403 3724/1372/3402 3736/1374/3404
f 3737/1373/3403 3736/1374/3404 3749/1375/3405
f 3749/1375/3405 3736/1374/3404 3748/1376/3406
f 3749/1375/3405 3748/1376/3406 3761/1377/3407
f 3761/1377/3407 3748/1376/3406 3760/1378/3408
f 3761/1377/3407 3760/1378/3408 3773/1379/3409
f 3773/1379/3409 3760/1378/3408 3772/1380/3410
f 3773/1379/3409 3772/1380/3410 3785/1381/3411
f 3785/1381/3411 3772/1380/3410 3784/1382/3412
f 3785/1381/3411 3784/1382/3412 3797/1383/3413
f 3797/1383/3413 3784/1382/3412 3796/1384/3414
f 3797/1383/3413 3796/1384/3414 3809/1385/3415
f 3809/1385/3415 3796/1384/3414 3808/1386/3416
f 3809/1385/3415 3808/1386/3416 3826/1387/3417
f 3826/1387/3417 3808/1386/3416 3827/1388/3418
f 3826/1387/3417 3827/1388/3418 3832/1389/3419
f 3832/1389/3419 3827/1388/3418 3831/1390/3420
f 3832/1389/3419 3831/1390/3420 3983/1391/3421
f 3983/1391/3421 3831/1390/3420 3982/1392/3422
f 3983/1391/3421 3982/1392/3422 3849/1393/3423
f 3849/1393/3423 3982/1392/3422 3850/1394/3424
f 3849/1393/3423 3850/1394/3424 3856/1395/3425
f 3856/1395/3425 3850/1394/3424 3855/1396/3426
f 3856/1395/3425 3855/1396/3426 3867/1286/3317
f 3867/1286/3317 3855/1396/3426 3866/1284/3315
f 3531/1346/3376 3532/1397/3427 3585/1348/3378
f 3585/1348/3378 3532/1397/3427 3584/1398/3428
f 3585/1348/3378 3584/1398/3428 3597/1350/3380
f 3597/1350/3380 3584/1398/3428 3596/1399/3429
f 3597/1350/3380 3596/1399/3429 3609/1352/3382
f 3609/1352/3382 3596/1399/3429 3608/1400/3430
f 3609/1352/3382 3608/1400/3430 3620/1354/3384
f 3620/1354/3384 3608/1400/3430 3619/1401/3431
f 3620/1354/3384 3619/1401/3431 3650/1356/3386
f 3650/1356/3386 3619/1401/3431 3651/1402/3432
f 3650/1356/3386 3651/1402/3432 3631/1358/3388
f 3631/1358/3388 3651/1402/3432 3630/1403/3433
f 3631/1358/3388 3630/1403/3433 3655/1360/3390
f 3655/1360/3390 3630/1403/3433 3654/1404/3434
f 3655/1360/3390 3654/1404/3434 3667/1362/3392
f 3667/1362/3392 3654/1404/3434 3666/1405/3435
f 3667/1362/3392 3666/1405/3435 3686/1364/3394
f 3686/1364/3394 3666/1405/3435 3687/1406/3436
f 3686/1364/3394 3687/1406/3436 3689/1366/3396
f 3689/1366/3396 3687/1406/3436 3688/1407/3437
f 3689/1366/3396 3688/1407/3437 3707/1368/3398
f 3707/1368/3398 3688/1407/3437 3708/1408/3438
f 3707/1368/3398 3708/1408/3438 3712/1370/3400
f 3712/1370/3400 3708/1408/3438 3711/1409/3439
f 3712/1370/3400 3711/1409/3439 3724/1372/3402
f 3724/1372/3402 3711/1409/3439 3723/1410/3440
f 3724/1372/3402 3723/1410/3440 3736/1374/3404
f 3736/1374/3404 3723/1410/3440 3735/1411/3441
f 3736/1374/3404 3735/1411/3441 3748/1376/3406
f 3748/1376/3406 3735/1411/3441 3747/1412/3442
f 3748/1376/3406 3747/1412/3442 3760/1378/3408
f 3760/1378/3408 3747/1412/3442 3759/1413/3443
f 3760/1378/3408 3759/1413/3443 3772/1380/3410
f 3772/1380/3410 3759/1413/3443 3771/1414/3444
f 3772/1380/3410 3771/1414/3444 3784/1382/3412
f 3784/1382/3412 3771/1414/3444 3783/1415/3445
f 3784/1382/3412 3783/1415/3445 3796/1384/3414
f 3796/1384/3414 3783/1415/3445 3795/1416/3446
f 3796/1384/3414 3795/1416/3446 3808/1386/3416
f 3808/1386/3416 3795/1416/3446 3807/1417/3447
f 3808/1386/3416 3807/1417/3447 3827/1388/3418
f 3827/1388/3418 3807/1417/3447 3828/1418/3448
f 3827/1388/3418 3828/1418/3448 3831/1390/3420
f 3831/1390/3420 3828/1418/3448 3830/1419/3449
f 3831/1390/3420 3830/1419/3449 3982/1392/3422
f 3982/1392/3422 3830/1419/3449 3981/1420/3450
f 3982/1392/3422 3981/1420/3450 3850/1394/3424
f 3850/1394/3424 3981/1420/3450 3851/1421/3451
f 3850/1394/3424 3851/1421/3451 3855/1396/3426
f 3855/1396/3426 3851/1421/3451 3854/1422/3452
f 3855/1396/3426 3854/1422/3452 3866/1284/3315
f 3866/1284/3315 3854/1422/3452 3865/1282/3313
f 3532/1397/3427 3533/1423/3453 3584/1398/3428
f 3584/1398/3428 3533/1423/3453 3583/1424/3454
f 3584/1398/3428 3583/1424/3454 3596/1399/3429
f 3596/1399/3429 3583/1424/3454 3595/1425/3455
f 3596/1399/3429 3595/1425/3455 3608/1400/3430
f 3608/1400/3430 3595/1425/3455 3607/1426/3456
f 3608/1400/3430 3607/1426/3456 3619/1401/3431
f 3619/1401/3431 3607/1426/3456 3572/1427/3457
f 3619/1401/3431 3572/1427/3457 3651/1402/3432
f 3651/1402/3432 3572/1427/3457 3652/1428/3458
f 3651/1402/3432 3652/1428/3458 3630/1403/3433
f 3630/1403/3433 3652/1428/3458 3629/1429/3459
f 3630/1403/3433 3629/1429/3459 3654/1404/3434
f 3654/1404/3434 3629/1429/3459 3653/1430/3460
f 3654/1404/3434 3653/1430/3460 3666/1405/3435
f 3666/1405/3435 3653/1430/3460 3665/1431/3461
f 3666/1405/3435 3665/1431/3461 3687/1406/3436
f 3687/1406/3436 3665/1431/3461 3573/1432/3462
f 3687/1406/3436 3573/1432/3462 3688/1407/3437
f 3688/1407/3437 3573/1432/3462 3575/1433/3463
f 3688/1407/3437 3575/1433/3463 3708/1408/3438
f 3708/1408/3438 3575/1433/3463 3709/1434/3464
f 3708/1408/3438 3709/1434/3464 3711/1409/3439
f 3711/1409/3439 3709/1434/3464 3710/1435/3465
f 3711/1409/3439 3710/1435/3465 3723/1410/3440
f 3723/1410/3440 3710/1435/3465 3722/1436/3466
f 3723/1410/3440 3722/1436/3466 3735/1411/3441
f 3735/1411/3441 3722/1436/3466 3734/1437/3467
f 3735/1411/3441 3734/1437/3467 3747/1412/3442
f 3747/1412/3442 3734/1437/3467 3746/1438/3468
f 3747/1412/3442 3746/1438/3468 3759/1413/3443
f 3759/1413/3443 3746/1438/3468 3758/1439/3469
f 3759/1413/3443 3758/1439/3469 3771/1414/3444
f 3771/1414/3444 3758/1439/3469 3770/1440/3470
f 3771/1414/3444 3770/1440/3470 3783/1415/3445
f 3783/1415/3445 3770/1440/3470 3782/1441/3471
f 3783/1415/3445 3782/1441/3471 3795/1416/3446
f 3795/1416/3446 3782/1441/3471 3794/1442/3472
f 3795/1416/3446 3794/1442/3472 3807/1417/3447
f 3807/1417/3447 3794/1442/3472 3806/1443/3473
f 3807/1417/3447 3806/1443/3473 3828/1418/3448
f 3828/1418/3448 3806/1443/3473 3576/1444/3474
f 3828/1418/3448 3576/1444/3474 3830/1419/3449
f 3830/1419/3449 3576/1444/3474 3829/1445/3475
f 3830/1419/3449 3829/1445/3475 3981/1420/3450
f 3981/1420/3450 3829/1445/3475 3578/1446/3476
f 3981/1420/3450 3578/1446/3476 3851/1421/3451
f 3851/1421/3451 3578/1446/3476 3852/1447/3477
f 3851/1421/3451 3852/1447/3477 3854/1422/3452
f 3854/1422/3452 3852/1447/3477 3853/1448/3478
f 3854/1422/3452 3853/1448/3478 3865/1282/3313
f 3865/1282/3313 3853/1448/3478 3579/1280/3311
f 3487/1449/3160 3524/1450/3158 3533/1423/3453
f 3533/1423/3453 3524/1450/3158 3583/1424/3454
f 3524/1450/3158 3523/1451/3164 3583/1424/3454
f 3583/1424/3454 3523/1451/3164 3595/1425/3455
f 3523/1451/3164 3522/1452/3163 3595/1425/3455
f 3595/1425/3455 3522/1452/3163 3521/1453/3167
f 3595/1425/3455 3521/1453/3167 3607/1426/3456
f 3607/1426/3456 3521/1453/3167 3520/1454/3166
f 3607/1426/3456 3520/1454/3166 3519/1455/3170
f 3607/1426/3456 3519/1455/3170 3572/1427/3457
f 3572/1427/3457 3519/1455/3170 3518/1456/3169
f 3572/1427/3457 3518/1456/3169 3652/1428/3458
f 3652/1428/3458 3518/1456/3169 3629/1429/3459
f 3518/1456/3169 3517/1457/3171 3629/1429/3459
f 3629/1429/3459 3517/1457/3171 3653/1430/3460
f 3517/1457/3171 3516/1458/3173 3653/1430/3460
f 3653/1430/3460 3516/1458/3173 3665/1431/3461
f 3665/1431/3461 3516/1458/3173 3573/1432/3462
f 3573/1432/3462 3516/1458/3173 3515/1459/3174
f 3573/1432/3462 3515/1459/3174 3575/1433/3463
f 3575/1433/3463 3515/1459/3174 3514/1460/3176
f 3575/1433/3463 3514/1460/3176 3709/1434/3464
f 3709/1434/3464 3514/1460/3176 3710/1435/3465
f 3514/1460/3176 3513/1461/3178 3710/1435/3465
f 3710/1435/3465 3513/1461/3178 3722/1436/3466
f 3513/1461/3178 3512/1462/3181 3722/1436/3466
f 3722/1436/3466 3512/1462/3181 3734/1437/3467
f 3512/1462/3181 3511/1463/3183 3734/1437/3467
f 3734/1437/3467 3511/1463/3183 3746/1438/3468
f 3511/1463/3183 3510/1464/3184 3746/1438/3468
f 3746/1438/3468 3510/1464/3184 3509/1465/3185
f 3746/1438/3468 3509/1465/3185 3758/1439/3469
f 3758/1439/3469 3509/1465/3185 3508/1466/3186
f 3758/1439/3469 3508/1466/3186 3507/1467/3188
f 3507/1467/3188 3506/1468/3189 3758/1439/3469
f 3758/1439/3469 3506/1468/3189 3770/1440/3470
f 3506/1468/3189 3505/1469/3190 3770/1440/3470
f 3770/1440/3470 3505/1469/3190 3504/1470/3191
f 3770/1440/3470 3504/1470/3191 3782/1441/3471
f 3782/1441/3471 3504/1470/3191 3503/1471/3193
f 3782/1441/3471 3503/1471/3193 3502/1472/3194
f 3502/1472/3194 3501/1473/3195 3782/1441/3471
f 3782/1441/3471 3501/1473/3195 3794/1442/3472
f 3501/1473/3195 3500/1474/3197 3794/1442/3472
f 3794/1442/3472 3500/1474/3197 3806/1443/3473
f 3806/1443/3473 3500/1474/3197 3576/1444/3474
f 3576/1444/3474 3500/1474/3197 3499/1475/3198
f 3576/1444/3474 3499/1475/3198 3829/1445/3475
f 3829/1445/3475 3499/1475/3198 3578/1446/3476
f 3499/1475/3198 3498/1476/3201 3578/1446/3476
f 3578/1446/3476 3498/1476/3201 3852/1447/3477
f 3852/1447/3477 3498/1476/3201 3853/1448/3478
f 3853/1448/3478 3498/1476/3201 3497/1477/3203
f 3853/1448/3478 3497/1477/3203 3579/1280/3311
f 3579/1280/3311 3497/1477/3203 3496/1278/3204
f 3912/1273/3307 3494/1275/3208 3581/1478/3479
f 3581/1478/3479 3494/1275/3208 3493/1479/3210
f 3581/1478/3479 3493/1479/3210 3934/1480/3480
f 3934/1480/3480 3493/1479/3210 3492/1481/3211
f 3934/1480/3480 3492/1481/3211 3945/1482/3481
f 3945/1482/3481 3492/1481/3211 3491/1483/3213
f 3945/1482/3481 3491/1483/3213 3490/1484/3214
f 3945/1482/3481 3490/1484/3214 3957/1485/3482
f 3957/1485/3482 3490/1484/3214 3489/1486/3216
f 3957/1485/3482 3489/1486/3216 3969/1487/3483
f 3969/1487/3483 3489/1486/3216 3488/1488/3161
f 3969/1487/3483 3488/1488/3161 3533/1489/3453
f 3533/1489/3453 3488/1488/3161 3487/345/3160
f 3533/1489/3453 3532/1490/3427 3969/1487/3483
f 3969/1487/3483 3532/1490/3427 3970/1491/3484
f 3969/1487/3483 3970/1491/3484 3957/1485/3482
f 3957/1485/3482 3970/1491/3484 3958/1492/3485
f 3957/1485/3482 3958/1492/3485 3946/1493/3486
f 3946/1493/3486 3958/1492/3485 3947/1267/3301
f 3946/1493/3486 3947/1267/3301 3936/1269/3303
f 3532/1490/3427 3531/1494/3376 3970/1491/3484
f 3970/1491/3484 3531/1494/3376 3971/1495/3487
f 3970/1491/3484 3971/1495/3487 3958/1492/3485
f 3958/1492/3485 3971/1495/3487 3959/1265/3299
f 3958/1492/3485 3959/1265/3299 3947/1267/3301
f 3531/1494/3376 3530/1496/3349 3971/1495/3487
f 3971/1495/3487 3530/1496/3349 3972/1263/3297
f 3971/1495/3487 3972/1263/3297 3959/1265/3299
f 3530/1496/3349 3529/1261/3295 3972/1263/3297
f 3975/1258/3293 3528/1260/3224 3976/1497/3488
f 3976/1497/3488 3528/1260/3224 3527/1498/3222
f 3976/1497/3488 3527/1498/3222 3977/1499/3489
f 3977/1499/3489 3527/1498/3222 3978/1500/3490
f 3977/1499/3489 3978/1500/3490 3965/1501/3491
f 3965/1501/3491 3978/1500/3490 3966/1502/3492
f 3965/1501/3491 3966/1502/3492 3954/1503/3493
f 3954/1503/3493 3966/1502/3492 3955/1504/3494
f 3954/1503/3493 3955/1504/3494 3944/1505/3495
f 3944/1505/3495 3955/1504/3494 3582/1506/3496
f 3944/1505/3495 3582/1506/3496 3924/1507/3497
f 3924/1507/3497 3582/1506/3496 3580/1508/3498
f 3924/1507/3497 3580/1508/3498 3922/1509/3499
f 3922/1509/3499 3580/1508/3498 3923/1510/3500
f 3922/1509/3499 3923/1510/3500 3910/1511/3501
f 3910/1511/3501 3923/1510/3500 3911/1512/3502
f 3910/1511/3501 3911/1512/3502 3898/1513/3503
f 3898/1513/3503 3911/1512/3502 3899/1514/3504
f 3898/1513/3503 3899/1514/3504 3877/1515/3505
f 3877/1515/3505 3899/1514/3504 3876/1516/3506
f 3877/1515/3505 3876/1516/3506 3874/1517/3507
f 3874/1517/3507 3876/1516/3506 3875/1518/3508
f 3874/1517/3507 3875/1518/3508 3863/1519/3509
f 3863/1519/3509 3875/1518/3508 3864/1520/3510
f 3863/1519/3509 3864/1520/3510 3842/1521/3511
f 3842/1521/3511 3864/1520/3510 3841/1522/3512
f 3842/1521/3511 3841/1522/3512 3990/1523/3513
f 3990/1523/3513 3841/1522/3512 3577/1524/3514
f 3990/1523/3513 3577/1524/3514 3839/1525/3515
f 3839/1525/3515 3577/1524/3514 3840/1526/3516
f 3839/1525/3515 3840/1526/3516 3819/1527/3517
f 3819/1527/3517 3840/1526/3516 3818/1528/3518
f 3819/1527/3517 3818/1528/3518 3816/1529/3519
f 3816/1529/3519 3818/1528/3518 3817/1530/3520
f 3816/1529/3519 3817/1530/3520 3804/1531/3521
f 3804/1531/3521 3817/1530/3520 3805/1532/3522
f 3804/1531/3521 3805/1532/3522 3792/1533/3523
f 3792/1533/3523 3805/1532/3522 3793/1534/3524
f 3792/1533/3523 3793/1534/3524 3780/1535/3525
f 3780/1535/3525 3793/1534/3524 3781/1536/3526
f 3780/1535/3525 3781/1536/3526 3768/1537/3527
f 3768/1537/3527 3781/1536/3526 3769/1538/3528
f 3768/1537/3527 3769/1538/3528 3756/1539/3529
f 3756/1539/3529 3769/1538/3528 3757/1540/3530
f 3756/1539/3529 3757/1540/3530 3744/1541/3531
f 3744/1541/3531 3757/1540/3530 3745/1542/3532
f 3744/1541/3531 3745/1542/3532 3732/1543/3533
f 3732/1543/3533 3745/1542/3532 3733/1544/3534
f 3732/1543/3533 3733/1544/3534 3720/1545/3535
f 3720/1545/3535 3733/1544/3534 3721/1546/3536
f 3720/1545/3535 3721/1546/3536 3699/1547/3537
f 3699/1547/3537 3721/1546/3536 3698/1548/3538
f 3699/1547/3537 3698/1548/3538 3697/1549/3539
f 3697/1549/3539 3698/1548/3538 3574/1550/3540
f 3697/1549/3539 3574/1550/3540 3678/1551/3541
f 3678/1551/3541 3574/1550/3540 3677/1552/3542
f 3678/1551/3541 3677/1552/3542 3675/1553/3543
f 3675/1553/3543 3677/1552/3542 3676/1554/3544
f 3675/1553/3543 3676/1554/3544 3663/1555/3545
f 3663/1555/3545 3676/1554/3544 3664/1556/3546
f 3663/1555/3545 3664/1556/3546 3639/1557/3547
f 3639/1557/3547 3664/1556/3546 3640/1558/3548
f 3639/1557/3547 3640/1558/3548 3642/1559/3549
f 3642/1559/3549 3640/1558/3548 3641/1560/3550
f 3642/1559/3549 3641/1560/3550 3628/1561/3551
f 3628/1561/3551 3641/1560/3550 3571/1562/3552
f 3628/1561/3551 3571/1562/3552 3617/1563/3553
f 3617/1563/3553 3571/1562/3552 3618/1564/3554
f 3617/1563/3553 3618/1564/3554 3605/1565/3555
f 3605/1565/3555 3618/1564/3554 3606/1566/3556
f 3605/1565/3555 3606/1566/3556 3593/1186/3221
f 3593/1186/3221 3606/1566/3556 3594/1184/3219
f 3527/1498/3222 3526/1567/3220 3978/1500/3490
f 3978/1500/3490 3526/1567/3220 3979/1568/3557
f 3978/1500/3490 3979/1568/3557 3966/1502/3492
f 3966/1502/3492 3979/1568/3557 3967/1569/3558
f 3966/1502/3492 3967/1569/3558 3955/1504/3494
f 3955/1504/3494 3967/1569/3558 3968/1570/3559
f 3955/1504/3494 3968/1570/3559 3956/1571/3560
f 3956/1571/3560 3968/1570/3559 3536/1572/3561
f 3956/1571/3560 3536/1572/3561 3537/1573/3562
f 3979/1568/3557 3526/1567/3220 3980/1574/3563
f 3980/1574/3563 3526/1567/3220 3525/1575/3218
f 3980/1574/3563 3525/1575/3218 3534/1576/3564
f 3534/1576/3564 3535/1577/3565 3980/1574/3563
f 3980/1574/3563 3535/1577/3565 3968/1570/3559
f 3980/1574/3563 3968/1570/3559 3967/1569/3558
f 3535/1577/3565 3536/1572/3561 3968/1570/3559
f 3956/1571/3560 3537/1573/3562 3582/1506/3496
f 3582/1506/3496 3537/1573/3562 3538/1578/3566
f 3582/1506/3496 3538/1578/3566 3580/1508/3498
f 3580/1508/3498 3538/1578/3566 3539/1579/3567
f 3580/1508/3498 3539/1579/3567 3923/1510/3500
f 3923/1510/3500 3539/1579/3567 3911/1512/3502
f 3539/1579/3567 3540/1580/3568 3911/1512/3502
f 3911/1512/3502 3540/1580/3568 3899/1514/3504
f 3540/1580/3568 3541/1581/3569 3899/1514/3504
f 3899/1514/3504 3541/1581/3569 3876/1516/3506
f 3541/1581/3569 3542/1582/3570 3876/1516/3506
f 3876/1516/3506 3542/1582/3570 3875/1518/3508
f 3542/1582/3570 3543/1583/3571 3875/1518/3508
f 3875/1518/3508 3543/1583/3571 3864/1520/3510
f 3543/1583/3571 3544/1584/3572 3864/1520/3510
f 3864/1520/3510 3544/1584/3572 3841/1522/3512
f 3841/1522/3512 3544/1584/3572 3577/1524/3514
f 3577/1524/3514 3544/1584/3572 3545/1585/3573
f 3577/1524/3514 3545/1585/3573 3840/1526/3516
f 3840/1526/3516 3545/1585/3573 3818/1528/3518
f 3545/1585/3573 3546/1586/3574 3818/1528/3518
f 3818/1528/3518 3546/1586/3574 3817/1530/3520
f 3546/1586/3574 3547/1587/3575 3817/1530/3520
f 3817/1530/3520 3547/1587/3575 3805/1532/3522
f 3547/1587/3575 3548/1588/3576 3805/1532/3522
f 3805/1532/3522 3548/1588/3576 3549/1589/3577
f 3805/1532/3522 3549/1589/3577 3793/1534/3524
f 3793/1534/3524 3549/1589/3577 3550/1590/3578
f 3793/1534/3524 3550/1590/3578 3781/1536/3526
f 3781/1536/3526 3550/1590/3578 3551/1591/3579
f 3781/1536/3526 3551/1591/3579 3552/1592/3580
f 3781/1536/3526 3552/1592/3580 3769/1538/3528
f 3769/1538/3528 3552/1592/3580 3553/1593/3581
f 3769/1538/3528 3553/1593/3581 3554/1594/3582
f 3769/1538/3528 3554/1594/3582 3757/1540/3530
f 3757/1540/3530 3554/1594/3582 3555/1595/3583
f 3757/1540/3530 3555/1595/3583 3556/1596/3584
f 3757/1540/3530 3556/1596/3584 3745/1542/3532
f 3745/1542/3532 3556/1596/3584 3557/1597/3585
f 3745/1542/3532 3557/1597/3585 3733/1544/3534
f 3733/1544/3534 3557/1597/3585 3558/1598/3586
f 3733/1544/3534 3558/1598/3586 3559/1599/3587
f 3733/1544/3534 3559/1599/3587 3721/1546/3536
f 3721/1546/3536 3559/1599/3587 3560/1600/3588
f 3721/1546/3536 3560/1600/3588 3698/1548/3538
f 3698/1548/3538 3560/1600/3588 3574/1550/3540
f 3560/1600/3588 3561/1601/3589 3574/1550/3540
f 3574/1550/3540 3561/1601/3589 3677/1552/3542
f 3561/1601/3589 3562/1602/3590 3677/1552/3542
f 3677/1552/3542 3562/1602/3590 3676/1554/3544
f 3562/1602/3590 3563/1603/3591 3676/1554/3544
f 3676/1554/3544 3563/1603/3591 3664/1556/3546
f 3563/1603/3591 3564/1604/3592 3664/1556/3546
f 3664/1556/3546 3564/1604/3592 3640/1558/3548
f 3564/1604/3592 3565/1605/3593 3640/1558/3548
f 3640/1558/3548 3565/1605/3593 3641/1560/3550
f 3641/1560/3550 3565/1605/3593 3571/1562/3552
f 3571/1562/3552 3565/1605/3593 3566/1606/3594
f 3571/1562/3552 3566/1606/3594 3618/1564/3554
f 3618/1564/3554 3566/1606/3594 3567/1607/3595
f 3618/1564/3554 3567/1607/3595 3606/1566/3556
f 3606/1566/3556 3567/1607/3595 3568/1608/3596
f 3606/1566/3556 3568/1608/3596 3569/1609/3597
f 3606/1566/3556 3569/1609/3597 3594/1184/3219
f 3594/1184/3219 3569/1609/3597 3570/1182/3217
f 3600/1321/3351 3588/1320/3350 3587/1345/3375
f 3587/1345/3375 3586/1347/3377 3599/1610/3598
f 3599/1610/3598 3586/1347/3377 3598/1349/3379
f 3599/1610/3598 3598/1349/3379 3611/1611/3599
f 3611/1611/3599 3598/1349/3379 3610/1351/3381
f 3611/1611/3599 3610/1351/3381 3622/1612/3600
f 3622/1612/3600 3610/1351/3381 3621/1353/3383
f 3622/1612/3600 3621/1353/3383 3648/1613/3601
f 3648/1613/3601 3621/1353/3383 3649/1355/3385
f 3648/1613/3601 3649/1355/3385 3633/1614/3602
f 3633/1614/3602 3649/1355/3385 3632/1357/3387
f 3633/1614/3602 3632/1357/3387 3657/1615/3603
f 3657/1615/3603 3632/1357/3387 3656/1359/3389
f 3657/1615/3603 3656/1359/3389 3669/1616/3604
f 3669/1616/3604 3656/1359/3389 3668/1361/3391
f 3669/1616/3604 3668/1361/3391 3684/1617/3605
f 3684/1617/3605 3668/1361/3391 3685/1363/3393
f 3684/1617/3605 3685/1363/3393 3691/1618/3606
f 3691/1618/3606 3685/1363/3393 3690/1365/3395
f 3691/1618/3606 3690/1365/3395 3705/1619/3607
f 3705/1619/3607 3690/1365/3395 3706/1367/3397
f 3705/1619/3607 3706/1367/3397 3714/1620/3608
f 3714/1620/3608 3706/1367/3397 3713/1369/3399
f 3714/1620/3608 3713/1369/3399 3726/1621/3609
f 3726/1621/3609 3713/1369/3399 3725/1371/3401
f 3726/1621/3609 3725/1371/3401 3738/1622/3610
f 3738/1622/3610 3725/1371/3401 3737/1373/3403
f 3738/1622/3610 3737/1373/3403 3750/1623/3611
f 3750/1623/3611 3737/1373/3403 3749/1375/3405
f 3750/1623/3611 3749/1375/3405 3762/1624/3612
f 3762/1624/3612 3749/1375/3405 3761/1377/3407
f 3762/1624/3612 3761/1377/3407 3774/1625/3613
f 3774/1625/3613 3761/1377/3407 3773/1379/3409
f 3774/1625/3613 3773/1379/3409 3786/1626/3614
f 3786/1626/3614 3773/1379/3409 3785/1381/3411
f 3786/1626/3614 3785/1381/3411 3798/1627/3615
f 3798/1627/3615 3785/1381/3411 3797/1383/3413
f 3798/1627/3615 3797/1383/3413 3810/1628/3616
f 3810/1628/3616 3797/1383/3413 3809/1385/3415
f 3810/1628/3616 3809/1385/3415 3825/1629/3617
f 3825/1629/3617 3809/1385/3415 3826/1387/3417
f 3825/1629/3617 3826/1387/3417 3833/1630/3618
f 3833/1630/3618 3826/1387/3417 3832/1389/3419
f 3833/1630/3618 3832/1389/3419 3984/1631/3619
f 3984/1631/3619 3832/1389/3419 3983/1391/3421
f 3984/1631/3619 3983/1391/3421 3848/1632/3620
f 3848/1632/3620 3983/1391/3421 3849/1393/3423
f 3848/1632/3620 3849/1393/3423 3857/1633/3621
f 3857/1633/3621 3849/1393/3423 3856/1395/3425
f 3857/1633/3621 3856/1395/3425 3868/1288/3319
f 3868/1288/3319 3856/1395/3425 3867/1286/3317
f 3605/1565/3555 3593/1186/3221 3592/1188/3223
f 3592/1188/3223 3591/1190/3225 3604/1634/3622
f 3604/1634/3622 3591/1190/3225 3603/1192/3227
f 3604/1634/3622 3603/1192/3227 3616/1635/3623
f 3616/1635/3623 3603/1192/3227 3615/1194/3229
f 3616/1635/3623 3615/1194/3229 3627/1636/3624
f 3627/1636/3624 3615/1194/3229 3626/1196/3231
f 3627/1636/3624 3626/1196/3231 3643/1637/3625
f 3643/1637/3625 3626/1196/3231 3644/1198/3233
f 3643/1637/3625 3644/1198/3233 3638/1638/3626
f 3638/1638/3626 3644/1198/3233 3637/1200/3235
f 3638/1638/3626 3637/1200/3235 3662/1639/3627
f 3662/1639/3627 3637/1200/3235 3661/1202/3237
f 3662/1639/3627 3661/1202/3237 3674/1640/3628
f 3674/1640/3628 3661/1202/3237 3673/1204/3239
f 3674/1640/3628 3673/1204/3239 3679/1641/3629
f 3679/1641/3629 3673/1204/3239 3680/1206/3241
f 3679/1641/3629 3680/1206/3241 3696/1642/3630
f 3696/1642/3630 3680/1206/3241 3695/1208/3243
f 3696/1642/3630 3695/1208/3243 3700/1643/3631
f 3700/1643/3631 3695/1208/3243 3701/1210/3245
f 3700/1643/3631 3701/1210/3245 3719/1644/3632
f 3719/1644/3632 3701/1210/3245 3718/1212/3247
f 3719/1644/3632 3718/1212/3247 3731/1645/3633
f 3731/1645/3633 3718/1212/3247 3730/1214/3249
f 3731/1645/3633 3730/1214/3249 3743/1646/3634
f 3743/1646/3634 3730/1214/3249 3742/1216/3251
f 3743/1646/3634 3742/1216/3251 3755/1647/3635
f 3755/1647/3635 3742/1216/3251 3754/1218/3253
f 3755/1647/3635 3754/1218/3253 3767/1648/3636
f 3767/1648/3636 3754/1218/3253 3766/1220/3255
f 3767/1648/3636 3766/1220/3255 3779/1649/3637
f 3779/1649/3637 3766/1220/3255 3778/1222/3257
f 3779/1649/3637 3778/1222/3257 3791/1650/3638
f 3791/1650/3638 3778/1222/3257 3790/1224/3259
f 3791/1650/3638 3790/1224/3259 3803/1651/3639
f 3803/1651/3639 3790/1224/3259 3802/1226/3261
f 3803/1651/3639 3802/1226/3261 3815/1652/3640
f 3815/1652/3640 3802/1226/3261 3814/1228/3263
f 3815/1652/3640 3814/1228/3263 3820/1653/3641
f 3820/1653/3641 3814/1228/3263 3821/1230/3265
f 3820/1653/3641 3821/1230/3265 3838/1654/3642
f 3838/1654/3642 3821/1230/3265 3837/1232/3267
f 3838/1654/3642 3837/1232/3267 3989/1655/3643
f 3989/1655/3643 3837/1232/3267 3988/1234/3269
f 3989/1655/3643 3988/1234/3269 3843/1656/3644
f 3843/1656/3644 3988/1234/3269 3844/1236/3271
f 3843/1656/3644 3844/1236/3271 3862/1657/3645
f 3862/1657/3645 3844/1236/3271 3861/1238/3273
f 3862/1657/3645 3861/1238/3273 3873/1658/3646
f 3873/1658/3646 3861/1238/3273 3872/1240/3275
f 3873/1658/3646 3872/1240/3275 3878/1659/3647
f 3878/1659/3647 3872/1240/3275 3879/1242/3277
f 3878/1659/3647 3879/1242/3277 3897/1660/3648
f 3897/1660/3648 3879/1242/3277 3896/1244/3279
f 3897/1660/3648 3896/1244/3279 3909/1661/3649
f 3909/1661/3649 3896/1244/3279 3908/1246/3281
f 3909/1661/3649 3908/1246/3281 3921/1662/3650
f 3921/1662/3650 3908/1246/3281 3920/1248/3283
f 3921/1662/3650 3920/1248/3283 3925/1663/3651
f 3925/1663/3651 3920/1248/3283 3926/1250/3285
f 3925/1663/3651 3926/1250/3285 3943/1664/3652
f 3943/1664/3652 3926/1250/3285 3942/1252/3287
f 3943/1664/3652 3942/1252/3287 3953/1665/3653
f 3953/1665/3653 3942/1252/3287 3952/1254/3289
f 3953/1665/3653 3952/1254/3289 3964/1666/3654
f 3964/1666/3654 3952/1254/3289 3963/1256/3291
f 3964/1666/3654 3963/1256/3291 3976/1497/3488
f 3976/1497/3488 3963/1256/3291 3975/1258/3293
f 3612/1322/3352 3600/1321/3351 3599/1610/3598
f 3599/1610/3598 3600/1321/3351 3587/1345/3375
f 3612/1322/3352 3599/1610/3598 3611/1611/3599
f 3617/1563/3553 3605/1565/3555 3604/1634/3622
f 3604/1634/3622 3605/1565/3555 3592/1188/3223
f 3617/1563/3553 3604/1634/3622 3616/1635/3623
f 3623/1323/3353 3612/1322/3352 3611/1611/3599
f 3623/1323/3353 3611/1611/3599 3622/1612/3600
f 3628/1561/3551 3617/1563/3553 3616/1635/3623
f 3628/1561/3551 3616/1635/3623 3627/1636/3624
f 3647/1324/3354 3623/1323/3353 3622/1612/3600
f 3647/1324/3354 3622/1612/3600 3648/1613/3601
f 3642/1559/3549 3628/1561/3551 3627/1636/3624
f 3642/1559/3549 3627/1636/3624 3643/1637/3625
f 3647/1324/3354 3648/1613/3601 3634/1325/3355
f 3634/1325/3355 3648/1613/3601 3633/1614/3602
f 3634/1325/3355 3633/1614/3602 3658/1326/3356
f 3658/1326/3356 3633/1614/3602 3657/1615/3603
f 3658/1326/3356 3657/1615/3603 3670/1327/3357
f 3670/1327/3357 3657/1615/3603 3669/1616/3604
f 3670/1327/3357 3669/1616/3604 3683/1328/3358
f 3683/1328/3358 3669/1616/3604 3684/1617/3605
f 3683/1328/3358 3684/1617/3605 3692/1329/3359
f 3692/1329/3359 3684/1617/3605 3691/1618/3606
f 3692/1329/3359 3691/1618/3606 3704/1330/3360
f 3704/1330/3360 3691/1618/3606 3705/1619/3607
f 3704/1330/3360 3705/1619/3607 3715/1331/3361
f 3715/1331/3361 3705/1619/3607 3714/1620/3608
f 3715/1331/3361 3714/1620/3608 3727/1332/3362
f 3727/1332/3362 3714/1620/3608 3726/1621/3609
f 3727/1332/3362 3726/1621/3609 3739/1333/3363
f 3739/1333/3363 3726/1621/3609 3738/1622/3610
f 3739/1333/3363 3738/1622/3610 3751/1334/3364
f 3751/1334/3364 3738/1622/3610 3750/1623/3611
f 3751/1334/3364 3750/1623/3611 3763/1335/3365
f 3763/1335/3365 3750/1623/3611 3762/1624/3612
f 3763/1335/3365 3762/1624/3612 3775/1336/3366
f 3775/1336/3366 3762/1624/3612 3774/1625/3613
f 3775/1336/3366 3774/1625/3613 3787/1337/3367
f 3787/1337/3367 3774/1625/3613 3786/1626/3614
f 3787/1337/3367 3786/1626/3614 3799/1338/3368
f 3799/1338/3368 3786/1626/3614 3798/1627/3615
f 3799/1338/3368 3798/1627/3615 3811/1339/3369
f 3811/1339/3369 3798/1627/3615 3810/1628/3616
f 3811/1339/3369 3810/1628/3616 3824/1340/3370
f 3824/1340/3370 3810/1628/3616 3825/1629/3617
f 3824/1340/3370 3825/1629/3617 3834/1341/3371
f 3834/1341/3371 3825/1629/3617 3833/1630/3618
f 3834/1341/3371 3833/1630/3618 3985/1342/3372
f 3985/1342/3372 3833/1630/3618 3984/1631/3619
f 3985/1342/3372 3984/1631/3619 3847/1343/3373
f 3847/1343/3373 3984/1631/3619 3848/1632/3620
f 3847/1343/3373 3848/1632/3620 3858/1344/3374
f 3858/1344/3374 3848/1632/3620 3857/1633/3621
f 3858/1344/3374 3857/1633/3621 3869/1290/3321
f 3869/1290/3321 3857/1633/3621 3868/1288/3319
f 3642/1559/3549 3643/1637/3625 3639/1557/3547
f 3639/1557/3547 3643/1637/3625 3638/1638/3626
f 3639/1557/3547 3638/1638/3626 3663/1555/3545
f 3663/1555/3545 3638/1638/3626 3662/1639/3627
f 3663/1555/3545 3662/1639/3627 3675/1553/3543
f 3675/1553/3543 3662/1639/3627 3674/1640/3628
f 3675/1553/3543 3674/1640/3628 3678/1551/3541
f 3678/1551/3541 3674/1640/3628 3679/1641/3629
f 3678/1551/3541 3679/1641/3629 3697/1549/3539
f 3697/1549/3539 3679/1641/3629 3696/1642/3630
f 3697/1549/3539 3696/1642/3630 3699/1547/3537
f 3699/1547/3537 3696/1642/3630 3700/1643/3631
f 3699/1547/3537 3700/1643/3631 3720/1545/3535
f 3720/1545/3535 3700/1643/3631 3719/1644/3632
f 3720/1545/3535 3719/1644/3632 3732/1543/3533
f 3732/1543/3533 3719/1644/3632 3731/1645/3633
f 3732/1543/3533 3731/1645/3633 3744/1541/3531
f 3744/1541/3531 3731/1645/3633 3743/1646/3634
f 3744/1541/3531 3743/1646/3634 3756/1539/3529
f 3756/1539/3529 3743/1646/3634 3755/1647/3635
f 3756/1539/3529 3755/1647/3635 3768/1537/3527
f 3768/1537/3527 3755/1647/3635 3767/1648/3636
f 3768/1537/3527 3767/1648/3636 3780/1535/3525
f 3780/1535/3525 3767/1648/3636 3779/1649/3637
f 3780/1535/3525 3779/1649/3637 3792/1533/3523
f 3792/1533/3523 3779/1649/3637 3791/1650/3638
f 3792/1533/3523 3791/1650/3638 3804/1531/3521
f 3804/1531/3521 3791/1650/3638 3803/1651/3639
f 3804/1531/3521 3803/1651/3639 3816/1529/3519
f 3816/1529/3519 3803/1651/3639 3815/1652/3640
f 3816/1529/3519 3815/1652/3640 3819/1527/3517
f 3819/1527/3517 3815/1652/3640 3820/1653/3641
f 3819/1527/3517 3820/1653/3641 3839/1525/3515
f 3839/1525/3515 3820/1653/3641 3838/1654/3642
f 3839/1525/3515 3838/1654/3642 3990/1523/3513
f 3990/1523/3513 3838/1654/3642 3989/1655/3643
f 3990/1523/3513 3989/1655/3643 3842/1521/3511
f 3842/1521/3511 3989/1655/3643 3843/1656/3644
f 3842/1521/3511 3843/1656/3644 3863/1519/3509
f 3863/1519/3509 3843/1656/3644 3862/1657/3645
f 3863/1519/3509 3862/1657/3645 3874/1517/3507
f 3874/1517/3507 3862/1657/3645 3873/1658/3646
f 3874/1517/3507 3873/1658/3646 3877/1515/3505
f 3877/1515/3505 3873/1658/3646 3878/1659/3647
f 3877/1515/3505 3878/1659/3647 3898/1513/3503
f 3898/1513/3503 3878/1659/3647 3897/1660/3648
f 3898/1513/3503 3897/1660/3648 3910/1511/3501
f 3910/1511/3501 3897/1660/3648 3909/1661/3649
f 3910/1511/3501 3909/1661/3649 3922/1509/3499
f 3922/1509/3499 3909/1661/3649 3921/1662/3650
f 3922/1509/3499 3921/1662/3650 3924/1507/3497
f 3924/1507/3497 3921/1662/3650 3925/1663/3651
f 3924/1507/3497 3925/1663/3651 3944/1505/3495
f 3944/1505/3495 3925/1663/3651 3943/1664/3652
f 3944/1505/3495 3943/1664/3652 3954/1503/3493
f 3954/1503/3493 3943/1664/3652 3953/1665/3653
f 3954/1503/3493 3953/1665/3653 3965/1501/3491
f 3965/1501/3491 3953/1665/3653 3964/1666/3654
f 3965/1501/3491 3964/1666/3654 3977/1499/3489
f 3977/1499/3489 3964/1666/3654 3976/1497/3488
f 3880/1243/3278 3881/1291/3322 3895/1245/3280
f 3895/1245/3280 3881/1291/3322 3894/1667/3655
f 3895/1245/3280 3894/1667/3655 3907/1247/3282
f 3907/1247/3282 3894/1667/3655 3906/1668/3656
f 3907/1247/3282 3906/1668/3656 3919/1249/3284
f 3919/1249/3284 3906/1668/3656 3918/1669/3657
f 3919/1249/3284 3918/1669/3657 3927/1251/3286
f 3927/1251/3286 3918/1669/3657 3928/1670/3658
f 3927/1251/3286 3928/1670/3658 3941/1253/3288
f 3941/1253/3288 3928/1670/3658 3940/1671/3659
f 3941/1253/3288 3940/1671/3659 3951/1255/3290
f 3951/1255/3290 3940/1671/3659 3950/1672/3660
f 3951/1255/3290 3950/1672/3660 3962/1257/3292
f 3962/1257/3292 3950/1672/3660 3961/1673/3661
f 3962/1257/3292 3961/1673/3661 3974/1259/3294
f 3974/1259/3294 3961/1673/3661 3973/1262/3296
f 3881/1291/3322 3882/1289/3320 3894/1667/3655
f 3894/1667/3655 3882/1289/3320 3893/1674/3662
f 3894/1667/3655 3893/1674/3662 3906/1668/3656
f 3906/1668/3656 3893/1674/3662 3905/1675/3663
f 3906/1668/3656 3905/1675/3663 3918/1669/3657
f 3918/1669/3657 3905/1675/3663 3917/1676/3664
f 3918/1669/3657 3917/1676/3664 3928/1670/3658
f 3928/1670/3658 3917/1676/3664 3929/1677/3665
f 3928/1670/3658 3929/1677/3665 3940/1671/3659
f 3940/1671/3659 3929/1677/3665 3939/1678/3666
f 3940/1671/3659 3939/1678/3666 3950/1672/3660
f 3950/1672/3660 3939/1678/3666 3949/1679/3667
f 3950/1672/3660 3949/1679/3667 3961/1673/3661
f 3961/1673/3661 3949/1679/3667 3960/1264/3298
f 3961/1673/3661 3960/1264/3298 3973/1262/3296
f 3882/1289/3320 3883/1287/3318 3893/1674/3662
f 3893/1674/3662 3883/1287/3318 3892/1680/3668
f 3893/1674/3662 3892/1680/3668 3905/1675/3663
f 3905/1675/3663 3892/1680/3668 3904/1681/3669
f 3905/1675/3663 3904/1681/3669 3917/1676/3664
f 3917/1676/3664 3904/1681/3669 3916/1682/3670
f 3917/1676/3664 3916/1682/3670 3929/1677/3665
f 3929/1677/3665 3916/1682/3670 3930/1683/3671
f 3929/1677/3665 3930/1683/3671 3939/1678/3666
f 3939/1678/3666 3930/1683/3671 3938/1684/3672
f 3939/1678/3666 3938/1684/3672 3949/1679/3667
f 3949/1679/3667 3938/1684/3672 3948/1266/3300
f 3949/1679/3667 3948/1266/3300 3960/1264/3298
f 3883/1287/3318 3884/1285/3316 3892/1680/3668
f 3892/1680/3668 3884/1285/3316 3891/1685/3673
f 3892/1680/3668 3891/1685/3673 3904/1681/3669
f 3904/1681/3669 3891/1685/3673 3903/1686/3674
f 3904/1681/3669 3903/1686/3674 3916/1682/3670
f 3916/1682/3670 3903/1686/3674 3915/1687/3675
f 3916/1682/3670 3915/1687/3675 3930/1683/3671
f 3930/1683/3671 3915/1687/3675 3931/1688/3676
f 3930/1683/3671 3931/1688/3676 3938/1684/3672
f 3938/1684/3672 3931/1688/3676 3937/1268/3302
f 3938/1684/3672 3937/1268/3302 3948/1266/3300
f 3884/1285/3316 3885/1283/3314 3891/1685/3673
f 3891/1685/3673 3885/1283/3314 3890/1689/3677
f 3891/1685/3673 3890/1689/3677 3903/1686/3674
f 3903/1686/3674 3890/1689/3677 3902/1690/3678
f 3903/1686/3674 3902/1690/3678 3915/1687/3675
f 3915/1687/3675 3902/1690/3678 3914/1691/3679
f 3915/1687/3675 3914/1691/3679 3931/1688/3676
f 3931/1688/3676 3914/1691/3679 3932/1270/3304
f 3931/1688/3676 3932/1270/3304 3937/1268/3302
f 3885/1283/3314 3886/1281/3312 3890/1689/3677
f 3890/1689/3677 3886/1281/3312 3889/1692/3680
f 3890/1689/3677 3889/1692/3680 3902/1690/3678
f 3902/1690/3678 3889/1692/3680 3901/1693/3681
f 3902/1690/3678 3901/1693/3681 3914/1691/3679
f 3914/1691/3679 3901/1693/3681 3913/1272/3306
f 3914/1691/3679 3913/1272/3306 3932/1270/3304
f 3886/1281/3312 3887/1279/3310 3889/1692/3680
f 3889/1692/3680 3887/1279/3310 3888/1277/3309
f 3889/1692/3680 3888/1277/3309 3901/1693/3681
f 3901/1693/3681 3888/1277/3309 3900/1274/3308
f 3901/1693/3681 3900/1274/3308 3913/1272/3306
f 3933/1271/3305 3581/1478/3479 3935/1694/3682
f 3935/1694/3682 3581/1478/3479 3934/1480/3480
f 3935/1694/3682 3934/1480/3480 3945/1482/3481
f 3933/1271/3305 3912/1273/3307 3581/1478/3479
f 3946/1493/3486 3936/1269/3303 3935/1694/3682
f 3935/1694/3682 3936/1269/3303 3933/1271/3305
f 3946/1493/3486 3935/1694/3682 3945/1482/3481
f 3955/1504/3494 3956/1571/3560 3582/1506/3496
f 3957/1485/3482 3946/1493/3486 3945/1482/3481
f 3980/1574/3563 3967/1569/3558 3979/1568/3557
f 3462/1099/3215 4025/1100/3160 3439/1101/3159
f 3439/1101/3159 4025/1100/3160 4046/1102/3157
f 3439/1101/3159 4046/1102/3157 3440/1103/3157
f 3440/1103/3157 4046/1102/3157 3441/1104/3683
f 3441/1104/3683 4046/1102/3157 4045/1105/3162
f 3441/1104/3683 4045/1105/3162 3442/1106/3165
f 3442/1106/3165 4045/1105/3162 4044/1107/3684
f 3442/1106/3165 4044/1107/3684 3443/1108/3685
f 3443/1108/3685 4044/1107/3684 4043/1109/3686
f 3443/1108/3685 4043/1109/3686 3444/1110/3687
f 3444/1110/3687 4043/1109/3686 4042/1111/3688
f 3444/1110/3687 4042/1111/3688 3445/1112/1447
f 3445/1112/1447 4042/1111/3688 4041/1113/1448
f 3445/1112/1447 4041/1113/1448 3446/1114/3175
f 3446/1114/3175 4041/1113/1448 4040/1115/3175
f 3446/1114/3175 4040/1115/3175 3447/1116/3689
f 3447/1116/3689 4040/1115/3175 4039/1117/3690
f 3447/1116/3689 4039/1117/3690 3448/1118/3691
f 3448/1118/3691 4039/1117/3690 4038/1119/3692
f 3448/1118/3691 4038/1119/3692 3449/1120/3693
f 3449/1120/3693 4038/1119/3692 4037/1121/3694
f 3449/1120/3693 4037/1121/3694 3450/1122/3182
f 3450/1122/3182 4037/1121/3694 4036/1123/3695
f 3450/1122/3182 4036/1123/3695 3451/1124/3187
f 3451/1124/3187 4036/1123/3695 4023/1125/3187
f 3451/1126/3187 4023/1127/3187 3452/1128/3192
f 3452/1128/3192 4023/1127/3187 4035/1129/3192
f 3452/1128/3192 4035/1129/3192 3453/1130/3696
f 3453/1130/3696 4035/1129/3192 4034/1131/3697
f 3453/1130/3696 4034/1131/3697 3454/1132/3698
f 3454/1132/3698 4034/1131/3697 4033/1133/3699
f 3454/1132/3698 4033/1133/3699 3455/1134/3700
f 3455/1134/3700 4033/1133/3699 4032/1135/3701
f 3455/1134/3700 4032/1135/3701 3456/1136/3702
f 3456/1136/3702 4032/1135/3701 4031/1137/3703
f 3456/1136/3702 4031/1137/3703 3457/1138/1426
f 3457/1138/1426 4031/1137/3703 4030/1139/1427
f 3457/1138/1426 4030/1139/1427 3458/1140/3205
f 3458/1140/3205 4030/1139/1427 4029/1141/3704
f 3458/1140/3205 4029/1141/3704 3459/1142/3705
f 3459/1142/3705 4029/1141/3704 4028/1143/3705
f 3459/1142/3705 4028/1143/3705 3460/1144/3209
f 3460/1144/3209 4028/1143/3705 4027/1145/3706
f 3460/1144/3209 4027/1145/3706 3461/1146/3707
f 3461/1146/3707 4027/1145/3706 4026/1147/3212
f 3461/1146/3707 4026/1147/3212 3462/1099/3215
f 3462/1099/3215 4026/1147/3212 4024/1148/3215
f 3462/1099/3215 4024/1148/3215 4025/1100/3160
f 4025/1100/3160 4024/1148/3215 4006/1149/3708
f 4025/1100/3160 4006/1149/3708 4007/1150/3160
f 4022/1151/3709 3991/1152/3710 4023/1125/3187
f 4023/1127/3187 3991/1153/3710 3992/1154/3711
f 4023/1127/3187 3992/1154/3711 4035/1129/3192
f 4035/1129/3192 3992/1154/3711 3993/1155/3712
f 4035/1129/3192 3993/1155/3712 4034/1131/3697
f 4034/1131/3697 3993/1155/3712 3994/1156/3713
f 4034/1131/3697 3994/1156/3713 3995/1157/3714
f 4034/1131/3697 3995/1157/3714 4033/1133/3699
f 4033/1133/3699 3995/1157/3714 3996/1158/3715
f 4033/1133/3699 3996/1158/3715 4032/1135/3701
f 4032/1135/3701 3996/1158/3715 3997/1159/3716
f 4032/1135/3701 3997/1159/3716 4031/1137/3703
f 4031/1137/3703 3997/1159/3716 3998/1160/3717
f 4031/1137/3703 3998/1160/3717 3999/1161/3718
f 4031/1137/3703 3999/1161/3718 4030/1139/1427
f 4030/1139/1427 3999/1161/3718 4000/1162/3719
f 4030/1139/1427 4000/1162/3719 4029/1141/3704
f 4029/1141/3704 4000/1162/3719 4001/1163/3720
f 4029/1141/3704 4001/1163/3720 4028/1143/3705
f 4028/1143/3705 4001/1163/3720 4002/1164/3721
f 4028/1143/3705 4002/1164/3721 4003/1165/3722
f 4028/1143/3705 4003/1165/3722 4027/1145/3706
f 4027/1145/3706 4003/1165/3722 4004/1166/3723
f 4027/1145/3706 4004/1166/3723 4026/1147/3212
f 4026/1147/3212 4004/1166/3723 4005/1167/3724
f 4026/1147/3212 4005/1167/3724 4024/1148/3215
f 4024/1148/3215 4005/1167/3724 4006/1149/3708
f 4007/1150/3160 4008/1168/3725 4025/1100/3160
f 4025/1100/3160 4008/1168/3725 4046/1102/3157
f 4008/1168/3725 4009/1169/3726 4046/1102/3157
f 4046/1102/3157 4009/1169/3726 4045/1105/3162
f 4009/1169/3726 4010/1170/3727 4045/1105/3162
f 4045/1105/3162 4010/1170/3727 4044/1107/3684
f 4010/1170/3727 4011/1171/3728 4044/1107/3684
f 4044/1107/3684 4011/1171/3728 4043/1109/3686
f 4011/1171/3728 4012/1172/3729 4043/1109/3686
f 4043/1109/3686 4012/1172/3729 4013/1173/3730
f 4043/1109/3686 4013/1173/3730 4042/1111/3688
f 4042/1111/3688 4013/1173/3730 4014/1174/3731
f 4042/1111/3688 4014/1174/3731 4041/1113/1448
f 4041/1113/1448 4014/1174/3731 4015/1175/3732
f 4041/1113/1448 4015/1175/3732 4040/1115/3175
f 4040/1115/3175 4015/1175/3732 4016/1176/3733
f 4040/1115/3175 4016/1176/3733 4017/1177/3734
f 4040/1115/3175 4017/1177/3734 4039/1117/3690
f 4039/1117/3690 4017/1177/3734 4018/1178/3735
f 4039/1117/3690 4018/1178/3735 4038/1119/3692
f 4038/1119/3692 4018/1178/3735 4019/1179/3736
f 4038/1119/3692 4019/1179/3736 4037/1121/3694
f 4037/1121/3694 4019/1179/3736 4020/1180/3737
f 4037/1121/3694 4020/1180/3737 4021/1181/3738
f 4037/1121/3694 4021/1181/3738 4036/1123/3695
f 4036/1123/3695 4021/1181/3738 4022/1151/3709
f 4036/1123/3695 4022/1151/3709 4023/1125/3187
f 4047/1009/3739 3991/1010/3740 4078/1011/3741
f 4078/1011/3741 3991/1010/3740 4022/1012/3742
f 4078/1011/3741 4022/1012/3742 4082/1013/3743
f 4082/1013/3743 4022/1012/3742 4021/1014/3744
f 4082/1013/3743 4021/1014/3744 4020/1015/3745
f 4082/1013/3743 4020/1015/3745 4081/1016/3746
f 4081/1016/3746 4020/1015/3745 4019/1017/3747
f 4081/1016/3746 4019/1017/3747 4018/1018/3748
f 4081/1016/3746 4018/1018/3748 4083/1019/3749
f 4083/1019/3749 4018/1018/3748 4017/1020/3750
f 4083/1019/3749 4017/1020/3750 4016/1021/3751
f 4083/1019/3749 4016/1021/3751 4084/1022/3752
f 4084/1022/3752 4016/1021/3751 4015/1023/3753
f 4084/1022/3752 4015/1023/3753 4085/1024/3754
f 4085/1024/3754 4015/1023/3753 4014/1025/3755
f 4085/1024/3754 4014/1025/3755 4013/1026/3756
f 4085/1024/3754 4013/1026/3756 4086/1027/3757
f 4086/1027/3757 4013/1026/3756 4012/1028/3758
f 4086/1027/3757 4012/1028/3758 4080/1029/3759
f 4080/1029/3759 4012/1028/3758 4011/1030/3760
f 4080/1029/3759 4011/1030/3760 4079/1031/3761
f 4079/1031/3761 4011/1030/3760 4087/1032/3762
f 4079/1031/3761 4087/1032/3762 4067/1033/3763
f 4067/1033/3763 4087/1032/3762 4066/1034/3764
f 4066/1034/3764 4087/1032/3762 4088/1035/3765
f 4066/1034/3764 4088/1035/3765 4065/1036/3766
f 4065/1036/3766 4088/1035/3765 4089/1037/3767
f 4065/1036/3766 4089/1037/3767 4064/1038/3768
f 4064/1038/3768 4089/1037/3767 4090/1039/3769
f 4064/1038/3768 4090/1039/3769 4063/1040/3770
f 4063/1040/3770 4090/1039/3769 4091/1041/3771
f 4063/1040/3770 4091/1041/3771 4062/1042/3772
f 4062/1042/3772 4091/1041/3771 4092/1043/3773
f 4062/1042/3772 4092/1043/3773 4061/1044/3774
f 4061/1044/3774 4092/1043/3773 4093/1045/3775
f 4061/1044/3774 4093/1045/3775 4060/1046/3776
f 4060/1046/3776 4093/1045/3775 4094/1047/3777
f 4060/1046/3776 4094/1047/3777 4059/1048/3778
f 4059/1048/3778 4094/1047/3777 4095/1049/3779
f 4059/1048/3778 4095/1049/3779 4058/1050/3780
f 4058/1050/3780 4095/1049/3779 4096/1051/3781
f 4058/1050/3780 4096/1051/3781 4057/1052/3782
f 4057/1052/3782 4096/1051/3781 4097/1053/3783
f 4057/1052/3782 4097/1053/3783 4056/1054/3784
f 4056/1054/3784 4097/1053/3783 4098/1055/3785
f 4056/1054/3784 4098/1055/3785 4055/1056/3786
f 4055/1056/3786 4098/1055/3785 4054/1057/3787
f 4054/1057/3787 4098/1055/3785 4099/1058/3788
f 4054/1057/3787 4099/1058/3788 4053/1059/3789
f 4053/1059/3789 4099/1058/3788 4052/1060/3790
f 4052/1060/3790 4099/1058/3788 4100/1061/3791
f 4052/1060/3790 4100/1061/3791 4051/1062/3792
f 4051/1062/3792 4100/1061/3791 4050/1063/3793
f 4050/1063/3793 4100/1061/3791 4101/1064/3794
f 4050/1063/3793 4101/1064/3794 4049/1065/3795
f 4049/1065/3795 4101/1064/3794 4102/1066/3796
f 4049/1065/3795 4102/1066/3796 4048/1067/3797
f 4048/1067/3797 4102/1066/3796 4047/1068/3739
f 4047/1068/3739 4102/1066/3796 3992/1069/3798
f 4047/1068/3739 3992/1069/3798 3991/1070/3740
f 4011/1030/3760 4010/1071/3799 4087/1032/3762
f 4087/1032/3762 4010/1071/3799 4088/1035/3765
f 4010/1071/3799 4009/1072/3800 4088/1035/3765
f 4088/1035/3765 4009/1072/3800 4089/1037/3767
f 4009/1072/3800 4008/1073/3801 4089/1037/3767
f 4089/1037/3767 4008/1073/3801 4090/1039/3769
f 4008/1073/3801 4007/1074/3802 4090/1039/3769
f 4090/1039/3769 4007/1074/3802 4091/1041/3771
f 4007/1074/3802 4006/1075/3803 4091/1041/3771
f 4091/1041/3771 4006/1075/3803 4092/1043/3773
f 4006/1075/3803 4005/1076/3804 4092/1043/3773
f 4092/1043/3773 4005/1076/3804 4093/1045/3775
f 4005/1076/3804 4004/1077/3805 4093/1045/3775
f 4093/1045/3775 4004/1077/3805 4094/1047/3777
f 4004/1077/3805 4003/1078/3806 4094/1047/3777
f 4094/1047/3777 4003/1078/3806 4095/1049/3779
f 4003/1078/3806 4002/1079/3807 4095/1049/3779
f 4095/1049/3779 4002/1079/3807 4096/1051/3781
f 4002/1079/3807 4001/1080/3808 4096/1051/3781
f 4096/1051/3781 4001/1080/3808 4097/1053/3783
f 4001/1080/3808 4000/1081/3809 4097/1053/3783
f 4097/1053/3783 4000/1081/3809 4098/1055/3785
f 4000/1081/3809 3999/1082/3810 4098/1055/3785
f 4098/1055/3785 3999/1082/3810 3998/1083/3811
f 4098/1055/3785 3998/1083/3811 4099/1058/3788
f 4099/1058/3788 3998/1083/3811 3997/1084/3812
f 4099/1058/3788 3997/1084/3812 3996/1085/3813
f 4099/1058/3788 3996/1085/3813 4100/1061/3791
f 4100/1061/3791 3996/1085/3813 3995/1086/3814
f 4100/1061/3791 3995/1086/3814 3994/1087/3815
f 4100/1061/3791 3994/1087/3815 4101/1064/3794
f 4101/1064/3794 3994/1087/3815 3993/1088/3816
f 4101/1064/3794 3993/1088/3816 4102/1066/3796
f 4102/1066/3796 3993/1088/3816 3992/1069/3798
f 4067/1033/3763 4068/1089/3817 4079/1031/3761
f 4079/1031/3761 4068/1089/3817 4080/1029/3759
f 4080/1029/3759 4068/1089/3817 4086/1027/3757
f 4086/1027/3757 4068/1089/3817 4069/1090/3818
f 4086/1027/3757 4069/1090/3818 4085/1024/3754
f 4085/1024/3754 4069/1090/3818 4070/1091/3819
f 4085/1024/3754 4070/1091/3819 4071/1092/3820
f 4085/1024/3754 4071/1092/3820 4084/1022/3752
f 4084/1022/3752 4071/1092/3820 4072/1093/3821
f 4084/1022/3752 4072/1093/3821 4073/1094/3822
f 4084/1022/3752 4073/1094/3822 4083/1019/3749
f 4083/1019/3749 4073/1094/3822 4074/1095/3823
f 4083/1019/3749 4074/1095/3823 4081/1016/3746
f 4081/1016/3746 4074/1095/3823 4075/1096/3824
f 4081/1016/3746 4075/1096/3824 4076/1097/3825
f 4081/1016/3746 4076/1097/3825 4082/1013/3743
f 4082/1013/3743 4076/1097/3825 4077/1098/3826
f 4082/1013/3743 4077/1098/3826 4078/1011/3741
f 2429/2642/3827 4147/2643/3828 2403/2644/3829
f 2403/2644/3829 4147/2643/3828 4167/2645/3830
f 2403/2644/3829 4167/2645/3830 4149/2646/3831
f 4149/2646/3831 4167/2645/3830 4239/2647/3832
f 4149/2646/3831 4239/2647/3832 4234/2648/3833
f 4234/2648/3833 4239/2647/3832 4235/2649/3834
f 4234/2648/3833 4235/2649/3834 4237/2650/3835
f 4237/2650/3835 4235/2649/3834 4236/2651/3836
f 4237/2650/3835 4236/2651/3836 932/2652/1196
f 932/2652/1196 4236/2651/3836 933/2653/1197
f 933/2653/1197 4236/2651/3836 934/2654/1198
f 934/2654/1198 4236/2651/3836 935/2655/1199
f 935/2655/1199 4236/2651/3836 936/2656/1200
f 936/2656/1200 4236/2651/3836 4235/2649/3834
f 936/2656/1200 4235/2649/3834 4152/2657/3837
f 4152/2657/3837 4235/2649/3834 4238/2658/3838
f 4152/2657/3837 4238/2658/3838 4104/2659/3839
f 4104/2659/3839 4238/2658/3838 4150/2660/3840
f 4104/2659/3839 4150/2660/3840 4103/2661/3841
f 4103/2661/3841 4150/2660/3840 4165/2662/3842
f 4103/2661/3841 4165/2662/3842 4148/2663/3843
f 4148/2663/3843 4165/2662/3842 4164/2664/3844
f 4148/2663/3843 4164/2664/3844 4171/2665/3845
f 4171/2665/3845 4164/2664/3844 4147/2643/3828
f 4171/2665/3845 4147/2643/3828 4172/2666/3846
f 4172/2666/3846 4147/2643/3828 2429/2642/3827
f 4172/2666/3846 2429/2642/3827 4168/2667/3847
f 4168/2667/3847 2429/2642/3827 2428/2668/3848
f 4168/2667/3847 2428/2668/3848 4145/2669/3849
f 4145/2669/3849 2428/2668/3848 2427/2670/3850
f 4145/2669/3849 2427/2670/3850 4176/2671/3851
f 4176/2671/3851 2427/2670/3850 4177/2672/3852
f 4176/2671/3851 4177/2672/3852 3567/2673/3595
f 3567/2673/3595 4177/2672/3852 3568/2674/3596
f 3568/2674/3596 4177/2672/3852 3569/2675/3597
f 3569/2675/3597 4177/2672/3852 3570/2676/3217
f 3570/2676/3217 4177/2672/3852 4143/2677/3853
f 3570/2676/3217 4143/2677/3853 3525/2678/3218
f 3525/2678/3218 4143/2677/3853 3534/2679/3564
f 3534/2679/3564 4143/2677/3853 3535/2680/3565
f 3535/2680/3565 4143/2677/3853 3536/2681/3561
f 3536/2681/3561 4143/2677/3853 3537/2682/3562
f 3537/2682/3562 4143/2677/3853 3538/2683/3566
f 3538/2683/3566 4143/2677/3853 4181/2684/3854
f 3538/2683/3566 4181/2684/3854 4180/2685/3855
f 4180/2685/3855 4181/2684/3854 4179/2686/3856
f 4180/2685/3855 4179/2686/3856 4144/2687/3857
f 4144/2687/3857 4179/2686/3856 4183/2688/3858
f 4144/2687/3857 4183/2688/3858 4122/2689/3859
f 4122/2689/3859 4183/2688/3858 4121/2690/3860
f 4121/2690/3860 4183/2688/3858 4186/2691/3861
f 4121/2690/3860 4186/2691/3861 4142/2692/3862
f 4142/2692/3862 4186/2691/3861 4187/2693/3863
f 4142/2692/3862 4187/2693/3863 4185/2694/3864
f 4185/2694/3864 4187/2693/3863 4188/2695/3865
f 4185/2694/3864 4188/2695/3865 4184/2696/3866
f 4184/2696/3866 4188/2695/3865 2423/2697/3867
f 4184/2696/3866 2423/2697/3867 2422/2698/3868
f 2427/2670/3850 2426/2699/3869 4177/2672/3852
f 4177/2672/3852 2426/2699/3869 4143/2677/3853
f 2426/2699/3869 2425/2700/3870 4143/2677/3853
f 4143/2677/3853 2425/2700/3870 4181/2684/3854
f 4181/2684/3854 2425/2700/3870 4178/2701/3871
f 4178/2701/3871 2425/2700/3870 2424/2702/3872
f 4178/2701/3871 2424/2702/3872 4141/2703/3873
f 4141/2703/3873 2424/2702/3872 2423/2697/3867
f 4141/2703/3873 2423/2697/3867 4188/2695/3865
f 4184/2696/3866 2422/2698/3868 4139/2704/3874
f 4139/2704/3874 2422/2698/3868 2421/2705/3875
f 4139/2704/3874 2421/2705/3875 4189/2706/3876
f 4189/2706/3876 2421/2705/3875 4137/2707/3877
f 4189/2706/3876 4137/2707/3877 4193/2708/3878
f 4193/2708/3878 4137/2707/3877 2901/2709/2927
f 4193/2708/3878 2901/2709/2927 2900/2710/2926
f 2421/2705/3875 2420/2711/3879 4137/2707/3877
f 4137/2707/3877 2420/2711/3879 4194/2712/3880
f 4137/2707/3877 4194/2712/3880 2902/2713/2928
f 2902/2713/2928 4194/2712/3880 2903/2714/2929
f 2903/2714/2929 4194/2712/3880 4195/2715/3881
f 2903/2714/2929 4195/2715/3881 2904/2716/2930
f 2904/2716/2930 4195/2715/3881 2905/2717/2931
f 2905/2717/2931 4195/2715/3881 2906/2718/2551
f 2906/2718/2551 4195/2715/3881 2861/2719/2552
f 2861/2719/2552 4195/2715/3881 2870/2720/2898
f 2870/2720/2898 4195/2715/3881 2871/2721/2899
f 2871/2721/2899 4195/2715/3881 4135/2722/3882
f 2871/2721/2899 4135/2722/3882 2872/2723/2895
f 2872/2723/2895 4135/2722/3882 2873/2724/2896
f 2873/2724/2896 4135/2722/3882 2874/2725/2900
f 2874/2725/2900 4135/2722/3882 4196/2726/3883
f 2874/2725/2900 4196/2726/3883 2875/2727/2901
f 2875/2727/2901 4196/2726/3883 2876/2728/2902
f 2876/2728/2902 4196/2726/3883 2877/2729/2903
f 2877/2729/2903 4196/2726/3883 2878/2730/2904
f 2878/2730/2904 4196/2726/3883 4201/2731/3884
f 2878/2730/2904 4201/2731/3884 4136/2732/3885
f 4136/2732/3885 4201/2731/3884 4200/2733/3886
f 4136/2732/3885 4200/2733/3886 4116/2734/3887
f 4116/2734/3887 4200/2733/3886 4134/2735/3888
f 4116/2734/3887 4134/2735/3888 4115/2736/3889
f 4115/2736/3889 4134/2735/3888 4129/2737/3890
f 4115/2736/3889 4129/2737/3890 4207/2738/3891
f 4207/2739/3891 4129/2740/3890 4128/2741/3892
f 4207/2739/3891 4128/2741/3892 4206/2742/3893
f 4206/2742/3893 4128/2741/3892 4127/2743/3894
f 4206/2742/3893 4127/2743/3894 4205/2744/3895
f 4205/2744/3895 4127/2743/3894 2416/2745/3896
f 4205/2744/3895 2416/2745/3896 2415/2746/3897
f 4194/2712/3880 2420/2711/3879 4195/2715/3881
f 4195/2715/3881 2420/2711/3879 2419/2747/3898
f 4195/2715/3881 2419/2747/3898 4135/2722/3882
f 4135/2722/3882 2419/2747/3898 2418/2748/3899
f 4135/2722/3882 2418/2748/3899 4202/2749/3900
f 4202/2749/3900 2418/2748/3899 4198/2750/3901
f 4202/2749/3900 4198/2750/3901 4199/2751/3902
f 4199/2751/3902 4198/2750/3901 4204/2752/3903
f 4199/2751/3902 4204/2752/3903 4134/2735/3888
f 4134/2735/3888 4204/2752/3903 4129/2737/3890
f 2418/2748/3899 2417/2753/3904 4198/2750/3901
f 4198/2750/3901 2417/2753/3904 4203/2754/3905
f 4198/2750/3901 4203/2754/3905 4204/2752/3903
f 4204/2752/3903 4203/2754/3905 4128/2755/3892
f 4204/2752/3903 4128/2755/3892 4129/2737/3890
f 2417/2756/3904 2416/2745/3896 4203/2757/3905
f 4203/2757/3905 2416/2745/3896 4127/2743/3894
f 4203/2754/3905 4127/2758/3894 4128/2755/3892
f 4205/2744/3895 2415/2746/3897 4162/2759/3906
f 4162/2759/3906 2415/2746/3897 2414/2760/3907
f 4162/2759/3906 2414/2760/3907 4214/2761/3908
f 4214/2761/3908 2414/2760/3907 4210/2762/3909
f 4214/2761/3908 4210/2762/3909 4212/2763/3910
f 4212/2763/3910 4210/2762/3909 1624/2764/1901
f 4212/2763/3910 1624/2764/1901 1623/2765/1900
f 2414/2760/3907 2413/2766/3911 4210/2762/3909
f 4210/2762/3909 2413/2766/3911 4160/2767/3912
f 4210/2762/3909 4160/2767/3912 1625/2768/1902
f 1625/2768/1902 4160/2767/3912 1626/2769/1903
f 1626/2769/1903 4160/2767/3912 1627/2770/1904
f 1627/2770/1904 4160/2767/3912 4161/2771/3913
f 1627/2770/1904 4161/2771/3913 1628/2772/1487
f 1628/2772/1487 4161/2771/3913 1545/2773/1488
f 1545/2773/1488 4161/2771/3913 1592/2774/1871
f 1592/2774/1871 4161/2771/3913 1593/2775/1872
f 1593/2775/1872 4161/2771/3913 1594/2776/1868
f 1594/2776/1868 4161/2771/3913 1595/2777/1869
f 1595/2777/1869 4161/2771/3913 1596/2778/1873
f 1596/2778/1873 4161/2771/3913 4217/2779/3914
f 1596/2778/1873 4217/2779/3914 4216/2780/3915
f 4216/2780/3915 4217/2779/3914 4133/2781/3916
f 4216/2780/3915 4133/2781/3916 1599/2782/1876
f 1599/2782/1876 4133/2781/3916 1600/2783/1877
f 1600/2783/1877 4133/2781/3916 4215/2784/3917
f 1600/2783/1877 4215/2784/3917 1601/2785/1878
f 1601/2785/1878 4215/2784/3917 1602/2786/1879
f 1602/2786/1879 4215/2784/3917 1603/2787/1880
f 1603/2787/1880 4215/2784/3917 4111/2788/3918
f 1603/2787/1880 4111/2788/3918 1604/2789/1881
f 1604/2789/1881 4111/2788/3918 1605/2790/1882
f 1605/2790/1882 4111/2788/3918 1606/2791/1883
f 1606/2791/1883 4111/2788/3918 1607/2792/1884
f 1607/2792/1884 4111/2788/3918 4112/2793/3919
f 1607/2792/1884 4112/2793/3919 1608/2794/1885
f 1608/2794/1885 4112/2793/3919 1609/2795/1886
f 1609/2795/1886 4112/2793/3919 1610/2796/1887
f 1610/2796/1887 4112/2793/3919 1611/2797/1888
f 1611/2797/1888 4112/2793/3919 1612/2798/1889
f 1612/2798/1889 4112/2793/3919 1613/2799/1890
f 1613/2799/1890 4112/2793/3919 1614/2800/1891
f 1614/2800/1891 4112/2793/3919 1615/2801/1892
f 1615/2801/1892 4112/2793/3919 1616/2802/1893
f 1616/2802/1893 4112/2793/3919 1617/2803/1894
f 1617/2803/1894 4112/2793/3919 4113/2804/3920
f 1617/2803/1894 4113/2804/3920 4163/2805/3921
f 4163/2805/3921 4113/2804/3920 4213/2806/3922
f 4163/2805/3921 4213/2806/3922 1619/2807/1896
f 1619/2807/1896 4213/2806/3922 4211/2808/3923
f 1619/2807/1896 4211/2808/3923 1620/2809/1897
f 1620/2809/1897 4211/2808/3923 4212/2763/3910
f 1620/2809/1897 4212/2763/3910 1621/2810/1898
f 1621/2810/1898 4212/2763/3910 1622/2811/1899
f 1622/2811/1899 4212/2763/3910 1623/2765/1900
f 2413/2766/3911 2412/2812/3924 4160/2767/3912
f 4160/2767/3912 2412/2812/3924 4161/2771/3913
f 2411/2813/3925 4158/2814/3926 2412/2812/3924
f 2412/2812/3924 4158/2814/3926 4217/2779/3914
f 2412/2812/3924 4217/2779/3914 4161/2771/3913
f 2410/2815/3927 4218/2816/3928 2411/2813/3925
f 2411/2813/3925 4218/2816/3928 4222/2817/3929
f 2411/2813/3925 4222/2817/3929 4158/2814/3926
f 4158/2814/3926 4222/2817/3929 4221/2818/3930
f 4158/2814/3926 4221/2818/3930 4133/2781/3916
f 4133/2781/3916 4221/2818/3930 4159/2819/3931
f 4133/2781/3916 4159/2819/3931 4215/2784/3917
f 4215/2784/3917 4159/2819/3931 4111/2788/3918
f 4218/2816/3928 2410/2815/3927 4156/2820/3932
f 4156/2820/3932 2410/2815/3927 2409/2821/3933
f 4156/2820/3932 2409/2821/3933 4229/2822/3934
f 4229/2822/3934 2409/2821/3933 4225/2823/3935
f 4229/2822/3934 4225/2823/3935 4226/2824/3936
f 4226/2824/3936 4225/2823/3935 4230/2825/3937
f 4226/2824/3936 4230/2825/3937 4155/2826/3938
f 4155/2826/3938 4230/2825/3937 4154/2827/3939
f 4155/2826/3938 4154/2827/3939 4107/2828/3940
f 4107/2828/3940 4154/2827/3939 953/2829/1217
f 4107/2828/3940 953/2829/1217 4106/2830/3941
f 4106/2830/3941 953/2829/1217 952/2831/1216
f 4106/2830/3941 952/2831/1216 951/2832/1215
f 2409/2821/3933 2408/2833/3942 4225/2823/3935
f 4225/2823/3935 2408/2833/3942 4153/2834/3943
f 4225/2823/3935 4153/2834/3943 4230/2825/3937
f 4230/2825/3937 4153/2834/3943 4231/2835/3944
f 4230/2825/3937 4231/2835/3944 4154/2827/3939
f 4154/2827/3939 4231/2835/3944 956/2836/1220
f 4154/2827/3939 956/2836/1220 955/2837/1219
f 2408/2833/3942 2407/2838/3945 4153/2834/3943
f 4153/2834/3943 2407/2838/3945 4232/2839/3946
f 4153/2834/3943 4232/2839/3946 4231/2835/3944
f 4231/2835/3944 4232/2839/3946 959/2840/1223
f 4231/2835/3944 959/2840/1223 958/2841/1222
f 4232/2839/3946 2407/2838/3945 4233/2842/3947
f 4233/2842/3947 2407/2838/3945 2406/2843/3948
f 4233/2842/3947 2406/2843/3948 4151/2844/3949
f 4151/2844/3949 2406/2843/3948 2405/2845/3950
f 4151/2844/3949 2405/2845/3950 4237/2650/3835
f 4237/2650/3835 2405/2845/3950 4234/2648/3833
f 2405/2845/3950 2404/2846/3951 4234/2648/3833
f 4234/2648/3833 2404/2846/3951 4149/2646/3831
f 2404/2846/3951 2403/2644/3829 4149/2646/3831
f 1625/2768/1902 1624/2764/1901 4210/2762/3909
f 1619/2807/1896 1618/2847/1895 4163/2805/3921
f 4163/2805/3921 1618/2847/1895 1617/2803/1894
f 1599/2782/1876 1598/2848/1875 4216/2780/3915
f 4216/2780/3915 1598/2848/1875 1597/2849/1874
f 4216/2780/3915 1597/2849/1874 1596/2778/1873
f 928/2850/1194 881/2851/811 4151/2844/3949
f 4151/2844/3949 881/2851/811 964/2852/810
f 4151/2844/3949 964/2852/810 963/2853/1227
f 963/2853/1227 962/2854/1226 4151/2844/3949
f 4151/2844/3949 962/2854/1226 961/2855/1225
f 4151/2844/3949 961/2855/1225 4233/2842/3947
f 4233/2842/3947 961/2855/1225 960/2856/1224
f 4233/2842/3947 960/2856/1224 4232/2839/3946
f 4232/2839/3946 960/2856/1224 959/2840/1223
f 958/2841/1222 957/2857/1221 4231/2835/3944
f 4231/2835/3944 957/2857/1221 956/2836/1220
f 955/2837/1219 954/2858/1218 4154/2827/3939
f 4154/2827/3939 954/2858/1218 953/2829/1217
f 951/2832/1215 950/2859/1214 4106/2830/3941
f 4106/2830/3941 950/2859/1214 949/2860/1213
f 4106/2830/3941 949/2860/1213 948/2861/1212
f 948/2861/1212 947/2862/1211 4106/2830/3941
f 4106/2830/3941 947/2862/1211 946/2863/1210
f 4106/2830/3941 946/2863/1210 945/2864/1209
f 945/2864/1209 944/2865/1208 4106/2830/3941
f 4106/2830/3941 944/2865/1208 943/2866/1207
f 4106/2830/3941 943/2866/1207 4105/2867/3952
f 4105/2867/3952 943/2866/1207 942/2868/1206
f 4105/2867/3952 942/2868/1206 941/2869/1205
f 941/2869/1205 940/2870/1204 4105/2867/3952
f 4105/2867/3952 940/2870/1204 939/2871/1203
f 4105/2867/3952 939/2871/1203 4132/2872/3953
f 4132/2872/3953 939/2871/1203 938/2873/1202
f 4132/2872/3953 938/2873/1202 4240/2874/3954
f 4240/2874/3954 938/2873/1202 937/2875/1201
f 4240/2874/3954 937/2875/1201 4132/2872/3953
f 4132/2872/3953 937/2875/1201 936/2656/1200
f 4132/2872/3953 936/2656/1200 4152/2657/3837
f 932/2652/1196 931/2876/1192 4237/2650/3835
f 4237/2650/3835 931/2876/1192 930/2877/1191
f 4237/2650/3835 930/2877/1191 929/2878/1195
f 4237/2650/3835 929/2878/1195 4151/2844/3949
f 4151/2844/3949 929/2878/1195 928/2850/1194
f 4104/2659/3839 4105/2867/3952 4152/2657/3837
f 4152/2657/3837 4105/2867/3952 4132/2872/3953
f 4107/2828/3940 4108/2879/3955 4155/2826/3938
f 4155/2826/3938 4108/2879/3955 4227/2880/3956
f 4155/2826/3938 4227/2880/3956 4226/2824/3936
f 4226/2824/3936 4227/2880/3956 4228/2881/3957
f 4226/2824/3936 4228/2881/3957 4229/2822/3934
f 4229/2822/3934 4228/2881/3957 4156/2820/3932
f 4227/2880/3956 4108/2879/3955 4157/2882/3958
f 4157/2882/3958 4108/2879/3955 4109/2883/3959
f 4157/2882/3958 4109/2883/3959 4224/2884/3960
f 4224/2884/3960 4109/2883/3959 4220/2885/3961
f 4224/2884/3960 4220/2885/3961 4219/2886/3962
f 4219/2886/3962 4220/2885/3961 4221/2818/3930
f 4219/2886/3962 4221/2818/3930 4222/2817/3929
f 4109/2883/3959 4110/2887/3963 4220/2885/3961
f 4220/2885/3961 4110/2887/3963 4159/2819/3931
f 4220/2885/3961 4159/2819/3931 4221/2818/3930
f 4110/2887/3963 4111/2788/3918 4159/2819/3931
f 4213/2806/3922 4113/2804/3920 4209/2888/3964
f 4209/2888/3964 4113/2804/3920 4114/2889/3965
f 4209/2888/3964 4114/2889/3965 4207/2739/3891
f 4207/2738/3891 4114/2890/3965 4115/2736/3889
f 4116/2734/3887 4117/2891/3966 4136/2732/3885
f 4136/2732/3885 4117/2891/3966 4130/2892/3967
f 4136/2732/3885 4130/2892/3967 2878/2730/2904
f 2878/2730/2904 4130/2892/3967 2879/2893/2905
f 2879/2893/2905 4130/2892/3967 4197/2894/3968
f 2879/2893/2905 4197/2894/3968 2880/2895/2906
f 2880/2895/2906 4197/2894/3968 4130/2892/3967
f 2880/2895/2906 4130/2892/3967 2881/2896/2907
f 2881/2896/2907 4130/2892/3967 4117/2891/3966
f 2881/2896/2907 4117/2891/3966 2882/2897/2908
f 2882/2897/2908 4117/2891/3966 2883/2898/2909
f 2883/2898/2909 4117/2891/3966 2884/2899/2910
f 2884/2899/2910 4117/2891/3966 2885/2900/2911
f 2885/2900/2911 4117/2891/3966 4118/2901/3969
f 2885/2900/2911 4118/2901/3969 2886/2902/2912
f 2886/2902/2912 4118/2901/3969 2887/2903/2913
f 2887/2903/2913 4118/2901/3969 2888/2904/2914
f 2888/2904/2914 4118/2901/3969 2889/2905/2915
f 2889/2905/2915 4118/2901/3969 2890/2906/2916
f 2890/2906/2916 4118/2901/3969 2891/2907/2917
f 2891/2907/2917 4118/2901/3969 2892/2908/2918
f 2892/2908/2918 4118/2901/3969 2893/2909/2919
f 2893/2909/2919 4118/2901/3969 2894/2910/2920
f 2894/2910/2920 4118/2901/3969 2895/2911/2921
f 2895/2911/2921 4118/2901/3969 4119/2912/3970
f 2895/2911/2921 4119/2912/3970 4138/2913/3971
f 4138/2913/3971 4119/2912/3970 4140/2914/3972
f 4138/2913/3971 4140/2914/3972 4190/2915/3973
f 4190/2915/3973 4140/2914/3972 4191/2916/3974
f 4190/2915/3973 4191/2916/3974 4192/2917/3975
f 4192/2917/3975 4191/2916/3974 4185/2694/3864
f 4192/2917/3975 4185/2694/3864 4184/2696/3866
f 4119/2912/3970 4120/2918/3976 4140/2914/3972
f 4140/2914/3972 4120/2918/3976 4191/2916/3974
f 4191/2916/3974 4120/2918/3976 4142/2692/3862
f 4142/2692/3862 4120/2918/3976 4121/2690/3860
f 4122/2689/3859 4123/2919/3977 4144/2687/3857
f 4144/2687/3857 4123/2919/3977 4131/2920/3978
f 4144/2687/3857 4131/2920/3978 4180/2685/3855
f 4180/2685/3855 4131/2920/3978 3542/2921/3570
f 4180/2685/3855 3542/2921/3570 3541/2922/3569
f 4124/2923/3979 3549/2924/3577 4123/2919/3977
f 4123/2919/3977 3549/2924/3577 3548/2925/3576
f 4123/2919/3977 3548/2925/3576 3547/2926/3575
f 4125/2927/3980 3559/2928/3587 4124/2923/3979
f 4124/2923/3979 3559/2928/3587 3558/2929/3586
f 4124/2923/3979 3558/2929/3586 3557/2930/3585
f 4126/2931/3981 4170/2932/3982 4125/2927/3980
f 4125/2927/3980 4170/2932/3982 4174/2933/3983
f 4125/2927/3980 4174/2933/3983 4146/2934/3984
f 4146/2934/3984 4174/2933/3983 3561/2935/3589
f 4146/2934/3984 3561/2935/3589 3560/2936/3588
f 4170/2932/3982 4126/2931/3981 4148/2663/3843
f 4148/2663/3843 4126/2931/3981 4103/2661/3841
f 3567/2673/3595 3566/2937/3594 4176/2671/3851
f 4176/2671/3851 3566/2937/3594 4175/2938/3985
f 4176/2671/3851 4175/2938/3985 4145/2669/3849
f 4145/2669/3849 4175/2938/3985 4173/2939/3986
f 4145/2669/3849 4173/2939/3986 4168/2667/3847
f 4168/2667/3847 4173/2939/3986 4169/2940/3987
f 4168/2667/3847 4169/2940/3987 4172/2666/3846
f 4172/2666/3846 4169/2940/3987 4171/2665/3845
f 3566/2937/3594 3565/2941/3593 4175/2938/3985
f 4175/2938/3985 3565/2941/3593 3564/2942/3592
f 4175/2938/3985 3564/2942/3592 3563/2943/3591
f 3563/2943/3591 3562/2944/3590 4175/2938/3985
f 4175/2938/3985 3562/2944/3590 4173/2939/3986
f 3562/2944/3590 3561/2935/3589 4173/2939/3986
f 4173/2939/3986 3561/2935/3589 4174/2933/3983
f 4173/2939/3986 4174/2933/3983 4169/2940/3987
f 4169/2940/3987 4174/2933/3983 4170/2932/3982
f 4169/2940/3987 4170/2932/3982 4171/2665/3845
f 4171/2665/3845 4170/2932/3982 4148/2663/3843
f 3560/2936/3588 3559/2928/3587 4146/2934/3984
f 4146/2934/3984 3559/2928/3587 4125/2927/3980
f 3557/2930/3585 3556/2945/3584 4124/2923/3979
f 4124/2923/3979 3556/2945/3584 3555/2946/3583
f 4124/2923/3979 3555/2946/3583 3554/2947/3582
f 3554/2947/3582 3553/2948/3581 4124/2923/3979
f 4124/2923/3979 3553/2948/3581 3552/2949/3580
f 4124/2923/3979 3552/2949/3580 3551/2950/3579
f 3551/2950/3579 3550/2951/3578 4124/2923/3979
f 4124/2923/3979 3550/2951/3578 3549/2924/3577
f 3547/2926/3575 3546/2952/3574 4123/2919/3977
f 4123/2919/3977 3546/2952/3574 3545/2953/3573
f 4123/2919/3977 3545/2953/3573 4241/2954/3988
f 4241/2954/3988 3545/2953/3573 3544/2955/3572
f 4241/2954/3988 3544/2955/3572 3543/2956/3571
f 4241/2954/3988 3543/2956/3571 4131/2920/3978
f 4131/2920/3978 3543/2956/3571 3542/2921/3570
f 3541/2922/3569 3540/2957/3568 4180/2685/3855
f 4180/2685/3855 3540/2957/3568 3539/2958/3567
f 4180/2685/3855 3539/2958/3567 3538/2683/3566
f 2902/2713/2928 2901/2709/2927 4137/2707/3877
f 2900/2710/2926 2899/2959/2925 4193/2708/3878
f 4193/2708/3878 2899/2959/2925 2898/2960/2924
f 4193/2708/3878 2898/2960/2924 4138/2913/3971
f 4138/2913/3971 2898/2960/2924 2897/2961/2923
f 4138/2913/3971 2897/2961/2923 2896/2962/2922
f 2896/2962/2922 2895/2911/2921 4138/2913/3971
f 4131/2920/3978 4123/2919/3977 4241/2954/3988
f 4199/2751/3902 4134/2735/3888 4200/2733/3886
f 4192/2917/3975 4184/2696/3866 4139/2704/3874
f 4147/2643/3828 4164/2664/3844 4167/2645/3830
f 4167/2645/3830 4164/2664/3844 4166/2963/3989
f 4167/2645/3830 4166/2963/3989 4239/2647/3832
f 4239/2647/3832 4166/2963/3989 4238/2658/3838
f 4239/2647/3832 4238/2658/3838 4235/2649/3834
f 4164/2664/3844 4165/2662/3842 4166/2963/3989
f 4166/2963/3989 4165/2662/3842 4150/2660/3840
f 4166/2963/3989 4150/2660/3840 4238/2658/3838
f 4181/2684/3854 4178/2701/3871 4179/2686/3856
f 4179/2686/3856 4178/2701/3871 4182/2964/3990
f 4179/2686/3856 4182/2964/3990 4183/2688/3858
f 4183/2688/3858 4182/2964/3990 4186/2691/3861
f 4178/2701/3871 4141/2703/3873 4182/2964/3990
f 4182/2964/3990 4141/2703/3873 4187/2693/3863
f 4182/2964/3990 4187/2693/3863 4186/2691/3861
f 4188/2695/3865 4187/2693/3863 4141/2703/3873
f 4191/2916/3974 4142/2692/3862 4185/2694/3864
f 4139/2704/3874 4189/2706/3876 4192/2917/3975
f 4192/2917/3975 4189/2706/3876 4190/2915/3973
f 4138/2913/3971 4190/2915/3973 4193/2708/3878
f 4193/2708/3878 4190/2915/3973 4189/2706/3876
f 4201/2731/3884 4196/2726/3883 4135/2722/3882
f 4202/2749/3900 4199/2751/3902 4201/2731/3884
f 4201/2731/3884 4199/2751/3902 4200/2733/3886
f 4135/2722/3882 4202/2749/3900 4201/2731/3884
f 4209/2888/3964 4207/2739/3891 4206/2742/3893
f 4206/2742/3893 4205/2744/3895 4208/2965/3991
f 4208/2965/3991 4205/2744/3895 4162/2759/3906
f 4208/2965/3991 4162/2759/3906 4211/2808/3923
f 4211/2808/3923 4162/2759/3906 4214/2761/3908
f 4211/2808/3923 4214/2761/3908 4212/2763/3910
f 4213/2806/3922 4209/2888/3964 4208/2965/3991
f 4208/2965/3991 4209/2888/3964 4206/2742/3893
f 4213/2806/3922 4208/2965/3991 4211/2808/3923
f 4158/2814/3926 4133/2781/3916 4217/2779/3914
f 4222/2817/3929 4218/2816/3928 4219/2886/3962
f 4219/2886/3962 4218/2816/3928 4223/2966/3992
f 4219/2886/3962 4223/2966/3992 4224/2884/3960
f 4224/2884/3960 4223/2966/3992 4157/2882/3958
f 4218/2816/3928 4156/2820/3932 4223/2966/3992
f 4223/2966/3992 4156/2820/3932 4228/2881/3957
f 4223/2966/3992 4228/2881/3957 4157/2882/3958
f 4157/2882/3958 4228/2881/3957 4227/2880/3956
f 2323/2967/320 2324/2968/320 2300/2969/320
f 2300/2969/320 2324/2968/320 2349/2970/320
f 2300/2969/320 2349/2970/320 786/2971/320
f 786/2971/320 2349/2970/320 787/2972/320
f 787/2972/320 2349/2970/320 788/2973/320
f 788/2973/320 2349/2970/320 2348/2974/320
f 788/2973/320 2348/2974/320 789/2975/320
f 789/2975/320 2348/2974/320 790/2976/320
f 790/2976/320 2348/2974/320 791/2977/320
f 791/2977/320 2348/2974/320 792/2978/320
f 792/2978/320 2348/2974/320 2347/2979/320
f 792/2978/320 2347/2979/320 793/2980/320
f 793/2980/320 2347/2979/320 794/2981/320
f 794/2981/320 2347/2979/320 795/2982/320
f 795/2982/320 2347/2979/320 2346/2983/320
f 795/2982/320 2346/2983/320 796/2984/2147
f 796/2984/2147 2346/2983/320 797/2985/320
f 797/2985/320 2346/2983/320 798/2986/320
f 798/2986/320 2346/2983/320 2345/2987/320
f 798/2986/320 2345/2987/320 799/2988/320
f 799/2988/320 2345/2987/320 800/2989/320
f 800/2989/320 2345/2987/320 2304/2990/320
f 800/2989/320 2304/2990/320 801/2991/3993
f 801/2991/3993 2304/2990/320 802/2992/3994
f 802/2992/3994 2304/2990/320 803/2993/320
f 803/2993/320 2304/2990/320 2303/2994/320
f 803/2993/320 2303/2994/320 804/2995/3995
f 804/2995/3995 2303/2994/320 805/2996/320
f 805/2996/320 2303/2994/320 806/2997/320
f 806/2997/320 2303/2994/320 807/2998/320
f 807/2998/320 2303/2994/320 808/2999/2147
f 808/2999/2147 2303/2994/320 2302/3000/320
f 808/2999/2147 2302/3000/320 745/3001/2147
f 745/3001/2147 2302/3000/320 778/3002/320
f 778/3002/320 2302/3000/320 779/3003/320
f 779/3003/320 2302/3000/320 780/3004/2147
f 780/3004/2147 2302/3000/320 781/3005/2147
f 781/3005/2147 2302/3000/320 2301/3006/320
f 781/3005/2147 2301/3006/320 782/3007/320
f 782/3007/320 2301/3006/320 783/3008/2147
f 783/3008/2147 2301/3006/320 784/3009/320
f 784/3009/320 2301/3006/320 785/3010/320
f 785/3010/320 2301/3006/320 2300/2969/320
f 785/3010/320 2300/2969/320 786/2971/320
f 2324/2968/320 2323/2967/320 2325/3011/320
f 2325/3011/320 2323/2967/320 2322/3012/320
f 2325/3011/320 2322/3012/320 4070/3013/320
f 4070/3013/320 2322/3012/320 4071/3014/320
f 4071/3014/320 2322/3012/320 4072/3015/320
f 4072/3015/320 2322/3012/320 4073/3016/2147
f 4073/3016/2147 2322/3012/320 2321/3017/320
f 4073/3016/2147 2321/3017/320 4074/3018/320
f 4074/3018/320 2321/3017/320 4075/3019/2147
f 4075/3019/2147 2321/3017/320 4076/3020/2147
f 4076/3020/2147 2321/3017/320 4077/3021/320
f 4077/3021/320 2321/3017/320 4078/3022/320
f 4078/3022/320 2321/3017/320 2320/3023/320
f 4078/3022/320 2320/3023/320 4047/3024/320
f 4047/3024/320 2320/3023/320 4048/3025/320
f 4048/3025/320 2320/3023/320 4049/3026/320
f 4049/3026/320 2320/3023/320 4050/3027/320
f 4050/3027/320 2320/3023/320 4051/3028/320
f 4051/3028/320 2320/3023/320 2319/3029/320
f 4051/3028/320 2319/3029/320 4052/3030/3993
f 4052/3030/3993 2319/3029/320 4053/3031/3994
f 4053/3031/3994 2319/3029/320 4054/3032/320
f 4054/3032/320 2319/3029/320 4055/3033/320
f 4055/3033/320 2319/3029/320 2318/3034/320
f 4055/3033/320 2318/3034/320 4056/3035/320
f 4056/3035/320 2318/3034/320 2330/3036/320
f 4056/3035/320 2330/3036/320 4057/3037/320
f 4057/3037/320 2330/3036/320 2329/3038/320
f 4057/3037/320 2329/3038/320 4058/3039/320
f 4058/3039/320 2329/3038/320 4059/3040/320
f 4059/3040/320 2329/3038/320 4060/3041/2147
f 4060/3041/2147 2329/3038/320 2328/3042/320
f 4060/3041/2147 2328/3042/320 4061/3043/320
f 4061/3043/320 2328/3042/320 4062/3044/320
f 4062/3044/320 2328/3042/320 4063/3045/320
f 4063/3045/320 2328/3042/320 2327/3046/320
f 4063/3045/320 2327/3046/320 4064/3047/3994
f 4064/3047/3994 2327/3046/320 4065/3048/2147
f 4065/3048/2147 2327/3046/320 4066/3049/320
f 4066/3049/320 2327/3046/320 4067/3050/320
f 4067/3050/320 2327/3046/320 2326/3051/320
f 4067/3050/320 2326/3051/320 4068/3052/320
f 4068/3052/320 2326/3051/320 4069/3053/320
f 4069/3053/320 2326/3051/320 2325/3011/320
f 4069/3053/320 2325/3011/320 4070/3013/320
f 2330/3036/320 2318/3034/320 2331/3054/320
f 2331/3054/320 2318/3034/320 2317/3055/320
f 2331/3054/320 2317/3055/320 2332/3056/320
f 2332/3056/320 2317/3055/320 2316/3057/320
f 2332/3056/320 2316/3057/320 3406/3058/2147
f 3406/3058/2147 2316/3057/320 3407/3059/3996
f 3407/3059/3996 2316/3057/320 3408/3060/320
f 3408/3060/320 2316/3057/320 3409/3061/320
f 3409/3061/320 2316/3057/320 2315/3062/320
f 3409/3061/320 2315/3062/320 3410/3063/320
f 3410/3063/320 2315/3062/320 3411/3064/2147
f 3411/3064/2147 2315/3062/320 3412/3065/3993
f 3412/3065/3993 2315/3062/320 3413/3066/320
f 3413/3066/320 2315/3062/320 3414/3067/320
f 3414/3067/320 2315/3062/320 2314/3068/320
f 3414/3067/320 2314/3068/320 3383/3069/2147
f 3383/3069/2147 2314/3068/320 3384/3070/2147
f 3384/3070/2147 2314/3068/320 3385/3071/2147
f 3385/3071/2147 2314/3068/320 3386/3072/3993
f 3386/3072/3993 2314/3068/320 3387/3073/320
f 3387/3073/320 2314/3068/320 2313/3074/2147
f 3387/3073/320 2313/3074/2147 3388/3075/2147
f 3388/3075/2147 2313/3074/2147 3389/3076/320
f 3389/3076/320 2313/3074/2147 3390/3077/2147
f 3390/3077/2147 2313/3074/2147 3391/3078/320
f 3391/3078/320 2313/3074/2147 2312/3079/320
f 3391/3078/320 2312/3079/320 3392/3080/320
f 3392/3080/320 2312/3079/320 2336/3081/320
f 3392/3080/320 2336/3081/320 3393/3082/320
f 3393/3082/320 2336/3081/320 3394/3083/320
f 3394/3083/320 2336/3081/320 2335/3084/320
f 3394/3083/320 2335/3084/320 3395/3085/320
f 3395/3085/320 2335/3084/320 3396/3086/320
f 3396/3086/320 2335/3084/320 3397/3087/3993
f 3397/3087/3993 2335/3084/320 3398/3088/3993
f 3398/3088/3993 2335/3084/320 2334/3089/320
f 3398/3088/3993 2334/3089/320 3399/3090/320
f 3399/3090/320 2334/3089/320 3400/3091/320
f 3400/3091/320 2334/3089/320 3401/3092/320
f 3401/3092/320 2334/3089/320 2333/3093/320
f 3401/3092/320 2333/3093/320 3402/3094/320
f 3402/3094/320 2333/3093/320 3403/3095/2147
f 3403/3095/2147 2333/3093/320 3404/3096/320
f 3404/3096/320 2333/3093/320 2332/3056/320
f 3404/3096/320 2332/3056/320 3405/3097/2147
f 3405/3097/2147 2332/3056/320 3406/3058/2147
f 2336/3081/320 2312/3079/320 2337/3098/320
f 2337/3098/320 2312/3079/320 2311/3099/320
f 2337/3098/320 2311/3099/320 2338/3100/320
f 2338/3100/320 2311/3099/320 2310/3101/320
f 2338/3100/320 2310/3101/320 1464/3102/320
f 1464/3102/320 2310/3101/320 1465/3103/320
f 1465/3103/320 2310/3101/320 1466/3104/320
f 1466/3104/320 2310/3101/320 1467/3105/320
f 1467/3105/320 2310/3101/320 2309/3106/320
f 1467/3105/320 2309/3106/320 1468/3107/2147
f 1468/3107/2147 2309/3106/320 1469/3108/320
f 1469/3108/320 2309/3106/320 1470/3109/320
f 1470/3109/320 2309/3106/320 1471/3110/320
f 1471/3110/320 2309/3106/320 1472/3111/320
f 1472/3111/320 2309/3106/320 2308/3112/320
f 1472/3111/320 2308/3112/320 1409/3113/320
f 1409/3113/320 2308/3112/320 1442/3114/320
f 1442/3114/320 2308/3112/320 1443/3115/320
f 1443/3115/320 2308/3112/320 1444/3116/320
f 1444/3116/320 2308/3112/320 1445/3117/320
f 1445/3117/320 2308/3112/320 2307/3118/320
f 1445/3117/320 2307/3118/320 1446/3119/320
f 1446/3119/320 2307/3118/320 1447/3120/3993
f 1447/3120/3993 2307/3118/320 1448/3121/3994
f 1448/3121/3994 2307/3118/320 1449/3122/3993
f 1449/3122/3993 2307/3118/320 2306/3123/320
f 1449/3122/3993 2306/3123/320 1450/3124/2147
f 1450/3124/2147 2306/3123/320 2343/3125/320
f 1450/3124/2147 2343/3125/320 1451/3126/2147
f 1451/3126/2147 2343/3125/320 2342/3127/320
f 1451/3126/2147 2342/3127/320 1452/3128/320
f 1452/3128/320 2342/3127/320 1453/3129/2147
f 1453/3129/2147 2342/3127/320 1454/3130/320
f 1454/3130/320 2342/3127/320 2341/3131/320
f 1454/3130/320 2341/3131/320 1455/3132/320
f 1455/3132/320 2341/3131/320 1456/3133/320
f 1456/3133/320 2341/3131/320 1457/3134/320
f 1457/3134/320 2341/3131/320 2340/3135/320
f 1457/3134/320 2340/3135/320 1458/3136/320
f 1458/3136/320 2340/3135/320 1459/3137/2147
f 1459/3137/2147 2340/3135/320 1460/3138/320
f 1460/3138/320 2340/3135/320 1461/3139/320
f 1461/3139/320 2340/3135/320 2339/3140/320
f 1461/3139/320 2339/3140/320 1462/3141/3993
f 1462/3141/3993 2339/3140/320 1463/3142/320
f 1463/3142/320 2339/3140/320 2338/3100/320
f 1463/3142/320 2338/3100/320 1464/3102/320
f 2343/3125/320 2306/3123/320 2344/3143/320
f 2344/3143/320 2306/3123/320 2305/3144/320
f 2344/3143/320 2305/3144/320 2345/2987/320
f 2345/2987/320 2305/3144/320 2304/2990/320
f 4243/3145/3997 4245/3146/3998 4242/3147/3999
f 4242/3147/3999 4245/3146/3998 4249/3148/4000
f 4242/3147/3999 4249/3148/4000 4264/3149/4001
f 4264/3149/4001 4249/3148/4000 4250/3150/4002
f 4264/3149/4001 4250/3150/4002 4263/3151/4003
f 4263/3151/4003 4250/3150/4002 4251/3152/4004
f 4263/3151/4003 4251/3152/4004 4262/3153/4005
f 4262/3153/4005 4251/3152/4004 4252/3154/4006
f 4262/3153/4005 4252/3154/4006 4261/3155/4007
f 4261/3155/4007 4252/3154/4006 4253/3156/4008
f 4261/3155/4007 4253/3156/4008 4260/3157/4009
f 4260/3157/4009 4253/3156/4008 4254/3158/4010
f 4260/3157/4009 4254/3158/4010 4257/3159/4011
f 4257/3159/4011 4254/3158/4010 4255/3160/4012
f 4257/3159/4011 4255/3160/4012 4256/3161/4013
f 4243/3145/3997 4244/3162/4014 4245/3146/3998
f 4245/3146/3998 4246/3163/4015 4249/3148/4000
f 4249/3148/4000 4246/3163/4015 4247/3164/4016
f 4249/3148/4000 4247/3164/4016 4248/3165/4017
f 4257/3159/4011 4258/3166/4018 4260/3157/4009
f 4260/3157/4009 4258/3166/4018 4259/3167/4019
f 2081/3168/623 4242/3169/623 2082/3170/625
f 2082/3170/625 4242/3169/623 4264/3171/625
f 2082/3170/625 4264/3171/625 2083/3172/626
f 2083/3172/626 4264/3171/625 4263/3173/626
f 2083/3172/626 4263/3173/626 2084/3174/627
f 2084/3174/627 4263/3173/626 4262/3175/627
f 2084/3174/627 4262/3175/627 2085/3176/628
f 2085/3176/628 4262/3175/627 4261/3177/628
f 2085/3176/628 4261/3177/628 2086/3178/4020
f 2086/3178/4020 4261/3177/628 4260/3179/4021
f 2073/3180/616 718/3181/616 22/3182/616
f 22/3182/616 718/3181/616 86/3183/616
f 22/3182/616 86/3183/616 98/3184/32
f 2107/3185/616 2194/3186/32 2073/3180/616
f 2073/3180/616 2194/3186/32 2166/3187/616
f 2073/3180/616 2166/3187/616 718/3181/616
f 98/3184/32 23/3188/32 22/3182/616
f 4248/3189/4022 4266/3190/4023 728/3191/4022
f 728/3191/4022 4266/3190/4023 4267/3192/4024
f 728/3191/4022 4267/3192/4024 19/3193/4024
f 19/3193/4024 4267/3192/4024 20/3194/4025
f 20/3194/4025 4267/3192/4024 4275/3195/4025
f 20/3194/4025 4275/3195/4025 21/3196/4026
f 21/3196/4026 4275/3195/4025 4278/3197/4026
f 21/3196/4026 4278/3197/4026 22/3198/616
f 22/3198/616 4278/3197/4026 4277/3199/4026
f 22/3198/616 4277/3199/4026 2073/3200/616
f 2073/3200/616 4277/3199/4026 4276/3201/4026
f 2073/3200/616 4276/3201/4026 2074/3202/4026
f 2074/3202/4026 4276/3201/4026 2075/3203/4025
f 2075/3203/4025 4276/3201/4026 4273/3204/4025
f 2075/3203/4025 4273/3204/4025 2076/3205/4024
f 2076/3205/4024 4273/3204/4025 4265/3206/4024
f 2076/3205/4024 4265/3206/4024 2077/487/4027
f 2077/487/4027 4265/3206/4024 4248/3189/4022
f 2077/487/4027 4248/3189/4022 4269/3207/4028
f 4269/3207/4028 4248/3189/4022 4247/3208/4029
f 4269/3207/4028 4247/3208/4029 2077/487/4027
f 2077/487/4027 4247/3208/4029 2078/3209/4030
f 2078/3209/4030 4247/3208/4029 4270/3210/4031
f 2078/3209/4030 4270/3210/4031 4246/3211/4032
f 4246/3211/4032 4270/3210/4031 4247/3208/4029
f 4245/3212/4033 4271/3213/4034 4246/3211/4032
f 4246/3211/4032 4271/3213/4034 2079/3214/4034
f 4246/3211/4032 2079/3214/4034 2078/3209/4030
f 4271/3213/4034 4245/3212/4033 2079/3214/4034
f 2079/3214/4034 4245/3212/4033 4244/3215/4035
f 2079/3214/4034 4244/3215/4035 2080/3216/4036
f 2080/3216/4036 4244/3215/4035 4272/3217/4036
f 2080/3216/4036 4272/3217/4036 4243/3218/4037
f 4243/3218/4037 4272/3217/4036 4244/3215/4035
f 4242/3219/623 2081/3220/623 4243/3218/4037
f 4243/3218/4037 2081/3220/623 2080/3216/4036
f 728/3191/4022 19/3193/4024 4268/3221/4038
f 4268/3221/4038 19/3193/4024 18/192/4038
f 4268/3221/4038 18/192/4038 729/3222/4029
f 729/3222/4029 18/192/4038 17/3223/4039
f 729/3222/4029 17/3223/4039 4279/3224/4031
f 4279/3224/4031 17/3223/4039 730/3225/4032
f 4279/3224/4031 730/3225/4032 729/3222/4029
f 17/3223/4039 16/3226/4034 730/3225/4032
f 730/3225/4032 16/3226/4034 4280/3227/4034
f 730/3225/4032 4280/3227/4034 731/3228/4033
f 731/3228/4033 4280/3227/4034 16/3226/4034
f 731/3228/4033 16/3226/4034 732/3229/4035
f 732/3229/4035 16/3226/4034 15/3230/4040
f 732/3229/4035 15/3230/4040 4281/3231/4036
f 4281/3231/4036 15/3230/4040 733/3232/4037
f 4281/3231/4036 733/3232/4037 732/3229/4035
f 15/3230/4040 14/3233/624 733/3232/4037
f 733/3232/4037 14/3233/624 722/3234/623
f 729/3222/4029 728/3191/4022 4268/3221/4038
f 4248/3189/4022 4265/3206/4024 4266/3190/4023
f 4266/3190/4023 4265/3206/4024 4274/3235/4025
f 4266/3190/4023 4274/3235/4025 4275/3195/4025
f 4275/3195/4025 4274/3235/4025 4278/3197/4026
f 4274/3235/4025 4265/3206/4024 4273/3204/4025
f 4275/3195/4025 4267/3192/4024 4266/3190/4023
f 4276/3201/4026 4277/3199/4026 4273/3204/4025
f 4273/3204/4025 4277/3199/4026 4274/3235/4025
f 4277/3199/4026 4278/3197/4026 4274/3235/4025
f 2150/3236/368 2149/3237/4041 4282/3238/368
f 4282/3238/368 2149/3237/4041 4283/3239/368
f 4284/3240/351 4285/3241/4042 2137/3242/4043
f 2137/3242/4043 4285/3241/4042 2138/3243/43
f 2138/3243/43 4285/3241/4042 4286/3244/3842
f 2138/3243/43 4286/3244/3842 4287/3245/405
f 2138/3243/43 4287/3245/405 2139/3246/44
f 2139/3246/44 4287/3245/405 4288/3247/4044
f 2139/3246/44 4288/3247/4044 4289/3248/4045
f 2139/3246/44 4289/3248/4045 2140/3249/622
f 2140/3249/622 4289/3248/4045 4290/3250/4046
f 2140/3249/622 4290/3250/4046 4291/3251/4047
f 2140/3249/622 4291/3251/4047 2141/3252/46
f 2141/3252/46 4291/3251/4047 4292/3253/4048
f 2141/3252/46 4292/3253/4048 4293/3254/4049
f 2141/3252/46 4293/3254/4049 2142/3255/4050
f 2142/3255/4050 4293/3254/4049 4294/3256/4051
f 2142/3255/4050 4294/3256/4051 2143/3257/591
f 2143/3257/591 4294/3256/4051 4295/3258/4052
f 2143/3257/591 4295/3258/4052 4296/3259/4053
f 2143/3257/591 4296/3259/4053 2144/3260/586
f 2144/3260/586 4296/3259/4053 4297/3261/387
f 2144/3260/586 4297/3261/387 2145/3262/320
f 2145/3262/320 4297/3261/387 4298/3263/4054
f 2145/3262/320 4298/3263/4054 4299/3264/4055
f 2145/3262/320 4299/3264/4055 2146/3265/603
f 2146/3265/603 4299/3264/4055 4300/3266/4056
f 2146/3265/603 4300/3266/4056 2147/3267/607
f 2147/3267/607 4300/3266/4056 4301/3268/4057
f 2147/3267/607 4301/3268/4057 2148/3269/611
f 2148/3269/611 4301/3268/4057 4302/3270/4058
f 2148/3269/611 4302/3270/4058 2149/3271/4041
f 2149/3271/4041 4302/3270/4058 4283/3272/368
f 4284/3273/351 2137/3274/4043 4303/3275/351
f 4303/3275/351 2137/3274/4043 2165/3276/351
f 4304/3277/46 4305/3278/4059 2118/3242/46
f 2118/3242/46 4305/3278/4059 2119/3243/595
f 2119/3243/595 4305/3278/4059 4306/3279/4060
f 2119/3243/595 4306/3279/4060 2120/3246/591
f 2120/3246/591 4306/3279/4060 4307/3280/4061
f 2120/3246/591 4307/3280/4061 2121/3249/586
f 2121/3249/586 4307/3280/4061 4308/3281/4062
f 2121/3249/586 4308/3281/4062 2122/3252/320
f 2122/3252/320 4308/3281/4062 4309/3282/4063
f 2122/3252/320 4309/3282/4063 4310/3283/115
f 2122/3252/320 4310/3283/115 2123/3255/603
f 2123/3255/603 4310/3283/115 4311/3284/4064
f 2123/3255/603 4311/3284/4064 2124/3257/607
f 2124/3257/607 4311/3284/4064 4312/3285/4065
f 2124/3257/607 4312/3285/4065 4313/3286/4066
f 2124/3257/607 4313/3286/4066 2125/3260/611
f 2125/3260/611 4313/3286/4066 4314/3287/4067
f 2125/3260/611 4314/3287/4067 2126/3262/368
f 2126/3262/368 4314/3287/4067 4315/3288/4068
f 2126/3262/368 4315/3288/4068 4316/3289/4069
f 2126/3262/368 4316/3289/4069 2127/3265/614
f 2127/3265/614 4316/3289/4069 4317/3290/4070
f 2127/3265/614 4317/3290/4070 4318/3291/4071
f 2127/3265/614 4318/3291/4071 2128/3267/616
f 2128/3267/616 4318/3291/4071 4319/3292/4072
f 2128/3267/616 4319/3292/4072 4320/3293/97
f 2128/3267/616 4320/3293/97 2129/3269/33
f 2129/3269/33 4320/3293/97 4321/3294/4073
f 2129/3269/33 4321/3294/4073 4322/3295/4074
f 4323/3296/34 2130/3271/34 4322/3295/4074
f 4322/3295/4074 2130/3271/34 2129/3269/33
f 4304/3297/46 2118/3274/46 4324/3298/46
f 4324/3298/46 2118/3274/46 2117/3276/46
f 2131/3236/34 2130/3237/34 4325/3299/34
f 4325/3299/34 2130/3237/34 4323/3300/34
f 4337/3301/4075 4326/3302/4076 4338/3303/4077
f 4338/3303/4077 4326/3302/4076 4327/3304/4078
f 4338/3303/4077 4327/3304/4078 4328/3305/4079
f 4328/3305/4079 4329/3306/4080 4338/3303/4077
f 4338/3303/4077 4329/3306/4080 4348/3307/4081
f 4338/3303/4077 4348/3307/4081 4352/3308/4082
f 4352/3308/4082 4348/3307/4081 4353/3309/4083
f 4352/3308/4082 4353/3309/4083 4340/3310/4084
f 4340/3310/4084 4353/3309/4083 4351/3311/4085
f 4340/3310/4084 4351/3311/4085 4362/3312/4086
f 4362/3312/4086 4351/3311/4085 4363/3313/4087
f 4362/3312/4086 4363/3313/4087 4361/3314/4088
f 4361/3314/4088 4363/3313/4087 4360/3315/4089
f 4361/3314/4088 4360/3315/4089 4342/3316/4090
f 4342/3316/4090 4360/3315/4089 4382/3317/4091
f 4342/3316/4090 4382/3317/4091 4372/3318/4092
f 4372/3318/4092 4382/3317/4091 4373/3319/4093
f 4372/3318/4092 4373/3319/4093 4371/3320/4094
f 4371/3320/4094 4373/3319/4093 4370/3321/4095
f 4371/3320/4094 4370/3321/4095 4344/3322/4096
f 4344/3322/4096 4370/3321/4095 4377/3323/4097
f 4344/3322/4096 4377/3323/4097 717/3324/602
f 4329/3306/4080 4330/3325/4098 4348/3307/4081
f 4348/3307/4081 4330/3325/4098 4347/3326/4099
f 4348/3307/4081 4347/3326/4099 4353/3309/4083
f 4353/3309/4083 4347/3326/4099 4354/3327/4100
f 4353/3309/4083 4354/3327/4100 4351/3311/4085
f 4351/3311/4085 4354/3327/4100 4350/3328/4101
f 4351/3311/4085 4350/3328/4101 4363/3313/4087
f 4363/3313/4087 4350/3328/4101 4364/3329/4102
f 4363/3313/4087 4364/3329/4102 4360/3315/4089
f 4360/3315/4089 4364/3329/4102 4359/3330/4103
f 4360/3315/4089 4359/3330/4103 4382/3317/4091
f 4382/3317/4091 4359/3330/4103 4381/3331/4104
f 4382/3317/4091 4381/3331/4104 4373/3319/4093
f 4373/3319/4093 4381/3331/4104 4374/3332/4105
f 4373/3319/4093 4374/3332/4105 4370/3321/4095
f 4370/3321/4095 4374/3332/4105 4369/3333/4106
f 4370/3321/4095 4369/3333/4106 4377/3323/4097
f 4377/3323/4097 4369/3333/4106 4378/3334/4107
f 4377/3323/4097 4378/3334/4107 717/3335/602
f 4347/3326/4099 4330/3325/4098 4346/3336/4108
f 4346/3336/4108 4330/3325/4098 4331/3337/4109
f 4346/3336/4108 4331/3337/4109 4339/3338/4110
f 4339/3338/4110 4331/3337/4109 4332/3339/4111
f 4339/3338/4110 4332/3339/4111 4356/3340/4112
f 4356/3340/4112 4332/3339/4111 4341/3341/4113
f 4356/3340/4112 4341/3341/4113 4349/3342/4114
f 4349/3342/4114 4341/3341/4113 4365/3343/4115
f 4349/3342/4114 4365/3343/4115 4364/3329/4102
f 4364/3329/4102 4365/3343/4115 4359/3330/4103
f 4332/3339/4111 4333/3344/4116 4341/3341/4113
f 4341/3341/4113 4333/3344/4116 4366/3345/4117
f 4341/3341/4113 4366/3345/4117 4365/3343/4115
f 4365/3343/4115 4366/3345/4117 4358/3346/4118
f 4365/3343/4115 4358/3346/4118 4359/3330/4103
f 4359/3330/4103 4358/3346/4118 4381/3331/4104
f 4334/3347/4119 4343/3348/4120 4333/3344/4116
f 4333/3344/4116 4343/3348/4120 4357/3349/4121
f 4333/3344/4116 4357/3349/4121 4366/3345/4117
f 4366/3345/4117 4357/3349/4121 4358/3346/4118
f 717/3350/602 4345/3351/4122 4334/3347/4119
f 4334/3347/4119 4345/3351/4122 4367/3352/4123
f 4334/3347/4119 4367/3352/4123 4376/3353/4124
f 4376/3353/4124 4367/3352/4123 4368/3354/4125
f 4376/3353/4124 4368/3354/4125 4375/3355/4126
f 4375/3355/4126 4368/3354/4125 4369/3333/4106
f 4375/3355/4126 4369/3333/4106 4374/3332/4105
f 4336/3356/4127 4342/3316/4090 4335/3357/4128
f 4335/3357/4128 4342/3316/4090 4372/3318/4092
f 4335/3357/4128 4372/3318/4092 4371/3320/4094
f 4337/3301/4075 4340/3310/4084 4336/3356/4127
f 4336/3356/4127 4340/3310/4084 4362/3312/4086
f 4336/3356/4127 4362/3312/4086 4361/3314/4088
f 4342/3316/4090 4336/3356/4127 4361/3314/4088
f 4334/3347/4119 4376/3353/4124 4343/3348/4120
f 4343/3348/4120 4376/3353/4124 4375/3355/4126
f 4343/3348/4120 4375/3355/4126 4380/3358/4129
f 4380/3358/4129 4375/3355/4126 4374/3332/4105
f 4380/3358/4129 4374/3332/4105 4381/3331/4104
f 717/3359/602 4335/3357/4128 4344/3322/4096
f 4344/3322/4096 4335/3357/4128 4371/3320/4094
f 4354/3327/4100 4347/3326/4099 4346/3336/4108
f 4346/3336/4108 4339/3338/4110 4355/3360/4130
f 4355/3360/4130 4339/3338/4110 4356/3340/4112
f 4355/3360/4130 4356/3340/4112 4349/3342/4114
f 4340/3310/4084 4337/3301/4075 4352/3308/4082
f 4352/3308/4082 4337/3301/4075 4338/3303/4077
f 4349/3342/4114 4350/3328/4101 4355/3360/4130
f 4355/3360/4130 4350/3328/4101 4354/3327/4100
f 4355/3360/4130 4354/3327/4100 4346/3336/4108
f 4350/3328/4101 4349/3342/4114 4364/3329/4102
f 4343/3348/4120 4380/3358/4129 4357/3349/4121
f 4357/3349/4121 4380/3358/4129 4358/3346/4118
f 4380/3358/4129 4381/3331/4104 4358/3346/4118
f 4378/3334/4107 4369/3333/4106 4368/3354/4125
f 717/3361/602 4379/3362/4131 4367/3352/4123
f 4367/3352/4123 4379/3362/4131 4368/3354/4125
f 717/3363/602 4378/3334/4107 4368/3354/4125
f 717/3363/602 4368/3354/4125 4379/3362/4131
f 717/3361/602 4367/3352/4123 4345/3351/4122
f 4303/490/351 4383/491/352 4390/492/4132
f 4390/492/4132 4383/491/352 4395/493/4133
f 4390/492/4132 4395/493/4133 4399/494/4134
f 4399/494/4134 4395/493/4133 4394/495/4135
f 4399/494/4134 4394/495/4135 4398/496/4136
f 4398/496/4136 4394/495/4135 4393/497/4137
f 4398/496/4136 4393/497/4137 4397/498/4138
f 4397/498/4138 4393/497/4137 4392/499/4139
f 4397/498/4138 4392/499/4139 4396/500/4140
f 4396/500/4140 4392/499/4139 4329/501/4080
f 4396/500/4140 4329/501/4080 4328/502/4079
f 4383/491/352 4384/503/353 4395/493/4133
f 4395/493/4133 4384/503/353 4394/495/4135
f 4384/503/353 4385/504/354 4394/495/4135
f 4394/495/4135 4385/504/354 4393/497/4137
f 4385/504/354 4386/505/355 4393/497/4137
f 4393/497/4137 4386/505/355 4392/499/4139
f 4386/505/355 4387/506/356 4392/499/4139
f 4392/499/4139 4387/506/356 4391/507/4141
f 4392/499/4139 4391/507/4141 4329/501/4080
f 4329/501/4080 4391/507/4141 4330/508/4098
f 4330/508/4098 4391/507/4141 4331/509/4109
f 4331/509/4109 4391/507/4141 4387/506/356
f 4327/510/4078 4400/511/4142 4328/502/4079
f 4328/502/4079 4400/511/4142 4397/498/4138
f 4328/502/4079 4397/498/4138 4396/500/4140
f 4327/510/4078 4326/512/4076 4400/511/4142
f 4400/511/4142 4326/512/4076 4401/513/4143
f 4400/511/4142 4401/513/4143 4397/498/4138
f 4397/498/4138 4401/513/4143 4398/496/4136
f 4326/512/4076 4388/514/4144 4401/513/4143
f 4401/513/4143 4388/514/4144 4389/515/4145
f 4401/513/4143 4389/515/4145 4398/496/4136
f 4398/496/4136 4389/515/4145 4399/494/4134
f 4389/515/4145 4390/492/4132 4399/494/4134
f 4387/474/356 4402/3364/356 4331/472/4109
f 4331/472/4109 4402/3364/356 4403/3365/356
f 4331/472/4109 4403/3365/356 2159/3366/358
f 2159/3366/358 4403/3365/356 2160/3367/356
f 2160/3367/356 4403/3365/356 2161/3368/355
f 2161/3368/355 4403/3365/356 4405/3369/355
f 2161/3368/355 4405/3369/355 2162/3370/354
f 2162/3370/354 4405/3369/355 4407/3371/354
f 2162/3370/354 4407/3371/354 2163/3372/353
f 2163/3372/353 4407/3371/354 4409/3373/353
f 2163/3372/353 4409/3373/353 2164/3374/352
f 2164/3374/352 4409/3373/353 4411/3375/352
f 2164/3374/352 4411/3375/352 2165/3376/351
f 2165/3376/351 4411/3375/352 4410/3377/352
f 2165/3376/351 4410/3377/352 4303/483/351
f 4303/483/351 4410/3377/352 4383/482/352
f 4383/482/352 4410/3377/352 4384/480/353
f 4384/480/353 4410/3377/352 4408/3378/353
f 4384/480/353 4408/3378/353 4385/478/354
f 4385/478/354 4408/3378/353 4406/3379/354
f 4385/478/354 4406/3379/354 4386/476/355
f 4386/476/355 4406/3379/354 4404/3380/355
f 4386/476/355 4404/3380/355 4387/474/356
f 4387/474/356 4404/3380/355 4402/3364/356
f 4405/3369/355 4403/3365/356 4402/3364/356
f 4405/3369/355 4402/3364/356 4404/3380/355
f 4407/3371/354 4405/3369/355 4404/3380/355
f 4407/3371/354 4404/3380/355 4406/3379/354
f 4409/3373/353 4407/3371/354 4406/3379/354
f 4409/3373/353 4406/3379/354 4408/3378/353
f 4411/3375/352 4409/3373/353 4408/3378/353
f 4411/3375/352 4408/3378/353 4410/3377/352
f 4429/811/566 4282/809/368 4430/3381/4146
f 4430/3381/4146 4282/809/368 4412/3382/4147
f 4430/3381/4146 4412/3382/4147 4435/3383/4148
f 4435/3383/4148 4412/3382/4147 4413/3384/4149
f 4435/3383/4148 4413/3384/4149 4436/3385/4150
f 4436/3385/4150 4413/3384/4149 4440/3386/4151
f 4436/3385/4150 4440/3386/4151 4441/3387/4152
f 4441/3387/4152 4440/3386/4151 4444/3388/4153
f 4441/3387/4152 4444/3388/4153 4445/3389/4154
f 4445/3389/4154 4444/3388/4153 4416/3390/4155
f 4445/3389/4154 4416/3390/4155 4447/3391/4156
f 4447/3391/4156 4416/3390/4155 4417/3392/4157
f 4447/3391/4156 4417/3392/4157 4448/3393/4158
f 4448/3393/4158 4417/3392/4157 4418/3394/4159
f 4448/3393/4158 4418/3394/4159 4419/3395/4160
f 4413/3384/4149 4414/3396/4161 4440/3386/4151
f 4440/3386/4151 4414/3396/4161 4444/3388/4153
f 4414/3396/4161 4415/3397/4162 4444/3388/4153
f 4444/3388/4153 4415/3397/4162 4416/3390/4155
f 4448/3393/4158 4419/3395/4160 4446/3398/4163
f 4446/3398/4163 4419/3395/4160 4420/3399/4164
f 4446/3398/4163 4420/3399/4164 4443/3400/4165
f 4443/3400/4165 4420/3399/4164 4421/3401/4166
f 4443/3400/4165 4421/3401/4166 4422/3402/4167
f 4443/3400/4165 4422/3402/4167 4439/3403/4168
f 4439/3403/4168 4422/3402/4167 4423/3404/4169
f 4439/3403/4168 4423/3404/4169 4434/3405/4170
f 4434/3405/4170 4423/3404/4169 4424/820/323
f 4434/3405/4170 4424/820/323 4425/818/562
f 4434/3405/4170 4425/818/562 4433/3406/4171
f 4433/3406/4171 4425/818/562 4426/816/563
f 4433/3406/4171 4426/816/563 4432/3407/4172
f 4432/3407/4172 4426/816/563 4427/814/564
f 4432/3407/4172 4427/814/564 4431/3408/4173
f 4431/3408/4173 4427/814/564 4428/812/565
f 4431/3408/4173 4428/812/565 4430/3381/4146
f 4430/3381/4146 4428/812/565 4429/811/566
f 4435/3383/4148 4436/3385/4150 4430/3381/4146
f 4430/3381/4146 4436/3385/4150 4431/3408/4173
f 4432/3407/4172 4431/3408/4173 4437/3409/4174
f 4437/3409/4174 4431/3408/4173 4436/3385/4150
f 4437/3409/4174 4436/3385/4150 4441/3387/4152
f 4439/3403/4168 4434/3405/4170 4433/3406/4171
f 4433/3406/4171 4432/3407/4172 4438/3410/4175
f 4438/3410/4175 4432/3407/4172 4437/3409/4174
f 4438/3410/4175 4437/3409/4174 4442/3411/4176
f 4442/3411/4176 4437/3409/4174 4441/3387/4152
f 4442/3411/4176 4441/3387/4152 4445/3389/4154
f 4443/3400/4165 4439/3403/4168 4438/3410/4175
f 4438/3410/4175 4439/3403/4168 4433/3406/4171
f 4443/3400/4165 4438/3410/4175 4442/3411/4176
f 4446/3398/4163 4443/3400/4165 4442/3411/4176
f 4446/3398/4163 4442/3411/4176 4445/3389/4154
f 4448/3393/4158 4446/3398/4163 4447/3391/4156
f 4447/3391/4156 4446/3398/4163 4445/3389/4154
f 4284/419/351 4303/420/351 4456/421/4177
f 4456/421/4177 4303/420/351 4390/422/4132
f 4456/421/4177 4390/422/4132 4455/423/4178
f 4455/423/4178 4390/422/4132 4389/424/4145
f 4455/423/4178 4389/424/4145 4454/425/4179
f 4454/425/4179 4389/424/4145 4388/426/4144
f 4454/425/4179 4388/426/4144 4453/427/4180
f 4453/427/4180 4388/426/4144 4326/428/4076
f 4453/427/4180 4326/428/4076 4449/429/4181
f 4449/429/4181 4450/430/4182 4453/427/4180
f 4453/427/4180 4450/430/4182 4454/425/4179
f 4450/430/4182 4451/431/4183 4454/425/4179
f 4454/425/4179 4451/431/4183 4455/423/4178
f 4451/431/4183 4452/432/4184 4455/423/4178
f 4455/423/4178 4452/432/4184 4456/421/4177
f 4452/432/4184 4284/419/351 4456/421/4177
f 4285/233/4042 4284/234/351 4490/235/4185
f 4490/235/4185 4284/234/351 4452/236/4184
f 4490/235/4185 4452/236/4184 4451/237/4183
f 4450/238/4182 4487/239/4186 4451/237/4183
f 4451/237/4183 4487/239/4186 4488/240/4187
f 4451/237/4183 4488/240/4187 4489/241/4188
f 4489/241/4188 4488/240/4187 4497/242/4189
f 4489/241/4188 4497/242/4189 4498/243/4190
f 4498/243/4190 4497/242/4189 4506/244/4191
f 4498/243/4190 4506/244/4191 4286/245/3842
f 4286/245/3842 4506/244/4191 4287/246/405
f 4287/246/405 4506/244/4191 4288/247/4044
f 4288/247/4044 4506/244/4191 4514/248/4192
f 4288/247/4044 4514/248/4192 4289/249/4045
f 4289/249/4045 4514/248/4192 4522/250/4193
f 4289/249/4045 4522/250/4193 4290/251/4046
f 4290/251/4046 4522/250/4193 4530/252/4194
f 4290/251/4046 4530/252/4194 4291/253/4047
f 4291/253/4047 4530/252/4194 4538/254/4195
f 4291/253/4047 4538/254/4195 4292/255/4048
f 4292/255/4048 4538/254/4195 4293/256/4049
f 4293/256/4049 4538/254/4195 4546/257/4196
f 4293/256/4049 4546/257/4196 4294/258/4051
f 4294/258/4051 4546/257/4196 4554/259/4197
f 4294/258/4051 4554/259/4197 4295/260/4052
f 4295/260/4052 4554/259/4197 4562/261/4198
f 4295/260/4052 4562/261/4198 4296/262/4053
f 4296/262/4053 4562/261/4198 4570/263/4199
f 4296/262/4053 4570/263/4199 4297/264/387
f 4297/264/387 4570/263/4199 4578/265/4200
f 4297/264/387 4578/265/4200 4298/266/4054
f 4298/266/4054 4578/265/4200 4586/267/4201
f 4298/266/4054 4586/267/4201 4299/268/4055
f 4299/268/4055 4586/267/4201 4594/269/4202
f 4299/268/4055 4594/269/4202 4300/270/4056
f 4300/270/4056 4594/269/4202 4602/271/4203
f 4300/270/4056 4602/271/4203 4301/272/4057
f 4301/272/4057 4602/271/4203 4610/273/4204
f 4301/272/4057 4610/273/4204 4302/274/4058
f 4302/274/4058 4610/273/4204 4618/275/4205
f 4302/274/4058 4618/275/4205 4283/276/368
f 4283/276/368 4618/275/4205 4482/277/4206
f 4482/277/4206 4618/275/4205 4617/278/4207
f 4482/277/4206 4617/278/4207 4481/279/4208
f 4481/279/4208 4617/278/4207 4616/280/4209
f 4481/279/4208 4616/280/4209 4615/281/4210
f 4615/281/4210 4616/280/4209 4607/282/4211
f 4615/281/4210 4607/282/4211 4606/283/4212
f 4606/283/4212 4607/282/4211 4598/284/4213
f 4606/283/4212 4598/284/4213 4597/285/4214
f 4597/285/4214 4598/284/4213 4589/286/4215
f 4597/285/4214 4589/286/4215 4588/287/4216
f 4588/287/4216 4589/286/4215 4580/288/4217
f 4588/287/4216 4580/288/4217 4579/289/4218
f 4579/289/4218 4580/288/4217 4571/290/4219
f 4579/289/4218 4571/290/4219 4470/291/4220
f 4470/291/4220 4571/290/4219 4469/292/4221
f 4469/292/4221 4571/290/4219 4563/293/4222
f 4469/292/4221 4563/293/4222 4468/294/4223
f 4468/294/4223 4563/293/4222 4555/295/4224
f 4468/294/4223 4555/295/4224 4467/296/4225
f 4467/296/4225 4555/295/4224 4547/297/4226
f 4467/296/4225 4547/297/4226 4466/298/4227
f 4466/298/4227 4547/297/4226 4539/299/4228
f 4466/298/4227 4539/299/4228 4465/300/4229
f 4465/300/4229 4539/299/4228 4531/301/4230
f 4465/300/4229 4531/301/4230 4464/302/4231
f 4464/302/4231 4531/301/4230 4463/303/4232
f 4463/303/4232 4531/301/4230 4523/304/4233
f 4463/303/4232 4523/304/4233 4462/305/4234
f 4462/305/4234 4523/304/4233 4515/306/4235
f 4462/305/4234 4515/306/4235 4461/307/4236
f 4461/307/4236 4515/306/4235 4507/308/4237
f 4461/307/4236 4507/308/4237 4460/309/4238
f 4460/309/4238 4507/308/4237 4499/310/4239
f 4460/309/4238 4499/310/4239 4459/311/4240
f 4459/311/4240 4499/310/4239 4458/312/4241
f 4458/312/4241 4499/310/4239 4491/313/4242
f 4458/312/4241 4491/313/4242 4457/314/4243
f 4457/314/4243 4491/313/4242 4483/315/4244
f 4457/314/4243 4483/315/4244 4449/316/4181
f 4449/316/4181 4483/315/4244 4484/317/4245
f 4449/316/4181 4484/317/4245 4450/238/4182
f 4450/238/4182 4484/317/4245 4485/318/4246
f 4450/238/4182 4485/318/4246 4486/319/4247
f 4486/319/4247 4485/318/4246 4494/320/4248
f 4486/319/4247 4494/320/4248 4495/321/4249
f 4495/321/4249 4494/320/4248 4503/322/4250
f 4495/321/4249 4503/322/4250 4504/323/4251
f 4504/323/4251 4503/322/4250 4512/324/4252
f 4504/323/4251 4512/324/4252 4513/325/4253
f 4513/325/4253 4512/324/4252 4521/326/4254
f 4513/325/4253 4521/326/4254 4522/250/4193
f 4522/250/4193 4521/326/4254 4530/252/4194
f 4470/291/4220 4471/327/4255 4579/289/4218
f 4579/289/4218 4471/327/4255 4587/328/4256
f 4579/289/4218 4587/328/4256 4588/287/4216
f 4588/287/4216 4587/328/4256 4596/329/4257
f 4588/287/4216 4596/329/4257 4597/285/4214
f 4597/285/4214 4596/329/4257 4605/330/4258
f 4597/285/4214 4605/330/4258 4606/283/4212
f 4606/283/4212 4605/330/4258 4614/331/4259
f 4606/283/4212 4614/331/4259 4615/281/4210
f 4615/281/4210 4614/331/4259 4480/332/4260
f 4615/281/4210 4480/332/4260 4481/279/4208
f 4471/327/4255 4472/333/4261 4587/328/4256
f 4587/328/4256 4472/333/4261 4595/334/4262
f 4587/328/4256 4595/334/4262 4596/329/4257
f 4596/329/4257 4595/334/4262 4604/335/4263
f 4596/329/4257 4604/335/4263 4605/330/4258
f 4605/330/4258 4604/335/4263 4613/336/4264
f 4605/330/4258 4613/336/4264 4614/331/4259
f 4614/331/4259 4613/336/4264 4479/337/4265
f 4614/331/4259 4479/337/4265 4480/332/4260
f 4472/333/4261 4473/338/4266 4595/334/4262
f 4595/334/4262 4473/338/4266 4603/339/4267
f 4595/334/4262 4603/339/4267 4604/335/4263
f 4604/335/4263 4603/339/4267 4612/340/4268
f 4604/335/4263 4612/340/4268 4613/336/4264
f 4613/336/4264 4612/340/4268 4477/341/4269
f 4613/336/4264 4477/341/4269 4478/342/4270
f 4473/338/4266 4474/343/4271 4603/339/4267
f 4603/339/4267 4474/343/4271 4611/344/4272
f 4603/339/4267 4611/344/4272 4612/340/4268
f 4612/340/4268 4611/344/4272 4477/341/4269
f 4474/343/4271 4475/345/4273 4611/344/4272
f 4611/344/4272 4475/345/4273 4476/346/4274
f 4611/344/4272 4476/346/4274 4477/341/4269
f 4478/342/4270 4479/337/4265 4613/336/4264
f 4286/245/3842 4285/233/4042 4498/243/4190
f 4498/243/4190 4285/233/4042 4490/235/4185
f 4498/243/4190 4490/235/4185 4489/241/4188
f 4489/241/4188 4490/235/4185 4451/237/4183
f 4484/317/4245 4483/315/4244 4492/347/4275
f 4492/347/4275 4483/315/4244 4491/313/4242
f 4492/347/4275 4491/313/4242 4500/348/4276
f 4500/348/4276 4491/313/4242 4499/310/4239
f 4500/348/4276 4499/310/4239 4508/349/4277
f 4508/349/4277 4499/310/4239 4507/308/4237
f 4508/349/4277 4507/308/4237 4516/350/4278
f 4516/350/4278 4507/308/4237 4515/306/4235
f 4516/350/4278 4515/306/4235 4524/351/4279
f 4524/351/4279 4515/306/4235 4523/304/4233
f 4524/351/4279 4523/304/4233 4532/352/4280
f 4532/352/4280 4523/304/4233 4531/301/4230
f 4532/352/4280 4531/301/4230 4540/353/4281
f 4540/353/4281 4531/301/4230 4539/299/4228
f 4540/353/4281 4539/299/4228 4548/354/4282
f 4548/354/4282 4539/299/4228 4547/297/4226
f 4548/354/4282 4547/297/4226 4556/355/4283
f 4556/355/4283 4547/297/4226 4555/295/4224
f 4556/355/4283 4555/295/4224 4564/356/4284
f 4564/356/4284 4555/295/4224 4563/293/4222
f 4564/356/4284 4563/293/4222 4572/357/4285
f 4572/357/4285 4563/293/4222 4571/290/4219
f 4572/357/4285 4571/290/4219 4580/288/4217
f 4487/239/4186 4450/238/4182 4486/319/4247
f 4485/318/4246 4484/317/4245 4493/358/4286
f 4493/358/4286 4484/317/4245 4492/347/4275
f 4493/358/4286 4492/347/4275 4501/359/4287
f 4501/359/4287 4492/347/4275 4500/348/4276
f 4501/359/4287 4500/348/4276 4509/360/4288
f 4509/360/4288 4500/348/4276 4508/349/4277
f 4509/360/4288 4508/349/4277 4517/361/4289
f 4517/361/4289 4508/349/4277 4516/350/4278
f 4517/361/4289 4516/350/4278 4525/362/4290
f 4525/362/4290 4516/350/4278 4524/351/4279
f 4525/362/4290 4524/351/4279 4533/363/4291
f 4533/363/4291 4524/351/4279 4532/352/4280
f 4533/363/4291 4532/352/4280 4541/364/4292
f 4541/364/4292 4532/352/4280 4540/353/4281
f 4541/364/4292 4540/353/4281 4549/365/4293
f 4549/365/4293 4540/353/4281 4548/354/4282
f 4549/365/4293 4548/354/4282 4557/366/4294
f 4557/366/4294 4548/354/4282 4556/355/4283
f 4557/366/4294 4556/355/4283 4565/367/4295
f 4565/367/4295 4556/355/4283 4564/356/4284
f 4565/367/4295 4564/356/4284 4573/368/4296
f 4573/368/4296 4564/356/4284 4572/357/4285
f 4573/368/4296 4572/357/4285 4581/369/4297
f 4581/369/4297 4572/357/4285 4580/288/4217
f 4581/369/4297 4580/288/4217 4589/286/4215
f 4486/319/4247 4495/321/4249 4487/239/4186
f 4487/239/4186 4495/321/4249 4496/370/4298
f 4487/239/4186 4496/370/4298 4488/240/4187
f 4488/240/4187 4496/370/4298 4497/242/4189
f 4485/318/4246 4493/358/4286 4494/320/4248
f 4494/320/4248 4493/358/4286 4502/371/4299
f 4494/320/4248 4502/371/4299 4503/322/4250
f 4503/322/4250 4502/371/4299 4511/372/4300
f 4503/322/4250 4511/372/4300 4512/324/4252
f 4512/324/4252 4511/372/4300 4520/373/4301
f 4512/324/4252 4520/373/4301 4521/326/4254
f 4521/326/4254 4520/373/4301 4529/374/4302
f 4521/326/4254 4529/374/4302 4530/252/4194
f 4530/252/4194 4529/374/4302 4538/254/4195
f 4502/371/4299 4493/358/4286 4501/359/4287
f 4495/321/4249 4504/323/4251 4496/370/4298
f 4496/370/4298 4504/323/4251 4505/375/4303
f 4496/370/4298 4505/375/4303 4497/242/4189
f 4497/242/4189 4505/375/4303 4506/244/4191
f 4502/371/4299 4501/359/4287 4510/376/4304
f 4510/376/4304 4501/359/4287 4509/360/4288
f 4510/376/4304 4509/360/4288 4518/377/4305
f 4518/377/4305 4509/360/4288 4517/361/4289
f 4518/377/4305 4517/361/4289 4526/378/4306
f 4526/378/4306 4517/361/4289 4525/362/4290
f 4526/378/4306 4525/362/4290 4534/379/4307
f 4534/379/4307 4525/362/4290 4533/363/4291
f 4534/379/4307 4533/363/4291 4542/380/4308
f 4542/380/4308 4533/363/4291 4541/364/4292
f 4542/380/4308 4541/364/4292 4550/381/4309
f 4550/381/4309 4541/364/4292 4549/365/4293
f 4550/381/4309 4549/365/4293 4558/382/4310
f 4558/382/4310 4549/365/4293 4557/366/4294
f 4558/382/4310 4557/366/4294 4566/383/4311
f 4566/383/4311 4557/366/4294 4565/367/4295
f 4566/383/4311 4565/367/4295 4574/384/4312
f 4574/384/4312 4565/367/4295 4573/368/4296
f 4574/384/4312 4573/368/4296 4582/385/4313
f 4582/385/4313 4573/368/4296 4581/369/4297
f 4582/385/4313 4581/369/4297 4590/386/4314
f 4590/386/4314 4581/369/4297 4589/286/4215
f 4590/386/4314 4589/286/4215 4598/284/4213
f 4514/248/4192 4506/244/4191 4505/375/4303
f 4514/248/4192 4505/375/4303 4513/325/4253
f 4513/325/4253 4505/375/4303 4504/323/4251
f 4502/371/4299 4510/376/4304 4511/372/4300
f 4511/372/4300 4510/376/4304 4519/387/4315
f 4511/372/4300 4519/387/4315 4520/373/4301
f 4520/373/4301 4519/387/4315 4528/388/4316
f 4520/373/4301 4528/388/4316 4529/374/4302
f 4529/374/4302 4528/388/4316 4537/389/4317
f 4529/374/4302 4537/389/4317 4538/254/4195
f 4538/254/4195 4537/389/4317 4546/257/4196
f 4519/387/4315 4510/376/4304 4518/377/4305
f 4522/250/4193 4514/248/4192 4513/325/4253
f 4519/387/4315 4518/377/4305 4527/390/4318
f 4527/390/4318 4518/377/4305 4526/378/4306
f 4527/390/4318 4526/378/4306 4535/391/4319
f 4535/391/4319 4526/378/4306 4534/379/4307
f 4535/391/4319 4534/379/4307 4543/392/4320
f 4543/392/4320 4534/379/4307 4542/380/4308
f 4543/392/4320 4542/380/4308 4551/393/4321
f 4551/393/4321 4542/380/4308 4550/381/4309
f 4551/393/4321 4550/381/4309 4559/394/4322
f 4559/394/4322 4550/381/4309 4558/382/4310
f 4559/394/4322 4558/382/4310 4567/395/4323
f 4567/395/4323 4558/382/4310 4566/383/4311
f 4567/395/4323 4566/383/4311 4575/396/4324
f 4575/396/4324 4566/383/4311 4574/384/4312
f 4575/396/4324 4574/384/4312 4583/397/4325
f 4583/397/4325 4574/384/4312 4582/385/4313
f 4583/397/4325 4582/385/4313 4591/398/4326
f 4591/398/4326 4582/385/4313 4590/386/4314
f 4591/398/4326 4590/386/4314 4599/399/4327
f 4599/399/4327 4590/386/4314 4598/284/4213
f 4599/399/4327 4598/284/4213 4607/282/4211
f 4519/387/4315 4527/390/4318 4528/388/4316
f 4528/388/4316 4527/390/4318 4536/400/4328
f 4528/388/4316 4536/400/4328 4537/389/4317
f 4537/389/4317 4536/400/4328 4545/401/4329
f 4537/389/4317 4545/401/4329 4546/257/4196
f 4546/257/4196 4545/401/4329 4554/259/4197
f 4536/400/4328 4527/390/4318 4535/391/4319
f 4536/400/4328 4535/391/4319 4544/402/4330
f 4544/402/4330 4535/391/4319 4543/392/4320
f 4544/402/4330 4543/392/4320 4552/403/4331
f 4552/403/4331 4543/392/4320 4551/393/4321
f 4552/403/4331 4551/393/4321 4560/404/4332
f 4560/404/4332 4551/393/4321 4559/394/4322
f 4560/404/4332 4559/394/4322 4568/405/4333
f 4568/405/4333 4559/394/4322 4567/395/4323
f 4568/405/4333 4567/395/4323 4576/406/4334
f 4576/406/4334 4567/395/4323 4575/396/4324
f 4576/406/4334 4575/396/4324 4584/407/4335
f 4584/407/4335 4575/396/4324 4583/397/4325
f 4584/407/4335 4583/397/4325 4592/408/4336
f 4592/408/4336 4583/397/4325 4591/398/4326
f 4592/408/4336 4591/398/4326 4600/409/4337
f 4600/409/4337 4591/398/4326 4599/399/4327
f 4600/409/4337 4599/399/4327 4608/410/4338
f 4608/410/4338 4599/399/4327 4607/282/4211
f 4608/410/4338 4607/282/4211 4616/280/4209
f 4536/400/4328 4544/402/4330 4545/401/4329
f 4545/401/4329 4544/402/4330 4553/411/4339
f 4545/401/4329 4553/411/4339 4554/259/4197
f 4554/259/4197 4553/411/4339 4562/261/4198
f 4553/411/4339 4544/402/4330 4552/403/4331
f 4553/411/4339 4552/403/4331 4561/412/4340
f 4561/412/4340 4552/403/4331 4560/404/4332
f 4561/412/4340 4560/404/4332 4569/413/4341
f 4569/413/4341 4560/404/4332 4568/405/4333
f 4569/413/4341 4568/405/4333 4577/414/4342
f 4577/414/4342 4568/405/4333 4576/406/4334
f 4577/414/4342 4576/406/4334 4585/415/4343
f 4585/415/4343 4576/406/4334 4584/407/4335
f 4585/415/4343 4584/407/4335 4593/416/4344
f 4593/416/4344 4584/407/4335 4592/408/4336
f 4593/416/4344 4592/408/4336 4601/417/4345
f 4601/417/4345 4592/408/4336 4600/409/4337
f 4601/417/4345 4600/409/4337 4609/418/4346
f 4609/418/4346 4600/409/4337 4608/410/4338
f 4609/418/4346 4608/410/4338 4617/278/4207
f 4617/278/4207 4608/410/4338 4616/280/4209
f 4570/263/4199 4562/261/4198 4561/412/4340
f 4561/412/4340 4562/261/4198 4553/411/4339
f 4570/263/4199 4561/412/4340 4569/413/4341
f 4578/265/4200 4570/263/4199 4569/413/4341
f 4578/265/4200 4569/413/4341 4577/414/4342
f 4586/267/4201 4578/265/4200 4577/414/4342
f 4586/267/4201 4577/414/4342 4585/415/4343
f 4594/269/4202 4586/267/4201 4585/415/4343
f 4594/269/4202 4585/415/4343 4593/416/4344
f 4602/271/4203 4594/269/4202 4593/416/4344
f 4602/271/4203 4593/416/4344 4601/417/4345
f 4610/273/4204 4602/271/4203 4601/417/4345
f 4610/273/4204 4601/417/4345 4609/418/4346
f 4618/275/4205 4610/273/4204 4609/418/4346
f 4618/275/4205 4609/418/4346 4617/278/4207
f 4475/200/4273 4418/201/4159 4619/202/4347
f 4619/202/4347 4418/201/4159 4417/203/4157
f 4619/202/4347 4417/203/4157 4626/204/4348
f 4626/204/4348 4417/203/4157 4416/205/4155
f 4626/204/4348 4416/205/4155 4625/206/4349
f 4625/206/4349 4416/205/4155 4624/207/4350
f 4625/206/4349 4624/207/4350 4629/208/4351
f 4629/208/4351 4624/207/4350 4630/209/4352
f 4629/208/4351 4630/209/4352 4478/210/4270
f 4478/210/4270 4630/209/4352 4479/211/4265
f 4479/211/4265 4630/209/4352 4631/212/4353
f 4479/211/4265 4631/212/4353 4480/213/4260
f 4480/213/4260 4631/212/4353 4632/214/4354
f 4480/213/4260 4632/214/4354 4481/215/4208
f 4481/215/4208 4632/214/4354 4633/216/4355
f 4481/215/4208 4633/216/4355 4634/217/4356
f 4634/217/4356 4633/216/4355 4620/218/4357
f 4634/217/4356 4620/218/4357 4482/219/4206
f 4482/219/4206 4620/218/4357 4282/220/368
f 4482/219/4206 4282/220/368 4283/221/368
f 4416/205/4155 4415/222/4162 4624/207/4350
f 4624/207/4350 4415/222/4162 4623/223/4358
f 4624/207/4350 4623/223/4358 4630/209/4352
f 4630/209/4352 4623/223/4358 4631/212/4353
f 4415/222/4162 4414/224/4161 4623/223/4358
f 4623/223/4358 4414/224/4161 4622/225/4359
f 4623/223/4358 4622/225/4359 4631/212/4353
f 4631/212/4353 4622/225/4359 4632/214/4354
f 4414/224/4161 4413/226/4149 4622/225/4359
f 4622/225/4359 4413/226/4149 4621/227/4360
f 4622/225/4359 4621/227/4360 4632/214/4354
f 4632/214/4354 4621/227/4360 4633/216/4355
f 4413/226/4149 4412/228/4147 4621/227/4360
f 4621/227/4360 4412/228/4147 4620/218/4357
f 4621/227/4360 4620/218/4357 4633/216/4355
f 4412/228/4147 4282/220/368 4620/218/4357
f 4482/219/4206 4481/215/4208 4634/217/4356
f 4478/210/4270 4477/229/4269 4629/208/4351
f 4629/208/4351 4477/229/4269 4628/230/4361
f 4629/208/4351 4628/230/4361 4625/206/4349
f 4625/206/4349 4628/230/4361 4626/204/4348
f 4477/229/4269 4476/231/4274 4628/230/4361
f 4628/230/4361 4476/231/4274 4627/232/4362
f 4628/230/4361 4627/232/4362 4626/204/4348
f 4626/204/4348 4627/232/4362 4619/202/4347
f 4476/231/4274 4475/200/4273 4627/232/4362
f 4627/232/4362 4475/200/4273 4619/202/4347
f 2150/3412/368 4282/187/368 4635/3413/566
f 4635/3413/566 4282/187/368 4429/189/566
f 4635/3413/566 4429/189/566 4636/3414/565
f 4636/3414/565 4429/189/566 4428/191/565
f 4636/3414/565 4428/191/565 4637/3415/564
f 4637/3415/564 4428/191/565 4427/193/564
f 4637/3415/564 4427/193/564 4638/3416/563
f 4638/3416/563 4427/193/564 4426/195/563
f 4638/3416/563 4426/195/563 4639/3417/561
f 4639/3417/561 4426/195/563 4425/197/562
f 4639/3417/561 4425/197/562 4424/199/323
f 4424/199/323 2156/3418/323 4639/3417/561
f 4639/3417/561 2156/3418/323 2155/3419/561
f 4639/3417/561 2155/3419/561 4638/3416/563
f 4638/3416/563 2155/3419/561 2154/3420/563
f 4638/3416/563 2154/3420/563 4637/3415/564
f 4637/3415/564 2154/3420/563 2153/905/564
f 4637/3415/564 2153/905/564 4636/3414/565
f 4636/3414/565 2153/905/564 2152/3421/565
f 4636/3414/565 2152/3421/565 4635/3413/566
f 4635/3413/566 2152/3421/565 2151/3422/566
f 4635/3413/566 2151/3422/566 2150/3412/368
f 4647/3423/4363 4640/3424/53 2187/3425/603
f 2187/3425/603 4640/3424/53 2111/3426/52
f 2187/3425/603 2111/3426/52 2110/3427/4364
f 2187/3425/603 2110/3427/4364 2188/3428/607
f 2188/3428/607 2110/3427/4364 2109/3429/565
f 2188/3428/607 2109/3429/565 2189/3430/611
f 2189/3430/611 2109/3429/565 2108/3431/4365
f 2189/3430/611 2108/3431/4365 4641/3432/4366
f 4641/3432/4366 4642/3433/4367 2189/3430/611
f 2189/3430/611 4642/3433/4367 2190/3434/368
f 2190/3434/368 4642/3433/4367 4643/3435/4368
f 2190/3434/368 4643/3435/4368 2191/3436/614
f 2191/3436/614 4643/3435/4368 4644/3437/4369
f 2191/3436/614 4644/3437/4369 2166/3438/616
f 2166/3438/616 4644/3437/4369 718/345/616
f 2187/3425/603 2186/3439/320 4647/3423/4363
f 4647/3423/4363 2186/3439/320 4646/3440/320
f 4646/3440/320 2186/3439/320 4645/3441/4370
f 4645/3441/4370 2186/3439/320 2185/3442/586
f 4645/3441/4370 2185/3442/586 4424/3443/323
f 4424/3443/323 2185/3442/586 2156/3444/323
f 2156/3444/323 2185/3442/586 2157/3445/4371
f 2157/3445/4371 2185/3442/586 2184/3446/591
f 2157/3445/4371 2184/3446/591 2158/3447/48
f 2158/3447/48 2184/3446/591 2183/3448/595
f 2158/3447/48 2183/3448/595 2159/3449/358
f 2159/3449/358 2183/3448/595 4331/3450/4109
f 4331/3450/4109 2183/3448/595 4332/3451/4111
f 4332/3451/4111 2183/3448/595 2182/3452/46
f 4332/3451/4111 2182/3452/46 4333/3453/4116
f 4333/3453/4116 2182/3452/46 2181/3454/600
f 4333/3453/4116 2181/3454/600 4334/3455/4119
f 4334/3455/4119 2181/3454/600 2180/3456/602
f 4334/3455/4119 2180/3456/602 717/870/602
f 4648/558/4372 4649/557/4373 4656/556/4374
f 4656/556/4374 4649/557/4373 4665/555/4375
f 4656/556/4374 4665/555/4375 4655/345/1
f 4655/345/1 4665/555/4375 4673/552/4376
f 4655/345/1 4673/552/4376 4654/551/4377
f 4654/551/4377 4673/552/4376 4657/540/4378
f 4654/551/4377 4657/540/4378 4418/542/4159
f 4418/542/4159 4657/540/4378 4419/541/4160
f 4419/541/4160 4657/540/4378 4680/539/4379
f 4419/541/4160 4680/539/4379 4420/543/4164
f 4420/543/4164 4680/539/4379 4679/548/4380
f 4420/543/4164 4679/548/4380 4678/544/4381
f 4678/544/4381 4679/548/4380 4670/549/4382
f 4678/544/4381 4670/549/4382 4669/550/4383
f 4669/550/4383 4670/549/4382 4661/533/4384
f 4669/550/4383 4661/533/4384 4660/531/4385
f 4660/531/4385 4661/533/4384 4652/532/4386
f 4660/531/4385 4652/532/4386 4653/530/4387
f 4649/557/4373 4650/554/4388 4665/555/4375
f 4665/555/4375 4650/554/4388 4664/553/4389
f 4665/555/4375 4664/553/4389 4673/552/4376
f 4673/552/4376 4664/553/4389 4672/538/4390
f 4673/552/4376 4672/538/4390 4657/540/4378
f 4657/540/4378 4672/538/4390 4680/539/4379
f 4664/553/4389 4650/554/4388 4663/536/4391
f 4663/536/4391 4650/554/4388 4651/534/4392
f 4663/536/4391 4651/534/4392 4662/535/4393
f 4662/535/4393 4651/534/4392 4661/533/4384
f 4662/535/4393 4661/533/4384 4670/549/4382
f 4651/534/4392 4652/532/4386 4661/533/4384
f 4660/531/4385 4653/530/4387 4659/529/4394
f 4659/529/4394 4653/530/4387 4640/528/53
f 4659/529/4394 4640/528/53 4658/526/4395
f 4658/526/4395 4640/528/53 4647/527/4363
f 4658/526/4395 4647/527/4363 4646/525/320
f 4658/526/4395 4646/525/320 4666/524/4396
f 4666/524/4396 4646/525/320 4645/516/4370
f 4666/524/4396 4645/516/4370 4674/518/4397
f 4674/518/4397 4645/516/4370 4424/517/323
f 4674/518/4397 4424/517/323 4423/519/4169
f 4423/519/4169 4422/520/4167 4674/518/4397
f 4674/518/4397 4422/520/4167 4675/523/4398
f 4674/518/4397 4675/523/4398 4666/524/4396
f 4666/524/4396 4675/523/4398 4667/547/4399
f 4666/524/4396 4667/547/4399 4658/526/4395
f 4658/526/4395 4667/547/4399 4659/529/4394
f 4675/523/4398 4422/520/4167 4676/522/4400
f 4676/522/4400 4422/520/4167 4421/521/4166
f 4676/522/4400 4421/521/4166 4677/545/4401
f 4677/545/4401 4421/521/4166 4678/544/4381
f 4677/545/4401 4678/544/4381 4669/550/4383
f 4421/521/4166 4420/543/4164 4678/544/4381
f 4660/531/4385 4659/529/4394 4668/546/4402
f 4668/546/4402 4659/529/4394 4667/547/4399
f 4668/546/4402 4667/547/4399 4676/522/4400
f 4676/522/4400 4667/547/4399 4675/523/4398
f 4672/538/4390 4664/553/4389 4663/536/4391
f 4663/536/4391 4662/535/4393 4671/537/4403
f 4671/537/4403 4662/535/4393 4670/549/4382
f 4671/537/4403 4670/549/4382 4679/548/4380
f 4677/545/4401 4669/550/4383 4668/546/4402
f 4668/546/4402 4669/550/4383 4660/531/4385
f 4677/545/4401 4668/546/4402 4676/522/4400
f 4680/539/4379 4672/538/4390 4671/537/4403
f 4671/537/4403 4672/538/4390 4663/536/4391
f 4680/539/4379 4671/537/4403 4679/548/4380
f 4681/3457/4404 4701/3458/4405 4641/3459/4366
f 4641/3459/4366 4701/3458/4405 4696/3460/4406
f 4641/3459/4366 4696/3460/4406 4642/3461/4367
f 4642/3461/4367 4696/3460/4406 4707/3462/4407
f 4642/3461/4367 4707/3462/4407 4706/3463/4408
f 4706/3463/4408 4707/3462/4407 4708/3464/4409
f 4706/3463/4408 4708/3464/4409 4705/3465/4410
f 4705/3465/4410 4708/3464/4409 4709/3466/4411
f 4705/3465/4410 4709/3466/4411 4704/3467/4412
f 4704/3467/4412 4709/3466/4411 4710/3468/4413
f 4704/3467/4412 4710/3468/4413 4703/3469/4414
f 4703/3469/4414 4710/3468/4413 4711/3470/4415
f 4703/3469/4414 4711/3470/4415 4702/3471/4416
f 4702/3471/4416 4711/3470/4415 4686/3472/4417
f 4702/3471/4416 4686/3472/4417 4693/3473/4418
f 4693/3473/4418 4686/3472/4417 4687/3474/4419
f 4693/3473/4418 4687/3474/4419 4721/3475/4420
f 4721/3475/4420 4687/3474/4419 4712/3476/4421
f 4721/3475/4420 4712/3476/4421 4713/3477/4422
f 4713/3477/4422 4712/3476/4421 4737/3478/4423
f 4713/3477/4422 4737/3478/4423 4736/3479/4424
f 4736/3479/4424 4737/3478/4423 4729/3480/4425
f 4736/3479/4424 4729/3480/4425 4728/3481/4426
f 4728/3481/4426 4729/3480/4425 4725/3482/4427
f 4728/3481/4426 4725/3482/4427 4726/3483/4428
f 4726/3483/4428 4725/3482/4427 4690/3484/4429
f 4726/3483/4428 4690/3484/4429 4644/3485/4369
f 4644/3485/4369 4690/3484/4429 718/3486/616
f 4682/3487/4430 4699/3488/4431 4681/3457/4404
f 4681/3457/4404 4699/3488/4431 4700/3489/4432
f 4681/3457/4404 4700/3489/4432 4701/3458/4405
f 4701/3458/4405 4700/3489/4432 4696/3460/4406
f 4699/3488/4431 4682/3487/4430 4698/3490/4433
f 4698/3490/4433 4682/3487/4430 4683/3491/4434
f 4698/3490/4433 4683/3491/4434 4684/3492/4435
f 4698/3490/4433 4684/3492/4435 4697/3493/4436
f 4697/3493/4436 4684/3492/4435 4685/3494/4437
f 4697/3493/4436 4685/3494/4437 4695/3495/4438
f 4695/3495/4438 4685/3494/4437 4686/3472/4417
f 4695/3495/4438 4686/3472/4417 4711/3470/4415
f 4712/3476/4421 4687/3474/4419 4691/3496/4439
f 4691/3496/4439 4687/3474/4419 4688/3497/4440
f 4691/3496/4439 4688/3497/4440 4731/3498/4441
f 4731/3498/4441 4688/3497/4440 4722/3499/4442
f 4731/3498/4441 4722/3499/4442 4723/3500/4443
f 4723/3500/4443 4722/3499/4442 4734/3501/4444
f 4723/3500/4443 4734/3501/4444 4733/3502/4445
f 4733/3502/4445 4734/3501/4444 718/3503/616
f 4722/3499/4442 4688/3497/4440 4689/3504/4446
f 4689/3504/4446 4688/3497/4440 718/3505/616
f 4643/3506/4368 4692/3507/4447 4644/3485/4369
f 4644/3485/4369 4692/3507/4447 4727/3508/4448
f 4644/3485/4369 4727/3508/4448 4726/3483/4428
f 4726/3483/4428 4727/3508/4448 4728/3481/4426
f 4642/3461/4367 4694/3509/4449 4643/3506/4368
f 4643/3506/4368 4694/3509/4449 4717/3510/4450
f 4643/3506/4368 4717/3510/4450 4716/3511/4451
f 4716/3511/4451 4717/3510/4450 4718/3512/4452
f 4716/3511/4451 4718/3512/4452 4715/3513/4453
f 4715/3513/4453 4718/3512/4452 4719/3514/4454
f 4715/3513/4453 4719/3514/4454 4714/3515/4455
f 4714/3515/4455 4719/3514/4454 4720/3516/4456
f 4714/3515/4455 4720/3516/4456 4713/3477/4422
f 4713/3477/4422 4720/3516/4456 4721/3475/4420
f 4689/3504/4446 718/3517/616 4734/3501/4444
f 4733/3502/4445 718/3518/616 4732/3519/4457
f 4732/3519/4457 718/3520/616 4690/3484/4429
f 4643/3506/4368 4716/3511/4451 4692/3507/4447
f 4692/3507/4447 4716/3511/4451 4715/3513/4453
f 4692/3507/4447 4715/3513/4453 4735/3521/4458
f 4735/3521/4458 4715/3513/4453 4714/3515/4455
f 4735/3521/4458 4714/3515/4455 4736/3479/4424
f 4736/3479/4424 4714/3515/4455 4713/3477/4422
f 4642/3461/4367 4706/3463/4408 4694/3509/4449
f 4694/3509/4449 4706/3463/4408 4705/3465/4410
f 4694/3509/4449 4705/3465/4410 4738/3522/4459
f 4738/3522/4459 4705/3465/4410 4704/3467/4412
f 4738/3522/4459 4704/3467/4412 4739/3523/4460
f 4739/3523/4460 4704/3467/4412 4703/3469/4414
f 4739/3523/4460 4703/3469/4414 4740/3524/4461
f 4740/3524/4461 4703/3469/4414 4702/3471/4416
f 4740/3524/4461 4702/3471/4416 4693/3473/4418
f 4698/3490/4433 4697/3493/4436 4743/3525/4462
f 4743/3525/4462 4697/3493/4436 4695/3495/4438
f 4743/3525/4462 4695/3495/4438 4710/3468/4413
f 4710/3468/4413 4695/3495/4438 4711/3470/4415
f 4699/3488/4431 4698/3490/4433 4742/3526/4463
f 4742/3526/4463 4698/3490/4433 4743/3525/4462
f 4742/3526/4463 4743/3525/4462 4709/3466/4411
f 4709/3466/4411 4743/3525/4462 4710/3468/4413
f 4700/3489/4432 4699/3488/4431 4741/3527/4464
f 4741/3527/4464 4699/3488/4431 4742/3526/4463
f 4741/3527/4464 4742/3526/4463 4708/3464/4409
f 4708/3464/4409 4742/3526/4463 4709/3466/4411
f 4741/3527/4464 4708/3464/4409 4707/3462/4407
f 4741/3527/4464 4707/3462/4407 4696/3460/4406
f 4694/3509/4449 4738/3522/4459 4717/3510/4450
f 4717/3510/4450 4738/3522/4459 4718/3512/4452
f 4738/3522/4459 4739/3523/4460 4718/3512/4452
f 4718/3512/4452 4739/3523/4460 4719/3514/4454
f 4693/3473/4418 4721/3475/4420 4720/3516/4456
f 4739/3523/4460 4740/3524/4461 4719/3514/4454
f 4719/3514/4454 4740/3524/4461 4720/3516/4456
f 4740/3524/4461 4693/3473/4418 4720/3516/4456
f 4723/3500/4443 4724/3528/4465 4730/3529/4466
f 4730/3529/4466 4724/3528/4465 4729/3480/4425
f 4730/3529/4466 4729/3480/4425 4737/3478/4423
f 4689/3504/4446 4734/3501/4444 4722/3499/4442
f 4729/3480/4425 4724/3528/4465 4725/3482/4427
f 4725/3482/4427 4724/3528/4465 4732/3519/4457
f 4725/3482/4427 4732/3519/4457 4690/3484/4429
f 4732/3519/4457 4724/3528/4465 4733/3502/4445
f 4733/3502/4445 4724/3528/4465 4723/3500/4443
f 4692/3507/4447 4735/3521/4458 4727/3508/4448
f 4727/3508/4448 4735/3521/4458 4728/3481/4426
f 4735/3521/4458 4736/3479/4424 4728/3481/4426
f 4691/3496/4439 4731/3498/4441 4730/3529/4466
f 4730/3529/4466 4731/3498/4441 4723/3500/4443
f 4691/3496/4439 4730/3529/4466 4737/3478/4423
f 4712/3476/4421 4691/3496/4439 4737/3478/4423
f 4700/3489/4432 4741/3527/4464 4696/3460/4406
f 4754/3530/4467 4324/434/46 4755/3531/4468
f 4755/3531/4468 4324/434/46 4744/433/4469
f 4755/3531/4468 4744/433/4469 4745/467/48
f 4755/3531/4468 4745/467/48 4759/3532/4470
f 4759/3532/4470 4745/467/48 4746/465/49
f 4759/3532/4470 4746/465/49 4758/3533/4471
f 4758/3533/4471 4746/465/49 4747/463/50
f 4758/3533/4471 4747/463/50 4757/3534/4472
f 4757/3534/4472 4747/463/50 4748/461/51
f 4757/3534/4472 4748/461/51 4756/3535/4473
f 4756/3535/4473 4748/461/51 4640/460/53
f 4756/3535/4473 4640/460/53 4653/3536/4387
f 4756/3535/4473 4653/3536/4387 4760/3537/4474
f 4760/3537/4474 4653/3536/4387 4652/3538/4386
f 4760/3537/4474 4652/3538/4386 4768/3539/4475
f 4768/3539/4475 4652/3538/4386 4651/3540/4392
f 4768/3539/4475 4651/3540/4392 4650/3541/4388
f 4768/3539/4475 4650/3541/4388 4769/3542/4476
f 4769/3542/4476 4650/3541/4388 4649/3543/4373
f 4769/3542/4476 4649/3543/4373 4772/3544/4477
f 4772/3544/4477 4649/3543/4373 4648/3545/4372
f 4772/3544/4477 4648/3545/4372 4749/3546/4478
f 4772/3544/4477 4749/3546/4478 4773/3547/4479
f 4773/3547/4479 4749/3546/4478 4750/3548/4480
f 4773/3547/4479 4750/3548/4480 4770/3549/4481
f 4770/3549/4481 4750/3548/4480 4771/3550/4482
f 4770/3549/4481 4771/3550/4482 4767/3551/4483
f 4767/3551/4483 4771/3550/4482 4766/3552/4484
f 4767/3551/4483 4766/3552/4484 4761/3553/4485
f 4761/3553/4485 4766/3552/4484 4762/3554/4486
f 4761/3553/4485 4762/3554/4486 4757/3534/4472
f 4757/3534/4472 4762/3554/4486 4758/3533/4471
f 4750/3548/4480 4751/3555/4487 4771/3550/4482
f 4771/3550/4482 4751/3555/4487 4752/3556/4488
f 4771/3550/4482 4752/3556/4488 4766/3552/4484
f 4766/3552/4484 4752/3556/4488 4765/3557/4489
f 4766/3552/4484 4765/3557/4489 4762/3554/4486
f 4762/3554/4486 4765/3557/4489 4763/3558/4490
f 4762/3554/4486 4763/3558/4490 4758/3533/4471
f 4758/3533/4471 4763/3558/4490 4759/3532/4470
f 4752/3556/4488 4753/3559/4491 4765/3557/4489
f 4765/3557/4489 4753/3559/4491 4763/3558/4490
f 4763/3558/4490 4753/3559/4491 4764/3560/4492
f 4764/3560/4492 4753/3559/4491 4754/3530/4467
f 4764/3560/4492 4754/3530/4467 4755/3531/4468
f 4761/3553/4485 4757/3534/4472 4756/3535/4473
f 4764/3560/4492 4755/3531/4468 4759/3532/4470
f 4764/3560/4492 4759/3532/4470 4763/3558/4490
f 4767/3551/4483 4761/3553/4485 4760/3537/4474
f 4760/3537/4474 4761/3553/4485 4756/3535/4473
f 4767/3551/4483 4768/3539/4475 4770/3549/4481
f 4770/3549/4481 4768/3539/4475 4769/3542/4476
f 4770/3549/4481 4769/3542/4476 4773/3547/4479
f 4773/3547/4479 4769/3542/4476 4772/3544/4477
f 4768/3539/4475 4767/3551/4483 4760/3537/4474
f 2111/3366/52 4640/801/53 4774/3561/51
f 4774/3561/51 4640/801/53 4748/802/51
f 4774/3561/51 4748/802/51 4775/3562/50
f 4775/3562/50 4748/802/51 4747/803/50
f 4775/3562/50 4747/803/50 4776/3563/49
f 4776/3563/49 4747/803/50 4746/804/49
f 4776/3563/49 4746/804/49 4777/3564/48
f 4777/3564/48 4746/804/49 4745/805/48
f 4777/3564/48 4745/805/48 4778/3565/47
f 4778/3565/47 4745/805/48 4744/806/4469
f 4778/3565/47 4744/806/4469 4324/807/46
f 4324/807/46 2117/3376/46 4778/3565/47
f 4778/3565/47 2117/3376/46 2116/3374/47
f 4778/3565/47 2116/3374/47 4777/3564/48
f 4777/3564/48 2116/3374/47 2115/3372/48
f 4777/3564/48 2115/3372/48 4776/3563/49
f 4776/3563/49 2115/3372/48 2114/3370/49
f 4776/3563/49 2114/3370/49 4775/3562/50
f 4775/3562/50 2114/3370/49 2113/3368/50
f 4775/3562/50 2113/3368/50 4774/3561/51
f 4774/3561/51 2113/3368/50 2112/3367/51
f 4774/3561/51 2112/3367/51 2111/3366/52
f 4325/775/34 4779/776/4493 4786/777/299
f 4786/777/299 4779/776/4493 4787/778/4494
f 4786/777/299 4787/778/4494 4785/779/298
f 4785/779/298 4787/778/4494 4788/780/4495
f 4785/779/298 4788/780/4495 4784/781/297
f 4784/781/297 4788/780/4495 4789/782/4496
f 4784/781/297 4789/782/4496 4783/783/296
f 4783/783/296 4789/782/4496 4790/784/4497
f 4783/783/296 4790/784/4497 4782/785/295
f 4782/785/295 4790/784/4497 4791/786/4498
f 4782/785/295 4791/786/4498 4641/787/4366
f 4641/787/4366 4791/786/4498 4681/788/4404
f 4681/788/4404 4791/786/4498 4682/789/4430
f 4682/789/4430 4791/786/4498 4790/784/4497
f 4682/789/4430 4790/784/4497 4795/790/4499
f 4795/790/4499 4790/784/4497 4789/782/4496
f 4795/790/4499 4789/782/4496 4794/791/4500
f 4794/791/4500 4789/782/4496 4788/780/4495
f 4794/791/4500 4788/780/4495 4793/792/4501
f 4793/792/4501 4788/780/4495 4787/778/4494
f 4793/792/4501 4787/778/4494 4792/793/4502
f 4792/793/4502 4787/778/4494 4779/776/4493
f 4792/793/4502 4779/776/4493 4780/794/4503
f 4781/795/4504 4796/796/4505 4780/794/4503
f 4780/794/4503 4796/796/4505 4793/792/4501
f 4780/794/4503 4793/792/4501 4792/793/4502
f 4781/795/4504 4685/797/4437 4796/796/4505
f 4796/796/4505 4685/797/4437 4797/798/4506
f 4796/796/4505 4797/798/4506 4793/792/4501
f 4793/792/4501 4797/798/4506 4794/791/4500
f 4685/797/4437 4684/799/4435 4797/798/4506
f 4797/798/4506 4684/799/4435 4683/800/4434
f 4797/798/4506 4683/800/4434 4794/791/4500
f 4794/791/4500 4683/800/4434 4795/790/4499
f 4683/800/4434 4682/789/4430 4795/790/4499
f 4304/750/46 4324/751/46 4813/752/4507
f 4813/752/4507 4324/751/46 4754/753/4467
f 4813/752/4507 4754/753/4467 4812/754/4508
f 4812/754/4508 4754/753/4467 4753/755/4491
f 4812/754/4508 4753/755/4491 4811/756/4509
f 4811/756/4509 4753/755/4491 4752/757/4488
f 4811/756/4509 4752/757/4488 4810/758/4510
f 4810/758/4510 4752/757/4488 4751/759/4487
f 4810/758/4510 4751/759/4487 4809/760/4511
f 4809/760/4511 4751/759/4487 4750/761/4480
f 4809/760/4511 4750/761/4480 4808/762/4512
f 4808/762/4512 4750/761/4480 4807/763/4513
f 4808/762/4512 4807/763/4513 4800/764/4514
f 4800/764/4514 4807/763/4513 4806/765/4515
f 4800/764/4514 4806/765/4515 4799/766/4516
f 4799/766/4516 4806/765/4515 4798/767/4517
f 4798/767/4517 4806/765/4515 4648/768/4372
f 4648/768/4372 4806/765/4515 4749/769/4478
f 4749/769/4478 4806/765/4515 4807/763/4513
f 4749/769/4478 4807/763/4513 4750/761/4480
f 4800/764/4514 4801/770/4518 4808/762/4512
f 4808/762/4512 4801/770/4518 4809/760/4511
f 4801/770/4518 4802/771/4519 4809/760/4511
f 4809/760/4511 4802/771/4519 4810/758/4510
f 4802/771/4519 4803/772/4520 4810/758/4510
f 4810/758/4510 4803/772/4520 4811/756/4509
f 4803/772/4520 4804/773/4521 4811/756/4509
f 4811/756/4509 4804/773/4521 4812/754/4508
f 4804/773/4521 4805/774/4522 4812/754/4508
f 4812/754/4508 4805/774/4522 4813/752/4507
f 4805/774/4522 4304/750/46 4813/752/4507
f 4305/581/4059 4304/582/46 4845/583/4523
f 4845/583/4523 4304/582/46 4805/584/4522
f 4845/583/4523 4805/584/4522 4844/585/4524
f 4844/585/4524 4805/584/4522 4804/586/4521
f 4844/585/4524 4804/586/4521 4803/587/4520
f 4802/588/4519 4842/589/4525 4803/587/4520
f 4803/587/4520 4842/589/4525 4843/590/4526
f 4803/587/4520 4843/590/4526 4844/585/4524
f 4844/585/4524 4843/590/4526 4851/591/4527
f 4844/585/4524 4851/591/4527 4852/592/4528
f 4852/592/4528 4851/591/4527 4837/593/4529
f 4852/592/4528 4837/593/4529 4305/581/4059
f 4305/581/4059 4837/593/4529 4306/594/4060
f 4306/594/4060 4837/593/4529 4860/595/4530
f 4306/594/4060 4860/595/4530 4307/596/4061
f 4307/596/4061 4860/595/4530 4875/597/4531
f 4307/596/4061 4875/597/4531 4308/598/4062
f 4308/598/4062 4875/597/4531 4883/599/4532
f 4308/598/4062 4883/599/4532 4309/600/4063
f 4309/600/4063 4883/599/4532 4310/601/115
f 4310/601/115 4883/599/4532 4891/602/4533
f 4310/601/115 4891/602/4533 4311/603/4064
f 4311/603/4064 4891/602/4533 4899/604/4534
f 4311/603/4064 4899/604/4534 4312/605/4065
f 4312/605/4065 4899/604/4534 4907/606/4535
f 4312/605/4065 4907/606/4535 4313/607/4066
f 4313/607/4066 4907/606/4535 4915/608/4536
f 4313/607/4066 4915/608/4536 4314/609/4067
f 4314/609/4067 4915/608/4536 4923/610/4537
f 4314/609/4067 4923/610/4537 4315/611/4068
f 4315/611/4068 4923/610/4537 4931/612/4538
f 4315/611/4068 4931/612/4538 4316/613/4069
f 4316/613/4069 4931/612/4538 4939/614/4539
f 4316/613/4069 4939/614/4539 4317/615/4070
f 4317/615/4070 4939/614/4539 4318/616/4071
f 4318/616/4071 4939/614/4539 4319/617/4072
f 4319/617/4072 4939/614/4539 4947/618/4540
f 4319/617/4072 4947/618/4540 4320/619/97
f 4320/619/97 4947/618/4540 4321/620/4073
f 4321/620/4073 4947/618/4540 4955/621/4541
f 4321/620/4073 4955/621/4541 4322/622/4074
f 4322/622/4074 4955/621/4541 4323/623/34
f 4323/623/34 4955/621/4541 4954/624/4542
f 4323/623/34 4954/624/4542 4835/625/4543
f 4835/625/4543 4954/624/4542 4953/626/4544
f 4835/625/4543 4953/626/4544 4952/627/4545
f 4952/627/4545 4953/626/4544 4944/628/4546
f 4952/627/4545 4944/628/4546 4943/629/4547
f 4943/629/4547 4944/628/4546 4935/630/4548
f 4943/629/4547 4935/630/4548 4934/631/4549
f 4934/631/4549 4935/630/4548 4926/632/4550
f 4934/631/4549 4926/632/4550 4925/633/4551
f 4925/633/4551 4926/632/4550 4917/634/4552
f 4925/633/4551 4917/634/4552 4916/635/4553
f 4916/635/4553 4917/634/4552 4908/636/4554
f 4916/635/4553 4908/636/4554 4823/637/4555
f 4823/637/4555 4908/636/4554 4822/638/4556
f 4822/638/4556 4908/636/4554 4900/639/4557
f 4822/638/4556 4900/639/4557 4821/640/4558
f 4821/640/4558 4900/639/4557 4892/641/4559
f 4821/640/4558 4892/641/4559 4820/642/4560
f 4820/642/4560 4892/641/4559 4884/643/4561
f 4820/642/4560 4884/643/4561 4819/644/4562
f 4819/644/4562 4884/643/4561 4876/645/4563
f 4819/644/4562 4876/645/4563 4818/646/4564
f 4818/646/4564 4876/645/4563 4817/647/4565
f 4817/647/4565 4876/645/4563 4868/648/4566
f 4817/647/4565 4868/648/4566 4816/649/4567
f 4816/649/4567 4868/648/4566 4853/650/4568
f 4816/649/4567 4853/650/4568 4815/651/4569
f 4815/651/4569 4853/650/4568 4867/652/4570
f 4815/651/4569 4867/652/4570 4836/653/4571
f 4836/653/4571 4867/652/4570 4866/654/4572
f 4836/653/4571 4866/654/4572 4846/655/4573
f 4846/655/4573 4866/654/4572 4865/656/4574
f 4846/655/4573 4865/656/4574 4847/657/4575
f 4847/657/4575 4865/656/4574 4864/658/4576
f 4847/657/4575 4864/658/4576 4848/659/4577
f 4848/659/4577 4864/658/4576 4863/660/4578
f 4848/659/4577 4863/660/4578 4849/661/4579
f 4849/661/4579 4863/660/4578 4862/662/4580
f 4849/661/4579 4862/662/4580 4850/663/4581
f 4850/663/4581 4862/662/4580 4861/664/4582
f 4850/663/4581 4861/664/4582 4851/591/4527
f 4851/591/4527 4861/664/4582 4837/593/4529
f 4802/588/4519 4801/665/4518 4842/589/4525
f 4842/589/4525 4801/665/4518 4841/666/4583
f 4842/589/4525 4841/666/4583 4849/661/4579
f 4849/661/4579 4841/666/4583 4848/659/4577
f 4841/666/4583 4801/665/4518 4840/667/4584
f 4840/667/4584 4801/665/4518 4800/668/4514
f 4840/667/4584 4800/668/4514 4839/669/4585
f 4839/669/4585 4800/668/4514 4799/670/4516
f 4839/669/4585 4799/670/4516 4838/671/4586
f 4838/671/4586 4799/670/4516 4798/672/4517
f 4838/671/4586 4798/672/4517 4814/673/4587
f 4838/671/4586 4814/673/4587 4836/653/4571
f 4836/653/4571 4814/673/4587 4815/651/4569
f 4823/637/4555 4824/674/4588 4916/635/4553
f 4916/635/4553 4824/674/4588 4924/675/4589
f 4916/635/4553 4924/675/4589 4925/633/4551
f 4925/633/4551 4924/675/4589 4933/676/4590
f 4925/633/4551 4933/676/4590 4934/631/4549
f 4934/631/4549 4933/676/4590 4942/677/4591
f 4934/631/4549 4942/677/4591 4943/629/4547
f 4943/629/4547 4942/677/4591 4951/678/4592
f 4943/629/4547 4951/678/4592 4952/627/4545
f 4952/627/4545 4951/678/4592 4835/625/4543
f 4824/674/4588 4825/679/4593 4924/675/4589
f 4924/675/4589 4825/679/4593 4932/680/4594
f 4924/675/4589 4932/680/4594 4933/676/4590
f 4933/676/4590 4932/680/4594 4941/681/4595
f 4933/676/4590 4941/681/4595 4942/677/4591
f 4942/677/4591 4941/681/4595 4950/682/4596
f 4942/677/4591 4950/682/4596 4951/678/4592
f 4951/678/4592 4950/682/4596 4834/683/4597
f 4951/678/4592 4834/683/4597 4835/625/4543
f 4825/679/4593 4826/684/4598 4932/680/4594
f 4932/680/4594 4826/684/4598 4827/685/4599
f 4932/680/4594 4827/685/4599 4940/686/4600
f 4940/686/4600 4827/685/4599 4828/687/4601
f 4940/686/4600 4828/687/4601 4829/688/4602
f 4829/688/4602 4830/689/4603 4940/686/4600
f 4940/686/4600 4830/689/4603 4948/690/4604
f 4940/686/4600 4948/690/4604 4949/691/4605
f 4949/691/4605 4948/690/4604 4833/692/4606
f 4949/691/4605 4833/692/4606 4834/683/4597
f 4830/689/4603 4831/693/4607 4948/690/4604
f 4948/690/4604 4831/693/4607 4833/692/4606
f 4831/693/4607 4832/345/4608 4833/692/4606
f 4852/592/4528 4305/581/4059 4845/583/4523
f 4836/653/4571 4846/655/4573 4838/671/4586
f 4838/671/4586 4846/655/4573 4839/669/4585
f 4848/659/4577 4841/666/4583 4840/667/4584
f 4846/655/4573 4847/657/4575 4839/669/4585
f 4839/669/4585 4847/657/4575 4840/667/4584
f 4847/657/4575 4848/659/4577 4840/667/4584
f 4849/661/4579 4850/663/4581 4842/589/4525
f 4842/589/4525 4850/663/4581 4843/590/4526
f 4852/592/4528 4845/583/4523 4844/585/4524
f 4850/663/4581 4851/591/4527 4843/590/4526
f 4866/654/4572 4867/652/4570 4854/694/4609
f 4854/694/4609 4867/652/4570 4853/650/4568
f 4854/694/4609 4853/650/4568 4869/695/4610
f 4869/695/4610 4853/650/4568 4868/648/4566
f 4869/695/4610 4868/648/4566 4877/696/4611
f 4877/696/4611 4868/648/4566 4876/645/4563
f 4877/696/4611 4876/645/4563 4885/697/4612
f 4885/697/4612 4876/645/4563 4884/643/4561
f 4885/697/4612 4884/643/4561 4893/698/4613
f 4893/698/4613 4884/643/4561 4892/641/4559
f 4893/698/4613 4892/641/4559 4901/699/4614
f 4901/699/4614 4892/641/4559 4900/639/4557
f 4901/699/4614 4900/639/4557 4909/700/4615
f 4909/700/4615 4900/639/4557 4908/636/4554
f 4909/700/4615 4908/636/4554 4917/634/4552
f 4865/656/4574 4866/654/4572 4855/701/4616
f 4855/701/4616 4866/654/4572 4854/694/4609
f 4855/701/4616 4854/694/4609 4870/702/4617
f 4870/702/4617 4854/694/4609 4869/695/4610
f 4870/702/4617 4869/695/4610 4878/703/4618
f 4878/703/4618 4869/695/4610 4877/696/4611
f 4878/703/4618 4877/696/4611 4886/704/4619
f 4886/704/4619 4877/696/4611 4885/697/4612
f 4886/704/4619 4885/697/4612 4894/705/4620
f 4894/705/4620 4885/697/4612 4893/698/4613
f 4894/705/4620 4893/698/4613 4902/706/4621
f 4902/706/4621 4893/698/4613 4901/699/4614
f 4902/706/4621 4901/699/4614 4910/707/4622
f 4910/707/4622 4901/699/4614 4909/700/4615
f 4910/707/4622 4909/700/4615 4918/708/4623
f 4918/708/4623 4909/700/4615 4917/634/4552
f 4918/708/4623 4917/634/4552 4926/632/4550
f 4864/658/4576 4865/656/4574 4856/709/4624
f 4856/709/4624 4865/656/4574 4855/701/4616
f 4856/709/4624 4855/701/4616 4871/710/4625
f 4871/710/4625 4855/701/4616 4870/702/4617
f 4871/710/4625 4870/702/4617 4879/711/4626
f 4879/711/4626 4870/702/4617 4878/703/4618
f 4879/711/4626 4878/703/4618 4887/712/4627
f 4887/712/4627 4878/703/4618 4886/704/4619
f 4887/712/4627 4886/704/4619 4895/713/4628
f 4895/713/4628 4886/704/4619 4894/705/4620
f 4895/713/4628 4894/705/4620 4903/714/4629
f 4903/714/4629 4894/705/4620 4902/706/4621
f 4903/714/4629 4902/706/4621 4911/715/4630
f 4911/715/4630 4902/706/4621 4910/707/4622
f 4911/715/4630 4910/707/4622 4919/716/4631
f 4919/716/4631 4910/707/4622 4918/708/4623
f 4919/716/4631 4918/708/4623 4927/717/4632
f 4927/717/4632 4918/708/4623 4926/632/4550
f 4927/717/4632 4926/632/4550 4935/630/4548
f 4863/660/4578 4864/658/4576 4857/718/4633
f 4857/718/4633 4864/658/4576 4856/709/4624
f 4857/718/4633 4856/709/4624 4872/719/4634
f 4872/719/4634 4856/709/4624 4871/710/4625
f 4872/719/4634 4871/710/4625 4880/720/4635
f 4880/720/4635 4871/710/4625 4879/711/4626
f 4880/720/4635 4879/711/4626 4888/721/4636
f 4888/721/4636 4879/711/4626 4887/712/4627
f 4888/721/4636 4887/712/4627 4896/722/4637
f 4896/722/4637 4887/712/4627 4895/713/4628
f 4896/722/4637 4895/713/4628 4904/723/4638
f 4904/723/4638 4895/713/4628 4903/714/4629
f 4904/723/4638 4903/714/4629 4912/724/4639
f 4912/724/4639 4903/714/4629 4911/715/4630
f 4912/724/4639 4911/715/4630 4920/725/4640
f 4920/725/4640 4911/715/4630 4919/716/4631
f 4920/725/4640 4919/716/4631 4928/726/4641
f 4928/726/4641 4919/716/4631 4927/717/4632
f 4928/726/4641 4927/717/4632 4936/727/4642
f 4936/727/4642 4927/717/4632 4935/630/4548
f 4936/727/4642 4935/630/4548 4944/628/4546
f 4862/662/4580 4863/660/4578 4858/728/4643
f 4858/728/4643 4863/660/4578 4857/718/4633
f 4858/728/4643 4857/718/4633 4873/729/4644
f 4873/729/4644 4857/718/4633 4872/719/4634
f 4873/729/4644 4872/719/4634 4881/730/4645
f 4881/730/4645 4872/719/4634 4880/720/4635
f 4881/730/4645 4880/720/4635 4889/731/4646
f 4889/731/4646 4880/720/4635 4888/721/4636
f 4889/731/4646 4888/721/4636 4897/732/4647
f 4897/732/4647 4888/721/4636 4896/722/4637
f 4897/732/4647 4896/722/4637 4905/733/4648
f 4905/733/4648 4896/722/4637 4904/723/4638
f 4905/733/4648 4904/723/4638 4913/734/4649
f 4913/734/4649 4904/723/4638 4912/724/4639
f 4913/734/4649 4912/724/4639 4921/735/4650
f 4921/735/4650 4912/724/4639 4920/725/4640
f 4921/735/4650 4920/725/4640 4929/736/4651
f 4929/736/4651 4920/725/4640 4928/726/4641
f 4929/736/4651 4928/726/4641 4937/737/4652
f 4937/737/4652 4928/726/4641 4936/727/4642
f 4937/737/4652 4936/727/4642 4945/738/4653
f 4945/738/4653 4936/727/4642 4944/628/4546
f 4945/738/4653 4944/628/4546 4953/626/4544
f 4861/664/4582 4862/662/4580 4859/739/4654
f 4859/739/4654 4862/662/4580 4858/728/4643
f 4859/739/4654 4858/728/4643 4874/740/4655
f 4874/740/4655 4858/728/4643 4873/729/4644
f 4874/740/4655 4873/729/4644 4882/741/4656
f 4882/741/4656 4873/729/4644 4881/730/4645
f 4882/741/4656 4881/730/4645 4890/742/4657
f 4890/742/4657 4881/730/4645 4889/731/4646
f 4890/742/4657 4889/731/4646 4898/743/4658
f 4898/743/4658 4889/731/4646 4897/732/4647
f 4898/743/4658 4897/732/4647 4906/744/4659
f 4906/744/4659 4897/732/4647 4905/733/4648
f 4906/744/4659 4905/733/4648 4914/745/4660
f 4914/745/4660 4905/733/4648 4913/734/4649
f 4914/745/4660 4913/734/4649 4922/746/4661
f 4922/746/4661 4913/734/4649 4921/735/4650
f 4922/746/4661 4921/735/4650 4930/747/4662
f 4930/747/4662 4921/735/4650 4929/736/4651
f 4930/747/4662 4929/736/4651 4938/748/4663
f 4938/748/4663 4929/736/4651 4937/737/4652
f 4938/748/4663 4937/737/4652 4946/749/4664
f 4946/749/4664 4937/737/4652 4945/738/4653
f 4946/749/4664 4945/738/4653 4954/624/4542
f 4954/624/4542 4945/738/4653 4953/626/4544
f 4837/593/4529 4861/664/4582 4860/595/4530
f 4860/595/4530 4861/664/4582 4859/739/4654
f 4860/595/4530 4859/739/4654 4875/597/4531
f 4875/597/4531 4859/739/4654 4874/740/4655
f 4875/597/4531 4874/740/4655 4883/599/4532
f 4883/599/4532 4874/740/4655 4882/741/4656
f 4883/599/4532 4882/741/4656 4891/602/4533
f 4891/602/4533 4882/741/4656 4890/742/4657
f 4891/602/4533 4890/742/4657 4899/604/4534
f 4899/604/4534 4890/742/4657 4898/743/4658
f 4899/604/4534 4898/743/4658 4907/606/4535
f 4907/606/4535 4898/743/4658 4906/744/4659
f 4907/606/4535 4906/744/4659 4915/608/4536
f 4915/608/4536 4906/744/4659 4914/745/4660
f 4915/608/4536 4914/745/4660 4923/610/4537
f 4923/610/4537 4914/745/4660 4922/746/4661
f 4923/610/4537 4922/746/4661 4931/612/4538
f 4931/612/4538 4922/746/4661 4930/747/4662
f 4931/612/4538 4930/747/4662 4939/614/4539
f 4939/614/4539 4930/747/4662 4938/748/4663
f 4939/614/4539 4938/748/4663 4947/618/4540
f 4947/618/4540 4938/748/4663 4946/749/4664
f 4947/618/4540 4946/749/4664 4955/621/4541
f 4955/621/4541 4946/749/4664 4954/624/4542
f 4932/680/4594 4940/686/4600 4941/681/4595
f 4941/681/4595 4940/686/4600 4949/691/4605
f 4941/681/4595 4949/691/4605 4950/682/4596
f 4950/682/4596 4949/691/4605 4834/683/4597
f 4685/571/4437 4781/572/4504 4832/573/4608
f 4832/573/4608 4781/572/4504 4780/574/4503
f 4832/573/4608 4780/574/4503 4833/575/4606
f 4833/575/4606 4780/574/4503 4834/576/4597
f 4834/576/4597 4780/574/4503 4835/577/4543
f 4835/577/4543 4780/574/4503 4779/578/4493
f 4835/577/4543 4779/578/4493 4325/579/34
f 4325/579/34 4323/580/34 4835/577/4543
f 4786/561/299 4956/3566/299 4325/559/34
f 4325/559/34 4956/3566/299 4957/3567/299
f 4325/559/34 4957/3567/299 2131/3412/34
f 2131/3412/34 4957/3567/299 2132/3422/299
f 2132/3422/299 4957/3567/299 2133/3421/298
f 2133/3421/298 4957/3567/299 4959/3568/298
f 2133/3421/298 4959/3568/298 2134/905/297
f 2134/905/297 4959/3568/298 4961/3569/297
f 2134/905/297 4961/3569/297 2135/3420/296
f 2135/3420/296 4961/3569/297 4963/3570/296
f 2135/3420/296 4963/3570/296 2136/3419/295
f 2136/3419/295 4963/3570/296 4965/3571/295
f 2136/3419/295 4965/3571/295 2108/3418/4365
f 2108/3418/4365 4965/3571/295 4964/3572/295
f 2108/3418/4365 4964/3572/295 4641/570/4366
f 4641/570/4366 4964/3572/295 4782/569/295
f 4782/569/295 4964/3572/295 4783/567/296
f 4783/567/296 4964/3572/295 4962/3573/296
f 4783/567/296 4962/3573/296 4784/565/297
f 4784/565/297 4962/3573/296 4960/3574/297
f 4784/565/297 4960/3574/297 4785/563/298
f 4785/563/298 4960/3574/297 4958/3575/298
f 4785/563/298 4958/3575/298 4786/561/299
f 4786/561/299 4958/3575/298 4956/3566/299
f 4959/3568/298 4957/3567/299 4956/3566/299
f 4959/3568/298 4956/3566/299 4958/3575/298
f 4961/3569/297 4959/3568/298 4958/3575/298
f 4961/3569/297 4958/3575/298 4960/3574/297
f 4963/3570/296 4961/3569/297 4960/3574/297
f 4963/3570/296 4960/3574/297 4962/3573/296
f 4965/3571/295 4963/3570/296 4962/3573/296
f 4965/3571/295 4962/3573/296 4964/3572/295
f 721/3339/612 4970/3338/4665 401/3337/294
f 401/3337/294 4970/3338/4665 4977/3336/4666
f 401/3337/294 4977/3336/4666 412/3325/311
f 412/3325/311 4977/3336/4666 4978/3326/4667
f 412/3325/311 4978/3326/4667 4979/3307/4668
f 4979/3307/4668 4978/3326/4667 4984/3309/4669
f 4979/3307/4668 4984/3309/4669 4983/3308/4670
f 4983/3308/4670 4984/3309/4669 4971/3310/4671
f 4983/3308/4670 4971/3310/4671 4968/3301/4672
f 4968/3301/4672 4971/3310/4671 4967/3356/4673
f 4967/3356/4673 4971/3310/4671 4993/3312/4674
f 4967/3356/4673 4993/3312/4674 4992/3314/4675
f 4992/3314/4675 4993/3312/4674 4994/3313/4676
f 4992/3314/4675 4994/3313/4676 4991/3315/4677
f 4991/3315/4677 4994/3313/4676 4995/3329/4678
f 4991/3315/4677 4995/3329/4678 4990/3330/4679
f 4990/3330/4679 4995/3329/4678 4996/3343/4680
f 4990/3330/4679 4996/3343/4680 4989/3346/4681
f 4989/3346/4681 4996/3343/4680 4997/3345/4682
f 4989/3346/4681 4997/3345/4682 4988/3349/4683
f 4988/3349/4683 4997/3345/4682 720/3344/613
f 4988/3349/4683 720/3344/613 4974/3348/4684
f 4974/3348/4684 720/3344/613 719/3347/615
f 4974/3348/4684 719/3347/615 5007/3353/4685
f 5007/3353/4685 719/3347/615 4998/3352/4686
f 5007/3353/4685 4998/3352/4686 4999/3354/4687
f 4999/3354/4687 4998/3352/4686 5010/3362/4688
f 4999/3354/4687 5010/3362/4688 718/3363/616
f 720/3344/613 4972/3341/4689 721/3339/612
f 721/3339/612 4972/3341/4689 4987/3340/4690
f 721/3339/612 4987/3340/4690 4970/3338/4665
f 4970/3338/4665 4987/3340/4690 4986/3360/4691
f 4970/3338/4665 4986/3360/4691 4977/3336/4666
f 4977/3336/4666 4986/3360/4691 4985/3327/4692
f 4977/3336/4666 4985/3327/4692 4978/3326/4667
f 4978/3326/4667 4985/3327/4692 4984/3309/4669
f 4998/3352/4686 719/3347/615 4976/3351/4693
f 4976/3351/4693 719/3347/615 718/3350/616
f 4967/3356/4673 4973/3316/4694 4966/3357/4695
f 4966/3357/4695 4973/3316/4694 5003/3318/4696
f 4966/3357/4695 5003/3318/4696 5002/3320/4697
f 5002/3320/4697 5003/3318/4696 5004/3319/4698
f 5002/3320/4697 5004/3319/4698 5001/3321/4699
f 5001/3321/4699 5004/3319/4698 5005/3332/4700
f 5001/3321/4699 5005/3332/4700 5000/3333/4701
f 5000/3333/4701 5005/3332/4700 5006/3355/4702
f 5000/3333/4701 5006/3355/4702 4999/3354/4687
f 4999/3354/4687 5006/3355/4702 5007/3353/4685
f 4983/3308/4670 4968/3301/4672 4969/3303/4703
f 4969/3303/4703 4968/3301/4672 372/3302/268
f 4969/3303/4703 372/3302/268 415/3304/312
f 415/3304/312 414/3305/309 4969/3303/4703
f 4969/3303/4703 414/3305/309 413/3306/308
f 4969/3303/4703 413/3306/308 4979/3307/4668
f 4979/3307/4668 413/3306/308 412/3325/311
f 4999/3354/4687 718/3363/616 5009/3334/4704
f 5009/3334/4704 718/3335/616 5008/3323/4705
f 5008/3323/4705 718/3324/616 4975/3322/4706
f 720/3344/613 4997/3345/4682 4972/3341/4689
f 4972/3341/4689 4997/3345/4682 4996/3343/4680
f 4972/3341/4689 4996/3343/4680 4980/3342/4707
f 4980/3342/4707 4996/3343/4680 4995/3329/4678
f 4980/3342/4707 4995/3329/4678 4981/3328/4708
f 4981/3328/4708 4995/3329/4678 4994/3313/4676
f 4981/3328/4708 4994/3313/4676 4982/3311/4709
f 4982/3311/4709 4994/3313/4676 4993/3312/4674
f 4982/3311/4709 4993/3312/4674 4971/3310/4671
f 4967/3356/4673 4992/3314/4675 4973/3316/4694
f 4973/3316/4694 4992/3314/4675 4991/3315/4677
f 4973/3316/4694 4991/3315/4677 5011/3317/4710
f 5011/3317/4710 4991/3315/4677 4990/3330/4679
f 5011/3317/4710 4990/3330/4679 5012/3331/4711
f 5012/3331/4711 4990/3330/4679 4989/3346/4681
f 5012/3331/4711 4989/3346/4681 5013/3358/4712
f 5013/3358/4712 4989/3346/4681 4988/3349/4683
f 5013/3358/4712 4988/3349/4683 4974/3348/4684
f 4966/3357/4695 5002/3320/4697 4975/3322/4706
f 4975/3322/4706 5002/3320/4697 5001/3321/4699
f 4975/3322/4706 5001/3321/4699 5008/3323/4705
f 5008/3323/4705 5001/3321/4699 5000/3333/4701
f 5008/3323/4705 5000/3333/4701 5009/3334/4704
f 5009/3334/4704 5000/3333/4701 4999/3354/4687
f 4983/3308/4670 4969/3303/4703 4979/3307/4668
f 4986/3360/4691 4987/3340/4690 4980/3342/4707
f 4980/3342/4707 4987/3340/4690 4972/3341/4689
f 4985/3327/4692 4986/3360/4691 4981/3328/4708
f 4981/3328/4708 4986/3360/4691 4980/3342/4707
f 4984/3309/4669 4985/3327/4692 4982/3311/4709
f 4982/3311/4709 4985/3327/4692 4981/3328/4708
f 4982/3311/4709 4971/3310/4671 4984/3309/4669
f 718/3361/616 5010/3362/4688 4998/3352/4686
f 4966/3357/4695 4975/3322/4706 718/3359/616
f 4973/3316/4694 5011/3317/4710 5003/3318/4696
f 5003/3318/4696 5011/3317/4710 5004/3319/4698
f 5011/3317/4710 5012/3331/4711 5004/3319/4698
f 5004/3319/4698 5012/3331/4711 5005/3332/4700
f 4974/3348/4684 5007/3353/4685 5006/3355/4702
f 5012/3331/4711 5013/3358/4712 5005/3332/4700
f 5005/3332/4700 5013/3358/4712 5006/3355/4702
f 5013/3358/4712 4974/3348/4684 5006/3355/4702
f 718/3361/616 4998/3352/4686 4976/3351/4693
f 4126/3576/3981 717/3577/602 4103/3578/3841
f 4103/3578/3841 717/3577/602 5014/3579/4713
f 4103/3578/3841 5014/3579/4713 4104/3580/3839
f 4104/3580/3839 5014/3579/4713 5015/3581/4714
f 4104/3580/3839 5015/3581/4714 4105/3582/3952
f 4105/3582/3952 5015/3581/4714 5016/3583/4715
f 4105/3582/3952 5016/3583/4715 508/3584/470
f 508/3584/470 5016/3583/4715 509/3585/471
f 509/3585/471 5016/3583/4715 510/3586/472
f 510/3586/472 5016/3583/4715 511/3587/475
f 511/3587/475 5016/3583/4715 484/3588/361
f 484/3588/361 5016/3583/4715 476/3589/359
f 4125/3590/3980 2250/3591/4716 4126/3576/3981
f 4126/3576/3981 2250/3591/4716 2249/3592/4717
f 4126/3576/3981 2249/3592/4717 2221/3593/4717
f 4124/3594/3979 2240/3595/4718 4125/3590/3980
f 4125/3590/3980 2240/3595/4718 2251/3596/4719
f 4125/3590/3980 2251/3596/4719 2250/3591/4716
f 2240/3595/4718 4124/3594/3979 2241/3597/4720
f 2241/3597/4720 4124/3594/3979 4123/3598/3977
f 2241/3597/4720 4123/3598/3977 2242/3599/4721
f 2242/3599/4721 4123/3598/3977 4122/3600/3859
f 2242/3599/4721 4122/3600/3859 2243/3601/4722
f 2243/3601/4722 4122/3600/3859 4121/3602/3860
f 2243/3601/4722 4121/3602/3860 2244/3603/1
f 2244/3603/1 4121/3602/3860 4120/3604/3976
f 2244/3603/1 4120/3604/3976 2245/3605/4723
f 2245/3605/4723 4120/3604/3976 4119/3606/3970
f 2245/3605/4723 4119/3606/3970 2246/3607/4724
f 2246/3607/4724 4119/3606/3970 4118/3608/3969
f 2246/3607/4724 4118/3608/3969 2247/3609/4725
f 2247/3609/4725 4118/3608/3969 4117/3610/3966
f 2247/3609/4725 4117/3610/3966 2235/3611/4726
f 2235/3611/4726 4117/3610/3966 2236/3612/4727
f 2236/3612/4727 4117/3610/3966 4116/3613/3887
f 2236/3612/4727 4116/3613/3887 2237/3614/4728
f 2237/3614/4728 4116/3613/3887 2238/3615/4729
f 2238/3615/4729 4116/3613/3887 4115/3616/3889
f 2238/3615/4729 4115/3616/3889 2232/3617/4729
f 2232/3617/4729 4115/3616/3889 718/3618/616
f 2232/3617/4729 718/3618/616 4688/3619/4440
f 4115/3620/3889 4114/3621/3965 718/3622/616
f 718/3622/616 4114/3621/3965 4966/3623/4695
f 4966/3623/4695 4114/3621/3965 4113/3624/3920
f 4966/3623/4695 4113/3624/3920 4967/3625/4673
f 4967/3625/4673 4113/3624/3920 4968/3626/4672
f 4968/3626/4672 4113/3624/3920 4112/3627/3919
f 4968/3626/4672 4112/3627/3919 199/3628/157
f 199/3628/157 4112/3627/3919 200/3629/155
f 200/3629/155 4112/3627/3919 201/3630/153
f 201/3630/153 4112/3627/3919 202/3631/151
f 202/3631/151 4112/3627/3919 203/3632/150
f 203/3632/150 4112/3627/3919 204/3633/148
f 204/3633/148 4112/3627/3919 205/3634/146
f 205/3634/146 4112/3627/3919 4111/3635/3918
f 205/3634/146 4111/3635/3918 206/3636/144
f 206/3636/144 4111/3635/3918 207/3637/142
f 207/3637/142 4111/3635/3918 208/3638/140
f 208/3638/140 4111/3635/3918 209/3639/139
f 209/3639/139 4111/3635/3918 210/3640/175
f 210/3640/175 4111/3635/3918 211/3641/180
f 211/3641/180 4111/3635/3918 4110/3642/3963
f 211/3641/180 4110/3642/3963 212/3643/184
f 212/3643/184 4110/3642/3963 213/3644/187
f 213/3644/187 4110/3642/3963 174/3645/54
f 174/3645/54 4110/3642/3963 159/3646/55
f 159/3646/55 4110/3642/3963 4109/3647/3959
f 159/3646/55 4109/3647/3959 427/3648/343
f 427/3648/343 4109/3647/3959 428/3649/2
f 428/3649/2 4109/3647/3959 4108/3650/3955
f 428/3649/2 4108/3650/3955 429/3651/348
f 429/3651/348 4108/3650/3955 430/3652/350
f 430/3652/350 4108/3650/3955 4107/3653/3940
f 430/3652/350 4107/3653/3940 493/3654/456
f 493/3654/456 4107/3653/3940 494/3655/457
f 494/3655/457 4107/3653/3940 495/3656/435
f 495/3656/435 4107/3653/3940 496/3657/433
f 496/3657/433 4107/3653/3940 497/3658/431
f 497/3658/431 4107/3653/3940 498/3659/430
f 498/3659/430 4107/3653/3940 4106/3660/3941
f 498/3659/430 4106/3660/3941 499/3661/428
f 499/3661/428 4106/3660/3941 500/3662/426
f 500/3662/426 4106/3660/3941 501/3663/424
f 501/3663/424 4106/3660/3941 502/3664/422
f 502/3664/422 4106/3660/3941 503/3665/421
f 503/3665/421 4106/3660/3941 4105/3582/3952
f 503/3665/421 4105/3582/3952 504/3666/458
f 504/3666/458 4105/3582/3952 505/3667/463
f 505/3667/463 4105/3582/3952 506/3668/467
f 506/3668/467 4105/3582/3952 507/3669/468
f 507/3669/468 4105/3582/3952 508/3584/470
f 4126/3576/3981 2221/3593/4717 4335/3670/4128
f 4335/3670/4128 2221/3593/4717 2220/3671/4716
f 4335/3670/4128 2220/3671/4716 4336/3672/4127
f 4336/3672/4127 2220/3671/4716 2219/3673/4719
f 4336/3672/4127 2219/3673/4719 2218/3674/4718
f 2230/3675/4720 4464/3676/4231 2218/3674/4718
f 2218/3674/4718 4464/3676/4231 4463/3677/4232
f 2218/3674/4718 4463/3677/4232 4462/3678/4234
f 2229/3679/4721 4469/3680/4221 2230/3675/4720
f 2230/3675/4720 4469/3680/4221 4468/3681/4223
f 2230/3675/4720 4468/3681/4223 4467/3682/4225
f 2228/3683/4722 4473/3684/4266 2229/3679/4721
f 2229/3679/4721 4473/3684/4266 4472/3685/4261
f 2229/3679/4721 4472/3685/4261 4471/3686/4255
f 2227/3687/1 4654/3688/4377 2228/3683/4722
f 2228/3683/4722 4654/3688/4377 4418/3689/4159
f 2228/3683/4722 4418/3689/4159 4475/3690/4273
f 2226/3691/4723 4656/3692/4374 2227/3687/1
f 2227/3687/1 4656/3692/4374 4655/3693/1
f 2227/3687/1 4655/3693/1 4654/3688/4377
f 2225/3694/4724 4814/3695/4587 2226/3691/4723
f 2226/3691/4723 4814/3695/4587 4798/3696/4517
f 2226/3691/4723 4798/3696/4517 4648/3697/4372
f 2224/3698/4730 4819/3699/4562 2225/3694/4724
f 2225/3694/4724 4819/3699/4562 4818/3700/4564
f 2225/3694/4724 4818/3700/4564 4817/3701/4565
f 2223/3702/4726 4823/3703/4555 2224/3698/4730
f 2224/3698/4730 4823/3703/4555 4822/3704/4556
f 2224/3698/4730 4822/3704/4556 4821/3705/4558
f 2234/3706/4731 4687/3707/4419 2223/3702/4726
f 2223/3702/4726 4687/3707/4419 4686/3708/4417
f 2223/3702/4726 4686/3708/4417 4828/3709/4601
f 4828/3709/4601 4686/3708/4417 4829/3710/4602
f 4829/3710/4602 4686/3708/4417 4830/3711/4603
f 4830/3711/4603 4686/3708/4417 4831/3712/4607
f 4831/3712/4607 4686/3708/4417 4832/3713/4608
f 4832/3713/4608 4686/3708/4417 4685/3714/4437
f 2234/3706/4731 2233/3715/4728 4687/3707/4419
f 4687/3707/4419 2233/3715/4728 4688/3619/4440
f 4688/3619/4440 2233/3715/4728 2232/3617/4729
f 199/3628/157 198/3716/159 4968/3626/4672
f 4968/3626/4672 198/3716/159 197/3717/160
f 4968/3626/4672 197/3717/160 196/3718/162
f 196/3718/162 195/3719/164 4968/3626/4672
f 4968/3626/4672 195/3719/164 372/3720/268
f 4828/3709/4601 4827/3721/4599 2223/3702/4726
f 2223/3702/4726 4827/3721/4599 4826/3722/4598
f 2223/3702/4726 4826/3722/4598 4825/3723/4593
f 4825/3723/4593 4824/3724/4588 2223/3702/4726
f 2223/3702/4726 4824/3724/4588 4823/3703/4555
f 4821/3705/4558 4820/3725/4560 2224/3698/4730
f 2224/3698/4730 4820/3725/4560 4819/3699/4562
f 4817/3701/4565 4816/3726/4567 2225/3694/4724
f 2225/3694/4724 4816/3726/4567 4815/3727/4569
f 2225/3694/4724 4815/3727/4569 4814/3695/4587
f 4648/3697/4372 4656/3692/4374 2226/3691/4723
f 4475/3690/4273 4474/3728/4271 2228/3683/4722
f 2228/3683/4722 4474/3728/4271 4473/3684/4266
f 4471/3686/4255 4470/3729/4220 2229/3679/4721
f 2229/3679/4721 4470/3729/4220 4469/3680/4221
f 4467/3682/4225 4466/3730/4227 2230/3675/4720
f 2230/3675/4720 4466/3730/4227 4465/3731/4229
f 2230/3675/4720 4465/3731/4229 4464/3676/4231
f 4462/3678/4234 4461/3732/4236 2218/3674/4718
f 2218/3674/4718 4461/3732/4236 4337/3733/4075
f 2218/3674/4718 4337/3733/4075 4336/3672/4127
f 4461/3732/4236 4460/3734/4238 4337/3733/4075
f 4337/3733/4075 4460/3734/4238 4459/3735/4240
f 4337/3733/4075 4459/3735/4240 4458/3736/4241
f 4458/3736/4241 4457/3737/4243 4337/3733/4075
f 4337/3733/4075 4457/3737/4243 4449/3738/4181
f 4337/3733/4075 4449/3738/4181 4326/3739/4076
f 4335/3670/4128 717/3577/602 4126/3576/3981
f 5016/3472/4715 5023/3495/4732 476/3494/359
f 476/3494/359 5023/3495/4732 5025/3493/4733
f 476/3494/359 5025/3493/4733 665/3492/559
f 665/3492/559 5025/3493/4733 5026/3490/4734
f 665/3492/559 5026/3490/4734 666/3491/560
f 666/3491/560 5026/3490/4734 667/3487/552
f 667/3487/552 5026/3490/4734 5027/3488/4735
f 667/3487/552 5027/3488/4735 668/3457/551
f 668/3457/551 5027/3488/4735 5028/3489/4736
f 668/3457/551 5028/3489/4736 5029/3458/4737
f 5029/3458/4737 5028/3489/4736 5024/3460/4738
f 5029/3458/4737 5024/3460/4738 470/3459/357
f 470/3459/357 5024/3460/4738 714/3461/598
f 714/3461/598 5024/3460/4738 5035/3462/4739
f 714/3461/598 5035/3462/4739 5034/3463/4740
f 5034/3463/4740 5035/3462/4739 5036/3464/4741
f 5034/3463/4740 5036/3464/4741 5033/3465/4742
f 5033/3465/4742 5036/3464/4741 5037/3466/4743
f 5033/3465/4742 5037/3466/4743 5032/3467/4744
f 5032/3467/4744 5037/3466/4743 5038/3468/4745
f 5032/3467/4744 5038/3468/4745 5031/3469/4746
f 5031/3469/4746 5038/3468/4745 5039/3470/4747
f 5031/3469/4746 5039/3470/4747 5030/3471/4748
f 5030/3471/4748 5039/3470/4747 5016/3472/4715
f 5030/3471/4748 5016/3472/4715 5021/3473/4749
f 5021/3473/4749 5016/3472/4715 5015/3474/4714
f 5021/3473/4749 5015/3474/4714 5049/3475/4750
f 5049/3475/4750 5015/3474/4714 5040/3476/4751
f 5049/3475/4750 5040/3476/4751 5041/3477/4752
f 5041/3477/4752 5040/3476/4751 5065/3478/4753
f 5041/3477/4752 5065/3478/4753 5064/3479/4754
f 5064/3479/4754 5065/3478/4753 5057/3480/4755
f 5064/3479/4754 5057/3480/4755 5056/3481/4756
f 5056/3481/4756 5057/3480/4755 5053/3482/4757
f 5056/3481/4756 5053/3482/4757 5054/3483/4758
f 5054/3483/4758 5053/3482/4757 5018/3484/4759
f 5054/3483/4758 5018/3484/4759 716/3485/601
f 716/3485/601 5018/3484/4759 717/3486/602
f 5040/3476/4751 5015/3474/4714 5019/3496/4760
f 5019/3496/4760 5015/3474/4714 5014/3497/4713
f 5019/3496/4760 5014/3497/4713 5059/3498/4761
f 5059/3498/4761 5014/3497/4713 5050/3499/4762
f 5059/3498/4761 5050/3499/4762 5051/3500/4763
f 5051/3500/4763 5050/3499/4762 5062/3501/4764
f 5051/3500/4763 5062/3501/4764 5061/3502/4765
f 5061/3502/4765 5062/3501/4764 717/3503/602
f 5050/3499/4762 5014/3497/4713 5017/3504/4766
f 5017/3504/4766 5014/3497/4713 717/3505/602
f 715/3506/599 5020/3507/4767 716/3485/601
f 716/3485/601 5020/3507/4767 5055/3508/4768
f 716/3485/601 5055/3508/4768 5054/3483/4758
f 5054/3483/4758 5055/3508/4768 5056/3481/4756
f 714/3461/598 5022/3509/4769 715/3506/599
f 715/3506/599 5022/3509/4769 5045/3510/4770
f 715/3506/599 5045/3510/4770 5044/3511/4771
f 5044/3511/4771 5045/3510/4770 5046/3512/4772
f 5044/3511/4771 5046/3512/4772 5043/3513/4773
f 5043/3513/4773 5046/3512/4772 5047/3514/4774
f 5043/3513/4773 5047/3514/4774 5042/3515/4775
f 5042/3515/4775 5047/3514/4774 5048/3516/4776
f 5042/3515/4775 5048/3516/4776 5041/3477/4752
f 5041/3477/4752 5048/3516/4776 5049/3475/4750
f 470/3459/357 668/3457/551 5029/3458/4737
f 5017/3504/4766 717/3517/602 5062/3501/4764
f 5061/3502/4765 717/3518/602 5060/3519/4777
f 5060/3519/4777 717/3520/602 5018/3484/4759
f 715/3506/599 5044/3511/4771 5020/3507/4767
f 5020/3507/4767 5044/3511/4771 5043/3513/4773
f 5020/3507/4767 5043/3513/4773 5063/3521/4778
f 5063/3521/4778 5043/3513/4773 5042/3515/4775
f 5063/3521/4778 5042/3515/4775 5064/3479/4754
f 5064/3479/4754 5042/3515/4775 5041/3477/4752
f 714/3461/598 5034/3463/4740 5022/3509/4769
f 5022/3509/4769 5034/3463/4740 5033/3465/4742
f 5022/3509/4769 5033/3465/4742 5066/3522/4779
f 5066/3522/4779 5033/3465/4742 5032/3467/4744
f 5066/3522/4779 5032/3467/4744 5067/3523/4780
f 5067/3523/4780 5032/3467/4744 5031/3469/4746
f 5067/3523/4780 5031/3469/4746 5068/3524/4781
f 5068/3524/4781 5031/3469/4746 5030/3471/4748
f 5068/3524/4781 5030/3471/4748 5021/3473/4749
f 5016/3472/4715 5039/3470/4747 5023/3495/4732
f 5023/3495/4732 5039/3470/4747 5038/3468/4745
f 5023/3495/4732 5038/3468/4745 5071/3525/4782
f 5071/3525/4782 5038/3468/4745 5037/3466/4743
f 5071/3525/4782 5037/3466/4743 5070/3526/4783
f 5070/3526/4783 5037/3466/4743 5036/3464/4741
f 5070/3526/4783 5036/3464/4741 5069/3527/4784
f 5069/3527/4784 5036/3464/4741 5035/3462/4739
f 5069/3527/4784 5035/3462/4739 5024/3460/4738
f 5023/3495/4732 5071/3525/4782 5025/3493/4733
f 5025/3493/4733 5071/3525/4782 5026/3490/4734
f 5071/3525/4782 5070/3526/4783 5026/3490/4734
f 5026/3490/4734 5070/3526/4783 5027/3488/4735
f 5070/3526/4783 5069/3527/4784 5027/3488/4735
f 5027/3488/4735 5069/3527/4784 5028/3489/4736
f 5069/3527/4784 5024/3460/4738 5028/3489/4736
f 5022/3509/4769 5066/3522/4779 5045/3510/4770
f 5045/3510/4770 5066/3522/4779 5046/3512/4772
f 5066/3522/4779 5067/3523/4780 5046/3512/4772
f 5046/3512/4772 5067/3523/4780 5047/3514/4774
f 5021/3473/4749 5049/3475/4750 5048/3516/4776
f 5067/3523/4780 5068/3524/4781 5047/3514/4774
f 5047/3514/4774 5068/3524/4781 5048/3516/4776
f 5068/3524/4781 5021/3473/4749 5048/3516/4776
f 5051/3500/4763 5052/3528/4785 5058/3529/4786
f 5058/3529/4786 5052/3528/4785 5057/3480/4755
f 5058/3529/4786 5057/3480/4755 5065/3478/4753
f 5017/3504/4766 5062/3501/4764 5050/3499/4762
f 5057/3480/4755 5052/3528/4785 5053/3482/4757
f 5053/3482/4757 5052/3528/4785 5060/3519/4777
f 5053/3482/4757 5060/3519/4777 5018/3484/4759
f 5060/3519/4777 5052/3528/4785 5061/3502/4765
f 5061/3502/4765 5052/3528/4785 5051/3500/4763
f 5020/3507/4767 5063/3521/4778 5055/3508/4768
f 5055/3508/4768 5063/3521/4778 5056/3481/4756
f 5063/3521/4778 5064/3479/4754 5056/3481/4756
f 5019/3496/4760 5059/3498/4761 5058/3529/4786
f 5058/3529/4786 5059/3498/4761 5051/3500/4763
f 5019/3496/4760 5058/3529/4786 5065/3478/4753
f 5040/3476/4751 5019/3496/4760 5065/3478/4753
f 70/3740/44 73/3741/602 1/3742/602
f 1/3742/602 73/3741/602 717/345/602
f 1/3742/602 717/345/602 2094/3743/602
f 2094/3743/602 717/345/602 2180/3744/602
f 2094/3743/602 2180/3744/602 2193/3745/44
f 2193/3745/44 2095/3746/44 2094/3743/602
f 1/3742/602 35/3747/44 70/3740/44
f 2094/3220/602 5073/3748/4787 1/3233/602
f 1/3233/602 5073/3748/4787 5074/3231/4787
f 1/3233/602 5074/3231/4787 2/3230/4787
f 2/3230/4787 5074/3231/4787 3/3226/4788
f 3/3226/4788 5074/3231/4787 5077/3227/4788
f 3/3226/4788 5077/3227/4788 4/3223/4789
f 4/3223/4789 5077/3227/4788 5080/3224/4789
f 4/3223/4789 5080/3224/4789 5/192/4790
f 5/192/4790 5080/3224/4789 739/3749/4791
f 5/192/4790 739/3749/4791 5082/3221/4792
f 5082/3221/4792 739/3749/4791 738/3750/4793
f 5082/3221/4792 738/3750/4793 5/192/4790
f 5/192/4790 738/3750/4793 6/3193/4794
f 6/3193/4794 738/3750/4793 5086/3192/4794
f 6/3193/4794 5086/3192/4794 737/3751/4795
f 737/3751/4795 5086/3192/4794 738/3750/4793
f 5073/3748/4787 2094/3220/602 5072/3217/4787
f 5072/3217/4787 2094/3220/602 2093/3216/4787
f 5072/3217/4787 2093/3216/4787 5075/3213/4788
f 5075/3213/4788 2093/3216/4787 2092/3214/4788
f 5075/3213/4788 2092/3214/4788 5078/3210/4789
f 5078/3210/4789 2092/3214/4788 2091/3209/4789
f 5078/3210/4789 2091/3209/4789 4254/3752/4791
f 4254/3752/4791 2091/3209/4789 5081/3207/4796
f 4254/3752/4791 5081/3207/4796 4255/3753/4793
f 4255/3753/4793 5081/3207/4796 2090/487/4797
f 4255/3753/4793 2090/487/4797 2089/3205/4794
f 2091/3209/4789 2090/487/4797 5081/3207/4796
f 2088/3203/4798 4256/3754/4795 2089/3205/4794
f 2089/3205/4794 4256/3754/4795 5083/3206/4794
f 2089/3205/4794 5083/3206/4794 4255/3753/4793
f 4255/3753/4793 5083/3206/4794 4256/3754/4795
f 2087/3202/4799 4258/3755/4800 2088/3203/4798
f 2088/3203/4798 4258/3755/4800 4257/3756/4801
f 2088/3203/4798 4257/3756/4801 5084/3204/4798
f 5084/3204/4798 4257/3756/4801 4256/3754/4795
f 5084/3204/4798 4256/3754/4795 2088/3203/4798
f 2086/3200/4020 4259/3757/4802 2087/3202/4799
f 2087/3202/4799 4259/3757/4802 5085/3201/4803
f 2087/3202/4799 5085/3201/4803 4258/3755/4800
f 4258/3755/4800 5085/3201/4803 4259/3757/4802
f 2086/3200/4020 4260/3758/4021 4259/3757/4802
f 5078/3210/4789 4254/3752/4791 5079/3759/4789
f 5079/3759/4789 4254/3752/4791 739/3749/4791
f 5079/3759/4789 739/3749/4791 5080/3224/4789
f 736/3760/4801 5087/3195/4798 737/3751/4795
f 737/3751/4795 5087/3195/4798 7/3194/4798
f 737/3751/4795 7/3194/4798 6/3193/4794
f 5087/3195/4798 736/3760/4801 7/3194/4798
f 7/3194/4798 736/3760/4801 735/3761/4800
f 7/3194/4798 735/3761/4800 8/3196/4804
f 8/3196/4804 735/3761/4800 5088/3197/4803
f 8/3196/4804 5088/3197/4803 734/3762/4802
f 734/3762/4802 5088/3197/4803 735/3761/4800
f 723/3763/629 9/3198/629 734/3762/4802
f 734/3762/4802 9/3198/629 8/3196/4804
f 5077/3227/4788 5074/3231/4787 5073/3748/4787
f 5073/3748/4787 5072/3217/4787 5076/3764/4788
f 5076/3764/4788 5072/3217/4787 5075/3213/4788
f 5076/3764/4788 5075/3213/4788 5079/3759/4789
f 5079/3759/4789 5075/3213/4788 5078/3210/4789
f 5080/3224/4789 5077/3227/4788 5076/3764/4788
f 5076/3764/4788 5077/3227/4788 5073/3748/4787
f 5080/3224/4789 5076/3764/4788 5079/3759/4789
f 739/3765/4805 4254/3766/4805 740/3767/4806
f 740/3767/4806 4254/3766/4805 4253/3768/4806
f 740/3767/4806 4253/3768/4806 741/3769/4807
f 741/3769/4807 4253/3768/4806 4252/3770/4808
f 741/3769/4807 4252/3770/4808 742/3771/38
f 742/3771/38 4252/3770/4808 4251/3772/38
f 742/3771/38 4251/3772/38 743/3773/4809
f 743/3773/4809 4251/3772/38 4250/3774/4809
f 743/3773/4809 4250/3774/4809 744/3775/4810
f 744/3775/4810 4250/3774/4809 4249/3776/4810
f 744/3775/4810 4249/3776/4810 728/3777/4811
f 728/3777/4811 4249/3776/4810 4248/3778/4811
usemtl Opaque(63,63,63).002
f 5090/3779/4812 5091/3780/4812 5089/3781/4812
f 5089/3781/4812 5091/3780/4812 5092/3782/4812
f 5090/3783/4813 5093/3784/4813 5091/3785/4813
f 5091/3785/4813 5093/3784/4813 5094/3786/4813
f 5089/3787/1 5100/3788/1 5090/3789/1
f 5090/3789/1 5100/3788/1 5101/3790/1
f 5090/3789/1 5101/3790/1 5102/3791/1
f 5089/3787/1 5095/3792/1 5100/3788/1
f 5100/3788/1 5095/3792/1 5107/3793/1
f 5107/3793/1 5095/3792/1 5096/3794/1
f 5107/3793/1 5096/3794/1 5106/3795/1
f 5106/3795/1 5096/3794/1 5105/3796/1
f 5105/3796/1 5096/3794/1 5097/3797/1
f 5105/3796/1 5097/3797/1 5104/3798/1
f 5104/3798/1 5097/3797/1 5098/3799/1
f 5104/3798/1 5098/3799/1 5099/3800/1
f 5104/3798/1 5099/3800/1 5103/3801/1
f 5103/3801/1 5099/3800/1 5093/3802/1
f 5103/3801/1 5093/3802/1 5102/3791/1
f 5102/3791/1 5093/3802/1 5090/3789/1
f 5097/3803/4814 5108/3782/4814 5098/3804/4814
f 5098/3804/4814 5108/3782/4814 5109/3780/4814
f 5097/3783/4815 5096/3784/4815 5108/3785/4815
f 5108/3785/4815 5096/3784/4815 5110/3805/4815
f 5095/3803/4816 5111/3782/4816 5096/3804/4816
f 5096/3804/4816 5111/3782/4816 5110/3780/4816
f 5092/3805/4817 5111/3785/4817 5089/3784/4817
f 5089/3784/4817 5111/3785/4817 5095/3783/4817
f 5099/3779/4818 5112/3780/4818 5093/3781/4818
f 5093/3781/4818 5112/3780/4818 5094/3782/4818
f 5109/3786/4819 5112/3785/4819 5098/3784/4819
f 5098/3784/4819 5112/3785/4819 5099/3783/4819
f 5114/3803/4812 5115/3782/4812 5113/3804/4812
f 5113/3804/4812 5115/3782/4812 5116/3780/4812
f 5114/3783/4817 5117/3784/4817 5115/3785/4817
f 5115/3785/4817 5117/3784/4817 5118/3805/4817
f 5113/3794/2 5129/3793/2 5114/3792/2
f 5114/3792/2 5129/3793/2 5130/3788/2
f 5114/3792/2 5130/3788/2 5117/3787/2
f 5117/3787/2 5130/3788/2 5123/3789/2
f 5123/3789/2 5130/3788/2 5131/3790/2
f 5123/3789/2 5131/3790/2 5124/3791/2
f 5119/3797/2 5127/3796/2 5113/3794/2
f 5113/3794/2 5127/3796/2 5128/3795/2
f 5113/3794/2 5128/3795/2 5129/3793/2
f 5127/3796/2 5119/3797/2 5126/3798/2
f 5126/3798/2 5119/3797/2 5120/3799/2
f 5126/3798/2 5120/3799/2 5121/3800/2
f 5126/3798/2 5121/3800/2 5125/3801/2
f 5125/3801/2 5121/3800/2 5122/3802/2
f 5125/3801/2 5122/3802/2 5124/3791/2
f 5124/3791/2 5122/3802/2 5123/3789/2
f 5121/3779/4814 5132/3780/4814 5122/3781/4814
f 5122/3781/4814 5132/3780/4814 5133/3782/4814
f 5133/3786/4815 5134/3785/4815 5122/3784/4815
f 5122/3784/4815 5134/3785/4815 5123/3783/4815
f 5123/3779/4816 5134/3780/4816 5117/3781/4816
f 5117/3781/4816 5134/3780/4816 5118/3782/4816
f 5119/3803/4818 5135/3782/4818 5120/3804/4818
f 5120/3804/4818 5135/3782/4818 5136/3780/4818
f 5116/3786/4813 5135/3785/4813 5113/3784/4813
f 5113/3784/4813 5135/3785/4813 5119/3783/4813
f 5121/3783/4819 5120/3784/4819 5132/3785/4819
f 5132/3785/4819 5120/3784/4819 5136/3786/4819
f 5128/3806/4812 5101/3807/4812 5129/3808/4812
f 5129/3808/4812 5101/3807/4812 5100/3809/4812
f 5128/3810/4813 5127/3811/4813 5101/3812/4813
f 5101/3812/4813 5127/3811/4813 5102/3813/4813
f 5126/3806/4818 5103/3807/4818 5127/3808/4818
f 5127/3808/4818 5103/3807/4818 5102/3809/4818
f 5126/3810/4819 5125/3811/4819 5103/3812/4819
f 5103/3812/4819 5125/3811/4819 5104/3813/4819
f 5124/3814/4814 5105/3815/4814 5125/3816/4814
f 5125/3816/4814 5105/3815/4814 5104/3817/4814
f 5091/3794/2 5108/3802/2 5092/3792/2
f 5092/3792/2 5108/3802/2 5110/3789/2
f 5092/3792/2 5110/3789/2 5111/3787/2
f 5108/3802/2 5091/3794/2 5109/3800/2
f 5109/3800/2 5091/3794/2 5094/3797/2
f 5109/3800/2 5094/3797/2 5112/3799/2
f 5130/3810/4817 5129/3811/4817 5107/3812/4817
f 5107/3812/4817 5129/3811/4817 5100/3813/4817
f 5130/3814/4816 5107/3815/4816 5131/3816/4816
f 5131/3816/4816 5107/3815/4816 5106/3817/4816
f 5124/3810/4815 5131/3811/4815 5105/3812/4815
f 5105/3812/4815 5131/3811/4815 5106/3813/4815
f 5115/3787/1 5118/3792/1 5116/3789/1
f 5116/3789/1 5118/3792/1 5135/3802/1
f 5135/3802/1 5118/3792/1 5134/3794/1
f 5135/3802/1 5134/3794/1 5136/3800/1
f 5136/3800/1 5134/3794/1 5133/3797/1
f 5136/3800/1 5133/3797/1 5132/3799/1
