# Blender 5.1.1
# www.blender.org
mtllib PenHolder.mtl
o PenHolder
v -0.014500 0.027800 0.127289
v -0.014800 0.027878 0.126987
v -0.014800 0.025899 0.125548
v -0.014800 0.024226 0.123765
v -0.014800 0.022916 0.121700
v -0.014800 0.022016 0.119425
v -0.014800 0.021558 0.117023
v -0.014800 0.021558 0.114577
v -0.014800 0.022016 0.112175
v -0.014800 0.022916 0.109900
v -0.014800 0.024226 0.107835
v -0.014800 0.025899 0.106052
v -0.014800 0.027878 0.104613
v -0.014500 0.027800 0.104311
v -0.014500 0.025755 0.105780
v -0.014500 0.024023 0.107607
v -0.014500 0.022666 0.109729
v -0.014500 0.021734 0.112068
v -0.014500 0.021260 0.114541
v -0.014500 0.021260 0.117059
v -0.014500 0.021734 0.119532
v -0.014500 0.022666 0.121871
v -0.014500 0.024023 0.123993
v -0.014500 0.025755 0.125820
v -0.019500 0.021500 0.115800
v -0.019500 0.021735 0.113340
v -0.019500 0.022431 0.110968
v -0.019500 0.023564 0.108772
v -0.019500 0.025091 0.106829
v -0.019500 0.026959 0.105211
v -0.019500 0.029100 0.103975
v -0.019500 0.031435 0.103166
v -0.019500 0.033881 0.102815
v -0.019500 0.036350 0.102932
v -0.019500 0.038752 0.103515
v -0.019500 0.041000 0.104542
v -0.019500 0.043013 0.105975
v -0.019500 0.044719 0.107764
v -0.019500 0.046055 0.109843
v -0.019500 0.046973 0.112137
v -0.019500 0.047441 0.114564
v -0.019500 0.047441 0.117036
v -0.019500 0.046973 0.119463
v -0.019500 0.046055 0.121757
v -0.019500 0.044719 0.123836
v -0.019500 0.043013 0.125625
v -0.019500 0.041000 0.127058
v -0.019500 0.038752 0.128085
v -0.019500 0.036350 0.128668
v -0.019500 0.033881 0.128785
v -0.019500 0.031435 0.128434
v -0.019500 0.029100 0.127625
v -0.019500 0.026959 0.126389
v -0.019500 0.025091 0.124771
v -0.019500 0.023564 0.122828
v -0.019500 0.022431 0.120632
v -0.019500 0.021735 0.118260
v -0.014500 0.028446 0.104296
v -0.014500 0.028446 0.127304
v -0.014283 0.029083 0.127618
v -0.014200 0.029806 0.127923
v -0.009300 0.029806 0.127923
v -0.009300 0.032231 0.128600
v -0.009300 0.034742 0.128798
v -0.009300 0.037243 0.128507
v -0.009300 0.039642 0.127740
v -0.009300 0.041848 0.126524
v -0.009300 0.043777 0.124907
v -0.009300 0.045359 0.122947
v -0.009300 0.046533 0.120719
v -0.009300 0.047256 0.118307
v -0.009300 0.047500 0.115800
v -0.009300 0.047256 0.113293
v -0.009300 0.046533 0.110881
v -0.009300 0.045359 0.108653
v -0.009300 0.043777 0.106693
v -0.009300 0.041848 0.105076
v -0.009300 0.039642 0.103860
v -0.009300 0.037243 0.103093
v -0.009300 0.034742 0.102802
v -0.009300 0.032231 0.103000
v -0.009300 0.029806 0.103677
v -0.014200 0.029806 0.103677
v -0.014283 0.029083 0.103982
v -0.014200 0.017050 0.108300
v -0.014200 0.017082 0.108054
v -0.014200 0.017177 0.107825
v -0.014200 0.017328 0.107628
v -0.014200 0.017525 0.107477
v -0.014200 0.017754 0.107382
v -0.014200 0.018000 0.107350
v -0.014200 0.018246 0.107382
v -0.014200 0.018475 0.107477
v -0.014200 0.018672 0.107628
v -0.014200 0.018823 0.107825
v -0.014200 0.018918 0.108054
v -0.014200 0.018950 0.108300
v -0.014200 0.018918 0.108546
v -0.014200 0.018823 0.108775
v -0.014200 0.018672 0.108972
v -0.014200 0.018475 0.109123
v -0.014200 0.018246 0.109218
v -0.014200 0.018000 0.109250
v -0.014200 0.017754 0.109218
v -0.014200 0.017525 0.109123
v -0.014200 0.017328 0.108972
v -0.014200 0.017177 0.108775
v -0.014200 0.017082 0.108546
v -0.014500 0.016750 0.108300
v -0.014500 0.016793 0.108624
v -0.014500 0.016917 0.108925
v -0.014500 0.017116 0.109184
v -0.014500 0.017375 0.109383
v -0.014500 0.017676 0.109507
v -0.014500 0.018000 0.109550
v -0.014500 0.018324 0.109507
v -0.014500 0.018625 0.109383
v -0.014500 0.018884 0.109184
v -0.014500 0.019083 0.108925
v -0.014500 0.019207 0.108624
v -0.014500 0.019250 0.108300
v -0.014500 0.019207 0.107976
v -0.014500 0.019083 0.107675
v -0.014500 0.018884 0.107416
v -0.014500 0.018625 0.107217
v -0.014500 0.018324 0.107093
v -0.014500 0.018000 0.107050
v -0.014500 0.017676 0.107093
v -0.014500 0.017375 0.107217
v -0.014500 0.017116 0.107416
v -0.014500 0.016917 0.107675
v -0.014500 0.016793 0.107976
v -0.014500 0.026468 0.104088
v -0.014500 0.025235 0.103536
v -0.014500 0.024182 0.102691
v -0.014500 0.023377 0.101607
v -0.014500 0.022872 0.100354
v -0.014500 0.022700 0.099015
v -0.014500 0.022700 0.092800
v -0.014500 0.022642 0.092360
v -0.014500 0.022472 0.091950
v -0.014500 0.022202 0.091598
v -0.014500 0.021850 0.091328
v -0.014500 0.021440 0.091158
v -0.014500 0.021000 0.091100
v -0.014500 0.015000 0.091100
v -0.014500 0.014560 0.091158
v -0.014500 0.014150 0.091328
v -0.014500 0.013798 0.091598
v -0.014500 0.013528 0.091950
v -0.014500 0.013358 0.092360
v -0.014500 0.013300 0.092800
v -0.014500 0.013300 0.138800
v -0.014500 0.013358 0.139240
v -0.014500 0.013528 0.139650
v -0.014500 0.013798 0.140002
v -0.014500 0.014150 0.140272
v -0.014500 0.014560 0.140442
v -0.014500 0.015000 0.140500
v -0.014500 0.021000 0.140500
v -0.014500 0.021440 0.140442
v -0.014500 0.021850 0.140272
v -0.014500 0.022202 0.140002
v -0.014500 0.022472 0.139650
v -0.014500 0.022642 0.139240
v -0.014500 0.022700 0.138800
v -0.014500 0.022700 0.132585
v -0.014500 0.022872 0.131246
v -0.014500 0.023377 0.129993
v -0.014500 0.024182 0.128909
v -0.014500 0.025235 0.128064
v -0.014500 0.026468 0.127512
v -0.014500 0.016750 0.093300
v -0.014500 0.016793 0.092976
v -0.014500 0.016917 0.092675
v -0.014500 0.017116 0.092416
v -0.014500 0.017375 0.092217
v -0.014500 0.017676 0.092093
v -0.014500 0.018000 0.092050
v -0.014500 0.018324 0.092093
v -0.014500 0.018625 0.092217
v -0.014500 0.018884 0.092416
v -0.014500 0.019083 0.092675
v -0.014500 0.019207 0.092976
v -0.014500 0.019250 0.093300
v -0.014500 0.019207 0.093624
v -0.014500 0.019083 0.093925
v -0.014500 0.018884 0.094184
v -0.014500 0.018625 0.094383
v -0.014500 0.018324 0.094507
v -0.014500 0.018000 0.094550
v -0.014500 0.017676 0.094507
v -0.014500 0.017375 0.094383
v -0.014500 0.017116 0.094184
v -0.014500 0.016917 0.093925
v -0.014500 0.016793 0.093624
v -0.014500 0.016750 0.123300
v -0.014500 0.016793 0.122976
v -0.014500 0.016917 0.122675
v -0.014500 0.017116 0.122416
v -0.014500 0.017375 0.122217
v -0.014500 0.017676 0.122093
v -0.014500 0.018000 0.122050
v -0.014500 0.018324 0.122093
v -0.014500 0.018625 0.122217
v -0.014500 0.018884 0.122416
v -0.014500 0.019083 0.122675
v -0.014500 0.019207 0.122976
v -0.014500 0.019250 0.123300
v -0.014500 0.019207 0.123624
v -0.014500 0.019083 0.123925
v -0.014500 0.018884 0.124184
v -0.014500 0.018625 0.124383
v -0.014500 0.018324 0.124507
v -0.014500 0.018000 0.124550
v -0.014500 0.017676 0.124507
v -0.014500 0.017375 0.124383
v -0.014500 0.017116 0.124184
v -0.014500 0.016917 0.123925
v -0.014500 0.016793 0.123624
v -0.014500 0.016750 0.138300
v -0.014500 0.016793 0.137976
v -0.014500 0.016917 0.137675
v -0.014500 0.017116 0.137416
v -0.014500 0.017375 0.137217
v -0.014500 0.017676 0.137093
v -0.014500 0.018000 0.137050
v -0.014500 0.018324 0.137093
v -0.014500 0.018625 0.137217
v -0.014500 0.018884 0.137416
v -0.014500 0.019083 0.137675
v -0.014500 0.019207 0.137976
v -0.014500 0.019250 0.138300
v -0.014500 0.019207 0.138624
v -0.014500 0.019083 0.138925
v -0.014500 0.018884 0.139184
v -0.014500 0.018625 0.139383
v -0.014500 0.018324 0.139507
v -0.014500 0.018000 0.139550
v -0.014500 0.017676 0.139507
v -0.014500 0.017375 0.139383
v -0.014500 0.017116 0.139184
v -0.014500 0.016917 0.138925
v -0.014500 0.016793 0.138624
v -0.009300 0.018950 0.108300
v -0.009300 0.018918 0.108546
v -0.009300 0.018823 0.108775
v -0.009300 0.018672 0.108972
v -0.009300 0.018475 0.109123
v -0.009300 0.018246 0.109218
v -0.009300 0.018000 0.109250
v -0.009300 0.017754 0.109218
v -0.009300 0.017525 0.109123
v -0.009300 0.017328 0.108972
v -0.009300 0.017177 0.108775
v -0.009300 0.017082 0.108546
v -0.009300 0.017050 0.108300
v -0.009300 0.017082 0.108054
v -0.009300 0.017177 0.107825
v -0.009300 0.017328 0.107628
v -0.009300 0.017525 0.107477
v -0.009300 0.017754 0.107382
v -0.009300 0.018000 0.107350
v -0.009300 0.018246 0.107382
v -0.009300 0.018475 0.107477
v -0.009300 0.018672 0.107628
v -0.009300 0.018823 0.107825
v -0.009300 0.018918 0.108054
v -0.014200 0.017050 0.093300
v -0.014200 0.017082 0.093054
v -0.014200 0.017177 0.092825
v -0.014200 0.017328 0.092628
v -0.014200 0.017525 0.092477
v -0.014200 0.017754 0.092382
v -0.014200 0.018000 0.092350
v -0.014200 0.018246 0.092382
v -0.014200 0.018475 0.092477
v -0.014200 0.018672 0.092628
v -0.014200 0.018823 0.092825
v -0.014200 0.018918 0.093054
v -0.014200 0.018950 0.093300
v -0.014200 0.018918 0.093546
v -0.014200 0.018823 0.093775
v -0.014200 0.018672 0.093972
v -0.014200 0.018475 0.094123
v -0.014200 0.018246 0.094218
v -0.014200 0.018000 0.094250
v -0.014200 0.017754 0.094218
v -0.014200 0.017525 0.094123
v -0.014200 0.017328 0.093972
v -0.014200 0.017177 0.093775
v -0.014200 0.017082 0.093546
v -0.009300 0.018950 0.093300
v -0.009300 0.018918 0.093546
v -0.009300 0.018823 0.093775
v -0.009300 0.018672 0.093972
v -0.009300 0.018475 0.094123
v -0.009300 0.018246 0.094218
v -0.009300 0.018000 0.094250
v -0.009300 0.017754 0.094218
v -0.009300 0.017525 0.094123
v -0.009300 0.017328 0.093972
v -0.009300 0.017177 0.093775
v -0.009300 0.017082 0.093546
v -0.009300 0.017050 0.093300
v -0.009300 0.017082 0.093054
v -0.009300 0.017177 0.092825
v -0.009300 0.017328 0.092628
v -0.009300 0.017525 0.092477
v -0.009300 0.017754 0.092382
v -0.009300 0.018000 0.092350
v -0.009300 0.018246 0.092382
v -0.009300 0.018475 0.092477
v -0.009300 0.018672 0.092628
v -0.009300 0.018823 0.092825
v -0.009300 0.018918 0.093054
v -0.014200 0.023000 0.132585
v -0.014200 0.023146 0.131385
v -0.014200 0.023577 0.130254
v -0.014200 0.024266 0.129260
v -0.014200 0.025174 0.128461
v -0.014200 0.026247 0.127903
v -0.014200 0.027423 0.127619
v -0.014200 0.028633 0.127626
v -0.014200 0.023000 0.138800
v -0.014200 0.021000 0.140800
v -0.014200 0.021518 0.140732
v -0.014200 0.022000 0.140532
v -0.014200 0.022414 0.140214
v -0.014200 0.022732 0.139800
v -0.014200 0.022932 0.139318
v -0.014200 0.015000 0.140800
v -0.014200 0.013000 0.138800
v -0.014200 0.013068 0.139318
v -0.014200 0.013268 0.139800
v -0.014200 0.013586 0.140214
v -0.014200 0.014000 0.140532
v -0.014200 0.014482 0.140732
v -0.014200 0.013000 0.092800
v -0.014200 0.015000 0.090800
v -0.014200 0.014482 0.090868
v -0.014200 0.014000 0.091068
v -0.014200 0.013586 0.091386
v -0.014200 0.013268 0.091800
v -0.014200 0.013068 0.092282
v -0.014200 0.021000 0.090800
v -0.014200 0.023000 0.092800
v -0.014200 0.022932 0.092282
v -0.014200 0.022732 0.091800
v -0.014200 0.022414 0.091386
v -0.014200 0.022000 0.091068
v -0.014200 0.021518 0.090868
v -0.014200 0.023000 0.099015
v -0.014200 0.028633 0.103974
v -0.014200 0.027423 0.103981
v -0.014200 0.026247 0.103697
v -0.014200 0.025174 0.103139
v -0.014200 0.024266 0.102340
v -0.014200 0.023577 0.101346
v -0.014200 0.023146 0.100215
v -0.014200 0.017050 0.123300
v -0.014200 0.017082 0.123054
v -0.014200 0.017177 0.122825
v -0.014200 0.017328 0.122628
v -0.014200 0.017525 0.122477
v -0.014200 0.017754 0.122382
v -0.014200 0.018000 0.122350
v -0.014200 0.018246 0.122382
v -0.014200 0.018475 0.122477
v -0.014200 0.018672 0.122628
v -0.014200 0.018823 0.122825
v -0.014200 0.018918 0.123054
v -0.014200 0.018950 0.123300
v -0.014200 0.018918 0.123546
v -0.014200 0.018823 0.123775
v -0.014200 0.018672 0.123972
v -0.014200 0.018475 0.124123
v -0.014200 0.018246 0.124218
v -0.014200 0.018000 0.124250
v -0.014200 0.017754 0.124218
v -0.014200 0.017525 0.124123
v -0.014200 0.017328 0.123972
v -0.014200 0.017177 0.123775
v -0.014200 0.017082 0.123546
v -0.009300 0.018950 0.123300
v -0.009300 0.018918 0.123546
v -0.009300 0.018823 0.123775
v -0.009300 0.018672 0.123972
v -0.009300 0.018475 0.124123
v -0.009300 0.018246 0.124218
v -0.009300 0.018000 0.124250
v -0.009300 0.017754 0.124218
v -0.009300 0.017525 0.124123
v -0.009300 0.017328 0.123972
v -0.009300 0.017177 0.123775
v -0.009300 0.017082 0.123546
v -0.009300 0.017050 0.123300
v -0.009300 0.017082 0.123054
v -0.009300 0.017177 0.122825
v -0.009300 0.017328 0.122628
v -0.009300 0.017525 0.122477
v -0.009300 0.017754 0.122382
v -0.009300 0.018000 0.122350
v -0.009300 0.018246 0.122382
v -0.009300 0.018475 0.122477
v -0.009300 0.018672 0.122628
v -0.009300 0.018823 0.122825
v -0.009300 0.018918 0.123054
v -0.014200 0.017050 0.138300
v -0.014200 0.017082 0.138054
v -0.014200 0.017177 0.137825
v -0.014200 0.017328 0.137628
v -0.014200 0.017525 0.137477
v -0.014200 0.017754 0.137382
v -0.014200 0.018000 0.137350
v -0.014200 0.018246 0.137382
v -0.014200 0.018475 0.137477
v -0.014200 0.018672 0.137628
v -0.014200 0.018823 0.137825
v -0.014200 0.018918 0.138054
v -0.014200 0.018950 0.138300
v -0.014200 0.018918 0.138546
v -0.014200 0.018823 0.138775
v -0.014200 0.018672 0.138972
v -0.014200 0.018475 0.139123
v -0.014200 0.018246 0.139218
v -0.014200 0.018000 0.139250
v -0.014200 0.017754 0.139218
v -0.014200 0.017525 0.139123
v -0.014200 0.017328 0.138972
v -0.014200 0.017177 0.138775
v -0.014200 0.017082 0.138546
v -0.009300 0.018950 0.138300
v -0.009300 0.018918 0.138546
v -0.009300 0.018823 0.138775
v -0.009300 0.018672 0.138972
v -0.009300 0.018475 0.139123
v -0.009300 0.018246 0.139218
v -0.009300 0.018000 0.139250
v -0.009300 0.017754 0.139218
v -0.009300 0.017525 0.139123
v -0.009300 0.017328 0.138972
v -0.009300 0.017177 0.138775
v -0.009300 0.017082 0.138546
v -0.009300 0.017050 0.138300
v -0.009300 0.017082 0.138054
v -0.009300 0.017177 0.137825
v -0.009300 0.017328 0.137628
v -0.009300 0.017525 0.137477
v -0.009300 0.017754 0.137382
v -0.009300 0.018000 0.137350
v -0.009300 0.018246 0.137382
v -0.009300 0.018475 0.137477
v -0.009300 0.018672 0.137628
v -0.009300 0.018823 0.137825
v -0.009300 0.018918 0.138054
v -0.009300 0.032500 0.123161
v -0.009300 0.032423 0.122579
v -0.009300 0.032199 0.122036
v -0.009300 0.031841 0.121570
v -0.009300 0.031375 0.121213
v -0.009300 0.030832 0.120988
v -0.009300 0.030250 0.120911
v -0.009300 0.029668 0.120988
v -0.009300 0.029125 0.121213
v -0.009300 0.028659 0.121570
v -0.009300 0.028301 0.122036
v -0.009300 0.028077 0.122579
v -0.009300 0.028000 0.123161
v -0.009300 0.028077 0.123744
v -0.009300 0.028301 0.124286
v -0.009300 0.028659 0.124752
v -0.009300 0.029125 0.125110
v -0.009300 0.029668 0.125335
v -0.009300 0.030250 0.125411
v -0.009300 0.030832 0.125335
v -0.009300 0.031375 0.125110
v -0.009300 0.031841 0.124752
v -0.009300 0.032199 0.124286
v -0.009300 0.032423 0.123744
v -0.009000 0.032800 0.123161
v -0.009000 0.032713 0.123821
v -0.009000 0.032458 0.124436
v -0.009000 0.032053 0.124964
v -0.009000 0.031525 0.125370
v -0.009000 0.030910 0.125624
v -0.009000 0.030250 0.125711
v -0.009000 0.029590 0.125624
v -0.009000 0.028975 0.125370
v -0.009000 0.028447 0.124964
v -0.009000 0.028042 0.124436
v -0.009000 0.027787 0.123821
v -0.009000 0.027700 0.123161
v -0.009000 0.027787 0.122501
v -0.009000 0.028042 0.121886
v -0.009000 0.028447 0.121358
v -0.009000 0.028975 0.120953
v -0.009000 0.029590 0.120698
v -0.009000 0.030250 0.120611
v -0.009000 0.030910 0.120698
v -0.009000 0.031525 0.120953
v -0.009000 0.032053 0.121358
v -0.009000 0.032458 0.121886
v -0.009000 0.032713 0.122501
v -0.009000 0.041300 0.123161
v -0.009000 0.041213 0.122501
v -0.009000 0.040958 0.121886
v -0.009000 0.040553 0.121358
v -0.009000 0.040025 0.120953
v -0.009000 0.039410 0.120698
v -0.009000 0.038750 0.120611
v -0.009000 0.038090 0.120698
v -0.009000 0.037475 0.120953
v -0.009000 0.036947 0.121358
v -0.009000 0.036542 0.121886
v -0.009000 0.036287 0.122501
v -0.009000 0.036200 0.123161
v -0.009000 0.036287 0.123821
v -0.009000 0.036542 0.124436
v -0.009000 0.036947 0.124964
v -0.009000 0.037475 0.125370
v -0.009000 0.038090 0.125624
v -0.009000 0.038750 0.125711
v -0.009000 0.039410 0.125624
v -0.009000 0.040025 0.125370
v -0.009000 0.040553 0.124964
v -0.009000 0.040958 0.124436
v -0.009000 0.041213 0.123821
v -0.009000 0.019250 0.123300
v -0.009000 0.019207 0.122976
v -0.009000 0.019083 0.122675
v -0.009000 0.018884 0.122416
v -0.009000 0.018625 0.122217
v -0.009000 0.018324 0.122093
v -0.009000 0.018000 0.122050
v -0.009000 0.017676 0.122093
v -0.009000 0.017375 0.122217
v -0.009000 0.017116 0.122416
v -0.009000 0.016917 0.122675
v -0.009000 0.016793 0.122976
v -0.009000 0.016750 0.123300
v -0.009000 0.016793 0.123624
v -0.009000 0.016917 0.123925
v -0.009000 0.017116 0.124184
v -0.009000 0.017375 0.124383
v -0.009000 0.017676 0.124507
v -0.009000 0.018000 0.124550
v -0.009000 0.018324 0.124507
v -0.009000 0.018625 0.124383
v -0.009000 0.018884 0.124184
v -0.009000 0.019083 0.123925
v -0.009000 0.019207 0.123624
v -0.009000 0.032800 0.108439
v -0.009000 0.032713 0.107779
v -0.009000 0.032458 0.107164
v -0.009000 0.032053 0.106636
v -0.009000 0.031525 0.106230
v -0.009000 0.030910 0.105976
v -0.009000 0.030250 0.105889
v -0.009000 0.029590 0.105976
v -0.009000 0.028975 0.106230
v -0.009000 0.028447 0.106636
v -0.009000 0.028042 0.107164
v -0.009000 0.027787 0.107779
v -0.009000 0.027700 0.108439
v -0.009000 0.027787 0.109099
v -0.009000 0.028042 0.109714
v -0.009000 0.028447 0.110242
v -0.009000 0.028975 0.110647
v -0.009000 0.029590 0.110902
v -0.009000 0.030250 0.110989
v -0.009000 0.030910 0.110902
v -0.009000 0.031525 0.110647
v -0.009000 0.032053 0.110242
v -0.009000 0.032458 0.109714
v -0.009000 0.032713 0.109099
v -0.009000 0.045550 0.115800
v -0.009000 0.045463 0.115140
v -0.009000 0.045208 0.114525
v -0.009000 0.044803 0.113997
v -0.009000 0.044275 0.113592
v -0.009000 0.043660 0.113337
v -0.009000 0.043000 0.113250
v -0.009000 0.042340 0.113337
v -0.009000 0.041725 0.113592
v -0.009000 0.041197 0.113997
v -0.009000 0.040792 0.114525
v -0.009000 0.040537 0.115140
v -0.009000 0.040450 0.115800
v -0.009000 0.040537 0.116460
v -0.009000 0.040792 0.117075
v -0.009000 0.041197 0.117603
v -0.009000 0.041725 0.118008
v -0.009000 0.042340 0.118263
v -0.009000 0.043000 0.118350
v -0.009000 0.043660 0.118263
v -0.009000 0.044275 0.118008
v -0.009000 0.044803 0.117603
v -0.009000 0.045208 0.117075
v -0.009000 0.045463 0.116460
v -0.009000 0.019250 0.138300
v -0.009000 0.019207 0.137976
v -0.009000 0.019083 0.137675
v -0.009000 0.018884 0.137416
v -0.009000 0.018625 0.137217
v -0.009000 0.018324 0.137093
v -0.009000 0.018000 0.137050
v -0.009000 0.017676 0.137093
v -0.009000 0.017375 0.137217
v -0.009000 0.017116 0.137416
v -0.009000 0.016917 0.137675
v -0.009000 0.016793 0.137976
v -0.009000 0.016750 0.138300
v -0.009000 0.016793 0.138624
v -0.009000 0.016917 0.138925
v -0.009000 0.017116 0.139184
v -0.009000 0.017375 0.139383
v -0.009000 0.017676 0.139507
v -0.009000 0.018000 0.139550
v -0.009000 0.018324 0.139507
v -0.009000 0.018625 0.139383
v -0.009000 0.018884 0.139184
v -0.009000 0.019083 0.138925
v -0.009000 0.019207 0.138624
v -0.009000 0.022700 0.132585
v -0.009000 0.022700 0.138800
v -0.009000 0.022642 0.139240
v -0.009000 0.022472 0.139650
v -0.009000 0.022202 0.140002
v -0.009000 0.021850 0.140272
v -0.009000 0.021440 0.140442
v -0.009000 0.021000 0.140500
v -0.009000 0.015000 0.140500
v -0.009000 0.014560 0.140442
v -0.009000 0.014150 0.140272
v -0.009000 0.013798 0.140002
v -0.009000 0.013528 0.139650
v -0.009000 0.013358 0.139240
v -0.009000 0.013300 0.138800
v -0.009000 0.013300 0.092800
v -0.009000 0.013358 0.092360
v -0.009000 0.013528 0.091950
v -0.009000 0.013798 0.091598
v -0.009000 0.014150 0.091328
v -0.009000 0.014560 0.091158
v -0.009000 0.015000 0.091100
v -0.009000 0.021000 0.091100
v -0.009000 0.021440 0.091158
v -0.009000 0.021850 0.091328
v -0.009000 0.022202 0.091598
v -0.009000 0.022472 0.091950
v -0.009000 0.022642 0.092360
v -0.009000 0.022700 0.092800
v -0.009000 0.022700 0.099015
v -0.009000 0.022855 0.100287
v -0.009000 0.023311 0.101486
v -0.009000 0.024042 0.102539
v -0.009000 0.025004 0.103387
v -0.009000 0.026142 0.103978
v -0.009000 0.027389 0.104279
v -0.009000 0.028671 0.104272
v -0.009000 0.029914 0.103957
v -0.009000 0.032283 0.103295
v -0.009000 0.034736 0.103102
v -0.009000 0.037180 0.103386
v -0.009000 0.039523 0.104136
v -0.009000 0.041678 0.105323
v -0.009000 0.043563 0.106904
v -0.009000 0.045109 0.108818
v -0.009000 0.046256 0.110995
v -0.009000 0.046962 0.113351
v -0.009000 0.047200 0.115800
v -0.009000 0.046962 0.118249
v -0.009000 0.046256 0.120605
v -0.009000 0.045109 0.122782
v -0.009000 0.043563 0.124696
v -0.009000 0.041678 0.126277
v -0.009000 0.039523 0.127464
v -0.009000 0.037180 0.128214
v -0.009000 0.034736 0.128498
v -0.009000 0.032283 0.128305
v -0.009000 0.029914 0.127643
v -0.009000 0.028671 0.127328
v -0.009000 0.027389 0.127321
v -0.009000 0.026142 0.127622
v -0.009000 0.025004 0.128213
v -0.009000 0.024042 0.129061
v -0.009000 0.023311 0.130114
v -0.009000 0.022855 0.131313
v -0.009000 0.019250 0.093300
v -0.009000 0.019207 0.092976
v -0.009000 0.019083 0.092675
v -0.009000 0.018884 0.092416
v -0.009000 0.018625 0.092217
v -0.009000 0.018324 0.092093
v -0.009000 0.018000 0.092050
v -0.009000 0.017676 0.092093
v -0.009000 0.017375 0.092217
v -0.009000 0.017116 0.092416
v -0.009000 0.016917 0.092675
v -0.009000 0.016793 0.092976
v -0.009000 0.016750 0.093300
v -0.009000 0.016793 0.093624
v -0.009000 0.016917 0.093925
v -0.009000 0.017116 0.094184
v -0.009000 0.017375 0.094383
v -0.009000 0.017676 0.094507
v -0.009000 0.018000 0.094550
v -0.009000 0.018324 0.094507
v -0.009000 0.018625 0.094383
v -0.009000 0.018884 0.094184
v -0.009000 0.019083 0.093925
v -0.009000 0.019207 0.093624
v -0.009000 0.019250 0.108300
v -0.009000 0.019207 0.107976
v -0.009000 0.019083 0.107675
v -0.009000 0.018884 0.107416
v -0.009000 0.018625 0.107217
v -0.009000 0.018324 0.107093
v -0.009000 0.018000 0.107050
v -0.009000 0.017676 0.107093
v -0.009000 0.017375 0.107217
v -0.009000 0.017116 0.107416
v -0.009000 0.016917 0.107675
v -0.009000 0.016793 0.107976
v -0.009000 0.016750 0.108300
v -0.009000 0.016793 0.108624
v -0.009000 0.016917 0.108925
v -0.009000 0.017116 0.109184
v -0.009000 0.017375 0.109383
v -0.009000 0.017676 0.109507
v -0.009000 0.018000 0.109550
v -0.009000 0.018324 0.109507
v -0.009000 0.018625 0.109383
v -0.009000 0.018884 0.109184
v -0.009000 0.019083 0.108925
v -0.009000 0.019207 0.108624
v -0.009000 0.041300 0.108439
v -0.009000 0.041213 0.107779
v -0.009000 0.040958 0.107164
v -0.009000 0.040553 0.106636
v -0.009000 0.040025 0.106230
v -0.009000 0.039410 0.105976
v -0.009000 0.038750 0.105889
v -0.009000 0.038090 0.105976
v -0.009000 0.037475 0.106230
v -0.009000 0.036947 0.106636
v -0.009000 0.036542 0.107164
v -0.009000 0.036287 0.107779
v -0.009000 0.036200 0.108439
v -0.009000 0.036287 0.109099
v -0.009000 0.036542 0.109714
v -0.009000 0.036947 0.110242
v -0.009000 0.037475 0.110647
v -0.009000 0.038090 0.110902
v -0.009000 0.038750 0.110989
v -0.009000 0.039410 0.110902
v -0.009000 0.040025 0.110647
v -0.009000 0.040553 0.110242
v -0.009000 0.040958 0.109714
v -0.009000 0.041213 0.109099
v -0.009000 0.028550 0.115800
v -0.009000 0.028463 0.115140
v -0.009000 0.028208 0.114525
v -0.009000 0.027803 0.113997
v -0.009000 0.027275 0.113592
v -0.009000 0.026660 0.113337
v -0.009000 0.026000 0.113250
v -0.009000 0.025340 0.113337
v -0.009000 0.024725 0.113592
v -0.009000 0.024197 0.113997
v -0.009000 0.023792 0.114525
v -0.009000 0.023537 0.115140
v -0.009000 0.023450 0.115800
v -0.009000 0.023537 0.116460
v -0.009000 0.023792 0.117075
v -0.009000 0.024197 0.117603
v -0.009000 0.024725 0.118008
v -0.009000 0.025340 0.118263
v -0.009000 0.026000 0.118350
v -0.009000 0.026660 0.118263
v -0.009000 0.027275 0.118008
v -0.009000 0.027803 0.117603
v -0.009000 0.028208 0.117075
v -0.009000 0.028463 0.116460
v -0.019500 0.028000 0.123161
v -0.019500 0.028077 0.123744
v -0.019500 0.028301 0.124286
v -0.019500 0.028659 0.124752
v -0.019500 0.029125 0.125110
v -0.019500 0.029668 0.125335
v -0.019500 0.030250 0.125411
v -0.019500 0.030832 0.125335
v -0.019500 0.031375 0.125110
v -0.019500 0.031841 0.124752
v -0.019500 0.032199 0.124286
v -0.019500 0.032423 0.123744
v -0.019500 0.032500 0.123161
v -0.019500 0.032423 0.122579
v -0.019500 0.032199 0.122036
v -0.019500 0.031841 0.121570
v -0.019500 0.031375 0.121213
v -0.019500 0.030832 0.120988
v -0.019500 0.030250 0.120911
v -0.019500 0.029668 0.120988
v -0.019500 0.029125 0.121213
v -0.019500 0.028659 0.121570
v -0.019500 0.028301 0.122036
v -0.019500 0.028077 0.122579
v -0.009300 0.041000 0.123161
v -0.009300 0.040923 0.122579
v -0.009300 0.040699 0.122036
v -0.009300 0.040341 0.121570
v -0.009300 0.039875 0.121213
v -0.009300 0.039332 0.120988
v -0.009300 0.038750 0.120911
v -0.009300 0.038168 0.120988
v -0.009300 0.037625 0.121213
v -0.009300 0.037159 0.121570
v -0.009300 0.036801 0.122036
v -0.009300 0.036577 0.122579
v -0.009300 0.036500 0.123161
v -0.009300 0.036577 0.123744
v -0.009300 0.036801 0.124286
v -0.009300 0.037159 0.124752
v -0.009300 0.037625 0.125110
v -0.009300 0.038168 0.125335
v -0.009300 0.038750 0.125411
v -0.009300 0.039332 0.125335
v -0.009300 0.039875 0.125110
v -0.009300 0.040341 0.124752
v -0.009300 0.040699 0.124286
v -0.009300 0.040923 0.123744
v -0.019500 0.036500 0.123161
v -0.019500 0.036577 0.123744
v -0.019500 0.036801 0.124286
v -0.019500 0.037159 0.124752
v -0.019500 0.037625 0.125110
v -0.019500 0.038168 0.125335
v -0.019500 0.038750 0.125411
v -0.019500 0.039332 0.125335
v -0.019500 0.039875 0.125110
v -0.019500 0.040341 0.124752
v -0.019500 0.040699 0.124286
v -0.019500 0.040923 0.123744
v -0.019500 0.041000 0.123161
v -0.019500 0.040923 0.122579
v -0.019500 0.040699 0.122036
v -0.019500 0.040341 0.121570
v -0.019500 0.039875 0.121213
v -0.019500 0.039332 0.120988
v -0.019500 0.038750 0.120911
v -0.019500 0.038168 0.120988
v -0.019500 0.037625 0.121213
v -0.019500 0.037159 0.121570
v -0.019500 0.036801 0.122036
v -0.019500 0.036577 0.122579
v -0.009300 0.028250 0.115800
v -0.009300 0.028173 0.115218
v -0.009300 0.027949 0.114675
v -0.009300 0.027591 0.114209
v -0.009300 0.027125 0.113851
v -0.009300 0.026582 0.113627
v -0.009300 0.026000 0.113550
v -0.009300 0.025418 0.113627
v -0.009300 0.024875 0.113851
v -0.009300 0.024409 0.114209
v -0.009300 0.024051 0.114675
v -0.009300 0.023827 0.115218
v -0.009300 0.023750 0.115800
v -0.009300 0.023827 0.116382
v -0.009300 0.024051 0.116925
v -0.009300 0.024409 0.117391
v -0.009300 0.024875 0.117749
v -0.009300 0.025418 0.117973
v -0.009300 0.026000 0.118050
v -0.009300 0.026582 0.117973
v -0.009300 0.027125 0.117749
v -0.009300 0.027591 0.117391
v -0.009300 0.027949 0.116925
v -0.009300 0.028173 0.116382
v -0.019500 0.023750 0.115800
v -0.019500 0.023827 0.116382
v -0.019500 0.024051 0.116925
v -0.019500 0.024409 0.117391
v -0.019500 0.024875 0.117749
v -0.019500 0.025418 0.117973
v -0.019500 0.026000 0.118050
v -0.019500 0.026582 0.117973
v -0.019500 0.027125 0.117749
v -0.019500 0.027591 0.117391
v -0.019500 0.027949 0.116925
v -0.019500 0.028173 0.116382
v -0.019500 0.028250 0.115800
v -0.019500 0.028173 0.115218
v -0.019500 0.027949 0.114675
v -0.019500 0.027591 0.114209
v -0.019500 0.027125 0.113851
v -0.019500 0.026582 0.113627
v -0.019500 0.026000 0.113550
v -0.019500 0.025418 0.113627
v -0.019500 0.024875 0.113851
v -0.019500 0.024409 0.114209
v -0.019500 0.024051 0.114675
v -0.019500 0.023827 0.115218
v -0.009300 0.041000 0.108439
v -0.009300 0.040923 0.107856
v -0.009300 0.040699 0.107314
v -0.009300 0.040341 0.106848
v -0.009300 0.039875 0.106490
v -0.009300 0.039332 0.106265
v -0.009300 0.038750 0.106189
v -0.009300 0.038168 0.106265
v -0.009300 0.037625 0.106490
v -0.009300 0.037159 0.106848
v -0.009300 0.036801 0.107314
v -0.009300 0.036577 0.107856
v -0.009300 0.036500 0.108439
v -0.009300 0.036577 0.109021
v -0.009300 0.036801 0.109564
v -0.009300 0.037159 0.110030
v -0.009300 0.037625 0.110387
v -0.009300 0.038168 0.110612
v -0.009300 0.038750 0.110689
v -0.009300 0.039332 0.110612
v -0.009300 0.039875 0.110387
v -0.009300 0.040341 0.110030
v -0.009300 0.040699 0.109564
v -0.009300 0.040923 0.109021
v -0.019500 0.036500 0.108439
v -0.019500 0.036577 0.109021
v -0.019500 0.036801 0.109564
v -0.019500 0.037159 0.110030
v -0.019500 0.037625 0.110387
v -0.019500 0.038168 0.110612
v -0.019500 0.038750 0.110689
v -0.019500 0.039332 0.110612
v -0.019500 0.039875 0.110387
v -0.019500 0.040341 0.110030
v -0.019500 0.040699 0.109564
v -0.019500 0.040923 0.109021
v -0.019500 0.041000 0.108439
v -0.019500 0.040923 0.107856
v -0.019500 0.040699 0.107314
v -0.019500 0.040341 0.106848
v -0.019500 0.039875 0.106490
v -0.019500 0.039332 0.106265
v -0.019500 0.038750 0.106189
v -0.019500 0.038168 0.106265
v -0.019500 0.037625 0.106490
v -0.019500 0.037159 0.106848
v -0.019500 0.036801 0.107314
v -0.019500 0.036577 0.107856
v -0.009300 0.032500 0.108439
v -0.009300 0.032423 0.107856
v -0.009300 0.032199 0.107314
v -0.009300 0.031841 0.106848
v -0.009300 0.031375 0.106490
v -0.009300 0.030832 0.106265
v -0.009300 0.030250 0.106189
v -0.009300 0.029668 0.106265
v -0.009300 0.029125 0.106490
v -0.009300 0.028659 0.106848
v -0.009300 0.028301 0.107314
v -0.009300 0.028077 0.107856
v -0.009300 0.028000 0.108439
v -0.009300 0.028077 0.109021
v -0.009300 0.028301 0.109564
v -0.009300 0.028659 0.110030
v -0.009300 0.029125 0.110387
v -0.009300 0.029668 0.110612
v -0.009300 0.030250 0.110689
v -0.009300 0.030832 0.110612
v -0.009300 0.031375 0.110387
v -0.009300 0.031841 0.110030
v -0.009300 0.032199 0.109564
v -0.009300 0.032423 0.109021
v -0.019500 0.028000 0.108439
v -0.019500 0.028077 0.109021
v -0.019500 0.028301 0.109564
v -0.019500 0.028659 0.110030
v -0.019500 0.029125 0.110387
v -0.019500 0.029668 0.110612
v -0.019500 0.030250 0.110689
v -0.019500 0.030832 0.110612
v -0.019500 0.031375 0.110387
v -0.019500 0.031841 0.110030
v -0.019500 0.032199 0.109564
v -0.019500 0.032423 0.109021
v -0.019500 0.032500 0.108439
v -0.019500 0.032423 0.107856
v -0.019500 0.032199 0.107314
v -0.019500 0.031841 0.106848
v -0.019500 0.031375 0.106490
v -0.019500 0.030832 0.106265
v -0.019500 0.030250 0.106189
v -0.019500 0.029668 0.106265
v -0.019500 0.029125 0.106490
v -0.019500 0.028659 0.106848
v -0.019500 0.028301 0.107314
v -0.019500 0.028077 0.107856
v -0.009300 0.045250 0.115800
v -0.009300 0.045173 0.115218
v -0.009300 0.044949 0.114675
v -0.009300 0.044591 0.114209
v -0.009300 0.044125 0.113851
v -0.009300 0.043582 0.113627
v -0.009300 0.043000 0.113550
v -0.009300 0.042418 0.113627
v -0.009300 0.041875 0.113851
v -0.009300 0.041409 0.114209
v -0.009300 0.041051 0.114675
v -0.009300 0.040827 0.115218
v -0.009300 0.040750 0.115800
v -0.009300 0.040827 0.116382
v -0.009300 0.041051 0.116925
v -0.009300 0.041409 0.117391
v -0.009300 0.041875 0.117749
v -0.009300 0.042418 0.117973
v -0.009300 0.043000 0.118050
v -0.009300 0.043582 0.117973
v -0.009300 0.044125 0.117749
v -0.009300 0.044591 0.117391
v -0.009300 0.044949 0.116925
v -0.009300 0.045173 0.116382
v -0.019500 0.040750 0.115800
v -0.019500 0.040827 0.116382
v -0.019500 0.041051 0.116925
v -0.019500 0.041409 0.117391
v -0.019500 0.041875 0.117749
v -0.019500 0.042418 0.117973
v -0.019500 0.043000 0.118050
v -0.019500 0.043582 0.117973
v -0.019500 0.044125 0.117749
v -0.019500 0.044591 0.117391
v -0.019500 0.044949 0.116925
v -0.019500 0.045173 0.116382
v -0.019500 0.045250 0.115800
v -0.019500 0.045173 0.115218
v -0.019500 0.044949 0.114675
v -0.019500 0.044591 0.114209
v -0.019500 0.044125 0.113851
v -0.019500 0.043582 0.113627
v -0.019500 0.043000 0.113550
v -0.019500 0.042418 0.113627
v -0.019500 0.041875 0.113851
v -0.019500 0.041409 0.114209
v -0.019500 0.041051 0.114675
v -0.019500 0.040827 0.115218
v -0.009300 0.023000 0.132585
v -0.009300 0.023000 0.138800
v -0.009300 0.028633 0.127626
v -0.009300 0.027423 0.127619
v -0.009300 0.026247 0.127903
v -0.009300 0.025174 0.128461
v -0.009300 0.024266 0.129260
v -0.009300 0.023577 0.130254
v -0.009300 0.023146 0.131385
v -0.009300 0.023000 0.099015
v -0.009300 0.023146 0.100215
v -0.009300 0.023577 0.101346
v -0.009300 0.024266 0.102340
v -0.009300 0.025174 0.103139
v -0.009300 0.026247 0.103697
v -0.009300 0.027423 0.103981
v -0.009300 0.028633 0.103974
v -0.009300 0.023000 0.092800
v -0.009300 0.021000 0.090800
v -0.009300 0.021518 0.090868
v -0.009300 0.022000 0.091068
v -0.009300 0.022414 0.091386
v -0.009300 0.022732 0.091800
v -0.009300 0.022932 0.092282
v -0.009300 0.015000 0.090800
v -0.009300 0.013000 0.092800
v -0.009300 0.013068 0.092282
v -0.009300 0.013268 0.091800
v -0.009300 0.013586 0.091386
v -0.009300 0.014000 0.091068
v -0.009300 0.014482 0.090868
v -0.009300 0.013000 0.138800
v -0.009300 0.015000 0.140800
v -0.009300 0.014482 0.140732
v -0.009300 0.014000 0.140532
v -0.009300 0.013586 0.140214
v -0.009300 0.013268 0.139800
v -0.009300 0.013068 0.139318
v -0.009300 0.021000 0.140800
v -0.009300 0.022932 0.139318
v -0.009300 0.022732 0.139800
v -0.009300 0.022414 0.140214
v -0.009300 0.022000 0.140532
v -0.009300 0.021518 0.140732
v 0.004070 0.006000 0.130800
v -0.004070 0.006000 0.130800
v -0.004070 0.006000 0.129800
v 0.004070 0.006000 0.129800
v -0.002805 0.006685 0.129800
v -0.001431 0.007107 0.129800
v 0.000000 0.007250 0.129800
v 0.001431 0.007107 0.129800
v 0.002805 0.006685 0.129800
v -0.005331 0.004914 0.130800
v -0.006311 0.003569 0.130800
v -0.006958 0.002035 0.130800
v -0.007239 0.000395 0.130800
v -0.007139 -0.001266 0.130800
v -0.006662 -0.002861 0.130800
v -0.005834 -0.004305 0.130800
v -0.004698 -0.005522 0.130800
v -0.003315 -0.006448 0.130800
v -0.001758 -0.007034 0.130800
v -0.001758 -0.007034 0.100800
v -0.003358 -0.006426 0.100800
v -0.004771 -0.005459 0.100800
v -0.005918 -0.004188 0.100800
v -0.006735 -0.002684 0.100800
v -0.007176 -0.001030 0.100800
v -0.007218 0.000681 0.100800
v -0.006857 0.002355 0.100800
v -0.006114 0.003897 0.100800
v -0.005030 0.005222 0.100800
v -0.003665 0.006255 0.100800
v -0.002096 0.006940 0.100800
v -0.000411 0.007238 0.100800
v 0.001298 0.007133 0.100800
v 0.002934 0.006630 0.100800
v 0.004407 0.005757 0.100800
v 0.005634 0.004563 0.100800
v 0.006547 0.003115 0.100800
v 0.007095 0.001493 0.100800
v 0.007247 -0.000212 0.100800
v 0.006995 -0.001905 0.100800
v 0.006353 -0.003492 0.100800
v 0.005357 -0.004885 0.100800
v 0.004063 -0.006005 0.100800
v 0.002542 -0.006790 0.100800
v 0.000879 -0.007197 0.100800
v 0.000879 -0.007197 0.130800
v 0.002431 -0.006830 0.130800
v 0.003865 -0.006134 0.130800
v 0.005112 -0.005141 0.130800
v 0.006112 -0.003899 0.130800
v 0.006817 -0.002469 0.130800
v 0.007192 -0.000919 0.130800
v 0.007218 0.000676 0.130800
v 0.006896 0.002237 0.130800
v 0.006240 0.003690 0.130800
v 0.005283 0.004965 0.130800
v -0.001000 0.022900 0.109300
v -0.001000 0.022937 0.109585
v -0.001000 0.023047 0.109850
v -0.001000 0.023222 0.110078
v -0.001000 0.023450 0.110253
v -0.001000 0.023715 0.110363
v -0.001000 0.024000 0.110400
v -0.001000 0.024285 0.110363
v -0.001000 0.024550 0.110253
v -0.001000 0.024778 0.110078
v -0.001000 0.024953 0.109850
v -0.001000 0.025063 0.109585
v -0.001000 0.025100 0.109300
v -0.001000 0.025063 0.109015
v -0.001000 0.024953 0.108750
v -0.001000 0.024778 0.108522
v -0.001000 0.024550 0.108347
v -0.001000 0.024285 0.108237
v -0.001000 0.024000 0.108200
v -0.001000 0.023715 0.108237
v -0.001000 0.023450 0.108347
v -0.001000 0.023222 0.108522
v -0.001000 0.023047 0.108750
v -0.001000 0.022937 0.109015
v 0.003000 0.022900 0.109300
v 0.003000 0.022937 0.109015
v 0.003000 0.023047 0.108750
v 0.003000 0.023222 0.108522
v 0.003000 0.023450 0.108347
v 0.003000 0.023715 0.108237
v 0.003000 0.024000 0.108200
v 0.003000 0.024285 0.108237
v 0.003000 0.024550 0.108347
v 0.003000 0.024778 0.108522
v 0.003000 0.024953 0.108750
v 0.003000 0.025063 0.109015
v 0.003000 0.025100 0.109300
v 0.003000 0.025063 0.109585
v 0.003000 0.024953 0.109850
v 0.003000 0.024778 0.110078
v 0.003000 0.024550 0.110253
v 0.003000 0.024285 0.110363
v 0.003000 0.024000 0.110400
v 0.003000 0.023715 0.110363
v 0.003000 0.023450 0.110253
v 0.003000 0.023222 0.110078
v 0.003000 0.023047 0.109850
v 0.003000 0.022937 0.109585
v 0.003000 0.010078 0.123899
v 0.003015 0.009831 0.123543
v 0.003047 0.009648 0.123146
v 0.003074 0.009537 0.122724
v 0.003085 0.009500 0.122300
v 0.003074 0.009537 0.121876
v 0.003047 0.009648 0.121454
v 0.003015 0.009831 0.121057
v 0.003000 0.010078 0.120701
v 0.003000 0.009763 0.121185
v 0.003000 0.009567 0.121727
v 0.003000 0.009500 0.122300
v 0.003000 0.009567 0.122873
v 0.003000 0.009763 0.123415
v -0.001000 0.010900 0.122300
v -0.001000 0.010937 0.122585
v -0.001000 0.011047 0.122850
v -0.001000 0.011222 0.123078
v -0.001000 0.011450 0.123253
v -0.001000 0.011715 0.123363
v -0.001000 0.012000 0.123400
v -0.001000 0.012285 0.123363
v -0.001000 0.012550 0.123253
v -0.001000 0.012778 0.123078
v -0.001000 0.012953 0.122850
v -0.001000 0.013063 0.122585
v -0.001000 0.013100 0.122300
v -0.001000 0.013063 0.122015
v -0.001000 0.012953 0.121750
v -0.001000 0.012778 0.121522
v -0.001000 0.012550 0.121347
v -0.001000 0.012285 0.121237
v -0.001000 0.012000 0.121200
v -0.001000 0.011715 0.121237
v -0.001000 0.011450 0.121347
v -0.001000 0.011222 0.121522
v -0.001000 0.011047 0.121750
v -0.001000 0.010937 0.122015
v 0.003000 0.010900 0.122300
v 0.003000 0.010937 0.122015
v 0.003000 0.011047 0.121750
v 0.003000 0.011222 0.121522
v 0.003000 0.011450 0.121347
v 0.003000 0.011715 0.121237
v 0.003000 0.012000 0.121200
v 0.003000 0.012285 0.121237
v 0.003000 0.012550 0.121347
v 0.003000 0.012778 0.121522
v 0.003000 0.012953 0.121750
v 0.003000 0.013063 0.122015
v 0.003000 0.013100 0.122300
v 0.003000 0.013063 0.122585
v 0.003000 0.012953 0.122850
v 0.003000 0.012778 0.123078
v 0.003000 0.012550 0.123253
v 0.003000 0.012285 0.123363
v 0.003000 0.012000 0.123400
v 0.003000 0.011715 0.123363
v 0.003000 0.011450 0.123253
v 0.003000 0.011222 0.123078
v 0.003000 0.011047 0.122850
v 0.003000 0.010937 0.122585
v -0.001000 0.022900 0.122300
v -0.001000 0.022937 0.122585
v -0.001000 0.023047 0.122850
v -0.001000 0.023222 0.123078
v -0.001000 0.023450 0.123253
v -0.001000 0.023715 0.123363
v -0.001000 0.024000 0.123400
v -0.001000 0.024285 0.123363
v -0.001000 0.024550 0.123253
v -0.001000 0.024778 0.123078
v -0.001000 0.024953 0.122850
v -0.001000 0.025063 0.122585
v -0.001000 0.025100 0.122300
v -0.001000 0.025063 0.122015
v -0.001000 0.024953 0.121750
v -0.001000 0.024778 0.121522
v -0.001000 0.024550 0.121347
v -0.001000 0.024285 0.121237
v -0.001000 0.024000 0.121200
v -0.001000 0.023715 0.121237
v -0.001000 0.023450 0.121347
v -0.001000 0.023222 0.121522
v -0.001000 0.023047 0.121750
v -0.001000 0.022937 0.122015
v 0.003000 0.022900 0.122300
v 0.003000 0.022937 0.122015
v 0.003000 0.023047 0.121750
v 0.003000 0.023222 0.121522
v 0.003000 0.023450 0.121347
v 0.003000 0.023715 0.121237
v 0.003000 0.024000 0.121200
v 0.003000 0.024285 0.121237
v 0.003000 0.024550 0.121347
v 0.003000 0.024778 0.121522
v 0.003000 0.024953 0.121750
v 0.003000 0.025063 0.122015
v 0.003000 0.025100 0.122300
v 0.003000 0.025063 0.122585
v 0.003000 0.024953 0.122850
v 0.003000 0.024778 0.123078
v 0.003000 0.024550 0.123253
v 0.003000 0.024285 0.123363
v 0.003000 0.024000 0.123400
v 0.003000 0.023715 0.123363
v 0.003000 0.023450 0.123253
v 0.003000 0.023222 0.123078
v 0.003000 0.023047 0.122850
v 0.003000 0.022937 0.122585
v 0.003000 0.010078 0.110899
v 0.003015 0.009831 0.110543
v 0.003047 0.009648 0.110146
v 0.003074 0.009537 0.109724
v 0.003085 0.009500 0.109300
v 0.003074 0.009537 0.108876
v 0.003047 0.009648 0.108454
v 0.003015 0.009831 0.108057
v 0.003000 0.010078 0.107701
v 0.003000 0.009763 0.108185
v 0.003000 0.009567 0.108727
v 0.003000 0.009500 0.109300
v 0.003000 0.009567 0.109873
v 0.003000 0.009763 0.110415
v -0.001000 0.010900 0.109300
v -0.001000 0.010937 0.109585
v -0.001000 0.011047 0.109850
v -0.001000 0.011222 0.110078
v -0.001000 0.011450 0.110253
v -0.001000 0.011715 0.110363
v -0.001000 0.012000 0.110400
v -0.001000 0.012285 0.110363
v -0.001000 0.012550 0.110253
v -0.001000 0.012778 0.110078
v -0.001000 0.012953 0.109850
v -0.001000 0.013063 0.109585
v -0.001000 0.013100 0.109300
v -0.001000 0.013063 0.109015
v -0.001000 0.012953 0.108750
v -0.001000 0.012778 0.108522
v -0.001000 0.012550 0.108347
v -0.001000 0.012285 0.108237
v -0.001000 0.012000 0.108200
v -0.001000 0.011715 0.108237
v -0.001000 0.011450 0.108347
v -0.001000 0.011222 0.108522
v -0.001000 0.011047 0.108750
v -0.001000 0.010937 0.109015
v 0.003000 0.010900 0.109300
v 0.003000 0.010937 0.109015
v 0.003000 0.011047 0.108750
v 0.003000 0.011222 0.108522
v 0.003000 0.011450 0.108347
v 0.003000 0.011715 0.108237
v 0.003000 0.012000 0.108200
v 0.003000 0.012285 0.108237
v 0.003000 0.012550 0.108347
v 0.003000 0.012778 0.108522
v 0.003000 0.012953 0.108750
v 0.003000 0.013063 0.109015
v 0.003000 0.013100 0.109300
v 0.003000 0.013063 0.109585
v 0.003000 0.012953 0.109850
v 0.003000 0.012778 0.110078
v 0.003000 0.012550 0.110253
v 0.003000 0.012285 0.110363
v 0.003000 0.012000 0.110400
v 0.003000 0.011715 0.110363
v 0.003000 0.011450 0.110253
v 0.003000 0.011222 0.110078
v 0.003000 0.011047 0.109850
v 0.003000 0.010937 0.109585
v 0.003000 0.010078 0.130800
v 0.003049 0.009637 0.130800
v 0.003194 0.009219 0.130800
v 0.003428 0.008842 0.130800
v 0.003738 0.008526 0.130800
v 0.004111 0.008286 0.130800
v 0.004111 0.008286 0.100800
v 0.003738 0.008526 0.100800
v 0.003428 0.008842 0.100800
v 0.003194 0.009219 0.100800
v 0.003049 0.009637 0.100800
v 0.003000 0.010078 0.100800
v 0.003194 0.009219 0.123300
v 0.003194 0.009219 0.115800
v 0.003194 0.009219 0.108300
v 0.003049 0.009637 0.108300
v 0.003049 0.009637 0.123300
v 0.003049 0.009637 0.115800
v 0.003428 0.008842 0.123300
v 0.003428 0.008842 0.115800
v 0.003428 0.008842 0.108300
v 0.003738 0.008526 0.123300
v 0.003738 0.008526 0.115800
v 0.003738 0.008526 0.108300
v 0.003000 0.027500 0.100800
v 0.003000 0.027500 0.130800
v -0.001515 -0.007130 0.100800
v -0.001305 -0.007285 0.100800
v -0.001143 -0.007489 0.100800
v -0.001039 -0.007729 0.100800
v -0.001000 -0.007987 0.100800
v -0.001030 -0.008246 0.100800
v -0.001126 -0.008489 0.100800
v -0.001281 -0.008699 0.100800
v -0.001485 -0.008861 0.100800
v -0.001725 -0.008965 0.100800
v -0.001983 -0.009004 0.100800
v -0.002242 -0.008974 0.100800
v -0.003974 -0.008353 0.100800
v -0.005548 -0.007402 0.100800
v -0.006903 -0.006158 0.100800
v -0.007984 -0.004670 0.100800
v -0.008751 -0.002998 0.100800
v -0.009171 -0.001207 0.100800
v -0.009228 0.000631 0.100800
v -0.008921 0.002444 0.100800
v -0.008261 0.004161 0.100800
v -0.007274 0.005714 0.100800
v -0.006000 0.007040 0.100800
v -0.004489 0.008088 0.100800
v -0.002800 0.008816 0.100800
v -0.001000 0.009196 0.100800
v -0.001000 0.027500 0.100800
v 0.005653 0.007322 0.100800
v 0.006976 0.006075 0.100800
v 0.008029 0.004593 0.100800
v 0.008773 0.002933 0.100800
v 0.009177 0.001161 0.100800
v 0.009227 -0.000657 0.100800
v 0.008920 -0.002449 0.100800
v 0.008268 -0.004147 0.100800
v 0.007298 -0.005684 0.100800
v 0.006045 -0.007002 0.100800
v 0.004558 -0.008049 0.100800
v 0.002896 -0.008785 0.100800
v 0.001121 -0.009182 0.100800
v 0.000860 -0.009179 0.100800
v 0.000609 -0.009109 0.100800
v 0.000384 -0.008977 0.100800
v 0.000201 -0.008790 0.100800
v 0.000073 -0.008563 0.100800
v 0.000007 -0.008310 0.100800
v 0.000010 -0.008049 0.100800
v 0.000080 -0.007798 0.100800
v 0.000212 -0.007573 0.100800
v 0.000399 -0.007390 0.100800
v 0.000626 -0.007262 0.100800
v -0.001515 -0.007130 0.130800
v -0.001305 -0.007285 0.130800
v -0.001143 -0.007489 0.130800
v -0.001039 -0.007729 0.130800
v -0.001000 -0.007987 0.130800
v -0.001030 -0.008246 0.130800
v -0.001126 -0.008489 0.130800
v -0.001281 -0.008699 0.130800
v -0.001485 -0.008861 0.130800
v -0.001725 -0.008965 0.130800
v -0.001983 -0.009004 0.130800
v -0.002242 -0.008974 0.130800
v -0.001515 -0.007130 0.125800
v -0.001515 -0.007130 0.120800
v -0.001515 -0.007130 0.115800
v -0.001515 -0.007130 0.110800
v -0.001515 -0.007130 0.105800
v -0.001305 -0.007285 0.125800
v -0.001305 -0.007285 0.120800
v -0.001305 -0.007285 0.115800
v -0.001305 -0.007285 0.110800
v -0.001305 -0.007285 0.105800
v -0.001143 -0.007489 0.125800
v -0.001143 -0.007489 0.120800
v -0.001143 -0.007489 0.115800
v -0.001143 -0.007489 0.110800
v -0.001143 -0.007489 0.105800
v -0.001039 -0.007729 0.125800
v -0.001039 -0.007729 0.120800
v -0.001039 -0.007729 0.115800
v -0.001039 -0.007729 0.110800
v -0.001039 -0.007729 0.105800
v -0.001000 -0.007987 0.125800
v -0.001000 -0.007987 0.120800
v -0.001000 -0.007987 0.115800
v -0.001000 -0.007987 0.110800
v -0.001000 -0.007987 0.105800
v -0.001030 -0.008246 0.125800
v -0.001030 -0.008246 0.120800
v -0.001030 -0.008246 0.115800
v -0.001030 -0.008246 0.110800
v -0.001030 -0.008246 0.105800
v -0.001126 -0.008489 0.125800
v -0.001126 -0.008489 0.120800
v -0.001126 -0.008489 0.115800
v -0.001126 -0.008489 0.110800
v -0.001126 -0.008489 0.105800
v -0.001281 -0.008699 0.125800
v -0.001281 -0.008699 0.120800
v -0.001281 -0.008699 0.115800
v -0.001281 -0.008699 0.110800
v -0.001281 -0.008699 0.105800
v -0.001485 -0.008861 0.125800
v -0.001485 -0.008861 0.120800
v -0.001485 -0.008861 0.115800
v -0.001485 -0.008861 0.110800
v -0.001485 -0.008861 0.105800
v -0.001725 -0.008965 0.125800
v -0.001725 -0.008965 0.120800
v -0.001725 -0.008965 0.115800
v -0.001725 -0.008965 0.110800
v -0.001725 -0.008965 0.105800
v -0.001983 -0.009004 0.125800
v -0.001983 -0.009004 0.120800
v -0.001983 -0.009004 0.115800
v -0.001983 -0.009004 0.110800
v -0.001983 -0.009004 0.105800
v 0.001121 -0.009182 0.130800
v 0.000860 -0.009179 0.130800
v 0.000609 -0.009109 0.130800
v 0.000384 -0.008977 0.130800
v 0.000201 -0.008790 0.130800
v 0.000073 -0.008563 0.130800
v 0.000007 -0.008310 0.130800
v 0.000010 -0.008049 0.130800
v 0.000080 -0.007798 0.130800
v 0.000212 -0.007573 0.130800
v 0.000399 -0.007390 0.130800
v 0.000626 -0.007262 0.130800
v 0.000860 -0.009179 0.125800
v 0.000860 -0.009179 0.120800
v 0.000860 -0.009179 0.115800
v 0.000860 -0.009179 0.110800
v 0.000860 -0.009179 0.105800
v 0.000609 -0.009109 0.125800
v 0.000609 -0.009109 0.120800
v 0.000609 -0.009109 0.115800
v 0.000609 -0.009109 0.110800
v 0.000609 -0.009109 0.105800
v 0.000384 -0.008977 0.125800
v 0.000384 -0.008977 0.120800
v 0.000384 -0.008977 0.115800
v 0.000384 -0.008977 0.110800
v 0.000384 -0.008977 0.105800
v 0.000201 -0.008790 0.125800
v 0.000201 -0.008790 0.120800
v 0.000201 -0.008790 0.115800
v 0.000201 -0.008790 0.110800
v 0.000201 -0.008790 0.105800
v 0.000073 -0.008563 0.125800
v 0.000073 -0.008563 0.120800
v 0.000073 -0.008563 0.115800
v 0.000073 -0.008563 0.110800
v 0.000073 -0.008563 0.105800
v 0.000007 -0.008310 0.125800
v 0.000007 -0.008310 0.120800
v 0.000007 -0.008310 0.115800
v 0.000007 -0.008310 0.110800
v 0.000007 -0.008310 0.105800
v 0.000010 -0.008049 0.125800
v 0.000010 -0.008049 0.120800
v 0.000010 -0.008049 0.115800
v 0.000010 -0.008049 0.110800
v 0.000010 -0.008049 0.105800
v 0.000080 -0.007798 0.125800
v 0.000080 -0.007798 0.120800
v 0.000080 -0.007798 0.115800
v 0.000080 -0.007798 0.110800
v 0.000080 -0.007798 0.105800
v 0.000212 -0.007573 0.125800
v 0.000212 -0.007573 0.120800
v 0.000212 -0.007573 0.115800
v 0.000212 -0.007573 0.110800
v 0.000212 -0.007573 0.105800
v 0.000399 -0.007390 0.125800
v 0.000399 -0.007390 0.120800
v 0.000399 -0.007390 0.115800
v 0.000399 -0.007390 0.110800
v 0.000399 -0.007390 0.105800
v 0.000626 -0.007262 0.125800
v 0.000626 -0.007262 0.120800
v 0.000626 -0.007262 0.115800
v 0.000626 -0.007262 0.110800
v 0.000626 -0.007262 0.105800
v -0.001000 0.009196 0.130800
v -0.001000 0.027500 0.130800
v 0.005653 0.007322 0.130800
v 0.006976 0.006075 0.130800
v 0.008029 0.004593 0.130800
v 0.008773 0.002933 0.130800
v 0.009177 0.001161 0.130800
v 0.009227 -0.000657 0.130800
v 0.008920 -0.002449 0.130800
v 0.008268 -0.004147 0.130800
v 0.007298 -0.005684 0.130800
v 0.006045 -0.007002 0.130800
v 0.004558 -0.008049 0.130800
v 0.002896 -0.008785 0.130800
v -0.003974 -0.008353 0.130800
v -0.005548 -0.007402 0.130800
v -0.006903 -0.006158 0.130800
v -0.007984 -0.004670 0.130800
v -0.008751 -0.002998 0.130800
v -0.009171 -0.001207 0.130800
v -0.009228 0.000631 0.130800
v -0.008921 0.002444 0.130800
v -0.008261 0.004161 0.130800
v -0.007274 0.005714 0.130800
v -0.006000 0.007040 0.130800
v -0.004489 0.008088 0.130800
v -0.002800 0.008816 0.130800
v -0.009000 0.021500 0.159800
v -0.006200 0.021500 0.159800
v -0.006200 0.021500 0.059800
v -0.009000 0.021500 0.059800
v -0.009000 0.014500 0.159800
v -0.009000 0.014500 0.059800
v -0.006200 0.014500 0.159800
v -0.006200 0.014500 0.059800
v -0.005700 0.015000 0.159800
v -0.005700 0.015000 0.059800
v -0.005200 0.014500 0.159800
v -0.005200 0.014500 0.059800
v -0.004200 0.014500 0.159800
v -0.004200 0.014500 0.059800
v -0.004200 0.021500 0.159800
v -0.004200 0.021500 0.059800
v -0.005200 0.021500 0.159800
v -0.005200 0.021500 0.059800
v -0.005700 0.021000 0.159800
v -0.005700 0.021000 0.059800
v -0.007500 0.009500 0.105800
v -0.007500 0.014500 0.105800
v -0.004200 0.014500 0.105800
v -0.004200 0.021500 0.105800
v -0.007500 0.021500 0.105800
v -0.007500 0.026500 0.105800
v -0.001000 0.026500 0.105800
v -0.001000 0.009500 0.105800
v -0.007500 0.014500 0.125800
v -0.004200 0.014500 0.125800
v -0.004200 0.021500 0.125800
v -0.007500 0.021500 0.125800
v -0.007500 0.026500 0.125800
v -0.001000 0.026500 0.125800
v -0.001000 0.009500 0.125800
v -0.007500 0.009500 0.125800
v -0.004200 0.014500 0.125800
v -0.007500 0.014500 0.125800
v -0.007500 0.014500 0.129800
v -0.004200 0.014500 0.129800
v -0.004200 0.021500 0.125800
v -0.004200 0.021500 0.129800
v -0.007500 0.021500 0.125800
v -0.007500 0.021500 0.129800
v -0.007500 0.026500 0.125800
v -0.007500 0.026500 0.129800
v -0.001000 0.026500 0.125800
v -0.001000 0.026500 0.129800
v -0.001000 0.009500 0.125800
v -0.001000 0.009500 0.129800
v -0.007500 0.009500 0.125800
v -0.007500 0.009500 0.129800
v -0.004200 0.014500 0.129800
v -0.007500 0.014500 0.129800
v -0.007500 0.014500 0.130800
v -0.004200 0.014500 0.130800
v -0.004200 0.021500 0.129800
v -0.004200 0.021500 0.130800
v -0.007500 0.021500 0.129800
v -0.007500 0.021500 0.130800
v -0.007500 0.026500 0.129800
v -0.007500 0.026500 0.130800
v -0.001000 0.026500 0.129800
v -0.001000 0.026500 0.130800
v -0.001000 0.009500 0.129800
v -0.001000 0.009500 0.130800
v -0.007500 0.009500 0.129800
v -0.007500 0.009500 0.130800
v -0.007500 0.014500 0.105800
v -0.004200 0.014500 0.105800
v -0.004200 0.014500 0.101800
v -0.007500 0.014500 0.101800
v -0.004200 0.021500 0.105800
v -0.004200 0.021500 0.101800
v -0.007500 0.021500 0.105800
v -0.007500 0.021500 0.101800
v -0.007500 0.026500 0.105800
v -0.007500 0.026500 0.101800
v -0.001000 0.026500 0.105800
v -0.001000 0.026500 0.101800
v -0.001000 0.009500 0.105800
v -0.001000 0.009500 0.101800
v -0.007500 0.009500 0.105800
v -0.007500 0.009500 0.101800
v -0.007500 0.014500 0.101800
v -0.004200 0.014500 0.101800
v -0.004200 0.014500 0.100800
v -0.007500 0.014500 0.100800
v -0.004200 0.021500 0.101800
v -0.004200 0.021500 0.100800
v -0.007500 0.021500 0.101800
v -0.007500 0.021500 0.100800
v -0.007500 0.026500 0.101800
v -0.007500 0.026500 0.100800
v -0.001000 0.026500 0.101800
v -0.001000 0.026500 0.100800
v -0.001000 0.009500 0.101800
v -0.001000 0.009500 0.100800
v -0.007500 0.009500 0.101800
v -0.007500 0.009500 0.100800
v 0.000000 0.007500 0.129800
v -0.001941 0.007244 0.129800
v -0.003750 0.006495 0.129800
v -0.005303 0.005303 0.129800
v -0.006495 0.003750 0.129800
v -0.007244 0.001941 0.129800
v -0.007500 0.000000 0.129800
v -0.007244 -0.001941 0.129800
v -0.006495 -0.003750 0.129800
v -0.005303 -0.005303 0.129800
v -0.003750 -0.006495 0.129800
v -0.001941 -0.007244 0.129800
v 0.000000 -0.007500 0.129800
v 0.001941 -0.007244 0.129800
v 0.003750 -0.006495 0.129800
v 0.005303 -0.005303 0.129800
v 0.006495 -0.003750 0.129800
v 0.007244 -0.001941 0.129800
v 0.007500 0.000000 0.129800
v 0.007244 0.001941 0.129800
v 0.006495 0.003750 0.129800
v 0.005303 0.005303 0.129800
v 0.003750 0.006495 0.129800
v 0.001941 0.007244 0.129800
v 0.000000 -0.007500 0.030800
v 0.001941 -0.007244 0.030800
v 0.003750 -0.006495 0.030800
v 0.005303 -0.005303 0.030800
v 0.006495 -0.003750 0.030800
v 0.007244 -0.001941 0.030800
v 0.007500 0.000000 0.030800
v 0.007244 0.001941 0.030800
v 0.006495 0.003750 0.030800
v 0.005303 0.005303 0.030800
v 0.003750 0.006495 0.030800
v 0.001941 0.007244 0.030800
v 0.000000 0.007500 0.030800
v -0.001941 0.007244 0.030800
v -0.003750 0.006495 0.030800
v -0.005303 0.005303 0.030800
v -0.006495 0.003750 0.030800
v -0.007244 0.001941 0.030800
v -0.007500 0.000000 0.030800
v -0.007244 -0.001941 0.030800
v -0.006495 -0.003750 0.030800
v -0.005303 -0.005303 0.030800
v -0.003750 -0.006495 0.030800
v -0.001941 -0.007244 0.030800
v 0.000000 -0.007500 0.096800
v 0.000000 -0.007500 0.063800
v 0.001941 0.007244 0.096800
v 0.001941 0.007244 0.063800
v 0.000000 0.007500 0.063800
v 0.000000 0.007500 0.096800
v 0.003750 0.006495 0.096800
v 0.003750 0.006495 0.063800
v 0.005303 0.005303 0.096800
v 0.005303 0.005303 0.063800
v 0.006495 0.003750 0.096800
v 0.006495 0.003750 0.063800
v 0.007244 0.001941 0.096800
v 0.007244 0.001941 0.063800
v 0.007500 0.000000 0.096800
v 0.007500 0.000000 0.063800
v 0.007244 -0.001941 0.096800
v 0.007244 -0.001941 0.063800
v 0.006495 -0.003750 0.096800
v 0.006495 -0.003750 0.063800
v 0.005303 -0.005303 0.096800
v 0.005303 -0.005303 0.063800
v 0.003750 -0.006495 0.096800
v 0.003750 -0.006495 0.063800
v 0.001941 -0.007244 0.096800
v 0.001941 -0.007244 0.063800
v -0.001941 -0.007244 0.096800
v -0.001941 -0.007244 0.063800
v -0.003750 -0.006495 0.096800
v -0.003750 -0.006495 0.063800
v -0.005303 -0.005303 0.096800
v -0.005303 -0.005303 0.063800
v -0.006495 -0.003750 0.096800
v -0.006495 -0.003750 0.063800
v -0.007244 -0.001941 0.096800
v -0.007244 -0.001941 0.063800
v -0.007500 0.000000 0.096800
v -0.007500 0.000000 0.063800
v -0.007244 0.001941 0.096800
v -0.007244 0.001941 0.063800
v -0.006495 0.003750 0.096800
v -0.006495 0.003750 0.063800
v -0.005303 0.005303 0.096800
v -0.005303 0.005303 0.063800
v -0.003750 0.006495 0.096800
v -0.003750 0.006495 0.063800
v -0.001941 0.007244 0.096800
v -0.001941 0.007244 0.063800
v 0.000000 -0.007500 0.030800
v 0.001510 -0.007346 0.030800
v 0.002958 -0.006892 0.030800
v 0.004285 -0.006156 0.030800
v 0.005436 -0.005167 0.030800
v 0.006365 -0.003967 0.030800
v 0.007033 -0.002605 0.030800
v 0.007414 -0.001136 0.030800
v 0.007490 0.000380 0.030800
v 0.007261 0.001880 0.030800
v 0.006734 0.003303 0.030800
v 0.005931 0.004591 0.030800
v 0.004885 0.005691 0.030800
v 0.003640 0.006558 0.030800
v 0.002245 0.007156 0.030800
v 0.000759 0.007462 0.030800
v -0.000759 0.007462 0.030800
v -0.002245 0.007156 0.030800
v -0.003640 0.006558 0.030800
v -0.004885 0.005691 0.030800
v -0.005931 0.004591 0.030800
v -0.006734 0.003303 0.030800
v -0.007261 0.001880 0.030800
v -0.007490 0.000380 0.030800
v -0.007414 -0.001136 0.030800
v -0.007033 -0.002605 0.030800
v -0.006365 -0.003967 0.030800
v -0.005436 -0.005167 0.030800
v -0.004285 -0.006156 0.030800
v -0.002958 -0.006892 0.030800
v -0.001510 -0.007346 0.030800
v 0.000000 0.007500 0.018800
v -0.001510 0.007346 0.018800
v -0.002958 0.006892 0.018800
v -0.004285 0.006156 0.018800
v -0.005436 0.005167 0.018800
v -0.006365 0.003967 0.018800
v -0.007033 0.002605 0.018800
v -0.007414 0.001136 0.018800
v -0.007490 -0.000380 0.018800
v -0.007261 -0.001880 0.018800
v -0.006734 -0.003303 0.018800
v -0.005931 -0.004591 0.018800
v -0.004885 -0.005691 0.018800
v -0.003640 -0.006558 0.018800
v -0.002245 -0.007156 0.018800
v -0.000759 -0.007462 0.018800
v 0.000759 -0.007462 0.018800
v 0.002245 -0.007156 0.018800
v 0.003640 -0.006558 0.018800
v 0.004885 -0.005691 0.018800
v 0.005931 -0.004591 0.018800
v 0.006734 -0.003303 0.018800
v 0.007261 -0.001880 0.018800
v 0.007490 -0.000380 0.018800
v 0.007414 0.001136 0.018800
v 0.007033 0.002605 0.018800
v 0.006365 0.003967 0.018800
v 0.005436 0.005167 0.018800
v 0.004285 0.006156 0.018800
v 0.002958 0.006892 0.018800
v 0.001510 0.007346 0.018800
v 0.000000 0.005350 0.018800
v -0.001280 0.005195 0.018800
v -0.002486 0.004737 0.018800
v -0.003548 0.004005 0.018800
v -0.004403 0.003039 0.018800
v -0.005002 0.001897 0.018800
v -0.005311 0.000645 0.018800
v -0.005311 -0.000645 0.018800
v -0.005002 -0.001897 0.018800
v -0.004403 -0.003039 0.018800
v -0.003548 -0.004005 0.018800
v -0.002486 -0.004737 0.018800
v -0.001280 -0.005195 0.018800
v 0.000000 -0.005350 0.018800
v 0.001280 -0.005195 0.018800
v 0.002486 -0.004737 0.018800
v 0.003548 -0.004005 0.018800
v 0.004403 -0.003039 0.018800
v 0.005002 -0.001897 0.018800
v 0.005311 -0.000645 0.018800
v 0.005311 0.000645 0.018800
v 0.005002 0.001897 0.018800
v 0.004403 0.003039 0.018800
v 0.003548 0.004005 0.018800
v 0.002486 0.004737 0.018800
v 0.001280 0.005195 0.018800
v 0.000000 0.005350 0.015800
v -0.001280 0.005195 0.015800
v -0.002486 0.004737 0.015800
v -0.003548 0.004005 0.015800
v -0.004403 0.003039 0.015800
v -0.005002 0.001897 0.015800
v -0.005311 0.000645 0.015800
v -0.005311 -0.000645 0.015800
v -0.005002 -0.001897 0.015800
v -0.004403 -0.003039 0.015800
v -0.003548 -0.004005 0.015800
v -0.002486 -0.004737 0.015800
v -0.001280 -0.005195 0.015800
v 0.000000 -0.005350 0.015800
v 0.001280 -0.005195 0.015800
v 0.002486 -0.004737 0.015800
v 0.003548 -0.004005 0.015800
v 0.004403 -0.003039 0.015800
v 0.005002 -0.001897 0.015800
v 0.005311 -0.000645 0.015800
v 0.005311 0.000645 0.015800
v 0.005002 0.001897 0.015800
v 0.004403 0.003039 0.015800
v 0.003548 0.004005 0.015800
v 0.002486 0.004737 0.015800
v 0.001280 0.005195 0.015800
v 0.000000 0.003000 0.009360
v -0.000776 0.002898 0.009360
v -0.001500 0.002598 0.009360
v -0.002121 0.002121 0.009360
v -0.002598 0.001500 0.009360
v -0.002898 0.000776 0.009360
v -0.003000 0.000000 0.009360
v -0.002898 -0.000776 0.009360
v -0.002598 -0.001500 0.009360
v -0.002121 -0.002121 0.009360
v -0.001500 -0.002598 0.009360
v -0.000776 -0.002898 0.009360
v 0.000000 -0.003000 0.009360
v 0.000776 -0.002898 0.009360
v 0.001500 -0.002598 0.009360
v 0.002121 -0.002121 0.009360
v 0.002598 -0.001500 0.009360
v 0.002898 -0.000776 0.009360
v 0.003000 0.000000 0.009360
v 0.002898 0.000776 0.009360
v 0.002598 0.001500 0.009360
v 0.002121 0.002121 0.009360
v 0.001500 0.002598 0.009360
v 0.000776 0.002898 0.009360
v 0.004346 0.000000 0.014370
v 0.003606 0.000000 0.012788
v 0.003153 0.000000 0.011100
v 0.003068 -0.000727 0.011100
v 0.002817 -0.001415 0.011100
v 0.004229 -0.001002 0.014370
v 0.002415 -0.002026 0.011100
v 0.003884 -0.001950 0.014370
v 0.001883 -0.002529 0.011100
v 0.003329 -0.002793 0.014370
v 0.002595 -0.003486 0.014370
v 0.000904 -0.003020 0.011100
v 0.001721 -0.003990 0.014370
v 0.000183 -0.003147 0.011100
v 0.000755 -0.004280 0.014370
v -0.000547 -0.003105 0.011100
v -0.000253 -0.004338 0.014370
v -0.001249 -0.002895 0.011100
v -0.001246 -0.004163 0.014370
v -0.002163 -0.002293 0.011100
v -0.002173 -0.003764 0.014370
v -0.002634 -0.001732 0.011100
v -0.002982 -0.003161 0.014370
v -0.002962 -0.001078 0.011100
v -0.003631 -0.002388 0.014370
v -0.003131 -0.000366 0.011100
v -0.004084 -0.001486 0.014370
v -0.003068 0.000727 0.011100
v -0.004346 0.000000 0.014370
v -0.002817 0.001415 0.011100
v -0.004229 0.001002 0.014370
v -0.002415 0.002026 0.011100
v -0.003884 0.001950 0.014370
v -0.001883 0.002529 0.011100
v -0.003329 0.002793 0.014370
v -0.002595 0.003486 0.014370
v -0.000904 0.003020 0.011100
v -0.001721 0.003990 0.014370
v -0.000183 0.003147 0.011100
v -0.000755 0.004280 0.014370
v 0.000547 0.003105 0.011100
v 0.000253 0.004338 0.014370
v 0.001249 0.002895 0.011100
v 0.001246 0.004163 0.014370
v 0.002163 0.002293 0.011100
v 0.002173 0.003764 0.014370
v 0.002634 0.001732 0.011100
v 0.002982 0.003161 0.014370
v 0.002962 0.001078 0.011100
v 0.003631 0.002388 0.014370
v 0.003131 0.000366 0.011100
v 0.004084 0.001486 0.014370
v 0.000210 0.003600 0.012788
v 0.000183 0.003147 0.011100
v -0.000210 0.003600 0.012788
v -0.000253 0.004338 0.014370
v 0.001034 0.003454 0.012788
v 0.000904 0.003020 0.011100
v 0.000626 0.003551 0.012788
v 0.000755 0.004280 0.014370
v 0.001803 0.003123 0.012788
v 0.001576 0.002730 0.011100
v 0.001428 0.003311 0.012788
v 0.001721 0.003990 0.014370
v 0.002474 0.002623 0.012788
v 0.001883 0.002529 0.011100
v 0.002153 0.002892 0.012788
v 0.002595 0.003486 0.014370
v 0.003013 0.001981 0.012788
v 0.002415 0.002026 0.011100
v 0.002762 0.002318 0.012788
v 0.003329 0.002793 0.014370
v 0.003388 0.001233 0.012788
v 0.002817 0.001415 0.011100
v 0.003222 0.001618 0.012788
v 0.003884 0.001950 0.014370
v 0.004316 0.000505 0.014370
v 0.003581 0.000419 0.012788
v 0.003068 0.000727 0.011100
v 0.003509 0.000832 0.012788
v 0.004229 0.001002 0.014370
v 0.003509 -0.000832 0.012788
v 0.003131 -0.000366 0.011100
v 0.003581 -0.000419 0.012788
v 0.004316 -0.000505 0.014370
v 0.003222 -0.001618 0.012788
v 0.002962 -0.001078 0.011100
v 0.003388 -0.001233 0.012788
v 0.004084 -0.001486 0.014370
v 0.002762 -0.002318 0.012788
v 0.002634 -0.001732 0.011100
v 0.003013 -0.001981 0.012788
v 0.003631 -0.002388 0.014370
v 0.002153 -0.002892 0.012788
v 0.002163 -0.002293 0.011100
v 0.002474 -0.002623 0.012788
v 0.002982 -0.003161 0.014370
v 0.001428 -0.003311 0.012788
v 0.001249 -0.002895 0.011100
v 0.001576 -0.002730 0.011100
v 0.001803 -0.003123 0.012788
v 0.002173 -0.003764 0.014370
v 0.000626 -0.003551 0.012788
v 0.000547 -0.003105 0.011100
v 0.001034 -0.003454 0.012788
v 0.001246 -0.004163 0.014370
v -0.000210 -0.003600 0.012788
v -0.000183 -0.003147 0.011100
v 0.000210 -0.003600 0.012788
v 0.000253 -0.004338 0.014370
v -0.001034 -0.003454 0.012788
v -0.000904 -0.003020 0.011100
v -0.000626 -0.003551 0.012788
v -0.000755 -0.004280 0.014370
v -0.001803 -0.003123 0.012788
v -0.001576 -0.002730 0.011100
v -0.001428 -0.003311 0.012788
v -0.001721 -0.003990 0.014370
v -0.002474 -0.002623 0.012788
v -0.001883 -0.002529 0.011100
v -0.002153 -0.002892 0.012788
v -0.002595 -0.003486 0.014370
v -0.003013 -0.001981 0.012788
v -0.002415 -0.002026 0.011100
v -0.002762 -0.002318 0.012788
v -0.003329 -0.002793 0.014370
v -0.003388 -0.001233 0.012788
v -0.002817 -0.001415 0.011100
v -0.003222 -0.001618 0.012788
v -0.003884 -0.001950 0.014370
v -0.004316 -0.000505 0.014370
v -0.003581 -0.000419 0.012788
v -0.003068 -0.000727 0.011100
v -0.003509 -0.000832 0.012788
v -0.004229 -0.001002 0.014370
v -0.003509 0.000832 0.012788
v -0.003131 0.000366 0.011100
v -0.003581 0.000419 0.012788
v -0.004316 0.000505 0.014370
v -0.003222 0.001618 0.012788
v -0.002962 0.001078 0.011100
v -0.003388 0.001233 0.012788
v -0.004084 0.001486 0.014370
v -0.002762 0.002318 0.012788
v -0.002634 0.001732 0.011100
v -0.003013 0.001981 0.012788
v -0.003631 0.002388 0.014370
v -0.002153 0.002892 0.012788
v -0.002163 0.002293 0.011100
v -0.002474 0.002623 0.012788
v -0.002982 0.003161 0.014370
v -0.001428 0.003311 0.012788
v -0.001249 0.002895 0.011100
v -0.001576 0.002730 0.011100
v -0.001803 0.003123 0.012788
v -0.002173 0.003764 0.014370
v -0.000626 0.003551 0.012788
v -0.000547 0.003105 0.011100
v -0.001034 0.003454 0.012788
v -0.001246 0.004163 0.014370
v -0.003606 0.000000 0.012788
v -0.003153 0.000000 0.011100
v 0.000000 0.003000 0.003000
v -0.000776 0.002898 0.003000
v -0.001500 0.002598 0.003000
v -0.002121 0.002121 0.003000
v -0.002598 0.001500 0.003000
v -0.002898 0.000776 0.003000
v -0.003000 0.000000 0.003000
v -0.002898 -0.000776 0.003000
v -0.002598 -0.001500 0.003000
v -0.002121 -0.002121 0.003000
v -0.001500 -0.002598 0.003000
v -0.000776 -0.002898 0.003000
v 0.000000 -0.003000 0.003000
v 0.000776 -0.002898 0.003000
v 0.001500 -0.002598 0.003000
v 0.002121 -0.002121 0.003000
v 0.002598 -0.001500 0.003000
v 0.002898 -0.000776 0.003000
v 0.003000 0.000000 0.003000
v 0.002898 0.000776 0.003000
v 0.002598 0.001500 0.003000
v 0.002121 0.002121 0.003000
v 0.001500 0.002598 0.003000
v 0.000776 0.002898 0.003000
v 0.000000 0.001500 0.003000
v -0.000388 0.001449 0.003000
v -0.000750 0.001299 0.003000
v -0.001061 0.001061 0.003000
v -0.001299 0.000750 0.003000
v -0.001449 0.000388 0.003000
v -0.001500 0.000000 0.003000
v -0.001449 -0.000388 0.003000
v -0.001299 -0.000750 0.003000
v -0.001061 -0.001061 0.003000
v -0.000750 -0.001299 0.003000
v -0.000388 -0.001449 0.003000
v 0.000000 -0.001500 0.003000
v 0.000388 -0.001449 0.003000
v 0.000750 -0.001299 0.003000
v 0.001061 -0.001061 0.003000
v 0.001299 -0.000750 0.003000
v 0.001449 -0.000388 0.003000
v 0.001500 0.000000 0.003000
v 0.001449 0.000388 0.003000
v 0.001299 0.000750 0.003000
v 0.001061 0.001061 0.003000
v 0.000750 0.001299 0.003000
v 0.000388 0.001449 0.003000
v 0.000000 0.001500 -0.001500
v -0.000388 0.001449 -0.001500
v -0.000750 0.001299 -0.001500
v -0.001061 0.001061 -0.001500
v -0.001299 0.000750 -0.001500
v -0.001449 0.000388 -0.001500
v -0.001500 0.000000 -0.001500
v -0.001449 -0.000388 -0.001500
v -0.001299 -0.000750 -0.001500
v -0.001061 -0.001061 -0.001500
v -0.000750 -0.001299 -0.001500
v -0.000388 -0.001449 -0.001500
v 0.000000 -0.001500 -0.001500
v 0.000388 -0.001449 -0.001500
v 0.000750 -0.001299 -0.001500
v 0.001061 -0.001061 -0.001500
v 0.001299 -0.000750 -0.001500
v 0.001449 -0.000388 -0.001500
v 0.001500 0.000000 -0.001500
v 0.001449 0.000388 -0.001500
v 0.001299 0.000750 -0.001500
v 0.001061 0.001061 -0.001500
v 0.000750 0.001299 -0.001500
v 0.000388 0.001449 -0.001500
v 0.000000 0.000000 -0.003000
v -0.001449 0.000000 -0.001888
v -0.001299 0.000000 -0.002250
v -0.001061 0.000000 -0.002561
v -0.000750 0.000000 -0.002799
v -0.000388 0.000000 -0.002949
v 0.000375 0.001400 -0.001888
v 0.000336 0.001255 -0.002250
v 0.000275 0.001025 -0.002561
v 0.000194 0.000724 -0.002799
v 0.000100 0.000375 -0.002949
v 0.000000 0.000388 -0.002949
v 0.000000 0.000750 -0.002799
v 0.000000 0.001061 -0.002561
v 0.000000 0.001299 -0.002250
v 0.000000 0.001449 -0.001888
v 0.000724 0.001255 -0.001888
v 0.000650 0.001125 -0.002250
v 0.000530 0.000919 -0.002561
v 0.000375 0.000650 -0.002799
v 0.000194 0.000336 -0.002949
v 0.001025 0.001025 -0.001888
v 0.000919 0.000919 -0.002250
v 0.000750 0.000750 -0.002561
v 0.000530 0.000530 -0.002799
v 0.000275 0.000275 -0.002949
v 0.001255 0.000724 -0.001888
v 0.001125 0.000650 -0.002250
v 0.000919 0.000530 -0.002561
v 0.000650 0.000375 -0.002799
v 0.000336 0.000194 -0.002949
v 0.001400 0.000375 -0.001888
v 0.001255 0.000336 -0.002250
v 0.001025 0.000275 -0.002561
v 0.000724 0.000194 -0.002799
v 0.000375 0.000100 -0.002949
v 0.001449 0.000000 -0.001888
v 0.001299 0.000000 -0.002250
v 0.001061 0.000000 -0.002561
v 0.000750 0.000000 -0.002799
v 0.000388 0.000000 -0.002949
v 0.001400 -0.000375 -0.001888
v 0.001255 -0.000336 -0.002250
v 0.001025 -0.000275 -0.002561
v 0.000724 -0.000194 -0.002799
v 0.000375 -0.000100 -0.002949
v 0.001255 -0.000724 -0.001888
v 0.001125 -0.000650 -0.002250
v 0.000919 -0.000530 -0.002561
v 0.000650 -0.000375 -0.002799
v 0.000336 -0.000194 -0.002949
v 0.001025 -0.001025 -0.001888
v 0.000919 -0.000919 -0.002250
v 0.000750 -0.000750 -0.002561
v 0.000530 -0.000530 -0.002799
v 0.000275 -0.000275 -0.002949
v 0.000724 -0.001255 -0.001888
v 0.000650 -0.001125 -0.002250
v 0.000530 -0.000919 -0.002561
v 0.000375 -0.000650 -0.002799
v 0.000194 -0.000336 -0.002949
v 0.000375 -0.001400 -0.001888
v 0.000336 -0.001255 -0.002250
v 0.000275 -0.001025 -0.002561
v 0.000194 -0.000724 -0.002799
v 0.000100 -0.000375 -0.002949
v 0.000000 -0.001449 -0.001888
v 0.000000 -0.001299 -0.002250
v 0.000000 -0.001061 -0.002561
v 0.000000 -0.000750 -0.002799
v 0.000000 -0.000388 -0.002949
v -0.000375 -0.001400 -0.001888
v -0.000336 -0.001255 -0.002250
v -0.000275 -0.001025 -0.002561
v -0.000194 -0.000724 -0.002799
v -0.000100 -0.000375 -0.002949
v -0.000724 -0.001255 -0.001888
v -0.000650 -0.001125 -0.002250
v -0.000530 -0.000919 -0.002561
v -0.000375 -0.000650 -0.002799
v -0.000194 -0.000336 -0.002949
v -0.001025 -0.001025 -0.001888
v -0.000919 -0.000919 -0.002250
v -0.000750 -0.000750 -0.002561
v -0.000530 -0.000530 -0.002799
v -0.000275 -0.000275 -0.002949
v -0.001255 -0.000724 -0.001888
v -0.001125 -0.000650 -0.002250
v -0.000919 -0.000530 -0.002561
v -0.000650 -0.000375 -0.002799
v -0.000336 -0.000194 -0.002949
v -0.001400 -0.000375 -0.001888
v -0.001255 -0.000336 -0.002250
v -0.001025 -0.000275 -0.002561
v -0.000724 -0.000194 -0.002799
v -0.000375 -0.000100 -0.002949
v -0.001400 0.000375 -0.001888
v -0.001255 0.000336 -0.002250
v -0.001025 0.000275 -0.002561
v -0.000724 0.000194 -0.002799
v -0.000375 0.000100 -0.002949
v -0.001255 0.000724 -0.001888
v -0.001125 0.000650 -0.002250
v -0.000919 0.000530 -0.002561
v -0.000650 0.000375 -0.002799
v -0.000336 0.000194 -0.002949
v -0.001025 0.001025 -0.001888
v -0.000919 0.000919 -0.002250
v -0.000750 0.000750 -0.002561
v -0.000530 0.000530 -0.002799
v -0.000275 0.000275 -0.002949
v -0.000724 0.001255 -0.001888
v -0.000650 0.001125 -0.002250
v -0.000530 0.000919 -0.002561
v -0.000375 0.000650 -0.002799
v -0.000194 0.000336 -0.002949
v -0.000375 0.001400 -0.001888
v -0.000336 0.001255 -0.002250
v -0.000275 0.001025 -0.002561
v -0.000194 0.000724 -0.002799
v -0.000100 0.000375 -0.002949
vn -0.7071 -0.3562 0.6108
vn -0.7071 -0.3602 0.6085
vn -0.7071 -0.4650 0.5327
vn -0.7071 -0.4678 0.5302
vn -0.7071 -0.5570 0.4356
vn -0.7071 -0.5589 0.4332
vn -0.7071 -0.6291 0.3228
vn -0.7071 -0.6301 0.3209
vn -0.7071 -0.6787 0.1984
vn -0.7071 -0.6791 0.1971
vn -0.7071 -0.7040 0.0670
vn -0.7071 -0.7040 0.0665
vn -0.7071 -0.7040 -0.0664
vn -0.7069 -0.7041 -0.0673
vn -0.7071 -0.6791 -0.1971
vn -0.7071 -0.6787 -0.1985
vn -0.7071 -0.6301 -0.3209
vn -0.7071 -0.6291 -0.3228
vn -0.7071 -0.5589 -0.4332
vn -0.7071 -0.5570 -0.4356
vn -0.7071 -0.4678 -0.5302
vn -0.7071 -0.4650 -0.5328
vn -0.7071 -0.3602 -0.6085
vn -0.7071 -0.3562 -0.6108
vn -0.0000 -0.9819 -0.1893
vn -0.0000 -0.9956 -0.0941
vn -0.0000 -1.0000 -0.0000
vn -0.0000 -0.9956 0.0941
vn -0.0000 -0.9819 0.1893
vn -0.0000 -0.9603 0.2789
vn -0.0000 -0.9284 0.3717
vn -0.0000 -0.8911 0.4538
vn -0.0000 -0.8413 0.5406
vn -0.0000 -0.7903 0.6127
vn -0.0000 -0.7237 0.6901
vn -0.0000 -0.6616 0.7499
vn -0.0000 -0.5801 0.8146
vn -0.0000 -0.5094 0.8605
vn -0.0000 -0.4154 0.9096
vn -0.0000 -0.4657 0.8849
vn -0.0000 -0.4167 0.9090
vn -0.0000 -0.9603 -0.2789
vn -0.0000 -0.9284 -0.3717
vn -0.0000 -0.8911 -0.4538
vn -0.0000 -0.8413 -0.5406
vn -0.0000 -0.7903 -0.6127
vn -0.0000 -0.7237 -0.6901
vn -0.0000 -0.6616 -0.7499
vn -0.0000 -0.5801 -0.8146
vn -0.0000 -0.5094 -0.8605
vn -0.0000 -0.4154 -0.9096
vn -0.0000 -0.4657 -0.8849
vn -0.0000 -0.4167 -0.9090
vn -0.0000 -0.3611 -0.9325
vn -0.0000 -0.2358 -0.9718
vn -0.0000 -0.1745 -0.9847
vn -0.0000 -0.0476 -0.9989
vn -0.0000 0.0186 -0.9998
vn -0.0001 0.1423 -0.9898
vn -0.0000 0.2110 -0.9775
vn -0.0000 0.3271 -0.9450
vn -0.0000 0.3955 -0.9185
vn -0.0000 0.5000 -0.8660
vn -0.0000 0.5652 -0.8250
vn -0.0000 0.6549 -0.7557
vn -0.0000 0.7136 -0.7005
vn -0.0000 0.7861 -0.6182
vn -0.0000 0.8353 -0.5498
vn -0.0000 0.8888 -0.4582
vn -0.0000 0.9256 -0.3784
vn -0.0000 0.9595 -0.2817
vn -0.0000 0.9812 -0.1928
vn -0.0001 0.9955 -0.0951
vn -0.0000 1.0000 -0.0000
vn -0.0001 0.9955 0.0951
vn -0.0000 0.9812 0.1928
vn -0.0000 0.9595 0.2817
vn -0.0000 0.9256 0.3784
vn -0.0000 0.8888 0.4582
vn -0.0000 0.8353 0.5498
vn -0.0000 0.7861 0.6182
vn -0.0000 0.7136 0.7005
vn -0.0000 0.6549 0.7557
vn -0.0000 0.5652 0.8250
vn -0.0000 0.5000 0.8660
vn -0.0000 0.3955 0.9185
vn -0.0000 0.3271 0.9450
vn -0.0000 0.2110 0.9775
vn -0.0001 0.1423 0.9898
vn -0.0000 0.0186 0.9998
vn -0.0000 -0.0476 0.9989
vn -0.0000 -0.1745 0.9847
vn -0.0000 -0.2358 0.9718
vn -0.0000 -0.3611 0.9325
vn -0.0007 -0.3611 0.9325
vn -0.7071 0.6830 0.1830
vn -0.7071 0.7071 -0.0000
vn -0.7071 0.6830 -0.1830
vn -0.7071 0.6124 -0.3536
vn -0.7071 0.5000 -0.5000
vn -0.7071 0.3536 -0.6124
vn -0.7071 0.1830 -0.6830
vn -0.7071 -0.0000 -0.7071
vn -0.7071 -0.1830 -0.6830
vn -0.7071 -0.3536 -0.6124
vn -0.7071 -0.5000 -0.5000
vn -0.7071 -0.6124 -0.3536
vn -0.7071 -0.6830 -0.1830
vn -0.7071 -0.7071 -0.0000
vn -0.7071 -0.6830 0.1830
vn -0.7071 -0.6124 0.3535
vn -0.7071 -0.6124 0.3536
vn -0.7071 -0.5000 0.5000
vn -0.7071 -0.3536 0.6124
vn -0.7071 -0.1830 0.6830
vn -0.7071 -0.0000 0.7071
vn -0.7071 0.1830 0.6830
vn -0.7071 0.3535 0.6124
vn -0.7071 0.3536 0.6124
vn -0.7071 0.5000 0.5000
vn -0.7071 0.6124 0.3536
vn -1.0000 -0.0000 -0.0000
vn -1.0000 0.0001 -0.0000
vn -0.0000 -0.9659 -0.2588
vn -0.0000 -0.9659 0.2588
vn -0.0000 -0.8660 0.5000
vn -0.0000 -0.7071 0.7071
vn -0.0000 -0.5000 0.8660
vn -0.0000 -0.2588 0.9659
vn -0.0000 -0.0000 1.0000
vn -0.0000 0.2588 0.9659
vn -0.0000 0.7071 0.7071
vn -0.0000 0.8660 0.5000
vn -0.0000 0.9659 0.2588
vn -0.0000 0.9659 -0.2588
vn -0.0000 0.8660 -0.5000
vn -0.0000 0.7071 -0.7071
vn -0.0000 0.2588 -0.9659
vn -0.0000 -0.0000 -1.0000
vn -0.0000 -0.2588 -0.9659
vn -0.0000 -0.5000 -0.8660
vn -0.0000 -0.7071 -0.7071
vn -0.0000 -0.8660 -0.5000
vn -0.7071 -0.2553 0.6594
vn -0.7071 -0.1506 0.6909
vn -0.7071 -0.0895 0.7014
vn -0.7071 -0.0595 0.7046
vn -0.7071 0.0267 0.7066
vn -0.7071 0.0154 0.7069
vn -0.7071 0.0816 0.7024
vn -0.7071 0.2044 0.6769
vn -0.7071 0.2479 0.6622
vn -0.7071 0.3688 0.6033
vn -0.7071 0.3997 0.5833
vn -0.7071 0.5093 0.4905
vn -0.7071 0.5280 0.4703
vn -0.7071 0.6168 0.3458
vn -0.7071 0.6255 0.3297
vn -0.7071 0.6842 0.1787
vn -0.7071 0.6864 0.1698
vn -0.7071 -0.3535 0.6124
vn -0.7071 -0.3535 -0.6124
vn -0.7071 0.6124 -0.3535
vn -0.7071 -0.1506 -0.6908
vn -0.7071 -0.0895 -0.7014
vn -0.7071 -0.0595 -0.7046
vn -0.7071 0.0267 -0.7066
vn -0.7071 0.0154 -0.7069
vn -0.7071 -0.2553 -0.6594
vn -0.7071 0.0816 -0.7024
vn -0.7071 0.2044 -0.6769
vn -0.7071 0.2479 -0.6622
vn -0.7071 0.3688 -0.6033
vn -0.7071 0.3997 -0.5833
vn -0.7071 0.5093 -0.4905
vn -0.7071 0.5281 -0.4703
vn -0.7071 0.6168 -0.3458
vn -0.7071 0.6255 -0.3297
vn -0.7071 0.6841 -0.1787
vn -0.7071 0.6864 -0.1698
vn -0.7071 -0.6124 -0.3535
vn 0.7071 -0.6830 0.1830
vn 0.7071 -0.7071 -0.0000
vn 0.7071 -0.6830 -0.1830
vn 0.7071 -0.6124 -0.3536
vn 0.7071 -0.5000 -0.5000
vn 0.7071 -0.3536 -0.6124
vn 0.7071 -0.1830 -0.6830
vn 0.7071 -0.0000 -0.7071
vn 0.7071 0.1830 -0.6830
vn 0.7071 0.3536 -0.6124
vn 0.7071 0.5000 -0.5000
vn 0.7071 0.6124 -0.3536
vn 0.7071 0.6830 -0.1830
vn 0.7071 0.7071 -0.0000
vn 0.7071 0.6830 0.1830
vn 0.7071 0.6124 0.3536
vn 0.7071 0.5000 0.5000
vn 0.7071 0.3535 0.6124
vn 0.7071 0.1830 0.6830
vn 0.7071 -0.0000 0.7071
vn 0.7071 -0.1830 0.6830
vn 0.7071 -0.3536 0.6124
vn 0.7071 -0.5000 0.5000
vn 0.7071 -0.6124 0.3536
vn 1.0000 -0.0000 -0.0000
vn 0.7071 0.3536 0.6124
vn 0.7071 -0.3535 0.6124
vn 0.7071 -0.6124 -0.3535
vn 0.7071 0.6124 0.3535
vn 0.7071 -0.2553 0.6594
vn 0.7071 -0.0895 0.7014
vn 0.7071 0.0816 0.7024
vn 0.7071 0.2479 0.6622
vn 0.7071 0.3997 0.5833
vn 0.7071 0.5281 0.4703
vn 0.7071 0.6255 0.3297
vn 0.7071 0.6864 0.1698
vn 0.7071 -0.2553 -0.6594
vn 0.7071 -0.1234 -0.6963
vn 0.7071 0.0131 -0.7070
vn 0.7071 0.1492 -0.6912
vn 0.7071 0.2797 -0.6495
vn 0.7071 0.3997 -0.5834
vn 0.7071 0.5046 -0.4953
vn 0.7071 0.5906 -0.3887
vn 0.7071 0.6545 -0.2676
vn 0.7071 0.6938 -0.1363
vn 0.7071 0.6938 0.1363
vn 0.7071 0.6545 0.2676
vn 0.7071 0.5907 0.3887
vn 0.7071 0.5046 0.4953
vn 0.7071 0.3997 0.5834
vn 0.7071 0.2797 0.6495
vn 0.7071 0.2797 0.6494
vn 0.7071 0.1492 0.6912
vn 0.7071 0.0131 0.7070
vn 0.7071 0.0132 0.7070
vn 0.7071 -0.1234 0.6962
vn 0.7071 0.6864 -0.1698
vn 0.7071 0.6255 -0.3297
vn 0.7071 0.5280 -0.4703
vn 0.7071 0.3996 -0.5833
vn 0.7071 0.3997 -0.5833
vn 0.7071 0.2479 -0.6623
vn 0.7071 0.0816 -0.7024
vn 0.7071 -0.0895 -0.7014
vn 0.7071 0.3535 -0.6124
vn 0.7071 -0.6124 0.3535
vn -0.0000 0.9707 -0.2402
vn -0.0000 0.8846 -0.4663
vn -0.0000 0.7468 -0.6651
vn -0.0000 0.3505 -0.9366
vn -0.0000 0.1153 -0.9933
vn -0.0000 0.1154 -0.9933
vn -0.0000 -0.1266 -0.9920
vn -0.0000 -0.1266 0.9920
vn -0.0000 0.1154 0.9933
vn -0.0000 0.1153 0.9933
vn -0.0000 0.3505 0.9366
vn -0.0000 0.7468 0.6651
vn -0.0000 0.8846 0.4663
vn -0.0000 0.9707 0.2402
vn -0.7287 -0.6849 -0.0000
vn -0.5614 -0.8276 -0.0000
vn -0.6079 -0.7940 -0.0000
vn -0.5613 -0.8276 -0.0001
vn -0.4047 -0.9144 0.0001
vn -0.3867 -0.9222 -0.0000
vn -0.1791 -0.9838 0.0001
vn -0.1973 -0.9803 -0.0000
vn 0.0566 -0.9984 0.0001
vn 0.1974 -0.9803 -0.0000
vn 0.2891 -0.9573 -0.0000
vn 0.3870 -0.9221 -0.0000
vn 0.5055 -0.8628 -0.0000
vn 0.5613 -0.8276 -0.0000
vn 0.6937 -0.7202 -0.0000
vn 0.5614 -0.8276 -0.0012
vn 0.7353 -0.6778 -0.0001
vn 0.8433 -0.5375 -0.0000
vn 0.8705 -0.4922 -0.0001
vn 0.9458 -0.3248 -0.0000
vn 0.9598 -0.2808 -0.0000
vn 0.9956 -0.0940 0.0001
vn 0.9985 -0.0545 -0.0000
vn 0.9899 0.1421 0.0002
vn 0.9846 0.1747 -0.0001
vn 0.9289 0.3702 -0.0000
vn 0.9188 0.3947 -0.0006
vn 0.8162 0.5777 0.0001
vn 0.8046 0.5938 -0.0001
vn 0.6580 0.7530 0.0001
vn 0.6481 0.7616 0.0001
vn 0.4632 0.8863 -0.0001
vn 0.4572 0.8893 -0.0001
vn 0.2424 0.9702 0.0001
vn 0.2425 0.9702 -0.0000
vn -0.7771 -0.6294 0.0001
vn -0.8608 -0.5090 -0.0000
vn -0.9030 -0.4296 -0.0000
vn -0.9512 -0.3086 -0.0000
vn -0.9786 -0.2059 -0.0000
vn -0.9956 -0.0932 -0.0000
vn -0.9996 0.0292 -0.0000
vn -0.9919 0.1267 -0.0001
vn -0.9649 0.2628 -0.0000
vn -0.9402 0.3405 -0.0000
vn -0.8763 0.4817 0.0001
vn -0.8431 0.5378 -0.0001
vn -0.7390 0.6737 -0.0000
vn -0.7051 0.7091 -0.0001
vn -0.5604 0.8282 0.0001
vn -0.5331 0.8461 -0.0001
vn -0.3505 0.9366 0.0003
vn -0.3351 0.9422 -0.0002
vn -0.1213 0.9926 -0.0000
vn -0.0001 0.7689 -0.6394
vn -0.0000 0.8676 -0.4973
vn -0.0001 0.8949 -0.4462
vn -0.0000 0.9411 -0.3383
vn -0.0000 0.9734 -0.2292
vn -0.0000 0.9855 -0.1695
vn -0.0000 0.9855 0.1695
vn -0.0000 0.9734 0.2292
vn -0.0000 0.9410 0.3383
vn -0.0001 0.8950 0.4462
vn -0.0000 0.8676 0.4973
vn -0.0000 0.7688 0.6394
vn -0.0000 0.7689 -0.6394
vn -0.0000 0.8949 -0.4462
vn -0.0000 0.8950 0.4462
vn -0.0000 0.7689 0.6394
vn 0.9924 0.1233 -0.0000
vn 0.9766 0.2152 -0.0000
vn 0.9755 0.2202 -0.0000
vn 0.9627 0.2704 -0.0000
vn 0.9574 0.2889 -0.0000
vn 0.9029 0.4298 -0.0000
vn 0.9030 0.4296 -0.0000
vn 0.7862 0.6180 -0.0000
vn 0.6308 0.7759 -0.0000
vn 0.4445 0.8958 -0.0000
vn 0.9030 0.4297 -0.0000
vn 0.9627 0.2705 -0.0000
vn 0.9766 0.2151 -0.0000
vn 0.9754 0.2202 -0.0000
vn -0.0001 -0.0000 -1.0000
vn 0.0001 -0.0000 -1.0000
vn 0.4853 0.8744 -0.0000
vn 0.6950 0.7190 -0.0000
vn 0.8574 0.5146 -0.0000
vn 0.9614 0.2752 -0.0000
vn 0.9999 0.0169 -0.0000
vn 0.9702 -0.2424 -0.0000
vn 0.8744 -0.4853 -0.0000
vn 0.7190 -0.6950 -0.0000
vn 0.5146 -0.8574 -0.0000
vn 0.2751 -0.9614 -0.0000
vn 0.0169 -0.9999 -0.0000
vn -0.2424 -0.9702 -0.0000
vn 0.9614 0.2751 -0.0000
vn -0.1398 -0.9902 -0.0000
vn 0.1212 -0.9926 -0.0000
vn -0.3914 -0.9202 -0.0000
vn -0.6162 -0.7876 -0.0000
vn -0.7990 -0.6013 -0.0000
vn -0.9274 -0.3740 -0.0000
vn -0.9926 -0.1212 -0.0000
vn -0.9902 0.1398 -0.0000
vn -0.9202 0.3914 -0.0000
vn -0.7876 0.6162 -0.0000
vn -0.6013 0.7990 -0.0000
vn -0.3740 0.9274 -0.0000
vn 0.6111 0.7916 -0.0000
vn 0.7541 0.6567 -0.0000
vn 0.8680 0.4965 -0.0000
vn 0.9484 0.3171 -0.0000
vn 0.9921 0.1255 -0.0000
vn 0.9975 -0.0710 -0.0000
vn 0.9643 -0.2648 -0.0000
vn 0.8939 -0.4483 -0.0000
vn 0.7889 -0.6145 -0.0000
vn 0.6535 -0.7569 -0.0000
vn 0.4928 -0.8702 -0.0000
vn 0.3130 -0.9497 -0.0000
vn -0.4296 -0.9030 -0.0000
vn -0.5998 -0.8002 -0.0000
vn -0.7462 -0.6657 -0.0000
vn -0.8632 -0.5049 -0.0000
vn -0.9460 -0.3241 -0.0000
vn -0.9914 -0.1305 -0.0000
vn -0.9977 0.0682 -0.0000
vn -0.9644 0.2643 -0.0000
vn -0.8931 0.4499 -0.0000
vn -0.7864 0.6177 -0.0000
vn -0.6487 0.7611 -0.0000
vn -0.4853 0.8744 -0.0000
vn -0.3027 0.9531 -0.0000
vn -0.1081 0.9941 -0.0000
vn 0.0001 -0.0000 1.0000
vn -0.0001 -0.0000 1.0000
vn -0.0002 -0.0000 1.0000
vn 0.0002 -0.0000 1.0000
vn -0.0003 -0.0000 1.0000
vn 0.2588 0.9659 -0.0000
vn -0.2588 0.9659 -0.0000
vn -0.5000 0.8660 -0.0000
vn -0.8660 0.5000 -0.0000
vn -0.9659 0.2588 -0.0000
vn -0.9659 -0.2588 -0.0000
vn -0.8660 -0.5000 -0.0000
vn -0.5000 -0.8660 -0.0000
vn -0.2588 -0.9659 -0.0000
vn 0.2588 -0.9659 -0.0000
vn 0.5000 -0.8660 -0.0000
vn 0.8660 -0.5000 -0.0000
vn 0.9659 -0.2588 -0.0000
vn 0.9659 0.2588 -0.0000
vn 0.8660 0.5000 -0.0000
vn 0.5000 0.8660 -0.0000
vn -0.2013 -0.9795 -0.0000
vn -0.1012 -0.9949 -0.0000
vn 0.1012 -0.9949 -0.0000
vn 0.2013 -0.9795 -0.0000
vn 0.2994 -0.9541 -0.0000
vn 0.3944 -0.9190 -0.0000
vn 0.4853 -0.8743 -0.0000
vn 0.5713 -0.8208 -0.0000
vn 0.6514 -0.7588 -0.0000
vn 0.7248 -0.6890 -0.0000
vn 0.7908 -0.6121 -0.0000
vn 0.8486 -0.5290 -0.0000
vn 0.8978 -0.4404 -0.0000
vn 0.9378 -0.3473 -0.0000
vn 0.9681 -0.2507 -0.0000
vn 0.9885 -0.1514 -0.0000
vn 0.9987 -0.0506 -0.0000
vn 0.9987 0.0506 -0.0000
vn 0.9885 0.1514 -0.0000
vn 0.9681 0.2507 -0.0000
vn 0.9378 0.3473 -0.0000
vn 0.8978 0.4404 -0.0000
vn 0.8486 0.5290 -0.0000
vn 0.7908 0.6121 -0.0000
vn 0.7248 0.6890 -0.0000
vn 0.6514 0.7588 -0.0000
vn 0.5713 0.8208 -0.0000
vn 0.4853 0.8743 -0.0000
vn 0.3944 0.9190 -0.0000
vn 0.2994 0.9541 -0.0000
vn 0.2013 0.9795 -0.0000
vn 0.1012 0.9949 -0.0000
vn -0.1012 0.9949 -0.0000
vn -0.2013 0.9795 -0.0000
vn -0.2994 0.9541 -0.0000
vn -0.3944 0.9190 -0.0000
vn -0.4853 0.8743 -0.0000
vn -0.5713 0.8208 -0.0000
vn -0.6514 0.7588 -0.0000
vn -0.7248 0.6890 -0.0000
vn -0.7908 0.6121 -0.0000
vn -0.8486 0.5290 -0.0000
vn -0.8978 0.4404 -0.0000
vn -0.9378 0.3473 -0.0000
vn -0.9681 0.2507 -0.0000
vn -0.9885 0.1514 -0.0000
vn -0.9987 0.0506 -0.0000
vn -0.9987 -0.0506 -0.0000
vn -0.9885 -0.1514 -0.0000
vn -0.9681 -0.2507 -0.0000
vn -0.9378 -0.3473 -0.0000
vn -0.8978 -0.4404 -0.0000
vn -0.8486 -0.5290 -0.0000
vn -0.7908 -0.6121 -0.0000
vn -0.7248 -0.6890 -0.0000
vn -0.6514 -0.7588 -0.0000
vn -0.5713 -0.8208 -0.0000
vn -0.4853 -0.8743 -0.0000
vn -0.3944 -0.9190 -0.0000
vn -0.2994 -0.9541 -0.0000
vn 0.2393 0.9709 -0.0000
vn -0.2393 0.9709 -0.0000
vn -0.4647 0.8855 -0.0000
vn -0.6631 0.7485 -0.0000
vn -0.8230 0.5681 -0.0000
vn -0.9350 0.3546 -0.0000
vn -0.9927 0.1205 -0.0000
vn -0.9927 -0.1205 -0.0000
vn -0.9350 -0.3546 -0.0000
vn -0.8230 -0.5681 -0.0000
vn -0.6631 -0.7485 -0.0000
vn -0.4647 -0.8855 -0.0000
vn -0.2393 -0.9709 -0.0000
vn 0.2393 -0.9709 -0.0000
vn 0.4647 -0.8855 -0.0000
vn 0.6631 -0.7485 -0.0000
vn 0.8230 -0.5681 -0.0000
vn 0.9350 -0.3546 -0.0000
vn 0.9927 -0.1205 -0.0000
vn 0.9927 0.1205 -0.0000
vn 0.9350 0.3546 -0.0000
vn 0.8230 0.5681 -0.0000
vn 0.6631 0.7485 -0.0000
vn 0.4647 0.8855 -0.0000
vn 0.1831 0.7428 -0.6440
vn 0.0503 0.8640 -0.5010
vn -0.0000 0.7650 -0.6440
vn -0.0503 0.8640 -0.5011
vn -0.1503 0.8523 -0.5011
vn -0.0546 0.9378 -0.3429
vn -0.1631 0.9251 -0.3428
vn -0.0573 0.9831 -0.1741
vn -0.1710 0.9698 -0.1741
vn -0.2824 0.9434 -0.1740
vn -0.3900 0.9042 -0.1741
vn -0.4923 0.8528 -0.1743
vn -0.4697 0.8135 -0.3428
vn -0.5610 0.7535 -0.3429
vn -0.5168 0.6942 -0.5010
vn -0.5939 0.6295 -0.5011
vn -0.5073 0.5726 -0.6440
vn -0.6629 0.5564 -0.5010
vn -0.6296 0.4346 -0.6440
vn -0.7230 0.4755 -0.5011
vn -0.7734 0.3884 -0.5011
vn -0.7849 0.5162 -0.3428
vn -0.8395 0.4216 -0.3428
vn -0.8227 0.5411 -0.1740
vn -0.8800 0.4419 -0.1741
vn 0.3555 0.6774 -0.6440
vn 0.2482 0.8291 -0.5010
vn 0.1503 0.8523 -0.5010
vn 0.1631 0.9252 -0.3427
vn 0.0546 0.9378 -0.3429
vn 0.1710 0.9698 -0.1740
vn 0.0572 0.9831 -0.1740
vn 0.5073 0.5726 -0.6440
vn 0.4327 0.7495 -0.5010
vn 0.3428 0.7946 -0.5011
vn 0.3721 0.8626 -0.3428
vn 0.2694 0.8999 -0.3430
vn 0.3900 0.9042 -0.1741
vn 0.2824 0.9434 -0.1741
vn 0.6296 0.4346 -0.6440
vn 0.5939 0.6295 -0.5011
vn 0.5168 0.6942 -0.5010
vn 0.5610 0.7535 -0.3429
vn 0.4697 0.8135 -0.3428
vn 0.5880 0.7899 -0.1741
vn 0.4923 0.8528 -0.1743
vn 0.7153 0.2713 -0.6440
vn 0.7230 0.4756 -0.5011
vn 0.6629 0.5563 -0.5010
vn 0.7196 0.6038 -0.3428
vn 0.6447 0.6833 -0.3428
vn 0.7544 0.6330 -0.1741
vn 0.6757 0.7163 -0.1741
vn 0.7594 0.0922 -0.6440
vn 0.8132 0.2960 -0.5010
vn 0.7734 0.3884 -0.5011
vn 0.8395 0.4216 -0.3429
vn 0.7849 0.5162 -0.3428
vn 0.8800 0.4419 -0.1741
vn 0.8227 0.5411 -0.1740
vn 0.7594 -0.0922 -0.6440
vn 0.8596 0.1005 -0.5011
vn 0.8421 0.1996 -0.5011
vn 0.9141 0.2166 -0.3428
vn 0.8827 0.3213 -0.3428
vn 0.9582 0.2270 -0.1741
vn 0.9254 0.3368 -0.1740
vn 0.7153 -0.2713 -0.6440
vn 0.8421 -0.1996 -0.5010
vn 0.8596 -0.1005 -0.5011
vn 0.8654 -0.0000 -0.5010
vn 0.9330 -0.1091 -0.3429
vn 0.9394 -0.0000 -0.3429
vn 0.9781 -0.1143 -0.1741
vn 0.9847 -0.0000 -0.1743
vn 0.9781 0.1143 -0.1741
vn 0.6296 -0.4346 -0.6440
vn 0.7734 -0.3885 -0.5010
vn 0.8132 -0.2960 -0.5011
vn 0.8828 -0.3213 -0.3428
vn 0.9141 -0.2166 -0.3428
vn 0.9253 -0.3368 -0.1741
vn 0.9582 -0.2271 -0.1741
vn 0.5073 -0.5726 -0.6440
vn 0.6629 -0.5564 -0.5010
vn 0.7230 -0.4755 -0.5011
vn 0.7849 -0.5162 -0.3428
vn 0.8395 -0.4216 -0.3428
vn 0.8227 -0.5411 -0.1740
vn 0.8800 -0.4419 -0.1741
vn 0.3555 -0.6774 -0.6440
vn 0.5168 -0.6942 -0.5010
vn 0.5939 -0.6295 -0.5011
vn 0.6446 -0.6833 -0.3429
vn 0.7196 -0.6038 -0.3428
vn 0.6757 -0.7163 -0.1741
vn 0.7543 -0.6330 -0.1740
vn 0.1831 -0.7428 -0.6440
vn 0.3428 -0.7947 -0.5010
vn 0.4327 -0.7495 -0.5010
vn 0.4697 -0.8136 -0.3428
vn 0.5610 -0.7535 -0.3429
vn 0.4924 -0.8528 -0.1741
vn 0.5880 -0.7899 -0.1741
vn -0.0000 -0.7650 -0.6440
vn 0.1503 -0.8523 -0.5011
vn 0.2482 -0.8291 -0.5011
vn 0.2694 -0.8999 -0.3430
vn 0.3721 -0.8626 -0.3428
vn 0.2824 -0.9434 -0.1740
vn 0.3900 -0.9042 -0.1741
vn -0.1831 -0.7428 -0.6440
vn -0.0503 -0.8640 -0.5010
vn 0.0503 -0.8640 -0.5011
vn 0.0546 -0.9378 -0.3429
vn 0.1631 -0.9251 -0.3428
vn 0.0573 -0.9831 -0.1741
vn 0.1710 -0.9698 -0.1741
vn -0.3555 -0.6774 -0.6440
vn -0.2482 -0.8291 -0.5010
vn -0.1503 -0.8523 -0.5010
vn -0.1631 -0.9252 -0.3427
vn -0.0546 -0.9378 -0.3429
vn -0.1710 -0.9698 -0.1740
vn -0.0572 -0.9831 -0.1740
vn -0.5073 -0.5726 -0.6440
vn -0.4327 -0.7495 -0.5010
vn -0.3428 -0.7946 -0.5011
vn -0.3721 -0.8626 -0.3428
vn -0.2694 -0.8999 -0.3430
vn -0.3900 -0.9042 -0.1741
vn -0.2824 -0.9434 -0.1741
vn -0.6296 -0.4346 -0.6440
vn -0.5939 -0.6295 -0.5011
vn -0.5168 -0.6942 -0.5010
vn -0.5610 -0.7535 -0.3429
vn -0.4697 -0.8135 -0.3428
vn -0.5880 -0.7899 -0.1741
vn -0.4923 -0.8528 -0.1743
vn -0.7153 -0.2713 -0.6440
vn -0.7230 -0.4756 -0.5011
vn -0.6629 -0.5563 -0.5010
vn -0.7196 -0.6038 -0.3428
vn -0.6447 -0.6833 -0.3428
vn -0.7544 -0.6330 -0.1741
vn -0.6757 -0.7163 -0.1741
vn -0.7594 -0.0922 -0.6440
vn -0.8132 -0.2960 -0.5010
vn -0.7734 -0.3884 -0.5011
vn -0.8395 -0.4216 -0.3429
vn -0.7849 -0.5162 -0.3428
vn -0.8800 -0.4419 -0.1741
vn -0.8227 -0.5411 -0.1740
vn -0.7594 0.0922 -0.6440
vn -0.8596 -0.1005 -0.5011
vn -0.8421 -0.1996 -0.5011
vn -0.9141 -0.2166 -0.3428
vn -0.8827 -0.3213 -0.3428
vn -0.9582 -0.2270 -0.1741
vn -0.9254 -0.3368 -0.1740
vn -0.7153 0.2713 -0.6440
vn -0.8421 0.1996 -0.5010
vn -0.8596 0.1005 -0.5011
vn -0.8654 -0.0000 -0.5010
vn -0.9330 0.1091 -0.3429
vn -0.9394 -0.0000 -0.3429
vn -0.9781 0.1143 -0.1741
vn -0.9847 -0.0000 -0.1743
vn -0.9781 -0.1143 -0.1741
vn -0.8132 0.2960 -0.5011
vn -0.8828 0.3213 -0.3428
vn -0.9141 0.2166 -0.3428
vn -0.9253 0.3368 -0.1741
vn -0.9582 0.2271 -0.1741
vn -0.3555 0.6774 -0.6440
vn -0.4327 0.7495 -0.5010
vn -0.3721 0.8626 -0.3428
vn -0.3428 0.7947 -0.5010
vn -0.1831 0.7428 -0.6440
vn -0.2482 0.8291 -0.5011
vn -0.5880 0.7899 -0.1741
vn -0.6757 0.7163 -0.1741
vn -0.7543 0.6330 -0.1740
vn -0.7196 0.6038 -0.3428
vn 0.9331 0.1091 -0.3428
vn -0.9331 -0.1091 -0.3428
vn -0.6447 0.6833 -0.3428
vn -0.2694 0.8999 -0.3430
vn 0.2500 0.9330 -0.2588
vn -0.2500 0.9330 -0.2588
vn -0.4830 0.8365 -0.2588
vn -0.6830 0.6830 -0.2587
vn -0.8365 0.4830 -0.2588
vn -0.9330 0.2500 -0.2588
vn -0.9659 -0.0000 -0.2588
vn -0.9330 -0.2500 -0.2587
vn -0.8365 -0.4830 -0.2588
vn -0.6830 -0.6830 -0.2587
vn -0.4830 -0.8365 -0.2588
vn -0.2500 -0.9330 -0.2588
vn 0.2500 -0.9330 -0.2588
vn 0.4830 -0.8365 -0.2588
vn 0.6830 -0.6830 -0.2587
vn 0.8365 -0.4830 -0.2588
vn 0.9330 -0.2500 -0.2588
vn 0.9659 -0.0000 -0.2588
vn 0.9330 0.2500 -0.2587
vn 0.8365 0.4830 -0.2588
vn 0.6830 0.6830 -0.2587
vn 0.4830 0.8365 -0.2588
vn -0.2588 -0.0000 -0.9659
vn -0.2500 -0.0670 -0.9659
vn -0.2241 -0.1294 -0.9659
vn -0.1830 -0.1830 -0.9659
vn -0.1294 -0.2241 -0.9659
vn -0.0670 -0.2500 -0.9659
vn 0.0670 -0.2500 -0.9659
vn 0.1294 -0.2241 -0.9659
vn 0.1830 -0.1830 -0.9659
vn 0.2241 -0.1294 -0.9659
vn 0.2500 -0.0670 -0.9659
vn 0.2588 -0.0000 -0.9659
vn 0.2500 0.0670 -0.9659
vn 0.2241 0.1294 -0.9659
vn 0.1830 0.1830 -0.9659
vn 0.1294 0.2241 -0.9659
vn 0.0670 0.2500 -0.9659
vn -0.0670 0.2500 -0.9659
vn -0.1294 0.2241 -0.9659
vn -0.1830 0.1830 -0.9659
vn -0.2241 0.1294 -0.9659
vn -0.2500 0.0670 -0.9659
vn -0.8660 -0.0000 -0.5000
vn -0.8365 -0.2241 -0.5000
vn -0.7500 -0.4330 -0.5000
vn -0.6124 -0.6124 -0.5000
vn -0.4330 -0.7500 -0.5000
vn -0.2241 -0.8365 -0.5000
vn 0.2241 -0.8365 -0.5000
vn 0.4330 -0.7500 -0.5000
vn 0.6124 -0.6124 -0.5000
vn 0.7500 -0.4330 -0.5000
vn 0.8365 -0.2241 -0.5000
vn 0.8660 -0.0000 -0.5000
vn 0.8365 0.2241 -0.5000
vn 0.7500 0.4330 -0.5000
vn 0.6124 0.6124 -0.5000
vn 0.4330 0.7500 -0.5000
vn 0.2241 0.8365 -0.5000
vn -0.2241 0.8365 -0.5000
vn -0.4330 0.7500 -0.5000
vn -0.6124 0.6124 -0.5000
vn -0.7500 0.4330 -0.5000
vn -0.8365 0.2241 -0.5000
vn -0.6830 -0.1830 -0.7071
vn -0.6124 -0.3536 -0.7071
vn -0.5000 -0.5000 -0.7071
vn -0.3535 -0.6124 -0.7071
vn -0.1830 -0.6830 -0.7071
vn 0.1830 -0.6830 -0.7071
vn 0.3536 -0.6124 -0.7071
vn 0.5000 -0.5000 -0.7071
vn 0.6124 -0.3536 -0.7071
vn 0.6830 -0.1830 -0.7071
vn 0.6830 0.1830 -0.7071
vn 0.6124 0.3536 -0.7071
vn 0.5000 0.5000 -0.7071
vn 0.3535 0.6124 -0.7071
vn 0.1830 0.6830 -0.7071
vn -0.1830 0.6830 -0.7071
vn -0.3536 0.6124 -0.7071
vn -0.5000 0.5000 -0.7071
vn -0.6124 0.3536 -0.7071
vn -0.6830 0.1830 -0.7071
vn -0.5000 -0.0000 -0.8660
vn -0.4830 -0.1294 -0.8660
vn -0.4330 -0.2500 -0.8660
vn -0.3536 -0.3536 -0.8660
vn -0.2500 -0.4330 -0.8660
vn -0.1294 -0.4830 -0.8660
vn 0.1294 -0.4830 -0.8660
vn 0.2500 -0.4330 -0.8660
vn 0.3535 -0.3535 -0.8660
vn 0.4330 -0.2500 -0.8660
vn 0.4830 -0.1294 -0.8660
vn 0.5000 -0.0000 -0.8660
vn 0.4830 0.1294 -0.8660
vn 0.4330 0.2500 -0.8660
vn 0.3536 0.3536 -0.8660
vn 0.2500 0.4330 -0.8660
vn 0.1294 0.4830 -0.8660
vn -0.1294 0.4830 -0.8660
vn -0.2500 0.4330 -0.8660
vn -0.3535 0.3535 -0.8660
vn -0.4330 0.2500 -0.8660
vn -0.4830 0.1294 -0.8660
vt -0.021213 -1.371360
vt 0.021213 -1.362719
vt -0.021213 -1.122022
vt 0.021213 -1.114952
vt -0.021213 -0.872684
vt 0.021213 -0.867185
vt -0.021213 -0.623346
vt 0.021213 -0.619418
vt -0.021213 -0.374007
vt 0.021213 -0.371651
vt -0.021213 -0.124669
vt 0.021213 -0.123884
vt 0.021213 0.123884
vt -0.021213 0.124669
vt 0.021213 0.371651
vt -0.021213 0.374007
vt 0.021213 0.619418
vt -0.021213 0.623346
vt 0.021213 0.867185
vt -0.021213 0.872684
vt 0.021213 1.114952
vt -0.021213 1.122022
vt 0.021213 1.362719
vt -0.021213 1.371360
vt 0.500000 -3.836551
vt 0.030000 -3.961600
vt 0.500000 -4.084070
vt 0.500000 4.084070
vt 0.030000 4.206541
vt 0.030000 3.961600
vt 0.500000 3.836551
vt 0.030000 3.716659
vt 0.500000 3.589032
vt 0.030000 3.471719
vt 0.500000 3.341512
vt 0.030000 3.226778
vt 0.500000 3.093993
vt 0.030000 2.981837
vt 0.500000 2.846473
vt 0.030000 2.736896
vt 0.500000 2.598954
vt -0.000000 2.671802
vt -0.021654 2.600762
vt 0.030000 -3.716659
vt 0.500000 -3.589032
vt 0.030000 -3.471719
vt 0.500000 -3.341512
vt 0.030000 -3.226778
vt 0.500000 -3.093993
vt 0.030000 -2.981837
vt 0.500000 -2.846473
vt 0.030000 -2.736896
vt 0.500000 -2.598954
vt -0.000000 -2.671802
vt -0.021654 -2.600762
vt -0.030000 -2.522332
vt 0.500000 -2.351435
vt -0.520000 -2.270099
vt 0.500000 -2.103915
vt -0.520000 -2.017866
vt 0.500000 -1.856396
vt -0.520000 -1.765632
vt 0.500000 -1.608876
vt -0.520000 -1.513399
vt 0.500000 -1.361357
vt -0.520000 -1.261166
vt 0.500000 -1.113837
vt -0.520000 -1.008933
vt 0.500000 -0.866318
vt -0.520000 -0.756700
vt 0.500000 -0.618799
vt -0.520000 -0.504466
vt 0.500000 -0.371279
vt -0.520000 -0.252233
vt 0.500000 -0.123760
vt -0.520000 0.000000
vt 0.500000 0.123760
vt -0.520000 0.252233
vt 0.500000 0.371279
vt -0.520000 0.504466
vt 0.500000 0.618799
vt -0.520000 0.756700
vt 0.500000 0.866318
vt -0.520000 1.008933
vt 0.500000 1.113837
vt -0.520000 1.261166
vt 0.500000 1.361357
vt -0.520000 1.513399
vt 0.500000 1.608876
vt -0.520000 1.765632
vt 0.500000 1.856396
vt -0.520000 2.017866
vt 0.500000 2.103915
vt -0.520000 2.270099
vt 0.500000 2.351435
vt -0.520000 2.522332
vt -0.030000 2.522332
vt -0.520000 -2.522332
vt -0.021213 0.316777
vt 0.021213 0.316777
vt -0.021213 0.345575
vt 0.021213 0.345575
vt -0.021213 -0.345575
vt 0.021213 -0.345575
vt -0.021213 -0.316777
vt 0.021213 -0.316777
vt -0.021213 -0.287979
vt 0.021213 -0.287979
vt -0.021213 -0.259181
vt 0.021213 -0.259181
vt -0.021213 -0.230383
vt 0.021213 -0.230383
vt -0.021213 -0.201586
vt 0.021213 -0.201586
vt -0.021213 -0.172788
vt 0.021213 -0.172788
vt -0.021213 -0.143990
vt 0.021213 -0.143990
vt -0.021213 -0.115192
vt 0.021213 -0.115192
vt -0.021213 -0.086394
vt 0.021213 -0.086394
vt -0.021213 -0.057596
vt 0.021213 -0.057596
vt -0.021213 -0.028798
vt 0.021213 -0.028798
vt -0.021213 0.000000
vt 0.021213 0.000000
vt -0.021213 0.028798
vt 0.021213 0.028798
vt -0.021213 0.057596
vt 0.021213 0.057596
vt -0.021213 0.086394
vt 0.021213 0.086394
vt -0.021213 0.115192
vt 0.021213 0.115192
vt -0.021213 0.143990
vt 0.021213 0.143990
vt -0.021213 0.172788
vt 0.021213 0.172788
vt -0.021213 0.201586
vt 0.021213 0.201586
vt -0.021213 0.230383
vt 0.021213 0.230383
vt -0.021213 0.259181
vt 0.021213 0.259181
vt -0.021213 0.287979
vt 0.021213 0.287979
vt -0.980010 1.148918
vt -0.775473 1.002049
vt -0.846802 1.171165
vt -0.723541 1.226357
vt -0.602284 0.819262
vt -0.618231 1.310910
vt -0.537710 1.419334
vt -0.466649 0.607109
vt -0.487207 1.544589
vt -0.120741 0.782352
vt -0.470000 1.678541
vt -0.108253 0.812500
vt -0.108253 2.187500
vt -0.088388 2.161612
vt -0.088388 0.838388
vt -0.062500 2.141747
vt -0.062500 0.858253
vt -0.032352 2.129259
vt -0.032352 0.870741
vt 0.000000 2.125000
vt -0.000000 0.875000
vt 0.032352 0.870741
vt -0.125000 0.750000
vt -0.373432 0.373194
vt -0.120741 0.717648
vt -0.325973 0.125902
vt -0.108253 0.687500
vt -0.088388 0.661612
vt -0.088388 -0.661612
vt -0.062500 0.641747
vt -0.062500 -0.641747
vt -0.032352 0.629259
vt -0.032352 -0.629259
vt -0.000000 0.625000
vt -0.000000 -0.625000
vt 0.032352 -0.629259
vt -0.325973 -0.125902
vt -0.108253 -0.687500
vt -0.120741 -0.717648
vt -0.373432 -0.373194
vt -0.125000 -0.750000
vt -0.466649 -0.607109
vt -0.120741 -0.782352
vt -0.487207 -1.544589
vt -0.470000 -1.678541
vt -0.537710 -1.419334
vt -0.602284 -0.819262
vt -0.618231 -1.310910
vt -0.723541 -1.226357
vt -0.775473 -1.002049
vt -0.846802 -1.171165
vt -0.980010 -1.148918
vt -0.470000 -2.300000
vt -0.420208 -2.420208
vt -0.385000 -2.447224
vt -0.343999 -2.464207
vt -0.464207 -2.343999
vt -0.447224 -2.385000
vt -0.300000 -2.470000
vt -0.120741 -2.217648
vt -0.108253 -2.187500
vt 0.300000 -2.470000
vt -0.000000 -2.375000
vt -0.032352 -2.370741
vt -0.062500 -2.358253
vt 0.343999 -2.464207
vt 0.120741 -0.782352
vt 0.120741 -2.217648
vt 0.125000 -2.250000
vt 0.470000 -2.300000
vt 0.385000 -2.447224
vt 0.420208 -2.420208
vt 0.447224 -2.385000
vt 0.464207 -2.343999
vt 0.470000 2.300000
vt 0.125000 0.750000
vt 0.125000 -0.750000
vt 0.464207 2.343999
vt 0.447224 2.385000
vt 0.420208 2.420208
vt 0.385000 2.447224
vt 0.343999 2.464207
vt 0.120741 0.782352
vt 0.300000 2.470000
vt 0.120741 2.217648
vt 0.108253 2.187500
vt -0.300000 2.470000
vt 0.000000 2.375000
vt 0.032352 2.370741
vt 0.062500 2.358253
vt -0.343999 2.464207
vt -0.120741 2.217648
vt -0.125000 2.250000
vt -0.385000 2.447224
vt -0.420208 2.420208
vt -0.470000 2.300000
vt -0.447224 2.385000
vt -0.464207 2.343999
vt 0.120741 -2.282352
vt 0.108253 -2.312500
vt 0.088388 -2.338388
vt 0.062500 -2.358253
vt 0.032352 -2.370741
vt -0.088388 -2.338388
vt -0.108253 -2.312500
vt -0.120741 -2.282352
vt -0.125000 -2.250000
vt -0.088388 -2.161612
vt -0.088388 -0.838388
vt -0.108253 -0.812500
vt -0.062500 -0.858253
vt -0.062500 -2.141747
vt -0.032352 -0.870741
vt -0.032352 -2.129259
vt -0.000000 -0.875000
vt -0.000000 -2.125000
vt 0.032352 -2.129259
vt 0.062500 -2.141747
vt 0.062500 -0.858253
vt 0.032352 -0.870741
vt 0.088388 -0.838388
vt 0.088388 -2.161612
vt 0.108253 -0.812500
vt 0.108253 -2.187500
vt 0.120741 -0.717648
vt 0.120741 0.717648
vt 0.108253 0.687500
vt 0.108253 -0.687500
vt 0.088388 0.661612
vt 0.088388 -0.661612
vt 0.062500 0.641747
vt 0.062500 -0.641747
vt 0.032352 0.629259
vt 0.032352 2.129259
vt 0.062500 0.858253
vt 0.062500 2.141747
vt 0.088388 0.838388
vt 0.088388 2.161612
vt 0.108253 0.812500
vt 0.120741 2.282352
vt 0.125000 2.250000
vt -0.120741 2.282352
vt -0.108253 2.312500
vt -0.088388 2.338388
vt -0.062500 2.358253
vt -0.032352 2.370741
vt 0.088388 2.338388
vt 0.108253 2.312500
vt -0.470000 -0.024871
vt 0.020000 -0.024871
vt -0.470000 0.000000
vt 0.020000 0.000000
vt -0.470000 0.024871
vt 0.020000 0.024871
vt -0.470000 0.049742
vt 0.020000 0.049742
vt -0.470000 0.074613
vt 0.020000 0.074613
vt -0.470000 0.099484
vt 0.020000 0.099484
vt -0.470000 0.124355
vt 0.020000 0.124355
vt -0.470000 0.149226
vt 0.020000 0.149226
vt -0.470000 0.174097
vt 0.020000 0.174097
vt -0.470000 0.198968
vt 0.020000 0.198968
vt -0.470000 0.223838
vt 0.020000 0.223838
vt -0.470000 0.248709
vt 0.020000 0.248709
vt -0.470000 0.273580
vt 0.020000 0.273580
vt -0.470000 0.298451
vt 0.020000 0.298451
vt -0.470000 -0.298451
vt 0.020000 -0.298451
vt -0.470000 -0.273580
vt 0.020000 -0.273580
vt -0.470000 -0.248709
vt 0.020000 -0.248709
vt -0.470000 -0.223838
vt 0.020000 -0.223838
vt -0.470000 -0.198968
vt 0.020000 -0.198968
vt -0.470000 -0.174097
vt 0.020000 -0.174097
vt -0.470000 -0.149226
vt 0.020000 -0.149226
vt -0.470000 -0.124355
vt 0.020000 -0.124355
vt -0.470000 -0.099484
vt 0.020000 -0.099484
vt -0.470000 -0.074613
vt 0.020000 -0.074613
vt -0.470000 -0.049742
vt 0.020000 -0.049742
vt 0.021213 0.514168
vt 0.009364 0.432127
vt 0.021213 0.385626
vt -0.021213 0.362985
vt -0.021213 0.298359
vt -0.063640 0.306766
vt 0.021213 0.257084
vt -0.021213 0.162938
vt 0.021213 0.128542
vt -0.021213 0.027517
vt -0.021213 -0.107904
vt 0.021213 -0.128542
vt -0.021213 -0.243325
vt 0.021213 -0.257084
vt -0.021213 -0.378747
vt 0.021213 -0.385626
vt -0.021213 -0.514168
vt 0.021213 -0.514168
vt 2.928541 -0.021213
vt 3.550000 -0.021213
vt 2.928541 0.021213
vt 3.550000 0.021213
vt 0.021213 0.145299
vt -0.021213 0.145299
vt 0.021213 0.096866
vt -0.021213 0.096866
vt 0.021213 0.048433
vt -0.021213 0.048433
vt 0.021213 -0.048433
vt -0.021213 -0.048433
vt 0.021213 -0.096866
vt -0.021213 -0.096866
vt 0.021213 -0.145299
vt -0.021213 -0.145299
vt 0.021213 0.050000
vt -0.021213 0.050000
vt 0.021213 -0.550000
vt -0.021213 -0.550000
vt 1.050000 0.021213
vt -3.550000 0.021213
vt 1.050000 -0.021213
vt -3.550000 -0.021213
vt -0.021213 -0.050000
vt 0.021213 -0.050000
vt -0.021213 0.550000
vt 0.021213 0.550000
vt -1.050000 -0.021213
vt -0.428541 -0.021213
vt -1.050000 0.021213
vt -0.428541 0.021213
vt 0.009364 -0.432127
vt -0.021213 -0.362985
vt -0.021213 -0.298359
vt -0.063640 -0.306766
vt -0.021213 -0.162938
vt -0.021213 -0.027517
vt -0.021213 0.107904
vt -0.021213 0.243325
vt -0.021213 0.378747
vt -0.021213 0.514168
vt -0.021213 0.691150
vt 0.021213 0.691150
vt -0.021213 0.753982
vt 0.021213 0.753982
vt -0.021213 -0.753982
vt 0.021213 -0.753982
vt -0.021213 -0.691150
vt 0.021213 -0.691150
vt -0.021213 -0.628319
vt 0.021213 -0.628319
vt -0.021213 -0.565487
vt 0.021213 -0.565487
vt -0.021213 -0.502655
vt 0.021213 -0.502655
vt -0.021213 -0.439823
vt 0.021213 -0.439823
vt -0.021213 -0.376991
vt 0.021213 -0.376991
vt -0.021213 -0.314159
vt 0.021213 -0.314159
vt -0.021213 -0.251327
vt 0.021213 -0.251327
vt -0.021213 -0.188496
vt 0.021213 -0.188496
vt -0.021213 -0.125664
vt 0.021213 -0.125664
vt -0.021213 -0.062832
vt 0.021213 -0.062832
vt -0.021213 0.062832
vt 0.021213 0.062832
vt -0.021213 0.125664
vt 0.021213 0.125664
vt -0.021213 0.188496
vt 0.021213 0.188496
vt -0.021213 0.251327
vt 0.021213 0.251327
vt -0.021213 0.314159
vt 0.021213 0.314159
vt -0.021213 0.376991
vt 0.021213 0.376991
vt -0.021213 0.439823
vt 0.021213 0.439823
vt -0.021213 0.502655
vt 0.021213 0.502655
vt -0.021213 0.565487
vt 0.021213 0.565487
vt -0.021213 0.628319
vt 0.021213 0.628319
vt -0.802120 2.321311
vt -0.736122 2.330000
vt -0.889639 2.556335
vt -0.670123 2.321311
vt -0.255000 2.500000
vt -0.608622 2.295836
vt -0.246311 2.434001
vt -0.555809 2.255312
vt -0.220836 2.372500
vt -0.515285 2.202500
vt -0.180312 2.319688
vt -0.489811 2.140999
vt -0.127500 2.279164
vt -0.481122 2.075000
vt -0.065999 2.253689
vt -0.489811 2.009001
vt 0.000000 2.245000
vt 0.489811 2.009001
vt 0.065999 2.253689
vt 0.481122 2.075000
vt 0.127500 2.279164
vt 0.489811 2.140999
vt 0.180312 2.319688
vt 0.515285 2.202500
vt 0.220836 2.372500
vt 0.555809 2.255312
vt 0.246311 2.434001
vt 0.608622 2.295836
vt 0.255000 2.500000
vt 0.670123 2.321311
vt 0.889639 2.556335
vt 0.736122 2.330000
vt 0.802120 2.321311
vt 0.515285 1.947500
vt -0.515285 1.947500
vt 0.555809 1.894688
vt -0.555809 1.894688
vt 0.555809 1.405312
vt -0.555809 1.405312
vt 0.515285 1.352500
vt -0.515285 1.352500
vt 0.489811 1.290999
vt -0.489811 1.290999
vt 0.000000 1.055000
vt -0.065999 1.046311
vt -0.481122 1.225000
vt -0.127500 1.020836
vt -0.489811 1.159001
vt -0.180312 0.980312
vt -0.515285 1.097500
vt -0.220836 0.927500
vt -0.555809 1.044688
vt -0.246311 0.865999
vt -0.608622 1.004164
vt -0.255000 0.800000
vt -0.670123 0.978689
vt -0.246311 0.734001
vt -0.736122 0.970000
vt -1.241313 0.700447
vt -1.182169 0.814219
vt -0.802120 0.978689
vt -0.863622 1.004164
vt -0.608622 1.854164
vt -0.608622 1.445836
vt -0.670123 1.828689
vt -0.670123 1.471311
vt -0.736122 1.820000
vt -0.736122 1.480000
vt -0.802120 1.471311
vt -0.802120 1.828689
vt -1.269781 1.673610
vt -0.863622 1.854164
vt -0.916434 1.894688
vt -1.241402 1.917994
vt -0.956958 1.947500
vt -0.982433 2.009001
vt -0.991122 2.075000
vt -1.166436 2.152321
vt -0.982433 2.140999
vt -0.956958 2.202500
vt -1.047697 2.367797
vt -0.916434 2.255312
vt -0.863622 2.295836
vt -0.717648 0.120741
vt -0.180312 0.619688
vt -0.750000 0.125000
vt -0.220836 0.672500
vt -0.127500 0.579164
vt -0.687500 0.108253
vt -0.661612 0.088388
vt -0.065999 0.553689
vt -0.641747 0.062500
vt 0.000000 0.545000
vt -0.629259 0.032352
vt 0.629259 0.032352
vt 0.625000 0.000000
vt -0.625000 0.000000
vt 0.629259 -0.032352
vt -0.629259 -0.032352
vt 0.641747 -0.062500
vt -0.641747 -0.062500
vt 0.661612 -0.088388
vt -0.661612 -0.088388
vt 0.687500 -0.108253
vt -0.687500 -0.108253
vt 0.717648 -0.120741
vt -0.717648 -0.120741
vt 0.750000 -0.125000
vt -0.750000 -0.125000
vt 2.300000 -0.470000
vt -2.300000 -0.470000
vt -0.782352 -0.120741
vt -0.812500 -0.108253
vt -0.838388 -0.088388
vt -2.161612 -0.088388
vt -2.187500 -0.108253
vt -2.141747 -0.062500
vt -0.858253 -0.062500
vt -2.129259 -0.032352
vt -0.870741 -0.032352
vt -2.125000 -0.000000
vt -0.875000 0.000000
vt -2.129259 0.032352
vt -1.551256 0.485512
vt -1.678541 0.470000
vt -0.870741 0.032352
vt -0.858253 0.062500
vt -0.838388 0.088388
vt -1.431421 0.531138
vt -0.812500 0.108253
vt -1.326051 0.604209
vt -0.782352 0.120741
vt 0.802120 1.471311
vt 0.802120 1.828689
vt 0.736122 1.480000
vt 0.736122 1.820000
vt 0.670123 1.471311
vt 0.670123 1.828689
vt 0.608622 1.445836
vt 0.608622 1.854164
vt 1.269781 1.673610
vt 0.863622 1.445836
vt 1.250507 1.428340
vt 0.916434 1.405312
vt 0.956958 1.352500
vt 0.982433 1.290999
vt 1.184304 1.191389
vt 0.991122 1.225000
vt 0.982433 1.159001
vt 1.152805 1.067091
vt 0.956958 1.097500
vt 0.916434 1.044688
vt 1.152079 0.938866
vt 0.863622 1.004164
vt 1.182169 0.814219
vt 0.802120 0.978689
vt 0.736122 0.970000
vt 0.670123 0.978689
vt 0.246311 0.734001
vt 1.241313 0.700447
vt 0.255000 0.800000
vt 0.608622 1.004164
vt 0.246311 0.865999
vt 0.555809 1.044688
vt 0.220836 0.927500
vt 0.515285 1.097500
vt 0.180312 0.980312
vt 0.489811 1.159001
vt 0.127500 1.020836
vt 0.481122 1.225000
vt 0.065999 1.046311
vt -0.065999 2.746311
vt 0.000000 2.755000
vt 0.000000 2.920000
vt 0.065999 2.746311
vt 0.244869 2.896170
vt 0.127500 2.720836
vt 0.180312 2.680312
vt 0.480549 2.825573
vt 0.220836 2.627500
vt 0.698195 2.710860
vt 0.246311 2.565999
vt -0.698195 2.710860
vt -0.246311 2.565999
vt -0.220836 2.627500
vt -0.480549 2.825573
vt -0.180312 2.680312
vt -0.244869 2.896170
vt -0.127500 2.720836
vt -2.217648 0.120741
vt -2.300000 0.470000
vt -2.250000 0.125000
vt -2.470000 0.300000
vt -2.282352 0.120741
vt -2.312500 0.108253
vt -2.338388 0.088388
vt -2.358253 0.062500
vt -2.370741 0.032352
vt -2.375000 -0.000000
vt -2.470000 -0.300000
vt -2.370741 -0.032352
vt -2.358253 -0.062500
vt -2.338388 -0.088388
vt -2.312500 -0.108253
vt -2.282352 -0.120741
vt -2.250000 -0.125000
vt -2.217648 -0.120741
vt -2.187500 0.108253
vt -2.161612 0.088388
vt -2.141747 0.062500
vt -2.343999 0.464207
vt -2.385000 0.447224
vt -2.420208 0.420208
vt -2.447224 0.385000
vt -2.464207 0.343999
vt -2.464207 -0.343999
vt -2.447224 -0.385000
vt -2.420208 -0.420208
vt -2.385000 -0.447224
vt -2.343999 -0.464207
vt 2.343999 -0.464207
vt 2.385000 -0.447224
vt 2.420208 -0.420208
vt 2.447224 -0.385000
vt 2.464207 -0.343999
vt 2.470000 -0.300000
vt 2.250000 -0.125000
vt 2.282352 -0.120741
vt 2.312500 -0.108253
vt 2.338388 -0.088388
vt 2.358253 -0.062500
vt 2.370741 -0.032352
vt 2.375000 0.000000
vt 2.470000 0.300000
vt 2.370741 0.032352
vt 2.358253 0.062500
vt 2.338388 0.088388
vt 2.312500 0.108253
vt 2.282352 0.120741
vt 2.250000 0.125000
vt 2.300000 0.470000
vt 2.217648 0.120741
vt 2.187500 0.108253
vt 1.678541 0.470000
vt 2.161612 0.088388
vt 2.141747 0.062500
vt 2.129259 0.032352
vt 1.551256 0.485512
vt 0.870741 0.032352
vt 0.858253 0.062500
vt 0.838388 0.088388
vt 1.431421 0.531138
vt 0.812500 0.108253
vt 1.326051 0.604209
vt 0.782352 0.120741
vt 0.750000 0.125000
vt 0.220836 0.672500
vt 2.464207 0.343999
vt 2.447224 0.385000
vt 2.420208 0.420208
vt 2.385000 0.447224
vt 2.343999 0.464207
vt 1.241402 1.917994
vt 0.916434 1.894688
vt 0.863622 1.854164
vt 1.166436 2.152321
vt 0.991122 2.075000
vt 0.982433 2.009001
vt 0.956958 1.947500
vt 1.047697 2.367797
vt 0.956958 2.202500
vt 0.982433 2.140999
vt 0.863622 2.295836
vt 0.916434 2.255312
vt -0.863622 1.445836
vt -1.250507 1.428340
vt -0.916434 1.405312
vt -0.956958 1.352500
vt -0.982433 1.290999
vt -1.184304 1.191389
vt -0.991122 1.225000
vt -0.982433 1.159001
vt -1.152805 1.067091
vt -0.956958 1.097500
vt -0.916434 1.044688
vt -1.152079 0.938866
vt 2.217648 -0.120741
vt 2.187500 -0.108253
vt 2.161612 -0.088388
vt 2.141747 -0.062500
vt 0.858253 -0.062500
vt 0.838388 -0.088388
vt 0.812500 -0.108253
vt 0.782352 -0.120741
vt 0.870741 -0.032352
vt 2.129259 -0.032352
vt 0.875000 0.000000
vt 2.125000 0.000000
vt 0.641747 0.062500
vt 0.065999 0.553689
vt 0.661612 0.088388
vt 0.127500 0.579164
vt 0.687500 0.108253
vt 0.717648 0.120741
vt 0.180312 0.619688
vt 0.000000 -0.647953
vt -1.020000 -0.647953
vt 0.000000 -0.706858
vt -1.020000 -0.706858
vt 0.000000 0.706858
vt -1.020000 0.706858
vt 0.000000 0.647953
vt -1.020000 0.647953
vt 0.000000 0.589049
vt -1.020000 0.589049
vt 0.000000 0.530144
vt -1.020000 0.530144
vt 0.000000 0.471239
vt -1.020000 0.471239
vt 0.000000 0.412334
vt -1.020000 0.412334
vt 0.000000 0.353429
vt -1.020000 0.353429
vt 0.000000 0.294524
vt -1.020000 0.294524
vt 0.000000 0.235619
vt -1.020000 0.235619
vt 0.000000 0.176715
vt -1.020000 0.176715
vt 0.000000 0.117810
vt -1.020000 0.117810
vt 0.000000 0.058905
vt -1.020000 0.058905
vt 0.000000 0.000000
vt -1.020000 0.000000
vt 0.000000 -0.058905
vt -1.020000 -0.058905
vt 0.000000 -0.117810
vt -1.020000 -0.117810
vt 0.000000 -0.176715
vt -1.020000 -0.176715
vt 0.000000 -0.235619
vt -1.020000 -0.235619
vt 0.000000 -0.294524
vt -1.020000 -0.294524
vt 0.000000 -0.353429
vt -1.020000 -0.353429
vt 0.000000 -0.412334
vt -1.020000 -0.412334
vt 0.000000 -0.471239
vt -1.020000 -0.471239
vt 0.000000 -0.530144
vt -1.020000 -0.530144
vt 0.000000 -0.589049
vt -1.020000 -0.589049
vt -2.928541 0.021213
vt -2.928541 -0.021213
vt -0.021213 -0.499616
vt 0.021213 -0.499616
vt -0.021213 -0.374712
vt 0.021213 -0.374712
vt -0.021213 -0.249808
vt 0.021213 -0.249808
vt -0.021213 -0.124904
vt 0.021213 -0.124904
vt -0.021213 0.124904
vt 0.021213 0.124904
vt -0.021213 0.249808
vt 0.021213 0.249808
vt -0.021213 0.374712
vt 0.021213 0.374712
vt -0.021213 0.499616
vt 0.021213 0.499616
vt 0.021213 2.493228
vt -0.021213 2.493228
vt 0.021213 2.243905
vt -0.021213 2.243905
vt 0.021213 1.994583
vt -0.021213 1.994583
vt 0.021213 1.745260
vt -0.021213 1.745260
vt 0.021213 1.495937
vt -0.021213 1.495937
vt 0.021213 1.246614
vt -0.021213 1.246614
vt 0.021213 0.997291
vt -0.021213 0.997291
vt 0.021213 0.747968
vt -0.021213 0.747968
vt 0.021213 0.498646
vt -0.021213 0.498646
vt 0.021213 0.249323
vt -0.021213 0.249323
vt 0.021213 -0.249323
vt -0.021213 -0.249323
vt 0.021213 -0.498646
vt -0.021213 -0.498646
vt 0.021213 -0.747968
vt -0.021213 -0.747968
vt 0.021213 -0.997291
vt -0.021213 -0.997291
vt 0.021213 -1.246614
vt -0.021213 -1.246614
vt 0.021213 -1.495937
vt -0.021213 -1.495937
vt 0.021213 -1.745260
vt -0.021213 -1.745260
vt 0.021213 -1.994583
vt -0.021213 -1.994583
vt 0.021213 -2.243905
vt -0.021213 -2.243905
vt 0.021213 -2.493228
vt -0.021213 -2.493228
vt 0.428541 0.021213
vt 0.428541 -0.021213
vt -0.520000 -0.157080
vt -0.030000 -0.157080
vt -0.520000 -0.104720
vt -0.030000 -0.104720
vt -0.520000 -0.052360
vt -0.030000 -0.052360
vt -0.030000 -0.000000
vt -0.520000 0.052360
vt -0.030000 0.052360
vt -0.520000 0.104720
vt -0.030000 0.104720
vt -0.520000 0.157080
vt -0.030000 0.157080
vt 0.200000 0.030000
vt 4.800000 0.030000
vt 0.200000 0.520000
vt 4.800000 0.520000
vt 0.800000 0.030000
vt 0.800000 0.520000
vt 4.178541 0.030000
vt 4.178541 0.520000
vt 0.821459 0.030000
vt 0.821459 0.520000
vt 0.520000 0.485064
vt 0.030000 0.485064
vt 0.520000 0.363798
vt 0.030000 0.363798
vt 0.520000 0.242532
vt 0.030000 0.242532
vt 0.520000 0.121266
vt 0.030000 0.121266
vt 0.520000 -0.000000
vt 0.030000 -0.000000
vt 0.520000 -0.121266
vt 0.030000 -0.121266
vt 0.520000 -0.242532
vt 0.030000 -0.242532
vt 0.520000 -0.363798
vt 0.030000 -0.363798
vt 0.520000 -0.485064
vt 0.030000 -0.485064
vt -0.520000 -0.485064
vt -0.030000 -0.485064
vt -0.520000 -0.363798
vt -0.030000 -0.363798
vt -0.520000 -0.242532
vt -0.030000 -0.242532
vt -0.520000 -0.121266
vt -0.030000 -0.121266
vt -0.520000 0.121266
vt -0.030000 0.121266
vt -0.520000 0.242532
vt -0.030000 0.242532
vt -0.520000 0.363798
vt -0.030000 0.363798
vt -0.520000 0.485064
vt -0.030000 0.485064
vt 1.276507 0.246027
vt 1.067333 0.058234
vt 1.300000 0.000000
vt 1.075000 0.000000
vt 1.067333 -0.058234
vt 1.206878 0.483161
vt 1.009099 0.159099
vt 1.044856 0.112500
vt 1.093630 0.702833
vt 0.908234 0.217333
vt 0.962500 0.194856
vt 0.940854 0.897103
vt 0.650000 0.736122
vt 0.642333 0.677887
vt 0.619856 0.623622
vt 0.754074 1.058949
vt 0.619856 0.848622
vt 0.642333 0.794356
vt 0.540040 1.182522
vt 0.537500 0.930977
vt 0.584099 0.895221
vt 0.306487 1.263355
vt 0.425000 0.961122
vt 0.483234 0.953455
vt 0.061856 1.298528
vt 0.312500 0.930977
vt 0.366766 0.953455
vt -0.185009 1.286768
vt -0.265901 0.895221
vt -0.230144 0.848622
vt 0.230144 0.848622
vt 0.207667 0.794356
vt -0.207667 0.794356
vt 0.200000 0.736122
vt -0.200000 0.736122
vt 0.207667 0.677887
vt -0.207667 0.677887
vt 0.230144 0.623622
vt -0.230144 0.623622
vt 0.265901 0.577023
vt -0.265901 0.577023
vt 0.312500 0.541266
vt -0.312500 0.541266
vt 0.312500 -0.541266
vt -0.312500 -0.541266
vt 0.265901 -0.577023
vt -0.265901 -0.577023
vt 0.230144 -0.623622
vt -0.230144 -0.623622
vt 0.207667 -0.677887
vt -0.207667 -0.677887
vt 0.200000 -0.736122
vt -0.200000 -0.736122
vt 0.207667 -0.794356
vt -0.207667 -0.794356
vt 0.230144 -0.848622
vt -0.230144 -0.848622
vt 0.061856 -1.298528
vt -0.265901 -0.895221
vt -0.185009 -1.286768
vt -0.312500 -0.930977
vt -0.366766 -0.953455
vt -0.425188 1.228501
vt -0.366766 0.953455
vt -0.312500 0.930977
vt -0.650000 1.125833
vt -0.483234 0.953455
vt -0.425000 0.961122
vt -0.851319 0.982474
vt -0.584099 0.895221
vt -0.537500 0.930977
vt -1.021869 0.803607
vt -0.642333 0.794356
vt -0.619856 0.848622
vt -1.155486 0.595694
vt -0.642333 0.677887
vt -0.650000 0.736122
vt -1.247341 0.366252
vt -0.962500 0.194856
vt -0.908234 0.217333
vt -0.850000 0.225000
vt -1.294113 0.123573
vt -1.044856 0.112500
vt -1.009099 0.159099
vt -1.294113 -0.123573
vt -1.075000 0.000000
vt -1.067333 0.058234
vt -1.247341 -0.366252
vt -1.044856 -0.112500
vt -1.067333 -0.058234
vt -1.155486 -0.595694
vt -0.962500 -0.194856
vt -1.009099 -0.159099
vt -1.021869 -0.803607
vt -0.642333 -0.677887
vt -0.619856 -0.623622
vt -0.850000 -0.225000
vt -0.791766 -0.217333
vt -0.584099 -0.577023
vt -0.737500 -0.194856
vt -0.537500 -0.541266
vt -0.690901 -0.159099
vt -0.483234 -0.518788
vt -0.655144 -0.112500
vt -0.425000 -0.511122
vt -0.632667 -0.058234
vt -0.366766 -0.518788
vt -0.851319 -0.982474
vt -0.642333 -0.794356
vt -0.650000 -0.736122
vt -0.650000 -1.125833
vt -0.584099 -0.895221
vt -0.619856 -0.848622
vt -0.425188 -1.228501
vt -0.483234 -0.953455
vt -0.537500 -0.930977
vt -0.425000 -0.961122
vt 0.306487 -1.263355
vt 0.312500 -0.930977
vt 0.265901 -0.895221
vt 0.540040 -1.182522
vt 0.425000 -0.961122
vt 0.366766 -0.953455
vt 0.754074 -1.058949
vt 0.537500 -0.930977
vt 0.483234 -0.953455
vt 0.940854 -0.897103
vt 0.619856 -0.848622
vt 0.584099 -0.895221
vt 1.093630 -0.702833
vt 0.650000 -0.736122
vt 0.642333 -0.794356
vt 1.206878 -0.483161
vt 0.908234 -0.217333
vt 0.850000 -0.225000
vt 0.619856 -0.623622
vt 0.791766 -0.217333
vt 0.584099 -0.577023
vt 0.737500 -0.194856
vt 0.537500 -0.541266
vt 0.690901 -0.159099
vt 0.483234 -0.518788
vt 0.655144 -0.112500
vt 0.425000 -0.511122
vt 0.632667 -0.058234
vt 0.366766 -0.518788
vt 1.276507 -0.246027
vt 1.009099 -0.159099
vt 0.962500 -0.194856
vt 1.044856 -0.112500
vt 0.366766 0.518788
vt 0.632667 0.058234
vt 0.425000 0.511122
vt 0.655144 0.112500
vt 0.483234 0.518788
vt 0.690901 0.159099
vt 0.537500 0.541266
vt 0.737500 0.194856
vt 0.584099 0.577023
vt 0.791766 0.217333
vt 0.850000 0.225000
vt -0.366766 0.518788
vt -0.632667 0.058234
vt -0.425000 0.511122
vt -0.655144 0.112500
vt -0.483234 0.518788
vt -0.690901 0.159099
vt -0.537500 0.541266
vt -0.737500 0.194856
vt -0.584099 0.577023
vt -0.791766 0.217333
vt -0.619856 0.623622
vt -0.908234 -0.217333
vt 0.265901 0.895221
vt 0.642333 -0.677887
vt 0.813941 0.000000
vt 0.000000 0.100000
vt 0.813941 0.100000
vt 0.406971 0.062500
vt -0.406971 0.062500
vt 0.280548 -0.006019
vt -0.280548 -0.006019
vt 0.143088 -0.048240
vt -0.143088 -0.048240
vt -0.000000 -0.062500
vt 1.500000 0.546957
vt 1.500000 0.706726
vt -1.500000 0.665143
vt 1.400000 0.706726
vt -1.500000 0.836731
vt 1.400000 0.850759
vt -1.500000 1.008318
vt 1.400000 0.994793
vt 1.400000 1.138827
vt -1.500000 1.179906
vt 1.400000 1.282861
vt -1.500000 1.351493
vt 1.400000 1.426895
vt -1.500000 1.523081
vt 1.400000 1.570929
vt -1.500000 1.694668
vt 1.500000 1.570929
vt 1.500000 1.737732
vt -1.500000 1.866256
vt 1.500000 1.904534
vt -1.500000 2.037843
vt 1.500000 2.071337
vt -1.500000 2.209431
vt 1.500000 2.238140
vt -1.500000 2.381018
vt 1.500000 2.404942
vt -1.500000 2.552606
vt 1.500000 2.571745
vt -1.500000 2.724193
vt 1.500000 2.738548
vt -1.500000 2.895781
vt 1.500000 2.905350
vt -1.500000 3.067368
vt 1.500000 3.072153
vt -1.500000 3.238956
vt 1.500000 3.238956
vt -1.500000 0.493556
vt 1.500000 0.387188
vt -1.500000 0.321968
vt 1.500000 0.227419
vt -1.500000 0.150381
vt 1.500000 0.067650
vt -1.500000 -0.021207
vt 1.500000 -0.092119
vt -1.500000 -0.192794
vt 1.500000 -0.251888
vt -1.500000 -0.364382
vt 1.500000 -0.411656
vt -1.500000 -0.535969
vt 1.500000 -0.571425
vt -1.500000 -0.707557
vt 1.500000 -0.731194
vt -1.500000 -0.879144
vt 1.500000 -0.890963
vt -1.500000 -1.050732
vt 1.500000 -1.050732
vt 0.400000 -0.316777
vt 0.000000 -0.316777
vt 0.400000 -0.345575
vt 0.000000 -0.345575
vt 0.400000 0.345575
vt 0.000000 0.345575
vt 0.400000 0.316777
vt -0.000000 0.316777
vt 0.400000 0.287979
vt -0.000000 0.287979
vt 0.400000 0.259181
vt 0.000000 0.259181
vt 0.400000 0.230383
vt 0.000000 0.230383
vt 0.400000 0.201586
vt -0.000000 0.201586
vt 0.400000 0.172788
vt 0.000000 0.172788
vt 0.400000 0.143990
vt 0.000000 0.143990
vt 0.400000 0.115192
vt 0.000000 0.115192
vt 0.400000 0.086394
vt 0.000000 0.086394
vt 0.400000 0.057596
vt 0.000000 0.057596
vt 0.400000 0.028798
vt 0.000000 0.028798
vt 0.400000 0.000000
vt 0.400000 -0.028798
vt 0.000000 -0.028798
vt 0.400000 -0.057596
vt 0.000000 -0.057596
vt 0.400000 -0.086394
vt 0.000000 -0.086394
vt 0.400000 -0.115192
vt 0.000000 -0.115192
vt 0.400000 -0.143990
vt 0.000000 -0.143990
vt 0.400000 -0.172788
vt 0.000000 -0.172788
vt 0.400000 -0.201586
vt 0.000000 -0.201586
vt 0.400000 -0.230383
vt 0.000000 -0.230383
vt 0.400000 -0.259181
vt 0.000000 -0.259181
vt 0.400000 -0.287979
vt 0.000000 -0.287979
vt 0.250000 -0.611968
vt 0.248471 -0.655274
vt 0.250000 -0.669778
vt 0.245330 -0.699130
vt 0.250000 -0.727588
vt 0.242605 -0.742806
vt 0.250000 -0.785398
vt 0.241471 -0.785398
vt 0.242605 -0.827990
vt 0.250000 -0.843208
vt 0.245330 -0.871666
vt 0.250000 -0.901019
vt 0.248471 -0.915522
vt 0.250000 -0.958829
vt 0.490149 -0.111024
vt 0.525680 -0.086300
vt -0.490149 -0.111024
vt -0.525680 -0.086300
vt -0.565439 -0.067657
vt -0.000000 -0.066615
vt -0.607624 -0.056259
vt -0.650000 -0.052406
vt 0.000000 -0.022205
vt -0.750000 -0.022205
vt -0.750000 0.022205
vt -1.500000 0.022205
vt -1.500000 0.066615
vt -0.750000 0.066615
vt -1.500000 0.111024
vt 0.000000 0.066615
vt 1.500000 0.111024
vt 0.750000 0.066615
vt 1.500000 0.066615
vt 1.500000 0.022205
vt 0.750000 0.022205
vt 1.500000 -0.022205
vt 0.750000 -0.022205
vt 0.692376 -0.056259
vt 0.650000 -0.052406
vt 0.565439 -0.067657
vt 0.607624 -0.056259
vt 0.734561 -0.067657
vt 0.750000 -0.066615
vt 1.500000 -0.066615
vt 0.774320 -0.086300
vt 0.809851 -0.111024
vt 1.500000 -0.111024
vt -1.500000 -0.022205
vt -0.692376 -0.056259
vt -1.500000 -0.066615
vt -0.750000 -0.066615
vt -0.734561 -0.067657
vt -0.774320 -0.086300
vt -1.500000 -0.111024
vt -0.809851 -0.111024
vt 0.000000 0.022205
vt 1.418748 -0.621530
vt 0.431252 -0.621530
vt 1.415000 -0.650000
vt 0.435000 -0.650000
vt 1.418748 -0.678470
vt 0.431252 -0.678470
vt 1.429737 -0.705000
vt 0.420263 -0.705000
vt 0.132782 -1.500000
vt 0.402782 -0.727782
vt 0.380000 -0.745263
vt 0.420263 -0.595000
vt 1.429737 -0.595000
vt 0.420263 0.595000
vt 1.429737 0.595000
vt 0.431252 0.621530
vt 1.418748 0.621530
vt 0.435000 0.650000
vt 1.415000 0.650000
vt 0.431252 0.678470
vt 1.418748 0.678470
vt 0.420263 0.705000
vt 1.429737 0.705000
vt 0.132782 1.500000
vt 1.447218 0.727782
vt 1.875000 1.500000
vt 1.470000 0.745263
vt 1.496530 0.756252
vt 1.447218 0.572218
vt 1.447218 -0.572218
vt 1.470000 0.554737
vt 1.470000 -0.554737
vt 1.496530 0.543748
vt 1.496530 -0.543748
vt 1.525000 0.540000
vt 1.525000 -0.540000
vt 1.553470 -0.543748
vt 1.553470 0.543748
vt 1.580000 -0.554737
vt 1.580000 0.554737
vt 1.602782 -0.572218
vt 1.602782 0.572218
vt 1.620263 -0.595000
vt 1.620263 0.595000
vt 1.631252 -0.621530
vt 1.631252 0.621530
vt 1.875000 -1.500000
vt 1.635000 -0.650000
vt 1.631252 -0.678470
vt 1.620263 -0.705000
vt 1.602782 -0.727782
vt 1.580000 -0.745263
vt 1.553470 -0.756252
vt 1.525000 -0.760000
vt 1.496530 -0.756252
vt 1.470000 -0.745263
vt 1.447218 -0.727782
vt 0.218748 0.678470
vt 0.101263 0.761543
vt 0.215000 0.650000
vt 0.081654 0.707296
vt 0.075000 0.650000
vt 0.132782 0.809851
vt 0.229737 0.705000
vt 0.247218 0.727782
vt 0.270000 0.745263
vt 0.296530 0.756252
vt 0.325000 0.760000
vt 0.353470 0.756252
vt 0.380000 0.745263
vt 0.402782 0.727782
vt 0.402782 0.572218
vt 0.402782 -0.572218
vt 0.380000 0.554737
vt 0.380000 -0.554737
vt 0.353470 0.543748
vt 0.353470 -0.543748
vt 0.325000 0.540000
vt 0.325000 -0.540000
vt 0.296530 -0.543748
vt 0.296530 0.543748
vt 0.132782 -0.490149
vt 0.132782 0.490149
vt 0.270000 0.554737
vt 0.247218 0.572218
vt 0.229737 0.595000
vt 0.218748 0.621530
vt 0.101263 0.538457
vt 0.081654 0.592704
vt 1.525000 0.760000
vt 1.553470 0.756252
vt 1.580000 0.745263
vt 1.602782 0.727782
vt 1.620263 0.705000
vt 1.631252 0.678470
vt 1.635000 0.650000
vt 0.218748 -0.621530
vt 0.101263 -0.538457
vt 0.215000 -0.650000
vt 0.081654 -0.592704
vt 0.075000 -0.650000
vt 0.229737 -0.595000
vt 0.247218 -0.572218
vt 0.270000 -0.554737
vt 0.353470 -0.756252
vt 0.325000 -0.760000
vt 0.296530 -0.756252
vt 0.132782 -0.809851
vt 0.270000 -0.745263
vt 0.247218 -0.727782
vt 0.229737 -0.705000
vt 0.218748 -0.678470
vt 0.101263 -0.761543
vt 0.081654 -0.707296
vt 0.151474 -1.625454
vt 0.172486 -1.809031
vt 0.175758 -1.615873
vt 0.198307 -1.812876
vt 0.224242 -1.809908
vt 0.148541 -1.798634
vt 0.130497 -1.640993
vt 0.128102 -1.782394
vt 0.114257 -1.661431
vt 0.112563 -1.761417
vt 0.103860 -1.685377
vt 0.102983 -1.737133
vt 0.100014 -1.711197
vt 0.335777 -1.555056
vt 0.397368 -1.747798
vt 0.477077 -1.458415
vt 0.554783 -1.652663
vt 0.591778 -1.331337
vt 0.690262 -1.528262
vt 0.673485 -1.180907
vt 0.798450 -1.379515
vt 0.875068 -1.212303
vt 0.717644 -1.015514
vt 0.917086 -1.033237
vt 0.721792 -0.844377
vt 0.922845 -0.849397
vt 0.892116 -0.668053
vt 0.685699 -0.677038
vt 0.826113 -0.496373
vt 0.727448 -0.341147
vt 0.611375 -0.522826
vt 0.600020 -0.208511
vt 0.502966 -0.390341
vt 0.448868 -0.103709
vt 0.366515 -0.286967
vt 0.279969 -0.030886
vt 0.209629 -0.218468
vt 0.100000 0.007079
vt 0.041056 -0.188663
vt -0.129805 -0.199215
vt -0.300000 0.095282
vt -0.304910 0.051237
vt 0.100000 1.837500
vt -0.300000 1.837500
vt -0.293430 -0.249534
vt -0.319400 0.009354
vt -0.342758 -0.028310
vt -0.373837 -0.059905
vt -0.411111 -0.083879
vt -0.440695 -0.336816
vt -0.565261 -0.180308
vt -0.563391 -0.456193
vt -0.697570 -0.305029
vt -0.654675 -0.601011
vt -0.802925 -0.453221
vt -0.709460 -0.763195
vt -0.877255 -0.619160
vt -0.917689 -0.796434
vt -0.724690 -0.933704
vt -0.922664 -0.978192
vt -0.891988 -1.157412
vt -0.699516 -1.103030
vt -0.826846 -1.327168
vt -0.635343 -1.261734
vt -0.729756 -1.480903
vt -0.604468 -1.612674
vt -0.535747 -1.400967
vt -0.455824 -1.717391
vt -0.406282 -1.512966
vt -0.289567 -1.791008
vt -0.254166 -1.591488
vt -0.112121 -1.830680
vt -0.087879 -1.632154
vt -0.086017 -1.830435
vt -0.062601 -1.638674
vt -0.060866 -1.823442
vt -0.039871 -1.651514
vt -0.038382 -1.810177
vt -0.021240 -1.669799
vt -0.020097 -1.791546
vt -0.007975 -1.692283
vt -0.007257 -1.768816
vt -0.000982 -1.717434
vt -0.000737 -1.743538
vt -1.500000 0.197196
vt -1.000000 0.197196
vt -1.500000 0.223376
vt -0.500000 0.197196
vt 0.000000 0.197196
vt 0.000000 0.171016
vt 0.500000 0.171016
vt 0.500000 0.144836
vt 1.000000 0.144836
vt 1.000000 0.118657
vt 1.500000 0.118657
vt 1.500000 0.092477
vt 1.000000 0.092477
vt 1.500000 0.066297
vt 1.000000 0.066297
vt 1.500000 0.040117
vt 1.000000 0.040117
vt 1.500000 0.013937
vt 1.000000 0.013937
vt 1.500000 -0.012243
vt 1.000000 -0.012243
vt 1.500000 -0.038423
vt 1.000000 -0.038423
vt 1.500000 -0.064603
vt 1.000000 -0.064603
vt 1.500000 -0.090783
vt 0.500000 -0.064603
vt 0.000000 -0.064603
vt 0.000000 -0.038423
vt -0.500000 -0.038423
vt -0.500000 -0.012243
vt -1.000000 -0.012243
vt -1.000000 0.013937
vt -1.500000 0.013937
vt -1.500000 0.040117
vt -1.000000 0.040117
vt -1.500000 0.066297
vt -1.000000 0.066297
vt -1.500000 0.092477
vt -1.000000 0.092477
vt -1.500000 0.118657
vt -1.000000 0.118657
vt -1.500000 0.144836
vt -1.000000 0.144836
vt -1.500000 0.171016
vt -1.000000 0.171016
vt -1.500000 -0.012243
vt -1.000000 -0.038423
vt -0.500000 -0.064603
vt -1.500000 -0.090783
vt -1.500000 -0.038423
vt -1.000000 -0.064603
vt -1.500000 -0.064603
vt 1.500000 0.144836
vt 1.000000 0.171016
vt 0.500000 0.197196
vt 1.500000 0.223376
vt 1.500000 0.171016
vt 1.000000 0.197196
vt 1.500000 0.197196
vt -0.500000 0.171016
vt -0.500000 0.144836
vt -0.500000 0.118657
vt -0.500000 0.092477
vt -0.500000 0.066297
vt -0.500000 0.040117
vt -0.500000 0.013937
vt 0.000000 0.144836
vt 0.500000 0.118657
vt 0.000000 0.118657
vt 0.000000 0.092477
vt 0.000000 0.066297
vt 0.000000 0.040117
vt 0.000000 0.013937
vt 0.000000 -0.012243
vt 0.500000 0.092477
vt 0.500000 0.066297
vt 0.500000 0.040117
vt 0.500000 0.013937
vt 0.500000 -0.012243
vt 0.500000 -0.038423
vt -1.500000 0.215515
vt -1.000000 0.215515
vt -1.500000 0.241695
vt -0.500000 0.215515
vt 0.000000 0.215515
vt 0.000000 0.189335
vt 0.500000 0.189335
vt 0.500000 0.163155
vt 1.000000 0.163155
vt 1.000000 0.136975
vt 1.500000 0.136975
vt 1.500000 0.110795
vt 1.000000 0.110795
vt 1.500000 0.084615
vt 1.000000 0.084615
vt 1.500000 0.058435
vt 1.000000 0.058435
vt 1.500000 0.032255
vt 1.000000 0.032255
vt 1.500000 0.006076
vt 1.000000 0.006076
vt 1.500000 -0.020104
vt 1.000000 -0.020104
vt 1.500000 -0.046284
vt 1.000000 -0.046284
vt 1.500000 -0.072464
vt 0.500000 -0.046284
vt 0.000000 -0.046284
vt 0.000000 -0.020104
vt -0.500000 -0.020104
vt -0.500000 0.006076
vt -1.000000 0.006076
vt -1.000000 0.032255
vt -1.500000 0.032255
vt -1.500000 0.058435
vt -1.000000 0.058435
vt -1.500000 0.084615
vt -1.000000 0.084615
vt -1.500000 0.110795
vt -1.000000 0.110795
vt -1.500000 0.136975
vt -1.000000 0.136975
vt -1.500000 0.163155
vt -1.000000 0.163155
vt -1.500000 0.189335
vt -1.000000 0.189335
vt -1.500000 0.006076
vt -1.000000 -0.020104
vt -0.500000 -0.046284
vt -1.500000 -0.072464
vt -1.500000 -0.020104
vt -1.000000 -0.046284
vt -1.500000 -0.046284
vt 1.500000 0.163155
vt 1.000000 0.189335
vt 0.500000 0.215515
vt 1.500000 0.241695
vt 1.500000 0.189335
vt 1.000000 0.215515
vt 1.500000 0.215515
vt -0.500000 0.189335
vt -0.500000 0.163155
vt -0.500000 0.136975
vt -0.500000 0.110795
vt -0.500000 0.084615
vt -0.500000 0.058435
vt -0.500000 0.032255
vt 0.000000 0.163155
vt 0.500000 0.136975
vt 0.000000 0.136975
vt 0.000000 0.110795
vt 0.000000 0.084615
vt 0.000000 0.058435
vt 0.000000 0.032255
vt 0.000000 0.006076
vt 0.500000 0.110795
vt 0.500000 0.084615
vt 0.500000 0.058435
vt 0.500000 0.032255
vt 0.500000 0.006076
vt 0.500000 -0.020104
vt 0.456252 -0.678470
vt 1.443748 -0.678470
vt 0.460000 -0.650000
vt 1.440000 -0.650000
vt 0.456252 -0.621530
vt 1.443748 -0.621530
vt 0.445263 -0.595000
vt 1.454737 -0.595000
vt 0.445263 0.595000
vt 1.454737 0.595000
vt 0.456252 0.621530
vt 1.443748 0.621530
vt 0.460000 0.650000
vt 1.440000 0.650000
vt 0.456252 0.678470
vt 1.443748 0.678470
vt 0.445263 0.705000
vt 1.454737 0.705000
vt 0.427782 0.727782
vt 1.472218 0.727782
vt 1.830421 1.500000
vt 1.495000 0.745263
vt 1.521530 0.756252
vt 1.454737 -0.705000
vt 0.445263 -0.705000
vt 1.472218 -0.727782
vt 0.427782 -0.727782
vt 1.830421 -1.500000
vt 0.000000 -1.500000
vt 0.405000 -0.745263
vt 0.378470 -0.756252
vt 0.350000 -0.760000
vt 0.321530 -0.756252
vt 0.295000 -0.745263
vt 0.272218 -0.727782
vt 0.254737 -0.705000
vt 0.243748 -0.678470
vt 0.240000 -0.650000
vt 0.243748 -0.621530
vt 0.243748 0.621530
vt 0.254737 0.595000
vt 0.254737 -0.595000
vt 0.272218 0.572218
vt 0.272218 -0.572218
vt 0.295000 0.554737
vt 0.295000 -0.554737
vt 0.321530 0.543748
vt 0.321530 -0.543748
vt 0.350000 0.540000
vt 0.350000 -0.540000
vt 0.378470 -0.543748
vt 0.378470 0.543748
vt 0.405000 -0.554737
vt 0.405000 0.554737
vt 0.427782 -0.572218
vt 0.427782 0.572218
vt 1.656252 0.621530
vt 1.656252 -0.621530
vt 1.660000 0.650000
vt 1.660000 -0.650000
vt 1.656252 -0.678470
vt 1.645263 -0.705000
vt 1.645263 0.595000
vt 1.645263 -0.595000
vt 1.627782 0.572218
vt 1.627782 -0.572218
vt 1.605000 0.554737
vt 1.605000 -0.554737
vt 1.578470 0.543748
vt 1.578470 -0.543748
vt 1.550000 0.540000
vt 1.550000 -0.540000
vt 1.521530 -0.543748
vt 1.521530 0.543748
vt 1.495000 -0.554737
vt 1.495000 0.554737
vt 1.472218 -0.572218
vt 1.472218 0.572218
vt 1.550000 0.760000
vt 1.578470 0.756252
vt 1.605000 0.745263
vt 1.627782 0.727782
vt 1.645263 0.705000
vt 1.656252 0.678470
vt -0.000000 1.500000
vt 0.240000 0.650000
vt 0.243748 0.678470
vt 0.254737 0.705000
vt 0.272218 0.727782
vt 0.295000 0.745263
vt 0.321530 0.756252
vt 0.350000 0.760000
vt 0.378470 0.756252
vt 0.405000 0.745263
vt 1.627782 -0.727782
vt 1.605000 -0.745263
vt 1.578470 -0.756252
vt 1.550000 -0.760000
vt 1.521530 -0.756252
vt 1.495000 -0.745263
vt 0.400000 1.500000
vt 0.400000 -1.500000
vt 1.500000 1.026974
vt -1.500000 1.026974
vt 1.500000 0.844854
vt -1.500000 0.844854
vt 1.500000 0.662734
vt -1.500000 0.662734
vt 1.500000 0.480613
vt -1.500000 0.480613
vt 1.500000 0.298493
vt -1.500000 0.298493
vt 1.500000 0.116373
vt -1.500000 0.116373
vt 1.500000 -0.065747
vt -1.500000 -0.065747
vt 1.500000 -0.247868
vt -1.500000 -0.247868
vt 1.500000 -0.429988
vt -1.500000 -0.429988
vt 1.500000 -0.612108
vt -1.500000 -0.612108
vt 1.500000 -0.794228
vt -1.500000 -0.794228
vt 1.500000 -0.976349
vt -1.500000 -0.976349
vt 1.500000 -1.158469
vt -1.500000 -1.158469
vt 1.500000 -1.340589
vt -1.500000 -1.340589
vt 1.500000 -1.679486
vt -1.500000 -1.679486
vt 1.500000 -1.863720
vt -1.500000 -1.863720
vt 1.500000 -2.047954
vt -1.500000 -2.047954
vt 1.500000 -2.232188
vt -1.500000 -2.232188
vt 1.500000 -2.416422
vt -1.500000 -2.416422
vt 1.500000 -2.600656
vt -1.500000 -2.600656
vt 1.500000 -2.784891
vt -1.500000 -2.784891
vt 1.500000 -2.969125
vt -1.500000 -2.969125
vt 1.500000 -3.153359
vt -1.500000 -3.153359
vt 1.500000 -3.337593
vt -1.500000 -3.337593
vt 1.500000 -3.521827
vt -1.500000 -3.521827
vt 1.500000 -3.706061
vt -1.500000 -3.706061
vt 1.500000 -3.890296
vt -1.500000 -3.890296
vt 1.500000 -4.074530
vt -1.500000 -4.074530
vt 1.500000 -4.258764
vt -1.500000 -4.258764
vt -0.198307 -1.812876
vt -0.175758 -1.615873
vt -0.224242 -1.809908
vt -0.331529 -1.557258
vt -0.397368 -1.747798
vt -0.469830 -1.464664
vt -0.554783 -1.652663
vt -0.583370 -1.342971
vt -0.690262 -1.528262
vt -0.666166 -1.198591
vt -0.798450 -1.379515
vt -0.713855 -1.039135
vt -0.875068 -1.212303
vt -0.917086 -1.033237
vt -0.723923 -0.873005
vt -0.922845 -0.849397
vt -0.892116 -0.668053
vt -0.695841 -0.708956
vt -0.826113 -0.496373
vt -0.631088 -0.555634
vt -0.727448 -0.341147
vt -0.600020 -0.208511
vt -0.533076 -0.421119
vt -0.448868 -0.103709
vt -0.406971 -0.312500
vt -0.279969 -0.030886
vt -0.100000 0.007079
vt 0.406971 -0.312500
vt 0.319400 0.009354
vt 0.342758 -0.028310
vt 0.373837 -0.059905
vt 0.411111 -0.083879
vt 0.565261 -0.180308
vt 0.528283 -0.415970
vt 0.697570 -0.305029
vt 0.624045 -0.543457
vt 0.802925 -0.453221
vt 0.689623 -0.688792
vt 0.877255 -0.619160
vt 0.721846 -0.844948
vt 0.917689 -0.796434
vt 0.922664 -0.978192
vt 0.719156 -1.004371
vt 0.891988 -1.157412
vt 0.826846 -1.327168
vt 0.681682 -1.159351
vt 0.729756 -1.480903
vt 0.611237 -1.302391
vt 0.604468 -1.612674
vt 0.511228 -1.426573
vt 0.455824 -1.717391
vt 0.386493 -1.525891
vt 0.289567 -1.791008
vt 0.243064 -1.595541
vt 0.112121 -1.830680
vt 0.087879 -1.632154
vt 0.086017 -1.830435
vt 0.062601 -1.638674
vt 0.060866 -1.823442
vt 0.039871 -1.651514
vt 0.038382 -1.810177
vt 0.021240 -1.669799
vt 0.020097 -1.791546
vt 0.007975 -1.692283
vt 0.007257 -1.768816
vt 0.000982 -1.717434
vt 0.000737 -1.743538
vt -0.172486 -1.809031
vt -0.151474 -1.625454
vt -0.148541 -1.798634
vt -0.130497 -1.640993
vt -0.128102 -1.782394
vt -0.114257 -1.661431
vt -0.112563 -1.761417
vt -0.103860 -1.685377
vt -0.102983 -1.737133
vt -0.100014 -1.711197
vt 0.304910 0.051237
vt 0.300000 0.095282
vt -0.100000 1.837500
vt 0.300000 1.837500
vt 0.280000 0.000000
vt 0.000000 10.000000
vt 0.280000 10.000000
vt 0.700000 0.000000
vt 0.700000 10.000000
vt 0.070711 0.000000
vt 0.070711 10.000000
vt 0.100000 0.000000
vt 0.100000 10.000000
vt 0.040000 0.350000
vt 0.090000 -0.300000
vt 0.090000 0.300000
vt 0.240000 -0.350000
vt 0.240000 0.350000
vt -0.240000 0.350000
vt -0.240000 -0.350000
vt 0.040000 -0.350000
vt 0.140000 -0.350000
vt 0.140000 0.350000
vt -0.090000 0.300000
vt -0.090000 -0.300000
vt -0.040000 0.350000
vt -0.040000 -0.350000
vt -0.140000 0.350000
vt -0.140000 -0.350000
vt 0.325000 -0.350000
vt -0.005000 -0.350000
vt 0.325000 -0.850000
vt -0.325000 -0.850000
vt -0.005000 0.350000
vt -0.325000 0.850000
vt 0.325000 0.850000
vt 0.325000 0.350000
vt 0.330000 1.000000
vt -0.000000 1.000000
vt 0.330000 -1.000000
vt 0.000000 -1.000000
vt 0.700000 1.000000
vt 0.700000 -1.000000
vt 0.500000 1.000000
vt 0.500000 -1.000000
vt 0.650000 1.000000
vt 0.650000 -1.000000
vt 1.700000 1.000000
vt 1.700000 -1.000000
vt -0.325000 -0.350000
vt 0.005000 -0.350000
vt 0.005000 0.350000
vt -0.325000 0.350000
vt 0.330000 0.000000
vt -0.000000 0.400000
vt 0.330000 0.400000
vt 0.700000 0.400000
vt 0.500000 0.000000
vt 0.500000 0.400000
vt 0.650000 0.000000
vt 0.650000 0.400000
vt 1.700000 0.000000
vt 1.700000 0.400000
vt 0.330000 0.100000
vt 0.700000 0.100000
vt 0.500000 0.100000
vt 0.650000 0.100000
vt 1.700000 0.100000
vt -0.330000 0.000000
vt -0.330000 0.400000
vt -0.700000 0.000000
vt -0.700000 0.400000
vt -0.500000 0.000000
vt -0.500000 0.400000
vt -0.650000 0.000000
vt -0.650000 0.400000
vt -1.700000 -0.000000
vt -1.700000 0.400000
vt -0.330000 0.100000
vt -0.700000 0.100000
vt -0.500000 0.100000
vt -0.650000 0.100000
vt -1.700000 0.100000
vt -0.194114 -0.025556
vt 0.194114 -0.025556
vt 0.375000 -0.100481
vt -0.375000 -0.100481
vt 0.530330 -0.219670
vt -0.530330 -0.219670
vt 0.649519 -0.375000
vt -0.649519 -0.375000
vt 0.724444 -0.555886
vt -0.724444 -0.555886
vt 0.750000 -0.750000
vt -0.750000 -0.750000
vt 0.724444 -0.944114
vt -0.724444 -0.944114
vt 0.649519 -1.125000
vt -0.649519 -1.125000
vt 0.530330 -1.280330
vt -0.530330 -1.280330
vt 0.375000 -1.399519
vt -0.375000 -1.399519
vt 0.194114 -1.474444
vt -0.194114 -1.474444
vt 5.550000 0.196350
vt 2.250000 0.196350
vt 5.550000 0.000000
vt 2.250000 0.000000
vt 5.550000 -0.196350
vt 2.250000 -0.196350
vt 5.550000 -0.392699
vt 2.250000 -0.392699
vt 5.550000 -0.589049
vt 2.250000 -0.589049
vt 5.550000 -0.785398
vt 2.250000 -0.785398
vt 5.550000 -0.981748
vt 2.250000 -0.981748
vt 5.550000 -1.178097
vt 2.250000 -1.178097
vt 5.550000 -1.374447
vt 2.250000 -1.374447
vt 5.550000 -1.570796
vt 2.250000 -1.570796
vt 5.550000 -1.767146
vt 2.250000 -1.767146
vt 5.550000 -1.963495
vt 2.250000 -1.963495
vt 5.550000 -2.159845
vt 2.250000 -2.159845
vt 5.550000 -2.356194
vt 2.250000 -2.356194
vt 5.550000 2.356194
vt 2.250000 2.356194
vt 5.550000 2.159845
vt 2.250000 2.159845
vt 5.550000 1.963495
vt 2.250000 1.963495
vt 5.550000 1.767146
vt 2.250000 1.767146
vt 5.550000 1.570796
vt 2.250000 1.570796
vt 5.550000 1.374447
vt 2.250000 1.374447
vt 5.550000 1.178097
vt 2.250000 1.178097
vt 5.550000 0.981748
vt 2.250000 0.981748
vt 5.550000 0.785398
vt 2.250000 0.785398
vt 5.550000 0.589049
vt 2.250000 0.589049
vt 5.550000 0.392699
vt 2.250000 0.392699
vt -4.350000 2.159845
vt -1.050000 2.159845
vt -4.350000 2.356194
vt -1.050000 2.356194
vt -4.350000 -2.356194
vt -1.050000 -2.356194
vt -4.350000 -2.159845
vt -1.050000 -2.159845
vt -4.350000 -1.963495
vt -1.050000 -1.963495
vt -4.350000 -1.767146
vt -1.050000 -1.767146
vt -4.350000 -1.570796
vt -1.050000 -1.570796
vt -4.350000 -1.374447
vt -1.050000 -1.374447
vt -4.350000 -1.178097
vt -1.050000 -1.178097
vt -4.350000 -0.981748
vt -1.050000 -0.981748
vt -4.350000 -0.785398
vt -1.050000 -0.785398
vt -4.350000 -0.589049
vt -1.050000 -0.589049
vt -4.350000 -0.392699
vt -1.050000 -0.392699
vt -4.350000 -0.196350
vt -1.050000 -0.196350
vt -4.350000 0.000000
vt -1.050000 0.000000
vt -4.350000 0.196350
vt -1.050000 0.196350
vt -4.350000 0.392699
vt -1.050000 0.392699
vt -4.350000 0.589049
vt -1.050000 0.589049
vt -4.350000 0.785398
vt -1.050000 0.785398
vt -4.350000 0.981748
vt -1.050000 0.981748
vt -4.350000 1.178097
vt -1.050000 1.178097
vt -4.350000 1.374447
vt -1.050000 1.374447
vt -4.350000 1.570796
vt -1.050000 1.570796
vt -4.350000 1.767146
vt -1.050000 1.767146
vt -4.350000 1.963495
vt -1.050000 1.963495
vt 0.000000 -0.750000
vt 0.194114 -0.724444
vt -0.194114 -0.724444
vt -0.375000 -0.649519
vt 0.375000 -0.649519
vt -0.530330 -0.530330
vt 0.530330 -0.530330
vt -0.724444 -0.194114
vt 0.724444 -0.194114
vt -0.750000 0.000000
vt 0.750000 0.000000
vt -0.724444 0.194114
vt 0.724444 0.194114
vt -0.649519 0.375000
vt 0.649519 0.375000
vt -0.530330 0.530330
vt 0.530330 0.530330
vt -0.375000 0.649519
vt 0.375000 0.649519
vt -0.194114 0.724444
vt 0.194114 0.724444
vt 0.000000 0.750000
vt -0.000000 -0.750000
vt 0.150974 -0.734647
vt -0.150974 -0.734647
vt -0.295767 -0.689218
vt 0.295767 -0.689218
vt -0.428451 -0.615573
vt 0.428451 -0.615573
vt -0.543595 -0.516725
vt 0.543595 -0.516725
vt -0.636483 -0.396723
vt 0.636483 -0.396723
vt -0.703314 -0.260479
vt 0.703314 -0.260479
vt -0.741351 -0.113571
vt 0.741351 -0.113571
vt -0.749037 0.037987
vt 0.749037 0.037987
vt -0.726058 0.187989
vt 0.726058 0.187989
vt -0.673353 0.330296
vt 0.673353 0.330296
vt -0.593082 0.459079
vt 0.593082 0.459079
vt -0.488529 0.569069
vt 0.488529 0.569069
vt -0.363976 0.655760
vt 0.363976 0.655760
vt -0.224522 0.715604
vt 0.224522 0.715604
vt -0.075876 0.746152
vt 0.075876 0.746152
vt -4.350000 -2.204182
vt -5.550000 -2.280188
vt -5.550000 2.432201
vt -5.550000 2.280188
vt -4.350000 2.204182
vt -5.550000 2.128176
vt -4.350000 2.052169
vt -5.550000 1.976163
vt -4.350000 1.900157
vt -5.550000 1.824151
vt -4.350000 1.748144
vt -5.550000 1.672138
vt -4.350000 1.596132
vt -5.550000 1.520125
vt -4.350000 1.444119
vt -5.550000 1.368113
vt -4.350000 1.292107
vt -5.550000 1.216100
vt -4.350000 1.140094
vt -5.550000 1.064088
vt -4.350000 0.988082
vt -5.550000 0.912075
vt -4.350000 0.836069
vt -5.550000 0.760063
vt -4.350000 0.684056
vt -5.550000 0.608050
vt -4.350000 0.532044
vt -5.550000 0.456038
vt -4.350000 0.380031
vt -5.550000 0.304025
vt -4.350000 0.228019
vt -5.550000 0.152013
vt -4.350000 0.076006
vt -5.550000 0.000000
vt -4.350000 -0.076006
vt -5.550000 -0.152013
vt -4.350000 -0.228019
vt -5.550000 -0.304025
vt -4.350000 -0.380031
vt -5.550000 -0.456038
vt -4.350000 -0.532044
vt -5.550000 -0.608050
vt -4.350000 -0.684056
vt -5.550000 -0.760063
vt -4.350000 -0.836069
vt -5.550000 -0.912075
vt -4.350000 -0.988082
vt -5.550000 -1.064088
vt -4.350000 -1.140094
vt -5.550000 -1.216100
vt -4.350000 -1.292107
vt -5.550000 -1.368113
vt -4.350000 -1.444119
vt -5.550000 -1.520125
vt -4.350000 -1.596132
vt -5.550000 -1.672138
vt -4.350000 -1.748144
vt -5.550000 -1.824151
vt -4.350000 -1.900157
vt -5.550000 -1.976163
vt -4.350000 -2.052169
vt -5.550000 -2.128176
vt 0.150974 0.199647
vt 0.000000 0.215000
vt -0.150974 0.199647
vt -0.128034 -0.015546
vt -0.295767 0.154218
vt -0.248627 -0.061281
vt -0.428451 0.080573
vt -0.354771 -0.134547
vt -0.543595 -0.018275
vt -0.440296 -0.231085
vt -0.636483 -0.138277
vt -0.500234 -0.345286
vt -0.703314 -0.274521
vt -0.741351 -0.421429
vt -0.531099 -0.470513
vt -0.749037 -0.572987
vt -0.531099 -0.599487
vt -0.726058 -0.722989
vt -0.500234 -0.724714
vt -0.673353 -0.865296
vt -0.440296 -0.838915
vt -0.593082 -0.994079
vt -0.354771 -0.935453
vt -0.488529 -1.104069
vt -0.363976 -1.190760
vt -0.248627 -1.008719
vt -0.224522 -1.250604
vt -0.128034 -1.054454
vt -0.075876 -1.281152
vt -0.000000 -1.070000
vt 0.075876 -1.281152
vt 0.128034 -1.054454
vt 0.224522 -1.250604
vt 0.248627 -1.008719
vt 0.363976 -1.190760
vt 0.354771 -0.935453
vt 0.488529 -1.104069
vt 0.593082 -0.994079
vt 0.440296 -0.838915
vt 0.673353 -0.865296
vt 0.500234 -0.724714
vt 0.726058 -0.722989
vt 0.531099 -0.599487
vt 0.749037 -0.572987
vt 0.531099 -0.470513
vt 0.741351 -0.421429
vt 0.500234 -0.345286
vt 0.703314 -0.274521
vt 0.636483 -0.138277
vt 0.440296 -0.231085
vt 0.543595 -0.018275
vt 0.354771 -0.134547
vt 0.428451 0.080573
vt 0.248627 -0.061281
vt 0.295767 0.154218
vt 0.128034 -0.015546
vt 0.150000 0.129289
vt -0.150000 0.129289
vt 0.150000 0.000000
vt -0.150000 0.000000
vt 0.150000 -0.129289
vt -0.150000 -0.129289
vt 0.150000 -0.258577
vt -0.150000 -0.258577
vt 0.150000 -0.387866
vt -0.150000 -0.387866
vt 0.150000 -0.517154
vt -0.150000 -0.517154
vt 0.150000 -0.646443
vt -0.150000 -0.646443
vt 0.150000 -0.775732
vt -0.150000 -0.775732
vt 0.150000 -0.905020
vt -0.150000 -0.905020
vt 0.150000 -1.034309
vt -0.150000 -1.034309
vt 0.150000 -1.163598
vt -0.150000 -1.163598
vt 0.150000 -1.292886
vt -0.150000 -1.292886
vt 0.150000 -1.422175
vt -0.150000 -1.422175
vt 0.150000 -1.551463
vt -0.150000 -1.551463
vt 0.150000 -1.680752
vt -0.150000 -1.680752
vt 0.150000 1.680752
vt -0.150000 1.680752
vt 0.150000 1.551463
vt -0.150000 1.551463
vt 0.150000 1.422175
vt -0.150000 1.422175
vt 0.150000 1.292886
vt -0.150000 1.292886
vt 0.150000 1.163598
vt -0.150000 1.163598
vt 0.150000 1.034309
vt -0.150000 1.034309
vt 0.150000 0.905020
vt -0.150000 0.905020
vt 0.150000 0.775732
vt -0.150000 0.775732
vt 0.150000 0.646443
vt -0.150000 0.646443
vt 0.150000 0.517154
vt -0.150000 0.517154
vt 0.150000 0.387866
vt -0.150000 0.387866
vt 0.150000 0.258577
vt -0.150000 0.258577
vt -2.441838 0.653545
vt -2.616776 0.587384
vt -2.441838 0.566406
vt -2.616776 0.545428
vt -2.616776 0.503472
vt -2.791715 0.545428
vt -2.791715 0.503472
vt -2.966654 0.545428
vt -2.966654 0.503472
vt -3.141593 0.472005
vt -2.966654 0.461516
vt -3.141593 0.377604
vt -2.966654 0.419560
vt -2.966654 0.377604
vt -2.791715 0.377604
vt -2.791715 0.335648
vt -2.616776 0.335648
vt -2.616776 0.293692
vt -2.441838 0.304988
vt -2.616776 0.251736
vt -2.441838 0.217848
vt -2.616776 0.209780
vt -2.616776 0.167824
vt -2.791715 0.209780
vt -2.791715 0.167824
vt -2.966654 0.209780
vt -2.966654 0.167824
vt -3.141593 0.188802
vt -3.141593 0.094401
vt -2.441838 0.740685
vt -2.616776 0.671296
vt -2.616776 0.629340
vt -2.791715 0.629340
vt -2.791715 0.587384
vt -2.966654 0.629340
vt -2.966654 0.587384
vt -3.141593 0.566406
vt -2.441838 0.827824
vt -2.616776 0.755208
vt -2.616776 0.713252
vt -2.791715 0.713252
vt -2.791715 0.671296
vt -2.966654 0.713252
vt -2.966654 0.671296
vt -3.141593 0.660807
vt -2.441838 0.914964
vt -2.616776 0.839120
vt -2.616776 0.797164
vt -2.791715 0.797164
vt -2.791715 0.755208
vt -2.966654 0.797164
vt -2.966654 0.755208
vt -3.141593 0.755208
vt -2.441838 1.002103
vt -2.616776 0.923032
vt -2.616776 0.881076
vt -2.791715 0.881076
vt -2.791715 0.839120
vt -2.966654 0.881076
vt -2.966654 0.839120
vt -3.141593 0.849609
vt -2.441838 1.089242
vt -2.616776 1.006944
vt -2.616776 0.964988
vt -2.791715 0.964988
vt -2.791715 0.923032
vt -2.966654 0.964988
vt -2.966654 0.923032
vt -3.141593 0.944010
vt -2.441838 -1.089242
vt -2.616776 -1.174768
vt -2.441838 -1.176382
vt -2.616776 1.090856
vt -2.616776 1.048900
vt -2.791715 1.048900
vt -2.791715 1.006944
vt -2.966654 1.048900
vt -2.966654 1.006944
vt -3.141593 1.038411
vt -2.441838 -1.002103
vt -2.616776 -1.048900
vt -2.616776 -1.090856
vt -2.616776 -1.132812
vt -2.791715 -1.090856
vt -2.791715 -1.132812
vt -2.966654 -1.090856
vt -2.966654 -1.132812
vt -3.141593 -1.132812
vt -2.966654 1.132812
vt -3.141593 1.132812
vt -2.966654 1.090856
vt -2.441838 -0.914964
vt -2.616776 -0.964988
vt -2.616776 -1.006944
vt -2.791715 -1.006944
vt -2.791715 -1.048900
vt -2.966654 -1.006944
vt -2.966654 -1.048900
vt -3.141593 -1.038411
vt -2.441838 -0.827824
vt -2.616776 -0.881076
vt -2.616776 -0.923032
vt -2.791715 -0.923032
vt -2.791715 -0.964988
vt -2.966654 -0.923032
vt -2.966654 -0.964988
vt -3.141593 -0.944010
vt -2.441838 -0.740685
vt -2.616776 -0.797164
vt -2.616776 -0.839120
vt -2.791715 -0.839120
vt -2.791715 -0.881076
vt -2.966654 -0.839120
vt -2.966654 -0.881076
vt -3.141593 -0.849609
vt -2.441838 -0.653545
vt -2.616776 -0.713252
vt -2.616776 -0.755208
vt -2.791715 -0.755208
vt -2.791715 -0.797164
vt -2.966654 -0.755208
vt -2.966654 -0.797164
vt -3.141593 -0.755208
vt -2.441838 -0.566406
vt -2.616776 -0.629340
vt -2.616776 -0.671296
vt -2.791715 -0.671296
vt -2.791715 -0.713252
vt -2.966654 -0.671296
vt -2.966654 -0.713252
vt -2.441838 -0.479267
vt -2.616776 -0.545428
vt -2.616776 -0.587384
vt -2.791715 -0.587384
vt -2.791715 -0.629340
vt -2.966654 -0.587384
vt -2.966654 -0.629340
vt -3.141593 -0.660807
vt -2.441838 -0.392127
vt -2.616776 -0.461516
vt -2.616776 -0.503472
vt -2.791715 -0.503472
vt -2.791715 -0.545428
vt -2.966654 -0.503472
vt -2.966654 -0.545428
vt -3.141593 -0.566406
vt -2.441838 -0.304988
vt -2.616776 -0.377604
vt -2.616776 -0.419560
vt -2.791715 -0.419560
vt -2.791715 -0.461516
vt -2.966654 -0.419560
vt -2.966654 -0.461516
vt -3.141593 -0.472005
vt -2.441838 -0.217848
vt -2.616776 -0.293692
vt -2.616776 -0.335648
vt -2.791715 -0.335648
vt -2.791715 -0.377604
vt -2.966654 -0.335648
vt -2.966654 -0.377604
vt -3.141593 -0.377604
vt -2.441838 -0.130709
vt -2.616776 -0.209780
vt -2.616776 -0.251736
vt -2.791715 -0.251736
vt -2.791715 -0.293692
vt -2.966654 -0.251736
vt -2.966654 -0.293692
vt -3.141593 -0.283203
vt -2.441838 -0.043570
vt -2.616776 -0.125868
vt -2.616776 -0.167824
vt -2.791715 -0.167824
vt -2.791715 -0.209780
vt -2.966654 -0.167824
vt -2.966654 -0.209780
vt -3.141593 -0.188802
vt -2.441838 0.043570
vt -2.616776 -0.041956
vt -2.616776 -0.083912
vt -2.791715 -0.083912
vt -2.791715 -0.125868
vt -2.966654 -0.083912
vt -2.966654 -0.125868
vt -3.141593 -0.094401
vt -2.441838 0.130709
vt -2.616776 0.083912
vt -2.616776 0.041956
vt -2.616776 -0.000000
vt -2.791715 0.041956
vt -2.791715 -0.000000
vt -2.966654 0.041956
vt -2.966654 -0.000000
vt -3.141593 -0.000000
vt -2.966654 -0.041956
vt -2.616776 0.125868
vt -2.791715 0.125868
vt -2.791715 0.083912
vt -2.966654 0.125868
vt -2.966654 0.083912
vt -2.441838 0.392127
vt -2.616776 0.377604
vt -2.791715 0.419560
vt -2.616776 0.419560
vt -2.441838 0.479267
vt -2.616776 0.461516
vt -2.966654 0.335648
vt -3.141593 0.283203
vt -2.966654 0.293692
vt -2.966654 0.251736
vt -2.791715 0.251736
vt -2.616776 1.132812
vt -2.791715 1.132812
vt -2.791715 1.090856
vt -2.791715 -0.041956
vt -2.791715 0.293692
vt -2.791715 0.461516
vt 0.317985 0.078540
vt -0.317985 0.078540
vt 0.317985 0.000000
vt -0.317985 0.000000
vt 0.317985 -0.078540
vt -0.317985 -0.078540
vt 0.317985 -0.157080
vt -0.317985 -0.157080
vt 0.317985 -0.235619
vt -0.317985 -0.235619
vt 0.317985 -0.314159
vt -0.317985 -0.314159
vt 0.317985 -0.392699
vt -0.317985 -0.392699
vt 0.317985 -0.471239
vt -0.317985 -0.471239
vt 0.317985 -0.549779
vt -0.317985 -0.549779
vt 0.317985 -0.628319
vt -0.317985 -0.628319
vt 0.317985 -0.706858
vt -0.317985 -0.706858
vt 0.317985 -0.785398
vt -0.317985 -0.785398
vt 0.317985 -0.863938
vt -0.317985 -0.863938
vt 0.317985 -0.942478
vt -0.317985 -0.942478
vt 0.317985 0.942478
vt -0.317985 0.942478
vt 0.317985 0.863938
vt -0.317985 0.863938
vt 0.317985 0.785398
vt -0.317985 0.785398
vt 0.317985 0.706858
vt -0.317985 0.706858
vt 0.317985 0.628319
vt -0.317985 0.628319
vt 0.317985 0.549779
vt -0.317985 0.549779
vt 0.317985 0.471239
vt -0.317985 0.471239
vt 0.317985 0.392699
vt -0.317985 0.392699
vt 0.317985 0.314159
vt -0.317985 0.314159
vt 0.317985 0.235619
vt -0.317985 0.235619
vt 0.317985 0.157080
vt -0.317985 0.157080
vt 0.077646 0.139778
vt 0.000000 0.150000
vt -0.077646 0.139778
vt -0.038823 -0.005111
vt -0.150000 0.109808
vt -0.075000 -0.020096
vt -0.212132 0.062132
vt -0.106066 -0.043934
vt -0.259808 0.000000
vt -0.129904 -0.075000
vt -0.289778 -0.072354
vt -0.144889 -0.111177
vt -0.300000 -0.150000
vt -0.150000 -0.150000
vt -0.144889 -0.188823
vt -0.289778 -0.227646
vt -0.129904 -0.225000
vt -0.259808 -0.300000
vt -0.106066 -0.256066
vt -0.212132 -0.362132
vt -0.075000 -0.279904
vt -0.150000 -0.409808
vt -0.038823 -0.294889
vt -0.077646 -0.439778
vt -0.000000 -0.300000
vt -0.000000 -0.450000
vt 0.077646 -0.439778
vt 0.038823 -0.294889
vt 0.150000 -0.409808
vt 0.075000 -0.279904
vt 0.212132 -0.362132
vt 0.106066 -0.256066
vt 0.259808 -0.300000
vt 0.129904 -0.225000
vt 0.289778 -0.227646
vt 0.144889 -0.188823
vt 0.150000 -0.150000
vt 0.300000 -0.150000
vt 0.144889 -0.111177
vt 0.289778 -0.072354
vt 0.129904 -0.075000
vt 0.259808 0.000000
vt 0.106066 -0.043934
vt 0.212132 0.062132
vt 0.075000 -0.020096
vt 0.150000 0.109808
vt 0.038823 -0.005111
vt 0.225000 0.039270
vt -0.225000 0.039270
vt 0.225000 0.000000
vt -0.225000 0.000000
vt 0.225000 -0.039270
vt -0.225000 -0.039270
vt 0.225000 -0.078540
vt -0.225000 -0.078540
vt 0.225000 -0.117810
vt -0.225000 -0.117810
vt 0.225000 -0.157080
vt -0.225000 -0.157080
vt 0.225000 -0.196350
vt -0.225000 -0.196350
vt 0.225000 -0.235619
vt -0.225000 -0.235619
vt 0.225000 -0.274889
vt -0.225000 -0.274889
vt 0.225000 -0.314159
vt -0.225000 -0.314159
vt 0.225000 -0.353429
vt -0.225000 -0.353429
vt 0.225000 -0.392699
vt -0.225000 -0.392699
vt 0.225000 -0.431969
vt -0.225000 -0.431969
vt 0.225000 -0.471239
vt -0.225000 -0.471239
vt 0.225000 0.471239
vt -0.225000 0.471239
vt 0.225000 0.431969
vt -0.225000 0.431969
vt 0.225000 0.392699
vt -0.225000 0.392699
vt 0.225000 0.353429
vt -0.225000 0.353429
vt 0.225000 0.314159
vt -0.225000 0.314159
vt 0.225000 0.274889
vt -0.225000 0.274889
vt 0.225000 0.235619
vt -0.225000 0.235619
vt 0.225000 0.196350
vt -0.225000 0.196350
vt 0.225000 0.157080
vt -0.225000 0.157080
vt 0.225000 0.117810
vt -0.225000 0.117810
vt 0.225000 0.078540
vt -0.225000 0.078540
vt 0.000000 0.138840
vt 0.039270 0.138840
vt 0.000000 0.166608
vt 0.039270 0.166608
vt 0.000000 0.194376
vt 0.039270 0.194376
vt 0.000000 0.222144
vt 0.039270 0.222144
vt 0.000000 0.249912
vt 0.039270 0.249912
vt 0.000000 0.277680
vt 0.039270 0.277680
vt 0.000000 0.305448
vt 0.039270 0.305448
vt 0.000000 0.333216
vt 0.039270 0.333216
vt 0.000000 -0.333216
vt 0.039270 -0.333216
vt 0.000000 -0.305448
vt 0.039270 -0.305448
vt 0.000000 -0.277680
vt 0.039270 -0.277680
vt 0.000000 -0.249912
vt 0.039270 -0.249912
vt 0.000000 -0.222144
vt 0.039270 -0.222144
vt 0.000000 -0.194376
vt 0.039270 -0.194376
vt 0.000000 -0.166608
vt 0.039270 -0.166608
vt 0.000000 -0.138840
vt 0.039270 -0.138840
vt 0.000000 -0.111072
vt 0.039270 -0.111072
vt 0.000000 -0.083304
vt 0.039270 -0.083304
vt 0.000000 -0.055536
vt 0.039270 -0.055536
vt 0.000000 -0.027768
vt 0.039270 -0.027768
vt 0.039270 0.000000
vt 0.000000 0.027768
vt 0.039270 0.027768
vt 0.000000 0.055536
vt 0.039270 0.055536
vt 0.000000 0.083304
vt 0.039270 0.083304
vt 0.000000 0.111072
vt 0.039270 0.111072
vt 0.196350 -0.333216
vt 0.235619 -0.333216
vt 0.196350 -0.305448
vt 0.235619 -0.305448
vt 0.196350 -0.277680
vt 0.235619 -0.277680
vt 0.196350 -0.249912
vt 0.235619 -0.249912
vt 0.196350 -0.222144
vt 0.235619 -0.222144
vt 0.196350 -0.194376
vt 0.235619 -0.194376
vt 0.196350 -0.166608
vt 0.235619 -0.166608
vt 0.196350 -0.138840
vt 0.235619 -0.138840
vt 0.196350 -0.111072
vt 0.196350 -0.083304
vt 0.235619 -0.083304
vt 0.196350 -0.055536
vt 0.235619 -0.055536
vt 0.196350 -0.027768
vt 0.235619 -0.027768
vt 0.196350 0.000000
vt 0.235619 0.000000
vt 0.196350 0.027768
vt 0.235619 0.027768
vt 0.196350 0.055536
vt 0.235619 0.055536
vt 0.196350 0.083304
vt 0.235619 0.083304
vt 0.196350 0.111072
vt 0.196350 0.138840
vt 0.235619 0.138840
vt 0.196350 0.166608
vt 0.235619 0.166608
vt 0.196350 0.194376
vt 0.235619 0.194376
vt 0.196350 0.222144
vt 0.235619 0.222144
vt 0.196350 0.249912
vt 0.235619 0.249912
vt 0.196350 0.277680
vt 0.235619 0.277680
vt 0.196350 0.305448
vt 0.235619 0.305448
vt 0.196350 0.333216
vt 0.078540 -0.333216
vt 0.078540 -0.305448
vt 0.078540 -0.277680
vt 0.078540 -0.249912
vt 0.078540 -0.222144
vt 0.078540 -0.194376
vt 0.078540 -0.166608
vt 0.078540 -0.138840
vt 0.078540 -0.111072
vt 0.078540 -0.083304
vt 0.078540 -0.055536
vt 0.078540 -0.027768
vt 0.078540 0.000000
vt 0.078540 0.027768
vt 0.078540 0.055536
vt 0.078540 0.083304
vt 0.078540 0.111072
vt 0.078540 0.138840
vt 0.078540 0.166608
vt 0.078540 0.194376
vt 0.078540 0.222144
vt 0.078540 0.249912
vt 0.078540 0.277680
vt 0.078540 0.305448
vt 0.078540 0.333216
vt 0.117810 -0.333216
vt 0.117810 -0.305448
vt 0.117810 -0.277680
vt 0.117810 -0.249912
vt 0.117810 -0.222144
vt 0.117810 -0.194376
vt 0.117810 -0.166608
vt 0.117810 -0.138840
vt 0.117810 -0.111072
vt 0.117810 -0.083304
vt 0.117810 -0.055536
vt 0.117810 -0.027768
vt 0.117810 0.000000
vt 0.117810 0.027768
vt 0.117810 0.055536
vt 0.117810 0.083304
vt 0.117810 0.111072
vt 0.117810 0.138840
vt 0.117810 0.166608
vt 0.117810 0.194376
vt 0.117810 0.222144
vt 0.117810 0.249912
vt 0.117810 0.277680
vt 0.117810 0.305448
vt 0.117810 0.333216
vt 0.157080 -0.333216
vt 0.157080 -0.305448
vt 0.157080 -0.277680
vt 0.157080 -0.249912
vt 0.157080 -0.222144
vt 0.157080 -0.194376
vt 0.157080 -0.166608
vt 0.157080 -0.138840
vt 0.157080 -0.111072
vt 0.157080 -0.083304
vt 0.157080 -0.055536
vt 0.157080 -0.027768
vt 0.157080 0.000000
vt 0.157080 0.027768
vt 0.157080 0.055536
vt 0.157080 0.083304
vt 0.157080 0.111072
vt 0.157080 0.138840
vt 0.157080 0.166608
vt 0.157080 0.194376
vt 0.157080 0.222144
vt 0.157080 0.249912
vt 0.157080 0.277680
vt 0.157080 0.305448
vt 0.157080 0.333216
vt 0.235619 -0.111072
vt 0.235619 0.111072
s 1
usemtl Opaque(63,63,63).008
f 1/1/1 2/2/2 24/3/3
f 24/3/3 2/2/2 3/4/4
f 24/3/3 3/4/4 23/5/5
f 23/5/5 3/4/4 4/6/6
f 23/5/5 4/6/6 22/7/7
f 22/7/7 4/6/6 5/8/8
f 22/7/7 5/8/8 21/9/9
f 21/9/9 5/8/8 6/10/10
f 21/9/9 6/10/10 20/11/11
f 20/11/11 6/10/10 7/12/12
f 20/11/11 7/12/12 8/13/13
f 20/11/11 8/13/13 19/14/14
f 19/14/14 8/13/13 9/15/15
f 19/14/14 9/15/15 18/16/16
f 18/16/16 9/15/15 10/17/17
f 18/16/16 10/17/17 17/18/18
f 17/18/18 10/17/17 11/19/19
f 17/18/18 11/19/19 16/20/20
f 16/20/20 11/19/19 12/21/21
f 16/20/20 12/21/21 15/22/22
f 15/22/22 12/21/21 13/23/23
f 15/22/22 13/23/23 14/24/24
f 26/25/25 8/26/26 25/27/27
f 25/28/27 8/29/26 7/30/28
f 25/28/27 7/30/28 57/31/29
f 57/31/29 7/30/28 6/32/30
f 57/31/29 6/32/30 56/33/31
f 56/33/31 6/32/30 5/34/32
f 56/33/31 5/34/32 55/35/33
f 55/35/33 5/34/32 4/36/34
f 55/35/33 4/36/34 54/37/35
f 54/37/35 4/36/34 3/38/36
f 54/37/35 3/38/36 53/39/37
f 53/39/37 3/38/36 2/40/38
f 53/39/37 2/40/38 52/41/39
f 52/41/39 2/40/38 59/42/40
f 52/41/39 59/42/40 60/43/41
f 8/26/26 26/25/25 9/44/42
f 9/44/42 26/25/25 27/45/43
f 9/44/42 27/45/43 10/46/44
f 10/46/44 27/45/43 28/47/45
f 10/46/44 28/47/45 11/48/46
f 11/48/46 28/47/45 29/49/47
f 11/48/46 29/49/47 12/50/48
f 12/50/48 29/49/47 30/51/49
f 12/50/48 30/51/49 13/52/50
f 13/52/50 30/51/49 31/53/51
f 13/52/50 31/53/51 58/54/52
f 58/54/52 31/53/51 84/55/53
f 84/55/53 31/53/51 83/56/54
f 83/56/54 31/53/51 32/57/55
f 83/56/54 32/57/55 81/58/56
f 81/58/56 32/57/55 33/59/57
f 81/58/56 33/59/57 80/60/58
f 80/60/58 33/59/57 34/61/59
f 80/60/58 34/61/59 79/62/60
f 79/62/60 34/61/59 35/63/61
f 79/62/60 35/63/61 78/64/62
f 78/64/62 35/63/61 36/65/63
f 78/64/62 36/65/63 77/66/64
f 77/66/64 36/65/63 37/67/65
f 77/66/64 37/67/65 76/68/66
f 76/68/66 37/67/65 38/69/67
f 76/68/66 38/69/67 75/70/68
f 75/70/68 38/69/67 39/71/69
f 75/70/68 39/71/69 74/72/70
f 74/72/70 39/71/69 40/73/71
f 74/72/70 40/73/71 73/74/72
f 73/74/72 40/73/71 41/75/73
f 73/74/72 41/75/73 72/76/74
f 72/76/74 41/75/73 42/77/75
f 72/76/74 42/77/75 71/78/76
f 71/78/76 42/77/75 43/79/77
f 71/78/76 43/79/77 70/80/78
f 70/80/78 43/79/77 44/81/79
f 70/80/78 44/81/79 69/82/80
f 69/82/80 44/81/79 45/83/81
f 69/82/80 45/83/81 68/84/82
f 68/84/82 45/83/81 46/85/83
f 68/84/82 46/85/83 67/86/84
f 67/86/84 46/85/83 47/87/85
f 67/86/84 47/87/85 66/88/86
f 66/88/86 47/87/85 48/89/87
f 66/88/86 48/89/87 65/90/88
f 65/90/88 48/89/87 49/91/89
f 65/90/88 49/91/89 64/92/90
f 64/92/90 49/91/89 50/93/91
f 64/92/90 50/93/91 63/94/92
f 63/94/92 50/93/91 51/95/93
f 63/94/92 51/95/93 62/96/94
f 62/96/94 51/95/93 61/97/95
f 61/97/95 51/95/93 52/41/39
f 61/97/95 52/41/39 60/43/41
f 81/58/56 82/98/54 83/56/54
f 86/99/96 132/100/96 85/101/97
f 85/101/97 132/100/96 109/102/97
f 85/103/97 109/104/97 108/105/98
f 108/105/98 109/104/97 110/106/98
f 108/105/98 110/106/98 107/107/99
f 107/107/99 110/106/98 111/108/99
f 107/107/99 111/108/99 106/109/100
f 106/109/100 111/108/99 112/110/100
f 106/109/100 112/110/100 105/111/101
f 105/111/101 112/110/100 113/112/101
f 105/111/101 113/112/101 104/113/102
f 104/113/102 113/112/101 114/114/102
f 104/113/102 114/114/102 103/115/103
f 103/115/103 114/114/102 115/116/103
f 103/115/103 115/116/103 102/117/104
f 102/117/104 115/116/103 116/118/104
f 102/117/104 116/118/104 101/119/105
f 101/119/105 116/118/104 117/120/105
f 101/119/105 117/120/105 100/121/106
f 100/121/106 117/120/105 118/122/106
f 100/121/106 118/122/106 99/123/107
f 99/123/107 118/122/106 119/124/107
f 99/123/107 119/124/107 98/125/108
f 98/125/108 119/124/107 120/126/108
f 98/125/108 120/126/108 97/127/109
f 97/127/109 120/126/108 121/128/109
f 97/127/109 121/128/109 96/129/110
f 96/129/110 121/128/109 122/130/110
f 96/129/110 122/130/110 95/131/111
f 95/131/111 122/130/110 123/132/112
f 95/131/111 123/132/112 94/133/113
f 94/133/113 123/132/112 124/134/113
f 94/133/113 124/134/113 93/135/114
f 93/135/114 124/134/113 125/136/114
f 93/135/114 125/136/114 92/137/115
f 92/137/115 125/136/114 126/138/115
f 92/137/115 126/138/115 91/139/116
f 91/139/116 126/138/115 127/140/116
f 91/139/116 127/140/116 90/141/117
f 90/141/117 127/140/116 128/142/117
f 90/141/117 128/142/117 89/143/118
f 89/143/118 128/142/117 129/144/119
f 89/143/118 129/144/119 88/145/120
f 88/145/120 129/144/119 130/146/120
f 88/145/120 130/146/120 87/147/121
f 87/147/121 130/146/120 131/148/121
f 87/147/121 131/148/121 86/99/96
f 86/99/96 131/148/121 132/100/96
f 1/149/122 24/150/122 172/151/122
f 172/151/122 24/150/122 171/152/122
f 171/152/122 24/150/122 23/153/122
f 171/152/122 23/153/122 170/154/122
f 170/154/122 23/153/122 169/155/122
f 169/155/122 23/153/122 22/156/122
f 169/155/122 22/156/122 168/157/122
f 168/157/122 22/156/122 210/158/122
f 168/157/122 210/158/122 167/159/122
f 167/159/122 210/158/122 211/160/122
f 167/159/122 211/160/122 231/161/122
f 231/161/122 211/160/122 230/162/122
f 230/162/122 211/160/122 212/163/122
f 230/162/122 212/163/122 229/164/122
f 229/164/122 212/163/122 213/165/122
f 229/164/122 213/165/122 228/166/122
f 228/166/122 213/165/122 214/167/122
f 228/166/122 214/167/122 227/168/122
f 227/168/122 214/167/122 215/169/122
f 227/168/122 215/169/122 216/170/122
f 210/158/122 22/156/122 209/171/122
f 209/171/122 22/156/122 21/172/122
f 209/171/122 21/172/122 208/173/122
f 208/173/122 21/172/122 20/174/122
f 208/173/122 20/174/122 207/175/122
f 207/175/122 20/174/122 206/176/122
f 206/176/122 20/174/122 118/177/122
f 206/176/122 118/177/122 205/178/122
f 205/178/122 118/177/122 117/179/122
f 205/178/122 117/179/122 204/180/122
f 204/180/122 117/179/122 116/181/122
f 204/180/122 116/181/122 203/182/122
f 203/182/122 116/181/122 115/183/122
f 203/182/122 115/183/122 114/184/122
f 20/174/122 19/185/122 118/177/122
f 118/177/122 19/185/122 119/186/122
f 119/186/122 19/185/122 120/187/122
f 120/187/122 19/185/122 18/188/122
f 120/187/122 18/188/122 121/189/122
f 121/189/122 18/188/122 17/190/122
f 121/189/122 17/190/122 122/191/122
f 122/191/122 17/190/122 137/192/122
f 122/191/122 137/192/122 138/193/122
f 137/192/122 17/190/122 136/194/122
f 136/194/122 17/190/122 16/195/122
f 136/194/122 16/195/122 135/196/122
f 135/196/122 16/195/122 134/197/122
f 134/197/122 16/195/122 15/198/122
f 134/197/122 15/198/122 133/199/122
f 133/199/122 15/198/122 14/200/122
f 139/201/122 142/202/122 138/193/122
f 138/193/122 142/202/122 143/203/122
f 138/193/122 143/203/122 144/204/122
f 140/205/122 141/206/122 139/201/122
f 139/201/122 141/206/122 142/202/122
f 144/204/122 145/207/122 138/193/122
f 138/193/122 145/207/122 186/208/122
f 138/193/122 186/208/122 187/209/122
f 146/210/122 179/211/122 145/207/122
f 145/207/122 179/211/122 180/212/122
f 145/207/122 180/212/122 181/213/122
f 147/214/122 132/215/122 146/210/122
f 146/210/122 132/215/122 196/216/122
f 146/210/122 196/216/122 173/217/122
f 132/215/122 147/214/122 152/218/122
f 152/218/122 147/214/122 148/219/122
f 152/218/122 148/219/122 149/220/122
f 149/220/122 150/221/122 152/218/122
f 152/218/122 150/221/122 151/222/122
f 153/223/122 197/224/122 152/218/122
f 152/218/122 197/224/122 109/225/122
f 152/218/122 109/225/122 132/215/122
f 154/226/122 155/227/122 153/223/122
f 153/223/122 155/227/122 156/228/122
f 153/223/122 156/228/122 157/229/122
f 157/229/122 158/230/122 153/223/122
f 153/223/122 158/230/122 220/231/122
f 153/223/122 220/231/122 197/224/122
f 158/230/122 159/232/122 220/231/122
f 220/231/122 159/232/122 222/233/122
f 220/231/122 222/233/122 223/234/122
f 160/235/122 239/236/122 159/232/122
f 159/232/122 239/236/122 240/237/122
f 159/232/122 240/237/122 241/238/122
f 161/239/122 167/159/122 160/235/122
f 160/235/122 167/159/122 232/240/122
f 160/235/122 232/240/122 233/241/122
f 161/239/122 162/242/122 167/159/122
f 167/159/122 162/242/122 163/243/122
f 167/159/122 163/243/122 166/244/122
f 166/244/122 163/243/122 164/245/122
f 166/244/122 164/245/122 165/246/122
f 173/217/122 174/247/122 146/210/122
f 146/210/122 174/247/122 175/248/122
f 146/210/122 175/248/122 176/249/122
f 176/249/122 177/250/122 146/210/122
f 146/210/122 177/250/122 178/251/122
f 146/210/122 178/251/122 179/211/122
f 181/213/122 182/252/122 145/207/122
f 145/207/122 182/252/122 183/253/122
f 145/207/122 183/253/122 184/254/122
f 184/254/122 185/255/122 145/207/122
f 145/207/122 185/255/122 186/208/122
f 188/256/122 124/257/122 187/209/122
f 187/209/122 124/257/122 123/258/122
f 187/209/122 123/258/122 138/193/122
f 138/193/122 123/258/122 122/191/122
f 124/257/122 188/256/122 125/259/122
f 125/259/122 188/256/122 189/260/122
f 125/259/122 189/260/122 126/261/122
f 126/261/122 189/260/122 190/262/122
f 126/261/122 190/262/122 127/263/122
f 127/263/122 190/262/122 191/264/122
f 127/263/122 191/264/122 192/265/122
f 193/266/122 129/267/122 192/265/122
f 192/265/122 129/267/122 128/268/122
f 192/265/122 128/268/122 127/263/122
f 129/267/122 193/266/122 130/269/122
f 130/269/122 193/266/122 194/270/122
f 130/269/122 194/270/122 131/271/122
f 131/271/122 194/270/122 195/272/122
f 131/271/122 195/272/122 132/215/122
f 132/215/122 195/272/122 196/216/122
f 109/225/122 197/224/122 110/273/123
f 110/273/123 197/224/122 198/274/122
f 110/273/123 198/274/122 199/275/122
f 110/273/123 199/275/122 111/276/122
f 111/276/122 199/275/122 200/277/122
f 111/276/122 200/277/122 112/278/122
f 112/278/122 200/277/122 201/279/122
f 112/278/122 201/279/122 113/280/122
f 113/280/122 201/279/122 202/281/122
f 113/280/122 202/281/122 114/184/122
f 114/184/122 202/281/122 203/182/122
f 227/168/122 216/170/122 226/282/122
f 226/282/122 216/170/122 217/283/122
f 226/282/122 217/283/122 225/284/122
f 225/284/122 217/283/122 218/285/122
f 225/284/122 218/285/122 224/286/122
f 224/286/122 218/285/122 219/287/122
f 224/286/122 219/287/122 223/234/122
f 223/234/122 219/287/122 220/231/122
f 244/288/122 221/289/122 159/232/122
f 159/232/122 221/289/122 222/233/122
f 231/161/122 232/240/122 167/159/122
f 233/241/122 234/290/122 160/235/122
f 160/235/122 234/290/122 235/291/122
f 160/235/122 235/291/122 236/292/122
f 236/292/122 237/293/122 160/235/122
f 160/235/122 237/293/122 238/294/122
f 160/235/122 238/294/122 239/236/122
f 241/238/122 242/295/122 159/232/122
f 159/232/122 242/295/122 243/296/122
f 159/232/122 243/296/122 244/288/122
f 246/297/124 98/298/124 245/299/27
f 245/299/27 98/298/124 97/300/27
f 245/299/27 97/300/27 268/301/125
f 268/301/125 97/300/27 96/302/125
f 268/301/125 96/302/125 267/303/126
f 267/303/126 96/302/125 95/304/126
f 267/303/126 95/304/126 266/305/127
f 266/305/127 95/304/126 94/306/127
f 266/305/127 94/306/127 265/307/128
f 265/307/128 94/306/127 93/308/128
f 265/307/128 93/308/128 264/309/129
f 264/309/129 93/308/128 92/310/129
f 264/309/129 92/310/129 263/311/130
f 263/311/130 92/310/129 91/312/130
f 263/311/130 91/312/130 262/313/131
f 262/313/131 91/312/130 90/314/131
f 262/313/131 90/314/131 261/315/85
f 261/315/85 90/314/131 89/316/85
f 261/315/85 89/316/85 260/317/132
f 260/317/132 89/316/85 88/318/132
f 260/317/132 88/318/132 259/319/133
f 259/319/133 88/318/132 87/320/133
f 259/319/133 87/320/133 258/321/134
f 258/321/134 87/320/133 86/322/134
f 258/321/134 86/322/134 257/323/74
f 257/323/74 86/322/134 85/324/74
f 257/325/74 85/326/74 256/327/135
f 256/327/135 85/326/74 108/328/135
f 256/327/135 108/328/135 255/329/136
f 255/329/136 108/328/135 107/330/136
f 255/329/136 107/330/136 254/331/137
f 254/331/137 107/330/136 106/332/137
f 254/331/137 106/332/137 253/333/63
f 253/333/63 106/332/137 105/334/63
f 253/333/63 105/334/63 252/335/138
f 252/335/138 105/334/63 104/336/138
f 252/335/138 104/336/138 251/337/139
f 251/337/139 104/336/138 103/338/139
f 251/337/139 103/338/139 250/339/140
f 250/339/140 103/338/139 102/340/140
f 250/339/140 102/340/140 249/341/141
f 249/341/141 102/340/140 101/342/141
f 249/341/141 101/342/141 248/343/142
f 248/343/142 101/342/141 100/344/142
f 248/343/142 100/344/142 247/345/143
f 247/345/143 100/344/142 99/346/143
f 247/345/143 99/346/143 246/297/124
f 246/297/124 99/346/143 98/298/124
f 270/99/96 174/100/96 269/101/97
f 269/101/97 174/100/96 173/102/97
f 269/103/97 173/104/97 292/105/98
f 292/105/98 173/104/97 196/106/98
f 292/105/98 196/106/98 291/107/99
f 291/107/99 196/106/98 195/108/99
f 291/107/99 195/108/99 290/109/100
f 290/109/100 195/108/99 194/110/100
f 290/109/100 194/110/100 289/111/101
f 289/111/101 194/110/100 193/112/101
f 289/111/101 193/112/101 288/113/102
f 288/113/102 193/112/101 192/114/102
f 288/113/102 192/114/102 287/115/103
f 287/115/103 192/114/102 191/116/103
f 287/115/103 191/116/103 286/117/104
f 286/117/104 191/116/103 190/118/104
f 286/117/104 190/118/104 285/119/105
f 285/119/105 190/118/104 189/120/105
f 285/119/105 189/120/105 284/121/106
f 284/121/106 189/120/105 188/122/106
f 284/121/106 188/122/106 283/123/107
f 283/123/107 188/122/106 187/124/107
f 283/123/107 187/124/107 282/125/108
f 282/125/108 187/124/107 186/126/108
f 282/125/108 186/126/108 281/127/109
f 281/127/109 186/126/108 185/128/109
f 281/127/109 185/128/109 280/129/110
f 280/129/110 185/128/109 184/130/110
f 280/129/110 184/130/110 279/131/111
f 279/131/111 184/130/110 183/132/112
f 279/131/111 183/132/112 278/133/113
f 278/133/113 183/132/112 182/134/113
f 278/133/113 182/134/113 277/135/114
f 277/135/114 182/134/113 181/136/114
f 277/135/114 181/136/114 276/137/115
f 276/137/115 181/136/114 180/138/115
f 276/137/115 180/138/115 275/139/116
f 275/139/116 180/138/115 179/140/116
f 275/139/116 179/140/116 274/141/117
f 274/141/117 179/140/116 178/142/117
f 274/141/117 178/142/117 273/143/118
f 273/143/118 178/142/117 177/144/119
f 273/143/118 177/144/119 272/145/120
f 272/145/120 177/144/119 176/146/120
f 272/145/120 176/146/120 271/147/121
f 271/147/121 176/146/120 175/148/121
f 271/147/121 175/148/121 270/99/96
f 270/99/96 175/148/121 174/100/96
f 294/297/124 282/298/124 293/299/27
f 293/299/27 282/298/124 281/300/27
f 293/299/27 281/300/27 316/301/125
f 316/301/125 281/300/27 280/302/125
f 316/301/125 280/302/125 315/303/126
f 315/303/126 280/302/125 279/304/126
f 315/303/126 279/304/126 314/305/127
f 314/305/127 279/304/126 278/306/127
f 314/305/127 278/306/127 313/307/128
f 313/307/128 278/306/127 277/308/128
f 313/307/128 277/308/128 312/309/129
f 312/309/129 277/308/128 276/310/129
f 312/309/129 276/310/129 311/311/130
f 311/311/130 276/310/129 275/312/130
f 311/311/130 275/312/130 310/313/131
f 310/313/131 275/312/130 274/314/131
f 310/313/131 274/314/131 309/315/85
f 309/315/85 274/314/131 273/316/85
f 309/315/85 273/316/85 308/317/132
f 308/317/132 273/316/85 272/318/132
f 308/317/132 272/318/132 307/319/133
f 307/319/133 272/318/132 271/320/133
f 307/319/133 271/320/133 306/321/134
f 306/321/134 271/320/133 270/322/134
f 306/321/134 270/322/134 305/323/74
f 305/323/74 270/322/134 269/324/74
f 305/325/74 269/326/74 304/327/135
f 304/327/135 269/326/74 292/328/135
f 304/327/135 292/328/135 303/329/136
f 303/329/136 292/328/135 291/330/136
f 303/329/136 291/330/136 302/331/137
f 302/331/137 291/330/136 290/332/137
f 302/331/137 290/332/137 301/333/63
f 301/333/63 290/332/137 289/334/63
f 301/333/63 289/334/63 300/335/138
f 300/335/138 289/334/63 288/336/138
f 300/335/138 288/336/138 299/337/139
f 299/337/139 288/336/138 287/338/139
f 299/337/139 287/338/139 298/339/140
f 298/339/140 287/338/139 286/340/140
f 298/339/140 286/340/140 297/341/141
f 297/341/141 286/340/140 285/342/141
f 297/341/141 285/342/141 296/343/142
f 296/343/142 285/342/141 284/344/142
f 296/343/142 284/344/142 295/345/143
f 295/345/143 284/344/142 283/346/143
f 295/345/143 283/346/143 294/297/124
f 294/297/124 283/346/143 282/298/124
f 61/347/144 60/348/145 324/349/146
f 324/349/146 60/348/145 59/350/147
f 324/349/146 59/350/147 1/351/148
f 1/351/148 59/350/147 2/352/149
f 324/349/146 1/351/148 323/353/150
f 323/353/150 1/351/148 172/354/151
f 323/353/150 172/354/151 322/355/152
f 322/355/152 172/354/151 171/356/153
f 322/355/152 171/356/153 321/128/154
f 321/128/154 171/356/153 170/357/155
f 321/128/154 170/357/155 320/358/156
f 320/358/156 170/357/155 169/359/157
f 320/358/156 169/359/157 319/360/158
f 319/360/158 169/359/157 168/361/159
f 319/360/158 168/361/159 318/362/160
f 318/362/160 168/361/159 167/363/97
f 318/362/160 167/363/97 317/364/97
f 167/365/97 166/366/97 317/367/97
f 317/367/97 166/366/97 325/368/97
f 160/369/116 326/370/116 161/371/117
f 161/371/117 326/370/116 327/372/117
f 161/371/117 327/372/117 162/373/119
f 162/373/119 327/372/117 328/374/119
f 162/373/119 328/374/119 163/128/120
f 163/128/120 328/374/119 329/127/120
f 163/128/120 329/127/120 164/375/121
f 164/375/121 329/127/120 330/376/121
f 164/375/121 330/376/121 165/377/96
f 165/377/96 330/376/121 331/378/96
f 165/377/96 331/378/96 166/379/97
f 166/379/97 331/378/96 325/380/97
f 326/381/116 160/382/116 332/383/116
f 332/383/116 160/382/116 159/384/116
f 153/369/109 333/370/109 154/371/110
f 154/371/110 333/370/109 334/372/110
f 154/371/110 334/372/110 155/373/111
f 155/373/111 334/372/110 335/374/112
f 155/373/111 335/374/112 156/128/113
f 156/128/113 335/374/112 336/127/113
f 156/128/113 336/127/113 157/375/114
f 157/375/114 336/127/113 337/376/161
f 157/375/114 337/376/161 158/377/115
f 158/377/115 337/376/161 338/378/115
f 158/377/115 338/378/115 159/379/116
f 159/379/116 338/378/115 332/380/116
f 153/385/109 152/386/109 333/387/109
f 333/387/109 152/386/109 339/388/109
f 146/369/103 340/370/103 147/371/104
f 147/371/104 340/370/103 341/372/104
f 147/371/104 341/372/104 148/373/162
f 148/373/162 341/372/104 342/374/105
f 148/373/162 342/374/105 149/128/106
f 149/128/106 342/374/105 343/127/106
f 149/128/106 343/127/106 150/375/107
f 150/375/107 343/127/106 344/376/107
f 150/375/107 344/376/107 151/377/108
f 151/377/108 344/376/107 345/378/108
f 151/377/108 345/378/108 152/379/109
f 152/379/109 345/378/108 339/380/109
f 340/389/103 146/390/103 346/391/103
f 346/391/103 146/390/103 145/392/103
f 139/369/97 347/370/97 140/371/98
f 140/371/98 347/370/97 348/372/98
f 140/371/98 348/372/98 141/373/163
f 141/373/163 348/372/98 349/374/99
f 141/373/163 349/374/99 142/128/100
f 142/128/100 349/374/99 350/127/100
f 142/128/100 350/127/100 143/375/101
f 143/375/101 350/127/100 351/376/101
f 143/375/101 351/376/101 144/377/102
f 144/377/102 351/376/101 352/378/102
f 144/377/102 352/378/102 145/379/103
f 145/379/103 352/378/102 346/380/103
f 139/393/97 138/394/97 347/395/97
f 347/395/97 138/394/97 353/396/97
f 84/397/164 354/362/165 58/398/166
f 58/398/166 354/362/165 14/399/167
f 58/398/166 14/399/167 13/400/168
f 84/397/164 83/364/169 354/362/165
f 354/362/165 355/360/170 14/399/167
f 14/399/167 355/360/170 133/401/171
f 133/401/171 355/360/170 356/358/172
f 133/401/171 356/358/172 134/402/173
f 134/402/173 356/358/172 357/128/174
f 134/402/173 357/128/174 135/403/175
f 135/403/175 357/128/174 358/355/176
f 135/403/175 358/355/176 136/404/177
f 136/404/177 358/355/176 359/353/178
f 136/404/177 359/353/178 137/405/179
f 137/405/179 359/353/178 360/349/180
f 137/405/179 360/349/180 138/406/97
f 138/406/97 360/349/180 353/347/97
f 362/99/96 198/100/96 361/101/97
f 361/101/97 198/100/96 197/102/97
f 361/103/97 197/104/97 384/105/98
f 384/105/98 197/104/97 220/106/98
f 384/105/98 220/106/98 383/107/99
f 383/107/99 220/106/98 219/108/163
f 383/107/99 219/108/163 382/109/100
f 382/109/100 219/108/163 218/110/100
f 382/109/100 218/110/100 381/111/101
f 381/111/101 218/110/100 217/112/101
f 381/111/101 217/112/101 380/113/102
f 380/113/102 217/112/101 216/114/102
f 380/113/102 216/114/102 379/115/103
f 379/115/103 216/114/102 215/116/103
f 379/115/103 215/116/103 378/117/104
f 378/117/104 215/116/103 214/118/104
f 378/117/104 214/118/104 377/119/105
f 377/119/105 214/118/104 213/120/105
f 377/119/105 213/120/105 376/121/106
f 376/121/106 213/120/105 212/122/106
f 376/121/106 212/122/106 375/123/181
f 375/123/181 212/122/106 211/124/107
f 375/123/181 211/124/107 374/125/108
f 374/125/108 211/124/107 210/126/108
f 374/125/108 210/126/108 373/127/109
f 373/127/109 210/126/108 209/128/109
f 373/127/109 209/128/109 372/129/110
f 372/129/110 209/128/109 208/130/110
f 372/129/110 208/130/110 371/131/111
f 371/131/111 208/130/110 207/132/112
f 371/131/111 207/132/112 370/133/113
f 370/133/113 207/132/112 206/134/113
f 370/133/113 206/134/113 369/135/114
f 369/135/114 206/134/113 205/136/114
f 369/135/114 205/136/114 368/137/115
f 368/137/115 205/136/114 204/138/115
f 368/137/115 204/138/115 367/139/116
f 367/139/116 204/138/115 203/140/116
f 367/139/116 203/140/116 366/141/117
f 366/141/117 203/140/116 202/142/117
f 366/141/117 202/142/117 365/143/119
f 365/143/119 202/142/117 201/144/119
f 365/143/119 201/144/119 364/145/120
f 364/145/120 201/144/119 200/146/120
f 364/145/120 200/146/120 363/147/121
f 363/147/121 200/146/120 199/148/121
f 363/147/121 199/148/121 362/99/96
f 362/99/96 199/148/121 198/100/96
f 386/297/124 374/298/124 385/299/27
f 385/299/27 374/298/124 373/300/27
f 385/299/27 373/300/27 408/301/125
f 408/301/125 373/300/27 372/302/125
f 408/301/125 372/302/125 407/303/126
f 407/303/126 372/302/125 371/304/126
f 407/303/126 371/304/126 406/305/127
f 406/305/127 371/304/126 370/306/127
f 406/305/127 370/306/127 405/307/128
f 405/307/128 370/306/127 369/308/128
f 405/307/128 369/308/128 404/309/129
f 404/309/129 369/308/128 368/310/129
f 404/309/129 368/310/129 403/311/130
f 403/311/130 368/310/129 367/312/130
f 403/311/130 367/312/130 402/313/131
f 402/313/131 367/312/130 366/314/131
f 402/313/131 366/314/131 401/315/85
f 401/315/85 366/314/131 365/316/85
f 401/315/85 365/316/85 400/317/132
f 400/317/132 365/316/85 364/318/132
f 400/317/132 364/318/132 399/319/133
f 399/319/133 364/318/132 363/320/133
f 399/319/133 363/320/133 398/321/134
f 398/321/134 363/320/133 362/322/134
f 398/321/134 362/322/134 397/323/74
f 397/323/74 362/322/134 361/324/74
f 397/325/74 361/326/74 396/327/135
f 396/327/135 361/326/74 384/328/135
f 396/327/135 384/328/135 395/329/136
f 395/329/136 384/328/135 383/330/136
f 395/329/136 383/330/136 394/331/137
f 394/331/137 383/330/136 382/332/137
f 394/331/137 382/332/137 393/333/63
f 393/333/63 382/332/137 381/334/63
f 393/333/63 381/334/63 392/335/138
f 392/335/138 381/334/63 380/336/138
f 392/335/138 380/336/138 391/337/139
f 391/337/139 380/336/138 379/338/139
f 391/337/139 379/338/139 390/339/140
f 390/339/140 379/338/139 378/340/140
f 390/339/140 378/340/140 389/341/141
f 389/341/141 378/340/140 377/342/141
f 389/341/141 377/342/141 388/343/142
f 388/343/142 377/342/141 376/344/142
f 388/343/142 376/344/142 387/345/143
f 387/345/143 376/344/142 375/346/143
f 387/345/143 375/346/143 386/297/124
f 386/297/124 375/346/143 374/298/124
f 410/99/96 222/100/96 409/101/97
f 409/101/97 222/100/96 221/102/97
f 409/103/97 221/104/97 432/105/98
f 432/105/98 221/104/97 244/106/98
f 432/105/98 244/106/98 431/107/99
f 431/107/99 244/106/98 243/108/163
f 431/107/99 243/108/163 430/109/100
f 430/109/100 243/108/163 242/110/100
f 430/109/100 242/110/100 429/111/101
f 429/111/101 242/110/100 241/112/101
f 429/111/101 241/112/101 428/113/102
f 428/113/102 241/112/101 240/114/102
f 428/113/102 240/114/102 427/115/103
f 427/115/103 240/114/102 239/116/103
f 427/115/103 239/116/103 426/117/104
f 426/117/104 239/116/103 238/118/104
f 426/117/104 238/118/104 425/119/105
f 425/119/105 238/118/104 237/120/105
f 425/119/105 237/120/105 424/121/106
f 424/121/106 237/120/105 236/122/106
f 424/121/106 236/122/106 423/123/181
f 423/123/181 236/122/106 235/124/107
f 423/123/181 235/124/107 422/125/108
f 422/125/108 235/124/107 234/126/108
f 422/125/108 234/126/108 421/127/109
f 421/127/109 234/126/108 233/128/109
f 421/127/109 233/128/109 420/129/110
f 420/129/110 233/128/109 232/130/110
f 420/129/110 232/130/110 419/131/112
f 419/131/112 232/130/110 231/132/111
f 419/131/112 231/132/111 418/133/113
f 418/133/113 231/132/111 230/134/113
f 418/133/113 230/134/113 417/135/114
f 417/135/114 230/134/113 229/136/114
f 417/135/114 229/136/114 416/137/115
f 416/137/115 229/136/114 228/138/115
f 416/137/115 228/138/115 415/139/116
f 415/139/116 228/138/115 227/140/116
f 415/139/116 227/140/116 414/141/117
f 414/141/117 227/140/116 226/142/117
f 414/141/117 226/142/117 413/143/118
f 413/143/118 226/142/117 225/144/119
f 413/143/118 225/144/119 412/145/120
f 412/145/120 225/144/119 224/146/120
f 412/145/120 224/146/120 411/147/121
f 411/147/121 224/146/120 223/148/121
f 411/147/121 223/148/121 410/99/96
f 410/99/96 223/148/121 222/100/96
f 434/297/124 422/298/124 433/299/27
f 433/299/27 422/298/124 421/300/27
f 433/299/27 421/300/27 456/301/125
f 456/301/125 421/300/27 420/302/125
f 456/301/125 420/302/125 455/303/126
f 455/303/126 420/302/125 419/304/126
f 455/303/126 419/304/126 454/305/127
f 454/305/127 419/304/126 418/306/127
f 454/305/127 418/306/127 453/307/128
f 453/307/128 418/306/127 417/308/128
f 453/307/128 417/308/128 452/309/129
f 452/309/129 417/308/128 416/310/129
f 452/309/129 416/310/129 451/311/130
f 451/311/130 416/310/129 415/312/130
f 451/311/130 415/312/130 450/313/131
f 450/313/131 415/312/130 414/314/131
f 450/313/131 414/314/131 449/315/85
f 449/315/85 414/314/131 413/316/85
f 449/315/85 413/316/85 448/317/132
f 448/317/132 413/316/85 412/318/132
f 448/317/132 412/318/132 447/319/133
f 447/319/133 412/318/132 411/320/133
f 447/319/133 411/320/133 446/321/134
f 446/321/134 411/320/133 410/322/134
f 446/321/134 410/322/134 445/323/74
f 445/323/74 410/322/134 409/324/74
f 445/325/74 409/326/74 444/327/135
f 444/327/135 409/326/74 432/328/135
f 444/327/135 432/328/135 443/329/136
f 443/329/136 432/328/135 431/330/136
f 443/329/136 431/330/136 442/331/137
f 442/331/137 431/330/136 430/332/137
f 442/331/137 430/332/137 441/333/63
f 441/333/63 430/332/137 429/334/63
f 441/333/63 429/334/63 440/335/138
f 440/335/138 429/334/63 428/336/138
f 440/335/138 428/336/138 439/337/139
f 439/337/139 428/336/138 427/338/139
f 439/337/139 427/338/139 438/339/140
f 438/339/140 427/338/139 426/340/140
f 438/339/140 426/340/140 437/341/141
f 437/341/141 426/340/140 425/342/141
f 437/341/141 425/342/141 436/343/142
f 436/343/142 425/342/141 424/344/142
f 436/343/142 424/344/142 435/345/143
f 435/345/143 424/344/142 423/346/143
f 435/345/143 423/346/143 434/297/124
f 434/297/124 423/346/143 422/298/124
f 458/407/182 504/408/182 457/409/183
f 457/409/183 504/408/182 481/410/183
f 457/411/183 481/412/183 480/413/184
f 480/413/184 481/412/183 482/414/184
f 480/413/184 482/414/184 479/415/185
f 479/415/185 482/414/184 483/416/185
f 479/415/185 483/416/185 478/417/186
f 478/417/186 483/416/185 484/418/186
f 478/417/186 484/418/186 477/419/187
f 477/419/187 484/418/186 485/420/187
f 477/419/187 485/420/187 476/421/188
f 476/421/188 485/420/187 486/422/188
f 476/421/188 486/422/188 475/423/189
f 475/423/189 486/422/188 487/424/189
f 475/423/189 487/424/189 474/425/190
f 474/425/190 487/424/189 488/426/190
f 474/425/190 488/426/190 473/427/191
f 473/427/191 488/426/190 489/428/191
f 473/427/191 489/428/191 472/429/192
f 472/429/192 489/428/191 490/430/192
f 472/429/192 490/430/192 471/431/193
f 471/431/193 490/430/192 491/432/193
f 471/431/193 491/432/193 470/433/194
f 470/433/194 491/432/193 492/434/194
f 470/433/194 492/434/194 469/127/195
f 469/127/195 492/434/194 493/128/195
f 469/127/195 493/128/195 468/435/196
f 468/435/196 493/128/195 494/436/196
f 468/435/196 494/436/196 467/437/197
f 467/437/197 494/436/196 495/438/197
f 467/437/197 495/438/197 466/439/198
f 466/439/198 495/438/197 496/440/198
f 466/439/198 496/440/198 465/441/199
f 465/441/199 496/440/198 497/442/199
f 465/441/199 497/442/199 464/443/200
f 464/443/200 497/442/199 498/444/200
f 464/443/200 498/444/200 463/445/201
f 463/445/201 498/444/200 499/446/201
f 463/445/201 499/446/201 462/447/202
f 462/447/202 499/446/201 500/448/202
f 462/447/202 500/448/202 461/449/203
f 461/449/203 500/448/202 501/450/203
f 461/449/203 501/450/203 460/451/204
f 460/451/204 501/450/203 502/452/204
f 460/451/204 502/452/204 459/453/205
f 459/453/205 502/452/204 503/454/205
f 459/453/205 503/454/205 458/407/182
f 458/407/182 503/454/205 504/408/182
f 528/455/206 505/456/206 676/457/206
f 676/457/206 505/456/206 506/458/206
f 676/457/206 506/458/206 595/459/206
f 595/459/206 506/458/206 507/460/206
f 595/459/206 507/460/206 594/461/206
f 594/461/206 507/460/206 508/462/206
f 594/461/206 508/462/206 593/463/206
f 593/463/206 508/462/206 509/464/206
f 593/463/206 509/464/206 592/465/206
f 592/465/206 509/464/206 510/466/206
f 592/465/206 510/466/206 591/467/206
f 591/467/206 510/466/206 511/468/206
f 591/467/206 511/468/206 590/469/206
f 590/469/206 511/468/206 512/470/206
f 590/469/206 512/470/206 589/471/206
f 589/471/206 512/470/206 755/472/206
f 589/471/206 755/472/206 588/473/206
f 588/473/206 755/472/206 756/474/206
f 588/473/206 756/474/206 587/475/206
f 587/475/206 756/474/206 757/476/206
f 587/475/206 757/476/206 586/477/206
f 586/477/206 757/476/206 758/478/206
f 586/477/206 758/478/206 585/479/206
f 585/479/206 758/478/206 759/480/206
f 585/479/206 759/480/206 584/481/206
f 584/481/206 759/480/206 760/482/206
f 584/481/206 760/482/206 583/483/206
f 583/483/206 760/482/206 761/484/206
f 583/483/206 761/484/206 668/485/206
f 668/485/206 761/484/206 738/486/206
f 668/485/206 738/486/206 739/487/206
f 755/472/206 512/470/206 754/488/206
f 754/488/206 512/470/206 513/489/206
f 754/488/206 513/489/206 753/490/206
f 753/490/206 513/489/206 514/491/206
f 753/490/206 514/491/206 574/492/206
f 574/492/206 514/491/206 502/493/206
f 574/492/206 502/493/206 573/494/206
f 573/494/206 502/493/206 501/495/206
f 573/494/206 501/495/206 572/496/206
f 572/496/206 501/495/206 500/497/206
f 572/496/206 500/497/206 762/498/206
f 762/498/206 500/497/206 785/499/206
f 785/499/206 500/497/206 499/500/206
f 785/499/206 499/500/206 784/501/206
f 784/501/206 499/500/206 498/502/206
f 784/501/206 498/502/206 783/503/206
f 783/503/206 498/502/206 497/504/206
f 783/503/206 497/504/206 782/505/206
f 782/505/206 497/504/206 496/506/206
f 782/505/206 496/506/206 781/507/206
f 781/507/206 496/506/206 495/508/206
f 781/507/206 495/508/206 780/509/206
f 780/509/206 495/508/206 494/510/206
f 780/509/206 494/510/206 779/511/206
f 779/511/206 494/510/206 493/512/206
f 779/511/206 493/512/206 686/513/206
f 686/513/206 493/512/206 685/514/206
f 685/514/206 493/512/206 492/515/206
f 685/514/206 492/515/206 491/516/206
f 514/491/206 515/517/206 502/493/206
f 502/493/206 515/517/206 503/518/206
f 503/518/206 515/517/206 516/519/206
f 503/518/206 516/519/206 504/520/206
f 504/520/206 516/519/206 517/521/206
f 504/520/206 517/521/206 481/522/206
f 481/522/206 517/521/206 482/523/206
f 482/523/206 517/521/206 518/524/206
f 482/523/206 518/524/206 680/525/206
f 680/525/206 518/524/206 519/526/206
f 680/525/206 519/526/206 520/527/206
f 680/525/206 520/527/206 679/528/206
f 679/528/206 520/527/206 521/529/206
f 679/528/206 521/529/206 522/530/206
f 522/530/206 523/531/206 679/528/206
f 679/528/206 523/531/206 678/532/206
f 678/532/206 523/531/206 524/533/206
f 678/532/206 524/533/206 525/534/206
f 678/532/206 525/534/206 677/535/206
f 677/535/206 525/534/206 526/536/206
f 677/535/206 526/536/206 527/537/206
f 527/537/206 528/455/206 677/535/206
f 677/535/206 528/455/206 676/457/206
f 530/538/206 777/539/206 529/540/206
f 529/540/206 777/539/206 778/541/206
f 529/540/206 778/541/206 686/513/206
f 686/513/206 778/541/206 779/511/206
f 777/539/206 530/538/206 776/542/206
f 776/542/206 530/538/206 531/543/206
f 776/542/206 531/543/206 532/544/206
f 776/542/206 532/544/206 775/545/206
f 775/545/206 532/544/206 533/546/206
f 775/545/206 533/546/206 774/547/206
f 774/547/206 533/546/206 534/548/206
f 774/547/206 534/548/206 733/549/206
f 733/549/206 534/548/206 732/550/206
f 732/550/206 534/548/206 535/551/206
f 732/550/206 535/551/206 731/552/206
f 731/552/206 535/551/206 536/553/206
f 731/552/206 536/553/206 730/554/206
f 730/554/206 536/553/206 537/555/206
f 730/554/206 537/555/206 729/556/206
f 729/556/206 537/555/206 538/557/206
f 729/556/206 538/557/206 728/558/206
f 728/558/206 538/557/206 539/559/206
f 728/558/206 539/559/206 727/560/206
f 727/560/206 539/559/206 540/561/206
f 727/560/206 540/561/206 726/562/206
f 726/562/206 540/561/206 541/563/206
f 726/562/206 541/563/206 640/564/206
f 640/564/206 541/563/206 639/565/206
f 639/565/206 541/563/206 542/566/206
f 639/565/206 542/566/206 543/567/206
f 543/567/206 544/568/206 639/565/206
f 639/565/206 544/568/206 610/569/206
f 639/565/206 610/569/206 611/570/206
f 610/569/206 544/568/206 609/571/206
f 609/571/206 544/568/206 545/572/206
f 609/571/206 545/572/206 608/573/206
f 608/573/206 545/572/206 546/574/206
f 608/573/206 546/574/206 607/575/206
f 607/575/206 546/574/206 547/576/206
f 607/575/206 547/576/206 606/577/206
f 606/577/206 547/576/206 689/578/206
f 606/577/206 689/578/206 625/579/206
f 547/576/206 548/580/206 689/578/206
f 689/578/206 548/580/206 549/581/206
f 689/578/206 549/581/206 550/582/206
f 689/578/206 550/582/206 688/583/206
f 688/583/206 550/582/206 551/584/206
f 688/583/206 551/584/206 687/585/206
f 687/585/206 551/584/206 552/586/206
f 687/585/206 552/586/206 529/540/206
f 554/587/206 749/588/206 553/589/206
f 553/589/206 749/588/206 750/590/206
f 553/589/206 750/590/206 576/591/206
f 576/591/206 750/590/206 751/592/206
f 576/591/206 751/592/206 575/593/206
f 575/593/206 751/592/206 752/594/206
f 575/593/206 752/594/206 574/492/206
f 574/492/206 752/594/206 753/490/206
f 749/588/206 554/587/206 664/595/206
f 664/595/206 554/587/206 555/596/206
f 664/595/206 555/596/206 663/597/206
f 663/597/206 555/596/206 556/598/206
f 663/597/206 556/598/206 557/599/206
f 557/599/206 558/600/206 663/597/206
f 663/597/206 558/600/206 662/601/206
f 662/601/206 558/600/206 559/602/206
f 662/601/206 559/602/206 560/603/206
f 662/601/206 560/603/206 661/604/206
f 661/604/206 560/603/206 561/605/206
f 661/604/206 561/605/206 562/606/206
f 661/604/206 562/606/206 660/607/206
f 660/607/206 562/606/206 563/608/206
f 660/607/206 563/608/206 659/609/206
f 659/609/206 563/608/206 564/610/206
f 659/609/206 564/610/206 565/611/206
f 566/612/206 769/613/206 565/611/206
f 565/611/206 769/613/206 658/614/206
f 565/611/206 658/614/206 659/609/206
f 769/613/206 566/612/206 768/615/206
f 768/615/206 566/612/206 567/616/206
f 768/615/206 567/616/206 767/617/206
f 767/617/206 567/616/206 568/618/206
f 767/617/206 568/618/206 766/619/206
f 766/619/206 568/618/206 569/620/206
f 766/619/206 569/620/206 765/621/206
f 765/621/206 569/620/206 570/622/206
f 765/621/206 570/622/206 764/623/206
f 764/623/206 570/622/206 571/624/206
f 764/623/206 571/624/206 763/625/206
f 763/625/206 571/624/206 572/496/206
f 763/625/206 572/496/206 762/498/206
f 600/626/206 577/627/206 672/628/206
f 672/628/206 577/627/206 578/629/206
f 672/628/206 578/629/206 671/630/206
f 671/630/206 578/629/206 579/631/206
f 671/630/206 579/631/206 580/632/206
f 671/630/206 580/632/206 670/633/206
f 670/633/206 580/632/206 581/634/206
f 670/633/206 581/634/206 669/635/206
f 669/635/206 581/634/206 582/636/206
f 669/635/206 582/636/206 583/483/206
f 676/457/206 595/459/206 675/637/206
f 675/637/206 595/459/206 596/638/206
f 675/637/206 596/638/206 597/639/206
f 675/637/206 597/639/206 674/640/206
f 674/640/206 597/639/206 598/641/206
f 674/640/206 598/641/206 673/642/206
f 673/642/206 598/641/206 599/643/206
f 673/642/206 599/643/206 600/626/206
f 673/642/206 600/626/206 672/628/206
f 602/644/206 626/645/206 601/646/206
f 601/646/206 626/645/206 632/647/206
f 601/646/206 632/647/206 624/648/206
f 624/648/206 632/647/206 623/649/206
f 623/649/206 632/647/206 622/650/206
f 622/650/206 632/647/206 621/651/206
f 621/651/206 632/647/206 620/652/206
f 620/652/206 632/647/206 619/653/206
f 619/653/206 632/647/206 633/654/206
f 619/653/206 633/654/206 618/655/206
f 618/655/206 633/654/206 617/656/206
f 617/656/206 633/654/206 616/657/206
f 616/657/206 633/654/206 615/658/206
f 615/658/206 633/654/206 614/659/206
f 614/659/206 633/654/206 613/660/206
f 613/660/206 633/654/206 639/565/206
f 613/660/206 639/565/206 612/661/206
f 612/661/206 639/565/206 611/570/206
f 602/644/206 603/662/206 626/645/206
f 626/645/206 603/662/206 625/579/206
f 625/579/206 603/662/206 604/663/206
f 625/579/206 604/663/206 605/664/206
f 605/664/206 606/577/206 625/579/206
f 627/665/206 628/666/206 626/645/206
f 626/645/206 628/666/206 629/667/206
f 626/645/206 629/667/206 630/668/206
f 630/668/206 631/669/206 626/645/206
f 626/645/206 631/669/206 632/647/206
f 633/654/206 634/670/206 639/565/206
f 639/565/206 634/670/206 635/671/206
f 639/565/206 635/671/206 636/672/206
f 636/672/206 637/673/206 639/565/206
f 639/565/206 637/673/206 638/674/206
f 641/675/206 642/676/206 640/564/206
f 640/564/206 642/676/206 643/677/206
f 640/564/206 643/677/206 644/678/206
f 644/678/206 645/679/206 640/564/206
f 640/564/206 645/679/206 646/680/206
f 640/564/206 646/680/206 702/681/206
f 702/681/206 646/680/206 701/682/206
f 701/682/206 646/680/206 700/683/206
f 700/683/206 646/680/206 699/684/206
f 699/684/206 646/680/206 698/685/206
f 698/685/206 646/680/206 697/686/206
f 697/686/206 646/680/206 696/687/206
f 696/687/206 646/680/206 647/688/206
f 696/687/206 647/688/206 695/689/206
f 695/689/206 647/688/206 694/690/206
f 694/690/206 647/688/206 693/691/206
f 693/691/206 647/688/206 692/692/206
f 692/692/206 647/688/206 691/693/206
f 691/693/206 647/688/206 690/694/206
f 690/694/206 647/688/206 653/695/206
f 690/694/206 653/695/206 713/696/206
f 713/696/206 653/695/206 712/697/206
f 712/697/206 653/695/206 654/698/206
f 712/697/206 654/698/206 711/699/206
f 711/699/206 654/698/206 710/700/206
f 710/700/206 654/698/206 709/701/206
f 709/701/206 654/698/206 655/702/206
f 709/701/206 655/702/206 719/703/206
f 719/703/206 655/702/206 718/704/206
f 718/704/206 655/702/206 717/705/206
f 717/705/206 655/702/206 656/706/206
f 717/705/206 656/706/206 716/707/206
f 716/707/206 656/706/206 657/708/206
f 716/707/206 657/708/206 715/709/206
f 715/709/206 657/708/206 714/710/206
f 714/710/206 657/708/206 658/614/206
f 714/710/206 658/614/206 770/711/206
f 770/711/206 658/614/206 769/613/206
f 647/688/206 648/712/206 653/695/206
f 653/695/206 648/712/206 649/713/206
f 653/695/206 649/713/206 650/714/206
f 650/714/206 651/715/206 653/695/206
f 653/695/206 651/715/206 652/716/206
f 665/717/206 747/718/206 664/595/206
f 664/595/206 747/718/206 748/719/206
f 664/595/206 748/719/206 749/588/206
f 666/720/206 744/721/206 665/717/206
f 665/717/206 744/721/206 745/722/206
f 665/717/206 745/722/206 746/723/206
f 667/724/206 742/725/206 666/720/206
f 666/720/206 742/725/206 743/726/206
f 666/720/206 743/726/206 744/721/206
f 668/485/206 739/487/206 667/724/206
f 667/724/206 739/487/206 740/727/206
f 667/724/206 740/727/206 741/728/206
f 668/485/206 669/635/206 583/483/206
f 482/523/206 680/525/206 483/729/206
f 483/729/206 680/525/206 681/730/206
f 483/729/206 681/730/206 484/731/206
f 484/731/206 681/730/206 485/732/206
f 485/732/206 681/730/206 486/733/206
f 486/733/206 681/730/206 682/734/206
f 486/733/206 682/734/206 487/735/206
f 487/735/206 682/734/206 488/736/206
f 488/736/206 682/734/206 683/737/206
f 488/736/206 683/737/206 489/738/206
f 489/738/206 683/737/206 490/739/206
f 490/739/206 683/737/206 684/740/206
f 490/739/206 684/740/206 491/516/206
f 491/516/206 684/740/206 685/514/206
f 686/513/206 687/585/206 529/540/206
f 702/681/206 703/741/206 640/564/206
f 640/564/206 703/741/206 704/742/206
f 640/564/206 704/742/206 705/743/206
f 706/744/206 722/745/206 705/743/206
f 705/743/206 722/745/206 723/746/206
f 705/743/206 723/746/206 640/564/206
f 640/564/206 723/746/206 724/747/206
f 640/564/206 724/747/206 725/748/206
f 722/745/206 706/744/206 721/749/206
f 721/749/206 706/744/206 707/750/206
f 721/749/206 707/750/206 720/751/206
f 720/751/206 707/750/206 708/752/206
f 720/751/206 708/752/206 719/703/206
f 719/703/206 708/752/206 709/701/206
f 725/748/206 726/562/206 640/564/206
f 733/549/206 734/753/206 774/547/206
f 774/547/206 734/753/206 773/754/206
f 773/754/206 734/753/206 735/755/206
f 773/754/206 735/755/206 772/756/206
f 772/756/206 735/755/206 736/757/206
f 772/756/206 736/757/206 737/758/206
f 772/756/206 737/758/206 771/759/206
f 771/759/206 737/758/206 714/710/206
f 771/759/206 714/710/206 770/711/206
f 741/728/206 742/725/206 667/724/206
f 746/723/206 747/718/206 665/717/206
f 787/760/135 470/761/135 786/762/74
f 786/762/74 470/761/135 469/763/74
f 786/764/74 469/765/74 809/766/134
f 809/766/134 469/765/74 468/767/134
f 809/766/134 468/767/134 808/768/133
f 808/768/133 468/767/134 467/769/133
f 808/768/133 467/769/133 807/770/132
f 807/770/132 467/769/133 466/771/132
f 807/770/132 466/771/132 806/772/85
f 806/772/85 466/771/132 465/773/85
f 806/772/85 465/773/85 805/774/131
f 805/774/131 465/773/85 464/775/131
f 805/774/131 464/775/131 804/776/130
f 804/776/130 464/775/131 463/777/130
f 804/776/130 463/777/130 803/778/129
f 803/778/129 463/777/130 462/779/129
f 803/778/129 462/779/129 802/780/128
f 802/780/128 462/779/129 461/781/128
f 802/780/128 461/781/128 801/782/127
f 801/782/127 461/781/128 460/783/127
f 801/782/127 460/783/127 800/784/126
f 800/784/126 460/783/127 459/785/126
f 800/784/126 459/785/126 799/786/125
f 799/786/125 459/785/126 458/787/125
f 799/786/125 458/787/125 798/788/27
f 798/788/27 458/787/125 457/789/27
f 798/788/27 457/789/27 797/790/124
f 797/790/124 457/789/27 480/791/124
f 797/790/124 480/791/124 796/792/143
f 796/792/143 480/791/124 479/793/143
f 796/792/143 479/793/143 795/794/142
f 795/794/142 479/793/143 478/795/142
f 795/794/142 478/795/142 794/796/141
f 794/796/141 478/795/142 477/797/141
f 794/796/141 477/797/141 793/798/140
f 793/798/140 477/797/141 476/799/140
f 793/798/140 476/799/140 792/800/139
f 792/800/139 476/799/140 475/801/139
f 792/800/139 475/801/139 791/802/138
f 791/802/138 475/801/139 474/803/138
f 791/802/138 474/803/138 790/804/63
f 790/804/63 474/803/138 473/805/63
f 790/804/63 473/805/63 789/806/137
f 789/806/137 473/805/63 472/807/137
f 789/806/137 472/807/137 788/808/136
f 788/808/136 472/807/137 471/809/136
f 788/808/136 471/809/136 787/760/135
f 787/760/135 471/809/136 470/761/135
f 811/407/182 506/408/182 810/409/183
f 810/409/183 506/408/182 505/410/183
f 810/411/183 505/412/183 833/413/184
f 833/413/184 505/412/183 528/414/184
f 833/413/184 528/414/184 832/415/185
f 832/415/185 528/414/184 527/416/185
f 832/415/185 527/416/185 831/417/186
f 831/417/186 527/416/185 526/418/186
f 831/417/186 526/418/186 830/419/187
f 830/419/187 526/418/186 525/420/187
f 830/419/187 525/420/187 829/421/188
f 829/421/188 525/420/187 524/422/188
f 829/421/188 524/422/188 828/423/189
f 828/423/189 524/422/188 523/424/189
f 828/423/189 523/424/189 827/425/190
f 827/425/190 523/424/189 522/426/190
f 827/425/190 522/426/190 826/427/191
f 826/427/191 522/426/190 521/428/191
f 826/427/191 521/428/191 825/429/192
f 825/429/192 521/428/191 520/430/192
f 825/429/192 520/430/192 824/431/193
f 824/431/193 520/430/192 519/432/193
f 824/431/193 519/432/193 823/433/194
f 823/433/194 519/432/193 518/434/194
f 823/433/194 518/434/194 822/127/195
f 822/127/195 518/434/194 517/128/195
f 822/127/195 517/128/195 821/435/196
f 821/435/196 517/128/195 516/436/196
f 821/435/196 516/436/196 820/437/197
f 820/437/197 516/436/196 515/438/197
f 820/437/197 515/438/197 819/439/198
f 819/439/198 515/438/197 514/440/198
f 819/439/198 514/440/198 818/441/207
f 818/441/207 514/440/198 513/442/207
f 818/441/207 513/442/207 817/443/200
f 817/443/200 513/442/207 512/444/200
f 817/443/200 512/444/200 816/445/201
f 816/445/201 512/444/200 511/446/201
f 816/445/201 511/446/201 815/447/202
f 815/447/202 511/446/201 510/448/202
f 815/447/202 510/448/202 814/449/203
f 814/449/203 510/448/202 509/450/208
f 814/449/203 509/450/208 813/451/204
f 813/451/204 509/450/208 508/452/204
f 813/451/204 508/452/204 812/453/205
f 812/453/205 508/452/204 507/454/205
f 812/453/205 507/454/205 811/407/182
f 811/407/182 507/454/205 506/408/182
f 835/760/135 823/761/135 834/762/74
f 834/762/74 823/761/135 822/763/74
f 834/764/74 822/765/74 857/766/134
f 857/766/134 822/765/74 821/767/134
f 857/766/134 821/767/134 856/768/133
f 856/768/133 821/767/134 820/769/133
f 856/768/133 820/769/133 855/770/132
f 855/770/132 820/769/133 819/771/132
f 855/770/132 819/771/132 854/772/85
f 854/772/85 819/771/132 818/773/85
f 854/772/85 818/773/85 853/774/131
f 853/774/131 818/773/85 817/775/131
f 853/774/131 817/775/131 852/776/130
f 852/776/130 817/775/131 816/777/130
f 852/776/130 816/777/130 851/778/129
f 851/778/129 816/777/130 815/779/129
f 851/778/129 815/779/129 850/780/128
f 850/780/128 815/779/129 814/781/128
f 850/780/128 814/781/128 849/782/127
f 849/782/127 814/781/128 813/783/127
f 849/782/127 813/783/127 848/784/126
f 848/784/126 813/783/127 812/785/126
f 848/784/126 812/785/126 847/786/125
f 847/786/125 812/785/126 811/787/125
f 847/786/125 811/787/125 846/788/27
f 846/788/27 811/787/125 810/789/27
f 846/788/27 810/789/27 845/790/124
f 845/790/124 810/789/27 833/791/124
f 845/790/124 833/791/124 844/792/143
f 844/792/143 833/791/124 832/793/143
f 844/792/143 832/793/143 843/794/142
f 843/794/142 832/793/143 831/795/142
f 843/794/142 831/795/142 842/796/141
f 842/796/141 831/795/142 830/797/141
f 842/796/141 830/797/141 841/798/140
f 841/798/140 830/797/141 829/799/140
f 841/798/140 829/799/140 840/800/139
f 840/800/139 829/799/140 828/801/139
f 840/800/139 828/801/139 839/802/138
f 839/802/138 828/801/139 827/803/138
f 839/802/138 827/803/138 838/804/63
f 838/804/63 827/803/138 826/805/63
f 838/804/63 826/805/63 837/806/137
f 837/806/137 826/805/63 825/807/137
f 837/806/137 825/807/137 836/808/136
f 836/808/136 825/807/137 824/809/136
f 836/808/136 824/809/136 835/760/135
f 835/760/135 824/809/136 823/761/135
f 859/407/182 763/408/182 858/409/183
f 858/409/183 763/408/182 762/410/183
f 858/411/183 762/412/183 881/413/184
f 881/413/184 762/412/183 785/414/184
f 881/413/184 785/414/184 880/415/185
f 880/415/185 785/414/184 784/416/185
f 880/415/185 784/416/185 879/417/186
f 879/417/186 784/416/185 783/418/186
f 879/417/186 783/418/186 878/419/187
f 878/419/187 783/418/186 782/420/187
f 878/419/187 782/420/187 877/421/188
f 877/421/188 782/420/187 781/422/188
f 877/421/188 781/422/188 876/423/189
f 876/423/189 781/422/188 780/424/189
f 876/423/189 780/424/189 875/425/190
f 875/425/190 780/424/189 779/426/190
f 875/425/190 779/426/190 874/427/191
f 874/427/191 779/426/190 778/428/191
f 874/427/191 778/428/191 873/429/192
f 873/429/192 778/428/191 777/430/192
f 873/429/192 777/430/192 872/431/193
f 872/431/193 777/430/192 776/432/193
f 872/431/193 776/432/193 871/433/194
f 871/433/194 776/432/193 775/434/194
f 871/433/194 775/434/194 870/127/195
f 870/127/195 775/434/194 774/128/195
f 870/127/195 774/128/195 869/435/196
f 869/435/196 774/128/195 773/436/196
f 869/435/196 773/436/196 868/437/197
f 868/437/197 773/436/196 772/438/197
f 868/437/197 772/438/197 867/439/198
f 867/439/198 772/438/197 771/440/198
f 867/439/198 771/440/198 866/441/207
f 866/441/207 771/440/198 770/442/207
f 866/441/207 770/442/207 865/443/200
f 865/443/200 770/442/207 769/444/200
f 865/443/200 769/444/200 864/445/201
f 864/445/201 769/444/200 768/446/201
f 864/445/201 768/446/201 863/447/202
f 863/447/202 768/446/201 767/448/202
f 863/447/202 767/448/202 862/449/203
f 862/449/203 767/448/202 766/450/203
f 862/449/203 766/450/203 861/451/204
f 861/451/204 766/450/203 765/452/204
f 861/451/204 765/452/204 860/453/205
f 860/453/205 765/452/204 764/454/205
f 860/453/205 764/454/205 859/407/182
f 859/407/182 764/454/205 763/408/182
f 883/760/135 871/761/135 882/762/74
f 882/762/74 871/761/135 870/763/74
f 882/764/74 870/765/74 905/766/134
f 905/766/134 870/765/74 869/767/134
f 905/766/134 869/767/134 904/768/133
f 904/768/133 869/767/134 868/769/133
f 904/768/133 868/769/133 903/770/132
f 903/770/132 868/769/133 867/771/132
f 903/770/132 867/771/132 902/772/85
f 902/772/85 867/771/132 866/773/85
f 902/772/85 866/773/85 901/774/131
f 901/774/131 866/773/85 865/775/131
f 901/774/131 865/775/131 900/776/130
f 900/776/130 865/775/131 864/777/130
f 900/776/130 864/777/130 899/778/129
f 899/778/129 864/777/130 863/779/129
f 899/778/129 863/779/129 898/780/128
f 898/780/128 863/779/129 862/781/128
f 898/780/128 862/781/128 897/782/127
f 897/782/127 862/781/128 861/783/127
f 897/782/127 861/783/127 896/784/126
f 896/784/126 861/783/127 860/785/126
f 896/784/126 860/785/126 895/786/125
f 895/786/125 860/785/126 859/787/125
f 895/786/125 859/787/125 894/788/27
f 894/788/27 859/787/125 858/789/27
f 894/788/27 858/789/27 893/790/124
f 893/790/124 858/789/27 881/791/124
f 893/790/124 881/791/124 892/792/143
f 892/792/143 881/791/124 880/793/143
f 892/792/143 880/793/143 891/794/142
f 891/794/142 880/793/143 879/795/142
f 891/794/142 879/795/142 890/796/141
f 890/796/141 879/795/142 878/797/141
f 890/796/141 878/797/141 889/798/140
f 889/798/140 878/797/141 877/799/140
f 889/798/140 877/799/140 888/800/139
f 888/800/139 877/799/140 876/801/139
f 888/800/139 876/801/139 887/802/138
f 887/802/138 876/801/139 875/803/138
f 887/802/138 875/803/138 886/804/63
f 886/804/63 875/803/138 874/805/63
f 886/804/63 874/805/63 885/806/137
f 885/806/137 874/805/63 873/807/137
f 885/806/137 873/807/137 884/808/136
f 884/808/136 873/807/137 872/809/136
f 884/808/136 872/809/136 883/760/135
f 883/760/135 872/809/136 871/761/135
f 408/99/182 530/100/182 385/101/183
f 385/101/183 530/100/182 529/102/183
f 385/103/183 529/104/183 386/105/184
f 386/105/184 529/104/183 552/106/184
f 386/105/184 552/106/184 387/107/209
f 387/107/209 552/106/184 551/108/185
f 387/107/209 551/108/185 388/109/186
f 388/109/186 551/108/185 550/110/186
f 388/109/186 550/110/186 389/111/187
f 389/111/187 550/110/186 549/112/187
f 389/111/187 549/112/187 390/113/188
f 390/113/188 549/112/187 548/114/188
f 390/113/188 548/114/188 391/115/189
f 391/115/189 548/114/188 547/116/189
f 391/115/189 547/116/189 392/117/190
f 392/117/190 547/116/189 546/118/190
f 392/117/190 546/118/190 393/119/191
f 393/119/191 546/118/190 545/120/191
f 393/119/191 545/120/191 394/121/192
f 394/121/192 545/120/191 544/122/192
f 394/121/192 544/122/192 395/123/193
f 395/123/193 544/122/192 543/124/193
f 395/123/193 543/124/193 396/125/194
f 396/125/194 543/124/193 542/126/194
f 396/125/194 542/126/194 397/127/195
f 397/127/195 542/126/194 541/128/195
f 397/127/195 541/128/195 398/129/196
f 398/129/196 541/128/195 540/130/196
f 398/129/196 540/130/196 399/131/197
f 399/131/197 540/130/196 539/132/197
f 399/131/197 539/132/197 400/133/198
f 400/133/198 539/132/197 538/134/198
f 400/133/198 538/134/198 401/135/207
f 401/135/207 538/134/198 537/136/207
f 401/135/207 537/136/207 402/137/200
f 402/137/200 537/136/207 536/138/200
f 402/137/200 536/138/200 403/139/201
f 403/139/201 536/138/200 535/140/201
f 403/139/201 535/140/201 404/141/202
f 404/141/202 535/140/201 534/142/202
f 404/141/202 534/142/202 405/143/203
f 405/143/203 534/142/202 533/144/203
f 405/143/203 533/144/203 406/145/204
f 406/145/204 533/144/203 532/146/204
f 406/145/204 532/146/204 407/147/205
f 407/147/205 532/146/204 531/148/205
f 407/147/205 531/148/205 408/99/182
f 408/99/182 531/148/205 530/100/182
f 907/407/182 739/408/182 906/409/183
f 906/409/183 739/408/182 738/410/183
f 906/411/183 738/412/183 929/413/184
f 929/413/184 738/412/183 761/414/184
f 929/413/184 761/414/184 928/415/185
f 928/415/185 761/414/184 760/416/185
f 928/415/185 760/416/185 927/417/186
f 927/417/186 760/416/185 759/418/186
f 927/417/186 759/418/186 926/419/187
f 926/419/187 759/418/186 758/420/187
f 926/419/187 758/420/187 925/421/188
f 925/421/188 758/420/187 757/422/188
f 925/421/188 757/422/188 924/423/189
f 924/423/189 757/422/188 756/424/189
f 924/423/189 756/424/189 923/425/190
f 923/425/190 756/424/189 755/426/190
f 923/425/190 755/426/190 922/427/191
f 922/427/191 755/426/190 754/428/191
f 922/427/191 754/428/191 921/429/192
f 921/429/192 754/428/191 753/430/192
f 921/429/192 753/430/192 920/431/193
f 920/431/193 753/430/192 752/432/193
f 920/431/193 752/432/193 919/433/194
f 919/433/194 752/432/193 751/434/194
f 919/433/194 751/434/194 918/127/195
f 918/127/195 751/434/194 750/128/195
f 918/127/195 750/128/195 917/435/196
f 917/435/196 750/128/195 749/436/196
f 917/435/196 749/436/196 916/437/197
f 916/437/197 749/436/196 748/438/197
f 916/437/197 748/438/197 915/439/198
f 915/439/198 748/438/197 747/440/198
f 915/439/198 747/440/198 914/441/207
f 914/441/207 747/440/198 746/442/207
f 914/441/207 746/442/207 913/443/200
f 913/443/200 746/442/207 745/444/200
f 913/443/200 745/444/200 912/445/201
f 912/445/201 745/444/200 744/446/201
f 912/445/201 744/446/201 911/447/202
f 911/447/202 744/446/201 743/448/202
f 911/447/202 743/448/202 910/449/203
f 910/449/203 743/448/202 742/450/203
f 910/449/203 742/450/203 909/451/204
f 909/451/204 742/450/203 741/452/204
f 909/451/204 741/452/204 908/453/205
f 908/453/205 741/452/204 740/454/205
f 908/453/205 740/454/205 907/407/182
f 907/407/182 740/454/205 739/408/182
f 931/760/135 919/761/135 930/762/74
f 930/762/74 919/761/135 918/763/74
f 930/764/74 918/765/74 953/766/134
f 953/766/134 918/765/74 917/767/134
f 953/766/134 917/767/134 952/768/133
f 952/768/133 917/767/134 916/769/133
f 952/768/133 916/769/133 951/770/132
f 951/770/132 916/769/133 915/771/132
f 951/770/132 915/771/132 950/772/85
f 950/772/85 915/771/132 914/773/85
f 950/772/85 914/773/85 949/774/131
f 949/774/131 914/773/85 913/775/131
f 949/774/131 913/775/131 948/776/130
f 948/776/130 913/775/131 912/777/130
f 948/776/130 912/777/130 947/778/129
f 947/778/129 912/777/130 911/779/129
f 947/778/129 911/779/129 946/780/128
f 946/780/128 911/779/129 910/781/128
f 946/780/128 910/781/128 945/782/127
f 945/782/127 910/781/128 909/783/127
f 945/782/127 909/783/127 944/784/126
f 944/784/126 909/783/127 908/785/126
f 944/784/126 908/785/126 943/786/125
f 943/786/125 908/785/126 907/787/125
f 943/786/125 907/787/125 942/788/27
f 942/788/27 907/787/125 906/789/27
f 942/788/27 906/789/27 941/790/124
f 941/790/124 906/789/27 929/791/124
f 941/790/124 929/791/124 940/792/143
f 940/792/143 929/791/124 928/793/143
f 940/792/143 928/793/143 939/794/142
f 939/794/142 928/793/143 927/795/142
f 939/794/142 927/795/142 938/796/141
f 938/796/141 927/795/142 926/797/141
f 938/796/141 926/797/141 937/798/140
f 937/798/140 926/797/141 925/799/140
f 937/798/140 925/799/140 936/800/139
f 936/800/139 925/799/140 924/801/139
f 936/800/139 924/801/139 935/802/138
f 935/802/138 924/801/139 923/803/138
f 935/802/138 923/803/138 934/804/63
f 934/804/63 923/803/138 922/805/63
f 934/804/63 922/805/63 933/806/137
f 933/806/137 922/805/63 921/807/137
f 933/806/137 921/807/137 932/808/136
f 932/808/136 921/807/137 920/809/136
f 932/808/136 920/809/136 931/760/135
f 931/760/135 920/809/136 919/761/135
f 955/407/182 554/408/182 954/409/183
f 954/409/183 554/408/182 553/410/183
f 954/411/183 553/412/183 977/413/184
f 977/413/184 553/412/183 576/414/184
f 977/413/184 576/414/184 976/415/185
f 976/415/185 576/414/184 575/416/185
f 976/415/185 575/416/185 975/417/186
f 975/417/186 575/416/185 574/418/186
f 975/417/186 574/418/186 974/419/187
f 974/419/187 574/418/186 573/420/187
f 974/419/187 573/420/187 973/421/188
f 973/421/188 573/420/187 572/422/188
f 973/421/188 572/422/188 972/423/189
f 972/423/189 572/422/188 571/424/189
f 972/423/189 571/424/189 971/425/190
f 971/425/190 571/424/189 570/426/190
f 971/425/190 570/426/190 970/427/191
f 970/427/191 570/426/190 569/428/191
f 970/427/191 569/428/191 969/429/192
f 969/429/192 569/428/191 568/430/192
f 969/429/192 568/430/192 968/431/193
f 968/431/193 568/430/192 567/432/193
f 968/431/193 567/432/193 967/433/194
f 967/433/194 567/432/193 566/434/194
f 967/433/194 566/434/194 966/127/195
f 966/127/195 566/434/194 565/128/195
f 966/127/195 565/128/195 965/435/196
f 965/435/196 565/128/195 564/436/196
f 965/435/196 564/436/196 964/437/197
f 964/437/197 564/436/196 563/438/197
f 964/437/197 563/438/197 963/439/198
f 963/439/198 563/438/197 562/440/198
f 963/439/198 562/440/198 962/441/207
f 962/441/207 562/440/198 561/442/207
f 962/441/207 561/442/207 961/443/200
f 961/443/200 561/442/207 560/444/200
f 961/443/200 560/444/200 960/445/201
f 960/445/201 560/444/200 559/446/201
f 960/445/201 559/446/201 959/447/202
f 959/447/202 559/446/201 558/448/202
f 959/447/202 558/448/202 958/449/203
f 958/449/203 558/448/202 557/450/203
f 958/449/203 557/450/203 957/451/204
f 957/451/204 557/450/203 556/452/204
f 957/451/204 556/452/204 956/453/205
f 956/453/205 556/452/204 555/454/205
f 956/453/205 555/454/205 955/407/182
f 955/407/182 555/454/205 554/408/182
f 979/760/135 967/761/135 978/762/74
f 978/762/74 967/761/135 966/763/74
f 978/764/74 966/765/74 1001/766/134
f 1001/766/134 966/765/74 965/767/134
f 1001/766/134 965/767/134 1000/768/133
f 1000/768/133 965/767/134 964/769/133
f 1000/768/133 964/769/133 999/770/132
f 999/770/132 964/769/133 963/771/132
f 999/770/132 963/771/132 998/772/85
f 998/772/85 963/771/132 962/773/85
f 998/772/85 962/773/85 997/774/131
f 997/774/131 962/773/85 961/775/131
f 997/774/131 961/775/131 996/776/130
f 996/776/130 961/775/131 960/777/130
f 996/776/130 960/777/130 995/778/129
f 995/778/129 960/777/130 959/779/129
f 995/778/129 959/779/129 994/780/128
f 994/780/128 959/779/129 958/781/128
f 994/780/128 958/781/128 993/782/127
f 993/782/127 958/781/128 957/783/127
f 993/782/127 957/783/127 992/784/126
f 992/784/126 957/783/127 956/785/126
f 992/784/126 956/785/126 991/786/125
f 991/786/125 956/785/126 955/787/125
f 991/786/125 955/787/125 990/788/27
f 990/788/27 955/787/125 954/789/27
f 990/788/27 954/789/27 989/790/124
f 989/790/124 954/789/27 977/791/124
f 989/790/124 977/791/124 988/792/143
f 988/792/143 977/791/124 976/793/143
f 988/792/143 976/793/143 987/794/142
f 987/794/142 976/793/143 975/795/142
f 987/794/142 975/795/142 986/796/141
f 986/796/141 975/795/142 974/797/141
f 986/796/141 974/797/141 985/798/140
f 985/798/140 974/797/141 973/799/140
f 985/798/140 973/799/140 984/800/139
f 984/800/139 973/799/140 972/801/139
f 984/800/139 972/801/139 983/802/138
f 983/802/138 972/801/139 971/803/138
f 983/802/138 971/803/138 982/804/63
f 982/804/63 971/803/138 970/805/63
f 982/804/63 970/805/63 981/806/137
f 981/806/137 970/805/63 969/807/137
f 981/806/137 969/807/137 980/808/136
f 980/808/136 969/807/137 968/809/136
f 980/808/136 968/809/136 979/760/135
f 979/760/135 968/809/136 967/761/135
f 268/99/182 715/100/182 245/101/183
f 245/101/183 715/100/182 714/102/183
f 245/103/183 714/104/183 246/105/184
f 246/105/184 714/104/183 737/106/184
f 246/105/184 737/106/184 247/107/185
f 247/107/185 737/106/184 736/108/185
f 247/107/185 736/108/185 248/109/186
f 248/109/186 736/108/185 735/110/186
f 248/109/186 735/110/186 249/111/187
f 249/111/187 735/110/186 734/112/187
f 249/111/187 734/112/187 250/113/188
f 250/113/188 734/112/187 733/114/188
f 250/113/188 733/114/188 251/115/189
f 251/115/189 733/114/188 732/116/189
f 251/115/189 732/116/189 252/117/190
f 252/117/190 732/116/189 731/118/190
f 252/117/190 731/118/190 253/119/191
f 253/119/191 731/118/190 730/120/191
f 253/119/191 730/120/191 254/121/192
f 254/121/192 730/120/191 729/122/192
f 254/121/192 729/122/192 255/123/193
f 255/123/193 729/122/192 728/124/193
f 255/123/193 728/124/193 256/125/194
f 256/125/194 728/124/193 727/126/194
f 256/125/194 727/126/194 257/127/195
f 257/127/195 727/126/194 726/128/195
f 257/127/195 726/128/195 258/129/196
f 258/129/196 726/128/195 725/130/196
f 258/129/196 725/130/196 259/131/210
f 259/131/210 725/130/196 724/132/197
f 259/131/210 724/132/197 260/133/198
f 260/133/198 724/132/197 723/134/198
f 260/133/198 723/134/198 261/135/207
f 261/135/207 723/134/198 722/136/207
f 261/135/207 722/136/207 262/137/200
f 262/137/200 722/136/207 721/138/200
f 262/137/200 721/138/200 263/139/201
f 263/139/201 721/138/200 720/140/201
f 263/139/201 720/140/201 264/141/202
f 264/141/202 720/140/201 719/142/202
f 264/141/202 719/142/202 265/143/203
f 265/143/203 719/142/202 718/144/203
f 265/143/203 718/144/203 266/145/204
f 266/145/204 718/144/203 717/146/204
f 266/145/204 717/146/204 267/147/205
f 267/147/205 717/146/204 716/148/205
f 267/147/205 716/148/205 268/99/182
f 268/99/182 716/148/205 715/100/182
f 1003/407/182 578/408/182 1002/409/183
f 1002/409/183 578/408/182 577/410/183
f 1002/411/183 577/412/183 1025/413/184
f 1025/413/184 577/412/183 600/414/184
f 1025/413/184 600/414/184 1024/415/185
f 1024/415/185 600/414/184 599/416/185
f 1024/415/185 599/416/185 1023/417/186
f 1023/417/186 599/416/185 598/418/186
f 1023/417/186 598/418/186 1022/419/187
f 1022/419/187 598/418/186 597/420/187
f 1022/419/187 597/420/187 1021/421/188
f 1021/421/188 597/420/187 596/422/188
f 1021/421/188 596/422/188 1020/423/189
f 1020/423/189 596/422/188 595/424/189
f 1020/423/189 595/424/189 1019/425/190
f 1019/425/190 595/424/189 594/426/190
f 1019/425/190 594/426/190 1018/427/191
f 1018/427/191 594/426/190 593/428/191
f 1018/427/191 593/428/191 1017/429/192
f 1017/429/192 593/428/191 592/430/192
f 1017/429/192 592/430/192 1016/431/193
f 1016/431/193 592/430/192 591/432/193
f 1016/431/193 591/432/193 1015/433/194
f 1015/433/194 591/432/193 590/434/194
f 1015/433/194 590/434/194 1014/127/195
f 1014/127/195 590/434/194 589/128/195
f 1014/127/195 589/128/195 1013/435/196
f 1013/435/196 589/128/195 588/436/196
f 1013/435/196 588/436/196 1012/437/197
f 1012/437/197 588/436/196 587/438/197
f 1012/437/197 587/438/197 1011/439/198
f 1011/439/198 587/438/197 586/440/198
f 1011/439/198 586/440/198 1010/441/207
f 1010/441/207 586/440/198 585/442/207
f 1010/441/207 585/442/207 1009/443/200
f 1009/443/200 585/442/207 584/444/200
f 1009/443/200 584/444/200 1008/445/201
f 1008/445/201 584/444/200 583/446/201
f 1008/445/201 583/446/201 1007/447/202
f 1007/447/202 583/446/201 582/448/202
f 1007/447/202 582/448/202 1006/449/203
f 1006/449/203 582/448/202 581/450/203
f 1006/449/203 581/450/203 1005/451/204
f 1005/451/204 581/450/203 580/452/204
f 1005/451/204 580/452/204 1004/453/205
f 1004/453/205 580/452/204 579/454/205
f 1004/453/205 579/454/205 1003/407/182
f 1003/407/182 579/454/205 578/408/182
f 1027/760/135 1015/761/135 1026/762/74
f 1026/762/74 1015/761/135 1014/763/74
f 1026/764/74 1014/765/74 1049/766/134
f 1049/766/134 1014/765/74 1013/767/134
f 1049/766/134 1013/767/134 1048/768/133
f 1048/768/133 1013/767/134 1012/769/133
f 1048/768/133 1012/769/133 1047/770/132
f 1047/770/132 1012/769/133 1011/771/132
f 1047/770/132 1011/771/132 1046/772/85
f 1046/772/85 1011/771/132 1010/773/85
f 1046/772/85 1010/773/85 1045/774/131
f 1045/774/131 1010/773/85 1009/775/131
f 1045/774/131 1009/775/131 1044/776/130
f 1044/776/130 1009/775/131 1008/777/130
f 1044/776/130 1008/777/130 1043/778/129
f 1043/778/129 1008/777/130 1007/779/129
f 1043/778/129 1007/779/129 1042/780/128
f 1042/780/128 1007/779/129 1006/781/128
f 1042/780/128 1006/781/128 1041/782/127
f 1041/782/127 1006/781/128 1005/783/127
f 1041/782/127 1005/783/127 1040/784/126
f 1040/784/126 1005/783/127 1004/785/126
f 1040/784/126 1004/785/126 1039/786/125
f 1039/786/125 1004/785/126 1003/787/125
f 1039/786/125 1003/787/125 1038/788/27
f 1038/788/27 1003/787/125 1002/789/27
f 1038/788/27 1002/789/27 1037/790/124
f 1037/790/124 1002/789/27 1025/791/124
f 1037/790/124 1025/791/124 1036/792/143
f 1036/792/143 1025/791/124 1024/793/143
f 1036/792/143 1024/793/143 1035/794/142
f 1035/794/142 1024/793/143 1023/795/142
f 1035/794/142 1023/795/142 1034/796/141
f 1034/796/141 1023/795/142 1022/797/141
f 1034/796/141 1022/797/141 1033/798/140
f 1033/798/140 1022/797/141 1021/799/140
f 1033/798/140 1021/799/140 1032/800/139
f 1032/800/139 1021/799/140 1020/801/139
f 1032/800/139 1020/801/139 1031/802/138
f 1031/802/138 1020/801/139 1019/803/138
f 1031/802/138 1019/803/138 1030/804/63
f 1030/804/63 1019/803/138 1018/805/63
f 1030/804/63 1018/805/63 1029/806/137
f 1029/806/137 1018/805/63 1017/807/137
f 1029/806/137 1017/807/137 1028/808/136
f 1028/808/136 1017/807/137 1016/809/136
f 1028/808/136 1016/809/136 1027/760/135
f 1027/760/135 1016/809/136 1015/761/135
f 316/99/182 691/100/182 293/101/183
f 293/101/183 691/100/182 690/102/183
f 293/103/183 690/104/183 294/105/184
f 294/105/184 690/104/183 713/106/184
f 294/105/184 713/106/184 295/107/185
f 295/107/185 713/106/184 712/108/185
f 295/107/185 712/108/185 296/109/186
f 296/109/186 712/108/185 711/110/186
f 296/109/186 711/110/186 297/111/187
f 297/111/187 711/110/186 710/112/187
f 297/111/187 710/112/187 298/113/188
f 298/113/188 710/112/187 709/114/188
f 298/113/188 709/114/188 299/115/189
f 299/115/189 709/114/188 708/116/189
f 299/115/189 708/116/189 300/117/190
f 300/117/190 708/116/189 707/118/190
f 300/117/190 707/118/190 301/119/191
f 301/119/191 707/118/190 706/120/191
f 301/119/191 706/120/191 302/121/192
f 302/121/192 706/120/191 705/122/192
f 302/121/192 705/122/192 303/123/193
f 303/123/193 705/122/192 704/124/193
f 303/123/193 704/124/193 304/125/194
f 304/125/194 704/124/193 703/126/194
f 304/125/194 703/126/194 305/127/195
f 305/127/195 703/126/194 702/128/195
f 305/127/195 702/128/195 306/129/196
f 306/129/196 702/128/195 701/130/196
f 306/129/196 701/130/196 307/131/210
f 307/131/210 701/130/196 700/132/197
f 307/131/210 700/132/197 308/133/198
f 308/133/198 700/132/197 699/134/198
f 308/133/198 699/134/198 309/135/207
f 309/135/207 699/134/198 698/136/207
f 309/135/207 698/136/207 310/137/200
f 310/137/200 698/136/207 697/138/200
f 310/137/200 697/138/200 311/139/201
f 311/139/201 697/138/200 696/140/201
f 311/139/201 696/140/201 312/141/202
f 312/141/202 696/140/201 695/142/202
f 312/141/202 695/142/202 313/143/203
f 313/143/203 695/142/202 694/144/203
f 313/143/203 694/144/203 314/145/204
f 314/145/204 694/144/203 693/146/204
f 314/145/204 693/146/204 315/147/205
f 315/147/205 693/146/204 692/148/205
f 315/147/205 692/148/205 316/99/182
f 316/99/182 692/148/205 691/100/182
f 456/99/182 602/100/182 433/101/183
f 433/101/183 602/100/182 601/102/183
f 433/103/183 601/104/183 434/105/184
f 434/105/184 601/104/183 624/106/184
f 434/105/184 624/106/184 435/107/209
f 435/107/209 624/106/184 623/108/185
f 435/107/209 623/108/185 436/109/186
f 436/109/186 623/108/185 622/110/186
f 436/109/186 622/110/186 437/111/187
f 437/111/187 622/110/186 621/112/187
f 437/111/187 621/112/187 438/113/188
f 438/113/188 621/112/187 620/114/188
f 438/113/188 620/114/188 439/115/189
f 439/115/189 620/114/188 619/116/189
f 439/115/189 619/116/189 440/117/190
f 440/117/190 619/116/189 618/118/190
f 440/117/190 618/118/190 441/119/191
f 441/119/191 618/118/190 617/120/191
f 441/119/191 617/120/191 442/121/192
f 442/121/192 617/120/191 616/122/192
f 442/121/192 616/122/192 443/123/193
f 443/123/193 616/122/192 615/124/193
f 443/123/193 615/124/193 444/125/194
f 444/125/194 615/124/193 614/126/194
f 444/125/194 614/126/194 445/127/195
f 445/127/195 614/126/194 613/128/195
f 445/127/195 613/128/195 446/129/196
f 446/129/196 613/128/195 612/130/196
f 446/129/196 612/130/196 447/131/197
f 447/131/197 612/130/196 611/132/197
f 447/131/197 611/132/197 448/133/198
f 448/133/198 611/132/197 610/134/198
f 448/133/198 610/134/198 449/135/207
f 449/135/207 610/134/198 609/136/207
f 449/135/207 609/136/207 450/137/200
f 450/137/200 609/136/207 608/138/200
f 450/137/200 608/138/200 451/139/201
f 451/139/201 608/138/200 607/140/201
f 451/139/201 607/140/201 452/141/202
f 452/141/202 607/140/201 606/142/202
f 452/141/202 606/142/202 453/143/208
f 453/143/208 606/142/202 605/144/203
f 453/143/208 605/144/203 454/145/204
f 454/145/204 605/144/203 604/146/204
f 454/145/204 604/146/204 455/147/205
f 455/147/205 604/146/204 603/148/205
f 455/147/205 603/148/205 456/99/182
f 456/99/182 603/148/205 602/100/182
f 1050/810/195 1051/386/195 625/811/195
f 625/811/195 1051/386/195 626/388/195
f 682/812/211 62/813/211 683/814/212
f 683/814/212 62/813/211 1052/815/212
f 683/814/212 1052/815/212 684/816/213
f 684/816/213 1052/815/212 1053/817/213
f 684/816/213 1053/817/213 685/818/214
f 685/818/214 1053/817/213 1054/819/214
f 685/818/214 1054/819/214 686/127/215
f 686/127/215 1054/819/214 1055/128/215
f 686/127/215 1055/128/215 687/820/216
f 687/820/216 1055/128/215 1056/821/216
f 687/820/216 1056/821/216 688/822/217
f 688/822/217 1056/821/216 1057/823/217
f 688/822/217 1057/823/217 689/824/218
f 689/824/218 1057/823/217 1058/825/218
f 689/824/218 1058/825/218 625/826/195
f 625/826/195 1058/825/218 1050/827/195
f 662/828/219 82/829/219 663/830/220
f 663/830/220 82/829/219 81/831/220
f 663/830/220 81/831/220 664/832/221
f 664/832/221 81/831/220 80/833/221
f 664/832/221 80/833/221 665/834/222
f 665/834/222 80/833/221 79/835/222
f 665/834/222 79/835/222 666/836/223
f 666/836/223 79/835/222 78/837/223
f 666/836/223 78/837/223 667/838/224
f 667/838/224 78/837/223 77/839/224
f 667/838/224 77/839/224 668/840/225
f 668/840/225 77/839/224 76/841/225
f 668/840/225 76/841/225 669/842/226
f 669/842/226 76/841/225 75/843/226
f 669/842/226 75/843/226 670/844/227
f 670/844/227 75/843/226 74/845/227
f 670/844/227 74/845/227 671/846/228
f 671/846/228 74/845/227 73/847/228
f 671/846/228 73/847/228 672/128/195
f 672/128/195 73/847/228 72/127/195
f 672/128/195 72/127/195 673/848/229
f 673/848/229 72/127/195 71/849/229
f 673/848/229 71/849/229 674/850/230
f 674/850/230 71/849/229 70/851/230
f 674/850/230 70/851/230 675/852/231
f 675/852/231 70/851/230 69/853/231
f 675/852/231 69/853/231 676/854/232
f 676/854/232 69/853/231 68/855/232
f 676/854/232 68/855/232 677/856/233
f 677/856/233 68/855/232 67/857/233
f 677/856/233 67/857/233 678/858/234
f 678/858/234 67/857/233 66/859/235
f 678/858/234 66/859/235 679/860/236
f 679/860/236 66/859/235 65/861/236
f 679/860/236 65/861/236 680/862/237
f 680/862/237 65/861/236 64/863/238
f 680/862/237 64/863/238 681/864/239
f 681/864/239 64/863/238 63/865/239
f 681/864/239 63/865/239 682/866/211
f 682/866/211 63/865/239 62/867/211
f 654/812/195 1059/813/195 655/814/240
f 655/814/240 1059/813/195 1060/815/240
f 655/814/240 1060/815/240 656/816/241
f 656/816/241 1060/815/240 1061/817/241
f 656/816/241 1061/817/241 657/818/242
f 657/818/242 1061/817/241 1062/819/242
f 657/818/242 1062/819/242 658/127/243
f 658/127/243 1062/819/242 1063/128/244
f 658/127/243 1063/128/244 659/820/245
f 659/820/245 1063/128/244 1064/821/245
f 659/820/245 1064/821/245 660/822/246
f 660/822/246 1064/821/245 1065/823/246
f 660/822/246 1065/823/246 661/824/247
f 661/824/247 1065/823/246 1066/825/247
f 661/824/247 1066/825/247 662/826/219
f 662/826/219 1066/825/247 82/827/219
f 1067/385/195 1059/868/195 653/387/195
f 653/387/195 1059/868/195 654/869/195
f 647/369/189 1068/370/189 648/371/190
f 648/371/190 1068/370/189 1069/372/190
f 648/371/190 1069/372/190 649/373/248
f 649/373/248 1069/372/190 1070/374/191
f 649/373/248 1070/374/191 650/128/192
f 650/128/192 1070/374/191 1071/127/192
f 650/128/192 1071/127/192 651/375/193
f 651/375/193 1071/127/192 1072/376/193
f 651/375/193 1072/376/193 652/377/194
f 652/377/194 1072/376/193 1073/378/194
f 652/377/194 1073/378/194 653/379/195
f 653/379/195 1073/378/194 1067/380/195
f 646/389/189 1074/390/189 647/391/189
f 647/391/189 1074/390/189 1068/392/189
f 640/369/183 1075/370/183 641/371/184
f 641/371/184 1075/370/183 1076/372/184
f 641/371/184 1076/372/184 642/373/185
f 642/373/185 1076/372/184 1077/374/185
f 642/373/185 1077/374/185 643/128/186
f 643/128/186 1077/374/185 1078/127/186
f 643/128/186 1078/127/186 644/375/187
f 644/375/187 1078/127/186 1079/376/187
f 644/375/187 1079/376/187 645/377/188
f 645/377/188 1079/376/187 1080/378/188
f 645/377/188 1080/378/188 646/379/189
f 646/379/189 1080/378/188 1074/380/189
f 1081/393/183 1075/366/183 639/395/183
f 639/395/183 1075/366/183 640/368/183
f 633/369/201 1082/370/201 634/371/202
f 634/371/202 1082/370/201 1083/372/202
f 634/371/202 1083/372/202 635/373/203
f 635/373/203 1083/372/202 1084/374/203
f 635/373/203 1084/374/203 636/128/204
f 636/128/204 1084/374/203 1085/127/204
f 636/128/204 1085/127/204 637/375/205
f 637/375/205 1085/127/204 1086/376/249
f 637/375/205 1086/376/249 638/377/182
f 638/377/182 1086/376/249 1087/378/182
f 638/377/182 1087/378/182 639/379/183
f 639/379/183 1087/378/182 1081/380/183
f 632/381/201 1088/382/201 633/383/201
f 633/383/201 1088/382/201 1082/384/201
f 626/369/195 1051/370/195 627/371/196
f 627/371/196 1051/370/195 1089/372/196
f 627/371/196 1089/372/196 628/373/210
f 628/373/210 1089/372/196 1090/374/197
f 628/373/210 1090/374/197 629/128/198
f 629/128/198 1090/374/197 1091/127/198
f 629/128/198 1091/127/198 630/375/199
f 630/375/199 1091/127/198 1092/376/199
f 630/375/199 1092/376/199 631/377/200
f 631/377/200 1092/376/199 1093/378/200
f 631/377/200 1093/378/200 632/379/201
f 632/379/201 1093/378/200 1088/380/201
f 1075/870/27 339/871/27 1076/872/124
f 1076/872/124 339/871/27 345/873/124
f 1076/872/124 345/873/124 1077/874/143
f 1077/874/143 345/873/124 344/875/143
f 1077/874/143 344/875/143 1078/76/142
f 1078/76/142 344/875/143 343/876/142
f 1078/76/142 343/876/142 1079/877/141
f 1079/877/141 343/876/142 342/878/141
f 1079/877/141 342/878/141 1080/879/140
f 1080/879/140 342/878/141 341/880/140
f 1080/879/140 341/880/140 1074/881/139
f 1074/881/139 341/880/140 340/882/139
f 333/883/27 339/884/27 1081/885/27
f 1081/885/27 339/884/27 1075/886/27
f 1082/870/130 332/871/130 1083/872/129
f 1083/872/129 332/871/130 338/873/129
f 1083/872/129 338/873/129 1084/874/128
f 1084/874/128 338/873/129 337/875/128
f 1084/874/128 337/875/128 1085/76/127
f 1085/76/127 337/875/128 336/876/127
f 1085/76/127 336/876/127 1086/877/126
f 1086/877/126 336/876/127 335/878/126
f 1086/877/126 335/878/126 1087/879/125
f 1087/879/125 335/878/126 334/880/125
f 1087/879/125 334/880/125 1081/881/27
f 1081/881/27 334/880/125 333/882/27
f 326/883/130 332/887/130 1088/885/130
f 1088/885/130 332/887/130 1082/888/130
f 1051/870/74 325/871/74 1089/872/134
f 1089/872/134 325/871/74 331/873/134
f 1089/872/134 331/873/134 1090/874/133
f 1090/874/133 331/873/134 330/875/133
f 1090/874/133 330/875/133 1091/76/132
f 1091/76/132 330/875/133 329/876/132
f 1091/76/132 329/876/132 1092/877/85
f 1092/877/85 329/876/132 328/878/85
f 1092/877/85 328/878/85 1093/879/131
f 1093/879/131 328/878/85 327/880/131
f 1093/879/131 327/880/131 1088/881/130
f 1088/881/130 327/880/131 326/882/130
f 317/889/74 325/884/74 1050/890/74
f 1050/890/74 325/884/74 1051/886/74
f 340/883/139 346/887/139 1074/885/139
f 1074/885/139 346/887/139 1068/888/139
f 1068/870/139 346/871/139 1069/872/138
f 1069/872/138 346/871/139 352/873/138
f 1069/872/138 352/873/138 1070/874/63
f 1070/874/63 352/873/138 351/875/63
f 1070/874/63 351/875/63 1071/76/137
f 1071/76/137 351/875/63 350/876/137
f 1071/76/137 350/876/137 1072/877/136
f 1072/877/136 350/876/137 349/878/136
f 1072/877/136 349/878/136 1073/879/135
f 1073/879/135 349/878/136 348/880/135
f 1073/879/135 348/880/135 1067/881/74
f 1067/881/74 348/880/135 347/882/74
f 347/883/74 353/891/74 1067/885/74
f 1067/885/74 353/891/74 1059/892/74
f 1059/893/74 353/894/74 1060/895/250
f 1060/895/250 353/894/74 360/896/250
f 1060/895/250 360/896/250 1061/897/251
f 1061/897/251 360/896/250 359/898/251
f 1061/897/251 359/898/251 1062/899/252
f 1062/899/252 359/898/251 358/900/252
f 1062/899/252 358/900/252 1063/901/64
f 1063/901/64 358/900/252 357/902/64
f 1063/901/64 357/902/64 1064/903/253
f 1064/903/253 357/902/64 356/904/253
f 1064/903/253 356/904/253 1065/905/254
f 1065/905/254 356/904/253 355/906/255
f 1065/905/254 355/906/255 1066/907/256
f 1066/907/256 355/906/255 354/908/256
f 1066/907/256 354/908/256 82/909/54
f 82/909/54 354/908/256 83/910/54
f 62/911/94 61/912/95 1052/913/257
f 1052/913/257 61/912/95 324/914/257
f 1052/913/257 324/914/257 1053/915/258
f 1053/915/258 324/914/257 323/916/259
f 1053/915/258 323/916/259 1054/917/260
f 1054/917/260 323/916/259 322/918/260
f 1054/917/260 322/918/260 1055/76/84
f 1055/76/84 322/918/260 321/876/84
f 1055/76/84 321/876/84 1056/919/261
f 1056/919/261 321/876/84 320/920/261
f 1056/919/261 320/920/261 1057/921/262
f 1057/921/262 320/920/261 319/922/262
f 1057/921/262 319/922/262 1058/923/263
f 1058/923/263 319/922/262 318/924/263
f 1058/923/263 318/924/263 1050/925/74
f 1050/925/74 318/924/263 317/926/74
f 57/927/122 883/928/122 25/929/122
f 25/929/122 883/928/122 882/930/122
f 25/929/122 882/930/122 905/931/122
f 56/932/122 885/933/122 57/927/122
f 57/927/122 885/933/122 884/934/122
f 57/927/122 884/934/122 883/928/122
f 55/935/122 887/936/122 56/932/122
f 56/932/122 887/936/122 886/937/122
f 56/932/122 886/937/122 885/933/122
f 54/938/122 786/939/122 55/935/122
f 55/935/122 786/939/122 809/940/122
f 55/935/122 809/940/122 808/941/122
f 53/942/122 788/943/122 54/938/122
f 54/938/122 788/943/122 787/944/122
f 54/938/122 787/944/122 786/939/122
f 52/945/122 790/946/122 53/942/122
f 53/942/122 790/946/122 789/947/122
f 53/942/122 789/947/122 788/943/122
f 51/948/122 792/949/122 52/945/122
f 52/945/122 792/949/122 791/950/122
f 52/945/122 791/950/122 790/946/122
f 50/951/122 794/952/122 51/948/122
f 51/948/122 794/952/122 793/953/122
f 51/948/122 793/953/122 792/949/122
f 49/954/122 837/955/122 50/951/122
f 50/951/122 837/955/122 836/956/122
f 50/951/122 836/956/122 796/957/122
f 796/957/122 836/956/122 797/958/122
f 797/958/122 836/956/122 835/959/122
f 797/958/122 835/959/122 798/960/122
f 798/960/122 835/959/122 834/961/122
f 798/960/122 834/961/122 799/962/122
f 799/962/122 834/961/122 857/963/122
f 799/962/122 857/963/122 800/964/122
f 800/964/122 857/963/122 856/965/122
f 800/964/122 856/965/122 801/966/122
f 801/966/122 856/965/122 855/967/122
f 801/966/122 855/967/122 802/968/122
f 802/968/122 855/967/122 854/969/122
f 802/968/122 854/969/122 986/970/122
f 986/970/122 854/969/122 934/971/122
f 986/970/122 934/971/122 987/972/122
f 987/972/122 934/971/122 933/973/122
f 987/972/122 933/973/122 988/974/122
f 988/974/122 933/973/122 932/975/122
f 988/974/122 932/975/122 989/976/122
f 989/976/122 932/975/122 931/977/122
f 989/976/122 931/977/122 990/978/122
f 990/978/122 931/977/122 930/979/122
f 990/978/122 930/979/122 991/980/122
f 991/980/122 930/979/122 953/981/122
f 991/980/122 953/981/122 992/982/122
f 992/982/122 953/981/122 952/983/122
f 992/982/122 952/983/122 33/984/122
f 33/984/122 952/983/122 951/985/122
f 33/984/122 951/985/122 34/986/122
f 34/986/122 951/985/122 950/987/122
f 34/986/122 950/987/122 949/988/122
f 48/989/122 839/990/122 49/954/122
f 49/954/122 839/990/122 838/991/122
f 49/954/122 838/991/122 837/955/122
f 47/992/122 841/993/122 48/989/122
f 48/989/122 841/993/122 840/994/122
f 48/989/122 840/994/122 839/990/122
f 46/995/122 843/996/122 47/992/122
f 47/992/122 843/996/122 842/997/122
f 47/992/122 842/997/122 841/993/122
f 45/998/122 845/999/122 46/995/122
f 46/995/122 845/999/122 844/1000/122
f 46/995/122 844/1000/122 843/996/122
f 44/1001/122 847/1002/122 45/998/122
f 45/998/122 847/1002/122 846/1003/122
f 45/998/122 846/1003/122 845/999/122
f 43/1004/122 1034/1005/122 44/1001/122
f 44/1001/122 1034/1005/122 1033/1006/122
f 44/1001/122 1033/1006/122 1032/1007/122
f 42/1008/122 1036/1009/122 43/1004/122
f 43/1004/122 1036/1009/122 1035/1010/122
f 43/1004/122 1035/1010/122 1034/1005/122
f 41/1011/122 1038/1012/122 42/1008/122
f 42/1008/122 1038/1012/122 1037/1013/122
f 42/1008/122 1037/1013/122 1036/1009/122
f 40/1014/122 1040/1015/122 41/1011/122
f 41/1011/122 1040/1015/122 1039/1016/122
f 41/1011/122 1039/1016/122 1038/1012/122
f 39/1017/122 1042/1018/122 40/1014/122
f 40/1014/122 1042/1018/122 1041/1019/122
f 40/1014/122 1041/1019/122 1040/1015/122
f 38/1020/122 941/1021/122 39/1017/122
f 39/1017/122 941/1021/122 940/1022/122
f 39/1017/122 940/1022/122 1044/1023/122
f 1044/1023/122 940/1022/122 1045/1024/122
f 1045/1024/122 940/1022/122 939/1025/122
f 1045/1024/122 939/1025/122 1046/1026/122
f 1046/1026/122 939/1025/122 938/1027/122
f 1046/1026/122 938/1027/122 1047/1028/122
f 1047/1028/122 938/1027/122 937/1029/122
f 1047/1028/122 937/1029/122 1048/1030/122
f 1048/1030/122 937/1029/122 936/1031/122
f 1048/1030/122 936/1031/122 1049/1032/122
f 1049/1032/122 936/1031/122 935/1033/122
f 1049/1032/122 935/1033/122 1026/551/122
f 1026/551/122 935/1033/122 934/971/122
f 1026/551/122 934/971/122 854/969/122
f 37/1034/122 943/1035/122 38/1020/122
f 38/1020/122 943/1035/122 942/1036/122
f 38/1020/122 942/1036/122 941/1021/122
f 36/1037/122 945/1038/122 37/1034/122
f 37/1034/122 945/1038/122 944/1039/122
f 37/1034/122 944/1039/122 943/1035/122
f 35/1040/122 947/1041/122 36/1037/122
f 36/1037/122 947/1041/122 946/1042/122
f 36/1037/122 946/1042/122 945/1038/122
f 34/986/122 949/988/122 35/1040/122
f 35/1040/122 949/988/122 948/1043/122
f 35/1040/122 948/1043/122 947/1041/122
f 32/1044/122 994/1045/122 33/984/122
f 33/984/122 994/1045/122 993/1046/122
f 33/984/122 993/1046/122 992/982/122
f 31/1047/122 996/1048/122 32/1044/122
f 32/1044/122 996/1048/122 995/1049/122
f 32/1044/122 995/1049/122 994/1045/122
f 30/1050/122 998/1051/122 31/1047/122
f 31/1047/122 998/1051/122 997/1052/122
f 31/1047/122 997/1052/122 996/1048/122
f 29/1053/122 1000/1054/122 30/1050/122
f 30/1050/122 1000/1054/122 999/1055/122
f 30/1050/122 999/1055/122 998/1051/122
f 28/1056/122 978/1057/122 29/1053/122
f 29/1053/122 978/1057/122 1001/1058/122
f 29/1053/122 1001/1058/122 1000/1054/122
f 27/1059/122 901/1060/122 28/1056/122
f 28/1056/122 901/1060/122 900/1061/122
f 28/1056/122 900/1061/122 980/1062/122
f 980/1062/122 900/1061/122 899/1063/122
f 980/1062/122 899/1063/122 981/1064/122
f 981/1064/122 899/1063/122 898/1065/122
f 981/1064/122 898/1065/122 982/1066/122
f 982/1066/122 898/1065/122 897/1067/122
f 982/1066/122 897/1067/122 983/1068/122
f 983/1068/122 897/1067/122 896/1069/122
f 983/1068/122 896/1069/122 984/1070/122
f 984/1070/122 896/1069/122 895/1071/122
f 984/1070/122 895/1071/122 985/1072/122
f 985/1072/122 895/1071/122 894/550/122
f 985/1072/122 894/550/122 986/970/122
f 986/970/122 894/550/122 802/968/122
f 26/1073/122 903/1074/122 27/1059/122
f 27/1059/122 903/1074/122 902/1075/122
f 27/1059/122 902/1075/122 901/1060/122
f 25/929/122 905/931/122 26/1073/122
f 26/1073/122 905/931/122 904/1076/122
f 26/1073/122 904/1076/122 903/1074/122
f 802/968/122 894/550/122 803/1077/122
f 803/1077/122 894/550/122 893/1078/122
f 803/1077/122 893/1078/122 804/1079/122
f 804/1079/122 893/1078/122 892/1080/122
f 804/1079/122 892/1080/122 805/1081/122
f 805/1081/122 892/1080/122 891/1082/122
f 805/1081/122 891/1082/122 806/1083/122
f 806/1083/122 891/1082/122 890/1084/122
f 806/1083/122 890/1084/122 807/1085/122
f 807/1085/122 890/1084/122 889/1086/122
f 807/1085/122 889/1086/122 808/941/122
f 808/941/122 889/1086/122 888/1087/122
f 808/941/122 888/1087/122 55/935/122
f 55/935/122 888/1087/122 887/936/122
f 854/969/122 853/1088/122 1026/551/122
f 1026/551/122 853/1088/122 1027/1089/122
f 1027/1089/122 853/1088/122 852/1090/122
f 1027/1089/122 852/1090/122 1028/1091/122
f 1028/1091/122 852/1090/122 851/1092/122
f 1028/1091/122 851/1092/122 1029/1093/122
f 1029/1093/122 851/1092/122 850/1094/122
f 1029/1093/122 850/1094/122 1030/1095/122
f 1030/1095/122 850/1094/122 849/1096/122
f 1030/1095/122 849/1096/122 1031/1097/122
f 1031/1097/122 849/1096/122 848/1098/122
f 1031/1097/122 848/1098/122 1032/1007/122
f 1032/1007/122 848/1098/122 44/1001/122
f 848/1098/122 847/1002/122 44/1001/122
f 1044/1023/122 1043/1099/122 39/1017/122
f 39/1017/122 1043/1099/122 1042/1018/122
f 796/957/122 795/1100/122 50/951/122
f 50/951/122 795/1100/122 794/952/122
f 980/1062/122 979/1101/122 28/1056/122
f 28/1056/122 979/1101/122 978/1057/122
f 1094/788/27 1095/1102/27 1097/1103/27
f 1097/1103/27 1095/1102/27 1096/1104/27
f 1097/1105/139 1096/1106/139 1102/1107/139
f 1102/1107/139 1096/1106/139 1098/1108/139
f 1102/1107/139 1098/1108/139 1101/1109/139
f 1101/1109/139 1098/1108/139 1099/1110/139
f 1101/1109/139 1099/1110/139 1100/1111/139
f 1149/1112/264 1094/1113/265 1128/1114/266
f 1128/1114/266 1094/1113/265 1097/1115/267
f 1128/1114/266 1097/1115/267 1127/1116/268
f 1127/1116/268 1097/1115/267 1102/1117/269
f 1127/1116/268 1102/1117/269 1126/1118/270
f 1126/1118/270 1102/1117/269 1101/1119/271
f 1126/1118/270 1101/1119/271 1100/1120/27
f 1126/1118/270 1100/1120/27 1125/1121/272
f 1125/1121/272 1100/1120/27 1099/1122/273
f 1125/1121/272 1099/1122/273 1124/1123/274
f 1124/1123/274 1099/1122/273 1098/1124/275
f 1124/1123/274 1098/1124/275 1123/1125/276
f 1123/1125/276 1098/1124/275 1096/1126/277
f 1123/1125/276 1096/1126/277 1122/1127/278
f 1122/1127/278 1096/1126/277 1095/1128/279
f 1122/1127/278 1095/1128/279 1103/1129/280
f 1122/1127/278 1103/1129/280 1121/1130/281
f 1121/1130/281 1103/1129/280 1104/1131/282
f 1121/1130/281 1104/1131/282 1120/1132/283
f 1120/1132/283 1104/1131/282 1105/1133/284
f 1120/1132/283 1105/1133/284 1119/1134/285
f 1119/1134/285 1105/1133/284 1106/1135/286
f 1119/1134/285 1106/1135/286 1118/1136/287
f 1118/1136/287 1106/1135/286 1107/1137/288
f 1118/1136/287 1107/1137/288 1117/1138/289
f 1117/1138/289 1107/1137/288 1108/1139/290
f 1117/1138/289 1108/1139/290 1116/1140/291
f 1116/1140/291 1108/1139/290 1109/1141/292
f 1116/1140/291 1109/1141/292 1115/1142/293
f 1115/1142/293 1109/1141/292 1110/1143/294
f 1115/1142/293 1110/1143/294 1114/1144/295
f 1114/1144/295 1110/1143/294 1111/1145/296
f 1114/1144/295 1111/1145/296 1113/1146/297
f 1113/1146/297 1111/1145/296 1112/1147/298
f 1128/1114/266 1129/1148/299 1149/1112/264
f 1149/1112/264 1129/1148/299 1148/1149/300
f 1148/1149/300 1129/1148/299 1130/1150/301
f 1148/1149/300 1130/1150/301 1147/1151/302
f 1147/1151/302 1130/1150/301 1131/1152/303
f 1147/1151/302 1131/1152/303 1146/1153/304
f 1146/1153/304 1131/1152/303 1132/1154/305
f 1146/1153/304 1132/1154/305 1145/1155/306
f 1145/1155/306 1132/1154/305 1133/1156/307
f 1145/1155/306 1133/1156/307 1144/1157/308
f 1144/1157/308 1133/1156/307 1134/1158/309
f 1144/1157/308 1134/1158/309 1143/1159/310
f 1143/1159/310 1134/1158/309 1135/1160/311
f 1143/1159/310 1135/1160/311 1142/1161/312
f 1142/1161/312 1135/1160/311 1136/1162/313
f 1142/1161/312 1136/1162/313 1141/1163/314
f 1141/1163/314 1136/1162/313 1137/1164/315
f 1141/1163/314 1137/1164/315 1140/1165/316
f 1140/1165/316 1137/1164/315 1138/1166/317
f 1140/1165/316 1138/1166/317 1139/1167/317
f 1151/1168/135 1197/1169/135 1150/1170/74
f 1150/1170/74 1197/1169/135 1174/1171/74
f 1150/1172/74 1174/1173/74 1173/1174/134
f 1173/1174/134 1174/1173/74 1175/1175/134
f 1173/1174/134 1175/1175/134 1172/1176/133
f 1172/1176/133 1175/1175/134 1176/1177/133
f 1172/1176/133 1176/1177/133 1171/1178/132
f 1171/1178/132 1176/1177/133 1177/1179/132
f 1171/1178/132 1177/1179/132 1170/1180/85
f 1170/1180/85 1177/1179/132 1178/1181/85
f 1170/1180/85 1178/1181/85 1169/1182/131
f 1169/1182/131 1178/1181/85 1179/1183/131
f 1169/1182/131 1179/1183/131 1168/1184/130
f 1168/1184/130 1179/1183/131 1180/1185/130
f 1168/1184/130 1180/1185/130 1167/1186/129
f 1167/1186/129 1180/1185/130 1181/1187/129
f 1167/1186/129 1181/1187/129 1166/1188/128
f 1166/1188/128 1181/1187/129 1182/1189/128
f 1166/1188/128 1182/1189/128 1165/1190/127
f 1165/1190/127 1182/1189/128 1183/1191/127
f 1165/1190/127 1183/1191/127 1164/1192/126
f 1164/1192/126 1183/1191/127 1184/1193/126
f 1164/1192/126 1184/1193/126 1163/1194/125
f 1163/1194/125 1184/1193/126 1185/1195/125
f 1163/1194/125 1185/1195/125 1162/1196/27
f 1162/1196/27 1185/1195/125 1186/788/27
f 1162/1196/27 1186/788/27 1161/1197/124
f 1161/1197/124 1186/788/27 1187/1198/124
f 1161/1197/124 1187/1198/124 1160/1199/143
f 1160/1199/143 1187/1198/124 1188/1200/143
f 1160/1199/143 1188/1200/143 1159/1201/142
f 1159/1201/142 1188/1200/143 1189/1202/142
f 1159/1201/142 1189/1202/142 1158/1203/141
f 1158/1203/141 1189/1202/142 1190/1204/141
f 1158/1203/141 1190/1204/141 1157/1205/140
f 1157/1205/140 1190/1204/141 1191/1206/140
f 1157/1205/140 1191/1206/140 1156/1207/139
f 1156/1207/139 1191/1206/140 1192/1208/139
f 1156/1207/139 1192/1208/139 1155/1209/138
f 1155/1209/138 1192/1208/139 1193/1210/138
f 1155/1209/138 1193/1210/138 1154/1211/63
f 1154/1211/63 1193/1210/138 1194/1212/63
f 1154/1211/63 1194/1212/63 1153/1213/137
f 1153/1213/137 1194/1212/63 1195/1214/137
f 1153/1213/137 1195/1214/137 1152/1215/136
f 1152/1215/136 1195/1214/137 1196/1216/136
f 1152/1215/136 1196/1216/136 1151/1168/135
f 1151/1168/135 1196/1216/136 1197/1169/135
f 1198/1217/318 1199/1218/319 1211/1219/320
f 1211/1219/320 1199/1218/319 1200/1220/321
f 1211/1219/320 1200/1220/321 1210/1221/322
f 1210/1221/322 1200/1220/321 1201/1222/323
f 1210/1221/322 1201/1222/323 1209/1223/74
f 1209/1223/74 1201/1222/323 1202/1224/74
f 1209/1223/74 1202/1224/74 1203/1225/324
f 1209/1223/74 1203/1225/324 1208/1226/325
f 1208/1226/325 1203/1225/324 1204/1227/326
f 1208/1226/325 1204/1227/326 1207/1228/327
f 1207/1228/327 1204/1227/326 1205/1229/328
f 1207/1228/327 1205/1229/328 1206/1230/329
f 1213/1168/135 1259/1169/135 1212/1170/74
f 1212/1170/74 1259/1169/135 1236/1171/74
f 1212/1172/74 1236/1173/74 1235/1174/134
f 1235/1174/134 1236/1173/74 1237/1175/134
f 1235/1174/134 1237/1175/134 1234/1176/133
f 1234/1176/133 1237/1175/134 1238/1177/133
f 1234/1176/133 1238/1177/133 1233/1178/132
f 1233/1178/132 1238/1177/133 1239/1179/132
f 1233/1178/132 1239/1179/132 1232/1180/85
f 1232/1180/85 1239/1179/132 1240/1181/85
f 1232/1180/85 1240/1181/85 1231/1182/131
f 1231/1182/131 1240/1181/85 1241/1183/131
f 1231/1182/131 1241/1183/131 1230/1184/130
f 1230/1184/130 1241/1183/131 1242/1185/130
f 1230/1184/130 1242/1185/130 1229/1186/129
f 1229/1186/129 1242/1185/130 1243/1187/129
f 1229/1186/129 1243/1187/129 1228/1188/128
f 1228/1188/128 1243/1187/129 1244/1189/128
f 1228/1188/128 1244/1189/128 1227/1190/127
f 1227/1190/127 1244/1189/128 1245/1191/127
f 1227/1190/127 1245/1191/127 1226/1192/126
f 1226/1192/126 1245/1191/127 1246/1193/126
f 1226/1192/126 1246/1193/126 1225/1194/125
f 1225/1194/125 1246/1193/126 1247/1195/125
f 1225/1194/125 1247/1195/125 1224/1196/27
f 1224/1196/27 1247/1195/125 1248/788/27
f 1224/1196/27 1248/788/27 1223/1197/124
f 1223/1197/124 1248/788/27 1249/1198/124
f 1223/1197/124 1249/1198/124 1222/1199/143
f 1222/1199/143 1249/1198/124 1250/1200/143
f 1222/1199/143 1250/1200/143 1221/1201/142
f 1221/1201/142 1250/1200/143 1251/1202/142
f 1221/1201/142 1251/1202/142 1220/1203/141
f 1220/1203/141 1251/1202/142 1252/1204/141
f 1220/1203/141 1252/1204/141 1219/1205/140
f 1219/1205/140 1252/1204/141 1253/1206/140
f 1219/1205/140 1253/1206/140 1218/1207/139
f 1218/1207/139 1253/1206/140 1254/1208/139
f 1218/1207/139 1254/1208/139 1217/1209/138
f 1217/1209/138 1254/1208/139 1255/1210/138
f 1217/1209/138 1255/1210/138 1216/1211/63
f 1216/1211/63 1255/1210/138 1256/1212/63
f 1216/1211/63 1256/1212/63 1215/1213/137
f 1215/1213/137 1256/1212/63 1257/1214/137
f 1215/1213/137 1257/1214/137 1214/1215/136
f 1214/1215/136 1257/1214/137 1258/1216/136
f 1214/1215/136 1258/1216/136 1213/1168/135
f 1213/1168/135 1258/1216/136 1259/1169/135
f 1261/1168/135 1307/1169/135 1260/1170/74
f 1260/1170/74 1307/1169/135 1284/1171/74
f 1260/1172/74 1284/1173/74 1283/1174/134
f 1283/1174/134 1284/1173/74 1285/1175/134
f 1283/1174/134 1285/1175/134 1282/1176/133
f 1282/1176/133 1285/1175/134 1286/1177/133
f 1282/1176/133 1286/1177/133 1281/1178/132
f 1281/1178/132 1286/1177/133 1287/1179/132
f 1281/1178/132 1287/1179/132 1280/1180/85
f 1280/1180/85 1287/1179/132 1288/1181/85
f 1280/1180/85 1288/1181/85 1279/1182/131
f 1279/1182/131 1288/1181/85 1289/1183/131
f 1279/1182/131 1289/1183/131 1278/1184/130
f 1278/1184/130 1289/1183/131 1290/1185/130
f 1278/1184/130 1290/1185/130 1277/1186/129
f 1277/1186/129 1290/1185/130 1291/1187/129
f 1277/1186/129 1291/1187/129 1276/1188/128
f 1276/1188/128 1291/1187/129 1292/1189/128
f 1276/1188/128 1292/1189/128 1275/1190/127
f 1275/1190/127 1292/1189/128 1293/1191/127
f 1275/1190/127 1293/1191/127 1274/1192/126
f 1274/1192/126 1293/1191/127 1294/1193/126
f 1274/1192/126 1294/1193/126 1273/1194/125
f 1273/1194/125 1294/1193/126 1295/1195/125
f 1273/1194/125 1295/1195/125 1272/1196/27
f 1272/1196/27 1295/1195/125 1296/788/27
f 1272/1196/27 1296/788/27 1271/1197/124
f 1271/1197/124 1296/788/27 1297/1198/124
f 1271/1197/124 1297/1198/124 1270/1199/143
f 1270/1199/143 1297/1198/124 1298/1200/143
f 1270/1199/143 1298/1200/143 1269/1201/142
f 1269/1201/142 1298/1200/143 1299/1202/142
f 1269/1201/142 1299/1202/142 1268/1203/141
f 1268/1203/141 1299/1202/142 1300/1204/141
f 1268/1203/141 1300/1204/141 1267/1205/140
f 1267/1205/140 1300/1204/141 1301/1206/140
f 1267/1205/140 1301/1206/140 1266/1207/139
f 1266/1207/139 1301/1206/140 1302/1208/139
f 1266/1207/139 1302/1208/139 1265/1209/138
f 1265/1209/138 1302/1208/139 1303/1210/138
f 1265/1209/138 1303/1210/138 1264/1211/63
f 1264/1211/63 1303/1210/138 1304/1212/63
f 1264/1211/63 1304/1212/63 1263/1213/137
f 1263/1213/137 1304/1212/63 1305/1214/137
f 1263/1213/137 1305/1214/137 1262/1215/136
f 1262/1215/136 1305/1214/137 1306/1216/136
f 1262/1215/136 1306/1216/136 1261/1168/135
f 1261/1168/135 1306/1216/136 1307/1169/135
f 1308/1217/330 1309/1218/319 1321/1219/331
f 1321/1219/331 1309/1218/319 1310/1220/321
f 1321/1219/331 1310/1220/321 1320/1221/322
f 1320/1221/322 1310/1220/321 1311/1222/323
f 1320/1221/322 1311/1222/323 1319/1223/74
f 1319/1223/74 1311/1222/323 1312/1224/74
f 1319/1223/74 1312/1224/74 1313/1225/324
f 1319/1223/74 1313/1225/324 1318/1226/325
f 1318/1226/325 1313/1225/324 1314/1227/326
f 1318/1226/325 1314/1227/326 1317/1228/332
f 1317/1228/332 1314/1227/326 1315/1229/328
f 1317/1228/332 1315/1229/328 1316/1230/333
f 1323/1168/135 1369/1169/135 1322/1170/74
f 1322/1170/74 1369/1169/135 1346/1171/74
f 1322/1172/74 1346/1173/74 1345/1174/134
f 1345/1174/134 1346/1173/74 1347/1175/134
f 1345/1174/134 1347/1175/134 1344/1176/133
f 1344/1176/133 1347/1175/134 1348/1177/133
f 1344/1176/133 1348/1177/133 1343/1178/132
f 1343/1178/132 1348/1177/133 1349/1179/132
f 1343/1178/132 1349/1179/132 1342/1180/85
f 1342/1180/85 1349/1179/132 1350/1181/85
f 1342/1180/85 1350/1181/85 1341/1182/131
f 1341/1182/131 1350/1181/85 1351/1183/131
f 1341/1182/131 1351/1183/131 1340/1184/130
f 1340/1184/130 1351/1183/131 1352/1185/130
f 1340/1184/130 1352/1185/130 1339/1186/129
f 1339/1186/129 1352/1185/130 1353/1187/129
f 1339/1186/129 1353/1187/129 1338/1188/128
f 1338/1188/128 1353/1187/129 1354/1189/128
f 1338/1188/128 1354/1189/128 1337/1190/127
f 1337/1190/127 1354/1189/128 1355/1191/127
f 1337/1190/127 1355/1191/127 1336/1192/126
f 1336/1192/126 1355/1191/127 1356/1193/126
f 1336/1192/126 1356/1193/126 1335/1194/125
f 1335/1194/125 1356/1193/126 1357/1195/125
f 1335/1194/125 1357/1195/125 1334/1196/27
f 1334/1196/27 1357/1195/125 1358/788/27
f 1334/1196/27 1358/788/27 1333/1197/124
f 1333/1197/124 1358/788/27 1359/1198/124
f 1333/1197/124 1359/1198/124 1332/1199/143
f 1332/1199/143 1359/1198/124 1360/1200/143
f 1332/1199/143 1360/1200/143 1331/1201/142
f 1331/1201/142 1360/1200/143 1361/1202/142
f 1331/1201/142 1361/1202/142 1330/1203/141
f 1330/1203/141 1361/1202/142 1362/1204/141
f 1330/1203/141 1362/1204/141 1329/1205/140
f 1329/1205/140 1362/1204/141 1363/1206/140
f 1329/1205/140 1363/1206/140 1328/1207/139
f 1328/1207/139 1363/1206/140 1364/1208/139
f 1328/1207/139 1364/1208/139 1327/1209/138
f 1327/1209/138 1364/1208/139 1365/1210/138
f 1327/1209/138 1365/1210/138 1326/1211/63
f 1326/1211/63 1365/1210/138 1366/1212/63
f 1326/1211/63 1366/1212/63 1325/1213/137
f 1325/1213/137 1366/1212/63 1367/1214/137
f 1325/1213/137 1367/1214/137 1324/1215/136
f 1324/1215/136 1367/1214/137 1368/1216/136
f 1324/1215/136 1368/1216/136 1323/1168/135
f 1323/1168/135 1368/1216/136 1369/1169/135
f 1206/1231/206 1205/1232/334 1308/1233/206
f 1308/1233/206 1205/1232/334 1309/1234/334
f 1309/1234/334 1205/1232/334 1310/1235/335
f 1310/1235/335 1205/1232/334 1387/1236/336
f 1310/1235/335 1387/1236/336 1311/1237/337
f 1311/1237/337 1387/1236/336 1312/1238/338
f 1312/1238/338 1387/1236/336 1383/1239/339
f 1312/1238/338 1383/1239/339 1384/1240/340
f 1384/1240/340 1383/1239/339 1390/1241/341
f 1384/1240/340 1390/1241/341 1378/1242/341
f 1378/1242/341 1390/1241/341 1377/1243/342
f 1377/1243/342 1390/1241/341 1393/1244/342
f 1377/1243/342 1393/1244/342 1376/1245/343
f 1376/1245/343 1393/1244/342 1392/1246/342
f 1376/1245/343 1392/1246/342 1375/1247/343
f 1375/1247/343 1392/1246/342 1391/1248/342
f 1375/1247/343 1391/1248/342 1374/1249/342
f 1374/1249/342 1391/1248/342 1373/1250/341
f 1373/1250/341 1391/1248/342 1388/1251/341
f 1373/1250/341 1388/1251/341 1372/1252/340
f 1372/1252/340 1388/1251/341 1382/1253/344
f 1372/1252/340 1382/1253/344 1201/1254/345
f 1201/1254/345 1382/1253/344 1202/1255/338
f 1202/1255/338 1382/1253/344 1383/1239/339
f 1202/1255/338 1383/1239/339 1387/1236/336
f 1205/1232/334 1204/1256/346 1387/1236/336
f 1387/1236/336 1204/1256/346 1203/1257/337
f 1387/1236/336 1203/1257/337 1202/1255/338
f 1200/1258/346 1386/1259/336 1201/1254/345
f 1201/1254/345 1386/1259/336 1371/1260/347
f 1201/1254/345 1371/1260/347 1372/1252/340
f 1200/1258/346 1199/1261/334 1386/1259/336
f 1386/1259/336 1199/1261/334 1371/1260/347
f 1198/1262/206 1370/1263/206 1199/1261/334
f 1199/1261/334 1370/1263/206 1371/1260/347
f 1378/1242/341 1379/1264/340 1384/1240/340
f 1384/1240/340 1379/1264/340 1313/1265/337
f 1384/1240/340 1313/1265/337 1312/1238/338
f 1379/1264/340 1380/1266/347 1313/1265/337
f 1313/1265/337 1380/1266/347 1385/1267/347
f 1313/1265/337 1385/1267/347 1314/1268/346
f 1314/1268/346 1385/1267/347 1380/1266/347
f 1314/1268/346 1380/1266/347 1315/1269/334
f 1315/1269/334 1380/1266/347 1381/1270/206
f 1315/1269/334 1381/1270/206 1316/1271/206
f 1383/1239/339 1382/1253/344 1389/1272/341
f 1389/1272/341 1382/1253/344 1388/1251/341
f 1389/1272/341 1388/1251/341 1392/1246/342
f 1392/1246/342 1388/1251/341 1391/1248/342
f 1393/1244/342 1390/1241/341 1389/1272/341
f 1389/1272/341 1390/1241/341 1383/1239/339
f 1393/1244/342 1389/1272/341 1392/1246/342
f 1197/1273/206 1359/1274/206 1174/1275/206
f 1174/1275/206 1359/1274/206 1358/1276/206
f 1174/1275/206 1358/1276/206 1175/1277/206
f 1175/1277/206 1358/1276/206 1357/1278/206
f 1175/1277/206 1357/1278/206 1176/1279/206
f 1176/1279/206 1357/1278/206 1356/1280/206
f 1176/1279/206 1356/1280/206 1381/1281/206
f 1381/1281/206 1356/1280/206 1355/1282/206
f 1381/1281/206 1355/1282/206 1354/1283/206
f 1359/1274/206 1197/1273/206 1360/1284/206
f 1360/1284/206 1197/1273/206 1196/1285/206
f 1360/1284/206 1196/1285/206 1246/1286/206
f 1246/1286/206 1196/1285/206 1286/1287/206
f 1246/1286/206 1286/1287/206 1247/1288/206
f 1247/1288/206 1286/1287/206 1285/1289/206
f 1247/1288/206 1285/1289/206 1248/1290/206
f 1248/1290/206 1285/1289/206 1284/1291/206
f 1248/1290/206 1284/1291/206 1249/1292/206
f 1249/1292/206 1284/1291/206 1307/1293/206
f 1249/1292/206 1307/1293/206 1250/1294/206
f 1250/1294/206 1307/1293/206 1306/1295/206
f 1250/1294/206 1306/1295/206 1370/1296/206
f 1370/1296/206 1306/1295/206 1305/1297/206
f 1370/1296/206 1305/1297/206 1395/1298/206
f 1395/1298/206 1305/1297/206 1304/1299/206
f 1395/1298/206 1304/1299/206 1303/1300/206
f 1286/1287/206 1196/1285/206 1287/1301/206
f 1287/1301/206 1196/1285/206 1195/1302/206
f 1287/1301/206 1195/1302/206 1288/1303/206
f 1288/1303/206 1195/1302/206 1194/1304/206
f 1288/1303/206 1194/1304/206 1289/1305/206
f 1289/1305/206 1194/1304/206 1193/1306/206
f 1289/1305/206 1193/1306/206 1290/1307/206
f 1290/1307/206 1193/1306/206 1192/1308/206
f 1290/1307/206 1192/1308/206 1191/1309/206
f 1290/1307/206 1191/1309/206 1291/1310/206
f 1291/1310/206 1191/1309/206 1190/1311/206
f 1291/1310/206 1190/1311/206 1292/1312/206
f 1292/1312/206 1190/1311/206 1189/1313/206
f 1292/1312/206 1189/1313/206 1293/1314/206
f 1293/1314/206 1189/1313/206 1188/1315/206
f 1293/1314/206 1188/1315/206 1294/1316/206
f 1294/1316/206 1188/1315/206 1187/1317/206
f 1294/1316/206 1187/1317/206 1295/1318/206
f 1295/1318/206 1187/1317/206 1394/1319/206
f 1295/1318/206 1394/1319/206 1395/1298/206
f 1187/1317/206 1186/1320/206 1394/1319/206
f 1394/1319/206 1186/1320/206 1185/1321/206
f 1394/1319/206 1185/1321/206 1184/1322/206
f 1184/1322/206 1183/1323/206 1394/1319/206
f 1394/1319/206 1183/1323/206 1182/1324/206
f 1394/1319/206 1182/1324/206 1181/1325/206
f 1181/1325/206 1180/1326/206 1394/1319/206
f 1394/1319/206 1180/1326/206 1179/1327/206
f 1394/1319/206 1179/1327/206 1178/1328/206
f 1178/1328/206 1177/1329/206 1394/1319/206
f 1394/1319/206 1177/1329/206 1381/1281/206
f 1381/1281/206 1177/1329/206 1176/1279/206
f 1259/1330/206 1211/1331/206 1236/1332/206
f 1236/1332/206 1211/1331/206 1210/1333/206
f 1236/1332/206 1210/1333/206 1209/1334/206
f 1211/1331/206 1259/1330/206 1198/1335/206
f 1198/1335/206 1259/1330/206 1258/1336/206
f 1198/1335/206 1258/1336/206 1257/1337/206
f 1257/1337/206 1256/1338/206 1198/1335/206
f 1198/1335/206 1256/1338/206 1255/1339/206
f 1198/1335/206 1255/1339/206 1370/1296/206
f 1370/1296/206 1255/1339/206 1254/1340/206
f 1370/1296/206 1254/1340/206 1253/1341/206
f 1253/1341/206 1252/1342/206 1370/1296/206
f 1370/1296/206 1252/1342/206 1251/1343/206
f 1370/1296/206 1251/1343/206 1250/1294/206
f 1246/1286/206 1245/1344/206 1360/1284/206
f 1360/1284/206 1245/1344/206 1361/1345/206
f 1361/1345/206 1245/1344/206 1244/1346/206
f 1361/1345/206 1244/1346/206 1362/1347/206
f 1362/1347/206 1244/1346/206 1243/1348/206
f 1362/1347/206 1243/1348/206 1363/1349/206
f 1363/1349/206 1243/1348/206 1242/1350/206
f 1363/1349/206 1242/1350/206 1364/1351/206
f 1364/1351/206 1242/1350/206 1365/1352/206
f 1365/1352/206 1242/1350/206 1241/1353/206
f 1365/1352/206 1241/1353/206 1308/1354/206
f 1308/1354/206 1241/1353/206 1206/1355/206
f 1206/1355/206 1241/1353/206 1240/1356/206
f 1206/1355/206 1240/1356/206 1239/1357/206
f 1239/1357/206 1238/1358/206 1206/1355/206
f 1206/1355/206 1238/1358/206 1237/1359/206
f 1206/1355/206 1237/1359/206 1207/1360/206
f 1207/1360/206 1237/1359/206 1236/1332/206
f 1207/1360/206 1236/1332/206 1208/1361/206
f 1208/1361/206 1236/1332/206 1209/1334/206
f 1303/1300/206 1302/1362/206 1395/1298/206
f 1395/1298/206 1302/1362/206 1301/1363/206
f 1395/1298/206 1301/1363/206 1300/1364/206
f 1300/1364/206 1299/1365/206 1395/1298/206
f 1395/1298/206 1299/1365/206 1298/1366/206
f 1395/1298/206 1298/1366/206 1297/1367/206
f 1297/1367/206 1296/1368/206 1395/1298/206
f 1395/1298/206 1296/1368/206 1295/1318/206
f 1369/1369/206 1321/1370/206 1346/1371/206
f 1346/1371/206 1321/1370/206 1320/1372/206
f 1346/1371/206 1320/1372/206 1319/1373/206
f 1321/1370/206 1369/1369/206 1308/1354/206
f 1308/1354/206 1369/1369/206 1368/1374/206
f 1308/1354/206 1368/1374/206 1367/1375/206
f 1367/1375/206 1366/1376/206 1308/1354/206
f 1308/1354/206 1366/1376/206 1365/1352/206
f 1354/1283/206 1353/1377/206 1381/1281/206
f 1381/1281/206 1353/1377/206 1352/1378/206
f 1381/1281/206 1352/1378/206 1351/1379/206
f 1381/1281/206 1351/1379/206 1316/1380/206
f 1316/1380/206 1351/1379/206 1350/1381/206
f 1316/1380/206 1350/1381/206 1349/1382/206
f 1349/1382/206 1348/1383/206 1316/1380/206
f 1316/1380/206 1348/1383/206 1347/1384/206
f 1316/1380/206 1347/1384/206 1317/1385/206
f 1317/1385/206 1347/1384/206 1346/1371/206
f 1317/1385/206 1346/1371/206 1318/1386/206
f 1318/1386/206 1346/1371/206 1319/1373/206
f 1396/1387/139 1405/1388/139 1113/1389/139
f 1113/1389/139 1405/1388/139 1406/1390/139
f 1113/1389/139 1406/1390/139 1407/1391/139
f 1405/1388/139 1396/1387/139 1404/1392/139
f 1404/1392/139 1396/1387/139 1397/1393/139
f 1404/1392/139 1397/1393/139 1403/1394/139
f 1403/1394/139 1397/1393/139 1398/1395/139
f 1403/1394/139 1398/1395/139 1402/1396/348
f 1402/1396/348 1398/1395/139 1399/1397/349
f 1402/1396/348 1399/1397/349 1401/1398/139
f 1401/1398/139 1399/1397/349 1400/1399/139
f 1113/1389/139 1407/1391/139 1114/1400/139
f 1114/1400/139 1407/1391/139 1408/1401/139
f 1114/1400/139 1408/1401/139 1115/1402/139
f 1115/1402/139 1408/1401/139 1409/1403/139
f 1115/1402/139 1409/1403/139 1116/1404/139
f 1116/1404/139 1409/1403/139 1410/1405/139
f 1116/1404/139 1410/1405/139 1117/1406/139
f 1117/1406/139 1410/1405/139 1411/1407/139
f 1117/1406/139 1411/1407/139 1412/1408/139
f 1117/1406/139 1412/1408/139 1118/1409/139
f 1118/1409/139 1412/1408/139 1413/1410/139
f 1118/1409/139 1413/1410/139 1119/1411/139
f 1119/1411/139 1413/1410/139 1414/1412/139
f 1119/1411/139 1414/1412/139 1415/1413/139
f 1119/1411/139 1415/1413/139 1120/1414/139
f 1120/1414/139 1415/1413/139 1416/1415/139
f 1120/1414/139 1416/1415/139 1417/1416/139
f 1120/1414/139 1417/1416/139 1121/1417/139
f 1121/1417/139 1417/1416/139 1418/1418/139
f 1121/1417/139 1418/1418/139 1122/1419/139
f 1122/1419/139 1418/1418/139 1419/1420/139
f 1122/1419/139 1419/1420/139 1123/1421/139
f 1123/1421/139 1419/1420/139 1420/1422/139
f 1123/1421/139 1420/1422/139 1124/1423/139
f 1124/1423/139 1420/1422/139 1421/1424/139
f 1124/1423/139 1421/1424/139 1125/1425/139
f 1125/1425/139 1421/1424/139 1126/1426/139
f 1126/1426/139 1421/1424/139 1381/1427/139
f 1126/1426/139 1381/1427/139 1380/1428/139
f 1421/1424/139 1422/1429/139 1381/1427/139
f 1381/1427/139 1422/1429/139 1394/1430/139
f 1126/1426/139 1380/1428/139 1127/1431/139
f 1127/1431/139 1380/1428/139 1379/1432/139
f 1127/1431/139 1379/1432/139 1378/1433/139
f 1378/1433/139 1377/1434/139 1127/1431/139
f 1127/1431/139 1377/1434/139 1376/1435/139
f 1127/1431/139 1376/1435/139 1128/1436/139
f 1128/1436/139 1376/1435/139 1423/1437/139
f 1128/1436/139 1423/1437/139 1129/1438/139
f 1129/1438/139 1423/1437/139 1424/1439/139
f 1129/1438/139 1424/1439/139 1130/1440/139
f 1130/1440/139 1424/1439/139 1425/1441/139
f 1130/1440/139 1425/1441/139 1131/1442/139
f 1131/1442/139 1425/1441/139 1426/1443/139
f 1131/1442/139 1426/1443/139 1427/1444/139
f 1131/1442/139 1427/1444/139 1132/1445/139
f 1132/1445/139 1427/1444/139 1428/1446/139
f 1132/1445/139 1428/1446/139 1429/1447/139
f 1132/1445/139 1429/1447/139 1133/1448/139
f 1133/1448/139 1429/1447/139 1430/1449/139
f 1133/1448/139 1430/1449/139 1134/1450/139
f 1134/1450/139 1430/1449/139 1431/1451/139
f 1134/1450/139 1431/1451/139 1432/1452/139
f 1134/1450/139 1432/1452/139 1135/1453/139
f 1135/1453/139 1432/1452/139 1433/1454/139
f 1135/1453/139 1433/1454/139 1136/1455/139
f 1136/1455/139 1433/1454/139 1434/1456/139
f 1136/1455/139 1434/1456/139 1137/1457/139
f 1137/1457/139 1434/1456/139 1435/1458/139
f 1137/1457/139 1435/1458/139 1138/1459/139
f 1138/1459/139 1435/1458/139 1436/1460/139
f 1138/1459/139 1436/1460/139 1446/1461/139
f 1446/1461/139 1436/1460/139 1437/1462/139
f 1446/1461/139 1437/1462/139 1445/1463/139
f 1445/1463/139 1437/1462/139 1438/1464/139
f 1445/1463/139 1438/1464/139 1444/1465/139
f 1444/1465/139 1438/1464/139 1439/1466/139
f 1444/1465/139 1439/1466/139 1443/1467/139
f 1443/1467/139 1439/1466/139 1440/1468/348
f 1443/1467/139 1440/1468/348 1442/1469/139
f 1442/1469/139 1440/1468/348 1441/1470/139
f 1447/1471/350 1459/1472/350 1112/1473/298
f 1112/1473/298 1459/1472/350 1460/1474/350
f 1112/1473/298 1460/1474/350 1461/1475/350
f 1461/1475/350 1460/1474/350 1466/1476/351
f 1461/1475/350 1466/1476/351 1467/1477/351
f 1467/1477/351 1466/1476/351 1472/1478/352
f 1467/1477/351 1472/1478/352 1473/1479/352
f 1473/1479/352 1472/1478/352 1478/1480/353
f 1473/1479/352 1478/1480/353 1399/1481/353
f 1399/1481/353 1478/1480/353 1400/1482/354
f 1400/1482/354 1478/1480/353 1483/1483/354
f 1400/1482/354 1483/1483/354 1401/1484/355
f 1401/1484/355 1483/1483/354 1488/1485/355
f 1401/1484/355 1488/1485/355 1402/1486/356
f 1402/1486/356 1488/1485/355 1493/1487/356
f 1402/1486/356 1493/1487/356 1403/1488/357
f 1403/1488/357 1493/1487/356 1498/1489/357
f 1403/1488/357 1498/1489/357 1404/1490/358
f 1404/1490/358 1498/1489/357 1503/1491/358
f 1404/1490/358 1503/1491/358 1405/1492/359
f 1405/1492/359 1503/1491/358 1508/1493/359
f 1405/1492/359 1508/1493/359 1406/1494/360
f 1406/1494/360 1508/1493/359 1513/1495/360
f 1406/1494/360 1513/1495/360 1407/1496/361
f 1407/1496/361 1513/1495/360 1512/1497/360
f 1407/1496/361 1512/1497/360 1511/1498/360
f 1511/1498/360 1512/1497/360 1506/1499/359
f 1511/1498/360 1506/1499/359 1505/1500/359
f 1505/1500/359 1506/1499/359 1500/1501/358
f 1505/1500/359 1500/1501/358 1499/1502/358
f 1499/1502/358 1500/1501/358 1494/1503/357
f 1499/1502/358 1494/1503/357 1454/1504/357
f 1454/1504/357 1494/1503/357 1453/1505/356
f 1453/1505/356 1494/1503/357 1489/1506/356
f 1453/1505/356 1489/1506/356 1452/1507/355
f 1452/1507/355 1489/1506/356 1484/1508/355
f 1452/1507/355 1484/1508/355 1451/1509/354
f 1451/1509/354 1484/1508/355 1479/1510/354
f 1451/1509/354 1479/1510/354 1450/1511/362
f 1450/1511/362 1479/1510/354 1474/1512/353
f 1450/1511/362 1474/1512/353 1449/1513/352
f 1449/1513/352 1474/1512/353 1469/1514/352
f 1449/1513/352 1469/1514/352 1448/1515/351
f 1448/1515/351 1469/1514/352 1464/1516/351
f 1448/1515/351 1464/1516/351 1447/1471/350
f 1447/1471/350 1464/1516/351 1459/1472/350
f 1454/1504/357 1455/1517/358 1499/1502/358
f 1499/1502/358 1455/1517/358 1504/1518/359
f 1499/1502/358 1504/1518/359 1505/1500/359
f 1505/1500/359 1504/1518/359 1510/1519/360
f 1505/1500/359 1510/1519/360 1511/1498/360
f 1511/1498/360 1510/1519/360 1458/1520/361
f 1511/1498/360 1458/1520/361 1407/1496/361
f 1455/1517/358 1456/1521/359 1504/1518/359
f 1504/1518/359 1456/1521/359 1509/1522/360
f 1504/1518/359 1509/1522/360 1510/1519/360
f 1510/1519/360 1509/1522/360 1458/1520/361
f 1456/1521/359 1457/1523/360 1509/1522/360
f 1509/1522/360 1457/1523/360 1458/1520/361
f 1399/1481/353 1398/1524/352 1473/1479/352
f 1473/1479/352 1398/1524/352 1468/1525/351
f 1473/1479/352 1468/1525/351 1467/1477/351
f 1467/1477/351 1468/1525/351 1462/1526/350
f 1467/1477/351 1462/1526/350 1461/1475/350
f 1461/1475/350 1462/1526/350 1113/1527/297
f 1461/1475/350 1113/1527/297 1112/1473/298
f 1398/1524/352 1397/1528/351 1468/1525/351
f 1468/1525/351 1397/1528/351 1463/1529/350
f 1468/1525/351 1463/1529/350 1462/1526/350
f 1462/1526/350 1463/1529/350 1113/1527/297
f 1397/1528/351 1396/1530/350 1463/1529/350
f 1463/1529/350 1396/1530/350 1113/1527/297
f 1460/1474/350 1459/1472/350 1465/1531/351
f 1465/1531/351 1459/1472/350 1464/1516/351
f 1465/1531/351 1464/1516/351 1470/1532/352
f 1470/1532/352 1464/1516/351 1469/1514/352
f 1470/1532/352 1469/1514/352 1475/1533/353
f 1475/1533/353 1469/1514/352 1474/1512/353
f 1475/1533/353 1474/1512/353 1480/1534/354
f 1480/1534/354 1474/1512/353 1479/1510/354
f 1480/1534/354 1479/1510/354 1485/1535/355
f 1485/1535/355 1479/1510/354 1484/1508/355
f 1485/1535/355 1484/1508/355 1490/1536/356
f 1490/1536/356 1484/1508/355 1489/1506/356
f 1490/1536/356 1489/1506/356 1495/1537/357
f 1495/1537/357 1489/1506/356 1494/1503/357
f 1495/1537/357 1494/1503/357 1500/1501/358
f 1460/1474/350 1465/1531/351 1466/1476/351
f 1466/1476/351 1465/1531/351 1471/1538/352
f 1466/1476/351 1471/1538/352 1472/1478/352
f 1472/1478/352 1471/1538/352 1477/1539/353
f 1472/1478/352 1477/1539/353 1478/1480/353
f 1478/1480/353 1477/1539/353 1483/1483/354
f 1471/1538/352 1465/1531/351 1470/1532/352
f 1471/1538/352 1470/1532/352 1476/1540/353
f 1476/1540/353 1470/1532/352 1475/1533/353
f 1476/1540/353 1475/1533/353 1481/1541/354
f 1481/1541/354 1475/1533/353 1480/1534/354
f 1481/1541/354 1480/1534/354 1486/1542/355
f 1486/1542/355 1480/1534/354 1485/1535/355
f 1486/1542/355 1485/1535/355 1491/1543/356
f 1491/1543/356 1485/1535/355 1490/1536/356
f 1491/1543/356 1490/1536/356 1496/1544/357
f 1496/1544/357 1490/1536/356 1495/1537/357
f 1496/1544/357 1495/1537/357 1501/1545/358
f 1501/1545/358 1495/1537/357 1500/1501/358
f 1501/1545/358 1500/1501/358 1506/1499/359
f 1471/1538/352 1476/1540/353 1477/1539/353
f 1477/1539/353 1476/1540/353 1482/1546/354
f 1477/1539/353 1482/1546/354 1483/1483/354
f 1483/1483/354 1482/1546/354 1488/1485/355
f 1482/1546/354 1476/1540/353 1481/1541/354
f 1482/1546/354 1481/1541/354 1487/1547/355
f 1487/1547/355 1481/1541/354 1486/1542/355
f 1487/1547/355 1486/1542/355 1492/1548/356
f 1492/1548/356 1486/1542/355 1491/1543/356
f 1492/1548/356 1491/1543/356 1497/1549/357
f 1497/1549/357 1491/1543/356 1496/1544/357
f 1497/1549/357 1496/1544/357 1502/1550/358
f 1502/1550/358 1496/1544/357 1501/1545/358
f 1502/1550/358 1501/1545/358 1507/1551/359
f 1507/1551/359 1501/1545/358 1506/1499/359
f 1507/1551/359 1506/1499/359 1512/1497/360
f 1493/1487/356 1488/1485/355 1487/1547/355
f 1487/1547/355 1488/1485/355 1482/1546/354
f 1493/1487/356 1487/1547/355 1492/1548/356
f 1498/1489/357 1493/1487/356 1492/1548/356
f 1498/1489/357 1492/1548/356 1497/1549/357
f 1503/1491/358 1498/1489/357 1497/1549/357
f 1503/1491/358 1497/1549/357 1502/1550/358
f 1508/1493/359 1503/1491/358 1502/1550/358
f 1508/1493/359 1502/1550/358 1507/1551/359
f 1513/1495/360 1508/1493/359 1507/1551/359
f 1513/1495/360 1507/1551/359 1512/1497/360
f 1515/1552/363 1526/1553/363 1514/1554/364
f 1514/1554/364 1526/1553/363 1527/1555/363
f 1514/1554/364 1527/1555/363 1528/1556/363
f 1528/1556/363 1527/1555/363 1533/1557/365
f 1528/1556/363 1533/1557/365 1534/1558/365
f 1534/1558/365 1533/1557/365 1539/1559/366
f 1534/1558/365 1539/1559/366 1540/1560/366
f 1540/1560/366 1539/1559/366 1545/1561/367
f 1540/1560/366 1545/1561/367 1439/1562/367
f 1439/1562/367 1545/1561/367 1440/1563/368
f 1440/1563/368 1545/1561/367 1550/1564/368
f 1440/1563/368 1550/1564/368 1441/1565/369
f 1441/1565/369 1550/1564/368 1555/1566/369
f 1441/1565/369 1555/1566/369 1442/1567/370
f 1442/1567/370 1555/1566/369 1560/1568/370
f 1442/1567/370 1560/1568/370 1443/1569/371
f 1443/1569/371 1560/1568/370 1565/1570/371
f 1443/1569/371 1565/1570/371 1444/1571/372
f 1444/1571/372 1565/1570/371 1570/1572/372
f 1444/1571/372 1570/1572/372 1445/1573/373
f 1445/1573/373 1570/1572/372 1575/1574/373
f 1445/1573/373 1575/1574/373 1446/1575/374
f 1446/1575/374 1575/1574/373 1580/1576/374
f 1446/1575/374 1580/1576/374 1138/1577/317
f 1138/1577/317 1580/1576/374 1579/1578/374
f 1138/1577/317 1579/1578/374 1578/1579/374
f 1578/1579/374 1579/1578/374 1573/1580/373
f 1578/1579/374 1573/1580/373 1572/1581/373
f 1572/1581/373 1573/1580/373 1567/1582/372
f 1572/1581/373 1567/1582/372 1566/1583/372
f 1566/1583/372 1567/1582/372 1561/1584/371
f 1566/1583/372 1561/1584/371 1522/1585/371
f 1522/1585/371 1561/1584/371 1521/1586/370
f 1521/1586/370 1561/1584/371 1556/1587/370
f 1521/1586/370 1556/1587/370 1520/1588/369
f 1520/1588/369 1556/1587/370 1551/1589/369
f 1520/1588/369 1551/1589/369 1519/1590/368
f 1519/1590/368 1551/1589/369 1546/1591/368
f 1519/1590/368 1546/1591/368 1518/1592/367
f 1518/1592/367 1546/1591/368 1541/1593/367
f 1518/1592/367 1541/1593/367 1517/1594/366
f 1517/1594/366 1541/1593/367 1536/1595/366
f 1517/1594/366 1536/1595/366 1516/1596/365
f 1516/1596/365 1536/1595/366 1531/1597/365
f 1516/1596/365 1531/1597/365 1515/1552/363
f 1515/1552/363 1531/1597/365 1526/1553/363
f 1522/1585/371 1523/1598/372 1566/1583/372
f 1566/1583/372 1523/1598/372 1571/1599/373
f 1566/1583/372 1571/1599/373 1572/1581/373
f 1572/1581/373 1571/1599/373 1577/1600/374
f 1572/1581/373 1577/1600/374 1578/1579/374
f 1578/1579/374 1577/1600/374 1139/1601/317
f 1578/1579/374 1139/1601/317 1138/1577/317
f 1523/1598/372 1524/1602/373 1571/1599/373
f 1571/1599/373 1524/1602/373 1576/1603/374
f 1571/1599/373 1576/1603/374 1577/1600/374
f 1577/1600/374 1576/1603/374 1139/1601/317
f 1524/1602/373 1525/1604/374 1576/1603/374
f 1576/1603/374 1525/1604/374 1139/1601/317
f 1439/1562/367 1438/1605/366 1540/1560/366
f 1540/1560/366 1438/1605/366 1535/1606/365
f 1540/1560/366 1535/1606/365 1534/1558/365
f 1534/1558/365 1535/1606/365 1529/1607/363
f 1534/1558/365 1529/1607/363 1528/1556/363
f 1528/1556/363 1529/1607/363 1435/1608/364
f 1528/1556/363 1435/1608/364 1514/1554/364
f 1438/1605/366 1437/1609/365 1535/1606/365
f 1535/1606/365 1437/1609/365 1530/1610/363
f 1535/1606/365 1530/1610/363 1529/1607/363
f 1529/1607/363 1530/1610/363 1435/1608/364
f 1437/1609/365 1436/1611/363 1530/1610/363
f 1530/1610/363 1436/1611/363 1435/1608/364
f 1527/1555/363 1526/1553/363 1532/1612/365
f 1532/1612/365 1526/1553/363 1531/1597/365
f 1532/1612/365 1531/1597/365 1537/1613/366
f 1537/1613/366 1531/1597/365 1536/1595/366
f 1537/1613/366 1536/1595/366 1542/1614/367
f 1542/1614/367 1536/1595/366 1541/1593/367
f 1542/1614/367 1541/1593/367 1547/1615/368
f 1547/1615/368 1541/1593/367 1546/1591/368
f 1547/1615/368 1546/1591/368 1552/1616/369
f 1552/1616/369 1546/1591/368 1551/1589/369
f 1552/1616/369 1551/1589/369 1557/1617/370
f 1557/1617/370 1551/1589/369 1556/1587/370
f 1557/1617/370 1556/1587/370 1562/1618/371
f 1562/1618/371 1556/1587/370 1561/1584/371
f 1562/1618/371 1561/1584/371 1567/1582/372
f 1527/1555/363 1532/1612/365 1533/1557/365
f 1533/1557/365 1532/1612/365 1538/1619/366
f 1533/1557/365 1538/1619/366 1539/1559/366
f 1539/1559/366 1538/1619/366 1544/1620/367
f 1539/1559/366 1544/1620/367 1545/1561/367
f 1545/1561/367 1544/1620/367 1550/1564/368
f 1538/1619/366 1532/1612/365 1537/1613/366
f 1538/1619/366 1537/1613/366 1543/1621/367
f 1543/1621/367 1537/1613/366 1542/1614/367
f 1543/1621/367 1542/1614/367 1548/1622/368
f 1548/1622/368 1542/1614/367 1547/1615/368
f 1548/1622/368 1547/1615/368 1553/1623/369
f 1553/1623/369 1547/1615/368 1552/1616/369
f 1553/1623/369 1552/1616/369 1558/1624/370
f 1558/1624/370 1552/1616/369 1557/1617/370
f 1558/1624/370 1557/1617/370 1563/1625/371
f 1563/1625/371 1557/1617/370 1562/1618/371
f 1563/1625/371 1562/1618/371 1568/1626/372
f 1568/1626/372 1562/1618/371 1567/1582/372
f 1568/1626/372 1567/1582/372 1573/1580/373
f 1538/1619/366 1543/1621/367 1544/1620/367
f 1544/1620/367 1543/1621/367 1549/1627/368
f 1544/1620/367 1549/1627/368 1550/1564/368
f 1550/1564/368 1549/1627/368 1555/1566/369
f 1549/1627/368 1543/1621/367 1548/1622/368
f 1549/1627/368 1548/1622/368 1554/1628/369
f 1554/1628/369 1548/1622/368 1553/1623/369
f 1554/1628/369 1553/1623/369 1559/1629/370
f 1559/1629/370 1553/1623/369 1558/1624/370
f 1559/1629/370 1558/1624/370 1564/1630/371
f 1564/1630/371 1558/1624/370 1563/1625/371
f 1564/1630/371 1563/1625/371 1569/1631/372
f 1569/1631/372 1563/1625/371 1568/1626/372
f 1569/1631/372 1568/1626/372 1574/1632/373
f 1574/1632/373 1568/1626/372 1573/1580/373
f 1574/1632/373 1573/1580/373 1579/1578/374
f 1560/1568/370 1555/1566/369 1554/1628/369
f 1554/1628/369 1555/1566/369 1549/1627/368
f 1560/1568/370 1554/1628/369 1559/1629/370
f 1565/1570/371 1560/1568/370 1559/1629/370
f 1565/1570/371 1559/1629/370 1564/1630/371
f 1570/1572/372 1565/1570/371 1564/1630/371
f 1570/1572/372 1564/1630/371 1569/1631/372
f 1575/1574/373 1570/1572/372 1569/1631/372
f 1575/1574/373 1569/1631/372 1574/1632/373
f 1580/1576/374 1575/1574/373 1574/1632/373
f 1580/1576/374 1574/1632/373 1579/1578/374
f 1173/1633/122 1335/1634/122 1150/1635/122
f 1150/1635/122 1335/1634/122 1334/1636/122
f 1150/1635/122 1334/1636/122 1151/1637/122
f 1151/1637/122 1334/1636/122 1333/1638/122
f 1151/1637/122 1333/1638/122 1152/1639/122
f 1152/1639/122 1333/1638/122 1332/1640/122
f 1152/1639/122 1332/1640/122 1282/1641/122
f 1282/1641/122 1332/1640/122 1226/1642/122
f 1282/1641/122 1226/1642/122 1283/1643/122
f 1283/1643/122 1226/1642/122 1225/1644/122
f 1283/1643/122 1225/1644/122 1260/1645/122
f 1260/1645/122 1225/1644/122 1224/1646/122
f 1260/1645/122 1224/1646/122 1261/1647/122
f 1261/1647/122 1224/1646/122 1223/1648/122
f 1261/1647/122 1223/1648/122 1262/1649/122
f 1262/1649/122 1223/1648/122 1222/1650/122
f 1262/1649/122 1222/1650/122 1263/1651/122
f 1263/1651/122 1222/1650/122 1221/1652/122
f 1263/1651/122 1221/1652/122 1581/1653/122
f 1581/1653/122 1221/1652/122 1220/1654/122
f 1581/1653/122 1220/1654/122 1219/1655/122
f 1335/1634/122 1173/1633/122 1336/1656/122
f 1336/1656/122 1173/1633/122 1172/1657/122
f 1336/1656/122 1172/1657/122 1337/1658/122
f 1337/1658/122 1172/1657/122 1171/1659/122
f 1337/1658/122 1171/1659/122 1421/1660/122
f 1421/1660/122 1171/1659/122 1422/1661/122
f 1422/1661/122 1171/1659/122 1170/1662/122
f 1422/1661/122 1170/1662/122 1169/1663/122
f 1169/1663/122 1168/1664/122 1422/1661/122
f 1422/1661/122 1168/1664/122 1167/1665/122
f 1422/1661/122 1167/1665/122 1166/1666/122
f 1166/1666/122 1165/1667/122 1422/1661/122
f 1422/1661/122 1165/1667/122 1164/1668/122
f 1422/1661/122 1164/1668/122 1163/1669/122
f 1163/1669/122 1162/1670/122 1422/1661/122
f 1422/1661/122 1162/1670/122 1161/1671/122
f 1422/1661/122 1161/1671/122 1273/1672/122
f 1273/1672/122 1161/1671/122 1274/1673/122
f 1274/1673/122 1161/1671/122 1160/1674/122
f 1274/1673/122 1160/1674/122 1275/1675/122
f 1275/1675/122 1160/1674/122 1159/1676/122
f 1275/1675/122 1159/1676/122 1276/1677/122
f 1276/1677/122 1159/1676/122 1158/1678/122
f 1276/1677/122 1158/1678/122 1277/1679/122
f 1277/1679/122 1158/1678/122 1157/1680/122
f 1277/1679/122 1157/1680/122 1278/1681/122
f 1278/1681/122 1157/1680/122 1156/1682/122
f 1278/1681/122 1156/1682/122 1155/1683/122
f 1278/1681/122 1155/1683/122 1279/1684/122
f 1279/1684/122 1155/1683/122 1154/1685/122
f 1279/1684/122 1154/1685/122 1280/1686/122
f 1280/1686/122 1154/1685/122 1153/1687/122
f 1280/1686/122 1153/1687/122 1281/1688/122
f 1281/1688/122 1153/1687/122 1152/1639/122
f 1281/1688/122 1152/1639/122 1282/1641/122
f 1235/1689/122 1323/1690/122 1212/1691/122
f 1212/1691/122 1323/1690/122 1322/1692/122
f 1212/1691/122 1322/1692/122 1421/1660/122
f 1421/1660/122 1322/1692/122 1345/1693/122
f 1421/1660/122 1345/1693/122 1344/1694/122
f 1235/1689/122 1234/1695/122 1323/1690/122
f 1323/1690/122 1234/1695/122 1324/1696/122
f 1324/1696/122 1234/1695/122 1233/1697/122
f 1324/1696/122 1233/1697/122 1325/1698/122
f 1325/1698/122 1233/1697/122 1232/1699/122
f 1325/1698/122 1232/1699/122 1326/1700/122
f 1326/1700/122 1232/1699/122 1231/1701/122
f 1326/1700/122 1231/1701/122 1327/1702/122
f 1327/1702/122 1231/1701/122 1230/1703/122
f 1327/1702/122 1230/1703/122 1328/1704/122
f 1328/1704/122 1230/1703/122 1329/1705/122
f 1329/1705/122 1230/1703/122 1229/1706/122
f 1329/1705/122 1229/1706/122 1330/1707/122
f 1330/1707/122 1229/1706/122 1228/1708/122
f 1330/1707/122 1228/1708/122 1331/1709/122
f 1331/1709/122 1228/1708/122 1227/1710/122
f 1331/1709/122 1227/1710/122 1332/1640/122
f 1332/1640/122 1227/1710/122 1226/1642/122
f 1219/1655/122 1218/1711/122 1581/1653/122
f 1581/1653/122 1218/1711/122 1217/1712/122
f 1581/1653/122 1217/1712/122 1216/1713/122
f 1216/1713/122 1215/1714/122 1581/1653/122
f 1581/1653/122 1215/1714/122 1214/1715/122
f 1581/1653/122 1214/1715/122 1213/1716/122
f 1213/1716/122 1212/1691/122 1581/1653/122
f 1581/1653/122 1212/1691/122 1421/1660/122
f 1422/1661/122 1273/1672/122 1582/1717/122
f 1582/1717/122 1273/1672/122 1272/1718/122
f 1582/1717/122 1272/1718/122 1271/1719/122
f 1271/1719/122 1270/1720/122 1582/1717/122
f 1582/1717/122 1270/1720/122 1269/1721/122
f 1582/1717/122 1269/1721/122 1268/1722/122
f 1268/1722/122 1267/1723/122 1582/1717/122
f 1582/1717/122 1267/1723/122 1266/1724/122
f 1582/1717/122 1266/1724/122 1265/1725/122
f 1265/1725/122 1264/1726/122 1582/1717/122
f 1582/1717/122 1264/1726/122 1263/1651/122
f 1582/1717/122 1263/1651/122 1581/1653/122
f 1344/1694/122 1343/1727/122 1421/1660/122
f 1421/1660/122 1343/1727/122 1342/1728/122
f 1421/1660/122 1342/1728/122 1341/1729/122
f 1341/1729/122 1340/1730/122 1421/1660/122
f 1421/1660/122 1340/1730/122 1339/1731/122
f 1421/1660/122 1339/1731/122 1338/1732/122
f 1338/1732/122 1337/1658/122 1421/1660/122
f 1582/1733/74 1395/1717/74 1422/1734/74
f 1422/1734/74 1395/1717/74 1394/1661/74
f 1376/1735/343 1375/1736/343 1423/1737/375
f 1423/1737/375 1375/1736/343 1583/1738/375
f 1423/1737/375 1583/1738/375 1424/1739/376
f 1424/1739/376 1583/1738/375 1584/1740/376
f 1424/1739/376 1584/1740/376 1425/1741/377
f 1425/1741/377 1584/1740/376 1585/1742/377
f 1425/1741/377 1585/1742/377 1426/1743/378
f 1426/1743/378 1585/1742/377 1586/1744/378
f 1426/1743/378 1586/1744/378 1427/1745/379
f 1427/1745/379 1586/1744/378 1587/1746/379
f 1427/1745/379 1587/1746/379 1428/1747/380
f 1428/1747/380 1587/1746/379 1588/1748/380
f 1428/1747/380 1588/1748/380 1429/1749/381
f 1429/1749/381 1588/1748/380 1589/1750/381
f 1429/1749/381 1589/1750/381 1430/1751/382
f 1430/1751/382 1589/1750/381 1590/1752/382
f 1430/1751/382 1590/1752/382 1431/1753/383
f 1431/1753/383 1590/1752/382 1591/1754/383
f 1431/1753/383 1591/1754/383 1432/1755/384
f 1432/1755/384 1591/1754/383 1592/1756/384
f 1432/1755/384 1592/1756/384 1433/1757/385
f 1433/1757/385 1592/1756/384 1593/1758/385
f 1433/1757/385 1593/1758/385 1434/1759/386
f 1434/1759/386 1593/1758/385 1594/1760/386
f 1434/1759/386 1594/1760/386 1435/1761/364
f 1435/1761/364 1594/1760/386 1514/1762/364
f 1407/1763/361 1458/1764/361 1408/1765/387
f 1408/1765/387 1458/1764/361 1595/1766/387
f 1408/1765/387 1595/1766/387 1409/1767/388
f 1409/1767/388 1595/1766/387 1596/1768/388
f 1409/1767/388 1596/1768/388 1410/1769/389
f 1410/1769/389 1596/1768/388 1597/1770/389
f 1410/1769/389 1597/1770/389 1411/1771/390
f 1411/1771/390 1597/1770/389 1598/1772/390
f 1411/1771/390 1598/1772/390 1412/1773/391
f 1412/1773/391 1598/1772/390 1599/1774/391
f 1412/1773/391 1599/1774/391 1413/1775/392
f 1413/1775/392 1599/1774/391 1600/1776/392
f 1413/1775/392 1600/1776/392 1414/1777/393
f 1414/1777/393 1600/1776/392 1601/1778/393
f 1414/1777/393 1601/1778/393 1415/1779/394
f 1415/1779/394 1601/1778/393 1602/1780/394
f 1415/1779/394 1602/1780/394 1416/1781/395
f 1416/1781/395 1602/1780/394 1603/1782/395
f 1416/1781/395 1603/1782/395 1417/1783/396
f 1417/1783/396 1603/1782/395 1604/1784/396
f 1417/1783/396 1604/1784/396 1418/1785/397
f 1418/1785/397 1604/1784/396 1605/1786/397
f 1418/1785/397 1605/1786/397 1419/1787/398
f 1419/1787/398 1605/1786/397 1606/1788/398
f 1419/1787/398 1606/1788/398 1420/1789/399
f 1420/1789/399 1606/1788/398 1607/1790/399
f 1420/1789/399 1607/1790/399 1421/1791/400
f 1421/1791/400 1607/1790/399 1581/1792/400
f 1457/1793/130 1112/1794/130 1458/1795/130
f 1458/1795/130 1112/1794/130 1111/1796/130
f 1458/1795/130 1111/1796/130 1595/1797/130
f 1595/1797/130 1111/1796/130 1110/1798/130
f 1595/1797/130 1110/1798/130 1596/1799/130
f 1596/1799/130 1110/1798/130 1109/1800/130
f 1596/1799/130 1109/1800/130 1597/1801/130
f 1597/1801/130 1109/1800/130 1108/1802/130
f 1597/1801/130 1108/1802/130 1598/1803/130
f 1598/1803/130 1108/1802/130 1107/1804/130
f 1598/1803/130 1107/1804/130 1599/1805/130
f 1599/1805/130 1107/1804/130 1600/1806/130
f 1600/1806/130 1107/1804/130 1106/1807/130
f 1600/1806/130 1106/1807/130 1601/1808/130
f 1601/1808/130 1106/1807/130 1602/1809/130
f 1602/1809/130 1106/1807/130 1105/1810/130
f 1602/1809/130 1105/1810/130 1603/1811/130
f 1603/1811/130 1105/1810/130 1104/1812/130
f 1603/1811/130 1104/1812/130 1604/1813/130
f 1604/1813/130 1104/1812/130 1605/1814/130
f 1605/1814/130 1104/1812/130 1103/1815/130
f 1605/1814/130 1103/1815/130 1606/1816/130
f 1606/1816/130 1103/1815/130 1095/1817/130
f 1606/1816/130 1095/1817/130 1607/1818/130
f 1607/1818/130 1095/1817/130 1581/1819/130
f 1581/1819/130 1095/1817/130 1094/1820/130
f 1581/1819/130 1094/1820/130 1372/1821/130
f 1372/1821/130 1094/1820/130 1373/1822/401
f 1373/1822/401 1094/1820/130 1374/1823/402
f 1374/1823/402 1094/1820/130 1375/1824/130
f 1375/1824/130 1094/1820/130 1583/1825/130
f 1583/1825/130 1094/1820/130 1149/1826/130
f 1583/1825/130 1149/1826/130 1584/1827/130
f 1584/1827/130 1149/1826/130 1148/1828/130
f 1584/1827/130 1148/1828/130 1585/1829/130
f 1585/1829/130 1148/1828/130 1147/1830/130
f 1585/1829/130 1147/1830/130 1586/1831/130
f 1586/1831/130 1147/1830/130 1146/1832/130
f 1586/1831/130 1146/1832/130 1587/1833/130
f 1587/1833/130 1146/1832/130 1588/1834/130
f 1588/1834/130 1146/1832/130 1145/1835/130
f 1588/1834/130 1145/1835/130 1589/1836/130
f 1589/1836/130 1145/1835/130 1590/1837/130
f 1590/1837/130 1145/1835/130 1144/1838/130
f 1590/1837/130 1144/1838/130 1591/1839/130
f 1591/1839/130 1144/1838/130 1143/1840/130
f 1591/1839/130 1143/1840/130 1592/1841/130
f 1592/1841/130 1143/1840/130 1142/1842/130
f 1592/1841/130 1142/1842/130 1593/1843/130
f 1593/1843/130 1142/1842/130 1141/1844/130
f 1593/1843/130 1141/1844/130 1594/1845/130
f 1594/1845/130 1141/1844/130 1140/1846/130
f 1594/1845/130 1140/1846/130 1514/1847/130
f 1514/1847/130 1140/1846/130 1139/1848/130
f 1514/1847/130 1139/1848/130 1515/1849/130
f 1515/1849/130 1139/1848/130 1525/1850/130
f 1515/1849/130 1525/1850/130 1516/1851/130
f 1516/1851/130 1525/1850/130 1524/1852/130
f 1516/1851/130 1524/1852/130 1517/1853/130
f 1517/1853/130 1524/1852/130 1523/1854/130
f 1517/1853/130 1523/1854/130 1518/1855/130
f 1518/1855/130 1523/1854/130 1522/1856/130
f 1518/1855/130 1522/1856/130 1519/1857/403
f 1519/1857/403 1522/1856/130 1521/1858/404
f 1519/1857/403 1521/1858/404 1520/1859/405
f 1457/1793/130 1456/1860/401 1112/1794/130
f 1112/1794/130 1456/1860/401 1447/1861/130
f 1447/1861/130 1456/1860/401 1455/1862/130
f 1447/1861/130 1455/1862/130 1448/1863/130
f 1448/1863/130 1455/1862/130 1454/1864/130
f 1448/1863/130 1454/1864/130 1449/1865/401
f 1449/1865/401 1454/1864/130 1453/1866/402
f 1449/1865/401 1453/1866/402 1450/1867/401
f 1450/1867/401 1453/1866/402 1452/1868/402
f 1450/1867/401 1452/1868/402 1451/1869/130
f 1372/1821/130 1371/1870/130 1581/1819/130
f 1581/1819/130 1371/1870/130 1370/1871/130
f 1581/1819/130 1370/1871/130 1582/1872/130
f 1582/1872/130 1370/1871/130 1395/1873/130
f 1804/2097/130 1805/2098/130 1834/2099/130
f 1834/2099/130 1805/2098/130 1833/2100/130
f 1833/2100/130 1805/2098/130 1806/2101/130
f 1833/2100/130 1806/2101/130 1832/2102/130
f 1832/2102/130 1806/2101/130 1807/2103/130
f 1832/2102/130 1807/2103/130 1831/2104/130
f 1831/2104/130 1807/2103/130 1808/2105/130
f 1831/2104/130 1808/2105/130 1830/2106/130
f 1830/2106/130 1808/2105/130 1809/2107/130
f 1830/2106/130 1809/2107/130 1829/2108/130
f 1829/2108/130 1809/2107/130 1810/2109/130
f 1829/2108/130 1810/2109/130 1828/2110/130
f 1828/2110/130 1810/2109/130 1811/2111/130
f 1828/2110/130 1811/2111/130 1827/2112/130
f 1827/2112/130 1811/2111/130 1812/2113/130
f 1827/2112/130 1812/2113/130 1826/2114/130
f 1826/2114/130 1812/2113/130 1813/2115/130
f 1826/2114/130 1813/2115/130 1825/2116/130
f 1825/2116/130 1813/2115/130 1814/2117/130
f 1825/2116/130 1814/2117/130 1824/2118/130
f 1824/2118/130 1814/2117/130 1815/2119/130
f 1824/2118/130 1815/2119/130 1823/2120/130
f 1823/2120/130 1815/2119/130 1816/2121/130
f 1823/2120/130 1816/2121/130 1822/2122/130
f 1822/2122/130 1816/2121/130 1817/2123/130
f 1822/2122/130 1817/2123/130 1821/2124/130
f 1821/2124/130 1817/2123/130 1818/2125/130
f 1821/2124/130 1818/2125/130 1820/2126/130
f 1820/2126/130 1818/2125/130 1819/2127/130
f 1834/2128/422 1850/2129/423 1804/2029/27
f 1804/2027/27 1850/2130/423 1851/2131/424
f 1804/2027/27 1851/2131/424 1805/2132/425
f 1805/2132/425 1851/2131/424 1852/2133/426
f 1805/2132/425 1852/2133/426 1806/2134/427
f 1806/2134/427 1852/2133/426 1853/2135/428
f 1806/2134/427 1853/2135/428 1807/2136/429
f 1807/2136/429 1853/2135/428 1854/2137/430
f 1807/2136/429 1854/2137/430 1808/2138/431
f 1808/2138/431 1854/2137/430 1855/2139/432
f 1808/2138/431 1855/2139/432 1809/2140/433
f 1809/2140/433 1855/2139/432 1856/2141/434
f 1809/2140/433 1856/2141/434 1810/2142/435
f 1810/2142/435 1856/2141/434 1857/2143/436
f 1810/2142/435 1857/2143/436 1811/2144/437
f 1811/2144/437 1857/2143/436 1858/2145/438
f 1811/2144/437 1858/2145/438 1812/2146/439
f 1812/2146/439 1858/2145/438 1859/2147/440
f 1812/2146/439 1859/2147/440 1813/2148/441
f 1813/2148/441 1859/2147/440 1860/2149/442
f 1813/2148/441 1860/2149/442 1814/2150/443
f 1814/2150/443 1860/2149/442 1861/2151/444
f 1814/2150/443 1861/2151/444 1815/2152/445
f 1815/2152/445 1861/2151/444 1862/2153/446
f 1815/2152/445 1862/2153/446 1816/2154/447
f 1816/2154/447 1862/2153/446 1863/2155/448
f 1816/2154/447 1863/2155/448 1817/2156/449
f 1817/2156/449 1863/2155/448 1864/2157/450
f 1817/2156/449 1864/2157/450 1818/2158/451
f 1818/2158/451 1864/2157/450 1865/2159/452
f 1818/2158/451 1865/2159/452 1819/2160/453
f 1819/2160/453 1865/2159/452 1835/2161/74
f 1819/2160/453 1835/2161/74 1820/2162/454
f 1820/2162/454 1835/2161/74 1836/2163/455
f 1820/2162/454 1836/2163/455 1821/2164/456
f 1821/2164/456 1836/2163/455 1837/2165/457
f 1821/2164/456 1837/2165/457 1822/2166/458
f 1822/2166/458 1837/2165/457 1838/2167/459
f 1822/2166/458 1838/2167/459 1823/2168/460
f 1823/2168/460 1838/2167/459 1839/2169/461
f 1823/2168/460 1839/2169/461 1824/2170/462
f 1824/2170/462 1839/2169/461 1840/2171/463
f 1824/2170/462 1840/2171/463 1825/2172/464
f 1825/2172/464 1840/2171/463 1841/2173/465
f 1825/2172/464 1841/2173/465 1826/2174/466
f 1826/2174/466 1841/2173/465 1842/2175/467
f 1826/2174/466 1842/2175/467 1827/2176/468
f 1827/2176/468 1842/2175/467 1843/2177/469
f 1827/2176/468 1843/2177/469 1828/2178/470
f 1828/2178/470 1843/2177/469 1844/2179/471
f 1828/2178/470 1844/2179/471 1829/2180/472
f 1829/2180/472 1844/2179/471 1845/2181/473
f 1829/2180/472 1845/2181/473 1830/2182/474
f 1830/2182/474 1845/2181/473 1846/2183/475
f 1830/2182/474 1846/2183/475 1831/2184/476
f 1831/2184/476 1846/2183/475 1847/2185/477
f 1831/2184/476 1847/2185/477 1832/2186/478
f 1832/2186/478 1847/2185/477 1848/2187/479
f 1832/2186/478 1848/2187/479 1833/2188/480
f 1833/2188/480 1848/2187/479 1849/2189/481
f 1833/2188/480 1849/2189/481 1834/2128/422
f 1834/2128/422 1849/2189/481 1850/2129/423
f 1836/2190/139 1835/2191/139 1866/788/139
f 1866/788/139 1835/2191/139 1865/2192/139
f 1866/788/139 1865/2192/139 1891/2193/139
f 1891/2193/139 1865/2192/139 1864/2194/139
f 1891/2193/139 1864/2194/139 1890/2195/139
f 1890/2195/139 1864/2194/139 1863/2196/139
f 1890/2195/139 1863/2196/139 1889/2197/139
f 1889/2197/139 1863/2196/139 1862/2198/139
f 1889/2197/139 1862/2198/139 1888/2199/139
f 1888/2199/139 1862/2198/139 1861/2200/139
f 1888/2199/139 1861/2200/139 1887/2201/139
f 1887/2201/139 1861/2200/139 1860/2202/139
f 1887/2201/139 1860/2202/139 1859/2203/139
f 1887/2201/139 1859/2203/139 1886/2204/139
f 1886/2204/139 1859/2203/139 1858/2205/139
f 1886/2204/139 1858/2205/139 1885/2206/139
f 1885/2206/139 1858/2205/139 1857/2207/139
f 1885/2206/139 1857/2207/139 1884/2208/139
f 1884/2208/139 1857/2207/139 1856/2209/139
f 1884/2208/139 1856/2209/139 1883/2210/139
f 1883/2210/139 1856/2209/139 1855/2211/139
f 1883/2210/139 1855/2211/139 1882/2212/139
f 1882/2212/139 1855/2211/139 1854/2213/139
f 1882/2212/139 1854/2213/139 1853/2214/139
f 1882/2212/139 1853/2214/139 1881/2215/139
f 1881/2215/139 1853/2214/139 1852/2216/139
f 1881/2215/139 1852/2216/139 1880/2217/139
f 1880/2217/139 1852/2216/139 1851/2218/139
f 1880/2217/139 1851/2218/139 1879/2219/139
f 1879/2219/139 1851/2218/139 1850/2220/139
f 1879/2219/139 1850/2220/139 1878/2221/139
f 1878/2221/139 1850/2220/139 1849/2222/139
f 1878/2221/139 1849/2222/139 1877/2223/139
f 1877/2223/139 1849/2222/139 1848/2224/139
f 1877/2223/139 1848/2224/139 1876/2225/139
f 1876/2225/139 1848/2224/139 1847/2226/139
f 1876/2225/139 1847/2226/139 1846/2227/139
f 1876/2225/139 1846/2227/139 1875/2228/139
f 1875/2228/139 1846/2227/139 1845/2229/139
f 1875/2228/139 1845/2229/139 1874/2230/139
f 1874/2230/139 1845/2229/139 1844/2231/139
f 1874/2230/139 1844/2231/139 1873/2232/139
f 1873/2232/139 1844/2231/139 1843/2233/139
f 1873/2232/139 1843/2233/139 1872/2234/139
f 1872/2234/139 1843/2233/139 1842/2235/139
f 1872/2234/139 1842/2235/139 1871/2236/139
f 1871/2236/139 1842/2235/139 1841/2237/139
f 1871/2236/139 1841/2237/139 1840/2238/139
f 1871/2236/139 1840/2238/139 1870/2239/139
f 1870/2239/139 1840/2238/139 1839/2240/139
f 1870/2239/139 1839/2240/139 1869/2241/139
f 1869/2241/139 1839/2240/139 1838/2242/139
f 1869/2241/139 1838/2242/139 1868/2243/139
f 1868/2243/139 1838/2242/139 1837/2244/139
f 1868/2243/139 1837/2244/139 1867/2245/139
f 1867/2245/139 1837/2244/139 1836/2190/139
f 1867/2245/139 1836/2190/139 1866/788/139
f 1891/2246/482 1917/2247/482 1866/2248/74
f 1866/2248/74 1917/2247/482 1892/2249/74
f 1866/2248/74 1892/2249/74 1867/2250/483
f 1867/2250/483 1892/2249/74 1893/2251/483
f 1867/2250/483 1893/2251/483 1868/2252/484
f 1868/2252/484 1893/2251/483 1894/2253/484
f 1868/2252/484 1894/2253/484 1869/2254/485
f 1869/2254/485 1894/2253/484 1895/2255/485
f 1869/2254/485 1895/2255/485 1870/2256/486
f 1870/2256/486 1895/2255/485 1896/2257/486
f 1870/2256/486 1896/2257/486 1871/2258/487
f 1871/2258/487 1896/2257/486 1897/2259/487
f 1871/2258/487 1897/2259/487 1872/2260/488
f 1872/2260/488 1897/2259/487 1898/2261/488
f 1872/2260/488 1898/2261/488 1873/2262/489
f 1873/2262/489 1898/2261/488 1899/2263/489
f 1873/2262/489 1899/2263/489 1874/2264/490
f 1874/2264/490 1899/2263/489 1900/2265/490
f 1874/2264/490 1900/2265/490 1875/2266/491
f 1875/2266/491 1900/2265/490 1901/2267/491
f 1875/2266/491 1901/2267/491 1876/2268/492
f 1876/2268/492 1901/2267/491 1902/2269/492
f 1876/2268/492 1902/2269/492 1877/2270/493
f 1877/2270/493 1902/2269/492 1903/2271/493
f 1877/2270/493 1903/2271/493 1878/2272/494
f 1878/2272/494 1903/2271/493 1904/2273/494
f 1878/2272/494 1904/2273/494 1879/2274/27
f 1879/2274/27 1904/2273/494 1905/2275/27
f 1879/2276/27 1905/2277/27 1880/2278/495
f 1880/2278/495 1905/2277/27 1906/2279/495
f 1880/2278/495 1906/2279/495 1881/2280/496
f 1881/2280/496 1906/2279/495 1907/2281/496
f 1881/2280/496 1907/2281/496 1882/2282/497
f 1882/2282/497 1907/2281/496 1908/2283/497
f 1882/2282/497 1908/2283/497 1883/2284/498
f 1883/2284/498 1908/2283/497 1909/2285/498
f 1883/2284/498 1909/2285/498 1884/2286/499
f 1884/2286/499 1909/2285/498 1910/2287/499
f 1884/2286/499 1910/2287/499 1885/2288/500
f 1885/2288/500 1910/2287/499 1911/2289/500
f 1885/2288/500 1911/2289/500 1886/2290/501
f 1886/2290/501 1911/2289/500 1912/2291/501
f 1886/2290/501 1912/2291/501 1887/2292/502
f 1887/2292/502 1912/2291/501 1913/2293/502
f 1887/2292/502 1913/2293/502 1888/2294/503
f 1888/2294/503 1913/2293/502 1914/2295/503
f 1888/2294/503 1914/2295/503 1889/2296/504
f 1889/2296/504 1914/2295/503 1915/2297/504
f 1889/2296/504 1915/2297/504 1890/2298/505
f 1890/2298/505 1915/2297/504 1916/2299/505
f 1890/2298/505 1916/2299/505 1891/2246/482
f 1891/2246/482 1916/2299/505 1917/2247/482
f 1917/2300/506 1983/2301/507 1892/2302/508
f 1892/2302/508 1983/2301/507 1997/2303/509
f 1892/2302/508 1997/2303/509 1981/2304/510
f 1981/2304/510 1997/2303/509 1996/2305/511
f 1981/2304/510 1996/2305/511 2098/2306/512
f 2098/2306/512 1996/2305/511 1980/2307/513
f 2098/2306/512 1980/2307/513 2099/2308/514
f 2099/2308/514 1980/2307/513 1919/2309/407
f 2099/2308/514 1919/2309/407 1978/2310/515
f 1978/2310/515 1919/2309/407 1920/2311/408
f 1978/2310/515 1920/2311/408 2094/2312/516
f 2094/2312/516 1920/2311/408 2095/2313/517
f 2094/2312/516 2095/2313/517 2096/2314/518
f 2096/2314/518 2095/2313/517 2089/2315/519
f 2096/2314/518 2089/2315/519 1977/2316/520
f 1977/2316/520 2089/2315/519 2092/2317/521
f 1977/2316/520 2092/2317/521 1895/2318/522
f 1895/2318/522 2092/2317/521 1976/2319/523
f 1895/2318/522 1976/2319/523 1896/2320/524
f 1896/2320/524 1976/2319/523 2088/2321/525
f 1896/2320/524 2088/2321/525 1974/2322/526
f 1974/2322/526 2088/2321/525 2087/2323/527
f 1974/2322/526 2087/2323/527 2081/2324/528
f 2081/2324/528 2087/2323/527 2086/2325/529
f 2081/2324/528 2086/2325/529 1971/2326/530
f 1971/2326/530 2086/2325/529 1922/2327/409
f 1971/2326/530 1922/2327/409 1923/2328/410
f 1916/2329/531 1985/2330/532 1917/2300/506
f 1917/2300/506 1985/2330/532 2001/2331/533
f 1917/2300/506 2001/2331/533 1983/2301/507
f 1983/2301/507 2001/2331/533 2000/2332/534
f 1983/2301/507 2000/2332/534 1994/2333/535
f 1994/2333/535 2000/2332/534 1982/2334/536
f 1994/2333/535 1982/2334/536 1995/2335/537
f 1995/2335/537 1982/2334/536 1918/2336/74
f 1995/2335/537 1918/2336/74 1980/2307/513
f 1980/2307/513 1918/2336/74 1919/2309/407
f 1915/2337/538 1987/2338/539 1916/2329/531
f 1916/2329/531 1987/2338/539 2005/2339/540
f 1916/2329/531 2005/2339/540 1985/2330/532
f 1985/2330/532 2005/2339/540 2004/2340/541
f 1985/2330/532 2004/2340/541 1998/2341/542
f 1998/2341/542 2004/2340/541 1984/2342/543
f 1998/2341/542 1984/2342/543 1999/2343/544
f 1999/2343/544 1984/2342/543 1941/2344/406
f 1999/2343/544 1941/2344/406 1982/2334/536
f 1982/2334/536 1941/2344/406 1918/2336/74
f 1914/2345/545 1989/2346/546 1915/2337/538
f 1915/2337/538 1989/2346/546 2009/2347/547
f 1915/2337/538 2009/2347/547 1987/2338/539
f 1987/2338/539 2009/2347/547 2008/2348/548
f 1987/2338/539 2008/2348/548 2002/2349/549
f 2002/2349/549 2008/2348/548 2007/2350/550
f 2002/2349/549 2007/2350/550 2003/2351/551
f 2003/2351/551 2007/2350/550 1940/2352/421
f 2003/2351/551 1940/2352/421 1984/2342/543
f 1984/2342/543 1940/2352/421 1941/2344/406
f 1913/2353/552 1991/2354/553 1914/2345/545
f 1914/2345/545 1991/2354/553 2013/2355/554
f 1914/2345/545 2013/2355/554 1989/2346/546
f 1989/2346/546 2013/2355/554 2012/2356/555
f 1989/2346/546 2012/2356/555 2006/2357/556
f 2006/2357/556 2012/2356/555 2011/2358/557
f 2006/2357/556 2011/2358/557 1986/2359/558
f 1986/2359/558 2011/2358/557 1939/2360/195
f 1986/2359/558 1939/2360/195 1940/2352/421
f 1912/2361/559 1993/2362/560 1913/2353/552
f 1913/2353/552 1993/2362/560 2017/2363/561
f 1913/2353/552 2017/2363/561 1991/2354/553
f 1991/2354/553 2017/2363/561 2016/2364/562
f 1991/2354/553 2016/2364/562 2010/2365/563
f 2010/2365/563 2016/2364/562 2015/2366/564
f 2010/2365/563 2015/2366/564 1988/2367/565
f 1988/2367/565 2015/2366/564 1938/2368/420
f 1988/2367/565 1938/2368/420 1939/2360/195
f 1911/2369/566 2018/2370/567 1912/2371/559
f 1912/2361/559 2018/2372/567 2022/2373/568
f 1912/2361/559 2022/2373/568 1993/2362/560
f 1993/2362/560 2022/2373/568 2021/2374/569
f 1993/2362/560 2021/2374/569 2014/2375/570
f 2014/2375/570 2021/2374/569 2020/2376/571
f 2014/2375/570 2020/2376/571 1990/2377/572
f 1990/2377/572 2020/2376/571 1937/2378/419
f 1990/2377/572 1937/2378/419 1938/2368/420
f 1910/2379/573 1947/2380/574 1911/2369/566
f 1911/2369/566 1947/2380/574 2026/2381/575
f 1911/2369/566 2026/2381/575 1942/2382/576
f 1942/2382/576 2026/2381/575 2025/2383/577
f 1942/2382/576 2025/2383/577 1943/2384/578
f 1943/2384/578 2025/2383/577 2024/2385/579
f 1943/2384/578 2024/2385/579 1944/2386/580
f 1944/2386/580 2024/2385/579 1936/2387/206
f 1944/2388/580 1936/2389/206 1992/2390/581
f 1992/2390/581 1936/2389/206 1937/2378/419
f 1992/2390/581 1937/2378/419 2020/2376/571
f 1909/2391/582 1949/2392/583 1910/2379/573
f 1910/2379/573 1949/2392/583 2030/2393/584
f 1910/2379/573 2030/2393/584 1947/2380/574
f 1947/2380/574 2030/2393/584 2029/2394/585
f 1947/2380/574 2029/2394/585 2023/2395/586
f 2023/2395/586 2029/2394/585 2028/2396/587
f 2023/2395/586 2028/2396/587 1945/2397/588
f 1945/2397/588 2028/2396/587 1935/2398/418
f 1945/2397/588 1935/2398/418 1936/2387/206
f 1908/2399/589 1951/2400/590 1909/2391/582
f 1909/2391/582 1951/2400/590 2034/2401/591
f 1909/2391/582 2034/2401/591 1949/2392/583
f 1949/2392/583 2034/2401/591 2033/2402/592
f 1949/2392/583 2033/2402/592 2027/2403/593
f 2027/2403/593 2033/2402/592 2032/2404/594
f 2027/2403/593 2032/2404/594 1946/2405/595
f 1946/2405/595 2032/2404/594 1934/2406/417
f 1946/2405/595 1934/2406/417 1935/2398/418
f 1907/2407/596 1952/2408/597 1908/2399/589
f 1908/2399/589 1952/2408/597 2038/2409/598
f 1908/2399/589 2038/2409/598 1951/2400/590
f 1951/2400/590 2038/2409/598 2037/2410/599
f 1951/2400/590 2037/2410/599 2031/2411/600
f 2031/2411/600 2037/2410/599 2036/2412/601
f 2031/2411/600 2036/2412/601 1948/2413/602
f 1948/2413/602 2036/2412/601 1933/2414/183
f 1948/2413/602 1933/2414/183 1934/2406/417
f 1906/2415/603 1954/2416/604 1907/2407/596
f 1907/2407/596 1954/2416/604 2043/2417/605
f 1907/2407/596 2043/2417/605 1952/2408/597
f 1952/2408/597 2043/2417/605 2042/2418/606
f 1952/2408/597 2042/2418/606 2035/2419/607
f 2035/2419/607 2042/2418/606 2041/2420/608
f 2035/2419/607 2041/2420/608 1950/2421/609
f 1950/2421/609 2041/2420/608 1932/2422/416
f 1950/2421/609 1932/2422/416 1933/2414/183
f 1905/2423/610 1956/2424/611 1906/2415/603
f 1906/2415/603 1956/2424/611 2047/2425/612
f 1906/2415/603 2047/2425/612 1954/2416/604
f 1954/2416/604 2047/2425/612 2046/2426/613
f 1954/2416/604 2046/2426/613 2039/2427/614
f 2039/2427/614 2046/2426/613 1953/2428/615
f 2039/2427/614 1953/2428/615 2040/2429/616
f 2040/2429/616 1953/2428/615 1932/2422/416
f 2040/2429/616 1932/2422/416 2041/2420/608
f 1904/2430/617 1958/2431/618 1905/2423/610
f 1905/2423/610 1958/2431/618 2051/2432/619
f 1905/2423/610 2051/2432/619 1956/2424/611
f 1956/2424/611 2051/2432/619 2050/2433/620
f 1956/2424/611 2050/2433/620 2044/2434/621
f 2044/2434/621 2050/2433/620 1955/2435/622
f 2044/2434/621 1955/2435/622 2045/2436/623
f 2045/2436/623 1955/2435/622 1931/2437/415
f 2045/2436/623 1931/2437/415 1953/2428/615
f 1953/2428/615 1931/2437/415 1932/2422/416
f 1903/2438/624 1960/2439/625 1904/2430/617
f 1904/2430/617 1960/2439/625 2055/2440/626
f 1904/2430/617 2055/2440/626 1958/2431/618
f 1958/2431/618 2055/2440/626 2054/2441/627
f 1958/2431/618 2054/2441/627 2048/2442/628
f 2048/2442/628 2054/2441/627 1957/2443/629
f 2048/2442/628 1957/2443/629 2049/2444/630
f 2049/2444/630 1957/2443/629 1930/2445/27
f 2049/2444/630 1930/2445/27 1955/2435/622
f 1955/2435/622 1930/2445/27 1931/2437/415
f 1902/2446/631 1962/2447/632 1903/2438/624
f 1903/2438/624 1962/2447/632 2059/2448/633
f 1903/2438/624 2059/2448/633 1960/2439/625
f 1960/2439/625 2059/2448/633 2058/2449/634
f 1960/2439/625 2058/2449/634 2052/2450/635
f 2052/2450/635 2058/2449/634 1959/2451/636
f 2052/2450/635 1959/2451/636 2053/2452/637
f 2053/2452/637 1959/2451/636 1929/2453/414
f 2053/2452/637 1929/2453/414 1957/2443/629
f 1957/2443/629 1929/2453/414 1930/2445/27
f 1901/2454/638 1964/2455/639 1902/2446/631
f 1902/2446/631 1964/2455/639 2063/2456/640
f 1902/2446/631 2063/2456/640 1962/2447/632
f 1962/2447/632 2063/2456/640 2062/2457/641
f 1962/2447/632 2062/2457/641 2056/2458/642
f 2056/2458/642 2062/2457/641 2061/2459/643
f 2056/2458/642 2061/2459/643 2057/2460/644
f 2057/2460/644 2061/2459/643 1928/2461/413
f 2057/2460/644 1928/2461/413 1959/2451/636
f 1959/2451/636 1928/2461/413 1929/2453/414
f 1900/2462/645 1966/2463/646 1901/2454/638
f 1901/2454/638 1966/2463/646 2067/2464/647
f 1901/2454/638 2067/2464/647 1964/2455/639
f 1964/2455/639 2067/2464/647 2066/2465/648
f 1964/2455/639 2066/2465/648 2060/2466/649
f 2060/2466/649 2066/2465/648 2065/2467/650
f 2060/2466/649 2065/2467/650 1961/2468/651
f 1961/2468/651 2065/2467/650 1927/2469/109
f 1961/2468/651 1927/2469/109 1928/2461/413
f 1899/2470/652 1968/2471/653 1900/2462/645
f 1900/2462/645 1968/2471/653 2071/2472/654
f 1900/2462/645 2071/2472/654 1966/2463/646
f 1966/2463/646 2071/2472/654 2070/2473/655
f 1966/2463/646 2070/2473/655 2064/2474/656
f 2064/2474/656 2070/2473/655 2069/2475/657
f 2064/2474/656 2069/2475/657 1963/2476/658
f 1963/2476/658 2069/2475/657 1926/2477/412
f 1963/2476/658 1926/2477/412 1927/2469/109
f 1898/2478/659 2072/2479/660 1899/2470/652
f 1899/2470/652 2072/2479/660 2076/2480/661
f 1899/2470/652 2076/2480/661 1968/2471/653
f 1968/2471/653 2076/2480/661 2075/2481/662
f 1968/2471/653 2075/2481/662 2068/2482/663
f 2068/2482/663 2075/2481/662 2074/2483/664
f 2068/2482/663 2074/2483/664 1965/2484/665
f 1965/2484/665 2074/2483/664 1925/2485/411
f 1965/2484/665 1925/2485/411 1926/2477/412
f 1897/2486/666 1972/2487/667 1898/2478/659
f 1898/2478/659 1972/2487/667 2080/2488/668
f 1898/2478/659 2080/2488/668 1970/2489/669
f 1970/2489/669 2080/2488/668 2079/2490/670
f 1970/2489/669 2079/2490/670 2102/2491/671
f 2102/2491/671 2079/2490/670 2078/2492/672
f 2102/2491/671 2078/2492/672 2103/2493/673
f 2103/2493/673 2078/2492/672 1924/2494/122
f 2103/2493/673 1924/2494/122 1967/2495/674
f 1967/2495/674 1924/2494/122 1925/2485/411
f 1967/2495/674 1925/2485/411 2074/2483/664
f 1896/2320/524 1974/2322/526 1897/2486/666
f 1897/2486/666 1974/2322/526 2084/2496/675
f 1897/2486/666 2084/2496/675 1972/2487/667
f 1972/2487/667 2084/2496/675 2083/2497/676
f 1972/2487/667 2083/2497/676 2077/2498/677
f 2077/2498/677 2083/2497/676 2082/2499/678
f 2077/2498/677 2082/2499/678 1969/2500/679
f 1969/2500/679 2082/2499/678 1923/2328/410
f 1969/2500/679 1923/2328/410 1924/2494/122
f 1895/2318/522 1894/2501/680 1977/2316/520
f 1977/2316/520 1894/2501/680 2097/2502/681
f 1977/2316/520 2097/2502/681 2096/2314/518
f 2096/2314/518 2097/2502/681 2093/2503/682
f 2096/2314/518 2093/2503/682 2094/2312/516
f 2094/2312/516 2093/2503/682 1978/2310/515
f 2097/2502/681 1894/2501/680 1979/2504/683
f 1979/2504/683 1894/2501/680 1893/2505/684
f 1979/2504/683 1893/2505/684 2101/2506/685
f 2101/2506/685 1893/2505/684 1981/2304/510
f 2101/2506/685 1981/2304/510 2098/2306/512
f 1893/2505/684 1892/2302/508 1981/2304/510
f 2095/2313/517 1920/2311/408 1975/2507/686
f 1975/2507/686 1920/2311/408 1921/2508/97
f 1975/2507/686 1921/2508/97 2090/2509/687
f 2090/2509/687 1921/2508/97 1973/2510/688
f 2090/2509/687 1973/2510/688 2085/2511/689
f 2085/2511/689 1973/2510/688 2087/2323/527
f 2085/2511/689 2087/2323/527 2088/2321/525
f 1921/2508/97 1922/2327/409 1973/2510/688
f 1973/2510/688 1922/2327/409 2086/2325/529
f 1973/2510/688 2086/2325/529 2087/2323/527
f 1945/2397/588 1936/2387/206 2024/2385/579
f 1942/2512/576 1943/2513/578 2018/2372/567
f 2018/2372/567 1943/2513/578 2019/2514/690
f 2018/2372/567 2019/2514/690 2022/2373/568
f 2022/2373/568 2019/2514/690 2021/2374/569
f 1943/2513/578 1944/2388/580 2019/2514/690
f 2019/2514/690 1944/2388/580 1992/2390/581
f 2019/2514/690 1992/2390/581 2021/2374/569
f 2021/2374/569 1992/2390/581 2020/2376/571
f 2018/2370/567 1911/2369/566 1942/2382/576
f 1935/2398/418 2028/2396/587 1946/2405/595
f 1946/2405/595 2028/2396/587 2029/2394/585
f 1946/2405/595 2029/2394/585 2027/2403/593
f 2027/2403/593 2029/2394/585 2030/2393/584
f 2027/2403/593 2030/2393/584 1949/2392/583
f 1934/2406/417 2032/2404/594 1948/2413/602
f 1948/2413/602 2032/2404/594 2033/2402/592
f 1948/2413/602 2033/2402/592 2031/2411/600
f 2031/2411/600 2033/2402/592 2034/2401/591
f 2031/2411/600 2034/2401/591 1951/2400/590
f 1933/2414/183 2036/2412/601 1950/2421/609
f 1950/2421/609 2036/2412/601 2037/2410/599
f 1950/2421/609 2037/2410/599 2035/2419/607
f 2035/2419/607 2037/2410/599 2038/2409/598
f 2035/2419/607 2038/2409/598 1952/2408/597
f 1961/2468/651 1928/2461/413 2061/2459/643
f 1927/2469/109 2065/2467/650 1963/2476/658
f 1963/2476/658 2065/2467/650 2066/2465/648
f 1963/2476/658 2066/2465/648 2064/2474/656
f 2064/2474/656 2066/2465/648 2067/2464/647
f 2064/2474/656 2067/2464/647 1966/2463/646
f 1926/2477/412 2069/2475/657 1965/2484/665
f 1965/2484/665 2069/2475/657 2070/2473/655
f 1965/2484/665 2070/2473/655 2068/2482/663
f 2068/2482/663 2070/2473/655 2071/2472/654
f 2068/2482/663 2071/2472/654 1968/2471/653
f 1969/2500/679 1924/2494/122 2078/2492/672
f 2072/2479/660 1898/2478/659 1970/2489/669
f 1923/2328/410 2082/2499/678 1971/2326/530
f 1971/2326/530 2082/2499/678 2083/2497/676
f 1971/2326/530 2083/2497/676 2081/2324/528
f 2081/2324/528 2083/2497/676 2084/2496/675
f 2081/2324/528 2084/2496/675 1974/2322/526
f 1986/2359/558 1940/2352/421 2007/2350/550
f 1939/2360/195 2011/2358/557 1988/2367/565
f 1988/2367/565 2011/2358/557 2012/2356/555
f 1988/2367/565 2012/2356/555 2010/2365/563
f 2010/2365/563 2012/2356/555 2013/2355/554
f 2010/2365/563 2013/2355/554 1991/2354/553
f 1938/2368/420 2015/2366/564 1990/2377/572
f 1990/2377/572 2015/2366/564 2016/2364/562
f 1990/2377/572 2016/2364/562 2014/2375/570
f 2014/2375/570 2016/2364/562 2017/2363/561
f 2014/2375/570 2017/2363/561 1993/2362/560
f 1996/2305/511 1997/2303/509 1994/2333/535
f 1994/2333/535 1997/2303/509 1983/2301/507
f 1980/2307/513 1996/2305/511 1995/2335/537
f 1995/2335/537 1996/2305/511 1994/2333/535
f 2000/2332/534 2001/2331/533 1998/2341/542
f 1998/2341/542 2001/2331/533 1985/2330/532
f 1982/2334/536 2000/2332/534 1999/2343/544
f 1999/2343/544 2000/2332/534 1998/2341/542
f 2004/2340/541 2005/2339/540 2002/2349/549
f 2002/2349/549 2005/2339/540 1987/2338/539
f 1984/2342/543 2004/2340/541 2003/2351/551
f 2003/2351/551 2004/2340/541 2002/2349/549
f 2008/2348/548 2009/2347/547 2006/2357/556
f 2006/2357/556 2009/2347/547 1989/2346/546
f 2007/2350/550 2008/2348/548 1986/2359/558
f 1986/2359/558 2008/2348/548 2006/2357/556
f 2025/2383/577 2026/2381/575 2023/2395/586
f 2023/2395/586 2026/2381/575 1947/2380/574
f 2024/2385/579 2025/2383/577 1945/2397/588
f 1945/2397/588 2025/2383/577 2023/2395/586
f 2042/2418/606 2043/2417/605 2039/2427/614
f 2039/2427/614 2043/2417/605 1954/2416/604
f 2041/2420/608 2042/2418/606 2040/2429/616
f 2040/2429/616 2042/2418/606 2039/2427/614
f 2046/2426/613 2047/2425/612 2044/2434/621
f 2044/2434/621 2047/2425/612 1956/2424/611
f 1953/2428/615 2046/2426/613 2045/2436/623
f 2045/2436/623 2046/2426/613 2044/2434/621
f 2050/2433/620 2051/2432/619 2048/2442/628
f 2048/2442/628 2051/2432/619 1958/2431/618
f 1955/2435/622 2050/2433/620 2049/2444/630
f 2049/2444/630 2050/2433/620 2048/2442/628
f 2054/2441/627 2055/2440/626 2052/2450/635
f 2052/2450/635 2055/2440/626 1960/2439/625
f 1957/2443/629 2054/2441/627 2053/2452/637
f 2053/2452/637 2054/2441/627 2052/2450/635
f 2058/2449/634 2059/2448/633 2056/2458/642
f 2056/2458/642 2059/2448/633 1962/2447/632
f 1959/2451/636 2058/2449/634 2057/2460/644
f 2057/2460/644 2058/2449/634 2056/2458/642
f 2062/2457/641 2063/2456/640 2060/2466/649
f 2060/2466/649 2063/2456/640 1964/2455/639
f 2061/2459/643 2062/2457/641 1961/2468/651
f 1961/2468/651 2062/2457/641 2060/2466/649
f 2075/2481/662 2076/2480/661 2073/2515/691
f 2073/2515/691 2076/2480/661 2072/2479/660
f 2073/2515/691 2072/2479/660 2102/2491/671
f 2102/2491/671 2072/2479/660 1970/2489/669
f 2074/2483/664 2075/2481/662 1967/2495/674
f 1967/2495/674 2075/2481/662 2073/2515/691
f 1967/2495/674 2073/2515/691 2103/2493/673
f 2103/2493/673 2073/2515/691 2102/2491/671
f 2079/2490/670 2080/2488/668 2077/2498/677
f 2077/2498/677 2080/2488/668 1972/2487/667
f 2078/2492/672 2079/2490/670 1969/2500/679
f 1969/2500/679 2079/2490/670 2077/2498/677
f 2088/2321/525 1976/2319/523 2085/2511/689
f 2085/2511/689 1976/2319/523 2091/2516/692
f 2085/2511/689 2091/2516/692 2090/2509/687
f 2090/2509/687 2091/2516/692 1975/2507/686
f 2092/2317/521 2089/2315/519 2091/2516/692
f 2091/2516/692 2089/2315/519 1975/2507/686
f 1975/2507/686 2089/2315/519 2095/2313/517
f 1976/2319/523 2092/2317/521 2091/2516/692
f 2097/2502/681 1979/2504/683 2093/2503/682
f 2093/2503/682 1979/2504/683 2100/2517/693
f 2093/2503/682 2100/2517/693 1978/2310/515
f 1978/2310/515 2100/2517/693 2099/2308/514
f 2101/2506/685 2098/2306/512 2100/2517/693
f 2100/2517/693 2098/2306/512 2099/2308/514
f 1979/2504/683 2101/2506/685 2100/2517/693
f 1941/2518/406 2127/2519/406 1918/2520/74
f 1918/2520/74 2127/2519/406 2104/2521/74
f 1918/2520/74 2104/2521/74 1919/2522/407
f 1919/2522/407 2104/2521/74 2105/2523/407
f 1919/2522/407 2105/2523/407 1920/2524/408
f 1920/2524/408 2105/2523/407 2106/2525/408
f 1920/2524/408 2106/2525/408 1921/2526/97
f 1921/2526/97 2106/2525/408 2107/2527/97
f 1921/2526/97 2107/2527/97 1922/2528/409
f 1922/2528/409 2107/2527/97 2108/2529/409
f 1922/2528/409 2108/2529/409 1923/2530/410
f 1923/2530/410 2108/2529/409 2109/2531/410
f 1923/2530/410 2109/2531/410 1924/2532/122
f 1924/2532/122 2109/2531/410 2110/2533/122
f 1924/2532/122 2110/2533/122 1925/2534/411
f 1925/2534/411 2110/2533/122 2111/2535/411
f 1925/2534/411 2111/2535/411 1926/2536/412
f 1926/2536/412 2111/2535/411 2112/2537/412
f 1926/2536/412 2112/2537/412 1927/2538/109
f 1927/2538/109 2112/2537/412 2113/2539/109
f 1927/2538/109 2113/2539/109 1928/2540/413
f 1928/2540/413 2113/2539/109 2114/2541/413
f 1928/2540/413 2114/2541/413 1929/2542/414
f 1929/2542/414 2114/2541/413 2115/2543/414
f 1929/2542/414 2115/2543/414 1930/2544/27
f 1930/2544/27 2115/2543/414 2116/2545/27
f 1930/2546/27 2116/2547/27 1931/2548/415
f 1931/2548/415 2116/2547/27 2117/2549/415
f 1931/2548/415 2117/2549/415 1932/2550/416
f 1932/2550/416 2117/2549/415 2118/2551/416
f 1932/2550/416 2118/2551/416 1933/2552/183
f 1933/2552/183 2118/2551/416 2119/2553/183
f 1933/2552/183 2119/2553/183 1934/2554/417
f 1934/2554/417 2119/2553/183 2120/2555/417
f 1934/2554/417 2120/2555/417 1935/2556/418
f 1935/2556/418 2120/2555/417 2121/2557/418
f 1935/2556/418 2121/2557/418 1936/2558/206
f 1936/2558/206 2121/2557/418 2122/2559/206
f 1936/2558/206 2122/2559/206 1937/2560/419
f 1937/2560/419 2122/2559/206 2123/2561/419
f 1937/2560/419 2123/2561/419 1938/2562/420
f 1938/2562/420 2123/2561/419 2124/2563/420
f 1938/2562/420 2124/2563/420 1939/2564/195
f 1939/2564/195 2124/2563/420 2125/2565/195
f 1939/2564/195 2125/2565/195 1940/2566/421
f 1940/2566/421 2125/2565/195 2126/2567/421
f 1940/2566/421 2126/2567/421 1941/2518/406
f 1941/2518/406 2126/2567/421 2127/2519/406
f 2105/2568/139 2104/2569/139 2128/788/139
f 2128/788/139 2104/2569/139 2127/2570/139
f 2128/788/139 2127/2570/139 2151/2571/139
f 2151/2571/139 2127/2570/139 2126/2572/139
f 2151/2571/139 2126/2572/139 2150/2573/139
f 2150/2573/139 2126/2572/139 2125/2574/139
f 2150/2573/139 2125/2574/139 2149/2575/139
f 2149/2575/139 2125/2574/139 2124/2576/139
f 2149/2575/139 2124/2576/139 2148/2577/139
f 2148/2577/139 2124/2576/139 2123/2578/139
f 2148/2577/139 2123/2578/139 2147/2579/139
f 2147/2579/139 2123/2578/139 2122/2580/139
f 2147/2579/139 2122/2580/139 2146/2581/139
f 2146/2581/139 2122/2580/139 2145/2582/139
f 2145/2582/139 2122/2580/139 2121/2583/139
f 2145/2582/139 2121/2583/139 2144/2584/139
f 2144/2584/139 2121/2583/139 2120/2585/139
f 2144/2584/139 2120/2585/139 2143/2586/139
f 2143/2586/139 2120/2585/139 2119/2587/139
f 2143/2586/139 2119/2587/139 2142/2588/139
f 2142/2588/139 2119/2587/139 2118/2589/139
f 2142/2588/139 2118/2589/139 2141/2590/139
f 2141/2590/139 2118/2589/139 2117/2591/139
f 2141/2590/139 2117/2591/139 2140/2592/139
f 2140/2592/139 2117/2591/139 2116/2593/139
f 2140/2592/139 2116/2593/139 2115/2594/139
f 2140/2592/139 2115/2594/139 2139/2595/139
f 2139/2595/139 2115/2594/139 2114/2596/139
f 2139/2595/139 2114/2596/139 2138/2597/139
f 2138/2597/139 2114/2596/139 2113/2598/139
f 2138/2597/139 2113/2598/139 2137/2599/139
f 2137/2599/139 2113/2598/139 2112/2600/139
f 2137/2599/139 2112/2600/139 2136/2601/139
f 2136/2601/139 2112/2600/139 2111/2602/139
f 2136/2601/139 2111/2602/139 2135/2603/139
f 2135/2603/139 2111/2602/139 2134/2604/139
f 2134/2604/139 2111/2602/139 2110/2605/139
f 2134/2604/139 2110/2605/139 2133/2606/139
f 2133/2606/139 2110/2605/139 2109/2607/139
f 2133/2606/139 2109/2607/139 2132/2608/139
f 2132/2608/139 2109/2607/139 2108/2609/139
f 2132/2608/139 2108/2609/139 2131/2610/139
f 2131/2610/139 2108/2609/139 2107/2611/139
f 2131/2610/139 2107/2611/139 2130/2612/139
f 2130/2612/139 2107/2611/139 2106/2613/139
f 2130/2612/139 2106/2613/139 2129/2614/139
f 2129/2614/139 2106/2613/139 2105/2568/139
f 2129/2614/139 2105/2568/139 2128/788/139
f 2151/2615/406 2175/2616/406 2128/2617/74
f 2128/2617/74 2175/2616/406 2152/2618/74
f 2128/2617/74 2152/2618/74 2129/2619/407
f 2129/2619/407 2152/2618/74 2153/2620/407
f 2129/2619/407 2153/2620/407 2130/2621/408
f 2130/2621/408 2153/2620/407 2154/2622/408
f 2130/2621/408 2154/2622/408 2131/2623/97
f 2131/2623/97 2154/2622/408 2155/2624/97
f 2131/2623/97 2155/2624/97 2132/2625/409
f 2132/2625/409 2155/2624/97 2156/2626/409
f 2132/2625/409 2156/2626/409 2133/2627/410
f 2133/2627/410 2156/2626/409 2157/2628/410
f 2133/2627/410 2157/2628/410 2134/2629/122
f 2134/2629/122 2157/2628/410 2158/2630/122
f 2134/2629/122 2158/2630/122 2135/2631/411
f 2135/2631/411 2158/2630/122 2159/2632/411
f 2135/2631/411 2159/2632/411 2136/2633/412
f 2136/2633/412 2159/2632/411 2160/2634/412
f 2136/2633/412 2160/2634/412 2137/2635/109
f 2137/2635/109 2160/2634/412 2161/2636/109
f 2137/2635/109 2161/2636/109 2138/2637/413
f 2138/2637/413 2161/2636/109 2162/2638/413
f 2138/2637/413 2162/2638/413 2139/2639/414
f 2139/2639/414 2162/2638/413 2163/2640/414
f 2139/2639/414 2163/2640/414 2140/2641/27
f 2140/2641/27 2163/2640/414 2164/2642/27
f 2140/2643/27 2164/2644/27 2141/2645/415
f 2141/2645/415 2164/2644/27 2165/2646/415
f 2141/2645/415 2165/2646/415 2142/2647/416
f 2142/2647/416 2165/2646/415 2166/2648/416
f 2142/2647/416 2166/2648/416 2143/2649/183
f 2143/2649/183 2166/2648/416 2167/2650/183
f 2143/2649/183 2167/2650/183 2144/2651/417
f 2144/2651/417 2167/2650/183 2168/2652/417
f 2144/2651/417 2168/2652/417 2145/2653/418
f 2145/2653/418 2168/2652/417 2169/2654/418
f 2145/2653/418 2169/2654/418 2146/2655/206
f 2146/2655/206 2169/2654/418 2170/2656/206
f 2146/2655/206 2170/2656/206 2147/2657/419
f 2147/2657/419 2170/2656/206 2171/2658/419
f 2147/2657/419 2171/2658/419 2148/2659/420
f 2148/2659/420 2171/2658/419 2172/2660/420
f 2148/2659/420 2172/2660/420 2149/2661/195
f 2149/2661/195 2172/2660/420 2173/2662/195
f 2149/2661/195 2173/2662/195 2150/2663/421
f 2150/2663/421 2173/2662/195 2174/2664/421
f 2150/2663/421 2174/2664/421 2151/2615/406
f 2151/2615/406 2174/2664/421 2175/2616/406
f 2175/2665/406 2182/2666/694 2152/2667/74
f 2152/2667/74 2182/2666/694 2191/2668/135
f 2152/2667/74 2191/2668/135 2153/2669/407
f 2153/2669/407 2191/2668/135 2292/2670/695
f 2153/2669/407 2292/2670/695 2154/2671/408
f 2154/2671/408 2292/2670/695 2287/2672/696
f 2154/2671/408 2287/2672/696 2155/2673/97
f 2155/2673/97 2287/2672/696 2282/2674/697
f 2155/2673/97 2282/2674/697 2156/2675/409
f 2156/2675/409 2282/2674/697 2277/2676/698
f 2156/2675/409 2277/2676/698 2157/2677/410
f 2157/2677/410 2277/2676/698 2272/2678/699
f 2157/2677/410 2272/2678/699 2158/2679/122
f 2158/2679/122 2272/2678/699 2177/2680/700
f 2158/2681/122 2177/2682/700 2159/2683/411
f 2159/2683/411 2177/2682/700 2267/2684/701
f 2159/2683/411 2267/2684/701 2160/2685/412
f 2160/2685/412 2267/2684/701 2262/2686/702
f 2160/2685/412 2262/2686/702 2161/2687/109
f 2161/2687/109 2262/2686/702 2257/2688/703
f 2161/2687/109 2257/2688/703 2162/2689/413
f 2162/2689/413 2257/2688/703 2252/2690/704
f 2162/2689/413 2252/2690/704 2163/2691/414
f 2163/2691/414 2252/2690/704 2247/2692/705
f 2163/2691/414 2247/2692/705 2164/2693/27
f 2164/2693/27 2247/2692/705 2242/2694/124
f 2164/2693/27 2242/2694/124 2165/2695/415
f 2165/2695/415 2242/2694/124 2237/2696/706
f 2165/2695/415 2237/2696/706 2166/2697/416
f 2166/2697/416 2237/2696/706 2232/2698/707
f 2166/2697/416 2232/2698/707 2167/2699/183
f 2167/2699/183 2232/2698/707 2227/2700/708
f 2167/2699/183 2227/2700/708 2168/2701/417
f 2168/2701/417 2227/2700/708 2222/2702/709
f 2168/2701/417 2222/2702/709 2169/2703/418
f 2169/2703/418 2222/2702/709 2217/2704/710
f 2169/2703/418 2217/2704/710 2170/788/206
f 2170/788/206 2217/2704/710 2212/2705/711
f 2170/788/206 2212/2705/711 2171/2706/419
f 2171/2706/419 2212/2705/711 2207/2707/712
f 2171/2706/419 2207/2707/712 2172/2708/420
f 2172/2708/420 2207/2707/712 2202/2709/713
f 2172/2708/420 2202/2709/713 2173/2710/195
f 2173/2710/195 2202/2709/713 2197/2711/714
f 2173/2710/195 2197/2711/714 2174/2712/421
f 2174/2712/421 2197/2711/714 2192/2713/715
f 2174/2712/421 2192/2713/715 2175/2665/406
f 2175/2665/406 2192/2713/715 2182/2666/694
f 2181/2714/716 2176/2715/139 2271/2716/717
f 2271/2716/717 2176/2717/139 2266/2718/718
f 2266/2718/718 2176/2719/139 2261/2720/719
f 2261/2720/719 2176/2721/139 2256/2722/720
f 2256/2722/720 2176/2723/139 2251/2724/721
f 2251/2724/721 2176/2725/139 2246/2726/140
f 2246/2726/140 2176/2727/139 2241/2728/722
f 2241/2728/722 2176/2729/139 2236/2730/723
f 2231/2731/724 2176/2732/139 2226/2733/725
f 2226/2733/725 2176/2734/139 2221/2735/726
f 2221/2735/726 2176/2736/139 2216/2737/727
f 2216/2737/727 2176/2738/139 2211/2739/728
f 2211/2739/728 2176/2740/139 2206/2741/729
f 2206/2741/729 2176/2742/139 2201/2743/730
f 2201/2743/730 2176/2744/139 2196/2745/731
f 2186/2746/732 2176/2747/139 2187/2748/138
f 2187/2748/138 2176/2749/139 2296/2750/733
f 2296/2750/733 2176/2751/139 2291/2752/734
f 2291/2752/734 2176/2753/139 2286/2754/735
f 2286/2754/735 2176/2755/139 2281/2756/736
f 2281/2756/736 2176/2757/139 2276/2758/737
f 2276/2758/737 2176/2759/139 2181/2760/716
f 2177/2682/700 2178/2761/738 2267/2684/701
f 2267/2684/701 2178/2761/738 2268/2762/739
f 2267/2684/701 2268/2762/739 2262/2686/702
f 2262/2686/702 2268/2762/739 2263/2763/740
f 2262/2686/702 2263/2763/740 2257/2688/703
f 2257/2688/703 2263/2763/740 2258/2764/741
f 2257/2688/703 2258/2764/741 2252/2690/704
f 2252/2690/704 2258/2764/741 2253/2765/742
f 2252/2690/704 2253/2765/742 2247/2692/705
f 2247/2692/705 2253/2765/742 2248/2766/743
f 2247/2692/705 2248/2766/743 2242/2694/124
f 2242/2694/124 2248/2766/743 2243/2767/143
f 2242/2694/124 2243/2767/143 2237/2696/706
f 2237/2696/706 2243/2767/143 2238/2768/744
f 2237/2696/706 2238/2768/744 2232/2698/707
f 2232/2698/707 2238/2768/744 2233/2769/745
f 2232/2698/707 2233/2769/745 2227/2700/708
f 2227/2700/708 2233/2769/745 2228/2770/746
f 2227/2700/708 2228/2770/746 2222/2702/709
f 2222/2702/709 2228/2770/746 2223/2771/747
f 2222/2702/709 2223/2771/747 2217/2704/710
f 2217/2704/710 2223/2771/747 2218/2772/748
f 2217/2704/710 2218/2772/748 2212/2705/711
f 2212/2705/711 2218/2772/748 2213/2773/749
f 2212/2705/711 2213/2773/749 2207/2707/712
f 2207/2707/712 2213/2773/749 2208/2774/750
f 2207/2707/712 2208/2774/750 2202/2709/713
f 2202/2709/713 2208/2774/750 2203/2775/751
f 2202/2709/713 2203/2775/751 2197/2711/714
f 2197/2711/714 2203/2775/751 2198/2776/752
f 2197/2711/714 2198/2776/752 2192/2713/715
f 2192/2713/715 2198/2776/752 2193/2777/753
f 2192/2713/715 2193/2777/753 2182/2666/694
f 2182/2666/694 2193/2777/753 2183/2778/754
f 2182/2666/694 2183/2778/754 2191/2668/135
f 2191/2668/135 2183/2778/754 2190/2779/136
f 2191/2668/135 2190/2779/136 2292/2670/695
f 2292/2670/695 2190/2779/136 2293/2780/755
f 2292/2670/695 2293/2780/755 2287/2672/696
f 2287/2672/696 2293/2780/755 2288/2781/756
f 2287/2672/696 2288/2781/756 2282/2674/697
f 2282/2674/697 2288/2781/756 2283/2782/757
f 2282/2674/697 2283/2782/757 2277/2676/698
f 2277/2676/698 2283/2782/757 2278/2783/758
f 2277/2676/698 2278/2783/758 2272/2678/699
f 2272/2678/699 2278/2783/758 2273/2784/759
f 2272/2678/699 2273/2784/759 2177/2680/700
f 2177/2680/700 2273/2784/759 2178/2785/738
f 2178/2761/738 2179/2786/103 2268/2762/739
f 2268/2762/739 2179/2786/103 2269/2787/760
f 2268/2762/739 2269/2787/760 2263/2763/740
f 2263/2763/740 2269/2787/760 2264/2788/761
f 2263/2763/740 2264/2788/761 2258/2764/741
f 2258/2764/741 2264/2788/761 2259/2789/762
f 2258/2764/741 2259/2789/762 2253/2765/742
f 2253/2765/742 2259/2789/762 2254/2790/763
f 2253/2765/742 2254/2790/763 2248/2766/743
f 2248/2766/743 2254/2790/763 2249/2791/764
f 2248/2766/743 2249/2791/764 2243/2767/143
f 2243/2767/143 2249/2791/764 2244/2792/142
f 2243/2767/143 2244/2792/142 2238/2768/744
f 2238/2768/744 2244/2792/142 2239/2793/765
f 2238/2768/744 2239/2793/765 2233/2769/745
f 2233/2769/745 2239/2793/765 2234/2794/766
f 2233/2769/745 2234/2794/766 2228/2770/746
f 2228/2770/746 2234/2794/766 2229/2795/767
f 2228/2770/746 2229/2795/767 2223/2771/747
f 2223/2771/747 2229/2795/767 2224/2796/768
f 2223/2771/747 2224/2796/768 2218/2772/748
f 2218/2772/748 2224/2796/768 2219/2797/769
f 2218/2772/748 2219/2797/769 2213/2773/749
f 2213/2773/749 2219/2797/769 2214/2798/189
f 2213/2773/749 2214/2798/189 2208/2774/750
f 2208/2774/750 2214/2798/189 2209/2799/770
f 2208/2774/750 2209/2799/770 2203/2775/751
f 2203/2775/751 2209/2799/770 2204/2800/771
f 2203/2775/751 2204/2800/771 2198/2776/752
f 2198/2776/752 2204/2800/771 2199/2801/772
f 2198/2776/752 2199/2801/772 2193/2777/753
f 2193/2777/753 2199/2801/772 2194/2802/773
f 2193/2777/753 2194/2802/773 2183/2778/754
f 2183/2778/754 2194/2802/773 2184/2803/774
f 2183/2778/754 2184/2803/774 2190/2779/136
f 2190/2779/136 2184/2803/774 2189/2804/137
f 2190/2779/136 2189/2804/137 2293/2780/755
f 2293/2780/755 2189/2804/137 2294/2805/775
f 2293/2780/755 2294/2805/775 2288/2781/756
f 2288/2781/756 2294/2805/775 2289/2806/776
f 2288/2781/756 2289/2806/776 2283/2782/757
f 2283/2782/757 2289/2806/776 2284/2807/777
f 2283/2782/757 2284/2807/777 2278/2783/758
f 2278/2783/758 2284/2807/777 2279/2808/778
f 2278/2783/758 2279/2808/778 2273/2784/759
f 2273/2784/759 2279/2808/778 2274/2809/779
f 2273/2784/759 2274/2809/779 2178/2785/738
f 2178/2785/738 2274/2809/779 2179/2810/103
f 2179/2786/103 2180/2811/780 2269/2787/760
f 2269/2787/760 2180/2811/780 2270/2812/781
f 2269/2787/760 2270/2812/781 2264/2788/761
f 2264/2788/761 2270/2812/781 2265/2813/782
f 2264/2788/761 2265/2813/782 2259/2789/762
f 2259/2789/762 2265/2813/782 2260/2814/783
f 2259/2789/762 2260/2814/783 2254/2790/763
f 2254/2790/763 2260/2814/783 2255/2815/784
f 2254/2790/763 2255/2815/784 2249/2791/764
f 2249/2791/764 2255/2815/784 2250/2816/785
f 2249/2791/764 2250/2816/785 2244/2792/142
f 2244/2792/142 2250/2816/785 2245/2817/141
f 2244/2792/142 2245/2817/141 2239/2793/765
f 2239/2793/765 2245/2817/141 2240/2818/786
f 2239/2793/765 2240/2818/786 2234/2794/766
f 2234/2794/766 2240/2818/786 2235/2819/787
f 2234/2794/766 2235/2819/787 2229/2795/767
f 2229/2795/767 2235/2819/787 2230/2820/788
f 2229/2795/767 2230/2820/788 2224/2796/768
f 2224/2796/768 2230/2820/788 2225/2821/789
f 2224/2796/768 2225/2821/789 2219/2797/769
f 2219/2797/769 2225/2821/789 2220/2822/790
f 2219/2797/769 2220/2822/790 2214/2798/189
f 2214/2798/189 2220/2822/790 2215/2823/791
f 2214/2798/189 2215/2823/791 2209/2799/770
f 2209/2799/770 2215/2823/791 2210/2824/792
f 2209/2799/770 2210/2824/792 2204/2800/771
f 2204/2800/771 2210/2824/792 2205/2825/793
f 2204/2800/771 2205/2825/793 2199/2801/772
f 2199/2801/772 2205/2825/793 2200/2826/794
f 2199/2801/772 2200/2826/794 2194/2802/773
f 2194/2802/773 2200/2826/794 2195/2827/795
f 2194/2802/773 2195/2827/795 2184/2803/774
f 2184/2803/774 2195/2827/795 2185/2828/796
f 2184/2803/774 2185/2828/796 2189/2804/137
f 2189/2804/137 2185/2828/796 2188/2829/63
f 2189/2804/137 2188/2829/63 2294/2805/775
f 2294/2805/775 2188/2829/63 2295/2830/797
f 2294/2805/775 2295/2830/797 2289/2806/776
f 2289/2806/776 2295/2830/797 2290/2831/798
f 2289/2806/776 2290/2831/798 2284/2807/777
f 2284/2807/777 2290/2831/798 2285/2832/799
f 2284/2807/777 2285/2832/799 2279/2808/778
f 2279/2808/778 2285/2832/799 2280/2833/800
f 2279/2808/778 2280/2833/800 2274/2809/779
f 2274/2809/779 2280/2833/800 2275/2834/801
f 2274/2809/779 2275/2834/801 2179/2810/103
f 2179/2810/103 2275/2834/801 2180/2835/780
f 2180/2811/780 2181/2714/716 2270/2812/781
f 2270/2812/781 2181/2714/716 2271/2716/717
f 2270/2812/781 2271/2716/717 2265/2813/782
f 2265/2813/782 2271/2716/717 2266/2718/718
f 2265/2813/782 2266/2718/718 2260/2814/783
f 2260/2814/783 2266/2718/718 2261/2720/719
f 2260/2814/783 2261/2720/719 2255/2815/784
f 2255/2815/784 2261/2720/719 2256/2722/720
f 2255/2815/784 2256/2722/720 2250/2816/785
f 2250/2816/785 2256/2722/720 2251/2724/721
f 2250/2816/785 2251/2724/721 2245/2817/141
f 2245/2817/141 2251/2724/721 2246/2726/140
f 2245/2817/141 2246/2726/140 2240/2818/786
f 2240/2818/786 2246/2726/140 2241/2728/722
f 2240/2818/786 2241/2728/722 2235/2819/787
f 2235/2819/787 2241/2728/722 2236/2730/723
f 2235/2819/787 2236/2730/723 2230/2820/788
f 2230/2820/788 2236/2730/723 2231/2731/724
f 2230/2820/788 2231/2731/724 2225/2821/789
f 2225/2821/789 2231/2731/724 2226/2733/725
f 2225/2821/789 2226/2733/725 2220/2822/790
f 2220/2822/790 2226/2733/725 2221/2735/726
f 2220/2822/790 2221/2735/726 2215/2823/791
f 2215/2823/791 2221/2735/726 2216/2737/727
f 2215/2823/791 2216/2737/727 2210/2824/792
f 2210/2824/792 2216/2737/727 2211/2739/728
f 2210/2824/792 2211/2739/728 2205/2825/793
f 2205/2825/793 2211/2739/728 2206/2741/729
f 2205/2825/793 2206/2741/729 2200/2826/794
f 2200/2826/794 2206/2741/729 2201/2743/730
f 2200/2826/794 2201/2743/730 2195/2827/795
f 2195/2827/795 2201/2743/730 2196/2745/731
f 2195/2827/795 2196/2745/731 2185/2828/796
f 2185/2828/796 2196/2745/731 2186/2746/732
f 2185/2828/796 2186/2746/732 2188/2829/63
f 2188/2829/63 2186/2746/732 2187/2748/138
f 2188/2829/63 2187/2748/138 2295/2830/797
f 2295/2830/797 2187/2748/138 2296/2750/733
f 2295/2830/797 2296/2750/733 2290/2831/798
f 2290/2831/798 2296/2750/733 2291/2752/734
f 2290/2831/798 2291/2752/734 2285/2832/799
f 2285/2832/799 2291/2752/734 2286/2754/735
f 2285/2832/799 2286/2754/735 2280/2833/800
f 2280/2833/800 2286/2754/735 2281/2756/736
f 2280/2833/800 2281/2756/736 2275/2834/801
f 2275/2834/801 2281/2756/736 2276/2758/737
f 2275/2834/801 2276/2758/737 2180/2835/780
f 2180/2835/780 2276/2758/737 2181/2760/716
f 2236/2730/723 2176/2836/139 2231/2731/724
f 2196/2745/731 2176/2837/139 2186/2746/732
usemtl Stainless_Steel_-_Satin.004
f 1608/788/74 1609/1874/74 1611/1875/74
f 1611/1875/74 1609/1874/74 1610/1876/74
f 1612/788/122 1608/1877/122 1613/1875/122
f 1613/1875/122 1608/1877/122 1611/1878/122
f 1614/788/27 1612/1874/27 1615/1875/27
f 1615/1875/27 1612/1874/27 1613/1876/27
f 1616/788/183 1614/1879/183 1617/1875/183
f 1617/1875/183 1614/1879/183 1615/1880/183
f 1618/788/109 1616/1879/109 1619/1875/109
f 1619/1875/109 1616/1879/109 1617/1880/109
f 1620/788/27 1618/1881/27 1621/1875/27
f 1621/1875/27 1618/1881/27 1619/1882/27
f 1622/788/206 1620/1877/206 1623/1875/206
f 1623/1875/206 1620/1877/206 1621/1878/206
f 1624/788/74 1622/1881/74 1625/1875/74
f 1625/1875/74 1622/1881/74 1623/1882/74
f 1626/788/97 1624/1879/97 1627/1875/97
f 1627/1875/97 1624/1879/97 1625/1880/97
f 1609/788/195 1626/1879/195 1610/1875/195
f 1610/1875/195 1626/1879/195 1627/1880/195
f 1609/1883/130 1616/1884/130 1626/1885/130
f 1626/1885/130 1616/1884/130 1620/1886/130
f 1626/1885/130 1620/1886/130 1622/1887/130
f 1608/1888/130 1612/1889/130 1609/1883/130
f 1609/1883/130 1612/1889/130 1614/1890/130
f 1609/1883/130 1614/1890/130 1616/1884/130
f 1616/1884/130 1618/1891/130 1620/1886/130
f 1622/1887/130 1624/1892/130 1626/1885/130
f 1627/1893/139 1617/1894/139 1610/1895/139
f 1610/1895/139 1617/1894/139 1615/1896/139
f 1610/1895/139 1615/1896/139 1613/1886/139
f 1625/1897/139 1623/1888/139 1627/1893/139
f 1627/1893/139 1623/1888/139 1621/1889/139
f 1627/1893/139 1621/1889/139 1617/1894/139
f 1617/1894/139 1621/1889/139 1619/1898/139
f 1613/1886/139 1611/1887/139 1610/1895/139
f 1629/1899/139 1630/1900/139 1628/1901/139
f 1628/1901/139 1630/1900/139 1635/1902/139
f 1635/1902/139 1630/1900/139 1631/1903/139
f 1635/1902/139 1631/1903/139 1634/1904/139
f 1634/1904/139 1631/1903/139 1633/1905/139
f 1633/1905/139 1631/1903/139 1632/1906/139
f 1636/1907/74 1637/1908/74 1629/1909/74
f 1629/1909/74 1637/1908/74 1630/1910/74
f 1637/1911/122 1638/1908/122 1630/1912/122
f 1630/1912/122 1638/1908/122 1631/1910/122
f 1638/1907/27 1639/1908/27 1631/1909/27
f 1631/1909/27 1639/1908/27 1632/1910/27
f 1639/1913/122 1640/1908/122 1632/1914/122
f 1632/1914/122 1640/1908/122 1633/1910/122
f 1640/1915/74 1641/1908/74 1633/1916/74
f 1633/1916/74 1641/1908/74 1634/1910/74
f 1641/1917/206 1642/1908/206 1634/1918/206
f 1634/1918/206 1642/1908/206 1635/1910/206
f 1642/1915/27 1643/1908/27 1635/1916/27
f 1635/1916/27 1643/1908/27 1628/1910/27
f 1643/1913/122 1636/1908/122 1628/1914/122
f 1628/1914/122 1636/1908/122 1629/1910/122
f 1636/1919/130 1643/1902/130 1637/1920/130
f 1637/1920/130 1643/1902/130 1642/1901/130
f 1637/1920/130 1642/1901/130 1638/1921/130
f 1638/1921/130 1642/1901/130 1641/1905/130
f 1638/1921/130 1641/1905/130 1640/1904/130
f 1640/1904/130 1639/1922/130 1638/1921/130
usemtl Paint_-_Enamel_Glossy_(Green).002
f 1644/788/74 1645/1923/74 1647/1924/74
f 1647/1924/74 1645/1923/74 1646/1925/74
f 1648/788/122 1644/1877/122 1649/1924/122
f 1649/1924/122 1644/1877/122 1647/1926/122
f 1650/788/27 1648/1923/27 1651/1924/27
f 1651/1924/27 1648/1923/27 1649/1925/27
f 1652/788/122 1650/1927/122 1653/1924/122
f 1653/1924/122 1650/1927/122 1651/1928/122
f 1654/788/74 1652/1929/74 1655/1924/74
f 1655/1924/74 1652/1929/74 1653/1930/74
f 1656/788/206 1654/1931/206 1657/1924/206
f 1657/1924/206 1654/1931/206 1655/1932/206
f 1658/788/27 1656/1929/27 1659/1924/27
f 1659/1924/27 1656/1929/27 1657/1930/27
f 1645/788/122 1658/1927/122 1646/1924/122
f 1646/1924/122 1658/1927/122 1659/1928/122
f 1646/1919/130 1659/1902/130 1647/1920/130
f 1647/1920/130 1659/1902/130 1657/1901/130
f 1647/1920/130 1657/1901/130 1649/1921/130
f 1649/1921/130 1657/1901/130 1655/1905/130
f 1649/1921/130 1655/1905/130 1653/1904/130
f 1653/1904/130 1651/1922/130 1649/1921/130
f 1645/1899/139 1644/1900/139 1658/1901/139
f 1658/1901/139 1644/1900/139 1656/1902/139
f 1656/1902/139 1644/1900/139 1648/1903/139
f 1656/1902/139 1648/1903/139 1654/1904/139
f 1654/1904/139 1648/1903/139 1652/1905/139
f 1652/1905/139 1648/1903/139 1650/1906/139
f 1676/1938/74 1677/788/74 1679/1939/74
f 1679/1939/74 1677/788/74 1678/1924/74
f 1677/1940/122 1680/788/122 1678/1941/122
f 1678/1941/122 1680/788/122 1681/1924/122
f 1680/1938/27 1682/788/27 1681/1939/27
f 1681/1939/27 1682/788/27 1683/1924/27
f 1682/1942/122 1684/788/122 1683/1943/122
f 1683/1943/122 1684/788/122 1685/1924/122
f 1684/1944/74 1686/788/74 1685/1945/74
f 1685/1945/74 1686/788/74 1687/1924/74
f 1686/1946/206 1688/788/206 1687/1947/206
f 1687/1947/206 1688/788/206 1689/1924/206
f 1688/1944/27 1690/788/27 1689/1945/27
f 1689/1945/27 1690/788/27 1691/1924/27
f 1690/1942/122 1676/788/122 1691/1943/122
f 1691/1943/122 1676/788/122 1679/1924/122
f 1679/1899/139 1678/1900/139 1691/1901/139
f 1691/1901/139 1678/1900/139 1689/1902/139
f 1689/1902/139 1678/1900/139 1681/1903/139
f 1689/1902/139 1681/1903/139 1687/1904/139
f 1687/1904/139 1681/1903/139 1685/1905/139
f 1685/1905/139 1681/1903/139 1683/1906/139
f 1676/1919/130 1690/1902/130 1677/1920/130
f 1677/1920/130 1690/1902/130 1688/1901/130
f 1677/1920/130 1688/1901/130 1680/1921/130
f 1680/1921/130 1688/1901/130 1686/1905/130
f 1680/1921/130 1686/1905/130 1684/1904/130
f 1684/1904/130 1682/1922/130 1680/1921/130
usemtl Paint_-_Enamel_Glossy_(Red).002
f 1660/788/74 1661/1923/74 1663/1103/74
f 1663/1103/74 1661/1923/74 1662/1933/74
f 1664/788/122 1660/1877/122 1665/1103/122
f 1665/1103/122 1660/1877/122 1663/1934/122
f 1666/788/27 1664/1923/27 1667/1103/27
f 1667/1103/27 1664/1923/27 1665/1933/27
f 1668/788/122 1666/1927/122 1669/1103/122
f 1669/1103/122 1666/1927/122 1667/1935/122
f 1670/788/74 1668/1929/74 1671/1103/74
f 1671/1103/74 1668/1929/74 1669/1936/74
f 1672/788/206 1670/1931/206 1673/1103/206
f 1673/1103/206 1670/1931/206 1671/1937/206
f 1674/788/27 1672/1929/27 1675/1103/27
f 1675/1103/27 1672/1929/27 1673/1936/27
f 1661/788/122 1674/1927/122 1662/1103/122
f 1662/1103/122 1674/1927/122 1675/1935/122
f 1662/1919/130 1675/1902/130 1663/1920/130
f 1663/1920/130 1675/1902/130 1673/1901/130
f 1663/1920/130 1673/1901/130 1665/1921/130
f 1665/1921/130 1673/1901/130 1671/1905/130
f 1665/1921/130 1671/1905/130 1669/1904/130
f 1669/1904/130 1667/1922/130 1665/1921/130
f 1661/1899/139 1660/1900/139 1674/1901/139
f 1674/1901/139 1660/1900/139 1672/1902/139
f 1672/1902/139 1660/1900/139 1664/1903/139
f 1672/1902/139 1664/1903/139 1670/1904/139
f 1670/1904/139 1664/1903/139 1668/1905/139
f 1668/1905/139 1664/1903/139 1666/1906/139
f 1692/1938/74 1693/788/74 1695/1948/74
f 1695/1948/74 1693/788/74 1694/1103/74
f 1693/1940/122 1696/788/122 1694/1949/122
f 1694/1949/122 1696/788/122 1697/1103/122
f 1696/1938/27 1698/788/27 1697/1948/27
f 1697/1948/27 1698/788/27 1699/1103/27
f 1698/1942/122 1700/788/122 1699/1950/122
f 1699/1950/122 1700/788/122 1701/1103/122
f 1700/1944/74 1702/788/74 1701/1951/74
f 1701/1951/74 1702/788/74 1703/1103/74
f 1702/1946/206 1704/788/206 1703/1952/206
f 1703/1952/206 1704/788/206 1705/1103/206
f 1704/1944/27 1706/788/27 1705/1951/27
f 1705/1951/27 1706/788/27 1707/1103/27
f 1706/1942/122 1692/788/122 1707/1950/122
f 1707/1950/122 1692/788/122 1695/1103/122
f 1695/1899/139 1694/1900/139 1707/1901/139
f 1707/1901/139 1694/1900/139 1705/1902/139
f 1705/1902/139 1694/1900/139 1697/1903/139
f 1705/1902/139 1697/1903/139 1703/1904/139
f 1703/1904/139 1697/1903/139 1701/1905/139
f 1701/1905/139 1697/1903/139 1699/1906/139
f 1692/1919/130 1706/1902/130 1693/1920/130
f 1693/1920/130 1706/1902/130 1704/1901/130
f 1693/1920/130 1704/1901/130 1696/1921/130
f 1696/1921/130 1704/1901/130 1702/1905/130
f 1696/1921/130 1702/1905/130 1700/1904/130
f 1700/1904/130 1698/1922/130 1696/1921/130
usemtl ABS_(White).012
f 1708/788/130 1709/1953/130 1731/1954/130
f 1731/1954/130 1709/1953/130 1730/1955/130
f 1730/1955/130 1709/1953/130 1710/1956/130
f 1730/1955/130 1710/1956/130 1729/1957/130
f 1729/1957/130 1710/1956/130 1711/1958/130
f 1729/1957/130 1711/1958/130 1728/1959/130
f 1728/1959/130 1711/1958/130 1712/1960/130
f 1728/1959/130 1712/1960/130 1727/1961/130
f 1727/1961/130 1712/1960/130 1713/1962/130
f 1727/1961/130 1713/1962/130 1726/1963/130
f 1726/1963/130 1713/1962/130 1714/1964/130
f 1726/1963/130 1714/1964/130 1725/1965/130
f 1725/1965/130 1714/1964/130 1715/1966/130
f 1725/1965/130 1715/1966/130 1724/1967/130
f 1724/1967/130 1715/1966/130 1716/1968/130
f 1724/1967/130 1716/1968/130 1723/1969/130
f 1723/1969/130 1716/1968/130 1717/1970/130
f 1723/1969/130 1717/1970/130 1722/1971/130
f 1722/1971/130 1717/1970/130 1718/1972/130
f 1722/1971/130 1718/1972/130 1721/1973/130
f 1721/1973/130 1718/1972/130 1719/1974/130
f 1721/1973/130 1719/1974/130 1720/1661/130
f 1731/1975/406 1758/1976/406 1708/1977/74
f 1708/1977/74 1758/1976/406 1761/1978/74
f 1708/1977/74 1761/1978/74 1709/1979/407
f 1709/1979/407 1761/1978/74 1802/1980/407
f 1709/1979/407 1802/1980/407 1710/1981/408
f 1710/1981/408 1802/1980/407 1800/1982/408
f 1710/1981/408 1800/1982/408 1711/1983/97
f 1711/1983/97 1800/1982/408 1798/1984/97
f 1711/1983/97 1798/1984/97 1712/1985/409
f 1712/1985/409 1798/1984/97 1796/1986/409
f 1712/1985/409 1796/1986/409 1713/1987/410
f 1713/1987/410 1796/1986/409 1794/1988/410
f 1713/1987/410 1794/1988/410 1714/1989/122
f 1714/1989/122 1794/1988/410 1792/1990/122
f 1714/1989/122 1792/1990/122 1715/1991/411
f 1715/1991/411 1792/1990/122 1790/1992/411
f 1715/1991/411 1790/1992/411 1716/1993/412
f 1716/1993/412 1790/1992/411 1788/1994/412
f 1716/1993/412 1788/1994/412 1717/1995/109
f 1717/1995/109 1788/1994/412 1786/1996/109
f 1717/1995/109 1786/1996/109 1718/1997/413
f 1718/1997/413 1786/1996/109 1784/1998/413
f 1718/1997/413 1784/1998/413 1719/1999/414
f 1719/1999/414 1784/1998/413 1782/2000/414
f 1719/1999/414 1782/2000/414 1720/2001/27
f 1720/2001/27 1782/2000/414 1756/2002/27
f 1720/2003/27 1756/2004/27 1721/2005/415
f 1721/2005/415 1756/2004/27 1780/2006/415
f 1721/2005/415 1780/2006/415 1722/2007/416
f 1722/2007/416 1780/2006/415 1778/2008/416
f 1722/2007/416 1778/2008/416 1723/2009/183
f 1723/2009/183 1778/2008/416 1776/2010/183
f 1723/2009/183 1776/2010/183 1724/2011/417
f 1724/2011/417 1776/2010/183 1774/2012/417
f 1724/2011/417 1774/2012/417 1725/2013/418
f 1725/2013/418 1774/2012/417 1772/2014/418
f 1725/2013/418 1772/2014/418 1726/2015/206
f 1726/2015/206 1772/2014/418 1770/2016/206
f 1726/2015/206 1770/2016/206 1727/2017/419
f 1727/2017/419 1770/2016/206 1768/2018/419
f 1727/2017/419 1768/2018/419 1728/2019/420
f 1728/2019/420 1768/2018/419 1766/2020/420
f 1728/2019/420 1766/2020/420 1729/2021/195
f 1729/2021/195 1766/2020/420 1764/2022/195
f 1729/2021/195 1764/2022/195 1730/2023/421
f 1730/2023/421 1764/2022/195 1762/2024/421
f 1730/2023/421 1762/2024/421 1731/1975/406
f 1731/1975/406 1762/2024/421 1758/1976/406
f 1733/2025/415 1781/2026/415 1732/2027/27
f 1732/2027/27 1781/2026/415 1757/2028/27
f 1732/2029/27 1757/2030/27 1755/2031/414
f 1755/2031/414 1757/2030/27 1783/2032/414
f 1755/2031/414 1783/2032/414 1754/2033/413
f 1754/2033/413 1783/2032/414 1785/2034/413
f 1754/2033/413 1785/2034/413 1753/2035/109
f 1753/2035/109 1785/2034/413 1787/2036/109
f 1753/2035/109 1787/2036/109 1752/2037/412
f 1752/2037/412 1787/2036/109 1789/2038/412
f 1752/2037/412 1789/2038/412 1751/2039/411
f 1751/2039/411 1789/2038/412 1791/2040/411
f 1751/2039/411 1791/2040/411 1750/2041/122
f 1750/2041/122 1791/2040/411 1793/2042/122
f 1750/2041/122 1793/2042/122 1749/2043/410
f 1749/2043/410 1793/2042/122 1795/2044/410
f 1749/2043/410 1795/2044/410 1748/2045/409
f 1748/2045/409 1795/2044/410 1797/2046/409
f 1748/2045/409 1797/2046/409 1747/2047/97
f 1747/2047/97 1797/2046/409 1799/2048/97
f 1747/2047/97 1799/2048/97 1746/2049/408
f 1746/2049/408 1799/2048/97 1801/2050/408
f 1746/2049/408 1801/2050/408 1745/2051/407
f 1745/2051/407 1801/2050/408 1803/2052/407
f 1745/2051/407 1803/2052/407 1744/2053/74
f 1744/2053/74 1803/2052/407 1760/2054/74
f 1744/2053/74 1760/2054/74 1743/2055/406
f 1743/2055/406 1760/2054/74 1759/2056/406
f 1743/2055/406 1759/2056/406 1742/2057/421
f 1742/2057/421 1759/2056/406 1763/2058/421
f 1742/2057/421 1763/2058/421 1741/2059/195
f 1741/2059/195 1763/2058/421 1765/2060/195
f 1741/2059/195 1765/2060/195 1740/2061/420
f 1740/2061/420 1765/2060/195 1767/2062/420
f 1740/2061/420 1767/2062/420 1739/2063/419
f 1739/2063/419 1767/2062/420 1769/2064/419
f 1739/2063/419 1769/2064/419 1738/2065/206
f 1738/2065/206 1769/2064/419 1771/2066/206
f 1738/2065/206 1771/2066/206 1737/2067/418
f 1737/2067/418 1771/2066/206 1773/2068/418
f 1737/2067/418 1773/2068/418 1736/2069/417
f 1736/2069/417 1773/2068/418 1775/2070/417
f 1736/2069/417 1775/2070/417 1735/2071/183
f 1735/2071/183 1775/2070/417 1777/2072/183
f 1735/2071/183 1777/2072/183 1734/2073/416
f 1734/2073/416 1777/2072/183 1779/2074/416
f 1734/2073/416 1779/2074/416 1733/2025/415
f 1733/2025/415 1779/2074/416 1781/2026/415
f 1756/2004/27 1757/2028/27 1780/2006/415
f 1780/2006/415 1757/2028/27 1781/2026/415
f 1780/2006/415 1781/2026/415 1778/2008/416
f 1778/2008/416 1781/2026/415 1779/2074/416
f 1778/2008/416 1779/2074/416 1776/2010/183
f 1776/2010/183 1779/2074/416 1777/2072/183
f 1776/2010/183 1777/2072/183 1774/2012/417
f 1774/2012/417 1777/2072/183 1775/2070/417
f 1774/2012/417 1775/2070/417 1772/2014/418
f 1772/2014/418 1775/2070/417 1773/2068/418
f 1772/2014/418 1773/2068/418 1770/2016/206
f 1770/2016/206 1773/2068/418 1771/2066/206
f 1770/2016/206 1771/2066/206 1768/2018/419
f 1768/2018/419 1771/2066/206 1769/2064/419
f 1768/2018/419 1769/2064/419 1766/2020/420
f 1766/2020/420 1769/2064/419 1767/2062/420
f 1766/2020/420 1767/2062/420 1764/2022/195
f 1764/2022/195 1767/2062/420 1765/2060/195
f 1764/2022/195 1765/2060/195 1762/2024/421
f 1762/2024/421 1765/2060/195 1763/2058/421
f 1762/2024/421 1763/2058/421 1758/1976/406
f 1758/1976/406 1763/2058/421 1759/2056/406
f 1758/1976/406 1759/2056/406 1761/1978/74
f 1761/1978/74 1759/2056/406 1760/2054/74
f 1761/1978/74 1760/2054/74 1802/1980/407
f 1802/1980/407 1760/2054/74 1803/2052/407
f 1802/1980/407 1803/2052/407 1800/1982/408
f 1800/1982/408 1803/2052/407 1801/2050/408
f 1800/1982/408 1801/2050/408 1798/1984/97
f 1798/1984/97 1801/2050/408 1799/2048/97
f 1798/1984/97 1799/2048/97 1796/1986/409
f 1796/1986/409 1799/2048/97 1797/2046/409
f 1796/1986/409 1797/2046/409 1794/1988/410
f 1794/1988/410 1797/2046/409 1795/2044/410
f 1794/1988/410 1795/2044/410 1792/1990/122
f 1792/1990/122 1795/2044/410 1793/2042/122
f 1792/1990/122 1793/2042/122 1790/1992/411
f 1790/1992/411 1793/2042/122 1791/2040/411
f 1790/1992/411 1791/2040/411 1788/1994/412
f 1788/1994/412 1791/2040/411 1789/2038/412
f 1788/1994/412 1789/2038/412 1786/1996/109
f 1786/1996/109 1789/2038/412 1787/2036/109
f 1786/1996/109 1787/2036/109 1784/1998/413
f 1784/1998/413 1787/2036/109 1785/2034/413
f 1784/1998/413 1785/2034/413 1782/2000/414
f 1782/2000/414 1785/2034/413 1783/2032/414
f 1782/2000/414 1783/2032/414 1756/2002/27
f 1756/2002/27 1783/2032/414 1757/2030/27
f 1732/2075/139 1755/2076/139 1733/2077/139
f 1733/2077/139 1755/2076/139 1734/2078/139
f 1734/2078/139 1755/2076/139 1754/2079/139
f 1734/2078/139 1754/2079/139 1735/2080/139
f 1735/2080/139 1754/2079/139 1753/2081/139
f 1735/2080/139 1753/2081/139 1736/1960/139
f 1736/1960/139 1753/2081/139 1752/1959/139
f 1736/1960/139 1752/1959/139 1737/2082/139
f 1737/2082/139 1752/1959/139 1751/2083/139
f 1737/2082/139 1751/2083/139 1738/2084/139
f 1738/2084/139 1751/2083/139 1750/2085/139
f 1738/2084/139 1750/2085/139 1739/2086/139
f 1739/2086/139 1750/2085/139 1749/2087/139
f 1739/2086/139 1749/2087/139 1740/2088/139
f 1740/2088/139 1749/2087/139 1748/2089/139
f 1740/2088/139 1748/2089/139 1741/2090/139
f 1741/2090/139 1748/2089/139 1747/2091/139
f 1741/2090/139 1747/2091/139 1742/2092/139
f 1742/2092/139 1747/2091/139 1746/2093/139
f 1742/2092/139 1746/2093/139 1743/2094/139
f 1743/2094/139 1746/2093/139 1745/2095/139
f 1743/2094/139 1745/2095/139 1744/2096/139
