# Blender 5.1.1
# www.blender.org
mtllib SpringDown.mtl
o SpringDown
v 0.000000 0.123000 -0.002000
v -0.000518 0.123000 -0.001932
v -0.001000 0.123000 -0.001732
v -0.001414 0.123000 -0.001414
v -0.001732 0.123000 -0.001000
v -0.001932 0.123000 -0.000518
v -0.002000 0.123000 0.000000
v -0.001932 0.123000 0.000518
v -0.001732 0.123000 0.001000
v -0.001414 0.123000 0.001414
v -0.001000 0.123000 0.001732
v -0.000518 0.123000 0.001932
v 0.000000 0.123000 0.002000
v 0.000518 0.123000 0.001932
v 0.001000 0.123000 0.001732
v 0.001414 0.123000 0.001414
v 0.001732 0.123000 0.001000
v 0.001932 0.123000 0.000518
v 0.002000 0.123000 0.000000
v 0.001932 0.123000 -0.000518
v 0.001732 0.123000 -0.001000
v 0.001414 0.123000 -0.001414
v 0.001000 0.123000 -0.001732
v 0.000518 0.123000 -0.001932
v 0.000000 0.006000 -0.002000
v -0.000518 0.006000 -0.001932
v -0.001000 0.006000 -0.001732
v -0.001414 0.006000 -0.001414
v -0.001732 0.006000 -0.001000
v -0.001932 0.006000 -0.000518
v -0.002000 0.006000 0.000000
v -0.001932 0.006000 0.000518
v -0.001732 0.006000 0.001000
v -0.001414 0.006000 0.001414
v -0.001000 0.006000 0.001732
v -0.000518 0.006000 0.001932
v 0.000000 0.006000 0.002000
v 0.000518 0.006000 0.001932
v 0.001000 0.006000 0.001732
v 0.001414 0.006000 0.001414
v 0.001732 0.006000 0.001000
v 0.001932 0.006000 0.000518
v 0.002000 0.006000 0.000000
v 0.001932 0.006000 -0.000518
v 0.001732 0.006000 -0.001000
v 0.001414 0.006000 -0.001414
v 0.001000 0.006000 -0.001732
v 0.000518 0.006000 -0.001932
v 0.000000 0.112364 0.002000
v 0.000000 0.101727 0.002000
v 0.000000 0.091091 0.002000
v 0.000000 0.080455 0.002000
v 0.000000 0.069818 0.002000
v 0.000000 0.059182 0.002000
v 0.000000 0.048545 0.002000
v 0.000000 0.037909 0.002000
v 0.000000 0.027273 0.002000
v 0.000000 0.016636 0.002000
v 0.000518 0.112364 -0.001932
v 0.000518 0.101727 -0.001932
v 0.000518 0.091091 -0.001932
v 0.000518 0.080455 -0.001932
v 0.000518 0.069818 -0.001932
v 0.000518 0.059182 -0.001932
v 0.000518 0.048545 -0.001932
v 0.000518 0.037909 -0.001932
v 0.000518 0.027273 -0.001932
v 0.000518 0.016636 -0.001932
v 0.000000 0.016636 -0.002000
v 0.000000 0.027273 -0.002000
v 0.000000 0.037909 -0.002000
v 0.000000 0.048545 -0.002000
v 0.000000 0.059182 -0.002000
v 0.000000 0.069818 -0.002000
v 0.000000 0.080455 -0.002000
v 0.000000 0.091091 -0.002000
v 0.000000 0.101727 -0.002000
v 0.000000 0.112364 -0.002000
v 0.001000 0.112364 -0.001732
v 0.001000 0.101727 -0.001732
v 0.001000 0.091091 -0.001732
v 0.001000 0.080455 -0.001732
v 0.001000 0.069818 -0.001732
v 0.001000 0.059182 -0.001732
v 0.001000 0.048545 -0.001732
v 0.001000 0.037909 -0.001732
v 0.001000 0.027273 -0.001732
v 0.001000 0.016636 -0.001732
v 0.001414 0.112364 -0.001414
v 0.001414 0.101727 -0.001414
v 0.001414 0.091091 -0.001414
v 0.001414 0.080455 -0.001414
v 0.001414 0.069818 -0.001414
v 0.001414 0.059182 -0.001414
v 0.001414 0.048545 -0.001414
v 0.001414 0.037909 -0.001414
v 0.001414 0.027273 -0.001414
v 0.001414 0.016636 -0.001414
v 0.001732 0.112364 -0.001000
v 0.001732 0.101727 -0.001000
v 0.001732 0.091091 -0.001000
v 0.001732 0.080455 -0.001000
v 0.001732 0.069818 -0.001000
v 0.001732 0.059182 -0.001000
v 0.001732 0.048545 -0.001000
v 0.001732 0.037909 -0.001000
v 0.001732 0.027273 -0.001000
v 0.001732 0.016636 -0.001000
v 0.001932 0.112364 -0.000518
v 0.001932 0.101727 -0.000518
v 0.001932 0.091091 -0.000518
v 0.001932 0.080455 -0.000518
v 0.001932 0.069818 -0.000518
v 0.001932 0.059182 -0.000518
v 0.001932 0.048545 -0.000518
v 0.001932 0.037909 -0.000518
v 0.001932 0.027273 -0.000518
v 0.001932 0.016636 -0.000518
v 0.002000 0.112364 0.000000
v 0.002000 0.101727 0.000000
v 0.002000 0.091091 0.000000
v 0.002000 0.080455 0.000000
v 0.002000 0.069818 0.000000
v 0.002000 0.059182 0.000000
v 0.002000 0.048545 0.000000
v 0.002000 0.037909 0.000000
v 0.002000 0.027273 0.000000
v 0.002000 0.016636 0.000000
v 0.001932 0.112364 0.000518
v 0.001932 0.101727 0.000518
v 0.001932 0.091091 0.000518
v 0.001932 0.080455 0.000518
v 0.001932 0.069818 0.000518
v 0.001932 0.059182 0.000518
v 0.001932 0.048545 0.000518
v 0.001932 0.037909 0.000518
v 0.001932 0.027273 0.000518
v 0.001932 0.016636 0.000518
v 0.001732 0.112364 0.001000
v 0.001732 0.101727 0.001000
v 0.001732 0.091091 0.001000
v 0.001732 0.080455 0.001000
v 0.001732 0.069818 0.001000
v 0.001732 0.059182 0.001000
v 0.001732 0.048545 0.001000
v 0.001732 0.037909 0.001000
v 0.001732 0.027273 0.001000
v 0.001732 0.016636 0.001000
v 0.001414 0.112364 0.001414
v 0.001414 0.101727 0.001414
v 0.001414 0.091091 0.001414
v 0.001414 0.080455 0.001414
v 0.001414 0.069818 0.001414
v 0.001414 0.059182 0.001414
v 0.001414 0.048545 0.001414
v 0.001414 0.037909 0.001414
v 0.001414 0.027273 0.001414
v 0.001414 0.016636 0.001414
v 0.001000 0.112364 0.001732
v 0.001000 0.101727 0.001732
v 0.001000 0.091091 0.001732
v 0.001000 0.080455 0.001732
v 0.001000 0.069818 0.001732
v 0.001000 0.059182 0.001732
v 0.001000 0.048545 0.001732
v 0.001000 0.037909 0.001732
v 0.001000 0.027273 0.001732
v 0.001000 0.016636 0.001732
v 0.000518 0.112364 0.001932
v 0.000518 0.101727 0.001932
v 0.000518 0.091091 0.001932
v 0.000518 0.080455 0.001932
v 0.000518 0.069818 0.001932
v 0.000518 0.059182 0.001932
v 0.000518 0.048545 0.001932
v 0.000518 0.037909 0.001932
v 0.000518 0.027273 0.001932
v 0.000518 0.016636 0.001932
v -0.000518 0.112364 0.001932
v -0.000518 0.101727 0.001932
v -0.000518 0.091091 0.001932
v -0.000518 0.080455 0.001932
v -0.000518 0.069818 0.001932
v -0.000518 0.059182 0.001932
v -0.000518 0.048545 0.001932
v -0.000518 0.037909 0.001932
v -0.000518 0.027273 0.001932
v -0.000518 0.016636 0.001932
v -0.001000 0.112364 0.001732
v -0.001000 0.101727 0.001732
v -0.001000 0.091091 0.001732
v -0.001000 0.080455 0.001732
v -0.001000 0.069818 0.001732
v -0.001000 0.059182 0.001732
v -0.001000 0.048545 0.001732
v -0.001000 0.037909 0.001732
v -0.001000 0.027273 0.001732
v -0.001000 0.016636 0.001732
v -0.001414 0.112364 0.001414
v -0.001414 0.101727 0.001414
v -0.001414 0.091091 0.001414
v -0.001414 0.080455 0.001414
v -0.001414 0.069818 0.001414
v -0.001414 0.059182 0.001414
v -0.001414 0.048545 0.001414
v -0.001414 0.037909 0.001414
v -0.001414 0.027273 0.001414
v -0.001414 0.016636 0.001414
v -0.001732 0.112364 0.001000
v -0.001732 0.101727 0.001000
v -0.001732 0.091091 0.001000
v -0.001732 0.080455 0.001000
v -0.001732 0.069818 0.001000
v -0.001732 0.059182 0.001000
v -0.001732 0.048545 0.001000
v -0.001732 0.037909 0.001000
v -0.001732 0.027273 0.001000
v -0.001732 0.016636 0.001000
v -0.001932 0.112364 0.000518
v -0.001932 0.101727 0.000518
v -0.001932 0.091091 0.000518
v -0.001932 0.080455 0.000518
v -0.001932 0.069818 0.000518
v -0.001932 0.059182 0.000518
v -0.001932 0.048545 0.000518
v -0.001932 0.037909 0.000518
v -0.001932 0.027273 0.000518
v -0.001932 0.016636 0.000518
v -0.002000 0.112364 0.000000
v -0.002000 0.101727 0.000000
v -0.002000 0.091091 0.000000
v -0.002000 0.080455 0.000000
v -0.002000 0.069818 0.000000
v -0.002000 0.059182 0.000000
v -0.002000 0.048545 0.000000
v -0.002000 0.037909 0.000000
v -0.002000 0.027273 0.000000
v -0.002000 0.016636 0.000000
v -0.001932 0.112364 -0.000518
v -0.001932 0.101727 -0.000518
v -0.001932 0.091091 -0.000518
v -0.001932 0.080455 -0.000518
v -0.001932 0.069818 -0.000518
v -0.001932 0.059182 -0.000518
v -0.001932 0.048545 -0.000518
v -0.001932 0.037909 -0.000518
v -0.001932 0.027273 -0.000518
v -0.001932 0.016636 -0.000518
v -0.001732 0.112364 -0.001000
v -0.001732 0.101727 -0.001000
v -0.001732 0.091091 -0.001000
v -0.001732 0.080455 -0.001000
v -0.001732 0.069818 -0.001000
v -0.001732 0.059182 -0.001000
v -0.001732 0.048545 -0.001000
v -0.001732 0.037909 -0.001000
v -0.001732 0.027273 -0.001000
v -0.001732 0.016636 -0.001000
v -0.001414 0.112364 -0.001414
v -0.001414 0.101727 -0.001414
v -0.001414 0.091091 -0.001414
v -0.001414 0.080455 -0.001414
v -0.001414 0.069818 -0.001414
v -0.001414 0.059182 -0.001414
v -0.001414 0.048545 -0.001414
v -0.001414 0.037909 -0.001414
v -0.001414 0.027273 -0.001414
v -0.001414 0.016636 -0.001414
v -0.001000 0.112364 -0.001732
v -0.001000 0.101727 -0.001732
v -0.001000 0.091091 -0.001732
v -0.001000 0.080455 -0.001732
v -0.001000 0.069818 -0.001732
v -0.001000 0.059182 -0.001732
v -0.001000 0.048545 -0.001732
v -0.001000 0.037909 -0.001732
v -0.001000 0.027273 -0.001732
v -0.001000 0.016636 -0.001732
v -0.000518 0.112364 -0.001932
v -0.000518 0.101727 -0.001932
v -0.000518 0.091091 -0.001932
v -0.000518 0.080455 -0.001932
v -0.000518 0.069818 -0.001932
v -0.000518 0.059182 -0.001932
v -0.000518 0.048545 -0.001932
v -0.000518 0.037909 -0.001932
v -0.000518 0.027273 -0.001932
v -0.000518 0.016636 -0.001932
v -0.001800 0.000000 -0.008250
v -0.001739 0.000466 -0.008250
v -0.001559 0.000900 -0.008250
v -0.001273 0.001273 -0.008250
v -0.000900 0.001559 -0.008250
v -0.000466 0.001739 -0.008250
v 0.000000 0.001800 -0.008250
v 0.000466 0.001739 -0.008250
v 0.000900 0.001559 -0.008250
v 0.001273 0.001273 -0.008250
v 0.001559 0.000900 -0.008250
v 0.001739 0.000466 -0.008250
v 0.001800 0.000000 -0.008250
v 0.001739 -0.000466 -0.008250
v 0.001559 -0.000900 -0.008250
v 0.001273 -0.001273 -0.008250
v 0.000900 -0.001559 -0.008250
v 0.000466 -0.001739 -0.008250
v 0.000000 -0.001800 -0.008250
v -0.000466 -0.001739 -0.008250
v -0.000900 -0.001559 -0.008250
v -0.001273 -0.001273 -0.008250
v -0.001559 -0.000900 -0.008250
v -0.001739 -0.000466 -0.008250
v -0.001500 0.000000 -0.007950
v -0.001449 -0.000388 -0.007950
v -0.001299 -0.000750 -0.007950
v -0.001061 -0.001061 -0.007950
v -0.000750 -0.001299 -0.007950
v -0.000388 -0.001449 -0.007950
v 0.000000 -0.001500 -0.007950
v 0.000388 -0.001449 -0.007950
v 0.000750 -0.001299 -0.007950
v 0.001061 -0.001061 -0.007950
v 0.001299 -0.000750 -0.007950
v 0.001449 -0.000388 -0.007950
v 0.001500 0.000000 -0.007950
v 0.001449 0.000388 -0.007950
v 0.001299 0.000750 -0.007950
v 0.001061 0.001061 -0.007950
v 0.000750 0.001299 -0.007950
v 0.000388 0.001449 -0.007950
v 0.000000 0.001500 -0.007950
v -0.000388 0.001449 -0.007950
v -0.000750 0.001299 -0.007950
v -0.001061 0.001061 -0.007950
v -0.001299 0.000750 -0.007950
v -0.001449 0.000388 -0.007950
v -0.001500 0.000000 -0.004500
v -0.001449 -0.000388 -0.004500
v -0.001299 -0.000750 -0.004500
v -0.001061 -0.001061 -0.004500
v -0.000750 -0.001299 -0.004500
v -0.000388 -0.001449 -0.004500
v 0.000000 -0.001500 -0.004500
v 0.000388 -0.001449 -0.004500
v 0.000750 -0.001299 -0.004500
v 0.001061 -0.001061 -0.004500
v 0.001299 -0.000750 -0.004500
v 0.001449 -0.000388 -0.004500
v 0.001500 0.000000 -0.004500
v 0.001449 0.000388 -0.004500
v 0.001299 0.000750 -0.004500
v 0.001061 0.001061 -0.004500
v 0.000750 0.001299 -0.004500
v 0.000388 0.001449 -0.004500
v 0.000000 0.001500 -0.004500
v -0.000388 0.001449 -0.004500
v -0.000750 0.001299 -0.004500
v -0.001061 0.001061 -0.004500
v -0.001299 0.000750 -0.004500
v -0.001449 0.000388 -0.004500
v 0.002000 -0.004250 -0.008250
v -0.002000 -0.004250 -0.008250
v -0.002582 -0.004173 -0.008250
v -0.003125 -0.003949 -0.008250
v -0.003591 -0.003591 -0.008250
v -0.003949 -0.003125 -0.008250
v -0.004173 -0.002582 -0.008250
v -0.004250 -0.002000 -0.008250
v -0.004250 0.010646 -0.008250
v 0.004250 0.010646 -0.008250
v 0.004250 -0.002000 -0.008250
v 0.004173 -0.002582 -0.008250
v 0.003949 -0.003125 -0.008250
v 0.003591 -0.003591 -0.008250
v 0.003125 -0.003949 -0.008250
v 0.002582 -0.004173 -0.008250
v -0.001800 0.000000 -0.004200
v -0.001739 -0.000466 -0.004200
v -0.001559 -0.000900 -0.004200
v -0.001273 -0.001273 -0.004200
v -0.000900 -0.001559 -0.004200
v -0.000466 -0.001739 -0.004200
v 0.000000 -0.001800 -0.004200
v 0.000466 -0.001739 -0.004200
v 0.000900 -0.001559 -0.004200
v 0.001273 -0.001273 -0.004200
v 0.001559 -0.000900 -0.004200
v 0.001739 -0.000466 -0.004200
v 0.001800 0.000000 -0.004200
v 0.001739 0.000466 -0.004200
v 0.001559 0.000900 -0.004200
v 0.001273 0.001273 -0.004200
v 0.000900 0.001559 -0.004200
v 0.000466 0.001739 -0.004200
v 0.000000 0.001800 -0.004200
v -0.000466 0.001739 -0.004200
v -0.000900 0.001559 -0.004200
v -0.001273 0.001273 -0.004200
v -0.001559 0.000900 -0.004200
v -0.001739 0.000466 -0.004200
v -0.002000 -0.004250 -0.004200
v 0.002000 -0.004250 -0.004200
v 0.002582 -0.004173 -0.004200
v 0.003125 -0.003949 -0.004200
v 0.003591 -0.003591 -0.004200
v 0.003949 -0.003125 -0.004200
v 0.004173 -0.002582 -0.004200
v 0.004250 -0.002000 -0.004200
v 0.004250 0.006032 -0.004200
v 0.004168 0.006014 -0.004200
v 0.004084 0.006004 -0.004200
v 0.004000 0.006000 -0.004200
v -0.004000 0.006000 -0.004200
v -0.004084 0.006004 -0.004200
v -0.004168 0.006014 -0.004200
v -0.004250 0.006032 -0.004200
v -0.004250 -0.002000 -0.004200
v -0.004173 -0.002582 -0.004200
v -0.003949 -0.003125 -0.004200
v -0.003591 -0.003591 -0.004200
v -0.003125 -0.003949 -0.004200
v -0.002582 -0.004173 -0.004200
v -0.001800 0.000000 0.004200
v -0.001739 0.000466 0.004200
v -0.001559 0.000900 0.004200
v -0.001273 0.001273 0.004200
v -0.000900 0.001559 0.004200
v -0.000466 0.001739 0.004200
v 0.000000 0.001800 0.004200
v 0.000466 0.001739 0.004200
v 0.000900 0.001559 0.004200
v 0.001273 0.001273 0.004200
v 0.001559 0.000900 0.004200
v 0.001739 0.000466 0.004200
v 0.001800 0.000000 0.004200
v 0.001739 -0.000466 0.004200
v 0.001559 -0.000900 0.004200
v 0.001273 -0.001273 0.004200
v 0.000900 -0.001559 0.004200
v 0.000466 -0.001739 0.004200
v 0.000000 -0.001800 0.004200
v -0.000466 -0.001739 0.004200
v -0.000900 -0.001559 0.004200
v -0.001273 -0.001273 0.004200
v -0.001559 -0.000900 0.004200
v -0.001739 -0.000466 0.004200
v -0.001500 0.000000 0.004500
v -0.001449 -0.000388 0.004500
v -0.001299 -0.000750 0.004500
v -0.001061 -0.001061 0.004500
v -0.000750 -0.001299 0.004500
v -0.000388 -0.001449 0.004500
v 0.000000 -0.001500 0.004500
v 0.000388 -0.001449 0.004500
v 0.000750 -0.001299 0.004500
v 0.001061 -0.001061 0.004500
v 0.001299 -0.000750 0.004500
v 0.001449 -0.000388 0.004500
v 0.001500 0.000000 0.004500
v 0.001449 0.000388 0.004500
v 0.001299 0.000750 0.004500
v 0.001061 0.001061 0.004500
v 0.000750 0.001299 0.004500
v 0.000388 0.001449 0.004500
v 0.000000 0.001500 0.004500
v -0.000388 0.001449 0.004500
v -0.000750 0.001299 0.004500
v -0.001061 0.001061 0.004500
v -0.001299 0.000750 0.004500
v -0.001449 0.000388 0.004500
v -0.001500 0.000000 0.007950
v -0.001449 -0.000388 0.007950
v -0.001299 -0.000750 0.007950
v -0.001061 -0.001061 0.007950
v -0.000750 -0.001299 0.007950
v -0.000388 -0.001449 0.007950
v 0.000000 -0.001500 0.007950
v 0.000388 -0.001449 0.007950
v 0.000750 -0.001299 0.007950
v 0.001061 -0.001061 0.007950
v 0.001299 -0.000750 0.007950
v 0.001449 -0.000388 0.007950
v 0.001500 0.000000 0.007950
v 0.001449 0.000388 0.007950
v 0.001299 0.000750 0.007950
v 0.001061 0.001061 0.007950
v 0.000750 0.001299 0.007950
v 0.000388 0.001449 0.007950
v 0.000000 0.001500 0.007950
v -0.000388 0.001449 0.007950
v -0.000750 0.001299 0.007950
v -0.001061 0.001061 0.007950
v -0.001299 0.000750 0.007950
v -0.001449 0.000388 0.007950
v 0.002000 -0.004250 0.004200
v -0.002000 -0.004250 0.004200
v -0.002582 -0.004173 0.004200
v -0.003125 -0.003949 0.004200
v -0.003591 -0.003591 0.004200
v -0.003949 -0.003125 0.004200
v -0.004173 -0.002582 0.004200
v -0.004250 -0.002000 0.004200
v -0.004250 0.006032 0.004200
v -0.004168 0.006014 0.004200
v -0.004084 0.006004 0.004200
v -0.004000 0.006000 0.004200
v 0.004000 0.006000 0.004200
v 0.004084 0.006004 0.004200
v 0.004168 0.006014 0.004200
v 0.004250 0.006032 0.004200
v 0.004250 -0.002000 0.004200
v 0.004173 -0.002582 0.004200
v 0.003949 -0.003125 0.004200
v 0.003591 -0.003591 0.004200
v 0.003125 -0.003949 0.004200
v 0.002582 -0.004173 0.004200
v -0.001800 0.000000 0.008250
v -0.001739 -0.000466 0.008250
v -0.001559 -0.000900 0.008250
v -0.001273 -0.001273 0.008250
v -0.000900 -0.001559 0.008250
v -0.000466 -0.001739 0.008250
v 0.000000 -0.001800 0.008250
v 0.000466 -0.001739 0.008250
v 0.000900 -0.001559 0.008250
v 0.001273 -0.001273 0.008250
v 0.001559 -0.000900 0.008250
v 0.001739 -0.000466 0.008250
v 0.001800 0.000000 0.008250
v 0.001739 0.000466 0.008250
v 0.001559 0.000900 0.008250
v 0.001273 0.001273 0.008250
v 0.000900 0.001559 0.008250
v 0.000466 0.001739 0.008250
v 0.000000 0.001800 0.008250
v -0.000466 0.001739 0.008250
v -0.000900 0.001559 0.008250
v -0.001273 0.001273 0.008250
v -0.001559 0.000900 0.008250
v -0.001739 0.000466 0.008250
v -0.002000 -0.004250 0.008250
v 0.002000 -0.004250 0.008250
v 0.002582 -0.004173 0.008250
v 0.003125 -0.003949 0.008250
v 0.003591 -0.003591 0.008250
v 0.003949 -0.003125 0.008250
v 0.004173 -0.002582 0.008250
v 0.004250 -0.002000 0.008250
v 0.004250 0.010646 0.008250
v -0.004250 0.010646 0.008250
v -0.004250 -0.002000 0.008250
v -0.004173 -0.002582 0.008250
v -0.003949 -0.003125 0.008250
v -0.003591 -0.003591 0.008250
v -0.003125 -0.003949 0.008250
v -0.002582 -0.004173 0.008250
v -0.005000 0.007000 -0.004950
v -0.004986 0.006836 -0.004936
v -0.004946 0.006676 -0.004896
v -0.004880 0.006526 -0.004830
v -0.004791 0.006388 -0.004741
v -0.004679 0.006266 -0.004629
v -0.004550 0.006165 -0.004500
v -0.004550 0.006165 0.004500
v -0.004679 0.006266 0.004629
v -0.004791 0.006388 0.004741
v -0.004880 0.006526 0.004830
v -0.004946 0.006676 0.004896
v -0.004986 0.006836 0.004936
v -0.005000 0.007000 0.004950
v -0.004500 0.006134 0.000000
v -0.004866 0.006500 0.000000
v -0.004966 0.006741 0.000000
v -0.004707 0.006293 0.000000
v -0.004259 0.006034 0.000000
v -0.005000 -0.002000 0.004950
v -0.002000 -0.005000 0.004950
v -0.002776 -0.004898 0.004950
v -0.003500 -0.004598 0.004950
v -0.004121 -0.004121 0.004950
v -0.004598 -0.003500 0.004950
v -0.004898 -0.002776 0.004950
v -0.005000 -0.002000 -0.004950
v -0.002000 -0.005000 -0.004950
v -0.004898 -0.002776 -0.004950
v -0.004598 -0.003500 -0.004950
v -0.004121 -0.004121 -0.004950
v -0.003500 -0.004598 -0.004950
v -0.002776 -0.004898 -0.004950
v -0.005000 -0.002000 0.007500
v -0.005000 0.010646 0.007500
v -0.005000 0.010941 0.007465
v -0.005000 0.011219 0.007361
v -0.005000 0.011465 0.007195
v -0.005000 0.011664 0.006975
v -0.005000 0.011807 0.006714
v -0.005000 0.013161 0.003329
v -0.005000 0.013210 0.003179
v -0.005000 0.013240 0.003023
v -0.005000 0.013250 0.002865
v -0.005000 0.013250 -0.002865
v -0.005000 0.013240 -0.003023
v -0.005000 0.013210 -0.003179
v -0.005000 0.013161 -0.003329
v -0.005000 0.011807 -0.006714
v -0.005000 0.011664 -0.006975
v -0.005000 0.011465 -0.007195
v -0.005000 0.011219 -0.007361
v -0.005000 0.010941 -0.007465
v -0.005000 0.010646 -0.007500
v -0.005000 -0.002000 -0.007500
v -0.004898 -0.002776 -0.007500
v -0.004598 -0.003500 -0.007500
v -0.004121 -0.004121 -0.007500
v -0.003500 -0.004598 -0.007500
v -0.002776 -0.004898 -0.007500
v -0.002000 -0.005000 -0.007500
v -0.002000 -0.005000 0.007500
v -0.004898 -0.002776 0.007500
v -0.004598 -0.003500 0.007500
v -0.004121 -0.004121 0.007500
v -0.003500 -0.004598 0.007500
v -0.002776 -0.004898 0.007500
v -0.004250 0.012503 0.006993
v -0.004250 0.011118 0.008194
v -0.004250 0.011563 0.008028
v -0.004250 0.011956 0.007761
v -0.004250 0.012275 0.007410
v -0.004250 0.013857 0.003608
v -0.004250 0.014000 0.002865
v -0.004250 0.013936 0.003367
v -0.004250 0.013984 0.003118
v -0.004250 0.014000 -0.002865
v -0.004250 0.013857 -0.003608
v -0.004250 0.013984 -0.003118
v -0.004250 0.013936 -0.003367
v -0.004250 0.012503 -0.006993
v -0.004250 0.012275 -0.007410
v -0.004250 0.011956 -0.007761
v -0.004250 0.011563 -0.008028
v -0.004250 0.011118 -0.008194
v 0.004550 0.006165 -0.004500
v 0.004679 0.006266 -0.004629
v 0.004791 0.006388 -0.004741
v 0.004880 0.006526 -0.004830
v 0.004946 0.006676 -0.004896
v 0.004986 0.006836 -0.004936
v 0.005000 0.007000 -0.004950
v 0.005000 0.007000 0.004950
v 0.004986 0.006836 0.004936
v 0.004946 0.006676 0.004896
v 0.004880 0.006526 0.004830
v 0.004791 0.006388 0.004741
v 0.004679 0.006266 0.004629
v 0.004550 0.006165 0.004500
v 0.004500 0.006134 0.000000
v 0.004707 0.006293 0.000000
v 0.004866 0.006500 0.000000
v 0.004966 0.006741 0.000000
v 0.004259 0.006034 0.000000
v 0.000000 0.006000 -0.002000
v -0.000518 0.006000 -0.001932
v -0.001000 0.006000 -0.001732
v -0.001414 0.006000 -0.001414
v -0.001732 0.006000 -0.001000
v -0.001932 0.006000 -0.000518
v -0.002000 0.006000 0.000000
v -0.001932 0.006000 0.000518
v -0.001732 0.006000 0.001000
v -0.001414 0.006000 0.001414
v -0.001000 0.006000 0.001732
v -0.000518 0.006000 0.001932
v 0.000000 0.006000 0.002000
v 0.000518 0.006000 0.001932
v 0.001000 0.006000 0.001732
v 0.001414 0.006000 0.001414
v 0.001732 0.006000 0.001000
v 0.001932 0.006000 0.000518
v 0.002000 0.006000 0.000000
v 0.001932 0.006000 -0.000518
v 0.001732 0.006000 -0.001000
v 0.001414 0.006000 -0.001414
v 0.001000 0.006000 -0.001732
v 0.000518 0.006000 -0.001932
v 0.002000 -0.005000 0.004950
v 0.005000 -0.002000 0.004950
v 0.004898 -0.002776 0.004950
v 0.004598 -0.003500 0.004950
v 0.004121 -0.004121 0.004950
v 0.003500 -0.004598 0.004950
v 0.002776 -0.004898 0.004950
v 0.005000 -0.002000 -0.004950
v 0.002000 -0.005000 -0.004950
v 0.002776 -0.004898 -0.004950
v 0.003500 -0.004598 -0.004950
v 0.004121 -0.004121 -0.004950
v 0.004598 -0.003500 -0.004950
v 0.004898 -0.002776 -0.004950
v 0.005000 -0.002000 -0.007500
v 0.005000 0.010646 -0.007500
v 0.005000 0.010941 -0.007465
v 0.005000 0.011219 -0.007361
v 0.005000 0.011465 -0.007195
v 0.005000 0.011664 -0.006975
v 0.005000 0.011807 -0.006714
v 0.005000 0.013161 -0.003329
v 0.005000 0.013210 -0.003179
v 0.005000 0.013240 -0.003023
v 0.005000 0.013250 -0.002865
v 0.005000 0.013250 0.002865
v 0.005000 0.013240 0.003023
v 0.005000 0.013210 0.003179
v 0.005000 0.013161 0.003329
v 0.005000 0.011807 0.006714
v 0.005000 0.011664 0.006975
v 0.005000 0.011465 0.007195
v 0.005000 0.011219 0.007361
v 0.005000 0.010941 0.007465
v 0.005000 0.010646 0.007500
v 0.005000 -0.002000 0.007500
v 0.002000 -0.005000 -0.007500
v 0.002776 -0.004898 -0.007500
v 0.003500 -0.004598 -0.007500
v 0.004121 -0.004121 -0.007500
v 0.004598 -0.003500 -0.007500
v 0.004898 -0.002776 -0.007500
v 0.002000 -0.005000 0.007500
v 0.002776 -0.004898 0.007500
v 0.003500 -0.004598 0.007500
v 0.004121 -0.004121 0.007500
v 0.004598 -0.003500 0.007500
v 0.004898 -0.002776 0.007500
v 0.004250 0.012503 0.006993
v 0.004250 0.012275 0.007410
v 0.004250 0.011956 0.007761
v 0.004250 0.011563 0.008028
v 0.004250 0.011118 0.008194
v 0.004250 0.013857 0.003608
v 0.004250 0.014000 0.002865
v 0.004250 0.013984 0.003118
v 0.004250 0.013936 0.003367
v 0.004250 0.014000 -0.002865
v 0.004250 0.013857 -0.003608
v 0.004250 0.013936 -0.003367
v 0.004250 0.013984 -0.003118
v 0.004250 0.012503 -0.006993
v 0.004250 0.011118 -0.008194
v 0.004250 0.011563 -0.008028
v 0.004250 0.011956 -0.007761
v 0.004250 0.012275 -0.007410
v 0.000000 0.014000 -0.002000
v -0.000518 0.014000 -0.001932
v -0.001000 0.014000 -0.001732
v -0.001414 0.014000 -0.001414
v -0.001732 0.014000 -0.001000
v -0.001932 0.014000 -0.000518
v -0.002000 0.014000 0.000000
v -0.001932 0.014000 0.000518
v -0.001732 0.014000 0.001000
v -0.001414 0.014000 0.001414
v -0.001000 0.014000 0.001732
v -0.000518 0.014000 0.001932
v 0.000000 0.014000 0.002000
v 0.000518 0.014000 0.001932
v 0.001000 0.014000 0.001732
v 0.001414 0.014000 0.001414
v 0.001732 0.014000 0.001000
v 0.001932 0.014000 0.000518
v 0.002000 0.014000 0.000000
v 0.001932 0.014000 -0.000518
v 0.001732 0.014000 -0.001000
v 0.001414 0.014000 -0.001414
v 0.001000 0.014000 -0.001732
v 0.000518 0.014000 -0.001932
v 0.000000 0.002950 0.008400
v 0.000734 0.002857 0.008400
v 0.001421 0.002585 0.008400
v 0.002019 0.002150 0.008400
v 0.002491 0.001581 0.008400
v 0.002806 0.000912 0.008400
v 0.002944 0.000185 0.008400
v 0.002898 -0.000553 0.008400
v 0.002669 -0.001256 0.008400
v 0.002273 -0.001880 0.008400
v 0.001734 -0.002387 0.008400
v 0.001086 -0.002743 0.008400
v 0.000370 -0.002927 0.008400
v -0.000370 -0.002927 0.008400
v -0.001086 -0.002743 0.008400
v -0.001734 -0.002387 0.008400
v -0.002273 -0.001880 0.008400
v -0.002669 -0.001256 0.008400
v -0.002898 -0.000553 0.008400
v -0.002944 0.000185 0.008400
v -0.002806 0.000912 0.008400
v -0.002491 0.001581 0.008400
v -0.002019 0.002150 0.008400
v -0.001421 0.002585 0.008400
v -0.000734 0.002857 0.008400
v 0.000000 0.002800 0.008250
v -0.000725 0.002705 0.008250
v -0.001400 0.002425 0.008250
v -0.001980 0.001980 0.008250
v -0.002425 0.001400 0.008250
v -0.002705 0.000725 0.008250
v -0.002800 0.000000 0.008250
v -0.002705 -0.000725 0.008250
v -0.002425 -0.001400 0.008250
v -0.001980 -0.001980 0.008250
v -0.001400 -0.002425 0.008250
v -0.000725 -0.002705 0.008250
v 0.000000 -0.002800 0.008250
v 0.000725 -0.002705 0.008250
v 0.001400 -0.002425 0.008250
v 0.001980 -0.001980 0.008250
v 0.002425 -0.001400 0.008250
v 0.002705 -0.000725 0.008250
v 0.002800 0.000000 0.008250
v 0.002705 0.000725 0.008250
v 0.002425 0.001400 0.008250
v 0.001980 0.001980 0.008250
v 0.001400 0.002425 0.008250
v 0.000725 0.002705 0.008250
v 0.000000 0.002950 0.011100
v 0.000734 0.002857 0.011100
v 0.001421 0.002585 0.011100
v 0.002019 0.002150 0.011100
v 0.002491 0.001581 0.011100
v 0.002806 0.000912 0.011100
v 0.002944 0.000185 0.011100
v 0.002898 -0.000553 0.011100
v 0.002669 -0.001256 0.011100
v 0.002273 -0.001880 0.011100
v 0.001734 -0.002387 0.011100
v 0.001086 -0.002743 0.011100
v 0.000370 -0.002927 0.011100
v -0.000370 -0.002927 0.011100
v -0.001086 -0.002743 0.011100
v -0.001734 -0.002387 0.011100
v -0.002273 -0.001880 0.011100
v -0.002669 -0.001256 0.011100
v -0.002898 -0.000553 0.011100
v -0.002944 0.000185 0.011100
v -0.002806 0.000912 0.011100
v -0.002491 0.001581 0.011100
v -0.002019 0.002150 0.011100
v -0.001421 0.002585 0.011100
v -0.000734 0.002857 0.011100
v 0.000000 0.001500 0.008250
v -0.000388 0.001449 0.008250
v -0.000750 0.001299 0.008250
v -0.001061 0.001061 0.008250
v -0.001299 0.000750 0.008250
v -0.001449 0.000388 0.008250
v -0.001500 0.000000 0.008250
v -0.001449 -0.000388 0.008250
v -0.001299 -0.000750 0.008250
v -0.001061 -0.001061 0.008250
v -0.000750 -0.001299 0.008250
v -0.000388 -0.001449 0.008250
v 0.000000 -0.001500 0.008250
v 0.000388 -0.001449 0.008250
v 0.000750 -0.001299 0.008250
v 0.001061 -0.001061 0.008250
v 0.001299 -0.000750 0.008250
v 0.001449 -0.000388 0.008250
v 0.001500 0.000000 0.008250
v 0.001449 0.000388 0.008250
v 0.001299 0.000750 0.008250
v 0.001061 0.001061 0.008250
v 0.000750 0.001299 0.008250
v 0.000388 0.001449 0.008250
v 0.000000 0.002800 0.011250
v 0.000725 0.002705 0.011250
v 0.001400 0.002425 0.011250
v 0.001980 0.001980 0.011250
v 0.002425 0.001400 0.011250
v 0.002705 0.000725 0.011250
v 0.002800 0.000000 0.011250
v 0.002705 -0.000725 0.011250
v 0.002425 -0.001400 0.011250
v 0.001980 -0.001980 0.011250
v 0.001400 -0.002425 0.011250
v 0.000725 -0.002705 0.011250
v 0.000000 -0.002800 0.011250
v -0.000725 -0.002705 0.011250
v -0.001400 -0.002425 0.011250
v -0.001980 -0.001980 0.011250
v -0.002425 -0.001400 0.011250
v -0.002705 -0.000725 0.011250
v -0.002800 0.000000 0.011250
v -0.002705 0.000725 0.011250
v -0.002425 0.001400 0.011250
v -0.001980 0.001980 0.011250
v -0.001400 0.002425 0.011250
v -0.000725 0.002705 0.011250
v 0.001250 0.000722 0.011250
v 0.001250 -0.000722 0.011250
v 0.000000 -0.001443 0.011250
v -0.001250 -0.000722 0.011250
v -0.001250 0.000722 0.011250
v 0.000000 0.001443 0.011250
v 0.001250 0.000722 0.009250
v 0.001250 -0.000722 0.009250
v 0.000000 0.001443 0.009250
v -0.001250 0.000722 0.009250
v -0.001250 -0.000722 0.009250
v 0.000000 -0.001443 0.009250
v 0.000000 0.001500 -0.006835
v -0.000388 0.001449 -0.006835
v -0.000750 0.001299 -0.006835
v -0.001061 0.001061 -0.006835
v -0.001299 0.000750 -0.006835
v -0.001449 0.000388 -0.006835
v -0.001500 0.000000 -0.006835
v -0.001449 -0.000388 -0.006835
v -0.001299 -0.000750 -0.006835
v -0.001061 -0.001061 -0.006835
v -0.000750 -0.001299 -0.006835
v -0.000388 -0.001449 -0.006835
v 0.000000 -0.001500 -0.006835
v 0.000388 -0.001449 -0.006835
v 0.000750 -0.001299 -0.006835
v 0.001061 -0.001061 -0.006835
v 0.001299 -0.000750 -0.006835
v 0.001449 -0.000388 -0.006835
v 0.001500 0.000000 -0.006835
v 0.001449 0.000388 -0.006835
v 0.001299 0.000750 -0.006835
v 0.001061 0.001061 -0.006835
v 0.000750 0.001299 -0.006835
v 0.000388 0.001449 -0.006835
v 0.000000 -0.001500 0.000708
v 0.000388 0.001449 0.000708
v 0.000000 0.001500 0.000708
v 0.000750 0.001299 0.000708
v 0.001061 0.001061 0.000708
v 0.001299 0.000750 0.000708
v 0.001449 0.000388 0.000708
v 0.001500 0.000000 0.000708
v 0.001449 -0.000388 0.000708
v 0.001299 -0.000750 0.000708
v 0.001061 -0.001061 0.000708
v 0.000750 -0.001299 0.000708
v 0.000388 -0.001449 0.000708
v -0.000388 -0.001449 0.000708
v -0.000750 -0.001299 0.000708
v -0.001061 -0.001061 0.000708
v -0.001299 -0.000750 0.000708
v -0.001449 -0.000388 0.000708
v -0.001500 0.000000 0.000708
v -0.001449 0.000388 0.000708
v -0.001299 0.000750 0.000708
v -0.001061 0.001061 0.000708
v -0.000750 0.001299 0.000708
v -0.000388 0.001449 0.000708
v 0.000000 0.001250 -0.006835
v -0.000324 0.001207 -0.006835
v -0.000625 0.001083 -0.006835
v -0.000884 0.000884 -0.006835
v -0.001083 0.000625 -0.006835
v -0.001207 0.000324 -0.006835
v -0.001250 0.000000 -0.006835
v -0.001207 -0.000324 -0.006835
v -0.001083 -0.000625 -0.006835
v -0.000884 -0.000884 -0.006835
v -0.000625 -0.001083 -0.006835
v -0.000324 -0.001207 -0.006835
v 0.000000 -0.001250 -0.006835
v 0.000324 -0.001207 -0.006835
v 0.000625 -0.001083 -0.006835
v 0.000884 -0.000884 -0.006835
v 0.001083 -0.000625 -0.006835
v 0.001207 -0.000324 -0.006835
v 0.001250 0.000000 -0.006835
v 0.001207 0.000324 -0.006835
v 0.001083 0.000625 -0.006835
v 0.000884 0.000884 -0.006835
v 0.000625 0.001083 -0.006835
v 0.000324 0.001207 -0.006835
v 0.000000 0.001250 -0.012250
v -0.000324 0.001207 -0.012250
v -0.000625 0.001083 -0.012250
v -0.000884 0.000884 -0.012250
v -0.001083 0.000625 -0.012250
v -0.001207 0.000324 -0.012250
v -0.001250 0.000000 -0.012250
v -0.001207 -0.000324 -0.012250
v -0.001083 -0.000625 -0.012250
v -0.000884 -0.000884 -0.012250
v -0.000625 -0.001083 -0.012250
v -0.000324 -0.001207 -0.012250
v 0.000000 -0.001250 -0.012250
v 0.000324 -0.001207 -0.012250
v 0.000625 -0.001083 -0.012250
v 0.000884 -0.000884 -0.012250
v 0.001083 -0.000625 -0.012250
v 0.001207 -0.000324 -0.012250
v 0.001250 0.000000 -0.012250
v 0.001207 0.000324 -0.012250
v 0.001083 0.000625 -0.012250
v 0.000884 0.000884 -0.012250
v 0.000625 0.001083 -0.012250
v 0.000324 0.001207 -0.012250
v 0.000000 0.002275 -0.010450
v -0.000384 0.002242 -0.010450
v -0.000758 0.002145 -0.010450
v -0.001110 0.001986 -0.010450
v -0.001429 0.001770 -0.010450
v -0.001708 0.001503 -0.010450
v -0.001937 0.001193 -0.010450
v -0.002111 0.000848 -0.010450
v -0.002224 0.000479 -0.010450
v -0.002273 0.000097 -0.010450
v -0.002257 -0.000289 -0.010450
v -0.002175 -0.000666 -0.010450
v -0.002031 -0.001024 -0.010450
v -0.001829 -0.001353 -0.010450
v -0.001574 -0.001642 -0.010450
v -0.001274 -0.001885 -0.010450
v -0.000937 -0.002073 -0.010450
v -0.000573 -0.002202 -0.010450
v -0.000193 -0.002267 -0.010450
v 0.000193 -0.002267 -0.010450
v 0.000573 -0.002202 -0.010450
v 0.000937 -0.002073 -0.010450
v 0.001274 -0.001885 -0.010450
v 0.001574 -0.001642 -0.010450
v 0.001829 -0.001353 -0.010450
v 0.002031 -0.001024 -0.010450
v 0.002175 -0.000666 -0.010450
v 0.002257 -0.000289 -0.010450
v 0.002273 0.000097 -0.010450
v 0.002224 0.000479 -0.010450
v 0.002111 0.000848 -0.010450
v 0.001937 0.001193 -0.010450
v 0.001708 0.001503 -0.010450
v 0.001429 0.001770 -0.010450
v 0.001110 0.001986 -0.010450
v 0.000758 0.002145 -0.010450
v 0.000384 0.002242 -0.010450
v -0.002858 0.000000 -0.010238
v -0.002689 0.000292 -0.010343
v -0.002507 0.000607 -0.010399
v -0.002322 0.000928 -0.010423
v -0.002143 0.001237 -0.010428
v -0.001965 0.001547 -0.010423
v -0.001780 0.001868 -0.010399
v -0.001598 0.002183 -0.010343
v -0.001429 0.002475 -0.010238
v -0.001092 0.002475 -0.010343
v -0.000728 0.002475 -0.010399
v -0.000357 0.002475 -0.010423
v 0.000000 0.002475 -0.010428
v 0.000357 0.002475 -0.010423
v 0.000728 0.002475 -0.010399
v 0.001092 0.002475 -0.010343
v 0.001429 0.002475 -0.010238
v 0.001598 0.002183 -0.010343
v 0.001780 0.001868 -0.010399
v 0.001965 0.001547 -0.010423
v 0.002143 0.001237 -0.010428
v 0.002322 0.000928 -0.010423
v 0.002507 0.000607 -0.010399
v 0.002689 0.000292 -0.010343
v 0.002858 0.000000 -0.010238
v 0.002689 -0.000292 -0.010343
v 0.002507 -0.000607 -0.010399
v 0.002322 -0.000928 -0.010423
v 0.002143 -0.001237 -0.010428
v 0.001965 -0.001547 -0.010423
v 0.001780 -0.001868 -0.010399
v 0.001598 -0.002183 -0.010343
v 0.001429 -0.002475 -0.010238
v 0.001092 -0.002475 -0.010343
v 0.000728 -0.002475 -0.010399
v 0.000357 -0.002475 -0.010423
v 0.000000 -0.002475 -0.010428
v -0.000357 -0.002475 -0.010423
v -0.000728 -0.002475 -0.010399
v -0.001092 -0.002475 -0.010343
v -0.001429 -0.002475 -0.010238
v -0.001598 -0.002183 -0.010343
v -0.001780 -0.001868 -0.010399
v -0.001965 -0.001547 -0.010423
v -0.002143 -0.001237 -0.010428
v -0.002322 -0.000928 -0.010423
v -0.002507 -0.000607 -0.010399
v -0.002689 -0.000292 -0.010343
v 0.000354 -0.002459 -0.010426
v 0.000700 -0.002383 -0.010426
v 0.001343 -0.002090 -0.010426
v 0.002459 -0.000354 -0.010426
v 0.001877 0.001627 -0.010426
v -0.000354 0.002459 -0.010426
v -0.000700 0.002383 -0.010426
v -0.002459 -0.000354 -0.010426
v -0.001343 -0.002090 -0.010426
v -0.001032 0.002260 -0.010426
v -0.001114 0.002440 -0.010354
v -0.001343 0.002090 -0.010426
v -0.001450 0.002256 -0.010354
v -0.001627 0.001877 -0.010426
v -0.001877 0.001627 -0.010426
v -0.002383 0.000700 -0.010426
v -0.002260 0.001032 -0.010426
v -0.002459 0.000354 -0.010426
v -0.002484 0.000000 -0.010426
v -0.002682 0.000000 -0.010354
v -0.002260 -0.001032 -0.010426
v -0.002383 -0.000700 -0.010426
v -0.001627 -0.001877 -0.010426
v -0.001877 -0.001627 -0.010426
v -0.001450 -0.002256 -0.010354
v -0.000700 -0.002383 -0.010426
v -0.001114 -0.002440 -0.010354
v -0.001032 -0.002260 -0.010426
v -0.000354 -0.002459 -0.010426
v 0.001032 -0.002260 -0.010426
v 0.001114 -0.002440 -0.010354
v 0.001450 -0.002256 -0.010354
v 0.001627 -0.001877 -0.010426
v 0.001877 -0.001627 -0.010426
v 0.002383 -0.000700 -0.010426
v 0.002260 -0.001032 -0.010426
v 0.002484 0.000000 -0.010426
v 0.002682 0.000000 -0.010354
v 0.002459 0.000354 -0.010426
v 0.002383 0.000700 -0.010426
v 0.002260 0.001032 -0.010426
v 0.001627 0.001877 -0.010426
v 0.001343 0.002090 -0.010426
v 0.001450 0.002256 -0.010354
v 0.001032 0.002260 -0.010426
v 0.001114 0.002440 -0.010354
v 0.000700 0.002383 -0.010426
v 0.000354 0.002459 -0.010426
v -0.001429 0.002475 -0.008462
v -0.001598 0.002183 -0.008357
v -0.001780 0.001868 -0.008301
v -0.001965 0.001547 -0.008277
v -0.002143 0.001237 -0.008272
v -0.002322 0.000928 -0.008277
v -0.002507 0.000607 -0.008301
v -0.002689 0.000292 -0.008357
v -0.002858 0.000000 -0.008462
v -0.002689 -0.000292 -0.008357
v -0.002507 -0.000607 -0.008301
v -0.002322 -0.000928 -0.008277
v -0.002143 -0.001237 -0.008272
v -0.001965 -0.001547 -0.008277
v -0.001780 -0.001868 -0.008301
v -0.001598 -0.002183 -0.008357
v -0.001429 -0.002475 -0.008462
v -0.001092 -0.002475 -0.008357
v -0.000728 -0.002475 -0.008301
v -0.000357 -0.002475 -0.008277
v 0.000000 -0.002475 -0.008272
v 0.000357 -0.002475 -0.008277
v 0.000728 -0.002475 -0.008301
v 0.001092 -0.002475 -0.008357
v 0.001429 -0.002475 -0.008462
v 0.001598 -0.002183 -0.008357
v 0.001780 -0.001868 -0.008301
v 0.001965 -0.001547 -0.008277
v 0.002143 -0.001237 -0.008272
v 0.002322 -0.000928 -0.008277
v 0.002507 -0.000607 -0.008301
v 0.002689 -0.000292 -0.008357
v 0.002858 0.000000 -0.008462
v 0.002689 0.000292 -0.008357
v 0.002507 0.000607 -0.008301
v 0.002322 0.000928 -0.008277
v 0.002143 0.001237 -0.008272
v 0.001965 0.001547 -0.008277
v 0.001780 0.001868 -0.008301
v 0.001598 0.002183 -0.008357
v 0.001429 0.002475 -0.008462
v 0.001092 0.002475 -0.008357
v 0.000728 0.002475 -0.008301
v 0.000357 0.002475 -0.008277
v 0.000000 0.002475 -0.008272
v -0.000357 0.002475 -0.008277
v -0.000728 0.002475 -0.008301
v -0.001092 0.002475 -0.008357
v 0.000000 0.002275 -0.008250
v 0.000384 0.002242 -0.008250
v 0.000758 0.002145 -0.008250
v 0.001110 0.001986 -0.008250
v 0.001429 0.001770 -0.008250
v 0.001708 0.001503 -0.008250
v 0.001937 0.001193 -0.008250
v 0.002111 0.000848 -0.008250
v 0.002224 0.000479 -0.008250
v 0.002273 0.000097 -0.008250
v 0.002257 -0.000289 -0.008250
v 0.002175 -0.000666 -0.008250
v 0.002031 -0.001024 -0.008250
v 0.001829 -0.001353 -0.008250
v 0.001574 -0.001642 -0.008250
v 0.001274 -0.001885 -0.008250
v 0.000937 -0.002073 -0.008250
v 0.000573 -0.002202 -0.008250
v 0.000193 -0.002267 -0.008250
v -0.000193 -0.002267 -0.008250
v -0.000573 -0.002202 -0.008250
v -0.000937 -0.002073 -0.008250
v -0.001274 -0.001885 -0.008250
v -0.001574 -0.001642 -0.008250
v -0.001829 -0.001353 -0.008250
v -0.002031 -0.001024 -0.008250
v -0.002175 -0.000666 -0.008250
v -0.002257 -0.000289 -0.008250
v -0.002273 0.000097 -0.008250
v -0.002224 0.000479 -0.008250
v -0.002111 0.000848 -0.008250
v -0.001937 0.001193 -0.008250
v -0.001708 0.001503 -0.008250
v -0.001429 0.001770 -0.008250
v -0.001110 0.001986 -0.008250
v -0.000758 0.002145 -0.008250
v -0.000384 0.002242 -0.008250
v 0.001343 -0.002090 -0.008274
v 0.002459 -0.000354 -0.008274
v 0.002260 0.001032 -0.008274
v 0.000354 0.002459 -0.008274
v -0.001877 0.001627 -0.008274
v -0.002459 -0.000354 -0.008274
v -0.001343 -0.002090 -0.008274
v -0.001032 0.002260 -0.008274
v -0.001114 0.002440 -0.008346
v -0.001450 0.002256 -0.008346
v -0.001343 0.002090 -0.008274
v -0.001627 0.001877 -0.008274
v -0.002383 0.000700 -0.008274
v -0.002260 0.001032 -0.008274
v -0.002459 0.000354 -0.008274
v -0.002682 0.000000 -0.008346
v -0.002484 0.000000 -0.008274
v -0.002383 -0.000700 -0.008274
v -0.002260 -0.001032 -0.008274
v -0.001627 -0.001877 -0.008274
v -0.001877 -0.001627 -0.008274
v -0.001450 -0.002256 -0.008346
v -0.001114 -0.002440 -0.008346
v -0.001032 -0.002260 -0.008274
v -0.000700 -0.002383 -0.008274
v -0.000354 -0.002459 -0.008274
v 0.000354 -0.002459 -0.008274
v 0.000700 -0.002383 -0.008274
v 0.001114 -0.002440 -0.008346
v 0.001032 -0.002260 -0.008274
v 0.001450 -0.002256 -0.008346
v 0.001627 -0.001877 -0.008274
v 0.001877 -0.001627 -0.008274
v 0.002383 -0.000700 -0.008274
v 0.002260 -0.001032 -0.008274
v 0.002682 0.000000 -0.008346
v 0.002484 0.000000 -0.008274
v 0.002459 0.000354 -0.008274
v 0.002383 0.000700 -0.008274
v 0.001627 0.001877 -0.008274
v 0.001877 0.001627 -0.008274
v 0.001450 0.002256 -0.008346
v 0.001343 0.002090 -0.008274
v 0.001114 0.002440 -0.008346
v 0.001032 0.002260 -0.008274
v 0.000700 0.002383 -0.008274
v -0.000354 0.002459 -0.008274
v -0.000700 0.002383 -0.008274
v 0.000000 0.002275 -0.011325
v -0.000384 0.002242 -0.011325
v -0.000758 0.002145 -0.011325
v -0.001110 0.001986 -0.011325
v -0.001429 0.001770 -0.011325
v -0.001708 0.001503 -0.011325
v -0.001937 0.001193 -0.011325
v -0.002111 0.000848 -0.011325
v -0.002224 0.000479 -0.011325
v -0.002273 0.000097 -0.011325
v -0.002257 -0.000289 -0.011325
v -0.002175 -0.000666 -0.011325
v -0.002031 -0.001024 -0.011325
v -0.001829 -0.001353 -0.011325
v -0.001574 -0.001642 -0.011325
v -0.001274 -0.001885 -0.011325
v -0.000937 -0.002073 -0.011325
v -0.000573 -0.002202 -0.011325
v -0.000193 -0.002267 -0.011325
v 0.000193 -0.002267 -0.011325
v 0.000573 -0.002202 -0.011325
v 0.000937 -0.002073 -0.011325
v 0.001274 -0.001885 -0.011325
v 0.001574 -0.001642 -0.011325
v 0.001829 -0.001353 -0.011325
v 0.002031 -0.001024 -0.011325
v 0.002175 -0.000666 -0.011325
v 0.002257 -0.000289 -0.011325
v 0.002273 0.000097 -0.011325
v 0.002224 0.000479 -0.011325
v 0.002111 0.000848 -0.011325
v 0.001937 0.001193 -0.011325
v 0.001708 0.001503 -0.011325
v 0.001429 0.001770 -0.011325
v 0.001110 0.001986 -0.011325
v 0.000758 0.002145 -0.011325
v 0.000384 0.002242 -0.011325
v 0.000000 0.001800 -0.010450
v -0.000341 0.001767 -0.010450
v -0.000669 0.001671 -0.010450
v -0.000973 0.001514 -0.010450
v -0.001242 0.001303 -0.010450
v -0.001466 0.001044 -0.010450
v -0.001637 0.000748 -0.010450
v -0.001749 0.000424 -0.010450
v -0.001798 0.000086 -0.010450
v -0.001782 -0.000256 -0.010450
v -0.001701 -0.000589 -0.010450
v -0.001559 -0.000900 -0.010450
v -0.001360 -0.001179 -0.010450
v -0.001113 -0.001415 -0.010450
v -0.000825 -0.001600 -0.010450
v -0.000507 -0.001727 -0.010450
v -0.000171 -0.001792 -0.010450
v 0.000171 -0.001792 -0.010450
v 0.000507 -0.001727 -0.010450
v 0.000825 -0.001600 -0.010450
v 0.001113 -0.001415 -0.010450
v 0.001360 -0.001179 -0.010450
v 0.001559 -0.000900 -0.010450
v 0.001701 -0.000589 -0.010450
v 0.001782 -0.000256 -0.010450
v 0.001798 0.000086 -0.010450
v 0.001749 0.000424 -0.010450
v 0.001637 0.000748 -0.010450
v 0.001466 0.001044 -0.010450
v 0.001242 0.001303 -0.010450
v 0.000973 0.001514 -0.010450
v 0.000669 0.001671 -0.010450
v 0.000341 0.001767 -0.010450
v 0.000000 0.001800 -0.011800
v 0.000341 0.001767 -0.011800
v 0.000669 0.001671 -0.011800
v 0.000973 0.001514 -0.011800
v 0.001242 0.001303 -0.011800
v 0.001466 0.001044 -0.011800
v 0.001637 0.000748 -0.011800
v 0.001749 0.000424 -0.011800
v 0.001798 0.000086 -0.011800
v 0.001782 -0.000256 -0.011800
v 0.001701 -0.000589 -0.011800
v 0.001559 -0.000900 -0.011800
v 0.001360 -0.001179 -0.011800
v 0.001113 -0.001415 -0.011800
v 0.000825 -0.001600 -0.011800
v 0.000507 -0.001727 -0.011800
v 0.000171 -0.001792 -0.011800
v -0.000171 -0.001792 -0.011800
v -0.000507 -0.001727 -0.011800
v -0.000825 -0.001600 -0.011800
v -0.001113 -0.001415 -0.011800
v -0.001360 -0.001179 -0.011800
v -0.001559 -0.000900 -0.011800
v -0.001701 -0.000589 -0.011800
v -0.001782 -0.000256 -0.011800
v -0.001798 0.000086 -0.011800
v -0.001749 0.000424 -0.011800
v -0.001637 0.000748 -0.011800
v -0.001466 0.001044 -0.011800
v -0.001242 0.001303 -0.011800
v -0.000973 0.001514 -0.011800
v -0.000669 0.001671 -0.011800
v -0.000341 0.001767 -0.011800
v 0.000000 -0.001923 -0.011784
v 0.000000 -0.002038 -0.011736
v 0.000000 -0.002136 -0.011661
v 0.000000 -0.002211 -0.011563
v 0.000000 -0.002259 -0.011448
v 0.001208 -0.001496 -0.011784
v 0.001546 0.001143 -0.011784
v -0.001546 0.001143 -0.011784
v -0.001208 -0.001496 -0.011784
v -0.000163 0.001916 -0.011784
v -0.000173 0.002030 -0.011736
v -0.000181 0.002128 -0.011661
v -0.000188 0.002203 -0.011563
v -0.000192 0.002251 -0.011448
v 0.000192 0.002251 -0.011448
v 0.000188 0.002203 -0.011563
v 0.000181 0.002128 -0.011661
v 0.000173 0.002030 -0.011736
v 0.000163 0.001916 -0.011784
v -0.000485 0.001861 -0.011784
v -0.000513 0.001972 -0.011736
v -0.000538 0.002067 -0.011661
v -0.000557 0.002140 -0.011563
v -0.000569 0.002186 -0.011448
v -0.000792 0.001752 -0.011784
v -0.000839 0.001857 -0.011736
v -0.000880 0.001946 -0.011661
v -0.000911 0.002015 -0.011563
v -0.000930 0.002058 -0.011448
v -0.001077 0.001593 -0.011784
v -0.001141 0.001688 -0.011736
v -0.001196 0.001770 -0.011661
v -0.001238 0.001832 -0.011563
v -0.001265 0.001871 -0.011448
v -0.001331 0.001388 -0.011784
v -0.001410 0.001471 -0.011736
v -0.001478 0.001542 -0.011661
v -0.001530 0.001597 -0.011563
v -0.001563 0.001631 -0.011448
v -0.001717 0.000866 -0.011784
v -0.001819 0.000917 -0.011736
v -0.001907 0.000962 -0.011661
v -0.001975 0.000996 -0.011563
v -0.002017 0.001017 -0.011448
v -0.001816 0.001343 -0.011448
v -0.001778 0.001315 -0.011563
v -0.001717 0.001270 -0.011661
v -0.001638 0.001212 -0.011736
v -0.001839 0.000563 -0.011784
v -0.001948 0.000597 -0.011736
v -0.002042 0.000625 -0.011661
v -0.002114 0.000648 -0.011563
v -0.002160 0.000661 -0.011448
v -0.001907 0.000244 -0.011784
v -0.002021 0.000259 -0.011736
v -0.002119 0.000271 -0.011661
v -0.002193 0.000281 -0.011563
v -0.002241 0.000287 -0.011448
v -0.001921 -0.000082 -0.011784
v -0.002036 -0.000086 -0.011736
v -0.002134 -0.000091 -0.011661
v -0.002209 -0.000094 -0.011563
v -0.002257 -0.000096 -0.011448
v -0.001880 -0.000405 -0.011784
v -0.001992 -0.000429 -0.011736
v -0.002088 -0.000450 -0.011661
v -0.002162 -0.000466 -0.011563
v -0.002208 -0.000476 -0.011448
v -0.001784 -0.000717 -0.011784
v -0.001891 -0.000760 -0.011736
v -0.001982 -0.000796 -0.011661
v -0.002052 -0.000825 -0.011563
v -0.002096 -0.000842 -0.011448
v -0.001637 -0.001008 -0.011784
v -0.001735 -0.001068 -0.011736
v -0.001819 -0.001120 -0.011661
v -0.001883 -0.001159 -0.011563
v -0.001923 -0.001184 -0.011448
v -0.001444 -0.001270 -0.011784
v -0.001529 -0.001346 -0.011736
v -0.001603 -0.001411 -0.011661
v -0.001660 -0.001461 -0.011563
v -0.001696 -0.001492 -0.011448
v -0.000938 -0.001679 -0.011784
v -0.000994 -0.001779 -0.011736
v -0.001042 -0.001865 -0.011661
v -0.001078 -0.001931 -0.011563
v -0.001102 -0.001972 -0.011448
v -0.001419 -0.001757 -0.011448
v -0.001389 -0.001721 -0.011563
v -0.001342 -0.001662 -0.011661
v -0.001280 -0.001585 -0.011736
v -0.000641 -0.001813 -0.011784
v -0.000679 -0.001921 -0.011736
v -0.000712 -0.002014 -0.011661
v -0.000737 -0.002085 -0.011563
v -0.000752 -0.002130 -0.011448
v -0.000325 -0.001895 -0.011784
v -0.000344 -0.002008 -0.011736
v -0.000361 -0.002105 -0.011661
v -0.000374 -0.002180 -0.011563
v -0.000382 -0.002226 -0.011448
v 0.000325 -0.001895 -0.011784
v 0.000344 -0.002008 -0.011736
v 0.000361 -0.002105 -0.011661
v 0.000374 -0.002180 -0.011563
v 0.000382 -0.002226 -0.011448
v 0.000641 -0.001813 -0.011784
v 0.000679 -0.001921 -0.011736
v 0.000712 -0.002014 -0.011661
v 0.000737 -0.002085 -0.011563
v 0.000752 -0.002130 -0.011448
v 0.000938 -0.001679 -0.011784
v 0.000994 -0.001779 -0.011736
v 0.001042 -0.001865 -0.011661
v 0.001078 -0.001931 -0.011563
v 0.001102 -0.001972 -0.011448
v 0.001280 -0.001585 -0.011736
v 0.001342 -0.001662 -0.011661
v 0.001389 -0.001721 -0.011563
v 0.001419 -0.001757 -0.011448
v 0.001637 -0.001008 -0.011784
v 0.001735 -0.001068 -0.011736
v 0.001819 -0.001120 -0.011661
v 0.001883 -0.001159 -0.011563
v 0.001923 -0.001184 -0.011448
v 0.001696 -0.001492 -0.011448
v 0.001660 -0.001461 -0.011563
v 0.001603 -0.001411 -0.011661
v 0.001529 -0.001346 -0.011736
v 0.001444 -0.001270 -0.011784
v 0.001784 -0.000717 -0.011784
v 0.001891 -0.000760 -0.011736
v 0.001982 -0.000796 -0.011661
v 0.002052 -0.000825 -0.011563
v 0.002096 -0.000842 -0.011448
v 0.001880 -0.000405 -0.011784
v 0.001992 -0.000429 -0.011736
v 0.002088 -0.000450 -0.011661
v 0.002162 -0.000466 -0.011563
v 0.002208 -0.000476 -0.011448
v 0.001921 -0.000082 -0.011784
v 0.002036 -0.000086 -0.011736
v 0.002134 -0.000091 -0.011661
v 0.002209 -0.000094 -0.011563
v 0.002257 -0.000096 -0.011448
v 0.001907 0.000244 -0.011784
v 0.002021 0.000259 -0.011736
v 0.002119 0.000271 -0.011661
v 0.002193 0.000281 -0.011563
v 0.002241 0.000287 -0.011448
v 0.001839 0.000563 -0.011784
v 0.001948 0.000597 -0.011736
v 0.002042 0.000625 -0.011661
v 0.002114 0.000648 -0.011563
v 0.002160 0.000661 -0.011448
v 0.001717 0.000866 -0.011784
v 0.001819 0.000917 -0.011736
v 0.001907 0.000962 -0.011661
v 0.001975 0.000996 -0.011563
v 0.002017 0.001017 -0.011448
v 0.001638 0.001212 -0.011736
v 0.001717 0.001270 -0.011661
v 0.001778 0.001315 -0.011563
v 0.001816 0.001343 -0.011448
v 0.001077 0.001593 -0.011784
v 0.001141 0.001688 -0.011736
v 0.001196 0.001770 -0.011661
v 0.001238 0.001832 -0.011563
v 0.001265 0.001871 -0.011448
v 0.001563 0.001631 -0.011448
v 0.001530 0.001597 -0.011563
v 0.001478 0.001542 -0.011661
v 0.001410 0.001471 -0.011736
v 0.001331 0.001388 -0.011784
v 0.000792 0.001752 -0.011784
v 0.000839 0.001857 -0.011736
v 0.000880 0.001946 -0.011661
v 0.000911 0.002015 -0.011563
v 0.000930 0.002058 -0.011448
v 0.000485 0.001861 -0.011784
v 0.000513 0.001972 -0.011736
v 0.000538 0.002067 -0.011661
v 0.000557 0.002140 -0.011563
v 0.000569 0.002186 -0.011448
v 0.001250 0.000000 -0.010450
v 0.001219 0.000278 -0.010450
v 0.001126 0.000542 -0.010450
v 0.000977 0.000779 -0.010450
v 0.000779 0.000977 -0.010450
v 0.000542 0.001126 -0.010450
v 0.000278 0.001219 -0.010450
v 0.000000 0.001250 -0.010450
v -0.000278 0.001219 -0.010450
v -0.000542 0.001126 -0.010450
v -0.000779 0.000977 -0.010450
v -0.000977 0.000779 -0.010450
v -0.001126 0.000542 -0.010450
v -0.001219 0.000278 -0.010450
v -0.001250 0.000000 -0.010450
v -0.001219 -0.000278 -0.010450
v -0.001126 -0.000542 -0.010450
v -0.000977 -0.000779 -0.010450
v -0.000779 -0.000977 -0.010450
v -0.000542 -0.001126 -0.010450
v -0.000278 -0.001219 -0.010450
v 0.000000 -0.001250 -0.010450
v 0.000278 -0.001219 -0.010450
v 0.000542 -0.001126 -0.010450
v 0.000779 -0.000977 -0.010450
v 0.000977 -0.000779 -0.010450
v 0.001126 -0.000542 -0.010450
v 0.001219 -0.000278 -0.010450
v 0.001250 0.000000 -0.008250
v 0.001219 0.000278 -0.008250
v 0.001126 0.000542 -0.008250
v 0.000977 0.000779 -0.008250
v 0.000779 0.000977 -0.008250
v 0.000542 0.001126 -0.008250
v 0.000278 0.001219 -0.008250
v 0.000000 0.001250 -0.008250
v -0.000278 0.001219 -0.008250
v -0.000542 0.001126 -0.008250
v -0.000779 0.000977 -0.008250
v -0.000977 0.000779 -0.008250
v -0.001126 0.000542 -0.008250
v -0.001219 0.000278 -0.008250
v -0.001250 0.000000 -0.008250
v -0.001219 -0.000278 -0.008250
v -0.001126 -0.000542 -0.008250
v -0.000977 -0.000779 -0.008250
v -0.000779 -0.000977 -0.008250
v -0.000542 -0.001126 -0.008250
v -0.000278 -0.001219 -0.008250
v 0.000000 -0.001250 -0.008250
v 0.000278 -0.001219 -0.008250
v 0.000542 -0.001126 -0.008250
v 0.000779 -0.000977 -0.008250
v 0.000977 -0.000779 -0.008250
v 0.001126 -0.000542 -0.008250
v 0.001219 -0.000278 -0.008250
vn -0.0000 1.0000 -0.0000
vn -0.0000 1.0000 0.0001
vn -0.0000 1.0000 -0.0001
vn 0.2588 -0.0000 -0.9659
vn -0.0000 -0.0000 -1.0000
vn -0.2588 -0.0000 -0.9659
vn -0.5000 -0.0000 -0.8660
vn -0.7071 -0.0000 -0.7071
vn -0.8660 -0.0000 -0.5000
vn -0.9659 -0.0000 -0.2588
vn -1.0000 -0.0000 -0.0000
vn -0.9659 -0.0000 0.2588
vn -0.8660 -0.0000 0.5000
vn -0.7071 -0.0000 0.7071
vn -0.5000 -0.0000 0.8660
vn -0.2588 -0.0000 0.9659
vn -0.0000 -0.0000 1.0000
vn 0.2588 -0.0000 0.9659
vn 0.5000 -0.0000 0.8660
vn 0.7071 -0.0000 0.7071
vn 0.8660 -0.0000 0.5000
vn 0.9659 -0.0000 0.2588
vn 1.0000 -0.0000 -0.0000
vn 0.9659 -0.0000 -0.2588
vn 0.8660 -0.0000 -0.5000
vn 0.7071 -0.0000 -0.7071
vn 0.5000 -0.0000 -0.8660
vn -0.0000 -1.0000 -0.0000
vn 0.6830 -0.1830 -0.7071
vn 0.6830 0.1830 -0.7071
vn 0.6124 0.3536 -0.7071
vn 0.5000 0.5000 -0.7071
vn 0.3536 0.6124 -0.7071
vn 0.1830 0.6830 -0.7071
vn -0.0000 0.7071 -0.7071
vn -0.1830 0.6830 -0.7071
vn -0.3536 0.6124 -0.7071
vn -0.5000 0.5000 -0.7071
vn -0.6124 0.3536 -0.7071
vn -0.6830 0.1830 -0.7071
vn -0.6830 -0.1830 -0.7071
vn -0.6124 -0.3536 -0.7071
vn -0.5000 -0.5000 -0.7071
vn -0.3536 -0.6124 -0.7071
vn -0.1830 -0.6830 -0.7071
vn -0.0000 -0.7071 -0.7071
vn 0.1830 -0.6830 -0.7071
vn 0.3536 -0.6124 -0.7071
vn 0.5000 -0.5000 -0.7071
vn 0.6124 -0.3536 -0.7071
vn 0.9659 0.2588 -0.0000
vn 0.9659 -0.2588 -0.0000
vn 0.8660 -0.5000 -0.0000
vn 0.7071 -0.7071 -0.0000
vn 0.5000 -0.8660 -0.0000
vn 0.2588 -0.9659 -0.0000
vn -0.2588 -0.9659 -0.0000
vn -0.5000 -0.8660 -0.0000
vn -0.7071 -0.7071 -0.0000
vn -0.8660 -0.5000 -0.0000
vn -0.9659 -0.2588 -0.0000
vn -0.9659 0.2588 -0.0000
vn -0.8660 0.5000 -0.0000
vn -0.7071 0.7071 -0.0000
vn -0.5000 0.8660 -0.0000
vn -0.2588 0.9659 -0.0000
vn 0.2588 0.9659 -0.0000
vn 0.5000 0.8660 -0.0000
vn 0.7071 0.7071 -0.0000
vn 0.8660 0.5000 -0.0000
vn 0.6830 -0.1830 0.7071
vn 0.6830 0.1830 0.7071
vn 0.6124 0.3536 0.7071
vn 0.5000 0.5000 0.7071
vn 0.3536 0.6124 0.7071
vn 0.1830 0.6830 0.7071
vn -0.0000 0.7071 0.7071
vn -0.1830 0.6830 0.7071
vn -0.3536 0.6124 0.7071
vn -0.5000 0.5000 0.7071
vn -0.6124 0.3536 0.7071
vn -0.6830 0.1830 0.7071
vn -0.6830 -0.1830 0.7071
vn -0.6124 -0.3536 0.7071
vn -0.5000 -0.5000 0.7071
vn -0.3536 -0.6124 0.7071
vn -0.1830 -0.6830 0.7071
vn -0.0000 -0.7071 0.7071
vn 0.1830 -0.6830 0.7071
vn 0.3536 -0.6124 0.7071
vn 0.5000 -0.5000 0.7071
vn 0.6124 -0.3536 0.7071
vn -0.9865 -0.1640 -0.0000
vn -0.9462 -0.3236 -0.0000
vn -0.8661 -0.4999 -0.0000
vn -0.8803 -0.4744 -0.0000
vn -0.7906 -0.6123 -0.0000
vn -0.7070 -0.7072 -0.0000
vn -0.6794 -0.7337 -0.0000
vn -0.5499 -0.8352 -0.0000
vn -0.4999 -0.8661 -0.0000
vn -0.2500 -0.9682 -0.0000
vn -0.1677 -0.9858 -0.0000
vn -0.0841 -0.9965 -0.0000
vn -0.0841 -0.9965 -0.0001
vn -0.7906 -0.6124 -0.0000
vn -0.2500 -0.9682 -0.0010
vn -0.3535 -0.6124 -0.7071
vn -0.6124 -0.3535 0.7071
vn -0.7071 0.6565 0.2626
vn -0.7071 0.5761 0.4100
vn -0.7071 0.4631 0.5343
vn -0.7071 0.4632 0.5343
vn -0.7071 0.3241 0.6285
vn -0.7071 0.1667 0.6872
vn -0.7071 0.7014 0.0894
vn -0.7071 0.6845 0.1774
vn -0.7071 0.6845 0.1775
vn -0.7071 0.6565 -0.2626
vn -0.7071 0.6845 -0.1774
vn -0.7071 0.6845 -0.1775
vn -0.7071 0.7014 -0.0894
vn -0.7071 0.1668 -0.6872
vn -0.7071 0.1667 -0.6872
vn -0.7071 0.3241 -0.6285
vn -0.7071 0.4632 -0.5343
vn -0.7071 0.5761 -0.4100
vn 0.5499 -0.8352 -0.0000
vn 0.2500 -0.9682 -0.0000
vn 0.1677 -0.9858 -0.0000
vn 0.0841 -0.9965 -0.0000
vn 0.0841 -0.9965 0.0001
vn 0.7070 -0.7072 -0.0000
vn 0.6794 -0.7337 -0.0000
vn 0.7906 -0.6124 -0.0000
vn 0.8661 -0.4999 -0.0000
vn 0.8803 -0.4744 -0.0000
vn 0.9462 -0.3236 -0.0000
vn 0.9865 -0.1640 -0.0000
vn 0.2500 -0.9682 0.0010
vn 0.6124 -0.3535 -0.7071
vn 0.7071 0.6565 0.2626
vn 0.7071 0.5761 0.4100
vn 0.7071 0.4632 0.5343
vn 0.7071 0.3241 0.6285
vn 0.7071 0.1667 0.6872
vn 0.7071 0.1668 0.6872
vn 0.7071 0.7014 0.0894
vn 0.7071 0.6845 0.1774
vn 0.7071 0.6845 0.1775
vn 0.7071 0.6565 -0.2626
vn 0.7071 0.6845 -0.1774
vn 0.7071 0.6845 -0.1775
vn 0.7071 0.7014 -0.0894
vn 0.7071 0.1667 -0.6872
vn 0.7071 0.3241 -0.6285
vn 0.7071 0.4632 -0.5343
vn 0.7071 0.4631 -0.5343
vn 0.7071 0.5761 -0.4100
vn -0.0000 0.9285 -0.3714
vn -0.0000 0.8147 -0.5799
vn -0.0000 0.6550 -0.7556
vn -0.0000 0.4583 -0.8888
vn -0.0000 0.2358 -0.9718
vn -0.0000 0.9920 -0.1265
vn -0.0000 0.9680 -0.2510
vn -0.0000 0.9285 0.3714
vn -0.0000 0.9680 0.2510
vn -0.0000 0.9920 0.1265
vn -0.0000 0.2358 0.9718
vn -0.0000 0.4583 0.8888
vn -0.0000 0.6550 0.7556
vn -0.0000 0.8147 0.5799
vn -0.1758 0.6849 -0.7071
vn 0.1758 0.6849 -0.7071
vn 0.1831 0.6830 -0.7071
vn 0.3407 0.6196 -0.7071
vn 0.4840 0.5155 -0.7071
vn 0.5970 0.3789 -0.7071
vn 0.6124 0.3535 -0.7071
vn 0.6725 0.2185 -0.7071
vn 0.7057 0.0444 -0.7071
vn 0.6946 -0.1325 -0.7071
vn 0.6398 -0.3011 -0.7071
vn 0.5448 -0.4507 -0.7071
vn 0.4156 -0.5721 -0.7071
vn 0.2603 -0.6574 -0.7071
vn 0.0886 -0.7015 -0.7071
vn -0.0886 -0.7015 -0.7071
vn -0.2603 -0.6574 -0.7071
vn -0.4156 -0.5721 -0.7071
vn -0.5448 -0.4507 -0.7071
vn -0.6398 -0.3011 -0.7071
vn -0.6946 -0.1325 -0.7071
vn -0.7057 0.0444 -0.7071
vn -0.6725 0.2185 -0.7071
vn -0.6124 0.3535 -0.7071
vn -0.5970 0.3789 -0.7071
vn -0.4840 0.5155 -0.7071
vn -0.3407 0.6196 -0.7071
vn 0.2487 0.9686 -0.0000
vn -0.2487 0.9686 -0.0000
vn -0.4818 0.8763 -0.0000
vn -0.6845 0.7290 -0.0000
vn -0.8443 0.5358 -0.0000
vn -0.9511 0.3090 -0.0000
vn -0.9980 0.0628 -0.0000
vn -0.9823 -0.1874 -0.0000
vn -0.9048 -0.4258 -0.0000
vn -0.7705 -0.6374 -0.0000
vn -0.5878 -0.8090 -0.0000
vn -0.3681 -0.9298 -0.0000
vn -0.1253 -0.9921 -0.0000
vn 0.1253 -0.9921 -0.0000
vn 0.3681 -0.9298 -0.0000
vn 0.5878 -0.8090 -0.0000
vn 0.7705 -0.6374 -0.0000
vn 0.9048 -0.4258 -0.0000
vn 0.9823 -0.1874 -0.0000
vn 0.9980 0.0628 -0.0000
vn 0.9511 0.3090 -0.0000
vn 0.8443 0.5358 -0.0000
vn 0.6845 0.7290 -0.0000
vn 0.4818 0.8763 -0.0000
vn 0.1758 0.6849 0.7071
vn -0.1758 0.6849 0.7071
vn 0.3406 0.6196 0.7071
vn 0.4840 0.5155 0.7071
vn 0.5970 0.3789 0.7071
vn 0.6124 0.3535 0.7071
vn 0.6725 0.2185 0.7071
vn 0.7057 0.0444 0.7071
vn 0.6946 -0.1325 0.7071
vn 0.6398 -0.3011 0.7071
vn 0.5448 -0.4507 0.7071
vn 0.4156 -0.5721 0.7071
vn 0.2603 -0.6574 0.7071
vn 0.0886 -0.7015 0.7071
vn -0.0886 -0.7015 0.7071
vn -0.2603 -0.6574 0.7071
vn -0.4156 -0.5721 0.7071
vn -0.5448 -0.4507 0.7071
vn -0.6398 -0.3011 0.7071
vn -0.6946 -0.1325 0.7071
vn -0.7057 0.0444 0.7071
vn -0.6725 0.2185 0.7071
vn -0.6124 0.3535 0.7071
vn -0.5970 0.3789 0.7071
vn -0.4840 0.5155 0.7071
vn -0.3406 0.6196 0.7071
vn -0.0000 0.2201 -0.9755
vn 0.0328 0.2277 -0.9732
vn 0.0648 0.2207 -0.9732
vn 0.0956 0.2092 -0.9732
vn 0.1244 0.1935 -0.9732
vn 0.1507 0.1738 -0.9732
vn 0.1738 0.1506 -0.9732
vn 0.1906 0.1100 -0.9755
vn 0.2092 0.0956 -0.9732
vn 0.2301 0.0920 -0.9688
vn 0.2207 0.0648 -0.9732
vn 0.3252 0.0788 -0.9424
vn 0.2277 0.0327 -0.9732
vn 0.4701 0.0511 -0.8811
vn 0.4477 -0.0000 -0.8942
vn 0.6414 -0.0000 -0.7672
vn 0.4701 -0.0511 -0.8811
vn -0.0648 0.2207 -0.9732
vn -0.0328 0.2277 -0.9732
vn -0.0354 0.2453 -0.9688
vn -0.0944 0.3210 -0.9424
vn -0.0956 0.2092 -0.9732
vn -0.1860 0.4072 -0.8942
vn -0.2421 0.3766 -0.8942
vn -0.3207 0.5555 -0.7672
vn -0.2792 0.3816 -0.8812
vn -0.1244 0.1935 -0.9732
vn -0.1506 0.1738 -0.9732
vn -0.1947 0.1533 -0.9688
vn -0.1738 0.1506 -0.9732
vn -0.2308 0.2422 -0.9424
vn -0.2092 0.0956 -0.9732
vn -0.1906 0.1100 -0.9755
vn -0.2207 0.0648 -0.9732
vn -0.2277 0.0327 -0.9732
vn -0.2300 -0.0000 -0.9732
vn -0.2277 -0.0327 -0.9732
vn -0.2207 -0.0648 -0.9732
vn -0.2093 -0.0956 -0.9732
vn -0.2301 -0.0920 -0.9688
vn -0.1906 -0.1100 -0.9755
vn -0.1739 -0.1506 -0.9732
vn -0.1506 -0.1738 -0.9732
vn -0.1244 -0.1935 -0.9732
vn -0.0956 -0.2092 -0.9732
vn -0.0649 -0.2207 -0.9732
vn -0.0944 -0.3210 -0.9424
vn -0.0354 -0.2453 -0.9688
vn -0.0328 -0.2277 -0.9732
vn -0.0000 -0.2201 -0.9755
vn 0.0328 -0.2277 -0.9732
vn -0.0000 -0.0001 -1.0000
vn 0.0649 -0.2207 -0.9732
vn 0.0956 -0.2092 -0.9732
vn 0.1244 -0.1935 -0.9732
vn 0.2421 -0.3766 -0.8942
vn 0.2793 -0.3816 -0.8812
vn 0.3207 -0.5555 -0.7672
vn 0.1506 -0.1738 -0.9732
vn 0.2308 -0.2422 -0.9424
vn 0.1738 -0.1506 -0.9732
vn 0.1947 -0.1533 -0.9688
vn 0.1906 -0.1100 -0.9755
vn 0.2093 -0.0956 -0.9732
vn 0.2207 -0.0648 -0.9732
vn 0.2277 -0.0327 -0.9732
vn 0.3252 -0.0788 -0.9424
vn 0.2300 -0.0000 -0.9732
vn -0.4701 -0.0511 -0.8811
vn -0.6414 -0.0000 -0.7672
vn -0.4477 -0.0000 -0.8942
vn -0.4701 0.0511 -0.8811
vn -0.3252 0.0788 -0.9424
vn -0.2301 0.0920 -0.9688
vn -0.1908 0.4327 -0.8811
vn 0.0354 0.2453 -0.9688
vn 0.0944 0.3210 -0.9424
vn 0.1860 0.4073 -0.8942
vn 0.1908 0.4327 -0.8811
vn 0.3207 0.5555 -0.7672
vn 0.2421 0.3766 -0.8942
vn 0.2793 0.3816 -0.8812
vn 0.2308 0.2422 -0.9424
vn 0.1948 0.1533 -0.9688
vn 0.2301 -0.0920 -0.9688
vn 0.1860 -0.4072 -0.8942
vn 0.1908 -0.4327 -0.8811
vn 0.0944 -0.3210 -0.9424
vn 0.0354 -0.2453 -0.9688
vn -0.1860 -0.4073 -0.8942
vn -0.1908 -0.4327 -0.8811
vn -0.3207 -0.5555 -0.7672
vn -0.2421 -0.3766 -0.8942
vn -0.2793 -0.3816 -0.8812
vn -0.2308 -0.2422 -0.9424
vn -0.1948 -0.1533 -0.9688
vn -0.3252 -0.0788 -0.9424
vn -0.2793 0.3816 0.8811
vn -0.2421 0.3766 0.8942
vn -0.3207 0.5555 0.7672
vn -0.1860 0.4073 0.8942
vn -0.1908 0.4326 0.8811
vn -0.0944 0.3210 0.9424
vn -0.0956 0.2092 0.9732
vn -0.0649 0.2207 0.9732
vn -0.2308 0.2422 0.9424
vn -0.1244 0.1935 0.9732
vn -0.1948 0.1533 0.9688
vn -0.1738 0.1506 0.9732
vn -0.1506 0.1738 0.9732
vn -0.1906 0.1100 0.9755
vn -0.2092 0.0956 0.9732
vn -0.2301 0.0920 0.9688
vn -0.2207 0.0648 0.9732
vn -0.3252 0.0788 0.9424
vn -0.2277 0.0327 0.9732
vn -0.4701 0.0511 0.8812
vn -0.4477 -0.0000 0.8942
vn -0.6414 -0.0000 0.7672
vn -0.4701 -0.0511 0.8811
vn -0.3252 -0.0788 0.9424
vn -0.2300 -0.0000 0.9732
vn -0.2301 -0.0920 0.9688
vn -0.2207 -0.0648 0.9732
vn -0.2277 -0.0327 0.9732
vn -0.2092 -0.0955 0.9732
vn -0.1906 -0.1100 0.9755
vn -0.1947 -0.1533 0.9688
vn -0.1738 -0.1506 0.9732
vn -0.2308 -0.2422 0.9424
vn -0.1506 -0.1738 0.9732
vn -0.2792 -0.3816 0.8812
vn -0.1244 -0.1935 0.9732
vn -0.2421 -0.3766 0.8942
vn -0.0956 -0.2092 0.9732
vn -0.1860 -0.4073 0.8942
vn -0.0944 -0.3210 0.9424
vn -0.1908 -0.4326 0.8811
vn -0.3207 -0.5555 0.7672
vn -0.0649 -0.2207 0.9732
vn -0.0354 -0.2453 0.9688
vn -0.0328 -0.2276 0.9732
vn -0.0000 -0.2201 0.9755
vn 0.0328 -0.2277 0.9732
vn 0.0649 -0.2207 0.9732
vn 0.0956 -0.2092 0.9732
vn 0.1244 -0.1935 0.9732
vn 0.1860 -0.4073 0.8942
vn 0.2421 -0.3766 0.8942
vn 0.3207 -0.5555 0.7672
vn 0.2793 -0.3816 0.8811
vn 0.0354 -0.2453 0.9688
vn 0.0944 -0.3210 0.9424
vn 0.1908 -0.4326 0.8811
vn 0.2308 -0.2422 0.9424
vn 0.1948 -0.1533 0.9688
vn 0.1738 -0.1506 0.9732
vn 0.1506 -0.1738 0.9732
vn 0.1906 -0.1100 0.9755
vn 0.2301 -0.0920 0.9688
vn 0.2092 -0.0955 0.9732
vn 0.2207 -0.0648 0.9732
vn 0.3252 -0.0788 0.9424
vn 0.2277 -0.0327 0.9732
vn 0.4701 -0.0511 0.8812
vn 0.4477 -0.0000 0.8942
vn 0.6414 -0.0000 0.7672
vn 0.4701 0.0511 0.8811
vn 0.3252 0.0788 0.9424
vn 0.2300 -0.0000 0.9732
vn 0.2301 0.0920 0.9688
vn 0.2207 0.0648 0.9732
vn 0.2277 0.0327 0.9732
vn 0.2092 0.0956 0.9732
vn 0.1906 0.1100 0.9755
vn 0.1948 0.1533 0.9688
vn 0.1738 0.1506 0.9732
vn 0.1506 0.1738 0.9732
vn 0.2308 0.2422 0.9424
vn 0.2792 0.3816 0.8812
vn 0.3207 0.5555 0.7672
vn 0.2421 0.3766 0.8942
vn 0.1244 0.1935 0.9732
vn 0.1860 0.4073 0.8942
vn 0.1908 0.4326 0.8811
vn 0.0944 0.3210 0.9424
vn 0.0354 0.2453 0.9688
vn 0.0649 0.2207 0.9732
vn 0.0956 0.2092 0.9732
vn 0.0328 0.2276 0.9732
vn -0.0000 0.2201 0.9755
vn -0.0328 0.2276 0.9732
vn -0.0354 0.2453 0.9688
vn 0.1690 0.9856 -0.0000
vn -0.1690 0.9856 -0.0000
vn -0.3331 0.9429 -0.0000
vn -0.4877 0.8730 -0.0000
vn -0.6282 0.7780 -0.0000
vn -0.7507 0.6607 -0.0000
vn -0.8515 0.5243 -0.0000
vn -0.9279 0.3729 -0.0000
vn -0.9776 0.2107 -0.0000
vn -0.9991 0.0424 -0.0000
vn -0.9919 -0.1270 -0.0000
vn -0.9562 -0.2928 -0.0000
vn -0.8929 -0.4502 -0.0000
vn -0.8040 -0.5946 -0.0000
vn -0.6919 -0.7219 -0.0000
vn -0.6919 -0.7220 -0.0000
vn -0.5600 -0.8285 -0.0000
vn -0.4119 -0.9112 -0.0000
vn -0.2520 -0.9677 -0.0000
vn -0.0848 -0.9964 -0.0000
vn 0.0848 -0.9964 -0.0000
vn 0.2520 -0.9677 -0.0000
vn 0.4119 -0.9112 -0.0000
vn 0.5600 -0.8285 -0.0000
vn 0.6919 -0.7220 -0.0000
vn 0.8040 -0.5946 -0.0000
vn 0.8929 -0.4502 -0.0000
vn 0.9562 -0.2928 -0.0000
vn 0.9919 -0.1270 -0.0000
vn 0.9991 0.0424 -0.0000
vn 0.9776 0.2107 -0.0000
vn 0.9279 0.3728 -0.0000
vn 0.9279 0.3729 -0.0000
vn 0.8515 0.5243 -0.0000
vn 0.7507 0.6607 -0.0000
vn 0.6282 0.7780 -0.0000
vn 0.4877 0.8730 -0.0000
vn 0.3331 0.9429 -0.0000
vn 0.1893 -0.9819 -0.0000
vn -0.1893 -0.9819 -0.0000
vn -0.3717 -0.9284 -0.0000
vn -0.5406 -0.8413 -0.0000
vn -0.6901 -0.7237 -0.0000
vn -0.8146 -0.5801 -0.0000
vn -0.9096 -0.4154 -0.0000
vn -0.9718 -0.2358 -0.0000
vn -0.9989 -0.0476 -0.0000
vn -0.9898 0.1423 -0.0000
vn -0.9450 0.3271 -0.0000
vn -0.7558 0.6549 -0.0000
vn -0.6182 0.7861 -0.0000
vn -0.4582 0.8888 -0.0000
vn -0.2817 0.9595 -0.0000
vn -0.0951 0.9955 -0.0000
vn 0.0951 0.9955 -0.0000
vn 0.2817 0.9595 -0.0000
vn 0.4582 0.8888 -0.0000
vn 0.6182 0.7861 -0.0000
vn 0.7558 0.6549 -0.0000
vn 0.9450 0.3271 -0.0000
vn 0.9898 0.1423 -0.0000
vn 0.9989 -0.0476 -0.0000
vn 0.9718 -0.2358 -0.0000
vn 0.9096 -0.4154 -0.0000
vn 0.8146 -0.5801 -0.0000
vn 0.6901 -0.7237 -0.0000
vn 0.5406 -0.8413 -0.0000
vn 0.3717 -0.9284 -0.0000
vn -0.0000 0.0001 -1.0000
vn -0.0219 0.2579 -0.9659
vn 0.0220 0.2579 -0.9659
vn 0.0652 0.2505 -0.9659
vn 0.1066 0.2359 -0.9659
vn 0.1449 0.2144 -0.9659
vn 0.1791 0.1869 -0.9659
vn 0.2081 0.1539 -0.9659
vn 0.3460 0.3610 -0.8660
vn 0.4020 0.2973 -0.8660
vn 0.4893 0.5105 -0.7071
vn 0.5685 0.4205 -0.7071
vn 0.5992 0.6252 -0.5000
vn 0.6963 0.5150 -0.5000
vn 0.6684 0.6974 -0.2588
vn 0.7766 0.5744 -0.2588
vn -0.0652 0.2505 -0.9659
vn -0.1066 0.2359 -0.9659
vn -0.1449 0.2144 -0.9659
vn -0.1791 0.1869 -0.9659
vn -0.2081 0.1539 -0.9659
vn -0.4020 0.2973 -0.8660
vn -0.4465 0.2251 -0.8660
vn -0.6314 0.3183 -0.7071
vn -0.6761 0.2071 -0.7071
vn -0.8281 0.2536 -0.5000
vn -0.8590 0.1100 -0.5000
vn -0.9581 0.1227 -0.2588
vn -0.9650 -0.0410 -0.2588
vn -0.9442 -0.2035 -0.2588
vn -0.8963 -0.3602 -0.2588
vn -0.8225 -0.5064 -0.2588
vn -0.7251 -0.6382 -0.2588
vn -0.6068 -0.7515 -0.2588
vn -0.4711 -0.8433 -0.2588
vn -0.3218 -0.9108 -0.2588
vn -0.1632 -0.9520 -0.2588
vn -0.0000 -0.9659 -0.2588
vn 0.1632 -0.9520 -0.2588
vn 0.3218 -0.9108 -0.2588
vn 0.4711 -0.8433 -0.2588
vn 0.6068 -0.7515 -0.2588
vn 0.7251 -0.6382 -0.2588
vn 0.8225 -0.5064 -0.2588
vn 0.8963 -0.3602 -0.2588
vn 0.9442 -0.2035 -0.2588
vn 0.9650 -0.0410 -0.2588
vn 0.9581 0.1227 -0.2588
vn 0.9236 0.2828 -0.2588
vn 0.8625 0.4349 -0.2588
vn -0.2311 0.1165 -0.9659
vn -0.4781 0.1464 -0.8660
vn -0.7014 0.0898 -0.7071
vn -0.8653 -0.0368 -0.5000
vn -0.2475 0.0758 -0.9659
vn -0.4960 0.0635 -0.8660
vn -0.7065 -0.0300 -0.7071
vn -0.8466 -0.1825 -0.5000
vn -0.2567 0.0329 -0.9659
vn -0.4996 -0.0212 -0.8660
vn -0.6912 -0.1490 -0.7071
vn -0.8036 -0.3229 -0.5000
vn -0.2586 -0.0110 -0.9659
vn -0.4888 -0.1053 -0.8660
vn -0.6561 -0.2636 -0.7071
vn -0.7375 -0.4541 -0.5000
vn -0.0001 -0.0000 -1.0000
vn -0.2530 -0.0545 -0.9659
vn -0.4639 -0.1864 -0.8660
vn -0.6022 -0.3708 -0.7071
vn -0.6501 -0.5722 -0.5000
vn -0.2402 -0.0965 -0.9659
vn -0.4258 -0.2622 -0.8660
vn -0.5308 -0.4672 -0.7071
vn -0.5440 -0.6738 -0.5000
vn -0.2204 -0.1357 -0.9659
vn -0.3754 -0.3304 -0.8660
vn -0.4442 -0.5502 -0.7071
vn -0.4224 -0.7561 -0.5000
vn -0.1943 -0.1710 -0.9659
vn -0.3141 -0.3890 -0.8660
vn -0.3449 -0.6173 -0.7071
vn -0.2885 -0.8166 -0.5000
vn -0.1626 -0.2014 -0.9659
vn -0.1262 -0.2260 -0.9659
vn -0.0862 -0.2441 -0.9659
vn -0.0437 -0.2551 -0.9659
vn -0.0000 -0.2588 -0.9659
vn 0.0437 -0.2551 -0.9659
vn 0.0862 -0.2441 -0.9659
vn 0.1262 -0.2260 -0.9659
vn 0.1626 -0.2014 -0.9659
vn 0.1943 -0.1710 -0.9659
vn 0.2204 -0.1357 -0.9659
vn 0.4258 -0.2622 -0.8660
vn 0.4639 -0.1864 -0.8660
vn 0.6561 -0.2636 -0.7071
vn 0.6912 -0.1490 -0.7071
vn 0.8466 -0.1825 -0.5000
vn 0.8653 -0.0368 -0.5000
vn 0.2402 -0.0965 -0.9659
vn 0.4888 -0.1053 -0.8660
vn 0.7065 -0.0300 -0.7071
vn 0.8590 0.1100 -0.5000
vn 0.2530 -0.0545 -0.9659
vn 0.4996 -0.0212 -0.8660
vn 0.7014 0.0898 -0.7071
vn 0.8281 0.2536 -0.5000
vn 0.0001 -0.0000 -1.0000
vn 0.2586 -0.0110 -0.9659
vn 0.4960 0.0635 -0.8660
vn 0.6761 0.2071 -0.7071
vn 0.7733 0.3899 -0.5000
vn 0.2567 0.0329 -0.9659
vn 0.4781 0.1464 -0.8660
vn 0.6314 0.3183 -0.7071
vn 0.2475 0.0758 -0.9659
vn 0.4465 0.2251 -0.8660
vn 0.2311 0.1165 -0.9659
vn 0.0819 0.9625 -0.2588
vn -0.0819 0.9625 -0.2588
vn -0.2434 0.9348 -0.2588
vn -0.3979 0.8802 -0.2588
vn -0.5409 0.8003 -0.2588
vn -0.6684 0.6974 -0.2588
vn -0.7766 0.5744 -0.2588
vn -0.8625 0.4349 -0.2588
vn -0.9236 0.2828 -0.2588
vn 0.2434 0.9348 -0.2588
vn 0.3979 0.8802 -0.2588
vn 0.5409 0.8003 -0.2588
vn -0.0000 -0.5000 -0.8660
vn -0.0845 -0.4928 -0.8660
vn -0.1666 -0.4714 -0.8660
vn -0.2439 -0.4365 -0.8660
vn -0.1195 -0.6969 -0.7071
vn -0.2356 -0.6667 -0.7071
vn 0.0845 -0.4928 -0.8660
vn 0.1666 -0.4715 -0.8660
vn 0.2439 -0.4365 -0.8660
vn 0.3141 -0.3890 -0.8660
vn 0.3754 -0.3304 -0.8660
vn -0.0000 -0.8660 -0.5000
vn -0.1464 -0.8536 -0.5000
vn 0.1195 -0.6970 -0.7071
vn 0.2356 -0.6667 -0.7071
vn 0.3449 -0.6173 -0.7071
vn 0.4442 -0.5502 -0.7071
vn 0.5308 -0.4672 -0.7071
vn 0.6021 -0.3707 -0.7071
vn 0.1464 -0.8536 -0.5000
vn 0.2885 -0.8166 -0.4999
vn 0.4224 -0.7561 -0.5000
vn 0.5440 -0.6738 -0.5000
vn 0.6501 -0.5722 -0.5000
vn 0.7375 -0.4541 -0.5000
vn 0.8036 -0.3229 -0.5000
vn -0.0424 0.4982 -0.8660
vn 0.0424 0.4982 -0.8660
vn 0.1260 0.4838 -0.8660
vn 0.2059 0.4556 -0.8660
vn 0.2800 0.4143 -0.8660
vn -0.0600 0.7046 -0.7071
vn 0.0600 0.7045 -0.7071
vn 0.1782 0.6843 -0.7071
vn 0.2913 0.6444 -0.7071
vn 0.3960 0.5859 -0.7071
vn -0.1260 0.4838 -0.8660
vn -0.2059 0.4556 -0.8660
vn -0.2800 0.4143 -0.8660
vn -0.3460 0.3610 -0.8660
vn -0.0734 0.8629 -0.5000
vn 0.0734 0.8629 -0.5000
vn 0.2182 0.8381 -0.5000
vn 0.3567 0.7892 -0.5000
vn 0.4850 0.7175 -0.5000
vn -0.1782 0.6843 -0.7071
vn -0.2913 0.6443 -0.7071
vn -0.3960 0.5859 -0.7071
vn -0.4893 0.5105 -0.7071
vn -0.5685 0.4205 -0.7071
vn -0.2182 0.8381 -0.5000
vn -0.3567 0.7892 -0.5000
vn -0.4850 0.7175 -0.5000
vn -0.5992 0.6252 -0.5000
vn -0.6963 0.5150 -0.5000
vn -0.7733 0.3899 -0.5000
vn -0.9749 0.2225 -0.0000
vn -0.9749 -0.2225 -0.0000
vn -0.9010 -0.4339 -0.0000
vn -0.7818 -0.6235 -0.0000
vn -0.6235 -0.7818 -0.0000
vn -0.4339 -0.9010 -0.0000
vn -0.2225 -0.9749 -0.0000
vn 0.2225 -0.9749 -0.0000
vn 0.4339 -0.9010 -0.0000
vn 0.6235 -0.7818 -0.0000
vn 0.7818 -0.6235 -0.0000
vn 0.9010 -0.4339 -0.0000
vn 0.9749 -0.2225 -0.0000
vn 0.9749 0.2225 -0.0000
vn 0.9010 0.4339 -0.0000
vn 0.7818 0.6235 -0.0000
vn 0.6235 0.7818 -0.0000
vn 0.4339 0.9010 -0.0000
vn 0.2225 0.9749 -0.0000
vn -0.2225 0.9749 -0.0000
vn -0.4339 0.9010 -0.0000
vn -0.6235 0.7818 -0.0000
vn -0.7818 0.6235 -0.0000
vn -0.9010 0.4339 -0.0000
vt 0.000000 0.000000
vt -0.051764 -0.006815
vt 0.051764 -0.006815
vt 0.100000 -0.026795
vt -0.100000 -0.026795
vt 0.141421 -0.058579
vt -0.141421 -0.058579
vt 0.173205 -0.100000
vt -0.173205 -0.100000
vt 0.193185 -0.148236
vt -0.193185 -0.148236
vt 0.200000 -0.200000
vt -0.200000 -0.200000
vt 0.193185 -0.251764
vt -0.193185 -0.251764
vt 0.173205 -0.300000
vt -0.173205 -0.300000
vt 0.141421 -0.341421
vt -0.141421 -0.341421
vt 0.100000 -0.373205
vt -0.100000 -0.373205
vt 0.051764 -0.393185
vt -0.051764 -0.393185
vt 0.000000 -0.400000
vt 5.850000 0.052360
vt 4.786364 0.052360
vt 5.850000 0.000000
vt 4.786364 0.000000
vt 5.850000 -0.052360
vt 4.786364 -0.052360
vt 5.850000 -0.104720
vt 4.786364 -0.104720
vt 5.850000 -0.157080
vt 4.786364 -0.157080
vt 5.850000 -0.209440
vt 4.786364 -0.209440
vt 5.850000 -0.261799
vt 4.786364 -0.261799
vt 5.850000 -0.314159
vt 4.786364 -0.314159
vt 5.850000 -0.366519
vt 4.786364 -0.366519
vt 5.850000 -0.418879
vt 4.786364 -0.418879
vt 5.850000 -0.471239
vt 4.786364 -0.471239
vt 5.850000 -0.523599
vt 4.786364 -0.523599
vt 5.850000 -0.575959
vt 4.786364 -0.575959
vt 5.850000 -0.628319
vt 4.786364 -0.628319
vt 5.850000 0.628319
vt 4.786364 0.628319
vt 5.850000 0.575959
vt 4.786364 0.575959
vt 5.850000 0.523599
vt 4.786364 0.523599
vt 5.850000 0.471239
vt 4.786364 0.471239
vt 5.850000 0.418879
vt 4.786364 0.418879
vt 5.850000 0.366519
vt 4.786364 0.366519
vt 5.850000 0.314159
vt 4.786364 0.314159
vt 5.850000 0.261799
vt 4.786364 0.261799
vt 5.850000 0.209440
vt 4.786364 0.209440
vt 5.850000 0.157080
vt 4.786364 0.157080
vt 5.850000 0.104720
vt 4.786364 0.104720
vt -5.850000 -0.052360
vt -4.786364 -0.052360
vt -5.850000 0.000000
vt -4.786364 0.000000
vt -5.850000 0.052360
vt -4.786364 0.052360
vt -5.850000 0.104720
vt -4.786364 0.104720
vt -5.850000 0.157080
vt -4.786364 0.157080
vt -5.850000 0.209440
vt -4.786364 0.209440
vt -5.850000 0.261799
vt -4.786364 0.261799
vt -5.850000 0.314159
vt -4.786364 0.314159
vt -5.850000 0.366519
vt -4.786364 0.366519
vt -5.850000 0.418879
vt -4.786364 0.418879
vt -5.850000 0.471239
vt -4.786364 0.471239
vt -5.850000 0.523599
vt -4.786364 0.523599
vt -5.850000 0.575959
vt -4.786364 0.575959
vt -5.850000 0.628319
vt -4.786364 0.628319
vt -5.850000 -0.628319
vt -4.786364 -0.628319
vt -5.850000 -0.575959
vt -4.786364 -0.575959
vt -5.850000 -0.523599
vt -4.786364 -0.523599
vt -5.850000 -0.471239
vt -4.786364 -0.471239
vt -5.850000 -0.418879
vt -4.786364 -0.418879
vt -5.850000 -0.366519
vt -4.786364 -0.366519
vt -5.850000 -0.314159
vt -4.786364 -0.314159
vt -5.850000 -0.261799
vt -4.786364 -0.261799
vt -5.850000 -0.209440
vt -4.786364 -0.209440
vt -5.850000 -0.157080
vt -4.786364 -0.157080
vt -5.850000 -0.104720
vt -4.786364 -0.104720
vt 3.722727 0.628319
vt 3.722727 0.575959
vt 3.722727 0.523599
vt 3.722727 0.471239
vt 3.722727 0.418879
vt 3.722727 0.366519
vt 3.722727 0.314159
vt 3.722727 0.261799
vt 3.722727 0.209440
vt 3.722727 0.157080
vt 3.722727 0.104720
vt 3.722727 0.052360
vt 3.722727 0.000000
vt 3.722727 -0.052360
vt 3.722727 -0.104720
vt 3.722727 -0.157080
vt 3.722727 -0.209440
vt 3.722727 -0.261799
vt 3.722727 -0.314159
vt 3.722727 -0.366519
vt 3.722727 -0.418879
vt 3.722727 -0.471239
vt 3.722727 -0.523599
vt 3.722727 -0.575959
vt 3.722727 -0.628319
vt 2.659091 0.628319
vt 2.659091 0.575959
vt 2.659091 0.523599
vt 2.659091 0.471239
vt 2.659091 0.418879
vt 2.659091 0.366519
vt 2.659091 0.314159
vt 2.659091 0.261799
vt 2.659091 0.209440
vt 2.659091 0.157080
vt 2.659091 0.104720
vt 2.659091 0.052360
vt 2.659091 0.000000
vt 2.659091 -0.052360
vt 2.659091 -0.104720
vt 2.659091 -0.157080
vt 2.659091 -0.209440
vt 2.659091 -0.261799
vt 2.659091 -0.314159
vt 2.659091 -0.366519
vt 2.659091 -0.418879
vt 2.659091 -0.471239
vt 2.659091 -0.523599
vt 2.659091 -0.575959
vt 2.659091 -0.628319
vt 1.595455 0.628319
vt 1.595455 0.575959
vt 1.595455 0.523599
vt 1.595455 0.471239
vt 1.595455 0.418879
vt 1.595455 0.366519
vt 1.595455 0.314159
vt 1.595455 0.261799
vt 1.595455 0.209440
vt 1.595455 0.157080
vt 1.595455 0.104720
vt 1.595455 0.052360
vt 1.595455 0.000000
vt 1.595455 -0.052360
vt 1.595455 -0.104720
vt 1.595455 -0.157080
vt 1.595455 -0.209440
vt 1.595455 -0.261799
vt 1.595455 -0.314159
vt 1.595455 -0.366519
vt 1.595455 -0.418879
vt 1.595455 -0.471239
vt 1.595455 -0.523599
vt 1.595455 -0.575959
vt 1.595455 -0.628319
vt 0.531818 0.628319
vt 0.531818 0.575959
vt 0.531818 0.523599
vt 0.531818 0.471239
vt 0.531818 0.418879
vt 0.531818 0.366519
vt 0.531818 0.314159
vt 0.531818 0.261799
vt 0.531818 0.209440
vt 0.531818 0.157080
vt 0.531818 0.104720
vt 0.531818 0.052360
vt 0.531818 0.000000
vt 0.531818 -0.052360
vt 0.531818 -0.104720
vt 0.531818 -0.157080
vt 0.531818 -0.209440
vt 0.531818 -0.261799
vt 0.531818 -0.314159
vt 0.531818 -0.366519
vt 0.531818 -0.418879
vt 0.531818 -0.471239
vt 0.531818 -0.523599
vt 0.531818 -0.575959
vt 0.531818 -0.628319
vt -0.531818 0.628319
vt -0.531818 0.575959
vt -0.531818 0.523599
vt -0.531818 0.471239
vt -0.531818 0.418879
vt -0.531818 0.366519
vt -0.531818 0.314159
vt -0.531818 0.261799
vt -0.531818 0.209440
vt -0.531818 0.157080
vt -0.531818 0.104720
vt -0.531818 0.052360
vt -0.531818 0.000000
vt -0.531818 -0.052360
vt -0.531818 -0.104720
vt -0.531818 -0.157080
vt -0.531818 -0.209440
vt -0.531818 -0.261799
vt -0.531818 -0.314159
vt -0.531818 -0.366519
vt -0.531818 -0.418879
vt -0.531818 -0.471239
vt -0.531818 -0.523599
vt -0.531818 -0.575959
vt -0.531818 -0.628319
vt -1.595455 0.628319
vt -1.595455 0.575959
vt -1.595455 0.523599
vt -1.595455 0.471239
vt -1.595455 0.418879
vt -1.595455 0.366519
vt -1.595455 0.314159
vt -1.595455 0.261799
vt -1.595455 0.209440
vt -1.595455 0.157080
vt -1.595455 0.104720
vt -1.595455 0.052360
vt -1.595455 0.000000
vt -1.595455 -0.052360
vt -1.595455 -0.104720
vt -1.595455 -0.157080
vt -1.595455 -0.209440
vt -1.595455 -0.261799
vt -1.595455 -0.314159
vt -1.595455 -0.366519
vt -1.595455 -0.418879
vt -1.595455 -0.471239
vt -1.595455 -0.523599
vt -1.595455 -0.575959
vt -1.595455 -0.628319
vt -2.659091 0.628319
vt -2.659091 0.575959
vt -2.659091 0.523599
vt -2.659091 0.471239
vt -2.659091 0.418879
vt -2.659091 0.366519
vt -2.659091 0.314159
vt -2.659091 0.261799
vt -2.659091 0.209440
vt -2.659091 0.157080
vt -2.659091 0.104720
vt -2.659091 0.052360
vt -2.659091 0.000000
vt -2.659091 -0.052360
vt -2.659091 -0.104720
vt -2.659091 -0.157080
vt -2.659091 -0.209440
vt -2.659091 -0.261799
vt -2.659091 -0.314159
vt -2.659091 -0.366519
vt -2.659091 -0.418879
vt -2.659091 -0.471239
vt -2.659091 -0.523599
vt -2.659091 -0.575959
vt -2.659091 -0.628319
vt -3.722727 0.628319
vt -3.722727 0.575959
vt -3.722727 0.523599
vt -3.722727 0.471239
vt -3.722727 0.418879
vt -3.722727 0.366519
vt -3.722727 0.314159
vt -3.722727 0.261799
vt -3.722727 0.209440
vt -3.722727 0.157080
vt -3.722727 0.104720
vt -3.722727 0.052360
vt -3.722727 0.000000
vt -3.722727 -0.052360
vt -3.722727 -0.104720
vt -3.722727 -0.157080
vt -3.722727 -0.209440
vt -3.722727 -0.261799
vt -3.722727 -0.314159
vt -3.722727 -0.366519
vt -3.722727 -0.418879
vt -3.722727 -0.471239
vt -3.722727 -0.523599
vt -3.722727 -0.575959
vt -3.722727 -0.628319
vt 0.000000 0.200000
vt -0.051764 0.193185
vt 0.051764 0.193185
vt 0.100000 0.173205
vt -0.100000 0.173205
vt 0.141421 0.141421
vt -0.141421 0.141421
vt 0.173205 0.100000
vt -0.173205 0.100000
vt 0.193185 0.051764
vt -0.193185 0.051764
vt 0.200000 -0.000000
vt -0.200000 -0.000000
vt 0.193185 -0.051764
vt -0.193185 -0.051764
vt 0.141421 -0.141421
vt -0.141421 -0.141421
vt 0.100000 -0.173205
vt -0.100000 -0.173205
vt 0.051764 -0.193185
vt -0.051764 -0.193185
vt -0.000000 -0.200000
vt -0.021213 0.475166
vt 0.021213 0.475166
vt -0.021213 0.518363
vt 0.021213 0.518363
vt -0.021213 -0.518363
vt 0.021213 -0.518363
vt -0.021213 -0.475166
vt 0.021213 -0.475166
vt -0.021213 -0.431969
vt 0.021213 -0.431969
vt -0.021213 -0.388772
vt 0.021213 -0.388772
vt -0.021213 -0.345575
vt 0.021213 -0.345575
vt -0.021213 -0.302378
vt 0.021213 -0.302378
vt -0.021213 -0.259181
vt 0.021213 -0.259181
vt -0.021213 -0.215984
vt 0.021213 -0.215984
vt -0.021213 -0.172788
vt 0.021213 -0.172788
vt -0.021213 -0.129591
vt 0.021213 -0.129591
vt -0.021213 -0.086394
vt 0.021213 -0.086394
vt -0.021213 -0.043197
vt 0.021213 -0.043197
vt -0.021213 0.000000
vt 0.021213 -0.000000
vt -0.021213 0.043197
vt 0.021213 0.043197
vt -0.021213 0.086394
vt 0.021213 0.086394
vt -0.021213 0.129591
vt 0.021213 0.129591
vt -0.021213 0.172788
vt 0.021213 0.172788
vt -0.021213 0.215984
vt 0.021213 0.215984
vt -0.021213 0.259181
vt 0.021213 0.259181
vt -0.021213 0.302378
vt 0.021213 0.302378
vt -0.021213 0.345575
vt 0.021213 0.345575
vt -0.021213 0.388772
vt 0.021213 0.388772
vt -0.021213 0.431969
vt 0.021213 0.431969
vt 0.450000 0.431969
vt 0.795000 0.431969
vt 0.450000 0.471239
vt 0.795000 0.471239
vt 0.450000 -0.471239
vt 0.795000 -0.471239
vt 0.450000 -0.431969
vt 0.795000 -0.431969
vt 0.450000 -0.392699
vt 0.795000 -0.392699
vt 0.450000 -0.353429
vt 0.795000 -0.353429
vt 0.450000 -0.314159
vt 0.795000 -0.314159
vt 0.450000 -0.274889
vt 0.795000 -0.274889
vt 0.450000 -0.235619
vt 0.795000 -0.235619
vt 0.450000 -0.196350
vt 0.795000 -0.196350
vt 0.450000 -0.157080
vt 0.795000 -0.157080
vt 0.450000 -0.117810
vt 0.795000 -0.117810
vt 0.450000 -0.078540
vt 0.795000 -0.078540
vt 0.450000 -0.039270
vt 0.795000 -0.039270
vt 0.450000 -0.000000
vt 0.795000 -0.000000
vt 0.450000 0.039270
vt 0.795000 0.039270
vt 0.450000 0.078540
vt 0.795000 0.078540
vt 0.450000 0.117810
vt 0.795000 0.117810
vt 0.450000 0.157080
vt 0.795000 0.157080
vt 0.450000 0.196350
vt 0.795000 0.196350
vt 0.450000 0.235619
vt 0.795000 0.235619
vt 0.450000 0.274889
vt 0.795000 0.274889
vt 0.450000 0.314159
vt 0.795000 0.314159
vt 0.450000 0.353429
vt 0.795000 0.353429
vt 0.450000 0.392699
vt 0.795000 0.392699
vt 0.075000 -0.200000
vt 0.320000 0.000000
vt 0.075000 0.200000
vt 0.326133 0.046587
vt 0.344115 0.090000
vt 0.082667 -0.258234
vt 0.410000 -0.155885
vt 0.372721 -0.127279
vt 0.344115 -0.090000
vt 0.105144 -0.312500
vt 0.453413 -0.173867
vt 0.140901 -0.359099
vt 0.187500 -0.394856
vt 0.241766 -0.417333
vt 0.300000 -0.425000
vt 1.564593 -0.425000
vt 0.546587 -0.173867
vt 0.500000 -0.180000
vt 1.564593 0.425000
vt 0.680000 0.000000
vt 0.673867 -0.046587
vt 0.655885 -0.090000
vt 0.300000 0.425000
vt 0.546587 0.173867
vt 0.590000 0.155885
vt 0.627279 0.127279
vt 0.241766 0.417333
vt 0.187500 0.394856
vt 0.453413 0.173867
vt 0.500000 0.180000
vt 0.140901 0.359099
vt 0.105144 0.312500
vt 0.410000 0.155885
vt 0.082667 0.258234
vt 0.326133 -0.046587
vt 0.372721 0.127279
vt 0.655885 0.090000
vt 0.673867 0.046587
vt 0.627279 -0.127279
vt 0.590000 -0.155885
vt 1.025000 0.200000
vt 0.780000 0.000000
vt 1.025000 -0.200000
vt 0.773867 -0.046587
vt 0.755885 -0.090000
vt 1.017333 0.258234
vt 0.727279 0.127279
vt 0.755885 0.090000
vt 0.773867 0.046587
vt 0.994856 0.312500
vt 0.690000 0.155885
vt 0.959099 0.359099
vt 0.912500 0.394856
vt 0.858234 0.417333
vt 0.800000 0.425000
vt 0.646587 0.173867
vt 0.600000 0.180000
vt 0.553413 0.173867
vt -0.003175 0.425000
vt -0.001415 0.416766
vt -0.000354 0.408413
vt 0.510000 0.155885
vt 0.000000 0.400000
vt 0.472721 0.127279
vt 0.444115 0.090000
vt 0.426133 0.046587
vt 0.420000 0.000000
vt 0.426133 -0.046587
vt 0.444115 -0.090000
vt 0.472721 -0.127279
vt 0.510000 -0.155885
vt -0.000354 -0.408413
vt 0.553413 -0.173867
vt -0.001415 -0.416766
vt -0.003175 -0.425000
vt 0.800000 -0.425000
vt 0.600000 -0.180000
vt 0.646587 -0.173867
vt 0.690000 -0.155885
vt 0.858234 -0.417333
vt 0.912500 -0.394856
vt 0.959099 -0.359099
vt 0.994856 -0.312500
vt 0.727279 -0.127279
vt 1.017333 -0.258234
vt 1.103175 -0.425000
vt 1.101415 -0.416766
vt 1.100354 -0.408413
vt 1.100000 -0.400000
vt 1.100000 0.400000
vt 1.100354 0.408413
vt 1.101415 0.416766
vt 1.103175 0.425000
vt 1.825000 0.200000
vt 1.580000 0.000000
vt 1.825000 -0.200000
vt 1.573867 -0.046587
vt 1.555885 -0.090000
vt 1.817333 0.258234
vt 1.490000 0.155885
vt 1.527279 0.127279
vt 1.555885 0.090000
vt 1.794856 0.312500
vt 1.446587 0.173867
vt 1.759099 0.359099
vt 1.712500 0.394856
vt 1.658234 0.417333
vt 1.600000 0.425000
vt 0.335407 0.425000
vt 1.353413 0.173867
vt 1.400000 0.180000
vt 0.335407 -0.425000
vt 1.220000 0.000000
vt 1.226133 0.046587
vt 1.244115 0.090000
vt 1.600000 -0.425000
vt 1.353413 -0.173867
vt 1.310000 -0.155885
vt 1.272721 -0.127279
vt 1.658234 -0.417333
vt 1.712500 -0.394856
vt 1.446587 -0.173867
vt 1.400000 -0.180000
vt 1.759099 -0.359099
vt 1.794856 -0.312500
vt 1.490000 -0.155885
vt 1.817333 -0.258234
vt 1.244115 -0.090000
vt 1.226133 -0.046587
vt 1.272721 0.127279
vt 1.310000 0.155885
vt 1.573867 0.046587
vt 1.527279 -0.127279
vt 0.703646 -0.062063
vt 0.210000 -0.052360
vt 0.705000 -0.078540
vt -0.283646 -0.062063
vt -0.285000 -0.078540
vt 0.699619 -0.045587
vt 0.210000 -0.026180
vt -0.279619 -0.045587
vt -0.273030 -0.029110
vt -0.264057 -0.012634
vt 0.210000 -0.000000
vt -0.252942 0.003842
vt -0.239987 0.020319
vt 0.210000 0.026180
vt -0.210000 0.053272
vt 0.210000 0.052360
vt -0.210000 0.061694
vt -0.210000 0.070117
vt 0.630000 0.070117
vt -0.210000 0.078540
vt 0.630000 0.078540
vt 0.693030 -0.029110
vt 0.684057 -0.012634
vt 0.672942 0.003842
vt 0.659987 0.020319
vt 0.630000 0.053272
vt 0.630000 0.061694
vt 0.053033 0.206167
vt -0.053033 0.206167
vt 0.053033 0.137445
vt -0.053033 0.137445
vt 0.053033 0.068722
vt -0.053033 0.068722
vt 0.053033 0.000000
vt -0.053033 0.000000
vt 0.053033 -0.068722
vt -0.053033 -0.068722
vt 0.053033 -0.137445
vt -0.053033 -0.137445
vt 0.053033 -0.206167
vt -0.053033 -0.206167
vt 0.725000 -0.053033
vt 0.708598 -0.051118
vt -0.175000 -0.053033
vt 0.692640 -0.045424
vt 0.677559 -0.036105
vt 0.663763 -0.023415
vt 0.651625 -0.007696
vt 0.641475 0.010625
vt 0.628175 0.053033
vt -0.175000 0.053033
vt 0.078175 -0.053033
vt 0.091475 -0.010625
vt -0.725000 -0.053033
vt -0.725000 0.053033
vt 0.101625 0.007696
vt 0.113763 0.023415
vt 0.127559 0.036105
vt 0.142640 0.045424
vt 0.158598 0.051118
vt 0.175000 0.053033
vt -0.650000 0.495000
vt 0.250000 0.495000
vt -0.650000 0.750000
vt 0.614593 0.750000
vt 0.730653 0.671424
vt 0.716432 0.697483
vt 0.250000 -0.495000
vt 0.875000 0.286484
vt 0.866060 0.332907
vt -0.650000 -0.495000
vt -0.650000 -0.750000
vt 0.614593 -0.750000
vt 0.730653 -0.671424
vt 0.716432 -0.697483
vt 0.696468 -0.719454
vt 0.671885 -0.736098
vt 0.644070 -0.746475
vt 0.866060 -0.332907
vt 0.875000 -0.286484
vt 0.871000 -0.317853
vt 0.873996 -0.302295
vt 0.873996 0.302295
vt 0.871000 0.317853
vt 0.696468 0.719454
vt 0.671885 0.736098
vt 0.644070 0.746475
vt 0.540000 0.235619
vt 0.285000 0.235619
vt 0.540000 0.157080
vt 0.285000 0.157080
vt 0.540000 0.078540
vt 0.285000 0.078540
vt 0.540000 -0.000000
vt 0.285000 -0.000000
vt 0.540000 -0.078540
vt 0.285000 -0.078540
vt 0.540000 -0.157080
vt 0.285000 -0.157080
vt 0.540000 -0.235619
vt 0.285000 -0.235619
vt -1.125000 -0.053033
vt 0.139593 -0.053033
vt -1.125000 0.053033
vt 0.139593 0.053033
vt 0.053033 0.096711
vt -0.053033 0.096711
vt 0.053033 0.058027
vt -0.053033 0.058027
vt 0.053033 0.019342
vt -0.053033 0.019342
vt 0.053033 -0.019342
vt -0.053033 -0.019342
vt 0.053033 -0.058027
vt -0.053033 -0.058027
vt 0.053033 -0.096711
vt -0.053033 -0.096711
vt 0.084139 0.102620
vt -0.017923 0.131487
vt -0.015091 -0.248210
vt -0.117153 -0.219343
vt 0.053033 0.030916
vt -0.053033 0.030916
vt 0.053033 0.010305
vt -0.053033 0.010305
vt -0.053033 -0.010305
vt -0.053033 -0.030916
vt 0.053033 -0.030916
vt 0.053033 -0.010305
vt -0.053033 -0.698984
vt 0.053033 -0.698984
vt -0.053033 -0.126016
vt 0.053033 -0.126016
vt -0.117153 0.219343
vt -0.017923 -0.131487
vt -0.015091 0.248210
vt 0.084139 -0.102620
vt 1.089593 0.053033
vt 1.089593 -0.053033
vt -0.337500 -0.235619
vt -0.082500 -0.235619
vt -0.337500 -0.157080
vt -0.082500 -0.157080
vt -0.337500 -0.078540
vt -0.082500 -0.078540
vt -0.337500 -0.000000
vt -0.082500 -0.000000
vt -0.337500 0.078540
vt -0.082500 0.078540
vt -0.337500 0.157080
vt -0.082500 0.157080
vt -0.337500 0.235619
vt -0.082500 0.235619
vt -0.659987 0.020319
vt -0.210000 0.026180
vt -0.630000 0.053272
vt -0.210000 0.052360
vt -0.630000 0.061694
vt -0.630000 0.070117
vt 0.210000 0.070117
vt -0.630000 0.078540
vt 0.210000 0.078540
vt -0.210000 -0.000000
vt -0.672942 0.003842
vt -0.684057 -0.012634
vt -0.210000 -0.026180
vt -0.693030 -0.029110
vt -0.699619 -0.045587
vt -0.210000 -0.052360
vt -0.703646 -0.062063
vt -0.705000 -0.078540
vt 0.283646 -0.062063
vt 0.279619 -0.045587
vt 0.273030 -0.029110
vt 0.264057 -0.012634
vt 0.252942 0.003842
vt 0.239987 0.020319
vt 0.210000 0.053272
vt 0.210000 0.061694
vt 0.840000 0.400000
vt 0.620000 0.000000
vt 0.840000 -0.400000
vt 0.613185 -0.051764
vt 0.593205 -0.100000
vt 0.420000 0.200000
vt 0.471764 0.193185
vt 0.520000 0.173205
vt 0.220000 -0.000000
vt 0.226815 0.051764
vt 0.246795 0.100000
vt 0.420000 -0.200000
vt 0.368236 -0.193185
vt 0.320000 -0.173205
vt 0.561421 -0.141421
vt 0.520000 -0.173205
vt 0.471764 -0.193185
vt 0.278579 -0.141421
vt 0.246795 -0.100000
vt 0.226815 -0.051764
vt 0.278579 0.141421
vt 0.320000 0.173205
vt 0.368236 0.193185
vt 0.561421 0.141421
vt 0.593205 0.100000
vt 0.613185 0.051764
vt 0.200000 0.053033
vt -0.200000 0.053033
vt 0.200000 -0.053033
vt -0.200000 -0.053033
vt 0.175000 -0.053033
vt -0.708598 -0.051118
vt -0.692640 -0.045424
vt -0.677559 -0.036105
vt -0.663763 -0.023415
vt -0.651625 -0.007696
vt -0.641475 0.010625
vt -0.628175 0.053033
vt -0.078175 -0.053033
vt -0.091475 -0.010625
vt 0.725000 0.053033
vt -0.101625 0.007696
vt -0.113763 0.023415
vt -0.127559 0.036105
vt -0.142640 0.045424
vt -0.158598 0.051118
vt 0.650000 0.495000
vt 0.650000 0.750000
vt -0.250000 0.495000
vt -0.614593 0.750000
vt -0.730653 0.671424
vt -0.716432 0.697483
vt -0.696468 0.719454
vt -0.671885 0.736098
vt -0.644070 0.746475
vt -0.866060 0.332907
vt -0.875000 0.286484
vt -0.250000 -0.495000
vt -0.875000 -0.286484
vt -0.866060 -0.332907
vt -0.873996 -0.302295
vt -0.871000 -0.317853
vt -0.871000 0.317853
vt -0.873996 0.302295
vt -0.730653 -0.671424
vt -0.614593 -0.750000
vt 0.650000 -0.750000
vt -0.716432 -0.697483
vt -0.696468 -0.719454
vt -0.671885 -0.736098
vt -0.644070 -0.746475
vt 0.650000 -0.495000
vt -0.540000 -0.235619
vt -0.285000 -0.235619
vt -0.540000 -0.157080
vt -0.285000 -0.157080
vt -0.540000 -0.078540
vt -0.540000 -0.000000
vt -0.285000 -0.000000
vt -0.540000 0.078540
vt -0.285000 0.078540
vt -0.540000 0.157080
vt -0.285000 0.157080
vt -0.540000 0.235619
vt -0.285000 0.235619
vt 0.330000 -0.200000
vt 0.330000 0.200000
vt 1.125000 0.053033
vt -0.139593 0.053033
vt 1.125000 -0.053033
vt -0.139593 -0.053033
vt -0.084139 0.102620
vt 0.015091 -0.248210
vt 0.017923 0.131487
vt 0.117153 -0.219343
vt 0.117153 0.219343
vt 0.015091 0.248210
vt 0.017923 -0.131487
vt -0.084139 -0.102620
vt -1.089593 -0.053033
vt -1.089593 0.053033
vt 0.337500 0.235619
vt 0.082500 0.235619
vt 0.337500 0.157080
vt 0.082500 0.157080
vt 0.337500 0.078540
vt 0.082500 0.078540
vt 0.337500 -0.000000
vt 0.082500 -0.000000
vt 0.337500 -0.078540
vt 0.082500 -0.078540
vt 0.337500 -0.157080
vt 0.082500 -0.157080
vt 0.337500 -0.235619
vt 0.082500 -0.235619
vt -0.425000 -0.119029
vt 0.425000 -0.119029
vt -0.425000 -0.071417
vt 0.425000 -0.071417
vt -0.425000 -0.023806
vt 0.425000 -0.023806
vt -0.425000 0.023806
vt 0.425000 0.023806
vt -0.425000 0.071417
vt 0.425000 0.071417
vt -0.425000 0.119029
vt 0.425000 0.119029
vt 0.425000 0.133852
vt -0.425000 0.133852
vt 0.425000 -0.230742
vt -0.425000 -0.230742
vt 0.425000 0.038051
vt -0.425000 0.038051
vt 0.425000 0.012684
vt -0.425000 0.012684
vt -0.425000 -0.012684
vt -0.425000 -0.038051
vt 0.425000 -0.038051
vt 0.425000 -0.012684
vt 0.425000 0.230742
vt -0.425000 0.230742
vt 0.425000 -0.133852
vt -0.425000 -0.133852
vt 0.000000 0.261799
vt 0.800000 0.261799
vt 0.000000 0.314159
vt 0.800000 0.314159
vt 0.000000 0.366519
vt 0.800000 0.366519
vt 0.000000 0.418879
vt 0.800000 0.418879
vt 0.000000 0.471239
vt 0.800000 0.471239
vt 0.000000 0.523599
vt 0.800000 0.523599
vt 0.000000 0.575959
vt 0.800000 0.575959
vt 0.000000 0.628319
vt 0.800000 0.628319
vt 0.000000 -0.628319
vt 0.800000 -0.628319
vt -0.000000 -0.575959
vt 0.800000 -0.575959
vt -0.000000 -0.523599
vt 0.800000 -0.523599
vt -0.000000 -0.471239
vt 0.800000 -0.471239
vt -0.000000 -0.418879
vt 0.800000 -0.418879
vt -0.000000 -0.366519
vt 0.800000 -0.366519
vt -0.000000 -0.314159
vt 0.800000 -0.314159
vt -0.000000 -0.261799
vt 0.800000 -0.261799
vt -0.000000 -0.209440
vt 0.800000 -0.209440
vt -0.000000 -0.157080
vt 0.800000 -0.157080
vt -0.000000 -0.104720
vt 0.800000 -0.104720
vt -0.000000 -0.052360
vt 0.800000 -0.052360
vt 0.800000 -0.000000
vt 0.000000 0.052360
vt 0.800000 0.052360
vt 0.000000 0.104720
vt 0.800000 0.104720
vt 0.000000 0.157080
vt 0.800000 0.157080
vt 0.000000 0.209440
vt 0.800000 0.209440
vt 0.631815 0.051764
vt 0.538516 0.425000
vt 0.625000 0.000000
vt 0.538516 -0.425000
vt 0.631815 -0.051764
vt 0.651795 -0.100000
vt 0.683579 -0.141421
vt 0.725000 -0.173205
vt 0.773236 -0.193185
vt 0.825000 -0.200000
vt 1.111484 -0.425000
vt 0.876764 -0.193185
vt 0.925000 -0.173205
vt 0.966421 -0.141421
vt 0.998205 -0.100000
vt 1.018185 -0.051764
vt 1.025000 -0.000000
vt 1.111484 0.425000
vt 1.018185 0.051764
vt 0.998205 0.100000
vt 0.966421 0.141421
vt 0.925000 0.173205
vt 0.876764 0.193185
vt 0.825000 0.200000
vt 0.773236 0.193185
vt 0.725000 0.173205
vt 0.683579 0.141421
vt 0.651795 0.100000
vt 0.010607 0.830951
vt 0.010607 0.903208
vt -0.010607 0.903208
vt -0.010607 -0.903208
vt 0.010607 -0.903208
vt 0.010607 -0.830951
vt -0.010607 -0.827941
vt 0.010607 -0.758695
vt -0.010607 -0.752673
vt 0.010607 -0.686438
vt -0.010607 -0.677406
vt 0.010607 -0.614181
vt -0.010607 -0.602139
vt 0.010607 -0.541925
vt -0.010607 -0.526871
vt 0.010607 -0.469668
vt -0.010607 -0.451604
vt 0.010607 -0.397411
vt -0.010607 -0.376337
vt 0.010607 -0.325155
vt -0.010607 -0.301069
vt 0.010607 -0.252898
vt -0.010607 -0.225802
vt 0.010607 -0.180642
vt -0.010607 -0.150535
vt 0.010607 -0.108385
vt -0.010607 -0.075267
vt 0.010607 -0.036128
vt -0.010607 0.000000
vt 0.010607 0.036128
vt -0.010607 0.075267
vt 0.010607 0.108385
vt -0.010607 0.150535
vt 0.010607 0.180642
vt -0.010607 0.225802
vt 0.010607 0.252898
vt -0.010607 0.301069
vt 0.010607 0.325155
vt -0.010607 0.376337
vt 0.010607 0.397411
vt -0.010607 0.451604
vt 0.010607 0.469668
vt -0.010607 0.526871
vt 0.010607 0.541925
vt -0.010607 0.602139
vt 0.010607 0.614181
vt -0.010607 0.677406
vt 0.010607 0.686438
vt -0.010607 0.752673
vt 0.010607 0.758695
vt -0.010607 0.827941
vt 0.135000 0.074142
vt -0.135000 0.000000
vt 0.135000 -0.000000
vt -0.135000 -0.074142
vt 0.135000 -0.074142
vt -0.135000 -0.148283
vt 0.135000 -0.148283
vt -0.135000 -0.222425
vt 0.135000 -0.222425
vt -0.135000 -0.296566
vt 0.135000 -0.296566
vt -0.135000 -0.370708
vt 0.135000 -0.370708
vt -0.135000 -0.444850
vt 0.135000 -0.444850
vt -0.135000 -0.518991
vt 0.135000 -0.518991
vt -0.135000 -0.593133
vt 0.135000 -0.593133
vt -0.135000 -0.667274
vt 0.135000 -0.667274
vt -0.135000 -0.741416
vt 0.135000 -0.741416
vt -0.135000 -0.815557
vt 0.135000 -0.815557
vt -0.135000 -0.889699
vt 0.135000 -0.889699
vt 0.135000 0.963841
vt -0.135000 0.963841
vt -0.135000 0.889699
vt 0.135000 0.889699
vt -0.135000 0.815557
vt 0.135000 0.815557
vt -0.135000 0.741416
vt 0.135000 0.741416
vt -0.135000 0.667274
vt 0.135000 0.667274
vt -0.135000 0.593133
vt 0.135000 0.593133
vt -0.135000 0.518991
vt 0.135000 0.518991
vt -0.135000 0.444850
vt 0.135000 0.444850
vt -0.135000 0.370708
vt 0.135000 0.370708
vt -0.135000 0.296566
vt 0.135000 0.296566
vt -0.135000 0.222425
vt 0.135000 0.222425
vt -0.135000 0.148283
vt 0.135000 0.148283
vt -0.135000 0.074142
vt 0.038823 -0.005111
vt 0.072469 0.120459
vt 0.000000 0.130000
vt -0.072469 0.120459
vt 0.140000 0.092487
vt 0.075000 -0.020096
vt 0.197990 0.047990
vt 0.106066 -0.043934
vt 0.242487 -0.010000
vt 0.129904 -0.075000
vt 0.270459 -0.077531
vt 0.144889 -0.111177
vt 0.280000 -0.150000
vt 0.150000 -0.150000
vt 0.270459 -0.222469
vt 0.144889 -0.188823
vt 0.129904 -0.225000
vt 0.242487 -0.290000
vt 0.106066 -0.256066
vt 0.197990 -0.347990
vt 0.075000 -0.279904
vt 0.140000 -0.392487
vt 0.038823 -0.294889
vt 0.072469 -0.420459
vt -0.000000 -0.300000
vt -0.000000 -0.430000
vt -0.072469 -0.420459
vt -0.038823 -0.294889
vt -0.140000 -0.392487
vt -0.075000 -0.279904
vt -0.197990 -0.347990
vt -0.106066 -0.256066
vt -0.242487 -0.290000
vt -0.129904 -0.225000
vt -0.270459 -0.222469
vt -0.144889 -0.188823
vt -0.280000 -0.150000
vt -0.150000 -0.150000
vt -0.144889 -0.111177
vt -0.270459 -0.077531
vt -0.129904 -0.075000
vt -0.242487 -0.010000
vt -0.106066 -0.043934
vt -0.197990 0.047990
vt -0.075000 -0.020096
vt -0.140000 0.092487
vt -0.038823 -0.005111
vt 0.010607 -0.827941
vt -0.010607 -0.830951
vt -0.010607 0.830951
vt -0.010607 -0.758695
vt 0.010607 -0.752673
vt -0.010607 -0.686438
vt 0.010607 -0.677406
vt -0.010607 -0.614181
vt 0.010607 -0.602139
vt -0.010607 -0.541925
vt 0.010607 -0.526871
vt -0.010607 -0.469668
vt 0.010607 -0.451604
vt -0.010607 -0.397411
vt 0.010607 -0.376337
vt -0.010607 -0.325155
vt 0.010607 -0.301069
vt -0.010607 -0.252898
vt 0.010607 -0.225802
vt -0.010607 -0.180642
vt 0.010607 -0.150535
vt -0.010607 -0.108385
vt 0.010607 -0.075267
vt -0.010607 -0.036128
vt 0.010607 -0.000000
vt -0.010607 0.036128
vt 0.010607 0.075267
vt -0.010607 0.108385
vt 0.010607 0.150535
vt -0.010607 0.180642
vt 0.010607 0.225802
vt -0.010607 0.252898
vt 0.010607 0.301069
vt -0.010607 0.325155
vt 0.010607 0.376337
vt -0.010607 0.397411
vt 0.010607 0.451604
vt -0.010607 0.469668
vt 0.010607 0.526871
vt -0.010607 0.541925
vt 0.010607 0.602139
vt -0.010607 0.614181
vt 0.010607 0.677406
vt -0.010607 0.686438
vt 0.010607 0.752673
vt -0.010607 0.758695
vt 0.010607 0.827941
vt 0.125000 -0.367169
vt 0.280000 -0.295000
vt 0.125000 -0.222831
vt 0.270459 -0.222531
vt 0.242487 -0.155000
vt -0.000000 -0.439338
vt 0.140000 -0.537487
vt 0.197990 -0.492990
vt 0.242487 -0.435000
vt -0.125000 -0.367169
vt -0.140000 -0.537487
vt -0.072469 -0.565459
vt 0.000000 -0.575000
vt -0.125000 -0.222831
vt -0.280000 -0.295000
vt -0.270459 -0.367469
vt -0.242487 -0.435000
vt 0.000000 -0.150662
vt -0.140000 -0.052513
vt -0.197990 -0.097010
vt -0.242487 -0.155000
vt 0.140000 -0.052513
vt 0.072469 -0.024541
vt 0.000000 -0.015000
vt -0.072469 -0.024541
vt -0.270459 -0.222531
vt -0.197990 -0.492990
vt 0.072469 -0.565459
vt 0.270459 -0.367469
vt 0.197990 -0.097010
vt -0.144338 0.200000
vt -0.144338 -0.000000
vt -0.125000 -0.072169
vt -0.000000 -0.144338
vt -0.125000 0.072169
vt 0.000000 0.144338
vt 0.125000 -0.072169
vt 0.125000 0.072169
vt 0.754245 0.039270
vt 0.000000 0.039270
vt 0.754245 0.000000
vt 0.754245 -0.039270
vt 0.000000 -0.039270
vt 0.754245 -0.078540
vt 0.000000 -0.078540
vt 0.754245 -0.117810
vt 0.000000 -0.117810
vt 0.754245 -0.157080
vt 0.754245 -0.196350
vt 0.000000 -0.196350
vt 0.754245 -0.235619
vt 0.000000 -0.235619
vt 0.754245 -0.274889
vt 0.000000 -0.274889
vt 0.754245 -0.314159
vt 0.754245 -0.353429
vt 0.000000 -0.353429
vt 0.754245 -0.392699
vt 0.000000 -0.392699
vt 0.754245 -0.431969
vt 0.000000 -0.431969
vt 0.754245 -0.471239
vt 0.754245 0.471239
vt 0.754245 0.431969
vt 0.000000 0.431969
vt 0.754245 0.392699
vt 0.000000 0.392699
vt 0.754245 0.353429
vt 0.000000 0.353429
vt 0.754245 0.314159
vt 0.754245 0.274889
vt 0.000000 0.274889
vt 0.754245 0.235619
vt 0.000000 0.235619
vt 0.754245 0.196350
vt 0.000000 0.196350
vt 0.754245 0.157080
vt 0.754245 0.117810
vt 0.000000 0.117810
vt 0.754245 0.078540
vt 0.000000 0.078540
vt -0.754245 -0.039270
vt -0.754245 0.000000
vt -0.754245 0.039270
vt -0.754245 0.078540
vt -0.754245 0.117810
vt -0.754245 0.157080
vt -0.754245 0.196350
vt -0.754245 0.235619
vt -0.754245 0.274889
vt -0.754245 0.314159
vt -0.754245 0.353429
vt -0.754245 0.392699
vt -0.754245 0.431969
vt -0.754245 0.471239
vt -0.754245 -0.471239
vt -0.754245 -0.431969
vt -0.754245 -0.392699
vt -0.754245 -0.353429
vt -0.754245 -0.314159
vt -0.754245 -0.274889
vt -0.754245 -0.235619
vt -0.754245 -0.196350
vt -0.754245 -0.157080
vt -0.754245 -0.117810
vt -0.754245 -0.078540
vt 0.038823 0.019889
vt 0.000000 0.025000
vt -0.038823 0.019889
vt -0.032352 -0.004259
vt -0.075000 0.004904
vt -0.062500 -0.016747
vt -0.106066 -0.018934
vt -0.088388 -0.036612
vt -0.129904 -0.050000
vt -0.108253 -0.062500
vt -0.144889 -0.086177
vt -0.120741 -0.092648
vt -0.150000 -0.125000
vt -0.125000 -0.125000
vt -0.120741 -0.157352
vt -0.144889 -0.163823
vt -0.108253 -0.187500
vt -0.129904 -0.200000
vt -0.088388 -0.213388
vt -0.106066 -0.231066
vt -0.062500 -0.233253
vt -0.075000 -0.254904
vt -0.032352 -0.245741
vt -0.038823 -0.269889
vt -0.000000 -0.250000
vt -0.000000 -0.275000
vt 0.038823 -0.269889
vt 0.032352 -0.245741
vt 0.075000 -0.254904
vt 0.062500 -0.233253
vt 0.106066 -0.231066
vt 0.088388 -0.213388
vt 0.129904 -0.200000
vt 0.108253 -0.187500
vt 0.144889 -0.163823
vt 0.120741 -0.157352
vt 0.125000 -0.125000
vt 0.150000 -0.125000
vt 0.120741 -0.092648
vt 0.144889 -0.086177
vt 0.108253 -0.062500
vt 0.129904 -0.050000
vt 0.088388 -0.036612
vt 0.106066 -0.018934
vt 0.062500 -0.016747
vt 0.075000 0.004904
vt 0.032352 -0.004259
vt 0.270755 0.032725
vt -0.270755 0.032725
vt 0.270755 0.000000
vt -0.270755 0.000000
vt 0.270755 -0.032725
vt -0.270755 -0.032725
vt 0.270755 -0.065450
vt -0.270755 -0.065450
vt 0.270755 -0.098175
vt -0.270755 -0.098175
vt 0.270755 -0.130900
vt -0.270755 -0.130900
vt 0.270755 -0.163625
vt -0.270755 -0.163625
vt 0.270755 -0.196350
vt -0.270755 -0.196350
vt 0.270755 -0.229074
vt -0.270755 -0.229074
vt 0.270755 -0.261799
vt -0.270755 -0.261799
vt 0.270755 -0.294524
vt -0.270755 -0.294524
vt 0.270755 -0.327249
vt -0.270755 -0.327249
vt 0.270755 -0.359974
vt -0.270755 -0.359974
vt 0.270755 -0.392699
vt -0.270755 -0.392699
vt 0.270755 0.392699
vt -0.270755 0.392699
vt 0.270755 0.359974
vt -0.270755 0.359974
vt 0.270755 0.327249
vt -0.270755 0.327249
vt 0.270755 0.294524
vt -0.270755 0.294524
vt 0.270755 0.261799
vt -0.270755 0.261799
vt 0.270755 0.229074
vt -0.270755 0.229074
vt 0.270755 0.196350
vt -0.270755 0.196350
vt 0.270755 0.163625
vt -0.270755 0.163625
vt 0.270755 0.130900
vt -0.270755 0.130900
vt 0.270755 0.098175
vt -0.270755 0.098175
vt 0.270755 0.065450
vt -0.270755 0.065450
vt 0.000000 0.125000
vt -0.032352 0.120741
vt 0.032352 0.120741
vt 0.062500 0.108253
vt -0.062500 0.108253
vt 0.088388 0.088388
vt -0.088388 0.088388
vt 0.108253 0.062500
vt -0.108253 0.062500
vt 0.120741 0.032352
vt -0.120741 0.032352
vt 0.125000 -0.000000
vt -0.125000 0.000000
vt 0.120741 -0.032352
vt -0.120741 -0.032352
vt 0.088388 -0.088388
vt -0.088388 -0.088388
vt 0.062500 -0.108253
vt -0.062500 -0.108253
vt 0.032352 -0.120741
vt -0.032352 -0.120741
vt -0.000000 -0.125000
vt 0.142749 0.038633
vt 0.122584 -0.000000
vt 0.142749 -0.000000
vt 0.121656 -0.032572
vt 0.142749 -0.038633
vt 0.121656 -0.065019
vt 0.142749 -0.077266
vt 0.121656 -0.097461
vt 0.142749 -0.115899
vt 0.121656 -0.129948
vt 0.142749 -0.154532
vt 0.121656 -0.162435
vt 0.142749 -0.193165
vt 0.121656 -0.194922
vt 0.142749 -0.231799
vt 0.122584 -0.238237
vt 0.121656 -0.259895
vt 0.119987 -0.270817
vt 0.121656 -0.292382
vt 0.111742 -0.303278
vt 0.121656 -0.324869
vt 0.097989 -0.332740
vt 0.100562 -0.357356
vt 0.079469 -0.357356
vt 0.097989 -0.381972
vt 0.142749 0.077266
vt 0.121656 0.065019
vt 0.121656 0.032572
vt 0.119987 0.032579
vt 0.111742 0.065040
vt 0.121656 0.097461
vt 0.100562 0.097461
vt 0.100562 0.129948
vt 0.079469 0.119119
vt 0.097989 0.143735
vt 0.121656 0.129948
vt 0.121656 0.162435
vt 0.142749 0.154532
vt 0.142749 0.193165
vt 0.142749 0.115899
vt 0.142749 0.231799
vt 0.119987 0.205658
vt 0.121656 0.194922
vt 0.111742 0.173197
vt 0.142749 0.270432
vt 0.121656 0.259895
vt 0.122584 0.238237
vt 0.121656 0.292382
vt 0.142749 0.309065
vt 0.121656 0.324869
vt 0.142749 0.347698
vt 0.121656 0.357356
vt 0.142749 0.386331
vt 0.121656 0.389843
vt 0.142749 0.424964
vt 0.121656 0.422330
vt 0.121656 0.454817
vt 0.119987 0.443896
vt 0.122584 0.476475
vt 0.142749 0.463597
vt 0.142749 0.502230
vt 0.121656 0.519791
vt 0.142749 0.540863
vt 0.121656 0.552278
vt 0.142749 0.579496
vt 0.121656 0.584765
vt 0.142749 0.618130
vt 0.121656 0.617252
vt 0.121656 0.649693
vt 0.111742 0.649672
vt 0.119987 0.682133
vt 0.121656 0.682140
vt 0.122584 0.714712
vt 0.142749 0.695396
vt 0.122584 -0.714712
vt 0.142749 -0.734029
vt 0.142749 -0.695396
vt 0.142749 0.656763
vt 0.121656 -0.682140
vt 0.142749 -0.656763
vt 0.121656 -0.649693
vt 0.142749 -0.618130
vt 0.121656 -0.617252
vt 0.121656 -0.584765
vt 0.100562 -0.584765
vt 0.097989 -0.570977
vt 0.079469 -0.595594
vt 0.142749 -0.579496
vt 0.121656 -0.552278
vt 0.111742 -0.541515
vt 0.121656 -0.519791
vt 0.119987 -0.509054
vt 0.142749 -0.502230
vt 0.122584 -0.476475
vt 0.142749 -0.463597
vt 0.121656 -0.454817
vt 0.142749 -0.424964
vt 0.121656 -0.422330
vt 0.121656 -0.389843
vt 0.111742 -0.411435
vt 0.142749 -0.540863
vt 0.142749 -0.386331
vt 0.121656 -0.357356
vt 0.142749 -0.347698
vt 0.142749 -0.309065
vt 0.142749 -0.270432
vt 0.097989 0.381972
vt 0.079469 0.357356
vt 0.100562 0.357356
vt 0.097989 0.332740
vt 0.111742 0.303278
vt 0.119987 0.270817
vt 0.097989 0.094502
vt 0.119987 -0.032579
vt 0.111742 -0.065040
vt 0.100562 -0.097461
vt 0.097989 -0.094502
vt 0.079469 -0.119119
vt 0.100562 -0.129948
vt 0.097989 -0.143735
vt 0.111742 -0.173197
vt 0.119987 -0.205658
vt 0.119987 -0.443896
vt 0.100562 -0.617252
vt 0.097989 -0.620210
vt 0.111742 -0.649672
vt 0.119987 -0.682133
vt 0.100562 0.617252
vt 0.097989 0.620210
vt 0.079469 0.595594
vt 0.100562 0.584765
vt 0.097989 0.570977
vt 0.111742 0.541515
vt 0.119987 0.509054
vt 0.111742 0.411435
vt -0.097989 0.170885
vt -0.100562 0.154493
vt -0.079469 0.141619
vt -0.100562 0.115870
vt -0.097989 0.112353
vt -0.111742 0.077326
vt -0.121656 0.115870
vt -0.121656 0.077300
vt -0.142749 0.091861
vt -0.142749 0.045930
vt -0.111742 0.205912
vt -0.121656 0.154493
vt -0.119987 0.244504
vt -0.121656 0.231740
vt -0.121656 0.193116
vt -0.142749 0.183722
vt -0.142749 0.137791
vt -0.122584 0.283237
vt -0.142749 0.275582
vt -0.142749 0.229652
vt -0.121656 0.308986
vt -0.119987 0.321970
vt -0.121656 0.347610
vt -0.111742 0.360563
vt -0.121656 0.386233
vt -0.097989 0.395590
vt -0.100562 0.424856
vt -0.079469 0.424856
vt -0.097989 0.454122
vt -0.111742 0.489149
vt -0.121656 0.424856
vt -0.142749 0.413374
vt -0.142749 0.367443
vt -0.119987 0.527742
vt -0.121656 0.502103
vt -0.121656 0.463479
vt -0.142749 0.459304
vt -0.121656 0.540726
vt -0.122584 0.566475
vt -0.142749 0.551165
vt -0.142749 0.597095
vt -0.119987 0.605208
vt -0.121656 0.617973
vt -0.111742 0.643801
vt -0.121656 0.656596
vt -0.097989 0.678828
vt -0.121656 0.695219
vt -0.100562 0.695219
vt -0.121656 0.733843
vt -0.100562 0.733843
vt -0.111742 0.772387
vt -0.097989 0.737360
vt -0.079469 0.708094
vt -0.121656 0.772412
vt -0.119987 0.810979
vt -0.121656 0.810987
vt -0.122584 0.849712
vt -0.142749 0.826747
vt -0.142749 -0.872678
vt -0.122584 -0.849712
vt -0.142749 -0.826747
vt -0.121656 -0.810987
vt -0.142749 -0.780817
vt -0.121656 -0.772412
vt -0.142749 -0.734886
vt -0.121656 -0.733843
vt -0.121656 -0.695219
vt -0.100562 -0.733843
vt -0.100562 -0.695219
vt -0.079469 -0.708094
vt -0.097989 -0.678828
vt -0.119987 -0.810979
vt -0.111742 -0.772387
vt -0.097989 -0.737360
vt -0.111742 -0.643801
vt -0.119987 -0.605208
vt -0.121656 -0.617973
vt -0.121656 -0.656596
vt -0.142749 -0.688956
vt -0.122584 -0.566475
vt -0.142749 -0.597095
vt -0.142749 -0.643026
vt -0.119987 -0.527742
vt -0.121656 -0.540726
vt -0.142749 -0.551165
vt -0.121656 -0.502103
vt -0.111742 -0.489149
vt -0.121656 -0.463479
vt -0.097989 -0.454122
vt -0.100562 -0.424856
vt -0.079469 -0.424856
vt -0.097989 -0.395590
vt -0.111742 -0.360563
vt -0.121656 -0.424856
vt -0.142749 -0.459304
vt -0.142749 -0.505234
vt -0.119987 -0.321970
vt -0.121656 -0.347610
vt -0.121656 -0.386233
vt -0.142749 -0.413374
vt -0.121656 -0.308986
vt -0.122584 -0.283237
vt -0.142749 -0.321513
vt -0.142749 -0.275582
vt -0.119987 -0.244504
vt -0.142749 -0.229652
vt -0.121656 -0.231740
vt -0.121656 -0.193116
vt -0.111742 -0.205912
vt -0.097989 -0.170885
vt -0.079469 -0.141619
vt -0.100562 -0.154493
vt -0.121656 -0.154493
vt -0.142749 -0.183722
vt -0.100562 -0.115870
vt -0.097989 -0.112353
vt -0.111742 -0.077326
vt -0.119987 -0.038733
vt -0.121656 -0.077300
vt -0.121656 -0.115870
vt -0.121656 -0.038725
vt -0.122584 -0.000000
vt -0.142749 -0.045930
vt -0.142749 0.000000
vt -0.121656 0.038725
vt -0.119987 0.038733
vt -0.142749 -0.091861
vt -0.142749 -0.137791
vt -0.142749 -0.367443
vt -0.142749 0.780817
vt -0.142749 0.734886
vt -0.142749 0.688956
vt -0.142749 0.643026
vt -0.142749 0.505234
vt -0.142749 0.321513
vt 0.285788 0.198844
vt 0.252057 0.209259
vt 0.285788 0.021156
vt 0.252057 0.010741
vt 0.215645 0.214937
vt 0.215645 0.005063
vt 0.178582 0.217300
vt 0.178582 0.002700
vt 0.142894 0.217772
vt 0.142894 0.002228
vt 0.107207 0.002700
vt 0.107207 0.217300
vt 0.070143 0.005063
vt 0.070143 0.214937
vt 0.033732 0.010741
vt 0.033732 0.209259
vt -0.000000 0.021156
vt -0.000000 0.198844
vt -0.043750 -0.038633
vt 0.043750 -0.000000
vt -0.043750 -0.000000
vt 0.043750 0.038633
vt -0.043750 0.038633
vt 0.043750 0.077266
vt -0.043750 0.077266
vt 0.043750 0.115899
vt -0.043750 0.115899
vt 0.043750 0.154532
vt -0.043750 0.154532
vt 0.043750 0.193165
vt -0.043750 0.193165
vt 0.043750 0.231799
vt -0.043750 0.231799
vt 0.043750 0.270432
vt -0.043750 0.270432
vt 0.043750 0.309065
vt -0.043750 0.309065
vt 0.043750 0.347698
vt -0.043750 0.347698
vt 0.043750 0.386331
vt -0.043750 0.386331
vt 0.043750 0.424964
vt -0.043750 0.424964
vt 0.043750 0.463597
vt -0.043750 0.463597
vt 0.043750 0.502230
vt -0.043750 0.502230
vt 0.043750 0.540863
vt -0.043750 0.540863
vt 0.043750 0.579496
vt -0.043750 0.579496
vt 0.043750 0.618130
vt -0.043750 0.618130
vt 0.043750 0.656763
vt -0.043750 0.656763
vt 0.043750 0.695396
vt -0.043750 0.695396
vt -0.043750 -0.734029
vt 0.043750 -0.734029
vt 0.043750 -0.695396
vt -0.043750 -0.695396
vt 0.043750 -0.656763
vt -0.043750 -0.656763
vt 0.043750 -0.618130
vt -0.043750 -0.618130
vt 0.043750 -0.579496
vt -0.043750 -0.579496
vt 0.043750 -0.540863
vt -0.043750 -0.540863
vt 0.043750 -0.502230
vt -0.043750 -0.502230
vt 0.043750 -0.463597
vt -0.043750 -0.463597
vt 0.043750 -0.424964
vt -0.043750 -0.424964
vt 0.043750 -0.386331
vt -0.043750 -0.386331
vt 0.043750 -0.347698
vt -0.043750 -0.347698
vt 0.043750 -0.309065
vt -0.043750 -0.309065
vt 0.043750 -0.270432
vt -0.043750 -0.270432
vt 0.043750 -0.231799
vt -0.043750 -0.231799
vt 0.043750 -0.193165
vt -0.043750 -0.193165
vt 0.043750 -0.154532
vt -0.043750 -0.154532
vt 0.043750 -0.115899
vt -0.043750 -0.115899
vt 0.043750 -0.077266
vt -0.043750 -0.077266
vt 0.043750 -0.038633
vt 0.067500 0.034272
vt -0.067500 0.000000
vt 0.067500 0.000000
vt -0.067500 -0.034272
vt 0.067500 -0.034272
vt -0.067500 -0.068544
vt 0.067500 -0.068544
vt -0.067500 -0.102816
vt 0.067500 -0.102816
vt -0.067500 -0.137088
vt 0.067500 -0.137088
vt -0.067500 -0.171360
vt 0.067500 -0.171360
vt -0.067500 -0.205632
vt 0.067500 -0.205632
vt -0.067500 -0.239903
vt 0.067500 -0.239903
vt -0.067500 -0.274175
vt 0.067500 -0.274175
vt -0.067500 -0.308447
vt 0.067500 -0.308447
vt -0.067500 -0.342719
vt 0.067500 -0.342719
vt -0.067500 -0.376991
vt 0.067500 -0.376991
vt -0.067500 -0.411263
vt 0.067500 -0.411263
vt -0.067500 -0.445535
vt 0.067500 -0.445535
vt -0.067500 -0.479807
vt 0.067500 -0.479807
vt -0.067500 -0.514079
vt 0.067500 -0.514079
vt -0.067500 -0.548351
vt 0.067500 -0.548351
vt 0.067500 0.582623
vt -0.067500 0.582623
vt -0.067500 0.548351
vt 0.067500 0.548351
vt -0.067500 0.514079
vt 0.067500 0.514079
vt -0.067500 0.479807
vt 0.067500 0.479807
vt -0.067500 0.445535
vt 0.067500 0.445535
vt -0.067500 0.411263
vt 0.067500 0.411263
vt -0.067500 0.376991
vt 0.067500 0.376991
vt -0.067500 0.342719
vt 0.067500 0.342719
vt -0.067500 0.308447
vt 0.067500 0.308447
vt -0.067500 0.274175
vt 0.067500 0.274175
vt -0.067500 0.239903
vt 0.067500 0.239903
vt -0.067500 0.205632
vt 0.067500 0.205632
vt -0.067500 0.171360
vt 0.067500 0.171360
vt -0.067500 0.137088
vt 0.067500 0.137088
vt -0.067500 0.102816
vt 0.067500 0.102816
vt -0.067500 0.068544
vt 0.067500 0.068544
vt -0.067500 0.034272
vt 0.074613 0.040667
vt 0.062177 0.018135
vt 0.074613 0.000000
vt 0.062177 -0.018135
vt 0.074613 -0.040667
vt 0.062177 -0.054406
vt 0.074613 -0.081334
vt 0.062177 -0.090676
vt 0.074613 -0.122001
vt 0.062177 -0.126947
vt 0.074613 -0.162668
vt 0.062177 -0.163217
vt 0.062177 -0.199488
vt 0.049742 -0.163217
vt 0.049742 -0.199488
vt 0.037306 -0.163217
vt 0.037306 -0.199488
vt 0.024871 -0.163217
vt 0.024871 -0.199488
vt 0.012435 -0.163217
vt 0.012435 -0.199488
vt 0.000000 -0.181353
vt -0.000000 -0.217623
vt 0.062177 0.054406
vt 0.074613 0.081334
vt 0.062177 0.090676
vt 0.074613 0.122001
vt 0.062177 0.126947
vt 0.074613 0.162668
vt 0.062177 0.163217
vt 0.062177 0.199488
vt 0.049742 0.199488
vt 0.049742 0.235759
vt 0.037306 0.235759
vt 0.037306 0.272029
vt 0.024871 0.272029
vt 0.024871 0.308300
vt 0.012435 0.308300
vt 0.012435 0.344570
vt 0.000000 0.326435
vt 0.000000 0.362705
vt 0.012435 0.380841
vt 0.000000 0.398976
vt 0.012435 0.417111
vt 0.000000 0.435247
vt 0.012435 0.453382
vt 0.000000 0.471517
vt 0.012435 0.489652
vt -0.000000 0.507788
vt 0.012435 0.525923
vt -0.000000 0.544058
vt 0.012435 0.562194
vt 0.000000 0.580329
vt 0.012435 0.598464
vt 0.000000 0.616599
vt 0.012435 0.634735
vt -0.000000 0.652870
vt 0.012435 0.671005
vt -0.000000 0.689140
vt -0.000000 -0.652870
vt 0.012435 -0.671005
vt 0.012435 -0.634735
vt -0.000000 -0.616599
vt 0.012435 -0.598464
vt -0.000000 -0.580329
vt 0.012435 -0.562194
vt 0.000000 -0.544058
vt 0.012435 -0.525923
vt -0.000000 -0.507788
vt 0.012435 -0.489652
vt 0.000000 -0.471517
vt 0.012435 -0.453382
vt 0.000000 -0.435247
vt 0.012435 -0.417111
vt 0.000000 -0.398976
vt 0.012435 -0.380841
vt -0.000000 -0.362705
vt 0.012435 -0.344570
vt -0.000000 -0.326435
vt 0.012435 -0.308300
vt -0.000000 -0.290164
vt 0.012435 -0.272029
vt -0.000000 -0.253894
vt 0.012435 -0.235759
vt 0.074613 0.203335
vt 0.062177 0.235759
vt 0.049742 0.272029
vt 0.037306 0.308300
vt 0.024871 0.344570
vt 0.074613 0.244002
vt 0.062177 0.272029
vt 0.049742 0.308300
vt 0.037306 0.344570
vt 0.024871 0.380841
vt 0.074613 0.284669
vt 0.062177 0.308300
vt 0.049742 0.344570
vt 0.037306 0.380841
vt 0.024871 0.417111
vt 0.074613 0.325336
vt 0.062177 0.344570
vt 0.049742 0.380841
vt 0.037306 0.417111
vt 0.024871 0.453382
vt 0.074613 0.366003
vt 0.062177 0.380841
vt 0.049742 0.417111
vt 0.037306 0.453382
vt 0.024871 0.489652
vt 0.074613 0.406670
vt 0.062177 0.417111
vt 0.049742 0.453382
vt 0.037306 0.489652
vt 0.024871 0.525923
vt 0.074613 0.447337
vt 0.062177 0.453382
vt 0.049742 0.489652
vt 0.037306 0.525923
vt 0.024871 0.562194
vt 0.074613 0.488004
vt 0.062177 0.489652
vt 0.049742 0.525923
vt 0.037306 0.562194
vt 0.024871 0.598464
vt 0.062177 0.525923
vt 0.074613 0.528671
vt 0.062177 0.562194
vt 0.074613 0.569338
vt 0.062177 0.598464
vt 0.074613 0.610005
vt 0.062177 0.634735
vt 0.074613 0.650672
vt 0.062177 0.671005
vt 0.062177 -0.671005
vt 0.074613 -0.691339
vt 0.074613 -0.650672
vt 0.062177 -0.634735
vt 0.074613 -0.610005
vt 0.062177 -0.598464
vt 0.074613 -0.569338
vt 0.062177 -0.562194
vt 0.074613 -0.528671
vt 0.062177 -0.525923
vt 0.074613 -0.488004
vt 0.062177 -0.489652
vt 0.062177 -0.453382
vt 0.049742 -0.453382
vt 0.049742 -0.417111
vt 0.037306 -0.417111
vt 0.037306 -0.380841
vt 0.024871 -0.380841
vt 0.024871 -0.344570
vt 0.074613 -0.447337
vt 0.062177 -0.417111
vt 0.049742 -0.380841
vt 0.037306 -0.344570
vt 0.024871 -0.308300
vt 0.074613 -0.406670
vt 0.062177 -0.380841
vt 0.049742 -0.344570
vt 0.037306 -0.308300
vt 0.024871 -0.272029
vt 0.074613 -0.366003
vt 0.062177 -0.344570
vt 0.049742 -0.308300
vt 0.037306 -0.272029
vt 0.024871 -0.235759
vt 0.074613 -0.325336
vt 0.062177 -0.308300
vt 0.049742 -0.272029
vt 0.037306 -0.235759
vt 0.074613 -0.284669
vt 0.062177 -0.272029
vt 0.049742 -0.235759
vt 0.074613 -0.244002
vt 0.062177 -0.235759
vt 0.074613 -0.203335
vt 0.000000 -0.036271
vt 0.012435 -0.018135
vt 0.012435 0.018135
vt 0.000000 0.036271
vt 0.012435 0.054406
vt 0.000000 0.072541
vt 0.012435 0.090676
vt -0.000000 0.108812
vt 0.012435 0.126947
vt 0.000000 0.145082
vt 0.012435 0.163217
vt 0.000000 0.181353
vt 0.012435 0.199488
vt -0.000000 0.217623
vt 0.012435 0.235759
vt -0.000000 0.253894
vt 0.012435 0.272029
vt -0.000000 0.290164
vt 0.012435 -0.054406
vt -0.000000 -0.072541
vt 0.012435 -0.090676
vt 0.000000 -0.108812
vt 0.012435 -0.126947
vt 0.000000 -0.145082
vt 0.049742 0.671005
vt 0.049742 0.634735
vt 0.049742 0.598464
vt 0.049742 0.562194
vt 0.037306 0.671005
vt 0.037306 0.634735
vt 0.037306 0.598464
vt 0.049742 -0.671005
vt 0.049742 -0.634735
vt 0.049742 -0.598464
vt 0.049742 -0.562194
vt 0.049742 -0.525923
vt 0.049742 -0.489652
vt 0.024871 0.671005
vt 0.024871 0.634735
vt 0.037306 -0.671005
vt 0.037306 -0.634735
vt 0.037306 -0.598464
vt 0.037306 -0.562194
vt 0.037306 -0.525923
vt 0.037306 -0.489652
vt 0.037306 -0.453382
vt 0.024871 -0.671005
vt 0.024871 -0.634735
vt 0.024871 -0.598464
vt 0.024871 -0.562194
vt 0.024871 -0.525923
vt 0.024871 -0.489652
vt 0.024871 -0.453382
vt 0.024871 -0.417111
vt 0.049742 0.018135
vt 0.049742 -0.018135
vt 0.049742 -0.054406
vt 0.049742 -0.090676
vt 0.049742 -0.126947
vt 0.037306 0.018135
vt 0.037306 -0.018135
vt 0.037306 -0.054406
vt 0.037306 -0.090676
vt 0.037306 -0.126947
vt 0.049742 0.054406
vt 0.049742 0.090676
vt 0.049742 0.126947
vt 0.049742 0.163217
vt 0.024871 0.018135
vt 0.024871 -0.018135
vt 0.024871 -0.054406
vt 0.024871 -0.090676
vt 0.024871 -0.126947
vt 0.037306 0.054406
vt 0.037306 0.090676
vt 0.037306 0.126947
vt 0.037306 0.163217
vt 0.037306 0.199488
vt 0.024871 0.054406
vt 0.024871 0.090676
vt 0.024871 0.126947
vt 0.024871 0.163217
vt 0.024871 0.199488
vt 0.024871 0.235759
vt -0.121866 0.027815
vt -0.179796 0.008565
vt -0.178168 -0.025617
vt -0.121866 -0.027815
vt -0.170100 -0.058872
vt -0.112621 -0.054235
vt -0.155885 -0.090000
vt -0.097729 -0.077936
vt -0.136035 -0.117875
vt -0.077936 -0.097729
vt -0.111269 -0.141490
vt -0.082481 -0.159990
vt -0.112621 0.054235
vt -0.163734 0.074775
vt -0.174926 0.042437
vt -0.146624 0.104410
vt -0.097729 0.077936
vt -0.124214 0.130272
vt -0.077936 0.097729
vt -0.097315 0.151426
vt -0.054235 0.112621
vt -0.066899 0.167106
vt -0.027815 0.121866
vt -0.034065 0.176747
vt 0.000000 0.180000
vt 0.034065 0.176747
vt 0.027815 0.121866
vt 0.066899 0.167106
vt 0.054235 0.112621
vt 0.097315 0.151426
vt 0.077936 0.097729
vt 0.124214 0.130272
vt 0.097729 0.077936
vt 0.146624 0.104410
vt 0.112621 0.054235
vt 0.163734 0.074775
vt 0.121866 0.027815
vt 0.174926 0.042437
vt 0.179796 0.008565
vt 0.178168 -0.025617
vt 0.121866 -0.027815
vt 0.170100 -0.058872
vt 0.112621 -0.054235
vt 0.155885 -0.090000
vt 0.097729 -0.077936
vt 0.136035 -0.117875
vt 0.077936 -0.097729
vt 0.111269 -0.141490
vt 0.082481 -0.159990
vt 0.054235 -0.112621
vt 0.050712 -0.172709
vt 0.027815 -0.121866
vt 0.017110 -0.179185
vt 0.000000 -0.125000
vt -0.017110 -0.179185
vt -0.027815 -0.121866
vt -0.050712 -0.172709
vt -0.054235 -0.112621
vt 0.220000 -0.364649
vt -0.000000 -0.364649
vt 0.220000 -0.392699
vt 0.220000 0.392699
vt 0.220000 0.364649
vt -0.000000 0.364649
vt 0.220000 0.336599
vt -0.000000 0.336599
vt 0.220000 0.308549
vt 0.000000 0.308549
vt 0.220000 0.280499
vt 0.000000 0.280499
vt 0.220000 0.252449
vt 0.000000 0.252449
vt 0.220000 0.224399
vt -0.000000 0.224399
vt 0.220000 0.196350
vt 0.220000 0.168300
vt 0.000000 0.168300
vt 0.220000 0.140250
vt -0.000000 0.140250
vt 0.220000 0.112200
vt 0.000000 0.112200
vt 0.220000 0.084150
vt 0.000000 0.084150
vt 0.220000 0.056100
vt -0.000000 0.056100
vt 0.220000 0.028050
vt 0.000000 0.028050
vt 0.220000 -0.028050
vt 0.000000 -0.028050
vt 0.220000 -0.056100
vt 0.000000 -0.056100
vt 0.220000 -0.084150
vt -0.000000 -0.084150
vt 0.220000 -0.112200
vt -0.000000 -0.112200
vt 0.220000 -0.140250
vt -0.000000 -0.140250
vt 0.220000 -0.168300
vt 0.000000 -0.168300
vt 0.220000 -0.196350
vt 0.220000 -0.224399
vt -0.000000 -0.224399
vt 0.220000 -0.252449
vt 0.000000 -0.252449
vt 0.220000 -0.280499
vt -0.000000 -0.280499
vt 0.220000 -0.308549
vt -0.000000 -0.308549
vt 0.220000 -0.336599
vt 0.000000 -0.336599
vt 0.038448 0.224228
vt -0.000000 0.227500
vt -0.038448 0.224228
vt -0.075789 0.214505
vt -0.110951 0.198611
vt -0.142920 0.177003
vt -0.170778 0.150303
vt -0.193723 0.119280
vt -0.211095 0.084825
vt -0.222394 0.047930
vt -0.227295 0.009655
vt -0.225657 -0.028897
vt -0.217528 -0.066617
vt -0.203141 -0.102421
vt -0.182909 -0.135279
vt -0.157416 -0.164245
vt -0.127394 -0.188486
vt -0.093708 -0.207304
vt -0.057325 -0.220159
vt -0.019293 -0.226680
vt 0.019293 -0.226680
vt 0.057325 -0.220159
vt 0.093708 -0.207304
vt 0.127394 -0.188486
vt 0.157416 -0.164245
vt 0.182909 -0.135279
vt 0.203141 -0.102421
vt 0.217528 -0.066617
vt 0.225657 -0.028897
vt 0.125000 0.000000
vt 0.227295 0.009655
vt 0.222394 0.047930
vt 0.211095 0.084825
vt 0.193723 0.119280
vt 0.170778 0.150303
vt 0.142920 0.177003
vt 0.110951 0.198611
vt 0.075789 0.214505
s 1
usemtl Stainless_Steel_-_Satin.003
f 1/1/1 2/2/2 24/3/1
f 24/3/1 2/2/2 23/4/3
f 23/4/3 2/2/2 3/5/1
f 23/4/3 3/5/1 22/6/1
f 22/6/1 3/5/1 4/7/1
f 22/6/1 4/7/1 21/8/1
f 21/8/1 4/7/1 5/9/1
f 21/8/1 5/9/1 20/10/1
f 20/10/1 5/9/1 6/11/1
f 20/10/1 6/11/1 19/12/1
f 19/12/1 6/11/1 7/13/1
f 19/12/1 7/13/1 18/14/1
f 18/14/1 7/13/1 8/15/1
f 18/14/1 8/15/1 17/16/1
f 17/16/1 8/15/1 9/17/1
f 17/16/1 9/17/1 16/18/1
f 16/18/1 9/17/1 10/19/1
f 16/18/1 10/19/1 15/20/1
f 15/20/1 10/19/1 11/21/2
f 15/20/1 11/21/2 14/22/3
f 14/22/3 11/21/2 12/23/1
f 14/22/3 12/23/1 13/24/1
f 24/25/4 59/26/4 1/27/5
f 1/27/5 59/26/4 78/28/5
f 1/27/5 78/28/5 2/29/6
f 2/29/6 78/28/5 279/30/6
f 2/29/6 279/30/6 3/31/7
f 3/31/7 279/30/6 269/32/7
f 3/31/7 269/32/7 4/33/8
f 4/33/8 269/32/7 259/34/8
f 4/33/8 259/34/8 5/35/9
f 5/35/9 259/34/8 249/36/9
f 5/35/9 249/36/9 6/37/10
f 6/37/10 249/36/9 239/38/10
f 6/37/10 239/38/10 7/39/11
f 7/39/11 239/38/10 229/40/11
f 7/39/11 229/40/11 8/41/12
f 8/41/12 229/40/11 219/42/12
f 8/41/12 219/42/12 9/43/13
f 9/43/13 219/42/12 209/44/13
f 9/43/13 209/44/13 10/45/14
f 10/45/14 209/44/13 199/46/14
f 10/45/14 199/46/14 11/47/15
f 11/47/15 199/46/14 189/48/15
f 11/47/15 189/48/15 12/49/16
f 12/49/16 189/48/15 179/50/16
f 12/49/16 179/50/16 13/51/17
f 13/51/17 179/50/16 49/52/17
f 13/53/17 49/54/17 14/55/18
f 14/55/18 49/54/17 169/56/18
f 14/55/18 169/56/18 15/57/19
f 15/57/19 169/56/18 159/58/19
f 15/57/19 159/58/19 16/59/20
f 16/59/20 159/58/19 149/60/20
f 16/59/20 149/60/20 17/61/21
f 17/61/21 149/60/20 139/62/21
f 17/61/21 139/62/21 18/63/22
f 18/63/22 139/62/21 129/64/22
f 18/63/22 129/64/22 19/65/23
f 19/65/23 129/64/22 119/66/23
f 19/65/23 119/66/23 20/67/24
f 20/67/24 119/66/23 109/68/24
f 20/67/24 109/68/24 21/69/25
f 21/69/25 109/68/24 99/70/25
f 21/69/25 99/70/25 22/71/26
f 22/71/26 99/70/25 89/72/26
f 22/71/26 89/72/26 23/73/27
f 23/73/27 89/72/26 79/74/27
f 23/73/27 79/74/27 24/25/4
f 24/25/4 79/74/27 59/26/4
f 26/75/6 288/76/6 25/77/5
f 25/77/5 288/76/6 69/78/5
f 25/77/5 69/78/5 48/79/4
f 48/79/4 69/78/5 68/80/4
f 48/79/4 68/80/4 47/81/27
f 47/81/27 68/80/4 88/82/27
f 47/81/27 88/82/27 46/83/26
f 46/83/26 88/82/27 98/84/26
f 46/83/26 98/84/26 45/85/25
f 45/85/25 98/84/26 108/86/25
f 45/85/25 108/86/25 44/87/24
f 44/87/24 108/86/25 118/88/24
f 44/87/24 118/88/24 43/89/23
f 43/89/23 118/88/24 128/90/23
f 43/89/23 128/90/23 42/91/22
f 42/91/22 128/90/23 138/92/22
f 42/91/22 138/92/22 41/93/21
f 41/93/21 138/92/22 148/94/21
f 41/93/21 148/94/21 40/95/20
f 40/95/20 148/94/21 158/96/20
f 40/95/20 158/96/20 39/97/19
f 39/97/19 158/96/20 168/98/19
f 39/97/19 168/98/19 38/99/18
f 38/99/18 168/98/19 178/100/18
f 38/99/18 178/100/18 37/101/17
f 37/101/17 178/100/18 58/102/17
f 37/103/17 58/104/17 36/105/16
f 36/105/16 58/104/17 188/106/16
f 36/105/16 188/106/16 35/107/15
f 35/107/15 188/106/16 198/108/15
f 35/107/15 198/108/15 34/109/14
f 34/109/14 198/108/15 208/110/14
f 34/109/14 208/110/14 33/111/13
f 33/111/13 208/110/14 218/112/13
f 33/111/13 218/112/13 32/113/12
f 32/113/12 218/112/13 228/114/12
f 32/113/12 228/114/12 31/115/11
f 31/115/11 228/114/12 238/116/11
f 31/115/11 238/116/11 30/117/10
f 30/117/10 238/116/11 248/118/10
f 30/117/10 248/118/10 29/119/9
f 29/119/9 248/118/10 258/120/9
f 29/119/9 258/120/9 28/121/8
f 28/121/8 258/120/9 268/122/8
f 28/121/8 268/122/8 27/123/7
f 27/123/7 268/122/8 278/124/7
f 27/123/7 278/124/7 26/75/6
f 26/75/6 278/124/7 288/76/6
f 49/54/17 50/125/17 169/56/18
f 169/56/18 50/125/17 170/126/18
f 169/56/18 170/126/18 159/58/19
f 159/58/19 170/126/18 160/127/19
f 159/58/19 160/127/19 149/60/20
f 149/60/20 160/127/19 150/128/20
f 149/60/20 150/128/20 139/62/21
f 139/62/21 150/128/20 140/129/21
f 139/62/21 140/129/21 129/64/22
f 129/64/22 140/129/21 130/130/22
f 129/64/22 130/130/22 119/66/23
f 119/66/23 130/130/22 120/131/23
f 119/66/23 120/131/23 109/68/24
f 109/68/24 120/131/23 110/132/24
f 109/68/24 110/132/24 99/70/25
f 99/70/25 110/132/24 100/133/25
f 99/70/25 100/133/25 89/72/26
f 89/72/26 100/133/25 90/134/26
f 89/72/26 90/134/26 79/74/27
f 79/74/27 90/134/26 80/135/27
f 79/74/27 80/135/27 59/26/4
f 59/26/4 80/135/27 60/136/4
f 59/26/4 60/136/4 78/28/5
f 78/28/5 60/136/4 77/137/5
f 78/28/5 77/137/5 279/30/6
f 279/30/6 77/137/5 280/138/6
f 279/30/6 280/138/6 269/32/7
f 269/32/7 280/138/6 270/139/7
f 269/32/7 270/139/7 259/34/8
f 259/34/8 270/139/7 260/140/8
f 259/34/8 260/140/8 249/36/9
f 249/36/9 260/140/8 250/141/9
f 249/36/9 250/141/9 239/38/10
f 239/38/10 250/141/9 240/142/10
f 239/38/10 240/142/10 229/40/11
f 229/40/11 240/142/10 230/143/11
f 229/40/11 230/143/11 219/42/12
f 219/42/12 230/143/11 220/144/12
f 219/42/12 220/144/12 209/44/13
f 209/44/13 220/144/12 210/145/13
f 209/44/13 210/145/13 199/46/14
f 199/46/14 210/145/13 200/146/14
f 199/46/14 200/146/14 189/48/15
f 189/48/15 200/146/14 190/147/15
f 189/48/15 190/147/15 179/50/16
f 179/50/16 190/147/15 180/148/16
f 179/50/16 180/148/16 49/52/17
f 49/52/17 180/148/16 50/149/17
f 50/125/17 51/150/17 170/126/18
f 170/126/18 51/150/17 171/151/18
f 170/126/18 171/151/18 160/127/19
f 160/127/19 171/151/18 161/152/19
f 160/127/19 161/152/19 150/128/20
f 150/128/20 161/152/19 151/153/20
f 150/128/20 151/153/20 140/129/21
f 140/129/21 151/153/20 141/154/21
f 140/129/21 141/154/21 130/130/22
f 130/130/22 141/154/21 131/155/22
f 130/130/22 131/155/22 120/131/23
f 120/131/23 131/155/22 121/156/23
f 120/131/23 121/156/23 110/132/24
f 110/132/24 121/156/23 111/157/24
f 110/132/24 111/157/24 100/133/25
f 100/133/25 111/157/24 101/158/25
f 100/133/25 101/158/25 90/134/26
f 90/134/26 101/158/25 91/159/26
f 90/134/26 91/159/26 80/135/27
f 80/135/27 91/159/26 81/160/27
f 80/135/27 81/160/27 60/136/4
f 60/136/4 81/160/27 61/161/4
f 60/136/4 61/161/4 77/137/5
f 77/137/5 61/161/4 76/162/5
f 77/137/5 76/162/5 280/138/6
f 280/138/6 76/162/5 281/163/6
f 280/138/6 281/163/6 270/139/7
f 270/139/7 281/163/6 271/164/7
f 270/139/7 271/164/7 260/140/8
f 260/140/8 271/164/7 261/165/8
f 260/140/8 261/165/8 250/141/9
f 250/141/9 261/165/8 251/166/9
f 250/141/9 251/166/9 240/142/10
f 240/142/10 251/166/9 241/167/10
f 240/142/10 241/167/10 230/143/11
f 230/143/11 241/167/10 231/168/11
f 230/143/11 231/168/11 220/144/12
f 220/144/12 231/168/11 221/169/12
f 220/144/12 221/169/12 210/145/13
f 210/145/13 221/169/12 211/170/13
f 210/145/13 211/170/13 200/146/14
f 200/146/14 211/170/13 201/171/14
f 200/146/14 201/171/14 190/147/15
f 190/147/15 201/171/14 191/172/15
f 190/147/15 191/172/15 180/148/16
f 180/148/16 191/172/15 181/173/16
f 180/148/16 181/173/16 50/149/17
f 50/149/17 181/173/16 51/174/17
f 51/150/17 52/175/17 171/151/18
f 171/151/18 52/175/17 172/176/18
f 171/151/18 172/176/18 161/152/19
f 161/152/19 172/176/18 162/177/19
f 161/152/19 162/177/19 151/153/20
f 151/153/20 162/177/19 152/178/20
f 151/153/20 152/178/20 141/154/21
f 141/154/21 152/178/20 142/179/21
f 141/154/21 142/179/21 131/155/22
f 131/155/22 142/179/21 132/180/22
f 131/155/22 132/180/22 121/156/23
f 121/156/23 132/180/22 122/181/23
f 121/156/23 122/181/23 111/157/24
f 111/157/24 122/181/23 112/182/24
f 111/157/24 112/182/24 101/158/25
f 101/158/25 112/182/24 102/183/25
f 101/158/25 102/183/25 91/159/26
f 91/159/26 102/183/25 92/184/26
f 91/159/26 92/184/26 81/160/27
f 81/160/27 92/184/26 82/185/27
f 81/160/27 82/185/27 61/161/4
f 61/161/4 82/185/27 62/186/4
f 61/161/4 62/186/4 76/162/5
f 76/162/5 62/186/4 75/187/5
f 76/162/5 75/187/5 281/163/6
f 281/163/6 75/187/5 282/188/6
f 281/163/6 282/188/6 271/164/7
f 271/164/7 282/188/6 272/189/7
f 271/164/7 272/189/7 261/165/8
f 261/165/8 272/189/7 262/190/8
f 261/165/8 262/190/8 251/166/9
f 251/166/9 262/190/8 252/191/9
f 251/166/9 252/191/9 241/167/10
f 241/167/10 252/191/9 242/192/10
f 241/167/10 242/192/10 231/168/11
f 231/168/11 242/192/10 232/193/11
f 231/168/11 232/193/11 221/169/12
f 221/169/12 232/193/11 222/194/12
f 221/169/12 222/194/12 211/170/13
f 211/170/13 222/194/12 212/195/13
f 211/170/13 212/195/13 201/171/14
f 201/171/14 212/195/13 202/196/14
f 201/171/14 202/196/14 191/172/15
f 191/172/15 202/196/14 192/197/15
f 191/172/15 192/197/15 181/173/16
f 181/173/16 192/197/15 182/198/16
f 181/173/16 182/198/16 51/174/17
f 51/174/17 182/198/16 52/199/17
f 52/175/17 53/200/17 172/176/18
f 172/176/18 53/200/17 173/201/18
f 172/176/18 173/201/18 162/177/19
f 162/177/19 173/201/18 163/202/19
f 162/177/19 163/202/19 152/178/20
f 152/178/20 163/202/19 153/203/20
f 152/178/20 153/203/20 142/179/21
f 142/179/21 153/203/20 143/204/21
f 142/179/21 143/204/21 132/180/22
f 132/180/22 143/204/21 133/205/22
f 132/180/22 133/205/22 122/181/23
f 122/181/23 133/205/22 123/206/23
f 122/181/23 123/206/23 112/182/24
f 112/182/24 123/206/23 113/207/24
f 112/182/24 113/207/24 102/183/25
f 102/183/25 113/207/24 103/208/25
f 102/183/25 103/208/25 92/184/26
f 92/184/26 103/208/25 93/209/26
f 92/184/26 93/209/26 82/185/27
f 82/185/27 93/209/26 83/210/27
f 82/185/27 83/210/27 62/186/4
f 62/186/4 83/210/27 63/211/4
f 62/186/4 63/211/4 75/187/5
f 75/187/5 63/211/4 74/212/5
f 75/187/5 74/212/5 282/188/6
f 282/188/6 74/212/5 283/213/6
f 282/188/6 283/213/6 272/189/7
f 272/189/7 283/213/6 273/214/7
f 272/189/7 273/214/7 262/190/8
f 262/190/8 273/214/7 263/215/8
f 262/190/8 263/215/8 252/191/9
f 252/191/9 263/215/8 253/216/9
f 252/191/9 253/216/9 242/192/10
f 242/192/10 253/216/9 243/217/10
f 242/192/10 243/217/10 232/193/11
f 232/193/11 243/217/10 233/218/11
f 232/193/11 233/218/11 222/194/12
f 222/194/12 233/218/11 223/219/12
f 222/194/12 223/219/12 212/195/13
f 212/195/13 223/219/12 213/220/13
f 212/195/13 213/220/13 202/196/14
f 202/196/14 213/220/13 203/221/14
f 202/196/14 203/221/14 192/197/15
f 192/197/15 203/221/14 193/222/15
f 192/197/15 193/222/15 182/198/16
f 182/198/16 193/222/15 183/223/16
f 182/198/16 183/223/16 52/199/17
f 52/199/17 183/223/16 53/224/17
f 53/200/17 54/225/17 173/201/18
f 173/201/18 54/225/17 174/226/18
f 173/201/18 174/226/18 163/202/19
f 163/202/19 174/226/18 164/227/19
f 163/202/19 164/227/19 153/203/20
f 153/203/20 164/227/19 154/228/20
f 153/203/20 154/228/20 143/204/21
f 143/204/21 154/228/20 144/229/21
f 143/204/21 144/229/21 133/205/22
f 133/205/22 144/229/21 134/230/22
f 133/205/22 134/230/22 123/206/23
f 123/206/23 134/230/22 124/231/23
f 123/206/23 124/231/23 113/207/24
f 113/207/24 124/231/23 114/232/24
f 113/207/24 114/232/24 103/208/25
f 103/208/25 114/232/24 104/233/25
f 103/208/25 104/233/25 93/209/26
f 93/209/26 104/233/25 94/234/26
f 93/209/26 94/234/26 83/210/27
f 83/210/27 94/234/26 84/235/27
f 83/210/27 84/235/27 63/211/4
f 63/211/4 84/235/27 64/236/4
f 63/211/4 64/236/4 74/212/5
f 74/212/5 64/236/4 73/237/5
f 74/212/5 73/237/5 283/213/6
f 283/213/6 73/237/5 284/238/6
f 283/213/6 284/238/6 273/214/7
f 273/214/7 284/238/6 274/239/7
f 273/214/7 274/239/7 263/215/8
f 263/215/8 274/239/7 264/240/8
f 263/215/8 264/240/8 253/216/9
f 253/216/9 264/240/8 254/241/9
f 253/216/9 254/241/9 243/217/10
f 243/217/10 254/241/9 244/242/10
f 243/217/10 244/242/10 233/218/11
f 233/218/11 244/242/10 234/243/11
f 233/218/11 234/243/11 223/219/12
f 223/219/12 234/243/11 224/244/12
f 223/219/12 224/244/12 213/220/13
f 213/220/13 224/244/12 214/245/13
f 213/220/13 214/245/13 203/221/14
f 203/221/14 214/245/13 204/246/14
f 203/221/14 204/246/14 193/222/15
f 193/222/15 204/246/14 194/247/15
f 193/222/15 194/247/15 183/223/16
f 183/223/16 194/247/15 184/248/16
f 183/223/16 184/248/16 53/224/17
f 53/224/17 184/248/16 54/249/17
f 54/225/17 55/250/17 174/226/18
f 174/226/18 55/250/17 175/251/18
f 174/226/18 175/251/18 164/227/19
f 164/227/19 175/251/18 165/252/19
f 164/227/19 165/252/19 154/228/20
f 154/228/20 165/252/19 155/253/20
f 154/228/20 155/253/20 144/229/21
f 144/229/21 155/253/20 145/254/21
f 144/229/21 145/254/21 134/230/22
f 134/230/22 145/254/21 135/255/22
f 134/230/22 135/255/22 124/231/23
f 124/231/23 135/255/22 125/256/23
f 124/231/23 125/256/23 114/232/24
f 114/232/24 125/256/23 115/257/24
f 114/232/24 115/257/24 104/233/25
f 104/233/25 115/257/24 105/258/25
f 104/233/25 105/258/25 94/234/26
f 94/234/26 105/258/25 95/259/26
f 94/234/26 95/259/26 84/235/27
f 84/235/27 95/259/26 85/260/27
f 84/235/27 85/260/27 64/236/4
f 64/236/4 85/260/27 65/261/4
f 64/236/4 65/261/4 73/237/5
f 73/237/5 65/261/4 72/262/5
f 73/237/5 72/262/5 284/238/6
f 284/238/6 72/262/5 285/263/6
f 284/238/6 285/263/6 274/239/7
f 274/239/7 285/263/6 275/264/7
f 274/239/7 275/264/7 264/240/8
f 264/240/8 275/264/7 265/265/8
f 264/240/8 265/265/8 254/241/9
f 254/241/9 265/265/8 255/266/9
f 254/241/9 255/266/9 244/242/10
f 244/242/10 255/266/9 245/267/10
f 244/242/10 245/267/10 234/243/11
f 234/243/11 245/267/10 235/268/11
f 234/243/11 235/268/11 224/244/12
f 224/244/12 235/268/11 225/269/12
f 224/244/12 225/269/12 214/245/13
f 214/245/13 225/269/12 215/270/13
f 214/245/13 215/270/13 204/246/14
f 204/246/14 215/270/13 205/271/14
f 204/246/14 205/271/14 194/247/15
f 194/247/15 205/271/14 195/272/15
f 194/247/15 195/272/15 184/248/16
f 184/248/16 195/272/15 185/273/16
f 184/248/16 185/273/16 54/249/17
f 54/249/17 185/273/16 55/274/17
f 55/250/17 56/275/17 175/251/18
f 175/251/18 56/275/17 176/276/18
f 175/251/18 176/276/18 165/252/19
f 165/252/19 176/276/18 166/277/19
f 165/252/19 166/277/19 155/253/20
f 155/253/20 166/277/19 156/278/20
f 155/253/20 156/278/20 145/254/21
f 145/254/21 156/278/20 146/279/21
f 145/254/21 146/279/21 135/255/22
f 135/255/22 146/279/21 136/280/22
f 135/255/22 136/280/22 125/256/23
f 125/256/23 136/280/22 126/281/23
f 125/256/23 126/281/23 115/257/24
f 115/257/24 126/281/23 116/282/24
f 115/257/24 116/282/24 105/258/25
f 105/258/25 116/282/24 106/283/25
f 105/258/25 106/283/25 95/259/26
f 95/259/26 106/283/25 96/284/26
f 95/259/26 96/284/26 85/260/27
f 85/260/27 96/284/26 86/285/27
f 85/260/27 86/285/27 65/261/4
f 65/261/4 86/285/27 66/286/4
f 65/261/4 66/286/4 72/262/5
f 72/262/5 66/286/4 71/287/5
f 72/262/5 71/287/5 285/263/6
f 285/263/6 71/287/5 286/288/6
f 285/263/6 286/288/6 275/264/7
f 275/264/7 286/288/6 276/289/7
f 275/264/7 276/289/7 265/265/8
f 265/265/8 276/289/7 266/290/8
f 265/265/8 266/290/8 255/266/9
f 255/266/9 266/290/8 256/291/9
f 255/266/9 256/291/9 245/267/10
f 245/267/10 256/291/9 246/292/10
f 245/267/10 246/292/10 235/268/11
f 235/268/11 246/292/10 236/293/11
f 235/268/11 236/293/11 225/269/12
f 225/269/12 236/293/11 226/294/12
f 225/269/12 226/294/12 215/270/13
f 215/270/13 226/294/12 216/295/13
f 215/270/13 216/295/13 205/271/14
f 205/271/14 216/295/13 206/296/14
f 205/271/14 206/296/14 195/272/15
f 195/272/15 206/296/14 196/297/15
f 195/272/15 196/297/15 185/273/16
f 185/273/16 196/297/15 186/298/16
f 185/273/16 186/298/16 55/274/17
f 55/274/17 186/298/16 56/299/17
f 56/275/17 57/300/17 176/276/18
f 176/276/18 57/300/17 177/301/18
f 176/276/18 177/301/18 166/277/19
f 166/277/19 177/301/18 167/302/19
f 166/277/19 167/302/19 156/278/20
f 156/278/20 167/302/19 157/303/20
f 156/278/20 157/303/20 146/279/21
f 146/279/21 157/303/20 147/304/21
f 146/279/21 147/304/21 136/280/22
f 136/280/22 147/304/21 137/305/22
f 136/280/22 137/305/22 126/281/23
f 126/281/23 137/305/22 127/306/23
f 126/281/23 127/306/23 116/282/24
f 116/282/24 127/306/23 117/307/24
f 116/282/24 117/307/24 106/283/25
f 106/283/25 117/307/24 107/308/25
f 106/283/25 107/308/25 96/284/26
f 96/284/26 107/308/25 97/309/26
f 96/284/26 97/309/26 86/285/27
f 86/285/27 97/309/26 87/310/27
f 86/285/27 87/310/27 66/286/4
f 66/286/4 87/310/27 67/311/4
f 66/286/4 67/311/4 71/287/5
f 71/287/5 67/311/4 70/312/5
f 71/287/5 70/312/5 286/288/6
f 286/288/6 70/312/5 287/313/6
f 286/288/6 287/313/6 276/289/7
f 276/289/7 287/313/6 277/314/7
f 276/289/7 277/314/7 266/290/8
f 266/290/8 277/314/7 267/315/8
f 266/290/8 267/315/8 256/291/9
f 256/291/9 267/315/8 257/316/9
f 256/291/9 257/316/9 246/292/10
f 246/292/10 257/316/9 247/317/10
f 246/292/10 247/317/10 236/293/11
f 236/293/11 247/317/10 237/318/11
f 236/293/11 237/318/11 226/294/12
f 226/294/12 237/318/11 227/319/12
f 226/294/12 227/319/12 216/295/13
f 216/295/13 227/319/12 217/320/13
f 216/295/13 217/320/13 206/296/14
f 206/296/14 217/320/13 207/321/14
f 206/296/14 207/321/14 196/297/15
f 196/297/15 207/321/14 197/322/15
f 196/297/15 197/322/15 186/298/16
f 186/298/16 197/322/15 187/323/16
f 186/298/16 187/323/16 56/299/17
f 56/299/17 187/323/16 57/324/17
f 57/300/17 58/102/17 177/301/18
f 177/301/18 58/102/17 178/100/18
f 177/301/18 178/100/18 167/302/19
f 167/302/19 178/100/18 168/98/19
f 167/302/19 168/98/19 157/303/20
f 157/303/20 168/98/19 158/96/20
f 157/303/20 158/96/20 147/304/21
f 147/304/21 158/96/20 148/94/21
f 147/304/21 148/94/21 137/305/22
f 137/305/22 148/94/21 138/92/22
f 137/305/22 138/92/22 127/306/23
f 127/306/23 138/92/22 128/90/23
f 127/306/23 128/90/23 117/307/24
f 117/307/24 128/90/23 118/88/24
f 117/307/24 118/88/24 107/308/25
f 107/308/25 118/88/24 108/86/25
f 107/308/25 108/86/25 97/309/26
f 97/309/26 108/86/25 98/84/26
f 97/309/26 98/84/26 87/310/27
f 87/310/27 98/84/26 88/82/27
f 87/310/27 88/82/27 67/311/4
f 67/311/4 88/82/27 68/80/4
f 67/311/4 68/80/4 70/312/5
f 70/312/5 68/80/4 69/78/5
f 70/312/5 69/78/5 287/313/6
f 287/313/6 69/78/5 288/76/6
f 287/313/6 288/76/6 277/314/7
f 277/314/7 288/76/6 278/124/7
f 277/314/7 278/124/7 267/315/8
f 267/315/8 278/124/7 268/122/8
f 267/315/8 268/122/8 257/316/9
f 257/316/9 268/122/8 258/120/9
f 257/316/9 258/120/9 247/317/10
f 247/317/10 258/120/9 248/118/10
f 247/317/10 248/118/10 237/318/11
f 237/318/11 248/118/10 238/116/11
f 237/318/11 238/116/11 227/319/12
f 227/319/12 238/116/11 228/114/12
f 227/319/12 228/114/12 217/320/13
f 217/320/13 228/114/12 218/112/13
f 217/320/13 218/112/13 207/321/14
f 207/321/14 218/112/13 208/110/14
f 207/321/14 208/110/14 197/322/15
f 197/322/15 208/110/14 198/108/15
f 197/322/15 198/108/15 187/323/16
f 187/323/16 198/108/15 188/106/16
f 187/323/16 188/106/16 57/324/17
f 57/324/17 188/106/16 58/104/17
f 25/325/28 48/326/28 26/327/28
f 26/327/28 48/326/28 27/328/28
f 27/328/28 48/326/28 47/329/28
f 27/328/28 47/329/28 28/330/28
f 28/330/28 47/329/28 46/331/28
f 28/330/28 46/331/28 29/332/28
f 29/332/28 46/331/28 45/333/28
f 29/332/28 45/333/28 30/334/28
f 30/334/28 45/333/28 44/335/28
f 30/334/28 44/335/28 31/336/28
f 31/336/28 44/335/28 43/337/28
f 31/336/28 43/337/28 32/338/28
f 32/338/28 43/337/28 42/339/28
f 32/338/28 42/339/28 33/8/28
f 33/8/28 42/339/28 41/9/28
f 33/8/28 41/9/28 34/340/28
f 34/340/28 41/9/28 40/341/28
f 34/340/28 40/341/28 35/342/28
f 35/342/28 40/341/28 39/343/28
f 35/342/28 39/343/28 36/344/28
f 36/344/28 39/343/28 38/345/28
f 36/344/28 38/345/28 37/346/28
f 799/979/174 775/980/35 800/981/35
f 800/982/35 775/983/35 776/984/175
f 800/982/35 776/984/175 823/985/176
f 823/985/176 776/984/175 777/986/177
f 823/985/176 777/986/177 822/987/33
f 822/987/33 777/986/177 778/988/178
f 822/987/33 778/988/178 821/989/32
f 821/989/32 778/988/178 779/990/179
f 821/989/32 779/990/179 820/991/180
f 820/991/180 779/990/179 780/992/181
f 820/991/180 780/992/181 819/993/30
f 819/993/30 780/992/181 781/994/182
f 819/993/30 781/994/182 818/995/26
f 818/995/26 781/994/182 782/996/183
f 818/995/26 782/996/183 817/997/29
f 817/997/29 782/996/183 783/998/184
f 817/997/29 783/998/184 816/999/50
f 816/999/50 783/998/184 784/1000/185
f 816/999/50 784/1000/185 815/1001/49
f 815/1001/49 784/1000/185 785/1002/186
f 815/1001/49 785/1002/186 814/1003/48
f 814/1003/48 785/1002/186 786/1004/187
f 814/1003/48 786/1004/187 813/1005/47
f 813/1005/47 786/1004/187 787/1006/188
f 813/1005/47 787/1006/188 812/1007/46
f 812/1007/46 787/1006/188 788/1008/189
f 812/1007/46 788/1008/189 811/1009/45
f 811/1009/45 788/1008/189 789/1010/190
f 811/1009/45 789/1010/190 810/1011/44
f 810/1011/44 789/1010/190 790/1012/191
f 810/1011/44 790/1012/191 809/1013/43
f 809/1013/43 790/1012/191 791/1014/192
f 809/1013/43 791/1014/192 808/1015/42
f 808/1015/42 791/1014/192 792/1016/193
f 808/1015/42 792/1016/193 807/1017/41
f 807/1017/41 792/1016/193 793/1018/194
f 807/1017/41 793/1018/194 806/1019/8
f 806/1019/8 793/1018/194 794/1020/195
f 806/1019/8 794/1020/195 805/1021/40
f 805/1021/40 794/1020/195 795/1022/196
f 805/1021/40 795/1022/196 804/1023/197
f 804/1023/197 795/1022/196 796/1024/198
f 804/1023/197 796/1024/198 803/1025/38
f 803/1025/38 796/1024/198 797/1026/199
f 803/1025/38 797/1026/199 802/1027/37
f 802/1027/37 797/1026/199 798/1028/200
f 802/1027/37 798/1028/200 801/1029/36
f 801/1029/36 798/1028/200 799/979/174
f 801/1029/36 799/979/174 800/981/35
f 825/1030/201 775/1031/1 824/1032/1
f 824/1032/1 775/1031/1 799/1033/202
f 824/1032/1 799/1033/202 848/1034/202
f 848/1034/202 799/1033/202 798/1035/203
f 848/1034/202 798/1035/203 847/1036/203
f 847/1036/203 798/1035/203 797/1037/204
f 847/1036/203 797/1037/204 846/1038/204
f 846/1038/204 797/1037/204 796/1039/205
f 846/1038/204 796/1039/205 845/1040/205
f 845/1040/205 796/1039/205 795/1041/206
f 845/1040/205 795/1041/206 844/1042/206
f 844/1042/206 795/1041/206 794/1043/207
f 844/1042/206 794/1043/207 843/1044/207
f 843/1044/207 794/1043/207 793/1045/208
f 843/1044/207 793/1045/208 842/1046/208
f 842/1046/208 793/1045/208 792/1047/209
f 842/1046/208 792/1047/209 841/1048/209
f 841/1048/209 792/1047/209 791/1049/210
f 841/1048/209 791/1049/210 840/1050/210
f 840/1050/210 791/1049/210 790/1051/211
f 840/1050/210 790/1051/211 839/1052/211
f 839/1052/211 790/1051/211 789/1053/212
f 839/1052/211 789/1053/212 838/1054/212
f 838/1054/212 789/1053/212 788/1055/213
f 838/1054/212 788/1055/213 837/1056/213
f 837/1057/213 788/1058/213 787/1059/214
f 837/1057/213 787/1059/214 836/1060/214
f 836/1060/214 787/1059/214 786/1061/215
f 836/1060/214 786/1061/215 835/1062/215
f 835/1062/215 786/1061/215 785/1063/216
f 835/1062/215 785/1063/216 834/1064/216
f 834/1064/216 785/1063/216 784/1065/217
f 834/1064/216 784/1065/217 833/1066/217
f 833/1066/217 784/1065/217 783/1067/218
f 833/1066/217 783/1067/218 832/1068/218
f 832/1068/218 783/1067/218 782/1069/219
f 832/1068/218 782/1069/219 831/1070/219
f 831/1070/219 782/1069/219 781/1071/220
f 831/1070/219 781/1071/220 830/1072/220
f 830/1072/220 781/1071/220 780/1073/221
f 830/1072/220 780/1073/221 829/1074/221
f 829/1074/221 780/1073/221 779/1075/222
f 829/1074/221 779/1075/222 828/1076/222
f 828/1076/222 779/1075/222 778/1077/223
f 828/1076/222 778/1077/223 827/1078/223
f 827/1078/223 778/1077/223 777/1079/224
f 827/1078/223 777/1079/224 826/1080/224
f 826/1080/224 777/1079/224 776/1081/201
f 826/1080/224 776/1081/201 825/1030/201
f 825/1030/201 776/1081/201 775/1031/1
f 850/1082/5 801/1083/5 849/1/5
f 849/1/5 801/1083/5 800/1084/5
f 849/1/5 800/1084/5 823/1085/5
f 801/1083/5 850/1082/5 802/1086/5
f 802/1086/5 850/1082/5 851/1087/5
f 802/1086/5 851/1087/5 803/1088/5
f 803/1088/5 851/1087/5 852/1089/5
f 803/1088/5 852/1089/5 804/1090/5
f 804/1090/5 852/1089/5 853/1091/5
f 804/1090/5 853/1091/5 805/1092/5
f 805/1092/5 853/1091/5 854/1093/5
f 805/1092/5 854/1093/5 806/1094/5
f 806/1094/5 854/1093/5 855/1095/5
f 806/1094/5 855/1095/5 807/1096/5
f 807/1096/5 855/1095/5 856/1097/5
f 807/1096/5 856/1097/5 857/1098/5
f 807/1096/5 857/1098/5 808/1099/5
f 808/1099/5 857/1098/5 858/1100/5
f 808/1099/5 858/1100/5 809/1101/5
f 809/1101/5 858/1100/5 859/1102/5
f 809/1101/5 859/1102/5 810/1103/5
f 810/1103/5 859/1102/5 860/1104/5
f 810/1103/5 860/1104/5 811/1105/5
f 811/1105/5 860/1104/5 861/1106/5
f 811/1105/5 861/1106/5 812/1107/5
f 812/1107/5 861/1106/5 813/1108/5
f 813/1108/5 861/1106/5 862/1109/5
f 813/1108/5 862/1109/5 814/1110/5
f 814/1110/5 862/1109/5 863/1111/5
f 814/1110/5 863/1111/5 815/1112/5
f 815/1112/5 863/1111/5 864/1113/5
f 815/1112/5 864/1113/5 816/1114/5
f 816/1114/5 864/1113/5 865/1115/5
f 816/1114/5 865/1115/5 817/1116/5
f 817/1116/5 865/1115/5 866/1117/5
f 817/1116/5 866/1117/5 818/1118/5
f 818/1118/5 866/1117/5 867/1119/5
f 818/1118/5 867/1119/5 868/1120/5
f 818/1118/5 868/1120/5 819/1121/5
f 819/1121/5 868/1120/5 869/1122/5
f 819/1121/5 869/1122/5 820/1123/5
f 820/1123/5 869/1122/5 870/1124/5
f 820/1123/5 870/1124/5 821/1125/5
f 821/1125/5 870/1124/5 871/1126/5
f 821/1125/5 871/1126/5 822/1127/5
f 822/1127/5 871/1126/5 872/1128/5
f 822/1127/5 872/1128/5 823/1085/5
f 823/1085/5 872/1128/5 849/1/5
f 874/1129/76 825/1130/225 873/983/77
f 873/983/77 825/1130/225 824/982/77
f 873/980/77 824/981/77 848/1131/226
f 825/1130/225 874/1129/76 826/1132/227
f 826/1132/227 874/1129/76 875/1133/75
f 826/1132/227 875/1133/75 827/1134/228
f 827/1134/228 875/1133/75 876/1135/74
f 827/1134/228 876/1135/74 828/1136/229
f 828/1136/229 876/1135/74 877/1137/230
f 828/1136/229 877/1137/230 829/1138/231
f 829/1138/231 877/1137/230 878/1139/72
f 829/1138/231 878/1139/72 830/1140/232
f 830/1140/232 878/1139/72 879/1141/20
f 830/1140/232 879/1141/20 831/1142/233
f 831/1142/233 879/1141/20 880/1143/71
f 831/1142/233 880/1143/71 832/1144/234
f 832/1144/234 880/1143/71 881/1145/92
f 832/1144/234 881/1145/92 833/1146/235
f 833/1146/235 881/1145/92 882/1147/91
f 833/1146/235 882/1147/91 834/1148/236
f 834/1148/236 882/1147/91 883/1149/90
f 834/1148/236 883/1149/90 835/1150/237
f 835/1150/237 883/1149/90 884/1151/89
f 835/1150/237 884/1151/89 836/1152/238
f 836/1152/238 884/1151/89 885/1153/88
f 836/1152/238 885/1153/88 837/1154/239
f 837/1154/239 885/1153/88 886/1155/87
f 837/1154/239 886/1155/87 838/1156/240
f 838/1156/240 886/1155/87 887/1157/86
f 838/1156/240 887/1157/86 839/1158/241
f 839/1158/241 887/1157/86 888/1159/85
f 839/1158/241 888/1159/85 840/1160/242
f 840/1160/242 888/1159/85 889/1161/84
f 840/1160/242 889/1161/84 841/1162/243
f 841/1162/243 889/1161/84 890/1163/83
f 841/1162/243 890/1163/83 842/1164/244
f 842/1164/244 890/1163/83 891/1165/14
f 842/1164/244 891/1165/14 843/1166/245
f 843/1166/245 891/1165/14 892/1167/82
f 843/1166/245 892/1167/82 844/1168/246
f 844/1168/246 892/1167/82 893/1169/247
f 844/1168/246 893/1169/247 845/1170/248
f 845/1170/248 893/1169/247 894/1171/80
f 845/1170/248 894/1171/80 846/1172/249
f 846/1172/249 894/1171/80 895/1173/79
f 846/1172/249 895/1173/79 847/1174/250
f 847/1174/250 895/1173/79 896/1175/78
f 847/1174/250 896/1175/78 848/1131/226
f 848/1131/226 896/1175/78 873/980/77
f 898/1176/17 879/1177/17 897/1178/17
f 897/1178/17 879/1177/17 878/1179/17
f 897/1178/17 878/1179/17 877/1180/17
f 899/1181/17 883/1182/17 898/1176/17
f 898/1176/17 883/1182/17 882/1183/17
f 898/1176/17 882/1183/17 881/1184/17
f 900/1185/17 887/1186/17 899/1181/17
f 899/1181/17 887/1186/17 886/1187/17
f 899/1181/17 886/1187/17 885/1188/17
f 901/1189/17 891/1190/17 900/1185/17
f 900/1185/17 891/1190/17 890/1191/17
f 900/1185/17 890/1191/17 889/1192/17
f 902/1193/17 895/1194/17 901/1189/17
f 901/1189/17 895/1194/17 894/1195/17
f 901/1189/17 894/1195/17 893/1196/17
f 897/1178/17 875/1197/17 902/1193/17
f 902/1193/17 875/1197/17 874/1198/17
f 902/1193/17 874/1198/17 873/1199/17
f 873/1199/17 896/1200/17 902/1193/17
f 902/1193/17 896/1200/17 895/1194/17
f 893/1196/17 892/1201/17 901/1189/17
f 901/1189/17 892/1201/17 891/1190/17
f 889/1192/17 888/1202/17 900/1185/17
f 900/1185/17 888/1202/17 887/1186/17
f 885/1188/17 884/1203/17 899/1181/17
f 899/1181/17 884/1203/17 883/1182/17
f 881/1184/17 880/1204/17 898/1176/17
f 898/1176/17 880/1204/17 879/1177/17
f 877/1180/17 876/1205/17 897/1178/17
f 897/1178/17 876/1205/17 875/1197/17
f 903/325/11 904/1206/11 897/1/11
f 897/1/11 904/1206/11 898/1207/11
f 905/325/58 903/1206/58 902/1/58
f 902/1/58 903/1206/58 897/1207/58
f 906/325/55 905/1206/55 901/1/55
f 901/1/55 905/1206/55 902/1207/55
f 907/325/23 906/1206/23 900/1/23
f 900/1/23 906/1206/23 901/1207/23
f 908/325/68 907/1206/68 899/1/68
f 899/1/68 907/1206/68 900/1207/68
f 904/325/65 908/1206/65 898/1/65
f 898/1/65 908/1206/65 899/1207/65
f 907/1208/17 908/1209/17 906/1210/17
f 906/1210/17 908/1209/17 905/1211/17
f 905/1211/17 908/1209/17 904/1212/17
f 905/1211/17 904/1212/17 903/1213/17
f 872/1214/67 934/1215/67 849/1216/1
f 849/1216/1 934/1215/67 935/1/1
f 849/1216/1 935/1/1 850/1217/66
f 850/1217/66 935/1/1 956/1218/66
f 850/1217/66 956/1218/66 851/1219/65
f 851/1219/65 956/1218/66 955/1220/65
f 851/1219/65 955/1220/65 852/1221/64
f 852/1221/64 955/1220/65 954/1222/64
f 852/1221/64 954/1222/64 853/1223/63
f 853/1223/63 954/1222/64 953/936/63
f 853/1223/63 953/936/63 854/1224/62
f 854/1224/62 953/936/63 952/1225/62
f 854/1224/62 952/1225/62 855/1226/11
f 855/1226/11 952/1225/62 951/1227/11
f 855/1226/11 951/1227/11 856/1228/61
f 856/1228/61 951/1227/11 950/1229/61
f 856/1228/61 950/1229/61 857/1230/60
f 857/1230/60 950/1229/61 949/930/60
f 857/1230/60 949/930/60 858/1231/59
f 858/1231/59 949/930/60 948/1232/59
f 858/1231/59 948/1232/59 859/1233/58
f 859/1233/58 948/1232/59 947/1234/58
f 859/1233/58 947/1234/58 860/1235/57
f 860/1235/57 947/1234/58 946/1236/57
f 860/1235/57 946/1236/57 861/1237/28
f 861/1237/28 946/1236/57 933/924/28
f 861/1238/28 933/910/28 862/1239/56
f 862/1239/56 933/910/28 945/1240/56
f 862/1239/56 945/1240/56 863/1241/55
f 863/1241/55 945/1240/56 944/1242/55
f 863/1241/55 944/1242/55 864/1243/54
f 864/1243/54 944/1242/55 943/1244/54
f 864/1243/54 943/1244/54 865/1245/53
f 865/1245/53 943/1244/54 942/904/53
f 865/1245/53 942/904/53 866/1246/52
f 866/1246/52 942/904/53 941/1247/52
f 866/1246/52 941/1247/52 867/1248/23
f 867/1248/23 941/1247/52 940/1249/23
f 867/1248/23 940/1249/23 868/1250/51
f 868/1250/51 940/1249/23 939/1251/51
f 868/1250/51 939/1251/51 869/1252/70
f 869/1252/70 939/1251/51 938/947/70
f 869/1252/70 938/947/70 870/1253/69
f 870/1253/69 938/947/70 937/1254/69
f 870/1253/69 937/1254/69 871/1255/68
f 871/1255/68 937/1254/69 936/1256/68
f 871/1255/68 936/1256/68 872/1214/67
f 872/1214/67 936/1256/68 934/1215/67
f 910/1257/66 956/1218/66 909/1258/1
f 909/1258/1 956/1218/66 935/1/1
f 909/1258/1 935/1/1 932/1259/67
f 932/1259/67 935/1/1 934/1215/67
f 932/1259/67 934/1215/67 931/1260/68
f 931/1260/68 934/1215/67 936/1256/68
f 931/1260/68 936/1256/68 930/1261/69
f 930/1261/69 936/1256/68 937/1254/69
f 930/1261/69 937/1254/69 929/1262/70
f 929/1262/70 937/1254/69 938/947/70
f 929/1262/70 938/947/70 928/1263/51
f 928/1263/51 938/947/70 939/1251/51
f 928/1263/51 939/1251/51 927/1264/23
f 927/1264/23 939/1251/51 940/1249/23
f 927/1264/23 940/1249/23 926/1265/52
f 926/1265/52 940/1249/23 941/1247/52
f 926/1265/52 941/1247/52 925/1266/53
f 925/1266/53 941/1247/52 942/904/53
f 925/1266/53 942/904/53 924/1267/54
f 924/1267/54 942/904/53 943/1244/54
f 924/1267/54 943/1244/54 923/1268/55
f 923/1268/55 943/1244/54 944/1242/55
f 923/1268/55 944/1242/55 922/1269/56
f 922/1269/56 944/1242/55 945/1240/56
f 922/1269/56 945/1240/56 921/1270/28
f 921/1270/28 945/1240/56 933/910/28
f 921/1271/28 933/924/28 920/1272/57
f 920/1272/57 933/924/28 946/1236/57
f 920/1272/57 946/1236/57 919/1273/58
f 919/1273/58 946/1236/57 947/1234/58
f 919/1273/58 947/1234/58 918/1274/59
f 918/1274/59 947/1234/58 948/1232/59
f 918/1274/59 948/1232/59 917/1275/60
f 917/1275/60 948/1232/59 949/930/60
f 917/1275/60 949/930/60 916/1276/61
f 916/1276/61 949/930/60 950/1229/61
f 916/1276/61 950/1229/61 915/1277/11
f 915/1277/11 950/1229/61 951/1227/11
f 915/1277/11 951/1227/11 914/1278/62
f 914/1278/62 951/1227/11 952/1225/62
f 914/1278/62 952/1225/62 913/1279/63
f 913/1279/63 952/1225/62 953/936/63
f 913/1279/63 953/936/63 912/1280/64
f 912/1280/64 953/936/63 954/1222/64
f 912/1280/64 954/1222/64 911/1281/65
f 911/1281/65 954/1222/64 955/1220/65
f 911/1281/65 955/1220/65 910/1257/66
f 910/1257/66 955/1220/65 956/1218/66
f 910/1282/5 909/1283/5 957/1/5
f 957/1/5 909/1283/5 932/1284/5
f 957/1/5 932/1284/5 980/1285/5
f 980/1285/5 932/1284/5 931/1286/5
f 980/1285/5 931/1286/5 979/1287/5
f 979/1287/5 931/1286/5 930/1288/5
f 979/1287/5 930/1288/5 978/1289/5
f 978/1289/5 930/1288/5 929/1290/5
f 978/1289/5 929/1290/5 977/1291/5
f 977/1291/5 929/1290/5 928/1292/5
f 977/1291/5 928/1292/5 976/1293/5
f 976/1293/5 928/1292/5 927/1294/5
f 976/1293/5 927/1294/5 975/1295/5
f 975/1295/5 927/1294/5 974/1296/5
f 974/1296/5 927/1294/5 926/1297/5
f 974/1296/5 926/1297/5 973/1298/5
f 973/1298/5 926/1297/5 925/1299/5
f 973/1298/5 925/1299/5 972/1300/5
f 972/1300/5 925/1299/5 924/1301/5
f 972/1300/5 924/1301/5 971/1302/5
f 971/1302/5 924/1301/5 923/1303/5
f 971/1302/5 923/1303/5 970/1304/5
f 970/1304/5 923/1303/5 922/1305/5
f 970/1304/5 922/1305/5 969/1306/5
f 969/1306/5 922/1305/5 921/1307/5
f 969/1306/5 921/1307/5 920/1308/5
f 969/1306/5 920/1308/5 968/1309/5
f 968/1309/5 920/1308/5 919/1310/5
f 968/1309/5 919/1310/5 967/1311/5
f 967/1311/5 919/1310/5 918/1312/5
f 967/1311/5 918/1312/5 966/1313/5
f 966/1313/5 918/1312/5 917/1314/5
f 966/1313/5 917/1314/5 965/1315/5
f 965/1315/5 917/1314/5 916/1316/5
f 965/1315/5 916/1316/5 964/1317/5
f 964/1317/5 916/1316/5 963/1318/5
f 963/1318/5 916/1316/5 915/1319/5
f 963/1318/5 915/1319/5 962/1320/5
f 962/1320/5 915/1319/5 914/1321/5
f 962/1320/5 914/1321/5 961/1322/5
f 961/1322/5 914/1321/5 913/1323/5
f 961/1322/5 913/1323/5 960/1324/5
f 960/1324/5 913/1323/5 912/1325/5
f 960/1324/5 912/1325/5 959/1326/5
f 959/1326/5 912/1325/5 911/1327/5
f 959/1326/5 911/1327/5 958/1328/5
f 958/1328/5 911/1327/5 910/1282/5
f 958/1328/5 910/1282/5 957/1/5
f 980/1329/67 1004/1330/67 957/1331/1
f 957/1331/1 1004/1330/67 981/1332/1
f 957/1331/1 981/1332/1 958/1333/66
f 958/1333/66 981/1332/1 982/1334/66
f 958/1333/66 982/1334/66 959/1335/65
f 959/1335/65 982/1334/66 983/1336/65
f 959/1335/65 983/1336/65 960/1337/64
f 960/1337/64 983/1336/65 984/1338/64
f 960/1337/64 984/1338/64 961/1339/63
f 961/1339/63 984/1338/64 985/1340/63
f 961/1339/63 985/1340/63 962/1341/62
f 962/1341/62 985/1340/63 986/1342/62
f 962/1341/62 986/1342/62 963/1343/11
f 963/1343/11 986/1342/62 987/1344/11
f 963/1343/11 987/1344/11 964/1345/61
f 964/1345/61 987/1344/11 988/1346/61
f 964/1345/61 988/1346/61 965/1347/60
f 965/1347/60 988/1346/61 989/1348/60
f 965/1347/60 989/1348/60 966/1349/59
f 966/1349/59 989/1348/60 990/1350/59
f 966/1349/59 990/1350/59 967/1351/58
f 967/1351/58 990/1350/59 991/1352/58
f 967/1351/58 991/1352/58 968/1353/57
f 968/1353/57 991/1352/58 992/1354/57
f 968/1353/57 992/1354/57 969/1355/28
f 969/1355/28 992/1354/57 993/1356/28
f 969/1357/28 993/1358/28 970/1359/56
f 970/1359/56 993/1358/28 994/1360/56
f 970/1359/56 994/1360/56 971/1361/55
f 971/1361/55 994/1360/56 995/1362/55
f 971/1361/55 995/1362/55 972/1363/54
f 972/1363/54 995/1362/55 996/1364/54
f 972/1363/54 996/1364/54 973/1365/53
f 973/1365/53 996/1364/54 997/1366/53
f 973/1365/53 997/1366/53 974/1367/52
f 974/1367/52 997/1366/53 998/1368/52
f 974/1367/52 998/1368/52 975/1369/23
f 975/1369/23 998/1368/52 999/1370/23
f 975/1369/23 999/1370/23 976/1371/51
f 976/1371/51 999/1370/23 1000/1372/51
f 976/1371/51 1000/1372/51 977/1373/70
f 977/1373/70 1000/1372/51 1001/1374/70
f 977/1373/70 1001/1374/70 978/1375/69
f 978/1375/69 1001/1374/70 1002/1376/69
f 978/1375/69 1002/1376/69 979/1377/68
f 979/1377/68 1002/1376/69 1003/1378/68
f 979/1377/68 1003/1378/68 980/1329/67
f 980/1329/67 1003/1378/68 1004/1330/67
f 981/1379/5 1004/1380/5 982/1381/5
f 982/1381/5 1004/1380/5 983/1382/5
f 983/1382/5 1004/1380/5 1003/1383/5
f 983/1382/5 1003/1383/5 984/1384/5
f 984/1384/5 1003/1383/5 1002/1385/5
f 984/1384/5 1002/1385/5 985/1386/5
f 985/1386/5 1002/1385/5 1001/1387/5
f 985/1386/5 1001/1387/5 986/1388/5
f 986/1388/5 1001/1387/5 1000/1389/5
f 986/1388/5 1000/1389/5 987/1390/5
f 987/1390/5 1000/1389/5 999/1391/5
f 987/1390/5 999/1391/5 988/1392/5
f 988/1392/5 999/1391/5 998/1393/5
f 988/1392/5 998/1393/5 989/1322/5
f 989/1322/5 998/1393/5 997/1291/5
f 989/1322/5 997/1291/5 990/1394/5
f 990/1394/5 997/1291/5 996/1395/5
f 990/1394/5 996/1395/5 991/1396/5
f 991/1396/5 996/1395/5 995/1397/5
f 991/1396/5 995/1397/5 992/1398/5
f 992/1398/5 995/1397/5 994/1399/5
f 992/1398/5 994/1399/5 993/1400/5
f 1006/1401/5 1054/1402/251 1005/1403/5
f 1005/1403/5 1054/1402/251 1137/1404/252
f 1005/1403/5 1137/1404/252 1041/1405/5
f 1041/1405/5 1137/1404/252 1136/1406/253
f 1041/1405/5 1136/1406/253 1040/1407/5
f 1040/1407/5 1136/1406/253 1134/1408/254
f 1040/1407/5 1134/1408/254 1039/1409/5
f 1039/1409/5 1134/1408/254 1132/1410/255
f 1039/1409/5 1132/1410/255 1038/1411/5
f 1038/1411/5 1132/1410/255 1131/1412/256
f 1038/1411/5 1131/1412/256 1037/1413/5
f 1037/1413/5 1131/1412/256 1094/1414/257
f 1037/1413/5 1094/1414/257 1036/1415/5
f 1036/1415/5 1094/1414/257 1062/1416/258
f 1036/1415/5 1062/1416/258 1130/1417/259
f 1130/1417/259 1062/1416/258 1063/1418/260
f 1130/1417/259 1063/1418/260 1129/1419/261
f 1129/1419/261 1063/1418/260 1064/1420/262
f 1129/1419/261 1064/1420/262 1128/1421/263
f 1128/1421/263 1064/1420/262 1065/1422/264
f 1128/1421/263 1065/1422/264 1127/1423/265
f 1127/1423/265 1065/1422/264 1066/1424/266
f 1127/1423/265 1066/1424/266 1067/1425/267
f 1007/1426/5 1096/1427/268 1006/1401/5
f 1006/1401/5 1096/1427/268 1095/1428/269
f 1006/1401/5 1095/1428/269 1054/1402/251
f 1054/1402/251 1095/1428/269 1053/1429/270
f 1053/1429/270 1095/1428/269 1096/1427/268
f 1053/1429/270 1096/1427/268 1052/1430/271
f 1052/1430/271 1096/1427/268 1099/1431/272
f 1052/1430/271 1099/1431/272 1100/1432/273
f 1100/1432/273 1099/1431/272 1102/1433/274
f 1100/1432/273 1102/1433/274 1050/1434/275
f 1050/1434/275 1102/1433/274 1049/1435/276
f 1049/1435/276 1102/1433/274 1101/1436/277
f 1049/1435/276 1101/1436/277 1103/1437/278
f 1103/1437/278 1101/1436/277 1009/1438/5
f 1103/1437/278 1009/1438/5 1010/1439/5
f 1096/1427/268 1007/1426/5 1099/1431/272
f 1099/1431/272 1007/1426/5 1008/1440/5
f 1099/1431/272 1008/1440/5 1101/1436/277
f 1101/1436/277 1008/1440/5 1009/1438/5
f 1011/1441/5 1047/1442/279 1010/1439/5
f 1010/1439/5 1047/1442/279 1104/1443/280
f 1010/1439/5 1104/1443/280 1103/1437/278
f 1103/1437/278 1104/1443/280 1048/1444/281
f 1103/1437/278 1048/1444/281 1049/1435/276
f 1012/1445/5 1106/1446/282 1011/1441/5
f 1011/1441/5 1106/1446/282 1046/1447/283
f 1011/1441/5 1046/1447/283 1047/1442/279
f 1106/1446/282 1012/1445/5 1105/1448/284
f 1105/1448/284 1012/1445/5 1013/1449/5
f 1105/1448/284 1013/1449/5 1107/1450/285
f 1107/1450/285 1013/1449/5 1014/1451/5
f 1107/1450/285 1014/1451/5 1108/1452/286
f 1108/1452/286 1014/1451/5 1015/1453/5
f 1108/1452/286 1015/1453/5 1097/1454/287
f 1097/1454/287 1015/1453/5 1016/1455/5
f 1097/1454/287 1016/1455/5 1111/1456/288
f 1111/1456/288 1016/1455/5 1110/1457/289
f 1111/1456/288 1110/1457/289 1087/1458/290
f 1087/1458/290 1110/1457/289 1086/1459/291
f 1086/1459/291 1110/1457/289 1017/1460/5
f 1086/1459/291 1017/1460/5 1018/1461/5
f 1016/1455/5 1017/1460/5 1110/1457/289
f 1086/1459/291 1018/1461/5 1113/1462/292
f 1113/1462/292 1018/1461/5 1019/1463/5
f 1113/1462/292 1019/1463/5 1112/1464/293
f 1112/1464/293 1019/1463/5 1020/1465/5
f 1112/1464/293 1020/1465/5 1098/1466/294
f 1098/1466/294 1020/1465/5 1021/1467/5
f 1098/1466/294 1021/1467/5 1117/1468/295
f 1117/1468/295 1021/1467/5 1115/1469/296
f 1117/1468/295 1115/1469/296 1080/1470/297
f 1080/1470/297 1115/1469/296 1079/1471/298
f 1079/1471/298 1115/1469/296 1118/1472/299
f 1079/1471/298 1118/1472/299 1078/1473/300
f 1078/1473/300 1118/1472/299 1023/1474/5
f 1078/1475/300 1023/1476/5 1024/1477/5
f 1021/1467/5 1022/1478/5 1115/1469/296
f 1115/1469/296 1022/1478/5 1118/1472/299
f 1022/1478/5 1023/1474/5 1118/1472/299
f 1078/1475/300 1024/1477/5 1090/1479/301
f 1090/1479/301 1024/1477/5 1025/1480/302
f 1090/1479/301 1025/1480/302 1091/1481/303
f 1091/1481/303 1025/1480/302 1026/1482/5
f 1091/1481/303 1026/1482/5 1119/1483/304
f 1119/1483/304 1026/1482/5 1092/1484/305
f 1119/1483/304 1092/1484/305 1121/1485/306
f 1121/1485/306 1092/1484/305 1073/1486/307
f 1121/1485/306 1073/1486/307 1074/1487/308
f 1026/1482/5 1027/1488/5 1092/1484/305
f 1092/1484/305 1027/1488/5 1122/1489/309
f 1092/1484/305 1122/1489/309 1073/1486/307
f 1073/1486/307 1122/1489/309 1072/1490/310
f 1072/1490/310 1122/1489/309 1123/1491/311
f 1072/1490/310 1123/1491/311 1071/1492/312
f 1071/1492/312 1123/1491/311 1029/1493/5
f 1071/1492/312 1029/1493/5 1070/1494/313
f 1070/1494/313 1029/1493/5 1030/1495/5
f 1070/1494/313 1030/1495/5 1125/1496/314
f 1125/1496/314 1030/1495/5 1031/1497/5
f 1125/1496/314 1031/1497/5 1124/1498/315
f 1124/1498/315 1031/1497/5 1093/1499/316
f 1124/1498/315 1093/1499/316 1068/1500/317
f 1068/1500/317 1093/1499/316 1067/1425/267
f 1067/1425/267 1093/1499/316 1127/1423/265
f 1027/1488/5 1028/1501/5 1122/1489/309
f 1122/1489/309 1028/1501/5 1123/1491/311
f 1028/1501/5 1029/1493/5 1123/1491/311
f 1031/1497/5 1032/1502/5 1093/1499/316
f 1093/1499/316 1032/1502/5 1126/1503/318
f 1093/1499/316 1126/1503/318 1127/1423/265
f 1127/1423/265 1126/1503/318 1128/1421/263
f 1032/1502/5 1033/1504/5 1126/1503/318
f 1126/1503/318 1033/1504/5 1128/1421/263
f 1033/1504/5 1034/1505/5 1128/1421/263
f 1128/1421/263 1034/1505/5 1129/1419/261
f 1034/1505/5 1035/1506/5 1129/1419/261
f 1129/1419/261 1035/1506/5 1130/1417/259
f 1035/1506/5 1036/1415/5 1130/1417/259
f 1089/1507/319 1042/1508/320 1109/1509/321
f 1109/1509/321 1042/1508/320 1043/1510/322
f 1109/1509/321 1043/1510/322 1107/1450/285
f 1107/1450/285 1043/1510/322 1044/1511/323
f 1107/1450/285 1044/1511/323 1105/1448/284
f 1105/1448/284 1044/1511/323 1045/1512/324
f 1105/1448/284 1045/1512/324 1106/1446/282
f 1106/1446/282 1045/1512/324 1046/1447/283
f 1047/1442/279 1048/1444/281 1104/1443/280
f 1050/1434/275 1051/1513/325 1100/1432/273
f 1100/1432/273 1051/1513/325 1052/1430/271
f 1054/1402/251 1055/1514/326 1137/1404/252
f 1137/1404/252 1055/1514/326 1136/1406/253
f 1055/1514/326 1056/1515/327 1136/1406/253
f 1136/1406/253 1056/1515/327 1134/1408/254
f 1134/1408/254 1056/1515/327 1135/1516/328
f 1135/1516/328 1056/1515/327 1057/1517/329
f 1135/1516/328 1057/1517/329 1058/1518/330
f 1135/1516/328 1058/1518/330 1133/1519/331
f 1133/1519/331 1058/1518/330 1059/1520/332
f 1133/1519/331 1059/1520/332 1060/1521/333
f 1061/1522/334 1094/1414/257 1060/1521/333
f 1060/1521/333 1094/1414/257 1131/1412/256
f 1060/1521/333 1131/1412/256 1133/1519/331
f 1133/1519/331 1131/1412/256 1132/1410/255
f 1133/1519/331 1132/1410/255 1135/1516/328
f 1135/1516/328 1132/1410/255 1134/1408/254
f 1061/1522/334 1062/1416/258 1094/1414/257
f 1068/1500/317 1069/1523/335 1124/1498/315
f 1124/1498/315 1069/1523/335 1125/1496/314
f 1069/1523/335 1070/1494/313 1125/1496/314
f 1121/1485/306 1074/1487/308 1120/1524/336
f 1120/1524/336 1074/1487/308 1075/1525/337
f 1120/1524/336 1075/1525/337 1076/1526/338
f 1077/1527/339 1091/1481/303 1076/1526/338
f 1076/1526/338 1091/1481/303 1119/1483/304
f 1076/1526/338 1119/1483/304 1120/1524/336
f 1120/1524/336 1119/1483/304 1121/1485/306
f 1091/1481/303 1077/1527/339 1090/1479/301
f 1090/1479/301 1077/1527/339 1078/1475/300
f 1117/1468/295 1080/1470/297 1116/1528/340
f 1116/1528/340 1080/1470/297 1081/1529/341
f 1116/1528/340 1081/1529/341 1082/1530/342
f 1116/1528/340 1082/1530/342 1114/1531/343
f 1114/1531/343 1082/1530/342 1083/1532/344
f 1114/1531/343 1083/1532/344 1084/1533/345
f 1085/1534/346 1113/1462/292 1084/1533/345
f 1084/1533/345 1113/1462/292 1112/1464/293
f 1084/1533/345 1112/1464/293 1114/1531/343
f 1114/1531/343 1112/1464/293 1098/1466/294
f 1114/1531/343 1098/1466/294 1116/1528/340
f 1116/1528/340 1098/1466/294 1117/1468/295
f 1085/1534/346 1086/1459/291 1113/1462/292
f 1087/1458/290 1088/1535/347 1111/1456/288
f 1111/1456/288 1088/1535/347 1097/1454/287
f 1088/1535/347 1089/1507/319 1097/1454/287
f 1097/1454/287 1089/1507/319 1109/1509/321
f 1097/1454/287 1109/1509/321 1108/1452/286
f 1108/1452/286 1109/1509/321 1107/1450/285
f 1101/1436/277 1102/1433/274 1099/1431/272
f 1139/1536/348 1232/1537/349 1138/1538/350
f 1138/1538/350 1232/1537/349 1231/1539/351
f 1138/1538/350 1231/1539/351 1185/1540/352
f 1185/1540/352 1231/1539/351 1184/1541/353
f 1184/1541/353 1231/1539/351 1230/1542/354
f 1184/1541/353 1230/1542/354 1270/1543/355
f 1270/1543/355 1230/1542/354 1221/1544/17
f 1270/1543/355 1221/1544/17 1222/1545/17
f 1139/1536/348 1140/1546/356 1232/1537/349
f 1232/1537/349 1140/1546/356 1233/1547/357
f 1232/1537/349 1233/1547/357 1231/1539/351
f 1231/1539/351 1233/1547/357 1230/1542/354
f 1141/1548/358 1227/1549/359 1140/1546/356
f 1140/1546/356 1227/1549/359 1234/1550/360
f 1140/1546/356 1234/1550/360 1233/1547/357
f 1233/1547/357 1234/1550/360 1219/1551/17
f 1233/1547/357 1219/1551/17 1220/1552/17
f 1141/1548/358 1142/1553/361 1227/1549/359
f 1227/1549/359 1142/1553/361 1217/1554/17
f 1227/1549/359 1217/1554/17 1218/1555/17
f 1217/1554/17 1142/1553/361 1236/1556/362
f 1236/1556/362 1142/1553/361 1143/1557/363
f 1236/1556/362 1143/1557/363 1235/1558/364
f 1235/1558/364 1143/1557/363 1144/1559/365
f 1235/1558/364 1144/1559/365 1237/1560/366
f 1237/1560/366 1144/1559/365 1145/1561/367
f 1237/1560/366 1145/1561/367 1238/1562/368
f 1238/1562/368 1145/1561/367 1146/1563/369
f 1238/1562/368 1146/1563/369 1147/1564/370
f 1147/1564/370 1148/1565/371 1238/1562/368
f 1238/1562/368 1148/1565/371 1239/1566/372
f 1238/1562/368 1239/1566/372 1237/1560/366
f 1237/1560/366 1239/1566/372 1214/1567/17
f 1237/1560/366 1214/1567/17 1215/1568/17
f 1149/1569/373 1240/1570/374 1148/1565/371
f 1148/1565/371 1240/1570/374 1228/1571/375
f 1148/1565/371 1228/1571/375 1239/1566/372
f 1239/1566/372 1228/1571/375 1213/1572/17
f 1239/1566/372 1213/1572/17 1214/1567/17
f 1240/1570/374 1149/1569/373 1241/1573/376
f 1241/1573/376 1149/1569/373 1150/1574/377
f 1241/1573/376 1150/1574/377 1211/1575/17
f 1211/1575/17 1150/1574/377 1210/1576/17
f 1210/1576/17 1150/1574/377 1151/1577/378
f 1210/1576/17 1151/1577/378 1243/1578/379
f 1243/1578/379 1151/1577/378 1152/1579/380
f 1243/1578/379 1152/1579/380 1242/1580/381
f 1242/1580/381 1152/1579/380 1153/1581/382
f 1242/1580/381 1153/1581/382 1229/1582/383
f 1229/1582/383 1153/1581/382 1244/1583/384
f 1229/1582/383 1244/1583/384 1246/1584/385
f 1246/1584/385 1244/1583/384 1245/1585/386
f 1246/1584/385 1245/1585/386 1156/1586/387
f 1156/1586/387 1245/1585/386 1155/1587/388
f 1155/1587/388 1245/1585/386 1154/1588/389
f 1154/1588/389 1245/1585/386 1244/1583/384
f 1154/1588/389 1244/1583/384 1153/1581/382
f 1246/1584/385 1156/1586/387 1247/1589/390
f 1247/1589/390 1156/1586/387 1157/1590/391
f 1247/1589/390 1157/1590/391 1248/1591/392
f 1248/1591/392 1157/1590/391 1158/1592/393
f 1248/1591/392 1158/1592/393 1205/1593/17
f 1205/1594/17 1158/1595/393 1204/1596/17
f 1204/1596/17 1158/1595/393 1249/1597/394
f 1204/1596/17 1249/1597/394 1203/1598/17
f 1203/1598/17 1249/1597/394 1250/1599/395
f 1203/1598/17 1250/1599/395 1202/1600/17
f 1202/1600/17 1250/1599/395 1252/1601/396
f 1202/1600/17 1252/1601/396 1223/1602/397
f 1223/1602/397 1252/1601/396 1251/1603/398
f 1223/1602/397 1251/1603/398 1253/1604/399
f 1253/1604/399 1251/1603/398 1162/1605/400
f 1253/1604/399 1162/1605/400 1163/1606/401
f 1158/1595/393 1159/1607/402 1249/1597/394
f 1249/1597/394 1159/1607/402 1250/1599/395
f 1159/1607/402 1160/1608/403 1250/1599/395
f 1250/1599/395 1160/1608/403 1252/1601/396
f 1252/1601/396 1160/1608/403 1251/1603/398
f 1251/1603/398 1160/1608/403 1161/1609/404
f 1251/1603/398 1161/1609/404 1162/1605/400
f 1163/1606/401 1164/1610/405 1253/1604/399
f 1253/1604/399 1164/1610/405 1223/1602/397
f 1165/1611/406 1255/1612/407 1164/1610/405
f 1164/1610/405 1255/1612/407 1254/1613/408
f 1164/1610/405 1254/1613/408 1223/1602/397
f 1223/1602/397 1254/1613/408 1201/1614/17
f 1223/1602/397 1201/1614/17 1202/1600/17
f 1165/1611/406 1166/1615/409 1255/1612/407
f 1255/1612/407 1166/1615/409 1199/1616/17
f 1255/1612/407 1199/1616/17 1200/1617/17
f 1167/1618/410 1257/1619/411 1166/1615/409
f 1166/1615/409 1257/1619/411 1198/1620/17
f 1166/1615/409 1198/1620/17 1199/1616/17
f 1257/1619/411 1167/1618/410 1256/1621/412
f 1256/1621/412 1167/1618/410 1168/1622/413
f 1256/1621/412 1168/1622/413 1224/1623/414
f 1224/1623/414 1168/1622/413 1169/1624/415
f 1224/1623/414 1169/1624/415 1258/1625/416
f 1258/1625/416 1169/1624/415 1170/1626/417
f 1258/1625/416 1170/1626/417 1171/1627/418
f 1171/1627/418 1172/1628/419 1258/1625/416
f 1258/1625/416 1172/1628/419 1259/1629/420
f 1258/1625/416 1259/1629/420 1224/1623/414
f 1224/1623/414 1259/1629/420 1196/1630/17
f 1224/1623/414 1196/1630/17 1197/1631/17
f 1173/1632/421 1261/1633/422 1172/1628/419
f 1172/1628/419 1261/1633/422 1260/1634/423
f 1172/1628/419 1260/1634/423 1259/1629/420
f 1259/1629/420 1260/1634/423 1195/1635/17
f 1259/1629/420 1195/1635/17 1196/1630/17
f 1261/1633/422 1173/1632/421 1225/1636/424
f 1225/1636/424 1173/1632/421 1174/1637/425
f 1225/1636/424 1174/1637/425 1193/1638/17
f 1193/1638/17 1174/1637/425 1192/1639/17
f 1192/1639/17 1174/1637/425 1175/1640/426
f 1192/1639/17 1175/1640/426 1191/1641/17
f 1191/1641/17 1175/1640/426 1263/1642/427
f 1191/1641/17 1263/1642/427 1262/1643/428
f 1262/1643/428 1263/1642/427 1176/1644/429
f 1262/1643/428 1176/1644/429 1177/1645/430
f 1175/1640/426 1176/1644/429 1263/1642/427
f 1178/1646/431 1264/1647/432 1177/1645/430
f 1177/1645/430 1264/1647/432 1265/1648/433
f 1177/1645/430 1265/1648/433 1262/1643/428
f 1262/1643/428 1265/1648/433 1190/1649/17
f 1262/1643/428 1190/1649/17 1191/1641/17
f 1264/1647/432 1178/1646/431 1266/1650/434
f 1266/1650/434 1178/1646/431 1179/1651/435
f 1266/1650/434 1179/1651/435 1180/1652/436
f 1181/1653/437 1268/1654/438 1180/1652/436
f 1180/1652/436 1268/1654/438 1267/1655/439
f 1180/1652/436 1267/1655/439 1266/1650/434
f 1266/1650/434 1267/1655/439 1264/1647/432
f 1268/1654/438 1181/1653/437 1226/1656/440
f 1226/1656/440 1181/1653/437 1182/1657/441
f 1226/1656/440 1182/1657/441 1187/1658/17
f 1187/1658/17 1182/1657/441 1186/1659/17
f 1186/1659/17 1182/1657/441 1269/1660/442
f 1186/1659/17 1269/1660/442 1222/1545/17
f 1222/1545/17 1269/1660/442 1270/1543/355
f 1182/1657/441 1183/1661/443 1269/1660/442
f 1269/1660/442 1183/1661/443 1270/1543/355
f 1183/1661/443 1184/1541/353 1270/1543/355
f 1226/1656/440 1187/1658/17 1268/1654/438
f 1268/1654/438 1187/1658/17 1188/1662/17
f 1268/1654/438 1188/1662/17 1267/1655/439
f 1267/1655/439 1188/1662/17 1189/1663/17
f 1267/1655/439 1189/1663/17 1265/1648/433
f 1265/1648/433 1189/1663/17 1190/1649/17
f 1225/1636/424 1193/1638/17 1261/1633/422
f 1261/1633/422 1193/1638/17 1194/1664/17
f 1261/1633/422 1194/1664/17 1260/1634/423
f 1260/1634/423 1194/1664/17 1195/1635/17
f 1198/1620/17 1257/1619/411 1197/1631/17
f 1197/1631/17 1257/1619/411 1256/1621/412
f 1197/1631/17 1256/1621/412 1224/1623/414
f 1255/1612/407 1200/1617/17 1254/1613/408
f 1254/1613/408 1200/1617/17 1201/1614/17
f 1205/1593/17 1206/1665/17 1248/1591/392
f 1248/1591/392 1206/1665/17 1247/1589/390
f 1206/1665/17 1207/1666/17 1247/1589/390
f 1247/1589/390 1207/1666/17 1246/1584/385
f 1246/1584/385 1207/1666/17 1229/1582/383
f 1229/1582/383 1207/1666/17 1208/1667/17
f 1229/1582/383 1208/1667/17 1242/1580/381
f 1242/1580/381 1208/1667/17 1209/1668/17
f 1242/1580/381 1209/1668/17 1243/1578/379
f 1243/1578/379 1209/1668/17 1210/1576/17
f 1211/1575/17 1212/1669/17 1241/1573/376
f 1241/1573/376 1212/1669/17 1240/1570/374
f 1240/1570/374 1212/1669/17 1228/1571/375
f 1228/1571/375 1212/1669/17 1213/1572/17
f 1237/1560/366 1215/1568/17 1235/1558/364
f 1235/1558/364 1215/1568/17 1216/1670/17
f 1235/1558/364 1216/1670/17 1236/1556/362
f 1236/1556/362 1216/1670/17 1217/1554/17
f 1227/1549/359 1218/1555/17 1234/1550/360
f 1234/1550/360 1218/1555/17 1219/1551/17
f 1233/1547/357 1220/1552/17 1230/1542/354
f 1230/1542/354 1220/1552/17 1221/1544/17
f 1267/1655/439 1265/1648/433 1264/1647/432
f 1066/1671/70 1065/1672/70 1170/1673/70
f 1170/1673/70 1065/1672/70 1171/1674/70
f 1171/1674/70 1065/1672/70 1064/1675/70
f 1171/1674/70 1064/1675/70 1172/1676/70
f 1172/1676/70 1064/1675/70 1063/1677/70
f 1172/1676/70 1063/1677/70 1173/1678/70
f 1173/1678/70 1063/1677/70 1062/1679/70
f 1173/1678/70 1062/1679/70 1174/1680/70
f 1174/1680/70 1062/1679/70 1175/1681/70
f 1175/1681/70 1062/1679/70 1061/1682/70
f 1175/1681/70 1061/1682/70 1176/1683/70
f 1176/1683/70 1061/1682/70 1060/1684/70
f 1176/1683/70 1060/1684/70 1177/1685/70
f 1177/1685/70 1060/1684/70 1059/1686/70
f 1177/1685/70 1059/1686/70 1178/1687/70
f 1178/1687/70 1059/1686/70 1058/1688/70
f 1074/1671/53 1073/1672/53 1162/1673/53
f 1162/1673/53 1073/1672/53 1163/1674/53
f 1163/1674/53 1073/1672/53 1072/1675/53
f 1163/1674/53 1072/1675/53 1164/1676/53
f 1164/1676/53 1072/1675/53 1071/1677/53
f 1164/1676/53 1071/1677/53 1165/1678/53
f 1165/1678/53 1071/1677/53 1070/1679/53
f 1165/1678/53 1070/1679/53 1166/1680/53
f 1166/1680/53 1070/1679/53 1167/1681/53
f 1167/1681/53 1070/1679/53 1069/1682/53
f 1167/1681/53 1069/1682/53 1168/1683/53
f 1168/1683/53 1069/1682/53 1068/1684/53
f 1168/1683/53 1068/1684/53 1169/1685/53
f 1169/1685/53 1068/1684/53 1067/1686/53
f 1169/1685/53 1067/1686/53 1170/1687/53
f 1170/1687/53 1067/1686/53 1066/1688/53
f 1058/1671/1 1057/1672/1 1178/1673/1
f 1178/1673/1 1057/1672/1 1179/1674/1
f 1179/1674/1 1057/1672/1 1056/1675/1
f 1179/1674/1 1056/1675/1 1180/1676/1
f 1180/1676/1 1056/1675/1 1055/1677/1
f 1180/1676/1 1055/1677/1 1181/1678/1
f 1181/1678/1 1055/1677/1 1054/1679/1
f 1181/1678/1 1054/1679/1 1182/1680/1
f 1182/1680/1 1054/1679/1 1183/1681/1
f 1183/1681/1 1054/1679/1 1053/1682/1
f 1183/1681/1 1053/1682/1 1184/1683/1
f 1184/1683/1 1053/1682/1 1052/1684/1
f 1184/1683/1 1052/1684/1 1185/1685/1
f 1185/1685/1 1052/1684/1 1051/1686/1
f 1185/1685/1 1051/1686/1 1138/1687/1
f 1138/1687/1 1051/1686/1 1050/1688/1
f 1041/1689/444 1271/1690/1 1005/1691/1
f 1005/1691/1 1271/1690/1 1272/1692/445
f 1005/1691/1 1272/1692/445 1006/1693/445
f 1006/1693/445 1272/1692/445 1273/1694/446
f 1006/1693/445 1273/1694/446 1007/1695/446
f 1007/1695/446 1273/1694/446 1274/1696/447
f 1007/1695/446 1274/1696/447 1008/1697/447
f 1008/1697/447 1274/1696/447 1275/1698/448
f 1008/1697/447 1275/1698/448 1009/1699/448
f 1009/1699/448 1275/1698/448 1276/1700/449
f 1009/1699/448 1276/1700/449 1010/1701/449
f 1010/1701/449 1276/1700/449 1277/1702/450
f 1010/1701/449 1277/1702/450 1011/1703/450
f 1011/1703/450 1277/1702/450 1278/1704/451
f 1011/1703/450 1278/1704/451 1012/1705/451
f 1012/1705/451 1278/1704/451 1279/1706/452
f 1012/1705/451 1279/1706/452 1013/1707/452
f 1013/1707/452 1279/1706/452 1280/1708/453
f 1013/1707/452 1280/1708/453 1014/1709/453
f 1014/1709/453 1280/1708/453 1281/1710/454
f 1014/1709/453 1281/1710/454 1015/1711/454
f 1015/1711/454 1281/1710/454 1282/1712/455
f 1015/1711/454 1282/1712/455 1016/1713/455
f 1016/1713/455 1282/1712/455 1283/1714/456
f 1016/1713/455 1283/1714/456 1017/1715/456
f 1017/1715/456 1283/1714/456 1284/1716/457
f 1017/1715/456 1284/1716/457 1018/1717/457
f 1018/1717/457 1284/1716/457 1285/1718/458
f 1018/1717/457 1285/1718/458 1019/1719/459
f 1019/1719/459 1285/1718/458 1286/1720/460
f 1019/1719/459 1286/1720/460 1020/1721/460
f 1020/1721/460 1286/1720/460 1287/1722/461
f 1020/1721/460 1287/1722/461 1021/1723/461
f 1021/1723/461 1287/1722/461 1288/1724/462
f 1021/1723/461 1288/1724/462 1022/1725/462
f 1022/1725/462 1288/1724/462 1289/1726/463
f 1022/1725/462 1289/1726/463 1023/1727/463
f 1023/1728/463 1289/1729/463 1290/1730/464
f 1023/1728/463 1290/1730/464 1024/1731/464
f 1024/1731/464 1290/1730/464 1291/1732/465
f 1024/1731/464 1291/1732/465 1025/1733/465
f 1025/1733/465 1291/1732/465 1292/1734/466
f 1025/1733/465 1292/1734/466 1026/1735/466
f 1026/1735/466 1292/1734/466 1293/1736/467
f 1026/1735/466 1293/1736/467 1027/1737/467
f 1027/1737/467 1293/1736/467 1294/1738/468
f 1027/1737/467 1294/1738/468 1028/1739/468
f 1028/1739/468 1294/1738/468 1295/1740/469
f 1028/1739/468 1295/1740/469 1029/1741/469
f 1029/1741/469 1295/1740/469 1296/1742/470
f 1029/1741/469 1296/1742/470 1030/1743/470
f 1030/1743/470 1296/1742/470 1297/1744/471
f 1030/1743/470 1297/1744/471 1031/1745/471
f 1031/1745/471 1297/1744/471 1298/1746/472
f 1031/1745/471 1298/1746/472 1032/1747/472
f 1032/1747/472 1298/1746/472 1299/1748/473
f 1032/1747/472 1299/1748/473 1033/1749/473
f 1033/1749/473 1299/1748/473 1300/1750/474
f 1033/1749/473 1300/1750/474 1034/1751/474
f 1034/1751/474 1300/1750/474 1301/1752/475
f 1034/1751/474 1301/1752/475 1035/1753/476
f 1035/1753/476 1301/1752/475 1302/1754/477
f 1035/1753/476 1302/1754/477 1036/1755/477
f 1036/1755/477 1302/1754/477 1303/1756/478
f 1036/1755/477 1303/1756/478 1037/1757/478
f 1037/1757/478 1303/1756/478 1304/1758/479
f 1037/1757/478 1304/1758/479 1038/1759/479
f 1038/1759/479 1304/1758/479 1305/1760/480
f 1038/1759/479 1305/1760/480 1039/1761/480
f 1039/1761/480 1305/1760/480 1306/1762/481
f 1039/1761/480 1306/1762/481 1040/1763/481
f 1040/1763/481 1306/1762/481 1307/1764/444
f 1040/1763/481 1307/1764/444 1041/1689/444
f 1041/1689/444 1307/1764/444 1271/1690/1
f 1309/1765/482 1341/1766/28 1308/1767/28
f 1308/1767/28 1341/1766/28 1342/1768/483
f 1308/1767/28 1342/1768/483 1340/1769/483
f 1340/1769/483 1342/1768/483 1343/1770/484
f 1340/1769/483 1343/1770/484 1339/1771/484
f 1339/1771/484 1343/1770/484 1344/1772/485
f 1339/1771/484 1344/1772/485 1338/1773/485
f 1338/1773/485 1344/1772/485 1345/1774/486
f 1338/1773/485 1345/1774/486 1337/1775/486
f 1337/1775/486 1345/1774/486 1346/1776/487
f 1337/1775/486 1346/1776/487 1336/1777/487
f 1336/1777/487 1346/1776/487 1347/1778/488
f 1336/1777/487 1347/1778/488 1335/1779/488
f 1335/1779/488 1347/1778/488 1348/1780/489
f 1335/1779/488 1348/1780/489 1334/1781/489
f 1334/1781/489 1348/1780/489 1349/1782/490
f 1334/1781/489 1349/1782/490 1333/1783/490
f 1333/1783/490 1349/1782/490 1350/1784/491
f 1333/1783/490 1350/1784/491 1332/1785/491
f 1332/1785/491 1350/1784/491 1351/1786/492
f 1332/1785/491 1351/1786/492 1331/1787/492
f 1331/1787/492 1351/1786/492 1352/1788/63
f 1331/1787/492 1352/1788/63 1330/1789/63
f 1330/1789/63 1352/1788/63 1353/1790/493
f 1330/1789/63 1353/1790/493 1329/1791/493
f 1329/1791/493 1353/1790/493 1354/1792/494
f 1329/1791/493 1354/1792/494 1328/1793/494
f 1328/1793/494 1354/1792/494 1355/1794/495
f 1328/1793/494 1355/1794/495 1327/1795/495
f 1327/1795/495 1355/1794/495 1356/1796/496
f 1327/1795/495 1356/1796/496 1326/1797/496
f 1326/1797/496 1356/1796/496 1357/1798/497
f 1326/1797/496 1357/1798/497 1325/1799/497
f 1325/1800/497 1357/1801/497 1358/1802/498
f 1325/1800/497 1358/1802/498 1324/1803/498
f 1324/1803/498 1358/1802/498 1359/1804/499
f 1324/1803/498 1359/1804/499 1323/1805/499
f 1323/1805/499 1359/1804/499 1360/1806/500
f 1323/1805/499 1360/1806/500 1322/1807/500
f 1322/1807/500 1360/1806/500 1361/1808/501
f 1322/1807/500 1361/1808/501 1321/1809/501
f 1321/1809/501 1361/1808/501 1362/1810/502
f 1321/1809/501 1362/1810/502 1320/1811/502
f 1320/1811/502 1362/1810/502 1363/1812/70
f 1320/1811/502 1363/1812/70 1319/1813/70
f 1319/1813/70 1363/1812/70 1364/1814/503
f 1319/1813/70 1364/1814/503 1318/1815/503
f 1318/1815/503 1364/1814/503 1365/1816/504
f 1318/1815/503 1365/1816/504 1317/1817/504
f 1317/1817/504 1365/1816/504 1366/1818/505
f 1317/1817/504 1366/1818/505 1316/1819/505
f 1316/1819/505 1366/1818/505 1367/1820/506
f 1316/1819/505 1367/1820/506 1315/1821/506
f 1315/1821/506 1367/1820/506 1368/1822/507
f 1315/1821/506 1368/1822/507 1314/1823/507
f 1314/1823/507 1368/1822/507 1369/1824/508
f 1314/1823/507 1369/1824/508 1313/1825/508
f 1313/1825/508 1369/1824/508 1370/1826/509
f 1313/1825/508 1370/1826/509 1312/1827/509
f 1312/1827/509 1370/1826/509 1371/1828/510
f 1312/1827/509 1371/1828/510 1311/1829/510
f 1311/1829/510 1371/1828/510 1372/1830/511
f 1311/1829/510 1372/1830/511 1310/1831/511
f 1310/1831/511 1372/1830/511 1373/1832/482
f 1310/1831/511 1373/1832/482 1309/1765/482
f 1309/1765/482 1373/1832/482 1341/1766/28
f 1373/1833/512 1383/1834/513 1341/1835/5
f 1341/1835/5 1383/1834/513 1392/1836/514
f 1341/1835/5 1392/1836/514 1342/1837/5
f 1342/1837/5 1392/1836/514 1554/1838/515
f 1342/1837/5 1554/1838/515 1343/1839/5
f 1343/1839/5 1554/1838/515 1549/1840/516
f 1343/1839/5 1549/1840/516 1344/1841/5
f 1344/1841/5 1549/1840/516 1539/1842/517
f 1344/1841/5 1539/1842/517 1345/1843/5
f 1345/1843/5 1539/1842/517 1548/1844/518
f 1345/1843/5 1548/1844/518 1380/1845/519
f 1380/1845/519 1548/1844/518 1547/1846/520
f 1380/1845/519 1547/1846/520 1535/1847/521
f 1535/1847/521 1547/1846/520 1546/1848/522
f 1535/1847/521 1546/1848/522 1536/1849/523
f 1536/1849/523 1546/1848/522 1545/1850/524
f 1536/1849/523 1545/1850/524 1537/1851/525
f 1537/1851/525 1545/1850/524 1544/1852/526
f 1537/1851/525 1544/1852/526 1538/1853/527
f 1538/1853/527 1544/1852/526 1303/1854/478
f 1538/1853/527 1303/1854/478 1302/1855/477
f 1383/1834/513 1373/1833/512 1393/1856/528
f 1393/1856/528 1373/1833/512 1372/1857/5
f 1393/1856/528 1372/1857/5 1398/1858/529
f 1398/1858/529 1372/1857/5 1371/1859/5
f 1398/1858/529 1371/1859/5 1403/1860/530
f 1403/1860/530 1371/1859/5 1370/1861/5
f 1403/1860/530 1370/1861/5 1408/1862/531
f 1408/1862/531 1370/1861/5 1381/1863/532
f 1408/1862/531 1381/1863/532 1421/1864/533
f 1421/1864/533 1381/1863/532 1414/1865/534
f 1421/1864/533 1414/1865/534 1415/1866/535
f 1415/1866/535 1414/1865/534 1424/1867/536
f 1415/1866/535 1424/1867/536 1425/1868/537
f 1425/1868/537 1424/1867/536 1430/1869/538
f 1425/1868/537 1430/1869/538 1431/1870/539
f 1431/1870/539 1430/1869/538 1436/1871/540
f 1431/1870/539 1436/1871/540 1280/1872/453
f 1280/1872/453 1436/1871/540 1281/1873/454
f 1281/1873/454 1436/1871/540 1441/1874/541
f 1281/1873/454 1441/1874/541 1282/1875/455
f 1282/1875/455 1441/1874/541 1446/1876/542
f 1282/1875/455 1446/1876/542 1283/1877/456
f 1283/1877/456 1446/1876/542 1451/1878/543
f 1283/1877/456 1451/1878/543 1284/1879/457
f 1284/1879/457 1451/1878/543 1456/1880/544
f 1284/1879/457 1456/1880/544 1285/1881/458
f 1285/1881/458 1456/1880/544 1462/1882/545
f 1285/1881/458 1462/1882/545 1286/1883/460
f 1286/1883/460 1462/1882/545 1461/1884/546
f 1286/1883/460 1461/1884/546 1287/1885/461
f 1287/1885/461 1461/1884/546 1470/1886/547
f 1287/1885/461 1470/1886/547 1288/1887/462
f 1288/1887/462 1470/1886/547 1475/1888/548
f 1288/1887/462 1475/1888/548 1289/1889/463
f 1289/1889/463 1475/1888/548 1378/1890/549
f 1289/1889/463 1378/1890/549 1290/1891/464
f 1290/1892/464 1378/1893/549 1480/1894/550
f 1290/1892/464 1480/1894/550 1291/1895/465
f 1291/1895/465 1480/1894/550 1485/1896/551
f 1291/1895/465 1485/1896/551 1292/1897/466
f 1292/1897/466 1485/1896/551 1490/1898/552
f 1292/1897/466 1490/1898/552 1293/1899/467
f 1293/1899/467 1490/1898/552 1494/1900/553
f 1293/1899/467 1494/1900/553 1294/1901/468
f 1294/1901/468 1494/1900/553 1500/1902/554
f 1294/1901/468 1500/1902/554 1295/1903/469
f 1295/1903/469 1500/1902/554 1499/1904/555
f 1295/1903/469 1499/1904/555 1296/1905/470
f 1296/1905/470 1499/1904/555 1509/1906/556
f 1296/1905/470 1509/1906/556 1297/1907/471
f 1297/1907/471 1509/1906/556 1514/1908/557
f 1297/1907/471 1514/1908/557 1298/1909/472
f 1298/1909/472 1514/1908/557 1519/1910/558
f 1298/1909/472 1519/1910/558 1299/1911/473
f 1299/1911/473 1519/1910/558 1524/1912/559
f 1299/1911/473 1524/1912/559 1300/1913/474
f 1300/1913/474 1524/1912/559 1529/1914/560
f 1300/1913/474 1529/1914/560 1301/1915/475
f 1301/1915/475 1529/1914/560 1534/1916/561
f 1301/1915/475 1534/1916/561 1302/1855/477
f 1302/1855/477 1534/1916/561 1538/1853/527
f 1370/1861/5 1369/1917/5 1381/1863/532
f 1381/1863/532 1369/1917/5 1413/1918/562
f 1381/1863/532 1413/1918/562 1414/1865/534
f 1414/1865/534 1413/1918/562 1423/1919/563
f 1414/1865/534 1423/1919/563 1424/1867/536
f 1424/1867/536 1423/1919/563 1429/1920/564
f 1424/1867/536 1429/1920/564 1430/1869/538
f 1430/1869/538 1429/1920/564 1435/1921/565
f 1430/1869/538 1435/1921/565 1436/1871/540
f 1436/1871/540 1435/1921/565 1441/1874/541
f 1369/1917/5 1368/1922/5 1413/1918/562
f 1413/1918/562 1368/1922/5 1422/1923/566
f 1413/1918/562 1422/1923/566 1423/1919/563
f 1423/1919/563 1422/1923/566 1428/1924/567
f 1423/1919/563 1428/1924/567 1429/1920/564
f 1429/1920/564 1428/1924/567 1434/1925/568
f 1429/1920/564 1434/1925/568 1435/1921/565
f 1435/1921/565 1434/1925/568 1440/1926/569
f 1435/1921/565 1440/1926/569 1441/1874/541
f 1441/1874/541 1440/1926/569 1446/1876/542
f 1368/1922/5 1367/1927/5 1422/1923/566
f 1422/1923/566 1367/1927/5 1427/1928/570
f 1422/1923/566 1427/1928/570 1428/1924/567
f 1428/1924/567 1427/1928/570 1433/1929/571
f 1428/1924/567 1433/1929/571 1434/1925/568
f 1434/1925/568 1433/1929/571 1439/1930/572
f 1434/1925/568 1439/1930/572 1440/1926/569
f 1440/1926/569 1439/1930/572 1445/1931/573
f 1440/1926/569 1445/1931/573 1446/1876/542
f 1446/1876/542 1445/1931/573 1451/1878/543
f 1367/1927/5 1366/1932/5 1427/1928/570
f 1427/1928/570 1366/1932/5 1432/1933/574
f 1427/1928/570 1432/1933/574 1433/1929/571
f 1433/1929/571 1432/1933/574 1438/1934/575
f 1433/1929/571 1438/1934/575 1439/1930/572
f 1439/1930/572 1438/1934/575 1444/1935/576
f 1439/1930/572 1444/1935/576 1445/1931/573
f 1445/1931/573 1444/1935/576 1450/1936/577
f 1445/1931/573 1450/1936/577 1451/1878/543
f 1451/1878/543 1450/1936/577 1456/1880/544
f 1366/1932/5 1365/1937/578 1432/1933/574
f 1432/1933/574 1365/1937/578 1437/1938/579
f 1432/1933/574 1437/1938/579 1438/1934/575
f 1438/1934/575 1437/1938/579 1443/1939/580
f 1438/1934/575 1443/1939/580 1444/1935/576
f 1444/1935/576 1443/1939/580 1449/1940/581
f 1444/1935/576 1449/1940/581 1450/1936/577
f 1450/1936/577 1449/1940/581 1455/1941/582
f 1450/1936/577 1455/1941/582 1456/1880/544
f 1456/1880/544 1455/1941/582 1462/1882/545
f 1365/1937/578 1364/1942/5 1437/1938/579
f 1437/1938/579 1364/1942/5 1442/1943/583
f 1437/1938/579 1442/1943/583 1443/1939/580
f 1443/1939/580 1442/1943/583 1448/1944/584
f 1443/1939/580 1448/1944/584 1449/1940/581
f 1449/1940/581 1448/1944/584 1454/1945/585
f 1449/1940/581 1454/1945/585 1455/1941/582
f 1455/1941/582 1454/1945/585 1463/1946/586
f 1455/1941/582 1463/1946/586 1462/1882/545
f 1462/1882/545 1463/1946/586 1461/1884/546
f 1364/1942/5 1363/1947/5 1442/1943/583
f 1442/1943/583 1363/1947/5 1447/1948/587
f 1442/1943/583 1447/1948/587 1448/1944/584
f 1448/1944/584 1447/1948/587 1453/1949/588
f 1448/1944/584 1453/1949/588 1454/1945/585
f 1454/1945/585 1453/1949/588 1464/1950/589
f 1454/1945/585 1464/1950/589 1463/1946/586
f 1463/1946/586 1464/1950/589 1460/1951/590
f 1463/1946/586 1460/1951/590 1461/1884/546
f 1461/1884/546 1460/1951/590 1470/1886/547
f 1363/1947/5 1362/1952/5 1447/1948/587
f 1447/1948/587 1362/1952/5 1452/1953/591
f 1447/1948/587 1452/1953/591 1453/1949/588
f 1453/1949/588 1452/1953/591 1465/1954/592
f 1453/1949/588 1465/1954/592 1464/1950/589
f 1464/1950/589 1465/1954/592 1459/1955/593
f 1464/1950/589 1459/1955/593 1460/1951/590
f 1460/1951/590 1459/1955/593 1469/1956/594
f 1460/1951/590 1469/1956/594 1470/1886/547
f 1470/1886/547 1469/1956/594 1475/1888/548
f 1452/1953/591 1362/1952/5 1382/1957/595
f 1382/1957/595 1362/1952/5 1361/1958/5
f 1382/1957/595 1361/1958/5 1457/1959/596
f 1457/1959/596 1361/1958/5 1360/1960/5
f 1457/1959/596 1360/1960/5 1466/1961/597
f 1466/1961/597 1360/1960/5 1359/1962/5
f 1466/1961/597 1359/1962/5 1471/1963/598
f 1471/1963/598 1359/1962/5 1358/1964/5
f 1471/1963/598 1358/1964/5 1374/1965/599
f 1374/1966/599 1358/1967/5 1357/1968/5
f 1374/1966/599 1357/1968/5 1476/1969/600
f 1476/1969/600 1357/1968/5 1356/1970/5
f 1476/1969/600 1356/1970/5 1481/1971/601
f 1481/1971/601 1356/1970/5 1355/1972/5
f 1481/1971/601 1355/1972/5 1486/1973/602
f 1486/1973/602 1355/1972/5 1354/1974/5
f 1486/1973/602 1354/1974/5 1379/1975/603
f 1379/1975/603 1354/1974/5 1353/1976/5
f 1379/1975/603 1353/1976/5 1504/1977/604
f 1504/1977/604 1353/1976/5 1495/1978/605
f 1504/1977/604 1495/1978/605 1496/1979/606
f 1496/1979/606 1495/1978/605 1506/1980/607
f 1496/1979/606 1506/1980/607 1507/1981/608
f 1507/1981/608 1506/1980/607 1512/1982/609
f 1507/1981/608 1512/1982/609 1513/1983/610
f 1513/1983/610 1512/1982/609 1518/1984/611
f 1513/1983/610 1518/1984/611 1519/1910/558
f 1519/1910/558 1518/1984/611 1524/1912/559
f 1353/1976/5 1352/1985/5 1495/1978/605
f 1495/1978/605 1352/1985/5 1505/1986/612
f 1495/1978/605 1505/1986/612 1506/1980/607
f 1506/1980/607 1505/1986/612 1511/1987/613
f 1506/1980/607 1511/1987/613 1512/1982/609
f 1512/1982/609 1511/1987/613 1517/1988/614
f 1512/1982/609 1517/1988/614 1518/1984/611
f 1518/1984/611 1517/1988/614 1523/1989/615
f 1518/1984/611 1523/1989/615 1524/1912/559
f 1524/1912/559 1523/1989/615 1529/1914/560
f 1352/1985/5 1351/1990/5 1505/1986/612
f 1505/1986/612 1351/1990/5 1510/1991/616
f 1505/1986/612 1510/1991/616 1511/1987/613
f 1511/1987/613 1510/1991/616 1516/1992/617
f 1511/1987/613 1516/1992/617 1517/1988/614
f 1517/1988/614 1516/1992/617 1522/1993/618
f 1517/1988/614 1522/1993/618 1523/1989/615
f 1523/1989/615 1522/1993/618 1528/1994/619
f 1523/1989/615 1528/1994/619 1529/1914/560
f 1529/1914/560 1528/1994/619 1534/1916/561
f 1351/1990/5 1350/1995/620 1510/1991/616
f 1510/1991/616 1350/1995/620 1515/1996/621
f 1510/1991/616 1515/1996/621 1516/1992/617
f 1516/1992/617 1515/1996/621 1521/1997/622
f 1516/1992/617 1521/1997/622 1522/1993/618
f 1522/1993/618 1521/1997/622 1527/1998/623
f 1522/1993/618 1527/1998/623 1528/1994/619
f 1528/1994/619 1527/1998/623 1533/1999/624
f 1528/1994/619 1533/1999/624 1534/1916/561
f 1534/1916/561 1533/1999/624 1538/1853/527
f 1350/1995/620 1349/2000/5 1515/1996/621
f 1515/1996/621 1349/2000/5 1520/2001/625
f 1515/1996/621 1520/2001/625 1521/1997/622
f 1521/1997/622 1520/2001/625 1526/2002/626
f 1521/1997/622 1526/2002/626 1527/1998/623
f 1527/1998/623 1526/2002/626 1532/2003/627
f 1527/1998/623 1532/2003/627 1533/1999/624
f 1533/1999/624 1532/2003/627 1537/1851/525
f 1533/1999/624 1537/1851/525 1538/1853/527
f 1349/2000/5 1348/2004/5 1520/2001/625
f 1520/2001/625 1348/2004/5 1525/2005/628
f 1520/2001/625 1525/2005/628 1526/2002/626
f 1526/2002/626 1525/2005/628 1531/2006/629
f 1526/2002/626 1531/2006/629 1532/2003/627
f 1532/2003/627 1531/2006/629 1536/1849/523
f 1532/2003/627 1536/1849/523 1537/1851/525
f 1348/2004/5 1347/2007/5 1525/2005/628
f 1525/2005/628 1347/2007/5 1530/2008/630
f 1525/2005/628 1530/2008/630 1531/2006/629
f 1531/2006/629 1530/2008/630 1535/1847/521
f 1531/2006/629 1535/1847/521 1536/1849/523
f 1347/2007/5 1346/2009/5 1530/2008/630
f 1530/2008/630 1346/2009/5 1380/1845/519
f 1530/2008/630 1380/1845/519 1535/1847/521
f 1346/2009/5 1345/1843/5 1380/1845/519
f 1307/2010/444 1388/2011/631 1271/1/1
f 1271/1/1 1388/2011/631 1387/2012/632
f 1271/1/1 1387/2012/632 1272/2013/445
f 1272/2013/445 1387/2012/632 1397/2014/633
f 1272/2013/445 1397/2014/633 1273/2015/446
f 1273/2015/446 1397/2014/633 1402/2016/634
f 1273/2015/446 1402/2016/634 1274/2017/447
f 1274/2017/447 1402/2016/634 1407/2018/635
f 1274/2017/447 1407/2018/635 1275/2019/448
f 1275/2019/448 1407/2018/635 1412/2020/636
f 1275/2019/448 1412/2020/636 1276/2021/449
f 1276/2021/449 1412/2020/636 1418/2022/637
f 1276/2021/449 1418/2022/637 1277/2023/450
f 1277/2023/450 1418/2022/637 1417/2024/638
f 1277/2023/450 1417/2024/638 1278/2025/451
f 1278/2025/451 1417/2024/638 1426/2026/639
f 1278/2025/451 1426/2026/639 1279/2027/452
f 1279/2027/452 1426/2026/639 1431/1870/539
f 1279/2027/452 1431/1870/539 1280/1872/453
f 1388/2011/631 1307/2010/444 1558/2028/640
f 1558/2028/640 1307/2010/444 1306/2029/481
f 1558/2028/640 1306/2029/481 1553/2030/641
f 1553/2030/641 1306/2029/481 1305/2031/480
f 1553/2030/641 1305/2031/480 1543/2032/642
f 1543/2032/642 1305/2031/480 1304/2033/479
f 1543/2032/642 1304/2033/479 1544/1852/526
f 1544/1852/526 1304/2033/479 1303/1854/478
f 1374/1965/599 1375/2034/643 1471/1963/598
f 1471/1963/598 1375/2034/643 1472/2035/644
f 1471/1963/598 1472/2035/644 1466/1961/597
f 1466/1961/597 1472/2035/644 1467/2036/645
f 1466/1961/597 1467/2036/645 1457/1959/596
f 1457/1959/596 1467/2036/645 1458/2037/646
f 1457/1959/596 1458/2037/646 1382/1957/595
f 1382/1957/595 1458/2037/646 1465/1954/592
f 1382/1957/595 1465/1954/592 1452/1953/591
f 1375/2034/643 1376/2038/46 1472/2035/644
f 1472/2035/644 1376/2038/46 1473/2039/647
f 1472/2035/644 1473/2039/647 1467/2036/645
f 1467/2036/645 1473/2039/647 1468/2040/648
f 1467/2036/645 1468/2040/648 1458/2037/646
f 1458/2037/646 1468/2040/648 1459/1955/593
f 1458/2037/646 1459/1955/593 1465/1954/592
f 1375/2041/643 1374/1966/599 1477/2042/649
f 1477/2042/649 1374/1966/599 1476/1969/600
f 1477/2042/649 1476/1969/600 1482/2043/650
f 1482/2043/650 1476/1969/600 1481/1971/601
f 1482/2043/650 1481/1971/601 1487/2044/651
f 1487/2044/651 1481/1971/601 1486/1973/602
f 1487/2044/651 1486/1973/602 1491/2045/652
f 1491/2045/652 1486/1973/602 1379/1975/603
f 1491/2045/652 1379/1975/603 1503/2046/653
f 1503/2046/653 1379/1975/603 1504/1977/604
f 1503/2046/653 1504/1977/604 1496/1979/606
f 1376/2038/46 1377/2047/654 1473/2039/647
f 1473/2039/647 1377/2047/654 1474/2048/655
f 1473/2039/647 1474/2048/655 1468/2040/648
f 1468/2040/648 1474/2048/655 1469/1956/594
f 1468/2040/648 1469/1956/594 1459/1955/593
f 1376/2049/46 1375/2041/643 1478/2050/656
f 1478/2050/656 1375/2041/643 1477/2042/649
f 1478/2050/656 1477/2042/649 1483/2051/657
f 1483/2051/657 1477/2042/649 1482/2043/650
f 1483/2051/657 1482/2043/650 1488/2052/658
f 1488/2052/658 1482/2043/650 1487/2044/651
f 1488/2052/658 1487/2044/651 1492/2053/659
f 1492/2053/659 1487/2044/651 1491/2045/652
f 1492/2053/659 1491/2045/652 1502/2054/660
f 1502/2054/660 1491/2045/652 1503/2046/653
f 1502/2054/660 1503/2046/653 1497/2055/661
f 1497/2055/661 1503/2046/653 1496/1979/606
f 1497/2055/661 1496/1979/606 1507/1981/608
f 1377/2047/654 1378/1890/549 1474/2048/655
f 1474/2048/655 1378/1890/549 1475/1888/548
f 1474/2048/655 1475/1888/548 1469/1956/594
f 1377/2056/654 1376/2049/46 1479/2057/662
f 1479/2057/662 1376/2049/46 1478/2050/656
f 1479/2057/662 1478/2050/656 1484/2058/663
f 1484/2058/663 1478/2050/656 1483/2051/657
f 1484/2058/663 1483/2051/657 1489/2059/664
f 1489/2059/664 1483/2051/657 1488/2052/658
f 1489/2059/664 1488/2052/658 1493/2060/665
f 1493/2060/665 1488/2052/658 1492/2053/659
f 1493/2060/665 1492/2053/659 1501/2061/666
f 1501/2061/666 1492/2053/659 1502/2054/660
f 1501/2061/666 1502/2054/660 1498/2062/667
f 1498/2062/667 1502/2054/660 1497/2055/661
f 1498/2062/667 1497/2055/661 1508/2063/668
f 1508/2063/668 1497/2055/661 1507/1981/608
f 1508/2063/668 1507/1981/608 1513/1983/610
f 1378/1893/549 1377/2056/654 1480/1894/550
f 1480/1894/550 1377/2056/654 1479/2057/662
f 1480/1894/550 1479/2057/662 1485/1896/551
f 1485/1896/551 1479/2057/662 1484/2058/663
f 1485/1896/551 1484/2058/663 1490/1898/552
f 1490/1898/552 1484/2058/663 1489/2059/664
f 1490/1898/552 1489/2059/664 1494/1900/553
f 1494/1900/553 1489/2059/664 1493/2060/665
f 1494/1900/553 1493/2060/665 1500/1902/554
f 1500/1902/554 1493/2060/665 1501/2061/666
f 1500/1902/554 1501/2061/666 1499/1904/555
f 1499/1904/555 1501/2061/666 1498/2062/667
f 1499/1904/555 1498/2062/667 1509/1906/556
f 1509/1906/556 1498/2062/667 1508/2063/668
f 1509/1906/556 1508/2063/668 1514/1908/557
f 1514/1908/557 1508/2063/668 1513/1983/610
f 1514/1908/557 1513/1983/610 1519/1910/558
f 1383/1834/513 1384/2064/669 1392/1836/514
f 1392/1836/514 1384/2064/669 1391/2065/670
f 1392/1836/514 1391/2065/670 1554/1838/515
f 1554/1838/515 1391/2065/670 1555/2066/671
f 1554/1838/515 1555/2066/671 1549/1840/516
f 1549/1840/516 1555/2066/671 1550/2067/672
f 1549/1840/516 1550/2067/672 1539/1842/517
f 1539/1842/517 1550/2067/672 1540/2068/673
f 1539/1842/517 1540/2068/673 1548/1844/518
f 1548/1844/518 1540/2068/673 1547/1846/520
f 1384/2064/669 1385/2069/674 1391/2065/670
f 1391/2065/670 1385/2069/674 1390/2070/675
f 1391/2065/670 1390/2070/675 1555/2066/671
f 1555/2066/671 1390/2070/675 1556/2071/676
f 1555/2066/671 1556/2071/676 1550/2067/672
f 1550/2067/672 1556/2071/676 1551/2072/677
f 1550/2067/672 1551/2072/677 1540/2068/673
f 1540/2068/673 1551/2072/677 1541/2073/678
f 1540/2068/673 1541/2073/678 1547/1846/520
f 1547/1846/520 1541/2073/678 1546/1848/522
f 1384/2064/669 1383/1834/513 1394/2074/679
f 1394/2074/679 1383/1834/513 1393/1856/528
f 1394/2074/679 1393/1856/528 1399/2075/680
f 1399/2075/680 1393/1856/528 1398/1858/529
f 1399/2075/680 1398/1858/529 1404/2076/681
f 1404/2076/681 1398/1858/529 1403/1860/530
f 1404/2076/681 1403/1860/530 1409/2077/682
f 1409/2077/682 1403/1860/530 1408/1862/531
f 1409/2077/682 1408/1862/531 1421/1864/533
f 1385/2069/674 1386/2078/683 1390/2070/675
f 1390/2070/675 1386/2078/683 1389/2079/684
f 1390/2070/675 1389/2079/684 1556/2071/676
f 1556/2071/676 1389/2079/684 1557/2080/685
f 1556/2071/676 1557/2080/685 1551/2072/677
f 1551/2072/677 1557/2080/685 1552/2081/686
f 1551/2072/677 1552/2081/686 1541/2073/678
f 1541/2073/678 1552/2081/686 1542/2082/687
f 1541/2073/678 1542/2082/687 1546/1848/522
f 1546/1848/522 1542/2082/687 1545/1850/524
f 1385/2069/674 1384/2064/669 1395/2083/688
f 1395/2083/688 1384/2064/669 1394/2074/679
f 1395/2083/688 1394/2074/679 1400/2084/689
f 1400/2084/689 1394/2074/679 1399/2075/680
f 1400/2084/689 1399/2075/680 1405/2085/690
f 1405/2085/690 1399/2075/680 1404/2076/681
f 1405/2085/690 1404/2076/681 1410/2086/691
f 1410/2086/691 1404/2076/681 1409/2077/682
f 1410/2086/691 1409/2077/682 1420/2087/692
f 1420/2087/692 1409/2077/682 1421/1864/533
f 1420/2087/692 1421/1864/533 1415/1866/535
f 1386/2078/683 1387/2012/632 1389/2079/684
f 1389/2079/684 1387/2012/632 1388/2011/631
f 1389/2079/684 1388/2011/631 1557/2080/685
f 1557/2080/685 1388/2011/631 1558/2028/640
f 1557/2080/685 1558/2028/640 1552/2081/686
f 1552/2081/686 1558/2028/640 1553/2030/641
f 1552/2081/686 1553/2030/641 1542/2082/687
f 1542/2082/687 1553/2030/641 1543/2032/642
f 1542/2082/687 1543/2032/642 1545/1850/524
f 1545/1850/524 1543/2032/642 1544/1852/526
f 1386/2078/683 1385/2069/674 1396/2088/693
f 1396/2088/693 1385/2069/674 1395/2083/688
f 1396/2088/693 1395/2083/688 1401/2089/694
f 1401/2089/694 1395/2083/688 1400/2084/689
f 1401/2089/694 1400/2084/689 1406/2090/695
f 1406/2090/695 1400/2084/689 1405/2085/690
f 1406/2090/695 1405/2085/690 1411/2091/696
f 1411/2091/696 1405/2085/690 1410/2086/691
f 1411/2091/696 1410/2086/691 1419/2092/697
f 1419/2092/697 1410/2086/691 1420/2087/692
f 1419/2092/697 1420/2087/692 1416/2093/698
f 1416/2093/698 1420/2087/692 1415/1866/535
f 1416/2093/698 1415/1866/535 1425/1868/537
f 1387/2012/632 1386/2078/683 1397/2014/633
f 1397/2014/633 1386/2078/683 1396/2088/693
f 1397/2014/633 1396/2088/693 1402/2016/634
f 1402/2016/634 1396/2088/693 1401/2089/694
f 1402/2016/634 1401/2089/694 1407/2018/635
f 1407/2018/635 1401/2089/694 1406/2090/695
f 1407/2018/635 1406/2090/695 1412/2020/636
f 1412/2020/636 1406/2090/695 1411/2091/696
f 1412/2020/636 1411/2091/696 1418/2022/637
f 1418/2022/637 1411/2091/696 1419/2092/697
f 1418/2022/637 1419/2092/697 1417/2024/638
f 1417/2024/638 1419/2092/697 1416/2093/698
f 1417/2024/638 1416/2093/698 1426/2026/639
f 1426/2026/639 1416/2093/698 1425/1868/537
f 1426/2026/639 1425/1868/537 1431/1870/539
f 1560/2094/5 1333/2095/5 1559/1391/5
f 1559/1391/5 1333/2095/5 1332/2096/5
f 1559/1391/5 1332/2096/5 1586/2097/5
f 1586/2097/5 1332/2096/5 1331/2098/5
f 1586/2097/5 1331/2098/5 1585/2099/5
f 1585/2099/5 1331/2098/5 1330/2100/5
f 1585/2099/5 1330/2100/5 1584/2101/5
f 1584/2101/5 1330/2100/5 1329/2102/5
f 1584/2101/5 1329/2102/5 1583/2103/5
f 1583/2103/5 1329/2102/5 1328/2104/5
f 1583/2103/5 1328/2104/5 1327/2105/5
f 1561/2106/5 1335/2107/5 1560/2094/5
f 1560/2094/5 1335/2107/5 1334/2108/5
f 1560/2094/5 1334/2108/5 1333/2095/5
f 1335/2107/5 1561/2106/5 1336/2109/5
f 1336/2109/5 1561/2106/5 1562/2110/5
f 1336/2109/5 1562/2110/5 1337/2111/5
f 1337/2111/5 1562/2110/5 1563/2112/5
f 1337/2111/5 1563/2112/5 1338/2113/5
f 1338/2113/5 1563/2112/5 1564/2114/5
f 1338/2113/5 1564/2114/5 1339/2115/5
f 1339/2115/5 1564/2114/5 1565/2116/5
f 1339/2115/5 1565/2116/5 1340/2117/5
f 1340/2117/5 1565/2116/5 1566/1379/5
f 1340/2117/5 1566/1379/5 1308/2118/5
f 1308/2118/5 1566/1379/5 1309/2119/5
f 1309/2119/5 1566/1379/5 1567/2120/5
f 1309/2119/5 1567/2120/5 1310/2121/5
f 1310/2121/5 1567/2120/5 1568/2122/5
f 1310/2121/5 1568/2122/5 1311/2123/5
f 1311/2123/5 1568/2122/5 1569/2124/5
f 1311/2123/5 1569/2124/5 1312/2125/5
f 1312/2125/5 1569/2124/5 1570/2126/5
f 1312/2125/5 1570/2126/5 1313/2127/5
f 1313/2127/5 1570/2126/5 1571/2128/5
f 1313/2127/5 1571/2128/5 1314/2129/5
f 1314/2129/5 1571/2128/5 1572/2130/5
f 1314/2129/5 1572/2130/5 1315/2131/5
f 1315/2131/5 1572/2130/5 1316/2132/5
f 1316/2132/5 1572/2130/5 1573/1390/5
f 1316/2132/5 1573/1390/5 1317/2133/5
f 1317/2133/5 1573/1390/5 1574/2134/5
f 1317/2133/5 1574/2134/5 1318/2135/5
f 1318/2135/5 1574/2134/5 1575/2136/5
f 1318/2135/5 1575/2136/5 1319/2137/5
f 1319/2137/5 1575/2136/5 1576/2138/5
f 1319/2137/5 1576/2138/5 1320/2139/5
f 1320/2139/5 1576/2138/5 1577/2140/5
f 1320/2139/5 1577/2140/5 1321/2141/5
f 1321/2141/5 1577/2140/5 1322/2142/5
f 1322/2142/5 1577/2140/5 1578/2143/5
f 1322/2142/5 1578/2143/5 1323/2144/5
f 1323/2144/5 1578/2143/5 1579/2145/5
f 1323/2144/5 1579/2145/5 1324/2146/5
f 1324/2146/5 1579/2145/5 1580/2147/5
f 1324/2146/5 1580/2147/5 1325/2148/5
f 1325/2148/5 1580/2147/5 1581/2149/5
f 1325/2148/5 1581/2149/5 1326/2150/5
f 1326/2150/5 1581/2149/5 1582/2151/5
f 1326/2150/5 1582/2151/5 1327/2105/5
f 1327/2105/5 1582/2151/5 1583/2103/5
f 1586/2152/699 1614/2153/699 1559/2154/11
f 1559/2154/11 1614/2153/699 1587/1234/11
f 1559/2155/11 1587/1242/11 1560/2156/700
f 1560/2156/700 1587/1242/11 1588/2157/700
f 1560/2156/700 1588/2157/700 1561/2158/701
f 1561/2158/701 1588/2157/700 1589/2159/701
f 1561/2158/701 1589/2159/701 1562/2160/702
f 1562/2160/702 1589/2159/701 1590/2161/702
f 1562/2160/702 1590/2161/702 1563/2162/703
f 1563/2162/703 1590/2161/702 1591/2163/703
f 1563/2162/703 1591/2163/703 1564/2164/704
f 1564/2164/704 1591/2163/703 1592/2165/704
f 1564/2164/704 1592/2165/704 1565/2166/705
f 1565/2166/705 1592/2165/704 1593/2167/705
f 1565/2166/705 1593/2167/705 1566/2168/28
f 1566/2168/28 1593/2167/705 1594/1251/28
f 1566/2168/28 1594/1251/28 1567/2169/706
f 1567/2169/706 1594/1251/28 1595/2170/706
f 1567/2169/706 1595/2170/706 1568/2171/707
f 1568/2171/707 1595/2170/706 1596/2172/707
f 1568/2171/707 1596/2172/707 1569/2173/708
f 1569/2173/708 1596/2172/707 1597/2174/708
f 1569/2173/708 1597/2174/708 1570/2175/709
f 1570/2175/709 1597/2174/708 1598/2176/709
f 1570/2175/709 1598/2176/709 1571/2177/710
f 1571/2177/710 1598/2176/709 1599/2178/710
f 1571/2177/710 1599/2178/710 1572/2179/711
f 1572/2179/711 1599/2178/710 1600/2180/711
f 1572/2179/711 1600/2180/711 1573/767/23
f 1573/767/23 1600/2180/711 1601/1/23
f 1573/767/23 1601/1/23 1574/2181/712
f 1574/2181/712 1601/1/23 1602/2182/712
f 1574/2181/712 1602/2182/712 1575/2183/713
f 1575/2183/713 1602/2182/712 1603/2184/713
f 1575/2183/713 1603/2184/713 1576/2185/714
f 1576/2185/714 1603/2184/713 1604/2186/714
f 1576/2185/714 1604/2186/714 1577/2187/715
f 1577/2187/715 1604/2186/714 1605/2188/715
f 1577/2187/715 1605/2188/715 1578/2189/716
f 1578/2189/716 1605/2188/715 1606/2190/716
f 1578/2189/716 1606/2190/716 1579/2191/717
f 1579/2191/717 1606/2190/716 1607/2192/717
f 1579/2191/717 1607/2192/717 1580/2193/1
f 1580/2193/1 1607/2192/717 1608/1225/1
f 1580/2193/1 1608/1225/1 1581/2194/718
f 1581/2194/718 1608/1225/1 1609/2195/718
f 1581/2194/718 1609/2195/718 1582/2196/719
f 1582/2196/719 1609/2195/718 1610/2197/719
f 1582/2196/719 1610/2197/719 1583/2198/720
f 1583/2198/720 1610/2197/719 1611/2199/720
f 1583/2198/720 1611/2199/720 1584/2200/721
f 1584/2200/721 1611/2199/720 1612/2201/721
f 1584/2200/721 1612/2201/721 1585/2202/722
f 1585/2202/722 1612/2201/721 1613/2203/722
f 1585/2202/722 1613/2203/722 1586/2152/699
f 1586/2152/699 1613/2203/722 1614/2153/699
f 1050/1671/63 1049/1672/63 1138/1673/63
f 1138/1673/63 1049/1672/63 1139/1674/63
f 1139/1674/63 1049/1672/63 1048/1675/63
f 1139/1674/63 1048/1675/63 1140/1676/63
f 1140/1676/63 1048/1675/63 1047/1677/63
f 1140/1676/63 1047/1677/63 1141/1678/63
f 1141/1678/63 1047/1677/63 1046/1679/63
f 1141/1678/63 1046/1679/63 1142/1680/63
f 1142/1680/63 1046/1679/63 1143/1681/63
f 1143/1681/63 1046/1679/63 1045/1682/63
f 1143/1681/63 1045/1682/63 1144/1683/63
f 1144/1683/63 1045/1682/63 1044/1684/63
f 1144/1683/63 1044/1684/63 1145/1685/63
f 1145/1685/63 1044/1684/63 1043/1686/63
f 1145/1685/63 1043/1686/63 1146/1687/63
f 1146/1687/63 1043/1686/63 1042/1688/63
f 1042/1671/60 1089/1672/60 1146/1673/60
f 1146/1673/60 1089/1672/60 1147/1674/60
f 1147/1674/60 1089/1672/60 1088/1675/60
f 1147/1674/60 1088/1675/60 1148/1676/60
f 1148/1676/60 1088/1675/60 1087/1677/60
f 1148/1676/60 1087/1677/60 1149/1678/60
f 1149/1678/60 1087/1677/60 1086/1679/60
f 1149/1678/60 1086/1679/60 1150/1680/60
f 1150/1680/60 1086/1679/60 1151/1681/60
f 1151/1681/60 1086/1679/60 1085/1682/60
f 1151/1681/60 1085/1682/60 1152/1683/60
f 1152/1683/60 1085/1682/60 1084/1684/60
f 1152/1683/60 1084/1684/60 1153/1685/60
f 1153/1685/60 1084/1684/60 1083/1686/60
f 1153/1685/60 1083/1686/60 1154/1687/60
f 1154/1687/60 1083/1686/60 1082/1688/60
f 1082/1671/28 1081/1672/28 1154/1673/28
f 1154/1673/28 1081/1672/28 1155/1674/28
f 1155/1674/28 1081/1672/28 1080/1675/28
f 1155/1674/28 1080/1675/28 1156/1676/28
f 1156/1676/28 1080/1675/28 1079/1677/28
f 1156/1676/28 1079/1677/28 1157/1678/28
f 1157/1678/28 1079/1677/28 1078/1679/28
f 1157/1678/28 1078/1679/28 1158/1680/28
f 1158/1680/28 1078/1679/28 1159/1681/28
f 1159/1681/28 1078/1679/28 1077/1682/28
f 1159/1681/28 1077/1682/28 1160/1683/28
f 1160/1683/28 1077/1682/28 1076/1684/28
f 1160/1683/28 1076/1684/28 1161/1685/28
f 1161/1685/28 1076/1684/28 1075/1686/28
f 1161/1685/28 1075/1686/28 1162/1687/28
f 1162/1687/28 1075/1686/28 1074/1688/28
f 1187/2204/17 1186/2205/17 1594/1379/17
f 1594/1379/17 1186/2205/17 1222/2206/17
f 1594/1379/17 1222/2206/17 1595/2116/17
f 1595/2116/17 1222/2206/17 1221/2207/17
f 1595/2116/17 1221/2207/17 1596/2114/17
f 1596/2114/17 1221/2207/17 1220/2208/17
f 1596/2114/17 1220/2208/17 1597/2112/17
f 1597/2112/17 1220/2208/17 1219/2209/17
f 1597/2112/17 1219/2209/17 1218/2210/17
f 1597/2112/17 1218/2210/17 1598/2110/17
f 1598/2110/17 1218/2210/17 1217/2211/17
f 1598/2110/17 1217/2211/17 1599/2106/17
f 1599/2106/17 1217/2211/17 1216/2212/17
f 1599/2106/17 1216/2212/17 1600/2094/17
f 1600/2094/17 1216/2212/17 1215/2213/17
f 1600/2094/17 1215/2213/17 1214/2214/17
f 1600/2094/17 1214/2214/17 1601/1391/17
f 1601/1391/17 1214/2214/17 1213/2215/17
f 1601/1391/17 1213/2215/17 1602/2097/17
f 1602/2097/17 1213/2215/17 1212/2216/17
f 1602/2097/17 1212/2216/17 1603/2099/17
f 1603/2099/17 1212/2216/17 1211/2217/17
f 1603/2099/17 1211/2217/17 1210/2218/17
f 1603/2099/17 1210/2218/17 1604/2101/17
f 1604/2101/17 1210/2218/17 1209/2219/17
f 1604/2101/17 1209/2219/17 1605/2103/17
f 1605/2103/17 1209/2219/17 1208/2220/17
f 1605/2103/17 1208/2220/17 1606/2151/17
f 1606/2151/17 1208/2220/17 1207/2221/17
f 1606/2151/17 1207/2221/17 1206/2222/17
f 1606/2151/17 1206/2222/17 1607/2149/17
f 1607/2149/17 1206/2222/17 1205/2223/17
f 1607/2149/17 1205/2223/17 1608/1400/17
f 1608/1400/17 1205/2223/17 1204/2224/17
f 1608/1400/17 1204/2224/17 1609/2145/17
f 1609/2145/17 1204/2224/17 1203/2225/17
f 1609/2145/17 1203/2225/17 1610/2143/17
f 1610/2143/17 1203/2225/17 1202/2226/17
f 1610/2143/17 1202/2226/17 1201/2227/17
f 1610/2143/17 1201/2227/17 1611/2140/17
f 1611/2140/17 1201/2227/17 1200/2228/17
f 1611/2140/17 1200/2228/17 1612/2138/17
f 1612/2138/17 1200/2228/17 1199/2229/17
f 1612/2138/17 1199/2229/17 1613/2136/17
f 1613/2136/17 1199/2229/17 1198/2230/17
f 1613/2136/17 1198/2230/17 1197/2231/17
f 1613/2136/17 1197/2231/17 1614/2134/17
f 1614/2134/17 1197/2231/17 1196/2232/17
f 1614/2134/17 1196/2232/17 1587/2233/17
f 1587/2233/17 1196/2232/17 1195/2234/17
f 1587/2233/17 1195/2234/17 1588/2130/17
f 1588/2130/17 1195/2234/17 1194/2235/17
f 1588/2130/17 1194/2235/17 1193/2236/17
f 1588/2130/17 1193/2236/17 1589/2128/17
f 1589/2128/17 1193/2236/17 1192/2237/17
f 1589/2128/17 1192/2237/17 1590/2126/17
f 1590/2126/17 1192/2237/17 1191/2238/17
f 1590/2126/17 1191/2238/17 1591/2124/17
f 1591/2124/17 1191/2238/17 1190/2239/17
f 1591/2124/17 1190/2239/17 1189/2240/17
f 1591/2124/17 1189/2240/17 1592/2122/17
f 1592/2122/17 1189/2240/17 1188/2241/17
f 1592/2122/17 1188/2241/17 1593/2120/17
f 1593/2120/17 1188/2241/17 1187/2204/17
f 1593/2120/17 1187/2204/17 1594/1379/17
usemtl ABS_(White).011
f 290/347/29 336/348/29 289/349/26
f 289/349/26 336/348/29 313/350/26
f 289/351/26 313/352/26 312/353/30
f 312/353/30 313/352/26 314/354/30
f 312/353/30 314/354/30 311/355/31
f 311/355/31 314/354/30 315/356/31
f 311/355/31 315/356/31 310/357/32
f 310/357/32 315/356/31 316/358/32
f 310/357/32 316/358/32 309/359/33
f 309/359/33 316/358/32 317/360/33
f 309/359/33 317/360/33 308/361/34
f 308/361/34 317/360/33 318/362/34
f 308/361/34 318/362/34 307/363/35
f 307/363/35 318/362/34 319/364/35
f 307/363/35 319/364/35 306/365/36
f 306/365/36 319/364/35 320/366/36
f 306/365/36 320/366/36 305/367/37
f 305/367/37 320/366/36 321/368/37
f 305/367/37 321/368/37 304/369/38
f 304/369/38 321/368/37 322/370/38
f 304/369/38 322/370/38 303/371/39
f 303/371/39 322/370/38 323/372/39
f 303/371/39 323/372/39 302/373/40
f 302/373/40 323/372/39 324/374/40
f 302/373/40 324/374/40 301/375/8
f 301/375/8 324/374/40 325/376/8
f 301/375/8 325/376/8 300/377/41
f 300/377/41 325/376/8 326/378/41
f 300/377/41 326/378/41 299/379/42
f 299/379/42 326/378/41 327/380/42
f 299/379/42 327/380/42 298/381/43
f 298/381/43 327/380/42 328/382/43
f 298/381/43 328/382/43 297/383/44
f 297/383/44 328/382/43 329/384/44
f 297/383/44 329/384/44 296/385/45
f 296/385/45 329/384/44 330/386/45
f 296/385/45 330/386/45 295/387/46
f 295/387/46 330/386/45 331/388/46
f 295/387/46 331/388/46 294/389/47
f 294/389/47 331/388/46 332/390/47
f 294/389/47 332/390/47 293/391/48
f 293/391/48 332/390/47 333/392/48
f 293/391/48 333/392/48 292/393/49
f 292/393/49 333/392/48 334/394/49
f 292/393/49 334/394/49 291/395/50
f 291/395/50 334/394/49 335/396/50
f 291/395/50 335/396/50 290/347/29
f 290/347/29 335/396/50 336/348/29
f 338/397/51 314/398/51 337/399/23
f 337/399/23 314/398/51 313/400/23
f 337/401/23 313/402/23 360/403/52
f 360/403/52 313/402/23 336/404/52
f 360/403/52 336/404/52 359/405/53
f 359/405/53 336/404/52 335/406/53
f 359/405/53 335/406/53 358/407/54
f 358/407/54 335/406/53 334/408/54
f 358/407/54 334/408/54 357/409/55
f 357/409/55 334/408/54 333/410/55
f 357/409/55 333/410/55 356/411/56
f 356/411/56 333/410/55 332/412/56
f 356/411/56 332/412/56 355/413/28
f 355/413/28 332/412/56 331/414/28
f 355/413/28 331/414/28 354/415/57
f 354/415/57 331/414/28 330/416/57
f 354/415/57 330/416/57 353/417/58
f 353/417/58 330/416/57 329/418/58
f 353/417/58 329/418/58 352/419/59
f 352/419/59 329/418/58 328/420/59
f 352/419/59 328/420/59 351/421/60
f 351/421/60 328/420/59 327/422/60
f 351/421/60 327/422/60 350/423/61
f 350/423/61 327/422/60 326/424/61
f 350/423/61 326/424/61 349/425/11
f 349/425/11 326/424/61 325/426/11
f 349/425/11 325/426/11 348/427/62
f 348/427/62 325/426/11 324/428/62
f 348/427/62 324/428/62 347/429/63
f 347/429/63 324/428/62 323/430/63
f 347/429/63 323/430/63 346/431/64
f 346/431/64 323/430/63 322/432/64
f 346/431/64 322/432/64 345/433/65
f 345/433/65 322/432/64 321/434/65
f 345/433/65 321/434/65 344/435/66
f 344/435/66 321/434/65 320/436/66
f 344/435/66 320/436/66 343/437/1
f 343/437/1 320/436/66 319/438/1
f 343/437/1 319/438/1 342/439/67
f 342/439/67 319/438/1 318/440/67
f 342/439/67 318/440/67 341/441/68
f 341/441/68 318/440/67 317/442/68
f 341/441/68 317/442/68 340/443/69
f 340/443/69 317/442/68 316/444/69
f 340/443/69 316/444/69 339/445/70
f 339/445/70 316/444/69 315/446/70
f 339/445/70 315/446/70 338/397/51
f 338/397/51 315/446/70 314/398/51
f 362/447/5 307/448/5 361/449/5
f 361/449/5 307/448/5 306/450/5
f 361/449/5 306/450/5 305/451/5
f 363/452/5 311/453/5 362/447/5
f 362/447/5 311/453/5 310/454/5
f 362/447/5 310/454/5 309/455/5
f 363/452/5 364/456/5 311/453/5
f 311/453/5 364/456/5 312/457/5
f 312/457/5 364/456/5 365/458/5
f 312/457/5 365/458/5 366/459/5
f 367/460/5 368/461/5 366/459/5
f 366/459/5 368/461/5 312/457/5
f 369/462/5 290/463/5 368/461/5
f 368/461/5 290/463/5 289/464/5
f 368/461/5 289/464/5 312/457/5
f 370/465/5 295/466/5 369/462/5
f 369/462/5 295/466/5 294/467/5
f 369/462/5 294/467/5 293/468/5
f 371/469/5 300/470/5 370/465/5
f 370/465/5 300/470/5 299/471/5
f 370/465/5 299/471/5 298/472/5
f 372/473/5 373/474/5 371/469/5
f 371/469/5 373/474/5 302/475/5
f 371/469/5 302/475/5 301/476/5
f 373/474/5 374/477/5 302/475/5
f 302/475/5 374/477/5 375/478/5
f 302/475/5 375/478/5 303/479/5
f 303/479/5 375/478/5 376/480/5
f 303/479/5 376/480/5 361/449/5
f 309/455/5 308/481/5 362/447/5
f 362/447/5 308/481/5 307/448/5
f 305/451/5 304/482/5 361/449/5
f 361/449/5 304/482/5 303/479/5
f 301/476/5 300/470/5 371/469/5
f 298/472/5 297/483/5 370/465/5
f 370/465/5 297/483/5 296/484/5
f 370/465/5 296/484/5 295/466/5
f 293/468/5 292/485/5 369/462/5
f 369/462/5 292/485/5 291/486/5
f 369/462/5 291/486/5 290/463/5
f 360/347/71 400/348/71 337/349/20
f 337/349/20 400/348/71 377/350/20
f 337/351/20 377/352/20 338/353/72
f 338/353/72 377/352/20 378/354/72
f 338/353/72 378/354/72 339/355/73
f 339/355/73 378/354/72 379/356/73
f 339/355/73 379/356/73 340/357/74
f 340/357/74 379/356/73 380/358/74
f 340/357/74 380/358/74 341/359/75
f 341/359/75 380/358/74 381/360/75
f 341/359/75 381/360/75 342/361/76
f 342/361/76 381/360/75 382/362/76
f 342/361/76 382/362/76 343/363/77
f 343/363/77 382/362/76 383/364/77
f 343/363/77 383/364/77 344/365/78
f 344/365/78 383/364/77 384/366/78
f 344/365/78 384/366/78 345/367/79
f 345/367/79 384/366/78 385/368/79
f 345/367/79 385/368/79 346/369/80
f 346/369/80 385/368/79 386/370/80
f 346/369/80 386/370/80 347/371/81
f 347/371/81 386/370/80 387/372/81
f 347/371/81 387/372/81 348/373/82
f 348/373/82 387/372/81 388/374/82
f 348/373/82 388/374/82 349/375/14
f 349/375/14 388/374/82 389/376/14
f 349/375/14 389/376/14 350/377/83
f 350/377/83 389/376/14 390/378/83
f 350/377/83 390/378/83 351/379/84
f 351/379/84 390/378/83 391/380/84
f 351/379/84 391/380/84 352/381/85
f 352/381/85 391/380/84 392/382/85
f 352/381/85 392/382/85 353/383/86
f 353/383/86 392/382/85 393/384/86
f 353/383/86 393/384/86 354/385/87
f 354/385/87 393/384/86 394/386/87
f 354/385/87 394/386/87 355/387/88
f 355/387/88 394/386/87 395/388/88
f 355/387/88 395/388/88 356/389/89
f 356/389/89 395/388/88 396/390/89
f 356/389/89 396/390/89 357/391/90
f 357/391/90 396/390/89 397/392/90
f 357/391/90 397/392/90 358/393/91
f 358/393/91 397/392/90 398/394/91
f 358/393/91 398/394/91 359/395/92
f 359/395/92 398/394/91 399/396/92
f 359/395/92 399/396/92 360/347/71
f 360/347/71 399/396/92 400/348/71
f 402/487/17 383/488/17 401/489/17
f 401/489/17 383/488/17 382/490/17
f 401/489/17 382/490/17 381/491/17
f 403/492/17 386/493/17 402/487/17
f 402/487/17 386/493/17 385/494/17
f 402/487/17 385/494/17 384/495/17
f 403/492/17 404/496/17 386/493/17
f 386/493/17 404/496/17 387/497/17
f 387/497/17 404/496/17 405/498/17
f 387/497/17 405/498/17 406/499/17
f 406/499/17 407/500/17 387/497/17
f 387/497/17 407/500/17 408/501/17
f 387/497/17 408/501/17 388/502/17
f 388/502/17 408/501/17 389/503/17
f 389/503/17 408/501/17 390/504/17
f 390/504/17 408/501/17 409/505/17
f 390/504/17 409/505/17 410/506/17
f 410/506/17 411/507/17 390/504/17
f 390/504/17 411/507/17 391/508/17
f 391/508/17 411/507/17 412/509/17
f 391/508/17 412/509/17 392/510/17
f 392/510/17 412/509/17 393/511/17
f 393/511/17 412/509/17 394/512/17
f 394/512/17 412/509/17 395/513/17
f 395/513/17 412/509/17 413/24/17
f 395/513/17 413/24/17 396/514/17
f 396/514/17 413/24/17 397/515/17
f 397/515/17 413/24/17 398/516/17
f 398/516/17 413/24/17 399/517/17
f 399/517/17 413/24/17 414/518/17
f 399/517/17 414/518/17 400/519/17
f 400/519/17 414/518/17 415/520/17
f 400/519/17 415/520/17 416/521/17
f 416/521/17 417/522/17 400/519/17
f 400/519/17 417/522/17 377/523/17
f 377/523/17 417/522/17 378/524/17
f 378/524/17 417/522/17 379/525/17
f 379/525/17 417/522/17 418/526/17
f 379/525/17 418/526/17 419/527/17
f 419/527/17 420/528/17 379/525/17
f 379/525/17 420/528/17 421/529/17
f 379/525/17 421/529/17 380/530/17
f 380/530/17 421/529/17 422/531/17
f 380/530/17 422/531/17 401/489/17
f 384/495/17 383/488/17 402/487/17
f 381/491/17 380/530/17 401/489/17
f 424/347/29 470/348/29 423/349/26
f 423/349/26 470/348/29 447/350/26
f 423/351/26 447/352/26 446/353/30
f 446/353/30 447/352/26 448/354/30
f 446/353/30 448/354/30 445/355/31
f 445/355/31 448/354/30 449/356/31
f 445/355/31 449/356/31 444/357/32
f 444/357/32 449/356/31 450/358/32
f 444/357/32 450/358/32 443/359/33
f 443/359/33 450/358/32 451/360/33
f 443/359/33 451/360/33 442/361/34
f 442/361/34 451/360/33 452/362/34
f 442/361/34 452/362/34 441/363/35
f 441/363/35 452/362/34 453/364/35
f 441/363/35 453/364/35 440/365/36
f 440/365/36 453/364/35 454/366/36
f 440/365/36 454/366/36 439/367/37
f 439/367/37 454/366/36 455/368/37
f 439/367/37 455/368/37 438/369/38
f 438/369/38 455/368/37 456/370/38
f 438/369/38 456/370/38 437/371/39
f 437/371/39 456/370/38 457/372/39
f 437/371/39 457/372/39 436/373/40
f 436/373/40 457/372/39 458/374/40
f 436/373/40 458/374/40 435/375/8
f 435/375/8 458/374/40 459/376/8
f 435/375/8 459/376/8 434/377/41
f 434/377/41 459/376/8 460/378/41
f 434/377/41 460/378/41 433/379/42
f 433/379/42 460/378/41 461/380/42
f 433/379/42 461/380/42 432/381/43
f 432/381/43 461/380/42 462/382/43
f 432/381/43 462/382/43 431/383/44
f 431/383/44 462/382/43 463/384/44
f 431/383/44 463/384/44 430/385/45
f 430/385/45 463/384/44 464/386/45
f 430/385/45 464/386/45 429/387/46
f 429/387/46 464/386/45 465/388/46
f 429/387/46 465/388/46 428/389/47
f 428/389/47 465/388/46 466/390/47
f 428/389/47 466/390/47 427/391/48
f 427/391/48 466/390/47 467/392/48
f 427/391/48 467/392/48 426/393/49
f 426/393/49 467/392/48 468/394/49
f 426/393/49 468/394/49 425/395/50
f 425/395/50 468/394/49 469/396/50
f 425/395/50 469/396/50 424/347/29
f 424/347/29 469/396/50 470/348/29
f 472/404/51 448/403/51 471/402/23
f 471/402/23 448/403/51 447/401/23
f 471/400/23 447/399/23 494/398/52
f 494/398/52 447/399/23 470/397/52
f 494/398/52 470/397/52 493/446/53
f 493/446/53 470/397/52 469/445/53
f 493/446/53 469/445/53 492/444/54
f 492/444/54 469/445/53 468/443/54
f 492/444/54 468/443/54 491/442/55
f 491/442/55 468/443/54 467/441/55
f 491/442/55 467/441/55 490/440/56
f 490/440/56 467/441/55 466/439/56
f 490/440/56 466/439/56 489/438/28
f 489/438/28 466/439/56 465/437/28
f 489/438/28 465/437/28 488/436/57
f 488/436/57 465/437/28 464/435/57
f 488/436/57 464/435/57 487/434/58
f 487/434/58 464/435/57 463/433/58
f 487/434/58 463/433/58 486/432/59
f 486/432/59 463/433/58 462/431/59
f 486/432/59 462/431/59 485/430/60
f 485/430/60 462/431/59 461/429/60
f 485/430/60 461/429/60 484/428/61
f 484/428/61 461/429/60 460/427/61
f 484/428/61 460/427/61 483/426/11
f 483/426/11 460/427/61 459/425/11
f 483/426/11 459/425/11 482/424/62
f 482/424/62 459/425/11 458/423/62
f 482/424/62 458/423/62 481/422/63
f 481/422/63 458/423/62 457/421/63
f 481/422/63 457/421/63 480/420/64
f 480/420/64 457/421/63 456/419/64
f 480/420/64 456/419/64 479/418/65
f 479/418/65 456/419/64 455/417/65
f 479/418/65 455/417/65 478/416/66
f 478/416/66 455/417/65 454/415/66
f 478/416/66 454/415/66 477/414/1
f 477/414/1 454/415/66 453/413/1
f 477/414/1 453/413/1 476/412/67
f 476/412/67 453/413/1 452/411/67
f 476/412/67 452/411/67 475/410/68
f 475/410/68 452/411/67 451/409/68
f 475/410/68 451/409/68 474/408/69
f 474/408/69 451/409/68 450/407/69
f 474/408/69 450/407/69 473/406/70
f 473/406/70 450/407/69 449/405/70
f 473/406/70 449/405/70 472/404/51
f 472/404/51 449/405/70 448/403/51
f 496/447/5 441/448/5 495/449/5
f 495/449/5 441/448/5 440/450/5
f 495/449/5 440/450/5 439/451/5
f 497/452/5 444/454/5 496/447/5
f 496/447/5 444/454/5 443/455/5
f 496/447/5 443/455/5 442/481/5
f 497/452/5 498/456/5 444/454/5
f 444/454/5 498/456/5 445/453/5
f 445/453/5 498/456/5 499/458/5
f 445/453/5 499/458/5 500/459/5
f 500/459/5 501/460/5 445/453/5
f 445/453/5 501/460/5 502/461/5
f 445/453/5 502/461/5 446/457/5
f 446/457/5 502/461/5 423/464/5
f 423/464/5 502/461/5 424/463/5
f 424/463/5 502/461/5 503/532/5
f 424/463/5 503/532/5 504/533/5
f 504/533/5 505/534/5 424/463/5
f 424/463/5 505/534/5 425/486/5
f 425/486/5 505/534/5 506/535/5
f 425/486/5 506/535/5 426/485/5
f 426/485/5 506/535/5 427/468/5
f 427/468/5 506/535/5 428/467/5
f 428/467/5 506/535/5 429/466/5
f 429/466/5 506/535/5 507/536/5
f 429/466/5 507/536/5 430/484/5
f 430/484/5 507/536/5 431/483/5
f 431/483/5 507/536/5 432/472/5
f 432/472/5 507/536/5 433/471/5
f 433/471/5 507/536/5 508/537/5
f 433/471/5 508/537/5 434/470/5
f 434/470/5 508/537/5 509/538/5
f 434/470/5 509/538/5 510/539/5
f 510/539/5 511/469/5 434/470/5
f 434/470/5 511/469/5 435/476/5
f 435/476/5 511/469/5 436/475/5
f 436/475/5 511/469/5 437/479/5
f 437/479/5 511/469/5 512/473/5
f 437/479/5 512/473/5 513/474/5
f 513/474/5 514/477/5 437/479/5
f 437/479/5 514/477/5 515/478/5
f 437/479/5 515/478/5 438/482/5
f 438/482/5 515/478/5 516/480/5
f 438/482/5 516/480/5 495/449/5
f 442/481/5 441/448/5 496/447/5
f 439/451/5 438/482/5 495/449/5
f 494/347/71 540/348/71 471/349/20
f 471/349/20 540/348/71 517/350/20
f 471/351/20 517/352/20 472/353/72
f 472/353/72 517/352/20 518/354/72
f 472/353/72 518/354/72 473/355/73
f 473/355/73 518/354/72 519/356/73
f 473/355/73 519/356/73 474/357/74
f 474/357/74 519/356/73 520/358/74
f 474/357/74 520/358/74 475/359/75
f 475/359/75 520/358/74 521/360/75
f 475/359/75 521/360/75 476/361/76
f 476/361/76 521/360/75 522/362/76
f 476/361/76 522/362/76 477/363/77
f 477/363/77 522/362/76 523/364/77
f 477/363/77 523/364/77 478/365/78
f 478/365/78 523/364/77 524/366/78
f 478/365/78 524/366/78 479/367/79
f 479/367/79 524/366/78 525/368/79
f 479/367/79 525/368/79 480/369/80
f 480/369/80 525/368/79 526/370/80
f 480/369/80 526/370/80 481/371/81
f 481/371/81 526/370/80 527/372/81
f 481/371/81 527/372/81 482/373/82
f 482/373/82 527/372/81 528/374/82
f 482/373/82 528/374/82 483/375/14
f 483/375/14 528/374/82 529/376/14
f 483/375/14 529/376/14 484/377/83
f 484/377/83 529/376/14 530/378/83
f 484/377/83 530/378/83 485/379/84
f 485/379/84 530/378/83 531/380/84
f 485/379/84 531/380/84 486/381/85
f 486/381/85 531/380/84 532/382/85
f 486/381/85 532/382/85 487/383/86
f 487/383/86 532/382/85 533/384/86
f 487/383/86 533/384/86 488/385/87
f 488/385/87 533/384/86 534/386/87
f 488/385/87 534/386/87 489/387/88
f 489/387/88 534/386/87 535/388/88
f 489/387/88 535/388/88 490/389/89
f 490/389/89 535/388/88 536/390/89
f 490/389/89 536/390/89 491/391/90
f 491/391/90 536/390/89 537/392/90
f 491/391/90 537/392/90 492/393/91
f 492/393/91 537/392/90 538/394/91
f 492/393/91 538/394/91 493/395/92
f 493/395/92 538/394/91 539/396/92
f 493/395/92 539/396/92 494/347/71
f 494/347/71 539/396/92 540/348/71
f 542/540/17 523/541/17 541/542/17
f 541/542/17 523/541/17 522/543/17
f 541/542/17 522/543/17 521/544/17
f 543/545/17 527/546/17 542/540/17
f 542/540/17 527/546/17 526/547/17
f 542/540/17 526/547/17 525/548/17
f 543/545/17 544/549/17 527/546/17
f 527/546/17 544/549/17 528/550/17
f 528/550/17 544/549/17 545/551/17
f 528/550/17 545/551/17 546/552/17
f 547/553/17 548/554/17 546/552/17
f 546/552/17 548/554/17 528/550/17
f 549/555/17 530/556/17 548/554/17
f 548/554/17 530/556/17 529/557/17
f 548/554/17 529/557/17 528/550/17
f 550/558/17 535/559/17 549/555/17
f 549/555/17 535/559/17 534/560/17
f 549/555/17 534/560/17 533/561/17
f 551/562/17 540/563/17 550/558/17
f 550/558/17 540/563/17 539/564/17
f 550/558/17 539/564/17 538/565/17
f 552/566/17 553/567/17 551/562/17
f 551/562/17 553/567/17 518/568/17
f 551/562/17 518/568/17 517/569/17
f 553/567/17 554/570/17 518/568/17
f 518/568/17 554/570/17 555/571/17
f 518/568/17 555/571/17 519/572/17
f 519/572/17 555/571/17 556/573/17
f 519/572/17 556/573/17 541/542/17
f 517/569/17 540/563/17 551/562/17
f 538/565/17 537/574/17 550/558/17
f 550/558/17 537/574/17 536/575/17
f 550/558/17 536/575/17 535/559/17
f 533/561/17 532/576/17 549/555/17
f 549/555/17 532/576/17 531/577/17
f 549/555/17 531/577/17 530/556/17
f 525/548/17 524/578/17 542/540/17
f 542/540/17 524/578/17 523/541/17
f 521/544/17 520/579/17 541/542/17
f 541/542/17 520/579/17 519/572/17
f 558/580/93 573/581/61 557/582/11
f 557/582/11 573/581/61 569/583/93
f 557/582/11 569/583/93 570/584/11
f 558/580/93 559/585/94 573/581/61
f 573/581/61 559/585/94 572/586/95
f 573/581/61 572/586/95 568/587/94
f 568/587/94 572/586/95 567/588/96
f 567/588/96 572/586/95 566/589/97
f 566/589/97 572/586/95 574/590/98
f 566/589/97 574/590/98 565/591/99
f 565/591/99 574/590/98 564/592/100
f 564/592/100 574/590/98 571/593/101
f 564/592/100 571/593/101 503/594/102
f 503/594/102 571/593/101 575/595/57
f 503/594/102 575/595/57 504/596/103
f 504/596/103 575/595/57 505/597/104
f 505/597/104 575/595/57 414/598/105
f 505/597/104 414/598/105 506/599/28
f 506/599/28 414/598/105 413/600/28
f 559/585/94 560/601/96 572/586/95
f 572/586/95 560/601/96 561/602/106
f 572/586/95 561/602/106 574/590/98
f 574/590/98 561/602/106 562/603/99
f 574/590/98 562/603/99 563/604/100
f 574/590/98 563/604/100 571/593/101
f 571/593/101 563/604/100 416/605/107
f 571/593/101 416/605/107 575/595/57
f 575/595/57 416/605/107 415/606/103
f 575/595/57 415/606/103 414/598/105
f 568/587/94 569/583/93 573/581/61
f 576/607/8 502/608/8 582/609/41
f 582/609/41 502/608/8 501/610/41
f 582/609/41 501/610/41 581/611/42
f 581/611/42 501/610/41 500/612/42
f 581/611/42 500/612/42 580/613/43
f 580/613/43 500/612/42 499/614/43
f 580/613/43 499/614/43 579/615/44
f 579/615/44 499/614/43 498/616/108
f 579/615/44 498/616/108 578/617/45
f 578/617/45 498/616/108 497/618/45
f 578/617/45 497/618/45 577/619/46
f 577/619/46 497/618/45 496/620/46
f 570/621/8 569/622/8 576/623/8
f 576/623/8 569/622/8 568/624/8
f 576/623/8 568/624/8 567/625/8
f 567/625/8 566/626/8 576/623/8
f 576/623/8 566/626/8 565/627/8
f 576/623/8 565/627/8 564/628/8
f 503/629/8 502/630/8 564/628/8
f 564/628/8 502/630/8 576/623/8
f 416/631/14 563/632/14 417/633/14
f 417/633/14 563/632/14 583/634/14
f 583/634/14 563/632/14 562/635/14
f 583/634/14 562/635/14 561/636/14
f 561/636/14 560/637/14 583/634/14
f 583/634/14 560/637/14 559/638/14
f 583/634/14 559/638/14 558/639/14
f 558/639/14 557/640/14 583/634/14
f 584/607/88 401/608/88 589/609/87
f 589/609/87 401/608/88 422/610/87
f 589/609/87 422/610/87 588/611/86
f 588/611/86 422/610/87 421/612/86
f 588/611/86 421/612/86 587/613/85
f 587/613/85 421/612/86 420/614/85
f 587/613/85 420/614/85 586/615/84
f 586/615/84 420/614/85 419/616/109
f 586/615/84 419/616/109 585/617/83
f 585/617/83 419/616/109 418/618/83
f 585/617/83 418/618/83 583/619/14
f 583/619/14 418/618/83 417/620/14
f 583/641/11 557/642/11 611/643/11
f 611/643/11 557/642/11 610/644/11
f 610/644/11 557/642/11 605/645/11
f 610/644/11 605/645/11 606/646/11
f 570/647/11 601/648/11 557/642/11
f 557/642/11 601/648/11 604/649/11
f 557/642/11 604/649/11 605/645/11
f 576/650/11 590/651/11 570/647/11
f 570/647/11 590/651/11 591/652/11
f 570/647/11 591/652/11 596/653/11
f 596/653/11 591/652/11 595/654/11
f 595/654/11 591/652/11 594/655/11
f 594/655/11 591/652/11 593/656/11
f 593/656/11 591/652/11 592/657/11
f 596/653/11 597/658/11 570/647/11
f 570/647/11 597/658/11 600/659/11
f 570/647/11 600/659/11 601/648/11
f 598/660/11 599/661/11 597/658/11
f 597/658/11 599/661/11 600/659/11
f 601/648/11 602/662/11 604/649/11
f 604/649/11 602/662/11 603/663/11
f 606/646/11 607/664/11 610/644/11
f 610/644/11 607/664/11 608/665/11
f 610/644/11 608/665/11 609/666/11
f 617/667/28 584/668/28 616/669/57
f 616/669/57 584/668/28 589/670/57
f 616/669/57 589/670/57 615/671/58
f 615/671/58 589/670/57 588/672/58
f 615/671/58 588/672/58 614/673/59
f 614/673/59 588/672/58 587/674/59
f 614/673/59 587/674/59 613/675/60
f 613/675/60 587/674/59 586/676/60
f 613/675/60 586/676/60 612/677/61
f 612/677/61 586/676/60 585/678/61
f 612/677/61 585/678/61 611/679/11
f 611/679/11 585/678/61 583/680/11
f 618/607/88 541/608/88 623/609/87
f 623/609/87 541/608/88 556/610/87
f 623/609/87 556/610/87 622/611/86
f 622/611/86 556/610/87 555/612/86
f 622/611/86 555/612/86 621/613/85
f 621/613/85 555/612/86 554/614/85
f 621/613/85 554/614/85 620/615/84
f 620/615/84 554/614/85 553/616/84
f 620/615/84 553/616/84 619/617/83
f 619/617/83 553/616/84 552/618/83
f 619/617/83 552/618/83 590/619/14
f 590/619/14 552/618/83 551/620/14
f 551/681/14 550/682/14 590/683/14
f 590/683/14 550/682/14 591/684/14
f 624/685/110 596/686/110 628/687/111
f 628/687/111 596/686/110 595/688/111
f 628/687/111 595/688/111 627/689/112
f 627/689/112 595/688/111 594/690/113
f 627/689/112 594/690/113 626/691/114
f 626/691/114 594/690/113 593/692/114
f 626/691/114 593/692/114 625/693/115
f 625/693/115 593/692/114 592/694/115
f 625/693/115 592/694/115 550/695/14
f 550/695/14 592/694/115 591/696/14
f 629/697/110 597/698/110 624/699/110
f 624/699/110 597/698/110 596/700/110
f 630/701/64 600/702/64 632/703/116
f 632/703/116 600/702/64 599/704/116
f 632/703/116 599/704/116 598/705/117
f 597/706/110 629/707/110 598/705/117
f 598/705/117 629/707/110 631/708/118
f 598/705/117 631/708/118 632/703/116
f 600/709/64 630/710/64 601/711/64
f 601/711/64 630/710/64 633/712/64
f 634/701/119 604/702/119 636/703/120
f 636/703/120 604/702/119 603/704/121
f 636/703/120 603/704/121 602/705/122
f 601/706/64 633/707/64 602/705/122
f 602/705/122 633/707/64 635/708/122
f 602/705/122 635/708/122 636/703/120
f 605/713/119 604/714/119 637/715/119
f 637/715/119 604/714/119 634/716/119
f 369/685/8 610/686/8 641/687/123
f 641/687/123 610/686/8 609/688/124
f 641/687/123 609/688/124 640/689/125
f 640/689/125 609/688/124 608/690/125
f 640/689/125 608/690/125 639/691/126
f 639/691/126 608/690/125 607/692/126
f 639/691/126 607/692/126 638/693/127
f 638/693/127 607/692/126 606/694/127
f 638/693/127 606/694/127 637/695/119
f 637/695/119 606/694/127 605/696/119
f 369/717/8 368/630/8 610/718/8
f 610/718/8 368/630/8 611/623/8
f 611/607/8 368/608/8 612/609/41
f 612/609/41 368/608/8 367/610/41
f 612/609/41 367/610/41 613/611/42
f 613/611/42 367/610/41 366/612/42
f 613/611/42 366/612/42 614/613/43
f 614/613/43 366/612/42 365/614/43
f 614/613/43 365/614/43 615/615/44
f 615/615/44 365/614/43 364/616/44
f 615/615/44 364/616/44 616/617/45
f 616/617/45 364/616/44 363/618/45
f 616/617/45 363/618/45 617/619/46
f 617/619/46 363/618/45 362/620/46
f 590/719/11 576/720/11 619/721/61
f 619/721/61 576/720/11 582/722/61
f 619/721/61 582/722/61 620/723/60
f 620/723/60 582/722/61 581/724/60
f 620/723/60 581/724/60 621/725/59
f 621/725/59 581/724/60 580/726/59
f 621/725/59 580/726/59 622/727/58
f 622/727/58 580/726/59 579/728/58
f 622/727/58 579/728/58 623/729/57
f 623/729/57 579/728/58 578/730/57
f 623/729/57 578/730/57 618/731/28
f 618/731/28 578/730/57 577/732/28
f 642/733/128 656/734/55 409/735/129
f 409/735/129 656/734/55 660/736/56
f 409/735/129 660/736/56 410/737/130
f 410/737/130 660/736/56 411/738/131
f 411/738/131 660/736/56 508/739/132
f 411/738/131 508/739/132 412/740/28
f 412/740/28 508/739/132 507/741/28
f 656/734/55 642/733/128 657/742/133
f 657/742/133 642/733/128 643/743/134
f 657/742/133 643/743/134 644/744/135
f 657/742/133 644/744/135 658/745/136
f 658/745/136 644/744/135 645/746/137
f 658/745/136 645/746/137 646/747/138
f 658/745/136 646/747/138 659/748/52
f 659/748/52 646/747/138 647/749/139
f 659/748/52 647/749/139 649/676/23
f 649/676/23 647/749/139 648/750/23
f 649/676/23 650/751/139 659/748/52
f 659/748/52 650/751/139 651/752/138
f 659/748/52 651/752/138 658/745/136
f 658/745/136 651/752/138 652/753/137
f 658/745/136 652/753/137 653/754/135
f 658/745/136 653/754/135 657/742/133
f 657/742/133 653/754/135 654/755/134
f 657/742/133 654/755/134 655/756/128
f 657/742/133 655/756/128 656/734/55
f 656/734/55 655/756/128 510/757/140
f 656/734/55 510/757/140 660/736/56
f 660/736/56 510/757/140 509/758/130
f 660/736/56 509/758/130 508/739/132
f 412/759/28 661/760/28 413/761/28
f 413/761/28 661/760/28 662/762/28
f 413/761/28 662/762/28 663/763/28
f 507/509/28 679/764/28 412/759/28
f 412/759/28 679/764/28 680/765/28
f 412/759/28 680/765/28 681/766/28
f 506/24/28 673/767/28 507/509/28
f 507/509/28 673/767/28 674/768/28
f 507/509/28 674/768/28 675/769/28
f 413/761/28 667/770/28 506/24/28
f 506/24/28 667/770/28 668/771/28
f 506/24/28 668/771/28 669/772/28
f 663/763/28 664/773/28 413/761/28
f 413/761/28 664/773/28 665/774/28
f 413/761/28 665/774/28 666/775/28
f 666/775/28 667/770/28 413/761/28
f 669/772/28 670/776/28 506/24/28
f 506/24/28 670/776/28 671/777/28
f 506/24/28 671/777/28 672/778/28
f 672/778/28 673/767/28 506/24/28
f 675/769/28 676/779/28 507/509/28
f 507/509/28 676/779/28 677/780/28
f 507/509/28 677/780/28 678/781/28
f 678/781/28 679/764/28 507/509/28
f 681/766/28 682/782/28 412/759/28
f 412/759/28 682/782/28 683/783/28
f 412/759/28 683/783/28 684/784/28
f 684/784/28 661/760/28 412/759/28
f 496/785/46 495/786/46 577/787/46
f 577/787/46 495/786/46 685/788/46
f 511/607/26 686/608/26 512/609/29
f 512/609/29 686/608/26 687/610/29
f 512/609/29 687/610/29 513/611/141
f 513/611/141 687/610/29 688/612/50
f 513/611/141 688/612/50 514/613/49
f 514/613/49 688/612/50 689/614/49
f 514/613/49 689/614/49 515/615/48
f 515/615/48 689/614/49 690/616/48
f 515/615/48 690/616/48 516/617/47
f 516/617/47 690/616/48 691/618/47
f 516/617/47 691/618/47 495/619/46
f 495/619/46 691/618/47 685/620/46
f 649/633/26 686/789/26 650/790/26
f 650/790/26 686/789/26 651/791/26
f 651/791/26 686/789/26 652/792/26
f 652/792/26 686/789/26 653/793/26
f 653/793/26 686/789/26 654/794/26
f 654/794/26 686/789/26 655/795/26
f 655/795/26 686/789/26 511/640/26
f 655/795/26 511/640/26 510/796/26
f 409/797/20 408/621/20 642/798/20
f 642/798/20 408/621/20 692/799/20
f 642/798/20 692/799/20 643/800/20
f 643/800/20 692/799/20 644/801/20
f 644/801/20 692/799/20 645/802/20
f 645/802/20 692/799/20 646/803/20
f 646/803/20 692/799/20 647/804/20
f 647/804/20 692/799/20 648/630/20
f 402/607/88 693/608/88 403/609/89
f 403/609/89 693/608/88 694/610/89
f 403/609/89 694/610/89 404/611/90
f 404/611/90 694/610/89 695/612/90
f 404/611/90 695/612/90 405/613/91
f 405/613/91 695/612/90 696/614/91
f 405/613/91 696/614/91 406/615/92
f 406/615/92 696/614/91 697/616/92
f 406/615/92 697/616/92 407/617/71
f 407/617/71 697/616/92 698/618/71
f 407/617/71 698/618/71 408/619/20
f 408/619/20 698/618/71 692/620/20
f 584/785/88 693/786/88 401/787/88
f 401/787/88 693/786/88 402/788/88
f 692/805/23 699/806/23 648/807/23
f 648/807/23 699/806/23 700/808/23
f 648/807/23 700/808/23 705/809/23
f 705/809/23 700/808/23 704/810/23
f 704/810/23 700/808/23 703/811/23
f 703/811/23 700/808/23 702/812/23
f 702/812/23 700/808/23 701/813/23
f 705/809/23 706/814/23 648/807/23
f 648/807/23 706/814/23 709/815/23
f 648/807/23 709/815/23 649/816/23
f 649/816/23 709/815/23 710/817/23
f 649/816/23 710/817/23 713/818/23
f 713/818/23 710/817/23 711/819/23
f 713/818/23 711/819/23 712/820/23
f 707/821/23 708/822/23 706/814/23
f 706/814/23 708/822/23 709/815/23
f 713/818/23 714/823/23 649/816/23
f 649/816/23 714/823/23 719/824/23
f 649/816/23 719/824/23 720/825/23
f 714/823/23 715/826/23 719/824/23
f 719/824/23 715/826/23 716/827/23
f 719/824/23 716/827/23 717/828/23
f 717/828/23 718/829/23 719/824/23
f 720/825/23 686/830/23 649/816/23
f 699/831/23 692/832/23 726/833/52
f 726/833/52 692/832/23 698/834/52
f 726/833/52 698/834/52 725/835/53
f 725/835/53 698/834/52 697/584/53
f 725/835/53 697/584/53 724/836/54
f 724/836/54 697/584/53 696/837/54
f 724/836/54 696/837/54 723/838/55
f 723/838/55 696/837/54 695/839/55
f 723/838/55 695/839/55 722/840/56
f 722/840/56 695/839/55 694/841/56
f 722/840/56 694/841/56 721/842/28
f 721/842/28 694/841/56 693/843/28
f 584/447/28 617/844/28 693/449/28
f 693/449/28 617/844/28 721/845/28
f 618/785/88 727/786/88 541/787/88
f 541/787/88 727/786/88 542/788/88
f 542/607/88 727/608/88 543/609/89
f 543/609/89 727/608/88 728/610/89
f 543/609/89 728/610/89 544/611/90
f 544/611/90 728/610/89 729/612/90
f 544/611/90 729/612/90 545/613/91
f 545/613/91 729/612/90 730/614/91
f 545/613/91 730/614/91 546/615/92
f 546/615/92 730/614/91 731/616/92
f 546/615/92 731/616/92 547/617/71
f 547/617/71 731/616/92 732/618/71
f 547/617/71 732/618/71 548/619/20
f 548/619/20 732/618/71 720/620/20
f 720/846/20 719/847/20 548/848/20
f 548/848/20 719/847/20 549/849/20
f 714/685/142 733/686/142 715/687/143
f 715/687/143 733/686/142 734/688/143
f 715/687/143 734/688/143 716/689/144
f 716/689/144 734/688/143 735/690/144
f 716/689/144 735/690/144 717/691/145
f 717/691/145 735/690/144 736/692/145
f 717/691/145 736/692/145 718/693/146
f 718/693/146 736/692/145 737/694/147
f 718/693/146 737/694/147 719/695/20
f 719/695/20 737/694/147 549/696/20
f 738/850/142 733/851/142 713/852/142
f 713/852/142 733/851/142 714/853/142
f 710/701/69 739/702/69 711/703/148
f 711/703/148 739/702/69 740/704/148
f 711/703/148 740/704/148 741/705/149
f 738/706/142 713/707/142 741/705/149
f 741/705/149 713/707/142 712/708/150
f 741/705/149 712/708/150 711/703/148
f 739/709/69 710/710/69 742/711/69
f 742/711/69 710/710/69 709/712/69
f 706/701/151 743/702/151 707/703/152
f 707/703/152 743/702/151 744/704/153
f 707/703/152 744/704/153 745/705/154
f 742/706/69 709/707/69 745/705/154
f 745/705/154 709/707/69 708/708/154
f 745/705/154 708/708/154 707/703/152
f 705/854/151 746/855/151 706/856/151
f 706/856/151 746/855/151 743/857/151
f 700/685/26 370/686/26 701/687/155
f 701/687/155 370/686/26 747/688/155
f 701/687/155 747/688/155 702/689/156
f 702/689/156 747/688/155 748/690/156
f 702/689/156 748/690/156 703/691/157
f 703/691/157 748/690/156 749/692/158
f 703/691/157 749/692/158 704/693/159
f 704/693/159 749/692/158 750/694/159
f 704/693/159 750/694/159 705/695/151
f 705/695/151 750/694/159 746/696/151
f 700/858/26 699/789/26 370/859/26
f 370/859/26 699/789/26 371/640/26
f 371/607/26 699/608/26 372/609/29
f 372/609/29 699/608/26 726/610/29
f 372/609/29 726/610/29 373/611/141
f 373/611/141 726/610/29 725/612/50
f 373/611/141 725/612/50 374/613/49
f 374/613/49 725/612/50 724/614/49
f 374/613/49 724/614/49 375/615/48
f 375/615/48 724/614/49 723/616/48
f 375/615/48 723/616/48 376/617/47
f 376/617/47 723/616/48 722/618/47
f 376/617/47 722/618/47 361/619/46
f 361/619/46 722/618/47 721/620/46
f 362/785/46 361/786/46 617/787/46
f 617/787/46 361/786/46 721/788/46
f 727/860/28 685/861/28 728/862/56
f 728/862/56 685/861/28 691/863/56
f 728/862/56 691/863/56 729/864/55
f 729/864/55 691/863/56 690/865/55
f 729/864/55 690/865/55 730/866/54
f 730/866/54 690/865/55 689/867/54
f 730/866/54 689/867/54 731/868/53
f 731/868/53 689/867/54 688/869/53
f 731/868/53 688/869/53 732/870/52
f 732/870/52 688/869/53 687/871/52
f 732/870/52 687/871/52 720/872/23
f 720/872/23 687/871/52 686/873/23
f 685/845/28 727/449/28 577/844/28
f 577/844/28 727/449/28 618/447/28
f 637/874/160 746/875/160 638/876/161
f 638/876/161 746/875/160 750/877/161
f 638/876/161 750/877/161 639/878/162
f 639/878/162 750/877/161 749/879/162
f 639/878/162 749/879/162 640/880/163
f 640/880/163 749/879/162 748/881/163
f 640/880/163 748/881/163 641/882/164
f 641/882/164 748/881/163 747/883/164
f 641/882/164 747/883/164 369/884/5
f 369/884/5 747/883/164 370/885/5
f 746/886/160 637/887/160 743/888/160
f 743/888/160 637/887/160 634/889/160
f 633/890/1 742/891/1 635/892/165
f 635/892/165 742/891/1 745/893/165
f 635/892/165 745/893/165 744/894/166
f 743/895/160 634/896/160 744/894/166
f 744/894/166 634/896/160 636/897/166
f 744/894/166 636/897/166 635/892/165
f 629/895/167 738/896/167 631/894/168
f 631/894/168 738/896/167 741/897/168
f 631/894/168 741/897/168 740/892/169
f 739/890/1 630/891/1 740/892/169
f 740/892/169 630/891/1 632/893/169
f 740/892/169 632/893/169 631/894/168
f 738/898/167 629/899/167 733/900/167
f 733/900/167 629/899/167 624/901/167
f 550/885/17 549/884/17 625/883/170
f 625/883/170 549/884/17 737/882/170
f 625/883/170 737/882/170 626/881/171
f 626/881/171 737/882/170 736/880/171
f 626/881/171 736/880/171 627/879/172
f 627/879/172 736/880/171 735/878/172
f 627/879/172 735/878/172 628/877/173
f 628/877/173 735/878/172 734/876/173
f 628/877/173 734/876/173 624/875/167
f 624/875/167 734/876/173 733/874/167
f 684/902/16 774/903/16 661/904/17
f 661/904/17 774/903/16 751/905/17
f 661/904/17 751/905/17 662/906/18
f 662/906/18 751/905/17 752/907/18
f 662/906/18 752/907/18 663/908/19
f 663/908/19 752/907/18 753/909/19
f 663/908/19 753/909/19 664/910/20
f 664/910/20 753/909/19 754/911/20
f 664/910/20 754/911/20 665/912/21
f 665/912/21 754/911/20 755/913/21
f 665/912/21 755/913/21 666/914/22
f 666/914/22 755/913/21 756/915/22
f 666/914/22 756/915/22 667/916/23
f 667/916/23 756/915/22 757/917/23
f 667/918/23 757/919/23 668/920/24
f 668/920/24 757/919/23 758/921/24
f 668/920/24 758/921/24 669/922/25
f 669/922/25 758/921/24 759/923/25
f 669/922/25 759/923/25 670/924/26
f 670/924/26 759/923/25 760/925/26
f 670/924/26 760/925/26 671/926/27
f 671/926/27 760/925/26 761/927/27
f 671/926/27 761/927/27 672/928/4
f 672/928/4 761/927/27 762/929/4
f 672/928/4 762/929/4 673/930/5
f 673/930/5 762/929/4 763/931/5
f 673/930/5 763/931/5 674/932/6
f 674/932/6 763/931/5 764/933/6
f 674/932/6 764/933/6 675/934/7
f 675/934/7 764/933/6 765/935/7
f 675/934/7 765/935/7 676/936/8
f 676/936/8 765/935/7 766/937/8
f 676/936/8 766/937/8 677/938/9
f 677/938/9 766/937/8 767/939/9
f 677/938/9 767/939/9 678/940/10
f 678/940/10 767/939/9 768/941/10
f 678/940/10 768/941/10 679/1/11
f 679/1/11 768/941/10 769/942/11
f 679/1/11 769/942/11 680/943/12
f 680/943/12 769/942/11 770/944/12
f 680/943/12 770/944/12 681/945/13
f 681/945/13 770/944/12 771/946/13
f 681/945/13 771/946/13 682/947/14
f 682/947/14 771/946/13 772/948/14
f 682/947/14 772/948/14 683/949/15
f 683/949/15 772/948/14 773/950/15
f 683/949/15 773/950/15 684/902/16
f 684/902/16 773/950/15 774/903/16
f 774/951/1 742/952/1 751/953/1
f 751/953/1 742/952/1 633/954/1
f 751/953/1 633/954/1 752/955/1
f 752/955/1 633/954/1 753/956/1
f 753/956/1 633/954/1 754/957/1
f 754/957/1 633/954/1 755/958/1
f 755/958/1 633/954/1 756/959/1
f 756/959/1 633/954/1 757/960/1
f 757/960/1 633/954/1 630/961/1
f 757/960/1 630/961/1 758/962/1
f 758/962/1 630/961/1 759/963/1
f 759/963/1 630/961/1 760/964/1
f 760/964/1 630/961/1 761/965/1
f 761/965/1 630/961/1 762/966/1
f 762/966/1 630/961/1 763/967/1
f 763/967/1 630/961/1 739/968/1
f 763/967/1 739/968/1 764/969/1
f 764/969/1 739/968/1 765/970/1
f 765/970/1 739/968/1 766/971/1
f 766/971/1 739/968/1 767/972/1
f 767/972/1 739/968/1 768/973/1
f 768/973/1 739/968/1 769/974/1
f 769/974/1 739/968/1 742/952/1
f 769/974/1 742/952/1 770/975/1
f 770/975/1 742/952/1 771/976/1
f 771/976/1 742/952/1 772/977/1
f 772/977/1 742/952/1 773/978/1
f 773/978/1 742/952/1 774/951/1
