# Blender 5.1.1
# www.blender.org
mtllib ToolFrame.mtl
o ToolFrame
v 0.001500 0.050000 -0.000000
v 0.001449 0.050000 0.000388
v 0.001299 0.050000 0.000750
v 0.001061 0.050000 0.001061
v 0.000750 0.050000 0.001299
v 0.000388 0.050000 0.001449
v 0.000000 0.050000 0.001500
v -0.000388 0.050000 0.001449
v -0.000750 0.050000 0.001299
v -0.001061 0.050000 0.001061
v -0.001299 0.050000 0.000750
v -0.001449 0.050000 0.000388
v -0.001500 0.050000 -0.000000
v -0.001449 0.050000 -0.000388
v -0.001299 0.050000 -0.000750
v -0.001061 0.050000 -0.001061
v -0.000750 0.050000 -0.001299
v -0.000388 0.050000 -0.001449
v 0.000000 0.050000 -0.001500
v 0.000388 0.050000 -0.001449
v 0.000750 0.050000 -0.001299
v 0.001061 0.050000 -0.001061
v 0.001299 0.050000 -0.000750
v 0.001449 0.050000 -0.000388
v 0.001500 0.001500 -0.000000
v 0.001449 0.001500 -0.000388
v 0.001299 0.001500 -0.000750
v 0.001061 0.001500 -0.001061
v 0.000750 0.001500 -0.001299
v 0.000388 0.001500 -0.001449
v 0.000000 0.001500 -0.001500
v -0.000388 0.001500 -0.001449
v -0.000750 0.001500 -0.001299
v -0.001061 0.001500 -0.001061
v -0.001299 0.001500 -0.000750
v -0.001449 0.001500 -0.000388
v -0.001500 0.001500 -0.000000
v -0.001449 0.001500 0.000388
v -0.001299 0.001500 0.000750
v -0.001061 0.001500 0.001061
v -0.000750 0.001500 0.001299
v -0.000388 0.001500 0.001449
v 0.000000 0.001500 0.001500
v 0.000388 0.001500 0.001449
v 0.000750 0.001500 0.001299
v 0.001061 0.001500 0.001061
v 0.001299 0.001500 0.000750
v 0.001449 0.001500 0.000388
v 0.001500 0.041917 -0.000000
v 0.001500 0.033833 -0.000000
v 0.001500 0.025750 -0.000000
v 0.001500 0.017667 -0.000000
v 0.001500 0.009583 -0.000000
v 0.001449 0.041917 0.000388
v 0.001449 0.033833 0.000388
v 0.001449 0.025750 0.000388
v 0.001449 0.017667 0.000388
v 0.001449 0.009583 0.000388
v 0.001299 0.041917 0.000750
v 0.001299 0.033833 0.000750
v 0.001299 0.025750 0.000750
v 0.001299 0.017667 0.000750
v 0.001299 0.009583 0.000750
v 0.001061 0.041917 0.001061
v 0.001061 0.033833 0.001061
v 0.001061 0.025750 0.001061
v 0.001061 0.017667 0.001061
v 0.001061 0.009583 0.001061
v 0.000750 0.041917 0.001299
v 0.000750 0.033833 0.001299
v 0.000750 0.025750 0.001299
v 0.000750 0.017667 0.001299
v 0.000750 0.009583 0.001299
v 0.000388 0.041917 0.001449
v 0.000388 0.033833 0.001449
v 0.000388 0.025750 0.001449
v 0.000388 0.017667 0.001449
v 0.000388 0.009583 0.001449
v 0.000000 0.041917 0.001500
v 0.000000 0.033833 0.001500
v 0.000000 0.025750 0.001500
v 0.000000 0.017667 0.001500
v 0.000000 0.009583 0.001500
v -0.000388 0.041917 0.001449
v -0.000388 0.033833 0.001449
v -0.000388 0.025750 0.001449
v -0.000388 0.017667 0.001449
v -0.000388 0.009583 0.001449
v -0.000750 0.041917 0.001299
v -0.000750 0.033833 0.001299
v -0.000750 0.025750 0.001299
v -0.000750 0.017667 0.001299
v -0.000750 0.009583 0.001299
v -0.001061 0.041917 0.001061
v -0.001061 0.033833 0.001061
v -0.001061 0.025750 0.001061
v -0.001061 0.017667 0.001061
v -0.001061 0.009583 0.001061
v -0.001299 0.041917 0.000750
v -0.001299 0.033833 0.000750
v -0.001299 0.025750 0.000750
v -0.001299 0.017667 0.000750
v -0.001299 0.009583 0.000750
v -0.001449 0.041917 0.000388
v -0.001449 0.033833 0.000388
v -0.001449 0.025750 0.000388
v -0.001449 0.017667 0.000388
v -0.001449 0.009583 0.000388
v -0.001500 0.041917 -0.000000
v -0.001500 0.033833 -0.000000
v -0.001500 0.025750 -0.000000
v -0.001500 0.017667 -0.000000
v -0.001500 0.009583 -0.000000
v -0.001449 0.041917 -0.000388
v -0.001449 0.033833 -0.000388
v -0.001449 0.025750 -0.000388
v -0.001449 0.017667 -0.000388
v -0.001449 0.009583 -0.000388
v -0.001299 0.041917 -0.000750
v -0.001299 0.033833 -0.000750
v -0.001299 0.025750 -0.000750
v -0.001299 0.017667 -0.000750
v -0.001299 0.009583 -0.000750
v -0.001061 0.041917 -0.001061
v -0.001061 0.033833 -0.001061
v -0.001061 0.025750 -0.001061
v -0.001061 0.017667 -0.001061
v -0.001061 0.009583 -0.001061
v -0.000750 0.041917 -0.001299
v -0.000750 0.033833 -0.001299
v -0.000750 0.025750 -0.001299
v -0.000750 0.017667 -0.001299
v -0.000750 0.009583 -0.001299
v -0.000388 0.041917 -0.001449
v -0.000388 0.033833 -0.001449
v -0.000388 0.025750 -0.001449
v -0.000388 0.017667 -0.001449
v -0.000388 0.009583 -0.001449
v 0.000000 0.041917 -0.001500
v 0.000000 0.033833 -0.001500
v 0.000000 0.025750 -0.001500
v 0.000000 0.017667 -0.001500
v 0.000000 0.009583 -0.001500
v 0.000388 0.041917 -0.001449
v 0.000388 0.033833 -0.001449
v 0.000388 0.025750 -0.001449
v 0.000388 0.017667 -0.001449
v 0.000388 0.009583 -0.001449
v 0.000750 0.041917 -0.001299
v 0.000750 0.033833 -0.001299
v 0.000750 0.025750 -0.001299
v 0.000750 0.017667 -0.001299
v 0.000750 0.009583 -0.001299
v 0.001061 0.041917 -0.001061
v 0.001061 0.033833 -0.001061
v 0.001061 0.025750 -0.001061
v 0.001061 0.017667 -0.001061
v 0.001061 0.009583 -0.001061
v 0.001299 0.041917 -0.000750
v 0.001299 0.033833 -0.000750
v 0.001299 0.025750 -0.000750
v 0.001299 0.017667 -0.000750
v 0.001299 0.009583 -0.000750
v 0.001449 0.041917 -0.000388
v 0.001449 0.033833 -0.000388
v 0.001449 0.025750 -0.000388
v 0.001449 0.017667 -0.000388
v 0.001449 0.009583 -0.000388
v 0.050000 0.001500 -0.000000
v 0.050000 0.001449 -0.000388
v 0.050000 0.001299 -0.000750
v 0.050000 0.001061 -0.001061
v 0.050000 0.000750 -0.001299
v 0.050000 0.000388 -0.001449
v 0.050000 0.000000 -0.001500
v 0.050000 -0.000388 -0.001449
v 0.050000 -0.000750 -0.001299
v 0.050000 -0.001061 -0.001061
v 0.050000 -0.001299 -0.000750
v 0.050000 -0.001449 -0.000388
v 0.050000 -0.001500 -0.000000
v 0.050000 -0.001449 0.000388
v 0.050000 -0.001299 0.000750
v 0.050000 -0.001061 0.001061
v 0.050000 -0.000750 0.001299
v 0.050000 -0.000388 0.001449
v 0.050000 0.000000 0.001500
v 0.050000 0.000388 0.001449
v 0.050000 0.000750 0.001299
v 0.050000 0.001061 0.001061
v 0.050000 0.001299 0.000750
v 0.050000 0.001449 0.000388
v 0.001500 0.001500 -0.000000
v 0.001500 0.001449 0.000388
v 0.001500 0.001299 0.000750
v 0.001500 0.001061 0.001061
v 0.001500 0.000750 0.001299
v 0.001500 0.000388 0.001449
v 0.001500 0.000000 0.001500
v 0.001500 -0.000388 0.001449
v 0.001500 -0.000750 0.001299
v 0.001500 -0.001061 0.001061
v 0.001500 -0.001299 0.000750
v 0.001500 -0.001449 0.000388
v 0.001500 -0.001500 -0.000000
v 0.001500 -0.001449 -0.000388
v 0.001500 -0.001299 -0.000750
v 0.001500 -0.001061 -0.001061
v 0.001500 -0.000750 -0.001299
v 0.001500 -0.000388 -0.001449
v 0.001500 0.000000 -0.001500
v 0.001500 0.000388 -0.001449
v 0.001500 0.000750 -0.001299
v 0.001500 0.001061 -0.001061
v 0.001500 0.001299 -0.000750
v 0.001500 0.001449 -0.000388
v 0.041917 0.001500 -0.000000
v 0.033833 0.001500 -0.000000
v 0.025750 0.001500 -0.000000
v 0.017667 0.001500 -0.000000
v 0.009583 0.001500 -0.000000
v 0.041917 0.001449 -0.000388
v 0.033833 0.001449 -0.000388
v 0.025750 0.001449 -0.000388
v 0.017667 0.001449 -0.000388
v 0.009583 0.001449 -0.000388
v 0.041917 0.001299 -0.000750
v 0.033833 0.001299 -0.000750
v 0.025750 0.001299 -0.000750
v 0.017667 0.001299 -0.000750
v 0.009583 0.001299 -0.000750
v 0.041917 0.001061 -0.001061
v 0.033833 0.001061 -0.001061
v 0.025750 0.001061 -0.001061
v 0.017667 0.001061 -0.001061
v 0.009583 0.001061 -0.001061
v 0.041917 0.000750 -0.001299
v 0.033833 0.000750 -0.001299
v 0.025750 0.000750 -0.001299
v 0.017667 0.000750 -0.001299
v 0.009583 0.000750 -0.001299
v 0.041917 0.000388 -0.001449
v 0.033833 0.000388 -0.001449
v 0.025750 0.000388 -0.001449
v 0.017667 0.000388 -0.001449
v 0.009583 0.000388 -0.001449
v 0.041917 0.000000 -0.001500
v 0.033833 0.000000 -0.001500
v 0.025750 0.000000 -0.001500
v 0.017667 0.000000 -0.001500
v 0.009583 0.000000 -0.001500
v 0.041917 -0.000388 -0.001449
v 0.033833 -0.000388 -0.001449
v 0.025750 -0.000388 -0.001449
v 0.017667 -0.000388 -0.001449
v 0.009583 -0.000388 -0.001449
v 0.041917 -0.000750 -0.001299
v 0.033833 -0.000750 -0.001299
v 0.025750 -0.000750 -0.001299
v 0.017667 -0.000750 -0.001299
v 0.009583 -0.000750 -0.001299
v 0.041917 -0.001061 -0.001061
v 0.033833 -0.001061 -0.001061
v 0.025750 -0.001061 -0.001061
v 0.017667 -0.001061 -0.001061
v 0.009583 -0.001061 -0.001061
v 0.041917 -0.001299 -0.000750
v 0.033833 -0.001299 -0.000750
v 0.025750 -0.001299 -0.000750
v 0.017667 -0.001299 -0.000750
v 0.009583 -0.001299 -0.000750
v 0.041917 -0.001449 -0.000388
v 0.033833 -0.001449 -0.000388
v 0.025750 -0.001449 -0.000388
v 0.017667 -0.001449 -0.000388
v 0.009583 -0.001449 -0.000388
v 0.041917 -0.001500 -0.000000
v 0.033833 -0.001500 -0.000000
v 0.025750 -0.001500 -0.000000
v 0.017667 -0.001500 -0.000000
v 0.009583 -0.001500 -0.000000
v 0.041917 -0.001449 0.000388
v 0.033833 -0.001449 0.000388
v 0.025750 -0.001449 0.000388
v 0.017667 -0.001449 0.000388
v 0.009583 -0.001449 0.000388
v 0.041917 -0.001299 0.000750
v 0.033833 -0.001299 0.000750
v 0.025750 -0.001299 0.000750
v 0.017667 -0.001299 0.000750
v 0.009583 -0.001299 0.000750
v 0.041917 -0.001061 0.001061
v 0.033833 -0.001061 0.001061
v 0.025750 -0.001061 0.001061
v 0.017667 -0.001061 0.001061
v 0.009583 -0.001061 0.001061
v 0.041917 -0.000750 0.001299
v 0.033833 -0.000750 0.001299
v 0.025750 -0.000750 0.001299
v 0.017667 -0.000750 0.001299
v 0.009583 -0.000750 0.001299
v 0.041917 -0.000388 0.001449
v 0.033833 -0.000388 0.001449
v 0.025750 -0.000388 0.001449
v 0.017667 -0.000388 0.001449
v 0.009583 -0.000388 0.001449
v 0.041917 0.000000 0.001500
v 0.033833 0.000000 0.001500
v 0.025750 0.000000 0.001500
v 0.017667 0.000000 0.001500
v 0.009583 0.000000 0.001500
v 0.041917 0.000388 0.001449
v 0.033833 0.000388 0.001449
v 0.025750 0.000388 0.001449
v 0.017667 0.000388 0.001449
v 0.009583 0.000388 0.001449
v 0.041917 0.000750 0.001299
v 0.033833 0.000750 0.001299
v 0.025750 0.000750 0.001299
v 0.017667 0.000750 0.001299
v 0.009583 0.000750 0.001299
v 0.041917 0.001061 0.001061
v 0.033833 0.001061 0.001061
v 0.025750 0.001061 0.001061
v 0.017667 0.001061 0.001061
v 0.009583 0.001061 0.001061
v 0.041917 0.001299 0.000750
v 0.033833 0.001299 0.000750
v 0.025750 0.001299 0.000750
v 0.017667 0.001299 0.000750
v 0.009583 0.001299 0.000750
v 0.041917 0.001449 0.000388
v 0.033833 0.001449 0.000388
v 0.025750 0.001449 0.000388
v 0.017667 0.001449 0.000388
v 0.009583 0.001449 0.000388
v 0.001500 0.000000 0.050000
v 0.001449 -0.000388 0.050000
v 0.001299 -0.000750 0.050000
v 0.001061 -0.001061 0.050000
v 0.000750 -0.001299 0.050000
v 0.000388 -0.001449 0.050000
v 0.000000 -0.001500 0.050000
v -0.000388 -0.001449 0.050000
v -0.000750 -0.001299 0.050000
v -0.001061 -0.001061 0.050000
v -0.001299 -0.000750 0.050000
v -0.001449 -0.000388 0.050000
v -0.001500 0.000000 0.050000
v -0.001449 0.000388 0.050000
v -0.001299 0.000750 0.050000
v -0.001061 0.001061 0.050000
v -0.000750 0.001299 0.050000
v -0.000388 0.001449 0.050000
v 0.000000 0.001500 0.050000
v 0.000388 0.001449 0.050000
v 0.000750 0.001299 0.050000
v 0.001061 0.001061 0.050000
v 0.001299 0.000750 0.050000
v 0.001449 0.000388 0.050000
v 0.001500 0.000000 0.001500
v 0.001449 0.000388 0.001500
v 0.001299 0.000750 0.001500
v 0.001061 0.001061 0.001500
v 0.000750 0.001299 0.001500
v 0.000388 0.001449 0.001500
v 0.000000 0.001500 0.001500
v -0.000388 0.001449 0.001500
v -0.000750 0.001299 0.001500
v -0.001061 0.001061 0.001500
v -0.001299 0.000750 0.001500
v -0.001449 0.000388 0.001500
v -0.001500 0.000000 0.001500
v -0.001449 -0.000388 0.001500
v -0.001299 -0.000750 0.001500
v -0.001061 -0.001061 0.001500
v -0.000750 -0.001299 0.001500
v -0.000388 -0.001449 0.001500
v 0.000000 -0.001500 0.001500
v 0.000388 -0.001449 0.001500
v 0.000750 -0.001299 0.001500
v 0.001061 -0.001061 0.001500
v 0.001299 -0.000750 0.001500
v 0.001449 -0.000388 0.001500
v 0.001500 0.000000 0.041917
v 0.001500 0.000000 0.033833
v 0.001500 0.000000 0.025750
v 0.001500 0.000000 0.017667
v 0.001500 0.000000 0.009583
v 0.001449 -0.000388 0.041917
v 0.001449 -0.000388 0.033833
v 0.001449 -0.000388 0.025750
v 0.001449 -0.000388 0.017667
v 0.001449 -0.000388 0.009583
v 0.001299 -0.000750 0.041917
v 0.001299 -0.000750 0.033833
v 0.001299 -0.000750 0.025750
v 0.001299 -0.000750 0.017667
v 0.001299 -0.000750 0.009583
v 0.001061 -0.001061 0.041917
v 0.001061 -0.001061 0.033833
v 0.001061 -0.001061 0.025750
v 0.001061 -0.001061 0.017667
v 0.001061 -0.001061 0.009583
v 0.000750 -0.001299 0.041917
v 0.000750 -0.001299 0.033833
v 0.000750 -0.001299 0.025750
v 0.000750 -0.001299 0.017667
v 0.000750 -0.001299 0.009583
v 0.000388 -0.001449 0.041917
v 0.000388 -0.001449 0.033833
v 0.000388 -0.001449 0.025750
v 0.000388 -0.001449 0.017667
v 0.000388 -0.001449 0.009583
v 0.000000 -0.001500 0.041917
v 0.000000 -0.001500 0.033833
v 0.000000 -0.001500 0.025750
v 0.000000 -0.001500 0.017667
v 0.000000 -0.001500 0.009583
v -0.000388 -0.001449 0.041917
v -0.000388 -0.001449 0.033833
v -0.000388 -0.001449 0.025750
v -0.000388 -0.001449 0.017667
v -0.000388 -0.001449 0.009583
v -0.000750 -0.001299 0.041917
v -0.000750 -0.001299 0.033833
v -0.000750 -0.001299 0.025750
v -0.000750 -0.001299 0.017667
v -0.000750 -0.001299 0.009583
v -0.001061 -0.001061 0.041917
v -0.001061 -0.001061 0.033833
v -0.001061 -0.001061 0.025750
v -0.001061 -0.001061 0.017667
v -0.001061 -0.001061 0.009583
v -0.001299 -0.000750 0.041917
v -0.001299 -0.000750 0.033833
v -0.001299 -0.000750 0.025750
v -0.001299 -0.000750 0.017667
v -0.001299 -0.000750 0.009583
v -0.001449 -0.000388 0.041917
v -0.001449 -0.000388 0.033833
v -0.001449 -0.000388 0.025750
v -0.001449 -0.000388 0.017667
v -0.001449 -0.000388 0.009583
v -0.001500 0.000000 0.041917
v -0.001500 0.000000 0.033833
v -0.001500 0.000000 0.025750
v -0.001500 0.000000 0.017667
v -0.001500 0.000000 0.009583
v -0.001449 0.000388 0.041917
v -0.001449 0.000388 0.033833
v -0.001449 0.000388 0.025750
v -0.001449 0.000388 0.017667
v -0.001449 0.000388 0.009583
v -0.001299 0.000750 0.041917
v -0.001299 0.000750 0.033833
v -0.001299 0.000750 0.025750
v -0.001299 0.000750 0.017667
v -0.001299 0.000750 0.009583
v -0.001061 0.001061 0.041917
v -0.001061 0.001061 0.033833
v -0.001061 0.001061 0.025750
v -0.001061 0.001061 0.017667
v -0.001061 0.001061 0.009583
v -0.000750 0.001299 0.041917
v -0.000750 0.001299 0.033833
v -0.000750 0.001299 0.025750
v -0.000750 0.001299 0.017667
v -0.000750 0.001299 0.009583
v -0.000388 0.001449 0.041917
v -0.000388 0.001449 0.033833
v -0.000388 0.001449 0.025750
v -0.000388 0.001449 0.017667
v -0.000388 0.001449 0.009583
v 0.000000 0.001500 0.041917
v 0.000000 0.001500 0.033833
v 0.000000 0.001500 0.025750
v 0.000000 0.001500 0.017667
v 0.000000 0.001500 0.009583
v 0.000388 0.001449 0.041917
v 0.000388 0.001449 0.033833
v 0.000388 0.001449 0.025750
v 0.000388 0.001449 0.017667
v 0.000388 0.001449 0.009583
v 0.000750 0.001299 0.041917
v 0.000750 0.001299 0.033833
v 0.000750 0.001299 0.025750
v 0.000750 0.001299 0.017667
v 0.000750 0.001299 0.009583
v 0.001061 0.001061 0.041917
v 0.001061 0.001061 0.033833
v 0.001061 0.001061 0.025750
v 0.001061 0.001061 0.017667
v 0.001061 0.001061 0.009583
v 0.001299 0.000750 0.041917
v 0.001299 0.000750 0.033833
v 0.001299 0.000750 0.025750
v 0.001299 0.000750 0.017667
v 0.001299 0.000750 0.009583
v 0.001449 0.000388 0.041917
v 0.001449 0.000388 0.033833
v 0.001449 0.000388 0.025750
v 0.001449 0.000388 0.017667
v 0.001449 0.000388 0.009583
v -0.001500 0.012913 -0.000000
v -0.001472 0.012916 0.000289
v -0.001386 0.012926 0.000574
v -0.001244 0.012940 0.000837
v -0.001061 0.012957 0.001061
v -0.000837 0.012973 0.001244
v -0.000574 0.012987 0.001386
v -0.000289 0.012997 0.001472
v 0.000000 0.013000 0.001500
v 0.000289 0.012997 0.001472
v 0.000574 0.012987 0.001386
v 0.000837 0.012973 0.001244
v 0.001061 0.012957 0.001061
v 0.001244 0.012940 0.000837
v 0.001386 0.012926 0.000574
v 0.001472 0.012916 0.000289
v 0.001500 0.012913 -0.000000
v 0.001472 0.012916 -0.000289
v 0.001386 0.012926 -0.000574
v 0.001244 0.012940 -0.000837
v 0.001061 0.012957 -0.001061
v 0.000837 0.012973 -0.001244
v 0.000574 0.012987 -0.001386
v 0.000289 0.012997 -0.001472
v 0.000000 0.013000 -0.001500
v -0.000289 0.012997 -0.001472
v -0.000574 0.012987 -0.001386
v -0.000837 0.012973 -0.001244
v -0.001061 0.012957 -0.001061
v -0.001244 0.012940 -0.000837
v -0.001386 0.012926 -0.000574
v -0.001472 0.012916 -0.000289
v 0.000000 0.001500 0.001500
v -0.000388 0.001500 0.001449
v -0.000750 0.001500 0.001299
v -0.001061 0.001500 0.001061
v -0.001299 0.001500 0.000750
v -0.001449 0.001500 0.000388
v -0.001500 0.001500 -0.000000
v -0.001449 0.001500 -0.000388
v -0.001299 0.001500 -0.000750
v -0.001061 0.001500 -0.001061
v -0.000750 0.001500 -0.001299
v -0.000388 0.001500 -0.001449
v 0.000000 0.001500 -0.001500
v 0.000388 0.001500 -0.001449
v 0.000750 0.001500 -0.001299
v 0.001061 0.001500 -0.001061
v 0.001299 0.001500 -0.000750
v 0.001449 0.001500 -0.000388
v 0.001500 0.001500 -0.000000
v 0.001449 0.001500 0.000388
v 0.001299 0.001500 0.000750
v 0.001061 0.001500 0.001061
v 0.000750 0.001500 0.001299
v 0.000388 0.001500 0.001449
v 0.001500 0.007250 -0.000000
v -0.001449 0.007250 0.000388
v -0.001500 0.007250 -0.000000
v -0.001299 0.007250 0.000750
v -0.001061 0.007250 0.001061
v -0.000750 0.007250 0.001299
v -0.000388 0.007250 0.001449
v 0.000000 0.007250 0.001500
v 0.000388 0.007250 0.001449
v 0.000750 0.007250 0.001299
v 0.001061 0.007250 0.001061
v 0.001299 0.007250 0.000750
v 0.001449 0.007250 0.000388
v 0.001449 0.007250 -0.000388
v 0.001299 0.007250 -0.000750
v 0.001061 0.007250 -0.001061
v 0.000750 0.007250 -0.001299
v 0.000388 0.007250 -0.001449
v 0.000000 0.007250 -0.001500
v -0.000388 0.007250 -0.001449
v -0.000750 0.007250 -0.001299
v -0.001061 0.007250 -0.001061
v -0.001299 0.007250 -0.000750
v -0.001449 0.007250 -0.000388
v 0.012913 -0.001500 -0.000000
v 0.012916 -0.001472 -0.000289
v 0.012926 -0.001386 -0.000574
v 0.012940 -0.001244 -0.000837
v 0.012957 -0.001061 -0.001061
v 0.012973 -0.000837 -0.001244
v 0.012987 -0.000574 -0.001386
v 0.012997 -0.000289 -0.001472
v 0.013000 0.000000 -0.001500
v 0.012997 0.000289 -0.001472
v 0.012987 0.000574 -0.001386
v 0.012973 0.000837 -0.001244
v 0.012957 0.001061 -0.001061
v 0.012940 0.001244 -0.000837
v 0.012926 0.001386 -0.000574
v 0.012916 0.001472 -0.000289
v 0.012913 0.001500 -0.000000
v 0.012916 0.001472 0.000289
v 0.012926 0.001386 0.000574
v 0.012940 0.001244 0.000837
v 0.012957 0.001061 0.001061
v 0.012973 0.000837 0.001244
v 0.012987 0.000574 0.001386
v 0.012997 0.000289 0.001472
v 0.013000 0.000000 0.001500
v 0.012997 -0.000289 0.001472
v 0.012987 -0.000574 0.001386
v 0.012973 -0.000837 0.001244
v 0.012957 -0.001061 0.001061
v 0.012940 -0.001244 0.000837
v 0.012926 -0.001386 0.000574
v 0.012916 -0.001472 0.000289
v 0.001500 0.001500 -0.000000
v 0.001500 0.001449 -0.000388
v 0.001500 0.001299 -0.000750
v 0.001500 0.001061 -0.001061
v 0.001500 0.000750 -0.001299
v 0.001500 0.000388 -0.001449
v 0.001500 0.000000 -0.001500
v 0.001500 -0.000388 -0.001449
v 0.001500 -0.000750 -0.001299
v 0.001500 -0.001061 -0.001061
v 0.001500 -0.001299 -0.000750
v 0.001500 -0.001449 -0.000388
v 0.001500 -0.001500 -0.000000
v 0.001500 -0.001449 0.000388
v 0.001500 -0.001299 0.000750
v 0.001500 -0.001061 0.001061
v 0.001500 -0.000750 0.001299
v 0.001500 -0.000388 0.001449
v 0.001500 0.000000 0.001500
v 0.001500 0.000388 0.001449
v 0.001500 0.000750 0.001299
v 0.001500 0.001061 0.001061
v 0.001500 0.001299 0.000750
v 0.001500 0.001449 0.000388
v 0.007250 0.001500 -0.000000
v 0.007250 -0.001449 -0.000388
v 0.007250 -0.001500 -0.000000
v 0.007250 -0.001299 -0.000750
v 0.007250 -0.001061 -0.001061
v 0.007250 -0.000750 -0.001299
v 0.007250 -0.000388 -0.001449
v 0.007250 0.000000 -0.001500
v 0.007250 0.000388 -0.001449
v 0.007250 0.000750 -0.001299
v 0.007250 0.001061 -0.001061
v 0.007250 0.001299 -0.000750
v 0.007250 0.001449 -0.000388
v 0.007250 0.001449 0.000388
v 0.007250 0.001299 0.000750
v 0.007250 0.001061 0.001061
v 0.007250 0.000750 0.001299
v 0.007250 0.000388 0.001449
v 0.007250 0.000000 0.001500
v 0.007250 -0.000388 0.001449
v 0.007250 -0.000750 0.001299
v 0.007250 -0.001061 0.001061
v 0.007250 -0.001299 0.000750
v 0.007250 -0.001449 0.000388
v 0.001500 0.000000 0.010000
v 0.001449 0.000388 0.010000
v 0.001299 0.000750 0.010000
v 0.001061 0.001061 0.010000
v 0.000750 0.001299 0.010000
v 0.000388 0.001449 0.010000
v 0.000000 0.001500 0.010000
v -0.000388 0.001449 0.010000
v -0.000750 0.001299 0.010000
v -0.001061 0.001061 0.010000
v -0.001299 0.000750 0.010000
v -0.001449 0.000388 0.010000
v -0.001500 0.000000 0.010000
v -0.001449 -0.000388 0.010000
v -0.001299 -0.000750 0.010000
v -0.001061 -0.001061 0.010000
v -0.000750 -0.001299 0.010000
v -0.000388 -0.001449 0.010000
v 0.000000 -0.001500 0.010000
v 0.000388 -0.001449 0.010000
v 0.000750 -0.001299 0.010000
v 0.001061 -0.001061 0.010000
v 0.001299 -0.000750 0.010000
v 0.001449 -0.000388 0.010000
v 0.001500 0.000000 0.001500
v 0.001449 -0.000388 0.001500
v 0.001299 -0.000750 0.001500
v 0.001061 -0.001061 0.001500
v 0.000750 -0.001299 0.001500
v 0.000388 -0.001449 0.001500
v 0.000000 -0.001500 0.001500
v -0.000388 -0.001449 0.001500
v -0.000750 -0.001299 0.001500
v -0.001061 -0.001061 0.001500
v -0.001299 -0.000750 0.001500
v -0.001449 -0.000388 0.001500
v -0.001500 0.000000 0.001500
v -0.001449 0.000388 0.001500
v -0.001299 0.000750 0.001500
v -0.001061 0.001061 0.001500
v -0.000750 0.001299 0.001500
v -0.000388 0.001449 0.001500
v 0.000000 0.001500 0.001500
v 0.000388 0.001449 0.001500
v 0.000750 0.001299 0.001500
v 0.001061 0.001061 0.001500
v 0.001299 0.000750 0.001500
v 0.001449 0.000388 0.001500
v 0.013500 0.000000 0.010000
v 0.013342 0.002061 0.010000
v 0.012871 0.004073 0.010000
v 0.012098 0.005990 0.010000
v 0.011042 0.007767 0.010000
v 0.009727 0.009361 0.010000
v 0.008184 0.010736 0.010000
v 0.006449 0.011860 0.010000
v 0.004563 0.012705 0.010000
v 0.002570 0.013253 0.010000
v 0.000517 0.013490 0.010000
v -0.001548 0.013411 0.010000
v -0.003577 0.013017 0.010000
v -0.005522 0.012319 0.010000
v -0.007338 0.011331 0.010000
v -0.008982 0.010078 0.010000
v -0.010415 0.008589 0.010000
v -0.011604 0.006899 0.010000
v -0.012521 0.005047 0.010000
v -0.013145 0.003076 0.010000
v -0.013460 0.001033 0.010000
v -0.013460 -0.001033 0.010000
v -0.013145 -0.003076 0.010000
v -0.012521 -0.005047 0.010000
v -0.011604 -0.006899 0.010000
v -0.010415 -0.008589 0.010000
v -0.008982 -0.010078 0.010000
v -0.007338 -0.011331 0.010000
v -0.005522 -0.012319 0.010000
v -0.003577 -0.013017 0.010000
v -0.001548 -0.013411 0.010000
v 0.000517 -0.013490 0.010000
v 0.002570 -0.013253 0.010000
v 0.004563 -0.012705 0.010000
v 0.006449 -0.011860 0.010000
v 0.008184 -0.010736 0.010000
v 0.009727 -0.009361 0.010000
v 0.011042 -0.007767 0.010000
v 0.012098 -0.005990 0.010000
v 0.012871 -0.004073 0.010000
v 0.013342 -0.002061 0.010000
v 0.013500 0.000000 -0.005000
v 0.013342 -0.002061 -0.005000
v 0.012871 -0.004073 -0.005000
v 0.012098 -0.005990 -0.005000
v 0.011042 -0.007767 -0.005000
v 0.009727 -0.009361 -0.005000
v 0.008184 -0.010736 -0.005000
v 0.006449 -0.011860 -0.005000
v 0.004563 -0.012705 -0.005000
v 0.002570 -0.013253 -0.005000
v 0.000517 -0.013490 -0.005000
v -0.001548 -0.013411 -0.005000
v -0.003577 -0.013017 -0.005000
v -0.005522 -0.012319 -0.005000
v -0.007338 -0.011331 -0.005000
v -0.008982 -0.010078 -0.005000
v -0.010415 -0.008589 -0.005000
v -0.011604 -0.006899 -0.005000
v -0.012521 -0.005047 -0.005000
v -0.013145 -0.003076 -0.005000
v -0.013460 -0.001033 -0.005000
v -0.013460 0.001033 -0.005000
v -0.013145 0.003076 -0.005000
v -0.012521 0.005047 -0.005000
v -0.011604 0.006899 -0.005000
v -0.010415 0.008589 -0.005000
v -0.008982 0.010078 -0.005000
v -0.007338 0.011331 -0.005000
v -0.005522 0.012319 -0.005000
v -0.003577 0.013017 -0.005000
v -0.001548 0.013411 -0.005000
v 0.000517 0.013490 -0.005000
v 0.002570 0.013253 -0.005000
v 0.004563 0.012705 -0.005000
v 0.006449 0.011860 -0.005000
v 0.008184 0.010736 -0.005000
v 0.009727 0.009361 -0.005000
v 0.011042 0.007767 -0.005000
v 0.012098 0.005990 -0.005000
v 0.012871 0.004073 -0.005000
v 0.013342 0.002061 -0.005000
v 0.013500 0.000000 -0.003000
v 0.013342 -0.002061 -0.003000
v 0.012871 -0.004073 -0.003000
v 0.012098 -0.005990 -0.003000
v 0.011042 -0.007767 -0.003000
v 0.009727 -0.009361 -0.003000
v 0.008184 -0.010736 -0.003000
v 0.006449 -0.011860 -0.003000
v 0.004563 -0.012705 -0.003000
v 0.002570 -0.013253 -0.003000
v 0.000517 -0.013490 -0.003000
v -0.001548 -0.013411 -0.003000
v -0.003577 -0.013017 -0.003000
v -0.005522 -0.012319 -0.003000
v -0.007338 -0.011331 -0.003000
v -0.008982 -0.010078 -0.003000
v -0.010415 -0.008589 -0.003000
v -0.011604 -0.006899 -0.003000
v -0.012521 -0.005047 -0.003000
v -0.013145 -0.003076 -0.003000
v -0.013460 -0.001033 -0.003000
v -0.013460 0.001033 -0.003000
v -0.013145 0.003076 -0.003000
v -0.012521 0.005047 -0.003000
v -0.011604 0.006899 -0.003000
v -0.010415 0.008589 -0.003000
v -0.008982 0.010078 -0.003000
v -0.007338 0.011331 -0.003000
v -0.005522 0.012319 -0.003000
v -0.003577 0.013017 -0.003000
v -0.001548 0.013411 -0.003000
v 0.000517 0.013490 -0.003000
v 0.002570 0.013253 -0.003000
v 0.004563 0.012705 -0.003000
v 0.006449 0.011860 -0.003000
v 0.008184 0.010736 -0.003000
v 0.009727 0.009361 -0.003000
v 0.011042 0.007767 -0.003000
v 0.012098 0.005990 -0.003000
v 0.012871 0.004073 -0.003000
v 0.013342 0.002061 -0.003000
v 0.013000 0.000000 -0.002500
v 0.012840 -0.002034 -0.002500
v 0.012364 -0.004017 -0.002500
v 0.011583 -0.005902 -0.002500
v 0.010517 -0.007641 -0.002500
v 0.009192 -0.009192 -0.002500
v 0.007641 -0.010517 -0.002500
v 0.005902 -0.011583 -0.002500
v 0.004017 -0.012364 -0.002500
v 0.002034 -0.012840 -0.002500
v 0.000000 -0.013000 -0.002500
v -0.002034 -0.012840 -0.002500
v -0.004017 -0.012364 -0.002500
v -0.005902 -0.011583 -0.002500
v -0.007641 -0.010517 -0.002500
v -0.009192 -0.009192 -0.002500
v -0.010517 -0.007641 -0.002500
v -0.011583 -0.005902 -0.002500
v -0.012364 -0.004017 -0.002500
v -0.012840 -0.002034 -0.002500
v -0.013000 0.000000 -0.002500
v -0.012840 0.002034 -0.002500
v -0.012364 0.004017 -0.002500
v -0.011583 0.005902 -0.002500
v -0.010517 0.007641 -0.002500
v -0.009192 0.009192 -0.002500
v -0.007641 0.010517 -0.002500
v -0.005902 0.011583 -0.002500
v -0.004017 0.012364 -0.002500
v -0.002034 0.012840 -0.002500
v 0.000000 0.013000 -0.002500
v 0.002034 0.012840 -0.002500
v 0.004017 0.012364 -0.002500
v 0.005902 0.011583 -0.002500
v 0.007641 0.010517 -0.002500
v 0.009192 0.009192 -0.002500
v 0.010517 0.007641 -0.002500
v 0.011583 0.005902 -0.002500
v 0.012364 0.004017 -0.002500
v 0.012840 0.002034 -0.002500
v 0.013000 0.000000 0.007500
v 0.012840 -0.002034 0.007500
v 0.012364 -0.004017 0.007500
v 0.011583 -0.005902 0.007500
v 0.010517 -0.007641 0.007500
v 0.009192 -0.009192 0.007500
v 0.007641 -0.010517 0.007500
v 0.005902 -0.011583 0.007500
v 0.004017 -0.012364 0.007500
v 0.002034 -0.012840 0.007500
v 0.000000 -0.013000 0.007500
v -0.002034 -0.012840 0.007500
v -0.004017 -0.012364 0.007500
v -0.005902 -0.011583 0.007500
v -0.007641 -0.010517 0.007500
v -0.009192 -0.009192 0.007500
v -0.010517 -0.007641 0.007500
v -0.011583 -0.005902 0.007500
v -0.012364 -0.004017 0.007500
v -0.012840 -0.002034 0.007500
v -0.013000 0.000000 0.007500
v -0.012840 0.002034 0.007500
v -0.012364 0.004017 0.007500
v -0.011583 0.005902 0.007500
v -0.010517 0.007641 0.007500
v -0.009192 0.009192 0.007500
v -0.007641 0.010517 0.007500
v -0.005902 0.011583 0.007500
v -0.004017 0.012364 0.007500
v -0.002034 0.012840 0.007500
v 0.000000 0.013000 0.007500
v 0.002034 0.012840 0.007500
v 0.004017 0.012364 0.007500
v 0.005902 0.011583 0.007500
v 0.007641 0.010517 0.007500
v 0.009192 0.009192 0.007500
v 0.010517 0.007641 0.007500
v 0.011583 0.005902 0.007500
v 0.012364 0.004017 0.007500
v 0.012840 0.002034 0.007500
v 0.013500 0.000000 0.008000
v 0.013342 -0.002061 0.008000
v 0.012871 -0.004073 0.008000
v 0.012098 -0.005990 0.008000
v 0.011042 -0.007767 0.008000
v 0.009727 -0.009361 0.008000
v 0.008184 -0.010736 0.008000
v 0.006449 -0.011860 0.008000
v 0.004563 -0.012705 0.008000
v 0.002570 -0.013253 0.008000
v 0.000517 -0.013490 0.008000
v -0.001548 -0.013411 0.008000
v -0.003577 -0.013017 0.008000
v -0.005522 -0.012319 0.008000
v -0.007338 -0.011331 0.008000
v -0.008982 -0.010078 0.008000
v -0.010415 -0.008589 0.008000
v -0.011604 -0.006899 0.008000
v -0.012521 -0.005047 0.008000
v -0.013145 -0.003076 0.008000
v -0.013460 -0.001033 0.008000
v -0.013460 0.001033 0.008000
v -0.013145 0.003076 0.008000
v -0.012521 0.005047 0.008000
v -0.011604 0.006899 0.008000
v -0.010415 0.008589 0.008000
v -0.008982 0.010078 0.008000
v -0.007338 0.011331 0.008000
v -0.005522 0.012319 0.008000
v -0.003577 0.013017 0.008000
v -0.001548 0.013411 0.008000
v 0.000517 0.013490 0.008000
v 0.002570 0.013253 0.008000
v 0.004563 0.012705 0.008000
v 0.006449 0.011860 0.008000
v 0.008184 0.010736 0.008000
v 0.009727 0.009361 0.008000
v 0.011042 0.007767 0.008000
v 0.012098 0.005990 0.008000
v 0.012871 0.004073 0.008000
v 0.013342 0.002061 0.008000
vn 0.9659 -0.0000 0.2588
vn 1.0000 -0.0000 -0.0000
vn 0.9659 -0.0000 -0.2588
vn 0.8660 -0.0000 -0.5000
vn 0.7071 -0.0000 -0.7071
vn 0.5000 -0.0000 -0.8660
vn 0.2588 -0.0000 -0.9659
vn -0.0000 -0.0000 -1.0000
vn -0.2588 -0.0000 -0.9659
vn -0.5000 -0.0000 -0.8660
vn -0.7071 -0.0000 -0.7071
vn -0.8660 -0.0000 -0.5000
vn -0.9659 -0.0000 -0.2588
vn -1.0000 -0.0000 -0.0000
vn -0.9659 -0.0000 0.2588
vn -0.8660 -0.0000 0.5000
vn -0.7071 -0.0000 0.7071
vn -0.5000 -0.0000 0.8660
vn -0.2588 -0.0000 0.9659
vn -0.0000 -0.0000 1.0000
vn 0.2588 -0.0000 0.9659
vn 0.5000 -0.0000 0.8660
vn 0.7071 -0.0000 0.7071
vn 0.8660 -0.0000 0.5000
vn -0.0000 1.0000 -0.0000
vn -0.0000 -1.0000 -0.0000
vn -0.0000 0.9659 -0.2588
vn -0.0000 0.9659 0.2588
vn -0.0000 0.8660 0.5000
vn -0.0000 0.7071 0.7071
vn -0.0000 0.5000 0.8660
vn -0.0000 0.2588 0.9659
vn -0.0000 -0.2588 0.9659
vn -0.0000 -0.5000 0.8660
vn -0.0000 -0.7071 0.7071
vn -0.0000 -0.8660 0.5000
vn -0.0000 -0.9659 0.2588
vn -0.0000 -0.9659 -0.2588
vn -0.0000 -0.8660 -0.5000
vn -0.0000 -0.7071 -0.7071
vn -0.0000 -0.5000 -0.8660
vn -0.0000 -0.2588 -0.9659
vn -0.0000 0.2588 -0.9659
vn -0.0000 0.5000 -0.8660
vn -0.0000 0.7071 -0.7071
vn -0.0000 0.8660 -0.5000
vn 0.9659 -0.2588 -0.0000
vn 0.9659 0.2588 -0.0000
vn 0.8660 0.5000 -0.0000
vn 0.7071 0.7071 -0.0000
vn 0.5000 0.8660 -0.0000
vn 0.2588 0.9659 -0.0000
vn -0.2588 0.9659 -0.0000
vn -0.5000 0.8660 -0.0000
vn -0.7071 0.7071 -0.0000
vn -0.8660 0.5000 -0.0000
vn -0.9659 0.2588 -0.0000
vn -0.9659 -0.2588 -0.0000
vn -0.8660 -0.5000 -0.0000
vn -0.7071 -0.7071 -0.0000
vn -0.5000 -0.8660 -0.0000
vn -0.2588 -0.9659 -0.0000
vn 0.2588 -0.9659 -0.0000
vn 0.5000 -0.8660 -0.0000
vn 0.7071 -0.7071 -0.0000
vn 0.8660 -0.5000 -0.0000
vn 0.9813 -0.0000 0.1924
vn 0.9813 -0.0000 -0.1924
vn 0.9659 0.0001 -0.2588
vn 0.9238 -0.0000 -0.3828
vn 0.8298 -0.0000 -0.5580
vn 0.7071 0.0003 -0.7071
vn 0.5580 -0.0000 -0.8298
vn 0.3829 -0.0000 -0.9238
vn 0.1924 -0.0001 -0.9813
vn -0.1924 -0.0001 -0.9813
vn -0.3829 -0.0000 -0.9238
vn -0.5580 -0.0000 -0.8298
vn -0.7071 0.0001 -0.7071
vn -0.8298 -0.0000 -0.5581
vn -0.8660 0.0001 -0.5000
vn -0.9238 -0.0000 -0.3828
vn -0.9813 -0.0000 -0.1924
vn -0.9813 -0.0000 0.1924
vn -0.9238 -0.0000 0.3828
vn -0.8298 -0.0000 0.5580
vn -0.7071 0.0001 0.7071
vn -0.5580 -0.0000 0.8298
vn -0.5000 0.0001 0.8660
vn -0.3829 -0.0000 0.9238
vn -0.1923 -0.0003 0.9813
vn 0.1923 -0.0003 0.9813
vn 0.2588 0.0001 0.9659
vn 0.3829 -0.0000 0.9238
vn 0.5000 0.0001 0.8660
vn 0.5580 -0.0000 0.8298
vn 0.7071 0.0001 0.7071
vn 0.8298 -0.0000 0.5581
vn 0.8660 0.0001 0.5000
vn 0.9238 -0.0000 0.3828
vn -0.0000 0.9813 -0.1924
vn -0.0000 0.9813 0.1925
vn 0.0001 0.9659 0.2588
vn -0.0000 0.9238 0.3828
vn -0.0000 0.8298 0.5580
vn 0.0001 0.7071 0.7071
vn -0.0000 0.5580 0.8298
vn -0.0000 0.3829 0.9238
vn -0.0001 0.1924 0.9813
vn -0.0001 -0.1924 0.9813
vn -0.0000 -0.3829 0.9238
vn 0.0001 -0.5000 0.8660
vn -0.0000 -0.5580 0.8298
vn 0.0001 -0.7071 0.7071
vn -0.0000 -0.8298 0.5580
vn -0.0000 -0.9238 0.3828
vn 0.0001 -0.9659 0.2588
vn -0.0000 -0.9813 0.1925
vn -0.0000 -0.9813 -0.1924
vn -0.0000 -0.9238 -0.3828
vn -0.0001 -0.8660 -0.5000
vn -0.0000 -0.8298 -0.5580
vn 0.0001 -0.7071 -0.7071
vn -0.0000 -0.5580 -0.8298
vn 0.0001 -0.5000 -0.8660
vn -0.0000 -0.3828 -0.9238
vn -0.0000 -0.1924 -0.9813
vn -0.0000 0.1924 -0.9813
vn -0.0000 0.3828 -0.9238
vn -0.0000 0.5580 -0.8298
vn 0.0001 0.7071 -0.7071
vn -0.0000 0.8298 -0.5580
vn -0.0000 0.9238 -0.3828
vn 0.9883 0.1526 -0.0000
vn 0.9883 -0.1526 -0.0000
vn 0.9883 -0.1527 -0.0000
vn 0.9534 -0.3017 -0.0000
vn 0.8962 -0.4437 -0.0000
vn 0.8179 -0.5753 -0.0000
vn 0.7205 -0.6934 -0.0000
vn 0.6062 -0.7953 -0.0000
vn 0.4777 -0.8785 -0.0000
vn 0.3380 -0.9411 -0.0000
vn 0.1904 -0.9817 -0.0000
vn 0.0383 -0.9993 -0.0000
vn -0.1147 -0.9934 -0.0000
vn -0.2650 -0.9643 -0.0000
vn -0.4091 -0.9125 -0.0000
vn -0.5436 -0.8394 -0.0000
vn -0.6653 -0.7466 -0.0000
vn -0.7715 -0.6362 -0.0000
vn -0.8596 -0.5110 -0.0000
vn -0.9275 -0.3738 -0.0000
vn -0.9737 -0.2279 -0.0000
vn -0.9971 -0.0766 -0.0000
vn -0.9971 -0.0765 -0.0000
vn -0.9971 0.0765 -0.0000
vn -0.9971 0.0766 -0.0000
vn -0.9737 0.2279 -0.0000
vn -0.9275 0.3738 -0.0000
vn -0.8596 0.5110 -0.0000
vn -0.7715 0.6362 -0.0000
vn -0.6653 0.7466 -0.0000
vn -0.5436 0.8394 -0.0000
vn -0.4091 0.9125 -0.0000
vn -0.2650 0.9643 -0.0000
vn -0.1147 0.9934 -0.0000
vn 0.0383 0.9993 -0.0000
vn 0.1904 0.9817 -0.0000
vn 0.3380 0.9411 -0.0000
vn 0.4777 0.8785 -0.0000
vn 0.6062 0.7953 -0.0000
vn 0.7205 0.6934 -0.0000
vn 0.8179 0.5753 -0.0000
vn 0.8962 0.4437 -0.0000
vn 0.9534 0.3017 -0.0000
vn 0.9883 0.1527 -0.0000
vn 0.6988 -0.1080 0.7071
vn 0.7070 -0.0000 0.7072
vn 0.6988 0.1080 0.7071
vn 0.6984 0.1107 0.7071
vn 0.6742 0.2133 0.7071
vn 0.6725 0.2185 0.7071
vn 0.6337 0.3137 0.7071
vn 0.6300 0.3210 0.7071
vn 0.5784 0.4068 0.7071
vn 0.5721 0.4156 0.7071
vn 0.5095 0.4903 0.7071
vn 0.5000 0.5000 0.7071
vn 0.4287 0.5623 0.7071
vn 0.4156 0.5720 0.7071
vn 0.3378 0.6212 0.7071
vn 0.3210 0.6300 0.7071
vn 0.2390 0.6655 0.7071
vn 0.2185 0.6725 0.7071
vn 0.1346 0.6942 0.7071
vn 0.1106 0.6984 0.7071
vn 0.0271 0.7066 0.7071
vn -0.0811 0.7024 0.7071
vn -0.1106 0.6984 0.7071
vn -0.1874 0.6818 0.7071
vn -0.2185 0.6725 0.7071
vn -0.2892 0.6452 0.7071
vn -0.3210 0.6300 0.7071
vn -0.3844 0.5935 0.7071
vn -0.4156 0.5721 0.7071
vn -0.4705 0.5279 0.7071
vn -0.5000 0.5000 0.7071
vn -0.5455 0.4499 0.7071
vn -0.5721 0.4156 0.7071
vn -0.6078 0.3613 0.7071
vn -0.6301 0.3210 0.7071
vn -0.6558 0.2643 0.7071
vn -0.6725 0.2185 0.7071
vn -0.6885 0.1611 0.7071
vn -0.6984 0.1106 0.7071
vn -0.7050 0.0541 0.7071
vn -0.7050 -0.0541 0.7071
vn -0.6984 -0.1106 0.7071
vn -0.6885 -0.1611 0.7071
vn -0.6725 -0.2185 0.7071
vn -0.6558 -0.2643 0.7071
vn -0.6301 -0.3210 0.7071
vn -0.6078 -0.3613 0.7071
vn -0.5721 -0.4156 0.7071
vn -0.5455 -0.4499 0.7071
vn -0.5000 -0.5000 0.7071
vn -0.4705 -0.5279 0.7071
vn -0.4157 -0.5721 0.7071
vn -0.3844 -0.5935 0.7071
vn -0.3210 -0.6300 0.7071
vn -0.2892 -0.6452 0.7071
vn -0.2185 -0.6725 0.7071
vn -0.1874 -0.6818 0.7071
vn -0.1106 -0.6984 0.7071
vn -0.0811 -0.7024 0.7071
vn 0.0271 -0.7066 0.7071
vn 0.1106 -0.6984 0.7071
vn 0.1346 -0.6942 0.7071
vn 0.2185 -0.6725 0.7071
vn 0.2390 -0.6655 0.7071
vn 0.3210 -0.6300 0.7071
vn 0.3378 -0.6212 0.7071
vn 0.4156 -0.5721 0.7071
vn 0.4287 -0.5623 0.7071
vn 0.5000 -0.5000 0.7071
vn 0.5095 -0.4903 0.7071
vn 0.5721 -0.4156 0.7071
vn 0.5784 -0.4068 0.7071
vn 0.6301 -0.3210 0.7071
vn 0.6337 -0.3137 0.7071
vn 0.6725 -0.2185 0.7071
vn 0.6742 -0.2133 0.7071
vn 0.6984 -0.1106 0.7071
vn -0.1132 0.9936 -0.0000
vn -0.1564 0.9877 -0.0000
vn -0.1154 0.9933 -0.0000
vn -0.1565 0.9877 -0.0000
vn -0.1066 0.9943 -0.0000
vn -0.0957 0.9954 -0.0000
vn -0.0816 0.9967 -0.0000
vn -0.0644 0.9979 -0.0000
vn -0.0442 0.9990 -0.0000
vn -0.0222 0.9998 -0.0000
vn 0.0222 0.9998 -0.0000
vn 0.0442 0.9990 -0.0000
vn 0.0644 0.9979 -0.0000
vn 0.1565 0.9877 -0.0000
vn 0.0816 0.9967 -0.0000
vn 0.0957 0.9954 -0.0000
vn 0.1066 0.9943 -0.0000
vn 0.1132 0.9936 -0.0000
vn 0.1154 0.9933 -0.0000
vn 0.1564 0.9877 -0.0000
vn 0.9936 -0.1132 -0.0000
vn 0.9877 -0.1565 -0.0000
vn 0.9933 -0.1154 -0.0000
vn 0.9877 -0.1564 -0.0000
vn 0.9943 -0.1066 -0.0000
vn 0.9954 -0.0957 -0.0000
vn 0.9967 -0.0816 -0.0000
vn 0.9979 -0.0644 -0.0000
vn 0.9990 -0.0442 -0.0000
vn 0.9998 -0.0222 -0.0000
vn 0.9998 0.0222 -0.0000
vn 0.9990 0.0442 -0.0000
vn 0.9979 0.0644 -0.0000
vn 0.9967 0.0816 -0.0000
vn 0.9877 0.1564 -0.0000
vn 0.9954 0.0957 -0.0000
vn 0.9943 0.1066 -0.0000
vn 0.9936 0.1132 -0.0000
vn 0.9933 0.1154 -0.0000
vn 0.9877 0.1565 -0.0000
vn 0.9511 0.3090 -0.0000
vn 0.8910 0.4540 -0.0000
vn 0.8090 0.5878 -0.0000
vn 0.5878 0.8090 -0.0000
vn 0.4540 0.8910 -0.0000
vn 0.3090 0.9511 -0.0000
vn -0.3090 0.9511 -0.0000
vn -0.4540 0.8910 -0.0000
vn -0.5878 0.8090 -0.0000
vn -0.8090 0.5878 -0.0000
vn -0.8910 0.4540 -0.0000
vn -0.9511 0.3090 -0.0000
vn -0.9877 0.1564 -0.0000
vn -0.9877 -0.1564 -0.0000
vn -0.9511 -0.3090 -0.0000
vn -0.8910 -0.4540 -0.0000
vn -0.8090 -0.5878 -0.0000
vn -0.5878 -0.8090 -0.0000
vn -0.4540 -0.8910 -0.0000
vn -0.3090 -0.9511 -0.0000
vn -0.1564 -0.9877 -0.0000
vn 0.1564 -0.9877 -0.0000
vn 0.3090 -0.9511 -0.0000
vn 0.4540 -0.8910 -0.0000
vn 0.5878 -0.8090 -0.0000
vn 0.8090 -0.5878 -0.0000
vn 0.8910 -0.4540 -0.0000
vn 0.9511 -0.3090 -0.0000
vn 0.6984 0.1107 -0.7071
vn 0.6988 0.1079 -0.7071
vn 0.7070 -0.0000 -0.7072
vn 0.6988 -0.1079 -0.7071
vn 0.6742 0.2133 -0.7071
vn 0.6725 0.2185 -0.7071
vn 0.6337 0.3137 -0.7071
vn 0.6300 0.3210 -0.7071
vn 0.5784 0.4068 -0.7071
vn 0.5720 0.4156 -0.7071
vn 0.5095 0.4903 -0.7071
vn 0.5000 0.5000 -0.7071
vn 0.4287 0.5623 -0.7071
vn 0.4156 0.5721 -0.7071
vn 0.3378 0.6212 -0.7071
vn 0.3210 0.6300 -0.7071
vn 0.2390 0.6655 -0.7071
vn 0.2185 0.6725 -0.7071
vn 0.1346 0.6942 -0.7071
vn 0.1106 0.6984 -0.7071
vn 0.0271 0.7066 -0.7071
vn -0.0811 0.7024 -0.7071
vn -0.1106 0.6984 -0.7071
vn -0.1874 0.6818 -0.7071
vn -0.2185 0.6725 -0.7071
vn -0.2893 0.6452 -0.7071
vn -0.3210 0.6300 -0.7071
vn -0.3844 0.5935 -0.7071
vn -0.4157 0.5721 -0.7071
vn -0.4705 0.5279 -0.7071
vn -0.5000 0.5000 -0.7071
vn -0.5455 0.4499 -0.7071
vn -0.5721 0.4156 -0.7071
vn -0.6078 0.3613 -0.7071
vn -0.6301 0.3210 -0.7071
vn -0.6558 0.2643 -0.7071
vn -0.6725 0.2185 -0.7071
vn -0.6885 0.1611 -0.7071
vn -0.6984 0.1106 -0.7071
vn -0.7050 0.0541 -0.7071
vn -0.7050 -0.0541 -0.7071
vn -0.6984 -0.1106 -0.7071
vn -0.6885 -0.1611 -0.7071
vn -0.6725 -0.2185 -0.7071
vn -0.6558 -0.2643 -0.7071
vn -0.6301 -0.3210 -0.7071
vn -0.6078 -0.3613 -0.7071
vn -0.5721 -0.4156 -0.7071
vn -0.5455 -0.4499 -0.7071
vn -0.5000 -0.5000 -0.7071
vn -0.4705 -0.5279 -0.7071
vn -0.4157 -0.5721 -0.7071
vn -0.3844 -0.5935 -0.7071
vn -0.3210 -0.6300 -0.7071
vn -0.2892 -0.6452 -0.7071
vn -0.2185 -0.6725 -0.7071
vn -0.1874 -0.6818 -0.7071
vn -0.1106 -0.6984 -0.7071
vn -0.0811 -0.7024 -0.7071
vn 0.0271 -0.7066 -0.7071
vn 0.1106 -0.6984 -0.7071
vn 0.1346 -0.6942 -0.7071
vn 0.2185 -0.6725 -0.7071
vn 0.2390 -0.6655 -0.7071
vn 0.3210 -0.6300 -0.7071
vn 0.3378 -0.6212 -0.7071
vn 0.4156 -0.5721 -0.7071
vn 0.4287 -0.5623 -0.7071
vn 0.5000 -0.5000 -0.7071
vn 0.5095 -0.4903 -0.7071
vn 0.5720 -0.4156 -0.7071
vn 0.5784 -0.4068 -0.7071
vn 0.6301 -0.3210 -0.7071
vn 0.6337 -0.3137 -0.7071
vn 0.6725 -0.2185 -0.7071
vn 0.6742 -0.2133 -0.7071
vn 0.6984 -0.1107 -0.7071
vt -4.850000 0.431969
vt -4.041667 0.431969
vt -4.850000 0.471239
vt -4.041667 0.471239
vt -4.850000 -0.471239
vt -4.041667 -0.471239
vt -4.850000 -0.431969
vt -4.041667 -0.431969
vt -4.850000 -0.392699
vt -4.041667 -0.392699
vt -4.850000 -0.353429
vt -4.041667 -0.353429
vt -4.850000 -0.314159
vt -4.041667 -0.314159
vt -4.850000 -0.274889
vt -4.041667 -0.274889
vt -4.850000 -0.235619
vt -4.041667 -0.235619
vt -4.850000 -0.196350
vt -4.041667 -0.196350
vt -4.850000 -0.157080
vt -4.041667 -0.157080
vt -4.850000 -0.117810
vt -4.041667 -0.117810
vt -4.850000 -0.078540
vt -4.041667 -0.078540
vt -4.850000 -0.039270
vt -4.041667 -0.039270
vt -4.850000 0.000000
vt -4.041667 0.000000
vt -4.850000 0.039270
vt -4.041667 0.039270
vt -4.850000 0.078540
vt -4.041667 0.078540
vt -4.850000 0.117810
vt -4.041667 0.117810
vt -4.850000 0.157080
vt -4.041667 0.157080
vt -4.850000 0.196350
vt -4.041667 0.196350
vt -4.850000 0.235619
vt -4.041667 0.235619
vt -4.850000 0.274889
vt -4.041667 0.274889
vt -4.850000 0.314159
vt -4.041667 0.314159
vt -4.850000 0.353429
vt -4.041667 0.353429
vt -4.850000 0.392699
vt -4.041667 0.392699
vt -0.000000 -0.431969
vt -0.808333 -0.431969
vt -0.000000 -0.471239
vt -0.808333 -0.471239
vt -0.000000 0.471239
vt -0.808333 0.471239
vt -0.000000 0.431969
vt -0.808333 0.431969
vt -0.000000 0.392699
vt -0.808333 0.392699
vt -0.000000 0.353429
vt -0.808333 0.353429
vt -0.000000 0.314159
vt -0.808333 0.314159
vt -0.000000 0.274889
vt -0.808333 0.274889
vt -0.000000 0.235619
vt -0.808333 0.235619
vt -0.000000 0.196350
vt -0.808333 0.196350
vt -0.000000 0.157080
vt -0.808333 0.157080
vt -0.000000 0.117810
vt -0.808333 0.117810
vt -0.000000 0.078540
vt -0.808333 0.078540
vt -0.000000 0.039270
vt -0.808333 0.039270
vt -0.000000 0.000000
vt -0.808333 0.000000
vt -0.000000 -0.039270
vt -0.808333 -0.039270
vt -0.000000 -0.078540
vt -0.808333 -0.078540
vt -0.000000 -0.117810
vt -0.808333 -0.117810
vt -0.000000 -0.157080
vt -0.808333 -0.157080
vt -0.000000 -0.196350
vt -0.808333 -0.196350
vt -0.000000 -0.235619
vt -0.808333 -0.235619
vt -0.000000 -0.274889
vt -0.808333 -0.274889
vt -0.000000 -0.314159
vt -0.808333 -0.314159
vt -0.000000 -0.353429
vt -0.808333 -0.353429
vt -0.000000 -0.392699
vt -0.808333 -0.392699
vt -3.233333 -0.471239
vt -3.233333 -0.431969
vt -3.233333 -0.392699
vt -3.233333 -0.353429
vt -3.233333 -0.314159
vt -3.233333 -0.274889
vt -3.233333 -0.235619
vt -3.233333 -0.196350
vt -3.233333 -0.157080
vt -3.233333 -0.117810
vt -3.233333 -0.078540
vt -3.233333 -0.039270
vt -3.233333 0.000000
vt -3.233333 0.039270
vt -3.233333 0.078540
vt -3.233333 0.117810
vt -3.233333 0.157080
vt -3.233333 0.196350
vt -3.233333 0.235619
vt -3.233333 0.274889
vt -3.233333 0.314159
vt -3.233333 0.353429
vt -3.233333 0.392699
vt -3.233333 0.431969
vt -3.233333 0.471239
vt -2.425000 -0.471239
vt -2.425000 -0.431969
vt -2.425000 -0.392699
vt -2.425000 -0.353429
vt -2.425000 -0.314159
vt -2.425000 -0.274889
vt -2.425000 -0.235619
vt -2.425000 -0.196350
vt -2.425000 -0.157080
vt -2.425000 -0.117810
vt -2.425000 -0.078540
vt -2.425000 -0.039270
vt -2.425000 0.000000
vt -2.425000 0.039270
vt -2.425000 0.078540
vt -2.425000 0.117810
vt -2.425000 0.157080
vt -2.425000 0.196350
vt -2.425000 0.235619
vt -2.425000 0.274889
vt -2.425000 0.314159
vt -2.425000 0.353429
vt -2.425000 0.392699
vt -2.425000 0.431969
vt -2.425000 0.471239
vt -1.616667 -0.471239
vt -1.616667 -0.431969
vt -1.616667 -0.392699
vt -1.616667 -0.353429
vt -1.616667 -0.314159
vt -1.616667 -0.274889
vt -1.616667 -0.235619
vt -1.616667 -0.196350
vt -1.616667 -0.157080
vt -1.616667 -0.117810
vt -1.616667 -0.078540
vt -1.616667 -0.039270
vt -1.616667 0.000000
vt -1.616667 0.039270
vt -1.616667 0.078540
vt -1.616667 0.117810
vt -1.616667 0.157080
vt -1.616667 0.196350
vt -1.616667 0.235619
vt -1.616667 0.274889
vt -1.616667 0.314159
vt -1.616667 0.353429
vt -1.616667 0.392699
vt -1.616667 0.431969
vt -1.616667 0.471239
vt 0.000000 0.150000
vt -0.038823 0.144889
vt 0.038823 0.144889
vt 0.075000 0.129904
vt -0.075000 0.129904
vt 0.106066 0.106066
vt -0.106066 0.106066
vt 0.129904 0.075000
vt -0.129904 0.075000
vt 0.144889 0.038823
vt -0.144889 0.038823
vt 0.150000 -0.000000
vt -0.150000 -0.000000
vt 0.144889 -0.038823
vt -0.144889 -0.038823
vt 0.129904 -0.075000
vt -0.129904 -0.075000
vt 0.106066 -0.106066
vt -0.106066 -0.106066
vt 0.075000 -0.129904
vt -0.075000 -0.129904
vt 0.038823 -0.144889
vt -0.038823 -0.144889
vt 0.000000 -0.150000
vt 4.850000 -0.431969
vt 4.041667 -0.431969
vt 4.850000 -0.471239
vt 4.041667 -0.471239
vt 4.850000 0.471239
vt 4.041667 0.471239
vt 4.850000 0.431969
vt 4.041667 0.431969
vt 4.850000 0.392699
vt 4.041667 0.392699
vt 4.850000 0.353429
vt 4.041667 0.353429
vt 4.850000 0.314159
vt 4.041667 0.314159
vt 4.850000 0.274889
vt 4.041667 0.274889
vt 4.850000 0.235619
vt 4.041667 0.235619
vt 4.850000 0.196350
vt 4.041667 0.196350
vt 4.850000 0.157080
vt 4.041667 0.157080
vt 4.850000 0.117810
vt 4.041667 0.117810
vt 4.850000 0.078540
vt 4.041667 0.078540
vt 4.850000 0.039270
vt 4.041667 0.039270
vt 4.850000 0.000000
vt 4.041667 0.000000
vt 4.850000 -0.039270
vt 4.041667 -0.039270
vt 4.850000 -0.078540
vt 4.041667 -0.078540
vt 4.850000 -0.117810
vt 4.041667 -0.117810
vt 4.850000 -0.157080
vt 4.041667 -0.157080
vt 4.850000 -0.196350
vt 4.041667 -0.196350
vt 4.850000 -0.235619
vt 4.041667 -0.235619
vt 4.850000 -0.274889
vt 4.041667 -0.274889
vt 4.850000 -0.314159
vt 4.041667 -0.314159
vt 4.850000 -0.353429
vt 4.041667 -0.353429
vt 4.850000 -0.392699
vt 4.041667 -0.392699
vt 0.808333 0.431969
vt 0.808333 0.471239
vt 0.808333 -0.471239
vt 0.808333 -0.431969
vt 0.808333 -0.392699
vt 0.808333 -0.353429
vt 0.808333 -0.314159
vt 0.808333 -0.274889
vt 0.808333 -0.235619
vt 0.808333 -0.196350
vt 0.808333 -0.157080
vt 0.808333 -0.117810
vt 0.808333 -0.078540
vt 0.808333 -0.039270
vt 0.808333 0.000000
vt 0.808333 0.039270
vt 0.808333 0.078540
vt 0.808333 0.117810
vt 0.808333 0.157080
vt 0.808333 0.196350
vt 0.808333 0.235619
vt 0.808333 0.274889
vt 0.808333 0.314159
vt 0.808333 0.353429
vt 0.808333 0.392699
vt 3.233333 0.471239
vt 3.233333 0.431969
vt 3.233333 0.392699
vt 3.233333 0.353429
vt 3.233333 0.314159
vt 3.233333 0.274889
vt 3.233333 0.235619
vt 3.233333 0.196350
vt 3.233333 0.157080
vt 3.233333 0.117810
vt 3.233333 0.078540
vt 3.233333 0.039270
vt 3.233333 0.000000
vt 3.233333 -0.039270
vt 3.233333 -0.078540
vt 3.233333 -0.117810
vt 3.233333 -0.157080
vt 3.233333 -0.196350
vt 3.233333 -0.235619
vt 3.233333 -0.274889
vt 3.233333 -0.314159
vt 3.233333 -0.353429
vt 3.233333 -0.392699
vt 3.233333 -0.431969
vt 3.233333 -0.471239
vt 2.425000 0.471239
vt 2.425000 0.431969
vt 2.425000 0.392699
vt 2.425000 0.353429
vt 2.425000 0.314159
vt 2.425000 0.274889
vt 2.425000 0.235619
vt 2.425000 0.196350
vt 2.425000 0.157080
vt 2.425000 0.117810
vt 2.425000 0.078540
vt 2.425000 0.039270
vt 2.425000 0.000000
vt 2.425000 -0.039270
vt 2.425000 -0.078540
vt 2.425000 -0.117810
vt 2.425000 -0.157080
vt 2.425000 -0.196350
vt 2.425000 -0.235619
vt 2.425000 -0.274889
vt 2.425000 -0.314159
vt 2.425000 -0.353429
vt 2.425000 -0.392699
vt 2.425000 -0.431969
vt 2.425000 -0.471239
vt 1.616667 0.471239
vt 1.616667 0.431969
vt 1.616667 0.392699
vt 1.616667 0.353429
vt 1.616667 0.314159
vt 1.616667 0.274889
vt 1.616667 0.235619
vt 1.616667 0.196350
vt 1.616667 0.157080
vt 1.616667 0.117810
vt 1.616667 0.078540
vt 1.616667 0.039270
vt 1.616667 0.000000
vt 1.616667 -0.039270
vt 1.616667 -0.078540
vt 1.616667 -0.117810
vt 1.616667 -0.157080
vt 1.616667 -0.196350
vt 1.616667 -0.235619
vt 1.616667 -0.274889
vt 1.616667 -0.314159
vt 1.616667 -0.353429
vt 1.616667 -0.392699
vt 1.616667 -0.431969
vt 1.616667 -0.471239
vt 1.141647 -0.029043
vt 1.141317 0.000000
vt 0.575000 0.000000
vt 1.141647 0.029043
vt 0.575000 0.039270
vt 1.142593 0.058930
vt 0.575000 0.078540
vt 1.144029 0.088803
vt 0.575000 0.117810
vt 1.145666 0.117809
vt 1.147301 0.146816
vt 0.575000 0.157080
vt 1.148731 0.176689
vt 0.575000 0.196350
vt 1.149672 0.206576
vt 0.575000 0.235619
vt 1.150000 0.235619
vt 1.149672 0.264662
vt 0.575000 0.274889
vt 1.148731 0.294550
vt 0.575000 0.314159
vt 1.147301 0.324423
vt 0.575000 0.353429
vt 1.145666 0.353430
vt 1.144029 0.382436
vt 0.575000 0.392699
vt 1.142593 0.412309
vt 0.575000 0.431969
vt 1.141647 0.442196
vt 0.575000 0.471239
vt 1.141317 0.471239
vt 0.575000 -0.471239
vt 1.141317 -0.471239
vt 1.141647 -0.442196
vt 0.575000 -0.431969
vt 1.142593 -0.412309
vt 0.575000 -0.392699
vt 1.144029 -0.382436
vt 0.575000 -0.353429
vt 1.145666 -0.353430
vt 1.147301 -0.324423
vt 0.575000 -0.314159
vt 1.148731 -0.294550
vt 0.575000 -0.274889
vt 1.149672 -0.264662
vt 0.575000 -0.235619
vt 1.150000 -0.235619
vt 1.149672 -0.206576
vt 0.575000 -0.196350
vt 1.148731 -0.176689
vt 0.575000 -0.157080
vt 1.147301 -0.146816
vt 0.575000 -0.117810
vt 1.145666 -0.117809
vt 1.144029 -0.088803
vt 0.575000 -0.078540
vt 1.142593 -0.058930
vt 0.575000 -0.039270
vt -1.141647 0.029043
vt -1.141317 0.000000
vt -0.575000 0.000000
vt -1.141647 -0.029043
vt -0.575000 -0.039270
vt -1.142593 -0.058930
vt -0.575000 -0.078540
vt -1.144029 -0.088803
vt -0.575000 -0.117810
vt -1.145666 -0.117809
vt -1.147301 -0.146816
vt -0.575000 -0.157080
vt -1.148731 -0.176689
vt -0.575000 -0.196350
vt -1.149672 -0.206576
vt -0.575000 -0.235619
vt -1.150000 -0.235619
vt -1.149672 -0.264662
vt -0.575000 -0.274889
vt -1.148731 -0.294550
vt -0.575000 -0.314159
vt -1.147301 -0.324423
vt -0.575000 -0.353429
vt -1.145666 -0.353430
vt -1.144029 -0.382436
vt -0.575000 -0.392699
vt -1.142593 -0.412309
vt -0.575000 -0.431969
vt -1.141647 -0.442196
vt -0.575000 -0.471239
vt -1.141317 -0.471239
vt -0.575000 0.471239
vt -1.141317 0.471239
vt -1.141647 0.442196
vt -0.575000 0.431969
vt -1.142593 0.412309
vt -0.575000 0.392699
vt -1.144029 0.382436
vt -0.575000 0.353429
vt -1.145666 0.353430
vt -1.147301 0.324423
vt -0.575000 0.314159
vt -1.148731 0.294550
vt -0.575000 0.274889
vt -1.149672 0.264662
vt -0.575000 0.235619
vt -1.150000 0.235619
vt -1.149672 0.206576
vt -0.575000 0.196350
vt -1.148731 0.176689
vt -0.575000 0.157080
vt -1.147301 0.146816
vt -0.575000 0.117810
vt -1.145666 0.117809
vt -1.144029 0.088803
vt -0.575000 0.078540
vt -1.142593 0.058930
vt -0.575000 0.039270
vt -0.850000 0.431969
vt -0.850000 0.471239
vt -0.850000 -0.471239
vt -0.850000 -0.431969
vt -0.850000 -0.392699
vt -0.850000 -0.353429
vt -0.850000 -0.314159
vt -0.850000 -0.274889
vt -0.850000 -0.235619
vt -0.850000 -0.196350
vt -0.850000 -0.157080
vt -0.850000 -0.117810
vt -0.850000 -0.078540
vt -0.850000 -0.039270
vt -0.850000 -0.000000
vt -0.850000 0.039270
vt -0.850000 0.078540
vt -0.850000 0.117810
vt -0.850000 0.157080
vt -0.850000 0.196350
vt -0.850000 0.235619
vt -0.850000 0.274889
vt -0.850000 0.314159
vt -0.850000 0.353429
vt -0.850000 0.392699
vt 1.334179 -0.206077
vt 1.350000 0.000000
vt 1.334179 0.206077
vt 1.209824 -0.599022
vt 1.287085 -0.407323
vt 1.104205 -0.776680
vt 0.972704 -0.936134
vt 0.818404 -1.073645
vt 0.644922 -1.185992
vt 0.456323 -1.270539
vt 0.257028 -1.325306
vt 0.051709 -1.349009
vt -0.154823 -1.341093
vt -0.357725 -1.301742
vt -0.552243 -1.231880
vt -0.733816 -1.133143
vt -0.898190 -1.007847
vt -1.041510 -0.858927
vt -1.160419 -0.689875
vt -1.252128 -0.504653
vt -1.314489 -0.307602
vt -1.346039 -0.103341
vt -1.346039 0.103341
vt -1.314489 0.307602
vt -1.252128 0.504653
vt -1.160419 0.689875
vt -1.041510 0.858927
vt -0.898190 1.007847
vt -0.733816 1.133143
vt -0.552243 1.231880
vt -0.357725 1.301742
vt -0.154823 1.341093
vt 0.051709 1.349009
vt 0.257028 1.325306
vt 0.456323 1.270539
vt 0.644922 1.185992
vt 0.818404 1.073645
vt 0.972704 0.936134
vt 1.104205 0.776680
vt 1.209824 0.599022
vt 1.287085 0.407323
vt 0.015821 0.206077
vt 2.510419 -0.689875
vt 0.015821 -0.206077
vt 0.062915 -0.407323
vt 0.140176 -0.599022
vt 0.245795 -0.776680
vt 2.391510 -0.858927
vt 0.377296 -0.936134
vt 2.248190 -1.007847
vt 0.531596 -1.073645
vt 2.083816 -1.133143
vt 0.705078 -1.185992
vt 1.902243 -1.231880
vt 0.893677 -1.270539
vt 1.707725 -1.301742
vt 1.092972 -1.325306
vt 1.504823 -1.341093
vt 1.298291 -1.349009
vt 2.602128 -0.504653
vt 1.504823 1.341093
vt 1.298291 1.349009
vt 1.092972 1.325306
vt 2.664489 -0.307602
vt 2.602128 0.504653
vt 2.510419 0.689875
vt 2.391510 0.858927
vt 2.664489 0.307602
vt 2.696039 -0.103341
vt 2.696039 0.103341
vt 2.248190 1.007847
vt 2.083816 1.133143
vt 1.902243 1.231880
vt 1.707725 1.301742
vt 0.893677 1.270539
vt 0.705078 1.185992
vt 0.531596 1.073645
vt 0.377296 0.936134
vt 0.245795 0.776680
vt 0.140176 0.599022
vt 0.062915 0.407323
vt 0.100000 0.206885
vt -0.100000 0.000000
vt 0.100000 0.000000
vt -0.100000 -0.206885
vt 0.100000 -0.206885
vt -0.100000 -0.413771
vt 0.100000 -0.413771
vt -0.100000 -0.620656
vt 0.100000 -0.620656
vt -0.100000 -0.827541
vt 0.100000 -0.827541
vt -0.100000 -1.034427
vt 0.100000 -1.034427
vt -0.100000 -1.241312
vt 0.100000 -1.241312
vt -0.100000 -1.448198
vt 0.100000 -1.448198
vt -0.100000 -1.655083
vt 0.100000 -1.655083
vt -0.100000 -1.861968
vt 0.100000 -1.861968
vt -0.100000 -2.068854
vt 0.100000 -2.068854
vt -0.100000 -2.275739
vt 0.100000 -2.275739
vt -0.100000 -2.482624
vt 0.100000 -2.482624
vt -0.100000 -2.689510
vt 0.100000 -2.689510
vt -0.100000 -2.896395
vt 0.100000 -2.896395
vt -0.100000 -3.103281
vt 0.100000 -3.103281
vt -0.100000 -3.310166
vt 0.100000 -3.310166
vt -0.100000 -3.517051
vt 0.100000 -3.517051
vt -0.100000 -3.723937
vt 0.100000 -3.723937
vt -0.100000 -3.930822
vt 0.100000 -3.930822
vt -0.100000 -4.137707
vt 0.100000 -4.137707
vt 0.100000 4.344593
vt -0.100000 4.344593
vt -0.100000 4.137707
vt 0.100000 4.137707
vt -0.100000 3.930822
vt 0.100000 3.930822
vt -0.100000 3.723937
vt 0.100000 3.723937
vt -0.100000 3.517051
vt 0.100000 3.517051
vt -0.100000 3.310166
vt 0.100000 3.310166
vt -0.100000 3.103281
vt 0.100000 3.103281
vt -0.100000 2.896395
vt 0.100000 2.896395
vt -0.100000 2.689510
vt 0.100000 2.689510
vt -0.100000 2.482624
vt 0.100000 2.482624
vt -0.100000 2.275739
vt 0.100000 2.275739
vt -0.100000 2.068854
vt 0.100000 2.068854
vt -0.100000 1.861968
vt 0.100000 1.861968
vt -0.100000 1.655083
vt 0.100000 1.655083
vt -0.100000 1.448198
vt 0.100000 1.448198
vt -0.100000 1.241312
vt 0.100000 1.241312
vt -0.100000 1.034427
vt 0.100000 1.034427
vt -0.100000 0.827541
vt 0.100000 0.827541
vt -0.100000 0.620656
vt 0.100000 0.620656
vt -0.100000 0.413771
vt 0.100000 0.413771
vt -0.100000 0.206885
vt 0.035355 -0.203054
vt 0.035355 0.000000
vt -0.035355 0.000000
vt 0.035355 0.203054
vt -0.035355 0.208131
vt 0.035355 0.406108
vt -0.035355 0.416261
vt 0.035355 0.609162
vt -0.035355 0.624392
vt 0.035355 0.812217
vt -0.035355 0.832522
vt 0.035355 1.015271
vt -0.035355 1.040653
vt 0.035355 1.218325
vt -0.035355 1.248783
vt 0.035355 1.421379
vt -0.035355 1.456914
vt 0.035355 1.624433
vt -0.035355 1.665044
vt 0.035355 1.827487
vt -0.035355 1.873175
vt 0.035355 2.030542
vt -0.035355 2.081305
vt 0.035355 2.233596
vt -0.035355 2.289436
vt 0.035355 2.436650
vt -0.035355 2.497566
vt 0.035355 2.639704
vt -0.035355 2.705697
vt 0.035355 2.842758
vt -0.035355 2.913827
vt 0.035355 3.045812
vt -0.035355 3.121958
vt 0.035355 3.248867
vt -0.035355 3.330088
vt 0.035355 3.451921
vt -0.035355 3.538219
vt 0.035355 3.654975
vt -0.035355 3.746349
vt 0.035355 3.858029
vt -0.035355 3.954480
vt 0.035355 4.061083
vt -0.035355 4.162610
vt -0.035355 -4.162610
vt 0.035355 -4.264137
vt 0.035355 -4.061083
vt -0.035355 -3.954480
vt 0.035355 -3.858029
vt -0.035355 -3.746349
vt 0.035355 -3.654975
vt -0.035355 -3.538219
vt 0.035355 -3.451921
vt -0.035355 -3.330088
vt 0.035355 -3.248867
vt -0.035355 -3.121958
vt 0.035355 -3.045812
vt -0.035355 -2.913827
vt 0.035355 -2.842758
vt -0.035355 -2.705697
vt 0.035355 -2.639704
vt -0.035355 -2.497566
vt 0.035355 -2.436650
vt -0.035355 -2.289436
vt 0.035355 -2.233596
vt -0.035355 -2.081305
vt 0.035355 -2.030542
vt -0.035355 -1.873175
vt 0.035355 -1.827487
vt -0.035355 -1.665044
vt 0.035355 -1.624433
vt -0.035355 -1.456914
vt 0.035355 -1.421379
vt -0.035355 -1.248783
vt 0.035355 -1.218325
vt -0.035355 -1.040653
vt 0.035355 -1.015271
vt -0.035355 -0.832522
vt 0.035355 -0.812217
vt -0.035355 -0.624392
vt 0.035355 -0.609162
vt -0.035355 -0.416261
vt 0.035355 -0.406108
vt -0.035355 -0.208131
vt 0.278854 2.189508
vt 0.500000 2.246239
vt 0.250000 2.192370
vt -0.500000 2.246239
vt 0.221146 2.189508
vt 0.192574 2.180871
vt 0.166316 2.166665
vt 0.143934 2.148220
vt -0.500000 2.042035
vt 0.125562 2.125777
vt 0.111428 2.099480
vt 0.102843 2.070892
vt 0.100000 2.042035
vt 0.102843 2.013179
vt 0.111428 1.984591
vt 0.125562 1.958293
vt -0.500000 1.837832
vt 0.143934 1.935851
vt 0.166316 1.917406
vt 0.192574 1.903199
vt 0.221146 1.894562
vt 0.250000 1.891700
vt 0.500000 1.837832
vt 0.278854 1.894562
vt 0.307426 1.903199
vt 0.333684 1.917406
vt 0.356066 1.935851
vt 0.374438 1.958293
vt 0.500000 2.042035
vt 0.388572 1.984591
vt 0.397157 2.013179
vt 0.400000 2.042035
vt 0.397157 2.070892
vt 0.388572 2.099480
vt 0.374438 2.125777
vt 0.356066 2.148220
vt 0.333684 2.166665
vt 0.307426 2.180871
vt 0.221146 -0.147473
vt -0.500000 -0.204204
vt 0.250000 -0.150335
vt 0.500000 -0.204204
vt 0.278854 -0.147473
vt 0.307426 -0.138836
vt 0.333684 -0.124630
vt 0.356066 -0.106184
vt 0.374438 -0.083742
vt 0.500000 0.000000
vt 0.388572 -0.057445
vt 0.397157 -0.028857
vt 0.400000 -0.000000
vt 0.397157 0.028857
vt 0.388572 0.057445
vt 0.374438 0.083742
vt 0.356066 0.106184
vt 0.500000 0.204204
vt 0.333684 0.124630
vt 0.307426 0.138836
vt 0.278854 0.147473
vt 0.250000 0.150335
vt -0.500000 0.204204
vt 0.221146 0.147473
vt 0.192574 0.138836
vt 0.166316 0.124630
vt 0.143934 0.106184
vt -0.500000 0.000000
vt 0.125562 0.083742
vt 0.111428 0.057445
vt 0.102843 0.028857
vt 0.102843 -0.028857
vt 0.111428 -0.057445
vt 0.125562 -0.083742
vt 0.143934 -0.106184
vt 0.166316 -0.124630
vt 0.192574 -0.138836
vt -0.500000 0.408407
vt 0.500000 0.408407
vt -0.500000 0.612611
vt 0.500000 0.612611
vt -0.500000 0.816814
vt 0.500000 0.816814
vt -0.500000 1.021018
vt 0.500000 1.021018
vt -0.500000 1.225221
vt 0.500000 1.225221
vt -0.500000 1.429425
vt 0.500000 1.429425
vt -0.500000 1.633628
vt 0.500000 1.633628
vt -0.500000 2.450442
vt 0.500000 2.450442
vt -0.500000 2.654646
vt 0.500000 2.654646
vt -0.500000 2.858849
vt 0.500000 2.858849
vt -0.500000 3.063053
vt 0.500000 3.063053
vt -0.500000 3.267256
vt 0.500000 3.267256
vt -0.500000 3.471460
vt 0.500000 3.471460
vt -0.500000 3.675663
vt 0.500000 3.675663
vt -0.500000 3.879867
vt 0.500000 3.879867
vt -0.500000 4.084070
vt 0.500000 4.084070
vt -0.500000 -4.084070
vt 0.500000 -4.084070
vt -0.500000 -3.879867
vt 0.500000 -3.879867
vt -0.500000 -3.675663
vt 0.500000 -3.675663
vt -0.500000 -3.471460
vt 0.500000 -3.471460
vt -0.500000 -3.267256
vt 0.500000 -3.267256
vt -0.500000 -3.063053
vt 0.500000 -3.063053
vt -0.500000 -2.858849
vt 0.500000 -2.858849
vt -0.500000 -2.654646
vt 0.500000 -2.654646
vt -0.500000 -2.450442
vt 0.500000 -2.450442
vt -0.500000 -2.246239
vt 0.500000 -2.246239
vt -0.500000 -2.042035
vt 0.500000 -2.042035
vt -0.500000 -1.837832
vt 0.500000 -1.837832
vt -0.500000 -1.633628
vt 0.500000 -1.633628
vt -0.500000 -1.429425
vt 0.500000 -1.429425
vt -0.500000 -1.225221
vt 0.500000 -1.225221
vt -0.500000 -1.021018
vt 0.500000 -1.021018
vt -0.500000 -0.816814
vt 0.500000 -0.816814
vt -0.500000 -0.612611
vt 0.500000 -0.612611
vt -0.500000 -0.408407
vt 0.500000 -0.408407
vt 0.035355 0.208131
vt -0.035355 0.203054
vt -0.035355 -0.203054
vt -0.035355 0.406108
vt 0.035355 0.416261
vt -0.035355 0.609162
vt 0.035355 0.624392
vt -0.035355 0.812217
vt 0.035355 0.832522
vt -0.035355 1.015271
vt 0.035355 1.040653
vt -0.035355 1.218325
vt 0.035355 1.248783
vt -0.035355 1.421379
vt 0.035355 1.456914
vt -0.035355 1.624433
vt 0.035355 1.665044
vt -0.035355 1.827487
vt 0.035355 1.873175
vt -0.035355 2.030542
vt 0.035355 2.081305
vt -0.035355 2.233596
vt 0.035355 2.289436
vt -0.035355 2.436650
vt 0.035355 2.497566
vt -0.035355 2.639704
vt 0.035355 2.705697
vt -0.035355 2.842758
vt 0.035355 2.913827
vt -0.035355 3.045812
vt 0.035355 3.121958
vt -0.035355 3.248867
vt 0.035355 3.330088
vt -0.035355 3.451921
vt 0.035355 3.538219
vt -0.035355 3.654975
vt 0.035355 3.746349
vt -0.035355 3.858029
vt 0.035355 3.954480
vt -0.035355 4.061083
vt 0.035355 4.162610
vt -0.035355 4.264137
vt -0.035355 -4.061083
vt 0.035355 -4.162610
vt 0.035355 -3.954480
vt -0.035355 -3.858029
vt 0.035355 -3.746349
vt -0.035355 -3.654975
vt 0.035355 -3.538219
vt -0.035355 -3.451921
vt 0.035355 -3.330088
vt -0.035355 -3.248867
vt 0.035355 -3.121958
vt -0.035355 -3.045812
vt 0.035355 -2.913827
vt -0.035355 -2.842758
vt 0.035355 -2.705697
vt -0.035355 -2.639704
vt 0.035355 -2.497566
vt -0.035355 -2.436650
vt 0.035355 -2.289436
vt -0.035355 -2.233596
vt 0.035355 -2.081305
vt -0.035355 -2.030542
vt 0.035355 -1.873175
vt -0.035355 -1.827487
vt 0.035355 -1.665044
vt -0.035355 -1.624433
vt 0.035355 -1.456914
vt -0.035355 -1.421379
vt 0.035355 -1.248783
vt -0.035355 -1.218325
vt 0.035355 -1.040653
vt -0.035355 -1.015271
vt 0.035355 -0.832522
vt -0.035355 -0.812217
vt 0.035355 -0.624392
vt -0.035355 -0.609162
vt 0.035355 -0.416261
vt -0.035355 -0.406108
vt 0.035355 -0.208131
s 1
usemtl Paint_-_Enamel_Glossy_(Green)
f 2/1/1 54/2/1 1/3/2
f 1/3/2 54/2/1 49/4/2
f 1/5/2 49/6/2 24/7/3
f 24/7/3 49/6/2 164/8/3
f 24/7/3 164/8/3 23/9/4
f 23/9/4 164/8/3 159/10/4
f 23/9/4 159/10/4 22/11/5
f 22/11/5 159/10/4 154/12/5
f 22/11/5 154/12/5 21/13/6
f 21/13/6 154/12/5 149/14/6
f 21/13/6 149/14/6 20/15/7
f 20/15/7 149/14/6 144/16/7
f 20/15/7 144/16/7 19/17/8
f 19/17/8 144/16/7 139/18/8
f 19/17/8 139/18/8 18/19/9
f 18/19/9 139/18/8 134/20/9
f 18/19/9 134/20/9 17/21/10
f 17/21/10 134/20/9 129/22/10
f 17/21/10 129/22/10 16/23/11
f 16/23/11 129/22/10 124/24/11
f 16/23/11 124/24/11 15/25/12
f 15/25/12 124/24/11 119/26/12
f 15/25/12 119/26/12 14/27/13
f 14/27/13 119/26/12 114/28/13
f 14/27/13 114/28/13 13/29/14
f 13/29/14 114/28/13 109/30/14
f 13/29/14 109/30/14 12/31/15
f 12/31/15 109/30/14 104/32/15
f 12/31/15 104/32/15 11/33/16
f 11/33/16 104/32/15 99/34/16
f 11/33/16 99/34/16 10/35/17
f 10/35/17 99/34/16 94/36/17
f 10/35/17 94/36/17 9/37/18
f 9/37/18 94/36/17 89/38/18
f 9/37/18 89/38/18 8/39/19
f 8/39/19 89/38/18 84/40/19
f 8/39/19 84/40/19 7/41/20
f 7/41/20 84/40/19 79/42/20
f 7/41/20 79/42/20 6/43/21
f 6/43/21 79/42/20 74/44/21
f 6/43/21 74/44/21 5/45/22
f 5/45/22 74/44/21 69/46/22
f 5/45/22 69/46/22 4/47/23
f 4/47/23 69/46/22 64/48/23
f 4/47/23 64/48/23 3/49/24
f 3/49/24 64/48/23 59/50/24
f 3/49/24 59/50/24 2/1/1
f 2/1/1 59/50/24 54/2/1
f 26/51/3 168/52/3 25/53/2
f 25/53/2 168/52/3 53/54/2
f 25/55/2 53/56/2 48/57/1
f 48/57/1 53/56/2 58/58/1
f 48/57/1 58/58/1 47/59/24
f 47/59/24 58/58/1 63/60/24
f 47/59/24 63/60/24 46/61/23
f 46/61/23 63/60/24 68/62/23
f 46/61/23 68/62/23 45/63/22
f 45/63/22 68/62/23 73/64/22
f 45/63/22 73/64/22 44/65/21
f 44/65/21 73/64/22 78/66/21
f 44/65/21 78/66/21 43/67/20
f 43/67/20 78/66/21 83/68/20
f 43/67/20 83/68/20 42/69/19
f 42/69/19 83/68/20 88/70/19
f 42/69/19 88/70/19 41/71/18
f 41/71/18 88/70/19 93/72/18
f 41/71/18 93/72/18 40/73/17
f 40/73/17 93/72/18 98/74/17
f 40/73/17 98/74/17 39/75/16
f 39/75/16 98/74/17 103/76/16
f 39/75/16 103/76/16 38/77/15
f 38/77/15 103/76/16 108/78/15
f 38/77/15 108/78/15 37/79/14
f 37/79/14 108/78/15 113/80/14
f 37/79/14 113/80/14 36/81/13
f 36/81/13 113/80/14 118/82/13
f 36/81/13 118/82/13 35/83/12
f 35/83/12 118/82/13 123/84/12
f 35/83/12 123/84/12 34/85/11
f 34/85/11 123/84/12 128/86/11
f 34/85/11 128/86/11 33/87/10
f 33/87/10 128/86/11 133/88/10
f 33/87/10 133/88/10 32/89/9
f 32/89/9 133/88/10 138/90/9
f 32/89/9 138/90/9 31/91/8
f 31/91/8 138/90/9 143/92/8
f 31/91/8 143/92/8 30/93/7
f 30/93/7 143/92/8 148/94/7
f 30/93/7 148/94/7 29/95/6
f 29/95/6 148/94/7 153/96/6
f 29/95/6 153/96/6 28/97/5
f 28/97/5 153/96/6 158/98/5
f 28/97/5 158/98/5 27/99/4
f 27/99/4 158/98/5 163/100/4
f 27/99/4 163/100/4 26/51/3
f 26/51/3 163/100/4 168/52/3
f 49/6/2 50/101/2 164/8/3
f 164/8/3 50/101/2 165/102/3
f 164/8/3 165/102/3 159/10/4
f 159/10/4 165/102/3 160/103/4
f 159/10/4 160/103/4 154/12/5
f 154/12/5 160/103/4 155/104/5
f 154/12/5 155/104/5 149/14/6
f 149/14/6 155/104/5 150/105/6
f 149/14/6 150/105/6 144/16/7
f 144/16/7 150/105/6 145/106/7
f 144/16/7 145/106/7 139/18/8
f 139/18/8 145/106/7 140/107/8
f 139/18/8 140/107/8 134/20/9
f 134/20/9 140/107/8 135/108/9
f 134/20/9 135/108/9 129/22/10
f 129/22/10 135/108/9 130/109/10
f 129/22/10 130/109/10 124/24/11
f 124/24/11 130/109/10 125/110/11
f 124/24/11 125/110/11 119/26/12
f 119/26/12 125/110/11 120/111/12
f 119/26/12 120/111/12 114/28/13
f 114/28/13 120/111/12 115/112/13
f 114/28/13 115/112/13 109/30/14
f 109/30/14 115/112/13 110/113/14
f 109/30/14 110/113/14 104/32/15
f 104/32/15 110/113/14 105/114/15
f 104/32/15 105/114/15 99/34/16
f 99/34/16 105/114/15 100/115/16
f 99/34/16 100/115/16 94/36/17
f 94/36/17 100/115/16 95/116/17
f 94/36/17 95/116/17 89/38/18
f 89/38/18 95/116/17 90/117/18
f 89/38/18 90/117/18 84/40/19
f 84/40/19 90/117/18 85/118/19
f 84/40/19 85/118/19 79/42/20
f 79/42/20 85/118/19 80/119/20
f 79/42/20 80/119/20 74/44/21
f 74/44/21 80/119/20 75/120/21
f 74/44/21 75/120/21 69/46/22
f 69/46/22 75/120/21 70/121/22
f 69/46/22 70/121/22 64/48/23
f 64/48/23 70/121/22 65/122/23
f 64/48/23 65/122/23 59/50/24
f 59/50/24 65/122/23 60/123/24
f 59/50/24 60/123/24 54/2/1
f 54/2/1 60/123/24 55/124/1
f 54/2/1 55/124/1 49/4/2
f 49/4/2 55/124/1 50/125/2
f 50/101/2 51/126/2 165/102/3
f 165/102/3 51/126/2 166/127/3
f 165/102/3 166/127/3 160/103/4
f 160/103/4 166/127/3 161/128/4
f 160/103/4 161/128/4 155/104/5
f 155/104/5 161/128/4 156/129/5
f 155/104/5 156/129/5 150/105/6
f 150/105/6 156/129/5 151/130/6
f 150/105/6 151/130/6 145/106/7
f 145/106/7 151/130/6 146/131/7
f 145/106/7 146/131/7 140/107/8
f 140/107/8 146/131/7 141/132/8
f 140/107/8 141/132/8 135/108/9
f 135/108/9 141/132/8 136/133/9
f 135/108/9 136/133/9 130/109/10
f 130/109/10 136/133/9 131/134/10
f 130/109/10 131/134/10 125/110/11
f 125/110/11 131/134/10 126/135/11
f 125/110/11 126/135/11 120/111/12
f 120/111/12 126/135/11 121/136/12
f 120/111/12 121/136/12 115/112/13
f 115/112/13 121/136/12 116/137/13
f 115/112/13 116/137/13 110/113/14
f 110/113/14 116/137/13 111/138/14
f 110/113/14 111/138/14 105/114/15
f 105/114/15 111/138/14 106/139/15
f 105/114/15 106/139/15 100/115/16
f 100/115/16 106/139/15 101/140/16
f 100/115/16 101/140/16 95/116/17
f 95/116/17 101/140/16 96/141/17
f 95/116/17 96/141/17 90/117/18
f 90/117/18 96/141/17 91/142/18
f 90/117/18 91/142/18 85/118/19
f 85/118/19 91/142/18 86/143/19
f 85/118/19 86/143/19 80/119/20
f 80/119/20 86/143/19 81/144/20
f 80/119/20 81/144/20 75/120/21
f 75/120/21 81/144/20 76/145/21
f 75/120/21 76/145/21 70/121/22
f 70/121/22 76/145/21 71/146/22
f 70/121/22 71/146/22 65/122/23
f 65/122/23 71/146/22 66/147/23
f 65/122/23 66/147/23 60/123/24
f 60/123/24 66/147/23 61/148/24
f 60/123/24 61/148/24 55/124/1
f 55/124/1 61/148/24 56/149/1
f 55/124/1 56/149/1 50/125/2
f 50/125/2 56/149/1 51/150/2
f 51/126/2 52/151/2 166/127/3
f 166/127/3 52/151/2 167/152/3
f 166/127/3 167/152/3 161/128/4
f 161/128/4 167/152/3 162/153/4
f 161/128/4 162/153/4 156/129/5
f 156/129/5 162/153/4 157/154/5
f 156/129/5 157/154/5 151/130/6
f 151/130/6 157/154/5 152/155/6
f 151/130/6 152/155/6 146/131/7
f 146/131/7 152/155/6 147/156/7
f 146/131/7 147/156/7 141/132/8
f 141/132/8 147/156/7 142/157/8
f 141/132/8 142/157/8 136/133/9
f 136/133/9 142/157/8 137/158/9
f 136/133/9 137/158/9 131/134/10
f 131/134/10 137/158/9 132/159/10
f 131/134/10 132/159/10 126/135/11
f 126/135/11 132/159/10 127/160/11
f 126/135/11 127/160/11 121/136/12
f 121/136/12 127/160/11 122/161/12
f 121/136/12 122/161/12 116/137/13
f 116/137/13 122/161/12 117/162/13
f 116/137/13 117/162/13 111/138/14
f 111/138/14 117/162/13 112/163/14
f 111/138/14 112/163/14 106/139/15
f 106/139/15 112/163/14 107/164/15
f 106/139/15 107/164/15 101/140/16
f 101/140/16 107/164/15 102/165/16
f 101/140/16 102/165/16 96/141/17
f 96/141/17 102/165/16 97/166/17
f 96/141/17 97/166/17 91/142/18
f 91/142/18 97/166/17 92/167/18
f 91/142/18 92/167/18 86/143/19
f 86/143/19 92/167/18 87/168/19
f 86/143/19 87/168/19 81/144/20
f 81/144/20 87/168/19 82/169/20
f 81/144/20 82/169/20 76/145/21
f 76/145/21 82/169/20 77/170/21
f 76/145/21 77/170/21 71/146/22
f 71/146/22 77/170/21 72/171/22
f 71/146/22 72/171/22 66/147/23
f 66/147/23 72/171/22 67/172/23
f 66/147/23 67/172/23 61/148/24
f 61/148/24 67/172/23 62/173/24
f 61/148/24 62/173/24 56/149/1
f 56/149/1 62/173/24 57/174/1
f 56/149/1 57/174/1 51/150/2
f 51/150/2 57/174/1 52/175/2
f 52/151/2 53/54/2 167/152/3
f 167/152/3 53/54/2 168/52/3
f 167/152/3 168/52/3 162/153/4
f 162/153/4 168/52/3 163/100/4
f 162/153/4 163/100/4 157/154/5
f 157/154/5 163/100/4 158/98/5
f 157/154/5 158/98/5 152/155/6
f 152/155/6 158/98/5 153/96/6
f 152/155/6 153/96/6 147/156/7
f 147/156/7 153/96/6 148/94/7
f 147/156/7 148/94/7 142/157/8
f 142/157/8 148/94/7 143/92/8
f 142/157/8 143/92/8 137/158/9
f 137/158/9 143/92/8 138/90/9
f 137/158/9 138/90/9 132/159/10
f 132/159/10 138/90/9 133/88/10
f 132/159/10 133/88/10 127/160/11
f 127/160/11 133/88/10 128/86/11
f 127/160/11 128/86/11 122/161/12
f 122/161/12 128/86/11 123/84/12
f 122/161/12 123/84/12 117/162/13
f 117/162/13 123/84/12 118/82/13
f 117/162/13 118/82/13 112/163/14
f 112/163/14 118/82/13 113/80/14
f 112/163/14 113/80/14 107/164/15
f 107/164/15 113/80/14 108/78/15
f 107/164/15 108/78/15 102/165/16
f 102/165/16 108/78/15 103/76/16
f 102/165/16 103/76/16 97/166/17
f 97/166/17 103/76/16 98/74/17
f 97/166/17 98/74/17 92/167/18
f 92/167/18 98/74/17 93/72/18
f 92/167/18 93/72/18 87/168/19
f 87/168/19 93/72/18 88/70/19
f 87/168/19 88/70/19 82/169/20
f 82/169/20 88/70/19 83/68/20
f 82/169/20 83/68/20 77/170/21
f 77/170/21 83/68/20 78/66/21
f 77/170/21 78/66/21 72/171/22
f 72/171/22 78/66/21 73/64/22
f 72/171/22 73/64/22 67/172/23
f 67/172/23 73/64/22 68/62/23
f 67/172/23 68/62/23 62/173/24
f 62/173/24 68/62/23 63/60/24
f 62/173/24 63/60/24 57/174/1
f 57/174/1 63/60/24 58/58/1
f 57/174/1 58/58/1 52/175/2
f 52/175/2 58/58/1 53/56/2
f 1/176/25 24/177/25 2/178/25
f 2/178/25 24/177/25 3/179/25
f 3/179/25 24/177/25 23/180/25
f 3/179/25 23/180/25 4/181/25
f 4/181/25 23/180/25 22/182/25
f 4/181/25 22/182/25 5/183/25
f 5/183/25 22/182/25 21/184/25
f 5/183/25 21/184/25 6/185/25
f 6/185/25 21/184/25 20/186/25
f 6/185/25 20/186/25 7/187/25
f 7/187/25 20/186/25 19/188/25
f 7/187/25 19/188/25 8/189/25
f 8/189/25 19/188/25 18/190/25
f 8/189/25 18/190/25 9/191/25
f 9/191/25 18/190/25 17/192/25
f 9/191/25 17/192/25 10/193/25
f 10/193/25 17/192/25 16/194/25
f 10/193/25 16/194/25 11/195/25
f 11/195/25 16/194/25 15/196/25
f 11/195/25 15/196/25 12/197/25
f 12/197/25 15/196/25 14/198/25
f 12/197/25 14/198/25 13/199/25
f 25/176/26 48/177/26 26/178/26
f 26/178/26 48/177/26 27/179/26
f 27/179/26 48/177/26 47/180/26
f 27/179/26 47/180/26 28/181/26
f 28/181/26 47/180/26 46/182/26
f 28/181/26 46/182/26 29/183/26
f 29/183/26 46/182/26 45/184/26
f 29/183/26 45/184/26 30/185/26
f 30/185/26 45/184/26 44/186/26
f 30/185/26 44/186/26 31/187/26
f 31/187/26 44/186/26 43/188/26
f 31/187/26 43/188/26 32/189/26
f 32/189/26 43/188/26 42/190/26
f 32/189/26 42/190/26 33/191/26
f 33/191/26 42/190/26 41/192/26
f 33/191/26 41/192/26 34/193/26
f 34/193/26 41/192/26 40/194/26
f 34/193/26 40/194/26 35/195/26
f 35/195/26 40/194/26 39/196/26
f 35/195/26 39/196/26 36/197/26
f 36/197/26 39/196/26 38/198/26
f 36/197/26 38/198/26 37/199/26
usemtl Paint_-_Enamel_Glossy_(Red)
f 170/200/27 222/201/27 169/202/25
f 169/202/25 222/201/27 217/203/25
f 169/204/25 217/205/25 192/206/28
f 192/206/28 217/205/25 332/207/28
f 192/206/28 332/207/28 191/208/29
f 191/208/29 332/207/28 327/209/29
f 191/208/29 327/209/29 190/210/30
f 190/210/30 327/209/29 322/211/30
f 190/210/30 322/211/30 189/212/31
f 189/212/31 322/211/30 317/213/31
f 189/212/31 317/213/31 188/214/32
f 188/214/32 317/213/31 312/215/32
f 188/214/32 312/215/32 187/216/20
f 187/216/20 312/215/32 307/217/20
f 187/216/20 307/217/20 186/218/33
f 186/218/33 307/217/20 302/219/33
f 186/218/33 302/219/33 185/220/34
f 185/220/34 302/219/33 297/221/34
f 185/220/34 297/221/34 184/222/35
f 184/222/35 297/221/34 292/223/35
f 184/222/35 292/223/35 183/224/36
f 183/224/36 292/223/35 287/225/36
f 183/224/36 287/225/36 182/226/37
f 182/226/37 287/225/36 282/227/37
f 182/226/37 282/227/37 181/228/26
f 181/228/26 282/227/37 277/229/26
f 181/228/26 277/229/26 180/230/38
f 180/230/38 277/229/26 272/231/38
f 180/230/38 272/231/38 179/232/39
f 179/232/39 272/231/38 267/233/39
f 179/232/39 267/233/39 178/234/40
f 178/234/40 267/233/39 262/235/40
f 178/234/40 262/235/40 177/236/41
f 177/236/41 262/235/40 257/237/41
f 177/236/41 257/237/41 176/238/42
f 176/238/42 257/237/41 252/239/42
f 176/238/42 252/239/42 175/240/8
f 175/240/8 252/239/42 247/241/8
f 175/240/8 247/241/8 174/242/43
f 174/242/43 247/241/8 242/243/43
f 174/242/43 242/243/43 173/244/44
f 173/244/44 242/243/43 237/245/44
f 173/244/44 237/245/44 172/246/45
f 172/246/45 237/245/44 232/247/45
f 172/246/45 232/247/45 171/248/46
f 171/248/46 232/247/45 227/249/46
f 171/248/46 227/249/46 170/200/27
f 170/200/27 227/249/46 222/201/27
f 194/57/28 336/250/28 193/55/25
f 193/55/25 336/250/28 221/251/25
f 193/53/25 221/252/25 216/51/27
f 216/51/27 221/252/25 226/253/27
f 216/51/27 226/253/27 215/99/46
f 215/99/46 226/253/27 231/254/46
f 215/99/46 231/254/46 214/97/45
f 214/97/45 231/254/46 236/255/45
f 214/97/45 236/255/45 213/95/44
f 213/95/44 236/255/45 241/256/44
f 213/95/44 241/256/44 212/93/43
f 212/93/43 241/256/44 246/257/43
f 212/93/43 246/257/43 211/91/8
f 211/91/8 246/257/43 251/258/8
f 211/91/8 251/258/8 210/89/42
f 210/89/42 251/258/8 256/259/42
f 210/89/42 256/259/42 209/87/41
f 209/87/41 256/259/42 261/260/41
f 209/87/41 261/260/41 208/85/40
f 208/85/40 261/260/41 266/261/40
f 208/85/40 266/261/40 207/83/39
f 207/83/39 266/261/40 271/262/39
f 207/83/39 271/262/39 206/81/38
f 206/81/38 271/262/39 276/263/38
f 206/81/38 276/263/38 205/79/26
f 205/79/26 276/263/38 281/264/26
f 205/79/26 281/264/26 204/77/37
f 204/77/37 281/264/26 286/265/37
f 204/77/37 286/265/37 203/75/36
f 203/75/36 286/265/37 291/266/36
f 203/75/36 291/266/36 202/73/35
f 202/73/35 291/266/36 296/267/35
f 202/73/35 296/267/35 201/71/34
f 201/71/34 296/267/35 301/268/34
f 201/71/34 301/268/34 200/69/33
f 200/69/33 301/268/34 306/269/33
f 200/69/33 306/269/33 199/67/20
f 199/67/20 306/269/33 311/270/20
f 199/67/20 311/270/20 198/65/32
f 198/65/32 311/270/20 316/271/32
f 198/65/32 316/271/32 197/63/31
f 197/63/31 316/271/32 321/272/31
f 197/63/31 321/272/31 196/61/30
f 196/61/30 321/272/31 326/273/30
f 196/61/30 326/273/30 195/59/29
f 195/59/29 326/273/30 331/274/29
f 195/59/29 331/274/29 194/57/28
f 194/57/28 331/274/29 336/250/28
f 217/205/25 218/275/25 332/207/28
f 332/207/28 218/275/25 333/276/28
f 332/207/28 333/276/28 327/209/29
f 327/209/29 333/276/28 328/277/29
f 327/209/29 328/277/29 322/211/30
f 322/211/30 328/277/29 323/278/30
f 322/211/30 323/278/30 317/213/31
f 317/213/31 323/278/30 318/279/31
f 317/213/31 318/279/31 312/215/32
f 312/215/32 318/279/31 313/280/32
f 312/215/32 313/280/32 307/217/20
f 307/217/20 313/280/32 308/281/20
f 307/217/20 308/281/20 302/219/33
f 302/219/33 308/281/20 303/282/33
f 302/219/33 303/282/33 297/221/34
f 297/221/34 303/282/33 298/283/34
f 297/221/34 298/283/34 292/223/35
f 292/223/35 298/283/34 293/284/35
f 292/223/35 293/284/35 287/225/36
f 287/225/36 293/284/35 288/285/36
f 287/225/36 288/285/36 282/227/37
f 282/227/37 288/285/36 283/286/37
f 282/227/37 283/286/37 277/229/26
f 277/229/26 283/286/37 278/287/26
f 277/229/26 278/287/26 272/231/38
f 272/231/38 278/287/26 273/288/38
f 272/231/38 273/288/38 267/233/39
f 267/233/39 273/288/38 268/289/39
f 267/233/39 268/289/39 262/235/40
f 262/235/40 268/289/39 263/290/40
f 262/235/40 263/290/40 257/237/41
f 257/237/41 263/290/40 258/291/41
f 257/237/41 258/291/41 252/239/42
f 252/239/42 258/291/41 253/292/42
f 252/239/42 253/292/42 247/241/8
f 247/241/8 253/292/42 248/293/8
f 247/241/8 248/293/8 242/243/43
f 242/243/43 248/293/8 243/294/43
f 242/243/43 243/294/43 237/245/44
f 237/245/44 243/294/43 238/295/44
f 237/245/44 238/295/44 232/247/45
f 232/247/45 238/295/44 233/296/45
f 232/247/45 233/296/45 227/249/46
f 227/249/46 233/296/45 228/297/46
f 227/249/46 228/297/46 222/201/27
f 222/201/27 228/297/46 223/298/27
f 222/201/27 223/298/27 217/203/25
f 217/203/25 223/298/27 218/299/25
f 218/275/25 219/300/25 333/276/28
f 333/276/28 219/300/25 334/301/28
f 333/276/28 334/301/28 328/277/29
f 328/277/29 334/301/28 329/302/29
f 328/277/29 329/302/29 323/278/30
f 323/278/30 329/302/29 324/303/30
f 323/278/30 324/303/30 318/279/31
f 318/279/31 324/303/30 319/304/31
f 318/279/31 319/304/31 313/280/32
f 313/280/32 319/304/31 314/305/32
f 313/280/32 314/305/32 308/281/20
f 308/281/20 314/305/32 309/306/20
f 308/281/20 309/306/20 303/282/33
f 303/282/33 309/306/20 304/307/33
f 303/282/33 304/307/33 298/283/34
f 298/283/34 304/307/33 299/308/34
f 298/283/34 299/308/34 293/284/35
f 293/284/35 299/308/34 294/309/35
f 293/284/35 294/309/35 288/285/36
f 288/285/36 294/309/35 289/310/36
f 288/285/36 289/310/36 283/286/37
f 283/286/37 289/310/36 284/311/37
f 283/286/37 284/311/37 278/287/26
f 278/287/26 284/311/37 279/312/26
f 278/287/26 279/312/26 273/288/38
f 273/288/38 279/312/26 274/313/38
f 273/288/38 274/313/38 268/289/39
f 268/289/39 274/313/38 269/314/39
f 268/289/39 269/314/39 263/290/40
f 263/290/40 269/314/39 264/315/40
f 263/290/40 264/315/40 258/291/41
f 258/291/41 264/315/40 259/316/41
f 258/291/41 259/316/41 253/292/42
f 253/292/42 259/316/41 254/317/42
f 253/292/42 254/317/42 248/293/8
f 248/293/8 254/317/42 249/318/8
f 248/293/8 249/318/8 243/294/43
f 243/294/43 249/318/8 244/319/43
f 243/294/43 244/319/43 238/295/44
f 238/295/44 244/319/43 239/320/44
f 238/295/44 239/320/44 233/296/45
f 233/296/45 239/320/44 234/321/45
f 233/296/45 234/321/45 228/297/46
f 228/297/46 234/321/45 229/322/46
f 228/297/46 229/322/46 223/298/27
f 223/298/27 229/322/46 224/323/27
f 223/298/27 224/323/27 218/299/25
f 218/299/25 224/323/27 219/324/25
f 219/300/25 220/325/25 334/301/28
f 334/301/28 220/325/25 335/326/28
f 334/301/28 335/326/28 329/302/29
f 329/302/29 335/326/28 330/327/29
f 329/302/29 330/327/29 324/303/30
f 324/303/30 330/327/29 325/328/30
f 324/303/30 325/328/30 319/304/31
f 319/304/31 325/328/30 320/329/31
f 319/304/31 320/329/31 314/305/32
f 314/305/32 320/329/31 315/330/32
f 314/305/32 315/330/32 309/306/20
f 309/306/20 315/330/32 310/331/20
f 309/306/20 310/331/20 304/307/33
f 304/307/33 310/331/20 305/332/33
f 304/307/33 305/332/33 299/308/34
f 299/308/34 305/332/33 300/333/34
f 299/308/34 300/333/34 294/309/35
f 294/309/35 300/333/34 295/334/35
f 294/309/35 295/334/35 289/310/36
f 289/310/36 295/334/35 290/335/36
f 289/310/36 290/335/36 284/311/37
f 284/311/37 290/335/36 285/336/37
f 284/311/37 285/336/37 279/312/26
f 279/312/26 285/336/37 280/337/26
f 279/312/26 280/337/26 274/313/38
f 274/313/38 280/337/26 275/338/38
f 274/313/38 275/338/38 269/314/39
f 269/314/39 275/338/38 270/339/39
f 269/314/39 270/339/39 264/315/40
f 264/315/40 270/339/39 265/340/40
f 264/315/40 265/340/40 259/316/41
f 259/316/41 265/340/40 260/341/41
f 259/316/41 260/341/41 254/317/42
f 254/317/42 260/341/41 255/342/42
f 254/317/42 255/342/42 249/318/8
f 249/318/8 255/342/42 250/343/8
f 249/318/8 250/343/8 244/319/43
f 244/319/43 250/343/8 245/344/43
f 244/319/43 245/344/43 239/320/44
f 239/320/44 245/344/43 240/345/44
f 239/320/44 240/345/44 234/321/45
f 234/321/45 240/345/44 235/346/45
f 234/321/45 235/346/45 229/322/46
f 229/322/46 235/346/45 230/347/46
f 229/322/46 230/347/46 224/323/27
f 224/323/27 230/347/46 225/348/27
f 224/323/27 225/348/27 219/324/25
f 219/324/25 225/348/27 220/349/25
f 220/325/25 221/251/25 335/326/28
f 335/326/28 221/251/25 336/250/28
f 335/326/28 336/250/28 330/327/29
f 330/327/29 336/250/28 331/274/29
f 330/327/29 331/274/29 325/328/30
f 325/328/30 331/274/29 326/273/30
f 325/328/30 326/273/30 320/329/31
f 320/329/31 326/273/30 321/272/31
f 320/329/31 321/272/31 315/330/32
f 315/330/32 321/272/31 316/271/32
f 315/330/32 316/271/32 310/331/20
f 310/331/20 316/271/32 311/270/20
f 310/331/20 311/270/20 305/332/33
f 305/332/33 311/270/20 306/269/33
f 305/332/33 306/269/33 300/333/34
f 300/333/34 306/269/33 301/268/34
f 300/333/34 301/268/34 295/334/35
f 295/334/35 301/268/34 296/267/35
f 295/334/35 296/267/35 290/335/36
f 290/335/36 296/267/35 291/266/36
f 290/335/36 291/266/36 285/336/37
f 285/336/37 291/266/36 286/265/37
f 285/336/37 286/265/37 280/337/26
f 280/337/26 286/265/37 281/264/26
f 280/337/26 281/264/26 275/338/38
f 275/338/38 281/264/26 276/263/38
f 275/338/38 276/263/38 270/339/39
f 270/339/39 276/263/38 271/262/39
f 270/339/39 271/262/39 265/340/40
f 265/340/40 271/262/39 266/261/40
f 265/340/40 266/261/40 260/341/41
f 260/341/41 266/261/40 261/260/41
f 260/341/41 261/260/41 255/342/42
f 255/342/42 261/260/41 256/259/42
f 255/342/42 256/259/42 250/343/8
f 250/343/8 256/259/42 251/258/8
f 250/343/8 251/258/8 245/344/43
f 245/344/43 251/258/8 246/257/43
f 245/344/43 246/257/43 240/345/44
f 240/345/44 246/257/43 241/256/44
f 240/345/44 241/256/44 235/346/45
f 235/346/45 241/256/44 236/255/45
f 235/346/45 236/255/45 230/347/46
f 230/347/46 236/255/45 231/254/46
f 230/347/46 231/254/46 225/348/27
f 225/348/27 231/254/46 226/253/27
f 225/348/27 226/253/27 220/349/25
f 220/349/25 226/253/27 221/252/25
f 169/176/2 192/177/2 170/178/2
f 170/178/2 192/177/2 171/179/2
f 171/179/2 192/177/2 191/180/2
f 171/179/2 191/180/2 172/181/2
f 172/181/2 191/180/2 190/182/2
f 172/181/2 190/182/2 173/183/2
f 173/183/2 190/182/2 189/184/2
f 173/183/2 189/184/2 174/185/2
f 174/185/2 189/184/2 188/186/2
f 174/185/2 188/186/2 175/187/2
f 175/187/2 188/186/2 187/188/2
f 175/187/2 187/188/2 176/189/2
f 176/189/2 187/188/2 186/190/2
f 176/189/2 186/190/2 177/191/2
f 177/191/2 186/190/2 185/192/2
f 177/191/2 185/192/2 178/193/2
f 178/193/2 185/192/2 184/194/2
f 178/193/2 184/194/2 179/195/2
f 179/195/2 184/194/2 183/196/2
f 179/195/2 183/196/2 180/197/2
f 180/197/2 183/196/2 182/198/2
f 180/197/2 182/198/2 181/199/2
f 193/176/14 216/177/14 194/178/14
f 194/178/14 216/177/14 195/179/14
f 195/179/14 216/177/14 215/180/14
f 195/179/14 215/180/14 196/181/14
f 196/181/14 215/180/14 214/182/14
f 196/181/14 214/182/14 197/183/14
f 197/183/14 214/182/14 213/184/14
f 197/183/14 213/184/14 198/185/14
f 198/185/14 213/184/14 212/186/14
f 198/185/14 212/186/14 199/187/14
f 199/187/14 212/186/14 211/188/14
f 199/187/14 211/188/14 200/189/14
f 200/189/14 211/188/14 210/190/14
f 200/189/14 210/190/14 201/191/14
f 201/191/14 210/190/14 209/192/14
f 201/191/14 209/192/14 202/193/14
f 202/193/14 209/192/14 208/194/14
f 202/193/14 208/194/14 203/195/14
f 203/195/14 208/194/14 207/196/14
f 203/195/14 207/196/14 204/197/14
f 204/197/14 207/196/14 206/198/14
f 204/197/14 206/198/14 205/199/14
usemtl Paint_-_Enamel_Glossy_(Blue)
f 338/200/47 390/201/47 337/202/2
f 337/202/2 390/201/47 385/203/2
f 337/204/2 385/205/2 360/206/48
f 360/206/48 385/205/2 500/207/48
f 360/206/48 500/207/48 359/208/49
f 359/208/49 500/207/48 495/209/49
f 359/208/49 495/209/49 358/210/50
f 358/210/50 495/209/49 490/211/50
f 358/210/50 490/211/50 357/212/51
f 357/212/51 490/211/50 485/213/51
f 357/212/51 485/213/51 356/214/52
f 356/214/52 485/213/51 480/215/52
f 356/214/52 480/215/52 355/216/25
f 355/216/25 480/215/52 475/217/25
f 355/216/25 475/217/25 354/218/53
f 354/218/53 475/217/25 470/219/53
f 354/218/53 470/219/53 353/220/54
f 353/220/54 470/219/53 465/221/54
f 353/220/54 465/221/54 352/222/55
f 352/222/55 465/221/54 460/223/55
f 352/222/55 460/223/55 351/224/56
f 351/224/56 460/223/55 455/225/56
f 351/224/56 455/225/56 350/226/57
f 350/226/57 455/225/56 450/227/57
f 350/226/57 450/227/57 349/228/14
f 349/228/14 450/227/57 445/229/14
f 349/228/14 445/229/14 348/230/58
f 348/230/58 445/229/14 440/231/58
f 348/230/58 440/231/58 347/232/59
f 347/232/59 440/231/58 435/233/59
f 347/232/59 435/233/59 346/234/60
f 346/234/60 435/233/59 430/235/60
f 346/234/60 430/235/60 345/236/61
f 345/236/61 430/235/60 425/237/61
f 345/236/61 425/237/61 344/238/62
f 344/238/62 425/237/61 420/239/62
f 344/238/62 420/239/62 343/240/26
f 343/240/26 420/239/62 415/241/26
f 343/240/26 415/241/26 342/242/63
f 342/242/63 415/241/26 410/243/63
f 342/242/63 410/243/63 341/244/64
f 341/244/64 410/243/63 405/245/64
f 341/244/64 405/245/64 340/246/65
f 340/246/65 405/245/64 400/247/65
f 340/246/65 400/247/65 339/248/66
f 339/248/66 400/247/65 395/249/66
f 339/248/66 395/249/66 338/200/47
f 338/200/47 395/249/66 390/201/47
f 362/57/48 504/250/48 361/55/2
f 361/55/2 504/250/48 389/251/2
f 361/53/2 389/252/2 384/51/47
f 384/51/47 389/252/2 394/253/47
f 384/51/47 394/253/47 383/99/66
f 383/99/66 394/253/47 399/254/66
f 383/99/66 399/254/66 382/97/65
f 382/97/65 399/254/66 404/255/65
f 382/97/65 404/255/65 381/95/64
f 381/95/64 404/255/65 409/256/64
f 381/95/64 409/256/64 380/93/63
f 380/93/63 409/256/64 414/257/63
f 380/93/63 414/257/63 379/91/26
f 379/91/26 414/257/63 419/258/26
f 379/91/26 419/258/26 378/89/62
f 378/89/62 419/258/26 424/259/62
f 378/89/62 424/259/62 377/87/61
f 377/87/61 424/259/62 429/260/61
f 377/87/61 429/260/61 376/85/60
f 376/85/60 429/260/61 434/261/60
f 376/85/60 434/261/60 375/83/59
f 375/83/59 434/261/60 439/262/59
f 375/83/59 439/262/59 374/81/58
f 374/81/58 439/262/59 444/263/58
f 374/81/58 444/263/58 373/79/14
f 373/79/14 444/263/58 449/264/14
f 373/79/14 449/264/14 372/77/57
f 372/77/57 449/264/14 454/265/57
f 372/77/57 454/265/57 371/75/56
f 371/75/56 454/265/57 459/266/56
f 371/75/56 459/266/56 370/73/55
f 370/73/55 459/266/56 464/267/55
f 370/73/55 464/267/55 369/71/54
f 369/71/54 464/267/55 469/268/54
f 369/71/54 469/268/54 368/69/53
f 368/69/53 469/268/54 474/269/53
f 368/69/53 474/269/53 367/67/25
f 367/67/25 474/269/53 479/270/25
f 367/67/25 479/270/25 366/65/52
f 366/65/52 479/270/25 484/271/52
f 366/65/52 484/271/52 365/63/51
f 365/63/51 484/271/52 489/272/51
f 365/63/51 489/272/51 364/61/50
f 364/61/50 489/272/51 494/273/50
f 364/61/50 494/273/50 363/59/49
f 363/59/49 494/273/50 499/274/49
f 363/59/49 499/274/49 362/57/48
f 362/57/48 499/274/49 504/250/48
f 385/205/2 386/275/2 500/207/48
f 500/207/48 386/275/2 501/276/48
f 500/207/48 501/276/48 495/209/49
f 495/209/49 501/276/48 496/277/49
f 495/209/49 496/277/49 490/211/50
f 490/211/50 496/277/49 491/278/50
f 490/211/50 491/278/50 485/213/51
f 485/213/51 491/278/50 486/279/51
f 485/213/51 486/279/51 480/215/52
f 480/215/52 486/279/51 481/280/52
f 480/215/52 481/280/52 475/217/25
f 475/217/25 481/280/52 476/281/25
f 475/217/25 476/281/25 470/219/53
f 470/219/53 476/281/25 471/282/53
f 470/219/53 471/282/53 465/221/54
f 465/221/54 471/282/53 466/283/54
f 465/221/54 466/283/54 460/223/55
f 460/223/55 466/283/54 461/284/55
f 460/223/55 461/284/55 455/225/56
f 455/225/56 461/284/55 456/285/56
f 455/225/56 456/285/56 450/227/57
f 450/227/57 456/285/56 451/286/57
f 450/227/57 451/286/57 445/229/14
f 445/229/14 451/286/57 446/287/14
f 445/229/14 446/287/14 440/231/58
f 440/231/58 446/287/14 441/288/58
f 440/231/58 441/288/58 435/233/59
f 435/233/59 441/288/58 436/289/59
f 435/233/59 436/289/59 430/235/60
f 430/235/60 436/289/59 431/290/60
f 430/235/60 431/290/60 425/237/61
f 425/237/61 431/290/60 426/291/61
f 425/237/61 426/291/61 420/239/62
f 420/239/62 426/291/61 421/292/62
f 420/239/62 421/292/62 415/241/26
f 415/241/26 421/292/62 416/293/26
f 415/241/26 416/293/26 410/243/63
f 410/243/63 416/293/26 411/294/63
f 410/243/63 411/294/63 405/245/64
f 405/245/64 411/294/63 406/295/64
f 405/245/64 406/295/64 400/247/65
f 400/247/65 406/295/64 401/296/65
f 400/247/65 401/296/65 395/249/66
f 395/249/66 401/296/65 396/297/66
f 395/249/66 396/297/66 390/201/47
f 390/201/47 396/297/66 391/298/47
f 390/201/47 391/298/47 385/203/2
f 385/203/2 391/298/47 386/299/2
f 386/275/2 387/300/2 501/276/48
f 501/276/48 387/300/2 502/301/48
f 501/276/48 502/301/48 496/277/49
f 496/277/49 502/301/48 497/302/49
f 496/277/49 497/302/49 491/278/50
f 491/278/50 497/302/49 492/303/50
f 491/278/50 492/303/50 486/279/51
f 486/279/51 492/303/50 487/304/51
f 486/279/51 487/304/51 481/280/52
f 481/280/52 487/304/51 482/305/52
f 481/280/52 482/305/52 476/281/25
f 476/281/25 482/305/52 477/306/25
f 476/281/25 477/306/25 471/282/53
f 471/282/53 477/306/25 472/307/53
f 471/282/53 472/307/53 466/283/54
f 466/283/54 472/307/53 467/308/54
f 466/283/54 467/308/54 461/284/55
f 461/284/55 467/308/54 462/309/55
f 461/284/55 462/309/55 456/285/56
f 456/285/56 462/309/55 457/310/56
f 456/285/56 457/310/56 451/286/57
f 451/286/57 457/310/56 452/311/57
f 451/286/57 452/311/57 446/287/14
f 446/287/14 452/311/57 447/312/14
f 446/287/14 447/312/14 441/288/58
f 441/288/58 447/312/14 442/313/58
f 441/288/58 442/313/58 436/289/59
f 436/289/59 442/313/58 437/314/59
f 436/289/59 437/314/59 431/290/60
f 431/290/60 437/314/59 432/315/60
f 431/290/60 432/315/60 426/291/61
f 426/291/61 432/315/60 427/316/61
f 426/291/61 427/316/61 421/292/62
f 421/292/62 427/316/61 422/317/62
f 421/292/62 422/317/62 416/293/26
f 416/293/26 422/317/62 417/318/26
f 416/293/26 417/318/26 411/294/63
f 411/294/63 417/318/26 412/319/63
f 411/294/63 412/319/63 406/295/64
f 406/295/64 412/319/63 407/320/64
f 406/295/64 407/320/64 401/296/65
f 401/296/65 407/320/64 402/321/65
f 401/296/65 402/321/65 396/297/66
f 396/297/66 402/321/65 397/322/66
f 396/297/66 397/322/66 391/298/47
f 391/298/47 397/322/66 392/323/47
f 391/298/47 392/323/47 386/299/2
f 386/299/2 392/323/47 387/324/2
f 387/300/2 388/325/2 502/301/48
f 502/301/48 388/325/2 503/326/48
f 502/301/48 503/326/48 497/302/49
f 497/302/49 503/326/48 498/327/49
f 497/302/49 498/327/49 492/303/50
f 492/303/50 498/327/49 493/328/50
f 492/303/50 493/328/50 487/304/51
f 487/304/51 493/328/50 488/329/51
f 487/304/51 488/329/51 482/305/52
f 482/305/52 488/329/51 483/330/52
f 482/305/52 483/330/52 477/306/25
f 477/306/25 483/330/52 478/331/25
f 477/306/25 478/331/25 472/307/53
f 472/307/53 478/331/25 473/332/53
f 472/307/53 473/332/53 467/308/54
f 467/308/54 473/332/53 468/333/54
f 467/308/54 468/333/54 462/309/55
f 462/309/55 468/333/54 463/334/55
f 462/309/55 463/334/55 457/310/56
f 457/310/56 463/334/55 458/335/56
f 457/310/56 458/335/56 452/311/57
f 452/311/57 458/335/56 453/336/57
f 452/311/57 453/336/57 447/312/14
f 447/312/14 453/336/57 448/337/14
f 447/312/14 448/337/14 442/313/58
f 442/313/58 448/337/14 443/338/58
f 442/313/58 443/338/58 437/314/59
f 437/314/59 443/338/58 438/339/59
f 437/314/59 438/339/59 432/315/60
f 432/315/60 438/339/59 433/340/60
f 432/315/60 433/340/60 427/316/61
f 427/316/61 433/340/60 428/341/61
f 427/316/61 428/341/61 422/317/62
f 422/317/62 428/341/61 423/342/62
f 422/317/62 423/342/62 417/318/26
f 417/318/26 423/342/62 418/343/26
f 417/318/26 418/343/26 412/319/63
f 412/319/63 418/343/26 413/344/63
f 412/319/63 413/344/63 407/320/64
f 407/320/64 413/344/63 408/345/64
f 407/320/64 408/345/64 402/321/65
f 402/321/65 408/345/64 403/346/65
f 402/321/65 403/346/65 397/322/66
f 397/322/66 403/346/65 398/347/66
f 397/322/66 398/347/66 392/323/47
f 392/323/47 398/347/66 393/348/47
f 392/323/47 393/348/47 387/324/2
f 387/324/2 393/348/47 388/349/2
f 388/325/2 389/251/2 503/326/48
f 503/326/48 389/251/2 504/250/48
f 503/326/48 504/250/48 498/327/49
f 498/327/49 504/250/48 499/274/49
f 498/327/49 499/274/49 493/328/50
f 493/328/50 499/274/49 494/273/50
f 493/328/50 494/273/50 488/329/51
f 488/329/51 494/273/50 489/272/51
f 488/329/51 489/272/51 483/330/52
f 483/330/52 489/272/51 484/271/52
f 483/330/52 484/271/52 478/331/25
f 478/331/25 484/271/52 479/270/25
f 478/331/25 479/270/25 473/332/53
f 473/332/53 479/270/25 474/269/53
f 473/332/53 474/269/53 468/333/54
f 468/333/54 474/269/53 469/268/54
f 468/333/54 469/268/54 463/334/55
f 463/334/55 469/268/54 464/267/55
f 463/334/55 464/267/55 458/335/56
f 458/335/56 464/267/55 459/266/56
f 458/335/56 459/266/56 453/336/57
f 453/336/57 459/266/56 454/265/57
f 453/336/57 454/265/57 448/337/14
f 448/337/14 454/265/57 449/264/14
f 448/337/14 449/264/14 443/338/58
f 443/338/58 449/264/14 444/263/58
f 443/338/58 444/263/58 438/339/59
f 438/339/59 444/263/58 439/262/59
f 438/339/59 439/262/59 433/340/60
f 433/340/60 439/262/59 434/261/60
f 433/340/60 434/261/60 428/341/61
f 428/341/61 434/261/60 429/260/61
f 428/341/61 429/260/61 423/342/62
f 423/342/62 429/260/61 424/259/62
f 423/342/62 424/259/62 418/343/26
f 418/343/26 424/259/62 419/258/26
f 418/343/26 419/258/26 413/344/63
f 413/344/63 419/258/26 414/257/63
f 413/344/63 414/257/63 408/345/64
f 408/345/64 414/257/63 409/256/64
f 408/345/64 409/256/64 403/346/65
f 403/346/65 409/256/64 404/255/65
f 403/346/65 404/255/65 398/347/66
f 398/347/66 404/255/65 399/254/66
f 398/347/66 399/254/66 393/348/47
f 393/348/47 399/254/66 394/253/47
f 393/348/47 394/253/47 388/349/2
f 388/349/2 394/253/47 389/252/2
f 337/176/20 360/177/20 338/178/20
f 338/178/20 360/177/20 339/179/20
f 339/179/20 360/177/20 359/180/20
f 339/179/20 359/180/20 340/181/20
f 340/181/20 359/180/20 358/182/20
f 340/181/20 358/182/20 341/183/20
f 341/183/20 358/182/20 357/184/20
f 341/183/20 357/184/20 342/185/20
f 342/185/20 357/184/20 356/186/20
f 342/185/20 356/186/20 343/187/20
f 343/187/20 356/186/20 355/188/20
f 343/187/20 355/188/20 344/189/20
f 344/189/20 355/188/20 354/190/20
f 344/189/20 354/190/20 345/191/20
f 345/191/20 354/190/20 353/192/20
f 345/191/20 353/192/20 346/193/20
f 346/193/20 353/192/20 352/194/20
f 346/193/20 352/194/20 347/195/20
f 347/195/20 352/194/20 351/196/20
f 347/195/20 351/196/20 348/197/20
f 348/197/20 351/196/20 350/198/20
f 348/197/20 350/198/20 349/199/20
f 361/176/8 384/177/8 362/178/8
f 362/178/8 384/177/8 363/179/8
f 363/179/8 384/177/8 383/180/8
f 363/179/8 383/180/8 364/181/8
f 364/181/8 383/180/8 382/182/8
f 364/181/8 382/182/8 365/183/8
f 365/183/8 382/182/8 381/184/8
f 365/183/8 381/184/8 366/185/8
f 366/185/8 381/184/8 380/186/8
f 366/185/8 380/186/8 367/187/8
f 367/187/8 380/186/8 379/188/8
f 367/187/8 379/188/8 368/189/8
f 368/189/8 379/188/8 378/190/8
f 368/189/8 378/190/8 369/191/8
f 369/191/8 378/190/8 377/192/8
f 369/191/8 377/192/8 370/193/8
f 370/193/8 377/192/8 376/194/8
f 370/193/8 376/194/8 371/195/8
f 371/195/8 376/194/8 375/196/8
f 371/195/8 375/196/8 372/197/8
f 372/197/8 375/196/8 374/198/8
f 372/197/8 374/198/8 373/199/8
usemtl Opaque(63,63,63).006
f 536/350/67 505/351/2 563/352/2
f 563/352/2 505/351/2 506/353/68
f 563/352/2 506/353/68 562/354/69
f 562/354/69 506/353/68 507/355/70
f 562/354/69 507/355/70 564/356/4
f 564/356/4 507/355/70 508/357/71
f 564/356/4 508/357/71 565/358/72
f 565/358/72 508/357/71 509/359/5
f 565/358/72 509/359/5 510/360/73
f 565/358/72 510/360/73 566/361/6
f 566/361/6 510/360/73 511/362/74
f 566/361/6 511/362/74 567/363/7
f 567/363/7 511/362/74 512/364/75
f 567/363/7 512/364/75 568/365/8
f 568/365/8 512/364/75 513/366/8
f 568/365/8 513/366/8 514/367/76
f 568/365/8 514/367/76 569/368/9
f 569/368/9 514/367/76 515/369/77
f 569/368/9 515/369/77 570/370/10
f 570/370/10 515/369/77 516/371/78
f 570/370/10 516/371/78 571/372/79
f 571/372/79 516/371/78 517/373/11
f 571/372/79 517/373/11 518/374/80
f 571/372/79 518/374/80 572/375/81
f 572/375/81 518/374/80 519/376/82
f 572/375/81 519/376/82 573/377/13
f 573/377/13 519/376/82 520/378/83
f 573/377/13 520/378/83 561/379/14
f 561/379/14 520/378/83 521/380/14
f 561/381/14 521/382/14 522/383/84
f 561/381/14 522/383/84 574/384/15
f 574/384/15 522/383/84 523/385/85
f 574/384/15 523/385/85 575/386/16
f 575/386/16 523/385/85 524/387/86
f 575/386/16 524/387/86 576/388/87
f 576/388/87 524/387/86 525/389/17
f 576/388/87 525/389/17 526/390/88
f 576/388/87 526/390/88 577/391/89
f 577/391/89 526/390/88 527/392/90
f 577/391/89 527/392/90 578/393/19
f 578/393/19 527/392/90 528/394/91
f 578/393/19 528/394/91 579/395/20
f 579/395/20 528/394/91 529/396/20
f 579/395/20 529/396/20 530/397/92
f 579/395/20 530/397/92 580/398/93
f 580/398/93 530/397/92 531/399/94
f 580/398/93 531/399/94 581/400/95
f 581/400/95 531/399/94 532/401/96
f 581/400/95 532/401/96 582/402/97
f 582/402/97 532/401/96 533/403/23
f 582/402/97 533/403/23 534/404/98
f 582/402/97 534/404/98 583/405/99
f 583/405/99 534/404/98 535/406/100
f 583/405/99 535/406/100 584/407/1
f 584/407/1 535/406/100 536/350/67
f 584/407/1 536/350/67 563/352/2
f 538/69/7 567/363/7 537/67/8
f 537/67/8 567/363/7 568/365/8
f 537/67/8 568/365/8 560/65/9
f 560/65/9 568/365/8 569/368/9
f 560/65/9 569/368/9 559/63/10
f 559/63/10 569/368/9 570/370/10
f 559/63/10 570/370/10 558/61/11
f 558/61/11 570/370/10 571/372/79
f 558/61/11 571/372/79 557/59/12
f 557/59/12 571/372/79 572/375/81
f 557/59/12 572/375/81 556/57/13
f 556/57/13 572/375/81 573/377/13
f 556/57/13 573/377/13 555/55/14
f 555/55/14 573/377/13 561/379/14
f 555/53/14 561/381/14 554/51/15
f 554/51/15 561/381/14 574/384/15
f 554/51/15 574/384/15 553/99/16
f 553/99/16 574/384/15 575/386/16
f 553/99/16 575/386/16 576/388/87
f 567/363/7 538/69/7 566/361/6
f 566/361/6 538/69/7 539/71/6
f 566/361/6 539/71/6 540/73/5
f 566/361/6 540/73/5 565/358/72
f 565/358/72 540/73/5 541/75/4
f 565/358/72 541/75/4 564/356/4
f 564/356/4 541/75/4 562/354/69
f 541/75/4 542/77/3 562/354/69
f 562/354/69 542/77/3 563/352/2
f 542/77/3 543/79/2 563/352/2
f 563/352/2 543/79/2 584/407/1
f 543/79/2 544/81/1 584/407/1
f 584/407/1 544/81/1 583/405/99
f 544/81/1 545/83/24 583/405/99
f 583/405/99 545/83/24 582/402/97
f 545/83/24 546/85/23 582/402/97
f 582/402/97 546/85/23 581/400/95
f 546/85/23 547/87/22 581/400/95
f 581/400/95 547/87/22 580/398/93
f 547/87/22 548/89/21 580/398/93
f 580/398/93 548/89/21 579/395/20
f 548/89/21 549/91/20 579/395/20
f 579/395/20 549/91/20 578/393/19
f 549/91/20 550/93/19 578/393/19
f 578/393/19 550/93/19 577/391/89
f 550/93/19 551/95/18 577/391/89
f 577/391/89 551/95/18 552/97/17
f 577/391/89 552/97/17 576/388/87
f 576/388/87 552/97/17 553/99/16
f 555/176/25 554/177/25 556/178/25
f 556/178/25 554/177/25 557/179/25
f 557/179/25 554/177/25 553/180/25
f 557/179/25 553/180/25 558/181/25
f 558/181/25 553/180/25 552/182/25
f 558/181/25 552/182/25 559/183/25
f 559/183/25 552/182/25 551/184/25
f 559/183/25 551/184/25 560/185/25
f 560/185/25 551/184/25 550/186/25
f 560/185/25 550/186/25 537/187/25
f 537/187/25 550/186/25 549/188/25
f 537/187/25 549/188/25 538/189/25
f 538/189/25 549/188/25 548/190/25
f 538/189/25 548/190/25 539/191/25
f 539/191/25 548/190/25 547/192/25
f 539/191/25 547/192/25 540/193/25
f 540/193/25 547/192/25 546/194/25
f 540/193/25 546/194/25 541/195/25
f 541/195/25 546/194/25 545/196/25
f 541/195/25 545/196/25 542/197/25
f 542/197/25 545/196/25 544/198/25
f 542/197/25 544/198/25 543/199/25
f 616/408/101 585/409/25 643/410/25
f 643/410/25 585/409/25 586/411/102
f 643/410/25 586/411/102 642/412/103
f 642/412/103 586/411/102 587/413/104
f 642/412/103 587/413/104 644/414/29
f 644/414/29 587/413/104 588/415/105
f 644/414/29 588/415/105 645/416/106
f 645/416/106 588/415/105 589/417/30
f 645/416/106 589/417/30 590/418/107
f 645/416/106 590/418/107 646/419/31
f 646/419/31 590/418/107 591/420/108
f 646/419/31 591/420/108 647/421/32
f 647/421/32 591/420/108 592/422/109
f 647/421/32 592/422/109 648/423/20
f 648/423/20 592/422/109 593/424/20
f 648/423/20 593/424/20 594/425/110
f 648/423/20 594/425/110 649/426/33
f 649/426/33 594/425/110 595/427/111
f 649/426/33 595/427/111 650/428/112
f 650/428/112 595/427/111 596/429/113
f 650/428/112 596/429/113 651/430/114
f 651/430/114 596/429/113 597/431/35
f 651/430/114 597/431/35 598/432/115
f 651/430/114 598/432/115 652/433/36
f 652/433/36 598/432/115 599/434/116
f 652/433/36 599/434/116 653/435/117
f 653/435/117 599/434/116 600/436/118
f 653/435/117 600/436/118 641/437/26
f 641/437/26 600/436/118 601/438/26
f 641/439/26 601/440/26 602/441/119
f 641/439/26 602/441/119 654/442/38
f 654/442/38 602/441/119 603/443/120
f 654/442/38 603/443/120 655/444/121
f 655/444/121 603/443/120 604/445/122
f 655/444/121 604/445/122 656/446/123
f 656/446/123 604/445/122 605/447/40
f 656/446/123 605/447/40 606/448/124
f 656/446/123 606/448/124 657/449/125
f 657/449/125 606/448/124 607/450/126
f 657/449/125 607/450/126 658/451/42
f 658/451/42 607/450/126 608/452/127
f 658/451/42 608/452/127 659/453/8
f 659/453/8 608/452/127 609/454/8
f 659/453/8 609/454/8 610/455/128
f 659/453/8 610/455/128 660/456/43
f 660/456/43 610/455/128 611/457/129
f 660/456/43 611/457/129 661/458/44
f 661/458/44 611/457/129 612/459/130
f 661/458/44 612/459/130 662/460/131
f 662/460/131 612/459/130 613/461/45
f 662/460/131 613/461/45 614/462/132
f 662/460/131 614/462/132 663/463/46
f 663/463/46 614/462/132 615/464/133
f 663/463/46 615/464/133 664/465/27
f 664/465/27 615/464/133 616/408/101
f 664/465/27 616/408/101 643/410/25
f 618/51/37 653/435/117 617/53/26
f 617/53/26 653/435/117 641/437/26
f 617/55/26 641/439/26 640/57/38
f 640/57/38 641/439/26 654/442/38
f 640/57/38 654/442/38 639/59/39
f 639/59/39 654/442/38 655/444/121
f 639/59/39 655/444/121 656/446/123
f 653/435/117 618/51/37 652/433/36
f 652/433/36 618/51/37 619/99/36
f 652/433/36 619/99/36 651/430/114
f 651/430/114 619/99/36 620/97/35
f 651/430/114 620/97/35 650/428/112
f 650/428/112 620/97/35 621/95/34
f 650/428/112 621/95/34 649/426/33
f 649/426/33 621/95/34 622/93/33
f 649/426/33 622/93/33 648/423/20
f 648/423/20 622/93/33 623/91/20
f 648/423/20 623/91/20 647/421/32
f 647/421/32 623/91/20 624/89/32
f 647/421/32 624/89/32 646/419/31
f 646/419/31 624/89/32 625/87/31
f 646/419/31 625/87/31 626/85/30
f 646/419/31 626/85/30 645/416/106
f 645/416/106 626/85/30 627/83/29
f 645/416/106 627/83/29 644/414/29
f 644/414/29 627/83/29 642/412/103
f 627/83/29 628/81/28 642/412/103
f 642/412/103 628/81/28 643/410/25
f 628/81/28 629/79/25 643/410/25
f 643/410/25 629/79/25 664/465/27
f 629/79/25 630/77/27 664/465/27
f 664/465/27 630/77/27 663/463/46
f 630/77/27 631/75/46 663/463/46
f 663/463/46 631/75/46 662/460/131
f 631/75/46 632/73/45 662/460/131
f 662/460/131 632/73/45 661/458/44
f 632/73/45 633/71/44 661/458/44
f 661/458/44 633/71/44 660/456/43
f 633/71/44 634/69/43 660/456/43
f 660/456/43 634/69/43 659/453/8
f 634/69/43 635/67/8 659/453/8
f 659/453/8 635/67/8 658/451/42
f 635/67/8 636/65/42 658/451/42
f 658/451/42 636/65/42 657/449/125
f 636/65/42 637/63/41 657/449/125
f 657/449/125 637/63/41 638/61/40
f 657/449/125 638/61/40 656/446/123
f 656/446/123 638/61/40 639/59/39
f 634/190/2 624/189/2 635/188/2
f 635/188/2 624/189/2 623/187/2
f 635/188/2 623/187/2 636/186/2
f 636/186/2 623/187/2 622/185/2
f 636/186/2 622/185/2 637/184/2
f 637/184/2 622/185/2 621/183/2
f 637/184/2 621/183/2 638/182/2
f 638/182/2 621/183/2 620/181/2
f 638/182/2 620/181/2 639/180/2
f 639/180/2 620/181/2 619/179/2
f 639/180/2 619/179/2 640/177/2
f 640/177/2 619/179/2 618/178/2
f 640/177/2 618/178/2 617/176/2
f 624/189/2 634/190/2 625/191/2
f 625/191/2 634/190/2 633/192/2
f 625/191/2 633/192/2 626/193/2
f 626/193/2 633/192/2 632/194/2
f 626/193/2 632/194/2 627/195/2
f 627/195/2 632/194/2 631/196/2
f 627/195/2 631/196/2 628/197/2
f 628/197/2 631/196/2 630/198/2
f 628/197/2 630/198/2 629/199/2
f 666/466/58 712/57/58 665/467/14
f 665/467/14 712/57/58 689/55/14
f 665/468/14 689/53/14 688/469/57
f 688/469/57 689/53/14 690/51/57
f 688/469/57 690/51/57 687/470/56
f 687/470/56 690/51/57 691/99/56
f 687/470/56 691/99/56 686/471/55
f 686/471/55 691/99/56 692/97/55
f 686/471/55 692/97/55 685/472/54
f 685/472/54 692/97/55 693/95/54
f 685/472/54 693/95/54 684/473/53
f 684/473/53 693/95/54 694/93/53
f 684/473/53 694/93/53 683/474/25
f 683/474/25 694/93/53 695/91/25
f 683/474/25 695/91/25 682/475/52
f 682/475/52 695/91/25 696/89/52
f 682/475/52 696/89/52 681/476/51
f 681/476/51 696/89/52 697/87/51
f 681/476/51 697/87/51 680/477/50
f 680/477/50 697/87/51 698/85/50
f 680/477/50 698/85/50 679/478/49
f 679/478/49 698/85/50 699/83/49
f 679/478/49 699/83/49 678/479/48
f 678/479/48 699/83/49 700/81/48
f 678/479/48 700/81/48 677/480/2
f 677/480/2 700/81/48 701/79/2
f 677/480/2 701/79/2 676/481/47
f 676/481/47 701/79/2 702/77/47
f 676/481/47 702/77/47 675/482/66
f 675/482/66 702/77/47 703/75/66
f 675/482/66 703/75/66 674/483/65
f 674/483/65 703/75/66 704/73/65
f 674/483/65 704/73/65 673/484/64
f 673/484/64 704/73/65 705/71/64
f 673/484/64 705/71/64 672/485/63
f 672/485/63 705/71/64 706/69/63
f 672/485/63 706/69/63 671/486/26
f 671/486/26 706/69/63 707/67/26
f 671/486/26 707/67/26 670/487/62
f 670/487/62 707/67/26 708/65/62
f 670/487/62 708/65/62 669/488/61
f 669/488/61 708/65/62 709/63/61
f 669/488/61 709/63/61 668/489/60
f 668/489/60 709/63/61 710/61/60
f 668/489/60 710/61/60 667/490/59
f 667/490/59 710/61/60 711/59/59
f 667/490/59 711/59/59 666/466/58
f 666/466/58 711/59/59 712/57/58
f 706/190/20 696/189/20 707/188/20
f 707/188/20 696/189/20 695/187/20
f 707/188/20 695/187/20 708/186/20
f 708/186/20 695/187/20 694/185/20
f 708/186/20 694/185/20 709/184/20
f 709/184/20 694/185/20 693/183/20
f 709/184/20 693/183/20 710/182/20
f 710/182/20 693/183/20 692/181/20
f 710/182/20 692/181/20 711/180/20
f 711/180/20 692/181/20 691/179/20
f 711/180/20 691/179/20 712/177/20
f 712/177/20 691/179/20 690/178/20
f 712/177/20 690/178/20 689/176/20
f 696/189/20 706/190/20 697/191/20
f 697/191/20 706/190/20 705/192/20
f 697/191/20 705/192/20 698/193/20
f 698/193/20 705/192/20 704/194/20
f 698/193/20 704/194/20 699/195/20
f 699/195/20 704/194/20 703/196/20
f 699/195/20 703/196/20 700/197/20
f 700/197/20 703/196/20 702/198/20
f 700/197/20 702/198/20 701/199/20
f 688/189/20 753/491/20 665/187/20
f 665/187/20 753/491/20 713/492/20
f 665/187/20 713/492/20 714/493/20
f 687/191/20 751/494/20 688/189/20
f 688/189/20 751/494/20 752/495/20
f 688/189/20 752/495/20 753/491/20
f 751/494/20 687/191/20 750/496/20
f 750/496/20 687/191/20 686/193/20
f 750/496/20 686/193/20 749/497/20
f 749/497/20 686/193/20 748/498/20
f 748/498/20 686/193/20 685/195/20
f 748/498/20 685/195/20 747/499/20
f 747/499/20 685/195/20 746/500/20
f 746/500/20 685/195/20 684/197/20
f 746/500/20 684/197/20 745/501/20
f 745/501/20 684/197/20 683/199/20
f 745/501/20 683/199/20 744/502/20
f 744/502/20 683/199/20 743/503/20
f 743/503/20 683/199/20 682/198/20
f 743/503/20 682/198/20 742/504/20
f 742/504/20 682/198/20 741/505/20
f 741/505/20 682/198/20 681/196/20
f 741/505/20 681/196/20 740/506/20
f 740/506/20 681/196/20 739/507/20
f 739/507/20 681/196/20 680/194/20
f 739/507/20 680/194/20 738/508/20
f 738/508/20 680/194/20 679/192/20
f 738/508/20 679/192/20 737/509/20
f 737/509/20 679/192/20 736/510/20
f 736/510/20 679/192/20 678/190/20
f 736/510/20 678/190/20 735/511/20
f 735/511/20 678/190/20 734/512/20
f 734/512/20 678/190/20 677/188/20
f 734/512/20 677/188/20 733/513/20
f 733/513/20 677/188/20 676/186/20
f 733/513/20 676/186/20 732/514/20
f 732/514/20 676/186/20 731/515/20
f 731/515/20 676/186/20 675/184/20
f 731/515/20 675/184/20 730/516/20
f 730/516/20 675/184/20 729/517/20
f 729/517/20 675/184/20 674/182/20
f 729/517/20 674/182/20 728/518/20
f 728/518/20 674/182/20 673/180/20
f 728/518/20 673/180/20 727/519/20
f 727/519/20 673/180/20 726/520/20
f 726/520/20 673/180/20 672/177/20
f 726/520/20 672/177/20 725/521/20
f 725/521/20 672/177/20 724/522/20
f 724/522/20 672/177/20 671/176/20
f 724/522/20 671/176/20 723/523/20
f 723/523/20 671/176/20 722/524/20
f 722/524/20 671/176/20 670/178/20
f 722/524/20 670/178/20 721/525/20
f 721/525/20 670/178/20 669/179/20
f 721/525/20 669/179/20 720/526/20
f 720/526/20 669/179/20 719/527/20
f 719/527/20 669/179/20 668/181/20
f 719/527/20 668/181/20 718/528/20
f 718/528/20 668/181/20 717/529/20
f 717/529/20 668/181/20 667/183/20
f 717/529/20 667/183/20 716/530/20
f 716/530/20 667/183/20 666/185/20
f 716/530/20 666/185/20 715/531/20
f 715/531/20 666/185/20 714/493/20
f 714/493/20 666/185/20 665/187/20
f 794/532/8 754/79/8 771/533/8
f 771/533/8 754/79/8 755/534/8
f 771/533/8 755/534/8 756/535/8
f 756/535/8 757/536/8 771/533/8
f 771/533/8 757/536/8 758/537/8
f 771/533/8 758/537/8 770/538/8
f 770/538/8 758/537/8 759/539/8
f 770/538/8 759/539/8 769/540/8
f 769/540/8 759/539/8 760/541/8
f 769/540/8 760/541/8 768/542/8
f 768/542/8 760/541/8 761/543/8
f 768/542/8 761/543/8 767/544/8
f 767/544/8 761/543/8 762/545/8
f 767/544/8 762/545/8 766/546/8
f 766/546/8 762/545/8 763/547/8
f 766/546/8 763/547/8 765/548/8
f 765/548/8 763/547/8 764/549/8
f 772/550/8 784/551/8 771/533/8
f 771/533/8 784/551/8 785/552/8
f 771/533/8 785/552/8 786/553/8
f 773/554/8 777/555/8 772/550/8
f 772/550/8 777/555/8 778/556/8
f 772/550/8 778/556/8 779/557/8
f 777/555/8 773/554/8 776/558/8
f 776/558/8 773/554/8 774/559/8
f 776/558/8 774/559/8 775/560/8
f 779/557/8 780/561/8 772/550/8
f 772/550/8 780/561/8 781/562/8
f 772/550/8 781/562/8 782/563/8
f 782/563/8 783/564/8 772/550/8
f 772/550/8 783/564/8 784/551/8
f 786/553/8 787/565/8 771/533/8
f 771/533/8 787/565/8 788/566/8
f 771/533/8 788/566/8 789/567/8
f 789/567/8 790/568/8 771/533/8
f 771/533/8 790/568/8 791/569/8
f 771/533/8 791/569/8 792/570/8
f 792/570/8 793/571/8 771/533/8
f 771/533/8 793/571/8 794/532/8
f 794/572/134 795/573/2 754/574/2
f 754/574/2 795/573/2 796/575/135
f 754/574/2 796/575/135 755/576/136
f 755/576/136 796/575/135 797/577/137
f 755/576/136 797/577/137 756/578/137
f 756/578/137 797/577/137 798/579/138
f 756/578/137 798/579/138 757/580/138
f 757/580/138 798/579/138 799/581/139
f 757/580/138 799/581/139 758/582/139
f 758/582/139 799/581/139 800/583/140
f 758/582/139 800/583/140 759/584/140
f 759/584/140 800/583/140 801/585/141
f 759/584/140 801/585/141 760/586/141
f 760/586/141 801/585/141 802/587/142
f 760/586/141 802/587/142 761/588/142
f 761/588/142 802/587/142 803/589/143
f 761/588/142 803/589/143 762/590/143
f 762/590/143 803/589/143 804/591/144
f 762/590/143 804/591/144 763/592/144
f 763/592/144 804/591/144 805/593/145
f 763/592/144 805/593/145 764/594/145
f 764/594/145 805/593/145 806/595/146
f 764/594/145 806/595/146 765/596/146
f 765/596/146 806/595/146 807/597/147
f 765/596/146 807/597/147 766/598/147
f 766/598/147 807/597/147 808/599/148
f 766/598/147 808/599/148 767/600/148
f 767/600/148 808/599/148 809/601/149
f 767/600/148 809/601/149 768/602/149
f 768/602/149 809/601/149 810/603/150
f 768/602/149 810/603/150 769/604/150
f 769/604/150 810/603/150 811/605/151
f 769/604/150 811/605/151 770/606/151
f 770/606/151 811/605/151 812/607/152
f 770/606/151 812/607/152 771/608/152
f 771/608/152 812/607/152 813/609/153
f 771/608/152 813/609/153 772/610/153
f 772/610/153 813/609/153 814/611/154
f 772/610/153 814/611/154 773/612/154
f 773/612/154 814/611/154 815/613/155
f 773/612/154 815/613/155 774/614/156
f 774/615/156 815/616/155 816/617/157
f 774/615/156 816/617/157 775/618/158
f 775/618/158 816/617/157 817/619/159
f 775/618/158 817/619/159 776/620/159
f 776/620/159 817/619/159 818/621/160
f 776/620/159 818/621/160 777/622/160
f 777/622/160 818/621/160 819/623/161
f 777/622/160 819/623/161 778/624/161
f 778/624/161 819/623/161 820/625/162
f 778/624/161 820/625/162 779/626/162
f 779/626/162 820/625/162 821/627/163
f 779/626/162 821/627/163 780/628/163
f 780/628/163 821/627/163 822/629/164
f 780/628/163 822/629/164 781/630/164
f 781/630/164 822/629/164 823/631/165
f 781/630/164 823/631/165 782/632/165
f 782/632/165 823/631/165 824/633/166
f 782/632/165 824/633/166 783/634/166
f 783/634/166 824/633/166 825/635/167
f 783/634/166 825/635/167 784/636/167
f 784/636/167 825/635/167 826/637/168
f 784/636/167 826/637/168 785/638/168
f 785/638/168 826/637/168 827/639/169
f 785/638/168 827/639/169 786/640/169
f 786/640/169 827/639/169 828/641/170
f 786/640/169 828/641/170 787/642/170
f 787/642/170 828/641/170 829/643/171
f 787/642/170 829/643/171 788/644/171
f 788/644/171 829/643/171 830/645/172
f 788/644/171 830/645/172 789/646/172
f 789/646/172 830/645/172 831/647/173
f 789/646/172 831/647/173 790/648/173
f 790/648/173 831/647/173 832/649/174
f 790/648/173 832/649/174 791/650/174
f 791/650/174 832/649/174 833/651/175
f 791/650/174 833/651/175 792/652/175
f 792/652/175 833/651/175 834/653/176
f 792/652/175 834/653/176 793/654/176
f 793/654/176 834/653/176 835/655/177
f 793/654/176 835/655/177 794/572/134
f 794/572/134 835/655/177 795/573/2
f 796/656/178 795/657/23 836/658/179
f 836/658/179 795/657/23 835/659/180
f 836/658/179 835/659/180 875/660/181
f 875/660/181 835/659/180 834/661/182
f 875/660/181 834/661/182 874/662/183
f 874/662/183 834/661/182 833/663/184
f 874/662/183 833/663/184 873/664/185
f 873/664/185 833/663/184 832/665/186
f 873/664/185 832/665/186 872/666/187
f 872/666/187 832/665/186 831/667/188
f 872/666/187 831/667/188 871/668/189
f 871/668/189 831/667/188 830/669/190
f 871/668/189 830/669/190 870/670/191
f 870/670/191 830/669/190 829/671/192
f 870/670/191 829/671/192 869/672/193
f 869/672/193 829/671/192 828/673/194
f 869/672/193 828/673/194 868/674/195
f 868/674/195 828/673/194 827/675/196
f 868/674/195 827/675/196 867/676/197
f 867/676/197 827/675/196 826/677/198
f 867/676/197 826/677/198 866/678/30
f 866/678/30 826/677/198 825/679/199
f 866/678/30 825/679/199 865/680/200
f 865/680/200 825/679/199 824/681/201
f 865/680/200 824/681/201 864/682/202
f 864/682/202 824/681/201 823/683/203
f 864/682/202 823/683/203 863/684/204
f 863/684/204 823/683/203 822/685/205
f 863/684/204 822/685/205 862/686/206
f 862/686/206 822/685/205 821/687/207
f 862/686/206 821/687/207 861/688/208
f 861/688/208 821/687/207 820/689/209
f 861/688/208 820/689/209 860/690/210
f 860/690/210 820/689/209 819/691/211
f 860/690/210 819/691/211 859/692/212
f 859/692/212 819/691/211 818/693/213
f 859/692/212 818/693/213 858/694/214
f 858/694/214 818/693/213 817/695/215
f 858/694/214 817/695/215 857/696/216
f 857/696/216 817/695/215 816/697/217
f 857/696/216 816/697/217 856/698/17
f 856/699/17 816/700/217 815/701/218
f 856/699/17 815/701/218 855/702/219
f 855/702/219 815/701/218 814/703/220
f 855/702/219 814/703/220 854/704/221
f 854/704/221 814/703/220 813/705/222
f 854/704/221 813/705/222 853/706/223
f 853/706/223 813/705/222 812/707/224
f 853/706/223 812/707/224 852/708/225
f 852/708/225 812/707/224 811/709/226
f 852/708/225 811/709/226 851/710/227
f 851/710/227 811/709/226 810/711/228
f 851/710/227 810/711/228 850/712/229
f 850/712/229 810/711/228 809/713/230
f 850/712/229 809/713/230 849/714/231
f 849/714/231 809/713/230 808/715/232
f 849/714/231 808/715/232 848/716/233
f 848/716/233 808/715/232 807/717/234
f 848/716/233 807/717/234 847/718/235
f 847/718/235 807/717/234 806/719/236
f 847/718/235 806/719/236 846/720/35
f 846/720/35 806/719/236 805/721/237
f 846/720/35 805/721/237 845/722/238
f 845/722/238 805/721/237 804/723/239
f 845/722/238 804/723/239 844/724/240
f 844/724/240 804/723/239 803/725/241
f 844/724/240 803/725/241 843/726/242
f 843/726/242 803/725/241 802/727/243
f 843/726/242 802/727/243 842/728/244
f 842/728/244 802/727/243 801/729/245
f 842/728/244 801/729/245 841/730/246
f 841/730/246 801/729/245 800/731/247
f 841/730/246 800/731/247 840/732/248
f 840/732/248 800/731/247 799/733/249
f 840/732/248 799/733/249 839/734/250
f 839/734/250 799/733/249 798/735/251
f 839/734/250 798/735/251 838/736/252
f 838/736/252 798/735/251 797/737/253
f 838/736/252 797/737/253 837/738/254
f 837/738/254 797/737/253 796/656/178
f 837/738/254 796/656/178 836/658/179
f 536/739/255 865/740/256 505/741/257
f 505/741/257 865/740/256 905/742/258
f 505/741/257 905/742/258 506/743/255
f 506/743/255 905/742/258 507/744/259
f 507/744/259 905/742/258 508/745/260
f 508/745/260 905/742/258 509/746/261
f 509/746/261 905/742/258 906/747/25
f 509/746/261 906/747/25 510/748/262
f 510/748/262 906/747/25 511/749/263
f 511/749/263 906/747/25 512/750/264
f 512/750/264 906/747/25 513/751/25
f 513/751/25 906/747/25 514/752/265
f 514/752/265 906/747/25 515/753/266
f 515/753/266 906/747/25 516/754/267
f 516/754/267 906/747/25 907/755/268
f 516/754/267 907/755/268 517/756/269
f 517/756/269 907/755/268 518/757/270
f 518/757/270 907/755/268 519/758/271
f 519/758/271 907/755/268 520/759/272
f 520/759/272 907/755/268 521/760/273
f 521/760/273 907/755/268 867/761/274
f 521/760/273 867/761/274 522/762/272
f 522/762/272 867/761/274 523/763/271
f 523/763/271 867/761/274 524/764/270
f 524/764/270 867/761/274 525/765/269
f 525/765/269 867/761/274 526/766/267
f 526/766/267 867/761/274 866/767/25
f 526/766/267 866/767/25 527/768/266
f 527/768/266 866/767/25 528/769/265
f 528/769/265 866/767/25 529/770/25
f 529/770/25 866/767/25 530/771/264
f 530/771/264 866/767/25 531/772/263
f 531/772/263 866/767/25 532/773/262
f 532/773/262 866/767/25 533/774/261
f 533/774/261 866/767/25 865/740/256
f 533/774/261 865/740/256 534/775/260
f 534/775/260 865/740/256 535/776/259
f 535/776/259 865/740/256 536/739/255
f 616/777/275 877/778/276 585/779/277
f 585/779/277 877/778/276 837/780/278
f 585/779/277 837/780/278 586/781/275
f 586/781/275 837/780/278 587/782/279
f 587/782/279 837/780/278 588/783/280
f 588/783/280 837/780/278 589/784/281
f 589/784/281 837/780/278 590/785/282
f 590/785/282 837/780/278 836/786/2
f 590/785/282 836/786/2 591/787/283
f 591/787/283 836/786/2 592/788/284
f 592/788/284 836/786/2 593/789/2
f 593/789/2 836/786/2 594/790/285
f 594/790/285 836/786/2 595/791/286
f 595/791/286 836/786/2 596/792/287
f 596/792/287 836/786/2 597/793/288
f 597/793/288 836/786/2 875/794/289
f 597/793/288 875/794/289 598/795/290
f 598/795/290 875/794/289 599/796/291
f 599/796/291 875/794/289 600/797/292
f 600/797/292 875/794/289 601/798/293
f 601/798/293 875/794/289 915/799/294
f 601/798/293 915/799/294 602/800/292
f 602/800/292 915/799/294 603/801/291
f 603/801/291 915/799/294 604/802/290
f 604/802/290 915/799/294 605/803/288
f 605/803/288 915/799/294 876/804/2
f 605/803/288 876/804/2 606/805/287
f 606/805/287 876/804/2 607/806/286
f 607/806/286 876/804/2 608/807/285
f 608/807/285 876/804/2 609/574/2
f 609/574/2 876/804/2 610/808/284
f 610/808/284 876/804/2 611/809/283
f 611/809/283 876/804/2 612/810/282
f 612/810/282 876/804/2 877/778/276
f 612/810/282 877/778/276 613/811/281
f 613/811/281 877/778/276 614/812/280
f 614/812/280 877/778/276 615/813/279
f 615/813/279 877/778/276 616/777/275
f 915/799/294 875/794/289 914/814/295
f 914/814/295 875/794/289 874/815/295
f 914/814/295 874/815/295 913/816/296
f 913/816/296 874/815/295 873/817/296
f 913/816/296 873/817/296 912/818/297
f 912/818/297 873/817/296 872/819/297
f 912/818/297 872/819/297 911/820/50
f 911/820/50 872/819/297 871/821/50
f 911/820/50 871/821/50 910/822/298
f 910/822/298 871/821/50 870/823/298
f 910/822/298 870/823/298 909/824/299
f 909/824/299 870/823/298 869/825/299
f 909/824/299 869/825/299 908/826/300
f 908/826/300 869/825/299 868/827/300
f 908/826/300 868/827/300 907/755/268
f 907/755/268 868/827/300 867/761/274
f 905/742/258 865/740/256 904/828/301
f 904/828/301 865/740/256 864/829/301
f 904/828/301 864/829/301 903/830/302
f 903/830/302 864/829/301 863/831/302
f 903/830/302 863/831/302 902/832/303
f 902/832/303 863/831/302 862/833/303
f 902/832/303 862/833/303 901/834/55
f 901/834/55 862/833/303 861/835/55
f 901/834/55 861/835/55 900/836/304
f 900/836/304 861/835/55 860/837/304
f 900/836/304 860/837/304 899/838/305
f 899/838/305 860/837/304 859/839/305
f 899/838/305 859/839/305 898/840/306
f 898/840/306 859/839/305 858/841/306
f 898/840/306 858/841/306 897/842/307
f 897/842/307 858/841/306 857/843/307
f 897/842/307 857/843/307 896/844/14
f 896/844/14 857/843/307 856/845/14
f 896/846/14 856/847/14 895/848/308
f 895/848/308 856/847/14 855/849/308
f 895/848/308 855/849/308 894/850/309
f 894/850/309 855/849/308 854/851/309
f 894/850/309 854/851/309 893/852/310
f 893/852/310 854/851/309 853/853/310
f 893/852/310 853/853/310 892/854/311
f 892/854/311 853/853/310 852/855/311
f 892/854/311 852/855/311 891/856/60
f 891/856/60 852/855/311 851/857/60
f 891/856/60 851/857/60 890/858/312
f 890/858/312 851/857/60 850/859/312
f 890/858/312 850/859/312 889/860/313
f 889/860/313 850/859/312 849/861/313
f 889/860/313 849/861/313 888/862/314
f 888/862/314 849/861/313 848/863/314
f 888/862/314 848/863/314 887/864/315
f 887/864/315 848/863/314 847/865/315
f 887/864/315 847/865/315 886/866/26
f 886/866/26 847/865/315 846/867/26
f 886/866/26 846/867/26 885/868/316
f 885/868/316 846/867/26 845/869/316
f 885/868/316 845/869/316 884/870/317
f 884/870/317 845/869/316 844/871/317
f 884/870/317 844/871/317 883/872/318
f 883/872/318 844/871/317 843/873/318
f 883/872/318 843/873/318 882/874/319
f 882/874/319 843/873/318 842/875/319
f 882/874/319 842/875/319 881/876/65
f 881/876/65 842/875/319 841/877/65
f 881/876/65 841/877/65 880/878/320
f 880/878/320 841/877/65 840/879/320
f 880/878/320 840/879/320 879/880/321
f 879/880/321 840/879/320 839/881/321
f 879/880/321 839/881/321 878/882/322
f 878/882/322 839/881/321 838/883/322
f 878/882/322 838/883/322 877/778/276
f 877/778/276 838/883/322 837/780/278
f 915/884/323 956/885/324 876/657/325
f 876/657/325 956/885/324 916/658/5
f 876/657/325 916/658/5 917/886/326
f 956/885/324 915/884/323 955/887/327
f 955/887/327 915/884/323 914/888/328
f 955/887/327 914/888/328 954/889/329
f 954/889/329 914/888/328 913/890/330
f 954/889/329 913/890/330 953/891/331
f 953/891/331 913/890/330 912/892/332
f 953/891/331 912/892/332 952/893/333
f 952/893/333 912/892/332 911/894/334
f 952/893/333 911/894/334 951/895/335
f 951/895/335 911/894/334 910/896/336
f 951/895/335 910/896/336 950/897/337
f 950/897/337 910/896/336 909/898/338
f 950/897/337 909/898/338 949/899/339
f 949/899/339 909/898/338 908/900/340
f 949/899/339 908/900/340 948/901/341
f 948/901/341 908/900/340 907/902/342
f 948/901/341 907/902/342 947/903/343
f 947/903/343 907/902/342 906/904/45
f 947/903/343 906/904/45 946/905/344
f 946/905/344 906/904/45 905/906/345
f 946/905/344 905/906/345 945/907/346
f 945/907/346 905/906/345 904/908/347
f 945/907/346 904/908/347 944/909/348
f 944/909/348 904/908/347 903/910/349
f 944/909/348 903/910/349 943/911/350
f 943/911/350 903/910/349 902/912/351
f 943/911/350 902/912/351 942/913/352
f 942/913/352 902/912/351 901/914/353
f 942/913/352 901/914/353 941/915/354
f 941/915/354 901/914/353 900/916/355
f 941/915/354 900/916/355 940/917/356
f 940/917/356 900/916/355 899/918/357
f 940/917/356 899/918/357 939/919/358
f 939/919/358 899/918/357 898/920/359
f 939/919/358 898/920/359 938/921/360
f 938/921/360 898/920/359 897/922/361
f 938/921/360 897/922/361 937/923/362
f 937/923/362 897/922/361 896/924/11
f 937/923/362 896/924/11 936/925/363
f 936/926/363 896/927/11 895/928/364
f 936/926/363 895/928/364 935/929/365
f 935/929/365 895/928/364 894/930/366
f 935/929/365 894/930/366 934/931/367
f 934/931/367 894/930/366 893/932/368
f 934/931/367 893/932/368 933/933/369
f 933/933/369 893/932/368 892/934/370
f 933/933/369 892/934/370 932/935/371
f 932/935/371 892/934/370 891/936/372
f 932/935/371 891/936/372 931/937/373
f 931/937/373 891/936/372 890/938/374
f 931/937/373 890/938/374 930/939/375
f 930/939/375 890/938/374 889/940/376
f 930/939/375 889/940/376 929/941/377
f 929/941/377 889/940/376 888/942/378
f 929/941/377 888/942/378 928/943/379
f 928/943/379 888/942/378 887/944/380
f 928/943/379 887/944/380 927/945/381
f 927/945/381 887/944/380 886/946/40
f 927/945/381 886/946/40 926/947/382
f 926/947/382 886/946/40 885/948/383
f 926/947/382 885/948/383 925/949/384
f 925/949/384 885/948/383 884/950/385
f 925/949/384 884/950/385 924/951/386
f 924/951/386 884/950/385 883/952/387
f 924/951/386 883/952/387 923/953/388
f 923/953/388 883/952/387 882/954/389
f 923/953/388 882/954/389 922/955/390
f 922/955/390 882/954/389 881/956/391
f 922/955/390 881/956/391 921/957/392
f 921/957/392 881/956/391 880/958/393
f 921/957/392 880/958/393 920/959/394
f 920/959/394 880/958/393 879/960/395
f 920/959/394 879/960/395 919/961/396
f 919/961/396 879/960/395 878/962/397
f 919/961/396 878/962/397 918/963/398
f 918/963/398 878/962/397 877/964/399
f 918/963/398 877/964/399 917/886/326
f 917/886/326 877/964/399 876/657/325
f 956/572/134 713/573/2 916/574/2
f 916/574/2 713/573/2 753/575/135
f 916/574/2 753/575/135 917/576/136
f 917/576/136 753/575/135 752/577/137
f 917/576/136 752/577/137 918/578/137
f 918/578/137 752/577/137 751/579/138
f 918/578/137 751/579/138 919/580/138
f 919/580/138 751/579/138 750/581/139
f 919/580/138 750/581/139 920/582/139
f 920/582/139 750/581/139 749/583/140
f 920/582/139 749/583/140 921/584/140
f 921/584/140 749/583/140 748/585/141
f 921/584/140 748/585/141 922/586/141
f 922/586/141 748/585/141 747/587/142
f 922/586/141 747/587/142 923/588/142
f 923/588/142 747/587/142 746/589/143
f 923/588/142 746/589/143 924/590/143
f 924/590/143 746/589/143 745/591/144
f 924/590/143 745/591/144 925/592/144
f 925/592/144 745/591/144 744/593/145
f 925/592/144 744/593/145 926/594/145
f 926/594/145 744/593/145 743/595/146
f 926/594/145 743/595/146 927/596/146
f 927/596/146 743/595/146 742/597/147
f 927/596/146 742/597/147 928/598/147
f 928/598/147 742/597/147 741/599/148
f 928/598/147 741/599/148 929/600/148
f 929/600/148 741/599/148 740/601/149
f 929/600/148 740/601/149 930/602/149
f 930/602/149 740/601/149 739/603/150
f 930/602/149 739/603/150 931/604/150
f 931/604/150 739/603/150 738/605/151
f 931/604/150 738/605/151 932/606/151
f 932/606/151 738/605/151 737/607/152
f 932/606/151 737/607/152 933/608/152
f 933/608/152 737/607/152 736/609/153
f 933/608/152 736/609/153 934/610/153
f 934/610/153 736/609/153 735/611/154
f 934/610/153 735/611/154 935/612/154
f 935/612/154 735/611/154 734/613/155
f 935/612/154 734/613/155 936/614/156
f 936/615/156 734/616/155 733/617/157
f 936/615/156 733/617/157 937/618/158
f 937/618/158 733/617/157 732/619/159
f 937/618/158 732/619/159 938/620/159
f 938/620/159 732/619/159 731/621/160
f 938/620/159 731/621/160 939/622/160
f 939/622/160 731/621/160 730/623/161
f 939/622/160 730/623/161 940/624/161
f 940/624/161 730/623/161 729/625/162
f 940/624/161 729/625/162 941/626/162
f 941/626/162 729/625/162 728/627/163
f 941/626/162 728/627/163 942/628/163
f 942/628/163 728/627/163 727/629/164
f 942/628/163 727/629/164 943/630/164
f 943/630/164 727/629/164 726/631/165
f 943/630/164 726/631/165 944/632/165
f 944/632/165 726/631/165 725/633/166
f 944/632/165 725/633/166 945/634/166
f 945/634/166 725/633/166 724/635/167
f 945/634/166 724/635/167 946/636/167
f 946/636/167 724/635/167 723/637/168
f 946/636/167 723/637/168 947/638/168
f 947/638/168 723/637/168 722/639/169
f 947/638/168 722/639/169 948/640/169
f 948/640/169 722/639/169 721/641/170
f 948/640/169 721/641/170 949/642/170
f 949/642/170 721/641/170 720/643/171
f 949/642/170 720/643/171 950/644/171
f 950/644/171 720/643/171 719/645/172
f 950/644/171 719/645/172 951/646/172
f 951/646/172 719/645/172 718/647/173
f 951/646/172 718/647/173 952/648/173
f 952/648/173 718/647/173 717/649/174
f 952/648/173 717/649/174 953/650/174
f 953/650/174 717/649/174 716/651/175
f 953/650/174 716/651/175 954/652/175
f 954/652/175 716/651/175 715/653/176
f 954/652/175 715/653/176 955/654/176
f 955/654/176 715/653/176 714/655/177
f 955/654/176 714/655/177 956/572/134
f 956/572/134 714/655/177 713/573/2
