# Blender 5.1.1
# www.blender.org
mtllib L1.mtl
o Link_1
v -0.021815 -0.040498 0.036000
v -0.022939 -0.039732 0.036000
v -0.024165 -0.039142 0.036000
v -0.024916 -0.039015 0.035708
v -0.025605 -0.039009 0.035338
v -0.026208 -0.039093 0.034935
v -0.026759 -0.039250 0.034496
v -0.027719 -0.039751 0.033539
v -0.028466 -0.040435 0.032550
v -0.028993 -0.041237 0.031591
v -0.029330 -0.042204 0.030605
v -0.029413 -0.043293 0.029661
v -0.029188 -0.044442 0.028831
v -0.028924 -0.045054 0.028460
v -0.028541 -0.045667 0.028148
v -0.028032 -0.046245 0.027922
v -0.027412 -0.046749 0.027806
v -0.026710 -0.047148 0.027812
v -0.025960 -0.047419 0.027940
v -0.025205 -0.047559 0.028175
v -0.024488 -0.047574 0.028494
v -0.023833 -0.047486 0.028869
v -0.023259 -0.047322 0.029271
v -0.022265 -0.046805 0.030169
v -0.021488 -0.046091 0.031147
v -0.020953 -0.045268 0.032118
v -0.021609 -0.044169 0.031417
v -0.021815 -0.044751 0.030803
v -0.022144 -0.045325 0.030164
v -0.022603 -0.045851 0.029535
v -0.023185 -0.046294 0.028945
v -0.023895 -0.046622 0.028412
v -0.024316 -0.046734 0.028165
v -0.024776 -0.046794 0.027944
v -0.025266 -0.046791 0.027759
v -0.025770 -0.046714 0.027618
v -0.026272 -0.046562 0.027530
v -0.026750 -0.046332 0.027500
v -0.027065 -0.046127 0.027515
v -0.027354 -0.045890 0.027560
v -0.027841 -0.045345 0.027731
v -0.028186 -0.044749 0.027996
v -0.028397 -0.044145 0.028327
v -0.028489 -0.043574 0.028695
v -0.028490 -0.043041 0.029086
v -0.028270 -0.042053 0.029950
v -0.027819 -0.041227 0.030852
v -0.027226 -0.040601 0.031714
v -0.026485 -0.040132 0.032571
v -0.025638 -0.039860 0.033357
v -0.024768 -0.039809 0.033980
v -0.024321 -0.039868 0.034221
v -0.023889 -0.039982 0.034393
v -0.023492 -0.040143 0.034484
v -0.023126 -0.040345 0.034495
v -0.022782 -0.040594 0.034429
v -0.022457 -0.040896 0.034281
v -0.022169 -0.041244 0.034058
v -0.021933 -0.041614 0.033784
v -0.021610 -0.042431 0.033096
v -0.021500 -0.043313 0.032274
v -0.020613 -0.044229 0.033203
v -0.020576 -0.043048 0.034288
v -0.020695 -0.042431 0.034791
v -0.020919 -0.041810 0.035249
v -0.021284 -0.041153 0.035669
v -0.028880 -0.043898 0.028835
v -0.028878 -0.042481 0.029952
v -0.027903 -0.040582 0.032047
v -0.028349 -0.041150 0.031321
v -0.022384 -0.040463 0.035247
v -0.021574 -0.041453 0.034703
v -0.023521 -0.039741 0.035316
v -0.024793 -0.039424 0.034879
v -0.025935 -0.039492 0.034141
v -0.026629 -0.039708 0.033538
v -0.028696 -0.041839 0.030566
v -0.028945 -0.043174 0.029367
v -0.028650 -0.044677 0.028348
v -0.028319 -0.045312 0.028022
v -0.027844 -0.045916 0.027784
v -0.027237 -0.046439 0.027661
v -0.026532 -0.046839 0.027666
v -0.025772 -0.047088 0.027802
v -0.025013 -0.047184 0.028049
v -0.024304 -0.047142 0.028382
v -0.023674 -0.046993 0.028767
v -0.022832 -0.046602 0.029447
v -0.022144 -0.046058 0.030205
v -0.021626 -0.045410 0.030996
v -0.021212 -0.042274 0.034086
v -0.021053 -0.043119 0.033354
v -0.021083 -0.043951 0.032561
v 0.031000 0.000000 0.036000
v 0.030404 -0.006048 0.036000
v 0.028640 -0.011863 0.036000
v 0.025776 -0.017223 0.036000
v 0.021920 -0.021920 0.036000
v 0.017223 -0.025776 0.036000
v 0.011863 -0.028640 0.036000
v 0.006048 -0.030404 0.036000
v 0.000000 -0.031000 0.036000
v -0.006048 -0.030404 0.036000
v -0.011863 -0.028640 0.036000
v -0.017223 -0.025776 0.036000
v -0.021920 -0.021920 0.036000
v -0.025776 -0.017223 0.036000
v -0.028640 -0.011863 0.036000
v -0.030404 -0.006048 0.036000
v -0.031000 0.000000 0.036000
v -0.030404 0.006048 0.036000
v -0.028640 0.011863 0.036000
v -0.025776 0.017223 0.036000
v -0.021920 0.021920 0.036000
v -0.017223 0.025776 0.036000
v -0.011863 0.028640 0.036000
v -0.006048 0.030404 0.036000
v 0.000000 0.031000 0.036000
v 0.006048 0.030404 0.036000
v 0.011863 0.028640 0.036000
v 0.017223 0.025776 0.036000
v 0.021920 0.021920 0.036000
v 0.025776 0.017223 0.036000
v 0.028640 0.011863 0.036000
v 0.030404 0.006048 0.036000
v -0.015307 -0.043378 0.036000
v -0.008433 -0.045220 0.036000
v -0.001356 -0.045980 0.036000
v 0.000000 -0.045879 0.036000
v 0.001356 -0.045980 0.036000
v 0.008433 -0.045220 0.036000
v 0.015307 -0.043378 0.036000
v 0.021815 -0.040498 0.036000
v 0.022939 -0.039732 0.036000
v 0.024165 -0.039142 0.036000
v 0.029913 -0.034946 0.036000
v 0.034946 -0.029913 0.036000
v 0.039142 -0.024165 0.036000
v 0.039732 -0.022939 0.036000
v 0.040498 -0.021815 0.036000
v 0.043378 -0.015307 0.036000
v 0.045220 -0.008433 0.036000
v 0.045980 -0.001356 0.036000
v 0.045879 0.000000 0.036000
v 0.045980 0.001356 0.036000
v 0.045220 0.008433 0.036000
v 0.043378 0.015307 0.036000
v 0.040498 0.021815 0.036000
v 0.039732 0.022939 0.036000
v 0.039142 0.024165 0.036000
v 0.034946 0.029913 0.036000
v 0.029913 0.034946 0.036000
v 0.024165 0.039142 0.036000
v 0.022939 0.039732 0.036000
v 0.021815 0.040498 0.036000
v 0.015307 0.043378 0.036000
v 0.008433 0.045220 0.036000
v 0.001356 0.045980 0.036000
v -0.000000 0.045879 0.036000
v -0.001356 0.045980 0.036000
v -0.008433 0.045220 0.036000
v -0.015307 0.043378 0.036000
v -0.021815 0.040498 0.036000
v -0.022939 0.039732 0.036000
v -0.024165 0.039142 0.036000
v -0.029913 0.034946 0.036000
v -0.034946 0.029913 0.036000
v -0.039142 0.024165 0.036000
v -0.039732 0.022939 0.036000
v -0.040498 0.021815 0.036000
v -0.043378 0.015307 0.036000
v -0.045220 0.008433 0.036000
v -0.045980 0.001356 0.036000
v -0.045879 -0.000000 0.036000
v -0.045980 -0.001356 0.036000
v -0.045220 -0.008433 0.036000
v -0.043378 -0.015307 0.036000
v -0.040498 -0.021815 0.036000
v -0.039732 -0.022939 0.036000
v -0.039142 -0.024165 0.036000
v -0.034946 -0.029913 0.036000
v -0.029913 -0.034946 0.036000
v -0.027475 -0.045776 0.027500
v -0.028031 -0.045051 0.027500
v -0.028381 -0.044207 0.027500
v -0.028500 -0.043301 0.027500
v -0.028381 -0.042395 0.027500
v -0.028031 -0.041551 0.027500
v -0.027475 -0.040826 0.027500
v -0.026750 -0.040270 0.027500
v -0.025906 -0.039921 0.027500
v -0.025000 -0.039801 0.027500
v -0.024094 -0.039921 0.027500
v -0.023250 -0.040270 0.027500
v -0.022525 -0.040826 0.027500
v -0.021969 -0.041551 0.027500
v -0.021619 -0.042395 0.027500
v -0.021500 -0.043301 0.027500
v -0.021619 -0.044207 0.027500
v -0.021969 -0.045051 0.027500
v -0.022525 -0.045776 0.027500
v -0.023250 -0.046332 0.027500
v -0.024094 -0.046682 0.027500
v -0.025000 -0.046801 0.027500
v -0.025906 -0.046682 0.027500
v -0.041085 -0.021330 0.035708
v -0.041679 -0.020980 0.035338
v -0.042243 -0.020751 0.034935
v -0.042799 -0.020612 0.034496
v -0.043881 -0.020566 0.033539
v -0.044870 -0.020785 0.032550
v -0.045727 -0.021215 0.031591
v -0.046502 -0.021885 0.030605
v -0.047119 -0.022786 0.029661
v -0.047498 -0.023894 0.028831
v -0.047577 -0.024556 0.028460
v -0.047551 -0.025278 0.028148
v -0.047399 -0.026033 0.027922
v -0.047114 -0.026780 0.027806
v -0.046706 -0.027477 0.027812
v -0.046191 -0.028087 0.027940
v -0.045608 -0.028585 0.028175
v -0.044994 -0.028956 0.028494
v -0.044383 -0.029207 0.028869
v -0.043804 -0.029353 0.029271
v -0.042684 -0.029402 0.030169
v -0.041654 -0.029172 0.031147
v -0.040780 -0.028727 0.032118
v -0.040799 -0.027447 0.031417
v -0.041268 -0.027848 0.030803
v -0.041840 -0.028180 0.030164
v -0.042500 -0.028407 0.029535
v -0.043226 -0.028499 0.028945
v -0.044005 -0.028429 0.028412
v -0.044426 -0.028314 0.028165
v -0.044854 -0.028137 0.027944
v -0.045276 -0.027889 0.027759
v -0.045675 -0.027570 0.027618
v -0.046033 -0.027188 0.027530
v -0.046332 -0.026750 0.027500
v -0.046502 -0.026414 0.027515
v -0.046634 -0.026064 0.027560
v -0.046784 -0.025350 0.027731
v -0.046784 -0.024660 0.027996
v -0.046665 -0.024032 0.028327
v -0.046459 -0.023491 0.028695
v -0.046194 -0.023030 0.029086
v -0.045509 -0.022284 0.029950
v -0.044705 -0.021794 0.030852
v -0.043879 -0.021548 0.031714
v -0.043002 -0.021513 0.032571
v -0.042133 -0.021701 0.033357
v -0.041355 -0.022092 0.033980
v -0.040997 -0.022366 0.034221
v -0.040680 -0.022681 0.034393
v -0.040416 -0.023019 0.034484
v -0.040201 -0.023377 0.034495
v -0.040027 -0.023765 0.034429
v -0.039897 -0.024188 0.034281
v -0.039821 -0.024634 0.034058
v -0.039802 -0.025072 0.033784
v -0.039930 -0.025941 0.033096
v -0.040276 -0.026760 0.032274
v -0.039966 -0.027997 0.033203
v -0.039343 -0.026992 0.034288
v -0.039138 -0.026399 0.034791
v -0.039021 -0.025749 0.035249
v -0.039009 -0.024997 0.035669
v -0.046960 -0.023577 0.028835
v -0.046250 -0.022351 0.029952
v -0.044455 -0.021193 0.032047
v -0.045126 -0.021462 0.031321
v -0.039616 -0.023850 0.035247
v -0.039410 -0.025113 0.034703
v -0.040241 -0.022656 0.035316
v -0.041183 -0.021746 0.034879
v -0.042206 -0.021234 0.034141
v -0.042915 -0.021073 0.033538
v -0.045771 -0.021885 0.030566
v -0.046654 -0.022918 0.029367
v -0.047150 -0.024367 0.028348
v -0.047181 -0.025082 0.028022
v -0.047072 -0.025842 0.027784
v -0.046807 -0.026598 0.027661
v -0.046396 -0.027298 0.027666
v -0.045863 -0.027893 0.027802
v -0.045254 -0.028356 0.028049
v -0.044618 -0.028674 0.028382
v -0.043999 -0.028860 0.028767
v -0.043075 -0.028943 0.029447
v -0.042206 -0.028815 0.030205
v -0.041434 -0.028513 0.030996
v -0.039507 -0.026004 0.034086
v -0.039792 -0.026816 0.033354
v -0.040234 -0.027522 0.032561
v -0.046682 -0.025906 0.027500
v -0.046801 -0.025000 0.027500
v -0.046682 -0.024094 0.027500
v -0.046332 -0.023250 0.027500
v -0.045776 -0.022525 0.027500
v -0.045051 -0.021969 0.027500
v -0.044207 -0.021619 0.027500
v -0.043301 -0.021500 0.027500
v -0.042395 -0.021619 0.027500
v -0.041551 -0.021969 0.027500
v -0.040826 -0.022525 0.027500
v -0.040270 -0.023250 0.027500
v -0.039921 -0.024094 0.027500
v -0.039801 -0.025000 0.027500
v -0.039921 -0.025906 0.027500
v -0.040270 -0.026750 0.027500
v -0.040826 -0.027475 0.027500
v -0.041551 -0.028031 0.027500
v -0.042395 -0.028381 0.027500
v -0.043301 -0.028500 0.027500
v -0.044207 -0.028381 0.027500
v -0.045051 -0.028031 0.027500
v -0.045776 -0.027475 0.027500
v -0.046246 0.002070 0.035708
v -0.046585 0.002670 0.035338
v -0.046959 0.003150 0.034935
v -0.047371 0.003549 0.034496
v -0.048285 0.004130 0.033539
v -0.049251 0.004435 0.032550
v -0.050209 0.004491 0.031591
v -0.051215 0.004298 0.030605
v -0.052199 0.003826 0.029661
v -0.053082 0.003057 0.028831
v -0.053481 0.002522 0.028460
v -0.053819 0.001884 0.028148
v -0.054065 0.001154 0.027922
v -0.054192 0.000365 0.027806
v -0.054187 -0.000443 0.027812
v -0.054046 -0.001228 0.027940
v -0.053790 -0.001951 0.028175
v -0.053444 -0.002580 0.028494
v -0.053041 -0.003103 0.028869
v -0.052612 -0.003518 0.029271
v -0.051667 -0.004121 0.030169
v -0.050660 -0.004437 0.031147
v -0.049680 -0.004489 0.032118
v -0.049056 -0.003370 0.031417
v -0.049663 -0.003483 0.030803
v -0.050324 -0.003485 0.030164
v -0.051010 -0.003351 0.029535
v -0.051684 -0.003068 0.028945
v -0.052324 -0.002617 0.028412
v -0.052631 -0.002308 0.028165
v -0.052913 -0.001940 0.027944
v -0.053155 -0.001515 0.027759
v -0.053341 -0.001039 0.027618
v -0.053459 -0.000529 0.027530
v -0.053500 0.000000 0.027500
v -0.053479 0.000376 0.027515
v -0.053419 0.000745 0.027560
v -0.053191 0.001439 0.027731
v -0.052846 0.002036 0.027996
v -0.052429 0.002520 0.028327
v -0.051981 0.002886 0.028695
v -0.051520 0.003153 0.029086
v -0.050554 0.003456 0.029950
v -0.049613 0.003478 0.030852
v -0.048774 0.003278 0.031714
v -0.047998 0.002870 0.032571
v -0.047339 0.002273 0.033357
v -0.046860 0.001545 0.033980
v -0.046687 0.001129 0.034221
v -0.046570 0.000698 0.034393
v -0.046510 0.000273 0.034484
v -0.046503 -0.000144 0.034495
v -0.046546 -0.000568 0.034429
v -0.046646 -0.000999 0.034281
v -0.046803 -0.001423 0.034058
v -0.047006 -0.001812 0.033784
v -0.047551 -0.002500 0.033096
v -0.048260 -0.003037 0.032274
v -0.048610 -0.004263 0.033203
v -0.047568 -0.003705 0.034288
v -0.047094 -0.003293 0.034791
v -0.046668 -0.002789 0.035249
v -0.046281 -0.002144 0.035669
v -0.052457 0.003062 0.028835
v -0.051229 0.003769 0.029952
v -0.049096 0.003874 0.032047
v -0.049811 0.003976 0.031321
v -0.046234 -0.000847 0.035247
v -0.046686 -0.002043 0.034703
v -0.046177 0.000500 0.035316
v -0.046539 0.001759 0.034879
v -0.047169 0.002714 0.034141
v -0.047703 0.003208 0.033538
v -0.050581 0.003932 0.030566
v -0.051863 0.003480 0.029367
v -0.053017 0.002473 0.028348
v -0.053401 0.001869 0.028022
v -0.053686 0.001156 0.027784
v -0.053836 0.000369 0.027661
v -0.053829 -0.000442 0.027666
v -0.053665 -0.001225 0.027802
v -0.053369 -0.001930 0.028049
v -0.052978 -0.002523 0.028382
v -0.052534 -0.002994 0.028767
v -0.051775 -0.003528 0.029447
v -0.050959 -0.003852 0.030205
v -0.050139 -0.003976 0.030996
v -0.047216 -0.002766 0.034086
v -0.047869 -0.003327 0.033354
v -0.048604 -0.003718 0.032561
v -0.053381 0.000906 0.027500
v -0.053031 0.001750 0.027500
v -0.052475 0.002475 0.027500
v -0.051750 0.003031 0.027500
v -0.050906 0.003381 0.027500
v -0.050000 0.003500 0.027500
v -0.049094 0.003381 0.027500
v -0.048250 0.003031 0.027500
v -0.047525 0.002475 0.027500
v -0.046969 0.001750 0.027500
v -0.046619 0.000906 0.027500
v -0.046500 0.000000 0.027500
v -0.046619 -0.000906 0.027500
v -0.046969 -0.001750 0.027500
v -0.047525 -0.002475 0.027500
v -0.048250 -0.003031 0.027500
v -0.049094 -0.003381 0.027500
v -0.050000 -0.003500 0.027500
v -0.050906 -0.003381 0.027500
v -0.051750 -0.003031 0.027500
v -0.052475 -0.002475 0.027500
v -0.053031 -0.001750 0.027500
v -0.053381 -0.000906 0.027500
v -0.039015 0.024916 0.035708
v -0.039009 0.025605 0.035338
v -0.039093 0.026208 0.034935
v -0.039250 0.026759 0.034496
v -0.039751 0.027719 0.033539
v -0.040435 0.028466 0.032550
v -0.041237 0.028993 0.031591
v -0.042204 0.029330 0.030605
v -0.043293 0.029413 0.029661
v -0.044442 0.029188 0.028831
v -0.045054 0.028924 0.028460
v -0.045667 0.028541 0.028148
v -0.046245 0.028032 0.027922
v -0.046749 0.027412 0.027806
v -0.047148 0.026710 0.027812
v -0.047419 0.025960 0.027940
v -0.047559 0.025205 0.028175
v -0.047574 0.024488 0.028494
v -0.047486 0.023833 0.028869
v -0.047322 0.023259 0.029271
v -0.046805 0.022265 0.030169
v -0.046091 0.021488 0.031147
v -0.045268 0.020953 0.032118
v -0.044169 0.021609 0.031417
v -0.044751 0.021815 0.030803
v -0.045325 0.022144 0.030164
v -0.045851 0.022603 0.029535
v -0.046294 0.023185 0.028945
v -0.046622 0.023895 0.028412
v -0.046734 0.024316 0.028165
v -0.046794 0.024776 0.027944
v -0.046791 0.025266 0.027759
v -0.046714 0.025770 0.027618
v -0.046562 0.026272 0.027530
v -0.046332 0.026750 0.027500
v -0.046127 0.027065 0.027515
v -0.045890 0.027354 0.027560
v -0.045345 0.027841 0.027731
v -0.044749 0.028186 0.027996
v -0.044145 0.028397 0.028327
v -0.043574 0.028489 0.028695
v -0.043041 0.028490 0.029086
v -0.042053 0.028270 0.029950
v -0.041227 0.027819 0.030852
v -0.040601 0.027226 0.031714
v -0.040132 0.026485 0.032571
v -0.039860 0.025638 0.033357
v -0.039809 0.024768 0.033980
v -0.039868 0.024321 0.034221
v -0.039982 0.023889 0.034393
v -0.040143 0.023492 0.034484
v -0.040345 0.023126 0.034495
v -0.040594 0.022782 0.034429
v -0.040896 0.022457 0.034281
v -0.041244 0.022169 0.034058
v -0.041614 0.021933 0.033784
v -0.042431 0.021610 0.033096
v -0.043313 0.021500 0.032274
v -0.044229 0.020613 0.033203
v -0.043048 0.020576 0.034288
v -0.042431 0.020695 0.034791
v -0.041810 0.020919 0.035249
v -0.041153 0.021284 0.035669
v -0.043898 0.028880 0.028835
v -0.042481 0.028878 0.029952
v -0.040582 0.027903 0.032047
v -0.041150 0.028349 0.031321
v -0.040463 0.022384 0.035247
v -0.041453 0.021574 0.034703
v -0.039741 0.023521 0.035316
v -0.039424 0.024793 0.034879
v -0.039492 0.025935 0.034141
v -0.039708 0.026629 0.033538
v -0.041839 0.028696 0.030566
v -0.043174 0.028945 0.029367
v -0.044677 0.028650 0.028348
v -0.045312 0.028319 0.028022
v -0.045916 0.027844 0.027784
v -0.046439 0.027237 0.027661
v -0.046839 0.026532 0.027666
v -0.047088 0.025772 0.027802
v -0.047184 0.025013 0.028049
v -0.047142 0.024304 0.028382
v -0.046993 0.023674 0.028767
v -0.046602 0.022832 0.029447
v -0.046058 0.022144 0.030205
v -0.045410 0.021626 0.030996
v -0.042274 0.021212 0.034086
v -0.043119 0.021053 0.033354
v -0.043951 0.021083 0.032561
v -0.045776 0.027475 0.027500
v -0.045051 0.028031 0.027500
v -0.044207 0.028381 0.027500
v -0.043301 0.028500 0.027500
v -0.042395 0.028381 0.027500
v -0.041551 0.028031 0.027500
v -0.040826 0.027475 0.027500
v -0.040270 0.026750 0.027500
v -0.039921 0.025906 0.027500
v -0.039801 0.025000 0.027500
v -0.039921 0.024094 0.027500
v -0.040270 0.023250 0.027500
v -0.040826 0.022525 0.027500
v -0.041551 0.021969 0.027500
v -0.042395 0.021619 0.027500
v -0.043301 0.021500 0.027500
v -0.044207 0.021619 0.027500
v -0.045051 0.021969 0.027500
v -0.045776 0.022525 0.027500
v -0.046332 0.023250 0.027500
v -0.046682 0.024094 0.027500
v -0.046801 0.025000 0.027500
v -0.046682 0.025906 0.027500
v -0.021330 0.041085 0.035708
v -0.020980 0.041679 0.035338
v -0.020751 0.042243 0.034935
v -0.020612 0.042799 0.034496
v -0.020566 0.043881 0.033539
v -0.020785 0.044870 0.032550
v -0.021215 0.045727 0.031591
v -0.021885 0.046502 0.030605
v -0.022786 0.047119 0.029661
v -0.023894 0.047498 0.028831
v -0.024556 0.047577 0.028460
v -0.025278 0.047551 0.028148
v -0.026033 0.047399 0.027922
v -0.026780 0.047114 0.027806
v -0.027477 0.046706 0.027812
v -0.028087 0.046191 0.027940
v -0.028585 0.045608 0.028175
v -0.028956 0.044994 0.028494
v -0.029207 0.044383 0.028869
v -0.029353 0.043804 0.029271
v -0.029402 0.042684 0.030169
v -0.029172 0.041654 0.031147
v -0.028727 0.040780 0.032118
v -0.027447 0.040799 0.031417
v -0.027848 0.041268 0.030803
v -0.028180 0.041840 0.030164
v -0.028407 0.042500 0.029535
v -0.028499 0.043226 0.028945
v -0.028429 0.044005 0.028412
v -0.028314 0.044426 0.028165
v -0.028137 0.044854 0.027944
v -0.027889 0.045276 0.027759
v -0.027570 0.045675 0.027618
v -0.027188 0.046033 0.027530
v -0.026750 0.046332 0.027500
v -0.026414 0.046502 0.027515
v -0.026064 0.046634 0.027560
v -0.025350 0.046784 0.027731
v -0.024660 0.046784 0.027996
v -0.024032 0.046665 0.028327
v -0.023491 0.046459 0.028695
v -0.023030 0.046194 0.029086
v -0.022284 0.045509 0.029950
v -0.021794 0.044705 0.030852
v -0.021548 0.043879 0.031714
v -0.021513 0.043002 0.032571
v -0.021701 0.042133 0.033357
v -0.022092 0.041355 0.033980
v -0.022366 0.040997 0.034221
v -0.022681 0.040680 0.034393
v -0.023019 0.040416 0.034484
v -0.023377 0.040201 0.034495
v -0.023765 0.040027 0.034429
v -0.024188 0.039897 0.034281
v -0.024634 0.039821 0.034058
v -0.025072 0.039802 0.033784
v -0.025941 0.039930 0.033096
v -0.026760 0.040276 0.032274
v -0.027997 0.039966 0.033203
v -0.026992 0.039343 0.034288
v -0.026399 0.039138 0.034791
v -0.025749 0.039021 0.035249
v -0.024997 0.039009 0.035669
v -0.023577 0.046960 0.028835
v -0.022351 0.046250 0.029952
v -0.021193 0.044455 0.032047
v -0.021462 0.045126 0.031321
v -0.023850 0.039616 0.035247
v -0.025113 0.039410 0.034703
v -0.022656 0.040241 0.035316
v -0.021746 0.041183 0.034879
v -0.021234 0.042206 0.034141
v -0.021073 0.042915 0.033538
v -0.021885 0.045771 0.030566
v -0.022918 0.046654 0.029367
v -0.024367 0.047150 0.028348
v -0.025082 0.047181 0.028022
v -0.025842 0.047072 0.027784
v -0.026598 0.046807 0.027661
v -0.027298 0.046396 0.027666
v -0.027893 0.045863 0.027802
v -0.028356 0.045254 0.028049
v -0.028674 0.044618 0.028382
v -0.028860 0.043999 0.028767
v -0.028943 0.043075 0.029447
v -0.028815 0.042206 0.030205
v -0.028513 0.041434 0.030996
v -0.026004 0.039507 0.034086
v -0.026816 0.039792 0.033354
v -0.027522 0.040234 0.032561
v -0.025906 0.046682 0.027500
v -0.025000 0.046801 0.027500
v -0.024094 0.046682 0.027500
v -0.023250 0.046332 0.027500
v -0.022525 0.045776 0.027500
v -0.021969 0.045051 0.027500
v -0.021619 0.044207 0.027500
v -0.021500 0.043301 0.027500
v -0.021619 0.042395 0.027500
v -0.021969 0.041551 0.027500
v -0.022525 0.040826 0.027500
v -0.023250 0.040270 0.027500
v -0.024094 0.039921 0.027500
v -0.025000 0.039801 0.027500
v -0.025906 0.039921 0.027500
v -0.026750 0.040270 0.027500
v -0.027475 0.040826 0.027500
v -0.028031 0.041551 0.027500
v -0.028381 0.042395 0.027500
v -0.028500 0.043301 0.027500
v -0.028381 0.044207 0.027500
v -0.028031 0.045051 0.027500
v -0.027475 0.045776 0.027500
v 0.002070 0.046246 0.035708
v 0.002670 0.046585 0.035338
v 0.003150 0.046959 0.034935
v 0.003549 0.047371 0.034496
v 0.004130 0.048285 0.033539
v 0.004435 0.049251 0.032550
v 0.004491 0.050209 0.031591
v 0.004298 0.051215 0.030605
v 0.003826 0.052199 0.029661
v 0.003057 0.053082 0.028831
v 0.002522 0.053481 0.028460
v 0.001884 0.053819 0.028148
v 0.001154 0.054065 0.027922
v 0.000365 0.054192 0.027806
v -0.000443 0.054187 0.027812
v -0.001228 0.054046 0.027940
v -0.001951 0.053790 0.028175
v -0.002580 0.053444 0.028494
v -0.003103 0.053041 0.028869
v -0.003518 0.052612 0.029271
v -0.004121 0.051667 0.030169
v -0.004437 0.050660 0.031147
v -0.004489 0.049680 0.032118
v -0.003370 0.049056 0.031417
v -0.003483 0.049663 0.030803
v -0.003485 0.050324 0.030164
v -0.003351 0.051010 0.029535
v -0.003068 0.051684 0.028945
v -0.002617 0.052324 0.028412
v -0.002308 0.052631 0.028165
v -0.001940 0.052913 0.027944
v -0.001515 0.053155 0.027759
v -0.001039 0.053341 0.027618
v -0.000529 0.053459 0.027530
v 0.000000 0.053500 0.027500
v 0.000376 0.053479 0.027515
v 0.000745 0.053419 0.027560
v 0.001439 0.053191 0.027731
v 0.002036 0.052846 0.027996
v 0.002520 0.052429 0.028327
v 0.002886 0.051981 0.028695
v 0.003153 0.051520 0.029086
v 0.003456 0.050554 0.029950
v 0.003478 0.049613 0.030852
v 0.003278 0.048774 0.031714
v 0.002870 0.047998 0.032571
v 0.002273 0.047339 0.033357
v 0.001545 0.046860 0.033980
v 0.001129 0.046687 0.034221
v 0.000698 0.046570 0.034393
v 0.000273 0.046510 0.034484
v -0.000144 0.046503 0.034495
v -0.000568 0.046546 0.034429
v -0.000999 0.046646 0.034281
v -0.001423 0.046803 0.034058
v -0.001812 0.047006 0.033784
v -0.002500 0.047551 0.033096
v -0.003037 0.048260 0.032274
v -0.004263 0.048610 0.033203
v -0.003705 0.047568 0.034288
v -0.003293 0.047094 0.034791
v -0.002789 0.046668 0.035249
v -0.002144 0.046281 0.035669
v 0.003062 0.052457 0.028835
v 0.003769 0.051229 0.029952
v 0.003874 0.049096 0.032047
v 0.003976 0.049811 0.031321
v -0.000847 0.046234 0.035247
v -0.002043 0.046686 0.034703
v 0.000500 0.046177 0.035316
v 0.001759 0.046539 0.034879
v 0.002714 0.047169 0.034141
v 0.003208 0.047703 0.033538
v 0.003932 0.050581 0.030566
v 0.003480 0.051863 0.029367
v 0.002473 0.053017 0.028348
v 0.001869 0.053401 0.028022
v 0.001156 0.053686 0.027784
v 0.000369 0.053836 0.027661
v -0.000442 0.053829 0.027666
v -0.001225 0.053665 0.027802
v -0.001930 0.053369 0.028049
v -0.002523 0.052978 0.028382
v -0.002994 0.052534 0.028767
v -0.003528 0.051775 0.029447
v -0.003852 0.050959 0.030205
v -0.003976 0.050139 0.030996
v -0.002766 0.047216 0.034086
v -0.003327 0.047869 0.033354
v -0.003718 0.048604 0.032561
v 0.000906 0.053381 0.027500
v 0.001750 0.053031 0.027500
v 0.002475 0.052475 0.027500
v 0.003031 0.051750 0.027500
v 0.003381 0.050906 0.027500
v 0.003500 0.050000 0.027500
v 0.003381 0.049094 0.027500
v 0.003031 0.048250 0.027500
v 0.002475 0.047525 0.027500
v 0.001750 0.046969 0.027500
v 0.000906 0.046619 0.027500
v 0.000000 0.046500 0.027500
v -0.000906 0.046619 0.027500
v -0.001750 0.046969 0.027500
v -0.002475 0.047525 0.027500
v -0.003031 0.048250 0.027500
v -0.003381 0.049094 0.027500
v -0.003500 0.050000 0.027500
v -0.003381 0.050906 0.027500
v -0.003031 0.051750 0.027500
v -0.002475 0.052475 0.027500
v -0.001750 0.053031 0.027500
v -0.000906 0.053381 0.027500
v 0.024916 0.039015 0.035708
v 0.025605 0.039009 0.035338
v 0.026208 0.039093 0.034935
v 0.026759 0.039250 0.034496
v 0.027719 0.039751 0.033539
v 0.028466 0.040435 0.032550
v 0.028993 0.041237 0.031591
v 0.029330 0.042204 0.030605
v 0.029413 0.043293 0.029661
v 0.029188 0.044442 0.028831
v 0.028924 0.045054 0.028460
v 0.028541 0.045667 0.028148
v 0.028032 0.046245 0.027922
v 0.027412 0.046749 0.027806
v 0.026710 0.047148 0.027812
v 0.025960 0.047419 0.027940
v 0.025205 0.047559 0.028175
v 0.024488 0.047574 0.028494
v 0.023833 0.047486 0.028869
v 0.023259 0.047322 0.029271
v 0.022265 0.046805 0.030169
v 0.021488 0.046091 0.031147
v 0.020953 0.045268 0.032118
v 0.021609 0.044169 0.031417
v 0.021815 0.044751 0.030803
v 0.022144 0.045325 0.030164
v 0.022603 0.045851 0.029535
v 0.023185 0.046294 0.028945
v 0.023895 0.046622 0.028412
v 0.024316 0.046734 0.028165
v 0.024776 0.046794 0.027944
v 0.025266 0.046791 0.027759
v 0.025770 0.046714 0.027618
v 0.026272 0.046562 0.027530
v 0.026750 0.046332 0.027500
v 0.027065 0.046127 0.027515
v 0.027354 0.045890 0.027560
v 0.027841 0.045345 0.027731
v 0.028186 0.044749 0.027996
v 0.028397 0.044145 0.028327
v 0.028489 0.043574 0.028695
v 0.028490 0.043041 0.029086
v 0.028270 0.042053 0.029950
v 0.027819 0.041227 0.030852
v 0.027226 0.040601 0.031714
v 0.026485 0.040132 0.032571
v 0.025638 0.039860 0.033357
v 0.024768 0.039809 0.033980
v 0.024321 0.039868 0.034221
v 0.023889 0.039982 0.034393
v 0.023492 0.040143 0.034484
v 0.023126 0.040345 0.034495
v 0.022782 0.040594 0.034429
v 0.022457 0.040896 0.034281
v 0.022169 0.041244 0.034058
v 0.021933 0.041614 0.033784
v 0.021610 0.042431 0.033096
v 0.021500 0.043313 0.032274
v 0.020613 0.044229 0.033203
v 0.020576 0.043048 0.034288
v 0.020695 0.042431 0.034791
v 0.020919 0.041810 0.035249
v 0.021284 0.041153 0.035669
v 0.028880 0.043898 0.028835
v 0.028878 0.042481 0.029952
v 0.027903 0.040582 0.032047
v 0.028349 0.041150 0.031321
v 0.022384 0.040463 0.035247
v 0.021574 0.041453 0.034703
v 0.023521 0.039741 0.035316
v 0.024793 0.039424 0.034879
v 0.025935 0.039492 0.034141
v 0.026629 0.039708 0.033538
v 0.028696 0.041839 0.030566
v 0.028945 0.043174 0.029367
v 0.028650 0.044677 0.028348
v 0.028319 0.045312 0.028022
v 0.027844 0.045916 0.027784
v 0.027237 0.046439 0.027661
v 0.026532 0.046839 0.027666
v 0.025772 0.047088 0.027802
v 0.025013 0.047184 0.028049
v 0.024304 0.047142 0.028382
v 0.023674 0.046993 0.028767
v 0.022832 0.046602 0.029447
v 0.022144 0.046058 0.030205
v 0.021626 0.045410 0.030996
v 0.021212 0.042274 0.034086
v 0.021053 0.043119 0.033354
v 0.021083 0.043951 0.032561
v 0.027475 0.045776 0.027500
v 0.028031 0.045051 0.027500
v 0.028381 0.044207 0.027500
v 0.028500 0.043301 0.027500
v 0.028381 0.042395 0.027500
v 0.028031 0.041551 0.027500
v 0.027475 0.040826 0.027500
v 0.026750 0.040270 0.027500
v 0.025906 0.039921 0.027500
v 0.025000 0.039801 0.027500
v 0.024094 0.039921 0.027500
v 0.023250 0.040270 0.027500
v 0.022525 0.040826 0.027500
v 0.021969 0.041551 0.027500
v 0.021619 0.042395 0.027500
v 0.021500 0.043301 0.027500
v 0.021619 0.044207 0.027500
v 0.021969 0.045051 0.027500
v 0.022525 0.045776 0.027500
v 0.023250 0.046332 0.027500
v 0.024094 0.046682 0.027500
v 0.025000 0.046801 0.027500
v 0.025906 0.046682 0.027500
v 0.041085 0.021330 0.035708
v 0.041679 0.020980 0.035338
v 0.042243 0.020751 0.034935
v 0.042799 0.020612 0.034496
v 0.043881 0.020566 0.033539
v 0.044870 0.020785 0.032550
v 0.045727 0.021215 0.031591
v 0.046502 0.021885 0.030605
v 0.047119 0.022786 0.029661
v 0.047498 0.023894 0.028831
v 0.047577 0.024556 0.028460
v 0.047551 0.025278 0.028148
v 0.047399 0.026033 0.027922
v 0.047114 0.026780 0.027806
v 0.046706 0.027477 0.027812
v 0.046191 0.028087 0.027940
v 0.045608 0.028585 0.028175
v 0.044994 0.028956 0.028494
v 0.044383 0.029207 0.028869
v 0.043804 0.029353 0.029271
v 0.042684 0.029402 0.030169
v 0.041654 0.029172 0.031147
v 0.040780 0.028727 0.032118
v 0.040799 0.027447 0.031417
v 0.041268 0.027848 0.030803
v 0.041840 0.028180 0.030164
v 0.042500 0.028407 0.029535
v 0.043226 0.028499 0.028945
v 0.044005 0.028429 0.028412
v 0.044426 0.028314 0.028165
v 0.044854 0.028137 0.027944
v 0.045276 0.027889 0.027759
v 0.045675 0.027570 0.027618
v 0.046033 0.027188 0.027530
v 0.046332 0.026750 0.027500
v 0.046502 0.026414 0.027515
v 0.046634 0.026064 0.027560
v 0.046784 0.025350 0.027731
v 0.046784 0.024660 0.027996
v 0.046665 0.024032 0.028327
v 0.046459 0.023491 0.028695
v 0.046194 0.023030 0.029086
v 0.045509 0.022284 0.029950
v 0.044705 0.021794 0.030852
v 0.043879 0.021548 0.031714
v 0.043002 0.021513 0.032571
v 0.042133 0.021701 0.033357
v 0.041355 0.022092 0.033980
v 0.040997 0.022366 0.034221
v 0.040680 0.022681 0.034393
v 0.040416 0.023019 0.034484
v 0.040201 0.023377 0.034495
v 0.040027 0.023765 0.034429
v 0.039897 0.024188 0.034281
v 0.039821 0.024634 0.034058
v 0.039802 0.025072 0.033784
v 0.039930 0.025941 0.033096
v 0.040276 0.026760 0.032274
v 0.039966 0.027997 0.033203
v 0.039343 0.026992 0.034288
v 0.039138 0.026399 0.034791
v 0.039021 0.025749 0.035249
v 0.039009 0.024997 0.035669
v 0.046960 0.023577 0.028835
v 0.046250 0.022351 0.029952
v 0.044455 0.021193 0.032047
v 0.045126 0.021462 0.031321
v 0.039616 0.023850 0.035247
v 0.039410 0.025113 0.034703
v 0.040241 0.022656 0.035316
v 0.041183 0.021746 0.034879
v 0.042206 0.021234 0.034141
v 0.042915 0.021073 0.033538
v 0.045771 0.021885 0.030566
v 0.046654 0.022918 0.029367
v 0.047150 0.024367 0.028348
v 0.047181 0.025082 0.028022
v 0.047072 0.025842 0.027784
v 0.046807 0.026598 0.027661
v 0.046396 0.027298 0.027666
v 0.045863 0.027893 0.027802
v 0.045254 0.028356 0.028049
v 0.044618 0.028674 0.028382
v 0.043999 0.028860 0.028767
v 0.043075 0.028943 0.029447
v 0.042206 0.028815 0.030205
v 0.041434 0.028513 0.030996
v 0.039507 0.026004 0.034086
v 0.039792 0.026816 0.033354
v 0.040234 0.027522 0.032561
v 0.046682 0.025906 0.027500
v 0.046801 0.025000 0.027500
v 0.046682 0.024094 0.027500
v 0.046332 0.023250 0.027500
v 0.045776 0.022525 0.027500
v 0.045051 0.021969 0.027500
v 0.044207 0.021619 0.027500
v 0.043301 0.021500 0.027500
v 0.042395 0.021619 0.027500
v 0.041551 0.021969 0.027500
v 0.040826 0.022525 0.027500
v 0.040270 0.023250 0.027500
v 0.039921 0.024094 0.027500
v 0.039801 0.025000 0.027500
v 0.039921 0.025906 0.027500
v 0.040270 0.026750 0.027500
v 0.040826 0.027475 0.027500
v 0.041551 0.028031 0.027500
v 0.042395 0.028381 0.027500
v 0.043301 0.028500 0.027500
v 0.044207 0.028381 0.027500
v 0.045051 0.028031 0.027500
v 0.045776 0.027475 0.027500
v 0.046246 -0.002070 0.035708
v 0.046585 -0.002670 0.035338
v 0.046959 -0.003150 0.034935
v 0.047371 -0.003549 0.034496
v 0.048285 -0.004130 0.033539
v 0.049251 -0.004435 0.032550
v 0.050209 -0.004491 0.031591
v 0.051215 -0.004298 0.030605
v 0.052199 -0.003826 0.029661
v 0.053082 -0.003057 0.028831
v 0.053481 -0.002522 0.028460
v 0.053819 -0.001884 0.028148
v 0.054065 -0.001154 0.027922
v 0.054192 -0.000365 0.027806
v 0.054187 0.000443 0.027812
v 0.054046 0.001228 0.027940
v 0.053790 0.001951 0.028175
v 0.053444 0.002580 0.028494
v 0.053041 0.003103 0.028869
v 0.052612 0.003518 0.029271
v 0.051667 0.004121 0.030169
v 0.050660 0.004437 0.031147
v 0.049680 0.004489 0.032118
v 0.049056 0.003370 0.031417
v 0.049663 0.003483 0.030803
v 0.050324 0.003485 0.030164
v 0.051010 0.003351 0.029535
v 0.051684 0.003068 0.028945
v 0.052324 0.002617 0.028412
v 0.052631 0.002308 0.028165
v 0.052913 0.001940 0.027944
v 0.053155 0.001515 0.027759
v 0.053341 0.001039 0.027618
v 0.053459 0.000529 0.027530
v 0.053500 0.000000 0.027500
v 0.053479 -0.000376 0.027515
v 0.053419 -0.000745 0.027560
v 0.053191 -0.001439 0.027731
v 0.052846 -0.002036 0.027996
v 0.052429 -0.002520 0.028327
v 0.051981 -0.002886 0.028695
v 0.051520 -0.003153 0.029086
v 0.050554 -0.003456 0.029950
v 0.049613 -0.003478 0.030852
v 0.048774 -0.003278 0.031714
v 0.047998 -0.002870 0.032571
v 0.047339 -0.002273 0.033357
v 0.046860 -0.001545 0.033980
v 0.046687 -0.001129 0.034221
v 0.046570 -0.000698 0.034393
v 0.046510 -0.000273 0.034484
v 0.046503 0.000144 0.034495
v 0.046546 0.000568 0.034429
v 0.046646 0.000999 0.034281
v 0.046803 0.001423 0.034058
v 0.047006 0.001812 0.033784
v 0.047551 0.002500 0.033096
v 0.048260 0.003037 0.032274
v 0.048610 0.004263 0.033203
v 0.047568 0.003705 0.034288
v 0.047094 0.003293 0.034791
v 0.046668 0.002789 0.035249
v 0.046281 0.002144 0.035669
v 0.052457 -0.003062 0.028835
v 0.051229 -0.003769 0.029952
v 0.049096 -0.003874 0.032047
v 0.049811 -0.003976 0.031321
v 0.046234 0.000847 0.035247
v 0.046686 0.002043 0.034703
v 0.046177 -0.000500 0.035316
v 0.046539 -0.001759 0.034879
v 0.047169 -0.002714 0.034141
v 0.047703 -0.003208 0.033538
v 0.050581 -0.003932 0.030566
v 0.051863 -0.003480 0.029367
v 0.053017 -0.002473 0.028348
v 0.053401 -0.001869 0.028022
v 0.053686 -0.001156 0.027784
v 0.053836 -0.000369 0.027661
v 0.053829 0.000442 0.027666
v 0.053665 0.001225 0.027802
v 0.053369 0.001930 0.028049
v 0.052978 0.002523 0.028382
v 0.052534 0.002994 0.028767
v 0.051775 0.003528 0.029447
v 0.050959 0.003852 0.030205
v 0.050139 0.003976 0.030996
v 0.047216 0.002766 0.034086
v 0.047869 0.003327 0.033354
v 0.048604 0.003718 0.032561
v 0.053381 -0.000906 0.027500
v 0.053031 -0.001750 0.027500
v 0.052475 -0.002475 0.027500
v 0.051750 -0.003031 0.027500
v 0.050906 -0.003381 0.027500
v 0.050000 -0.003500 0.027500
v 0.049094 -0.003381 0.027500
v 0.048250 -0.003031 0.027500
v 0.047525 -0.002475 0.027500
v 0.046969 -0.001750 0.027500
v 0.046619 -0.000906 0.027500
v 0.046500 0.000000 0.027500
v 0.046619 0.000906 0.027500
v 0.046969 0.001750 0.027500
v 0.047525 0.002475 0.027500
v 0.048250 0.003031 0.027500
v 0.049094 0.003381 0.027500
v 0.050000 0.003500 0.027500
v 0.050906 0.003381 0.027500
v 0.051750 0.003031 0.027500
v 0.052475 0.002475 0.027500
v 0.053031 0.001750 0.027500
v 0.053381 0.000906 0.027500
v 0.039015 -0.024916 0.035708
v 0.039009 -0.025605 0.035338
v 0.039093 -0.026208 0.034935
v 0.039250 -0.026759 0.034496
v 0.039751 -0.027719 0.033539
v 0.040435 -0.028466 0.032550
v 0.041237 -0.028993 0.031591
v 0.042204 -0.029330 0.030605
v 0.043293 -0.029413 0.029661
v 0.044442 -0.029188 0.028831
v 0.045054 -0.028924 0.028460
v 0.045667 -0.028541 0.028148
v 0.046245 -0.028032 0.027922
v 0.046749 -0.027412 0.027806
v 0.047148 -0.026710 0.027812
v 0.047419 -0.025960 0.027940
v 0.047559 -0.025205 0.028175
v 0.047574 -0.024488 0.028494
v 0.047486 -0.023833 0.028869
v 0.047322 -0.023259 0.029271
v 0.046805 -0.022265 0.030169
v 0.046091 -0.021488 0.031147
v 0.045268 -0.020953 0.032118
v 0.044169 -0.021609 0.031417
v 0.044751 -0.021815 0.030803
v 0.045325 -0.022144 0.030164
v 0.045851 -0.022603 0.029535
v 0.046294 -0.023185 0.028945
v 0.046622 -0.023895 0.028412
v 0.046734 -0.024316 0.028165
v 0.046794 -0.024776 0.027944
v 0.046791 -0.025266 0.027759
v 0.046714 -0.025770 0.027618
v 0.046562 -0.026272 0.027530
v 0.046332 -0.026750 0.027500
v 0.046127 -0.027065 0.027515
v 0.045890 -0.027354 0.027560
v 0.045345 -0.027841 0.027731
v 0.044749 -0.028186 0.027996
v 0.044145 -0.028397 0.028327
v 0.043574 -0.028489 0.028695
v 0.043041 -0.028490 0.029086
v 0.042053 -0.028270 0.029950
v 0.041227 -0.027819 0.030852
v 0.040601 -0.027226 0.031714
v 0.040132 -0.026485 0.032571
v 0.039860 -0.025638 0.033357
v 0.039809 -0.024768 0.033980
v 0.039868 -0.024321 0.034221
v 0.039982 -0.023889 0.034393
v 0.040143 -0.023492 0.034484
v 0.040345 -0.023126 0.034495
v 0.040594 -0.022782 0.034429
v 0.040896 -0.022457 0.034281
v 0.041244 -0.022169 0.034058
v 0.041614 -0.021933 0.033784
v 0.042431 -0.021610 0.033096
v 0.043313 -0.021500 0.032274
v 0.044229 -0.020613 0.033203
v 0.043048 -0.020576 0.034288
v 0.042431 -0.020695 0.034791
v 0.041810 -0.020919 0.035249
v 0.041153 -0.021284 0.035669
v 0.043898 -0.028880 0.028835
v 0.042481 -0.028878 0.029952
v 0.040582 -0.027903 0.032047
v 0.041150 -0.028349 0.031321
v 0.040463 -0.022384 0.035247
v 0.041453 -0.021574 0.034703
v 0.039741 -0.023521 0.035316
v 0.039424 -0.024793 0.034879
v 0.039492 -0.025935 0.034141
v 0.039708 -0.026629 0.033538
v 0.041839 -0.028696 0.030566
v 0.043174 -0.028945 0.029367
v 0.044677 -0.028650 0.028348
v 0.045312 -0.028319 0.028022
v 0.045916 -0.027844 0.027784
v 0.046439 -0.027237 0.027661
v 0.046839 -0.026532 0.027666
v 0.047088 -0.025772 0.027802
v 0.047184 -0.025013 0.028049
v 0.047142 -0.024304 0.028382
v 0.046993 -0.023674 0.028767
v 0.046602 -0.022832 0.029447
v 0.046058 -0.022144 0.030205
v 0.045410 -0.021626 0.030996
v 0.042274 -0.021212 0.034086
v 0.043119 -0.021053 0.033354
v 0.043951 -0.021083 0.032561
v 0.045776 -0.027475 0.027500
v 0.045051 -0.028031 0.027500
v 0.044207 -0.028381 0.027500
v 0.043301 -0.028500 0.027500
v 0.042395 -0.028381 0.027500
v 0.041551 -0.028031 0.027500
v 0.040826 -0.027475 0.027500
v 0.040270 -0.026750 0.027500
v 0.039921 -0.025906 0.027500
v 0.039801 -0.025000 0.027500
v 0.039921 -0.024094 0.027500
v 0.040270 -0.023250 0.027500
v 0.040826 -0.022525 0.027500
v 0.041551 -0.021969 0.027500
v 0.042395 -0.021619 0.027500
v 0.043301 -0.021500 0.027500
v 0.044207 -0.021619 0.027500
v 0.045051 -0.021969 0.027500
v 0.045776 -0.022525 0.027500
v 0.046332 -0.023250 0.027500
v 0.046682 -0.024094 0.027500
v 0.046801 -0.025000 0.027500
v 0.046682 -0.025906 0.027500
v 0.021330 -0.041085 0.035708
v 0.020980 -0.041679 0.035338
v 0.020751 -0.042243 0.034935
v 0.020612 -0.042799 0.034496
v 0.020566 -0.043881 0.033539
v 0.020785 -0.044870 0.032550
v 0.021215 -0.045727 0.031591
v 0.021885 -0.046502 0.030605
v 0.022786 -0.047119 0.029661
v 0.023894 -0.047498 0.028831
v 0.024556 -0.047577 0.028460
v 0.025278 -0.047551 0.028148
v 0.026033 -0.047399 0.027922
v 0.026780 -0.047114 0.027806
v 0.027477 -0.046706 0.027812
v 0.028087 -0.046191 0.027940
v 0.028585 -0.045608 0.028175
v 0.028956 -0.044994 0.028494
v 0.029207 -0.044383 0.028869
v 0.029353 -0.043804 0.029271
v 0.029402 -0.042684 0.030169
v 0.029172 -0.041654 0.031147
v 0.028727 -0.040780 0.032118
v 0.027447 -0.040799 0.031417
v 0.027848 -0.041268 0.030803
v 0.028180 -0.041840 0.030164
v 0.028407 -0.042500 0.029535
v 0.028499 -0.043226 0.028945
v 0.028429 -0.044005 0.028412
v 0.028314 -0.044426 0.028165
v 0.028137 -0.044854 0.027944
v 0.027889 -0.045276 0.027759
v 0.027570 -0.045675 0.027618
v 0.027188 -0.046033 0.027530
v 0.026750 -0.046332 0.027500
v 0.026414 -0.046502 0.027515
v 0.026064 -0.046634 0.027560
v 0.025350 -0.046784 0.027731
v 0.024660 -0.046784 0.027996
v 0.024032 -0.046665 0.028327
v 0.023491 -0.046459 0.028695
v 0.023030 -0.046194 0.029086
v 0.022284 -0.045509 0.029950
v 0.021794 -0.044705 0.030852
v 0.021548 -0.043879 0.031714
v 0.021513 -0.043002 0.032571
v 0.021701 -0.042133 0.033357
v 0.022092 -0.041355 0.033980
v 0.022366 -0.040997 0.034221
v 0.022681 -0.040680 0.034393
v 0.023019 -0.040416 0.034484
v 0.023377 -0.040201 0.034495
v 0.023765 -0.040027 0.034429
v 0.024188 -0.039897 0.034281
v 0.024634 -0.039821 0.034058
v 0.025072 -0.039802 0.033784
v 0.025941 -0.039930 0.033096
v 0.026760 -0.040276 0.032274
v 0.027997 -0.039966 0.033203
v 0.026992 -0.039343 0.034288
v 0.026399 -0.039138 0.034791
v 0.025749 -0.039021 0.035249
v 0.024997 -0.039009 0.035669
v 0.023577 -0.046960 0.028835
v 0.022351 -0.046250 0.029952
v 0.021193 -0.044455 0.032047
v 0.021462 -0.045126 0.031321
v 0.023850 -0.039616 0.035247
v 0.025113 -0.039410 0.034703
v 0.022656 -0.040241 0.035316
v 0.021746 -0.041183 0.034879
v 0.021234 -0.042206 0.034141
v 0.021073 -0.042915 0.033538
v 0.021885 -0.045771 0.030566
v 0.022918 -0.046654 0.029367
v 0.024367 -0.047150 0.028348
v 0.025082 -0.047181 0.028022
v 0.025842 -0.047072 0.027784
v 0.026598 -0.046807 0.027661
v 0.027298 -0.046396 0.027666
v 0.027893 -0.045863 0.027802
v 0.028356 -0.045254 0.028049
v 0.028674 -0.044618 0.028382
v 0.028860 -0.043999 0.028767
v 0.028943 -0.043075 0.029447
v 0.028815 -0.042206 0.030205
v 0.028513 -0.041434 0.030996
v 0.026004 -0.039507 0.034086
v 0.026816 -0.039792 0.033354
v 0.027522 -0.040234 0.032561
v 0.025906 -0.046682 0.027500
v 0.025000 -0.046801 0.027500
v 0.024094 -0.046682 0.027500
v 0.023250 -0.046332 0.027500
v 0.022525 -0.045776 0.027500
v 0.021969 -0.045051 0.027500
v 0.021619 -0.044207 0.027500
v 0.021500 -0.043301 0.027500
v 0.021619 -0.042395 0.027500
v 0.021969 -0.041551 0.027500
v 0.022525 -0.040826 0.027500
v 0.023250 -0.040270 0.027500
v 0.024094 -0.039921 0.027500
v 0.025000 -0.039801 0.027500
v 0.025906 -0.039921 0.027500
v 0.026750 -0.040270 0.027500
v 0.027475 -0.040826 0.027500
v 0.028031 -0.041551 0.027500
v 0.028381 -0.042395 0.027500
v 0.028500 -0.043301 0.027500
v 0.028381 -0.044207 0.027500
v 0.028031 -0.045051 0.027500
v 0.027475 -0.045776 0.027500
v -0.002070 -0.046246 0.035708
v -0.002670 -0.046585 0.035338
v -0.003150 -0.046959 0.034935
v -0.003549 -0.047371 0.034496
v -0.004130 -0.048285 0.033539
v -0.004435 -0.049251 0.032550
v -0.004491 -0.050209 0.031591
v -0.004298 -0.051215 0.030605
v -0.003826 -0.052199 0.029661
v -0.003057 -0.053082 0.028831
v -0.002522 -0.053481 0.028460
v -0.001884 -0.053819 0.028148
v -0.001154 -0.054065 0.027922
v -0.000365 -0.054192 0.027806
v 0.000443 -0.054187 0.027812
v 0.001228 -0.054046 0.027940
v 0.001951 -0.053790 0.028175
v 0.002580 -0.053444 0.028494
v 0.003103 -0.053041 0.028869
v 0.003518 -0.052612 0.029271
v 0.004121 -0.051667 0.030169
v 0.004437 -0.050660 0.031147
v 0.004489 -0.049680 0.032118
v 0.003370 -0.049056 0.031417
v 0.003483 -0.049663 0.030803
v 0.003485 -0.050324 0.030164
v 0.003351 -0.051010 0.029535
v 0.003068 -0.051684 0.028945
v 0.002617 -0.052324 0.028412
v 0.002308 -0.052631 0.028165
v 0.001940 -0.052913 0.027944
v 0.001515 -0.053155 0.027759
v 0.001039 -0.053341 0.027618
v 0.000529 -0.053459 0.027530
v 0.000000 -0.053500 0.027500
v -0.000376 -0.053479 0.027515
v -0.000745 -0.053419 0.027560
v -0.001439 -0.053191 0.027731
v -0.002036 -0.052846 0.027996
v -0.002520 -0.052429 0.028327
v -0.002886 -0.051981 0.028695
v -0.003153 -0.051520 0.029086
v -0.003456 -0.050554 0.029950
v -0.003478 -0.049613 0.030852
v -0.003278 -0.048774 0.031714
v -0.002870 -0.047998 0.032571
v -0.002273 -0.047339 0.033357
v -0.001545 -0.046860 0.033980
v -0.001129 -0.046687 0.034221
v -0.000698 -0.046570 0.034393
v -0.000273 -0.046510 0.034484
v 0.000144 -0.046503 0.034495
v 0.000568 -0.046546 0.034429
v 0.000999 -0.046646 0.034281
v 0.001423 -0.046803 0.034058
v 0.001812 -0.047006 0.033784
v 0.002500 -0.047551 0.033096
v 0.003037 -0.048260 0.032274
v 0.004263 -0.048610 0.033203
v 0.003705 -0.047568 0.034288
v 0.003293 -0.047094 0.034791
v 0.002789 -0.046668 0.035249
v 0.002144 -0.046281 0.035669
v -0.003062 -0.052457 0.028835
v -0.003769 -0.051229 0.029952
v -0.003874 -0.049096 0.032047
v -0.003976 -0.049811 0.031321
v 0.000847 -0.046234 0.035247
v 0.002043 -0.046686 0.034703
v -0.000500 -0.046177 0.035316
v -0.001759 -0.046539 0.034879
v -0.002714 -0.047169 0.034141
v -0.003208 -0.047703 0.033538
v -0.003932 -0.050581 0.030566
v -0.003480 -0.051863 0.029367
v -0.002473 -0.053017 0.028348
v -0.001869 -0.053401 0.028022
v -0.001156 -0.053686 0.027784
v -0.000369 -0.053836 0.027661
v 0.000442 -0.053829 0.027666
v 0.001225 -0.053665 0.027802
v 0.001930 -0.053369 0.028049
v 0.002523 -0.052978 0.028382
v 0.002994 -0.052534 0.028767
v 0.003528 -0.051775 0.029447
v 0.003852 -0.050959 0.030205
v 0.003976 -0.050139 0.030996
v 0.002766 -0.047216 0.034086
v 0.003327 -0.047869 0.033354
v 0.003718 -0.048604 0.032561
v -0.000906 -0.053381 0.027500
v -0.001750 -0.053031 0.027500
v -0.002475 -0.052475 0.027500
v -0.003031 -0.051750 0.027500
v -0.003381 -0.050906 0.027500
v -0.003500 -0.050000 0.027500
v -0.003381 -0.049094 0.027500
v -0.003031 -0.048250 0.027500
v -0.002475 -0.047525 0.027500
v -0.001750 -0.046969 0.027500
v -0.000906 -0.046619 0.027500
v 0.000000 -0.046500 0.027500
v 0.000906 -0.046619 0.027500
v 0.001750 -0.046969 0.027500
v 0.002475 -0.047525 0.027500
v 0.003031 -0.048250 0.027500
v 0.003381 -0.049094 0.027500
v 0.003500 -0.050000 0.027500
v 0.003381 -0.050906 0.027500
v 0.003031 -0.051750 0.027500
v 0.002475 -0.052475 0.027500
v 0.001750 -0.053031 0.027500
v 0.000906 -0.053381 0.027500
v 0.055000 0.000000 0.027000
v 0.054386 0.008197 0.027000
v 0.052556 0.016212 0.027000
v 0.049553 0.023864 0.027000
v 0.045443 0.030983 0.027000
v 0.040318 0.037409 0.027000
v 0.034292 0.043001 0.027000
v 0.027500 0.047631 0.027000
v 0.020094 0.051198 0.027000
v 0.012239 0.053621 0.027000
v 0.004110 0.054846 0.027000
v -0.004110 0.054846 0.027000
v -0.012239 0.053621 0.027000
v -0.020094 0.051198 0.027000
v -0.027500 0.047631 0.027000
v -0.034292 0.043001 0.027000
v -0.040318 0.037409 0.027000
v -0.045443 0.030983 0.027000
v -0.049553 0.023864 0.027000
v -0.052556 0.016212 0.027000
v -0.054386 0.008197 0.027000
v -0.055000 0.000000 0.027000
v -0.054386 -0.008197 0.027000
v -0.052556 -0.016212 0.027000
v -0.049553 -0.023864 0.027000
v -0.045443 -0.030983 0.027000
v -0.040318 -0.037409 0.027000
v -0.034292 -0.043001 0.027000
v -0.027500 -0.047631 0.027000
v -0.020094 -0.051198 0.027000
v -0.012239 -0.053621 0.027000
v -0.004110 -0.054846 0.027000
v 0.004110 -0.054846 0.027000
v 0.012239 -0.053621 0.027000
v 0.020094 -0.051198 0.027000
v 0.027500 -0.047631 0.027000
v 0.034292 -0.043001 0.027000
v 0.040318 -0.037409 0.027000
v 0.045443 -0.030983 0.027000
v 0.049553 -0.023864 0.027000
v 0.052556 -0.016212 0.027000
v 0.054386 -0.008197 0.027000
v 0.055000 0.000000 0.024000
v 0.054386 0.008197 0.024000
v 0.052556 0.016212 0.024000
v 0.049553 0.023864 0.024000
v 0.045443 0.030983 0.024000
v 0.040318 0.037409 0.024000
v 0.034292 0.043001 0.024000
v 0.027500 0.047631 0.024000
v 0.020094 0.051198 0.024000
v 0.012239 0.053621 0.024000
v 0.004110 0.054846 0.024000
v -0.004110 0.054846 0.024000
v -0.012239 0.053621 0.024000
v -0.020094 0.051198 0.024000
v -0.027500 0.047631 0.024000
v -0.034292 0.043001 0.024000
v -0.040318 0.037409 0.024000
v -0.045443 0.030983 0.024000
v -0.049553 0.023864 0.024000
v -0.052556 0.016212 0.024000
v -0.054386 0.008197 0.024000
v -0.055000 0.000000 0.024000
v -0.054386 -0.008197 0.024000
v -0.052556 -0.016212 0.024000
v -0.049553 -0.023864 0.024000
v -0.045443 -0.030983 0.024000
v -0.040318 -0.037409 0.024000
v -0.034292 -0.043001 0.024000
v -0.027500 -0.047631 0.024000
v -0.020094 -0.051198 0.024000
v -0.012239 -0.053621 0.024000
v -0.004110 -0.054846 0.024000
v 0.004110 -0.054846 0.024000
v 0.012239 -0.053621 0.024000
v 0.020094 -0.051198 0.024000
v 0.027500 -0.047631 0.024000
v 0.034292 -0.043001 0.024000
v 0.040318 -0.037409 0.024000
v 0.045443 -0.030983 0.024000
v 0.049553 -0.023864 0.024000
v 0.052556 -0.016212 0.024000
v 0.054386 -0.008197 0.024000
v 0.029000 0.000000 0.019500
v 0.028406 0.005838 0.019500
v 0.026650 0.011436 0.019500
v 0.023802 0.016567 0.019500
v 0.019980 0.021019 0.019500
v 0.015340 0.024611 0.019500
v 0.010072 0.027195 0.019500
v 0.004391 0.028666 0.019500
v -0.001469 0.028963 0.019500
v -0.007269 0.028074 0.019500
v -0.012771 0.026036 0.019500
v -0.017751 0.022932 0.019500
v -0.022004 0.018890 0.019500
v -0.025356 0.014074 0.019500
v -0.027670 0.008682 0.019500
v -0.028851 0.002934 0.019500
v -0.028851 -0.002934 0.019500
v -0.027670 -0.008682 0.019500
v -0.025356 -0.014074 0.019500
v -0.022004 -0.018890 0.019500
v -0.017751 -0.022932 0.019500
v -0.012771 -0.026036 0.019500
v -0.007269 -0.028074 0.019500
v -0.001469 -0.028963 0.019500
v 0.004391 -0.028666 0.019500
v 0.010072 -0.027195 0.019500
v 0.015340 -0.024611 0.019500
v 0.019980 -0.021019 0.019500
v 0.023802 -0.016567 0.019500
v 0.026650 -0.011436 0.019500
v 0.028406 -0.005838 0.019500
v 0.029000 0.000000 0.013500
v 0.028406 -0.005838 0.013500
v 0.026650 -0.011436 0.013500
v 0.023802 -0.016567 0.013500
v 0.019980 -0.021019 0.013500
v 0.015340 -0.024611 0.013500
v 0.010072 -0.027195 0.013500
v 0.004391 -0.028666 0.013500
v -0.001469 -0.028963 0.013500
v -0.007269 -0.028074 0.013500
v -0.012771 -0.026036 0.013500
v -0.017751 -0.022932 0.013500
v -0.022004 -0.018890 0.013500
v -0.025356 -0.014074 0.013500
v -0.027670 -0.008682 0.013500
v -0.028851 -0.002934 0.013500
v -0.028851 0.002934 0.013500
v -0.027670 0.008682 0.013500
v -0.025356 0.014074 0.013500
v -0.022004 0.018890 0.013500
v -0.017751 0.022932 0.013500
v -0.012771 0.026036 0.013500
v -0.007269 0.028074 0.013500
v -0.001469 0.028963 0.013500
v 0.004391 0.028666 0.013500
v 0.010072 0.027195 0.013500
v 0.015340 0.024611 0.013500
v 0.019980 0.021019 0.013500
v 0.023802 0.016567 0.013500
v 0.026650 0.011436 0.013500
v 0.028406 0.005838 0.013500
v 0.045000 0.000000 0.013500
v 0.044386 -0.007407 0.013500
v 0.042562 -0.014611 0.013500
v 0.039576 -0.021418 0.013500
v 0.035511 -0.027640 0.013500
v 0.030478 -0.033108 0.013500
v 0.024613 -0.037672 0.013500
v 0.018076 -0.041210 0.013500
v 0.011047 -0.043623 0.013500
v 0.003716 -0.044846 0.013500
v -0.003716 -0.044846 0.013500
v -0.011047 -0.043623 0.013500
v -0.018076 -0.041210 0.013500
v -0.024613 -0.037672 0.013500
v -0.030478 -0.033108 0.013500
v -0.035511 -0.027640 0.013500
v -0.039576 -0.021418 0.013500
v -0.042562 -0.014611 0.013500
v -0.044386 -0.007407 0.013500
v -0.045000 0.000000 0.013500
v -0.044386 0.007407 0.013500
v -0.042562 0.014611 0.013500
v -0.039576 0.021418 0.013500
v -0.035511 0.027640 0.013500
v -0.030478 0.033108 0.013500
v -0.024613 0.037672 0.013500
v -0.018076 0.041210 0.013500
v -0.011047 0.043623 0.013500
v -0.003716 0.044846 0.013500
v 0.003716 0.044846 0.013500
v 0.011047 0.043623 0.013500
v 0.018076 0.041210 0.013500
v 0.024613 0.037672 0.013500
v 0.030478 0.033108 0.013500
v 0.035511 0.027640 0.013500
v 0.039576 0.021418 0.013500
v 0.042562 0.014611 0.013500
v 0.044386 0.007407 0.013500
v 0.045000 0.000000 0.024000
v 0.044386 -0.007407 0.024000
v 0.042562 -0.014611 0.024000
v 0.039576 -0.021418 0.024000
v 0.035511 -0.027640 0.024000
v 0.030478 -0.033108 0.024000
v 0.024613 -0.037672 0.024000
v 0.018076 -0.041210 0.024000
v 0.011047 -0.043623 0.024000
v 0.003716 -0.044846 0.024000
v -0.003716 -0.044846 0.024000
v -0.011047 -0.043623 0.024000
v -0.018076 -0.041210 0.024000
v -0.024613 -0.037672 0.024000
v -0.030478 -0.033108 0.024000
v -0.035511 -0.027640 0.024000
v -0.039576 -0.021418 0.024000
v -0.042562 -0.014611 0.024000
v -0.044386 -0.007407 0.024000
v -0.045000 0.000000 0.024000
v -0.044386 0.007407 0.024000
v -0.042562 0.014611 0.024000
v -0.039576 0.021418 0.024000
v -0.035511 0.027640 0.024000
v -0.030478 0.033108 0.024000
v -0.024613 0.037672 0.024000
v -0.018076 0.041210 0.024000
v -0.011047 0.043623 0.024000
v -0.003716 0.044846 0.024000
v 0.003716 0.044846 0.024000
v 0.011047 0.043623 0.024000
v 0.018076 0.041210 0.024000
v 0.024613 0.037672 0.024000
v 0.030478 0.033108 0.024000
v 0.035511 0.027640 0.024000
v 0.039576 0.021418 0.024000
v 0.042562 0.014611 0.024000
v 0.044386 0.007407 0.024000
v 0.031000 0.000000 0.019500
v 0.030404 -0.006048 0.019500
v 0.028640 -0.011863 0.019500
v 0.025776 -0.017223 0.019500
v 0.021920 -0.021920 0.019500
v 0.017223 -0.025776 0.019500
v 0.011863 -0.028640 0.019500
v 0.006048 -0.030404 0.019500
v 0.000000 -0.031000 0.019500
v -0.006048 -0.030404 0.019500
v -0.011863 -0.028640 0.019500
v -0.017223 -0.025776 0.019500
v -0.021920 -0.021920 0.019500
v -0.025776 -0.017223 0.019500
v -0.028640 -0.011863 0.019500
v -0.030404 -0.006048 0.019500
v -0.031000 0.000000 0.019500
v -0.030404 0.006048 0.019500
v -0.028640 0.011863 0.019500
v -0.025776 0.017223 0.019500
v -0.021920 0.021920 0.019500
v -0.017223 0.025776 0.019500
v -0.011863 0.028640 0.019500
v -0.006048 0.030404 0.019500
v 0.000000 0.031000 0.019500
v 0.006048 0.030404 0.019500
v 0.011863 0.028640 0.019500
v 0.017223 0.025776 0.019500
v 0.021920 0.021920 0.019500
v 0.025776 0.017223 0.019500
v 0.028640 0.011863 0.019500
v 0.030404 0.006048 0.019500
v 0.031000 0.000000 0.045500
v 0.030472 0.005696 0.045500
v 0.028907 0.011198 0.045500
v 0.026357 0.016319 0.045500
v 0.022909 0.020885 0.045500
v 0.018682 0.024739 0.045500
v 0.013818 0.027750 0.045500
v 0.008484 0.029817 0.045500
v 0.002860 0.030868 0.045500
v -0.002860 0.030868 0.045500
v -0.008484 0.029817 0.045500
v -0.013818 0.027750 0.045500
v -0.018682 0.024739 0.045500
v -0.022909 0.020885 0.045500
v -0.026357 0.016319 0.045500
v -0.028907 0.011198 0.045500
v -0.030472 0.005696 0.045500
v -0.031000 0.000000 0.045500
v -0.030472 -0.005696 0.045500
v -0.028907 -0.011198 0.045500
v -0.026357 -0.016319 0.045500
v -0.022909 -0.020885 0.045500
v -0.018682 -0.024739 0.045500
v -0.013818 -0.027750 0.045500
v -0.008484 -0.029817 0.045500
v -0.002860 -0.030868 0.045500
v 0.002860 -0.030868 0.045500
v 0.008484 -0.029817 0.045500
v 0.013818 -0.027750 0.045500
v 0.018682 -0.024739 0.045500
v 0.022909 -0.020885 0.045500
v 0.026357 -0.016319 0.045500
v 0.028907 -0.011198 0.045500
v 0.030472 -0.005696 0.045500
v 0.031000 0.000000 0.036000
v 0.030472 -0.005696 0.036000
v 0.028907 -0.011198 0.036000
v 0.026357 -0.016319 0.036000
v 0.022909 -0.020885 0.036000
v 0.018682 -0.024739 0.036000
v 0.013818 -0.027750 0.036000
v 0.008484 -0.029817 0.036000
v 0.002860 -0.030868 0.036000
v -0.002860 -0.030868 0.036000
v -0.008484 -0.029817 0.036000
v -0.013818 -0.027750 0.036000
v -0.018682 -0.024739 0.036000
v -0.022909 -0.020885 0.036000
v -0.026357 -0.016319 0.036000
v -0.028907 -0.011198 0.036000
v -0.030472 -0.005696 0.036000
v -0.031000 0.000000 0.036000
v -0.030472 0.005696 0.036000
v -0.028907 0.011198 0.036000
v -0.026357 0.016319 0.036000
v -0.022909 0.020885 0.036000
v -0.018682 0.024739 0.036000
v -0.013818 0.027750 0.036000
v -0.008484 0.029817 0.036000
v -0.002860 0.030868 0.036000
v 0.002860 0.030868 0.036000
v 0.008484 0.029817 0.036000
v 0.013818 0.027750 0.036000
v 0.018682 0.024739 0.036000
v 0.022909 0.020885 0.036000
v 0.026357 0.016319 0.036000
v 0.028907 0.011198 0.036000
v 0.030472 0.005696 0.036000
v 0.045587 0.000000 0.036000
v 0.045077 -0.006794 0.036000
v 0.043561 -0.013437 0.036000
v 0.041072 -0.019779 0.036000
v 0.037665 -0.025680 0.036000
v 0.033417 -0.031007 0.036000
v 0.028423 -0.035641 0.036000
v 0.022793 -0.039479 0.036000
v 0.016655 -0.042435 0.036000
v 0.010144 -0.044444 0.036000
v 0.003407 -0.045459 0.036000
v -0.003407 -0.045459 0.036000
v -0.010144 -0.044444 0.036000
v -0.016655 -0.042435 0.036000
v -0.022793 -0.039479 0.036000
v -0.028423 -0.035641 0.036000
v -0.033417 -0.031007 0.036000
v -0.037665 -0.025680 0.036000
v -0.041072 -0.019779 0.036000
v -0.043561 -0.013437 0.036000
v -0.045077 -0.006794 0.036000
v -0.045587 0.000000 0.036000
v -0.045077 0.006794 0.036000
v -0.043561 0.013437 0.036000
v -0.041072 0.019779 0.036000
v -0.037665 0.025680 0.036000
v -0.033417 0.031007 0.036000
v -0.028423 0.035641 0.036000
v -0.022793 0.039479 0.036000
v -0.016655 0.042435 0.036000
v -0.010144 0.044444 0.036000
v -0.003407 0.045459 0.036000
v 0.003407 0.045459 0.036000
v 0.010144 0.044444 0.036000
v 0.016655 0.042435 0.036000
v 0.022793 0.039479 0.036000
v 0.028423 0.035641 0.036000
v 0.033417 0.031007 0.036000
v 0.037665 0.025680 0.036000
v 0.041072 0.019779 0.036000
v 0.043561 0.013437 0.036000
v 0.045077 0.006794 0.036000
v 0.045587 0.000000 0.047000
v 0.045077 -0.006794 0.047000
v 0.043561 -0.013437 0.047000
v 0.041072 -0.019779 0.047000
v 0.037665 -0.025680 0.047000
v 0.033417 -0.031007 0.047000
v 0.028423 -0.035641 0.047000
v 0.022793 -0.039479 0.047000
v 0.016655 -0.042435 0.047000
v 0.010144 -0.044444 0.047000
v 0.003407 -0.045459 0.047000
v -0.003407 -0.045459 0.047000
v -0.010144 -0.044444 0.047000
v -0.016655 -0.042435 0.047000
v -0.022793 -0.039479 0.047000
v -0.028423 -0.035641 0.047000
v -0.033417 -0.031007 0.047000
v -0.037665 -0.025680 0.047000
v -0.041072 -0.019779 0.047000
v -0.043561 -0.013437 0.047000
v -0.045077 -0.006794 0.047000
v -0.045587 0.000000 0.047000
v -0.045077 0.006794 0.047000
v -0.043561 0.013437 0.047000
v -0.041072 0.019779 0.047000
v -0.037665 0.025680 0.047000
v -0.033417 0.031007 0.047000
v -0.028423 0.035641 0.047000
v -0.022793 0.039479 0.047000
v -0.016655 0.042435 0.047000
v -0.010144 0.044444 0.047000
v -0.003407 0.045459 0.047000
v 0.003407 0.045459 0.047000
v 0.010144 0.044444 0.047000
v 0.016655 0.042435 0.047000
v 0.022793 0.039479 0.047000
v 0.028423 0.035641 0.047000
v 0.033417 0.031007 0.047000
v 0.037665 0.025680 0.047000
v 0.041072 0.019779 0.047000
v 0.043561 0.013437 0.047000
v 0.045077 0.006794 0.047000
v 0.047000 0.000000 0.047000
v 0.046475 -0.007005 0.047000
v 0.044912 -0.013853 0.047000
v 0.042346 -0.020393 0.047000
v 0.038833 -0.026476 0.047000
v 0.034453 -0.031968 0.047000
v 0.029304 -0.036746 0.047000
v 0.023500 -0.040703 0.047000
v 0.017171 -0.043751 0.047000
v 0.010458 -0.045822 0.047000
v 0.003512 -0.046869 0.047000
v -0.003512 -0.046869 0.047000
v -0.010458 -0.045822 0.047000
v -0.017171 -0.043751 0.047000
v -0.023500 -0.040703 0.047000
v -0.029304 -0.036746 0.047000
v -0.034453 -0.031968 0.047000
v -0.038833 -0.026476 0.047000
v -0.042346 -0.020393 0.047000
v -0.044912 -0.013853 0.047000
v -0.046475 -0.007005 0.047000
v -0.047000 0.000000 0.047000
v -0.046475 0.007005 0.047000
v -0.044912 0.013853 0.047000
v -0.042346 0.020393 0.047000
v -0.038833 0.026476 0.047000
v -0.034453 0.031968 0.047000
v -0.029304 0.036746 0.047000
v -0.023500 0.040703 0.047000
v -0.017171 0.043751 0.047000
v -0.010458 0.045822 0.047000
v -0.003512 0.046869 0.047000
v 0.003512 0.046869 0.047000
v 0.010458 0.045822 0.047000
v 0.017171 0.043751 0.047000
v 0.023500 0.040703 0.047000
v 0.029304 0.036746 0.047000
v 0.034453 0.031968 0.047000
v 0.038833 0.026476 0.047000
v 0.042346 0.020393 0.047000
v 0.044912 0.013853 0.047000
v 0.046475 0.007005 0.047000
v 0.047000 0.000000 0.050900
v 0.046475 -0.007005 0.050900
v 0.044912 -0.013853 0.050900
v 0.042346 -0.020393 0.050900
v 0.038833 -0.026476 0.050900
v 0.034453 -0.031968 0.050900
v 0.029304 -0.036746 0.050900
v 0.023500 -0.040703 0.050900
v 0.017171 -0.043751 0.050900
v 0.010458 -0.045822 0.050900
v 0.003512 -0.046869 0.050900
v -0.003512 -0.046869 0.050900
v -0.010458 -0.045822 0.050900
v -0.017171 -0.043751 0.050900
v -0.023500 -0.040703 0.050900
v -0.029304 -0.036746 0.050900
v -0.034453 -0.031968 0.050900
v -0.038833 -0.026476 0.050900
v -0.042346 -0.020393 0.050900
v -0.044912 -0.013853 0.050900
v -0.046475 -0.007005 0.050900
v -0.047000 0.000000 0.050900
v -0.046475 0.007005 0.050900
v -0.044912 0.013853 0.050900
v -0.042346 0.020393 0.050900
v -0.038833 0.026476 0.050900
v -0.034453 0.031968 0.050900
v -0.029304 0.036746 0.050900
v -0.023500 0.040703 0.050900
v -0.017171 0.043751 0.050900
v -0.010458 0.045822 0.050900
v -0.003512 0.046869 0.050900
v 0.003512 0.046869 0.050900
v 0.010458 0.045822 0.050900
v 0.017171 0.043751 0.050900
v 0.023500 0.040703 0.050900
v 0.029304 0.036746 0.050900
v 0.034453 0.031968 0.050900
v 0.038833 0.026476 0.050900
v 0.042346 0.020393 0.050900
v 0.044912 0.013853 0.050900
v 0.046475 0.007005 0.050900
v 0.029000 0.000000 0.050900
v 0.028476 -0.005488 0.050900
v 0.026923 -0.010778 0.050900
v 0.024396 -0.015679 0.050900
v 0.020988 -0.020012 0.050900
v 0.016822 -0.023623 0.050900
v 0.012047 -0.026379 0.050900
v 0.006837 -0.028183 0.050900
v 0.001380 -0.028967 0.050900
v -0.004127 -0.028705 0.050900
v -0.009485 -0.027405 0.050900
v -0.014500 -0.025115 0.050900
v -0.018991 -0.021917 0.050900
v -0.022796 -0.017927 0.050900
v -0.025776 -0.013289 0.050900
v -0.027825 -0.008170 0.050900
v -0.028869 -0.002757 0.050900
v -0.028869 0.002757 0.050900
v -0.027825 0.008170 0.050900
v -0.025776 0.013289 0.050900
v -0.022796 0.017927 0.050900
v -0.018991 0.021917 0.050900
v -0.014500 0.025115 0.050900
v -0.009485 0.027405 0.050900
v -0.004127 0.028705 0.050900
v 0.001380 0.028967 0.050900
v 0.006837 0.028183 0.050900
v 0.012047 0.026379 0.050900
v 0.016822 0.023623 0.050900
v 0.020988 0.020012 0.050900
v 0.024396 0.015679 0.050900
v 0.026923 0.010778 0.050900
v 0.028476 0.005488 0.050900
v 0.029000 0.000000 0.045500
v 0.028476 -0.005488 0.045500
v 0.026923 -0.010778 0.045500
v 0.024396 -0.015679 0.045500
v 0.020988 -0.020012 0.045500
v 0.016822 -0.023623 0.045500
v 0.012047 -0.026379 0.045500
v 0.006837 -0.028183 0.045500
v 0.001380 -0.028967 0.045500
v -0.004127 -0.028705 0.045500
v -0.009485 -0.027405 0.045500
v -0.014500 -0.025115 0.045500
v -0.018991 -0.021917 0.045500
v -0.022796 -0.017927 0.045500
v -0.025776 -0.013289 0.045500
v -0.027825 -0.008170 0.045500
v -0.028869 -0.002757 0.045500
v -0.028869 0.002757 0.045500
v -0.027825 0.008170 0.045500
v -0.025776 0.013289 0.045500
v -0.022796 0.017927 0.045500
v -0.018991 0.021917 0.045500
v -0.014500 0.025115 0.045500
v -0.009485 0.027405 0.045500
v -0.004127 0.028705 0.045500
v 0.001380 0.028967 0.045500
v 0.006837 0.028183 0.045500
v 0.012047 0.026379 0.045500
v 0.016822 0.023623 0.045500
v 0.020988 0.020012 0.045500
v 0.024396 0.015679 0.045500
v 0.026923 0.010778 0.045500
v 0.028476 0.005488 0.045500
v -0.003000 0.059422 0.011000
v -0.005000 0.059290 0.009000
v -0.004995 0.057283 0.011000
v -0.021809 0.055359 0.009000
v -0.023662 0.054588 0.011000
v -0.020895 0.053569 0.011000
v -0.023662 0.054588 0.022758
v -0.020895 0.053569 0.024000
v -0.015720 0.055309 0.011000
v -0.010405 0.056551 0.011000
v -0.010722 0.058526 0.009000
v -0.016342 0.057212 0.009000
v -0.030911 0.073000 0.009000
v -0.031832 0.070424 0.011000
v -0.004995 0.057283 0.024000
v -0.003000 0.059422 0.022083
v -0.003000 0.070929 0.011000
v -0.005000 0.073000 0.009000
v -0.027784 0.062578 0.016959
v -0.030772 0.050920 0.011000
v -0.032474 0.049857 0.009000
v -0.031545 0.048074 0.011000
v -0.033233 0.046924 0.011000
v -0.034605 0.048402 0.009000
v -0.036216 0.047195 0.011000
v -0.057777 0.073000 0.009000
v -0.057063 0.069324 0.011000
v -0.036216 0.047195 0.023188
v -0.033233 0.046924 0.024000
v -0.032675 0.047314 0.011000
v -0.032113 0.047697 0.011000
v -0.033191 0.049382 0.009000
v -0.033902 0.048897 0.009000
v -0.031545 0.048074 0.024000
v -0.030772 0.050920 0.023017
v -0.040670 0.070106 0.011000
v -0.044414 0.073000 0.009000
v -0.044951 0.038967 0.011000
v -0.046251 0.037431 0.009000
v -0.044858 0.035973 0.011000
v -0.047831 0.035390 0.009000
v -0.048993 0.033754 0.011000
v -0.046107 0.034357 0.011000
v -0.048993 0.033754 0.023113
v -0.046107 0.034357 0.024000
v -0.045697 0.034900 0.011000
v -0.045280 0.035439 0.011000
v -0.046788 0.036758 0.009000
v -0.047314 0.036078 0.009000
v -0.073000 0.050340 0.009000
v -0.069872 0.046156 0.011000
v -0.044858 0.035973 0.024000
v -0.044951 0.038967 0.023262
v -0.047862 0.042057 0.011000
v -0.049318 0.040686 0.009000
v -0.050031 0.043000 0.011000
v -0.050041 0.041000 0.009000
v -0.049840 0.040979 0.009000
v -0.049647 0.040917 0.009000
v -0.049471 0.040818 0.009000
v -0.048321 0.042454 0.011000
v -0.048849 0.042751 0.011000
v -0.049427 0.042936 0.011000
v -0.055991 0.049327 0.011000
v -0.057988 0.049437 0.009000
v -0.057875 0.047592 0.009000
v -0.057342 0.045823 0.009000
v -0.056418 0.044224 0.009000
v -0.055151 0.042879 0.009000
v -0.053609 0.041860 0.009000
v -0.051875 0.041223 0.009000
v -0.051406 0.043167 0.011000
v -0.052707 0.043645 0.011000
v -0.053863 0.044409 0.011000
v -0.054813 0.045418 0.011000
v -0.055507 0.046617 0.011000
v -0.055906 0.047944 0.011000
v -0.056803 0.051548 0.011000
v -0.058259 0.050177 0.009000
v -0.058136 0.050016 0.009000
v -0.058047 0.049834 0.009000
v -0.057998 0.049639 0.009000
v -0.056019 0.049933 0.011000
v -0.056169 0.050521 0.011000
v -0.056434 0.051067 0.011000
v -0.068892 0.064381 0.011000
v -0.069394 0.064572 0.010766
v -0.073000 0.065825 0.009000
v -0.059546 0.040022 0.017282
v -0.053079 0.026876 0.011000
v -0.053959 0.025073 0.009000
v -0.052228 0.024053 0.011000
v -0.059290 0.005000 0.009000
v -0.059422 0.003000 0.011000
v -0.057283 0.004995 0.011000
v -0.059422 0.003000 0.022083
v -0.057283 0.004995 0.024000
v -0.056333 0.011528 0.011000
v -0.054640 0.017908 0.011000
v -0.056516 0.018605 0.009000
v -0.058301 0.011884 0.009000
v -0.073000 0.005000 0.009000
v -0.070929 0.003000 0.011000
v -0.052228 0.024053 0.024000
v -0.053079 0.026876 0.022880
v -0.070245 0.037072 0.011000
v -0.073000 0.036382 0.009000
v -0.065338 0.003000 0.016393
v -0.047862 0.042057 0.021709
v -0.048321 0.042455 0.021484
v -0.048849 0.042751 0.021255
v -0.049426 0.042935 0.021030
v -0.050031 0.043000 0.020814
v -0.051153 0.043112 0.020402
v -0.052240 0.043434 0.019952
v -0.053260 0.043963 0.019481
v -0.054176 0.044692 0.019013
v -0.054952 0.045612 0.018570
v -0.055546 0.046709 0.018177
v -0.055910 0.047962 0.017861
v -0.055991 0.049327 0.017648
v -0.056021 0.049945 0.017556
v -0.056174 0.050535 0.017422
v -0.056440 0.051077 0.017253
v -0.056803 0.051548 0.017057
v -0.061421 0.056450 0.014713
v -0.066313 0.061643 0.012275
v -0.047628 0.051222 0.019608
v -0.047978 0.051544 0.019444
v -0.048368 0.051810 0.019291
v -0.048791 0.052017 0.019152
v -0.049239 0.052160 0.019028
v -0.049705 0.052237 0.018919
v -0.050176 0.052245 0.018826
v -0.050644 0.052186 0.018748
v -0.051097 0.052059 0.018685
v -0.051527 0.051869 0.018636
v -0.051924 0.051620 0.018600
v -0.052279 0.051317 0.018578
v -0.052586 0.050969 0.018569
v -0.052839 0.050582 0.018572
v -0.053034 0.050166 0.018589
v -0.053168 0.049724 0.018621
v -0.053243 0.049219 0.018673
v -0.053207 0.048475 0.018796
v -0.052999 0.047749 0.018979
v -0.052641 0.047106 0.019206
v -0.052164 0.046575 0.019458
v -0.051599 0.046171 0.019720
v -0.050971 0.045899 0.019980
v -0.050303 0.045764 0.020227
v -0.049617 0.045773 0.020449
v -0.049162 0.045860 0.020576
v -0.048721 0.046012 0.020679
v -0.048306 0.046226 0.020754
v -0.047924 0.046499 0.020800
v -0.047587 0.046823 0.020815
v -0.047301 0.047190 0.020800
v -0.047071 0.047591 0.020756
v -0.046903 0.048013 0.020686
v -0.046797 0.048451 0.020593
v -0.046752 0.048891 0.020480
v -0.046839 0.049754 0.020211
v -0.047141 0.050546 0.019910
v -0.053250 0.049000 0.009000
v -0.053139 0.049841 0.009000
v -0.052815 0.050625 0.009000
v -0.052298 0.051298 0.009000
v -0.051625 0.051815 0.009000
v -0.050841 0.052139 0.009000
v -0.050000 0.052250 0.009000
v -0.049159 0.052139 0.009000
v -0.048375 0.051815 0.009000
v -0.047702 0.051298 0.009000
v -0.047185 0.050625 0.009000
v -0.046861 0.049841 0.009000
v -0.046750 0.049000 0.009000
v -0.046861 0.048159 0.009000
v -0.047185 0.047375 0.009000
v -0.047702 0.046702 0.009000
v -0.048375 0.046185 0.009000
v -0.049159 0.045861 0.009000
v -0.050000 0.045750 0.009000
v -0.050841 0.045861 0.009000
v -0.051625 0.046185 0.009000
v -0.052298 0.046702 0.009000
v -0.052815 0.047375 0.009000
v -0.053139 0.048159 0.009000
v -0.061901 0.069981 0.010547
v -0.062159 0.070578 0.010246
v -0.062544 0.071129 0.009965
v -0.063062 0.071609 0.009716
v -0.063710 0.071983 0.009522
v -0.064076 0.072116 0.009452
v -0.064462 0.072205 0.009405
v -0.064859 0.072247 0.009381
v -0.065263 0.072239 0.009383
v -0.065667 0.072181 0.009410
v -0.066060 0.072072 0.009461
v -0.066782 0.071718 0.009626
v -0.067292 0.071304 0.009788
v -0.067702 0.070805 0.009937
v -0.068009 0.070228 0.010089
v -0.068195 0.069594 0.010250
v -0.068249 0.068931 0.010423
v -0.068166 0.068267 0.010612
v -0.067947 0.067630 0.010819
v -0.067596 0.067045 0.011043
v -0.067120 0.066537 0.011281
v -0.066532 0.066134 0.011525
v -0.065852 0.065864 0.011758
v -0.065107 0.065752 0.011960
v -0.064333 0.065819 0.012102
v -0.063950 0.065924 0.012141
v -0.063578 0.066078 0.012155
v -0.063225 0.066278 0.012138
v -0.062899 0.066520 0.012089
v -0.062608 0.066799 0.012005
v -0.062375 0.067083 0.011897
v -0.061987 0.067782 0.011593
v -0.061788 0.068503 0.011263
v -0.061760 0.069249 0.010907
v -0.068250 0.069000 0.009000
v -0.068139 0.069841 0.009000
v -0.067815 0.070625 0.009000
v -0.067298 0.071298 0.009000
v -0.066625 0.071815 0.009000
v -0.065841 0.072139 0.009000
v -0.065000 0.072250 0.009000
v -0.064159 0.072139 0.009000
v -0.063375 0.071815 0.009000
v -0.062702 0.071298 0.009000
v -0.062185 0.070625 0.009000
v -0.061861 0.069841 0.009000
v -0.061750 0.069000 0.009000
v -0.061861 0.068159 0.009000
v -0.062185 0.067375 0.009000
v -0.062702 0.066702 0.009000
v -0.063375 0.066185 0.009000
v -0.064159 0.065861 0.009000
v -0.065000 0.065750 0.009000
v -0.065841 0.065861 0.009000
v -0.066625 0.066185 0.009000
v -0.067298 0.066702 0.009000
v -0.067815 0.067375 0.009000
v -0.068139 0.068159 0.009000
v -0.073000 0.068000 0.009000
v -0.072830 0.069294 0.009000
v -0.072330 0.070500 0.009000
v -0.071536 0.071536 0.009000
v -0.070500 0.072330 0.009000
v -0.069294 0.072830 0.009000
v -0.068000 0.073000 0.009000
v -0.068000 0.073000 0.004000
v -0.069294 0.072830 0.004000
v -0.070500 0.072330 0.004000
v -0.071536 0.071536 0.004000
v -0.072330 0.070500 0.004000
v -0.072830 0.069294 0.004000
v -0.073000 0.068000 0.004000
v -0.003000 0.065338 0.016393
v -0.015720 0.055309 0.024000
v -0.010405 0.056551 0.024000
v -0.035788 0.060644 0.017224
v -0.032675 0.047314 0.024000
v -0.032113 0.047697 0.024000
v -0.061726 0.032012 0.017037
v -0.056333 0.011528 0.024000
v -0.054640 0.017908 0.024000
v -0.045697 0.034900 0.024000
v -0.045280 0.035439 0.024000
v -0.073000 0.000000 0.009000
v -0.065250 0.000000 0.016500
v -0.057500 0.000000 0.024000
v -0.057422 0.003000 0.024000
v -0.057383 0.003666 0.024000
v -0.057337 0.004331 0.024000
v -0.004331 0.057337 0.024000
v -0.003666 0.057383 0.024000
v -0.003000 0.057422 0.024000
v 0.000000 0.057500 0.024000
v 0.000000 0.065250 0.016500
v 0.000000 0.073000 0.009000
v -0.030986 0.048437 0.024000
v -0.030422 0.048793 0.024000
v -0.029855 0.049142 0.024000
v -0.022745 0.052810 0.024000
v -0.022131 0.053070 0.024000
v -0.021514 0.053323 0.024000
v -0.035834 0.064955 0.014625
v -0.037905 0.067636 0.012750
v -0.039976 0.070318 0.010875
v -0.029623 0.056909 0.020250
v -0.033764 0.062273 0.016500
v -0.044438 0.036490 0.024000
v -0.044011 0.037003 0.024000
v -0.043579 0.037511 0.024000
v -0.039429 0.041852 0.024000
v -0.034845 0.045739 0.024000
v -0.034312 0.046140 0.024000
v -0.033775 0.046535 0.024000
v -0.053876 0.062133 0.014625
v -0.041281 0.052443 0.020250
v -0.065342 0.060720 0.012750
v -0.059597 0.055260 0.015562
v -0.046159 0.050023 0.020250
v -0.043747 0.051265 0.020250
v -0.050500 0.058510 0.016500
v -0.053440 0.057683 0.016500
v -0.054879 0.057051 0.016500
v -0.055533 0.056599 0.016500
v -0.056870 0.055161 0.016500
v -0.057683 0.053440 0.016500
v -0.054824 0.047926 0.018285
v -0.053713 0.049667 0.018443
v -0.050996 0.044341 0.020240
v -0.064646 0.062748 0.012750
v -0.063177 0.064363 0.012750
v -0.062419 0.064826 0.012750
v -0.060720 0.065342 0.012750
v -0.057253 0.065756 0.012750
v -0.058814 0.057058 0.015562
v -0.057444 0.058540 0.015562
v -0.056764 0.058995 0.015562
v -0.055260 0.059597 0.015562
v -0.052188 0.060321 0.015562
v -0.057080 0.061512 0.014625
v -0.058649 0.060939 0.014625
v -0.059355 0.060481 0.014625
v -0.060758 0.058955 0.014625
v -0.061512 0.057080 0.014625
v -0.051359 0.025854 0.024000
v -0.047274 0.032733 0.024000
v -0.046891 0.033279 0.024000
v -0.046502 0.033820 0.024000
v -0.051945 0.024657 0.024000
v -0.051656 0.025257 0.024000
v -0.064553 0.038916 0.014625
v -0.054395 0.036730 0.020250
v -0.056107 0.032090 0.020250
v -0.061738 0.036641 0.016500
v -0.067369 0.041191 0.012750
v -0.005000 -0.059290 0.009000
v -0.003000 -0.059422 0.011000
v -0.004995 -0.057283 0.011000
v -0.023662 -0.054588 0.011000
v -0.021809 -0.055359 0.009000
v -0.020895 -0.053569 0.011000
v -0.020895 -0.053569 0.024000
v -0.023662 -0.054588 0.022758
v -0.016342 -0.057212 0.009000
v -0.010722 -0.058526 0.009000
v -0.010405 -0.056551 0.011000
v -0.015720 -0.055309 0.011000
v -0.031832 -0.070424 0.011000
v -0.030911 -0.073000 0.009000
v -0.003000 -0.059422 0.022083
v -0.004995 -0.057283 0.024000
v -0.005000 -0.073000 0.009000
v -0.003000 -0.070929 0.011000
v -0.027784 -0.062578 0.016959
v -0.032474 -0.049857 0.009000
v -0.030772 -0.050920 0.011000
v -0.031545 -0.048074 0.011000
v -0.034605 -0.048402 0.009000
v -0.033233 -0.046924 0.011000
v -0.036216 -0.047195 0.011000
v -0.057063 -0.069324 0.011000
v -0.057777 -0.073000 0.009000
v -0.033233 -0.046924 0.024000
v -0.036216 -0.047195 0.023188
v -0.033902 -0.048897 0.009000
v -0.033191 -0.049382 0.009000
v -0.032113 -0.047697 0.011000
v -0.032675 -0.047314 0.011000
v -0.030772 -0.050920 0.023017
v -0.031545 -0.048074 0.024000
v -0.044414 -0.073000 0.009000
v -0.040670 -0.070106 0.011000
v -0.046251 -0.037431 0.009000
v -0.044951 -0.038967 0.011000
v -0.044858 -0.035973 0.011000
v -0.048993 -0.033754 0.011000
v -0.047831 -0.035390 0.009000
v -0.046107 -0.034357 0.011000
v -0.046107 -0.034357 0.024000
v -0.048993 -0.033754 0.023113
v -0.047314 -0.036078 0.009000
v -0.046788 -0.036758 0.009000
v -0.045280 -0.035439 0.011000
v -0.045697 -0.034900 0.011000
v -0.069872 -0.046156 0.011000
v -0.073000 -0.050340 0.009000
v -0.044951 -0.038967 0.023262
v -0.044858 -0.035973 0.024000
v -0.049318 -0.040686 0.009000
v -0.047862 -0.042057 0.011000
v -0.050041 -0.041000 0.009000
v -0.050031 -0.043000 0.011000
v -0.049427 -0.042936 0.011000
v -0.048849 -0.042751 0.011000
v -0.048321 -0.042454 0.011000
v -0.049471 -0.040818 0.009000
v -0.049647 -0.040917 0.009000
v -0.049840 -0.040979 0.009000
v -0.057988 -0.049437 0.009000
v -0.055991 -0.049327 0.011000
v -0.055906 -0.047944 0.011000
v -0.055507 -0.046617 0.011000
v -0.054813 -0.045418 0.011000
v -0.053863 -0.044409 0.011000
v -0.052707 -0.043645 0.011000
v -0.051406 -0.043167 0.011000
v -0.051875 -0.041223 0.009000
v -0.053609 -0.041860 0.009000
v -0.055151 -0.042879 0.009000
v -0.056418 -0.044224 0.009000
v -0.057342 -0.045823 0.009000
v -0.057875 -0.047592 0.009000
v -0.058259 -0.050177 0.009000
v -0.056803 -0.051548 0.011000
v -0.056434 -0.051067 0.011000
v -0.056169 -0.050521 0.011000
v -0.056019 -0.049933 0.011000
v -0.057998 -0.049639 0.009000
v -0.058047 -0.049834 0.009000
v -0.058136 -0.050016 0.009000
v -0.073000 -0.065825 0.009000
v -0.069394 -0.064572 0.010766
v -0.068892 -0.064381 0.011000
v -0.059546 -0.040022 0.017282
v -0.053959 -0.025073 0.009000
v -0.053079 -0.026876 0.011000
v -0.052228 -0.024053 0.011000
v -0.059422 -0.003000 0.011000
v -0.059290 -0.005000 0.009000
v -0.057283 -0.004995 0.011000
v -0.057283 -0.004995 0.024000
v -0.059422 -0.003000 0.022083
v -0.058301 -0.011884 0.009000
v -0.056516 -0.018605 0.009000
v -0.054640 -0.017908 0.011000
v -0.056333 -0.011528 0.011000
v -0.070929 -0.003000 0.011000
v -0.073000 -0.005000 0.009000
v -0.053079 -0.026876 0.022880
v -0.052228 -0.024053 0.024000
v -0.073000 -0.036382 0.009000
v -0.070245 -0.037072 0.011000
v -0.065338 -0.003000 0.016393
v -0.050031 -0.043000 0.020814
v -0.049426 -0.042935 0.021030
v -0.048849 -0.042751 0.021255
v -0.048321 -0.042455 0.021484
v -0.047862 -0.042057 0.021709
v -0.055991 -0.049327 0.017648
v -0.055910 -0.047962 0.017861
v -0.055546 -0.046709 0.018177
v -0.054952 -0.045612 0.018570
v -0.054176 -0.044692 0.019013
v -0.053260 -0.043963 0.019481
v -0.052240 -0.043434 0.019952
v -0.051153 -0.043112 0.020402
v -0.056803 -0.051548 0.017057
v -0.056440 -0.051077 0.017253
v -0.056174 -0.050535 0.017422
v -0.056021 -0.049945 0.017556
v -0.066313 -0.061643 0.012275
v -0.061421 -0.056450 0.014713
v -0.047628 -0.051222 0.019608
v -0.047141 -0.050546 0.019910
v -0.046839 -0.049754 0.020211
v -0.046752 -0.048891 0.020480
v -0.046797 -0.048451 0.020593
v -0.046903 -0.048013 0.020686
v -0.047071 -0.047591 0.020756
v -0.047301 -0.047190 0.020800
v -0.047587 -0.046823 0.020815
v -0.047924 -0.046499 0.020800
v -0.048306 -0.046226 0.020754
v -0.048721 -0.046012 0.020679
v -0.049162 -0.045860 0.020576
v -0.049617 -0.045773 0.020449
v -0.050303 -0.045764 0.020227
v -0.050971 -0.045899 0.019980
v -0.051599 -0.046171 0.019720
v -0.052164 -0.046575 0.019458
v -0.052641 -0.047106 0.019206
v -0.052999 -0.047749 0.018979
v -0.053207 -0.048475 0.018796
v -0.053243 -0.049219 0.018673
v -0.053168 -0.049724 0.018621
v -0.053034 -0.050166 0.018589
v -0.052839 -0.050582 0.018572
v -0.052586 -0.050969 0.018569
v -0.052279 -0.051317 0.018578
v -0.051924 -0.051620 0.018600
v -0.051527 -0.051869 0.018636
v -0.051097 -0.052059 0.018685
v -0.050644 -0.052186 0.018748
v -0.050176 -0.052245 0.018826
v -0.049705 -0.052237 0.018919
v -0.049239 -0.052160 0.019028
v -0.048791 -0.052017 0.019152
v -0.048368 -0.051810 0.019291
v -0.047978 -0.051544 0.019444
v -0.053250 -0.049000 0.009000
v -0.053139 -0.048159 0.009000
v -0.052815 -0.047375 0.009000
v -0.052298 -0.046702 0.009000
v -0.051625 -0.046185 0.009000
v -0.050841 -0.045861 0.009000
v -0.050000 -0.045750 0.009000
v -0.049159 -0.045861 0.009000
v -0.048375 -0.046185 0.009000
v -0.047702 -0.046702 0.009000
v -0.047185 -0.047375 0.009000
v -0.046861 -0.048159 0.009000
v -0.046750 -0.049000 0.009000
v -0.046861 -0.049841 0.009000
v -0.047185 -0.050625 0.009000
v -0.047702 -0.051298 0.009000
v -0.048375 -0.051815 0.009000
v -0.049159 -0.052139 0.009000
v -0.050000 -0.052250 0.009000
v -0.050841 -0.052139 0.009000
v -0.051625 -0.051815 0.009000
v -0.052298 -0.051298 0.009000
v -0.052815 -0.050625 0.009000
v -0.053139 -0.049841 0.009000
v -0.061901 -0.069981 0.010547
v -0.061760 -0.069249 0.010907
v -0.061788 -0.068503 0.011263
v -0.061987 -0.067782 0.011593
v -0.062375 -0.067083 0.011897
v -0.062608 -0.066799 0.012005
v -0.062899 -0.066520 0.012089
v -0.063225 -0.066278 0.012138
v -0.063578 -0.066078 0.012155
v -0.063950 -0.065924 0.012141
v -0.064333 -0.065819 0.012102
v -0.065107 -0.065752 0.011960
v -0.065852 -0.065864 0.011758
v -0.066532 -0.066134 0.011525
v -0.067120 -0.066537 0.011281
v -0.067596 -0.067045 0.011043
v -0.067947 -0.067630 0.010819
v -0.068166 -0.068267 0.010612
v -0.068249 -0.068931 0.010423
v -0.068195 -0.069594 0.010250
v -0.068009 -0.070228 0.010089
v -0.067702 -0.070805 0.009937
v -0.067292 -0.071304 0.009788
v -0.066782 -0.071718 0.009626
v -0.066060 -0.072072 0.009461
v -0.065667 -0.072181 0.009410
v -0.065263 -0.072239 0.009383
v -0.064859 -0.072247 0.009381
v -0.064462 -0.072205 0.009405
v -0.064076 -0.072116 0.009452
v -0.063710 -0.071983 0.009522
v -0.063062 -0.071609 0.009716
v -0.062544 -0.071129 0.009965
v -0.062159 -0.070578 0.010246
v -0.068250 -0.069000 0.009000
v -0.068139 -0.068159 0.009000
v -0.067815 -0.067375 0.009000
v -0.067298 -0.066702 0.009000
v -0.066625 -0.066185 0.009000
v -0.065841 -0.065861 0.009000
v -0.065000 -0.065750 0.009000
v -0.064159 -0.065861 0.009000
v -0.063375 -0.066185 0.009000
v -0.062702 -0.066702 0.009000
v -0.062185 -0.067375 0.009000
v -0.061861 -0.068159 0.009000
v -0.061750 -0.069000 0.009000
v -0.061861 -0.069841 0.009000
v -0.062185 -0.070625 0.009000
v -0.062702 -0.071298 0.009000
v -0.063375 -0.071815 0.009000
v -0.064159 -0.072139 0.009000
v -0.065000 -0.072250 0.009000
v -0.065841 -0.072139 0.009000
v -0.066625 -0.071815 0.009000
v -0.067298 -0.071298 0.009000
v -0.067815 -0.070625 0.009000
v -0.068139 -0.069841 0.009000
v -0.073000 -0.068000 0.004000
v -0.073000 -0.068000 0.009000
v -0.073000 0.000000 0.004000
v -0.068000 -0.073000 0.009000
v -0.069294 -0.072830 0.009000
v -0.070500 -0.072330 0.009000
v -0.071536 -0.071536 0.009000
v -0.072330 -0.070500 0.009000
v -0.072830 -0.069294 0.009000
v -0.072830 -0.069294 0.004000
v -0.072330 -0.070500 0.004000
v -0.071536 -0.071536 0.004000
v -0.070500 -0.072330 0.004000
v -0.069294 -0.072830 0.004000
v -0.068000 -0.073000 0.004000
v -0.003000 -0.065338 0.016393
v -0.010405 -0.056551 0.024000
v -0.015720 -0.055309 0.024000
v -0.035788 -0.060644 0.017224
v -0.032113 -0.047697 0.024000
v -0.032675 -0.047314 0.024000
v -0.061726 -0.032012 0.017037
v -0.054640 -0.017908 0.024000
v -0.056333 -0.011528 0.024000
v -0.045280 -0.035439 0.024000
v -0.045697 -0.034900 0.024000
v -0.057337 -0.004331 0.024000
v -0.057383 -0.003666 0.024000
v -0.057422 -0.003000 0.024000
v 0.000000 -0.073000 0.009000
v 0.000000 -0.065250 0.016500
v 0.000000 -0.057500 0.024000
v -0.003000 -0.057422 0.024000
v -0.003666 -0.057383 0.024000
v -0.004331 -0.057337 0.024000
v -0.021514 -0.053323 0.024000
v -0.022131 -0.053070 0.024000
v -0.022745 -0.052810 0.024000
v -0.029855 -0.049142 0.024000
v -0.030422 -0.048793 0.024000
v -0.030986 -0.048437 0.024000
v -0.035834 -0.064955 0.014625
v -0.029623 -0.056909 0.020250
v -0.033764 -0.062273 0.016500
v -0.037905 -0.067636 0.012750
v -0.039976 -0.070318 0.010875
v -0.033775 -0.046535 0.024000
v -0.034312 -0.046140 0.024000
v -0.034845 -0.045739 0.024000
v -0.039429 -0.041852 0.024000
v -0.043579 -0.037511 0.024000
v -0.044011 -0.037003 0.024000
v -0.044438 -0.036490 0.024000
v -0.056870 -0.055161 0.016500
v -0.057683 -0.053440 0.016500
v -0.055533 -0.056599 0.016500
v -0.054879 -0.057051 0.016500
v -0.053440 -0.057683 0.016500
v -0.052188 -0.060321 0.015562
v -0.050500 -0.058510 0.016500
v -0.041281 -0.052443 0.020250
v -0.043747 -0.051265 0.020250
v -0.046159 -0.050023 0.020250
v -0.054824 -0.047926 0.018285
v -0.053713 -0.049667 0.018443
v -0.050996 -0.044341 0.020240
v -0.063456 -0.072411 0.009305
v -0.059827 -0.072800 0.009109
v -0.057253 -0.065756 0.012750
v -0.060720 -0.065342 0.012750
v -0.062419 -0.064826 0.012750
v -0.063177 -0.064363 0.012750
v -0.064646 -0.062748 0.012750
v -0.065342 -0.060720 0.012750
v -0.055260 -0.059597 0.015562
v -0.056764 -0.058995 0.015562
v -0.057444 -0.058540 0.015562
v -0.058814 -0.057058 0.015562
v -0.059597 -0.055260 0.015562
v -0.061512 -0.057080 0.014625
v -0.060758 -0.058955 0.014625
v -0.059355 -0.060481 0.014625
v -0.058649 -0.060939 0.014625
v -0.057080 -0.061512 0.014625
v -0.053876 -0.062133 0.014625
v -0.047274 -0.032733 0.024000
v -0.051359 -0.025854 0.024000
v -0.051656 -0.025257 0.024000
v -0.051945 -0.024657 0.024000
v -0.046502 -0.033820 0.024000
v -0.046891 -0.033279 0.024000
v -0.064553 -0.038916 0.014625
v -0.056107 -0.032090 0.020250
v -0.054395 -0.036730 0.020250
v -0.061738 -0.036641 0.016500
v -0.067369 -0.041191 0.012750
v 0.005000 0.059290 0.009000
v 0.003000 0.059422 0.011000
v 0.004995 0.057283 0.011000
v 0.023662 0.054588 0.011000
v 0.021809 0.055359 0.009000
v 0.020895 0.053569 0.011000
v 0.020895 0.053569 0.024000
v 0.023662 0.054588 0.022758
v 0.016342 0.057212 0.009000
v 0.010722 0.058526 0.009000
v 0.010405 0.056551 0.011000
v 0.015720 0.055309 0.011000
v 0.031832 0.070424 0.011000
v 0.030911 0.073000 0.009000
v 0.003000 0.059422 0.022083
v 0.004995 0.057283 0.024000
v 0.005000 0.073000 0.009000
v 0.003000 0.070929 0.011000
v 0.027784 0.062578 0.016959
v 0.032474 0.049857 0.009000
v 0.030772 0.050920 0.011000
v 0.031545 0.048074 0.011000
v 0.034605 0.048402 0.009000
v 0.033233 0.046924 0.011000
v 0.036216 0.047195 0.011000
v 0.057063 0.069324 0.011000
v 0.057777 0.073000 0.009000
v 0.033233 0.046924 0.024000
v 0.036216 0.047195 0.023188
v 0.033902 0.048897 0.009000
v 0.033191 0.049382 0.009000
v 0.032113 0.047697 0.011000
v 0.032675 0.047314 0.011000
v 0.030772 0.050920 0.023017
v 0.031545 0.048074 0.024000
v 0.044414 0.073000 0.009000
v 0.040670 0.070106 0.011000
v 0.046251 0.037431 0.009000
v 0.044951 0.038967 0.011000
v 0.044858 0.035973 0.011000
v 0.048993 0.033754 0.011000
v 0.047831 0.035390 0.009000
v 0.046107 0.034357 0.011000
v 0.046107 0.034357 0.024000
v 0.048993 0.033754 0.023113
v 0.047314 0.036078 0.009000
v 0.046788 0.036758 0.009000
v 0.045280 0.035439 0.011000
v 0.045697 0.034900 0.011000
v 0.069872 0.046156 0.011000
v 0.073000 0.050340 0.009000
v 0.044951 0.038967 0.023262
v 0.044858 0.035973 0.024000
v 0.049318 0.040686 0.009000
v 0.047862 0.042057 0.011000
v 0.050041 0.041000 0.009000
v 0.050031 0.043000 0.011000
v 0.049427 0.042936 0.011000
v 0.048849 0.042751 0.011000
v 0.048321 0.042454 0.011000
v 0.049471 0.040818 0.009000
v 0.049647 0.040917 0.009000
v 0.049840 0.040979 0.009000
v 0.057988 0.049437 0.009000
v 0.055991 0.049327 0.011000
v 0.055906 0.047944 0.011000
v 0.055507 0.046617 0.011000
v 0.054813 0.045418 0.011000
v 0.053863 0.044409 0.011000
v 0.052707 0.043645 0.011000
v 0.051406 0.043167 0.011000
v 0.051875 0.041223 0.009000
v 0.053609 0.041860 0.009000
v 0.055151 0.042879 0.009000
v 0.056418 0.044224 0.009000
v 0.057342 0.045823 0.009000
v 0.057875 0.047592 0.009000
v 0.058259 0.050177 0.009000
v 0.056803 0.051548 0.011000
v 0.056434 0.051067 0.011000
v 0.056169 0.050521 0.011000
v 0.056019 0.049933 0.011000
v 0.057998 0.049639 0.009000
v 0.058047 0.049834 0.009000
v 0.058136 0.050016 0.009000
v 0.073000 0.065825 0.009000
v 0.069394 0.064572 0.010766
v 0.068892 0.064381 0.011000
v 0.059546 0.040022 0.017282
v 0.053959 0.025073 0.009000
v 0.053079 0.026876 0.011000
v 0.052228 0.024053 0.011000
v 0.059422 0.003000 0.011000
v 0.059290 0.005000 0.009000
v 0.057283 0.004995 0.011000
v 0.057283 0.004995 0.024000
v 0.059422 0.003000 0.022083
v 0.058301 0.011884 0.009000
v 0.056516 0.018605 0.009000
v 0.054640 0.017908 0.011000
v 0.056333 0.011528 0.011000
v 0.070929 0.003000 0.011000
v 0.073000 0.005000 0.009000
v 0.053079 0.026876 0.022880
v 0.052228 0.024053 0.024000
v 0.073000 0.036382 0.009000
v 0.070245 0.037072 0.011000
v 0.065338 0.003000 0.016393
v 0.050031 0.043000 0.020814
v 0.049426 0.042935 0.021030
v 0.048849 0.042751 0.021255
v 0.048321 0.042455 0.021484
v 0.047862 0.042057 0.021709
v 0.055991 0.049327 0.017648
v 0.055910 0.047962 0.017861
v 0.055546 0.046709 0.018177
v 0.054952 0.045612 0.018570
v 0.054176 0.044692 0.019013
v 0.053260 0.043963 0.019481
v 0.052240 0.043434 0.019952
v 0.051153 0.043112 0.020402
v 0.056803 0.051548 0.017057
v 0.056440 0.051077 0.017253
v 0.056174 0.050535 0.017422
v 0.056021 0.049945 0.017556
v 0.066313 0.061643 0.012275
v 0.061421 0.056450 0.014713
v 0.047628 0.051222 0.019608
v 0.047141 0.050546 0.019910
v 0.046839 0.049754 0.020211
v 0.046752 0.048891 0.020480
v 0.046797 0.048451 0.020593
v 0.046903 0.048013 0.020686
v 0.047071 0.047591 0.020756
v 0.047301 0.047190 0.020800
v 0.047587 0.046823 0.020815
v 0.047924 0.046499 0.020800
v 0.048306 0.046226 0.020754
v 0.048721 0.046012 0.020679
v 0.049162 0.045860 0.020576
v 0.049617 0.045773 0.020449
v 0.050303 0.045764 0.020227
v 0.050971 0.045899 0.019980
v 0.051599 0.046171 0.019720
v 0.052164 0.046575 0.019458
v 0.052641 0.047106 0.019206
v 0.052999 0.047749 0.018979
v 0.053207 0.048475 0.018796
v 0.053243 0.049219 0.018673
v 0.053168 0.049724 0.018621
v 0.053034 0.050166 0.018589
v 0.052839 0.050582 0.018572
v 0.052586 0.050969 0.018569
v 0.052279 0.051317 0.018578
v 0.051924 0.051620 0.018600
v 0.051527 0.051869 0.018636
v 0.051097 0.052059 0.018685
v 0.050644 0.052186 0.018748
v 0.050176 0.052245 0.018826
v 0.049705 0.052237 0.018919
v 0.049239 0.052160 0.019028
v 0.048791 0.052017 0.019152
v 0.048368 0.051810 0.019291
v 0.047978 0.051544 0.019444
v 0.053250 0.049000 0.009000
v 0.053139 0.048159 0.009000
v 0.052815 0.047375 0.009000
v 0.052298 0.046702 0.009000
v 0.051625 0.046185 0.009000
v 0.050841 0.045861 0.009000
v 0.050000 0.045750 0.009000
v 0.049159 0.045861 0.009000
v 0.048375 0.046185 0.009000
v 0.047702 0.046702 0.009000
v 0.047185 0.047375 0.009000
v 0.046861 0.048159 0.009000
v 0.046750 0.049000 0.009000
v 0.046861 0.049841 0.009000
v 0.047185 0.050625 0.009000
v 0.047702 0.051298 0.009000
v 0.048375 0.051815 0.009000
v 0.049159 0.052139 0.009000
v 0.050000 0.052250 0.009000
v 0.050841 0.052139 0.009000
v 0.051625 0.051815 0.009000
v 0.052298 0.051298 0.009000
v 0.052815 0.050625 0.009000
v 0.053139 0.049841 0.009000
v 0.061901 0.069981 0.010547
v 0.061760 0.069249 0.010907
v 0.061788 0.068503 0.011263
v 0.061987 0.067782 0.011593
v 0.062375 0.067083 0.011897
v 0.062608 0.066799 0.012005
v 0.062899 0.066520 0.012089
v 0.063225 0.066278 0.012138
v 0.063578 0.066078 0.012155
v 0.063950 0.065924 0.012141
v 0.064333 0.065819 0.012102
v 0.065107 0.065752 0.011960
v 0.065852 0.065864 0.011758
v 0.066532 0.066134 0.011525
v 0.067120 0.066537 0.011281
v 0.067596 0.067045 0.011043
v 0.067947 0.067630 0.010819
v 0.068166 0.068267 0.010612
v 0.068249 0.068931 0.010423
v 0.068195 0.069594 0.010250
v 0.068009 0.070228 0.010089
v 0.067702 0.070805 0.009937
v 0.067292 0.071304 0.009788
v 0.066782 0.071718 0.009626
v 0.066060 0.072072 0.009461
v 0.065667 0.072181 0.009410
v 0.065263 0.072239 0.009383
v 0.064859 0.072247 0.009381
v 0.064462 0.072205 0.009405
v 0.064076 0.072116 0.009452
v 0.063710 0.071983 0.009522
v 0.063062 0.071609 0.009716
v 0.062544 0.071129 0.009965
v 0.062159 0.070578 0.010246
v 0.068250 0.069000 0.009000
v 0.068139 0.068159 0.009000
v 0.067815 0.067375 0.009000
v 0.067298 0.066702 0.009000
v 0.066625 0.066185 0.009000
v 0.065841 0.065861 0.009000
v 0.065000 0.065750 0.009000
v 0.064159 0.065861 0.009000
v 0.063375 0.066185 0.009000
v 0.062702 0.066702 0.009000
v 0.062185 0.067375 0.009000
v 0.061861 0.068159 0.009000
v 0.061750 0.069000 0.009000
v 0.061861 0.069841 0.009000
v 0.062185 0.070625 0.009000
v 0.062702 0.071298 0.009000
v 0.063375 0.071815 0.009000
v 0.064159 0.072139 0.009000
v 0.065000 0.072250 0.009000
v 0.065841 0.072139 0.009000
v 0.066625 0.071815 0.009000
v 0.067298 0.071298 0.009000
v 0.067815 0.070625 0.009000
v 0.068139 0.069841 0.009000
v 0.068000 0.073000 0.009000
v 0.068000 0.073000 0.004000
v 0.000000 0.073000 0.004000
v 0.069294 0.072830 0.009000
v 0.070500 0.072330 0.009000
v 0.071536 0.071536 0.009000
v 0.072330 0.070500 0.009000
v 0.072830 0.069294 0.009000
v 0.073000 0.068000 0.009000
v 0.073000 0.068000 0.004000
v 0.072830 0.069294 0.004000
v 0.072330 0.070500 0.004000
v 0.071536 0.071536 0.004000
v 0.070500 0.072330 0.004000
v 0.069294 0.072830 0.004000
v 0.003000 0.065338 0.016393
v 0.010405 0.056551 0.024000
v 0.015720 0.055309 0.024000
v 0.035788 0.060644 0.017224
v 0.032113 0.047697 0.024000
v 0.032675 0.047314 0.024000
v 0.061726 0.032012 0.017037
v 0.054640 0.017908 0.024000
v 0.056333 0.011528 0.024000
v 0.045280 0.035439 0.024000
v 0.045697 0.034900 0.024000
v 0.057337 0.004331 0.024000
v 0.057383 0.003666 0.024000
v 0.057422 0.003000 0.024000
v 0.057500 0.000000 0.024000
v 0.065250 0.000000 0.016500
v 0.073000 0.000000 0.009000
v 0.003000 0.057422 0.024000
v 0.003666 0.057383 0.024000
v 0.004331 0.057337 0.024000
v 0.021514 0.053323 0.024000
v 0.022131 0.053070 0.024000
v 0.022745 0.052810 0.024000
v 0.029855 0.049142 0.024000
v 0.030422 0.048793 0.024000
v 0.030986 0.048437 0.024000
v 0.035834 0.064955 0.014625
v 0.029623 0.056909 0.020250
v 0.033764 0.062273 0.016500
v 0.037905 0.067636 0.012750
v 0.039976 0.070318 0.010875
v 0.033775 0.046535 0.024000
v 0.034312 0.046140 0.024000
v 0.034845 0.045739 0.024000
v 0.039429 0.041852 0.024000
v 0.043579 0.037511 0.024000
v 0.044011 0.037003 0.024000
v 0.044438 0.036490 0.024000
v 0.056870 0.055161 0.016500
v 0.057683 0.053440 0.016500
v 0.055533 0.056599 0.016500
v 0.054879 0.057051 0.016500
v 0.053440 0.057683 0.016500
v 0.052188 0.060321 0.015562
v 0.050500 0.058510 0.016500
v 0.041281 0.052443 0.020250
v 0.043747 0.051265 0.020250
v 0.046159 0.050023 0.020250
v 0.054824 0.047926 0.018285
v 0.053713 0.049667 0.018443
v 0.050996 0.044341 0.020240
v 0.063456 0.072411 0.009305
v 0.059827 0.072800 0.009109
v 0.057253 0.065756 0.012750
v 0.060720 0.065342 0.012750
v 0.062419 0.064826 0.012750
v 0.063177 0.064363 0.012750
v 0.064646 0.062748 0.012750
v 0.065342 0.060720 0.012750
v 0.055260 0.059597 0.015562
v 0.056764 0.058995 0.015562
v 0.057444 0.058540 0.015562
v 0.058814 0.057058 0.015562
v 0.059597 0.055260 0.015562
v 0.061512 0.057080 0.014625
v 0.060758 0.058955 0.014625
v 0.059355 0.060481 0.014625
v 0.058649 0.060939 0.014625
v 0.057080 0.061512 0.014625
v 0.053876 0.062133 0.014625
v 0.047274 0.032733 0.024000
v 0.051359 0.025854 0.024000
v 0.051656 0.025257 0.024000
v 0.051945 0.024657 0.024000
v 0.046502 0.033820 0.024000
v 0.046891 0.033279 0.024000
v 0.064553 0.038916 0.014625
v 0.056107 0.032090 0.020250
v 0.054395 0.036730 0.020250
v 0.061738 0.036641 0.016500
v 0.067369 0.041191 0.012750
v 0.003000 -0.059422 0.011000
v 0.005000 -0.059290 0.009000
v 0.004995 -0.057283 0.011000
v 0.021809 -0.055359 0.009000
v 0.023662 -0.054588 0.011000
v 0.020895 -0.053569 0.011000
v 0.023662 -0.054588 0.022758
v 0.020895 -0.053569 0.024000
v 0.015720 -0.055309 0.011000
v 0.010405 -0.056551 0.011000
v 0.010722 -0.058526 0.009000
v 0.016342 -0.057212 0.009000
v 0.030911 -0.073000 0.009000
v 0.031832 -0.070424 0.011000
v 0.004995 -0.057283 0.024000
v 0.003000 -0.059422 0.022083
v 0.003000 -0.070929 0.011000
v 0.005000 -0.073000 0.009000
v 0.027784 -0.062578 0.016959
v 0.030772 -0.050920 0.011000
v 0.032474 -0.049857 0.009000
v 0.031545 -0.048074 0.011000
v 0.033233 -0.046924 0.011000
v 0.034605 -0.048402 0.009000
v 0.036216 -0.047195 0.011000
v 0.057777 -0.073000 0.009000
v 0.057063 -0.069324 0.011000
v 0.036216 -0.047195 0.023188
v 0.033233 -0.046924 0.024000
v 0.032675 -0.047314 0.011000
v 0.032113 -0.047697 0.011000
v 0.033191 -0.049382 0.009000
v 0.033902 -0.048897 0.009000
v 0.031545 -0.048074 0.024000
v 0.030772 -0.050920 0.023017
v 0.040670 -0.070106 0.011000
v 0.044414 -0.073000 0.009000
v 0.044951 -0.038967 0.011000
v 0.046251 -0.037431 0.009000
v 0.044858 -0.035973 0.011000
v 0.047831 -0.035390 0.009000
v 0.048993 -0.033754 0.011000
v 0.046107 -0.034357 0.011000
v 0.048993 -0.033754 0.023113
v 0.046107 -0.034357 0.024000
v 0.045697 -0.034900 0.011000
v 0.045280 -0.035439 0.011000
v 0.046788 -0.036758 0.009000
v 0.047314 -0.036078 0.009000
v 0.073000 -0.050340 0.009000
v 0.069872 -0.046156 0.011000
v 0.044858 -0.035973 0.024000
v 0.044951 -0.038967 0.023262
v 0.047862 -0.042057 0.011000
v 0.049318 -0.040686 0.009000
v 0.050031 -0.043000 0.011000
v 0.050041 -0.041000 0.009000
v 0.049840 -0.040979 0.009000
v 0.049647 -0.040917 0.009000
v 0.049471 -0.040818 0.009000
v 0.048321 -0.042454 0.011000
v 0.048849 -0.042751 0.011000
v 0.049427 -0.042936 0.011000
v 0.055991 -0.049327 0.011000
v 0.057988 -0.049437 0.009000
v 0.057875 -0.047592 0.009000
v 0.057342 -0.045823 0.009000
v 0.056418 -0.044224 0.009000
v 0.055151 -0.042879 0.009000
v 0.053609 -0.041860 0.009000
v 0.051875 -0.041223 0.009000
v 0.051406 -0.043167 0.011000
v 0.052707 -0.043645 0.011000
v 0.053863 -0.044409 0.011000
v 0.054813 -0.045418 0.011000
v 0.055507 -0.046617 0.011000
v 0.055906 -0.047944 0.011000
v 0.056803 -0.051548 0.011000
v 0.058259 -0.050177 0.009000
v 0.058136 -0.050016 0.009000
v 0.058047 -0.049834 0.009000
v 0.057998 -0.049639 0.009000
v 0.056019 -0.049933 0.011000
v 0.056169 -0.050521 0.011000
v 0.056434 -0.051067 0.011000
v 0.068892 -0.064381 0.011000
v 0.069394 -0.064572 0.010766
v 0.073000 -0.065825 0.009000
v 0.059546 -0.040022 0.017282
v 0.053079 -0.026876 0.011000
v 0.053959 -0.025073 0.009000
v 0.052228 -0.024053 0.011000
v 0.059290 -0.005000 0.009000
v 0.059422 -0.003000 0.011000
v 0.057283 -0.004995 0.011000
v 0.059422 -0.003000 0.022083
v 0.057283 -0.004995 0.024000
v 0.056333 -0.011528 0.011000
v 0.054640 -0.017908 0.011000
v 0.056516 -0.018605 0.009000
v 0.058301 -0.011884 0.009000
v 0.073000 -0.005000 0.009000
v 0.070929 -0.003000 0.011000
v 0.052228 -0.024053 0.024000
v 0.053079 -0.026876 0.022880
v 0.070245 -0.037072 0.011000
v 0.073000 -0.036382 0.009000
v 0.065338 -0.003000 0.016393
v 0.047862 -0.042057 0.021709
v 0.048321 -0.042455 0.021484
v 0.048849 -0.042751 0.021255
v 0.049426 -0.042935 0.021030
v 0.050031 -0.043000 0.020814
v 0.051153 -0.043112 0.020402
v 0.052240 -0.043434 0.019952
v 0.053260 -0.043963 0.019481
v 0.054176 -0.044692 0.019013
v 0.054952 -0.045612 0.018570
v 0.055546 -0.046709 0.018177
v 0.055910 -0.047962 0.017861
v 0.055991 -0.049327 0.017648
v 0.056021 -0.049945 0.017556
v 0.056174 -0.050535 0.017422
v 0.056440 -0.051077 0.017253
v 0.056803 -0.051548 0.017057
v 0.061421 -0.056450 0.014713
v 0.066313 -0.061643 0.012275
v 0.047628 -0.051222 0.019608
v 0.047978 -0.051544 0.019444
v 0.048368 -0.051810 0.019291
v 0.048791 -0.052017 0.019152
v 0.049239 -0.052160 0.019028
v 0.049705 -0.052237 0.018919
v 0.050176 -0.052245 0.018826
v 0.050644 -0.052186 0.018748
v 0.051097 -0.052059 0.018685
v 0.051527 -0.051869 0.018636
v 0.051924 -0.051620 0.018600
v 0.052279 -0.051317 0.018578
v 0.052586 -0.050969 0.018569
v 0.052839 -0.050582 0.018572
v 0.053034 -0.050166 0.018589
v 0.053168 -0.049724 0.018621
v 0.053243 -0.049219 0.018673
v 0.053207 -0.048475 0.018796
v 0.052999 -0.047749 0.018979
v 0.052641 -0.047106 0.019206
v 0.052164 -0.046575 0.019458
v 0.051599 -0.046171 0.019720
v 0.050971 -0.045899 0.019980
v 0.050303 -0.045764 0.020227
v 0.049617 -0.045773 0.020449
v 0.049162 -0.045860 0.020576
v 0.048721 -0.046012 0.020679
v 0.048306 -0.046226 0.020754
v 0.047924 -0.046499 0.020800
v 0.047587 -0.046823 0.020815
v 0.047301 -0.047190 0.020800
v 0.047071 -0.047591 0.020756
v 0.046903 -0.048013 0.020686
v 0.046797 -0.048451 0.020593
v 0.046752 -0.048891 0.020480
v 0.046839 -0.049754 0.020211
v 0.047141 -0.050546 0.019910
v 0.053250 -0.049000 0.009000
v 0.053139 -0.049841 0.009000
v 0.052815 -0.050625 0.009000
v 0.052298 -0.051298 0.009000
v 0.051625 -0.051815 0.009000
v 0.050841 -0.052139 0.009000
v 0.050000 -0.052250 0.009000
v 0.049159 -0.052139 0.009000
v 0.048375 -0.051815 0.009000
v 0.047702 -0.051298 0.009000
v 0.047185 -0.050625 0.009000
v 0.046861 -0.049841 0.009000
v 0.046750 -0.049000 0.009000
v 0.046861 -0.048159 0.009000
v 0.047185 -0.047375 0.009000
v 0.047702 -0.046702 0.009000
v 0.048375 -0.046185 0.009000
v 0.049159 -0.045861 0.009000
v 0.050000 -0.045750 0.009000
v 0.050841 -0.045861 0.009000
v 0.051625 -0.046185 0.009000
v 0.052298 -0.046702 0.009000
v 0.052815 -0.047375 0.009000
v 0.053139 -0.048159 0.009000
v 0.061901 -0.069981 0.010547
v 0.062159 -0.070578 0.010246
v 0.062544 -0.071129 0.009965
v 0.063062 -0.071609 0.009716
v 0.063710 -0.071983 0.009522
v 0.064076 -0.072116 0.009452
v 0.064462 -0.072205 0.009405
v 0.064859 -0.072247 0.009381
v 0.065263 -0.072239 0.009383
v 0.065667 -0.072181 0.009410
v 0.066060 -0.072072 0.009461
v 0.066782 -0.071718 0.009626
v 0.067292 -0.071304 0.009788
v 0.067702 -0.070805 0.009937
v 0.068009 -0.070228 0.010089
v 0.068195 -0.069594 0.010250
v 0.068249 -0.068931 0.010423
v 0.068166 -0.068267 0.010612
v 0.067947 -0.067630 0.010819
v 0.067596 -0.067045 0.011043
v 0.067120 -0.066537 0.011281
v 0.066532 -0.066134 0.011525
v 0.065852 -0.065864 0.011758
v 0.065107 -0.065752 0.011960
v 0.064333 -0.065819 0.012102
v 0.063950 -0.065924 0.012141
v 0.063578 -0.066078 0.012155
v 0.063225 -0.066278 0.012138
v 0.062899 -0.066520 0.012089
v 0.062608 -0.066799 0.012005
v 0.062375 -0.067083 0.011897
v 0.061987 -0.067782 0.011593
v 0.061788 -0.068503 0.011263
v 0.061760 -0.069249 0.010907
v 0.068250 -0.069000 0.009000
v 0.068139 -0.069841 0.009000
v 0.067815 -0.070625 0.009000
v 0.067298 -0.071298 0.009000
v 0.066625 -0.071815 0.009000
v 0.065841 -0.072139 0.009000
v 0.065000 -0.072250 0.009000
v 0.064159 -0.072139 0.009000
v 0.063375 -0.071815 0.009000
v 0.062702 -0.071298 0.009000
v 0.062185 -0.070625 0.009000
v 0.061861 -0.069841 0.009000
v 0.061750 -0.069000 0.009000
v 0.061861 -0.068159 0.009000
v 0.062185 -0.067375 0.009000
v 0.062702 -0.066702 0.009000
v 0.063375 -0.066185 0.009000
v 0.064159 -0.065861 0.009000
v 0.065000 -0.065750 0.009000
v 0.065841 -0.065861 0.009000
v 0.066625 -0.066185 0.009000
v 0.067298 -0.066702 0.009000
v 0.067815 -0.067375 0.009000
v 0.068139 -0.068159 0.009000
v 0.000000 0.045050 0.004000
v 0.008526 0.044236 0.004000
v 0.016743 0.041823 0.004000
v 0.024356 0.037898 0.004000
v 0.031088 0.032604 0.004000
v 0.036697 0.026132 0.004000
v 0.040979 0.018714 0.004000
v 0.043780 0.010621 0.004000
v 0.044999 0.002144 0.004000
v 0.044591 -0.006411 0.004000
v 0.042572 -0.014734 0.004000
v 0.039014 -0.022525 0.004000
v 0.034047 -0.029501 0.004000
v 0.027848 -0.035412 0.004000
v 0.020643 -0.040042 0.004000
v 0.012692 -0.043225 0.004000
v 0.004282 -0.044846 0.004000
v -0.004282 -0.044846 0.004000
v -0.012692 -0.043225 0.004000
v -0.020643 -0.040042 0.004000
v -0.027848 -0.035412 0.004000
v -0.034047 -0.029501 0.004000
v -0.039014 -0.022525 0.004000
v -0.042572 -0.014734 0.004000
v -0.044591 -0.006411 0.004000
v -0.044999 0.002144 0.004000
v -0.043780 0.010621 0.004000
v -0.040979 0.018714 0.004000
v -0.036697 0.026132 0.004000
v -0.031088 0.032604 0.004000
v -0.024356 0.037898 0.004000
v -0.016743 0.041823 0.004000
v -0.008526 0.044236 0.004000
v 0.000000 0.045050 0.024000
v -0.008526 0.044236 0.024000
v -0.016743 0.041823 0.024000
v -0.024356 0.037898 0.024000
v -0.031088 0.032604 0.024000
v -0.036697 0.026132 0.024000
v -0.040979 0.018714 0.024000
v -0.043780 0.010621 0.024000
v -0.044999 0.002144 0.024000
v -0.044591 -0.006411 0.024000
v -0.042572 -0.014734 0.024000
v -0.039014 -0.022525 0.024000
v -0.034047 -0.029501 0.024000
v -0.027848 -0.035412 0.024000
v -0.020643 -0.040042 0.024000
v -0.012692 -0.043225 0.024000
v -0.004282 -0.044846 0.024000
v 0.004282 -0.044846 0.024000
v 0.012692 -0.043225 0.024000
v 0.020643 -0.040042 0.024000
v 0.027848 -0.035412 0.024000
v 0.034047 -0.029501 0.024000
v 0.039014 -0.022525 0.024000
v 0.042572 -0.014734 0.024000
v 0.044591 -0.006411 0.024000
v 0.044999 0.002144 0.024000
v 0.043780 0.010621 0.024000
v 0.040979 0.018714 0.024000
v 0.036697 0.026132 0.024000
v 0.031088 0.032604 0.024000
v 0.024356 0.037898 0.024000
v 0.016743 0.041823 0.024000
v 0.008526 0.044236 0.024000
v 0.073000 -0.068000 0.009000
v 0.073000 -0.068000 0.004000
v 0.073000 0.000000 0.004000
v 0.068000 -0.073000 0.004000
v 0.068000 -0.073000 0.009000
v 0.000000 -0.073000 0.004000
v 0.072830 -0.069294 0.004000
v 0.072330 -0.070500 0.004000
v 0.071536 -0.071536 0.004000
v 0.070500 -0.072330 0.004000
v 0.069294 -0.072830 0.004000
v 0.072830 -0.069294 0.009000
v 0.072330 -0.070500 0.009000
v 0.071536 -0.071536 0.009000
v 0.070500 -0.072330 0.009000
v 0.069294 -0.072830 0.009000
v 0.003000 -0.065338 0.016393
v 0.015720 -0.055309 0.024000
v 0.010405 -0.056551 0.024000
v 0.035788 -0.060644 0.017224
v 0.032675 -0.047314 0.024000
v 0.032113 -0.047697 0.024000
v 0.061726 -0.032012 0.017037
v 0.056333 -0.011528 0.024000
v 0.054640 -0.017908 0.024000
v 0.045697 -0.034900 0.024000
v 0.045280 -0.035439 0.024000
v 0.003000 -0.057422 0.024000
v 0.003666 -0.057383 0.024000
v 0.004331 -0.057337 0.024000
v 0.021514 -0.053323 0.024000
v 0.022131 -0.053070 0.024000
v 0.022745 -0.052810 0.024000
v 0.029855 -0.049142 0.024000
v 0.030422 -0.048793 0.024000
v 0.030986 -0.048437 0.024000
v 0.033775 -0.046535 0.024000
v 0.034312 -0.046140 0.024000
v 0.034845 -0.045739 0.024000
v 0.039429 -0.041852 0.024000
v 0.043579 -0.037511 0.024000
v 0.044011 -0.037003 0.024000
v 0.044438 -0.036490 0.024000
v 0.046502 -0.033820 0.024000
v 0.046891 -0.033279 0.024000
v 0.047274 -0.032733 0.024000
v 0.051359 -0.025854 0.024000
v 0.051656 -0.025257 0.024000
v 0.051945 -0.024657 0.024000
v 0.057337 -0.004331 0.024000
v 0.057383 -0.003666 0.024000
v 0.057422 -0.003000 0.024000
v 0.035834 -0.064955 0.014625
v 0.037905 -0.067636 0.012750
v 0.039976 -0.070318 0.010875
v 0.029623 -0.056909 0.020250
v 0.033764 -0.062273 0.016500
v 0.053876 -0.062133 0.014625
v 0.041281 -0.052443 0.020250
v 0.065342 -0.060720 0.012750
v 0.059597 -0.055260 0.015562
v 0.046159 -0.050023 0.020250
v 0.043747 -0.051265 0.020250
v 0.050500 -0.058510 0.016500
v 0.053440 -0.057683 0.016500
v 0.054879 -0.057051 0.016500
v 0.055533 -0.056599 0.016500
v 0.056870 -0.055161 0.016500
v 0.057683 -0.053440 0.016500
v 0.054824 -0.047926 0.018285
v 0.053713 -0.049667 0.018443
v 0.050996 -0.044341 0.020240
v 0.064646 -0.062748 0.012750
v 0.063177 -0.064363 0.012750
v 0.062419 -0.064826 0.012750
v 0.060720 -0.065342 0.012750
v 0.057253 -0.065756 0.012750
v 0.058814 -0.057058 0.015562
v 0.057444 -0.058540 0.015562
v 0.056764 -0.058995 0.015562
v 0.055260 -0.059597 0.015562
v 0.052188 -0.060321 0.015562
v 0.057080 -0.061512 0.014625
v 0.058649 -0.060939 0.014625
v 0.059355 -0.060481 0.014625
v 0.060758 -0.058955 0.014625
v 0.061512 -0.057080 0.014625
v 0.064553 -0.038916 0.014625
v 0.054395 -0.036730 0.020250
v 0.056107 -0.032090 0.020250
v 0.061738 -0.036641 0.016500
v 0.067369 -0.041191 0.012750
v -0.052000 0.001000 0.003000
v -0.072000 0.001000 0.003000
v -0.072000 0.001000 -0.014000
v -0.052000 0.001000 -0.014000
v -0.070000 0.021000 -0.003000
v -0.070000 0.018854 -0.003211
v -0.070000 0.016790 -0.003837
v -0.070000 0.014889 -0.004854
v -0.070000 0.013222 -0.006222
v -0.070000 0.011854 -0.007889
v -0.070000 0.010837 -0.009790
v -0.070000 0.010211 -0.011854
v -0.070000 0.010000 -0.014000
v -0.070000 0.010211 -0.016146
v -0.070000 0.010837 -0.018210
v -0.070000 0.011854 -0.020111
v -0.070000 0.013222 -0.021778
v -0.070000 0.014889 -0.023146
v -0.070000 0.016790 -0.024163
v -0.070000 0.018854 -0.024789
v -0.070000 0.021000 -0.025000
v -0.070000 0.023146 -0.024789
v -0.070000 0.025210 -0.024163
v -0.070000 0.027111 -0.023146
v -0.070000 0.028778 -0.021778
v -0.070000 0.030146 -0.020111
v -0.070000 0.031163 -0.018210
v -0.070000 0.031789 -0.016146
v -0.070000 0.032000 -0.014000
v -0.070000 0.031789 -0.011854
v -0.070000 0.031163 -0.009790
v -0.070000 0.030146 -0.007889
v -0.070000 0.028778 -0.006222
v -0.070000 0.027111 -0.004854
v -0.070000 0.025210 -0.003837
v -0.070000 0.023146 -0.003211
v -0.073000 0.021000 -0.025000
v -0.073000 0.018854 -0.024789
v -0.073000 0.016790 -0.024163
v -0.073000 0.014889 -0.023146
v -0.073000 0.013222 -0.021778
v -0.073000 0.011854 -0.020111
v -0.073000 0.010837 -0.018210
v -0.073000 0.010211 -0.016146
v -0.073000 0.010000 -0.014000
v -0.073000 0.010211 -0.011854
v -0.073000 0.010837 -0.009790
v -0.073000 0.011854 -0.007889
v -0.073000 0.013222 -0.006222
v -0.073000 0.014889 -0.004854
v -0.073000 0.016790 -0.003837
v -0.073000 0.018854 -0.003211
v -0.073000 0.021000 -0.003000
v -0.073000 0.023146 -0.003211
v -0.073000 0.025210 -0.003837
v -0.073000 0.027111 -0.004854
v -0.073000 0.028778 -0.006222
v -0.073000 0.030146 -0.007889
v -0.073000 0.031163 -0.009790
v -0.073000 0.031789 -0.011854
v -0.073000 0.032000 -0.014000
v -0.073000 0.031789 -0.016146
v -0.073000 0.031163 -0.018210
v -0.073000 0.030146 -0.020111
v -0.073000 0.028778 -0.021778
v -0.073000 0.027111 -0.023146
v -0.073000 0.025210 -0.024163
v -0.073000 0.023146 -0.024789
v -0.070000 0.015850 -0.014000
v -0.070000 0.016025 -0.015333
v -0.070000 0.016540 -0.016575
v -0.070000 0.017358 -0.017642
v -0.070000 0.018425 -0.018460
v -0.070000 0.019667 -0.018975
v -0.070000 0.021000 -0.019150
v -0.070000 0.022333 -0.018975
v -0.070000 0.023575 -0.018460
v -0.070000 0.024642 -0.017642
v -0.070000 0.025460 -0.016575
v -0.070000 0.025975 -0.015333
v -0.070000 0.026150 -0.014000
v -0.070000 0.025975 -0.012667
v -0.070000 0.025460 -0.011425
v -0.070000 0.024642 -0.010358
v -0.070000 0.023575 -0.009540
v -0.070000 0.022333 -0.009025
v -0.070000 0.021000 -0.008850
v -0.070000 0.019667 -0.009025
v -0.070000 0.018425 -0.009540
v -0.070000 0.017358 -0.010358
v -0.070000 0.016540 -0.011425
v -0.070000 0.016025 -0.012667
v -0.051000 0.015850 -0.014000
v -0.051000 0.016025 -0.015333
v -0.051000 0.016540 -0.016575
v -0.051000 0.017358 -0.017642
v -0.051000 0.018425 -0.018460
v -0.051000 0.019667 -0.018975
v -0.051000 0.021000 -0.019150
v -0.051000 0.022333 -0.018975
v -0.051000 0.023575 -0.018460
v -0.051000 0.024642 -0.017642
v -0.051000 0.025460 -0.016575
v -0.051000 0.025975 -0.015333
v -0.051000 0.026150 -0.014000
v -0.051000 0.025975 -0.012667
v -0.051000 0.025460 -0.011425
v -0.051000 0.024642 -0.010358
v -0.051000 0.023575 -0.009540
v -0.051000 0.022333 -0.009025
v -0.051000 0.021000 -0.008850
v -0.051000 0.019667 -0.009025
v -0.051000 0.018425 -0.009540
v -0.051000 0.017358 -0.010358
v -0.051000 0.016540 -0.011425
v -0.051000 0.016025 -0.012667
v -0.073000 0.002000 0.003000
v -0.073000 0.040000 0.003000
v -0.073000 0.040000 -0.014000
v -0.073000 0.039812 -0.016663
v -0.073000 0.039253 -0.019274
v -0.073000 0.038334 -0.021780
v -0.073000 0.037072 -0.024133
v -0.073000 0.036433 -0.024910
v -0.073000 0.035621 -0.025502
v -0.073000 0.034686 -0.025874
v -0.073000 0.033689 -0.026000
v -0.073000 0.008311 -0.026000
v -0.073000 0.007314 -0.025874
v -0.073000 0.006379 -0.025502
v -0.073000 0.005567 -0.024910
v -0.073000 0.004928 -0.024133
v -0.073000 0.003666 -0.021780
v -0.073000 0.002747 -0.019274
v -0.073000 0.002188 -0.016663
v -0.073000 0.002000 -0.014000
v -0.052000 0.041000 -0.014000
v -0.051000 0.040000 -0.014000
v -0.051000 0.039812 -0.016663
v -0.051000 0.039253 -0.019274
v -0.051000 0.038334 -0.021780
v -0.051000 0.037072 -0.024133
v -0.052000 0.037918 -0.024667
v -0.052000 0.039246 -0.022190
v -0.052000 0.040214 -0.019551
v -0.052000 0.040803 -0.016803
v -0.051000 0.033689 -0.026000
v -0.052000 0.033689 -0.027000
v -0.052000 0.034936 -0.026842
v -0.052000 0.036104 -0.026378
v -0.052000 0.037119 -0.025637
v -0.051000 0.036433 -0.024910
v -0.051000 0.035621 -0.025502
v -0.051000 0.034686 -0.025874
v -0.051000 0.008311 -0.026000
v -0.052000 0.008311 -0.027000
v -0.051000 0.004928 -0.024133
v -0.052000 0.004082 -0.024667
v -0.052000 0.004881 -0.025637
v -0.052000 0.005896 -0.026378
v -0.052000 0.007064 -0.026842
v -0.051000 0.007314 -0.025874
v -0.051000 0.006379 -0.025502
v -0.051000 0.005567 -0.024910
v -0.051000 0.003666 -0.021780
v -0.051000 0.002747 -0.019274
v -0.051000 0.002188 -0.016663
v -0.051000 0.002000 -0.014000
v -0.052000 0.001197 -0.016803
v -0.052000 0.001786 -0.019551
v -0.052000 0.002754 -0.022190
v -0.072000 0.037918 -0.024667
v -0.072000 0.039246 -0.022190
v -0.072000 0.040214 -0.019551
v -0.072000 0.040803 -0.016803
v -0.072000 0.041000 -0.014000
v -0.072000 0.033689 -0.027000
v -0.072000 0.034936 -0.026842
v -0.072000 0.036104 -0.026378
v -0.072000 0.037119 -0.025637
v -0.072000 0.008311 -0.027000
v -0.072000 0.004082 -0.024667
v -0.072000 0.004881 -0.025637
v -0.072000 0.005896 -0.026378
v -0.072000 0.007064 -0.026842
v -0.072000 0.001197 -0.016803
v -0.072000 0.001786 -0.019551
v -0.072000 0.002754 -0.022190
v -0.072000 0.041000 0.003000
v -0.051000 0.002000 0.003000
v -0.051000 0.040000 0.003000
v -0.052000 0.041000 0.003000
v -0.070000 -0.065000 0.004000
v -0.045000 -0.065000 0.004000
v -0.045000 -0.065000 0.003800
v -0.070000 -0.065000 0.003800
v -0.045000 -0.053000 0.004000
v -0.070000 -0.053000 0.004000
v -0.070000 -0.053000 0.003800
v -0.045000 -0.053000 0.003800
v -0.045000 -0.045500 0.004000
v -0.070000 -0.045500 0.004000
v -0.065000 -0.050265 0.004000
v -0.065327 -0.050221 0.004000
v -0.065632 -0.050095 0.004000
v -0.065894 -0.049894 0.004000
v -0.066095 -0.049632 0.004000
v -0.066221 -0.049327 0.004000
v -0.066265 -0.049000 0.004000
v -0.066221 -0.048673 0.004000
v -0.066095 -0.048368 0.004000
v -0.065894 -0.048106 0.004000
v -0.065632 -0.047905 0.004000
v -0.065327 -0.047779 0.004000
v -0.065000 -0.047736 0.004000
v -0.064673 -0.047779 0.004000
v -0.064368 -0.047905 0.004000
v -0.064106 -0.048106 0.004000
v -0.063905 -0.048368 0.004000
v -0.063779 -0.048673 0.004000
v -0.063735 -0.049000 0.004000
v -0.063779 -0.049327 0.004000
v -0.063905 -0.049632 0.004000
v -0.064106 -0.049894 0.004000
v -0.064368 -0.050095 0.004000
v -0.064673 -0.050221 0.004000
v -0.050000 -0.050265 0.004000
v -0.050327 -0.050221 0.004000
v -0.050632 -0.050095 0.004000
v -0.050894 -0.049894 0.004000
v -0.051095 -0.049632 0.004000
v -0.051221 -0.049327 0.004000
v -0.051264 -0.049000 0.004000
v -0.051221 -0.048673 0.004000
v -0.051095 -0.048368 0.004000
v -0.050894 -0.048106 0.004000
v -0.050632 -0.047905 0.004000
v -0.050327 -0.047779 0.004000
v -0.050000 -0.047736 0.004000
v -0.049673 -0.047779 0.004000
v -0.049368 -0.047905 0.004000
v -0.049106 -0.048106 0.004000
v -0.048905 -0.048368 0.004000
v -0.048779 -0.048673 0.004000
v -0.048735 -0.049000 0.004000
v -0.048779 -0.049327 0.004000
v -0.048905 -0.049632 0.004000
v -0.049106 -0.049894 0.004000
v -0.049368 -0.050095 0.004000
v -0.049673 -0.050221 0.004000
v -0.070000 -0.072500 0.004000
v -0.045000 -0.072500 0.004000
v -0.065000 -0.070265 0.004000
v -0.065327 -0.070221 0.004000
v -0.065632 -0.070095 0.004000
v -0.065894 -0.069894 0.004000
v -0.066095 -0.069632 0.004000
v -0.066221 -0.069327 0.004000
v -0.066265 -0.069000 0.004000
v -0.066221 -0.068673 0.004000
v -0.066095 -0.068368 0.004000
v -0.065894 -0.068106 0.004000
v -0.065632 -0.067905 0.004000
v -0.065327 -0.067779 0.004000
v -0.065000 -0.067736 0.004000
v -0.064673 -0.067779 0.004000
v -0.064368 -0.067905 0.004000
v -0.064106 -0.068106 0.004000
v -0.063905 -0.068368 0.004000
v -0.063779 -0.068673 0.004000
v -0.063735 -0.069000 0.004000
v -0.063779 -0.069327 0.004000
v -0.063905 -0.069632 0.004000
v -0.064106 -0.069894 0.004000
v -0.064368 -0.070095 0.004000
v -0.064673 -0.070221 0.004000
v -0.050000 -0.070265 0.004000
v -0.050327 -0.070221 0.004000
v -0.050632 -0.070095 0.004000
v -0.050894 -0.069894 0.004000
v -0.051095 -0.069632 0.004000
v -0.051221 -0.069327 0.004000
v -0.051264 -0.069000 0.004000
v -0.051221 -0.068673 0.004000
v -0.051095 -0.068368 0.004000
v -0.050894 -0.068106 0.004000
v -0.050632 -0.067905 0.004000
v -0.050327 -0.067779 0.004000
v -0.050000 -0.067736 0.004000
v -0.049673 -0.067779 0.004000
v -0.049368 -0.067905 0.004000
v -0.049106 -0.068106 0.004000
v -0.048905 -0.068368 0.004000
v -0.048779 -0.068673 0.004000
v -0.048735 -0.069000 0.004000
v -0.048779 -0.069327 0.004000
v -0.048905 -0.069632 0.004000
v -0.049106 -0.069894 0.004000
v -0.049368 -0.070095 0.004000
v -0.049673 -0.070221 0.004000
v -0.070000 -0.045500 -0.004000
v -0.070000 -0.053000 -0.004000
v -0.070000 -0.053000 -0.001000
v -0.070000 -0.065000 -0.001000
v -0.070000 -0.065000 -0.004000
v -0.070000 -0.072500 -0.004000
v -0.050000 -0.070265 0.000500
v -0.050327 -0.070221 0.000500
v -0.050632 -0.070095 0.000500
v -0.050894 -0.069894 0.000500
v -0.051095 -0.069632 0.000500
v -0.051221 -0.069327 0.000500
v -0.051264 -0.069000 0.000500
v -0.051221 -0.068673 0.000500
v -0.051095 -0.068368 0.000500
v -0.050894 -0.068106 0.000500
v -0.050632 -0.067905 0.000500
v -0.050327 -0.067779 0.000500
v -0.050000 -0.067736 0.000500
v -0.049673 -0.067779 0.000500
v -0.049368 -0.067905 0.000500
v -0.049106 -0.068106 0.000500
v -0.048905 -0.068368 0.000500
v -0.048779 -0.068673 0.000500
v -0.048735 -0.069000 0.000500
v -0.048779 -0.069327 0.000500
v -0.048905 -0.069632 0.000500
v -0.049106 -0.069894 0.000500
v -0.049368 -0.070095 0.000500
v -0.049673 -0.070221 0.000500
v -0.065000 -0.050265 0.000500
v -0.065327 -0.050221 0.000500
v -0.065632 -0.050095 0.000500
v -0.065894 -0.049894 0.000500
v -0.066095 -0.049632 0.000500
v -0.066221 -0.049327 0.000500
v -0.066265 -0.049000 0.000500
v -0.066221 -0.048673 0.000500
v -0.066095 -0.048368 0.000500
v -0.065894 -0.048106 0.000500
v -0.065632 -0.047905 0.000500
v -0.065327 -0.047779 0.000500
v -0.065000 -0.047736 0.000500
v -0.064673 -0.047779 0.000500
v -0.064368 -0.047905 0.000500
v -0.064106 -0.048106 0.000500
v -0.063905 -0.048368 0.000500
v -0.063779 -0.048673 0.000500
v -0.063735 -0.049000 0.000500
v -0.063779 -0.049327 0.000500
v -0.063905 -0.049632 0.000500
v -0.064106 -0.049894 0.000500
v -0.064368 -0.050095 0.000500
v -0.064673 -0.050221 0.000500
v -0.050000 -0.050265 0.000500
v -0.050327 -0.050221 0.000500
v -0.050632 -0.050095 0.000500
v -0.050894 -0.049894 0.000500
v -0.051095 -0.049632 0.000500
v -0.051221 -0.049327 0.000500
v -0.051264 -0.049000 0.000500
v -0.051221 -0.048673 0.000500
v -0.051095 -0.048368 0.000500
v -0.050894 -0.048106 0.000500
v -0.050632 -0.047905 0.000500
v -0.050327 -0.047779 0.000500
v -0.050000 -0.047736 0.000500
v -0.049673 -0.047779 0.000500
v -0.049368 -0.047905 0.000500
v -0.049106 -0.048106 0.000500
v -0.048905 -0.048368 0.000500
v -0.048779 -0.048673 0.000500
v -0.048735 -0.049000 0.000500
v -0.048779 -0.049327 0.000500
v -0.048905 -0.049632 0.000500
v -0.049106 -0.049894 0.000500
v -0.049368 -0.050095 0.000500
v -0.049673 -0.050221 0.000500
v -0.065000 -0.070265 0.000500
v -0.065327 -0.070221 0.000500
v -0.065632 -0.070095 0.000500
v -0.065894 -0.069894 0.000500
v -0.066095 -0.069632 0.000500
v -0.066221 -0.069327 0.000500
v -0.066265 -0.069000 0.000500
v -0.066221 -0.068673 0.000500
v -0.066095 -0.068368 0.000500
v -0.065894 -0.068106 0.000500
v -0.065632 -0.067905 0.000500
v -0.065327 -0.067779 0.000500
v -0.065000 -0.067736 0.000500
v -0.064673 -0.067779 0.000500
v -0.064368 -0.067905 0.000500
v -0.064106 -0.068106 0.000500
v -0.063905 -0.068368 0.000500
v -0.063779 -0.068673 0.000500
v -0.063735 -0.069000 0.000500
v -0.063779 -0.069327 0.000500
v -0.063905 -0.069632 0.000500
v -0.064106 -0.069894 0.000500
v -0.064368 -0.070095 0.000500
v -0.064673 -0.070221 0.000500
v -0.045000 -0.053000 -0.004000
v -0.045000 -0.053000 -0.001000
v -0.045000 -0.065000 -0.001000
v -0.045000 -0.065000 -0.004000
v -0.045000 -0.072500 -0.004000
v -0.045000 -0.045500 -0.004000
v -0.070000 -0.045500 0.004000
v -0.070000 -0.045500 -0.004000
v -0.074000 -0.045500 -0.004000
v -0.074000 -0.045500 0.004000
v -0.070000 -0.072500 0.004000
v -0.074000 -0.072500 0.004000
v -0.070000 -0.072500 -0.004000
v -0.074000 -0.072500 -0.004000
v -0.070000 -0.065000 -0.004000
v -0.074000 -0.065000 -0.004000
v -0.070000 -0.065000 -0.001000
v -0.074000 -0.065000 -0.001000
v -0.070000 -0.053000 -0.001000
v -0.074000 -0.053000 -0.001000
v -0.070000 -0.053000 -0.004000
v -0.074000 -0.053000 -0.004000
v -0.074000 -0.045500 0.004000
v -0.074000 -0.045500 -0.004000
v -0.075000 -0.045500 -0.004000
v -0.075000 -0.045500 0.004000
v -0.074000 -0.072500 0.004000
v -0.075000 -0.072500 0.004000
v -0.074000 -0.072500 -0.004000
v -0.075000 -0.072500 -0.004000
v -0.074000 -0.065000 -0.004000
v -0.075000 -0.065000 -0.004000
v -0.074000 -0.065000 -0.001000
v -0.075000 -0.065000 -0.001000
v -0.074000 -0.053000 -0.001000
v -0.075000 -0.053000 -0.001000
v -0.074000 -0.053000 -0.004000
v -0.075000 -0.053000 -0.004000
v -0.045000 -0.045500 -0.004000
v -0.045000 -0.045500 0.004000
v -0.041000 -0.045500 0.004000
v -0.041000 -0.045500 -0.004000
v -0.045000 -0.072500 0.004000
v -0.041000 -0.072500 0.004000
v -0.045000 -0.072500 -0.004000
v -0.041000 -0.072500 -0.004000
v -0.045000 -0.065000 -0.004000
v -0.041000 -0.065000 -0.004000
v -0.045000 -0.065000 -0.001000
v -0.041000 -0.065000 -0.001000
v -0.045000 -0.053000 -0.001000
v -0.041000 -0.053000 -0.001000
v -0.045000 -0.053000 -0.004000
v -0.041000 -0.053000 -0.004000
v -0.041000 -0.045500 -0.004000
v -0.041000 -0.045500 0.004000
v -0.040000 -0.045500 0.004000
v -0.040000 -0.045500 -0.004000
v -0.041000 -0.072500 0.004000
v -0.040000 -0.072500 0.004000
v -0.041000 -0.072500 -0.004000
v -0.040000 -0.072500 -0.004000
v -0.041000 -0.065000 -0.004000
v -0.040000 -0.065000 -0.004000
v -0.041000 -0.065000 -0.001000
v -0.040000 -0.065000 -0.001000
v -0.041000 -0.053000 -0.001000
v -0.040000 -0.053000 -0.001000
v -0.041000 -0.053000 -0.004000
v -0.040000 -0.053000 -0.004000
v 0.045000 -0.065000 0.004000
v 0.070000 -0.065000 0.004000
v 0.070000 -0.065000 0.003800
v 0.045000 -0.065000 0.003800
v 0.070000 -0.053000 0.004000
v 0.045000 -0.053000 0.004000
v 0.045000 -0.053000 0.003800
v 0.070000 -0.053000 0.003800
v 0.070000 -0.045500 0.004000
v 0.045000 -0.045500 0.004000
v 0.065000 -0.050265 0.004000
v 0.064673 -0.050221 0.004000
v 0.064368 -0.050095 0.004000
v 0.064106 -0.049894 0.004000
v 0.063905 -0.049632 0.004000
v 0.063779 -0.049327 0.004000
v 0.063735 -0.049000 0.004000
v 0.063779 -0.048673 0.004000
v 0.063905 -0.048368 0.004000
v 0.064106 -0.048106 0.004000
v 0.064368 -0.047905 0.004000
v 0.064673 -0.047779 0.004000
v 0.065000 -0.047736 0.004000
v 0.065327 -0.047779 0.004000
v 0.065632 -0.047905 0.004000
v 0.065894 -0.048106 0.004000
v 0.066095 -0.048368 0.004000
v 0.066221 -0.048673 0.004000
v 0.066265 -0.049000 0.004000
v 0.066221 -0.049327 0.004000
v 0.066095 -0.049632 0.004000
v 0.065894 -0.049894 0.004000
v 0.065632 -0.050095 0.004000
v 0.065327 -0.050221 0.004000
v 0.050000 -0.050265 0.004000
v 0.049673 -0.050221 0.004000
v 0.049368 -0.050095 0.004000
v 0.049106 -0.049894 0.004000
v 0.048905 -0.049632 0.004000
v 0.048779 -0.049327 0.004000
v 0.048735 -0.049000 0.004000
v 0.048779 -0.048673 0.004000
v 0.048905 -0.048368 0.004000
v 0.049106 -0.048106 0.004000
v 0.049368 -0.047905 0.004000
v 0.049673 -0.047779 0.004000
v 0.050000 -0.047736 0.004000
v 0.050327 -0.047779 0.004000
v 0.050632 -0.047905 0.004000
v 0.050894 -0.048106 0.004000
v 0.051095 -0.048368 0.004000
v 0.051221 -0.048673 0.004000
v 0.051264 -0.049000 0.004000
v 0.051221 -0.049327 0.004000
v 0.051095 -0.049632 0.004000
v 0.050894 -0.049894 0.004000
v 0.050632 -0.050095 0.004000
v 0.050327 -0.050221 0.004000
v 0.045000 -0.072500 0.004000
v 0.070000 -0.072500 0.004000
v 0.065000 -0.070265 0.004000
v 0.064673 -0.070221 0.004000
v 0.064368 -0.070095 0.004000
v 0.064106 -0.069894 0.004000
v 0.063905 -0.069632 0.004000
v 0.063779 -0.069327 0.004000
v 0.063735 -0.069000 0.004000
v 0.063779 -0.068673 0.004000
v 0.063905 -0.068368 0.004000
v 0.064106 -0.068106 0.004000
v 0.064368 -0.067905 0.004000
v 0.064673 -0.067779 0.004000
v 0.065000 -0.067736 0.004000
v 0.065327 -0.067779 0.004000
v 0.065632 -0.067905 0.004000
v 0.065894 -0.068106 0.004000
v 0.066095 -0.068368 0.004000
v 0.066221 -0.068673 0.004000
v 0.066265 -0.069000 0.004000
v 0.066221 -0.069327 0.004000
v 0.066095 -0.069632 0.004000
v 0.065894 -0.069894 0.004000
v 0.065632 -0.070095 0.004000
v 0.065327 -0.070221 0.004000
v 0.050000 -0.070265 0.004000
v 0.049673 -0.070221 0.004000
v 0.049368 -0.070095 0.004000
v 0.049106 -0.069894 0.004000
v 0.048905 -0.069632 0.004000
v 0.048779 -0.069327 0.004000
v 0.048735 -0.069000 0.004000
v 0.048779 -0.068673 0.004000
v 0.048905 -0.068368 0.004000
v 0.049106 -0.068106 0.004000
v 0.049368 -0.067905 0.004000
v 0.049673 -0.067779 0.004000
v 0.050000 -0.067736 0.004000
v 0.050327 -0.067779 0.004000
v 0.050632 -0.067905 0.004000
v 0.050894 -0.068106 0.004000
v 0.051095 -0.068368 0.004000
v 0.051221 -0.068673 0.004000
v 0.051264 -0.069000 0.004000
v 0.051221 -0.069327 0.004000
v 0.051095 -0.069632 0.004000
v 0.050894 -0.069894 0.004000
v 0.050632 -0.070095 0.004000
v 0.050327 -0.070221 0.004000
v 0.070000 -0.072500 -0.004000
v 0.070000 -0.065000 -0.004000
v 0.070000 -0.065000 -0.001000
v 0.070000 -0.053000 -0.001000
v 0.070000 -0.053000 -0.004000
v 0.070000 -0.045500 -0.004000
v 0.050000 -0.070265 0.000500
v 0.049673 -0.070221 0.000500
v 0.049368 -0.070095 0.000500
v 0.049106 -0.069894 0.000500
v 0.048905 -0.069632 0.000500
v 0.048779 -0.069327 0.000500
v 0.048735 -0.069000 0.000500
v 0.048779 -0.068673 0.000500
v 0.048905 -0.068368 0.000500
v 0.049106 -0.068106 0.000500
v 0.049368 -0.067905 0.000500
v 0.049673 -0.067779 0.000500
v 0.050000 -0.067736 0.000500
v 0.050327 -0.067779 0.000500
v 0.050632 -0.067905 0.000500
v 0.050894 -0.068106 0.000500
v 0.051095 -0.068368 0.000500
v 0.051221 -0.068673 0.000500
v 0.051264 -0.069000 0.000500
v 0.051221 -0.069327 0.000500
v 0.051095 -0.069632 0.000500
v 0.050894 -0.069894 0.000500
v 0.050632 -0.070095 0.000500
v 0.050327 -0.070221 0.000500
v 0.065000 -0.050265 0.000500
v 0.064673 -0.050221 0.000500
v 0.064368 -0.050095 0.000500
v 0.064106 -0.049894 0.000500
v 0.063905 -0.049632 0.000500
v 0.063779 -0.049327 0.000500
v 0.063735 -0.049000 0.000500
v 0.063779 -0.048673 0.000500
v 0.063905 -0.048368 0.000500
v 0.064106 -0.048106 0.000500
v 0.064368 -0.047905 0.000500
v 0.064673 -0.047779 0.000500
v 0.065000 -0.047736 0.000500
v 0.065327 -0.047779 0.000500
v 0.065632 -0.047905 0.000500
v 0.065894 -0.048106 0.000500
v 0.066095 -0.048368 0.000500
v 0.066221 -0.048673 0.000500
v 0.066265 -0.049000 0.000500
v 0.066221 -0.049327 0.000500
v 0.066095 -0.049632 0.000500
v 0.065894 -0.049894 0.000500
v 0.065632 -0.050095 0.000500
v 0.065327 -0.050221 0.000500
v 0.050000 -0.050265 0.000500
v 0.049673 -0.050221 0.000500
v 0.049368 -0.050095 0.000500
v 0.049106 -0.049894 0.000500
v 0.048905 -0.049632 0.000500
v 0.048779 -0.049327 0.000500
v 0.048735 -0.049000 0.000500
v 0.048779 -0.048673 0.000500
v 0.048905 -0.048368 0.000500
v 0.049106 -0.048106 0.000500
v 0.049368 -0.047905 0.000500
v 0.049673 -0.047779 0.000500
v 0.050000 -0.047736 0.000500
v 0.050327 -0.047779 0.000500
v 0.050632 -0.047905 0.000500
v 0.050894 -0.048106 0.000500
v 0.051095 -0.048368 0.000500
v 0.051221 -0.048673 0.000500
v 0.051264 -0.049000 0.000500
v 0.051221 -0.049327 0.000500
v 0.051095 -0.049632 0.000500
v 0.050894 -0.049894 0.000500
v 0.050632 -0.050095 0.000500
v 0.050327 -0.050221 0.000500
v 0.065000 -0.070265 0.000500
v 0.064673 -0.070221 0.000500
v 0.064368 -0.070095 0.000500
v 0.064106 -0.069894 0.000500
v 0.063905 -0.069632 0.000500
v 0.063779 -0.069327 0.000500
v 0.063735 -0.069000 0.000500
v 0.063779 -0.068673 0.000500
v 0.063905 -0.068368 0.000500
v 0.064106 -0.068106 0.000500
v 0.064368 -0.067905 0.000500
v 0.064673 -0.067779 0.000500
v 0.065000 -0.067736 0.000500
v 0.065327 -0.067779 0.000500
v 0.065632 -0.067905 0.000500
v 0.065894 -0.068106 0.000500
v 0.066095 -0.068368 0.000500
v 0.066221 -0.068673 0.000500
v 0.066265 -0.069000 0.000500
v 0.066221 -0.069327 0.000500
v 0.066095 -0.069632 0.000500
v 0.065894 -0.069894 0.000500
v 0.065632 -0.070095 0.000500
v 0.065327 -0.070221 0.000500
v 0.045000 -0.053000 -0.004000
v 0.045000 -0.053000 -0.001000
v 0.045000 -0.065000 -0.001000
v 0.045000 -0.065000 -0.004000
v 0.045000 -0.072500 -0.004000
v 0.045000 -0.045500 -0.004000
v 0.070000 -0.045500 -0.004000
v 0.070000 -0.045500 0.004000
v 0.074000 -0.045500 0.004000
v 0.074000 -0.045500 -0.004000
v 0.070000 -0.072500 0.004000
v 0.074000 -0.072500 0.004000
v 0.070000 -0.072500 -0.004000
v 0.074000 -0.072500 -0.004000
v 0.070000 -0.065000 -0.004000
v 0.074000 -0.065000 -0.004000
v 0.070000 -0.065000 -0.001000
v 0.074000 -0.065000 -0.001000
v 0.070000 -0.053000 -0.001000
v 0.074000 -0.053000 -0.001000
v 0.070000 -0.053000 -0.004000
v 0.074000 -0.053000 -0.004000
v 0.074000 -0.045500 -0.004000
v 0.074000 -0.045500 0.004000
v 0.075000 -0.045500 0.004000
v 0.075000 -0.045500 -0.004000
v 0.074000 -0.072500 0.004000
v 0.075000 -0.072500 0.004000
v 0.074000 -0.072500 -0.004000
v 0.075000 -0.072500 -0.004000
v 0.074000 -0.065000 -0.004000
v 0.075000 -0.065000 -0.004000
v 0.074000 -0.065000 -0.001000
v 0.075000 -0.065000 -0.001000
v 0.074000 -0.053000 -0.001000
v 0.075000 -0.053000 -0.001000
v 0.074000 -0.053000 -0.004000
v 0.075000 -0.053000 -0.004000
v 0.045000 -0.045500 0.004000
v 0.045000 -0.045500 -0.004000
v 0.041000 -0.045500 -0.004000
v 0.041000 -0.045500 0.004000
v 0.045000 -0.072500 0.004000
v 0.041000 -0.072500 0.004000
v 0.045000 -0.072500 -0.004000
v 0.041000 -0.072500 -0.004000
v 0.045000 -0.065000 -0.004000
v 0.041000 -0.065000 -0.004000
v 0.045000 -0.065000 -0.001000
v 0.041000 -0.065000 -0.001000
v 0.045000 -0.053000 -0.001000
v 0.041000 -0.053000 -0.001000
v 0.045000 -0.053000 -0.004000
v 0.041000 -0.053000 -0.004000
v 0.041000 -0.045500 0.004000
v 0.041000 -0.045500 -0.004000
v 0.040000 -0.045500 -0.004000
v 0.040000 -0.045500 0.004000
v 0.041000 -0.072500 0.004000
v 0.040000 -0.072500 0.004000
v 0.041000 -0.072500 -0.004000
v 0.040000 -0.072500 -0.004000
v 0.041000 -0.065000 -0.004000
v 0.040000 -0.065000 -0.004000
v 0.041000 -0.065000 -0.001000
v 0.040000 -0.065000 -0.001000
v 0.041000 -0.053000 -0.001000
v 0.040000 -0.053000 -0.001000
v 0.041000 -0.053000 -0.004000
v 0.040000 -0.053000 -0.004000
v -0.045000 0.065000 0.004000
v -0.070000 0.065000 0.004000
v -0.070000 0.065000 0.003800
v -0.045000 0.065000 0.003800
v -0.070000 0.053000 0.004000
v -0.045000 0.053000 0.004000
v -0.045000 0.053000 0.003800
v -0.070000 0.053000 0.003800
v -0.070000 0.045500 0.004000
v -0.045000 0.045500 0.004000
v -0.065000 0.050265 0.004000
v -0.064673 0.050221 0.004000
v -0.064368 0.050095 0.004000
v -0.064106 0.049894 0.004000
v -0.063905 0.049632 0.004000
v -0.063779 0.049327 0.004000
v -0.063735 0.049000 0.004000
v -0.063779 0.048673 0.004000
v -0.063905 0.048368 0.004000
v -0.064106 0.048106 0.004000
v -0.064368 0.047905 0.004000
v -0.064673 0.047779 0.004000
v -0.065000 0.047736 0.004000
v -0.065327 0.047779 0.004000
v -0.065632 0.047905 0.004000
v -0.065894 0.048106 0.004000
v -0.066095 0.048368 0.004000
v -0.066221 0.048673 0.004000
v -0.066265 0.049000 0.004000
v -0.066221 0.049327 0.004000
v -0.066095 0.049632 0.004000
v -0.065894 0.049894 0.004000
v -0.065632 0.050095 0.004000
v -0.065327 0.050221 0.004000
v -0.050000 0.050265 0.004000
v -0.049673 0.050221 0.004000
v -0.049368 0.050095 0.004000
v -0.049106 0.049894 0.004000
v -0.048905 0.049632 0.004000
v -0.048779 0.049327 0.004000
v -0.048735 0.049000 0.004000
v -0.048779 0.048673 0.004000
v -0.048905 0.048368 0.004000
v -0.049106 0.048106 0.004000
v -0.049368 0.047905 0.004000
v -0.049673 0.047779 0.004000
v -0.050000 0.047736 0.004000
v -0.050327 0.047779 0.004000
v -0.050632 0.047905 0.004000
v -0.050894 0.048106 0.004000
v -0.051095 0.048368 0.004000
v -0.051221 0.048673 0.004000
v -0.051264 0.049000 0.004000
v -0.051221 0.049327 0.004000
v -0.051095 0.049632 0.004000
v -0.050894 0.049894 0.004000
v -0.050632 0.050095 0.004000
v -0.050327 0.050221 0.004000
v -0.045000 0.072500 0.004000
v -0.070000 0.072500 0.004000
v -0.065000 0.070265 0.004000
v -0.064673 0.070221 0.004000
v -0.064368 0.070095 0.004000
v -0.064106 0.069894 0.004000
v -0.063905 0.069632 0.004000
v -0.063779 0.069327 0.004000
v -0.063735 0.069000 0.004000
v -0.063779 0.068673 0.004000
v -0.063905 0.068368 0.004000
v -0.064106 0.068106 0.004000
v -0.064368 0.067905 0.004000
v -0.064673 0.067779 0.004000
v -0.065000 0.067736 0.004000
v -0.065327 0.067779 0.004000
v -0.065632 0.067905 0.004000
v -0.065894 0.068106 0.004000
v -0.066095 0.068368 0.004000
v -0.066221 0.068673 0.004000
v -0.066265 0.069000 0.004000
v -0.066221 0.069327 0.004000
v -0.066095 0.069632 0.004000
v -0.065894 0.069894 0.004000
v -0.065632 0.070095 0.004000
v -0.065327 0.070221 0.004000
v -0.050000 0.070265 0.004000
v -0.049673 0.070221 0.004000
v -0.049368 0.070095 0.004000
v -0.049106 0.069894 0.004000
v -0.048905 0.069632 0.004000
v -0.048779 0.069327 0.004000
v -0.048735 0.069000 0.004000
v -0.048779 0.068673 0.004000
v -0.048905 0.068368 0.004000
v -0.049106 0.068106 0.004000
v -0.049368 0.067905 0.004000
v -0.049673 0.067779 0.004000
v -0.050000 0.067736 0.004000
v -0.050327 0.067779 0.004000
v -0.050632 0.067905 0.004000
v -0.050894 0.068106 0.004000
v -0.051095 0.068368 0.004000
v -0.051221 0.068673 0.004000
v -0.051264 0.069000 0.004000
v -0.051221 0.069327 0.004000
v -0.051095 0.069632 0.004000
v -0.050894 0.069894 0.004000
v -0.050632 0.070095 0.004000
v -0.050327 0.070221 0.004000
v -0.070000 0.072500 -0.004000
v -0.070000 0.065000 -0.004000
v -0.070000 0.065000 -0.001000
v -0.070000 0.053000 -0.001000
v -0.070000 0.053000 -0.004000
v -0.070000 0.045500 -0.004000
v -0.050000 0.070265 0.000500
v -0.049673 0.070221 0.000500
v -0.049368 0.070095 0.000500
v -0.049106 0.069894 0.000500
v -0.048905 0.069632 0.000500
v -0.048779 0.069327 0.000500
v -0.048735 0.069000 0.000500
v -0.048779 0.068673 0.000500
v -0.048905 0.068368 0.000500
v -0.049106 0.068106 0.000500
v -0.049368 0.067905 0.000500
v -0.049673 0.067779 0.000500
v -0.050000 0.067736 0.000500
v -0.050327 0.067779 0.000500
v -0.050632 0.067905 0.000500
v -0.050894 0.068106 0.000500
v -0.051095 0.068368 0.000500
v -0.051221 0.068673 0.000500
v -0.051264 0.069000 0.000500
v -0.051221 0.069327 0.000500
v -0.051095 0.069632 0.000500
v -0.050894 0.069894 0.000500
v -0.050632 0.070095 0.000500
v -0.050327 0.070221 0.000500
v -0.065000 0.050265 0.000500
v -0.064673 0.050221 0.000500
v -0.064368 0.050095 0.000500
v -0.064106 0.049894 0.000500
v -0.063905 0.049632 0.000500
v -0.063779 0.049327 0.000500
v -0.063735 0.049000 0.000500
v -0.063779 0.048673 0.000500
v -0.063905 0.048368 0.000500
v -0.064106 0.048106 0.000500
v -0.064368 0.047905 0.000500
v -0.064673 0.047779 0.000500
v -0.065000 0.047736 0.000500
v -0.065327 0.047779 0.000500
v -0.065632 0.047905 0.000500
v -0.065894 0.048106 0.000500
v -0.066095 0.048368 0.000500
v -0.066221 0.048673 0.000500
v -0.066265 0.049000 0.000500
v -0.066221 0.049327 0.000500
v -0.066095 0.049632 0.000500
v -0.065894 0.049894 0.000500
v -0.065632 0.050095 0.000500
v -0.065327 0.050221 0.000500
v -0.050000 0.050265 0.000500
v -0.049673 0.050221 0.000500
v -0.049368 0.050095 0.000500
v -0.049106 0.049894 0.000500
v -0.048905 0.049632 0.000500
v -0.048779 0.049327 0.000500
v -0.048735 0.049000 0.000500
v -0.048779 0.048673 0.000500
v -0.048905 0.048368 0.000500
v -0.049106 0.048106 0.000500
v -0.049368 0.047905 0.000500
v -0.049673 0.047779 0.000500
v -0.050000 0.047736 0.000500
v -0.050327 0.047779 0.000500
v -0.050632 0.047905 0.000500
v -0.050894 0.048106 0.000500
v -0.051095 0.048368 0.000500
v -0.051221 0.048673 0.000500
v -0.051264 0.049000 0.000500
v -0.051221 0.049327 0.000500
v -0.051095 0.049632 0.000500
v -0.050894 0.049894 0.000500
v -0.050632 0.050095 0.000500
v -0.050327 0.050221 0.000500
v -0.065000 0.070265 0.000500
v -0.064673 0.070221 0.000500
v -0.064368 0.070095 0.000500
v -0.064106 0.069894 0.000500
v -0.063905 0.069632 0.000500
v -0.063779 0.069327 0.000500
v -0.063735 0.069000 0.000500
v -0.063779 0.068673 0.000500
v -0.063905 0.068368 0.000500
v -0.064106 0.068106 0.000500
v -0.064368 0.067905 0.000500
v -0.064673 0.067779 0.000500
v -0.065000 0.067736 0.000500
v -0.065327 0.067779 0.000500
v -0.065632 0.067905 0.000500
v -0.065894 0.068106 0.000500
v -0.066095 0.068368 0.000500
v -0.066221 0.068673 0.000500
v -0.066265 0.069000 0.000500
v -0.066221 0.069327 0.000500
v -0.066095 0.069632 0.000500
v -0.065894 0.069894 0.000500
v -0.065632 0.070095 0.000500
v -0.065327 0.070221 0.000500
v -0.045000 0.053000 -0.004000
v -0.045000 0.053000 -0.001000
v -0.045000 0.065000 -0.001000
v -0.045000 0.065000 -0.004000
v -0.045000 0.072500 -0.004000
v -0.045000 0.045500 -0.004000
v -0.070000 0.045500 -0.004000
v -0.070000 0.045500 0.004000
v -0.074000 0.045500 0.004000
v -0.074000 0.045500 -0.004000
v -0.070000 0.072500 0.004000
v -0.074000 0.072500 0.004000
v -0.070000 0.072500 -0.004000
v -0.074000 0.072500 -0.004000
v -0.070000 0.065000 -0.004000
v -0.074000 0.065000 -0.004000
v -0.070000 0.065000 -0.001000
v -0.074000 0.065000 -0.001000
v -0.070000 0.053000 -0.001000
v -0.074000 0.053000 -0.001000
v -0.070000 0.053000 -0.004000
v -0.074000 0.053000 -0.004000
v -0.074000 0.045500 -0.004000
v -0.074000 0.045500 0.004000
v -0.075000 0.045500 0.004000
v -0.075000 0.045500 -0.004000
v -0.074000 0.072500 0.004000
v -0.075000 0.072500 0.004000
v -0.074000 0.072500 -0.004000
v -0.075000 0.072500 -0.004000
v -0.074000 0.065000 -0.004000
v -0.075000 0.065000 -0.004000
v -0.074000 0.065000 -0.001000
v -0.075000 0.065000 -0.001000
v -0.074000 0.053000 -0.001000
v -0.075000 0.053000 -0.001000
v -0.074000 0.053000 -0.004000
v -0.075000 0.053000 -0.004000
v -0.045000 0.045500 0.004000
v -0.045000 0.045500 -0.004000
v -0.041000 0.045500 -0.004000
v -0.041000 0.045500 0.004000
v -0.045000 0.072500 0.004000
v -0.041000 0.072500 0.004000
v -0.045000 0.072500 -0.004000
v -0.041000 0.072500 -0.004000
v -0.045000 0.065000 -0.004000
v -0.041000 0.065000 -0.004000
v -0.045000 0.065000 -0.001000
v -0.041000 0.065000 -0.001000
v -0.045000 0.053000 -0.001000
v -0.041000 0.053000 -0.001000
v -0.045000 0.053000 -0.004000
v -0.041000 0.053000 -0.004000
v -0.041000 0.045500 0.004000
v -0.041000 0.045500 -0.004000
v -0.040000 0.045500 -0.004000
v -0.040000 0.045500 0.004000
v -0.041000 0.072500 0.004000
v -0.040000 0.072500 0.004000
v -0.041000 0.072500 -0.004000
v -0.040000 0.072500 -0.004000
v -0.041000 0.065000 -0.004000
v -0.040000 0.065000 -0.004000
v -0.041000 0.065000 -0.001000
v -0.040000 0.065000 -0.001000
v -0.041000 0.053000 -0.001000
v -0.040000 0.053000 -0.001000
v -0.041000 0.053000 -0.004000
v -0.040000 0.053000 -0.004000
v 0.070000 0.065000 0.004000
v 0.045000 0.065000 0.004000
v 0.045000 0.065000 0.003800
v 0.070000 0.065000 0.003800
v 0.045000 0.053000 0.004000
v 0.070000 0.053000 0.004000
v 0.070000 0.053000 0.003800
v 0.045000 0.053000 0.003800
v 0.045000 0.045500 0.004000
v 0.070000 0.045500 0.004000
v 0.065000 0.050265 0.004000
v 0.065327 0.050221 0.004000
v 0.065632 0.050095 0.004000
v 0.065894 0.049894 0.004000
v 0.066095 0.049632 0.004000
v 0.066221 0.049327 0.004000
v 0.066265 0.049000 0.004000
v 0.066221 0.048673 0.004000
v 0.066095 0.048368 0.004000
v 0.065894 0.048106 0.004000
v 0.065632 0.047905 0.004000
v 0.065327 0.047779 0.004000
v 0.065000 0.047736 0.004000
v 0.064673 0.047779 0.004000
v 0.064368 0.047905 0.004000
v 0.064106 0.048106 0.004000
v 0.063905 0.048368 0.004000
v 0.063779 0.048673 0.004000
v 0.063735 0.049000 0.004000
v 0.063779 0.049327 0.004000
v 0.063905 0.049632 0.004000
v 0.064106 0.049894 0.004000
v 0.064368 0.050095 0.004000
v 0.064673 0.050221 0.004000
v 0.050000 0.050265 0.004000
v 0.050327 0.050221 0.004000
v 0.050632 0.050095 0.004000
v 0.050894 0.049894 0.004000
v 0.051095 0.049632 0.004000
v 0.051221 0.049327 0.004000
v 0.051264 0.049000 0.004000
v 0.051221 0.048673 0.004000
v 0.051095 0.048368 0.004000
v 0.050894 0.048106 0.004000
v 0.050632 0.047905 0.004000
v 0.050327 0.047779 0.004000
v 0.050000 0.047736 0.004000
v 0.049673 0.047779 0.004000
v 0.049368 0.047905 0.004000
v 0.049106 0.048106 0.004000
v 0.048905 0.048368 0.004000
v 0.048779 0.048673 0.004000
v 0.048735 0.049000 0.004000
v 0.048779 0.049327 0.004000
v 0.048905 0.049632 0.004000
v 0.049106 0.049894 0.004000
v 0.049368 0.050095 0.004000
v 0.049673 0.050221 0.004000
v 0.070000 0.072500 0.004000
v 0.045000 0.072500 0.004000
v 0.065000 0.070265 0.004000
v 0.065327 0.070221 0.004000
v 0.065632 0.070095 0.004000
v 0.065894 0.069894 0.004000
v 0.066095 0.069632 0.004000
v 0.066221 0.069327 0.004000
v 0.066265 0.069000 0.004000
v 0.066221 0.068673 0.004000
v 0.066095 0.068368 0.004000
v 0.065894 0.068106 0.004000
v 0.065632 0.067905 0.004000
v 0.065327 0.067779 0.004000
v 0.065000 0.067736 0.004000
v 0.064673 0.067779 0.004000
v 0.064368 0.067905 0.004000
v 0.064106 0.068106 0.004000
v 0.063905 0.068368 0.004000
v 0.063779 0.068673 0.004000
v 0.063735 0.069000 0.004000
v 0.063779 0.069327 0.004000
v 0.063905 0.069632 0.004000
v 0.064106 0.069894 0.004000
v 0.064368 0.070095 0.004000
v 0.064673 0.070221 0.004000
v 0.050000 0.070265 0.004000
v 0.050327 0.070221 0.004000
v 0.050632 0.070095 0.004000
v 0.050894 0.069894 0.004000
v 0.051095 0.069632 0.004000
v 0.051221 0.069327 0.004000
v 0.051264 0.069000 0.004000
v 0.051221 0.068673 0.004000
v 0.051095 0.068368 0.004000
v 0.050894 0.068106 0.004000
v 0.050632 0.067905 0.004000
v 0.050327 0.067779 0.004000
v 0.050000 0.067736 0.004000
v 0.049673 0.067779 0.004000
v 0.049368 0.067905 0.004000
v 0.049106 0.068106 0.004000
v 0.048905 0.068368 0.004000
v 0.048779 0.068673 0.004000
v 0.048735 0.069000 0.004000
v 0.048779 0.069327 0.004000
v 0.048905 0.069632 0.004000
v 0.049106 0.069894 0.004000
v 0.049368 0.070095 0.004000
v 0.049673 0.070221 0.004000
v 0.070000 0.045500 -0.004000
v 0.070000 0.053000 -0.004000
v 0.070000 0.053000 -0.001000
v 0.070000 0.065000 -0.001000
v 0.070000 0.065000 -0.004000
v 0.070000 0.072500 -0.004000
v 0.050000 0.070265 0.000500
v 0.050327 0.070221 0.000500
v 0.050632 0.070095 0.000500
v 0.050894 0.069894 0.000500
v 0.051095 0.069632 0.000500
v 0.051221 0.069327 0.000500
v 0.051264 0.069000 0.000500
v 0.051221 0.068673 0.000500
v 0.051095 0.068368 0.000500
v 0.050894 0.068106 0.000500
v 0.050632 0.067905 0.000500
v 0.050327 0.067779 0.000500
v 0.050000 0.067736 0.000500
v 0.049673 0.067779 0.000500
v 0.049368 0.067905 0.000500
v 0.049106 0.068106 0.000500
v 0.048905 0.068368 0.000500
v 0.048779 0.068673 0.000500
v 0.048735 0.069000 0.000500
v 0.048779 0.069327 0.000500
v 0.048905 0.069632 0.000500
v 0.049106 0.069894 0.000500
v 0.049368 0.070095 0.000500
v 0.049673 0.070221 0.000500
v 0.065000 0.050265 0.000500
v 0.065327 0.050221 0.000500
v 0.065632 0.050095 0.000500
v 0.065894 0.049894 0.000500
v 0.066095 0.049632 0.000500
v 0.066221 0.049327 0.000500
v 0.066265 0.049000 0.000500
v 0.066221 0.048673 0.000500
v 0.066095 0.048368 0.000500
v 0.065894 0.048106 0.000500
v 0.065632 0.047905 0.000500
v 0.065327 0.047779 0.000500
v 0.065000 0.047736 0.000500
v 0.064673 0.047779 0.000500
v 0.064368 0.047905 0.000500
v 0.064106 0.048106 0.000500
v 0.063905 0.048368 0.000500
v 0.063779 0.048673 0.000500
v 0.063735 0.049000 0.000500
v 0.063779 0.049327 0.000500
v 0.063905 0.049632 0.000500
v 0.064106 0.049894 0.000500
v 0.064368 0.050095 0.000500
v 0.064673 0.050221 0.000500
v 0.050000 0.050265 0.000500
v 0.050327 0.050221 0.000500
v 0.050632 0.050095 0.000500
v 0.050894 0.049894 0.000500
v 0.051095 0.049632 0.000500
v 0.051221 0.049327 0.000500
v 0.051264 0.049000 0.000500
v 0.051221 0.048673 0.000500
v 0.051095 0.048368 0.000500
v 0.050894 0.048106 0.000500
v 0.050632 0.047905 0.000500
v 0.050327 0.047779 0.000500
v 0.050000 0.047736 0.000500
v 0.049673 0.047779 0.000500
v 0.049368 0.047905 0.000500
v 0.049106 0.048106 0.000500
v 0.048905 0.048368 0.000500
v 0.048779 0.048673 0.000500
v 0.048735 0.049000 0.000500
v 0.048779 0.049327 0.000500
v 0.048905 0.049632 0.000500
v 0.049106 0.049894 0.000500
v 0.049368 0.050095 0.000500
v 0.049673 0.050221 0.000500
v 0.065000 0.070265 0.000500
v 0.065327 0.070221 0.000500
v 0.065632 0.070095 0.000500
v 0.065894 0.069894 0.000500
v 0.066095 0.069632 0.000500
v 0.066221 0.069327 0.000500
v 0.066265 0.069000 0.000500
v 0.066221 0.068673 0.000500
v 0.066095 0.068368 0.000500
v 0.065894 0.068106 0.000500
v 0.065632 0.067905 0.000500
v 0.065327 0.067779 0.000500
v 0.065000 0.067736 0.000500
v 0.064673 0.067779 0.000500
v 0.064368 0.067905 0.000500
v 0.064106 0.068106 0.000500
v 0.063905 0.068368 0.000500
v 0.063779 0.068673 0.000500
v 0.063735 0.069000 0.000500
v 0.063779 0.069327 0.000500
v 0.063905 0.069632 0.000500
v 0.064106 0.069894 0.000500
v 0.064368 0.070095 0.000500
v 0.064673 0.070221 0.000500
v 0.045000 0.053000 -0.004000
v 0.045000 0.053000 -0.001000
v 0.045000 0.065000 -0.001000
v 0.045000 0.065000 -0.004000
v 0.045000 0.072500 -0.004000
v 0.045000 0.045500 -0.004000
v 0.070000 0.045500 0.004000
v 0.070000 0.045500 -0.004000
v 0.074000 0.045500 -0.004000
v 0.074000 0.045500 0.004000
v 0.070000 0.072500 0.004000
v 0.074000 0.072500 0.004000
v 0.070000 0.072500 -0.004000
v 0.074000 0.072500 -0.004000
v 0.070000 0.065000 -0.004000
v 0.074000 0.065000 -0.004000
v 0.070000 0.065000 -0.001000
v 0.074000 0.065000 -0.001000
v 0.070000 0.053000 -0.001000
v 0.074000 0.053000 -0.001000
v 0.070000 0.053000 -0.004000
v 0.074000 0.053000 -0.004000
v 0.074000 0.045500 0.004000
v 0.074000 0.045500 -0.004000
v 0.075000 0.045500 -0.004000
v 0.075000 0.045500 0.004000
v 0.074000 0.072500 0.004000
v 0.075000 0.072500 0.004000
v 0.074000 0.072500 -0.004000
v 0.075000 0.072500 -0.004000
v 0.074000 0.065000 -0.004000
v 0.075000 0.065000 -0.004000
v 0.074000 0.065000 -0.001000
v 0.075000 0.065000 -0.001000
v 0.074000 0.053000 -0.001000
v 0.075000 0.053000 -0.001000
v 0.074000 0.053000 -0.004000
v 0.075000 0.053000 -0.004000
v 0.045000 0.045500 -0.004000
v 0.045000 0.045500 0.004000
v 0.041000 0.045500 0.004000
v 0.041000 0.045500 -0.004000
v 0.045000 0.072500 0.004000
v 0.041000 0.072500 0.004000
v 0.045000 0.072500 -0.004000
v 0.041000 0.072500 -0.004000
v 0.045000 0.065000 -0.004000
v 0.041000 0.065000 -0.004000
v 0.045000 0.065000 -0.001000
v 0.041000 0.065000 -0.001000
v 0.045000 0.053000 -0.001000
v 0.041000 0.053000 -0.001000
v 0.045000 0.053000 -0.004000
v 0.041000 0.053000 -0.004000
v 0.041000 0.045500 -0.004000
v 0.041000 0.045500 0.004000
v 0.040000 0.045500 0.004000
v 0.040000 0.045500 -0.004000
v 0.041000 0.072500 0.004000
v 0.040000 0.072500 0.004000
v 0.041000 0.072500 -0.004000
v 0.040000 0.072500 -0.004000
v 0.041000 0.065000 -0.004000
v 0.040000 0.065000 -0.004000
v 0.041000 0.065000 -0.001000
v 0.040000 0.065000 -0.001000
v 0.041000 0.053000 -0.001000
v 0.040000 0.053000 -0.001000
v 0.041000 0.053000 -0.004000
v 0.040000 0.053000 -0.004000
vn -0.6357 -0.6592 0.4017
vn -0.5725 -0.7211 0.3901
vn -0.5408 -0.7489 0.3831
vn -0.4609 -0.8008 0.3826
vn -0.4134 -0.8264 0.3823
vn -0.3388 -0.8563 0.3897
vn -0.2711 -0.8814 0.3867
vn -0.2613 -0.8783 0.4005
vn -0.1889 -0.8917 0.4113
vn -0.1225 -0.9085 0.3996
vn -0.1194 -0.8980 0.4234
vn -0.0510 -0.8984 0.4362
vn -0.0180 -0.9092 0.4160
vn 0.0855 -0.8808 0.4657
vn 0.2121 -0.8562 0.4711
vn 0.2170 -0.8376 0.5014
vn 0.3372 -0.7685 0.5438
vn 0.4514 -0.6606 0.5999
vn 0.4158 -0.7215 0.5537
vn 0.3151 -0.8021 0.5072
vn 0.1797 -0.8865 0.4265
vn 0.0282 -0.9215 0.3873
vn 0.4902 -0.6325 0.5997
vn 0.5421 -0.5046 0.6719
vn 0.5499 -0.5189 0.6545
vn 0.5849 -0.3806 0.7162
vn 0.5575 -0.5360 0.6340
vn 0.5889 -0.4273 0.6860
vn 0.5980 -0.2953 0.7452
vn 0.5810 -0.2056 0.7875
vn 0.5738 -0.1418 0.8066
vn 0.5344 -0.0456 0.8440
vn 0.5007 0.0282 0.8652
vn 0.4308 0.1254 0.8937
vn 0.3701 0.1949 0.9083
vn 0.2783 0.2739 0.9206
vn 0.2881 0.2667 0.9197
vn 0.1938 0.3300 0.9239
vn 0.0794 0.3858 0.9192
vn 0.0434 0.3997 0.9156
vn -0.1275 0.4387 0.8895
vn -0.1048 0.4373 0.8932
vn -0.2468 0.4470 0.8598
vn -0.3223 0.4379 0.8393
vn -0.3801 0.4329 0.8174
vn -0.4825 0.3952 0.7817
vn -0.4920 0.3995 0.7736
vn -0.5853 0.3535 0.7297
vn -0.6049 0.3287 0.7252
vn -0.7186 0.2439 0.6512
vn -0.7362 0.2016 0.6461
vn -0.8022 0.1222 0.5844
vn -0.8123 0.0630 0.5799
vn -0.8503 -0.0034 0.5263
vn -0.8474 -0.0744 0.5258
vn -0.8685 -0.1237 0.4800
vn -0.8654 -0.2351 0.4424
vn -0.8376 -0.1694 0.5194
vn -0.8234 -0.0250 0.5670
vn -0.7646 0.1320 0.6308
vn -0.6457 0.2833 0.7091
vn -0.5551 0.3502 0.7545
vn -0.4340 0.4061 0.8042
vn -0.2805 0.4386 0.8538
vn -0.1004 0.4335 0.8955
vn 0.0890 0.3817 0.9200
vn 0.2708 0.2793 0.9212
vn 0.4127 0.1455 0.8992
vn 0.5139 -0.0098 0.8578
vn 0.5655 -0.1585 0.8093
vn 0.5810 -0.2936 0.7591
vn 0.4524 -0.7062 0.5446
vn 0.3193 -0.8192 0.4764
vn -0.1268 -0.9233 0.3624
vn -0.2747 -0.8939 0.3542
vn -0.3404 -0.8684 0.3605
vn -0.3968 -0.8398 0.3705
vn -0.4395 -0.8140 0.3798
vn -0.4739 -0.7934 0.3820
vn -0.5140 -0.7721 0.3737
vn -0.5651 -0.7408 0.3631
vn -0.6204 -0.6992 0.3554
vn -0.6557 -0.6473 0.3886
vn -0.6875 -0.5966 0.4139
vn -0.7311 -0.5521 0.4009
vn -0.7303 -0.5328 0.4276
vn -0.7665 -0.4656 0.4424
vn -0.7912 -0.4431 0.4215
vn -0.8182 -0.3211 0.4769
vn -0.8326 -0.3237 0.4495
vn -0.8318 -0.3850 0.3998
vn -0.7659 -0.5258 0.3700
vn -0.6739 -0.6479 0.3550
vn -0.0000 -0.0000 1.0000
vn 0.5000 0.8660 -0.0000
vn 0.7071 0.7071 -0.0000
vn 0.5901 0.8074 -0.0000
vn 0.6729 0.7397 -0.0000
vn 0.8118 0.5840 -0.0000
vn 0.8660 0.5000 -0.0000
vn 0.9105 0.4136 -0.0000
vn 0.9659 0.2588 -0.0000
vn 0.9705 0.2411 -0.0000
vn 0.9970 0.0779 -0.0000
vn 1.0000 -0.0000 -0.0000
vn 0.9972 -0.0743 -0.0000
vn 0.9659 -0.2588 -0.0000
vn 0.9342 -0.3566 -0.0000
vn 0.8660 -0.5000 -0.0000
vn 0.8054 -0.5927 -0.0000
vn 0.7071 -0.7071 -0.0000
vn 0.6360 -0.7717 -0.0000
vn 0.5000 -0.8660 -0.0000
vn 0.4242 -0.9056 -0.0000
vn 0.2588 -0.9659 -0.0000
vn 0.1823 -0.9832 -0.0000
vn -0.0000 -1.0000 -0.0000
vn -0.0663 -0.9978 -0.0000
vn -0.1939 -0.9810 -0.0000
vn -0.2588 -0.9659 -0.0000
vn -0.3174 -0.9483 -0.0000
vn -0.4309 -0.9024 -0.0000
vn -0.5000 -0.8660 -0.0000
vn -0.5353 -0.8447 -0.0000
vn -0.6338 -0.7735 -0.0000
vn -0.7071 -0.7071 -0.0000
vn -0.7265 -0.6872 -0.0000
vn -0.8090 -0.5878 -0.0000
vn -0.8660 -0.5000 -0.0000
vn -0.8762 -0.4820 -0.0000
vn -0.9659 -0.2588 -0.0001
vn -0.9686 -0.2488 -0.0000
vn -1.0000 -0.0000 0.0001
vn -1.0000 0.0032 -0.0000
vn -0.9688 0.2480 -0.0000
vn -0.9659 0.2588 -0.0000
vn -0.9101 0.4144 -0.0000
vn -0.8660 0.5000 -0.0000
vn -0.8160 0.5781 -0.0000
vn -0.7071 0.7071 -0.0000
vn -0.6850 0.7286 -0.0000
vn -0.5186 0.8550 -0.0000
vn -0.5000 0.8660 -0.0000
vn -0.3157 0.9489 -0.0000
vn -0.2588 0.9659 -0.0000
vn -0.1953 0.9807 -0.0000
vn -0.0639 0.9980 -0.0000
vn -0.0000 1.0000 -0.0000
vn 0.0759 0.9971 -0.0000
vn 0.2202 0.9755 -0.0000
vn 0.2588 0.9659 -0.0000
vn 0.3634 0.9316 -0.0000
vn 0.4999 0.8661 -0.0000
vn -0.8801 -0.2530 0.4017
vn -0.8564 -0.3383 0.3901
vn -0.8428 -0.3781 0.3831
vn -0.7995 -0.4630 0.3826
vn -0.7712 -0.5090 0.3822
vn -0.7216 -0.5722 0.3897
vn -0.6755 -0.6278 0.3867
vn -0.6655 -0.6299 0.4005
vn -0.6094 -0.6778 0.4113
vn -0.5603 -0.7255 0.3996
vn -0.5524 -0.7180 0.4234
vn -0.4934 -0.7526 0.4361
vn -0.4702 -0.7784 0.4160
vn -0.3664 -0.8055 0.4657
vn -0.2445 -0.8475 0.4711
vn -0.2309 -0.8339 0.5014
vn -0.0922 -0.8341 0.5438
vn 0.0606 -0.7978 0.5999
vn -0.0006 -0.8327 0.5537
vn -0.1282 -0.8522 0.5072
vn -0.2876 -0.8576 0.4265
vn -0.4363 -0.8122 0.3873
vn 0.1083 -0.7929 0.5997
vn 0.2172 -0.7080 0.6719
vn 0.2167 -0.7243 0.6545
vn 0.3163 -0.6221 0.7162
vn 0.2148 -0.7429 0.6340
vn 0.2963 -0.6645 0.6860
vn 0.3702 -0.5547 0.7452
vn 0.4004 -0.4685 0.7875
vn 0.4260 -0.4097 0.8066
vn 0.4400 -0.3067 0.8440
vn 0.4477 -0.2260 0.8652
vn 0.4357 -0.1068 0.8937
vn 0.4179 -0.0163 0.9083
vn 0.3780 0.0980 0.9206
vn 0.3828 0.0869 0.9197
vn 0.3328 0.1889 0.9239
vn 0.2617 0.2944 0.9192
vn 0.2374 0.3245 0.9156
vn 0.1090 0.4437 0.8895
vn 0.1279 0.4311 0.8932
vn 0.0098 0.5105 0.8598
vn -0.0602 0.5403 0.8393
vn -0.1127 0.5649 0.8174
vn -0.2203 0.5835 0.7816
vn -0.2263 0.5919 0.7736
vn -0.3301 0.5987 0.7298
vn -0.3595 0.5872 0.7252
vn -0.5004 0.5706 0.6512
vn -0.5367 0.5426 0.6461
vn -0.6336 0.5070 0.5844
vn -0.6720 0.4607 0.5799
vn -0.7381 0.4222 0.5263
vn -0.7710 0.3593 0.5258
vn -0.8140 0.3271 0.4800
vn -0.8670 0.2291 0.4424
vn -0.8101 0.2720 0.5194
vn -0.7255 0.3901 0.5670
vn -0.5962 0.4967 0.6308
vn -0.4175 0.5682 0.7091
vn -0.3056 0.5809 0.7545
vn -0.1728 0.5688 0.8041
vn -0.0236 0.5201 0.8538
vn 0.1298 0.4257 0.8955
vn 0.2679 0.2860 0.9200
vn 0.3741 0.1065 0.9212
vn 0.4301 -0.0803 0.8992
vn 0.4402 -0.2654 0.8578
vn 0.4105 -0.4201 0.8093
vn 0.3563 -0.5447 0.7591
vn 0.0387 -0.8378 0.5446
vn -0.1331 -0.8691 0.4765
vn -0.5715 -0.7362 0.3624
vn -0.6849 -0.6368 0.3542
vn -0.7290 -0.5819 0.3605
vn -0.7635 -0.5289 0.3705
vn -0.7876 -0.4852 0.3798
vn -0.8071 -0.4502 0.3820
vn -0.8312 -0.4117 0.3737
vn -0.8598 -0.3590 0.3631
vn -0.8868 -0.2953 0.3554
vn -0.8915 -0.2327 0.3886
vn -0.8937 -0.1729 0.4139
vn -0.9092 -0.1126 0.4009
vn -0.8988 -0.0963 0.4276
vn -0.8966 -0.0200 0.4424
vn -0.9068 0.0120 0.4215
vn -0.8691 0.1310 0.4769
vn -0.8829 0.1360 0.4495
vn -0.9129 0.0825 0.3997
vn -0.9262 -0.0724 0.3700
vn -0.9076 -0.2242 0.3550
vn 0.9147 0.4041 -0.0000
vn 0.9526 0.3042 -0.0000
vn 0.9950 0.0999 -0.0000
vn 0.9953 -0.0971 -0.0000
vn 0.9610 -0.2765 -0.0000
vn 0.9023 -0.4310 -0.0000
vn 0.8265 -0.5629 -0.0000
vn 0.6308 -0.7760 -0.0000
vn 0.4011 -0.9160 -0.0000
vn 0.1650 -0.9863 -0.0000
vn -0.0854 -0.9963 -0.0000
vn -0.3337 -0.9427 -0.0000
vn -0.5563 -0.8310 -0.0000
vn -0.6584 -0.7526 -0.0000
vn -0.7490 -0.6626 -0.0000
vn -0.8244 -0.5661 -0.0000
vn -0.8859 -0.4638 -0.0000
vn -0.9356 -0.3530 -0.0000
vn -0.9659 -0.2588 -0.0000
vn -0.9727 -0.2319 -0.0000
vn -0.9945 -0.1046 -0.0000
vn -1.0000 -0.0000 -0.0000
vn -0.9998 0.0207 -0.0000
vn -0.9632 0.2688 -0.0000
vn -0.8660 0.5000 -0.0001
vn -0.8644 0.5028 -0.0000
vn -0.7150 0.6992 -0.0000
vn -0.5810 0.8139 -0.0000
vn -0.4176 0.9086 -0.0000
vn -0.2289 0.9734 -0.0000
vn -0.0216 0.9998 -0.0000
vn 0.2010 0.9796 -0.0000
vn 0.3212 0.9470 -0.0000
vn 0.4437 0.8962 -0.0000
vn 0.5643 0.8256 -0.0000
vn 0.6784 0.7347 -0.0000
vn 0.7805 0.6251 -0.0000
vn 0.8660 0.5001 -0.0001
vn -0.8887 0.2210 0.4017
vn -0.9108 0.1353 0.3901
vn -0.9189 0.0939 0.3831
vn -0.9239 -0.0012 0.3826
vn -0.9224 -0.0552 0.3823
vn -0.9110 -0.1347 0.3897
vn -0.8989 -0.2059 0.3867
vn -0.8913 -0.2128 0.4005
vn -0.8667 -0.2823 0.4113
vn -0.8480 -0.3482 0.3996
vn -0.8374 -0.3456 0.4234
vn -0.8035 -0.4051 0.4362
vn -0.7964 -0.4389 0.4160
vn -0.7201 -0.5144 0.4657
vn -0.6355 -0.6118 0.4711
vn -0.6169 -0.6067 0.5014
vn -0.4969 -0.6763 0.5438
vn -0.3464 -0.7212 0.5999
vn -0.4169 -0.7208 0.5537
vn -0.5371 -0.6740 0.5072
vn -0.6778 -0.5989 0.4265
vn -0.7839 -0.4852 0.3873
vn -0.3026 -0.7408 0.5997
vn -0.1659 -0.7218 0.6719
vn -0.1745 -0.7356 0.6545
vn -0.0371 -0.6969 0.7162
vn -0.1854 -0.7507 0.6340
vn -0.0757 -0.7236 0.6860
vn 0.0433 -0.6655 0.7452
vn 0.1125 -0.6059 0.7875
vn 0.1641 -0.5679 0.8066
vn 0.2277 -0.4856 0.8440
vn 0.2747 -0.4195 0.8652
vn 0.3240 -0.3104 0.8937
vn 0.3538 -0.2231 0.9083
vn 0.3763 -0.1041 0.9206
vn 0.3750 -0.1161 0.9197
vn 0.3826 -0.0028 0.9239
vn 0.3738 0.1241 0.9192
vn 0.3678 0.1623 0.9156
vn 0.3162 0.3298 0.8895
vn 0.3263 0.3094 0.8932
vn 0.2638 0.4372 0.8598
vn 0.2181 0.4980 0.8393
vn 0.1849 0.5456 0.8174
vn 0.1011 0.6154 0.7817
vn 0.1000 0.6258 0.7735
vn 0.0135 0.6836 0.7297
vn -0.0178 0.6883 0.7252
vn -0.1481 0.7443 0.6512
vn -0.1935 0.7383 0.6461
vn -0.2952 0.7558 0.5844
vn -0.3516 0.7349 0.5799
vn -0.4281 0.7347 0.5263
vn -0.4881 0.6967 0.5258
vn -0.5414 0.6903 0.4800
vn -0.6363 0.6319 0.4424
vn -0.5655 0.6406 0.5194
vn -0.4333 0.7006 0.5670
vn -0.2680 0.7282 0.6307
vn -0.0775 0.7009 0.7091
vn 0.0258 0.6558 0.7545
vn 0.1347 0.5789 0.8042
vn 0.2396 0.4622 0.8538
vn 0.3252 0.3038 0.8955
vn 0.3750 0.1138 0.9200
vn 0.3772 -0.0948 0.9212
vn 0.3323 -0.2846 0.8992
vn 0.2485 -0.4500 0.8578
vn 0.1455 -0.5691 0.8093
vn 0.0362 -0.6499 0.7591
vn -0.3854 -0.7449 0.5446
vn -0.5498 -0.6861 0.4765
vn -0.8631 -0.3518 0.3624
vn -0.9115 -0.2090 0.3542
vn -0.9223 -0.1394 0.3605
vn -0.9257 -0.0763 0.3705
vn -0.9247 -0.0264 0.3797
vn -0.9241 0.0137 0.3820
vn -0.9256 0.0591 0.3737
vn -0.9241 0.1190 0.3631
vn -0.9157 0.1877 0.3554
vn -0.8885 0.2442 0.3886
vn -0.8605 0.2971 0.4139
vn -0.8437 0.3571 0.4009
vn -0.8266 0.3660 0.4276
vn -0.7865 0.4310 0.4424
vn -0.7793 0.4637 0.4215
vn -0.6872 0.5480 0.4769
vn -0.6966 0.5592 0.4495
vn -0.7494 0.5279 0.3998
vn -0.8384 0.4004 0.3699
vn -0.8981 0.2597 0.3550
vn 1.0000 -0.0001 -0.0000
vn 0.9942 -0.1073 -0.0000
vn 0.9771 -0.2129 -0.0000
vn 0.9116 -0.4110 -0.0000
vn 0.8134 -0.5817 -0.0000
vn 0.6940 -0.7200 -0.0000
vn 0.5659 -0.8245 -0.0000
vn 0.4343 -0.9008 -0.0000
vn 0.1583 -0.9874 -0.0000
vn -0.1106 -0.9939 -0.0000
vn -0.3503 -0.9366 -0.0000
vn -0.5721 -0.8202 -0.0000
vn -0.7603 -0.6495 -0.0000
vn -0.8972 -0.4415 -0.0000
vn -0.9465 -0.3226 -0.0000
vn -0.9799 -0.1993 -0.0000
vn -0.9969 -0.0781 -0.0000
vn -0.9991 0.0413 -0.0000
vn -0.9868 0.1622 -0.0000
vn -0.9584 0.2855 -0.0000
vn -0.9136 0.4067 -0.0000
vn -0.8555 0.5178 -0.0000
vn -0.6997 0.7144 -0.0000
vn -0.5000 0.8660 0.0001
vn -0.4972 0.8676 -0.0000
vn -0.2696 0.9630 -0.0000
vn -0.0962 0.9954 -0.0000
vn 0.0926 0.9957 -0.0000
vn 0.2885 0.9575 -0.0000
vn 0.4812 0.8766 -0.0000
vn 0.6639 0.7478 -0.0000
vn 0.7517 0.6595 -0.0000
vn 0.8323 0.5543 -0.0000
vn 0.9015 0.4328 -0.0000
vn 0.9549 0.2970 -0.0000
vn 0.9885 0.1511 -0.0000
vn 1.0000 0.0001 -0.0001
vn -0.6592 0.6357 0.4017
vn -0.7211 0.5725 0.3901
vn -0.7489 0.5408 0.3831
vn -0.8008 0.4609 0.3826
vn -0.8264 0.4134 0.3823
vn -0.8563 0.3388 0.3897
vn -0.8814 0.2711 0.3867
vn -0.8783 0.2613 0.4005
vn -0.8917 0.1889 0.4113
vn -0.9085 0.1225 0.3996
vn -0.8980 0.1194 0.4234
vn -0.8984 0.0510 0.4362
vn -0.9092 0.0180 0.4160
vn -0.8808 -0.0855 0.4657
vn -0.8562 -0.2121 0.4711
vn -0.8376 -0.2170 0.5014
vn -0.7685 -0.3372 0.5438
vn -0.6606 -0.4514 0.5999
vn -0.7215 -0.4158 0.5537
vn -0.8021 -0.3151 0.5072
vn -0.8865 -0.1797 0.4265
vn -0.9215 -0.0283 0.3873
vn -0.6325 -0.4902 0.5997
vn -0.5046 -0.5421 0.6719
vn -0.5189 -0.5499 0.6545
vn -0.3806 -0.5849 0.7162
vn -0.5360 -0.5574 0.6340
vn -0.4273 -0.5889 0.6860
vn -0.2953 -0.5980 0.7452
vn -0.2056 -0.5810 0.7875
vn -0.1419 -0.5738 0.8066
vn -0.0456 -0.5344 0.8440
vn 0.0281 -0.5007 0.8652
vn 0.1254 -0.4308 0.8937
vn 0.1949 -0.3701 0.9083
vn 0.2739 -0.2783 0.9206
vn 0.2667 -0.2881 0.9197
vn 0.3300 -0.1938 0.9239
vn 0.3858 -0.0794 0.9192
vn 0.3997 -0.0434 0.9156
vn 0.4387 0.1275 0.8895
vn 0.4373 0.1048 0.8932
vn 0.4470 0.2468 0.8598
vn 0.4378 0.3223 0.8393
vn 0.4329 0.3801 0.8174
vn 0.3952 0.4825 0.7816
vn 0.3995 0.4920 0.7735
vn 0.3535 0.5853 0.7298
vn 0.3287 0.6049 0.7252
vn 0.2439 0.7186 0.6512
vn 0.2016 0.7362 0.6461
vn 0.1222 0.8022 0.5844
vn 0.0629 0.8123 0.5799
vn -0.0034 0.8503 0.5263
vn -0.0744 0.8474 0.5258
vn -0.1237 0.8685 0.4800
vn -0.2351 0.8654 0.4424
vn -0.1694 0.8376 0.5194
vn -0.0250 0.8234 0.5670
vn 0.1320 0.7646 0.6308
vn 0.2833 0.6457 0.7091
vn 0.3502 0.5551 0.7545
vn 0.4061 0.4340 0.8042
vn 0.4386 0.2806 0.8538
vn 0.4335 0.1004 0.8955
vn 0.3817 -0.0890 0.9200
vn 0.2793 -0.2708 0.9212
vn 0.1455 -0.4127 0.8992
vn -0.0098 -0.5139 0.8578
vn -0.1585 -0.5655 0.8093
vn -0.2936 -0.5810 0.7591
vn -0.7062 -0.4524 0.5446
vn -0.8192 -0.3193 0.4764
vn -0.9233 0.1268 0.3624
vn -0.8939 0.2747 0.3542
vn -0.8684 0.3404 0.3605
vn -0.8398 0.3968 0.3705
vn -0.8140 0.4395 0.3797
vn -0.7934 0.4739 0.3820
vn -0.7720 0.5141 0.3738
vn -0.7408 0.5651 0.3631
vn -0.6992 0.6204 0.3554
vn -0.6474 0.6557 0.3886
vn -0.5966 0.6875 0.4139
vn -0.5521 0.7311 0.4009
vn -0.5328 0.7303 0.4276
vn -0.4656 0.7665 0.4424
vn -0.4431 0.7912 0.4215
vn -0.3211 0.8182 0.4770
vn -0.3237 0.8326 0.4495
vn -0.3850 0.8318 0.3998
vn -0.5258 0.7659 0.3700
vn -0.6479 0.6739 0.3550
vn 0.8660 -0.5001 -0.0000
vn 0.8074 -0.5900 -0.0000
vn 0.7397 -0.6729 -0.0000
vn 0.5840 -0.8118 -0.0000
vn 0.4136 -0.9105 -0.0000
vn 0.2411 -0.9705 -0.0000
vn 0.0779 -0.9970 -0.0000
vn -0.0743 -0.9972 -0.0000
vn -0.3566 -0.9342 -0.0000
vn -0.5927 -0.8054 -0.0000
vn -0.7717 -0.6360 -0.0000
vn -0.9056 -0.4242 -0.0000
vn -0.9832 -0.1824 -0.0000
vn -0.9978 0.0662 -0.0000
vn -0.9810 0.1939 -0.0000
vn -0.9483 0.3173 -0.0000
vn -0.9024 0.4309 -0.0000
vn -0.8447 0.5353 -0.0000
vn -0.7735 0.6338 -0.0000
vn -0.6872 0.7265 -0.0000
vn -0.5878 0.8090 -0.0000
vn -0.4820 0.8762 -0.0000
vn -0.2488 0.9686 -0.0000
vn -0.0000 1.0000 0.0001
vn 0.0032 1.0000 -0.0000
vn 0.2480 0.9688 -0.0000
vn 0.4144 0.9101 -0.0000
vn 0.5781 0.8160 -0.0000
vn 0.7286 0.6850 -0.0000
vn 0.8550 0.5186 -0.0000
vn 0.9489 0.3157 -0.0000
vn 0.9807 0.1953 -0.0000
vn 0.9980 0.0639 -0.0000
vn 0.9971 -0.0759 -0.0000
vn 0.9755 -0.2202 -0.0000
vn 0.9316 -0.3634 -0.0000
vn 0.8661 -0.4999 -0.0000
vn -0.2530 0.8801 0.4017
vn -0.3383 0.8564 0.3901
vn -0.3781 0.8428 0.3831
vn -0.4630 0.7995 0.3826
vn -0.5090 0.7712 0.3823
vn -0.5722 0.7216 0.3897
vn -0.6278 0.6755 0.3867
vn -0.6299 0.6655 0.4005
vn -0.6778 0.6094 0.4113
vn -0.7255 0.5603 0.3996
vn -0.7180 0.5524 0.4234
vn -0.7526 0.4934 0.4361
vn -0.7784 0.4702 0.4160
vn -0.8056 0.3663 0.4657
vn -0.8475 0.2445 0.4711
vn -0.8339 0.2309 0.5014
vn -0.8341 0.0922 0.5438
vn -0.7978 -0.0606 0.5999
vn -0.8327 0.0006 0.5537
vn -0.8522 0.1282 0.5072
vn -0.8576 0.2876 0.4265
vn -0.8122 0.4363 0.3873
vn -0.7929 -0.1083 0.5997
vn -0.7080 -0.2172 0.6719
vn -0.7243 -0.2167 0.6545
vn -0.6221 -0.3163 0.7162
vn -0.7429 -0.2148 0.6340
vn -0.6645 -0.2963 0.6860
vn -0.5547 -0.3702 0.7452
vn -0.4685 -0.4004 0.7875
vn -0.4098 -0.4260 0.8066
vn -0.3067 -0.4400 0.8440
vn -0.2260 -0.4477 0.8652
vn -0.1068 -0.4358 0.8937
vn -0.0163 -0.4179 0.9083
vn 0.0980 -0.3780 0.9206
vn 0.0869 -0.3828 0.9197
vn 0.1889 -0.3328 0.9239
vn 0.2944 -0.2617 0.9192
vn 0.3245 -0.2374 0.9156
vn 0.4437 -0.1090 0.8895
vn 0.4311 -0.1279 0.8932
vn 0.5105 -0.0098 0.8598
vn 0.5403 0.0602 0.8393
vn 0.5650 0.1127 0.8174
vn 0.5835 0.2202 0.7817
vn 0.5919 0.2263 0.7736
vn 0.5987 0.3301 0.7298
vn 0.5872 0.3595 0.7252
vn 0.5706 0.5004 0.6512
vn 0.5427 0.5367 0.6461
vn 0.5070 0.6336 0.5844
vn 0.4606 0.6720 0.5799
vn 0.4222 0.7380 0.5263
vn 0.3593 0.7710 0.5258
vn 0.3271 0.8140 0.4800
vn 0.2291 0.8670 0.4424
vn 0.2720 0.8101 0.5194
vn 0.3901 0.7255 0.5670
vn 0.4967 0.5962 0.6308
vn 0.5682 0.4175 0.7091
vn 0.5809 0.3056 0.7545
vn 0.5687 0.1728 0.8042
vn 0.5201 0.0236 0.8538
vn 0.4257 -0.1298 0.8955
vn 0.2860 -0.2679 0.9200
vn 0.1065 -0.3741 0.9212
vn -0.0804 -0.4301 0.8992
vn -0.2655 -0.4402 0.8578
vn -0.4201 -0.4105 0.8094
vn -0.5447 -0.3563 0.7591
vn -0.8378 -0.0387 0.5446
vn -0.8691 0.1331 0.4765
vn -0.7362 0.5715 0.3624
vn -0.6368 0.6849 0.3542
vn -0.5819 0.7290 0.3605
vn -0.5289 0.7635 0.3705
vn -0.4852 0.7876 0.3797
vn -0.4502 0.8071 0.3820
vn -0.4115 0.8312 0.3738
vn -0.3590 0.8598 0.3631
vn -0.2953 0.8868 0.3554
vn -0.2327 0.8915 0.3886
vn -0.1729 0.8937 0.4139
vn -0.1126 0.9092 0.4009
vn -0.0963 0.8988 0.4276
vn -0.0200 0.8966 0.4424
vn 0.0120 0.9068 0.4215
vn 0.1310 0.8691 0.4770
vn 0.1360 0.8829 0.4495
vn 0.0825 0.9129 0.3998
vn -0.0724 0.9262 0.3700
vn -0.2242 0.9076 0.3550
vn 0.4999 -0.8661 -0.0000
vn 0.4042 -0.9147 -0.0000
vn 0.3042 -0.9526 -0.0000
vn 0.0999 -0.9950 -0.0000
vn -0.0971 -0.9953 -0.0000
vn -0.2765 -0.9610 -0.0000
vn -0.4310 -0.9023 -0.0000
vn -0.5629 -0.8265 -0.0000
vn -0.7760 -0.6308 -0.0000
vn -0.9160 -0.4011 -0.0000
vn -0.9863 -0.1650 -0.0000
vn -0.9963 0.0854 -0.0000
vn -0.9427 0.3337 -0.0000
vn -0.8310 0.5563 -0.0000
vn -0.7526 0.6584 -0.0000
vn -0.6626 0.7490 -0.0000
vn -0.5661 0.8243 -0.0000
vn -0.4639 0.8859 -0.0000
vn -0.3529 0.9356 -0.0000
vn -0.2319 0.9727 -0.0000
vn -0.1046 0.9945 -0.0000
vn 0.0207 0.9998 -0.0000
vn 0.2688 0.9632 -0.0000
vn 0.5000 0.8660 -0.0001
vn 0.5028 0.8644 -0.0000
vn 0.6992 0.7150 -0.0000
vn 0.8139 0.5810 -0.0000
vn 0.9086 0.4176 -0.0000
vn 0.9734 0.2289 -0.0000
vn 0.9998 0.0216 -0.0000
vn 0.9796 -0.2010 -0.0000
vn 0.9470 -0.3212 -0.0000
vn 0.8962 -0.4437 -0.0000
vn 0.8256 -0.5643 -0.0000
vn 0.7347 -0.6784 -0.0000
vn 0.6251 -0.7806 -0.0001
vn 0.2210 0.8887 0.4017
vn 0.1353 0.9108 0.3901
vn 0.0939 0.9189 0.3831
vn -0.0012 0.9239 0.3826
vn -0.0552 0.9224 0.3823
vn -0.1347 0.9110 0.3897
vn -0.2059 0.8989 0.3867
vn -0.2128 0.8913 0.4005
vn -0.2823 0.8667 0.4113
vn -0.3482 0.8480 0.3996
vn -0.3456 0.8374 0.4234
vn -0.4051 0.8035 0.4362
vn -0.4390 0.7964 0.4160
vn -0.5144 0.7201 0.4657
vn -0.6118 0.6355 0.4711
vn -0.6067 0.6169 0.5014
vn -0.6763 0.4969 0.5438
vn -0.7212 0.3464 0.5999
vn -0.7208 0.4169 0.5537
vn -0.6740 0.5371 0.5072
vn -0.5989 0.6778 0.4265
vn -0.4852 0.7839 0.3873
vn -0.7408 0.3026 0.5997
vn -0.7218 0.1659 0.6719
vn -0.7357 0.1745 0.6545
vn -0.6969 0.0371 0.7162
vn -0.7507 0.1854 0.6340
vn -0.7236 0.0757 0.6860
vn -0.6655 -0.0433 0.7452
vn -0.6059 -0.1125 0.7875
vn -0.5679 -0.1641 0.8066
vn -0.4856 -0.2277 0.8440
vn -0.4195 -0.2747 0.8652
vn -0.3104 -0.3239 0.8937
vn -0.2231 -0.3538 0.9083
vn -0.1041 -0.3763 0.9206
vn -0.1161 -0.3750 0.9197
vn -0.0028 -0.3826 0.9239
vn 0.1241 -0.3738 0.9192
vn 0.1623 -0.3678 0.9156
vn 0.3298 -0.3162 0.8895
vn 0.3094 -0.3263 0.8932
vn 0.4372 -0.2638 0.8598
vn 0.4980 -0.2181 0.8393
vn 0.5456 -0.1848 0.8174
vn 0.6155 -0.1010 0.7817
vn 0.6258 -0.1000 0.7735
vn 0.6836 -0.0135 0.7298
vn 0.6883 0.0178 0.7252
vn 0.7443 0.1481 0.6512
vn 0.7383 0.1935 0.6461
vn 0.7558 0.2952 0.5844
vn 0.7349 0.3516 0.5799
vn 0.7347 0.4280 0.5263
vn 0.6967 0.4880 0.5258
vn 0.6903 0.5414 0.4800
vn 0.6319 0.6363 0.4424
vn 0.6406 0.5655 0.5194
vn 0.7006 0.4333 0.5670
vn 0.7282 0.2680 0.6307
vn 0.7009 0.0775 0.7091
vn 0.6558 -0.0258 0.7545
vn 0.5789 -0.1347 0.8042
vn 0.4622 -0.2396 0.8538
vn 0.3038 -0.3252 0.8955
vn 0.1138 -0.3750 0.9200
vn -0.0948 -0.3772 0.9212
vn -0.2846 -0.3323 0.8992
vn -0.4500 -0.2485 0.8578
vn -0.5690 -0.1455 0.8094
vn -0.6499 -0.0362 0.7591
vn -0.7449 0.3854 0.5446
vn -0.6861 0.5498 0.4765
vn -0.3518 0.8631 0.3624
vn -0.2090 0.9115 0.3542
vn -0.1394 0.9223 0.3605
vn -0.0763 0.9257 0.3705
vn -0.0264 0.9247 0.3797
vn 0.0137 0.9241 0.3820
vn 0.0591 0.9256 0.3737
vn 0.1190 0.9241 0.3631
vn 0.1877 0.9157 0.3554
vn 0.2442 0.8885 0.3886
vn 0.2971 0.8605 0.4139
vn 0.3571 0.8437 0.4009
vn 0.3660 0.8266 0.4276
vn 0.4310 0.7865 0.4424
vn 0.4637 0.7793 0.4215
vn 0.5480 0.6872 0.4769
vn 0.5592 0.6966 0.4495
vn 0.5279 0.7494 0.3998
vn 0.4004 0.8384 0.3699
vn 0.2596 0.8981 0.3550
vn -0.0001 -1.0000 -0.0000
vn -0.1074 -0.9942 -0.0000
vn -0.2129 -0.9771 -0.0000
vn -0.4110 -0.9116 -0.0000
vn -0.5817 -0.8134 -0.0000
vn -0.7200 -0.6940 -0.0000
vn -0.8245 -0.5659 -0.0000
vn -0.9008 -0.4343 -0.0000
vn -0.9874 -0.1583 -0.0000
vn -0.9939 0.1106 -0.0000
vn -0.9366 0.3503 -0.0000
vn -0.8202 0.5721 -0.0000
vn -0.6495 0.7603 -0.0000
vn -0.4415 0.8972 -0.0000
vn -0.3226 0.9465 -0.0000
vn -0.1993 0.9799 -0.0000
vn -0.0781 0.9969 -0.0000
vn 0.0412 0.9991 -0.0000
vn 0.1622 0.9868 -0.0000
vn 0.2855 0.9584 -0.0000
vn 0.4067 0.9136 -0.0000
vn 0.5178 0.8555 -0.0000
vn 0.7144 0.6997 -0.0000
vn 0.8660 0.5000 -0.0001
vn 0.8676 0.4972 -0.0000
vn 0.9630 0.2696 -0.0000
vn 0.9954 0.0962 -0.0000
vn 0.9957 -0.0926 -0.0000
vn 0.9575 -0.2885 -0.0000
vn 0.8766 -0.4812 -0.0000
vn 0.7478 -0.6639 -0.0000
vn 0.6595 -0.7517 -0.0000
vn 0.5543 -0.8323 -0.0000
vn 0.4328 -0.9015 -0.0000
vn 0.2970 -0.9549 -0.0000
vn 0.1511 -0.9885 -0.0000
vn 0.6357 0.6592 0.4017
vn 0.5725 0.7211 0.3901
vn 0.5408 0.7489 0.3831
vn 0.4609 0.8007 0.3826
vn 0.4134 0.8264 0.3823
vn 0.3388 0.8563 0.3897
vn 0.2711 0.8814 0.3867
vn 0.2613 0.8783 0.4005
vn 0.1889 0.8917 0.4113
vn 0.1225 0.9085 0.3996
vn 0.1194 0.8980 0.4234
vn 0.0510 0.8984 0.4362
vn 0.0180 0.9092 0.4160
vn -0.0855 0.8808 0.4657
vn -0.2121 0.8562 0.4711
vn -0.2170 0.8376 0.5014
vn -0.3372 0.7685 0.5438
vn -0.4514 0.6606 0.5999
vn -0.4158 0.7215 0.5537
vn -0.3151 0.8021 0.5072
vn -0.1797 0.8865 0.4265
vn -0.0282 0.9215 0.3873
vn -0.4902 0.6325 0.5997
vn -0.5421 0.5046 0.6719
vn -0.5499 0.5189 0.6545
vn -0.5849 0.3806 0.7162
vn -0.5575 0.5360 0.6340
vn -0.5889 0.4273 0.6860
vn -0.5980 0.2953 0.7452
vn -0.5810 0.2056 0.7875
vn -0.5738 0.1418 0.8066
vn -0.5344 0.0456 0.8440
vn -0.5007 -0.0282 0.8652
vn -0.4308 -0.1254 0.8937
vn -0.3701 -0.1949 0.9083
vn -0.2783 -0.2739 0.9206
vn -0.2881 -0.2667 0.9197
vn -0.1938 -0.3300 0.9239
vn -0.0794 -0.3858 0.9192
vn -0.0434 -0.3997 0.9156
vn 0.1275 -0.4387 0.8895
vn 0.1048 -0.4373 0.8932
vn 0.2468 -0.4470 0.8598
vn 0.3223 -0.4379 0.8393
vn 0.3801 -0.4329 0.8174
vn 0.4825 -0.3952 0.7817
vn 0.4920 -0.3995 0.7736
vn 0.5853 -0.3535 0.7297
vn 0.6049 -0.3287 0.7252
vn 0.7186 -0.2439 0.6512
vn 0.7362 -0.2016 0.6461
vn 0.8022 -0.1222 0.5844
vn 0.8123 -0.0630 0.5799
vn 0.8503 0.0034 0.5263
vn 0.8474 0.0744 0.5258
vn 0.8685 0.1237 0.4800
vn 0.8654 0.2351 0.4424
vn 0.8376 0.1694 0.5194
vn 0.8234 0.0250 0.5670
vn 0.7646 -0.1320 0.6308
vn 0.6457 -0.2833 0.7091
vn 0.5551 -0.3502 0.7545
vn 0.4340 -0.4061 0.8042
vn 0.2805 -0.4386 0.8538
vn 0.1004 -0.4335 0.8955
vn -0.0890 -0.3817 0.9200
vn -0.2708 -0.2793 0.9212
vn -0.4127 -0.1455 0.8992
vn -0.5139 0.0098 0.8578
vn -0.5655 0.1585 0.8093
vn -0.5810 0.2936 0.7591
vn -0.4524 0.7062 0.5446
vn -0.3193 0.8192 0.4764
vn 0.1268 0.9233 0.3624
vn 0.2747 0.8939 0.3542
vn 0.3404 0.8684 0.3605
vn 0.3968 0.8398 0.3705
vn 0.4395 0.8140 0.3798
vn 0.4739 0.7934 0.3820
vn 0.5140 0.7721 0.3737
vn 0.5651 0.7408 0.3631
vn 0.6204 0.6992 0.3554
vn 0.6557 0.6473 0.3886
vn 0.6875 0.5966 0.4139
vn 0.7311 0.5521 0.4009
vn 0.7303 0.5328 0.4276
vn 0.7665 0.4656 0.4424
vn 0.7912 0.4431 0.4215
vn 0.8182 0.3211 0.4769
vn 0.8326 0.3237 0.4495
vn 0.8318 0.3850 0.3998
vn 0.7659 0.5258 0.3700
vn 0.6739 0.6479 0.3550
vn -0.5901 -0.8074 -0.0000
vn -0.6729 -0.7397 -0.0000
vn -0.8118 -0.5840 -0.0000
vn -0.9105 -0.4136 -0.0000
vn -0.9705 -0.2411 -0.0000
vn -0.9970 -0.0779 -0.0000
vn -0.9972 0.0743 -0.0000
vn -0.9342 0.3566 -0.0000
vn -0.8054 0.5927 -0.0000
vn -0.6360 0.7717 -0.0000
vn -0.4242 0.9056 -0.0000
vn -0.1823 0.9832 -0.0000
vn 0.0663 0.9978 -0.0000
vn 0.1939 0.9810 -0.0000
vn 0.3174 0.9483 -0.0000
vn 0.4309 0.9024 -0.0000
vn 0.5353 0.8447 -0.0000
vn 0.6338 0.7735 -0.0000
vn 0.7265 0.6872 -0.0000
vn 0.8090 0.5878 -0.0000
vn 0.8762 0.4820 -0.0000
vn 0.9659 0.2588 -0.0001
vn 0.9686 0.2488 -0.0000
vn 1.0000 -0.0000 0.0001
vn 1.0000 -0.0032 -0.0000
vn 0.9688 -0.2480 -0.0000
vn 0.9101 -0.4144 -0.0000
vn 0.8160 -0.5781 -0.0000
vn 0.6850 -0.7286 -0.0000
vn 0.5186 -0.8550 -0.0000
vn 0.3157 -0.9489 -0.0000
vn 0.1953 -0.9807 -0.0000
vn 0.0639 -0.9980 -0.0000
vn -0.0759 -0.9971 -0.0000
vn -0.2202 -0.9755 -0.0000
vn -0.3634 -0.9316 -0.0000
vn -0.4999 -0.8661 -0.0000
vn 0.8801 0.2530 0.4017
vn 0.8564 0.3383 0.3901
vn 0.8428 0.3781 0.3831
vn 0.7995 0.4630 0.3826
vn 0.7712 0.5090 0.3822
vn 0.7216 0.5722 0.3897
vn 0.6755 0.6278 0.3867
vn 0.6655 0.6299 0.4005
vn 0.6094 0.6778 0.4113
vn 0.5603 0.7255 0.3996
vn 0.5524 0.7180 0.4234
vn 0.4934 0.7526 0.4361
vn 0.4702 0.7784 0.4160
vn 0.3664 0.8055 0.4657
vn 0.2445 0.8475 0.4711
vn 0.2309 0.8339 0.5014
vn 0.0922 0.8341 0.5438
vn -0.0606 0.7978 0.5999
vn 0.0006 0.8327 0.5537
vn 0.1282 0.8522 0.5072
vn 0.2876 0.8576 0.4265
vn 0.4363 0.8122 0.3873
vn -0.1083 0.7929 0.5997
vn -0.2172 0.7080 0.6719
vn -0.2167 0.7243 0.6545
vn -0.3163 0.6221 0.7162
vn -0.2148 0.7429 0.6340
vn -0.2963 0.6645 0.6860
vn -0.3702 0.5547 0.7452
vn -0.4004 0.4685 0.7875
vn -0.4260 0.4097 0.8066
vn -0.4400 0.3067 0.8440
vn -0.4477 0.2260 0.8652
vn -0.4357 0.1068 0.8937
vn -0.4179 0.0163 0.9083
vn -0.3780 -0.0980 0.9206
vn -0.3828 -0.0869 0.9197
vn -0.3328 -0.1889 0.9239
vn -0.2617 -0.2944 0.9192
vn -0.2374 -0.3245 0.9156
vn -0.1090 -0.4437 0.8895
vn -0.1279 -0.4311 0.8932
vn -0.0098 -0.5105 0.8598
vn 0.0602 -0.5403 0.8393
vn 0.1127 -0.5649 0.8174
vn 0.2203 -0.5835 0.7816
vn 0.2263 -0.5919 0.7736
vn 0.3301 -0.5987 0.7298
vn 0.3595 -0.5872 0.7252
vn 0.5004 -0.5706 0.6512
vn 0.5367 -0.5426 0.6461
vn 0.6336 -0.5070 0.5844
vn 0.6720 -0.4607 0.5799
vn 0.7381 -0.4222 0.5263
vn 0.7710 -0.3593 0.5258
vn 0.8140 -0.3271 0.4800
vn 0.8670 -0.2291 0.4424
vn 0.8101 -0.2720 0.5194
vn 0.7255 -0.3901 0.5670
vn 0.5962 -0.4967 0.6308
vn 0.4175 -0.5682 0.7091
vn 0.3056 -0.5809 0.7545
vn 0.1728 -0.5688 0.8041
vn 0.0236 -0.5201 0.8538
vn -0.1298 -0.4257 0.8955
vn -0.2679 -0.2860 0.9200
vn -0.3741 -0.1065 0.9212
vn -0.4301 0.0803 0.8992
vn -0.4402 0.2654 0.8578
vn -0.4105 0.4201 0.8093
vn -0.3563 0.5447 0.7591
vn -0.0387 0.8378 0.5446
vn 0.1331 0.8691 0.4765
vn 0.5715 0.7362 0.3624
vn 0.6849 0.6368 0.3542
vn 0.7290 0.5819 0.3605
vn 0.7635 0.5289 0.3705
vn 0.7876 0.4852 0.3798
vn 0.8071 0.4502 0.3820
vn 0.8312 0.4117 0.3737
vn 0.8598 0.3590 0.3631
vn 0.8868 0.2953 0.3554
vn 0.8915 0.2327 0.3886
vn 0.8937 0.1729 0.4139
vn 0.9092 0.1126 0.4009
vn 0.8988 0.0963 0.4276
vn 0.8966 0.0200 0.4424
vn 0.9068 -0.0120 0.4215
vn 0.8691 -0.1310 0.4769
vn 0.8829 -0.1360 0.4495
vn 0.9129 -0.0825 0.3997
vn 0.9262 0.0724 0.3700
vn 0.9076 0.2242 0.3550
vn -0.9147 -0.4041 -0.0000
vn -0.9526 -0.3042 -0.0000
vn -0.9950 -0.0999 -0.0000
vn -0.9953 0.0971 -0.0000
vn -0.9610 0.2765 -0.0000
vn -0.9023 0.4310 -0.0000
vn -0.8265 0.5629 -0.0000
vn -0.6308 0.7760 -0.0000
vn -0.4011 0.9160 -0.0000
vn -0.1650 0.9863 -0.0000
vn 0.0854 0.9963 -0.0000
vn 0.3337 0.9427 -0.0000
vn 0.5563 0.8310 -0.0000
vn 0.6584 0.7526 -0.0000
vn 0.7490 0.6626 -0.0000
vn 0.8244 0.5661 -0.0000
vn 0.8859 0.4638 -0.0000
vn 0.9356 0.3530 -0.0000
vn 0.9727 0.2319 -0.0000
vn 0.9945 0.1046 -0.0000
vn 0.9998 -0.0207 -0.0000
vn 0.9632 -0.2688 -0.0000
vn 0.8660 -0.5000 -0.0001
vn 0.8644 -0.5028 -0.0000
vn 0.7150 -0.6992 -0.0000
vn 0.5810 -0.8139 -0.0000
vn 0.4176 -0.9086 -0.0000
vn 0.2289 -0.9734 -0.0000
vn 0.0216 -0.9998 -0.0000
vn -0.2010 -0.9796 -0.0000
vn -0.3212 -0.9470 -0.0000
vn -0.4437 -0.8962 -0.0000
vn -0.5643 -0.8256 -0.0000
vn -0.6784 -0.7347 -0.0000
vn -0.7805 -0.6251 -0.0000
vn -0.8660 -0.5001 -0.0001
vn 0.8887 -0.2210 0.4017
vn 0.9108 -0.1353 0.3901
vn 0.9189 -0.0939 0.3831
vn 0.9239 0.0012 0.3826
vn 0.9224 0.0552 0.3823
vn 0.9110 0.1347 0.3897
vn 0.8989 0.2059 0.3867
vn 0.8913 0.2128 0.4005
vn 0.8667 0.2823 0.4113
vn 0.8480 0.3482 0.3996
vn 0.8374 0.3456 0.4234
vn 0.8035 0.4051 0.4362
vn 0.7964 0.4389 0.4160
vn 0.7201 0.5144 0.4657
vn 0.6355 0.6118 0.4711
vn 0.6169 0.6067 0.5014
vn 0.4969 0.6763 0.5438
vn 0.3464 0.7212 0.5999
vn 0.4169 0.7208 0.5537
vn 0.5371 0.6740 0.5072
vn 0.6778 0.5989 0.4265
vn 0.7839 0.4852 0.3873
vn 0.3026 0.7408 0.5997
vn 0.1659 0.7218 0.6719
vn 0.1745 0.7356 0.6545
vn 0.0371 0.6969 0.7162
vn 0.1854 0.7507 0.6340
vn 0.0757 0.7236 0.6860
vn -0.0433 0.6655 0.7452
vn -0.1125 0.6059 0.7875
vn -0.1641 0.5679 0.8066
vn -0.2277 0.4856 0.8440
vn -0.2747 0.4195 0.8652
vn -0.3240 0.3104 0.8937
vn -0.3538 0.2231 0.9083
vn -0.3763 0.1041 0.9206
vn -0.3750 0.1161 0.9197
vn -0.3826 0.0028 0.9239
vn -0.3738 -0.1241 0.9192
vn -0.3678 -0.1623 0.9156
vn -0.3162 -0.3298 0.8895
vn -0.3263 -0.3094 0.8932
vn -0.2638 -0.4372 0.8598
vn -0.2181 -0.4980 0.8393
vn -0.1849 -0.5456 0.8174
vn -0.1011 -0.6154 0.7817
vn -0.1000 -0.6258 0.7735
vn -0.0135 -0.6836 0.7297
vn 0.0178 -0.6883 0.7252
vn 0.1481 -0.7443 0.6512
vn 0.1935 -0.7383 0.6461
vn 0.2952 -0.7558 0.5844
vn 0.3516 -0.7349 0.5799
vn 0.4281 -0.7347 0.5263
vn 0.4881 -0.6967 0.5258
vn 0.5414 -0.6903 0.4800
vn 0.6363 -0.6319 0.4424
vn 0.5655 -0.6406 0.5194
vn 0.4333 -0.7006 0.5670
vn 0.2680 -0.7282 0.6307
vn 0.0775 -0.7009 0.7091
vn -0.0258 -0.6558 0.7545
vn -0.1347 -0.5789 0.8042
vn -0.2396 -0.4622 0.8538
vn -0.3252 -0.3038 0.8955
vn -0.3750 -0.1138 0.9200
vn -0.3772 0.0948 0.9212
vn -0.3323 0.2846 0.8992
vn -0.2485 0.4500 0.8578
vn -0.1455 0.5691 0.8093
vn -0.0362 0.6499 0.7591
vn 0.3854 0.7449 0.5446
vn 0.5498 0.6861 0.4765
vn 0.8631 0.3518 0.3624
vn 0.9115 0.2090 0.3542
vn 0.9223 0.1394 0.3605
vn 0.9257 0.0763 0.3705
vn 0.9247 0.0264 0.3797
vn 0.9241 -0.0137 0.3820
vn 0.9256 -0.0591 0.3737
vn 0.9241 -0.1190 0.3631
vn 0.9157 -0.1877 0.3554
vn 0.8885 -0.2442 0.3886
vn 0.8605 -0.2971 0.4139
vn 0.8437 -0.3571 0.4009
vn 0.8266 -0.3660 0.4276
vn 0.7865 -0.4310 0.4424
vn 0.7793 -0.4637 0.4215
vn 0.6872 -0.5480 0.4769
vn 0.6966 -0.5592 0.4495
vn 0.7494 -0.5279 0.3998
vn 0.8384 -0.4004 0.3699
vn 0.8981 -0.2597 0.3550
vn -1.0000 0.0001 -0.0000
vn -0.9942 0.1073 -0.0000
vn -0.9771 0.2129 -0.0000
vn -0.9116 0.4110 -0.0000
vn -0.8134 0.5817 -0.0000
vn -0.6940 0.7200 -0.0000
vn -0.5659 0.8245 -0.0000
vn -0.4343 0.9008 -0.0000
vn -0.1583 0.9874 -0.0000
vn 0.1106 0.9939 -0.0000
vn 0.3503 0.9366 -0.0000
vn 0.5721 0.8202 -0.0000
vn 0.7603 0.6495 -0.0000
vn 0.8972 0.4415 -0.0000
vn 0.9465 0.3226 -0.0000
vn 0.9799 0.1993 -0.0000
vn 0.9969 0.0781 -0.0000
vn 0.9991 -0.0413 -0.0000
vn 0.9868 -0.1622 -0.0000
vn 0.9584 -0.2855 -0.0000
vn 0.9136 -0.4067 -0.0000
vn 0.8555 -0.5178 -0.0000
vn 0.6997 -0.7144 -0.0000
vn 0.5000 -0.8660 0.0001
vn 0.4972 -0.8676 -0.0000
vn 0.2696 -0.9630 -0.0000
vn 0.0962 -0.9954 -0.0000
vn -0.0926 -0.9957 -0.0000
vn -0.2885 -0.9575 -0.0000
vn -0.4812 -0.8766 -0.0000
vn -0.6639 -0.7478 -0.0000
vn -0.7517 -0.6595 -0.0000
vn -0.8323 -0.5543 -0.0000
vn -0.9015 -0.4328 -0.0000
vn -0.9549 -0.2970 -0.0000
vn -0.9885 -0.1511 -0.0000
vn -1.0000 -0.0001 -0.0001
vn 0.6592 -0.6357 0.4017
vn 0.7211 -0.5725 0.3901
vn 0.7489 -0.5408 0.3831
vn 0.8008 -0.4609 0.3826
vn 0.8264 -0.4134 0.3823
vn 0.8563 -0.3388 0.3897
vn 0.8814 -0.2711 0.3867
vn 0.8783 -0.2613 0.4005
vn 0.8917 -0.1889 0.4113
vn 0.9085 -0.1225 0.3996
vn 0.8980 -0.1194 0.4234
vn 0.8984 -0.0510 0.4362
vn 0.9092 -0.0180 0.4160
vn 0.8808 0.0855 0.4657
vn 0.8562 0.2121 0.4711
vn 0.8376 0.2170 0.5014
vn 0.7685 0.3372 0.5438
vn 0.6606 0.4514 0.5999
vn 0.7215 0.4158 0.5537
vn 0.8021 0.3151 0.5072
vn 0.8865 0.1797 0.4265
vn 0.9215 0.0283 0.3873
vn 0.6325 0.4902 0.5997
vn 0.5046 0.5421 0.6719
vn 0.5189 0.5499 0.6545
vn 0.3806 0.5849 0.7162
vn 0.5360 0.5574 0.6340
vn 0.4273 0.5889 0.6860
vn 0.2953 0.5980 0.7452
vn 0.2056 0.5810 0.7875
vn 0.1419 0.5738 0.8066
vn 0.0456 0.5344 0.8440
vn -0.0281 0.5007 0.8652
vn -0.1254 0.4308 0.8937
vn -0.1949 0.3701 0.9083
vn -0.2739 0.2783 0.9206
vn -0.2667 0.2881 0.9197
vn -0.3300 0.1938 0.9239
vn -0.3858 0.0794 0.9192
vn -0.3997 0.0434 0.9156
vn -0.4387 -0.1275 0.8895
vn -0.4373 -0.1048 0.8932
vn -0.4470 -0.2468 0.8598
vn -0.4378 -0.3223 0.8393
vn -0.4329 -0.3801 0.8174
vn -0.3952 -0.4825 0.7816
vn -0.3995 -0.4920 0.7735
vn -0.3535 -0.5853 0.7298
vn -0.3287 -0.6049 0.7252
vn -0.2439 -0.7186 0.6512
vn -0.2016 -0.7362 0.6461
vn -0.1222 -0.8022 0.5844
vn -0.0629 -0.8123 0.5799
vn 0.0034 -0.8503 0.5263
vn 0.0744 -0.8474 0.5258
vn 0.1237 -0.8685 0.4800
vn 0.2351 -0.8654 0.4424
vn 0.1694 -0.8376 0.5194
vn 0.0250 -0.8234 0.5670
vn -0.1320 -0.7646 0.6308
vn -0.2833 -0.6457 0.7091
vn -0.3502 -0.5551 0.7545
vn -0.4061 -0.4340 0.8042
vn -0.4386 -0.2806 0.8538
vn -0.4335 -0.1004 0.8955
vn -0.3817 0.0890 0.9200
vn -0.2793 0.2708 0.9212
vn -0.1455 0.4127 0.8992
vn 0.0098 0.5139 0.8578
vn 0.1585 0.5655 0.8093
vn 0.2936 0.5810 0.7591
vn 0.7062 0.4524 0.5446
vn 0.8192 0.3193 0.4764
vn 0.9233 -0.1268 0.3624
vn 0.8939 -0.2747 0.3542
vn 0.8684 -0.3404 0.3605
vn 0.8398 -0.3968 0.3705
vn 0.8140 -0.4395 0.3797
vn 0.7934 -0.4739 0.3820
vn 0.7720 -0.5141 0.3738
vn 0.7408 -0.5651 0.3631
vn 0.6992 -0.6204 0.3554
vn 0.6474 -0.6557 0.3886
vn 0.5966 -0.6875 0.4139
vn 0.5521 -0.7311 0.4009
vn 0.5328 -0.7303 0.4276
vn 0.4656 -0.7665 0.4424
vn 0.4431 -0.7912 0.4215
vn 0.3211 -0.8182 0.4770
vn 0.3237 -0.8326 0.4495
vn 0.3850 -0.8318 0.3998
vn 0.5258 -0.7659 0.3700
vn 0.6479 -0.6739 0.3550
vn -0.8660 0.5001 -0.0000
vn -0.8074 0.5900 -0.0000
vn -0.7397 0.6729 -0.0000
vn -0.5840 0.8118 -0.0000
vn -0.4136 0.9105 -0.0000
vn -0.2411 0.9705 -0.0000
vn -0.0779 0.9970 -0.0000
vn 0.0743 0.9972 -0.0000
vn 0.3566 0.9342 -0.0000
vn 0.5927 0.8054 -0.0000
vn 0.7717 0.6360 -0.0000
vn 0.9056 0.4242 -0.0000
vn 0.9832 0.1824 -0.0000
vn 0.9978 -0.0662 -0.0000
vn 0.9810 -0.1939 -0.0000
vn 0.9483 -0.3173 -0.0000
vn 0.9024 -0.4309 -0.0000
vn 0.8447 -0.5353 -0.0000
vn 0.7735 -0.6338 -0.0000
vn 0.6872 -0.7265 -0.0000
vn 0.5878 -0.8090 -0.0000
vn 0.4820 -0.8762 -0.0000
vn 0.2488 -0.9686 -0.0000
vn -0.0000 -1.0000 0.0001
vn -0.0032 -1.0000 -0.0000
vn -0.2480 -0.9688 -0.0000
vn -0.4144 -0.9101 -0.0000
vn -0.5781 -0.8160 -0.0000
vn -0.7286 -0.6850 -0.0000
vn -0.8550 -0.5186 -0.0000
vn -0.9489 -0.3157 -0.0000
vn -0.9807 -0.1953 -0.0000
vn -0.9980 -0.0639 -0.0000
vn -0.9971 0.0759 -0.0000
vn -0.9755 0.2202 -0.0000
vn -0.9316 0.3634 -0.0000
vn -0.8661 0.4999 -0.0000
vn 0.2530 -0.8801 0.4017
vn 0.3383 -0.8564 0.3901
vn 0.3781 -0.8428 0.3831
vn 0.4630 -0.7995 0.3826
vn 0.5090 -0.7712 0.3823
vn 0.5722 -0.7216 0.3897
vn 0.6278 -0.6755 0.3867
vn 0.6299 -0.6655 0.4005
vn 0.6778 -0.6094 0.4113
vn 0.7255 -0.5603 0.3996
vn 0.7180 -0.5524 0.4234
vn 0.7526 -0.4934 0.4361
vn 0.7784 -0.4702 0.4160
vn 0.8056 -0.3663 0.4657
vn 0.8475 -0.2445 0.4711
vn 0.8339 -0.2309 0.5014
vn 0.8341 -0.0922 0.5438
vn 0.7978 0.0606 0.5999
vn 0.8327 -0.0006 0.5537
vn 0.8522 -0.1282 0.5072
vn 0.8576 -0.2876 0.4265
vn 0.8122 -0.4363 0.3873
vn 0.7929 0.1083 0.5997
vn 0.7080 0.2172 0.6719
vn 0.7243 0.2167 0.6545
vn 0.6221 0.3163 0.7162
vn 0.7429 0.2148 0.6340
vn 0.6645 0.2963 0.6860
vn 0.5547 0.3702 0.7452
vn 0.4685 0.4004 0.7875
vn 0.4098 0.4260 0.8066
vn 0.3067 0.4400 0.8440
vn 0.2260 0.4477 0.8652
vn 0.1068 0.4358 0.8937
vn 0.0163 0.4179 0.9083
vn -0.0980 0.3780 0.9206
vn -0.0869 0.3828 0.9197
vn -0.1889 0.3328 0.9239
vn -0.2944 0.2617 0.9192
vn -0.3245 0.2374 0.9156
vn -0.4437 0.1090 0.8895
vn -0.4311 0.1279 0.8932
vn -0.5105 0.0098 0.8598
vn -0.5403 -0.0602 0.8393
vn -0.5650 -0.1127 0.8174
vn -0.5835 -0.2202 0.7817
vn -0.5919 -0.2263 0.7736
vn -0.5987 -0.3301 0.7298
vn -0.5872 -0.3595 0.7252
vn -0.5706 -0.5004 0.6512
vn -0.5427 -0.5367 0.6461
vn -0.5070 -0.6336 0.5844
vn -0.4606 -0.6720 0.5799
vn -0.4222 -0.7380 0.5263
vn -0.3593 -0.7710 0.5258
vn -0.3271 -0.8140 0.4800
vn -0.2291 -0.8670 0.4424
vn -0.2720 -0.8101 0.5194
vn -0.3901 -0.7255 0.5670
vn -0.4967 -0.5962 0.6308
vn -0.5682 -0.4175 0.7091
vn -0.5809 -0.3056 0.7545
vn -0.5687 -0.1728 0.8042
vn -0.5201 -0.0236 0.8538
vn -0.4257 0.1298 0.8955
vn -0.2860 0.2679 0.9200
vn -0.1065 0.3741 0.9212
vn 0.0804 0.4301 0.8992
vn 0.2655 0.4402 0.8578
vn 0.4201 0.4105 0.8094
vn 0.5447 0.3563 0.7591
vn 0.8378 0.0387 0.5446
vn 0.8691 -0.1331 0.4765
vn 0.7362 -0.5715 0.3624
vn 0.6368 -0.6849 0.3542
vn 0.5819 -0.7290 0.3605
vn 0.5289 -0.7635 0.3705
vn 0.4852 -0.7876 0.3797
vn 0.4502 -0.8071 0.3820
vn 0.4115 -0.8312 0.3738
vn 0.3590 -0.8598 0.3631
vn 0.2953 -0.8868 0.3554
vn 0.2327 -0.8915 0.3886
vn 0.1729 -0.8937 0.4139
vn 0.1126 -0.9092 0.4009
vn 0.0963 -0.8988 0.4276
vn 0.0200 -0.8966 0.4424
vn -0.0120 -0.9068 0.4215
vn -0.1310 -0.8691 0.4770
vn -0.1360 -0.8829 0.4495
vn -0.0825 -0.9129 0.3998
vn 0.0724 -0.9262 0.3700
vn 0.2242 -0.9076 0.3550
vn -0.4999 0.8661 -0.0000
vn -0.4042 0.9147 -0.0000
vn -0.3042 0.9526 -0.0000
vn -0.0999 0.9950 -0.0000
vn 0.0971 0.9953 -0.0000
vn 0.2765 0.9610 -0.0000
vn 0.4310 0.9023 -0.0000
vn 0.5629 0.8265 -0.0000
vn 0.7760 0.6308 -0.0000
vn 0.9160 0.4011 -0.0000
vn 0.9863 0.1650 -0.0000
vn 0.9963 -0.0854 -0.0000
vn 0.9427 -0.3337 -0.0000
vn 0.8310 -0.5563 -0.0000
vn 0.7526 -0.6584 -0.0000
vn 0.6626 -0.7490 -0.0000
vn 0.5661 -0.8243 -0.0000
vn 0.4639 -0.8859 -0.0000
vn 0.3529 -0.9356 -0.0000
vn 0.2319 -0.9727 -0.0000
vn 0.1046 -0.9945 -0.0000
vn -0.0207 -0.9998 -0.0000
vn -0.2688 -0.9632 -0.0000
vn -0.5000 -0.8660 -0.0001
vn -0.5028 -0.8644 -0.0000
vn -0.6992 -0.7150 -0.0000
vn -0.8139 -0.5810 -0.0000
vn -0.9086 -0.4176 -0.0000
vn -0.9734 -0.2289 -0.0000
vn -0.9998 -0.0216 -0.0000
vn -0.9796 0.2010 -0.0000
vn -0.9470 0.3212 -0.0000
vn -0.8962 0.4437 -0.0000
vn -0.8256 0.5643 -0.0000
vn -0.7347 0.6784 -0.0000
vn -0.6251 0.7806 -0.0001
vn -0.2210 -0.8887 0.4017
vn -0.1353 -0.9108 0.3901
vn -0.0939 -0.9189 0.3831
vn 0.0012 -0.9239 0.3826
vn 0.0552 -0.9224 0.3823
vn 0.1347 -0.9110 0.3897
vn 0.2059 -0.8989 0.3867
vn 0.2128 -0.8913 0.4005
vn 0.2823 -0.8667 0.4113
vn 0.3482 -0.8480 0.3996
vn 0.3456 -0.8374 0.4234
vn 0.4051 -0.8035 0.4362
vn 0.4390 -0.7964 0.4160
vn 0.5144 -0.7201 0.4657
vn 0.6118 -0.6355 0.4711
vn 0.6067 -0.6169 0.5014
vn 0.6763 -0.4969 0.5438
vn 0.7212 -0.3464 0.5999
vn 0.7208 -0.4169 0.5537
vn 0.6740 -0.5371 0.5072
vn 0.5989 -0.6778 0.4265
vn 0.4852 -0.7839 0.3873
vn 0.7408 -0.3026 0.5997
vn 0.7218 -0.1659 0.6719
vn 0.7357 -0.1745 0.6545
vn 0.6969 -0.0371 0.7162
vn 0.7507 -0.1854 0.6340
vn 0.7236 -0.0757 0.6860
vn 0.6655 0.0433 0.7452
vn 0.6059 0.1125 0.7875
vn 0.5679 0.1641 0.8066
vn 0.4856 0.2277 0.8440
vn 0.4195 0.2747 0.8652
vn 0.3104 0.3239 0.8937
vn 0.2231 0.3538 0.9083
vn 0.1041 0.3763 0.9206
vn 0.1161 0.3750 0.9197
vn 0.0028 0.3826 0.9239
vn -0.1241 0.3738 0.9192
vn -0.1623 0.3678 0.9156
vn -0.3298 0.3162 0.8895
vn -0.3094 0.3263 0.8932
vn -0.4372 0.2638 0.8598
vn -0.4980 0.2181 0.8393
vn -0.5456 0.1848 0.8174
vn -0.6155 0.1010 0.7817
vn -0.6258 0.1000 0.7735
vn -0.6836 0.0135 0.7298
vn -0.6883 -0.0178 0.7252
vn -0.7443 -0.1481 0.6512
vn -0.7383 -0.1935 0.6461
vn -0.7558 -0.2952 0.5844
vn -0.7349 -0.3516 0.5799
vn -0.7347 -0.4280 0.5263
vn -0.6967 -0.4880 0.5258
vn -0.6903 -0.5414 0.4800
vn -0.6319 -0.6363 0.4424
vn -0.6406 -0.5655 0.5194
vn -0.7006 -0.4333 0.5670
vn -0.7282 -0.2680 0.6307
vn -0.7009 -0.0775 0.7091
vn -0.6558 0.0258 0.7545
vn -0.5789 0.1347 0.8042
vn -0.4622 0.2396 0.8538
vn -0.3038 0.3252 0.8955
vn -0.1138 0.3750 0.9200
vn 0.0948 0.3772 0.9212
vn 0.2846 0.3323 0.8992
vn 0.4500 0.2485 0.8578
vn 0.5690 0.1455 0.8094
vn 0.6499 0.0362 0.7591
vn 0.7449 -0.3854 0.5446
vn 0.6861 -0.5498 0.4765
vn 0.3518 -0.8631 0.3624
vn 0.2090 -0.9115 0.3542
vn 0.1394 -0.9223 0.3605
vn 0.0763 -0.9257 0.3705
vn 0.0264 -0.9247 0.3797
vn -0.0137 -0.9241 0.3820
vn -0.0591 -0.9256 0.3737
vn -0.1190 -0.9241 0.3631
vn -0.1877 -0.9157 0.3554
vn -0.2442 -0.8885 0.3886
vn -0.2971 -0.8605 0.4139
vn -0.3571 -0.8437 0.4009
vn -0.3660 -0.8266 0.4276
vn -0.4310 -0.7865 0.4424
vn -0.4637 -0.7793 0.4215
vn -0.5480 -0.6872 0.4769
vn -0.5592 -0.6966 0.4495
vn -0.5279 -0.7494 0.3998
vn -0.4004 -0.8384 0.3699
vn -0.2596 -0.8981 0.3550
vn 0.0001 1.0000 -0.0000
vn 0.1074 0.9942 -0.0000
vn 0.2129 0.9771 -0.0000
vn 0.4110 0.9116 -0.0000
vn 0.5817 0.8134 -0.0000
vn 0.7200 0.6940 -0.0000
vn 0.8245 0.5659 -0.0000
vn 0.9008 0.4343 -0.0000
vn 0.9874 0.1583 -0.0000
vn 0.9939 -0.1106 -0.0000
vn 0.9366 -0.3503 -0.0000
vn 0.8202 -0.5721 -0.0000
vn 0.6495 -0.7603 -0.0000
vn 0.4415 -0.8972 -0.0000
vn 0.3226 -0.9465 -0.0000
vn 0.1993 -0.9799 -0.0000
vn 0.0781 -0.9969 -0.0000
vn -0.0412 -0.9991 -0.0000
vn -0.1622 -0.9868 -0.0000
vn -0.2855 -0.9584 -0.0000
vn -0.4067 -0.9136 -0.0000
vn -0.5178 -0.8555 -0.0000
vn -0.7144 -0.6997 -0.0000
vn -0.8660 -0.5000 -0.0001
vn -0.8676 -0.4972 -0.0000
vn -0.9630 -0.2696 -0.0000
vn -0.9954 -0.0962 -0.0000
vn -0.9957 0.0926 -0.0000
vn -0.9575 0.2885 -0.0000
vn -0.8766 0.4812 -0.0000
vn -0.7478 0.6639 -0.0000
vn -0.6595 0.7517 -0.0000
vn -0.5543 0.8323 -0.0000
vn -0.4328 0.9015 -0.0000
vn -0.2970 0.9549 -0.0000
vn -0.1511 0.9885 -0.0000
vn -0.2988 -0.6409 0.7071
vn -0.2583 -0.6582 0.7071
vn -0.2970 -0.6417 0.7071
vn -0.2353 -0.6668 0.7071
vn -0.2987 -0.6409 0.7071
vn -0.3049 -0.6380 0.7071
vn -0.3099 -0.6355 0.7071
vn -0.3164 -0.6324 0.7071
vn -0.3248 -0.6281 0.7071
vn -0.3353 -0.6225 0.7071
vn -0.3037 -0.6386 0.7071
vn -0.3119 -0.6346 0.7071
vn -0.3172 -0.6320 0.7071
vn -0.3236 -0.6287 0.7071
vn -0.3536 -0.6124 0.7071
vn -0.3311 -0.6248 0.7071
vn -0.3396 -0.6202 0.7071
vn -0.3485 -0.6153 0.7071
vn -0.3577 -0.6100 0.7071
vn -0.3665 -0.6047 0.7071
vn -0.3748 -0.5996 0.7071
vn -0.4409 -0.5528 0.7071
vn -0.3820 -0.5950 0.7071
vn -0.3882 -0.5910 0.7071
vn -0.3974 -0.5849 0.7071
vn -0.4035 -0.5807 0.7071
vn -0.4067 -0.5784 0.7071
vn -0.4071 -0.5782 0.7071
vn -0.4598 -0.5372 0.7071
vn -0.5183 -0.4809 0.7071
vn -0.5372 -0.4598 0.7071
vn -0.5842 -0.3984 0.7071
vn -0.5792 -0.4056 0.7071
vn -0.5823 -0.4011 0.7071
vn -0.4045 -0.5800 0.7071
vn -0.3983 -0.5842 0.7071
vn -0.3938 -0.5873 0.7071
vn -0.3880 -0.5911 0.7071
vn -0.3806 -0.5959 0.7071
vn -0.3715 -0.6017 0.7071
vn -0.6017 -0.3715 0.7071
vn -0.5953 -0.3815 0.7071
vn -0.5902 -0.3894 0.7071
vn -0.5862 -0.3954 0.7071
vn -0.5831 -0.4000 0.7071
vn -0.5791 -0.4057 0.7071
vn -0.5781 -0.4072 0.7071
vn -0.5874 -0.3936 0.7071
vn -0.5907 -0.3887 0.7071
vn -0.5946 -0.3827 0.7071
vn -0.5992 -0.3755 0.7071
vn -0.6042 -0.3674 0.7071
vn -0.6095 -0.3586 0.7071
vn -0.6148 -0.3494 0.7071
vn -0.6371 -0.3068 0.7071
vn -0.6198 -0.3404 0.7071
vn -0.6244 -0.3319 0.7071
vn -0.6284 -0.3243 0.7071
vn -0.6317 -0.3178 0.7071
vn -0.6366 -0.3078 0.7071
vn -0.6398 -0.3011 0.7071
vn -0.6757 -0.2084 0.7071
vn -0.6414 -0.2976 0.7071
vn -0.6668 -0.2353 0.7071
vn -0.6416 -0.2972 0.7071
vn -0.6403 -0.3001 0.7071
vn -0.6347 -0.3118 0.7071
vn -0.6316 -0.3179 0.7071
vn -0.6276 -0.3258 0.7071
vn -0.6225 -0.3353 0.7071
vn -0.6951 -0.1296 0.7071
vn -0.6992 -0.1054 0.7071
vn -0.7042 -0.0637 0.7071
vn -0.7044 -0.0617 0.7071
vn -0.7068 -0.0209 0.7071
vn -0.7063 -0.0327 0.7071
vn -0.7058 -0.0422 0.7071
vn -0.7054 -0.0493 0.7071
vn -0.7050 -0.0549 0.7071
vn -0.7044 -0.0618 0.7071
vn -0.7049 -0.0562 0.7071
vn -0.7055 -0.0472 0.7071
vn -0.7059 -0.0413 0.7071
vn -0.7063 -0.0341 0.7071
vn -0.7071 -0.0000 0.7071
vn -0.7067 -0.0257 0.7071
vn -0.7069 -0.0161 0.7071
vn -0.7071 -0.0058 0.7071
vn -0.7071 0.0048 0.7071
vn -0.7069 0.0151 0.7071
vn -0.7067 0.0247 0.7071
vn -0.6992 0.1054 0.7071
vn -0.7063 0.0333 0.7071
vn -0.7059 0.0407 0.7071
vn -0.7052 0.0517 0.7071
vn -0.7046 0.0592 0.7071
vn -0.7043 0.0630 0.7071
vn -0.7043 0.0634 0.7071
vn -0.6951 0.1296 0.7071
vn -0.6757 0.2084 0.7071
vn -0.6668 0.2353 0.7071
vn -0.6371 0.3068 0.7071
vn -0.6409 0.2988 0.7071
vn -0.6386 0.3037 0.7071
vn -0.7045 0.0603 0.7071
vn -0.7051 0.0528 0.7071
vn -0.7055 0.0473 0.7071
vn -0.7060 0.0405 0.7071
vn -0.7064 0.0316 0.7071
vn -0.7068 0.0209 0.7071
vn -0.6225 0.3353 0.7071
vn -0.6281 0.3248 0.7071
vn -0.6324 0.3164 0.7071
vn -0.6355 0.3100 0.7071
vn -0.6380 0.3049 0.7071
vn -0.6409 0.2987 0.7071
vn -0.6417 0.2970 0.7071
vn -0.6346 0.3119 0.7071
vn -0.6320 0.3172 0.7071
vn -0.6287 0.3236 0.7071
vn -0.6248 0.3311 0.7071
vn -0.6203 0.3396 0.7071
vn -0.6153 0.3485 0.7071
vn -0.6100 0.3577 0.7071
vn -0.5842 0.3983 0.7071
vn -0.6047 0.3665 0.7071
vn -0.5996 0.3748 0.7071
vn -0.5950 0.3820 0.7071
vn -0.5910 0.3881 0.7071
vn -0.5849 0.3974 0.7071
vn -0.5807 0.4035 0.7071
vn -0.5184 0.4810 0.7071
vn -0.5784 0.4067 0.7071
vn -0.5372 0.4598 0.7071
vn -0.5782 0.4070 0.7071
vn -0.5800 0.4045 0.7071
vn -0.5873 0.3938 0.7071
vn -0.5911 0.3880 0.7071
vn -0.5959 0.3806 0.7071
vn -0.6017 0.3715 0.7071
vn -0.4598 0.5372 0.7071
vn -0.4409 0.5528 0.7071
vn -0.4072 0.5781 0.7071
vn -0.4057 0.5792 0.7071
vn -0.3715 0.6016 0.7071
vn -0.3815 0.5953 0.7071
vn -0.3894 0.5902 0.7071
vn -0.3954 0.5862 0.7071
vn -0.4000 0.5831 0.7071
vn -0.4057 0.5791 0.7071
vn -0.4011 0.5823 0.7071
vn -0.3936 0.5874 0.7071
vn -0.3887 0.5907 0.7071
vn -0.3827 0.5946 0.7071
vn -0.3536 0.6124 0.7071
vn -0.3756 0.5992 0.7071
vn -0.3674 0.6042 0.7071
vn -0.3586 0.6095 0.7071
vn -0.3494 0.6147 0.7071
vn -0.3404 0.6198 0.7071
vn -0.3319 0.6244 0.7071
vn -0.2583 0.6582 0.7071
vn -0.3243 0.6284 0.7071
vn -0.3178 0.6317 0.7071
vn -0.3079 0.6366 0.7071
vn -0.3011 0.6398 0.7071
vn -0.2976 0.6414 0.7071
vn -0.2972 0.6416 0.7071
vn -0.2353 0.6668 0.7071
vn -0.1573 0.6894 0.7071
vn -0.1296 0.6951 0.7071
vn -0.0529 0.7051 0.7071
vn -0.0617 0.7044 0.7071
vn -0.0562 0.7049 0.7071
vn -0.3001 0.6403 0.7071
vn -0.3068 0.6371 0.7071
vn -0.3118 0.6347 0.7071
vn -0.3179 0.6316 0.7071
vn -0.3258 0.6276 0.7071
vn -0.3353 0.6225 0.7071
vn -0.0209 0.7068 0.7071
vn -0.0327 0.7063 0.7071
vn -0.0422 0.7058 0.7071
vn -0.0493 0.7054 0.7071
vn -0.0549 0.7050 0.7071
vn -0.0618 0.7044 0.7071
vn -0.0636 0.7042 0.7071
vn -0.0472 0.7055 0.7071
vn -0.0413 0.7059 0.7071
vn -0.0341 0.7063 0.7071
vn -0.0256 0.7067 0.7071
vn -0.0161 0.7069 0.7071
vn -0.0058 0.7071 0.7071
vn 0.0048 0.7071 0.7071
vn 0.0528 0.7051 0.7071
vn 0.0151 0.7070 0.7071
vn 0.0247 0.7067 0.7071
vn 0.0333 0.7063 0.7071
vn 0.0407 0.7059 0.7071
vn 0.0517 0.7052 0.7071
vn 0.0591 0.7046 0.7071
vn 0.1573 0.6894 0.7071
vn 0.0630 0.7043 0.7071
vn 0.1296 0.6951 0.7071
vn 0.0634 0.7043 0.7071
vn 0.0603 0.7045 0.7071
vn 0.0473 0.7055 0.7071
vn 0.0405 0.7059 0.7071
vn 0.0316 0.7064 0.7071
vn 0.0209 0.7068 0.7071
vn 0.2353 0.6668 0.7071
vn 0.2583 0.6582 0.7071
vn 0.2970 0.6417 0.7071
vn 0.2988 0.6409 0.7071
vn 0.3353 0.6225 0.7071
vn 0.3248 0.6281 0.7071
vn 0.3164 0.6324 0.7071
vn 0.3100 0.6355 0.7071
vn 0.3049 0.6380 0.7071
vn 0.2987 0.6409 0.7071
vn 0.3037 0.6386 0.7071
vn 0.3119 0.6346 0.7071
vn 0.3172 0.6320 0.7071
vn 0.3236 0.6287 0.7071
vn 0.3536 0.6124 0.7071
vn 0.3311 0.6248 0.7071
vn 0.3396 0.6202 0.7071
vn 0.3485 0.6153 0.7071
vn 0.3577 0.6100 0.7071
vn 0.3665 0.6047 0.7071
vn 0.3748 0.5996 0.7071
vn 0.4409 0.5528 0.7071
vn 0.3820 0.5950 0.7071
vn 0.3882 0.5910 0.7071
vn 0.3974 0.5849 0.7071
vn 0.4035 0.5807 0.7071
vn 0.4067 0.5784 0.7071
vn 0.4071 0.5782 0.7071
vn 0.4598 0.5372 0.7071
vn 0.5183 0.4809 0.7071
vn 0.5372 0.4598 0.7071
vn 0.5842 0.3984 0.7071
vn 0.5792 0.4056 0.7071
vn 0.5823 0.4011 0.7071
vn 0.4045 0.5800 0.7071
vn 0.3983 0.5842 0.7071
vn 0.3938 0.5873 0.7071
vn 0.3880 0.5911 0.7071
vn 0.3806 0.5959 0.7071
vn 0.3715 0.6017 0.7071
vn 0.6017 0.3715 0.7071
vn 0.5953 0.3815 0.7071
vn 0.5902 0.3894 0.7071
vn 0.5862 0.3954 0.7071
vn 0.5831 0.4000 0.7071
vn 0.5791 0.4057 0.7071
vn 0.5781 0.4072 0.7071
vn 0.5874 0.3936 0.7071
vn 0.5907 0.3887 0.7071
vn 0.5946 0.3827 0.7071
vn 0.5991 0.3755 0.7071
vn 0.6042 0.3674 0.7071
vn 0.6095 0.3586 0.7071
vn 0.6148 0.3494 0.7071
vn 0.6371 0.3068 0.7071
vn 0.6198 0.3404 0.7071
vn 0.6244 0.3319 0.7071
vn 0.6284 0.3243 0.7071
vn 0.6317 0.3178 0.7071
vn 0.6366 0.3078 0.7071
vn 0.6398 0.3011 0.7071
vn 0.6757 0.2084 0.7071
vn 0.6414 0.2976 0.7071
vn 0.6668 0.2353 0.7071
vn 0.6416 0.2972 0.7071
vn 0.6403 0.3001 0.7071
vn 0.6347 0.3118 0.7071
vn 0.6316 0.3179 0.7071
vn 0.6276 0.3258 0.7071
vn 0.6225 0.3353 0.7071
vn 0.6951 0.1296 0.7071
vn 0.6992 0.1054 0.7071
vn 0.7042 0.0637 0.7071
vn 0.7044 0.0617 0.7071
vn 0.7068 0.0209 0.7071
vn 0.7063 0.0327 0.7071
vn 0.7058 0.0422 0.7071
vn 0.7054 0.0493 0.7071
vn 0.7050 0.0549 0.7071
vn 0.7044 0.0618 0.7071
vn 0.7049 0.0562 0.7071
vn 0.7055 0.0472 0.7071
vn 0.7059 0.0413 0.7071
vn 0.7063 0.0341 0.7071
vn 0.7071 -0.0000 0.7071
vn 0.7067 0.0257 0.7071
vn 0.7069 0.0161 0.7071
vn 0.7071 0.0058 0.7071
vn 0.7071 -0.0048 0.7071
vn 0.7069 -0.0151 0.7071
vn 0.7067 -0.0247 0.7071
vn 0.6992 -0.1054 0.7071
vn 0.7063 -0.0333 0.7071
vn 0.7059 -0.0407 0.7071
vn 0.7052 -0.0517 0.7071
vn 0.7046 -0.0592 0.7071
vn 0.7043 -0.0630 0.7071
vn 0.7043 -0.0634 0.7071
vn 0.6951 -0.1296 0.7071
vn 0.6757 -0.2084 0.7071
vn 0.6668 -0.2353 0.7071
vn 0.6371 -0.3068 0.7071
vn 0.6409 -0.2988 0.7071
vn 0.6386 -0.3037 0.7071
vn 0.7045 -0.0603 0.7071
vn 0.7051 -0.0528 0.7071
vn 0.7055 -0.0473 0.7071
vn 0.7060 -0.0405 0.7071
vn 0.7064 -0.0316 0.7071
vn 0.7068 -0.0209 0.7071
vn 0.6225 -0.3353 0.7071
vn 0.6281 -0.3248 0.7071
vn 0.6324 -0.3164 0.7071
vn 0.6355 -0.3100 0.7071
vn 0.6380 -0.3049 0.7071
vn 0.6409 -0.2987 0.7071
vn 0.6417 -0.2970 0.7071
vn 0.6346 -0.3119 0.7071
vn 0.6320 -0.3172 0.7071
vn 0.6287 -0.3236 0.7071
vn 0.6248 -0.3311 0.7071
vn 0.6203 -0.3396 0.7071
vn 0.6153 -0.3485 0.7071
vn 0.6100 -0.3577 0.7071
vn 0.5842 -0.3983 0.7071
vn 0.6047 -0.3665 0.7071
vn 0.5996 -0.3748 0.7071
vn 0.5950 -0.3820 0.7071
vn 0.5910 -0.3881 0.7071
vn 0.5849 -0.3974 0.7071
vn 0.5807 -0.4035 0.7071
vn 0.5184 -0.4810 0.7071
vn 0.5784 -0.4067 0.7071
vn 0.5372 -0.4598 0.7071
vn 0.5782 -0.4070 0.7071
vn 0.5800 -0.4045 0.7071
vn 0.5873 -0.3938 0.7071
vn 0.5911 -0.3880 0.7071
vn 0.5959 -0.3806 0.7071
vn 0.6017 -0.3715 0.7071
vn 0.4598 -0.5372 0.7071
vn 0.4409 -0.5528 0.7071
vn 0.4072 -0.5781 0.7071
vn 0.4057 -0.5792 0.7071
vn 0.3715 -0.6016 0.7071
vn 0.3815 -0.5953 0.7071
vn 0.3894 -0.5902 0.7071
vn 0.3954 -0.5862 0.7071
vn 0.4000 -0.5831 0.7071
vn 0.4057 -0.5791 0.7071
vn 0.4011 -0.5823 0.7071
vn 0.3936 -0.5874 0.7071
vn 0.3887 -0.5907 0.7071
vn 0.3827 -0.5946 0.7071
vn 0.3536 -0.6124 0.7071
vn 0.3756 -0.5992 0.7071
vn 0.3674 -0.6042 0.7071
vn 0.3586 -0.6095 0.7071
vn 0.3494 -0.6147 0.7071
vn 0.3404 -0.6198 0.7071
vn 0.3319 -0.6244 0.7071
vn 0.2583 -0.6582 0.7071
vn 0.3243 -0.6284 0.7071
vn 0.3178 -0.6317 0.7071
vn 0.3079 -0.6366 0.7071
vn 0.3011 -0.6398 0.7071
vn 0.2976 -0.6414 0.7071
vn 0.2972 -0.6416 0.7071
vn 0.2353 -0.6668 0.7071
vn 0.1573 -0.6894 0.7071
vn 0.1296 -0.6951 0.7071
vn 0.0529 -0.7051 0.7071
vn 0.0617 -0.7044 0.7071
vn 0.0562 -0.7049 0.7071
vn 0.3001 -0.6403 0.7071
vn 0.3068 -0.6371 0.7071
vn 0.3118 -0.6347 0.7071
vn 0.3179 -0.6316 0.7071
vn 0.3258 -0.6276 0.7071
vn 0.3353 -0.6225 0.7071
vn 0.0209 -0.7068 0.7071
vn 0.0327 -0.7063 0.7071
vn 0.0422 -0.7059 0.7071
vn 0.0493 -0.7054 0.7071
vn 0.0549 -0.7050 0.7071
vn 0.0618 -0.7044 0.7071
vn 0.0636 -0.7042 0.7071
vn 0.0472 -0.7055 0.7071
vn 0.0413 -0.7059 0.7071
vn 0.0341 -0.7063 0.7071
vn 0.0256 -0.7067 0.7071
vn 0.0161 -0.7069 0.7071
vn 0.0058 -0.7071 0.7071
vn -0.0048 -0.7071 0.7071
vn -0.0528 -0.7051 0.7071
vn -0.0151 -0.7070 0.7071
vn -0.0247 -0.7067 0.7071
vn -0.0333 -0.7063 0.7071
vn -0.0407 -0.7059 0.7071
vn -0.0517 -0.7052 0.7071
vn -0.0591 -0.7046 0.7071
vn -0.1573 -0.6894 0.7071
vn -0.0630 -0.7043 0.7071
vn -0.1296 -0.6951 0.7071
vn -0.0634 -0.7043 0.7071
vn -0.0603 -0.7045 0.7071
vn -0.0473 -0.7055 0.7071
vn -0.0405 -0.7059 0.7071
vn -0.0316 -0.7064 0.7071
vn -0.0209 -0.7068 0.7071
vn 0.9888 0.1490 -0.0000
vn 0.9888 -0.1490 -0.0000
vn 0.9556 -0.2948 -0.0000
vn 0.9010 -0.4339 -0.0000
vn 0.8262 -0.5633 -0.0000
vn 0.7331 -0.6802 -0.0000
vn 0.6235 -0.7818 -0.0000
vn 0.3653 -0.9309 -0.0000
vn 0.2225 -0.9749 -0.0000
vn 0.0747 -0.9972 -0.0000
vn -0.0747 -0.9972 -0.0000
vn -0.2225 -0.9749 -0.0000
vn -0.3653 -0.9309 -0.0000
vn -0.6235 -0.7818 -0.0000
vn -0.7331 -0.6802 -0.0000
vn -0.8262 -0.5633 -0.0000
vn -0.9010 -0.4339 -0.0000
vn -0.9556 -0.2948 -0.0000
vn -0.9888 -0.1490 -0.0000
vn -0.9888 0.1490 -0.0000
vn -0.9556 0.2948 -0.0000
vn -0.9010 0.4339 -0.0000
vn -0.8262 0.5633 -0.0000
vn -0.7331 0.6802 -0.0000
vn -0.6235 0.7818 -0.0000
vn -0.3653 0.9309 -0.0000
vn -0.2225 0.9749 -0.0000
vn -0.0747 0.9972 -0.0000
vn 0.0747 0.9972 -0.0000
vn 0.2225 0.9749 -0.0000
vn 0.3653 0.9309 -0.0000
vn 0.6235 0.7818 -0.0000
vn 0.7331 0.6802 -0.0000
vn 0.8262 0.5633 -0.0000
vn 0.9010 0.4339 -0.0000
vn 0.9556 0.2948 -0.0000
vn -0.9795 -0.2013 -0.0000
vn -0.9795 0.2013 -0.0000
vn -0.9190 0.3944 -0.0000
vn -0.8208 0.5713 -0.0000
vn -0.6890 0.7248 -0.0000
vn -0.5290 0.8486 -0.0000
vn -0.3473 0.9378 -0.0000
vn -0.1514 0.9885 -0.0000
vn 0.0506 0.9987 -0.0000
vn 0.0507 0.9987 -0.0000
vn 0.2506 0.9681 -0.0000
vn 0.2507 0.9681 -0.0000
vn 0.4404 0.8978 -0.0000
vn 0.6121 0.7908 -0.0000
vn 0.7588 0.6514 -0.0000
vn 0.8743 0.4853 -0.0000
vn 0.9541 0.2994 -0.0000
vn 0.9949 0.1012 -0.0000
vn 0.9949 -0.1012 -0.0000
vn 0.9541 -0.2994 -0.0000
vn 0.8743 -0.4853 -0.0000
vn 0.7588 -0.6514 -0.0000
vn 0.6121 -0.7908 -0.0000
vn 0.4404 -0.8978 -0.0000
vn 0.2507 -0.9681 -0.0000
vn 0.2506 -0.9681 -0.0000
vn 0.0507 -0.9987 -0.0000
vn 0.0506 -0.9987 -0.0000
vn -0.1514 -0.9885 -0.0000
vn -0.3473 -0.9378 -0.0000
vn -0.5290 -0.8486 -0.0000
vn -0.6890 -0.7248 -0.0000
vn -0.8208 -0.5713 -0.0000
vn -0.9190 -0.3944 -0.0000
vn -0.0000 -0.0000 -1.0000
vn 0.9864 0.1646 -0.0000
vn 0.9864 -0.1646 -0.0000
vn 0.9458 -0.3247 -0.0000
vn 0.8795 -0.4759 -0.0000
vn 0.7891 -0.6142 -0.0000
vn 0.6773 -0.7357 -0.0000
vn 0.5469 -0.8372 -0.0000
vn 0.4017 -0.9158 -0.0000
vn 0.2455 -0.9694 -0.0000
vn 0.0826 -0.9966 -0.0000
vn -0.0826 -0.9966 -0.0000
vn -0.2455 -0.9694 -0.0000
vn -0.4017 -0.9158 -0.0000
vn -0.5469 -0.8372 -0.0000
vn -0.6773 -0.7357 -0.0000
vn -0.7891 -0.6142 -0.0000
vn -0.8795 -0.4759 -0.0000
vn -0.9458 -0.3247 -0.0000
vn -0.9864 -0.1646 -0.0000
vn -0.9864 0.1646 -0.0000
vn -0.9458 0.3247 -0.0000
vn -0.8795 0.4759 -0.0000
vn -0.7891 0.6142 -0.0000
vn -0.6773 0.7357 -0.0000
vn -0.5469 0.8372 -0.0000
vn -0.4017 0.9158 -0.0000
vn -0.2455 0.9694 -0.0000
vn -0.0826 0.9966 -0.0000
vn 0.0826 0.9966 -0.0000
vn 0.2455 0.9694 -0.0000
vn 0.4017 0.9158 -0.0000
vn 0.5469 0.8372 -0.0000
vn 0.6773 0.7357 -0.0000
vn 0.7891 0.6142 -0.0000
vn 0.8795 0.4759 -0.0000
vn 0.9458 0.3247 -0.0000
vn -0.9808 -0.1951 -0.0000
vn -0.9808 0.1951 -0.0000
vn -0.9239 0.3827 -0.0000
vn -0.8315 0.5556 -0.0000
vn -0.5556 0.8315 -0.0000
vn -0.3827 0.9239 -0.0000
vn -0.1951 0.9808 -0.0000
vn 0.1951 0.9808 -0.0000
vn 0.3827 0.9239 -0.0000
vn 0.5556 0.8315 -0.0000
vn 0.8315 0.5556 -0.0000
vn 0.9239 0.3827 -0.0000
vn 0.9808 0.1951 -0.0000
vn 0.9808 -0.1951 -0.0000
vn 0.9239 -0.3827 -0.0000
vn 0.8315 -0.5556 -0.0000
vn 0.5556 -0.8315 -0.0000
vn 0.3827 -0.9239 -0.0000
vn 0.1951 -0.9808 -0.0000
vn -0.1951 -0.9808 -0.0000
vn -0.3827 -0.9239 -0.0000
vn -0.5556 -0.8315 -0.0000
vn -0.8315 -0.5556 -0.0000
vn -0.9239 -0.3827 -0.0000
vn -0.9830 -0.1837 -0.0000
vn -0.9830 0.1837 -0.0000
vn -0.9325 0.3612 -0.0000
vn -0.8502 0.5264 -0.0000
vn -0.7390 0.6737 -0.0000
vn -0.6026 0.7980 -0.0000
vn -0.4457 0.8952 -0.0000
vn -0.2737 0.9618 -0.0000
vn -0.0923 0.9957 -0.0000
vn 0.0923 0.9957 -0.0000
vn 0.2737 0.9618 -0.0000
vn 0.4457 0.8952 -0.0000
vn 0.6026 0.7980 -0.0000
vn 0.7390 0.6737 -0.0000
vn 0.8502 0.5264 -0.0000
vn 0.9325 0.3612 -0.0000
vn 0.9830 0.1837 -0.0000
vn 0.9830 -0.1837 -0.0000
vn 0.9325 -0.3612 -0.0000
vn 0.8502 -0.5264 -0.0000
vn 0.7390 -0.6737 -0.0000
vn 0.6026 -0.7980 -0.0000
vn 0.4457 -0.8952 -0.0000
vn 0.2737 -0.9618 -0.0000
vn 0.0923 -0.9957 -0.0000
vn -0.0923 -0.9957 -0.0000
vn -0.2737 -0.9618 -0.0000
vn -0.4457 -0.8952 -0.0000
vn -0.6026 -0.7980 -0.0000
vn -0.7390 -0.6737 -0.0000
vn -0.8502 -0.5264 -0.0000
vn -0.9325 -0.3612 -0.0000
vn -0.9819 -0.1892 -0.0000
vn -0.9819 0.1892 -0.0000
vn -0.9819 0.1893 -0.0000
vn -0.9284 0.3717 -0.0000
vn -0.8413 0.5406 -0.0000
vn -0.7237 0.6901 -0.0000
vn -0.5801 0.8146 -0.0000
vn -0.4154 0.9096 -0.0000
vn -0.2358 0.9718 -0.0000
vn -0.0476 0.9989 -0.0000
vn 0.1423 0.9898 -0.0000
vn 0.3271 0.9450 -0.0000
vn 0.6549 0.7558 -0.0000
vn 0.6549 0.7557 -0.0000
vn 0.7861 0.6182 -0.0000
vn 0.8888 0.4582 -0.0000
vn 0.9595 0.2817 -0.0000
vn 0.9955 0.0951 -0.0000
vn 0.9955 -0.0951 -0.0000
vn 0.9595 -0.2817 -0.0000
vn 0.8888 -0.4582 -0.0000
vn 0.7861 -0.6182 -0.0000
vn 0.6549 -0.7557 -0.0000
vn 0.6549 -0.7558 -0.0000
vn 0.3271 -0.9450 -0.0000
vn 0.1423 -0.9898 -0.0000
vn -0.0476 -0.9989 -0.0000
vn -0.2358 -0.9718 -0.0000
vn -0.4154 -0.9096 -0.0000
vn -0.5801 -0.8146 -0.0000
vn -0.7237 -0.6901 -0.0000
vn -0.8413 -0.5406 -0.0000
vn -0.9284 -0.3717 -0.0000
vn -0.9819 -0.1893 -0.0000
vn -0.6030 0.5624 0.5658
vn 0.2853 0.7754 0.5633
vn 0.3453 0.9385 -0.0000
vn -0.2592 0.6579 0.7071
vn -0.2569 0.6588 0.7071
vn -0.1942 0.6800 0.7070
vn -0.1928 0.6803 0.7071
vn -0.1274 0.6955 0.7071
vn -0.1278 0.6955 0.7071
vn -0.0615 0.7044 0.7071
vn -0.0594 0.7046 0.7071
vn 0.6284 0.3242 0.7071
vn -0.7313 0.6821 -0.0000
vn 0.8887 0.4585 -0.0000
vn -0.7973 0.2169 0.5633
vn 0.0752 0.8259 0.5588
vn 0.5147 0.4849 0.7071
vn 0.0907 0.9959 -0.0000
vn -0.4113 0.5752 0.7071
vn -0.4087 0.5770 0.7071
vn -0.4029 0.5812 0.7070
vn -0.4018 0.5819 0.7071
vn -0.3945 0.5870 0.7070
vn -0.3949 0.5865 0.7071
vn -0.3879 0.5912 0.7071
vn -0.3859 0.5925 0.7071
vn -0.9649 0.2625 -0.0000
vn -0.6284 -0.3242 0.7071
vn 0.7279 0.6857 -0.0000
vn -0.8289 -0.0258 0.5588
vn -0.1689 0.8088 0.5633
vn -0.2045 0.9789 -0.0000
vn -0.5684 0.4206 0.7071
vn -0.5670 0.4225 0.7071
vn -0.5624 0.4289 0.7070
vn -0.5619 0.4292 0.7071
vn -0.5569 0.4358 0.7071
vn -0.5562 0.4369 0.7070
vn -0.5517 0.4423 0.7071
vn -0.5497 0.4448 0.7071
vn 0.3611 0.6079 0.7071
vn -0.9995 -0.0311 -0.0000
vn -0.5147 -0.4849 0.7071
vn -0.0036 -0.7071 0.7071
vn -0.1458 -0.6919 0.7071
vn -0.2820 -0.6485 0.7071
vn -0.4066 -0.5785 0.7071
vn -0.7061 0.0386 0.7071
vn -0.6961 -0.1244 0.7071
vn -0.6490 -0.2808 0.7071
vn -0.5672 -0.4222 0.7071
vn -0.4553 -0.5411 0.7071
vn -0.3190 -0.6311 0.7071
vn -0.1657 -0.6874 0.7071
vn -0.5147 -0.4848 0.7071
vn -0.6017 -0.3714 0.7071
vn -0.6641 -0.2428 0.7071
vn -0.6994 -0.1043 0.7071
vn -0.6994 -0.1042 0.7071
vn 0.5107 0.8598 -0.0000
vn -0.7910 -0.2386 0.5633
vn -0.5624 0.6030 0.5658
vn -0.6821 0.7313 -0.0000
vn -0.7046 0.0594 0.7071
vn -0.7044 0.0614 0.7071
vn -0.6928 0.1412 0.7071
vn -0.6927 0.1422 0.7071
vn -0.6719 0.2202 0.7071
vn -0.6717 0.2211 0.7071
vn -0.6423 0.2958 0.7071
vn -0.6413 0.2980 0.7071
vn -0.0000 0.7071 0.7071
vn -0.9574 -0.2887 -0.0000
vn -0.3611 -0.6079 0.7071
vn -0.0051 -1.0000 -0.0012
vn -0.2061 -0.9785 -0.0000
vn -0.0051 -1.0000 -0.0000
vn -0.2068 -0.9784 -0.0000
vn -0.3988 -0.9171 -0.0000
vn -0.3990 -0.9170 -0.0000
vn -0.5751 -0.8181 -0.0000
vn -0.5750 -0.8182 -0.0000
vn -0.7279 -0.6857 -0.0000
vn -0.9985 0.0545 -0.0000
vn -0.9849 -0.1729 -0.0000
vn -0.9844 -0.1759 -0.0000
vn -0.9242 -0.3818 -0.0000
vn -0.9178 -0.3971 -0.0000
vn -0.8253 -0.5647 -0.0000
vn -0.8022 -0.5971 -0.0000
vn -0.6960 -0.7181 -0.0000
vn -0.6438 -0.7652 -0.0000
vn -0.5433 -0.8396 -0.0000
vn -0.4511 -0.8925 -0.0000
vn -0.3733 -0.9277 -0.0000
vn -0.2344 -0.9722 -0.0000
vn -0.1921 -0.9814 -0.0000
vn -0.7279 -0.6857 0.0001
vn -0.8490 -0.5285 -0.0000
vn -0.8510 -0.5252 -0.0000
vn -0.9393 -0.3431 -0.0000
vn -0.9891 -0.1473 0.0001
vn -0.9885 -0.1514 -0.0000
vn -0.9375 -0.3480 -0.0000
vn -0.6223 -0.7828 -0.0000
vn -0.7298 -0.6837 -0.0000
vn -0.8797 -0.4755 -0.0000
vn -0.9994 0.0334 -0.0000
vn -0.9856 0.1691 -0.0000
vn -0.9528 0.3036 -0.0000
vn -0.9011 0.4336 -0.0000
vn -0.8305 0.5570 -0.0000
vn -0.7425 0.6698 0.0001
vn -0.6388 0.7694 -0.0000
vn -0.5212 0.8534 -0.0000
vn -0.3935 0.9193 -0.0000
vn -0.2579 0.9662 -0.0000
vn -0.1178 0.9930 -0.0001
vn 0.0931 0.9957 -0.0000
vn 0.2989 0.9543 -0.0000
vn 0.4920 0.8706 -0.0000
vn 0.6658 0.7461 -0.0000
vn 0.7071 0.7071 0.0001
vn 0.8126 0.5828 -0.0000
vn 0.9229 0.3850 -0.0000
vn 0.9869 0.1616 -0.0000
vn 0.9977 -0.0674 -0.0000
vn 0.9749 -0.2228 -0.0000
vn 0.9334 -0.3588 -0.0000
vn 0.8736 -0.4867 -0.0000
vn 0.7956 -0.6059 -0.0001
vn 0.7011 -0.7130 -0.0000
vn 0.5918 -0.8061 -0.0000
vn 0.4697 -0.8828 -0.0000
vn 0.3376 -0.9413 -0.0000
vn 0.1981 -0.9802 -0.0000
vn 0.0541 -0.9985 -0.0000
vn -0.0909 -0.9959 -0.0000
vn -0.2342 -0.9722 -0.0000
vn -0.3722 -0.9282 -0.0000
vn -0.5023 -0.8647 -0.0000
vn -0.8742 -0.4856 -0.0000
vn -0.9534 -0.3017 -0.0000
vn -0.9971 -0.0765 -0.0000
vn -0.9882 0.1531 -0.0000
vn -0.9271 0.3747 -0.0000
vn -0.8075 0.5898 -0.0000
vn -0.7359 0.6771 -0.0000
vn -0.6464 0.7630 -0.0000
vn -0.5463 0.8376 -0.0000
vn -0.4375 0.8992 -0.0000
vn -0.3231 0.9464 -0.0000
vn -0.2052 0.9787 -0.0000
vn 0.0328 0.9995 -0.0000
vn 0.2620 0.9651 -0.0000
vn 0.4714 0.8819 -0.0000
vn 0.6524 0.7579 -0.0000
vn 0.7987 0.6017 -0.0000
vn 0.9068 0.4216 -0.0000
vn 0.9742 0.2256 -0.0000
vn 0.9998 0.0212 -0.0000
vn 0.9831 -0.1829 -0.0000
vn 0.9259 -0.3777 -0.0000
vn 0.8315 -0.5555 0.0001
vn 0.7052 -0.7090 -0.0000
vn 0.5483 -0.8363 -0.0000
vn 0.3263 -0.9453 -0.0000
vn 0.2051 -0.9787 -0.0000
vn 0.0809 -0.9967 -0.0000
vn -0.0435 -0.9991 -0.0000
vn -0.1657 -0.9862 -0.0000
vn -0.2844 -0.9587 -0.0000
vn -0.3968 -0.9179 -0.0000
vn -0.5963 -0.8028 -0.0000
vn -0.7556 -0.6550 -0.0000
vn -0.3634 0.9316 -0.0000
vn -0.2734 0.9619 -0.0000
vn -0.1810 0.9835 -0.0000
vn -0.0869 0.9962 -0.0000
vn -0.8887 -0.4585 -0.0000
vn -0.5779 0.8161 -0.0000
vn -0.5683 0.8228 -0.0000
vn -0.5585 0.8295 -0.0000
vn -0.5486 0.8361 -0.0000
vn -0.5107 -0.8598 -0.0000
vn -0.9962 0.0869 -0.0000
vn -0.9797 0.2005 -0.0000
vn -0.9503 0.3114 -0.0000
vn -0.9083 0.4183 -0.0000
vn -0.8019 0.5975 -0.0000
vn -0.8018 0.5975 -0.0000
vn -0.7947 0.6070 -0.0000
vn -0.7875 0.6163 -0.0000
vn -0.7801 0.6256 -0.0000
vn -0.6938 0.0105 0.7201
vn -0.6954 -0.0000 0.7186
vn -0.6921 0.0271 0.7213
vn -0.6910 0.0359 0.7219
vn -0.6889 0.0439 0.7235
vn -0.6953 -0.0000 0.7187
vn -0.6945 0.0021 0.7195
vn -0.6934 -0.0000 0.7205
vn -0.6863 0.0518 0.7255
vn -0.6833 0.0596 0.7277
vn -0.0106 0.6938 0.7201
vn -0.0000 0.6953 0.7187
vn -0.0021 0.6946 0.7194
vn -0.0000 0.6954 0.7186
vn -0.0000 0.6935 0.7205
vn -0.0272 0.6921 0.7213
vn -0.0361 0.6910 0.7219
vn -0.0440 0.6889 0.7236
vn -0.0519 0.6863 0.7255
vn -0.0596 0.6833 0.7277
vn -0.1072 0.4894 0.8654
vn -0.0430 0.5500 0.8341
vn -0.0224 0.5565 0.8305
vn -0.0207 0.5621 0.8268
vn -0.0000 0.5611 0.8278
vn -0.0000 0.6248 0.7808
vn -0.0192 0.6051 0.7959
vn -0.0669 0.5365 0.8413
vn -0.0928 0.5214 0.8482
vn -0.1507 0.4856 0.8611
vn -0.0900 0.5645 0.8205
vn -0.1839 0.5009 0.8457
vn -0.2078 0.4828 0.8507
vn -0.2051 0.4921 0.8460
vn -0.2081 0.3938 0.8953
vn -0.2287 0.3485 0.9090
vn -0.2283 0.3568 0.9059
vn -0.2278 0.3652 0.9026
vn -0.2271 0.3737 0.8993
vn -0.2022 0.5014 0.8412
vn -0.1991 0.5107 0.8364
vn -0.1582 0.3065 0.9386
vn -0.1596 0.3055 0.9387
vn -0.1626 0.3049 0.9384
vn -0.1670 0.2979 0.9399
vn -0.1794 0.2843 0.9418
vn -0.2260 0.2399 0.9441
vn -0.1948 0.2671 0.9438
vn -0.2034 0.2575 0.9446
vn -0.2124 0.2477 0.9453
vn -0.2216 0.2380 0.9456
vn -0.2313 0.2281 0.9458
vn -0.2417 0.2180 0.9455
vn -0.2528 0.2078 0.9449
vn -0.2643 0.1976 0.9440
vn -0.2762 0.1874 0.9426
vn -0.2752 0.2145 0.9371
vn -0.2645 0.2276 0.9371
vn -0.2888 0.1769 0.9409
vn -0.2970 0.1876 0.9363
vn -0.3020 0.1659 0.9388
vn -0.3007 0.1837 0.9359
vn -0.3055 0.1800 0.9350
vn -0.3232 0.1628 0.9322
vn -0.3114 0.1762 0.9338
vn -0.3181 0.1727 0.9322
vn -0.3307 0.1659 0.9290
vn -0.3420 0.1584 0.9262
vn -0.3507 0.1313 0.9272
vn -0.3633 0.1359 0.9217
vn -0.3647 0.1296 0.9221
vn -0.3628 0.1246 0.9235
vn -0.3572 0.1212 0.9261
vn -0.3545 0.1198 0.9273
vn -0.3311 0.1422 0.9328
vn -0.3535 0.1177 0.9280
vn -0.3302 0.1392 0.9336
vn -0.3539 0.1150 0.9282
vn -0.3305 0.1335 0.9343
vn -0.3563 0.1034 0.9286
vn -0.2744 0.1852 0.9436
vn -0.3681 0.0894 0.9255
vn -0.2782 0.1812 0.9433
vn -0.3795 0.0757 0.9221
vn -0.2818 0.1773 0.9430
vn -0.4011 0.0492 0.9147
vn -0.2884 0.1702 0.9423
vn -0.4063 0.0427 0.9127
vn -0.3572 0.0958 0.9291
vn -0.4019 0.0465 0.9145
vn -0.4223 0.0225 0.9062
vn -0.4397 -0.0000 0.8981
vn -0.4505 -0.0000 0.8928
vn -0.3096 0.1624 0.9369
vn -0.3165 0.1584 0.9353
vn -0.3223 0.1543 0.9340
vn -0.3269 0.1500 0.9331
vn -0.3299 0.1459 0.9327
vn -0.3274 0.1372 0.9349
vn -0.3107 0.1523 0.9382
vn -0.2955 0.1663 0.9407
vn -0.2805 0.1804 0.9428
vn -0.2655 0.1947 0.9443
vn -0.2505 0.2093 0.9452
vn -0.2361 0.2234 0.9457
vn -0.2027 0.2569 0.9450
vn -0.2224 0.2371 0.9457
vn -0.2095 0.2502 0.9453
vn -0.1973 0.2628 0.9444
vn -0.1727 0.2870 0.9422
vn -0.2003 0.2591 0.9448
vn -0.1673 0.2919 0.9417
vn -0.1980 0.2613 0.9447
vn -0.1623 0.2966 0.9411
vn -0.1938 0.2653 0.9445
vn -0.1528 0.3052 0.9400
vn -0.1671 0.2913 0.9419
vn -0.1479 0.3097 0.9393
vn -0.1260 0.3304 0.9354
vn -0.1008 0.3539 0.9299
vn -0.0492 0.4011 0.9147
vn -0.0710 0.3809 0.9219
vn -0.0375 0.4104 0.9111
vn -0.0335 0.4193 0.9072
vn -0.0490 0.4227 0.9049
vn -0.0291 0.4274 0.9036
vn -0.0243 0.4349 0.9002
vn -0.0196 0.4413 0.8971
vn -0.0157 0.4459 0.8950
vn -0.0121 0.4492 0.8933
vn -0.0253 0.4598 0.8876
vn -0.0090 0.4512 0.8924
vn -0.0000 0.4916 0.8708
vn -0.0065 0.4515 0.8922
vn -0.0056 0.4510 0.8925
vn -0.0050 0.4499 0.8931
vn -0.0000 0.4397 0.8981
vn -0.0048 0.4482 0.8939
vn -0.0048 0.4462 0.8949
vn -0.0051 0.4436 0.8962
vn -0.0058 0.4406 0.8977
vn -0.0079 0.4337 0.9010
vn -0.0722 0.3785 0.9228
vn -0.0956 0.3573 0.9291
vn -0.1181 0.3371 0.9340
vn -0.1681 0.2900 0.9421
vn -0.1549 0.3027 0.9404
vn -0.1844 0.2744 0.9438
vn -0.2295 0.2300 0.9457
vn -0.2080 0.2513 0.9453
vn -0.2264 0.2331 0.9457
vn -0.2906 0.1674 0.9421
vn -0.2394 0.2200 0.9457
vn -0.2467 0.2127 0.9455
vn -0.2476 0.2118 0.9454
vn -0.2417 0.2177 0.9456
vn -0.2291 0.2303 0.9458
vn -0.2099 0.2495 0.9454
vn -0.1835 0.2754 0.9437
vn -0.1860 0.2748 0.9434
vn -0.1763 0.2852 0.9421
vn -0.1034 0.3563 0.9286
vn -0.1685 0.2939 0.9409
vn -0.1627 0.3005 0.9398
vn -0.1593 0.3048 0.9390
vn -0.3816 0.0770 0.9211
vn -0.3556 0.1120 0.9279
vn -0.3588 0.1430 0.9224
vn -0.3515 0.1507 0.9240
vn -0.2853 0.2288 0.9307
vn -0.2782 0.2284 0.9330
vn -0.2713 0.2280 0.9351
vn -0.1633 0.3291 0.9301
vn -0.2292 0.3010 0.9257
vn -0.1634 0.3549 0.9205
vn -0.2145 0.3136 0.9250
vn -0.2293 0.3085 0.9232
vn -0.2294 0.3161 0.9206
vn -0.2294 0.3239 0.9179
vn -0.0756 0.4019 0.9126
vn -0.0757 0.3795 0.9221
vn -0.0894 0.3909 0.9161
vn -0.1035 0.3794 0.9194
vn -0.0894 0.3682 0.9255
vn -0.3311 0.2293 0.9153
vn -0.4574 0.1555 0.8756
vn -0.4349 0.2189 0.8734
vn -0.4530 0.1972 0.8694
vn -0.4441 0.2171 0.8692
vn -0.4534 0.2152 0.8649
vn -0.4627 0.2130 0.8605
vn -0.3232 0.2294 0.9181
vn -0.3493 0.2128 0.9125
vn -0.4047 0.1613 0.9001
vn -0.4495 0.1122 0.8862
vn -0.4967 0.0963 0.8626
vn -0.5244 0.0238 0.8512
vn -0.5134 0.0696 0.8553
vn -0.5284 0.0448 0.8478
vn -0.5270 0.0988 0.8441
vn -0.5770 0.0212 0.8165
vn -0.5305 -0.0000 0.8477
vn -0.3155 0.2294 0.9208
vn -0.3078 0.2294 0.9234
vn -0.6004 -0.0000 0.7997
vn -0.6030 -0.5624 0.5658
vn 0.2853 -0.7754 0.5633
vn 0.3453 -0.9385 -0.0000
vn -0.2592 -0.6579 0.7071
vn -0.1942 -0.6800 0.7070
vn -0.2569 -0.6588 0.7071
vn -0.1928 -0.6803 0.7071
vn -0.1274 -0.6955 0.7071
vn -0.1278 -0.6955 0.7071
vn -0.0615 -0.7044 0.7071
vn -0.0594 -0.7046 0.7071
vn 0.6284 -0.3242 0.7071
vn -0.7313 -0.6821 -0.0000
vn 0.8887 -0.4585 -0.0000
vn -0.7973 -0.2169 0.5633
vn 0.0752 -0.8259 0.5588
vn 0.5147 -0.4849 0.7071
vn 0.0907 -0.9959 -0.0000
vn -0.4113 -0.5752 0.7071
vn -0.4029 -0.5812 0.7070
vn -0.4087 -0.5770 0.7071
vn -0.4018 -0.5819 0.7071
vn -0.3945 -0.5870 0.7070
vn -0.3949 -0.5865 0.7071
vn -0.3879 -0.5912 0.7071
vn -0.3859 -0.5925 0.7071
vn -0.9649 -0.2625 -0.0000
vn -0.6284 0.3242 0.7071
vn 0.7279 -0.6857 -0.0000
vn -0.8289 0.0258 0.5588
vn -0.1689 -0.8088 0.5633
vn -0.2045 -0.9789 -0.0000
vn -0.5684 -0.4206 0.7071
vn -0.5624 -0.4289 0.7070
vn -0.5670 -0.4225 0.7071
vn -0.5619 -0.4292 0.7071
vn -0.5569 -0.4357 0.7071
vn -0.5562 -0.4369 0.7070
vn -0.5517 -0.4423 0.7071
vn -0.5497 -0.4448 0.7071
vn 0.3611 -0.6079 0.7071
vn -0.9995 0.0311 -0.0000
vn -0.5147 0.4849 0.7071
vn -0.0036 0.7071 0.7071
vn -0.1458 0.6919 0.7071
vn -0.2820 0.6485 0.7071
vn -0.4066 0.5785 0.7071
vn -0.7061 -0.0386 0.7071
vn -0.6961 0.1244 0.7071
vn -0.6490 0.2808 0.7071
vn -0.5672 0.4222 0.7071
vn -0.4553 0.5411 0.7071
vn -0.3190 0.6311 0.7071
vn -0.1657 0.6874 0.7071
vn -0.5147 0.4848 0.7071
vn -0.6017 0.3714 0.7071
vn -0.6641 0.2428 0.7071
vn -0.6994 0.1042 0.7071
vn 0.5107 -0.8598 -0.0000
vn -0.7910 0.2386 0.5633
vn -0.5624 -0.6030 0.5658
vn -0.6821 -0.7313 -0.0000
vn -0.7046 -0.0594 0.7071
vn -0.6928 -0.1412 0.7071
vn -0.7044 -0.0614 0.7071
vn -0.6928 -0.1417 0.7071
vn -0.6719 -0.2202 0.7071
vn -0.6720 -0.2213 0.7068
vn -0.6423 -0.2958 0.7071
vn -0.6413 -0.2980 0.7071
vn -0.0000 -0.7071 0.7071
vn -0.9574 0.2887 -0.0000
vn -0.3611 0.6079 0.7071
vn -0.7279 0.6857 -0.0000
vn -0.5751 0.8181 -0.0000
vn -0.5750 0.8182 -0.0000
vn -0.3990 0.9170 -0.0000
vn -0.3988 0.9171 -0.0000
vn -0.2068 0.9784 -0.0000
vn -0.2061 0.9785 -0.0000
vn -0.0051 1.0000 -0.0000
vn -0.1921 0.9814 -0.0000
vn -0.2344 0.9722 -0.0000
vn -0.3733 0.9277 -0.0000
vn -0.4511 0.8925 -0.0000
vn -0.5433 0.8396 -0.0000
vn -0.6438 0.7652 -0.0000
vn -0.6960 0.7181 -0.0000
vn -0.8022 0.5971 -0.0000
vn -0.8253 0.5647 -0.0000
vn -0.9178 0.3971 -0.0000
vn -0.9242 0.3818 -0.0000
vn -0.9844 0.1760 -0.0000
vn -0.9849 0.1729 -0.0000
vn -0.9985 -0.0545 -0.0000
vn -0.9891 0.1473 0.0001
vn -0.9885 0.1513 -0.0000
vn -0.9392 0.3433 0.0002
vn -0.9375 0.3479 -0.0000
vn -0.8509 0.5253 0.0002
vn -0.8490 0.5285 -0.0000
vn -0.8797 0.4755 -0.0000
vn -0.7298 0.6837 -0.0000
vn -0.6223 0.7828 -0.0000
vn -0.5023 0.8647 -0.0000
vn -0.3722 0.9282 -0.0000
vn -0.2342 0.9722 -0.0000
vn -0.0909 0.9959 -0.0000
vn 0.0541 0.9985 -0.0000
vn 0.1981 0.9802 -0.0000
vn 0.3376 0.9413 -0.0000
vn 0.4697 0.8828 -0.0000
vn 0.5919 0.8060 -0.0000
vn 0.7011 0.7131 -0.0000
vn 0.7956 0.6058 -0.0000
vn 0.8736 0.4867 -0.0000
vn 0.9334 0.3588 -0.0000
vn 0.9749 0.2228 -0.0000
vn 0.9977 0.0674 -0.0000
vn 0.9869 -0.1616 -0.0000
vn 0.9229 -0.3850 -0.0000
vn 0.8126 -0.5829 -0.0000
vn 0.7071 -0.7071 0.0001
vn 0.6658 -0.7461 -0.0000
vn 0.4920 -0.8706 -0.0000
vn 0.2989 -0.9543 -0.0000
vn 0.0931 -0.9957 -0.0000
vn -0.1178 -0.9930 -0.0001
vn -0.2579 -0.9662 -0.0000
vn -0.3935 -0.9193 -0.0000
vn -0.5212 -0.8534 -0.0000
vn -0.6388 -0.7694 -0.0000
vn -0.7424 -0.6699 -0.0001
vn -0.8305 -0.5570 -0.0000
vn -0.9011 -0.4336 -0.0000
vn -0.9528 -0.3036 -0.0000
vn -0.9856 -0.1691 -0.0000
vn -0.9994 -0.0334 -0.0000
vn -0.9727 0.2319 -0.0000
vn -0.9971 0.0765 -0.0000
vn -0.9534 0.3017 -0.0000
vn -0.8742 0.4856 -0.0000
vn -0.7556 0.6550 -0.0000
vn -0.5963 0.8028 -0.0000
vn -0.3968 0.9179 -0.0000
vn -0.2844 0.9587 -0.0000
vn -0.1657 0.9862 -0.0000
vn -0.0435 0.9991 -0.0000
vn 0.0809 0.9967 -0.0000
vn 0.2051 0.9787 -0.0000
vn 0.3263 0.9453 -0.0000
vn 0.5483 0.8363 -0.0000
vn 0.7052 0.7090 -0.0000
vn 0.8315 0.5555 -0.0000
vn 0.9259 0.3777 -0.0000
vn 0.9831 0.1829 -0.0000
vn 0.9998 -0.0212 -0.0000
vn 0.9742 -0.2256 -0.0000
vn 0.9068 -0.4216 -0.0000
vn 0.7987 -0.6017 -0.0000
vn 0.6524 -0.7579 -0.0000
vn 0.4714 -0.8819 -0.0000
vn 0.2620 -0.9651 -0.0000
vn 0.0328 -0.9995 -0.0000
vn -0.2052 -0.9787 -0.0000
vn -0.3231 -0.9464 -0.0000
vn -0.4375 -0.8992 -0.0000
vn -0.5463 -0.8376 -0.0000
vn -0.6464 -0.7630 -0.0000
vn -0.7359 -0.6771 -0.0000
vn -0.8075 -0.5898 -0.0000
vn -0.9271 -0.3747 -0.0000
vn -0.9882 -0.1531 -0.0000
vn -0.2734 -0.9619 -0.0000
vn -0.1810 -0.9835 -0.0000
vn -0.0869 -0.9962 -0.0000
vn -0.8887 0.4585 -0.0000
vn -0.5779 -0.8161 -0.0000
vn -0.5683 -0.8228 -0.0000
vn -0.5585 -0.8295 -0.0000
vn -0.5486 -0.8361 -0.0000
vn -0.5107 0.8598 -0.0000
vn -0.9962 -0.0869 -0.0000
vn -0.9797 -0.2005 -0.0000
vn -0.9503 -0.3114 -0.0000
vn -0.9083 -0.4183 -0.0000
vn -0.8018 -0.5975 -0.0000
vn -0.7947 -0.6070 -0.0000
vn -0.7875 -0.6163 -0.0000
vn -0.7801 -0.6256 -0.0000
vn -0.6938 -0.0105 0.7201
vn -0.6945 -0.0021 0.7195
vn -0.6921 -0.0271 0.7213
vn -0.6910 -0.0359 0.7219
vn -0.6889 -0.0439 0.7235
vn -0.6863 -0.0518 0.7255
vn -0.6833 -0.0596 0.7277
vn -0.0105 -0.6938 0.7201
vn -0.0000 -0.6954 0.7186
vn -0.0272 -0.6921 0.7213
vn -0.0361 -0.6910 0.7219
vn -0.0440 -0.6889 0.7236
vn -0.0000 -0.6953 0.7187
vn -0.0021 -0.6945 0.7195
vn -0.0000 -0.6935 0.7205
vn -0.0519 -0.6863 0.7255
vn -0.0596 -0.6833 0.7277
vn -0.1071 -0.4894 0.8654
vn -0.1507 -0.4856 0.8611
vn -0.2081 -0.3938 0.8953
vn -0.2078 -0.4828 0.8507
vn -0.2271 -0.3737 0.8993
vn -0.0928 -0.5214 0.8483
vn -0.0224 -0.5565 0.8305
vn -0.0669 -0.5365 0.8413
vn -0.0429 -0.5500 0.8341
vn -0.0900 -0.5645 0.8205
vn -0.0192 -0.6051 0.7959
vn -0.0207 -0.5621 0.8268
vn -0.0000 -0.6248 0.7808
vn -0.0000 -0.5611 0.8278
vn -0.1839 -0.5009 0.8457
vn -0.1992 -0.5107 0.8364
vn -0.2022 -0.5014 0.8412
vn -0.2051 -0.4921 0.8460
vn -0.2278 -0.3652 0.9026
vn -0.2283 -0.3568 0.9059
vn -0.2287 -0.3485 0.9090
vn -0.1670 -0.2979 0.9399
vn -0.1596 -0.3055 0.9387
vn -0.1626 -0.3049 0.9384
vn -0.1582 -0.3065 0.9386
vn -0.1034 -0.3563 0.9286
vn -0.1593 -0.3048 0.9390
vn -0.1627 -0.3005 0.9398
vn -0.1685 -0.2939 0.9409
vn -0.1763 -0.2852 0.9421
vn -0.1726 -0.2870 0.9422
vn -0.1860 -0.2747 0.9434
vn -0.1973 -0.2629 0.9444
vn -0.2027 -0.2569 0.9450
vn -0.2095 -0.2502 0.9452
vn -0.2224 -0.2371 0.9457
vn -0.2361 -0.2234 0.9457
vn -0.2744 -0.1852 0.9436
vn -0.2003 -0.2592 0.9448
vn -0.2782 -0.1812 0.9433
vn -0.1980 -0.2613 0.9447
vn -0.2817 -0.1774 0.9430
vn -0.1938 -0.2653 0.9445
vn -0.2884 -0.1702 0.9423
vn -0.2099 -0.2495 0.9454
vn -0.2291 -0.2303 0.9458
vn -0.2417 -0.2177 0.9456
vn -0.2476 -0.2118 0.9454
vn -0.2467 -0.2127 0.9455
vn -0.2907 -0.1674 0.9421
vn -0.2394 -0.2200 0.9457
vn -0.2264 -0.2331 0.9457
vn -0.2295 -0.2300 0.9457
vn -0.2080 -0.2513 0.9453
vn -0.1681 -0.2900 0.9421
vn -0.1844 -0.2744 0.9438
vn -0.1549 -0.3027 0.9404
vn -0.1181 -0.3371 0.9340
vn -0.0956 -0.3573 0.9291
vn -0.0722 -0.3785 0.9228
vn -0.0000 -0.4397 0.8981
vn -0.0079 -0.4337 0.9010
vn -0.0058 -0.4406 0.8977
vn -0.0051 -0.4436 0.8962
vn -0.0048 -0.4461 0.8950
vn -0.0048 -0.4482 0.8939
vn -0.0038 -0.4568 0.8895
vn -0.0050 -0.4499 0.8931
vn -0.0056 -0.4509 0.8925
vn -0.0065 -0.4515 0.8922
vn -0.0090 -0.4512 0.8924
vn -0.0121 -0.4493 0.8933
vn -0.0490 -0.4227 0.9049
vn -0.0157 -0.4459 0.8950
vn -0.0196 -0.4413 0.8971
vn -0.0243 -0.4349 0.9002
vn -0.0291 -0.4274 0.9036
vn -0.0492 -0.4011 0.9147
vn -0.0335 -0.4193 0.9072
vn -0.0375 -0.4104 0.9111
vn -0.0709 -0.3809 0.9219
vn -0.1008 -0.3539 0.9299
vn -0.1528 -0.3052 0.9400
vn -0.1260 -0.3304 0.9354
vn -0.1479 -0.3097 0.9393
vn -0.1671 -0.2913 0.9419
vn -0.1835 -0.2754 0.9437
vn -0.2505 -0.2093 0.9452
vn -0.2654 -0.1947 0.9443
vn -0.2805 -0.1803 0.9428
vn -0.2955 -0.1663 0.9407
vn -0.3305 -0.1335 0.9343
vn -0.3563 -0.1034 0.9286
vn -0.3539 -0.1150 0.9282
vn -0.3556 -0.1120 0.9279
vn -0.3107 -0.1523 0.9382
vn -0.3274 -0.1372 0.9349
vn -0.3302 -0.1392 0.9336
vn -0.3311 -0.1422 0.9328
vn -0.3535 -0.1177 0.9280
vn -0.3545 -0.1198 0.9273
vn -0.3507 -0.1313 0.9272
vn -0.3572 -0.1212 0.9261
vn -0.3628 -0.1246 0.9235
vn -0.3647 -0.1296 0.9221
vn -0.3633 -0.1358 0.9217
vn -0.3420 -0.1584 0.9262
vn -0.3515 -0.1507 0.9240
vn -0.3299 -0.1459 0.9327
vn -0.3269 -0.1500 0.9331
vn -0.3234 -0.1630 0.9321
vn -0.3223 -0.1543 0.9340
vn -0.3165 -0.1585 0.9353
vn -0.3096 -0.1624 0.9369
vn -0.3181 -0.1727 0.9322
vn -0.3307 -0.1659 0.9290
vn -0.3020 -0.1659 0.9388
vn -0.3114 -0.1762 0.9338
vn -0.3055 -0.1799 0.9350
vn -0.3007 -0.1838 0.9359
vn -0.2970 -0.1876 0.9363
vn -0.2888 -0.1769 0.9409
vn -0.2752 -0.2145 0.9371
vn -0.2762 -0.1874 0.9426
vn -0.2643 -0.1976 0.9440
vn -0.2645 -0.2276 0.9372
vn -0.2528 -0.2078 0.9449
vn -0.2260 -0.2399 0.9441
vn -0.2417 -0.2180 0.9455
vn -0.2314 -0.2281 0.9458
vn -0.2216 -0.2380 0.9456
vn -0.2124 -0.2477 0.9453
vn -0.2034 -0.2575 0.9446
vn -0.1948 -0.2671 0.9438
vn -0.1794 -0.2843 0.9418
vn -0.3816 -0.0770 0.9211
vn -0.3681 -0.0894 0.9255
vn -0.4063 -0.0427 0.9127
vn -0.4011 -0.0492 0.9147
vn -0.3795 -0.0757 0.9221
vn -0.4019 -0.0464 0.9145
vn -0.3572 -0.0958 0.9291
vn -0.4223 -0.0225 0.9062
vn -0.0013 -0.4791 0.8778
vn -0.0000 -0.4916 0.8708
vn -0.0253 -0.4599 0.8876
vn -0.2145 -0.3136 0.9250
vn -0.1634 -0.3549 0.9205
vn -0.0894 -0.3909 0.9161
vn -0.0756 -0.4019 0.9126
vn -0.0894 -0.3681 0.9255
vn -0.0757 -0.3795 0.9221
vn -0.1673 -0.2919 0.9417
vn -0.1623 -0.2966 0.9411
vn -0.2294 -0.3239 0.9179
vn -0.2294 -0.3161 0.9206
vn -0.2293 -0.3085 0.9232
vn -0.2292 -0.3010 0.9257
vn -0.1633 -0.3292 0.9300
vn -0.2713 -0.2280 0.9351
vn -0.2782 -0.2284 0.9330
vn -0.2853 -0.2288 0.9307
vn -0.3588 -0.1430 0.9224
vn -0.1035 -0.3794 0.9194
vn -0.3232 -0.2294 0.9181
vn -0.3311 -0.2293 0.9153
vn -0.3493 -0.2128 0.9125
vn -0.4349 -0.2189 0.8735
vn -0.4047 -0.1613 0.9001
vn -0.4574 -0.1555 0.8756
vn -0.4495 -0.1122 0.8862
vn -0.4966 -0.0963 0.8626
vn -0.5134 -0.0696 0.8553
vn -0.5270 -0.0988 0.8441
vn -0.5770 -0.0212 0.8165
vn -0.4530 -0.1972 0.8694
vn -0.4441 -0.2171 0.8692
vn -0.4534 -0.2152 0.8649
vn -0.4627 -0.2130 0.8605
vn -0.5244 -0.0238 0.8512
vn -0.5284 -0.0448 0.8478
vn -0.3079 -0.2294 0.9234
vn -0.3155 -0.2294 0.9208
vn 0.6030 0.5624 0.5658
vn -0.2853 0.7754 0.5633
vn -0.3453 0.9385 -0.0000
vn 0.2592 0.6579 0.7071
vn 0.1942 0.6800 0.7070
vn 0.2569 0.6588 0.7071
vn 0.1928 0.6803 0.7071
vn 0.1274 0.6955 0.7071
vn 0.1278 0.6955 0.7071
vn 0.0615 0.7044 0.7071
vn 0.0594 0.7046 0.7071
vn 0.7313 0.6821 -0.0000
vn 0.7973 0.2169 0.5633
vn -0.0752 0.8259 0.5588
vn -0.0907 0.9959 -0.0000
vn 0.4113 0.5752 0.7071
vn 0.4029 0.5812 0.7070
vn 0.4087 0.5770 0.7071
vn 0.4018 0.5819 0.7071
vn 0.3945 0.5870 0.7070
vn 0.3949 0.5865 0.7071
vn 0.3879 0.5912 0.7071
vn 0.3859 0.5925 0.7071
vn 0.9649 0.2625 -0.0000
vn 0.8289 -0.0258 0.5588
vn 0.1689 0.8088 0.5633
vn 0.2045 0.9789 -0.0000
vn 0.5684 0.4206 0.7071
vn 0.5624 0.4289 0.7070
vn 0.5670 0.4225 0.7071
vn 0.5619 0.4292 0.7071
vn 0.5569 0.4357 0.7071
vn 0.5562 0.4369 0.7070
vn 0.5517 0.4423 0.7071
vn 0.5497 0.4448 0.7071
vn 0.9995 -0.0311 -0.0000
vn 0.0036 -0.7071 0.7071
vn 0.1458 -0.6919 0.7071
vn 0.2820 -0.6485 0.7071
vn 0.4066 -0.5785 0.7071
vn 0.7061 0.0386 0.7071
vn 0.6961 -0.1244 0.7071
vn 0.6490 -0.2808 0.7071
vn 0.5672 -0.4222 0.7071
vn 0.4553 -0.5411 0.7071
vn 0.3190 -0.6311 0.7071
vn 0.1657 -0.6874 0.7071
vn 0.5147 -0.4848 0.7071
vn 0.6017 -0.3714 0.7071
vn 0.6641 -0.2428 0.7071
vn 0.6994 -0.1042 0.7071
vn 0.7910 -0.2386 0.5633
vn 0.5624 0.6030 0.5658
vn 0.6821 0.7313 -0.0000
vn 0.7046 0.0594 0.7071
vn 0.6928 0.1412 0.7071
vn 0.7044 0.0614 0.7071
vn 0.6928 0.1417 0.7071
vn 0.6719 0.2202 0.7071
vn 0.6720 0.2213 0.7068
vn 0.6423 0.2958 0.7071
vn 0.6413 0.2980 0.7071
vn 0.9574 -0.2887 -0.0000
vn 0.5751 -0.8181 -0.0000
vn 0.5750 -0.8182 -0.0000
vn 0.3990 -0.9170 -0.0000
vn 0.3988 -0.9171 -0.0000
vn 0.2068 -0.9784 -0.0000
vn 0.2061 -0.9785 -0.0000
vn 0.0051 -1.0000 -0.0000
vn 0.1921 -0.9814 -0.0000
vn 0.2344 -0.9722 -0.0000
vn 0.3733 -0.9277 -0.0000
vn 0.4511 -0.8925 -0.0000
vn 0.5433 -0.8396 -0.0000
vn 0.6438 -0.7652 -0.0000
vn 0.6960 -0.7181 -0.0000
vn 0.8022 -0.5971 -0.0000
vn 0.8253 -0.5647 -0.0000
vn 0.9178 -0.3971 -0.0000
vn 0.9242 -0.3818 -0.0000
vn 0.9844 -0.1760 -0.0000
vn 0.9849 -0.1729 -0.0000
vn 0.9985 0.0545 -0.0000
vn 0.9891 -0.1473 0.0001
vn 0.9885 -0.1513 -0.0000
vn 0.9392 -0.3433 0.0002
vn 0.9375 -0.3479 -0.0000
vn 0.8509 -0.5253 0.0002
vn 0.8490 -0.5285 -0.0000
vn 0.8797 -0.4755 -0.0000
vn 0.7298 -0.6837 -0.0000
vn 0.6223 -0.7828 -0.0000
vn 0.5023 -0.8647 -0.0000
vn 0.3722 -0.9282 -0.0000
vn 0.2342 -0.9722 -0.0000
vn 0.0909 -0.9959 -0.0000
vn -0.0541 -0.9985 -0.0000
vn -0.1981 -0.9802 -0.0000
vn -0.3376 -0.9413 -0.0000
vn -0.4697 -0.8828 -0.0000
vn -0.5919 -0.8060 -0.0000
vn -0.7011 -0.7131 -0.0000
vn -0.7956 -0.6058 -0.0000
vn -0.8736 -0.4867 -0.0000
vn -0.9334 -0.3588 -0.0000
vn -0.9749 -0.2228 -0.0000
vn -0.9977 -0.0674 -0.0000
vn -0.9869 0.1616 -0.0000
vn -0.9229 0.3850 -0.0000
vn -0.8126 0.5829 -0.0000
vn -0.7071 0.7071 0.0001
vn -0.6658 0.7461 -0.0000
vn -0.4920 0.8706 -0.0000
vn -0.2989 0.9543 -0.0000
vn -0.0931 0.9957 -0.0000
vn 0.1178 0.9930 -0.0001
vn 0.2579 0.9662 -0.0000
vn 0.3935 0.9193 -0.0000
vn 0.5212 0.8534 -0.0000
vn 0.6388 0.7694 -0.0000
vn 0.7424 0.6699 -0.0001
vn 0.8305 0.5570 -0.0000
vn 0.9011 0.4336 -0.0000
vn 0.9528 0.3036 -0.0000
vn 0.9856 0.1691 -0.0000
vn 0.9994 0.0334 -0.0000
vn 0.9727 -0.2319 -0.0000
vn 0.9971 -0.0765 -0.0000
vn 0.9534 -0.3017 -0.0000
vn 0.8742 -0.4856 -0.0000
vn 0.7556 -0.6550 -0.0000
vn 0.5963 -0.8028 -0.0000
vn 0.3968 -0.9179 -0.0000
vn 0.2844 -0.9587 -0.0000
vn 0.1657 -0.9862 -0.0000
vn 0.0435 -0.9991 -0.0000
vn -0.0809 -0.9967 -0.0000
vn -0.2051 -0.9787 -0.0000
vn -0.3263 -0.9453 -0.0000
vn -0.5483 -0.8363 -0.0000
vn -0.7052 -0.7090 -0.0000
vn -0.8315 -0.5555 -0.0000
vn -0.9259 -0.3777 -0.0000
vn -0.9831 -0.1829 -0.0000
vn -0.9998 0.0212 -0.0000
vn -0.9742 0.2256 -0.0000
vn -0.9068 0.4216 -0.0000
vn -0.7987 0.6017 -0.0000
vn -0.6524 0.7579 -0.0000
vn -0.4714 0.8819 -0.0000
vn -0.2620 0.9651 -0.0000
vn -0.0328 0.9995 -0.0000
vn 0.2052 0.9787 -0.0000
vn 0.3231 0.9464 -0.0000
vn 0.4375 0.8992 -0.0000
vn 0.5463 0.8376 -0.0000
vn 0.6464 0.7630 -0.0000
vn 0.7359 0.6771 -0.0000
vn 0.8075 0.5898 -0.0000
vn 0.9271 0.3747 -0.0000
vn 0.9882 0.1531 -0.0000
vn 0.2734 0.9619 -0.0000
vn 0.1810 0.9835 -0.0000
vn 0.0869 0.9962 -0.0000
vn 0.5779 0.8161 -0.0000
vn 0.5683 0.8228 -0.0000
vn 0.5585 0.8295 -0.0000
vn 0.5486 0.8361 -0.0000
vn 0.9962 0.0869 -0.0000
vn 0.9797 0.2005 -0.0000
vn 0.9503 0.3114 -0.0000
vn 0.9083 0.4183 -0.0000
vn 0.8018 0.5975 -0.0000
vn 0.7947 0.6070 -0.0000
vn 0.7875 0.6163 -0.0000
vn 0.7801 0.6256 -0.0000
vn 0.6938 0.0105 0.7201
vn 0.6954 -0.0000 0.7186
vn 0.6945 0.0021 0.7195
vn 0.6934 -0.0000 0.7205
vn 0.6921 0.0271 0.7213
vn 0.6910 0.0359 0.7219
vn 0.6889 0.0439 0.7235
vn 0.6863 0.0518 0.7255
vn 0.6833 0.0596 0.7277
vn 0.0105 0.6938 0.7201
vn 0.0272 0.6921 0.7213
vn 0.0361 0.6910 0.7219
vn 0.0440 0.6889 0.7236
vn 0.0021 0.6945 0.7195
vn 0.0519 0.6863 0.7255
vn 0.0596 0.6833 0.7277
vn 0.1071 0.4894 0.8654
vn 0.1507 0.4856 0.8611
vn 0.2081 0.3938 0.8953
vn 0.2078 0.4828 0.8507
vn 0.2271 0.3737 0.8993
vn 0.0928 0.5214 0.8483
vn 0.0224 0.5565 0.8305
vn 0.0669 0.5365 0.8413
vn 0.0429 0.5500 0.8341
vn 0.0900 0.5645 0.8205
vn 0.0192 0.6051 0.7959
vn 0.0207 0.5621 0.8268
vn 0.1839 0.5009 0.8457
vn 0.1992 0.5107 0.8364
vn 0.2022 0.5014 0.8412
vn 0.2051 0.4921 0.8460
vn 0.2278 0.3652 0.9026
vn 0.2283 0.3568 0.9059
vn 0.2287 0.3485 0.9090
vn 0.1670 0.2979 0.9399
vn 0.1596 0.3055 0.9387
vn 0.1626 0.3049 0.9384
vn 0.1582 0.3065 0.9386
vn 0.1034 0.3563 0.9286
vn 0.1593 0.3048 0.9390
vn 0.1627 0.3005 0.9398
vn 0.1685 0.2939 0.9409
vn 0.1763 0.2852 0.9421
vn 0.1726 0.2870 0.9422
vn 0.1860 0.2747 0.9434
vn 0.1973 0.2629 0.9444
vn 0.2027 0.2569 0.9450
vn 0.2095 0.2502 0.9452
vn 0.2224 0.2371 0.9457
vn 0.2361 0.2234 0.9457
vn 0.2744 0.1852 0.9436
vn 0.2003 0.2592 0.9448
vn 0.2782 0.1812 0.9433
vn 0.1980 0.2613 0.9447
vn 0.2817 0.1774 0.9430
vn 0.1938 0.2653 0.9445
vn 0.2884 0.1702 0.9423
vn 0.2099 0.2495 0.9454
vn 0.2291 0.2303 0.9458
vn 0.2417 0.2177 0.9456
vn 0.2476 0.2118 0.9454
vn 0.2467 0.2127 0.9455
vn 0.2907 0.1674 0.9421
vn 0.2394 0.2200 0.9457
vn 0.2264 0.2331 0.9457
vn 0.2295 0.2300 0.9457
vn 0.2080 0.2513 0.9453
vn 0.1681 0.2900 0.9421
vn 0.1844 0.2744 0.9438
vn 0.1549 0.3027 0.9404
vn 0.1181 0.3371 0.9340
vn 0.0956 0.3573 0.9291
vn 0.0722 0.3785 0.9228
vn 0.0079 0.4337 0.9010
vn 0.0058 0.4406 0.8977
vn 0.0051 0.4436 0.8962
vn 0.0048 0.4461 0.8950
vn 0.0048 0.4482 0.8939
vn 0.0038 0.4568 0.8895
vn 0.0050 0.4499 0.8931
vn 0.0056 0.4509 0.8925
vn 0.0065 0.4515 0.8922
vn 0.0090 0.4512 0.8924
vn 0.0121 0.4493 0.8933
vn 0.0490 0.4227 0.9049
vn 0.0157 0.4459 0.8950
vn 0.0196 0.4413 0.8971
vn 0.0243 0.4349 0.9002
vn 0.0291 0.4274 0.9036
vn 0.0492 0.4011 0.9147
vn 0.0335 0.4193 0.9072
vn 0.0375 0.4104 0.9111
vn 0.0709 0.3809 0.9219
vn 0.1008 0.3539 0.9299
vn 0.1528 0.3052 0.9400
vn 0.1260 0.3304 0.9354
vn 0.1479 0.3097 0.9393
vn 0.1671 0.2913 0.9419
vn 0.1835 0.2754 0.9437
vn 0.2505 0.2093 0.9452
vn 0.2654 0.1947 0.9443
vn 0.2805 0.1803 0.9428
vn 0.2955 0.1663 0.9407
vn 0.3305 0.1335 0.9343
vn 0.3563 0.1034 0.9286
vn 0.3539 0.1150 0.9282
vn 0.3556 0.1120 0.9279
vn 0.3107 0.1523 0.9382
vn 0.3274 0.1372 0.9349
vn 0.3302 0.1392 0.9336
vn 0.3311 0.1422 0.9328
vn 0.3535 0.1177 0.9280
vn 0.3545 0.1198 0.9273
vn 0.3507 0.1313 0.9272
vn 0.3572 0.1212 0.9261
vn 0.3628 0.1246 0.9235
vn 0.3647 0.1296 0.9221
vn 0.3633 0.1358 0.9217
vn 0.3420 0.1584 0.9262
vn 0.3515 0.1507 0.9240
vn 0.3299 0.1459 0.9327
vn 0.3269 0.1500 0.9331
vn 0.3234 0.1630 0.9321
vn 0.3223 0.1543 0.9340
vn 0.3165 0.1585 0.9353
vn 0.3096 0.1624 0.9369
vn 0.3181 0.1727 0.9322
vn 0.3307 0.1659 0.9290
vn 0.3020 0.1659 0.9388
vn 0.3114 0.1762 0.9338
vn 0.3055 0.1799 0.9350
vn 0.3007 0.1838 0.9359
vn 0.2970 0.1876 0.9363
vn 0.2888 0.1769 0.9409
vn 0.2752 0.2145 0.9371
vn 0.2762 0.1874 0.9426
vn 0.2643 0.1976 0.9440
vn 0.2645 0.2276 0.9372
vn 0.2528 0.2078 0.9449
vn 0.2260 0.2399 0.9441
vn 0.2417 0.2180 0.9455
vn 0.2314 0.2281 0.9458
vn 0.2216 0.2380 0.9456
vn 0.2124 0.2477 0.9453
vn 0.2034 0.2575 0.9446
vn 0.1948 0.2671 0.9438
vn 0.1794 0.2843 0.9418
vn 0.3816 0.0770 0.9211
vn 0.3681 0.0894 0.9255
vn 0.4063 0.0427 0.9127
vn 0.4011 0.0492 0.9147
vn 0.3795 0.0757 0.9221
vn 0.4019 0.0464 0.9145
vn 0.3572 0.0958 0.9291
vn 0.4223 0.0225 0.9062
vn 0.4397 -0.0000 0.8981
vn 0.4505 -0.0000 0.8928
vn 0.0013 0.4791 0.8778
vn 0.0253 0.4599 0.8876
vn 0.2145 0.3136 0.9250
vn 0.1634 0.3549 0.9205
vn 0.0894 0.3909 0.9161
vn 0.0756 0.4019 0.9126
vn 0.0894 0.3681 0.9255
vn 0.0757 0.3795 0.9221
vn 0.1673 0.2919 0.9417
vn 0.1623 0.2966 0.9411
vn 0.2294 0.3239 0.9179
vn 0.2294 0.3161 0.9206
vn 0.2293 0.3085 0.9232
vn 0.2292 0.3010 0.9257
vn 0.1633 0.3292 0.9300
vn 0.2713 0.2280 0.9351
vn 0.2782 0.2284 0.9330
vn 0.2853 0.2288 0.9307
vn 0.3588 0.1430 0.9224
vn 0.1035 0.3794 0.9194
vn 0.3232 0.2294 0.9181
vn 0.3311 0.2293 0.9153
vn 0.3493 0.2128 0.9125
vn 0.4349 0.2189 0.8735
vn 0.4047 0.1613 0.9001
vn 0.4574 0.1555 0.8756
vn 0.4495 0.1122 0.8862
vn 0.4966 0.0963 0.8626
vn 0.5134 0.0696 0.8553
vn 0.5270 0.0988 0.8441
vn 0.5770 0.0212 0.8165
vn 0.4530 0.1972 0.8694
vn 0.4441 0.2171 0.8692
vn 0.4534 0.2152 0.8649
vn 0.4627 0.2130 0.8605
vn 0.6004 -0.0000 0.7997
vn 0.5305 -0.0000 0.8477
vn 0.5244 0.0238 0.8512
vn 0.5284 0.0448 0.8478
vn 0.3079 0.2294 0.9234
vn 0.3155 0.2294 0.9208
vn 0.6030 -0.5624 0.5658
vn -0.2853 -0.7754 0.5633
vn -0.3453 -0.9385 -0.0000
vn 0.2592 -0.6579 0.7071
vn 0.2569 -0.6588 0.7071
vn 0.1942 -0.6800 0.7070
vn 0.1928 -0.6803 0.7071
vn 0.1274 -0.6955 0.7071
vn 0.1278 -0.6955 0.7071
vn 0.0615 -0.7044 0.7071
vn 0.0594 -0.7046 0.7071
vn 0.7313 -0.6821 -0.0000
vn 0.7973 -0.2169 0.5633
vn -0.0752 -0.8259 0.5588
vn -0.0907 -0.9959 -0.0000
vn 0.4113 -0.5752 0.7071
vn 0.4087 -0.5770 0.7071
vn 0.4029 -0.5812 0.7070
vn 0.4018 -0.5819 0.7071
vn 0.3945 -0.5870 0.7070
vn 0.3949 -0.5865 0.7071
vn 0.3879 -0.5912 0.7071
vn 0.3859 -0.5925 0.7071
vn 0.9649 -0.2625 -0.0000
vn 0.8289 0.0258 0.5588
vn 0.1689 -0.8088 0.5633
vn 0.2045 -0.9789 -0.0000
vn 0.5684 -0.4206 0.7071
vn 0.5670 -0.4225 0.7071
vn 0.5624 -0.4289 0.7070
vn 0.5619 -0.4292 0.7071
vn 0.5569 -0.4358 0.7071
vn 0.5562 -0.4369 0.7070
vn 0.5517 -0.4423 0.7071
vn 0.5497 -0.4448 0.7071
vn 0.9995 0.0311 -0.0000
vn 0.0036 0.7071 0.7071
vn 0.1458 0.6919 0.7071
vn 0.2820 0.6485 0.7071
vn 0.4066 0.5785 0.7071
vn 0.7061 -0.0386 0.7071
vn 0.6961 0.1244 0.7071
vn 0.6490 0.2808 0.7071
vn 0.5672 0.4222 0.7071
vn 0.4553 0.5411 0.7071
vn 0.3190 0.6311 0.7071
vn 0.1657 0.6874 0.7071
vn 0.5147 0.4848 0.7071
vn 0.6017 0.3714 0.7071
vn 0.6641 0.2428 0.7071
vn 0.6994 0.1043 0.7071
vn 0.6994 0.1042 0.7071
vn 0.7910 0.2386 0.5633
vn 0.5624 -0.6030 0.5658
vn 0.6821 -0.7313 -0.0000
vn 0.7046 -0.0594 0.7071
vn 0.7044 -0.0614 0.7071
vn 0.6928 -0.1412 0.7071
vn 0.6927 -0.1422 0.7071
vn 0.6719 -0.2202 0.7071
vn 0.6717 -0.2211 0.7071
vn 0.6423 -0.2958 0.7071
vn 0.6413 -0.2980 0.7071
vn 0.9574 0.2887 -0.0000
vn 0.0051 1.0000 -0.0012
vn 0.2061 0.9785 -0.0000
vn 0.0051 1.0000 -0.0000
vn 0.2068 0.9784 -0.0000
vn 0.3988 0.9171 -0.0000
vn 0.3990 0.9170 -0.0000
vn 0.5751 0.8181 -0.0000
vn 0.5750 0.8182 -0.0000
vn 0.9985 -0.0545 -0.0000
vn 0.9849 0.1729 -0.0000
vn 0.9844 0.1759 -0.0000
vn 0.9242 0.3818 -0.0000
vn 0.9178 0.3971 -0.0000
vn 0.8253 0.5647 -0.0000
vn 0.8022 0.5971 -0.0000
vn 0.6960 0.7181 -0.0000
vn 0.6438 0.7652 -0.0000
vn 0.5433 0.8396 -0.0000
vn 0.4511 0.8925 -0.0000
vn 0.3733 0.9277 -0.0000
vn 0.2344 0.9722 -0.0000
vn 0.1921 0.9814 -0.0000
vn 0.7279 0.6857 0.0001
vn 0.8490 0.5285 -0.0000
vn 0.8510 0.5252 -0.0000
vn 0.9393 0.3431 -0.0000
vn 0.9891 0.1473 0.0001
vn 0.9885 0.1514 -0.0000
vn 0.9375 0.3480 -0.0000
vn 0.6223 0.7828 -0.0000
vn 0.7298 0.6837 -0.0000
vn 0.8797 0.4755 -0.0000
vn 0.9994 -0.0334 -0.0000
vn 0.9856 -0.1691 -0.0000
vn 0.9528 -0.3036 -0.0000
vn 0.9011 -0.4336 -0.0000
vn 0.8305 -0.5570 -0.0000
vn 0.7425 -0.6698 0.0001
vn 0.6388 -0.7694 -0.0000
vn 0.5212 -0.8534 -0.0000
vn 0.3935 -0.9193 -0.0000
vn 0.2579 -0.9662 -0.0000
vn 0.1178 -0.9930 -0.0001
vn -0.0931 -0.9957 -0.0000
vn -0.2989 -0.9543 -0.0000
vn -0.4920 -0.8706 -0.0000
vn -0.6658 -0.7461 -0.0000
vn -0.7071 -0.7071 0.0001
vn -0.8126 -0.5828 -0.0000
vn -0.9229 -0.3850 -0.0000
vn -0.9869 -0.1616 -0.0000
vn -0.9977 0.0674 -0.0000
vn -0.9749 0.2228 -0.0000
vn -0.9334 0.3588 -0.0000
vn -0.8736 0.4867 -0.0000
vn -0.7956 0.6059 -0.0001
vn -0.7011 0.7130 -0.0000
vn -0.5918 0.8061 -0.0000
vn -0.4697 0.8828 -0.0000
vn -0.3376 0.9413 -0.0000
vn -0.1981 0.9802 -0.0000
vn -0.0541 0.9985 -0.0000
vn 0.0909 0.9959 -0.0000
vn 0.2342 0.9722 -0.0000
vn 0.3722 0.9282 -0.0000
vn 0.5023 0.8647 -0.0000
vn 0.8742 0.4856 -0.0000
vn 0.9534 0.3017 -0.0000
vn 0.9971 0.0765 -0.0000
vn 0.9882 -0.1531 -0.0000
vn 0.9271 -0.3747 -0.0000
vn 0.8075 -0.5898 -0.0000
vn 0.7359 -0.6771 -0.0000
vn 0.6464 -0.7630 -0.0000
vn 0.5463 -0.8376 -0.0000
vn 0.4375 -0.8992 -0.0000
vn 0.3231 -0.9464 -0.0000
vn 0.2052 -0.9787 -0.0000
vn -0.0328 -0.9995 -0.0000
vn -0.2620 -0.9651 -0.0000
vn -0.4714 -0.8819 -0.0000
vn -0.6524 -0.7579 -0.0000
vn -0.7987 -0.6017 -0.0000
vn -0.9068 -0.4216 -0.0000
vn -0.9742 -0.2256 -0.0000
vn -0.9998 -0.0212 -0.0000
vn -0.9831 0.1829 -0.0000
vn -0.9259 0.3777 -0.0000
vn -0.8315 0.5555 0.0001
vn -0.7052 0.7090 -0.0000
vn -0.5483 0.8363 -0.0000
vn -0.3263 0.9453 -0.0000
vn -0.2051 0.9787 -0.0000
vn -0.0809 0.9967 -0.0000
vn 0.0435 0.9991 -0.0000
vn 0.1657 0.9862 -0.0000
vn 0.2844 0.9587 -0.0000
vn 0.3968 0.9179 -0.0000
vn 0.5963 0.8028 -0.0000
vn 0.7556 0.6550 -0.0000
vn -0.1893 -0.9819 -0.0000
vn 0.1893 -0.9819 -0.0000
vn 0.1892 -0.9819 -0.0000
vn 0.3717 -0.9284 -0.0000
vn 0.5406 -0.8413 -0.0000
vn 0.6901 -0.7237 -0.0000
vn 0.8146 -0.5801 -0.0000
vn 0.9096 -0.4154 -0.0000
vn 0.9718 -0.2358 -0.0000
vn 0.9989 -0.0476 -0.0000
vn 0.9898 0.1423 -0.0000
vn 0.9450 0.3271 -0.0000
vn 0.7557 0.6549 -0.0000
vn 0.7558 0.6549 -0.0000
vn 0.6182 0.7861 -0.0000
vn 0.4582 0.8888 -0.0000
vn 0.2817 0.9595 -0.0000
vn 0.0951 0.9955 -0.0000
vn -0.0951 0.9955 -0.0000
vn -0.2817 0.9595 -0.0000
vn -0.4582 0.8888 -0.0000
vn -0.6182 0.7861 -0.0000
vn -0.7558 0.6549 -0.0000
vn -0.7557 0.6549 -0.0000
vn -0.9450 0.3271 -0.0000
vn -0.9898 0.1423 -0.0000
vn -0.9989 -0.0476 -0.0000
vn -0.9718 -0.2358 -0.0000
vn -0.9096 -0.4154 -0.0000
vn -0.8146 -0.5801 -0.0000
vn -0.6901 -0.7237 -0.0000
vn -0.5406 -0.8413 -0.0000
vn -0.3717 -0.9284 -0.0000
vn -0.1892 -0.9819 -0.0000
vn 0.3634 -0.9316 -0.0000
vn 0.2734 -0.9619 -0.0000
vn 0.1810 -0.9835 -0.0000
vn 0.0869 -0.9962 -0.0000
vn 0.5779 -0.8161 -0.0000
vn 0.5683 -0.8228 -0.0000
vn 0.5585 -0.8295 -0.0000
vn 0.5486 -0.8361 -0.0000
vn 0.9962 -0.0869 -0.0000
vn 0.9797 -0.2005 -0.0000
vn 0.9503 -0.3114 -0.0000
vn 0.9083 -0.4183 -0.0000
vn 0.8019 -0.5975 -0.0000
vn 0.8018 -0.5975 -0.0000
vn 0.7947 -0.6070 -0.0000
vn 0.7875 -0.6163 -0.0000
vn 0.7801 -0.6256 -0.0000
vn 0.6938 -0.0105 0.7201
vn 0.6921 -0.0271 0.7213
vn 0.6910 -0.0359 0.7219
vn 0.6889 -0.0439 0.7235
vn 0.6945 -0.0021 0.7195
vn 0.6863 -0.0518 0.7255
vn 0.6833 -0.0596 0.7277
vn 0.0106 -0.6938 0.7201
vn 0.0021 -0.6946 0.7194
vn 0.0272 -0.6921 0.7213
vn 0.0361 -0.6910 0.7219
vn 0.0440 -0.6889 0.7236
vn 0.0519 -0.6863 0.7255
vn 0.0596 -0.6833 0.7277
vn 0.1072 -0.4894 0.8654
vn 0.0430 -0.5500 0.8341
vn 0.0224 -0.5565 0.8305
vn 0.0207 -0.5621 0.8268
vn 0.0192 -0.6051 0.7959
vn 0.0669 -0.5365 0.8413
vn 0.0928 -0.5214 0.8482
vn 0.1507 -0.4856 0.8611
vn 0.0900 -0.5645 0.8205
vn 0.1839 -0.5009 0.8457
vn 0.2078 -0.4828 0.8507
vn 0.2051 -0.4921 0.8460
vn 0.2081 -0.3938 0.8953
vn 0.2287 -0.3485 0.9090
vn 0.2283 -0.3568 0.9059
vn 0.2278 -0.3652 0.9026
vn 0.2271 -0.3737 0.8993
vn 0.2022 -0.5014 0.8412
vn 0.1991 -0.5107 0.8364
vn 0.1582 -0.3065 0.9386
vn 0.1596 -0.3055 0.9387
vn 0.1626 -0.3049 0.9384
vn 0.1670 -0.2979 0.9399
vn 0.1794 -0.2843 0.9418
vn 0.2260 -0.2399 0.9441
vn 0.1948 -0.2671 0.9438
vn 0.2034 -0.2575 0.9446
vn 0.2124 -0.2477 0.9453
vn 0.2216 -0.2380 0.9456
vn 0.2313 -0.2281 0.9458
vn 0.2417 -0.2180 0.9455
vn 0.2528 -0.2078 0.9449
vn 0.2643 -0.1976 0.9440
vn 0.2762 -0.1874 0.9426
vn 0.2752 -0.2145 0.9371
vn 0.2645 -0.2276 0.9371
vn 0.2888 -0.1769 0.9409
vn 0.2970 -0.1876 0.9363
vn 0.3020 -0.1659 0.9388
vn 0.3007 -0.1837 0.9359
vn 0.3055 -0.1800 0.9350
vn 0.3232 -0.1628 0.9322
vn 0.3114 -0.1762 0.9338
vn 0.3181 -0.1727 0.9322
vn 0.3307 -0.1659 0.9290
vn 0.3420 -0.1584 0.9262
vn 0.3507 -0.1313 0.9272
vn 0.3633 -0.1359 0.9217
vn 0.3647 -0.1296 0.9221
vn 0.3628 -0.1246 0.9235
vn 0.3572 -0.1212 0.9261
vn 0.3545 -0.1198 0.9273
vn 0.3311 -0.1422 0.9328
vn 0.3535 -0.1177 0.9280
vn 0.3302 -0.1392 0.9336
vn 0.3539 -0.1150 0.9282
vn 0.3305 -0.1335 0.9343
vn 0.3563 -0.1034 0.9286
vn 0.2744 -0.1852 0.9436
vn 0.3681 -0.0894 0.9255
vn 0.2782 -0.1812 0.9433
vn 0.3795 -0.0757 0.9221
vn 0.2818 -0.1773 0.9430
vn 0.4011 -0.0492 0.9147
vn 0.2884 -0.1702 0.9423
vn 0.4063 -0.0427 0.9127
vn 0.3572 -0.0958 0.9291
vn 0.4019 -0.0465 0.9145
vn 0.4223 -0.0225 0.9062
vn 0.3096 -0.1624 0.9369
vn 0.3165 -0.1584 0.9353
vn 0.3223 -0.1543 0.9340
vn 0.3269 -0.1500 0.9331
vn 0.3299 -0.1459 0.9327
vn 0.3274 -0.1372 0.9349
vn 0.3107 -0.1523 0.9382
vn 0.2955 -0.1663 0.9407
vn 0.2805 -0.1804 0.9428
vn 0.2655 -0.1947 0.9443
vn 0.2505 -0.2093 0.9452
vn 0.2361 -0.2234 0.9457
vn 0.2027 -0.2569 0.9450
vn 0.2224 -0.2371 0.9457
vn 0.2095 -0.2502 0.9453
vn 0.1973 -0.2628 0.9444
vn 0.1727 -0.2870 0.9422
vn 0.2003 -0.2591 0.9448
vn 0.1673 -0.2919 0.9417
vn 0.1980 -0.2613 0.9447
vn 0.1623 -0.2966 0.9411
vn 0.1938 -0.2653 0.9445
vn 0.1528 -0.3052 0.9400
vn 0.1671 -0.2913 0.9419
vn 0.1479 -0.3097 0.9393
vn 0.1260 -0.3304 0.9354
vn 0.1008 -0.3539 0.9299
vn 0.0492 -0.4011 0.9147
vn 0.0710 -0.3809 0.9219
vn 0.0375 -0.4104 0.9111
vn 0.0335 -0.4193 0.9072
vn 0.0490 -0.4227 0.9049
vn 0.0291 -0.4274 0.9036
vn 0.0243 -0.4349 0.9002
vn 0.0196 -0.4413 0.8971
vn 0.0157 -0.4459 0.8950
vn 0.0121 -0.4492 0.8933
vn 0.0253 -0.4598 0.8876
vn 0.0090 -0.4512 0.8924
vn 0.0065 -0.4515 0.8922
vn 0.0056 -0.4510 0.8925
vn 0.0050 -0.4499 0.8931
vn 0.0048 -0.4482 0.8939
vn 0.0048 -0.4462 0.8949
vn 0.0051 -0.4436 0.8962
vn 0.0058 -0.4406 0.8977
vn 0.0079 -0.4337 0.9010
vn 0.0722 -0.3785 0.9228
vn 0.0956 -0.3573 0.9291
vn 0.1181 -0.3371 0.9340
vn 0.1681 -0.2900 0.9421
vn 0.1549 -0.3027 0.9404
vn 0.1844 -0.2744 0.9438
vn 0.2295 -0.2300 0.9457
vn 0.2080 -0.2513 0.9453
vn 0.2264 -0.2331 0.9457
vn 0.2906 -0.1674 0.9421
vn 0.2394 -0.2200 0.9457
vn 0.2467 -0.2127 0.9455
vn 0.2476 -0.2118 0.9454
vn 0.2417 -0.2177 0.9456
vn 0.2291 -0.2303 0.9458
vn 0.2099 -0.2495 0.9454
vn 0.1835 -0.2754 0.9437
vn 0.1860 -0.2748 0.9434
vn 0.1763 -0.2852 0.9421
vn 0.1034 -0.3563 0.9286
vn 0.1685 -0.2939 0.9409
vn 0.1627 -0.3005 0.9398
vn 0.1593 -0.3048 0.9390
vn 0.3816 -0.0770 0.9211
vn 0.3556 -0.1120 0.9279
vn 0.3588 -0.1430 0.9224
vn 0.3515 -0.1507 0.9240
vn 0.2853 -0.2288 0.9307
vn 0.2782 -0.2284 0.9330
vn 0.2713 -0.2280 0.9351
vn 0.1633 -0.3291 0.9301
vn 0.2292 -0.3010 0.9257
vn 0.1634 -0.3549 0.9205
vn 0.2145 -0.3136 0.9250
vn 0.2293 -0.3085 0.9232
vn 0.2294 -0.3161 0.9206
vn 0.2294 -0.3239 0.9179
vn 0.0756 -0.4019 0.9126
vn 0.0757 -0.3795 0.9221
vn 0.0894 -0.3909 0.9161
vn 0.1035 -0.3794 0.9194
vn 0.0894 -0.3682 0.9255
vn 0.3311 -0.2293 0.9153
vn 0.4574 -0.1555 0.8756
vn 0.4349 -0.2189 0.8734
vn 0.4530 -0.1972 0.8694
vn 0.4441 -0.2171 0.8692
vn 0.4534 -0.2152 0.8649
vn 0.4627 -0.2130 0.8605
vn 0.3232 -0.2294 0.9181
vn 0.3493 -0.2128 0.9125
vn 0.4047 -0.1613 0.9001
vn 0.4495 -0.1122 0.8862
vn 0.4967 -0.0963 0.8626
vn 0.5244 -0.0238 0.8512
vn 0.5134 -0.0696 0.8553
vn 0.5284 -0.0448 0.8478
vn 0.5270 -0.0988 0.8441
vn 0.5770 -0.0212 0.8165
vn 0.3155 -0.2294 0.9208
vn 0.3078 -0.2294 0.9234
vn -0.0000 0.1951 -0.9808
vn -0.0000 -0.1951 -0.9808
vn -0.0000 -0.3827 -0.9239
vn -0.0000 -0.5556 -0.8315
vn -0.0000 -0.7071 -0.7071
vn -0.0000 -0.8315 -0.5556
vn -0.0000 -0.9239 -0.3827
vn -0.0000 -0.9808 -0.1951
vn -0.0000 -0.9808 0.1951
vn -0.0000 -0.9239 0.3827
vn -0.0000 -0.8315 0.5556
vn -0.0000 -0.5556 0.8315
vn -0.0000 -0.3827 0.9239
vn -0.0000 -0.1951 0.9808
vn -0.0000 0.1951 0.9808
vn -0.0000 0.3827 0.9239
vn -0.0000 0.5556 0.8315
vn -0.0000 0.8315 0.5556
vn -0.0000 0.9239 0.3827
vn -0.0000 0.9808 0.1951
vn -0.0000 0.9808 -0.1951
vn -0.0000 0.9239 -0.3827
vn -0.0000 0.8315 -0.5556
vn -0.0000 0.7071 -0.7071
vn -0.0000 0.5556 -0.8315
vn -0.0000 0.3827 -0.9239
vn -0.0000 0.9659 0.2588
vn -0.0000 0.9659 -0.2588
vn -0.0000 0.8660 -0.5000
vn -0.0000 0.5000 -0.8660
vn -0.0000 0.2588 -0.9659
vn -0.0000 -0.2588 -0.9659
vn -0.0000 -0.5000 -0.8660
vn -0.0000 -0.8660 -0.5000
vn -0.0000 -0.9659 -0.2588
vn -0.0000 -0.9659 0.2588
vn -0.0000 -0.8660 0.5000
vn -0.0000 -0.5000 0.8660
vn -0.0000 -0.2588 0.9659
vn -0.0000 0.2588 0.9659
vn -0.0000 0.5000 0.8660
vn -0.0000 0.8660 0.5000
vn 0.7071 0.7001 -0.0991
vn 0.7071 0.6793 -0.1963
vn 0.7071 0.6451 -0.2896
vn 0.7071 0.5981 -0.3771
vn 0.7071 -0.0000 -0.7071
vn 0.7071 0.1764 -0.6848
vn 0.7071 0.3416 -0.6191
vn 0.7071 0.4852 -0.5144
vn 0.7071 -0.5981 -0.3771
vn 0.7071 -0.4852 -0.5144
vn 0.7071 -0.3416 -0.6191
vn 0.7071 -0.1764 -0.6848
vn 0.7071 -0.6451 -0.2896
vn 0.7071 -0.6793 -0.1963
vn 0.7071 -0.7001 -0.0991
vn -0.0000 0.8459 -0.5333
vn -0.0000 0.9123 -0.4095
vn -0.0000 0.9607 -0.2776
vn -0.0000 0.9901 -0.1402
vn -0.0000 0.2494 -0.9684
vn -0.0000 0.4830 -0.8756
vn -0.0000 0.6862 -0.7275
vn -0.0000 0.6862 -0.7274
vn -0.0000 -0.8459 -0.5333
vn -0.0000 -0.6862 -0.7274
vn -0.0000 -0.6862 -0.7275
vn -0.0000 -0.4830 -0.8756
vn -0.0000 -0.2494 -0.9684
vn -0.0000 -0.9901 -0.1402
vn -0.0000 -0.9607 -0.2776
vn -0.0000 -0.9123 -0.4095
vn -0.7071 -0.5981 -0.3771
vn -0.7071 -0.6451 -0.2896
vn -0.7071 -0.6793 -0.1963
vn -0.7071 -0.7001 -0.0991
vn -0.7071 -0.0000 -0.7071
vn -0.7071 -0.1764 -0.6848
vn -0.7071 -0.3416 -0.6191
vn -0.7071 -0.4852 -0.5144
vn -0.7071 0.5981 -0.3771
vn -0.7071 0.4852 -0.5144
vn -0.7071 0.3416 -0.6191
vn -0.7071 0.1764 -0.6848
vn -0.7071 0.7001 -0.0991
vn -0.7071 0.6793 -0.1963
vn -0.7071 0.6451 -0.2896
vt 0.000032 2.371633
vt 0.000000 2.299285
vt 0.070082 2.280056
vt 0.017005 2.190372
vt 0.070082 2.137944
vt 0.000000 2.081453
vt 0.070082 1.995908
vt 0.000024 2.016433
vt 0.000029 1.951392
vt 0.070082 1.853871
vt 0.000000 1.886317
vt 0.000000 1.821272
vt 0.070082 1.757956
vt 0.000010 1.691181
vt 0.070082 1.543151
vt 0.000005 1.561091
vt 0.000003 1.430998
vt 0.000016 1.300908
vt 0.070082 1.332635
vt 0.070082 1.437893
vt 0.140165 1.548877
vt 0.140165 1.681814
vt 0.070082 1.246343
vt 0.000004 1.170817
vt 0.070082 1.160050
vt 0.070082 1.073757
vt 0.140165 1.150037
vt 0.140165 1.083566
vt 0.140165 1.017082
vt 0.070082 0.987464
vt 0.140165 0.950564
vt 0.070082 0.919058
vt 0.140165 0.884148
vt 0.070082 0.850652
vt 0.140165 0.817682
vt 0.070082 0.782246
vt 0.140165 0.784466
vt 0.140165 0.751202
vt 0.070082 0.713840
vt 0.140165 0.704279
vt 0.070082 0.645434
vt 0.140165 0.657373
vt 0.140165 0.610373
vt 0.070082 0.577028
vt 0.140165 0.563404
vt 0.070082 0.508622
vt 0.140165 0.516454
vt 0.140165 0.469507
vt 0.070082 0.440216
vt 0.140165 0.375613
vt 0.070082 0.330162
vt 0.140165 0.281728
vt 0.070082 0.220108
vt 0.140165 0.187802
vt 0.070082 0.110054
vt 0.140165 0.093912
vt 0.140165 0.000000
vt 0.000000 0.000000
vt 0.000034 0.130088
vt 0.000019 0.260192
vt 0.000004 0.390275
vt 0.000003 0.455323
vt 0.000004 0.520364
vt 0.000001 0.585409
vt 0.000115 0.650502
vt 0.000011 0.715506
vt 0.000115 0.780627
vt 0.000076 0.845615
vt 0.000020 0.910619
vt 0.000056 0.975659
vt 0.000000 1.040727
vt 0.140165 1.282977
vt 0.140165 1.415930
vt 0.140165 1.814768
vt 0.140165 1.947670
vt 0.140165 2.014134
vt 0.140158 2.080531
vt 0.140152 2.146642
vt 0.140165 2.213605
vt 0.140165 2.280135
vt 0.140165 2.346568
vt 0.140165 2.413098
vt 0.070082 2.422017
vt 0.000015 2.444032
vt 0.070082 2.536096
vt 0.000000 2.516428
vt 0.000001 2.588809
vt 0.070082 2.650175
vt 0.000003 2.733573
vt 0.070082 2.764254
vt 0.000000 2.878334
vt 0.140165 2.878334
vt 0.140165 2.745390
vt 0.140165 2.612442
vt 0.140165 2.479497
vt -0.059566 -0.604780
vt 1.498000 -0.135648
vt 1.487868 0.000003
vt 1.498000 0.135648
vt -0.235973 -1.186319
vt 1.237844 -1.530722
vt 1.422044 -0.843278
vt -0.522444 -1.722268
vt 0.873212 -2.293932
vt 0.949809 -2.181525
vt -0.907969 -2.192031
vt 0.394566 -2.991322
vt 0.814160 -2.416475
vt -0.108678 -3.494566
vt -1.377732 -2.577556
vt -0.683525 -3.914160
vt -0.806064 -3.973209
vt -1.913681 -2.864027
vt -0.918475 -4.049809
vt -1.569278 -4.337844
vt -2.495220 -3.040434
vt -2.256722 -4.522044
vt -2.964352 -4.598000
vt -3.100000 -3.100000
vt -3.099997 -4.587868
vt -3.235648 -4.598000
vt -3.704780 -3.040434
vt -3.943278 -4.522044
vt -4.630722 -4.337844
vt -4.286319 -2.864027
vt -5.281525 -4.049809
vt -5.393932 -3.973212
vt -4.822268 -2.577556
vt -5.516475 -3.914160
vt -6.091322 -3.494566
vt -5.292031 -2.192031
vt -6.594566 -2.991322
vt -5.677556 -1.722268
vt -7.014160 -2.416475
vt -7.073209 -2.293936
vt -5.964027 -1.186319
vt -7.149809 -2.181525
vt -7.437844 -1.530722
vt -6.140434 -0.604780
vt -7.622044 -0.843278
vt -7.698000 -0.135648
vt -6.200000 0.000000
vt -7.687868 -0.000003
vt -7.698000 0.135648
vt -6.140434 0.604780
vt -7.622044 0.843278
vt -7.437844 1.530722
vt -5.964027 1.186319
vt -7.149809 2.181525
vt -7.073212 2.293932
vt -5.677556 1.722268
vt -7.014160 2.416475
vt -6.594566 2.991322
vt -5.292031 2.192031
vt -6.091322 3.494566
vt -4.822268 2.577556
vt -5.516475 3.914160
vt -5.393936 3.973209
vt -4.286319 2.864027
vt -5.281525 4.049809
vt -4.630722 4.337844
vt -3.704780 3.040434
vt -3.943278 4.522044
vt -3.235648 4.598000
vt -3.100000 3.100000
vt -3.100003 4.587868
vt -2.964352 4.598000
vt -2.495220 3.040434
vt -2.256722 4.522044
vt -1.569278 4.337844
vt -1.913681 2.864027
vt -0.918475 4.049809
vt -0.806068 3.973212
vt -1.377732 2.577556
vt -0.683525 3.914160
vt -0.108678 3.494566
vt -0.907969 2.192031
vt 0.394566 2.991322
vt -0.522444 1.722268
vt 0.814160 2.416475
vt 0.873209 2.293936
vt -0.235973 1.186319
vt 0.949809 2.181525
vt 1.237844 1.530722
vt -0.059566 0.604780
vt 1.422044 0.843278
vt 0.425000 0.549779
vt 0.425000 0.641408
vt 0.423472 0.587423
vt 0.418999 0.624865
vt 0.401874 0.698025
vt 0.425000 0.733038
vt 0.375378 0.767059
vt 0.425000 0.824668
vt 0.342292 0.831085
vt 0.305531 0.889014
vt 0.425000 0.916298
vt 0.266422 0.942312
vt 0.425000 1.007928
vt 0.180002 1.043920
vt 0.425000 1.099557
vt 0.089762 1.138349
vt 0.089762 -1.060766
vt 0.425000 -1.099557
vt 0.425000 -1.007928
vt 0.003586 -0.974310
vt 0.425000 -0.916298
vt -0.082076 -0.886372
vt 0.425000 -0.824668
vt -0.160690 -0.797222
vt 0.425000 -0.733038
vt -0.223011 -0.709832
vt -0.247129 -0.664742
vt 0.425000 -0.641408
vt -0.264294 -0.620021
vt -0.273351 -0.577129
vt 0.425000 -0.549779
vt -0.274538 -0.535334
vt -0.267880 -0.492767
vt 0.425000 -0.458149
vt -0.253135 -0.448428
vt -0.230841 -0.403179
vt 0.425000 -0.366519
vt -0.203411 -0.359279
vt 0.425000 -0.274889
vt -0.134638 -0.271256
vt 0.425000 -0.183260
vt -0.052415 -0.182123
vt 0.033263 -0.095534
vt 0.425000 -0.091630
vt 0.094748 -0.033711
vt 0.425000 0.000000
vt 0.158566 0.032480
vt 0.425000 0.091630
vt 0.221489 0.102420
vt 0.280490 0.175700
vt 0.425000 0.183260
vt 0.333769 0.254105
vt 0.425000 0.274889
vt 0.358453 0.297724
vt 0.380590 0.344150
vt 0.425000 0.366519
vt 0.399138 0.393104
vt 0.413173 0.444229
vt 0.425000 0.458149
vt 0.422004 0.496695
vt 0.000000 0.350000
vt -0.090587 0.338074
vt 0.090587 0.338074
vt 0.175000 0.303109
vt -0.175000 0.303109
vt 0.247487 0.247487
vt -0.247487 0.247487
vt 0.303109 0.175000
vt -0.303109 0.175000
vt 0.338074 0.090587
vt -0.338074 0.090587
vt 0.350000 -0.000000
vt -0.350000 0.000000
vt 0.338074 -0.090587
vt -0.338074 -0.090587
vt 0.303109 -0.175000
vt -0.303109 -0.175000
vt 0.247487 -0.247487
vt -0.247487 -0.247487
vt 0.175000 -0.303109
vt -0.175000 -0.303109
vt 0.090587 -0.338074
vt -0.090587 -0.338074
vt -0.000000 -0.350000
vt 0.049989 5.729489
vt 0.636396 6.043826
vt -0.087347 5.743379
vt -0.636396 6.219386
vt -0.240886 5.730140
vt -0.394260 5.680860
vt -0.465393 5.640910
vt -0.530213 5.589751
vt -0.589575 5.522097
vt -0.636396 5.437288
vt 0.188211 5.690250
vt 0.315272 5.625557
vt 0.372107 5.583424
vt 0.425125 5.531925
vt 0.636396 5.288348
vt 0.470279 5.471424
vt 0.503465 5.403073
vt 0.521616 5.329618
vt 0.522336 5.254327
vt 0.505968 5.180536
vt 0.474105 5.111658
vt 0.636396 4.532869
vt 0.429914 5.050367
vt 0.377515 4.997881
vt 0.260077 4.918892
vt 0.126542 4.865519
vt -0.012831 4.837875
vt -0.148452 4.834828
vt -0.636396 4.357310
vt 0.636396 3.777391
vt -0.636396 3.575212
vt 0.636396 3.021913
vt 0.049989 3.085315
vt 0.188211 3.046076
vt -0.288349 4.857433
vt -0.423758 4.910750
vt -0.485795 4.950058
vt -0.542815 4.999211
vt -0.595044 5.062437
vt -0.636396 5.139408
vt -0.636396 2.793114
vt -0.589575 2.877923
vt -0.530213 2.945577
vt -0.465393 2.996736
vt -0.394260 3.036687
vt -0.240886 3.085966
vt -0.087347 3.099206
vt 0.315272 2.981383
vt 0.372107 2.939250
vt 0.425125 2.887752
vt 0.470279 2.827250
vt 0.503465 2.758899
vt 0.521616 2.685444
vt 0.522336 2.610154
vt 0.636396 2.266435
vt 0.505968 2.536362
vt 0.474105 2.467484
vt 0.429914 2.406194
vt 0.377515 2.353707
vt 0.260077 2.274718
vt 0.126542 2.221345
vt 0.636396 1.510956
vt -0.012831 2.193701
vt -0.636396 1.713136
vt -0.148452 2.190654
vt -0.288349 2.213259
vt -0.423758 2.266576
vt -0.485795 2.305884
vt -0.542815 2.355037
vt -0.595044 2.418263
vt -0.636396 2.495234
vt -0.636396 0.931038
vt 0.636396 0.755478
vt -0.087347 0.455032
vt 0.049989 0.441141
vt -0.636396 0.148940
vt -0.589575 0.233749
vt -0.530213 0.301403
vt -0.465393 0.352562
vt -0.394260 0.392513
vt -0.240886 0.441792
vt 0.188211 0.401902
vt 0.315272 0.337209
vt 0.372107 0.295076
vt 0.425125 0.243578
vt 0.636396 -0.000000
vt 0.470279 0.183076
vt 0.503465 0.114725
vt 0.521616 0.041270
vt 0.522336 -0.034020
vt 0.505968 -0.107811
vt 0.474105 -0.176689
vt 0.636396 -0.755478
vt 0.429914 -0.237980
vt 0.377515 -0.290467
vt 0.260077 -0.369456
vt 0.126542 -0.422828
vt -0.012831 -0.450472
vt -0.148452 -0.453520
vt -0.636396 -0.931038
vt 0.636396 -1.510956
vt -0.636396 -1.713136
vt 0.636396 -2.266435
vt 0.049989 -2.203032
vt 0.188211 -2.242272
vt -0.288349 -0.430915
vt -0.423758 -0.377598
vt -0.485795 -0.338290
vt -0.542815 -0.289137
vt -0.595044 -0.225911
vt -0.636396 -0.148940
vt -0.636396 -2.495234
vt -0.589575 -2.410425
vt -0.530213 -2.342770
vt -0.465393 -2.291611
vt -0.394260 -2.251661
vt -0.240886 -2.202382
vt -0.087347 -2.189142
vt 0.315272 -2.306965
vt 0.372107 -2.349098
vt 0.425125 -2.400596
vt 0.470279 -2.461097
vt 0.503465 -2.529449
vt 0.521616 -2.602903
vt 0.522336 -2.678194
vt 0.636396 -3.021913
vt 0.505968 -2.751985
vt 0.474105 -2.820863
vt 0.429914 -2.882154
vt 0.377515 -2.934641
vt 0.260077 -3.013630
vt 0.126542 -3.067002
vt 0.636396 -3.777391
vt -0.012831 -3.094646
vt -0.636396 -3.575212
vt -0.148452 -3.097694
vt -0.288349 -3.075088
vt -0.423758 -3.021772
vt -0.485795 -2.982463
vt -0.542815 -2.933310
vt -0.595044 -2.870085
vt -0.636396 -2.793114
vt -0.636396 -4.357310
vt 0.636396 -4.532869
vt -0.087347 -4.833316
vt 0.049989 -4.847206
vt -0.636396 -5.139408
vt -0.589575 -5.054599
vt -0.530213 -4.986944
vt -0.465393 -4.935785
vt -0.394260 -4.895835
vt -0.240886 -4.846555
vt 0.188211 -4.886446
vt 0.315272 -4.951138
vt 0.372107 -4.993271
vt 0.425125 -5.044770
vt 0.636396 -5.288348
vt 0.470279 -5.105271
vt 0.503465 -5.173623
vt 0.521616 -5.247077
vt 0.522336 -5.322368
vt 0.505968 -5.396159
vt 0.474105 -5.465037
vt 0.636396 -6.043826
vt 0.429914 -5.526328
vt 0.377515 -5.578814
vt 0.260077 -5.657804
vt 0.126542 -5.711176
vt -0.012831 -5.738820
vt -0.148452 -5.741868
vt -0.636396 -6.219386
vt 0.636396 -6.799304
vt -0.636396 -7.001483
vt 0.636396 -7.554782
vt 0.049989 -7.491380
vt 0.188211 -7.530620
vt -0.288349 -5.719262
vt -0.423758 -5.665946
vt -0.485795 -5.626637
vt -0.542815 -5.577484
vt -0.595044 -5.514259
vt -0.636396 -5.437288
vt -0.636396 -7.783581
vt -0.589575 -7.698773
vt -0.530213 -7.631118
vt -0.465393 -7.579959
vt -0.394260 -7.540009
vt -0.240886 -7.490729
vt -0.087347 -7.477490
vt 0.315272 -7.595312
vt 0.372107 -7.637445
vt 0.425125 -7.688944
vt 0.470279 -7.749445
vt 0.503465 -7.817796
vt 0.521616 -7.891251
vt 0.522336 -7.966542
vt 0.636396 -8.310261
vt 0.505968 -8.040333
vt 0.474105 -8.109211
vt 0.429914 -8.170502
vt 0.377515 -8.222988
vt 0.260077 -8.301977
vt 0.126542 -8.355350
vt 0.636396 -9.065739
vt -0.012831 -8.382994
vt -0.636396 -8.863559
vt -0.148452 -8.386042
vt -0.288349 -8.363436
vt -0.423758 -8.310119
vt -0.485795 -8.270811
vt -0.542815 -8.221658
vt -0.595044 -8.158433
vt -0.636396 -8.081461
vt -0.636396 -9.645657
vt 0.636396 -9.821217
vt -0.087347 -10.121664
vt 0.049989 -10.135554
vt -0.636396 -10.427755
vt -0.589575 -10.342946
vt -0.530213 -10.275292
vt -0.465393 -10.224133
vt -0.394260 -10.184183
vt -0.240886 -10.134903
vt 0.188211 -10.174793
vt 0.315272 -10.239486
vt 0.372107 -10.281619
vt 0.425125 -10.333118
vt 0.636396 -10.576695
vt 0.470279 -10.393619
vt 0.503465 -10.461970
vt 0.521616 -10.535425
vt 0.522336 -10.610716
vt 0.505968 -10.684507
vt 0.474105 -10.753385
vt 0.636396 -11.332173
vt 0.429914 -10.814676
vt 0.377515 -10.867162
vt 0.260077 -10.946151
vt 0.126542 -10.999524
vt -0.012831 -11.027168
vt -0.148452 -11.030215
vt -0.636396 -11.507733
vt 0.636396 -12.087652
vt -0.636396 -12.289831
vt 0.636396 -12.843130
vt 0.049989 -12.779728
vt 0.188211 -12.818967
vt -0.288349 -11.007610
vt -0.423758 -10.954293
vt -0.485795 -10.914985
vt -0.542815 -10.865832
vt -0.595044 -10.802606
vt -0.636396 -10.725635
vt -0.636396 -13.071929
vt -0.589575 -12.987120
vt -0.530213 -12.919466
vt -0.465393 -12.868307
vt -0.394260 -12.828356
vt -0.240886 -12.779077
vt -0.087347 -12.765837
vt 0.315272 -12.883660
vt 0.372107 -12.925793
vt 0.425125 -12.977291
vt 0.470279 -13.037793
vt 0.503465 -13.106144
vt 0.521616 -13.179599
vt 0.522336 -13.254889
vt 0.636396 -13.598608
vt 0.505968 -13.328680
vt 0.474105 -13.397559
vt 0.429914 -13.458849
vt 0.377515 -13.511336
vt 0.260077 -13.590325
vt 0.126542 -13.643697
vt 0.636396 -14.354086
vt -0.012831 -13.671341
vt -0.636396 -14.151907
vt -0.148452 -13.674389
vt -0.288349 -13.651784
vt -0.423758 -13.598467
vt -0.485795 -13.559159
vt -0.542815 -13.510006
vt -0.595044 -13.446780
vt -0.636396 -13.369809
vt -0.636396 -14.934005
vt 0.636396 -15.109565
vt -0.087347 -15.410011
vt 0.049989 -15.423901
vt -0.636396 -15.716103
vt -0.589575 -15.631294
vt -0.530213 -15.563639
vt -0.465393 -15.512481
vt -0.394260 -15.472530
vt -0.240886 -15.423251
vt 0.188211 -15.463141
vt 0.315272 -15.527834
vt 0.372107 -15.569967
vt 0.425125 -15.621465
vt 0.636396 -15.865043
vt 0.470279 -15.681966
vt 0.503465 -15.750318
vt 0.521616 -15.823772
vt 0.636396 15.865043
vt 0.521616 15.906313
vt 0.522336 15.831023
vt 0.505968 15.757231
vt 0.474105 15.688353
vt 0.636396 15.109565
vt 0.429914 15.627063
vt 0.377515 15.574576
vt 0.260077 15.495587
vt 0.126542 15.442215
vt -0.012831 15.414571
vt -0.148452 15.411523
vt -0.636396 14.934005
vt 0.636396 14.354086
vt -0.636396 14.151907
vt 0.636396 13.598608
vt 0.049989 13.662011
vt 0.188211 13.622771
vt -0.288349 15.434128
vt -0.423758 15.487445
vt -0.485795 15.526753
vt -0.542815 15.575906
vt -0.595044 15.639132
vt -0.636396 15.716103
vt -0.636396 13.369809
vt -0.589575 13.454618
vt -0.530213 13.522273
vt -0.465393 13.573431
vt -0.394260 13.613382
vt -0.240886 13.662661
vt -0.087347 13.675901
vt 0.315272 13.558078
vt 0.372107 13.515945
vt 0.425125 13.464447
vt 0.470279 13.403946
vt 0.503465 13.335594
vt 0.521616 13.262139
vt 0.522336 13.186849
vt 0.636396 12.843130
vt 0.505968 13.113058
vt 0.474105 13.044180
vt 0.429914 12.982889
vt 0.377515 12.930402
vt 0.260077 12.851413
vt 0.126542 12.798041
vt 0.636396 12.087652
vt -0.012831 12.770397
vt -0.636396 12.289831
vt -0.148452 12.767349
vt -0.288349 12.789954
vt -0.423758 12.843271
vt -0.485795 12.882579
vt -0.542815 12.931732
vt -0.595044 12.994958
vt -0.636396 13.071929
vt -0.636396 11.507733
vt 0.636396 11.332173
vt -0.087347 11.031727
vt 0.049989 11.017837
vt -0.636396 10.725635
vt -0.589575 10.810444
vt -0.530213 10.878099
vt -0.465393 10.929258
vt -0.394260 10.969208
vt -0.240886 11.018487
vt 0.188211 10.978597
vt 0.315272 10.913905
vt 0.372107 10.871771
vt 0.425125 10.820273
vt 0.636396 10.576695
vt 0.470279 10.759772
vt 0.503465 10.691420
vt 0.521616 10.617966
vt 0.522336 10.542675
vt 0.505968 10.468884
vt 0.474105 10.400006
vt 0.636396 9.821217
vt 0.429914 10.338715
vt 0.377515 10.286229
vt 0.260077 10.207239
vt 0.126542 10.153867
vt -0.012831 10.126223
vt -0.148452 10.123175
vt -0.636396 9.645657
vt 0.636396 9.065739
vt -0.636396 8.863559
vt 0.636396 8.310261
vt 0.049989 8.373663
vt 0.188211 8.334423
vt -0.288349 10.145781
vt -0.423758 10.199097
vt -0.485795 10.238406
vt -0.542815 10.287559
vt -0.595044 10.350784
vt -0.636396 10.427755
vt -0.636396 8.081461
vt -0.589575 8.166270
vt -0.530213 8.233925
vt -0.465393 8.285084
vt -0.394260 8.325034
vt -0.240886 8.374314
vt -0.087347 8.387553
vt 0.315272 8.269731
vt 0.372107 8.227598
vt 0.425125 8.176099
vt 0.470279 8.115598
vt 0.503465 8.047246
vt 0.521616 7.973792
vt 0.522336 7.898501
vt 0.636396 7.554782
vt 0.505968 7.824710
vt 0.474105 7.755832
vt 0.429914 7.694541
vt 0.377515 7.642055
vt 0.260077 7.563066
vt 0.126542 7.509693
vt 0.636396 6.799304
vt -0.012831 7.482049
vt -0.636396 7.001483
vt -0.148452 7.479001
vt -0.288349 7.501607
vt -0.423758 7.554924
vt -0.485795 7.594232
vt -0.542815 7.643385
vt -0.595044 7.706610
vt -0.636396 7.783581
vt 0.600000 0.822798
vt 0.300000 0.822798
vt 0.600000 0.000000
vt 0.300000 0.000000
vt 0.600000 -0.822798
vt 0.300000 -0.822798
vt 0.600000 -1.645596
vt 0.300000 -1.645596
vt 0.600000 -2.468394
vt 0.300000 -2.468394
vt 0.600000 -3.291192
vt 0.300000 -3.291192
vt 0.600000 -4.113990
vt 0.300000 -4.113990
vt 0.600000 -4.936788
vt 0.300000 -4.936788
vt 0.600000 -5.759587
vt 0.300000 -5.759587
vt 0.600000 -6.582385
vt 0.300000 -6.582385
vt 0.600000 -7.405183
vt 0.300000 -7.405183
vt 0.600000 -8.227981
vt 0.300000 -8.227981
vt 0.600000 -9.050779
vt 0.300000 -9.050779
vt 0.600000 -9.873577
vt 0.300000 -9.873577
vt 0.600000 -10.696375
vt 0.300000 -10.696375
vt 0.600000 -11.519173
vt 0.300000 -11.519173
vt 0.600000 -12.341971
vt 0.300000 -12.341971
vt 0.600000 -13.164769
vt 0.300000 -13.164769
vt 0.600000 -13.987567
vt 0.300000 -13.987567
vt 0.600000 -14.810365
vt 0.300000 -14.810365
vt 0.600000 -15.633163
vt 0.300000 -15.633163
vt 0.600000 -16.455961
vt 0.300000 -16.455961
vt 0.600000 -17.278761
vt 0.300000 -17.278761
vt 0.600000 17.278761
vt 0.300000 17.278761
vt 0.600000 16.455961
vt 0.300000 16.455961
vt 0.600000 15.633163
vt 0.300000 15.633163
vt 0.600000 14.810365
vt 0.300000 14.810365
vt 0.600000 13.987567
vt 0.300000 13.987567
vt 0.600000 13.164769
vt 0.300000 13.164769
vt 0.600000 12.341971
vt 0.300000 12.341971
vt 0.600000 11.519173
vt 0.300000 11.519173
vt 0.600000 10.696375
vt 0.300000 10.696375
vt 0.600000 9.873577
vt 0.300000 9.873577
vt 0.600000 9.050779
vt 0.300000 9.050779
vt 0.600000 8.227981
vt 0.300000 8.227981
vt 0.600000 7.405183
vt 0.300000 7.405183
vt 0.600000 6.582385
vt 0.300000 6.582385
vt 0.600000 5.759587
vt 0.300000 5.759587
vt 0.600000 4.936788
vt 0.300000 4.936788
vt 0.600000 4.113990
vt 0.300000 4.113990
vt 0.600000 3.291192
vt 0.300000 3.291192
vt 0.600000 2.468394
vt 0.300000 2.468394
vt 0.600000 1.645596
vt 0.300000 1.645596
vt 0.300000 0.587782
vt -0.300000 0.000000
vt -0.300000 -0.587782
vt 0.300000 -0.587782
vt -0.300000 -1.175564
vt 0.300000 -1.175564
vt -0.300000 -1.763346
vt 0.300000 -1.763346
vt -0.300000 -2.351127
vt 0.300000 -2.351127
vt -0.300000 -2.938909
vt 0.300000 -2.938909
vt -0.300000 -3.526691
vt 0.300000 -3.526691
vt -0.300000 -4.114473
vt 0.300000 -4.114473
vt -0.300000 -4.702255
vt 0.300000 -4.702255
vt -0.300000 -5.290037
vt 0.300000 -5.290037
vt -0.300000 -5.877819
vt 0.300000 -5.877819
vt -0.300000 -6.465600
vt 0.300000 -6.465600
vt -0.300000 -7.053382
vt 0.300000 -7.053382
vt -0.300000 -7.641164
vt 0.300000 -7.641164
vt -0.300000 -8.228946
vt 0.300000 -8.228946
vt -0.300000 -8.816728
vt 0.300000 -8.816728
vt 0.300000 9.404510
vt -0.300000 9.404510
vt -0.300000 8.816728
vt 0.300000 8.816728
vt -0.300000 8.228946
vt 0.300000 8.228946
vt -0.300000 7.641164
vt 0.300000 7.641164
vt -0.300000 7.053382
vt 0.300000 7.053382
vt -0.300000 6.465600
vt 0.300000 6.465600
vt -0.300000 5.877819
vt 0.300000 5.877819
vt -0.300000 5.290037
vt 0.300000 5.290037
vt -0.300000 4.702255
vt 0.300000 4.702255
vt -0.300000 4.114473
vt 0.300000 4.114473
vt -0.300000 3.526691
vt 0.300000 3.526691
vt -0.300000 2.938909
vt 0.300000 2.938909
vt -0.300000 2.351127
vt 0.300000 2.351127
vt -0.300000 1.763346
vt 0.300000 1.763346
vt -0.300000 1.175564
vt 0.300000 1.175564
vt -0.300000 0.587782
vt 1.659363 0.583766
vt 0.061374 0.740676
vt 1.600000 0.000000
vt 0.061374 -0.740676
vt 0.243822 1.461148
vt 1.835022 1.143632
vt 0.542368 2.141763
vt 2.119786 1.656678
vt 0.948868 2.763957
vt 2.501996 2.101899
vt 1.452233 3.310758
vt 2.038733 3.767249
vt 2.966004 2.461068
vt 2.692371 4.120980
vt 3.492815 2.719481
vt 3.395315 4.362301
vt 4.060859 2.866558
vt 4.128393 4.484630
vt 4.646883 2.896278
vt 4.871607 4.484630
vt 5.226892 2.807424
vt 5.604685 4.362301
vt 6.307629 4.120980
vt 5.777143 2.603633
vt 6.961267 3.767249
vt 6.275107 2.293250
vt 7.547767 3.310758
vt 6.700399 1.888980
vt 8.051132 2.763957
vt 7.035605 1.407376
vt 8.457632 2.141763
vt 8.756178 1.461148
vt 7.267004 0.868153
vt 8.938626 0.740676
vt 7.385121 0.293388
vt 9.000000 0.000000
vt 7.385121 -0.293388
vt 8.938626 -0.740676
vt 7.267004 -0.868153
vt 8.756178 -1.461148
vt 7.035605 -1.407376
vt 8.457632 -2.141763
vt 8.051132 -2.763957
vt 6.700399 -1.888980
vt 7.547767 -3.310758
vt 6.275107 -2.293250
vt 6.961267 -3.767249
vt 5.777143 -2.603633
vt 6.307629 -4.120980
vt 5.226892 -2.807424
vt 5.604685 -4.362301
vt 4.871607 -4.484630
vt 4.646883 -2.896278
vt 4.128393 -4.484630
vt 4.060859 -2.866558
vt 3.395315 -4.362301
vt 3.492815 -2.719481
vt 2.692371 -4.120980
vt 2.966004 -2.461068
vt 2.038733 -3.767249
vt 2.501996 -2.101899
vt 1.452233 -3.310758
vt 0.948868 -2.763957
vt 2.119786 -1.656678
vt 0.542368 -2.141763
vt 1.835022 -1.143632
vt 0.243822 -1.461148
vt 1.659363 -0.583766
vt 0.525000 0.744061
vt -0.525000 0.744061
vt 0.525000 0.000000
vt -0.525000 0.000000
vt 0.525000 -0.744061
vt -0.525000 -0.744061
vt 0.525000 -1.488123
vt -0.525000 -1.488123
vt 0.525000 -2.232184
vt -0.525000 -2.232184
vt 0.525000 -2.976246
vt -0.525000 -2.976246
vt 0.525000 -3.720307
vt -0.525000 -3.720307
vt 0.525000 -4.464369
vt -0.525000 -4.464369
vt 0.525000 -5.208430
vt -0.525000 -5.208430
vt 0.525000 -5.952491
vt -0.525000 -5.952491
vt 0.525000 -6.696553
vt -0.525000 -6.696553
vt 0.525000 -7.440614
vt -0.525000 -7.440614
vt 0.525000 -8.184676
vt -0.525000 -8.184676
vt 0.525000 -8.928737
vt -0.525000 -8.928737
vt 0.525000 -9.672798
vt -0.525000 -9.672798
vt 0.525000 -10.416860
vt -0.525000 -10.416860
vt 0.525000 -11.160921
vt -0.525000 -11.160921
vt 0.525000 -11.904983
vt -0.525000 -11.904983
vt 0.525000 -12.649044
vt -0.525000 -12.649044
vt 0.525000 -13.393106
vt -0.525000 -13.393106
vt 0.525000 -14.137167
vt -0.525000 -14.137167
vt 0.525000 14.137167
vt -0.525000 14.137167
vt 0.525000 13.393106
vt -0.525000 13.393106
vt 0.525000 12.649044
vt -0.525000 12.649044
vt 0.525000 11.904983
vt -0.525000 11.904983
vt 0.525000 11.160921
vt -0.525000 11.160921
vt 0.525000 10.416860
vt -0.525000 10.416860
vt 0.525000 9.672798
vt -0.525000 9.672798
vt 0.525000 8.928737
vt -0.525000 8.928737
vt 0.525000 8.184676
vt -0.525000 8.184676
vt 0.525000 7.440614
vt -0.525000 7.440614
vt 0.525000 6.696553
vt -0.525000 6.696553
vt 0.525000 5.952491
vt -0.525000 5.952491
vt 0.525000 5.208430
vt -0.525000 5.208430
vt 0.525000 4.464369
vt -0.525000 4.464369
vt 0.525000 3.720307
vt -0.525000 3.720307
vt 0.525000 2.976246
vt -0.525000 2.976246
vt 0.525000 2.232184
vt -0.525000 2.232184
vt 0.525000 1.488123
vt -0.525000 1.488123
vt 1.061374 0.740676
vt 0.061430 0.819732
vt 1.000000 0.000000
vt 0.061430 -0.819732
vt 0.244350 1.621153
vt 1.243822 1.461148
vt 0.544671 2.386361
vt 1.542368 2.141763
vt 0.955687 3.098260
vt 1.948868 2.763957
vt 1.468215 3.740950
vt 2.452233 3.310758
vt 2.070806 4.300073
vt 3.038733 3.767249
vt 2.750000 4.763140
vt 3.692371 4.120980
vt 3.490624 5.119806
vt 4.395315 4.362301
vt 4.276135 5.362104
vt 5.128393 4.484630
vt 5.088984 5.484621
vt 5.871607 4.484630
vt 5.911016 5.484621
vt 6.723865 5.362104
vt 6.604685 4.362301
vt 7.509376 5.119806
vt 7.307629 4.120980
vt 8.250000 4.763140
vt 7.961267 3.767249
vt 8.929194 4.300073
vt 8.547767 3.310758
vt 9.531785 3.740950
vt 9.051132 2.763957
vt 10.044313 3.098260
vt 9.457632 2.141763
vt 10.455329 2.386361
vt 9.756178 1.461148
vt 10.755650 1.621153
vt 9.938626 0.740676
vt 10.938570 0.819732
vt 10.000000 0.000000
vt 11.000000 0.000000
vt 10.938570 -0.819732
vt 9.938626 -0.740676
vt 10.755650 -1.621153
vt 9.756178 -1.461148
vt 10.455329 -2.386361
vt 9.457632 -2.141763
vt 10.044313 -3.098260
vt 9.051132 -2.763957
vt 9.531785 -3.740950
vt 8.547767 -3.310758
vt 8.929194 -4.300073
vt 7.961267 -3.767249
vt 8.250000 -4.763140
vt 7.307629 -4.120980
vt 7.509376 -5.119806
vt 6.604685 -4.362301
vt 6.723865 -5.362104
vt 5.871607 -4.484630
vt 5.911016 -5.484621
vt 5.128393 -4.484630
vt 5.088984 -5.484621
vt 4.276135 -5.362104
vt 4.395315 -4.362301
vt 3.490624 -5.119806
vt 3.692371 -4.120980
vt 2.750000 -4.763140
vt 3.038733 -3.767249
vt 2.070806 -4.300073
vt 2.452233 -3.310758
vt 1.468215 -3.740950
vt 1.948868 -2.763957
vt 0.955687 -3.098260
vt 1.542368 -2.141763
vt 0.544671 -2.386361
vt 1.243822 -1.461148
vt 0.244350 -1.621153
vt 1.061374 -0.740676
vt 0.825000 0.608684
vt -0.825000 0.608684
vt 0.825000 0.000000
vt -0.825000 0.000000
vt 0.825000 -0.608684
vt -0.825000 -0.608684
vt 0.825000 -1.217367
vt -0.825000 -1.217367
vt 0.825000 -1.826051
vt -0.825000 -1.826051
vt 0.825000 -2.434734
vt -0.825000 -2.434734
vt 0.825000 -3.043418
vt -0.825000 -3.043418
vt 0.825000 -3.652101
vt -0.825000 -3.652101
vt 0.825000 -4.260785
vt -0.825000 -4.260785
vt 0.825000 -4.869469
vt -0.825000 -4.869469
vt 0.825000 -5.478152
vt -0.825000 -5.478152
vt 0.825000 -6.086836
vt -0.825000 -6.086836
vt 0.825000 -6.695519
vt -0.825000 -6.695519
vt 0.825000 -7.304203
vt -0.825000 -7.304203
vt 0.825000 -7.912886
vt -0.825000 -7.912886
vt 0.825000 -8.521570
vt -0.825000 -8.521570
vt 0.825000 -9.130254
vt -0.825000 -9.130254
vt 0.825000 -9.738937
vt -0.825000 -9.738937
vt 0.825000 9.738937
vt -0.825000 9.738937
vt 0.825000 9.130254
vt -0.825000 9.130254
vt 0.825000 8.521570
vt -0.825000 8.521570
vt 0.825000 7.912886
vt -0.825000 7.912886
vt 0.825000 7.304203
vt -0.825000 7.304203
vt 0.825000 6.695519
vt -0.825000 6.695519
vt 0.825000 6.086836
vt -0.825000 6.086836
vt 0.825000 5.478152
vt -0.825000 5.478152
vt 0.825000 4.869469
vt -0.825000 4.869469
vt 0.825000 4.260785
vt -0.825000 4.260785
vt 0.825000 3.652101
vt -0.825000 3.652101
vt 0.825000 3.043418
vt -0.825000 3.043418
vt 0.825000 2.434734
vt -0.825000 2.434734
vt 0.825000 1.826051
vt -0.825000 1.826051
vt 0.825000 1.217367
vt -0.825000 1.217367
vt 0.140434 -0.604780
vt 0.200000 0.000000
vt 0.140434 0.604780
vt -0.059363 0.583766
vt -0.035973 1.186319
vt -0.235022 1.143632
vt -0.322444 1.722268
vt -0.519786 1.656678
vt -0.707969 2.192031
vt -0.901996 2.101899
vt -1.177732 2.577556
vt -1.366004 2.461068
vt -1.713681 2.864027
vt -1.892815 2.719481
vt -2.295220 3.040434
vt -2.460859 2.866558
vt -2.900000 3.100000
vt -3.046883 2.896278
vt -3.504780 3.040434
vt -3.626892 2.807424
vt -4.086319 2.864027
vt -4.177143 2.603633
vt -4.622268 2.577556
vt -4.675107 2.293250
vt -5.092031 2.192031
vt -5.100399 1.888980
vt -5.477556 1.722268
vt -5.435605 1.407376
vt -5.764027 1.186319
vt -5.667004 0.868153
vt -5.940434 0.604780
vt -5.785121 0.293388
vt -6.000000 0.000000
vt -5.785121 -0.293388
vt -5.940434 -0.604780
vt -5.667004 -0.868153
vt -5.764027 -1.186319
vt -5.435605 -1.407376
vt -5.477556 -1.722268
vt -5.100399 -1.888980
vt -5.092031 -2.192031
vt -4.675107 -2.293250
vt -4.622268 -2.577556
vt -4.177143 -2.603633
vt -4.086319 -2.864027
vt -3.626892 -2.807424
vt -3.504780 -3.040434
vt -3.046883 -2.896278
vt -2.900000 -3.100000
vt -2.460859 -2.866558
vt -2.295220 -3.040434
vt -1.892815 -2.719481
vt -1.713681 -2.864027
vt -1.366004 -2.461068
vt -1.177732 -2.577556
vt -0.901996 -2.101899
vt -0.707969 -2.192031
vt -0.519786 -1.656678
vt -0.322444 -1.722268
vt -0.235022 -1.143632
vt -0.035973 -1.186319
vt -0.059363 -0.583766
vt 0.475000 0.572879
vt -0.475000 0.572879
vt 0.475000 0.000000
vt -0.475000 0.000000
vt 0.475000 -0.572879
vt -0.475000 -0.572879
vt 0.475000 -1.145757
vt -0.475000 -1.145757
vt 0.475000 -1.718636
vt -0.475000 -1.718636
vt 0.475000 -2.291515
vt -0.475000 -2.291515
vt 0.475000 -2.864393
vt -0.475000 -2.864393
vt 0.475000 -3.437272
vt -0.475000 -3.437272
vt 0.475000 -4.010151
vt -0.475000 -4.010151
vt 0.475000 -4.583029
vt -0.475000 -4.583029
vt 0.475000 -5.155908
vt -0.475000 -5.155908
vt 0.475000 -5.728787
vt -0.475000 -5.728787
vt 0.475000 -6.301665
vt -0.475000 -6.301665
vt 0.475000 -6.874544
vt -0.475000 -6.874544
vt 0.475000 -7.447423
vt -0.475000 -7.447423
vt 0.475000 -8.020301
vt -0.475000 -8.020301
vt 0.475000 -8.593180
vt -0.475000 -8.593180
vt 0.475000 -9.166059
vt -0.475000 -9.166059
vt 0.475000 -9.738937
vt -0.475000 -9.738937
vt 0.475000 9.738937
vt -0.475000 9.738937
vt 0.475000 9.166059
vt -0.475000 9.166059
vt 0.475000 8.593180
vt -0.475000 8.593180
vt 0.475000 8.020301
vt -0.475000 8.020301
vt 0.475000 7.447423
vt -0.475000 7.447423
vt 0.475000 6.874544
vt -0.475000 6.874544
vt 0.475000 6.301665
vt -0.475000 6.301665
vt 0.475000 5.728787
vt -0.475000 5.728787
vt 0.475000 5.155908
vt -0.475000 5.155908
vt 0.475000 4.583029
vt -0.475000 4.583029
vt 0.475000 4.010151
vt -0.475000 4.010151
vt 0.475000 3.437272
vt -0.475000 3.437272
vt 0.475000 2.864393
vt -0.475000 2.864393
vt 0.475000 2.291515
vt -0.475000 2.291515
vt 0.475000 1.718636
vt -0.475000 1.718636
vt 0.475000 1.145757
vt -0.475000 1.145757
vt 1.511446 0.569624
vt 0.050916 0.679433
vt 1.458662 0.000000
vt 0.050916 -0.679433
vt 0.202529 1.343689
vt 1.667998 1.119849
vt 0.451449 1.977929
vt 1.922989 1.631940
vt 0.792119 2.567986
vt 2.267735 2.088456
vt 1.216926 3.100678
vt 1.716383 3.564106
vt 2.690495 2.473853
vt 2.279331 3.947917
vt 3.176873 2.775006
vt 2.893196 4.243539
vt 3.710307 2.981659
vt 3.544265 4.444367
vt 4.272630 3.086776
vt 4.217993 4.545915
vt 4.844694 3.086776
vt 4.899332 4.545915
vt 5.573060 4.444367
vt 5.407018 2.981659
vt 6.224129 4.243539
vt 5.940451 2.775006
vt 6.837994 3.947917
vt 6.426830 2.473853
vt 7.400942 3.564106
vt 6.849590 2.088456
vt 7.900398 3.100678
vt 8.325206 2.567986
vt 7.194335 1.631940
vt 8.665875 1.977929
vt 7.449326 1.119849
vt 8.914796 1.343689
vt 7.605879 0.569624
vt 9.066408 0.679433
vt 7.658662 0.000000
vt 9.117325 0.000000
vt 9.066408 -0.679433
vt 7.605879 -0.569624
vt 8.914796 -1.343689
vt 7.449326 -1.119849
vt 8.665875 -1.977929
vt 7.194335 -1.631940
vt 8.325206 -2.567986
vt 6.849590 -2.088456
vt 7.900398 -3.100678
vt 7.400942 -3.564106
vt 6.426830 -2.473853
vt 6.837994 -3.947917
vt 5.940451 -2.775006
vt 6.224129 -4.243539
vt 5.407018 -2.981659
vt 5.573060 -4.444367
vt 4.844694 -3.086776
vt 4.899332 -4.545915
vt 4.272630 -3.086776
vt 4.217993 -4.545915
vt 3.544265 -4.444367
vt 3.710307 -2.981659
vt 2.893196 -4.243539
vt 3.176873 -2.775006
vt 2.279331 -3.947917
vt 2.690495 -2.473853
vt 1.716383 -3.564106
vt 2.267735 -2.088456
vt 1.216926 -3.100678
vt 0.792119 -2.567986
vt 1.922989 -1.631940
vt 0.451449 -1.977929
vt 1.667998 -1.119849
vt 0.202529 -1.343689
vt 1.511446 -0.569624
vt 0.550000 0.681974
vt -0.550000 0.000000
vt 0.550000 0.000000
vt -0.550000 -0.681974
vt 0.550000 -0.681974
vt -0.550000 -1.363949
vt 0.550000 -1.363949
vt -0.550000 -2.045923
vt 0.550000 -2.045923
vt -0.550000 -2.727897
vt 0.550000 -2.727897
vt -0.550000 -3.409871
vt 0.550000 -3.409871
vt -0.550000 -4.091846
vt 0.550000 -4.091846
vt -0.550000 -4.773820
vt 0.550000 -4.773820
vt -0.550000 -5.455794
vt 0.550000 -5.455794
vt -0.550000 -6.137769
vt 0.550000 -6.137769
vt -0.550000 -6.819743
vt 0.550000 -6.819743
vt -0.550000 -7.501717
vt 0.550000 -7.501717
vt -0.550000 -8.183692
vt 0.550000 -8.183692
vt -0.550000 -8.865666
vt 0.550000 -8.865666
vt -0.550000 -9.547640
vt 0.550000 -9.547640
vt -0.550000 -10.229614
vt 0.550000 -10.229614
vt -0.550000 -10.911589
vt 0.550000 -10.911589
vt -0.550000 -11.593563
vt 0.550000 -11.593563
vt -0.550000 -12.275537
vt 0.550000 -12.275537
vt -0.550000 -12.957512
vt 0.550000 -12.957512
vt -0.550000 -13.639486
vt 0.550000 -13.639486
vt 0.550000 -14.321460
vt -0.550000 -14.321460
vt 0.550000 14.321460
vt -0.550000 14.321460
vt 0.550000 13.639486
vt -0.550000 13.639486
vt -0.550000 12.957512
vt -0.550000 0.681974
vt 0.550000 1.363949
vt -0.550000 1.363949
vt 0.550000 2.045923
vt -0.550000 2.045923
vt 0.550000 2.727897
vt -0.550000 2.727897
vt 0.550000 3.409871
vt -0.550000 3.409871
vt 0.550000 4.091846
vt -0.550000 4.091846
vt 0.550000 4.773820
vt -0.550000 4.773820
vt 0.550000 5.455794
vt -0.550000 5.455794
vt 0.550000 6.137769
vt -0.550000 6.137769
vt 0.550000 6.819743
vt -0.550000 6.819743
vt 0.550000 7.501717
vt -0.550000 7.501717
vt 0.550000 8.183692
vt -0.550000 8.183692
vt 0.550000 8.865666
vt -0.550000 8.865666
vt 0.550000 9.547640
vt -0.550000 9.547640
vt 0.550000 10.229614
vt -0.550000 10.229614
vt 0.550000 10.911589
vt -0.550000 10.911589
vt 0.550000 11.593563
vt -0.550000 11.593563
vt 0.550000 12.275537
vt -0.550000 12.275537
vt 0.550000 12.957512
vt 0.192254 -0.679433
vt 0.141338 0.000000
vt 0.192254 0.679433
vt 0.052495 0.700499
vt 0.343866 1.343689
vt 0.208808 1.385349
vt 0.592787 1.977929
vt 0.465446 2.039254
vt 0.933456 2.567986
vt 0.816678 2.647604
vt 1.358264 3.100678
vt 1.254656 3.196812
vt 1.857721 3.564106
vt 1.769598 3.674608
vt 2.420669 3.947917
vt 2.350000 4.070319
vt 3.034534 4.243539
vt 2.982897 4.375107
vt 3.685602 4.444367
vt 3.654152 4.582161
vt 4.359331 4.545915
vt 4.348769 4.686858
vt 5.040669 4.545915
vt 5.051231 4.686858
vt 5.745848 4.582161
vt 5.714398 4.444367
vt 6.417103 4.375107
vt 6.365466 4.243539
vt 7.050000 4.070319
vt 6.979331 3.947917
vt 7.630402 3.674608
vt 7.542279 3.564106
vt 8.145344 3.196812
vt 8.041736 3.100678
vt 8.583322 2.647604
vt 8.466544 2.567986
vt 8.934554 2.039254
vt 8.807213 1.977929
vt 9.191192 1.385349
vt 9.056134 1.343689
vt 9.347505 0.700499
vt 9.207746 0.679433
vt 9.400000 0.000000
vt 9.258662 0.000000
vt 9.207746 -0.679433
vt 9.347505 -0.700499
vt 9.056134 -1.343689
vt 9.191192 -1.385349
vt 8.807213 -1.977929
vt 8.934554 -2.039254
vt 8.466544 -2.567986
vt 8.583322 -2.647604
vt 8.041736 -3.100678
vt 8.145344 -3.196812
vt 7.542279 -3.564106
vt 7.630402 -3.674608
vt 6.979331 -3.947917
vt 7.050000 -4.070319
vt 6.365466 -4.243539
vt 6.417103 -4.375107
vt 5.714398 -4.444367
vt 5.745848 -4.582161
vt 5.040669 -4.545915
vt 5.051231 -4.686858
vt 4.359331 -4.545915
vt 4.348769 -4.686858
vt 3.654152 -4.582161
vt 3.685602 -4.444367
vt 2.982897 -4.375107
vt 3.034534 -4.243539
vt 2.350000 -4.070319
vt 2.420669 -3.947917
vt 1.769598 -3.674608
vt 1.857721 -3.564106
vt 1.254656 -3.196812
vt 1.358264 -3.100678
vt 0.816678 -2.647604
vt 0.933456 -2.567986
vt 0.465446 -2.039254
vt 0.592787 -1.977929
vt 0.208808 -1.385349
vt 0.343866 -1.343689
vt 0.052495 -0.700499
vt 0.195000 0.703118
vt -0.195000 0.703118
vt 0.195000 0.000000
vt -0.195000 0.000000
vt 0.195000 -0.703118
vt -0.195000 -0.703118
vt 0.195000 -1.406237
vt -0.195000 -1.406237
vt 0.195000 -2.109355
vt -0.195000 -2.109355
vt 0.195000 -2.812473
vt -0.195000 -2.812473
vt 0.195000 -3.515592
vt -0.195000 -3.515592
vt 0.195000 -4.218710
vt -0.195000 -4.218710
vt 0.195000 -4.921828
vt -0.195000 -4.921828
vt 0.195000 -5.624947
vt -0.195000 -5.624947
vt 0.195000 -6.328065
vt -0.195000 -6.328065
vt 0.195000 -7.031184
vt -0.195000 -7.031184
vt 0.195000 -7.734302
vt -0.195000 -7.734302
vt 0.195000 -8.437420
vt -0.195000 -8.437420
vt 0.195000 -9.140539
vt -0.195000 -9.140539
vt 0.195000 -9.843657
vt -0.195000 -9.843657
vt 0.195000 -10.546775
vt -0.195000 -10.546775
vt 0.195000 -11.249894
vt -0.195000 -11.249894
vt 0.195000 -11.953012
vt -0.195000 -11.953012
vt 0.195000 -12.656130
vt -0.195000 -12.656130
vt 0.195000 -13.359249
vt -0.195000 -13.359249
vt 0.195000 -14.062367
vt -0.195000 -14.062367
vt 0.195000 -14.765485
vt -0.195000 -14.765485
vt 0.195000 14.765485
vt -0.195000 14.765485
vt 0.195000 14.062367
vt -0.195000 14.062367
vt 0.195000 13.359249
vt -0.195000 13.359249
vt 0.195000 12.656130
vt -0.195000 12.656130
vt 0.195000 11.953012
vt -0.195000 11.953012
vt 0.195000 11.249894
vt -0.195000 11.249894
vt 0.195000 10.546775
vt -0.195000 10.546775
vt 0.195000 9.843657
vt -0.195000 9.843657
vt 0.195000 9.140539
vt -0.195000 9.140539
vt 0.195000 8.437420
vt -0.195000 8.437420
vt 0.195000 7.734302
vt -0.195000 7.734302
vt 0.195000 7.031184
vt -0.195000 7.031184
vt 0.195000 6.328065
vt -0.195000 6.328065
vt 0.195000 5.624947
vt -0.195000 5.624947
vt 0.195000 4.921828
vt -0.195000 4.921828
vt 0.195000 4.218710
vt -0.195000 4.218710
vt 0.195000 3.515592
vt -0.195000 3.515592
vt 0.195000 2.812473
vt -0.195000 2.812473
vt 0.195000 2.109355
vt -0.195000 2.109355
vt 0.195000 1.406237
vt -0.195000 1.406237
vt 1.747505 -0.700499
vt 1.800000 0.000000
vt 1.747505 0.700499
vt -0.052407 0.548829
vt 1.591192 1.385349
vt -0.207733 1.077821
vt 1.334554 2.039254
vt -0.460365 1.567858
vt 0.983322 2.647604
vt -0.801171 2.001229
vt 0.545344 3.196812
vt 0.030402 3.674608
vt -1.217835 2.362270
vt -0.550000 4.070319
vt -1.695296 2.637933
vt -1.182897 4.375107
vt -2.216299 2.818254
vt -1.854152 4.582161
vt -2.548769 4.686858
vt -2.762012 2.896715
vt -3.251231 4.686858
vt -3.312713 2.870482
vt -3.945848 4.582161
vt -3.848497 2.740502
vt -4.617103 4.375107
vt -4.350000 2.511474
vt -5.250000 4.070319
vt -5.830402 3.674608
vt -4.799096 2.191674
vt -6.345344 3.196812
vt -5.179554 1.792661
vt -6.783322 2.647604
vt -5.477623 1.328857
vt -7.134554 2.039254
vt -5.682530 0.817024
vt -7.391192 1.385349
vt -7.547505 0.700499
vt -5.786869 0.275663
vt -7.600000 0.000000
vt -5.786869 -0.275663
vt -7.547505 -0.700499
vt -5.682530 -0.817024
vt -7.391192 -1.385349
vt -7.134554 -2.039254
vt -5.477623 -1.328857
vt -6.783322 -2.647604
vt -5.179554 -1.792661
vt -6.345344 -3.196812
vt -4.799096 -2.191674
vt -5.830402 -3.674608
vt -4.350000 -2.511474
vt -5.250000 -4.070319
vt -4.617103 -4.375107
vt -3.848497 -2.740502
vt -3.945848 -4.582161
vt -3.312713 -2.870482
vt -3.251231 -4.686858
vt -2.762012 -2.896715
vt -2.548769 -4.686858
vt -2.216299 -2.818254
vt -1.854152 -4.582161
vt -1.182897 -4.375107
vt -1.695296 -2.637933
vt -0.550000 -4.070319
vt -1.217835 -2.362270
vt 0.030402 -3.674608
vt -0.801171 -2.001229
vt 0.545344 -3.196812
vt 0.983322 -2.647604
vt -0.460365 -1.567858
vt 1.334554 -2.039254
vt -0.207733 -1.077821
vt 1.591192 -1.385349
vt -0.052407 -0.548829
vt 0.270000 0.552159
vt -0.270000 0.000000
vt 0.270000 0.000000
vt -0.270000 -0.552159
vt 0.270000 -0.552159
vt -0.270000 -1.104317
vt 0.270000 -1.104317
vt -0.270000 -1.656476
vt 0.270000 -1.656476
vt -0.270000 -2.208635
vt 0.270000 -2.208635
vt -0.270000 -2.760794
vt 0.270000 -2.760794
vt -0.270000 -3.312952
vt 0.270000 -3.312952
vt -0.270000 -3.865111
vt 0.270000 -3.865111
vt -0.270000 -4.417270
vt 0.270000 -4.417270
vt -0.270000 -4.969428
vt 0.270000 -4.969428
vt -0.270000 -5.521587
vt 0.270000 -5.521587
vt -0.270000 -6.073746
vt 0.270000 -6.073746
vt -0.270000 -6.625905
vt 0.270000 -6.625905
vt -0.270000 -7.178063
vt 0.270000 -7.178063
vt -0.270000 -7.730222
vt 0.270000 -7.730222
vt -0.270000 -8.282381
vt 0.270000 -8.282381
vt -0.270000 -8.834539
vt 0.270000 -8.834539
vt 0.270000 9.386698
vt -0.270000 9.386698
vt -0.270000 8.834539
vt 0.270000 8.834539
vt -0.270000 8.282381
vt 0.270000 8.282381
vt -0.270000 7.730222
vt 0.270000 7.730222
vt -0.270000 7.178063
vt 0.270000 7.178063
vt -0.270000 6.625905
vt 0.270000 6.625905
vt -0.270000 6.073746
vt 0.270000 6.073746
vt -0.270000 5.521587
vt 0.270000 5.521587
vt -0.270000 4.969428
vt 0.270000 4.969428
vt -0.270000 4.417270
vt 0.270000 4.417270
vt -0.270000 3.865111
vt 0.270000 3.865111
vt -0.270000 3.312952
vt 0.270000 3.312952
vt -0.270000 2.760794
vt 0.270000 2.760794
vt -0.270000 2.208635
vt 0.270000 2.208635
vt -0.270000 1.656476
vt 0.270000 1.656476
vt -0.270000 1.104317
vt 0.270000 1.104317
vt -0.270000 0.552159
vt 0.252407 0.548829
vt 0.052783 0.569624
vt 0.052783 -0.569624
vt 0.209336 1.119849
vt 0.407733 1.077821
vt 0.464327 1.631940
vt 0.660365 1.567858
vt 0.809072 2.088456
vt 1.001171 2.001229
vt 1.231833 2.473853
vt 1.417835 2.362270
vt 1.718211 2.775006
vt 1.895296 2.637933
vt 2.251645 2.981659
vt 2.416299 2.818254
vt 2.813968 3.086776
vt 2.962012 2.896715
vt 3.386032 3.086776
vt 3.512713 2.870482
vt 3.948355 2.981659
vt 4.048497 2.740502
vt 4.481789 2.775006
vt 4.550000 2.511474
vt 4.968167 2.473853
vt 4.999096 2.191674
vt 5.390928 2.088456
vt 5.379554 1.792661
vt 5.735673 1.631940
vt 5.677623 1.328857
vt 5.990664 1.119849
vt 5.882530 0.817024
vt 6.147217 0.569624
vt 5.986869 0.275663
vt 6.200000 0.000000
vt 5.986869 -0.275663
vt 6.147217 -0.569624
vt 5.882530 -0.817024
vt 5.990664 -1.119849
vt 5.677623 -1.328857
vt 5.735673 -1.631940
vt 5.379554 -1.792661
vt 5.390928 -2.088456
vt 4.999096 -2.191674
vt 4.968167 -2.473853
vt 4.550000 -2.511474
vt 4.481789 -2.775006
vt 4.048497 -2.740502
vt 3.948355 -2.981659
vt 3.512713 -2.870482
vt 3.386032 -3.086776
vt 2.962012 -2.896715
vt 2.813968 -3.086776
vt 2.416299 -2.818254
vt 2.251645 -2.981659
vt 1.895296 -2.637933
vt 1.718211 -2.775006
vt 1.417835 -2.362270
vt 1.231833 -2.473853
vt 1.001171 -2.001229
vt 0.809072 -2.088456
vt 0.660365 -1.567858
vt 0.464327 -1.631940
vt 0.407733 -1.077821
vt 0.209336 -1.119849
vt 0.252407 -0.548829
vt -0.282700 -0.015981
vt -0.146175 0.242715
vt -0.255639 -0.122138
vt -0.246872 0.161265
vt -2.000000 -0.147438
vt -0.700000 -0.147438
vt -1.875752 0.147438
vt -0.700000 0.147438
vt 0.141421 -6.993703
vt -0.141421 -7.013556
vt 0.141421 -7.561462
vt -0.141421 -7.569142
vt 0.141421 -8.129222
vt -0.141421 -8.124728
vt -0.141421 -8.680314
vt 0.141421 -8.696981
vt 1.078573 -2.543873
vt 0.467844 -0.869779
vt 0.876826 -2.816151
vt 0.196510 -0.951308
vt -2.000000 0.146256
vt -1.808320 -0.146256
vt -0.700000 0.146256
vt -0.700000 -0.146256
vt 0.141421 -1.675000
vt 0.141421 -0.303954
vt -0.141421 -1.467878
vt -0.141421 -0.317169
vt -0.936070 0.124248
vt -0.936070 1.300000
vt -1.835184 0.704112
vt -2.718086 1.300000
vt -1.469064 -1.885885
vt -2.015758 -2.071167
vt -0.558919 -3.650000
vt -2.577834 -2.202603
vt -3.150000 -3.650000
vt -3.150000 -2.278954
vt -0.261567 -0.108865
vt -0.216904 0.182610
vt -0.109317 0.262165
vt 0.186334 0.213991
vt 2.208251 -3.570216
vt 2.268160 -3.149961
vt 0.334778 -0.757679
vt 0.582726 -0.619716
vt -2.000000 -0.149775
vt -0.700000 -0.149775
vt -1.918775 0.149775
vt -0.700000 0.149775
vt 0.141421 -5.558098
vt -0.141421 -5.584191
vt 0.141421 -5.642686
vt -0.141421 -5.653463
vt 0.141421 -5.727274
vt -0.141421 -5.722736
vt -0.141421 -5.792008
vt 0.141421 -5.811862
vt -2.000000 0.147438
vt -1.901733 -0.147438
vt 1.354718 -3.300827
vt 0.462223 -0.854373
vt 0.942048 -2.994932
vt 0.202131 -0.966715
vt -0.918610 0.081225
vt -0.918610 1.300000
vt -3.958811 1.300000
vt 2.127745 -3.650000
vt -0.189481 -1.190176
vt 0.791374 -3.650000
vt -0.259826 -1.239706
vt -0.330881 -1.288213
vt -0.402629 -1.335688
vt -0.238535 -0.153667
vt -0.243746 0.145838
vt -0.053891 -0.278145
vt -0.276484 -0.102513
vt -1.911284 0.147438
vt 0.141421 -3.726446
vt -0.141421 -3.746300
vt 0.141421 -3.811034
vt -0.141421 -3.815573
vt -0.141421 -3.884845
vt 0.141421 -3.895622
vt -0.141421 -3.954118
vt 0.141421 -3.980210
vt 2.853905 -2.582052
vt 2.666280 -2.055048
vt 0.612397 -0.699126
vt 0.806880 -0.493103
vt -2.000000 0.149775
vt -1.926171 -0.149775
vt 0.818098 -0.973066
vt 0.570177 -0.600876
vt 0.582699 -1.129869
vt 0.347327 -0.776519
vt -0.141421 -0.081015
vt 0.141421 -0.081015
vt -0.141421 -0.040508
vt 0.141421 -0.040508
vt 0.141421 -0.000000
vt -0.141421 -0.000000
vt 0.141421 0.040508
vt -0.141421 0.040508
vt -0.141421 0.081015
vt 0.141421 0.081015
vt 0.141421 0.038219
vt -0.141421 0.038219
vt 0.141421 -0.123812
vt -0.141421 -0.123812
vt 0.141421 -0.285843
vt -0.141421 -0.285843
vt 0.141421 -0.447874
vt -0.141421 -0.447874
vt 0.141421 -0.609905
vt -0.141421 -0.609905
vt 0.141421 -0.771936
vt -0.141421 -0.771936
vt 0.141421 -0.933967
vt -0.141421 -0.933967
vt 0.141421 -1.095997
vt -0.141421 -1.095997
vt 1.305563 -2.215063
vt 2.282968 -3.682384
vt 1.540962 -2.058260
vt 2.337354 -3.704219
vt 2.732794 -3.847489
vt -0.936070 0.088716
vt -2.163407 0.671842
vt -3.364453 1.300000
vt 1.133110 0.111023
vt 1.865070 -0.637871
vt 3.650000 -1.383979
vt 1.991763 -0.772359
vt 2.084223 -0.932326
vt 1.081440 0.042234
vt 1.281788 -0.418581
vt 1.354069 -0.450010
vt 1.537487 -0.472280
vt 1.028781 -0.025800
vt 0.975144 -0.093066
vt 1.297069 -0.431821
vt 1.314701 -0.441717
vt 1.333964 -0.447864
vt 1.710904 -0.536033
vt 2.137519 -1.109237
vt 2.175870 -1.367683
vt 3.650000 -2.932529
vt 2.148808 -1.293657
vt 2.163565 -1.351640
vt 2.154738 -1.333449
vt 2.149751 -1.313854
vt -0.213982 -0.185690
vt -0.263372 0.105021
vt 0.131622 -0.250700
vt -0.151711 -0.250093
vt -2.000000 -0.146256
vt -1.808320 0.146256
vt 0.141421 -0.492177
vt -0.141421 -0.508845
vt 0.141421 -1.176320
vt -0.141421 -1.180814
vt -0.141421 -1.852783
vt 0.141421 -1.860463
vt -0.141421 -2.524752
vt 0.141421 -2.544606
vt 2.975000 -0.141421
vt 2.767878 0.141421
vt 1.603954 -0.141421
vt 1.617169 0.141421
vt -1.888006 -0.147438
vt 2.490054 -1.907014
vt 0.794323 -0.482555
vt 2.153711 -1.993870
vt 0.624954 -0.709675
vt -0.942169 0.191680
vt -0.942169 1.300000
vt -1.533796 0.760725
vt -2.092878 1.300000
vt 2.278954 3.150000
vt 2.180116 2.461618
vt 3.650000 3.150000
vt 3.650000 0.011751
vt 2.001631 1.789471
vt 1.745939 1.142741
vt -1.300000 0.121523
vt -1.300000 0.060762
vt -0.318639 0.121523
vt -0.297021 0.060573
vt -1.300000 0.000000
vt -0.274476 -0.000059
vt -1.300000 -0.060762
vt -0.251606 -0.060714
vt -0.229073 -0.121523
vt -1.300000 -0.121523
vt -0.635206 0.032759
vt -1.300000 0.032759
vt -0.613892 -0.104276
vt -1.300000 -0.106125
vt -0.582284 -0.235023
vt -1.300000 -0.245008
vt -0.543031 -0.360058
vt -1.300000 -0.383892
vt -0.498742 -0.480609
vt -1.300000 -0.522776
vt -0.451900 -0.597879
vt -1.300000 -0.661659
vt -0.404839 -0.712945
vt -1.300000 -0.800543
vt -0.359790 -0.826498
vt -1.300000 -0.939426
vt -0.318639 -0.939426
vt 0.694346 -0.121523
vt 1.300000 -0.121523
vt 0.674691 -0.061891
vt 1.300000 -0.060762
vt 1.300000 -0.000000
vt 1.300000 0.060762
vt 0.644393 0.059563
vt 0.657779 -0.001476
vt 1.300000 0.121523
vt 0.635206 0.121523
vt 4.410137 1.300000
vt 2.647085 1.300000
vt 4.033977 1.172543
vt 3.320562 0.928705
vt 2.647085 0.694346
vt -0.294388 0.728786
vt 0.750000 0.765763
vt -0.310802 0.776347
vt 0.750000 0.850848
vt -0.341003 0.859945
vt 0.750000 0.935933
vt -0.371066 0.944950
vt 0.750000 1.021018
vt -0.397984 1.031874
vt -0.397984 -1.010161
vt 0.750000 -1.021018
vt -0.409282 -0.965813
vt 0.750000 -0.935933
vt -0.418629 -0.920762
vt -0.425629 -0.875238
vt 0.750000 -0.850848
vt -0.430010 -0.829020
vt 0.750000 -0.765763
vt -0.431499 -0.782459
vt -0.429972 -0.735697
vt 0.750000 -0.680678
vt -0.425383 -0.688688
vt -0.417868 -0.641950
vt 0.750000 -0.595594
vt -0.407599 -0.595298
vt -0.394900 -0.548899
vt 0.750000 -0.510509
vt -0.372680 -0.480193
vt 0.750000 -0.425424
vt -0.348015 -0.411861
vt 0.750000 -0.340339
vt -0.322011 -0.343313
vt -0.295786 -0.273731
vt 0.750000 -0.255254
vt -0.270574 -0.202230
vt 0.750000 -0.170170
vt -0.247932 -0.128439
vt 0.750000 -0.085085
vt -0.229622 -0.052756
vt 0.750000 0.000000
vt -0.217329 0.021922
vt 0.750000 0.085085
vt -0.212074 0.073036
vt -0.208947 0.119285
vt 0.750000 0.170170
vt -0.207237 0.165211
vt -0.206869 0.211463
vt 0.750000 0.255254
vt -0.207795 0.258003
vt -0.210023 0.304647
vt 0.750000 0.340339
vt -0.213581 0.351588
vt -0.218483 0.398582
vt 0.750000 0.425424
vt -0.224807 0.445691
vt 0.750000 0.510509
vt -0.232612 0.492930
vt -0.241926 0.540086
vt 0.750000 0.595594
vt -0.252825 0.587336
vt -0.265242 0.634434
vt 0.750000 0.680678
vt -0.279133 0.681538
vt -0.313926 -0.084116
vt 0.313926 -0.084116
vt -0.325000 0.000000
vt 0.325000 0.000000
vt -0.313926 0.084116
vt 0.313926 0.084116
vt -0.281458 0.162500
vt 0.281458 0.162500
vt -0.229810 0.229810
vt 0.229810 0.229810
vt -0.162500 0.281458
vt 0.162500 0.281458
vt -0.084116 0.313926
vt 0.084116 0.313926
vt -0.000000 0.325000
vt 0.281458 -0.162500
vt -0.281458 -0.162500
vt 0.229810 -0.229810
vt -0.229810 -0.229810
vt 0.162500 -0.281458
vt -0.162500 -0.281458
vt 0.084116 -0.313926
vt -0.084116 -0.313926
vt -0.000000 -0.325000
vt 0.625376 0.856227
vt 0.595281 0.921409
vt 0.559255 0.996123
vt 0.523670 1.070960
vt 0.523670 -0.971075
vt 0.490673 -0.896181
vt 0.460266 -0.816004
vt 0.449470 -0.779267
vt 0.441096 -0.738952
vt 0.436177 -0.698330
vt 0.434524 -0.657681
vt 0.435850 -0.617416
vt 0.439800 -0.577692
vt 0.454020 -0.499848
vt 0.474164 -0.424345
vt 0.497518 -0.350967
vt 0.521894 -0.279529
vt 0.545723 -0.209824
vt 0.568132 -0.141443
vt 0.588777 -0.073942
vt 0.607694 -0.006899
vt 0.625039 0.059784
vt 0.641093 0.125889
vt 0.656299 0.191406
vt 0.671237 0.256120
vt 0.687375 0.321920
vt 0.703896 0.402495
vt 0.709016 0.443368
vt 0.711697 0.484179
vt 0.711859 0.524632
vt 0.709539 0.564602
vt 0.704804 0.604233
vt 0.697849 0.643124
vt 0.678362 0.718136
vt 0.653537 0.788896
vt -0.000000 0.392699
vt -0.500000 0.392699
vt -0.000000 0.261799
vt -0.500000 0.261799
vt -0.000000 0.130900
vt -0.500000 0.130900
vt -0.500000 0.000000
vt -0.000000 -0.130900
vt -0.500000 -0.130900
vt -0.000000 -0.261799
vt -0.500000 -0.261799
vt -0.000000 -0.392699
vt -0.500000 -0.392699
vt -1.657831 0.191680
vt -1.066204 0.760725
vt -1.657831 1.300000
vt -0.507122 1.300000
vt -0.700000 -6.893667
vt -2.000000 -6.893667
vt -0.700000 -7.439755
vt -2.000000 -7.439755
vt -2.000000 -7.985844
vt -2.000000 -8.531933
vt -0.700000 -8.531933
vt -0.700000 -7.985844
vt 0.936070 0.098267
vt 2.030287 0.677597
vt 0.936070 1.300000
vt 3.095038 1.300000
vt -0.700000 -5.488735
vt -2.000000 -5.488735
vt -0.700000 -5.556823
vt -2.000000 -5.556823
vt -0.700000 -5.624911
vt -2.000000 -5.624911
vt -0.700000 -5.693000
vt -2.000000 -5.693000
vt 0.936070 0.111994
vt 1.941820 0.696320
vt 2.932631 1.300000
vt -0.700000 -0.500146
vt -2.000000 -0.500146
vt -0.700000 -1.160629
vt -2.000000 -1.160629
vt -2.000000 -1.821111
vt -2.000000 -2.481594
vt -0.700000 -2.481594
vt -0.700000 -1.821111
vt -0.700000 -3.682261
vt -2.000000 -3.682261
vt -0.700000 -3.750349
vt -2.000000 -3.750349
vt -0.700000 -3.818438
vt -2.000000 -3.818438
vt -0.700000 -3.886526
vt -2.000000 -3.886526
vt 0.918610 0.073829
vt 1.343176 0.229073
vt 0.918610 1.300000
vt 1.343176 1.300000
vt 11.407140 1.067481
vt 11.706133 2.165883
vt 11.344571 1.889157
vt 11.317134 2.165939
vt 11.230724 2.165948
vt 11.706128 1.082941
vt 11.449250 0.288789
vt 11.706125 -0.000000
vt 11.299249 0.000000
vt 11.144314 2.165955
vt 11.057905 2.165958
vt 0.298986 1.067497
vt -0.000000 1.082976
vt 0.256875 0.288794
vt 0.406875 -0.000000
vt -0.000001 2.165951
vt 0.361557 1.889176
vt 0.388994 2.165956
vt 0.475403 2.165954
vt 0.561811 2.165952
vt 0.648219 2.165950
vt 3.633344 1.698550
vt 3.337224 0.774460
vt 3.407428 0.413049
vt 3.337224 0.387230
vt 3.525143 0.000000
vt 2.453407 0.000000
vt 2.663681 0.413040
vt 3.337224 1.161689
vt 3.337224 1.548919
vt 3.337224 2.323379
vt 2.775635 1.643713
vt 2.919257 2.841222
vt 2.956069 3.097825
vt 2.871787 3.097816
vt 3.911975 2.894900
vt 4.221040 3.097821
vt 4.136761 3.097826
vt 4.052482 3.097832
vt 3.968203 3.097838
vt 2.787506 3.097808
vt 2.703226 3.097802
vt 5.393763 3.169048
vt 5.390150 3.218853
vt 5.361729 3.413620
vt 5.403535 3.310492
vt 5.441716 3.401713
vt 5.456179 4.551542
vt 5.502887 3.483403
vt 5.541177 3.517677
vt 5.583996 3.546026
vt 5.630483 3.567256
vt 5.680121 3.580554
vt 5.731698 3.585096
vt 5.784140 3.580457
vt 5.836547 3.566517
vt 5.887372 3.543714
vt 6.195249 4.327510
vt 6.210752 4.551531
vt 5.935883 3.512563
vt 6.163139 3.856444
vt 5.981006 3.474002
vt 6.166158 3.788073
vt 6.183944 3.718676
vt 6.221470 3.410556
vt 6.215647 3.650268
vt 6.260162 3.584664
vt 6.342952 3.459810
vt 6.403610 3.323109
vt 6.221470 2.817312
vt 6.432400 2.903766
vt 6.384794 2.784662
vt 6.305796 2.688753
vt 6.195029 2.624093
vt 6.144521 2.596214
vt 6.088283 3.028085
vt 6.106403 2.555599
vt 6.042423 2.972525
vt 6.081598 2.504283
vt 5.981007 2.865384
vt 5.981007 2.275698
vt 5.789537 2.275698
vt 5.981007 1.991217
vt 5.789537 1.991217
vt 5.981007 1.706736
vt 5.789537 1.706736
vt 5.981007 1.137775
vt 5.789537 1.137775
vt 5.980998 0.993537
vt 5.877845 -0.000147
vt 5.958561 0.606855
vt 5.981009 0.535730
vt 5.981007 0.000000
vt 6.152481 0.000000
vt 6.038879 3.406616
vt 6.082558 3.331777
vt 6.110612 3.252865
vt 6.121790 3.173290
vt 6.114743 3.096787
vt 5.981012 2.935336
vt 5.932424 2.919315
vt 5.886130 2.909755
vt 5.838806 2.904581
vt 5.790485 2.903472
vt 5.741835 2.906308
vt 5.693632 2.913038
vt 5.598067 2.275698
vt 5.646261 2.923802
vt 5.600595 2.938698
vt 5.557256 2.957902
vt 5.520354 2.275698
vt 5.598067 1.991217
vt 5.520354 1.991217
vt 5.598067 1.706736
vt 5.520354 1.706736
vt 5.598067 1.137775
vt 5.520354 1.137775
vt 5.550373 0.953209
vt 5.516808 0.957267
vt 5.480431 0.952227
vt 5.441711 0.937291
vt 5.361729 1.137775
vt 5.400968 0.911955
vt 5.361722 0.879092
vt 5.276717 0.786898
vt 5.046697 1.137775
vt 5.205882 0.686770
vt 5.147179 0.578792
vt 5.103601 0.469472
vt 5.079532 0.378154
vt 5.069270 0.292703
vt 4.764022 0.606865
vt 5.074795 0.217375
vt 4.555691 -0.000000
vt 5.098477 0.158243
vt 5.117586 0.137140
vt 5.141509 0.122771
vt 5.361729 -0.000000
vt 5.169838 0.115727
vt 5.202387 0.116226
vt 5.238689 0.124358
vt 5.277990 0.139895
vt 5.361721 0.190362
vt 5.428658 0.238961
vt 5.464930 -0.000029
vt 5.487968 0.284283
vt 5.568150 -0.000064
vt 5.542045 0.330447
vt 5.590308 0.379076
vt 5.671361 -0.000123
vt 5.631895 0.431675
vt 5.665514 0.489077
vt 5.774586 -0.000015
vt 5.689893 0.551770
vt 5.703780 0.619794
vt 5.705882 0.692104
vt 5.695068 0.766052
vt 5.670645 0.836884
vt 5.632485 0.897971
vt 5.580908 0.941186
vt 5.516993 2.981600
vt 5.480813 3.009857
vt 5.361729 2.275698
vt 5.449477 3.042919
vt 5.424043 3.080593
vt 5.405245 3.122755
vt 6.026142 1.733922
vt 6.070663 2.444646
vt 6.450226 3.038149
vt 6.440028 3.180287
vt 6.461933 4.551506
vt 6.378206 4.551515
vt 6.294479 4.551523
vt 5.046697 3.413620
vt 4.701001 4.551481
vt 4.731665 3.413620
vt 4.705464 4.305019
vt 4.617274 4.551473
vt 4.533548 4.551468
vt 4.449822 4.551465
vt 5.046697 1.706736
vt 5.361729 1.706736
vt 5.046697 1.991217
vt 5.046697 2.275698
vt 5.361729 1.991217
vt 6.966656 3.343885
vt 7.732783 2.507943
vt 7.971696 3.343924
vt 8.003146 3.094256
vt 8.055387 3.343919
vt 8.139079 3.343914
vt 8.222770 3.343909
vt 6.882966 3.343884
vt 7.013276 3.146115
vt 7.173833 2.507943
vt 7.275761 1.846246
vt 7.732783 1.671962
vt 7.494434 0.445856
vt 7.732783 1.253972
vt 7.732783 0.835981
vt 8.143081 1.791662
vt 8.255316 0.445854
vt 7.370344 0.000000
vt 6.799276 3.343886
vt 6.715585 3.343888
vt 8.470393 0.000000
vt 0.282700 -0.015981
vt 0.146175 0.242715
vt 0.255639 -0.122138
vt 0.246872 0.161265
vt 2.000000 -0.147438
vt 1.875752 0.147438
vt 0.700000 -0.147438
vt 0.700000 0.147438
vt -0.141421 -6.993703
vt -0.141421 -7.561462
vt 0.141421 -7.013556
vt 0.141421 -7.569142
vt -0.141421 -8.129222
vt 0.141421 -8.124728
vt 0.141421 -8.680314
vt -0.141421 -8.696981
vt -1.078573 -2.543873
vt -0.876826 -2.816151
vt -0.467844 -0.869779
vt -0.196510 -0.951308
vt 2.000000 0.146256
vt 0.700000 0.146256
vt 1.808320 -0.146256
vt 0.700000 -0.146256
vt -0.141421 -1.675000
vt 0.141421 -1.467878
vt -0.141421 -0.303954
vt 0.141421 -0.317169
vt 0.936070 0.124248
vt 1.835184 0.704112
vt 2.718086 1.300000
vt 1.469064 -1.885885
vt 0.558919 -3.650000
vt 2.015758 -2.071167
vt 2.577834 -2.202603
vt 3.150000 -3.650000
vt 3.150000 -2.278954
vt 0.261567 -0.108865
vt 0.216904 0.182610
vt 0.109317 0.262165
vt -0.186334 0.213991
vt -2.208251 -3.570216
vt -0.334778 -0.757679
vt -2.268160 -3.149961
vt -0.582726 -0.619716
vt 2.000000 -0.149775
vt 1.918775 0.149775
vt 0.700000 -0.149775
vt 0.700000 0.149775
vt -0.141421 -5.558098
vt -0.141421 -5.642686
vt 0.141421 -5.584191
vt 0.141421 -5.653463
vt -0.141421 -5.727274
vt 0.141421 -5.722736
vt 0.141421 -5.792008
vt -0.141421 -5.811862
vt 2.000000 0.147438
vt 1.901733 -0.147438
vt -1.354718 -3.300827
vt -0.942048 -2.994932
vt -0.462223 -0.854373
vt -0.202131 -0.966715
vt 0.918610 0.081225
vt 3.958811 1.300000
vt -2.127745 -3.650000
vt -0.791374 -3.650000
vt 0.189481 -1.190176
vt 0.259826 -1.239706
vt 0.330881 -1.288213
vt 0.402629 -1.335688
vt 0.238535 -0.153667
vt 0.243746 0.145838
vt 0.053891 -0.278145
vt 0.276484 -0.102513
vt 1.911284 0.147438
vt -0.141421 -3.726446
vt -0.141421 -3.811034
vt 0.141421 -3.746300
vt 0.141421 -3.815573
vt 0.141421 -3.884845
vt -0.141421 -3.895622
vt 0.141421 -3.954118
vt -0.141421 -3.980210
vt -2.853905 -2.582052
vt -0.612397 -0.699126
vt -2.666280 -2.055048
vt -0.806880 -0.493103
vt 2.000000 0.149775
vt 1.926171 -0.149775
vt -0.818098 -0.973066
vt -0.582699 -1.129869
vt -0.570177 -0.600876
vt -0.347327 -0.776519
vt -2.732794 -3.847489
vt -2.337354 -3.704219
vt -1.540962 -2.058260
vt -2.282968 -3.682384
vt -1.305563 -2.215063
vt 0.936070 0.088716
vt 2.163407 0.671842
vt 3.364453 1.300000
vt -3.650000 -1.383979
vt -1.865070 -0.637871
vt -1.133110 0.111023
vt -1.710904 -0.536033
vt -1.537487 -0.472280
vt -3.650000 -2.932529
vt -2.175870 -1.367683
vt -2.137519 -1.109237
vt -2.084223 -0.932326
vt -2.148808 -1.293657
vt -2.163565 -1.351640
vt -2.154738 -1.333449
vt -2.149751 -1.313854
vt -1.991763 -0.772359
vt -1.354069 -0.450010
vt -1.281788 -0.418581
vt -1.081440 0.042234
vt -1.028781 -0.025800
vt -0.975144 -0.093066
vt -1.333964 -0.447864
vt -1.314701 -0.441717
vt -1.297069 -0.431821
vt 0.213982 -0.185690
vt 0.263372 0.105021
vt -0.131622 -0.250700
vt 0.151711 -0.250093
vt 2.000000 -0.146256
vt 1.808320 0.146256
vt -0.141421 -0.492177
vt -0.141421 -1.176320
vt 0.141421 -0.508845
vt 0.141421 -1.180814
vt 0.141421 -1.852783
vt -0.141421 -1.860463
vt 0.141421 -2.524752
vt -0.141421 -2.544606
vt -2.975000 -0.141421
vt -1.603954 -0.141421
vt -2.767878 0.141421
vt -1.617169 0.141421
vt 1.888006 -0.147438
vt -2.490054 -1.907014
vt -2.153711 -1.993870
vt -0.794323 -0.482555
vt -0.624954 -0.709675
vt 0.942169 0.191680
vt 1.533796 0.760725
vt 0.942169 1.300000
vt 2.092878 1.300000
vt -2.278954 3.150000
vt -3.650000 3.150000
vt -2.180116 2.461618
vt -3.650000 0.011751
vt -2.001631 1.789471
vt -1.745939 1.142741
vt 0.229073 -0.121523
vt 0.251606 -0.060714
vt 0.274476 -0.000059
vt 0.297021 0.060573
vt 0.318639 0.121523
vt 0.318639 -0.939426
vt 1.300000 -0.939426
vt 0.359790 -0.826498
vt 1.300000 -0.800543
vt 0.404839 -0.712945
vt 1.300000 -0.661659
vt 0.451900 -0.597879
vt 1.300000 -0.522776
vt 0.498742 -0.480609
vt 1.300000 -0.383892
vt 0.543031 -0.360058
vt 1.300000 -0.245008
vt 0.582284 -0.235023
vt 1.300000 -0.106125
vt 0.613892 -0.104276
vt 0.635206 0.032759
vt 1.300000 0.032759
vt -0.635206 0.121523
vt -0.644393 0.059563
vt -0.657779 -0.001476
vt -0.674691 -0.061891
vt -0.694346 -0.121523
vt -4.410137 1.300000
vt -4.033977 1.172543
vt -2.647085 1.300000
vt -3.320562 0.928705
vt -2.647085 0.694346
vt 0.341003 0.859945
vt -0.750000 0.850848
vt 0.310802 0.776347
vt -0.750000 0.765763
vt 0.294388 0.728786
vt -0.750000 0.680678
vt 0.279133 0.681538
vt 0.265242 0.634434
vt -0.750000 0.595594
vt 0.252825 0.587336
vt 0.241926 0.540086
vt -0.750000 0.510509
vt 0.232612 0.492930
vt 0.224807 0.445691
vt -0.750000 0.425424
vt 0.218483 0.398582
vt -0.750000 0.340339
vt 0.213581 0.351588
vt 0.210023 0.304647
vt -0.750000 0.255254
vt 0.207795 0.258003
vt 0.206869 0.211463
vt -0.750000 0.170170
vt 0.207237 0.165211
vt 0.208947 0.119285
vt -0.750000 0.085085
vt 0.212074 0.073036
vt 0.217329 0.021922
vt -0.750000 -0.000000
vt 0.229622 -0.052756
vt -0.750000 -0.085085
vt 0.247932 -0.128439
vt -0.750000 -0.170170
vt 0.270574 -0.202230
vt -0.750000 -0.255254
vt 0.295786 -0.273731
vt -0.750000 -0.340339
vt 0.322011 -0.343313
vt 0.348015 -0.411861
vt -0.750000 -0.425424
vt 0.372680 -0.480193
vt -0.750000 -0.510509
vt 0.394900 -0.548899
vt -0.750000 -0.595594
vt 0.407599 -0.595298
vt 0.417868 -0.641950
vt -0.750000 -0.680678
vt 0.425383 -0.688688
vt 0.429972 -0.735697
vt -0.750000 -0.765763
vt 0.431499 -0.782459
vt 0.430010 -0.829020
vt -0.750000 -0.850848
vt 0.425629 -0.875238
vt -0.750000 -0.935933
vt 0.418629 -0.920762
vt 0.409282 -0.965813
vt -0.750000 -1.021018
vt 0.397984 -1.010161
vt 0.371066 -1.097085
vt 0.371066 0.944950
vt -0.750000 1.021018
vt -0.750000 0.935933
vt -0.559255 0.996123
vt -0.595281 0.921409
vt -0.625376 0.856227
vt -0.653537 0.788896
vt -0.678362 0.718136
vt -0.697849 0.643124
vt -0.704804 0.604233
vt -0.709539 0.564602
vt -0.711859 0.524632
vt -0.711697 0.484179
vt -0.709016 0.443368
vt -0.703896 0.402495
vt -0.687375 0.321920
vt -0.671237 0.256120
vt -0.656299 0.191406
vt -0.641093 0.125889
vt -0.625039 0.059784
vt -0.607694 -0.006899
vt -0.588777 -0.073942
vt -0.568132 -0.141443
vt -0.545723 -0.209824
vt -0.521894 -0.279529
vt -0.497518 -0.350967
vt -0.474164 -0.424345
vt -0.454020 -0.499848
vt -0.439800 -0.577692
vt -0.435850 -0.617416
vt -0.434524 -0.657681
vt -0.436177 -0.698330
vt -0.441096 -0.738952
vt -0.449470 -0.779267
vt -0.460266 -0.816004
vt -0.490673 -0.896181
vt -0.523670 -0.971075
vt -0.559255 -1.045912
vt -0.500000 0.500000
vt -0.717471 0.500000
vt -2.266021 0.500000
vt -3.661751 0.500000
vt -7.300000 0.000000
vt -6.800000 0.500000
vt -7.300000 0.500000
vt -7.800000 0.500000
vt -10.938249 0.500000
vt -14.100000 0.000000
vt -12.333979 0.500000
vt -13.882529 0.500000
vt -14.100000 0.500000
vt 0.500000 -0.392699
vt 0.500000 -0.261799
vt 0.500000 -0.130900
vt 0.500000 0.000000
vt 0.500000 0.130900
vt 0.500000 0.261799
vt 0.500000 0.392699
vt 1.657831 0.191680
vt 1.657831 1.300000
vt 1.066204 0.760725
vt 0.507122 1.300000
vt 2.000000 -6.893667
vt 0.700000 -6.893667
vt 2.000000 -7.439755
vt 0.700000 -7.439755
vt 0.700000 -7.985844
vt 0.700000 -8.531933
vt 2.000000 -8.531933
vt 2.000000 -7.985844
vt -0.936070 0.098267
vt -2.030287 0.677597
vt -3.095038 1.300000
vt 2.000000 -5.488735
vt 0.700000 -5.488735
vt 2.000000 -5.556823
vt 0.700000 -5.556823
vt 2.000000 -5.624911
vt 0.700000 -5.624911
vt 2.000000 -5.693000
vt 0.700000 -5.693000
vt -0.936070 0.111994
vt -1.941820 0.696320
vt -2.932631 1.300000
vt 2.000000 -0.500146
vt 0.700000 -0.500146
vt 2.000000 -1.160629
vt 0.700000 -1.160629
vt 0.700000 -1.821111
vt 0.700000 -2.481594
vt 2.000000 -2.481594
vt 2.000000 -1.821111
vt 2.000000 -3.682261
vt 0.700000 -3.682261
vt 2.000000 -3.750349
vt 0.700000 -3.750349
vt 2.000000 -3.818438
vt 0.700000 -3.818438
vt 2.000000 -3.886526
vt 0.700000 -3.886526
vt -0.918610 0.073829
vt -1.343176 0.229073
vt -1.343176 1.300000
vt -11.407140 1.067481
vt -11.706128 1.082941
vt -11.449250 0.288789
vt -11.706125 0.000000
vt -11.299249 -0.000000
vt -11.706133 2.165883
vt -11.344571 1.889157
vt -11.317134 2.165939
vt -11.230724 2.165948
vt -11.144314 2.165955
vt -11.057905 2.165958
vt -0.298986 1.067497
vt 0.000001 2.165951
vt -0.361557 1.889176
vt -0.388994 2.165956
vt -0.475403 2.165954
vt -0.256875 0.288794
vt -0.406875 0.000000
vt -0.561811 2.165952
vt -0.648219 2.165950
vt -3.633344 1.698550
vt -3.337224 2.323379
vt -3.911975 2.894900
vt -2.956069 3.097825
vt -3.968203 3.097838
vt -3.337224 1.548919
vt -3.407428 0.413049
vt -3.337224 1.161689
vt -3.337224 0.774460
vt -2.775635 1.643713
vt -2.663681 0.413040
vt -3.337224 0.387230
vt -2.453407 -0.000000
vt -3.525143 -0.000000
vt -2.919257 2.841222
vt -2.703226 3.097802
vt -2.787506 3.097808
vt -2.871787 3.097816
vt -4.052482 3.097832
vt -4.136761 3.097826
vt -4.221040 3.097821
vt -5.403535 3.310492
vt -5.390150 3.218853
vt -5.361729 3.413620
vt -5.393763 3.169048
vt -5.361729 2.275698
vt -5.405245 3.122755
vt -5.424043 3.080593
vt -5.449477 3.042919
vt -5.480813 3.009857
vt -5.520354 2.275698
vt -5.516993 2.981600
vt -5.557256 2.957902
vt -5.598067 2.275698
vt -5.600595 2.938698
vt -5.646261 2.923802
vt -5.693632 2.913038
vt -5.789537 2.275698
vt -5.598067 1.991217
vt -5.789537 1.991217
vt -5.598067 1.706736
vt -5.789537 1.706736
vt -5.598067 1.137775
vt -5.789537 1.137775
vt -5.632485 0.897971
vt -5.670645 0.836884
vt -5.695068 0.766052
vt -5.705882 0.692104
vt -5.703780 0.619794
vt -5.774586 -0.000015
vt -5.689893 0.551770
vt -5.665514 0.489077
vt -5.671361 -0.000123
vt -5.631895 0.431675
vt -5.568150 -0.000064
vt -5.590308 0.379076
vt -5.542045 0.330447
vt -5.487968 0.284283
vt -5.464930 -0.000029
vt -5.428658 0.238961
vt -5.361729 -0.000000
vt -5.361721 0.190362
vt -5.277990 0.139895
vt -5.238689 0.124358
vt -5.202387 0.116226
vt -5.169838 0.115727
vt -5.046697 0.092523
vt -5.141509 0.122771
vt -5.117586 0.137140
vt -5.098477 0.158243
vt -5.074795 0.217375
vt -5.069270 0.292703
vt -5.046697 1.137775
vt -5.079532 0.378154
vt -5.103601 0.469472
vt -5.147179 0.578792
vt -5.205882 0.686770
vt -5.361729 1.137775
vt -5.276717 0.786898
vt -5.361722 0.879092
vt -5.400968 0.911955
vt -5.441711 0.937291
vt -5.520354 1.137775
vt -5.480431 0.952227
vt -5.516808 0.957267
vt -5.550373 0.953209
vt -5.580908 0.941186
vt -5.741835 2.906308
vt -5.790485 2.903472
vt -5.838806 2.904581
vt -5.886130 2.909755
vt -5.981007 2.865384
vt -5.981007 2.275698
vt -6.081598 2.504283
vt -6.070663 2.444646
vt -5.932424 2.919315
vt -5.981012 2.935336
vt -6.042423 2.972525
vt -6.088283 3.028085
vt -6.106403 2.555599
vt -6.144521 2.596214
vt -6.221470 2.817312
vt -6.195029 2.624093
vt -6.305796 2.688753
vt -6.384794 2.784662
vt -6.432400 2.903766
vt -6.403610 3.323109
vt -6.440028 3.180287
vt -6.114743 3.096787
vt -6.121790 3.173290
vt -6.221470 3.410556
vt -6.110612 3.252865
vt -6.082558 3.331777
vt -6.038879 3.406616
vt -6.260162 3.584664
vt -6.342952 3.459810
vt -5.981006 3.474002
vt -6.215647 3.650268
vt -6.183944 3.718676
vt -6.166158 3.788073
vt -6.163139 3.856444
vt -5.935883 3.512563
vt -6.195249 4.327510
vt -5.887372 3.543714
vt -5.836547 3.566517
vt -6.210752 4.551531
vt -5.784140 3.580457
vt -5.456179 4.551542
vt -5.731698 3.585096
vt -5.680121 3.580554
vt -5.630483 3.567256
vt -5.583996 3.546026
vt -5.541177 3.517677
vt -5.502887 3.483403
vt -5.441716 3.401713
vt -6.026142 1.733922
vt -5.981007 1.991217
vt -5.980998 0.993537
vt -5.981007 1.137775
vt -5.981007 1.706736
vt -5.958561 0.606855
vt -5.877845 -0.000147
vt -5.981009 0.535730
vt -5.981007 0.000000
vt -6.152481 0.000000
vt -4.731665 0.033160
vt -4.555691 -0.000000
vt -4.764022 0.606865
vt -4.705464 4.305019
vt -4.731665 3.413620
vt -5.046697 1.991217
vt -5.046697 1.706736
vt -5.361729 1.991217
vt -5.361729 1.706736
vt -5.520354 1.991217
vt -5.520354 1.706736
vt -4.449822 4.551465
vt -4.533548 4.551468
vt -4.617274 4.551473
vt -4.701001 4.551481
vt -5.046697 3.413620
vt -6.294479 4.551523
vt -6.378206 4.551515
vt -6.461933 4.551506
vt -6.450226 3.038149
vt -5.046697 2.275698
vt -6.882966 3.343884
vt -6.966656 3.343885
vt -7.013276 3.146115
vt -7.971696 3.343924
vt -7.173833 2.507943
vt -7.732783 2.507943
vt -7.275761 1.846246
vt -7.732783 1.671962
vt -7.732783 1.253972
vt -8.143081 1.791662
vt -8.255316 0.445854
vt -8.003146 3.094256
vt -8.055387 3.343919
vt -8.139079 3.343914
vt -8.222770 3.343909
vt -8.470393 0.000000
vt -7.370344 0.000000
vt -7.494434 0.445856
vt -7.732783 0.835981
vt -6.715585 3.343888
vt -6.799276 3.343886
vt -0.750000 0.000000
vt -6.800000 0.000000
vt -5.777745 0.500000
vt -4.441374 0.500000
vt -3.091081 0.500000
vt -0.000000 0.500000
vt 0.500000 0.500000
vt 3.091081 0.500000
vt 6.800000 0.000000
vt 4.441374 0.500000
vt 5.777745 0.500000
vt 6.800000 0.500000
vt -0.000000 6.218687
vt 2.000000 7.076437
vt -0.000000 7.076437
vt 2.000000 7.934187
vt 0.000000 7.934187
vt 2.000000 8.791937
vt 0.000000 8.791937
vt 2.000000 9.649687
vt -0.000000 9.649687
vt 2.000000 10.507437
vt -0.000000 10.507437
vt 2.000000 11.365187
vt 0.000000 11.365187
vt 2.000000 12.222937
vt 0.000000 12.222937
vt 2.000000 13.080687
vt -0.000000 13.080687
vt 2.000000 13.938437
vt 0.000000 13.938437
vt 0.000000 -14.367312
vt 2.000000 -14.367312
vt 2.000000 -13.509562
vt 0.000000 -13.509562
vt 2.000000 -12.651812
vt 0.000000 -12.651812
vt 2.000000 -11.794062
vt 0.000000 -11.794062
vt 2.000000 -10.936312
vt 0.000000 -10.936312
vt 2.000000 -10.078562
vt 0.000000 -10.078562
vt 2.000000 -9.220812
vt 0.000000 -9.220812
vt 2.000000 -8.363062
vt 0.000000 -8.363062
vt 2.000000 -7.505312
vt 0.000000 -7.505312
vt 2.000000 -6.647562
vt 0.000000 -6.647562
vt 2.000000 -5.789812
vt 0.000000 -5.789812
vt 2.000000 -4.932062
vt 0.000000 -4.932062
vt 2.000000 -4.074312
vt 0.000000 -4.074312
vt 2.000000 -3.216562
vt 0.000000 -3.216562
vt 2.000000 -2.358812
vt 0.000000 -2.358812
vt 2.000000 -1.501062
vt 0.000000 -1.501062
vt 2.000000 -0.643312
vt -0.000000 -0.643312
vt 2.000000 0.214437
vt 0.000000 0.214437
vt 2.000000 1.072187
vt 0.000000 1.072187
vt 2.000000 1.929937
vt -0.000000 1.929937
vt 2.000000 2.787687
vt -0.000000 2.787687
vt 2.000000 3.645437
vt -0.000000 3.645437
vt 2.000000 4.503187
vt -0.000000 4.503187
vt 2.000000 5.360937
vt -0.000000 5.360937
vt 2.000000 6.218687
vt 0.717471 0.500000
vt 2.266021 0.500000
vt 3.661751 0.500000
vt 7.300000 0.000000
vt 7.300000 0.500000
vt 7.800000 0.500000
vt 10.938249 0.500000
vt 14.100000 0.000000
vt 12.333979 0.500000
vt 13.882529 0.500000
vt 14.100000 0.500000
vt 2.875000 10.175000
vt 4.549339 7.057298
vt 9.675000 10.175000
vt 5.310587 6.664847
vt 5.983806 6.135422
vt -3.925000 10.175000
vt 1.200661 7.057298
vt 2.022423 7.298589
vt 2.875000 7.380000
vt -4.054410 10.157963
vt -4.175000 10.108013
vt -4.278553 10.028553
vt -4.358013 9.925000
vt -4.407963 9.804410
vt -4.425000 9.675000
vt -0.233806 6.135422
vt -0.794665 5.488156
vt -1.222892 4.746445
vt -4.425000 2.875000
vt -1.503011 3.937094
vt -1.624897 3.089357
vt -1.584146 2.233872
vt -1.382229 1.401559
vt -1.026444 0.622500
vt -4.425000 -3.925000
vt -0.529652 -0.075148
vt -3.925000 -4.425000
vt 0.090194 -0.666169
vt 0.810690 -1.129204
vt 2.875000 -4.425000
vt 1.605795 -1.447516
vt 2.446773 -1.609601
vt 3.303227 -1.609601
vt 4.144205 -1.447516
vt 4.939310 -1.129204
vt 9.675000 -4.425000
vt 5.659806 -0.666169
vt 6.279652 -0.075148
vt 10.175000 -3.925000
vt 6.776444 0.622500
vt 10.175000 2.875000
vt 7.132229 1.401559
vt 7.334146 2.233872
vt 7.374897 3.089357
vt 7.253011 3.937094
vt 6.972892 4.746445
vt 10.175000 9.675000
vt 6.544665 5.488156
vt -4.407963 -4.054410
vt -4.358013 -4.175000
vt -4.278553 -4.278553
vt -4.175000 -4.358013
vt -4.054410 -4.407963
vt 9.804410 -4.407963
vt 9.925000 -4.358013
vt 10.028553 -4.278553
vt 10.108013 -4.175000
vt 10.157963 -4.054410
vt 10.157963 9.804410
vt 10.108013 9.925000
vt 10.028553 10.028553
vt 9.925000 10.108013
vt 9.804410 10.157963
vt 3.727577 7.298589
vt 0.439413 6.664847
vt -5.647423 11.323589
vt -6.000484 12.628262
vt -6.500000 11.405000
vt -6.066934 12.633668
vt -6.133442 12.638304
vt -4.825661 11.082298
vt -4.927950 12.430928
vt -5.459528 12.555079
vt -4.064413 10.689847
vt -4.225505 12.181020
vt -4.286889 12.207037
vt -4.348571 12.232340
vt -3.391194 10.160422
vt -3.015519 11.473936
vt -3.068786 11.514030
vt -3.122514 11.553503
vt -2.830335 9.513156
vt -2.142051 10.651104
vt -2.557087 11.085205
vt -2.402108 8.771445
vt -1.364053 9.485449
vt -1.772605 10.173261
vt -1.810875 10.227853
vt -2.121989 7.962094
vt -1.035984 8.690818
vt -1.277244 9.305270
vt -1.305484 9.365664
vt -2.000103 7.114357
vt -0.771738 7.399516
vt -0.866738 8.052764
vt -2.040854 6.258872
vt -0.757831 6.600000
vt -0.750000 6.900000
vt -0.757831 7.200000
vt -2.242771 5.426559
vt -0.866738 5.747236
vt -0.771738 6.400484
vt -0.766332 6.466934
vt -2.598556 4.647500
vt -1.277244 4.494730
vt -1.035984 5.109182
vt -3.095348 3.949852
vt -1.810875 3.572147
vt -1.772605 3.626739
vt -1.364053 4.314551
vt -3.715194 3.358831
vt -2.557087 2.714795
vt -2.142051 3.148896
vt -2.098852 3.199676
vt -4.435690 2.895796
vt -3.401403 2.056324
vt -3.345451 2.092576
vt -3.288747 2.130267
vt -5.230795 2.577484
vt -4.348571 1.567660
vt -4.286889 1.592963
vt -4.225505 1.618980
vt -6.071773 2.415399
vt -5.459528 1.244921
vt -4.927950 1.369072
vt -4.410541 1.543073
vt -6.928227 2.415399
vt -6.500000 1.150000
vt -6.200000 1.157831
vt -6.133442 1.161696
vt -7.769205 2.577484
vt -7.540472 1.244921
vt -6.999516 1.171738
vt -6.933066 1.166332
vt -8.564310 2.895796
vt -8.651429 1.567660
vt -8.589459 1.543073
vt -8.072050 1.369072
vt -9.284806 3.358831
vt -9.598597 2.056324
vt -9.542229 2.020723
vt -9.485451 1.985778
vt -9.904652 3.949852
vt -10.442913 2.714795
vt -9.984481 2.326064
vt -9.931214 2.285970
vt -10.401444 4.647500
vt -11.189125 3.572147
vt -11.150225 3.518003
vt -11.110700 3.464313
vt -10.757229 5.426559
vt -11.722756 4.494730
vt -11.694516 4.434336
vt -11.665579 4.374274
vt -10.959146 6.258872
vt -12.133262 5.747236
vt -11.964016 5.109182
vt -10.999897 7.114357
vt -12.242169 6.600000
vt -12.238304 6.533442
vt -12.233668 6.466934
vt -10.878011 7.962094
vt -12.228262 7.399516
vt -12.233668 7.333066
vt -12.238304 7.266558
vt -10.597892 8.771445
vt -11.964016 8.690818
vt -12.133262 8.052764
vt -10.169665 9.513156
vt -11.635947 9.485449
vt -11.665579 9.425726
vt -11.694516 9.365664
vt -9.608806 10.160422
vt -10.857949 10.651104
vt -10.901148 10.600324
vt -10.943756 10.549046
vt -8.935587 10.689847
vt -9.984481 11.473936
vt -10.442913 11.085205
vt -8.174339 11.082298
vt -8.774495 12.181020
vt -9.485451 11.814222
vt -9.542229 11.779277
vt -7.352577 11.323589
vt -8.072050 12.430928
vt -8.589459 12.256927
vt -8.651429 12.232340
vt -6.999516 12.628262
vt -7.540472 12.555079
vt -6.200000 12.642169
vt -6.500000 12.650000
vt -6.800000 12.642169
vt -6.866558 12.638304
vt -6.933066 12.633668
vt -8.713111 12.207037
vt -9.598597 11.743676
vt -9.654549 11.707424
vt -9.711253 11.669733
vt -9.767507 11.631373
vt -9.823303 11.592351
vt -9.877486 11.553503
vt -9.931214 11.514030
vt -10.985766 10.497277
vt -11.028048 10.443908
vt -11.069694 10.390042
vt -11.110700 10.335687
vt -11.150225 10.281997
vt -11.189125 10.227853
vt -11.227395 10.173261
vt -11.722756 9.305270
vt -12.242169 7.200000
vt -12.250000 6.900000
vt -12.228262 6.400484
vt -11.635947 4.314551
vt -11.227395 3.626739
vt -11.069694 3.409958
vt -11.028048 3.356092
vt -10.985766 3.302723
vt -10.943756 3.250954
vt -10.901148 3.199676
vt -10.857949 3.148896
vt -9.877486 2.246497
vt -9.823303 2.207649
vt -9.767507 2.168627
vt -9.711253 2.130267
vt -9.654549 2.092576
vt -8.774495 1.618980
vt -8.713111 1.592963
vt -6.866558 1.161696
vt -6.800000 1.157831
vt -6.066934 1.166332
vt -6.000484 1.171738
vt -3.514549 1.985778
vt -3.457771 2.020723
vt -3.232493 2.168627
vt -3.176697 2.207649
vt -3.122514 2.246497
vt -3.068786 2.285970
vt -3.015519 2.326064
vt -2.056244 3.250954
vt -2.014234 3.302723
vt -1.971952 3.356092
vt -1.930306 3.409958
vt -1.889300 3.464313
vt -1.849775 3.518003
vt -1.334421 4.374274
vt -1.305484 4.434336
vt -0.761696 6.533442
vt -0.761696 7.266558
vt -0.766332 7.333066
vt -1.334421 9.425726
vt -1.849775 10.281997
vt -1.889300 10.335687
vt -1.930306 10.390042
vt -1.971952 10.443908
vt -2.014234 10.497277
vt -2.056244 10.549046
vt -2.098852 10.600324
vt -3.176697 11.592351
vt -3.232493 11.631373
vt -3.288747 11.669733
vt -3.345451 11.707424
vt -3.401403 11.743676
vt -3.457771 11.779277
vt -3.514549 11.814222
vt -4.410541 12.256927
vt 0.100000 0.100000
vt 1.800000 0.100000
vt 0.100000 2.100000
vt 1.800000 2.100000
vt 0.300000 -3.239767
vt -0.000000 -3.239767
vt 0.300000 -3.455752
vt -0.000000 -3.455752
vt 0.300000 3.455752
vt -0.000000 3.455752
vt 0.300000 3.239767
vt -0.000000 3.239767
vt 0.300000 3.023783
vt -0.000000 3.023783
vt 0.300000 2.807798
vt -0.000000 2.807798
vt 0.300000 2.591814
vt -0.000000 2.591814
vt 0.300000 2.375829
vt -0.000000 2.375829
vt 0.300000 2.159845
vt -0.000000 2.159845
vt 0.300000 1.943860
vt -0.000000 1.943860
vt 0.300000 1.727876
vt -0.000000 1.727876
vt 0.300000 1.511891
vt 0.000000 1.511891
vt 0.300000 1.295907
vt 0.000000 1.295907
vt 0.300000 1.079922
vt 0.000000 1.079922
vt 0.300000 0.863938
vt 0.000000 0.863938
vt 0.300000 0.647953
vt 0.000000 0.647953
vt 0.300000 0.431969
vt 0.000000 0.431969
vt 0.300000 0.215984
vt 0.000000 0.215984
vt 0.300000 -0.215984
vt 0.000000 -0.215984
vt 0.300000 -0.431969
vt 0.000000 -0.431969
vt 0.300000 -0.647953
vt 0.000000 -0.647953
vt 0.300000 -0.863938
vt 0.000000 -0.863938
vt 0.300000 -1.079922
vt 0.000000 -1.079922
vt 0.300000 -1.295907
vt 0.000000 -1.295907
vt 0.300000 -1.511891
vt 0.000000 -1.511891
vt 0.300000 -1.727876
vt 0.000000 -1.727876
vt 0.300000 -1.943860
vt -0.000000 -1.943860
vt 0.300000 -2.159845
vt -0.000000 -2.159845
vt 0.300000 -2.375829
vt -0.000000 -2.375829
vt 0.300000 -2.591814
vt -0.000000 -2.591814
vt 0.300000 -2.807798
vt -0.000000 -2.807798
vt 0.300000 -3.023783
vt -0.000000 -3.023783
vt 0.497452 -0.133292
vt 1.078864 -0.214599
vt 0.515000 0.000000
vt 1.100000 -0.000000
vt 1.078864 0.214599
vt 1.016267 -0.420952
vt 0.446003 -0.257500
vt 0.914617 -0.611127
vt 0.364160 -0.364160
vt 0.777817 -0.777817
vt 0.611127 -0.914617
vt 0.257500 -0.446003
vt 0.420952 -1.016267
vt 0.133292 -0.497452
vt 0.214599 -1.078864
vt 0.000000 -0.515000
vt 0.000000 -1.100000
vt -0.214599 -1.078864
vt -0.133292 -0.497452
vt -0.420952 -1.016267
vt -0.257500 -0.446003
vt -0.611127 -0.914617
vt -0.364160 -0.364160
vt -0.777817 -0.777817
vt -0.914617 -0.611127
vt -0.446003 -0.257500
vt -1.016267 -0.420952
vt -0.497452 -0.133292
vt -1.078864 -0.214599
vt -0.515000 0.000000
vt -1.100000 -0.000000
vt -1.078864 0.214599
vt -0.497452 0.133292
vt -1.016267 0.420952
vt -0.446003 0.257500
vt -0.914617 0.611127
vt -0.364160 0.364160
vt -0.777817 0.777817
vt -0.611127 0.914617
vt -0.257500 0.446003
vt -0.420952 1.016267
vt -0.133292 0.497452
vt -0.214599 1.078864
vt 0.000000 0.515000
vt 0.000000 1.100000
vt 0.214599 1.078864
vt 0.133292 0.497452
vt 0.420952 1.016267
vt 0.257500 0.446003
vt 0.611127 0.914617
vt 0.364160 0.364160
vt 0.777817 0.777817
vt 0.914617 0.611127
vt 0.446003 0.257500
vt 1.016267 0.420952
vt 0.497452 0.133292
vt 1.900000 -1.483094
vt 0.000000 -1.483094
vt 1.900000 -1.617920
vt 0.000000 -1.617920
vt 1.900000 1.617920
vt 0.000000 1.617920
vt 1.900000 1.483094
vt 0.000000 1.483094
vt 1.900000 1.348267
vt 0.000000 1.348267
vt 1.900000 1.213440
vt 0.000000 1.213440
vt 1.900000 1.078613
vt 0.000000 1.078613
vt 1.900000 0.943787
vt 0.000000 0.943787
vt 1.900000 0.808960
vt 0.000000 0.808960
vt 1.900000 0.674133
vt 0.000000 0.674133
vt 1.900000 0.539307
vt 0.000000 0.539307
vt 1.900000 0.404480
vt 0.000000 0.404480
vt 1.900000 0.269653
vt -0.000000 0.269653
vt 1.900000 0.134827
vt -0.000000 0.134827
vt 1.900000 -0.000000
vt 1.900000 -0.134827
vt -0.000000 -0.134827
vt 1.900000 -0.269653
vt -0.000000 -0.269653
vt 1.900000 -0.404480
vt -0.000000 -0.404480
vt 1.900000 -0.539307
vt -0.000000 -0.539307
vt 1.900000 -0.674133
vt -0.000000 -0.674133
vt 1.900000 -0.808960
vt -0.000000 -0.808960
vt 1.900000 -0.943787
vt -0.000000 -0.943787
vt 1.900000 -1.078613
vt -0.000000 -1.078613
vt 1.900000 -1.213440
vt -0.000000 -1.213440
vt 1.900000 -1.348267
vt 0.000000 -1.348267
vt -1.900000 1.450000
vt -0.000000 0.850000
vt 1.900000 1.450000
vt 0.214599 0.828864
vt 0.420952 0.766267
vt -1.900000 -0.250000
vt -0.914617 0.361127
vt -0.777817 0.527817
vt -0.611127 0.664617
vt -1.881242 -0.516325
vt -1.100000 -0.250000
vt -1.078864 -0.035401
vt -1.016267 0.170952
vt -1.078864 -0.464599
vt -1.825338 -0.777391
vt -1.016267 -0.670952
vt -1.733392 -1.028043
vt -0.914617 -0.861127
vt -1.607220 -1.263333
vt -0.777817 -1.027817
vt -1.543321 -1.340981
vt -1.462076 -1.400238
vt -1.368619 -1.437360
vt -1.268858 -1.450000
vt -0.611127 -1.164617
vt -0.420952 -1.266267
vt -0.214599 -1.328864
vt -0.000000 -1.350000
vt 1.268858 -1.450000
vt 0.214599 -1.328864
vt 0.420952 -1.266267
vt 0.611127 -1.164617
vt 0.777817 -1.027817
vt 1.368619 -1.437360
vt 1.462076 -1.400238
vt 1.543321 -1.340981
vt 1.607220 -1.263333
vt 0.914617 -0.861127
vt 1.733392 -1.028043
vt 1.016267 -0.670952
vt 1.825338 -0.777391
vt 1.078864 -0.464599
vt 1.881242 -0.516325
vt 1.100000 -0.250000
vt 1.900000 -0.250000
vt 1.078864 -0.035401
vt 1.016267 0.170952
vt 0.914617 0.361127
vt 0.777817 0.527817
vt 0.611127 0.664617
vt -0.420952 0.766267
vt -0.214599 0.828864
vt 0.070711 1.379790
vt -0.070711 1.379790
vt 0.070711 1.105553
vt -0.070711 1.105553
vt 0.070711 0.831317
vt -0.070711 0.831317
vt 0.070711 0.557080
vt -0.070711 0.557080
vt 0.070711 0.282844
vt -0.070711 0.282844
vt 0.070711 0.226859
vt -0.070711 0.226859
vt 0.070711 0.113429
vt -0.070711 0.113429
vt 0.070711 0.000000
vt -0.070711 0.000000
vt 0.070711 -0.113429
vt -0.070711 -0.113429
vt 0.070711 -0.226859
vt -0.070711 -0.226859
vt 0.070711 2.028792
vt -0.070711 2.028792
vt 0.070711 -0.508924
vt -0.070711 -0.508924
vt 0.070711 1.096946
vt -0.070711 1.096946
vt 0.070711 0.822709
vt -0.070711 0.822709
vt 0.070711 0.548473
vt -0.070711 0.548473
vt 0.070711 0.274236
vt -0.070711 0.274236
vt -2.100000 0.290096
vt -0.100000 0.290096
vt -2.100000 0.571365
vt -0.100000 0.571365
vt -2.100000 0.852633
vt -0.100000 0.852633
vt -2.100000 1.133901
vt -0.100000 1.133901
vt -2.100000 1.415169
vt -0.100000 1.415169
vt -2.100000 -0.252065
vt -0.100000 -0.252065
vt -2.100000 -0.126033
vt -0.100000 -0.126033
vt -2.100000 -0.000000
vt -0.100000 -0.000000
vt -2.100000 0.126033
vt -0.100000 0.126033
vt -2.100000 0.252065
vt -0.100000 0.252065
vt 0.251011 0.100000
vt 2.788726 0.100000
vt 0.251011 2.100000
vt 2.788726 2.100000
vt -2.100000 0.281268
vt -0.100000 0.281268
vt -2.100000 0.562536
vt -0.100000 0.562536
vt -2.100000 0.843804
vt -0.100000 0.843804
vt -2.100000 1.125072
vt -0.100000 1.125072
vt 0.675000 0.070711
vt -1.025000 0.070711
vt 0.675000 -0.070711
vt -1.025000 -0.070711
vt 1.575000 0.070711
vt -0.125000 0.070711
vt 1.575000 -0.070711
vt -0.125000 -0.070711
vt -0.675000 -0.070711
vt 1.025000 -0.070711
vt -0.675000 0.070711
vt 1.025000 0.070711
vt 0.000000 0.265000
vt 0.133292 0.247452
vt 0.257500 0.196003
vt -0.364160 0.114160
vt -0.257500 0.196003
vt -0.133292 0.247452
vt -0.515000 -0.250000
vt -0.497452 -0.116708
vt -0.446003 0.007500
vt -0.497452 -0.383292
vt -0.446003 -0.507500
vt -0.364160 -0.614160
vt 0.000000 -0.765000
vt -0.133292 -0.747452
vt -0.257500 -0.696003
vt 0.364160 -0.614160
vt 0.446003 -0.507500
vt 0.497452 -0.383292
vt 0.515000 -0.250000
vt 0.497452 -0.116708
vt 0.446003 0.007500
vt 0.364160 0.114160
vt 0.257500 -0.696003
vt 0.133292 -0.747452
vt -1.575000 -0.070711
vt 0.125000 -0.070711
vt -1.575000 0.070711
vt 0.125000 0.070711
vt 1.700000 2.100000
vt -0.000000 2.100000
vt 1.700000 0.100000
vt -0.000000 0.100000
vt 1.100000 -1.900000
vt 1.000000 2.000000
vt 1.000000 -2.000000
vt -1.000000 2.000000
vt -1.000000 -2.000000
vt -1.100000 -1.900000
vt -1.100000 1.900000
vt 1.100000 1.900000
vt -2.500000 -0.000000
vt -2.500000 0.020000
vt -0.000000 0.020000
vt -0.600000 -1.250000
vt 0.600000 -1.250000
vt -0.600000 1.250000
vt 0.600000 1.250000
vt 0.750000 1.250000
vt 0.472141 0.717272
vt 0.750000 -1.250000
vt 0.472141 -0.717272
vt 0.476450 -0.750000
vt -0.000000 1.250000
vt 0.350000 0.876450
vt 0.382728 0.872141
vt 0.413225 0.859509
vt 0.000000 -1.250000
vt 0.227859 0.717272
vt 0.223550 0.750000
vt 0.227859 0.782728
vt 0.350000 -0.876450
vt 0.317272 -0.872141
vt 0.286775 -0.859509
vt 0.472141 -0.782728
vt 0.459509 -0.813225
vt 0.439414 -0.839414
vt 0.413225 -0.859509
vt 0.382728 -0.872141
vt 0.260586 -0.839414
vt 0.240491 -0.813225
vt 0.227859 -0.782728
vt 0.223550 -0.750000
vt 0.227859 -0.717272
vt 0.240491 -0.686775
vt 0.240491 0.686775
vt 0.260586 0.660586
vt 0.260586 -0.660586
vt 0.286775 0.640491
vt 0.286775 -0.640491
vt 0.317272 0.627859
vt 0.317272 -0.627859
vt 0.350000 0.623550
vt 0.350000 -0.623550
vt 0.382728 -0.627859
vt 0.382728 0.627859
vt 0.413225 -0.640491
vt 0.413225 0.640491
vt 0.439414 -0.660586
vt 0.439414 0.660586
vt 0.459509 -0.686775
vt 0.459509 0.686775
vt 0.472141 0.782728
vt 0.476450 0.750000
vt 0.240491 0.813225
vt 0.260586 0.839414
vt 0.286775 0.859509
vt 0.317272 0.872141
vt 0.439414 0.839414
vt 0.459509 0.813225
vt 1.950000 -1.250000
vt 2.227859 0.717272
vt 1.950000 1.250000
vt 2.223550 0.750000
vt 2.227859 0.782728
vt 2.700000 -1.250000
vt 2.350000 -0.876450
vt 2.317272 -0.872141
vt 2.286775 -0.859509
vt 2.700000 1.250000
vt 2.472141 0.717272
vt 2.472141 -0.717272
vt 2.476450 -0.750000
vt 2.350000 0.876450
vt 2.382728 0.872141
vt 2.413225 0.859509
vt 2.472141 -0.782728
vt 2.459509 -0.813225
vt 2.439414 -0.839414
vt 2.413225 -0.859509
vt 2.382728 -0.872141
vt 2.260586 -0.839414
vt 2.240491 -0.813225
vt 2.227859 -0.782728
vt 2.223550 -0.750000
vt 2.227859 -0.717272
vt 2.240491 -0.686775
vt 2.240491 0.686775
vt 2.260586 0.660586
vt 2.260586 -0.660586
vt 2.286775 0.640491
vt 2.286775 -0.640491
vt 2.317272 0.627859
vt 2.317272 -0.627859
vt 2.350000 0.623550
vt 2.350000 -0.623550
vt 2.382728 -0.627859
vt 2.382728 0.627859
vt 2.413225 -0.640491
vt 2.413225 0.640491
vt 2.439414 -0.660586
vt 2.439414 0.660586
vt 2.459509 -0.686775
vt 2.459509 0.686775
vt 2.472141 0.782728
vt 2.476450 0.750000
vt 2.240491 0.813225
vt 2.260586 0.839414
vt 2.286775 0.859509
vt 2.317272 0.872141
vt 2.439414 0.839414
vt 2.459509 0.813225
vt -0.400000 0.600000
vt -0.380000 0.600000
vt -0.400000 1.350000
vt 0.100000 0.600000
vt 0.400000 1.350000
vt 0.400000 0.600000
vt 0.100000 -0.600000
vt -0.380000 -0.600000
vt -0.400000 -1.350000
vt -0.400000 -0.600000
vt 0.400000 -1.350000
vt 0.400000 -0.600000
vt -0.175000 -0.033105
vt 0.175000 -0.033105
vt -0.175000 -0.000000
vt 0.175000 -0.000000
vt -0.175000 0.033105
vt 0.175000 0.033105
vt -0.175000 0.066209
vt 0.175000 0.066209
vt -0.175000 0.099314
vt 0.175000 0.099314
vt -0.175000 0.132418
vt 0.175000 0.132418
vt -0.175000 0.165523
vt 0.175000 0.165523
vt -0.175000 0.198627
vt 0.175000 0.198627
vt -0.175000 0.231732
vt 0.175000 0.231732
vt -0.175000 0.264836
vt 0.175000 0.264836
vt -0.175000 0.297941
vt 0.175000 0.297941
vt -0.175000 0.331045
vt 0.175000 0.331045
vt -0.175000 0.364150
vt 0.175000 0.364150
vt -0.175000 0.397254
vt 0.175000 0.397254
vt -0.175000 -0.397254
vt 0.175000 -0.397254
vt -0.175000 -0.364150
vt 0.175000 -0.364150
vt -0.175000 -0.331045
vt 0.175000 -0.331045
vt -0.175000 -0.297941
vt 0.175000 -0.297941
vt -0.175000 -0.264836
vt 0.175000 -0.264836
vt -0.175000 -0.231732
vt 0.175000 -0.231732
vt -0.175000 -0.198627
vt 0.175000 -0.198627
vt -0.175000 -0.165523
vt 0.175000 -0.165523
vt -0.175000 -0.132418
vt 0.175000 -0.132418
vt -0.175000 -0.099314
vt 0.175000 -0.099314
vt -0.175000 -0.066209
vt 0.175000 -0.066209
vt -0.122141 -0.032728
vt 0.122141 -0.032728
vt -0.126450 -0.000000
vt 0.126450 0.000000
vt -0.122141 0.032728
vt 0.122141 0.032728
vt -0.109509 0.063225
vt 0.109509 0.063225
vt -0.089414 0.089414
vt 0.089414 0.089414
vt -0.063225 0.109509
vt 0.063225 0.109509
vt -0.032728 0.122141
vt 0.032728 0.122141
vt -0.000000 0.126450
vt 0.109509 -0.063225
vt -0.109509 -0.063225
vt 0.089414 -0.089414
vt -0.089414 -0.089414
vt 0.063225 -0.109509
vt -0.063225 -0.109509
vt 0.032728 -0.122141
vt -0.032728 -0.122141
vt 0.000000 -0.126450
vt 0.300000 1.250000
vt 0.300000 -1.250000
vt 1.200000 1.250000
vt 1.200000 -1.250000
vt 0.800000 1.250000
vt 0.800000 -1.250000
vt 0.380000 0.600000
vt -0.100000 0.600000
vt 0.380000 -0.600000
vt -0.100000 -0.600000
vt 0.800000 0.000000
vt 0.000000 0.400000
vt 0.800000 0.400000
vt 2.700000 0.000000
vt 2.700000 0.400000
vt 0.750000 0.400000
vt 0.300000 0.400000
vt 1.200000 -0.000000
vt 1.200000 0.400000
vt 0.000000 0.100000
vt 0.800000 0.100000
vt 2.700000 0.100000
vt 0.750000 0.100000
vt 0.300000 0.100000
vt 1.200000 0.100000
vt -0.800000 0.000000
vt -0.800000 0.400000
vt -2.700000 -0.000000
vt -2.700000 0.400000
vt -0.750000 0.400000
vt -0.300000 0.400000
vt -1.200000 0.000000
vt -1.200000 0.400000
vt -0.800000 0.100000
vt -2.700000 0.100000
vt -0.750000 0.100000
vt -0.300000 0.100000
vt -1.200000 0.100000
vt 2.500000 -0.000000
vt 2.500000 0.020000
vt 2.500000 0.000000
vt -0.750000 -1.250000
vt -0.472141 0.717272
vt -0.750000 1.250000
vt -0.476450 0.750000
vt -0.472141 0.782728
vt -0.350000 -0.876450
vt -0.382728 -0.872141
vt -0.413225 -0.859509
vt -0.227859 0.717272
vt -0.227859 -0.717272
vt -0.223550 -0.750000
vt -0.350000 0.876450
vt -0.317272 0.872141
vt -0.286775 0.859509
vt -0.472141 -0.782728
vt -0.476450 -0.750000
vt -0.472141 -0.717272
vt -0.459509 -0.686775
vt -0.459509 0.686775
vt -0.439414 0.660586
vt -0.439414 -0.660586
vt -0.413225 0.640491
vt -0.413225 -0.640491
vt -0.382728 0.627859
vt -0.382728 -0.627859
vt -0.350000 0.623550
vt -0.350000 -0.623550
vt -0.317272 -0.627859
vt -0.317272 0.627859
vt -0.286775 -0.640491
vt -0.286775 0.640491
vt -0.260586 -0.660586
vt -0.260586 0.660586
vt -0.240491 -0.686775
vt -0.240491 0.686775
vt -0.227859 -0.782728
vt -0.240491 -0.813225
vt -0.260586 -0.839414
vt -0.286775 -0.859509
vt -0.317272 -0.872141
vt -0.439414 -0.839414
vt -0.459509 -0.813225
vt -0.459509 0.813225
vt -0.439414 0.839414
vt -0.413225 0.859509
vt -0.382728 0.872141
vt -0.260586 0.839414
vt -0.240491 0.813225
vt -0.227859 0.782728
vt -0.223550 0.750000
vt -1.950000 1.250000
vt -2.227859 0.717272
vt -1.950000 -1.250000
vt -2.227859 -0.717272
vt -2.223550 -0.750000
vt -2.700000 1.250000
vt -2.350000 0.876450
vt -2.317272 0.872141
vt -2.286775 0.859509
vt -2.700000 -1.250000
vt -2.472141 0.717272
vt -2.476450 0.750000
vt -2.472141 0.782728
vt -2.350000 -0.876450
vt -2.382728 -0.872141
vt -2.413225 -0.859509
vt -2.472141 -0.782728
vt -2.476450 -0.750000
vt -2.472141 -0.717272
vt -2.459509 -0.686775
vt -2.459509 0.686775
vt -2.439414 0.660586
vt -2.439414 -0.660586
vt -2.413225 0.640491
vt -2.413225 -0.640491
vt -2.382728 0.627859
vt -2.382728 -0.627859
vt -2.350000 0.623550
vt -2.350000 -0.623550
vt -2.317272 -0.627859
vt -2.317272 0.627859
vt -2.286775 -0.640491
vt -2.286775 0.640491
vt -2.260586 -0.660586
vt -2.260586 0.660586
vt -2.240491 -0.686775
vt -2.240491 0.686775
vt -2.227859 -0.782728
vt -2.240491 -0.813225
vt -2.260586 -0.839414
vt -2.286775 -0.859509
vt -2.317272 -0.872141
vt -2.439414 -0.839414
vt -2.459509 -0.813225
vt -2.459509 0.813225
vt -2.439414 0.839414
vt -2.413225 0.859509
vt -2.382728 0.872141
vt -2.260586 0.839414
vt -2.240491 0.813225
vt -2.227859 0.782728
vt -2.223550 0.750000
vt -0.300000 -1.250000
vt -0.300000 1.250000
vt -1.200000 -1.250000
vt -1.200000 1.250000
vt -0.800000 -1.250000
vt -0.800000 1.250000
vt -1.200000 -0.000000
s 1
usemtl ABS_(White)
f 66/1/1 1/2/2 71/3/3
f 71/3/3 1/2/2 2/4/4
f 71/3/3 2/4/4 73/5/5
f 73/5/5 2/4/4 3/6/6
f 73/5/5 3/6/6 74/7/7
f 74/7/7 3/6/6 4/8/8
f 74/7/7 4/8/8 5/9/9
f 74/7/7 5/9/9 75/10/10
f 75/10/10 5/9/9 6/11/11
f 75/10/10 6/11/11 7/12/12
f 75/10/10 7/12/12 76/13/13
f 76/13/13 7/12/12 8/14/14
f 76/13/13 8/14/14 69/15/15
f 69/15/15 8/14/14 9/16/16
f 69/15/15 9/16/16 10/17/17
f 11/18/18 77/19/19 10/17/17
f 10/17/17 77/19/19 70/20/20
f 10/17/17 70/20/20 69/15/15
f 69/15/15 70/20/20 48/21/21
f 69/15/15 48/21/21 49/22/22
f 77/19/19 11/18/18 68/23/23
f 68/23/23 11/18/18 12/24/24
f 68/23/23 12/24/24 78/25/25
f 78/25/25 12/24/24 67/26/26
f 78/25/25 67/26/26 45/27/27
f 45/27/27 67/26/26 44/28/28
f 44/28/28 67/26/26 43/29/29
f 43/29/29 67/26/26 79/30/30
f 43/29/29 79/30/30 42/31/31
f 42/31/31 79/30/30 80/32/32
f 42/31/31 80/32/32 41/33/33
f 41/33/33 80/32/32 81/34/34
f 41/33/33 81/34/34 40/35/35
f 40/35/35 81/34/34 82/36/36
f 40/35/35 82/36/36 39/37/37
f 39/37/37 82/36/36 38/38/38
f 38/38/38 82/36/36 83/39/39
f 38/38/38 83/39/39 37/40/40
f 37/40/40 83/39/39 84/41/41
f 37/40/40 84/41/41 36/42/42
f 36/42/42 84/41/41 35/43/43
f 35/43/43 84/41/41 85/44/44
f 35/43/43 85/44/44 34/45/45
f 34/45/45 85/44/44 86/46/46
f 34/45/45 86/46/46 33/47/47
f 33/47/47 86/46/46 32/48/48
f 32/48/48 86/46/46 87/49/49
f 32/48/48 87/49/49 31/50/50
f 31/50/50 87/49/49 88/51/51
f 31/50/50 88/51/51 30/52/52
f 30/52/52 88/51/51 89/53/53
f 30/52/52 89/53/53 29/54/54
f 29/54/54 89/53/53 90/55/55
f 29/54/54 90/55/55 28/56/56
f 28/56/56 90/55/55 27/57/57
f 27/57/57 90/55/55 26/58/58
f 26/58/58 90/55/55 25/59/59
f 25/59/59 90/55/55 89/53/53
f 25/59/59 89/53/53 24/60/60
f 24/60/60 89/53/53 88/51/51
f 24/60/60 88/51/51 23/61/61
f 23/61/61 88/51/51 87/49/49
f 23/61/61 87/49/49 22/62/62
f 22/62/62 87/49/49 86/46/46
f 22/62/62 86/46/46 21/63/63
f 21/63/63 86/46/46 85/44/44
f 21/63/63 85/44/44 20/64/64
f 20/64/64 85/44/44 84/41/41
f 20/64/64 84/41/41 19/65/65
f 19/65/65 84/41/41 83/39/39
f 19/65/65 83/39/39 18/66/66
f 18/66/66 83/39/39 17/67/67
f 17/67/67 83/39/39 82/36/36
f 17/67/67 82/36/36 16/68/68
f 16/68/68 82/36/36 81/34/34
f 16/68/68 81/34/34 15/69/69
f 15/69/69 81/34/34 80/32/32
f 15/69/69 80/32/32 14/70/70
f 14/70/70 80/32/32 79/30/30
f 14/70/70 79/30/30 13/71/71
f 13/71/71 79/30/30 67/26/26
f 13/71/71 67/26/26 12/24/24
f 78/25/25 45/27/27 68/23/23
f 68/23/23 45/27/27 46/72/72
f 68/23/23 46/72/72 77/19/19
f 77/19/19 46/72/72 47/73/73
f 77/19/19 47/73/73 70/20/20
f 70/20/20 47/73/73 48/21/21
f 69/15/15 49/22/22 76/13/13
f 76/13/13 49/22/22 50/74/74
f 76/13/13 50/74/74 75/10/10
f 75/10/10 50/74/74 51/75/75
f 75/10/10 51/75/75 74/7/7
f 74/7/7 51/75/75 52/76/76
f 74/7/7 52/76/76 53/77/77
f 74/7/7 53/77/77 73/5/5
f 73/5/5 53/77/77 54/78/78
f 73/5/5 54/78/78 55/79/79
f 73/5/5 55/79/79 71/3/3
f 71/3/3 55/79/79 56/80/80
f 71/3/3 56/80/80 57/81/81
f 57/81/81 58/82/82 71/3/3
f 71/3/3 58/82/82 72/83/83
f 71/3/3 72/83/83 66/1/1
f 66/1/1 72/83/83 65/84/84
f 65/84/84 72/83/83 91/85/85
f 65/84/84 91/85/85 64/86/86
f 64/86/86 91/85/85 63/87/87
f 63/87/87 91/85/85 92/88/88
f 63/87/87 92/88/88 62/89/89
f 62/89/89 92/88/88 93/90/90
f 62/89/89 93/90/90 26/91/58
f 26/91/58 93/90/90 27/92/57
f 27/92/57 93/90/90 61/93/91
f 61/93/91 93/90/90 92/88/88
f 61/93/91 92/88/88 60/94/92
f 60/94/92 92/88/88 91/85/85
f 60/94/92 91/85/85 59/95/93
f 59/95/93 91/85/85 72/83/83
f 59/95/93 72/83/83 58/82/82
f 95/96/94 143/97/94 94/58/94
f 94/58/94 143/97/94 144/98/94
f 94/58/94 144/98/94 145/99/94
f 96/100/94 141/101/94 95/96/94
f 95/96/94 141/101/94 142/102/94
f 95/96/94 142/102/94 143/97/94
f 97/103/94 139/104/94 96/100/94
f 96/100/94 139/104/94 140/105/94
f 96/100/94 140/105/94 141/101/94
f 98/106/94 137/107/94 97/103/94
f 97/103/94 137/107/94 138/108/94
f 97/103/94 138/108/94 139/104/94
f 137/107/94 98/106/94 136/109/94
f 136/109/94 98/106/94 99/110/94
f 136/109/94 99/110/94 135/111/94
f 135/111/94 99/110/94 134/112/94
f 134/112/94 99/110/94 100/113/94
f 134/112/94 100/113/94 133/114/94
f 133/114/94 100/113/94 132/115/94
f 132/115/94 100/113/94 101/116/94
f 132/115/94 101/116/94 131/117/94
f 131/117/94 101/116/94 130/118/94
f 130/118/94 101/116/94 102/119/94
f 130/118/94 102/119/94 129/120/94
f 129/120/94 102/119/94 128/121/94
f 128/121/94 102/119/94 103/122/94
f 128/121/94 103/122/94 127/123/94
f 127/123/94 103/122/94 126/124/94
f 126/124/94 103/122/94 104/125/94
f 126/124/94 104/125/94 1/126/94
f 1/126/94 104/125/94 2/127/94
f 2/127/94 104/125/94 105/128/94
f 2/127/94 105/128/94 3/129/94
f 3/129/94 105/128/94 182/130/94
f 182/130/94 105/128/94 106/131/94
f 182/130/94 106/131/94 181/132/94
f 181/132/94 106/131/94 107/133/94
f 181/132/94 107/133/94 180/134/94
f 180/134/94 107/133/94 179/135/94
f 179/135/94 107/133/94 108/136/94
f 179/135/94 108/136/94 178/137/94
f 178/137/94 108/136/94 177/138/94
f 177/138/94 108/136/94 109/139/94
f 177/138/94 109/139/94 176/140/94
f 176/140/94 109/139/94 175/141/94
f 175/141/94 109/139/94 110/142/94
f 175/141/94 110/142/94 174/143/94
f 174/143/94 110/142/94 173/144/94
f 173/144/94 110/142/94 111/145/94
f 173/144/94 111/145/94 172/146/94
f 172/146/94 111/145/94 171/147/94
f 171/147/94 111/145/94 112/148/94
f 171/147/94 112/148/94 170/149/94
f 170/149/94 112/148/94 169/150/94
f 169/150/94 112/148/94 113/151/94
f 169/150/94 113/151/94 168/152/94
f 168/152/94 113/151/94 167/153/94
f 167/153/94 113/151/94 114/154/94
f 167/153/94 114/154/94 166/155/94
f 166/155/94 114/154/94 115/156/94
f 166/155/94 115/156/94 165/157/94
f 165/157/94 115/156/94 164/158/94
f 164/158/94 115/156/94 116/159/94
f 164/158/94 116/159/94 163/160/94
f 163/160/94 116/159/94 162/161/94
f 162/161/94 116/159/94 117/162/94
f 162/161/94 117/162/94 161/163/94
f 161/163/94 117/162/94 160/164/94
f 160/164/94 117/162/94 118/165/94
f 160/164/94 118/165/94 159/166/94
f 159/166/94 118/165/94 158/167/94
f 158/167/94 118/165/94 119/168/94
f 158/167/94 119/168/94 157/169/94
f 157/169/94 119/168/94 156/170/94
f 156/170/94 119/168/94 120/171/94
f 156/170/94 120/171/94 155/172/94
f 155/172/94 120/171/94 154/173/94
f 154/173/94 120/171/94 121/174/94
f 154/173/94 121/174/94 153/175/94
f 153/175/94 121/174/94 152/176/94
f 152/176/94 121/174/94 122/177/94
f 152/176/94 122/177/94 151/178/94
f 151/178/94 122/177/94 123/179/94
f 151/178/94 123/179/94 150/180/94
f 150/180/94 123/179/94 149/181/94
f 149/181/94 123/179/94 124/182/94
f 149/181/94 124/182/94 148/183/94
f 148/183/94 124/182/94 147/184/94
f 147/184/94 124/182/94 125/185/94
f 147/184/94 125/185/94 146/186/94
f 146/186/94 125/185/94 145/99/94
f 145/99/94 125/185/94 94/58/94
f 38/187/95 183/188/96 39/189/97
f 39/189/97 183/188/96 40/190/98
f 40/190/98 183/188/96 41/191/99
f 41/191/99 183/188/96 184/192/100
f 41/191/99 184/192/100 42/193/101
f 42/193/101 184/192/100 185/194/102
f 42/193/101 185/194/102 43/195/103
f 43/195/103 185/194/102 44/196/104
f 44/196/104 185/194/102 186/197/105
f 44/196/104 186/197/105 45/198/106
f 45/198/106 186/197/105 187/199/107
f 45/198/106 187/199/107 46/200/108
f 46/200/108 187/199/107 188/201/109
f 46/200/108 188/201/109 47/202/110
f 47/203/110 188/204/109 189/205/111
f 47/203/110 189/205/111 48/206/112
f 48/206/112 189/205/111 190/207/113
f 48/206/112 190/207/113 49/208/114
f 49/208/114 190/207/113 191/209/115
f 49/208/114 191/209/115 50/210/116
f 50/210/116 191/209/115 192/211/117
f 50/210/116 192/211/117 51/212/118
f 51/212/118 192/211/117 52/213/119
f 52/213/119 192/211/117 193/214/120
f 52/213/119 193/214/120 53/215/121
f 53/215/121 193/214/120 54/216/122
f 54/216/122 193/214/120 194/217/123
f 54/216/122 194/217/123 55/218/124
f 55/218/124 194/217/123 56/219/125
f 56/219/125 194/217/123 195/220/126
f 56/219/125 195/220/126 57/221/127
f 57/221/127 195/220/126 58/222/128
f 58/222/128 195/220/126 196/223/129
f 58/222/128 196/223/129 59/224/130
f 59/224/130 196/223/129 197/225/131
f 59/224/130 197/225/131 60/226/132
f 60/226/132 197/225/131 198/227/133
f 60/226/132 198/227/133 61/228/134
f 61/228/134 198/227/133 27/229/135
f 27/229/135 198/227/133 199/230/136
f 27/229/135 199/230/136 28/231/137
f 28/231/137 199/230/136 200/232/138
f 28/231/137 200/232/138 29/233/139
f 29/233/139 200/232/138 201/234/140
f 29/233/139 201/234/140 30/235/141
f 30/235/141 201/234/140 31/236/142
f 31/236/142 201/234/140 202/237/143
f 31/236/142 202/237/143 32/238/144
f 32/238/144 202/237/143 203/239/145
f 32/238/144 203/239/145 33/240/146
f 33/240/146 203/239/145 34/241/147
f 34/241/147 203/239/145 204/242/148
f 34/241/147 204/242/148 35/243/149
f 35/243/149 204/242/148 36/244/150
f 36/244/150 204/242/148 205/245/151
f 36/244/150 205/245/151 37/246/152
f 37/246/152 205/245/151 38/187/153
f 268/1/154 180/2/155 273/3/156
f 273/3/156 180/2/155 179/4/157
f 273/3/156 179/4/157 275/5/158
f 275/5/158 179/4/157 178/6/159
f 275/5/158 178/6/159 276/7/160
f 276/7/160 178/6/159 206/8/161
f 276/7/160 206/8/161 207/9/162
f 276/7/160 207/9/162 277/10/163
f 277/10/163 207/9/162 208/11/164
f 277/10/163 208/11/164 209/12/165
f 277/10/163 209/12/165 278/13/166
f 278/13/166 209/12/165 210/14/167
f 278/13/166 210/14/167 271/15/168
f 271/15/168 210/14/167 211/16/169
f 271/15/168 211/16/169 212/17/170
f 213/18/171 279/19/172 212/17/170
f 212/17/170 279/19/172 272/20/173
f 212/17/170 272/20/173 271/15/168
f 271/15/168 272/20/173 250/21/174
f 271/15/168 250/21/174 251/22/175
f 279/19/172 213/18/171 270/23/176
f 270/23/176 213/18/171 214/24/177
f 270/23/176 214/24/177 280/25/178
f 280/25/178 214/24/177 269/26/179
f 280/25/178 269/26/179 247/27/180
f 247/27/180 269/26/179 246/28/181
f 246/28/181 269/26/179 245/29/182
f 245/29/182 269/26/179 281/30/183
f 245/29/182 281/30/183 244/31/184
f 244/31/184 281/30/183 282/32/185
f 244/31/184 282/32/185 243/33/186
f 243/33/186 282/32/185 283/34/187
f 243/33/186 283/34/187 242/35/188
f 242/35/188 283/34/187 284/36/189
f 242/35/188 284/36/189 241/37/190
f 241/37/190 284/36/189 240/38/191
f 240/38/191 284/36/189 285/39/192
f 240/38/191 285/39/192 239/40/193
f 239/40/193 285/39/192 286/41/194
f 239/40/193 286/41/194 238/42/195
f 238/42/195 286/41/194 237/43/196
f 237/43/196 286/41/194 287/44/197
f 237/43/196 287/44/197 236/45/198
f 236/45/198 287/44/197 288/46/199
f 236/45/198 288/46/199 235/47/200
f 235/47/200 288/46/199 234/48/201
f 234/48/201 288/46/199 289/49/202
f 234/48/201 289/49/202 233/50/203
f 233/50/203 289/49/202 290/51/204
f 233/50/203 290/51/204 232/52/205
f 232/52/205 290/51/204 291/53/206
f 232/52/205 291/53/206 231/54/207
f 231/54/207 291/53/206 292/55/208
f 231/54/207 292/55/208 230/56/209
f 230/56/209 292/55/208 229/57/210
f 229/57/210 292/55/208 228/58/211
f 228/58/211 292/55/208 227/59/212
f 227/59/212 292/55/208 291/53/206
f 227/59/212 291/53/206 226/60/213
f 226/60/213 291/53/206 290/51/204
f 226/60/213 290/51/204 225/61/214
f 225/61/214 290/51/204 289/49/202
f 225/61/214 289/49/202 224/62/215
f 224/62/215 289/49/202 288/46/199
f 224/62/215 288/46/199 223/63/216
f 223/63/216 288/46/199 287/44/197
f 223/63/216 287/44/197 222/64/217
f 222/64/217 287/44/197 286/41/194
f 222/64/217 286/41/194 221/65/218
f 221/65/218 286/41/194 285/39/192
f 221/65/218 285/39/192 220/66/219
f 220/66/219 285/39/192 219/67/220
f 219/67/220 285/39/192 284/36/189
f 219/67/220 284/36/189 218/68/221
f 218/68/221 284/36/189 283/34/187
f 218/68/221 283/34/187 217/69/222
f 217/69/222 283/34/187 282/32/185
f 217/69/222 282/32/185 216/70/223
f 216/70/223 282/32/185 281/30/183
f 216/70/223 281/30/183 215/71/224
f 215/71/224 281/30/183 269/26/179
f 215/71/224 269/26/179 214/24/177
f 280/25/178 247/27/180 270/23/176
f 270/23/176 247/27/180 248/72/225
f 270/23/176 248/72/225 279/19/172
f 279/19/172 248/72/225 249/73/226
f 279/19/172 249/73/226 272/20/173
f 272/20/173 249/73/226 250/21/174
f 271/15/168 251/22/175 278/13/166
f 278/13/166 251/22/175 252/74/227
f 278/13/166 252/74/227 277/10/163
f 277/10/163 252/74/227 253/75/228
f 277/10/163 253/75/228 276/7/160
f 276/7/160 253/75/228 254/76/229
f 276/7/160 254/76/229 255/77/230
f 276/7/160 255/77/230 275/5/158
f 275/5/158 255/77/230 256/78/231
f 275/5/158 256/78/231 257/79/232
f 275/5/158 257/79/232 273/3/156
f 273/3/156 257/79/232 258/80/233
f 273/3/156 258/80/233 259/81/234
f 259/81/234 260/82/235 273/3/156
f 273/3/156 260/82/235 274/83/236
f 273/3/156 274/83/236 268/1/154
f 268/1/154 274/83/236 267/84/237
f 267/84/237 274/83/236 293/85/238
f 267/84/237 293/85/238 266/86/239
f 266/86/239 293/85/238 265/87/240
f 265/87/240 293/85/238 294/88/241
f 265/87/240 294/88/241 264/89/242
f 264/89/242 294/88/241 295/90/243
f 264/89/242 295/90/243 228/91/211
f 228/91/211 295/90/243 229/92/210
f 229/92/210 295/90/243 263/93/244
f 263/93/244 295/90/243 294/88/241
f 263/93/244 294/88/241 262/94/245
f 262/94/245 294/88/241 293/85/238
f 262/94/245 293/85/238 261/95/246
f 261/95/246 293/85/238 274/83/236
f 261/95/246 274/83/236 260/82/235
f 240/187/100 296/188/102 241/189/247
f 241/189/247 296/188/102 242/190/248
f 242/190/248 296/188/102 243/191/249
f 243/191/249 296/188/102 297/192/105
f 243/191/249 297/192/105 244/193/250
f 244/193/250 297/192/105 298/194/107
f 244/193/250 298/194/107 245/195/251
f 245/195/251 298/194/107 246/196/252
f 246/196/252 298/194/107 299/197/109
f 246/196/252 299/197/109 247/198/253
f 247/198/253 299/197/109 300/199/111
f 247/198/253 300/199/111 248/200/254
f 248/200/254 300/199/111 301/201/113
f 248/200/254 301/201/113 249/202/255
f 249/203/255 301/204/113 302/205/115
f 249/203/255 302/205/115 250/206/256
f 250/206/256 302/205/115 303/207/117
f 250/206/256 303/207/117 251/208/257
f 251/208/257 303/207/117 304/209/120
f 251/208/257 304/209/120 252/210/258
f 252/210/258 304/209/120 305/211/123
f 252/210/258 305/211/123 253/212/259
f 253/212/259 305/211/123 254/213/260
f 254/213/260 305/211/123 306/214/126
f 254/213/260 306/214/126 255/215/261
f 255/215/261 306/214/126 256/216/262
f 256/216/262 306/214/126 307/217/129
f 256/216/262 307/217/129 257/218/263
f 257/218/263 307/217/129 258/219/264
f 258/219/264 307/217/129 308/220/265
f 258/219/264 308/220/265 259/221/266
f 259/221/266 308/220/265 260/222/267
f 260/222/267 308/220/265 309/223/268
f 260/222/267 309/223/268 261/224/269
f 261/224/269 309/223/268 310/225/136
f 261/224/269 310/225/136 262/226/270
f 262/226/270 310/225/136 311/227/271
f 262/226/270 311/227/271 263/228/272
f 263/228/272 311/227/271 229/229/273
f 229/229/273 311/227/271 312/230/140
f 229/229/273 312/230/140 230/231/274
f 230/231/274 312/230/140 313/232/143
f 230/231/274 313/232/143 231/233/275
f 231/233/275 313/232/143 314/234/145
f 231/233/275 314/234/145 232/235/276
f 232/235/276 314/234/145 233/236/277
f 233/236/277 314/234/145 315/237/148
f 233/236/277 315/237/148 234/238/278
f 234/238/278 315/237/148 316/239/151
f 234/238/278 316/239/151 235/240/279
f 235/240/279 316/239/151 236/241/280
f 236/241/280 316/239/151 317/242/95
f 236/241/280 317/242/95 237/243/281
f 237/243/281 317/242/95 238/244/282
f 238/244/282 317/242/95 318/245/96
f 238/244/282 318/245/96 239/246/283
f 239/246/283 318/245/96 240/187/284
f 381/1/285 175/2/286 386/3/287
f 386/3/287 175/2/286 174/4/288
f 386/3/287 174/4/288 388/5/289
f 388/5/289 174/4/288 173/6/290
f 388/5/289 173/6/290 389/7/291
f 389/7/291 173/6/290 319/8/292
f 389/7/291 319/8/292 320/9/293
f 389/7/291 320/9/293 390/10/294
f 390/10/294 320/9/293 321/11/295
f 390/10/294 321/11/295 322/12/296
f 390/10/294 322/12/296 391/13/297
f 391/13/297 322/12/296 323/14/298
f 391/13/297 323/14/298 384/15/299
f 384/15/299 323/14/298 324/16/300
f 384/15/299 324/16/300 325/17/301
f 326/18/302 392/19/303 325/17/301
f 325/17/301 392/19/303 385/20/304
f 325/17/301 385/20/304 384/15/299
f 384/15/299 385/20/304 363/21/305
f 384/15/299 363/21/305 364/22/306
f 392/19/303 326/18/302 383/23/307
f 383/23/307 326/18/302 327/24/308
f 383/23/307 327/24/308 393/25/309
f 393/25/309 327/24/308 382/26/310
f 393/25/309 382/26/310 360/27/311
f 360/27/311 382/26/310 359/28/312
f 359/28/312 382/26/310 358/29/313
f 358/29/313 382/26/310 394/30/314
f 358/29/313 394/30/314 357/31/315
f 357/31/315 394/30/314 395/32/316
f 357/31/315 395/32/316 356/33/317
f 356/33/317 395/32/316 396/34/318
f 356/33/317 396/34/318 355/35/319
f 355/35/319 396/34/318 397/36/320
f 355/35/319 397/36/320 354/37/321
f 354/37/321 397/36/320 353/38/322
f 353/38/322 397/36/320 398/39/323
f 353/38/322 398/39/323 352/40/324
f 352/40/324 398/39/323 399/41/325
f 352/40/324 399/41/325 351/42/326
f 351/42/326 399/41/325 350/43/327
f 350/43/327 399/41/325 400/44/328
f 350/43/327 400/44/328 349/45/329
f 349/45/329 400/44/328 401/46/330
f 349/45/329 401/46/330 348/47/331
f 348/47/331 401/46/330 347/48/332
f 347/48/332 401/46/330 402/49/333
f 347/48/332 402/49/333 346/50/334
f 346/50/334 402/49/333 403/51/335
f 346/50/334 403/51/335 345/52/336
f 345/52/336 403/51/335 404/53/337
f 345/52/336 404/53/337 344/54/338
f 344/54/338 404/53/337 405/55/339
f 344/54/338 405/55/339 343/56/340
f 343/56/340 405/55/339 342/57/341
f 342/57/341 405/55/339 341/58/342
f 341/58/342 405/55/339 340/59/343
f 340/59/343 405/55/339 404/53/337
f 340/59/343 404/53/337 339/60/344
f 339/60/344 404/53/337 403/51/335
f 339/60/344 403/51/335 338/61/345
f 338/61/345 403/51/335 402/49/333
f 338/61/345 402/49/333 337/62/346
f 337/62/346 402/49/333 401/46/330
f 337/62/346 401/46/330 336/63/347
f 336/63/347 401/46/330 400/44/328
f 336/63/347 400/44/328 335/64/348
f 335/64/348 400/44/328 399/41/325
f 335/64/348 399/41/325 334/65/349
f 334/65/349 399/41/325 398/39/323
f 334/65/349 398/39/323 333/66/350
f 333/66/350 398/39/323 332/67/351
f 332/67/351 398/39/323 397/36/320
f 332/67/351 397/36/320 331/68/352
f 331/68/352 397/36/320 396/34/318
f 331/68/352 396/34/318 330/69/353
f 330/69/353 396/34/318 395/32/316
f 330/69/353 395/32/316 329/70/354
f 329/70/354 395/32/316 394/30/314
f 329/70/354 394/30/314 328/71/355
f 328/71/355 394/30/314 382/26/310
f 328/71/355 382/26/310 327/24/308
f 393/25/309 360/27/311 383/23/307
f 383/23/307 360/27/311 361/72/356
f 383/23/307 361/72/356 392/19/303
f 392/19/303 361/72/356 362/73/357
f 392/19/303 362/73/357 385/20/304
f 385/20/304 362/73/357 363/21/305
f 384/15/299 364/22/306 391/13/297
f 391/13/297 364/22/306 365/74/358
f 391/13/297 365/74/358 390/10/294
f 390/10/294 365/74/358 366/75/359
f 390/10/294 366/75/359 389/7/291
f 389/7/291 366/75/359 367/76/360
f 389/7/291 367/76/360 368/77/361
f 389/7/291 368/77/361 388/5/289
f 388/5/289 368/77/361 369/78/362
f 388/5/289 369/78/362 370/79/363
f 388/5/289 370/79/363 386/3/287
f 386/3/287 370/79/363 371/80/364
f 386/3/287 371/80/364 372/81/365
f 372/81/365 373/82/366 386/3/287
f 386/3/287 373/82/366 387/83/367
f 386/3/287 387/83/367 381/1/285
f 381/1/285 387/83/367 380/84/368
f 380/84/368 387/83/367 406/85/369
f 380/84/368 406/85/369 379/86/370
f 379/86/370 406/85/369 378/87/371
f 378/87/371 406/85/369 407/88/372
f 378/87/371 407/88/372 377/89/373
f 377/89/373 407/88/372 408/90/374
f 377/89/373 408/90/374 341/91/342
f 341/91/342 408/90/374 342/92/341
f 342/92/341 408/90/374 376/93/375
f 376/93/375 408/90/374 407/88/372
f 376/93/375 407/88/372 375/94/376
f 375/94/376 407/88/372 406/85/369
f 375/94/376 406/85/369 374/95/377
f 374/95/377 406/85/369 387/83/367
f 374/95/377 387/83/367 373/82/366
f 353/187/378 409/188/107 354/189/379
f 354/189/379 409/188/107 355/190/380
f 355/190/380 409/188/107 356/191/381
f 356/191/381 409/188/107 410/192/109
f 356/191/381 410/192/109 357/193/382
f 357/193/382 410/192/109 411/194/111
f 357/193/382 411/194/111 358/195/383
f 358/195/383 411/194/111 359/196/384
f 359/196/384 411/194/111 412/197/113
f 359/196/384 412/197/113 360/198/385
f 360/198/385 412/197/113 413/199/115
f 360/198/385 413/199/115 361/200/386
f 361/200/386 413/199/115 414/201/117
f 361/200/386 414/201/117 362/202/387
f 362/203/387 414/204/117 415/205/120
f 362/203/387 415/205/120 363/206/388
f 363/206/388 415/205/120 416/207/123
f 363/206/388 416/207/123 364/208/389
f 364/208/389 416/207/123 417/209/126
f 364/208/389 417/209/126 365/210/390
f 365/210/390 417/209/126 418/211/129
f 365/210/390 418/211/129 366/212/391
f 366/212/391 418/211/129 367/213/392
f 367/213/392 418/211/129 419/214/265
f 367/213/392 419/214/265 368/215/393
f 368/215/393 419/214/265 369/216/394
f 369/216/394 419/214/265 420/217/268
f 369/216/394 420/217/268 370/218/395
f 370/218/395 420/217/268 371/219/396
f 371/219/396 420/217/268 421/220/136
f 371/219/396 421/220/136 372/221/397
f 372/221/397 421/220/136 373/222/398
f 373/222/398 421/220/136 422/223/138
f 373/222/398 422/223/138 374/224/399
f 374/224/399 422/223/138 423/225/140
f 374/224/399 423/225/140 375/226/400
f 375/226/400 423/225/140 424/227/401
f 375/226/400 424/227/401 376/228/402
f 376/228/402 424/227/401 342/229/403
f 342/229/403 424/227/401 425/230/145
f 342/229/403 425/230/145 343/231/404
f 343/231/404 425/230/145 426/232/148
f 343/231/404 426/232/148 344/233/405
f 344/233/405 426/232/148 427/234/151
f 344/233/405 427/234/151 345/235/406
f 345/235/406 427/234/151 346/236/407
f 346/236/407 427/234/151 428/237/95
f 346/236/407 428/237/95 347/238/408
f 347/238/408 428/237/95 429/239/96
f 347/238/408 429/239/96 348/240/409
f 348/240/409 429/239/96 349/241/410
f 349/241/410 429/239/96 430/242/100
f 349/241/410 430/242/100 350/243/411
f 350/243/411 430/242/100 351/244/412
f 351/244/412 430/242/100 431/245/102
f 351/244/412 431/245/102 352/246/413
f 352/246/413 431/245/102 353/187/414
f 494/1/415 170/2/416 499/3/417
f 499/3/417 170/2/416 169/4/418
f 499/3/417 169/4/418 501/5/419
f 501/5/419 169/4/418 168/6/420
f 501/5/419 168/6/420 502/7/421
f 502/7/421 168/6/420 432/8/422
f 502/7/421 432/8/422 433/9/423
f 502/7/421 433/9/423 503/10/424
f 503/10/424 433/9/423 434/11/425
f 503/10/424 434/11/425 435/12/426
f 503/10/424 435/12/426 504/13/427
f 504/13/427 435/12/426 436/14/428
f 504/13/427 436/14/428 497/15/429
f 497/15/429 436/14/428 437/16/430
f 497/15/429 437/16/430 438/17/431
f 439/18/432 505/19/433 438/17/431
f 438/17/431 505/19/433 498/20/434
f 438/17/431 498/20/434 497/15/429
f 497/15/429 498/20/434 476/21/435
f 497/15/429 476/21/435 477/22/436
f 505/19/433 439/18/432 496/23/437
f 496/23/437 439/18/432 440/24/438
f 496/23/437 440/24/438 506/25/439
f 506/25/439 440/24/438 495/26/440
f 506/25/439 495/26/440 473/27/441
f 473/27/441 495/26/440 472/28/442
f 472/28/442 495/26/440 471/29/443
f 471/29/443 495/26/440 507/30/444
f 471/29/443 507/30/444 470/31/445
f 470/31/445 507/30/444 508/32/446
f 470/31/445 508/32/446 469/33/447
f 469/33/447 508/32/446 509/34/448
f 469/33/447 509/34/448 468/35/449
f 468/35/449 509/34/448 510/36/450
f 468/35/449 510/36/450 467/37/451
f 467/37/451 510/36/450 466/38/452
f 466/38/452 510/36/450 511/39/453
f 466/38/452 511/39/453 465/40/454
f 465/40/454 511/39/453 512/41/455
f 465/40/454 512/41/455 464/42/456
f 464/42/456 512/41/455 463/43/457
f 463/43/457 512/41/455 513/44/458
f 463/43/457 513/44/458 462/45/459
f 462/45/459 513/44/458 514/46/460
f 462/45/459 514/46/460 461/47/461
f 461/47/461 514/46/460 460/48/462
f 460/48/462 514/46/460 515/49/463
f 460/48/462 515/49/463 459/50/464
f 459/50/464 515/49/463 516/51/465
f 459/50/464 516/51/465 458/52/466
f 458/52/466 516/51/465 517/53/467
f 458/52/466 517/53/467 457/54/468
f 457/54/468 517/53/467 518/55/469
f 457/54/468 518/55/469 456/56/470
f 456/56/470 518/55/469 455/57/471
f 455/57/471 518/55/469 454/58/472
f 454/58/472 518/55/469 453/59/473
f 453/59/473 518/55/469 517/53/467
f 453/59/473 517/53/467 452/60/474
f 452/60/474 517/53/467 516/51/465
f 452/60/474 516/51/465 451/61/475
f 451/61/475 516/51/465 515/49/463
f 451/61/475 515/49/463 450/62/476
f 450/62/476 515/49/463 514/46/460
f 450/62/476 514/46/460 449/63/477
f 449/63/477 514/46/460 513/44/458
f 449/63/477 513/44/458 448/64/478
f 448/64/478 513/44/458 512/41/455
f 448/64/478 512/41/455 447/65/479
f 447/65/479 512/41/455 511/39/453
f 447/65/479 511/39/453 446/66/480
f 446/66/480 511/39/453 445/67/481
f 445/67/481 511/39/453 510/36/450
f 445/67/481 510/36/450 444/68/482
f 444/68/482 510/36/450 509/34/448
f 444/68/482 509/34/448 443/69/483
f 443/69/483 509/34/448 508/32/446
f 443/69/483 508/32/446 442/70/484
f 442/70/484 508/32/446 507/30/444
f 442/70/484 507/30/444 441/71/485
f 441/71/485 507/30/444 495/26/440
f 441/71/485 495/26/440 440/24/438
f 506/25/439 473/27/441 496/23/437
f 496/23/437 473/27/441 474/72/486
f 496/23/437 474/72/486 505/19/433
f 505/19/433 474/72/486 475/73/487
f 505/19/433 475/73/487 498/20/434
f 498/20/434 475/73/487 476/21/435
f 497/15/429 477/22/436 504/13/427
f 504/13/427 477/22/436 478/74/488
f 504/13/427 478/74/488 503/10/424
f 503/10/424 478/74/488 479/75/489
f 503/10/424 479/75/489 502/7/421
f 502/7/421 479/75/489 480/76/490
f 502/7/421 480/76/490 481/77/491
f 502/7/421 481/77/491 501/5/419
f 501/5/419 481/77/491 482/78/492
f 501/5/419 482/78/492 483/79/493
f 501/5/419 483/79/493 499/3/417
f 499/3/417 483/79/493 484/80/494
f 499/3/417 484/80/494 485/81/495
f 485/81/495 486/82/496 499/3/417
f 499/3/417 486/82/496 500/83/497
f 499/3/417 500/83/497 494/1/415
f 494/1/415 500/83/497 493/84/498
f 493/84/498 500/83/497 519/85/499
f 493/84/498 519/85/499 492/86/500
f 492/86/500 519/85/499 491/87/501
f 491/87/501 519/85/499 520/88/502
f 491/87/501 520/88/502 490/89/503
f 490/89/503 520/88/502 521/90/504
f 490/89/503 521/90/504 454/91/472
f 454/91/472 521/90/504 455/92/471
f 455/92/471 521/90/504 489/93/505
f 489/93/505 521/90/504 520/88/502
f 489/93/505 520/88/502 488/94/506
f 488/94/506 520/88/502 519/85/499
f 488/94/506 519/85/499 487/95/507
f 487/95/507 519/85/499 500/83/497
f 487/95/507 500/83/497 486/82/496
f 466/187/508 522/188/111 467/189/509
f 467/189/509 522/188/111 468/190/510
f 468/190/510 522/188/111 469/191/511
f 469/191/511 522/188/111 523/192/113
f 469/191/511 523/192/113 470/193/512
f 470/193/512 523/192/113 524/194/115
f 470/193/512 524/194/115 471/195/513
f 471/195/513 524/194/115 472/196/514
f 472/196/514 524/194/115 525/197/117
f 472/196/514 525/197/117 473/198/515
f 473/198/515 525/197/117 526/199/120
f 473/198/515 526/199/120 474/200/516
f 474/200/516 526/199/120 527/201/123
f 474/200/516 527/201/123 475/202/517
f 475/203/517 527/204/123 528/205/126
f 475/203/517 528/205/126 476/206/518
f 476/206/518 528/205/126 529/207/129
f 476/206/518 529/207/129 477/208/519
f 477/208/519 529/207/129 530/209/265
f 477/208/519 530/209/265 478/210/520
f 478/210/520 530/209/265 531/211/268
f 478/210/520 531/211/268 479/212/521
f 479/212/521 531/211/268 480/213/522
f 480/213/522 531/211/268 532/214/136
f 480/213/522 532/214/136 481/215/523
f 481/215/523 532/214/136 482/216/524
f 482/216/524 532/214/136 533/217/138
f 482/216/524 533/217/138 483/218/525
f 483/218/525 533/217/138 484/219/526
f 484/219/526 533/217/138 534/220/140
f 484/219/526 534/220/140 485/221/527
f 485/221/527 534/220/140 486/222/528
f 486/222/528 534/220/140 535/223/143
f 486/222/528 535/223/143 487/224/529
f 487/224/529 535/223/143 536/225/145
f 487/224/529 536/225/145 488/226/530
f 488/226/530 536/225/145 537/227/531
f 488/226/530 537/227/531 489/228/532
f 489/228/532 537/227/531 455/229/533
f 455/229/533 537/227/531 538/230/151
f 455/229/533 538/230/151 456/231/534
f 456/231/534 538/230/151 539/232/95
f 456/231/534 539/232/95 457/233/535
f 457/233/535 539/232/95 540/234/96
f 457/233/535 540/234/96 458/235/536
f 458/235/536 540/234/96 459/236/537
f 459/236/537 540/234/96 541/237/100
f 459/236/537 541/237/100 460/238/538
f 460/238/538 541/237/100 542/239/102
f 460/238/538 542/239/102 461/240/539
f 461/240/539 542/239/102 462/241/540
f 462/241/540 542/239/102 543/242/105
f 462/241/540 543/242/105 463/243/541
f 463/243/541 543/242/105 464/244/542
f 464/244/542 543/242/105 544/245/107
f 464/244/542 544/245/107 465/246/543
f 465/246/543 544/245/107 466/187/544
f 607/1/545 165/2/546 612/3/547
f 612/3/547 165/2/546 164/4/548
f 612/3/547 164/4/548 614/5/549
f 614/5/549 164/4/548 163/6/550
f 614/5/549 163/6/550 615/7/551
f 615/7/551 163/6/550 545/8/552
f 615/7/551 545/8/552 546/9/553
f 615/7/551 546/9/553 616/10/554
f 616/10/554 546/9/553 547/11/555
f 616/10/554 547/11/555 548/12/556
f 616/10/554 548/12/556 617/13/557
f 617/13/557 548/12/556 549/14/558
f 617/13/557 549/14/558 610/15/559
f 610/15/559 549/14/558 550/16/560
f 610/15/559 550/16/560 551/17/561
f 552/18/562 618/19/563 551/17/561
f 551/17/561 618/19/563 611/20/564
f 551/17/561 611/20/564 610/15/559
f 610/15/559 611/20/564 589/21/565
f 610/15/559 589/21/565 590/22/566
f 618/19/563 552/18/562 609/23/567
f 609/23/567 552/18/562 553/24/568
f 609/23/567 553/24/568 619/25/569
f 619/25/569 553/24/568 608/26/570
f 619/25/569 608/26/570 586/27/571
f 586/27/571 608/26/570 585/28/572
f 585/28/572 608/26/570 584/29/573
f 584/29/573 608/26/570 620/30/574
f 584/29/573 620/30/574 583/31/575
f 583/31/575 620/30/574 621/32/576
f 583/31/575 621/32/576 582/33/577
f 582/33/577 621/32/576 622/34/578
f 582/33/577 622/34/578 581/35/579
f 581/35/579 622/34/578 623/36/580
f 581/35/579 623/36/580 580/37/581
f 580/37/581 623/36/580 579/38/582
f 579/38/582 623/36/580 624/39/583
f 579/38/582 624/39/583 578/40/584
f 578/40/584 624/39/583 625/41/585
f 578/40/584 625/41/585 577/42/586
f 577/42/586 625/41/585 576/43/587
f 576/43/587 625/41/585 626/44/588
f 576/43/587 626/44/588 575/45/589
f 575/45/589 626/44/588 627/46/590
f 575/45/589 627/46/590 574/47/591
f 574/47/591 627/46/590 573/48/592
f 573/48/592 627/46/590 628/49/593
f 573/48/592 628/49/593 572/50/594
f 572/50/594 628/49/593 629/51/595
f 572/50/594 629/51/595 571/52/596
f 571/52/596 629/51/595 630/53/597
f 571/52/596 630/53/597 570/54/598
f 570/54/598 630/53/597 631/55/599
f 570/54/598 631/55/599 569/56/600
f 569/56/600 631/55/599 568/57/601
f 568/57/601 631/55/599 567/58/602
f 567/58/602 631/55/599 566/59/603
f 566/59/603 631/55/599 630/53/597
f 566/59/603 630/53/597 565/60/604
f 565/60/604 630/53/597 629/51/595
f 565/60/604 629/51/595 564/61/605
f 564/61/605 629/51/595 628/49/593
f 564/61/605 628/49/593 563/62/606
f 563/62/606 628/49/593 627/46/590
f 563/62/606 627/46/590 562/63/607
f 562/63/607 627/46/590 626/44/588
f 562/63/607 626/44/588 561/64/608
f 561/64/608 626/44/588 625/41/585
f 561/64/608 625/41/585 560/65/609
f 560/65/609 625/41/585 624/39/583
f 560/65/609 624/39/583 559/66/610
f 559/66/610 624/39/583 558/67/611
f 558/67/611 624/39/583 623/36/580
f 558/67/611 623/36/580 557/68/612
f 557/68/612 623/36/580 622/34/578
f 557/68/612 622/34/578 556/69/613
f 556/69/613 622/34/578 621/32/576
f 556/69/613 621/32/576 555/70/614
f 555/70/614 621/32/576 620/30/574
f 555/70/614 620/30/574 554/71/615
f 554/71/615 620/30/574 608/26/570
f 554/71/615 608/26/570 553/24/568
f 619/25/569 586/27/571 609/23/567
f 609/23/567 586/27/571 587/72/616
f 609/23/567 587/72/616 618/19/563
f 618/19/563 587/72/616 588/73/617
f 618/19/563 588/73/617 611/20/564
f 611/20/564 588/73/617 589/21/565
f 610/15/559 590/22/566 617/13/557
f 617/13/557 590/22/566 591/74/618
f 617/13/557 591/74/618 616/10/554
f 616/10/554 591/74/618 592/75/619
f 616/10/554 592/75/619 615/7/551
f 615/7/551 592/75/619 593/76/620
f 615/7/551 593/76/620 594/77/621
f 615/7/551 594/77/621 614/5/549
f 614/5/549 594/77/621 595/78/622
f 614/5/549 595/78/622 596/79/623
f 614/5/549 596/79/623 612/3/547
f 612/3/547 596/79/623 597/80/624
f 612/3/547 597/80/624 598/81/625
f 598/81/625 599/82/626 612/3/547
f 612/3/547 599/82/626 613/83/627
f 612/3/547 613/83/627 607/1/545
f 607/1/545 613/83/627 606/84/628
f 606/84/628 613/83/627 632/85/629
f 606/84/628 632/85/629 605/86/630
f 605/86/630 632/85/629 604/87/631
f 604/87/631 632/85/629 633/88/632
f 604/87/631 633/88/632 603/89/633
f 603/89/633 633/88/632 634/90/634
f 603/89/633 634/90/634 567/91/602
f 567/91/602 634/90/634 568/92/601
f 568/92/601 634/90/634 602/93/635
f 602/93/635 634/90/634 633/88/632
f 602/93/635 633/88/632 601/94/636
f 601/94/636 633/88/632 632/85/629
f 601/94/636 632/85/629 600/95/637
f 600/95/637 632/85/629 613/83/627
f 600/95/637 613/83/627 599/82/626
f 579/187/638 635/188/115 580/189/639
f 580/189/639 635/188/115 581/190/640
f 581/190/640 635/188/115 582/191/641
f 582/191/641 635/188/115 636/192/117
f 582/191/641 636/192/117 583/193/642
f 583/193/642 636/192/117 637/194/120
f 583/193/642 637/194/120 584/195/643
f 584/195/643 637/194/120 585/196/644
f 585/196/644 637/194/120 638/197/123
f 585/196/644 638/197/123 586/198/645
f 586/198/645 638/197/123 639/199/126
f 586/198/645 639/199/126 587/200/646
f 587/200/646 639/199/126 640/201/129
f 587/200/646 640/201/129 588/202/647
f 588/203/647 640/204/129 641/205/265
f 588/203/647 641/205/265 589/206/648
f 589/206/648 641/205/265 642/207/268
f 589/206/648 642/207/268 590/208/649
f 590/208/649 642/207/268 643/209/136
f 590/208/649 643/209/136 591/210/650
f 591/210/650 643/209/136 644/211/138
f 591/210/650 644/211/138 592/212/651
f 592/212/651 644/211/138 593/213/652
f 593/213/652 644/211/138 645/214/140
f 593/213/652 645/214/140 594/215/653
f 594/215/653 645/214/140 595/216/654
f 595/216/654 645/214/140 646/217/143
f 595/216/654 646/217/143 596/218/655
f 596/218/655 646/217/143 597/219/656
f 597/219/656 646/217/143 647/220/145
f 597/219/656 647/220/145 598/221/657
f 598/221/657 647/220/145 599/222/658
f 599/222/658 647/220/145 648/223/148
f 599/222/658 648/223/148 600/224/659
f 600/224/659 648/223/148 649/225/151
f 600/224/659 649/225/151 601/226/660
f 601/226/660 649/225/151 650/227/661
f 601/226/660 650/227/661 602/228/662
f 602/228/662 650/227/661 568/229/663
f 568/229/663 650/227/661 651/230/96
f 568/229/663 651/230/96 569/231/664
f 569/231/664 651/230/96 652/232/100
f 569/231/664 652/232/100 570/233/665
f 570/233/665 652/232/100 653/234/102
f 570/233/665 653/234/102 571/235/666
f 571/235/666 653/234/102 572/236/667
f 572/236/667 653/234/102 654/237/105
f 572/236/667 654/237/105 573/238/668
f 573/238/668 654/237/105 655/239/107
f 573/238/668 655/239/107 574/240/669
f 574/240/669 655/239/107 575/241/670
f 575/241/670 655/239/107 656/242/109
f 575/241/670 656/242/109 576/243/671
f 576/243/671 656/242/109 577/244/672
f 577/244/672 656/242/109 657/245/111
f 577/244/672 657/245/111 578/246/673
f 578/246/673 657/245/111 579/187/113
f 720/1/674 160/2/675 725/3/676
f 725/3/676 160/2/675 159/4/677
f 725/3/676 159/4/677 727/5/678
f 727/5/678 159/4/677 158/6/679
f 727/5/678 158/6/679 728/7/680
f 728/7/680 158/6/679 658/8/681
f 728/7/680 658/8/681 659/9/682
f 728/7/680 659/9/682 729/10/683
f 729/10/683 659/9/682 660/11/684
f 729/10/683 660/11/684 661/12/685
f 729/10/683 661/12/685 730/13/686
f 730/13/686 661/12/685 662/14/687
f 730/13/686 662/14/687 723/15/688
f 723/15/688 662/14/687 663/16/689
f 723/15/688 663/16/689 664/17/690
f 665/18/691 731/19/692 664/17/690
f 664/17/690 731/19/692 724/20/693
f 664/17/690 724/20/693 723/15/688
f 723/15/688 724/20/693 702/21/694
f 723/15/688 702/21/694 703/22/695
f 731/19/692 665/18/691 722/23/696
f 722/23/696 665/18/691 666/24/697
f 722/23/696 666/24/697 732/25/698
f 732/25/698 666/24/697 721/26/699
f 732/25/698 721/26/699 699/27/700
f 699/27/700 721/26/699 698/28/701
f 698/28/701 721/26/699 697/29/702
f 697/29/702 721/26/699 733/30/703
f 697/29/702 733/30/703 696/31/704
f 696/31/704 733/30/703 734/32/705
f 696/31/704 734/32/705 695/33/706
f 695/33/706 734/32/705 735/34/707
f 695/33/706 735/34/707 694/35/708
f 694/35/708 735/34/707 736/36/709
f 694/35/708 736/36/709 693/37/710
f 693/37/710 736/36/709 692/38/711
f 692/38/711 736/36/709 737/39/712
f 692/38/711 737/39/712 691/40/713
f 691/40/713 737/39/712 738/41/714
f 691/40/713 738/41/714 690/42/715
f 690/42/715 738/41/714 689/43/716
f 689/43/716 738/41/714 739/44/717
f 689/43/716 739/44/717 688/45/718
f 688/45/718 739/44/717 740/46/719
f 688/45/718 740/46/719 687/47/720
f 687/47/720 740/46/719 686/48/721
f 686/48/721 740/46/719 741/49/722
f 686/48/721 741/49/722 685/50/723
f 685/50/723 741/49/722 742/51/724
f 685/50/723 742/51/724 684/52/725
f 684/52/725 742/51/724 743/53/726
f 684/52/725 743/53/726 683/54/727
f 683/54/727 743/53/726 744/55/728
f 683/54/727 744/55/728 682/56/729
f 682/56/729 744/55/728 681/57/730
f 681/57/730 744/55/728 680/58/731
f 680/58/731 744/55/728 679/59/732
f 679/59/732 744/55/728 743/53/726
f 679/59/732 743/53/726 678/60/733
f 678/60/733 743/53/726 742/51/724
f 678/60/733 742/51/724 677/61/734
f 677/61/734 742/51/724 741/49/722
f 677/61/734 741/49/722 676/62/735
f 676/62/735 741/49/722 740/46/719
f 676/62/735 740/46/719 675/63/736
f 675/63/736 740/46/719 739/44/717
f 675/63/736 739/44/717 674/64/737
f 674/64/737 739/44/717 738/41/714
f 674/64/737 738/41/714 673/65/738
f 673/65/738 738/41/714 737/39/712
f 673/65/738 737/39/712 672/66/739
f 672/66/739 737/39/712 671/67/740
f 671/67/740 737/39/712 736/36/709
f 671/67/740 736/36/709 670/68/741
f 670/68/741 736/36/709 735/34/707
f 670/68/741 735/34/707 669/69/742
f 669/69/742 735/34/707 734/32/705
f 669/69/742 734/32/705 668/70/743
f 668/70/743 734/32/705 733/30/703
f 668/70/743 733/30/703 667/71/744
f 667/71/744 733/30/703 721/26/699
f 667/71/744 721/26/699 666/24/697
f 732/25/698 699/27/700 722/23/696
f 722/23/696 699/27/700 700/72/745
f 722/23/696 700/72/745 731/19/692
f 731/19/692 700/72/745 701/73/746
f 731/19/692 701/73/746 724/20/693
f 724/20/693 701/73/746 702/21/694
f 723/15/688 703/22/695 730/13/686
f 730/13/686 703/22/695 704/74/747
f 730/13/686 704/74/747 729/10/683
f 729/10/683 704/74/747 705/75/748
f 729/10/683 705/75/748 728/7/680
f 728/7/680 705/75/748 706/76/749
f 728/7/680 706/76/749 707/77/750
f 728/7/680 707/77/750 727/5/678
f 727/5/678 707/77/750 708/78/751
f 727/5/678 708/78/751 709/79/752
f 727/5/678 709/79/752 725/3/676
f 725/3/676 709/79/752 710/80/753
f 725/3/676 710/80/753 711/81/754
f 711/81/754 712/82/755 725/3/676
f 725/3/676 712/82/755 726/83/756
f 725/3/676 726/83/756 720/1/674
f 720/1/674 726/83/756 719/84/757
f 719/84/757 726/83/756 745/85/758
f 719/84/757 745/85/758 718/86/759
f 718/86/759 745/85/758 717/87/760
f 717/87/760 745/85/758 746/88/761
f 717/87/760 746/88/761 716/89/762
f 716/89/762 746/88/761 747/90/763
f 716/89/762 747/90/763 680/91/731
f 680/91/731 747/90/763 681/92/730
f 681/92/730 747/90/763 715/93/764
f 715/93/764 747/90/763 746/88/761
f 715/93/764 746/88/761 714/94/765
f 714/94/765 746/88/761 745/85/758
f 714/94/765 745/85/758 713/95/766
f 713/95/766 745/85/758 726/83/756
f 713/95/766 726/83/756 712/82/755
f 692/187/767 748/188/120 693/189/768
f 693/189/768 748/188/120 694/190/769
f 694/190/769 748/188/120 695/191/770
f 695/191/770 748/188/120 749/192/123
f 695/191/770 749/192/123 696/193/771
f 696/193/771 749/192/123 750/194/126
f 696/193/771 750/194/126 697/195/772
f 697/195/772 750/194/126 698/196/773
f 698/196/773 750/194/126 751/197/129
f 698/196/773 751/197/129 699/198/774
f 699/198/774 751/197/129 752/199/265
f 699/198/774 752/199/265 700/200/775
f 700/200/775 752/199/265 753/201/268
f 700/200/775 753/201/268 701/202/776
f 701/203/776 753/204/268 754/205/136
f 701/203/776 754/205/136 702/206/777
f 702/206/777 754/205/136 755/207/138
f 702/206/777 755/207/138 703/208/778
f 703/208/778 755/207/138 756/209/140
f 703/208/778 756/209/140 704/210/779
f 704/210/779 756/209/140 757/211/143
f 704/210/779 757/211/143 705/212/780
f 705/212/780 757/211/143 706/213/781
f 706/213/781 757/211/143 758/214/145
f 706/213/781 758/214/145 707/215/782
f 707/215/782 758/214/145 708/216/783
f 708/216/783 758/214/145 759/217/148
f 708/216/783 759/217/148 709/218/784
f 709/218/784 759/217/148 710/219/785
f 710/219/785 759/217/148 760/220/151
f 710/219/785 760/220/151 711/221/786
f 711/221/786 760/220/151 712/222/787
f 712/222/787 760/220/151 761/223/95
f 712/222/787 761/223/95 713/224/788
f 713/224/788 761/223/95 762/225/96
f 713/224/788 762/225/96 714/226/789
f 714/226/789 762/225/96 763/227/790
f 714/226/789 763/227/790 715/228/791
f 715/228/791 763/227/790 681/229/792
f 681/229/792 763/227/790 764/230/102
f 681/229/792 764/230/102 682/231/793
f 682/231/793 764/230/102 765/232/105
f 682/231/793 765/232/105 683/233/794
f 683/233/794 765/232/105 766/234/107
f 683/233/794 766/234/107 684/235/795
f 684/235/795 766/234/107 685/236/796
f 685/236/796 766/234/107 767/237/109
f 685/236/796 767/237/109 686/238/797
f 686/238/797 767/237/109 768/239/111
f 686/238/797 768/239/111 687/240/798
f 687/240/798 768/239/111 688/241/799
f 688/241/799 768/239/111 769/242/113
f 688/241/799 769/242/113 689/243/800
f 689/243/800 769/242/113 690/244/801
f 690/244/801 769/242/113 770/245/115
f 690/244/801 770/245/115 691/246/802
f 691/246/802 770/245/115 692/187/117
f 833/1/803 155/2/804 838/3/805
f 838/3/805 155/2/804 154/4/806
f 838/3/805 154/4/806 840/5/807
f 840/5/807 154/4/806 153/6/808
f 840/5/807 153/6/808 841/7/809
f 841/7/809 153/6/808 771/8/810
f 841/7/809 771/8/810 772/9/811
f 841/7/809 772/9/811 842/10/812
f 842/10/812 772/9/811 773/11/813
f 842/10/812 773/11/813 774/12/814
f 842/10/812 774/12/814 843/13/815
f 843/13/815 774/12/814 775/14/816
f 843/13/815 775/14/816 836/15/817
f 836/15/817 775/14/816 776/16/818
f 836/15/817 776/16/818 777/17/819
f 778/18/820 844/19/821 777/17/819
f 777/17/819 844/19/821 837/20/822
f 777/17/819 837/20/822 836/15/817
f 836/15/817 837/20/822 815/21/823
f 836/15/817 815/21/823 816/22/824
f 844/19/821 778/18/820 835/23/825
f 835/23/825 778/18/820 779/24/826
f 835/23/825 779/24/826 845/25/827
f 845/25/827 779/24/826 834/26/828
f 845/25/827 834/26/828 812/27/829
f 812/27/829 834/26/828 811/28/830
f 811/28/830 834/26/828 810/29/831
f 810/29/831 834/26/828 846/30/832
f 810/29/831 846/30/832 809/31/833
f 809/31/833 846/30/832 847/32/834
f 809/31/833 847/32/834 808/33/835
f 808/33/835 847/32/834 848/34/836
f 808/33/835 848/34/836 807/35/837
f 807/35/837 848/34/836 849/36/838
f 807/35/837 849/36/838 806/37/839
f 806/37/839 849/36/838 805/38/840
f 805/38/840 849/36/838 850/39/841
f 805/38/840 850/39/841 804/40/842
f 804/40/842 850/39/841 851/41/843
f 804/40/842 851/41/843 803/42/844
f 803/42/844 851/41/843 802/43/845
f 802/43/845 851/41/843 852/44/846
f 802/43/845 852/44/846 801/45/847
f 801/45/847 852/44/846 853/46/848
f 801/45/847 853/46/848 800/47/849
f 800/47/849 853/46/848 799/48/850
f 799/48/850 853/46/848 854/49/851
f 799/48/850 854/49/851 798/50/852
f 798/50/852 854/49/851 855/51/853
f 798/50/852 855/51/853 797/52/854
f 797/52/854 855/51/853 856/53/855
f 797/52/854 856/53/855 796/54/856
f 796/54/856 856/53/855 857/55/857
f 796/54/856 857/55/857 795/56/858
f 795/56/858 857/55/857 794/57/859
f 794/57/859 857/55/857 793/58/860
f 793/58/860 857/55/857 792/59/861
f 792/59/861 857/55/857 856/53/855
f 792/59/861 856/53/855 791/60/862
f 791/60/862 856/53/855 855/51/853
f 791/60/862 855/51/853 790/61/863
f 790/61/863 855/51/853 854/49/851
f 790/61/863 854/49/851 789/62/864
f 789/62/864 854/49/851 853/46/848
f 789/62/864 853/46/848 788/63/865
f 788/63/865 853/46/848 852/44/846
f 788/63/865 852/44/846 787/64/866
f 787/64/866 852/44/846 851/41/843
f 787/64/866 851/41/843 786/65/867
f 786/65/867 851/41/843 850/39/841
f 786/65/867 850/39/841 785/66/868
f 785/66/868 850/39/841 784/67/869
f 784/67/869 850/39/841 849/36/838
f 784/67/869 849/36/838 783/68/870
f 783/68/870 849/36/838 848/34/836
f 783/68/870 848/34/836 782/69/871
f 782/69/871 848/34/836 847/32/834
f 782/69/871 847/32/834 781/70/872
f 781/70/872 847/32/834 846/30/832
f 781/70/872 846/30/832 780/71/873
f 780/71/873 846/30/832 834/26/828
f 780/71/873 834/26/828 779/24/826
f 845/25/827 812/27/829 835/23/825
f 835/23/825 812/27/829 813/72/874
f 835/23/825 813/72/874 844/19/821
f 844/19/821 813/72/874 814/73/875
f 844/19/821 814/73/875 837/20/822
f 837/20/822 814/73/875 815/21/823
f 836/15/817 816/22/824 843/13/815
f 843/13/815 816/22/824 817/74/876
f 843/13/815 817/74/876 842/10/812
f 842/10/812 817/74/876 818/75/877
f 842/10/812 818/75/877 841/7/809
f 841/7/809 818/75/877 819/76/878
f 841/7/809 819/76/878 820/77/879
f 841/7/809 820/77/879 840/5/807
f 840/5/807 820/77/879 821/78/880
f 840/5/807 821/78/880 822/79/881
f 840/5/807 822/79/881 838/3/805
f 838/3/805 822/79/881 823/80/882
f 838/3/805 823/80/882 824/81/883
f 824/81/883 825/82/884 838/3/805
f 838/3/805 825/82/884 839/83/885
f 838/3/805 839/83/885 833/1/803
f 833/1/803 839/83/885 832/84/886
f 832/84/886 839/83/885 858/85/887
f 832/84/886 858/85/887 831/86/888
f 831/86/888 858/85/887 830/87/889
f 830/87/889 858/85/887 859/88/890
f 830/87/889 859/88/890 829/89/891
f 829/89/891 859/88/890 860/90/892
f 829/89/891 860/90/892 793/91/860
f 793/91/860 860/90/892 794/92/859
f 794/92/859 860/90/892 828/93/893
f 828/93/893 860/90/892 859/88/890
f 828/93/893 859/88/890 827/94/894
f 827/94/894 859/88/890 858/85/887
f 827/94/894 858/85/887 826/95/895
f 826/95/895 858/85/887 839/83/885
f 826/95/895 839/83/885 825/82/884
f 805/187/123 861/188/126 806/189/896
f 806/189/896 861/188/126 807/190/897
f 807/190/897 861/188/126 808/191/898
f 808/191/898 861/188/126 862/192/129
f 808/191/898 862/192/129 809/193/899
f 809/193/899 862/192/129 863/194/265
f 809/193/899 863/194/265 810/195/900
f 810/195/900 863/194/265 811/196/901
f 811/196/901 863/194/265 864/197/268
f 811/196/901 864/197/268 812/198/902
f 812/198/902 864/197/268 865/199/136
f 812/198/902 865/199/136 813/200/903
f 813/200/903 865/199/136 866/201/138
f 813/200/903 866/201/138 814/202/904
f 814/203/904 866/204/138 867/205/140
f 814/203/904 867/205/140 815/206/905
f 815/206/905 867/205/140 868/207/143
f 815/206/905 868/207/143 816/208/906
f 816/208/906 868/207/143 869/209/145
f 816/208/906 869/209/145 817/210/907
f 817/210/907 869/209/145 870/211/148
f 817/210/907 870/211/148 818/212/908
f 818/212/908 870/211/148 819/213/909
f 819/213/909 870/211/148 871/214/151
f 819/213/909 871/214/151 820/215/910
f 820/215/910 871/214/151 821/216/911
f 821/216/911 871/214/151 872/217/95
f 821/216/911 872/217/95 822/218/912
f 822/218/912 872/217/95 823/219/913
f 823/219/913 872/217/95 873/220/96
f 823/219/913 873/220/96 824/221/914
f 824/221/914 873/220/96 825/222/915
f 825/222/915 873/220/96 874/223/100
f 825/222/915 874/223/100 826/224/916
f 826/224/916 874/223/100 875/225/917
f 826/224/916 875/225/917 827/226/918
f 827/226/918 875/225/917 876/227/919
f 827/226/918 876/227/919 828/228/920
f 828/228/920 876/227/919 794/229/921
f 794/229/921 876/227/919 877/230/107
f 794/229/921 877/230/107 795/231/922
f 795/231/922 877/230/107 878/232/109
f 795/231/922 878/232/109 796/233/923
f 796/233/923 878/232/109 879/234/111
f 796/233/923 879/234/111 797/235/924
f 797/235/924 879/234/111 798/236/925
f 798/236/925 879/234/111 880/237/113
f 798/236/925 880/237/113 799/238/926
f 799/238/926 880/237/113 881/239/115
f 799/238/926 881/239/115 800/240/927
f 800/240/927 881/239/115 801/241/928
f 801/241/928 881/239/115 882/242/117
f 801/241/928 882/242/117 802/243/929
f 802/243/929 882/242/117 803/244/930
f 803/244/930 882/242/117 883/245/120
f 803/244/930 883/245/120 804/246/931
f 804/246/931 883/245/120 805/187/932
f 946/1/933 150/2/934 951/3/935
f 951/3/935 150/2/934 149/4/936
f 951/3/935 149/4/936 953/5/937
f 953/5/937 149/4/936 148/6/938
f 953/5/937 148/6/938 954/7/939
f 954/7/939 148/6/938 884/8/940
f 954/7/939 884/8/940 885/9/941
f 954/7/939 885/9/941 955/10/942
f 955/10/942 885/9/941 886/11/943
f 955/10/942 886/11/943 887/12/944
f 955/10/942 887/12/944 956/13/945
f 956/13/945 887/12/944 888/14/946
f 956/13/945 888/14/946 949/15/947
f 949/15/947 888/14/946 889/16/948
f 949/15/947 889/16/948 890/17/949
f 891/18/950 957/19/951 890/17/949
f 890/17/949 957/19/951 950/20/952
f 890/17/949 950/20/952 949/15/947
f 949/15/947 950/20/952 928/21/953
f 949/15/947 928/21/953 929/22/954
f 957/19/951 891/18/950 948/23/955
f 948/23/955 891/18/950 892/24/956
f 948/23/955 892/24/956 958/25/957
f 958/25/957 892/24/956 947/26/958
f 958/25/957 947/26/958 925/27/959
f 925/27/959 947/26/958 924/28/960
f 924/28/960 947/26/958 923/29/961
f 923/29/961 947/26/958 959/30/962
f 923/29/961 959/30/962 922/31/963
f 922/31/963 959/30/962 960/32/964
f 922/31/963 960/32/964 921/33/965
f 921/33/965 960/32/964 961/34/966
f 921/33/965 961/34/966 920/35/967
f 920/35/967 961/34/966 962/36/968
f 920/35/967 962/36/968 919/37/969
f 919/37/969 962/36/968 918/38/970
f 918/38/970 962/36/968 963/39/971
f 918/38/970 963/39/971 917/40/972
f 917/40/972 963/39/971 964/41/973
f 917/40/972 964/41/973 916/42/974
f 916/42/974 964/41/973 915/43/975
f 915/43/975 964/41/973 965/44/976
f 915/43/975 965/44/976 914/45/977
f 914/45/977 965/44/976 966/46/978
f 914/45/977 966/46/978 913/47/979
f 913/47/979 966/46/978 912/48/980
f 912/48/980 966/46/978 967/49/981
f 912/48/980 967/49/981 911/50/982
f 911/50/982 967/49/981 968/51/983
f 911/50/982 968/51/983 910/52/984
f 910/52/984 968/51/983 969/53/985
f 910/52/984 969/53/985 909/54/986
f 909/54/986 969/53/985 970/55/987
f 909/54/986 970/55/987 908/56/988
f 908/56/988 970/55/987 907/57/989
f 907/57/989 970/55/987 906/58/990
f 906/58/990 970/55/987 905/59/991
f 905/59/991 970/55/987 969/53/985
f 905/59/991 969/53/985 904/60/992
f 904/60/992 969/53/985 968/51/983
f 904/60/992 968/51/983 903/61/993
f 903/61/993 968/51/983 967/49/981
f 903/61/993 967/49/981 902/62/994
f 902/62/994 967/49/981 966/46/978
f 902/62/994 966/46/978 901/63/995
f 901/63/995 966/46/978 965/44/976
f 901/63/995 965/44/976 900/64/996
f 900/64/996 965/44/976 964/41/973
f 900/64/996 964/41/973 899/65/997
f 899/65/997 964/41/973 963/39/971
f 899/65/997 963/39/971 898/66/998
f 898/66/998 963/39/971 897/67/999
f 897/67/999 963/39/971 962/36/968
f 897/67/999 962/36/968 896/68/1000
f 896/68/1000 962/36/968 961/34/966
f 896/68/1000 961/34/966 895/69/1001
f 895/69/1001 961/34/966 960/32/964
f 895/69/1001 960/32/964 894/70/1002
f 894/70/1002 960/32/964 959/30/962
f 894/70/1002 959/30/962 893/71/1003
f 893/71/1003 959/30/962 947/26/958
f 893/71/1003 947/26/958 892/24/956
f 958/25/957 925/27/959 948/23/955
f 948/23/955 925/27/959 926/72/1004
f 948/23/955 926/72/1004 957/19/951
f 957/19/951 926/72/1004 927/73/1005
f 957/19/951 927/73/1005 950/20/952
f 950/20/952 927/73/1005 928/21/953
f 949/15/947 929/22/954 956/13/945
f 956/13/945 929/22/954 930/74/1006
f 956/13/945 930/74/1006 955/10/942
f 955/10/942 930/74/1006 931/75/1007
f 955/10/942 931/75/1007 954/7/939
f 954/7/939 931/75/1007 932/76/1008
f 954/7/939 932/76/1008 933/77/1009
f 954/7/939 933/77/1009 953/5/937
f 953/5/937 933/77/1009 934/78/1010
f 953/5/937 934/78/1010 935/79/1011
f 953/5/937 935/79/1011 951/3/935
f 951/3/935 935/79/1011 936/80/1012
f 951/3/935 936/80/1012 937/81/1013
f 937/81/1013 938/82/1014 951/3/935
f 951/3/935 938/82/1014 952/83/1015
f 951/3/935 952/83/1015 946/1/933
f 946/1/933 952/83/1015 945/84/1016
f 945/84/1016 952/83/1015 971/85/1017
f 945/84/1016 971/85/1017 944/86/1018
f 944/86/1018 971/85/1017 943/87/1019
f 943/87/1019 971/85/1017 972/88/1020
f 943/87/1019 972/88/1020 942/89/1021
f 942/89/1021 972/88/1020 973/90/1022
f 942/89/1021 973/90/1022 906/91/990
f 906/91/990 973/90/1022 907/92/989
f 907/92/989 973/90/1022 941/93/1023
f 941/93/1023 973/90/1022 972/88/1020
f 941/93/1023 972/88/1020 940/94/1024
f 940/94/1024 972/88/1020 971/85/1017
f 940/94/1024 971/85/1017 939/95/1025
f 939/95/1025 971/85/1017 952/83/1015
f 939/95/1025 952/83/1015 938/82/1014
f 918/187/129 974/188/265 919/189/1026
f 919/189/1026 974/188/265 920/190/1027
f 920/190/1027 974/188/265 921/191/1028
f 921/191/1028 974/188/265 975/192/268
f 921/191/1028 975/192/268 922/193/1029
f 922/193/1029 975/192/268 976/194/136
f 922/193/1029 976/194/136 923/195/1030
f 923/195/1030 976/194/136 924/196/1031
f 924/196/1031 976/194/136 977/197/138
f 924/196/1031 977/197/138 925/198/1032
f 925/198/1032 977/197/138 978/199/140
f 925/198/1032 978/199/140 926/200/1033
f 926/200/1033 978/199/140 979/201/143
f 926/200/1033 979/201/143 927/202/1034
f 927/203/1034 979/204/143 980/205/145
f 927/203/1034 980/205/145 928/206/1035
f 928/206/1035 980/205/145 981/207/148
f 928/206/1035 981/207/148 929/208/1036
f 929/208/1036 981/207/148 982/209/151
f 929/208/1036 982/209/151 930/210/1037
f 930/210/1037 982/209/151 983/211/95
f 930/210/1037 983/211/95 931/212/1038
f 931/212/1038 983/211/95 932/213/1039
f 932/213/1039 983/211/95 984/214/96
f 932/213/1039 984/214/96 933/215/1040
f 933/215/1040 984/214/96 934/216/1041
f 934/216/1041 984/214/96 985/217/100
f 934/216/1041 985/217/100 935/218/1042
f 935/218/1042 985/217/100 936/219/1043
f 936/219/1043 985/217/100 986/220/102
f 936/219/1043 986/220/102 937/221/1044
f 937/221/1044 986/220/102 938/222/1045
f 938/222/1045 986/220/102 987/223/105
f 938/222/1045 987/223/105 939/224/1046
f 939/224/1046 987/223/105 988/225/107
f 939/224/1046 988/225/107 940/226/1047
f 940/226/1047 988/225/107 989/227/1048
f 940/226/1047 989/227/1048 941/228/1049
f 941/228/1049 989/227/1048 907/229/1050
f 907/229/1050 989/227/1048 990/230/111
f 907/229/1050 990/230/111 908/231/1051
f 908/231/1051 990/230/111 991/232/113
f 908/231/1051 991/232/113 909/233/1052
f 909/233/1052 991/232/113 992/234/115
f 909/233/1052 992/234/115 910/235/1053
f 910/235/1053 992/234/115 911/236/1054
f 911/236/1054 992/234/115 993/237/117
f 911/236/1054 993/237/117 912/238/1055
f 912/238/1055 993/237/117 994/239/120
f 912/238/1055 994/239/120 913/240/1056
f 913/240/1056 994/239/120 914/241/1057
f 914/241/1057 994/239/120 995/242/123
f 914/241/1057 995/242/123 915/243/1058
f 915/243/1058 995/242/123 916/244/1059
f 916/244/1059 995/242/123 996/245/126
f 916/244/1059 996/245/126 917/246/1060
f 917/246/1060 996/245/126 918/187/1061
f 1059/1/1062 145/2/1063 1064/3/1064
f 1064/3/1064 145/2/1063 144/4/1065
f 1064/3/1064 144/4/1065 1066/5/1066
f 1066/5/1066 144/4/1065 143/6/1067
f 1066/5/1066 143/6/1067 1067/7/1068
f 1067/7/1068 143/6/1067 997/8/1069
f 1067/7/1068 997/8/1069 998/9/1070
f 1067/7/1068 998/9/1070 1068/10/1071
f 1068/10/1071 998/9/1070 999/11/1072
f 1068/10/1071 999/11/1072 1000/12/1073
f 1068/10/1071 1000/12/1073 1069/13/1074
f 1069/13/1074 1000/12/1073 1001/14/1075
f 1069/13/1074 1001/14/1075 1062/15/1076
f 1062/15/1076 1001/14/1075 1002/16/1077
f 1062/15/1076 1002/16/1077 1003/17/1078
f 1004/18/1079 1070/19/1080 1003/17/1078
f 1003/17/1078 1070/19/1080 1063/20/1081
f 1003/17/1078 1063/20/1081 1062/15/1076
f 1062/15/1076 1063/20/1081 1041/21/1082
f 1062/15/1076 1041/21/1082 1042/22/1083
f 1070/19/1080 1004/18/1079 1061/23/1084
f 1061/23/1084 1004/18/1079 1005/24/1085
f 1061/23/1084 1005/24/1085 1071/25/1086
f 1071/25/1086 1005/24/1085 1060/26/1087
f 1071/25/1086 1060/26/1087 1038/27/1088
f 1038/27/1088 1060/26/1087 1037/28/1089
f 1037/28/1089 1060/26/1087 1036/29/1090
f 1036/29/1090 1060/26/1087 1072/30/1091
f 1036/29/1090 1072/30/1091 1035/31/1092
f 1035/31/1092 1072/30/1091 1073/32/1093
f 1035/31/1092 1073/32/1093 1034/33/1094
f 1034/33/1094 1073/32/1093 1074/34/1095
f 1034/33/1094 1074/34/1095 1033/35/1096
f 1033/35/1096 1074/34/1095 1075/36/1097
f 1033/35/1096 1075/36/1097 1032/37/1098
f 1032/37/1098 1075/36/1097 1031/38/1099
f 1031/38/1099 1075/36/1097 1076/39/1100
f 1031/38/1099 1076/39/1100 1030/40/1101
f 1030/40/1101 1076/39/1100 1077/41/1102
f 1030/40/1101 1077/41/1102 1029/42/1103
f 1029/42/1103 1077/41/1102 1028/43/1104
f 1028/43/1104 1077/41/1102 1078/44/1105
f 1028/43/1104 1078/44/1105 1027/45/1106
f 1027/45/1106 1078/44/1105 1079/46/1107
f 1027/45/1106 1079/46/1107 1026/47/1108
f 1026/47/1108 1079/46/1107 1025/48/1109
f 1025/48/1109 1079/46/1107 1080/49/1110
f 1025/48/1109 1080/49/1110 1024/50/1111
f 1024/50/1111 1080/49/1110 1081/51/1112
f 1024/50/1111 1081/51/1112 1023/52/1113
f 1023/52/1113 1081/51/1112 1082/53/1114
f 1023/52/1113 1082/53/1114 1022/54/1115
f 1022/54/1115 1082/53/1114 1083/55/1116
f 1022/54/1115 1083/55/1116 1021/56/1117
f 1021/56/1117 1083/55/1116 1020/57/1118
f 1020/57/1118 1083/55/1116 1019/58/1119
f 1019/58/1119 1083/55/1116 1018/59/1120
f 1018/59/1120 1083/55/1116 1082/53/1114
f 1018/59/1120 1082/53/1114 1017/60/1121
f 1017/60/1121 1082/53/1114 1081/51/1112
f 1017/60/1121 1081/51/1112 1016/61/1122
f 1016/61/1122 1081/51/1112 1080/49/1110
f 1016/61/1122 1080/49/1110 1015/62/1123
f 1015/62/1123 1080/49/1110 1079/46/1107
f 1015/62/1123 1079/46/1107 1014/63/1124
f 1014/63/1124 1079/46/1107 1078/44/1105
f 1014/63/1124 1078/44/1105 1013/64/1125
f 1013/64/1125 1078/44/1105 1077/41/1102
f 1013/64/1125 1077/41/1102 1012/65/1126
f 1012/65/1126 1077/41/1102 1076/39/1100
f 1012/65/1126 1076/39/1100 1011/66/1127
f 1011/66/1127 1076/39/1100 1010/67/1128
f 1010/67/1128 1076/39/1100 1075/36/1097
f 1010/67/1128 1075/36/1097 1009/68/1129
f 1009/68/1129 1075/36/1097 1074/34/1095
f 1009/68/1129 1074/34/1095 1008/69/1130
f 1008/69/1130 1074/34/1095 1073/32/1093
f 1008/69/1130 1073/32/1093 1007/70/1131
f 1007/70/1131 1073/32/1093 1072/30/1091
f 1007/70/1131 1072/30/1091 1006/71/1132
f 1006/71/1132 1072/30/1091 1060/26/1087
f 1006/71/1132 1060/26/1087 1005/24/1085
f 1071/25/1086 1038/27/1088 1061/23/1084
f 1061/23/1084 1038/27/1088 1039/72/1133
f 1061/23/1084 1039/72/1133 1070/19/1080
f 1070/19/1080 1039/72/1133 1040/73/1134
f 1070/19/1080 1040/73/1134 1063/20/1081
f 1063/20/1081 1040/73/1134 1041/21/1082
f 1062/15/1076 1042/22/1083 1069/13/1074
f 1069/13/1074 1042/22/1083 1043/74/1135
f 1069/13/1074 1043/74/1135 1068/10/1071
f 1068/10/1071 1043/74/1135 1044/75/1136
f 1068/10/1071 1044/75/1136 1067/7/1068
f 1067/7/1068 1044/75/1136 1045/76/1137
f 1067/7/1068 1045/76/1137 1046/77/1138
f 1067/7/1068 1046/77/1138 1066/5/1066
f 1066/5/1066 1046/77/1138 1047/78/1139
f 1066/5/1066 1047/78/1139 1048/79/1140
f 1066/5/1066 1048/79/1140 1064/3/1064
f 1064/3/1064 1048/79/1140 1049/80/1141
f 1064/3/1064 1049/80/1141 1050/81/1142
f 1050/81/1142 1051/82/1143 1064/3/1064
f 1064/3/1064 1051/82/1143 1065/83/1144
f 1064/3/1064 1065/83/1144 1059/1/1062
f 1059/1/1062 1065/83/1144 1058/84/1145
f 1058/84/1145 1065/83/1144 1084/85/1146
f 1058/84/1145 1084/85/1146 1057/86/1147
f 1057/86/1147 1084/85/1146 1056/87/1148
f 1056/87/1148 1084/85/1146 1085/88/1149
f 1056/87/1148 1085/88/1149 1055/89/1150
f 1055/89/1150 1085/88/1149 1086/90/1151
f 1055/89/1150 1086/90/1151 1019/91/1119
f 1019/91/1119 1086/90/1151 1020/92/1118
f 1020/92/1118 1086/90/1151 1054/93/1152
f 1054/93/1152 1086/90/1151 1085/88/1149
f 1054/93/1152 1085/88/1149 1053/94/1153
f 1053/94/1153 1085/88/1149 1084/85/1146
f 1053/94/1153 1084/85/1146 1052/95/1154
f 1052/95/1154 1084/85/1146 1065/83/1144
f 1052/95/1154 1065/83/1144 1051/82/1143
f 1031/187/1155 1087/188/136 1032/189/1156
f 1032/189/1156 1087/188/136 1033/190/1157
f 1033/190/1157 1087/188/136 1034/191/1158
f 1034/191/1158 1087/188/136 1088/192/138
f 1034/191/1158 1088/192/138 1035/193/1159
f 1035/193/1159 1088/192/138 1089/194/140
f 1035/193/1159 1089/194/140 1036/195/1160
f 1036/195/1160 1089/194/140 1037/196/1161
f 1037/196/1161 1089/194/140 1090/197/143
f 1037/196/1161 1090/197/143 1038/198/1162
f 1038/198/1162 1090/197/143 1091/199/145
f 1038/198/1162 1091/199/145 1039/200/1163
f 1039/200/1163 1091/199/145 1092/201/148
f 1039/200/1163 1092/201/148 1040/202/1164
f 1040/203/1164 1092/204/148 1093/205/151
f 1040/203/1164 1093/205/151 1041/206/1165
f 1041/206/1165 1093/205/151 1094/207/95
f 1041/206/1165 1094/207/95 1042/208/1166
f 1042/208/1166 1094/207/95 1095/209/96
f 1042/208/1166 1095/209/96 1043/210/1167
f 1043/210/1167 1095/209/96 1096/211/100
f 1043/210/1167 1096/211/100 1044/212/1168
f 1044/212/1168 1096/211/100 1045/213/1169
f 1045/213/1169 1096/211/100 1097/214/102
f 1045/213/1169 1097/214/102 1046/215/1170
f 1046/215/1170 1097/214/102 1047/216/1171
f 1047/216/1171 1097/214/102 1098/217/105
f 1047/216/1171 1098/217/105 1048/218/1172
f 1048/218/1172 1098/217/105 1049/219/1173
f 1049/219/1173 1098/217/105 1099/220/107
f 1049/219/1173 1099/220/107 1050/221/1174
f 1050/221/1174 1099/220/107 1051/222/1175
f 1051/222/1175 1099/220/107 1100/223/109
f 1051/222/1175 1100/223/109 1052/224/1176
f 1052/224/1176 1100/223/109 1101/225/111
f 1052/224/1176 1101/225/111 1053/226/1177
f 1053/226/1177 1101/225/111 1102/227/1178
f 1053/226/1177 1102/227/1178 1054/228/1179
f 1054/228/1179 1102/227/1178 1020/229/1180
f 1020/229/1180 1102/227/1178 1103/230/115
f 1020/229/1180 1103/230/115 1021/231/1181
f 1021/231/1181 1103/230/115 1104/232/117
f 1021/231/1181 1104/232/117 1022/233/1182
f 1022/233/1182 1104/232/117 1105/234/120
f 1022/233/1182 1105/234/120 1023/235/1183
f 1023/235/1183 1105/234/120 1024/236/1184
f 1024/236/1184 1105/234/120 1106/237/123
f 1024/236/1184 1106/237/123 1025/238/1185
f 1025/238/1185 1106/237/123 1107/239/126
f 1025/238/1185 1107/239/126 1026/240/1186
f 1026/240/1186 1107/239/126 1027/241/1187
f 1027/241/1187 1107/239/126 1108/242/129
f 1027/241/1187 1108/242/129 1028/243/1188
f 1028/243/1188 1108/242/129 1029/244/1189
f 1029/244/1189 1108/242/129 1109/245/265
f 1029/244/1189 1109/245/265 1030/246/1190
f 1030/246/1190 1109/245/265 1031/187/1191
f 1172/1/1192 140/2/1193 1177/3/1194
f 1177/3/1194 140/2/1193 139/4/1195
f 1177/3/1194 139/4/1195 1179/5/1196
f 1179/5/1196 139/4/1195 138/6/1197
f 1179/5/1196 138/6/1197 1180/7/1198
f 1180/7/1198 138/6/1197 1110/8/1199
f 1180/7/1198 1110/8/1199 1111/9/1200
f 1180/7/1198 1111/9/1200 1181/10/1201
f 1181/10/1201 1111/9/1200 1112/11/1202
f 1181/10/1201 1112/11/1202 1113/12/1203
f 1181/10/1201 1113/12/1203 1182/13/1204
f 1182/13/1204 1113/12/1203 1114/14/1205
f 1182/13/1204 1114/14/1205 1175/15/1206
f 1175/15/1206 1114/14/1205 1115/16/1207
f 1175/15/1206 1115/16/1207 1116/17/1208
f 1117/18/1209 1183/19/1210 1116/17/1208
f 1116/17/1208 1183/19/1210 1176/20/1211
f 1116/17/1208 1176/20/1211 1175/15/1206
f 1175/15/1206 1176/20/1211 1154/21/1212
f 1175/15/1206 1154/21/1212 1155/22/1213
f 1183/19/1210 1117/18/1209 1174/23/1214
f 1174/23/1214 1117/18/1209 1118/24/1215
f 1174/23/1214 1118/24/1215 1184/25/1216
f 1184/25/1216 1118/24/1215 1173/26/1217
f 1184/25/1216 1173/26/1217 1151/27/1218
f 1151/27/1218 1173/26/1217 1150/28/1219
f 1150/28/1219 1173/26/1217 1149/29/1220
f 1149/29/1220 1173/26/1217 1185/30/1221
f 1149/29/1220 1185/30/1221 1148/31/1222
f 1148/31/1222 1185/30/1221 1186/32/1223
f 1148/31/1222 1186/32/1223 1147/33/1224
f 1147/33/1224 1186/32/1223 1187/34/1225
f 1147/33/1224 1187/34/1225 1146/35/1226
f 1146/35/1226 1187/34/1225 1188/36/1227
f 1146/35/1226 1188/36/1227 1145/37/1228
f 1145/37/1228 1188/36/1227 1144/38/1229
f 1144/38/1229 1188/36/1227 1189/39/1230
f 1144/38/1229 1189/39/1230 1143/40/1231
f 1143/40/1231 1189/39/1230 1190/41/1232
f 1143/40/1231 1190/41/1232 1142/42/1233
f 1142/42/1233 1190/41/1232 1141/43/1234
f 1141/43/1234 1190/41/1232 1191/44/1235
f 1141/43/1234 1191/44/1235 1140/45/1236
f 1140/45/1236 1191/44/1235 1192/46/1237
f 1140/45/1236 1192/46/1237 1139/47/1238
f 1139/47/1238 1192/46/1237 1138/48/1239
f 1138/48/1239 1192/46/1237 1193/49/1240
f 1138/48/1239 1193/49/1240 1137/50/1241
f 1137/50/1241 1193/49/1240 1194/51/1242
f 1137/50/1241 1194/51/1242 1136/52/1243
f 1136/52/1243 1194/51/1242 1195/53/1244
f 1136/52/1243 1195/53/1244 1135/54/1245
f 1135/54/1245 1195/53/1244 1196/55/1246
f 1135/54/1245 1196/55/1246 1134/56/1247
f 1134/56/1247 1196/55/1246 1133/57/1248
f 1133/57/1248 1196/55/1246 1132/58/1249
f 1132/58/1249 1196/55/1246 1131/59/1250
f 1131/59/1250 1196/55/1246 1195/53/1244
f 1131/59/1250 1195/53/1244 1130/60/1251
f 1130/60/1251 1195/53/1244 1194/51/1242
f 1130/60/1251 1194/51/1242 1129/61/1252
f 1129/61/1252 1194/51/1242 1193/49/1240
f 1129/61/1252 1193/49/1240 1128/62/1253
f 1128/62/1253 1193/49/1240 1192/46/1237
f 1128/62/1253 1192/46/1237 1127/63/1254
f 1127/63/1254 1192/46/1237 1191/44/1235
f 1127/63/1254 1191/44/1235 1126/64/1255
f 1126/64/1255 1191/44/1235 1190/41/1232
f 1126/64/1255 1190/41/1232 1125/65/1256
f 1125/65/1256 1190/41/1232 1189/39/1230
f 1125/65/1256 1189/39/1230 1124/66/1257
f 1124/66/1257 1189/39/1230 1123/67/1258
f 1123/67/1258 1189/39/1230 1188/36/1227
f 1123/67/1258 1188/36/1227 1122/68/1259
f 1122/68/1259 1188/36/1227 1187/34/1225
f 1122/68/1259 1187/34/1225 1121/69/1260
f 1121/69/1260 1187/34/1225 1186/32/1223
f 1121/69/1260 1186/32/1223 1120/70/1261
f 1120/70/1261 1186/32/1223 1185/30/1221
f 1120/70/1261 1185/30/1221 1119/71/1262
f 1119/71/1262 1185/30/1221 1173/26/1217
f 1119/71/1262 1173/26/1217 1118/24/1215
f 1184/25/1216 1151/27/1218 1174/23/1214
f 1174/23/1214 1151/27/1218 1152/72/1263
f 1174/23/1214 1152/72/1263 1183/19/1210
f 1183/19/1210 1152/72/1263 1153/73/1264
f 1183/19/1210 1153/73/1264 1176/20/1211
f 1176/20/1211 1153/73/1264 1154/21/1212
f 1175/15/1206 1155/22/1213 1182/13/1204
f 1182/13/1204 1155/22/1213 1156/74/1265
f 1182/13/1204 1156/74/1265 1181/10/1201
f 1181/10/1201 1156/74/1265 1157/75/1266
f 1181/10/1201 1157/75/1266 1180/7/1198
f 1180/7/1198 1157/75/1266 1158/76/1267
f 1180/7/1198 1158/76/1267 1159/77/1268
f 1180/7/1198 1159/77/1268 1179/5/1196
f 1179/5/1196 1159/77/1268 1160/78/1269
f 1179/5/1196 1160/78/1269 1161/79/1270
f 1179/5/1196 1161/79/1270 1177/3/1194
f 1177/3/1194 1161/79/1270 1162/80/1271
f 1177/3/1194 1162/80/1271 1163/81/1272
f 1163/81/1272 1164/82/1273 1177/3/1194
f 1177/3/1194 1164/82/1273 1178/83/1274
f 1177/3/1194 1178/83/1274 1172/1/1192
f 1172/1/1192 1178/83/1274 1171/84/1275
f 1171/84/1275 1178/83/1274 1197/85/1276
f 1171/84/1275 1197/85/1276 1170/86/1277
f 1170/86/1277 1197/85/1276 1169/87/1278
f 1169/87/1278 1197/85/1276 1198/88/1279
f 1169/87/1278 1198/88/1279 1168/89/1280
f 1168/89/1280 1198/88/1279 1199/90/1281
f 1168/89/1280 1199/90/1281 1132/91/1249
f 1132/91/1249 1199/90/1281 1133/92/1248
f 1133/92/1248 1199/90/1281 1167/93/1282
f 1167/93/1282 1199/90/1281 1198/88/1279
f 1167/93/1282 1198/88/1279 1166/94/1283
f 1166/94/1283 1198/88/1279 1197/85/1276
f 1166/94/1283 1197/85/1276 1165/95/1284
f 1165/95/1284 1197/85/1276 1178/83/1274
f 1165/95/1284 1178/83/1274 1164/82/1273
f 1144/187/1285 1200/188/140 1145/189/1286
f 1145/189/1286 1200/188/140 1146/190/1287
f 1146/190/1287 1200/188/140 1147/191/1288
f 1147/191/1288 1200/188/140 1201/192/143
f 1147/191/1288 1201/192/143 1148/193/1289
f 1148/193/1289 1201/192/143 1202/194/145
f 1148/193/1289 1202/194/145 1149/195/1290
f 1149/195/1290 1202/194/145 1150/196/1291
f 1150/196/1291 1202/194/145 1203/197/148
f 1150/196/1291 1203/197/148 1151/198/1292
f 1151/198/1292 1203/197/148 1204/199/151
f 1151/198/1292 1204/199/151 1152/200/1293
f 1152/200/1293 1204/199/151 1205/201/95
f 1152/200/1293 1205/201/95 1153/202/1294
f 1153/203/1294 1205/204/95 1206/205/96
f 1153/203/1294 1206/205/96 1154/206/1295
f 1154/206/1295 1206/205/96 1207/207/100
f 1154/206/1295 1207/207/100 1155/208/1296
f 1155/208/1296 1207/207/100 1208/209/102
f 1155/208/1296 1208/209/102 1156/210/1297
f 1156/210/1297 1208/209/102 1209/211/105
f 1156/210/1297 1209/211/105 1157/212/1298
f 1157/212/1298 1209/211/105 1158/213/1299
f 1158/213/1299 1209/211/105 1210/214/107
f 1158/213/1299 1210/214/107 1159/215/1300
f 1159/215/1300 1210/214/107 1160/216/1301
f 1160/216/1301 1210/214/107 1211/217/109
f 1160/216/1301 1211/217/109 1161/218/1302
f 1161/218/1302 1211/217/109 1162/219/1303
f 1162/219/1303 1211/217/109 1212/220/111
f 1162/219/1303 1212/220/111 1163/221/1304
f 1163/221/1304 1212/220/111 1164/222/1305
f 1164/222/1305 1212/220/111 1213/223/113
f 1164/222/1305 1213/223/113 1165/224/1306
f 1165/224/1306 1213/223/113 1214/225/115
f 1165/224/1306 1214/225/115 1166/226/1307
f 1166/226/1307 1214/225/115 1215/227/1308
f 1166/226/1307 1215/227/1308 1167/228/1309
f 1167/228/1309 1215/227/1308 1133/229/1310
f 1133/229/1310 1215/227/1308 1216/230/120
f 1133/229/1310 1216/230/120 1134/231/1311
f 1134/231/1311 1216/230/120 1217/232/123
f 1134/231/1311 1217/232/123 1135/233/1312
f 1135/233/1312 1217/232/123 1218/234/126
f 1135/233/1312 1218/234/126 1136/235/1313
f 1136/235/1313 1218/234/126 1137/236/1314
f 1137/236/1314 1218/234/126 1219/237/129
f 1137/236/1314 1219/237/129 1138/238/1315
f 1138/238/1315 1219/237/129 1220/239/265
f 1138/238/1315 1220/239/265 1139/240/1316
f 1139/240/1316 1220/239/265 1140/241/1317
f 1140/241/1317 1220/239/265 1221/242/268
f 1140/241/1317 1221/242/268 1141/243/1318
f 1141/243/1318 1221/242/268 1142/244/1319
f 1142/244/1319 1221/242/268 1222/245/136
f 1142/244/1319 1222/245/136 1143/246/1320
f 1143/246/1320 1222/245/136 1144/187/1321
f 1285/1/1322 135/2/1323 1290/3/1324
f 1290/3/1324 135/2/1323 134/4/1325
f 1290/3/1324 134/4/1325 1292/5/1326
f 1292/5/1326 134/4/1325 133/6/1327
f 1292/5/1326 133/6/1327 1293/7/1328
f 1293/7/1328 133/6/1327 1223/8/1329
f 1293/7/1328 1223/8/1329 1224/9/1330
f 1293/7/1328 1224/9/1330 1294/10/1331
f 1294/10/1331 1224/9/1330 1225/11/1332
f 1294/10/1331 1225/11/1332 1226/12/1333
f 1294/10/1331 1226/12/1333 1295/13/1334
f 1295/13/1334 1226/12/1333 1227/14/1335
f 1295/13/1334 1227/14/1335 1288/15/1336
f 1288/15/1336 1227/14/1335 1228/16/1337
f 1288/15/1336 1228/16/1337 1229/17/1338
f 1230/18/1339 1296/19/1340 1229/17/1338
f 1229/17/1338 1296/19/1340 1289/20/1341
f 1229/17/1338 1289/20/1341 1288/15/1336
f 1288/15/1336 1289/20/1341 1267/21/1342
f 1288/15/1336 1267/21/1342 1268/22/1343
f 1296/19/1340 1230/18/1339 1287/23/1344
f 1287/23/1344 1230/18/1339 1231/24/1345
f 1287/23/1344 1231/24/1345 1297/25/1346
f 1297/25/1346 1231/24/1345 1286/26/1347
f 1297/25/1346 1286/26/1347 1264/27/1348
f 1264/27/1348 1286/26/1347 1263/28/1349
f 1263/28/1349 1286/26/1347 1262/29/1350
f 1262/29/1350 1286/26/1347 1298/30/1351
f 1262/29/1350 1298/30/1351 1261/31/1352
f 1261/31/1352 1298/30/1351 1299/32/1353
f 1261/31/1352 1299/32/1353 1260/33/1354
f 1260/33/1354 1299/32/1353 1300/34/1355
f 1260/33/1354 1300/34/1355 1259/35/1356
f 1259/35/1356 1300/34/1355 1301/36/1357
f 1259/35/1356 1301/36/1357 1258/37/1358
f 1258/37/1358 1301/36/1357 1257/38/1359
f 1257/38/1359 1301/36/1357 1302/39/1360
f 1257/38/1359 1302/39/1360 1256/40/1361
f 1256/40/1361 1302/39/1360 1303/41/1362
f 1256/40/1361 1303/41/1362 1255/42/1363
f 1255/42/1363 1303/41/1362 1254/43/1364
f 1254/43/1364 1303/41/1362 1304/44/1365
f 1254/43/1364 1304/44/1365 1253/45/1366
f 1253/45/1366 1304/44/1365 1305/46/1367
f 1253/45/1366 1305/46/1367 1252/47/1368
f 1252/47/1368 1305/46/1367 1251/48/1369
f 1251/48/1369 1305/46/1367 1306/49/1370
f 1251/48/1369 1306/49/1370 1250/50/1371
f 1250/50/1371 1306/49/1370 1307/51/1372
f 1250/50/1371 1307/51/1372 1249/52/1373
f 1249/52/1373 1307/51/1372 1308/53/1374
f 1249/52/1373 1308/53/1374 1248/54/1375
f 1248/54/1375 1308/53/1374 1309/55/1376
f 1248/54/1375 1309/55/1376 1247/56/1377
f 1247/56/1377 1309/55/1376 1246/57/1378
f 1246/57/1378 1309/55/1376 1245/58/1379
f 1245/58/1379 1309/55/1376 1244/59/1380
f 1244/59/1380 1309/55/1376 1308/53/1374
f 1244/59/1380 1308/53/1374 1243/60/1381
f 1243/60/1381 1308/53/1374 1307/51/1372
f 1243/60/1381 1307/51/1372 1242/61/1382
f 1242/61/1382 1307/51/1372 1306/49/1370
f 1242/61/1382 1306/49/1370 1241/62/1383
f 1241/62/1383 1306/49/1370 1305/46/1367
f 1241/62/1383 1305/46/1367 1240/63/1384
f 1240/63/1384 1305/46/1367 1304/44/1365
f 1240/63/1384 1304/44/1365 1239/64/1385
f 1239/64/1385 1304/44/1365 1303/41/1362
f 1239/64/1385 1303/41/1362 1238/65/1386
f 1238/65/1386 1303/41/1362 1302/39/1360
f 1238/65/1386 1302/39/1360 1237/66/1387
f 1237/66/1387 1302/39/1360 1236/67/1388
f 1236/67/1388 1302/39/1360 1301/36/1357
f 1236/67/1388 1301/36/1357 1235/68/1389
f 1235/68/1389 1301/36/1357 1300/34/1355
f 1235/68/1389 1300/34/1355 1234/69/1390
f 1234/69/1390 1300/34/1355 1299/32/1353
f 1234/69/1390 1299/32/1353 1233/70/1391
f 1233/70/1391 1299/32/1353 1298/30/1351
f 1233/70/1391 1298/30/1351 1232/71/1392
f 1232/71/1392 1298/30/1351 1286/26/1347
f 1232/71/1392 1286/26/1347 1231/24/1345
f 1297/25/1346 1264/27/1348 1287/23/1344
f 1287/23/1344 1264/27/1348 1265/72/1393
f 1287/23/1344 1265/72/1393 1296/19/1340
f 1296/19/1340 1265/72/1393 1266/73/1394
f 1296/19/1340 1266/73/1394 1289/20/1341
f 1289/20/1341 1266/73/1394 1267/21/1342
f 1288/15/1336 1268/22/1343 1295/13/1334
f 1295/13/1334 1268/22/1343 1269/74/1395
f 1295/13/1334 1269/74/1395 1294/10/1331
f 1294/10/1331 1269/74/1395 1270/75/1396
f 1294/10/1331 1270/75/1396 1293/7/1328
f 1293/7/1328 1270/75/1396 1271/76/1397
f 1293/7/1328 1271/76/1397 1272/77/1398
f 1293/7/1328 1272/77/1398 1292/5/1326
f 1292/5/1326 1272/77/1398 1273/78/1399
f 1292/5/1326 1273/78/1399 1274/79/1400
f 1292/5/1326 1274/79/1400 1290/3/1324
f 1290/3/1324 1274/79/1400 1275/80/1401
f 1290/3/1324 1275/80/1401 1276/81/1402
f 1276/81/1402 1277/82/1403 1290/3/1324
f 1290/3/1324 1277/82/1403 1291/83/1404
f 1290/3/1324 1291/83/1404 1285/1/1322
f 1285/1/1322 1291/83/1404 1284/84/1405
f 1284/84/1405 1291/83/1404 1310/85/1406
f 1284/84/1405 1310/85/1406 1283/86/1407
f 1283/86/1407 1310/85/1406 1282/87/1408
f 1282/87/1408 1310/85/1406 1311/88/1409
f 1282/87/1408 1311/88/1409 1281/89/1410
f 1281/89/1410 1311/88/1409 1312/90/1411
f 1281/89/1410 1312/90/1411 1245/91/1379
f 1245/91/1379 1312/90/1411 1246/92/1378
f 1246/92/1378 1312/90/1411 1280/93/1412
f 1280/93/1412 1312/90/1411 1311/88/1409
f 1280/93/1412 1311/88/1409 1279/94/1413
f 1279/94/1413 1311/88/1409 1310/85/1406
f 1279/94/1413 1310/85/1406 1278/95/1414
f 1278/95/1414 1310/85/1406 1291/83/1404
f 1278/95/1414 1291/83/1404 1277/82/1403
f 1257/187/1415 1313/188/145 1258/189/1416
f 1258/189/1416 1313/188/145 1259/190/1417
f 1259/190/1417 1313/188/145 1260/191/1418
f 1260/191/1418 1313/188/145 1314/192/148
f 1260/191/1418 1314/192/148 1261/193/1419
f 1261/193/1419 1314/192/148 1315/194/151
f 1261/193/1419 1315/194/151 1262/195/1420
f 1262/195/1420 1315/194/151 1263/196/1421
f 1263/196/1421 1315/194/151 1316/197/95
f 1263/196/1421 1316/197/95 1264/198/1422
f 1264/198/1422 1316/197/95 1317/199/96
f 1264/198/1422 1317/199/96 1265/200/1423
f 1265/200/1423 1317/199/96 1318/201/100
f 1265/200/1423 1318/201/100 1266/202/1424
f 1266/203/1424 1318/204/100 1319/205/102
f 1266/203/1424 1319/205/102 1267/206/1425
f 1267/206/1425 1319/205/102 1320/207/105
f 1267/206/1425 1320/207/105 1268/208/1426
f 1268/208/1426 1320/207/105 1321/209/107
f 1268/208/1426 1321/209/107 1269/210/1427
f 1269/210/1427 1321/209/107 1322/211/109
f 1269/210/1427 1322/211/109 1270/212/1428
f 1270/212/1428 1322/211/109 1271/213/1429
f 1271/213/1429 1322/211/109 1323/214/111
f 1271/213/1429 1323/214/111 1272/215/1430
f 1272/215/1430 1323/214/111 1273/216/1431
f 1273/216/1431 1323/214/111 1324/217/113
f 1273/216/1431 1324/217/113 1274/218/1432
f 1274/218/1432 1324/217/113 1275/219/1433
f 1275/219/1433 1324/217/113 1325/220/115
f 1275/219/1433 1325/220/115 1276/221/1434
f 1276/221/1434 1325/220/115 1277/222/1435
f 1277/222/1435 1325/220/115 1326/223/117
f 1277/222/1435 1326/223/117 1278/224/1436
f 1278/224/1436 1326/223/117 1327/225/120
f 1278/224/1436 1327/225/120 1279/226/1437
f 1279/226/1437 1327/225/120 1328/227/1438
f 1279/226/1437 1328/227/1438 1280/228/1439
f 1280/228/1439 1328/227/1438 1246/229/1440
f 1246/229/1440 1328/227/1438 1329/230/126
f 1246/229/1440 1329/230/126 1247/231/1441
f 1247/231/1441 1329/230/126 1330/232/129
f 1247/231/1441 1330/232/129 1248/233/1442
f 1248/233/1442 1330/232/129 1331/234/265
f 1248/233/1442 1331/234/265 1249/235/1443
f 1249/235/1443 1331/234/265 1250/236/1444
f 1250/236/1444 1331/234/265 1332/237/268
f 1250/236/1444 1332/237/268 1251/238/1445
f 1251/238/1445 1332/237/268 1333/239/136
f 1251/238/1445 1333/239/136 1252/240/1446
f 1252/240/1446 1333/239/136 1253/241/1447
f 1253/241/1447 1333/239/136 1334/242/138
f 1253/241/1447 1334/242/138 1254/243/1448
f 1254/243/1448 1334/242/138 1255/244/1449
f 1255/244/1449 1334/242/138 1335/245/140
f 1255/244/1449 1335/245/140 1256/246/1450
f 1256/246/1450 1335/245/140 1257/187/143
f 38/247/94 205/248/94 183/249/94
f 183/249/94 205/248/94 184/250/94
f 184/250/94 205/248/94 204/251/94
f 184/250/94 204/251/94 185/252/94
f 185/252/94 204/251/94 203/253/94
f 185/252/94 203/253/94 186/254/94
f 186/254/94 203/253/94 202/255/94
f 186/254/94 202/255/94 187/256/94
f 187/256/94 202/255/94 201/257/94
f 187/256/94 201/257/94 188/258/94
f 188/258/94 201/257/94 200/259/94
f 188/258/94 200/259/94 189/260/94
f 189/260/94 200/259/94 199/261/94
f 189/260/94 199/261/94 190/262/94
f 190/262/94 199/261/94 198/263/94
f 190/262/94 198/263/94 191/264/94
f 191/264/94 198/263/94 197/265/94
f 191/264/94 197/265/94 192/266/94
f 192/266/94 197/265/94 196/267/94
f 192/266/94 196/267/94 193/268/94
f 193/268/94 196/267/94 195/269/94
f 193/268/94 195/269/94 194/270/94
f 240/247/94 318/248/94 296/249/94
f 296/249/94 318/248/94 297/250/94
f 297/250/94 318/248/94 317/251/94
f 297/250/94 317/251/94 298/252/94
f 298/252/94 317/251/94 316/253/94
f 298/252/94 316/253/94 299/254/94
f 299/254/94 316/253/94 315/255/94
f 299/254/94 315/255/94 300/256/94
f 300/256/94 315/255/94 314/257/94
f 300/256/94 314/257/94 301/258/94
f 301/258/94 314/257/94 313/259/94
f 301/258/94 313/259/94 302/260/94
f 302/260/94 313/259/94 312/261/94
f 302/260/94 312/261/94 303/262/94
f 303/262/94 312/261/94 311/263/94
f 303/262/94 311/263/94 304/264/94
f 304/264/94 311/263/94 310/265/94
f 304/264/94 310/265/94 305/266/94
f 305/266/94 310/265/94 309/267/94
f 305/266/94 309/267/94 306/268/94
f 306/268/94 309/267/94 308/269/94
f 306/268/94 308/269/94 307/270/94
f 353/247/94 431/248/94 409/249/94
f 409/249/94 431/248/94 410/250/94
f 410/250/94 431/248/94 430/251/94
f 410/250/94 430/251/94 411/252/94
f 411/252/94 430/251/94 429/253/94
f 411/252/94 429/253/94 412/254/94
f 412/254/94 429/253/94 428/255/94
f 412/254/94 428/255/94 413/256/94
f 413/256/94 428/255/94 427/257/94
f 413/256/94 427/257/94 414/258/94
f 414/258/94 427/257/94 426/259/94
f 414/258/94 426/259/94 415/260/94
f 415/260/94 426/259/94 425/261/94
f 415/260/94 425/261/94 416/262/94
f 416/262/94 425/261/94 424/263/94
f 416/262/94 424/263/94 417/264/94
f 417/264/94 424/263/94 423/265/94
f 417/264/94 423/265/94 418/266/94
f 418/266/94 423/265/94 422/267/94
f 418/266/94 422/267/94 419/268/94
f 419/268/94 422/267/94 421/269/94
f 419/268/94 421/269/94 420/270/94
f 466/247/94 544/248/94 522/249/94
f 522/249/94 544/248/94 523/250/94
f 523/250/94 544/248/94 543/251/94
f 523/250/94 543/251/94 524/252/94
f 524/252/94 543/251/94 542/253/94
f 524/252/94 542/253/94 525/254/94
f 525/254/94 542/253/94 541/255/94
f 525/254/94 541/255/94 526/256/94
f 526/256/94 541/255/94 540/257/94
f 526/256/94 540/257/94 527/258/94
f 527/258/94 540/257/94 539/259/94
f 527/258/94 539/259/94 528/260/94
f 528/260/94 539/259/94 538/261/94
f 528/260/94 538/261/94 529/262/94
f 529/262/94 538/261/94 537/263/94
f 529/262/94 537/263/94 530/264/94
f 530/264/94 537/263/94 536/265/94
f 530/264/94 536/265/94 531/266/94
f 531/266/94 536/265/94 535/267/94
f 531/266/94 535/267/94 532/268/94
f 532/268/94 535/267/94 534/269/94
f 532/268/94 534/269/94 533/270/94
f 579/247/94 657/248/94 635/249/94
f 635/249/94 657/248/94 636/250/94
f 636/250/94 657/248/94 656/251/94
f 636/250/94 656/251/94 637/252/94
f 637/252/94 656/251/94 655/253/94
f 637/252/94 655/253/94 638/254/94
f 638/254/94 655/253/94 654/255/94
f 638/254/94 654/255/94 639/256/94
f 639/256/94 654/255/94 653/257/94
f 639/256/94 653/257/94 640/258/94
f 640/258/94 653/257/94 652/259/94
f 640/258/94 652/259/94 641/260/94
f 641/260/94 652/259/94 651/261/94
f 641/260/94 651/261/94 642/262/94
f 642/262/94 651/261/94 650/263/94
f 642/262/94 650/263/94 643/264/94
f 643/264/94 650/263/94 649/265/94
f 643/264/94 649/265/94 644/266/94
f 644/266/94 649/265/94 648/267/94
f 644/266/94 648/267/94 645/268/94
f 645/268/94 648/267/94 647/269/94
f 645/268/94 647/269/94 646/270/94
f 692/247/94 770/248/94 748/249/94
f 748/249/94 770/248/94 749/250/94
f 749/250/94 770/248/94 769/251/94
f 749/250/94 769/251/94 750/252/94
f 750/252/94 769/251/94 768/253/94
f 750/252/94 768/253/94 751/254/94
f 751/254/94 768/253/94 767/255/94
f 751/254/94 767/255/94 752/256/94
f 752/256/94 767/255/94 766/257/94
f 752/256/94 766/257/94 753/258/94
f 753/258/94 766/257/94 765/259/94
f 753/258/94 765/259/94 754/260/94
f 754/260/94 765/259/94 764/261/94
f 754/260/94 764/261/94 755/262/94
f 755/262/94 764/261/94 763/263/94
f 755/262/94 763/263/94 756/264/94
f 756/264/94 763/263/94 762/265/94
f 756/264/94 762/265/94 757/266/94
f 757/266/94 762/265/94 761/267/94
f 757/266/94 761/267/94 758/268/94
f 758/268/94 761/267/94 760/269/94
f 758/268/94 760/269/94 759/270/94
f 805/247/94 883/248/94 861/249/94
f 861/249/94 883/248/94 862/250/94
f 862/250/94 883/248/94 882/251/94
f 862/250/94 882/251/94 863/252/94
f 863/252/94 882/251/94 881/253/94
f 863/252/94 881/253/94 864/254/94
f 864/254/94 881/253/94 880/255/94
f 864/254/94 880/255/94 865/256/94
f 865/256/94 880/255/94 879/257/94
f 865/256/94 879/257/94 866/258/94
f 866/258/94 879/257/94 878/259/94
f 866/258/94 878/259/94 867/260/94
f 867/260/94 878/259/94 877/261/94
f 867/260/94 877/261/94 868/262/94
f 868/262/94 877/261/94 876/263/94
f 868/262/94 876/263/94 869/264/94
f 869/264/94 876/263/94 875/265/94
f 869/264/94 875/265/94 870/266/94
f 870/266/94 875/265/94 874/267/94
f 870/266/94 874/267/94 871/268/94
f 871/268/94 874/267/94 873/269/94
f 871/268/94 873/269/94 872/270/94
f 918/247/94 996/248/94 974/249/94
f 974/249/94 996/248/94 975/250/94
f 975/250/94 996/248/94 995/251/94
f 975/250/94 995/251/94 976/252/94
f 976/252/94 995/251/94 994/253/94
f 976/252/94 994/253/94 977/254/94
f 977/254/94 994/253/94 993/255/94
f 977/254/94 993/255/94 978/256/94
f 978/256/94 993/255/94 992/257/94
f 978/256/94 992/257/94 979/258/94
f 979/258/94 992/257/94 991/259/94
f 979/258/94 991/259/94 980/260/94
f 980/260/94 991/259/94 990/261/94
f 980/260/94 990/261/94 981/262/94
f 981/262/94 990/261/94 989/263/94
f 981/262/94 989/263/94 982/264/94
f 982/264/94 989/263/94 988/265/94
f 982/264/94 988/265/94 983/266/94
f 983/266/94 988/265/94 987/267/94
f 983/266/94 987/267/94 984/268/94
f 984/268/94 987/267/94 986/269/94
f 984/268/94 986/269/94 985/270/94
f 1031/247/94 1109/248/94 1087/249/94
f 1087/249/94 1109/248/94 1088/250/94
f 1088/250/94 1109/248/94 1108/251/94
f 1088/250/94 1108/251/94 1089/252/94
f 1089/252/94 1108/251/94 1107/253/94
f 1089/252/94 1107/253/94 1090/254/94
f 1090/254/94 1107/253/94 1106/255/94
f 1090/254/94 1106/255/94 1091/256/94
f 1091/256/94 1106/255/94 1105/257/94
f 1091/256/94 1105/257/94 1092/258/94
f 1092/258/94 1105/257/94 1104/259/94
f 1092/258/94 1104/259/94 1093/260/94
f 1093/260/94 1104/259/94 1103/261/94
f 1093/260/94 1103/261/94 1094/262/94
f 1094/262/94 1103/261/94 1102/263/94
f 1094/262/94 1102/263/94 1095/264/94
f 1095/264/94 1102/263/94 1101/265/94
f 1095/264/94 1101/265/94 1096/266/94
f 1096/266/94 1101/265/94 1100/267/94
f 1096/266/94 1100/267/94 1097/268/94
f 1097/268/94 1100/267/94 1099/269/94
f 1097/268/94 1099/269/94 1098/270/94
f 1144/247/94 1222/248/94 1200/249/94
f 1200/249/94 1222/248/94 1201/250/94
f 1201/250/94 1222/248/94 1221/251/94
f 1201/250/94 1221/251/94 1202/252/94
f 1202/252/94 1221/251/94 1220/253/94
f 1202/252/94 1220/253/94 1203/254/94
f 1203/254/94 1220/253/94 1219/255/94
f 1203/254/94 1219/255/94 1204/256/94
f 1204/256/94 1219/255/94 1218/257/94
f 1204/256/94 1218/257/94 1205/258/94
f 1205/258/94 1218/257/94 1217/259/94
f 1205/258/94 1217/259/94 1206/260/94
f 1206/260/94 1217/259/94 1216/261/94
f 1206/260/94 1216/261/94 1207/262/94
f 1207/262/94 1216/261/94 1215/263/94
f 1207/262/94 1215/263/94 1208/264/94
f 1208/264/94 1215/263/94 1214/265/94
f 1208/264/94 1214/265/94 1209/266/94
f 1209/266/94 1214/265/94 1213/267/94
f 1209/266/94 1213/267/94 1210/268/94
f 1210/268/94 1213/267/94 1212/269/94
f 1210/268/94 1212/269/94 1211/270/94
f 1257/247/94 1335/248/94 1313/249/94
f 1313/249/94 1335/248/94 1314/250/94
f 1314/250/94 1335/248/94 1334/251/94
f 1314/250/94 1334/251/94 1315/252/94
f 1315/252/94 1334/251/94 1333/253/94
f 1315/252/94 1333/253/94 1316/254/94
f 1316/254/94 1333/253/94 1332/255/94
f 1316/254/94 1332/255/94 1317/256/94
f 1317/256/94 1332/255/94 1331/257/94
f 1317/256/94 1331/257/94 1318/258/94
f 1318/258/94 1331/257/94 1330/259/94
f 1318/258/94 1330/259/94 1319/260/94
f 1319/260/94 1330/259/94 1329/261/94
f 1319/260/94 1329/261/94 1320/262/94
f 1320/262/94 1329/261/94 1328/263/94
f 1320/262/94 1328/263/94 1321/264/94
f 1321/264/94 1328/263/94 1327/265/94
f 1321/264/94 1327/265/94 1322/266/94
f 1322/266/94 1327/265/94 1326/267/94
f 1322/266/94 1326/267/94 1323/268/94
f 1323/268/94 1326/267/94 1325/269/94
f 1323/268/94 1325/269/94 1324/270/94
f 1398/1/1451 130/2/1452 1403/3/1453
f 1403/3/1453 130/2/1452 129/4/1454
f 1403/3/1453 129/4/1454 1405/5/1455
f 1405/5/1455 129/4/1454 128/6/1456
f 1405/5/1455 128/6/1456 1406/7/1457
f 1406/7/1457 128/6/1456 1336/8/1458
f 1406/7/1457 1336/8/1458 1337/9/1459
f 1406/7/1457 1337/9/1459 1407/10/1460
f 1407/10/1460 1337/9/1459 1338/11/1461
f 1407/10/1460 1338/11/1461 1339/12/1462
f 1407/10/1460 1339/12/1462 1408/13/1463
f 1408/13/1463 1339/12/1462 1340/14/1464
f 1408/13/1463 1340/14/1464 1401/15/1465
f 1401/15/1465 1340/14/1464 1341/16/1466
f 1401/15/1465 1341/16/1466 1342/17/1467
f 1343/18/1468 1409/19/1469 1342/17/1467
f 1342/17/1467 1409/19/1469 1402/20/1470
f 1342/17/1467 1402/20/1470 1401/15/1465
f 1401/15/1465 1402/20/1470 1380/21/1471
f 1401/15/1465 1380/21/1471 1381/22/1472
f 1409/19/1469 1343/18/1468 1400/23/1473
f 1400/23/1473 1343/18/1468 1344/24/1474
f 1400/23/1473 1344/24/1474 1410/25/1475
f 1410/25/1475 1344/24/1474 1399/26/1476
f 1410/25/1475 1399/26/1476 1377/27/1477
f 1377/27/1477 1399/26/1476 1376/28/1478
f 1376/28/1478 1399/26/1476 1375/29/1479
f 1375/29/1479 1399/26/1476 1411/30/1480
f 1375/29/1479 1411/30/1480 1374/31/1481
f 1374/31/1481 1411/30/1480 1412/32/1482
f 1374/31/1481 1412/32/1482 1373/33/1483
f 1373/33/1483 1412/32/1482 1413/34/1484
f 1373/33/1483 1413/34/1484 1372/35/1485
f 1372/35/1485 1413/34/1484 1414/36/1486
f 1372/35/1485 1414/36/1486 1371/37/1487
f 1371/37/1487 1414/36/1486 1370/38/1488
f 1370/38/1488 1414/36/1486 1415/39/1489
f 1370/38/1488 1415/39/1489 1369/40/1490
f 1369/40/1490 1415/39/1489 1416/41/1491
f 1369/40/1490 1416/41/1491 1368/42/1492
f 1368/42/1492 1416/41/1491 1367/43/1493
f 1367/43/1493 1416/41/1491 1417/44/1494
f 1367/43/1493 1417/44/1494 1366/45/1495
f 1366/45/1495 1417/44/1494 1418/46/1496
f 1366/45/1495 1418/46/1496 1365/47/1497
f 1365/47/1497 1418/46/1496 1364/48/1498
f 1364/48/1498 1418/46/1496 1419/49/1499
f 1364/48/1498 1419/49/1499 1363/50/1500
f 1363/50/1500 1419/49/1499 1420/51/1501
f 1363/50/1500 1420/51/1501 1362/52/1502
f 1362/52/1502 1420/51/1501 1421/53/1503
f 1362/52/1502 1421/53/1503 1361/54/1504
f 1361/54/1504 1421/53/1503 1422/55/1505
f 1361/54/1504 1422/55/1505 1360/56/1506
f 1360/56/1506 1422/55/1505 1359/57/1507
f 1359/57/1507 1422/55/1505 1358/58/1508
f 1358/58/1508 1422/55/1505 1357/59/1509
f 1357/59/1509 1422/55/1505 1421/53/1503
f 1357/59/1509 1421/53/1503 1356/60/1510
f 1356/60/1510 1421/53/1503 1420/51/1501
f 1356/60/1510 1420/51/1501 1355/61/1511
f 1355/61/1511 1420/51/1501 1419/49/1499
f 1355/61/1511 1419/49/1499 1354/62/1512
f 1354/62/1512 1419/49/1499 1418/46/1496
f 1354/62/1512 1418/46/1496 1353/63/1513
f 1353/63/1513 1418/46/1496 1417/44/1494
f 1353/63/1513 1417/44/1494 1352/64/1514
f 1352/64/1514 1417/44/1494 1416/41/1491
f 1352/64/1514 1416/41/1491 1351/65/1515
f 1351/65/1515 1416/41/1491 1415/39/1489
f 1351/65/1515 1415/39/1489 1350/66/1516
f 1350/66/1516 1415/39/1489 1349/67/1517
f 1349/67/1517 1415/39/1489 1414/36/1486
f 1349/67/1517 1414/36/1486 1348/68/1518
f 1348/68/1518 1414/36/1486 1413/34/1484
f 1348/68/1518 1413/34/1484 1347/69/1519
f 1347/69/1519 1413/34/1484 1412/32/1482
f 1347/69/1519 1412/32/1482 1346/70/1520
f 1346/70/1520 1412/32/1482 1411/30/1480
f 1346/70/1520 1411/30/1480 1345/71/1521
f 1345/71/1521 1411/30/1480 1399/26/1476
f 1345/71/1521 1399/26/1476 1344/24/1474
f 1410/25/1475 1377/27/1477 1400/23/1473
f 1400/23/1473 1377/27/1477 1378/72/1522
f 1400/23/1473 1378/72/1522 1409/19/1469
f 1409/19/1469 1378/72/1522 1379/73/1523
f 1409/19/1469 1379/73/1523 1402/20/1470
f 1402/20/1470 1379/73/1523 1380/21/1471
f 1401/15/1465 1381/22/1472 1408/13/1463
f 1408/13/1463 1381/22/1472 1382/74/1524
f 1408/13/1463 1382/74/1524 1407/10/1460
f 1407/10/1460 1382/74/1524 1383/75/1525
f 1407/10/1460 1383/75/1525 1406/7/1457
f 1406/7/1457 1383/75/1525 1384/76/1526
f 1406/7/1457 1384/76/1526 1385/77/1527
f 1406/7/1457 1385/77/1527 1405/5/1455
f 1405/5/1455 1385/77/1527 1386/78/1528
f 1405/5/1455 1386/78/1528 1387/79/1529
f 1405/5/1455 1387/79/1529 1403/3/1453
f 1403/3/1453 1387/79/1529 1388/80/1530
f 1403/3/1453 1388/80/1530 1389/81/1531
f 1389/81/1531 1390/82/1532 1403/3/1453
f 1403/3/1453 1390/82/1532 1404/83/1533
f 1403/3/1453 1404/83/1533 1398/1/1451
f 1398/1/1451 1404/83/1533 1397/84/1534
f 1397/84/1534 1404/83/1533 1423/85/1535
f 1397/84/1534 1423/85/1535 1396/86/1536
f 1396/86/1536 1423/85/1535 1395/87/1537
f 1395/87/1537 1423/85/1535 1424/88/1538
f 1395/87/1537 1424/88/1538 1394/89/1539
f 1394/89/1539 1424/88/1538 1425/90/1540
f 1394/89/1539 1425/90/1540 1358/91/1508
f 1358/91/1508 1425/90/1540 1359/92/1507
f 1359/92/1507 1425/90/1540 1393/93/1541
f 1393/93/1541 1425/90/1540 1424/88/1538
f 1393/93/1541 1424/88/1538 1392/94/1542
f 1392/94/1542 1424/88/1538 1423/85/1535
f 1392/94/1542 1423/85/1535 1391/95/1543
f 1391/95/1543 1423/85/1535 1404/83/1533
f 1391/95/1543 1404/83/1533 1390/82/1532
f 1370/187/1544 1426/188/151 1371/189/1545
f 1371/189/1545 1426/188/151 1372/190/1546
f 1372/190/1546 1426/188/151 1373/191/1547
f 1373/191/1547 1426/188/151 1427/192/95
f 1373/191/1547 1427/192/95 1374/193/1548
f 1374/193/1548 1427/192/95 1428/194/96
f 1374/193/1548 1428/194/96 1375/195/1549
f 1375/195/1549 1428/194/96 1376/196/1550
f 1376/196/1550 1428/194/96 1429/197/100
f 1376/196/1550 1429/197/100 1377/198/1551
f 1377/198/1551 1429/197/100 1430/199/102
f 1377/198/1551 1430/199/102 1378/200/1552
f 1378/200/1552 1430/199/102 1431/201/105
f 1378/200/1552 1431/201/105 1379/202/1553
f 1379/203/1553 1431/204/105 1432/205/107
f 1379/203/1553 1432/205/107 1380/206/1554
f 1380/206/1554 1432/205/107 1433/207/109
f 1380/206/1554 1433/207/109 1381/208/1555
f 1381/208/1555 1433/207/109 1434/209/111
f 1381/208/1555 1434/209/111 1382/210/1556
f 1382/210/1556 1434/209/111 1435/211/113
f 1382/210/1556 1435/211/113 1383/212/1557
f 1383/212/1557 1435/211/113 1384/213/1558
f 1384/213/1558 1435/211/113 1436/214/115
f 1384/213/1558 1436/214/115 1385/215/1559
f 1385/215/1559 1436/214/115 1386/216/1560
f 1386/216/1560 1436/214/115 1437/217/117
f 1386/216/1560 1437/217/117 1387/218/1561
f 1387/218/1561 1437/217/117 1388/219/1562
f 1388/219/1562 1437/217/117 1438/220/120
f 1388/219/1562 1438/220/120 1389/221/1563
f 1389/221/1563 1438/220/120 1390/222/1564
f 1390/222/1564 1438/220/120 1439/223/123
f 1390/222/1564 1439/223/123 1391/224/1565
f 1391/224/1565 1439/223/123 1440/225/126
f 1391/224/1565 1440/225/126 1392/226/1566
f 1392/226/1566 1440/225/126 1441/227/1567
f 1392/226/1566 1441/227/1567 1393/228/1568
f 1393/228/1568 1441/227/1567 1359/229/1569
f 1359/229/1569 1441/227/1567 1442/230/265
f 1359/229/1569 1442/230/265 1360/231/1570
f 1360/231/1570 1442/230/265 1443/232/268
f 1360/231/1570 1443/232/268 1361/233/1571
f 1361/233/1571 1443/232/268 1444/234/136
f 1361/233/1571 1444/234/136 1362/235/1572
f 1362/235/1572 1444/234/136 1363/236/1573
f 1363/236/1573 1444/234/136 1445/237/138
f 1363/236/1573 1445/237/138 1364/238/1574
f 1364/238/1574 1445/237/138 1446/239/140
f 1364/238/1574 1446/239/140 1365/240/1575
f 1365/240/1575 1446/239/140 1366/241/1576
f 1366/241/1576 1446/239/140 1447/242/143
f 1366/241/1576 1447/242/143 1367/243/1577
f 1367/243/1577 1447/242/143 1368/244/1578
f 1368/244/1578 1447/242/143 1448/245/145
f 1368/244/1578 1448/245/145 1369/246/1579
f 1369/246/1579 1448/245/145 1370/187/148
f 1370/247/94 1448/248/94 1426/249/94
f 1426/249/94 1448/248/94 1427/250/94
f 1427/250/94 1448/248/94 1447/251/94
f 1427/250/94 1447/251/94 1428/252/94
f 1428/252/94 1447/251/94 1446/253/94
f 1428/252/94 1446/253/94 1429/254/94
f 1429/254/94 1446/253/94 1445/255/94
f 1429/254/94 1445/255/94 1430/256/94
f 1430/256/94 1445/255/94 1444/257/94
f 1430/256/94 1444/257/94 1431/258/94
f 1431/258/94 1444/257/94 1443/259/94
f 1431/258/94 1443/259/94 1432/260/94
f 1432/260/94 1443/259/94 1442/261/94
f 1432/260/94 1442/261/94 1433/262/94
f 1433/262/94 1442/261/94 1441/263/94
f 1433/262/94 1441/263/94 1434/264/94
f 1434/264/94 1441/263/94 1440/265/94
f 1434/264/94 1440/265/94 1435/266/94
f 1435/266/94 1440/265/94 1439/267/94
f 1435/266/94 1439/267/94 1436/268/94
f 1436/268/94 1439/267/94 1438/269/94
f 1436/268/94 1438/269/94 1437/270/94
f 25/271/1580 1478/272/1581 26/273/1582
f 26/273/1582 1478/272/1581 126/274/1583
f 26/273/1582 126/274/1583 62/275/1584
f 62/275/1584 126/274/1583 63/276/1585
f 63/276/1585 126/274/1583 64/277/1586
f 64/277/1586 126/274/1583 65/278/1587
f 65/278/1587 126/274/1583 66/279/1588
f 66/279/1588 126/274/1583 1/280/1589
f 25/271/1580 24/281/1590 1478/272/1581
f 1478/272/1581 24/281/1590 23/282/1591
f 1478/272/1581 23/282/1591 22/283/1592
f 22/283/1592 21/284/1593 1478/272/1581
f 1478/272/1581 21/284/1593 1477/285/1594
f 1477/285/1594 21/284/1593 20/286/1595
f 1477/285/1594 20/286/1595 19/287/1596
f 19/287/1596 18/288/1597 1477/285/1594
f 1477/285/1594 18/288/1597 17/289/1598
f 1477/285/1594 17/289/1598 16/290/1599
f 16/290/1599 15/291/1600 1477/285/1594
f 1477/285/1594 15/291/1600 1476/292/1601
f 1476/292/1601 15/291/1600 14/293/1602
f 1476/292/1601 14/293/1602 13/294/1603
f 13/294/1603 12/295/1604 1476/292/1601
f 1476/292/1601 12/295/1604 11/296/1605
f 1476/292/1601 11/296/1605 10/297/1606
f 10/297/1606 9/298/1607 1476/292/1601
f 1476/292/1601 9/298/1607 182/299/1608
f 1476/292/1601 182/299/1608 1475/300/1609
f 1475/300/1609 182/299/1608 181/301/1610
f 1475/300/1609 181/301/1610 1474/302/1611
f 1474/302/1611 181/301/1610 227/303/1612
f 1474/302/1611 227/303/1612 226/304/1613
f 9/298/1607 8/305/1614 182/299/1608
f 182/299/1608 8/305/1614 7/306/1615
f 182/299/1608 7/306/1615 6/307/1616
f 6/307/1616 5/308/1617 182/299/1608
f 182/299/1608 5/308/1617 4/309/1618
f 182/299/1608 4/309/1618 3/310/1619
f 180/311/1620 268/312/1621 181/301/1610
f 181/301/1610 268/312/1621 267/313/1622
f 181/301/1610 267/313/1622 266/314/1623
f 266/314/1623 265/315/1624 181/301/1610
f 181/301/1610 265/315/1624 264/316/1625
f 181/301/1610 264/316/1625 228/317/1626
f 228/317/1626 227/303/1612 181/301/1610
f 226/304/1613 225/318/1627 1474/302/1611
f 1474/302/1611 225/318/1627 224/319/1628
f 1474/302/1611 224/319/1628 223/320/1629
f 223/320/1629 222/321/1630 1474/302/1611
f 1474/302/1611 222/321/1630 221/322/1631
f 1474/302/1611 221/322/1631 220/323/1632
f 220/323/1632 219/324/1633 1474/302/1611
f 1474/302/1611 219/324/1633 1473/325/1634
f 1473/325/1634 219/324/1633 218/326/1635
f 1473/325/1634 218/326/1635 217/327/1636
f 217/327/1636 216/328/1637 1473/325/1634
f 1473/325/1634 216/328/1637 215/329/1638
f 1473/325/1634 215/329/1638 214/330/1639
f 214/330/1639 213/331/1640 1473/325/1634
f 1473/325/1634 213/331/1640 1472/332/1641
f 1472/332/1641 213/331/1640 212/333/1642
f 1472/332/1641 212/333/1642 177/334/1643
f 177/334/1643 212/333/1642 211/335/1644
f 177/334/1643 211/335/1644 210/336/1645
f 210/336/1645 209/337/1634 177/334/1643
f 177/334/1643 209/337/1634 208/338/1646
f 177/334/1643 208/338/1646 207/339/1647
f 207/339/1647 206/340/1648 177/334/1643
f 177/334/1643 206/340/1648 178/341/1649
f 177/334/1643 176/342/1650 1472/332/1641
f 1472/332/1641 176/342/1650 1471/343/1651
f 1471/343/1651 176/342/1650 341/344/1652
f 1471/343/1651 341/344/1652 340/345/1653
f 175/346/1654 381/347/1655 176/342/1650
f 176/342/1650 381/347/1655 380/348/1656
f 176/342/1650 380/348/1656 379/349/1657
f 379/349/1657 378/350/1658 176/342/1650
f 176/342/1650 378/350/1658 377/351/1659
f 176/342/1650 377/351/1659 341/344/1652
f 340/345/1653 339/352/1660 1471/343/1651
f 1471/343/1651 339/352/1660 338/353/1661
f 1471/343/1651 338/353/1661 337/354/1662
f 337/354/1662 336/355/1663 1471/343/1651
f 1471/343/1651 336/355/1663 1470/356/1664
f 1470/356/1664 336/355/1663 335/357/1665
f 1470/356/1664 335/357/1665 334/358/1666
f 334/358/1666 333/359/1667 1470/356/1664
f 1470/356/1664 333/359/1667 332/360/1668
f 1470/356/1664 332/360/1668 331/361/1669
f 331/361/1669 330/362/1670 1470/356/1664
f 1470/356/1664 330/362/1670 1469/363/1671
f 1469/363/1671 330/362/1670 329/364/1672
f 1469/363/1671 329/364/1672 328/365/1673
f 328/365/1673 327/366/1674 1469/363/1671
f 1469/363/1671 327/366/1674 326/367/1675
f 1469/363/1671 326/367/1675 325/368/1676
f 325/368/1676 324/369/1677 1469/363/1671
f 1469/363/1671 324/369/1677 172/370/1678
f 1469/363/1671 172/370/1678 1468/371/1679
f 1468/371/1679 172/370/1678 171/372/1680
f 1468/371/1679 171/372/1680 1467/373/1681
f 1467/373/1681 171/372/1680 453/374/1682
f 1467/373/1681 453/374/1682 452/375/1683
f 324/369/1677 323/376/1684 172/370/1678
f 172/370/1678 323/376/1684 322/377/1685
f 172/370/1678 322/377/1685 321/378/1686
f 321/378/1686 320/379/1687 172/370/1678
f 172/370/1678 320/379/1687 319/380/1688
f 172/370/1678 319/380/1688 173/381/1689
f 170/382/1690 494/383/1691 171/372/1680
f 171/372/1680 494/383/1691 493/384/1692
f 171/372/1680 493/384/1692 492/385/1693
f 492/385/1693 491/386/1694 171/372/1680
f 171/372/1680 491/386/1694 490/387/1695
f 171/372/1680 490/387/1695 454/388/1696
f 454/388/1696 453/374/1682 171/372/1680
f 452/375/1683 451/389/1697 1467/373/1681
f 1467/373/1681 451/389/1697 450/390/1698
f 1467/373/1681 450/390/1698 449/391/1699
f 449/391/1699 448/392/1700 1467/373/1681
f 1467/373/1681 448/392/1700 447/393/1701
f 1467/373/1681 447/393/1701 446/394/1702
f 446/394/1702 445/395/1703 1467/373/1681
f 1467/373/1681 445/395/1703 1466/396/1704
f 1466/396/1704 445/395/1703 444/397/1705
f 1466/396/1704 444/397/1705 443/398/1706
f 443/398/1706 442/399/1707 1466/396/1704
f 1466/396/1704 442/399/1707 441/400/1708
f 1466/396/1704 441/400/1708 440/401/1709
f 440/401/1709 439/402/1710 1466/396/1704
f 1466/396/1704 439/402/1710 1465/403/1711
f 1465/403/1711 439/402/1710 438/404/1712
f 1465/403/1711 438/404/1712 167/405/1713
f 167/405/1713 438/404/1712 437/406/1714
f 167/405/1713 437/406/1714 436/407/1715
f 436/407/1715 435/408/1704 167/405/1713
f 167/405/1713 435/408/1704 434/409/1716
f 167/405/1713 434/409/1716 433/410/1717
f 433/410/1717 432/411/1718 167/405/1713
f 167/405/1713 432/411/1718 168/412/1719
f 167/405/1713 166/413/1720 1465/403/1711
f 1465/403/1711 166/413/1720 1464/414/1721
f 1464/414/1721 166/413/1720 567/415/1722
f 1464/414/1721 567/415/1722 566/416/1723
f 165/417/1724 607/418/1725 166/413/1720
f 166/413/1720 607/418/1725 606/419/1726
f 166/413/1720 606/419/1726 605/420/1727
f 605/420/1727 604/421/1728 166/413/1720
f 166/413/1720 604/421/1728 603/422/1729
f 166/413/1720 603/422/1729 567/415/1722
f 566/416/1723 565/423/1730 1464/414/1721
f 1464/414/1721 565/423/1730 564/424/1731
f 1464/414/1721 564/424/1731 563/425/1732
f 563/425/1732 562/426/1733 1464/414/1721
f 1464/414/1721 562/426/1733 1463/427/1734
f 1463/427/1734 562/426/1733 561/428/1735
f 1463/427/1734 561/428/1735 560/429/1736
f 560/429/1736 559/430/1737 1463/427/1734
f 1463/427/1734 559/430/1737 558/431/1738
f 1463/427/1734 558/431/1738 557/432/1739
f 557/432/1739 556/433/1740 1463/427/1734
f 1463/427/1734 556/433/1740 1462/434/1741
f 1462/434/1741 556/433/1740 555/435/1742
f 1462/434/1741 555/435/1742 554/436/1743
f 554/436/1743 553/437/1744 1462/434/1741
f 1462/434/1741 553/437/1744 552/438/1745
f 1462/434/1741 552/438/1745 551/439/1746
f 551/439/1746 550/440/1747 1462/434/1741
f 1462/434/1741 550/440/1747 162/441/1748
f 1462/434/1741 162/441/1748 1461/442/1749
f 1461/442/1749 162/441/1748 161/443/1750
f 1461/442/1749 161/443/1750 1460/444/1751
f 1460/444/1751 161/443/1750 679/445/1752
f 1460/444/1751 679/445/1752 678/446/1753
f 550/440/1747 549/447/1754 162/441/1748
f 162/441/1748 549/447/1754 548/448/1755
f 162/441/1748 548/448/1755 547/449/1756
f 547/449/1756 546/450/1757 162/441/1748
f 162/441/1748 546/450/1757 545/451/1758
f 162/441/1748 545/451/1758 163/452/1759
f 160/453/1760 720/454/1761 161/443/1750
f 161/443/1750 720/454/1761 719/455/1762
f 161/443/1750 719/455/1762 718/456/1763
f 718/456/1763 717/457/1764 161/443/1750
f 161/443/1750 717/457/1764 716/458/1765
f 161/443/1750 716/458/1765 680/459/1766
f 680/459/1766 679/445/1752 161/443/1750
f 678/446/1753 677/460/1767 1460/444/1751
f 1460/444/1751 677/460/1767 676/461/1768
f 1460/444/1751 676/461/1768 675/462/1769
f 675/462/1769 674/463/1770 1460/444/1751
f 1460/444/1751 674/463/1770 673/464/1771
f 1460/444/1751 673/464/1771 672/465/1772
f 672/465/1772 671/466/1773 1460/444/1751
f 1460/444/1751 671/466/1773 1459/467/1774
f 1459/467/1774 671/466/1773 670/468/1775
f 1459/467/1774 670/468/1775 669/469/1776
f 669/469/1776 668/470/1777 1459/467/1774
f 1459/467/1774 668/470/1777 667/471/1778
f 1459/467/1774 667/471/1778 666/472/1779
f 666/472/1779 665/473/1780 1459/467/1774
f 1459/467/1774 665/473/1780 1458/474/1781
f 1458/474/1781 665/473/1780 664/475/1782
f 1458/474/1781 664/475/1782 157/476/1783
f 157/476/1783 664/475/1782 663/477/1784
f 157/476/1783 663/477/1784 662/478/1785
f 662/478/1785 661/479/1774 157/476/1783
f 157/476/1783 661/479/1774 660/480/1786
f 157/476/1783 660/480/1786 659/481/1787
f 659/481/1787 658/482/1788 157/476/1783
f 157/476/1783 658/482/1788 158/483/1789
f 157/476/1783 156/484/1790 1458/474/1781
f 1458/474/1781 156/484/1790 1457/485/1791
f 1457/485/1791 156/484/1790 793/486/1792
f 1457/485/1791 793/486/1792 792/487/1793
f 155/488/1794 833/489/1795 156/484/1790
f 156/484/1790 833/489/1795 832/490/1796
f 156/484/1790 832/490/1796 831/491/1797
f 831/491/1797 830/492/1798 156/484/1790
f 156/484/1790 830/492/1798 829/493/1799
f 156/484/1790 829/493/1799 793/486/1792
f 792/487/1793 791/494/1800 1457/485/1791
f 1457/485/1791 791/494/1800 790/495/1801
f 1457/485/1791 790/495/1801 789/496/1802
f 789/496/1802 788/497/1803 1457/485/1791
f 1457/485/1791 788/497/1803 1456/498/1804
f 1456/498/1804 788/497/1803 787/499/1805
f 1456/498/1804 787/499/1805 786/500/1806
f 786/500/1806 785/501/1807 1456/498/1804
f 1456/498/1804 785/501/1807 784/502/1808
f 1456/498/1804 784/502/1808 783/503/1809
f 783/503/1809 782/504/1810 1456/498/1804
f 1456/498/1804 782/504/1810 1455/505/1811
f 1455/505/1811 782/504/1810 781/506/1812
f 1455/505/1811 781/506/1812 780/507/1813
f 780/507/1813 779/508/1814 1455/505/1811
f 1455/505/1811 779/508/1814 778/509/1815
f 1455/505/1811 778/509/1815 777/510/1816
f 777/510/1816 776/511/1817 1455/505/1811
f 1455/505/1811 776/511/1817 152/512/1818
f 1455/505/1811 152/512/1818 1454/513/1819
f 1454/513/1819 152/512/1818 151/514/1820
f 1454/513/1819 151/514/1820 1453/515/1821
f 1453/515/1821 151/514/1820 905/516/1822
f 1453/515/1821 905/516/1822 904/517/1823
f 776/511/1817 775/518/1824 152/512/1818
f 152/512/1818 775/518/1824 774/519/1825
f 152/512/1818 774/519/1825 773/520/1826
f 773/520/1826 772/521/1827 152/512/1818
f 152/512/1818 772/521/1827 771/522/1828
f 152/512/1818 771/522/1828 153/523/1829
f 150/524/1830 946/525/1831 151/514/1820
f 151/514/1820 946/525/1831 945/526/1832
f 151/514/1820 945/526/1832 944/527/1833
f 944/527/1833 943/528/1834 151/514/1820
f 151/514/1820 943/528/1834 942/529/1835
f 151/514/1820 942/529/1835 906/530/1836
f 906/530/1836 905/516/1822 151/514/1820
f 904/517/1823 903/531/1837 1453/515/1821
f 1453/515/1821 903/531/1837 902/532/1838
f 1453/515/1821 902/532/1838 901/533/1839
f 901/533/1839 900/534/1840 1453/515/1821
f 1453/515/1821 900/534/1840 899/535/1841
f 1453/515/1821 899/535/1841 898/536/1842
f 898/536/1842 897/537/1843 1453/515/1821
f 1453/515/1821 897/537/1843 1452/538/1844
f 1452/538/1844 897/537/1843 896/539/1845
f 1452/538/1844 896/539/1845 895/540/1846
f 895/540/1846 894/541/1847 1452/538/1844
f 1452/538/1844 894/541/1847 893/542/1848
f 1452/538/1844 893/542/1848 892/543/1849
f 892/543/1849 891/544/1850 1452/538/1844
f 1452/538/1844 891/544/1850 1451/545/1851
f 1451/545/1851 891/544/1850 890/546/1852
f 1451/545/1851 890/546/1852 147/547/1853
f 147/547/1853 890/546/1852 889/548/1854
f 147/547/1853 889/548/1854 888/549/1855
f 888/549/1855 887/550/1844 147/547/1853
f 147/547/1853 887/550/1844 886/551/1856
f 147/547/1853 886/551/1856 885/552/1857
f 885/552/1857 884/553/1858 147/547/1853
f 147/547/1853 884/553/1858 148/554/1859
f 147/547/1853 146/555/1860 1451/545/1851
f 1451/545/1851 146/555/1860 1450/556/1861
f 1450/556/1861 146/555/1860 1019/557/1862
f 1450/556/1861 1019/557/1862 1018/558/1863
f 145/559/1864 1059/560/1865 146/555/1860
f 146/555/1860 1059/560/1865 1058/561/1866
f 146/555/1860 1058/561/1866 1057/562/1867
f 1057/562/1867 1056/563/1868 146/555/1860
f 146/555/1860 1056/563/1868 1055/564/1869
f 146/555/1860 1055/564/1869 1019/557/1862
f 1018/558/1863 1017/565/1870 1450/556/1861
f 1450/556/1861 1017/565/1870 1016/566/1871
f 1450/556/1861 1016/566/1871 1015/567/1872
f 1015/567/1872 1014/568/1873 1450/556/1861
f 1450/556/1861 1014/568/1873 1449/569/1874
f 1449/569/1874 1014/568/1873 1013/570/1875
f 1449/569/1874 1013/570/1875 1012/571/1876
f 1012/571/1876 1011/572/1877 1449/569/1874
f 1449/573/1874 1011/574/1877 1010/575/1878
f 1449/573/1874 1010/575/1878 1009/576/1879
f 1009/576/1879 1008/577/1880 1449/573/1874
f 1449/573/1874 1008/577/1880 1490/578/1881
f 1490/578/1881 1008/577/1880 1007/579/1882
f 1490/578/1881 1007/579/1882 1006/580/1883
f 1006/580/1883 1005/581/1884 1490/578/1881
f 1490/578/1881 1005/581/1884 1004/582/1885
f 1490/578/1881 1004/582/1885 1003/583/1886
f 1003/583/1886 1002/584/1887 1490/578/1881
f 1490/578/1881 1002/584/1887 142/585/1888
f 1490/578/1881 142/585/1888 1489/586/1889
f 1489/586/1889 142/585/1888 141/587/1890
f 1489/586/1889 141/587/1890 1488/588/1891
f 1488/588/1891 141/587/1890 1131/589/1892
f 1488/588/1891 1131/589/1892 1130/590/1893
f 1002/584/1887 1001/591/1894 142/585/1888
f 142/585/1888 1001/591/1894 1000/592/1895
f 142/585/1888 1000/592/1895 999/593/1896
f 999/593/1896 998/594/1897 142/585/1888
f 142/585/1888 998/594/1897 997/595/1898
f 142/585/1888 997/595/1898 143/596/1899
f 140/597/1900 1172/598/1901 141/587/1890
f 141/587/1890 1172/598/1901 1171/599/1902
f 141/587/1890 1171/599/1902 1170/600/1903
f 1170/600/1903 1169/601/1904 141/587/1890
f 141/587/1890 1169/601/1904 1168/602/1905
f 141/587/1890 1168/602/1905 1132/603/1906
f 1132/603/1906 1131/589/1892 141/587/1890
f 1130/590/1893 1129/604/1907 1488/588/1891
f 1488/588/1891 1129/604/1907 1128/605/1908
f 1488/588/1891 1128/605/1908 1127/606/1909
f 1127/606/1909 1126/607/1910 1488/588/1891
f 1488/588/1891 1126/607/1910 1125/608/1911
f 1488/588/1891 1125/608/1911 1124/609/1912
f 1124/609/1912 1123/610/1913 1488/588/1891
f 1488/588/1891 1123/610/1913 1487/611/1914
f 1487/611/1914 1123/610/1913 1122/612/1915
f 1487/611/1914 1122/612/1915 1121/613/1916
f 1121/613/1916 1120/614/1917 1487/611/1914
f 1487/611/1914 1120/614/1917 1119/615/1918
f 1487/611/1914 1119/615/1918 1118/616/1919
f 1118/616/1919 1117/617/1920 1487/611/1914
f 1487/611/1914 1117/617/1920 1486/618/1921
f 1486/618/1921 1117/617/1920 1116/619/1922
f 1486/618/1921 1116/619/1922 137/620/1923
f 137/620/1923 1116/619/1922 1115/621/1924
f 137/620/1923 1115/621/1924 1114/622/1925
f 1114/622/1925 1113/623/1914 137/620/1923
f 137/620/1923 1113/623/1914 1112/624/1926
f 137/620/1923 1112/624/1926 1111/625/1927
f 1111/625/1927 1110/626/1928 137/620/1923
f 137/620/1923 1110/626/1928 138/627/1929
f 137/620/1923 136/628/1930 1486/618/1921
f 1486/618/1921 136/628/1930 1485/629/1931
f 1485/629/1931 136/628/1930 1245/630/1932
f 1485/629/1931 1245/630/1932 1244/631/1933
f 135/632/1934 1285/633/1935 136/628/1930
f 136/628/1930 1285/633/1935 1284/634/1936
f 136/628/1930 1284/634/1936 1283/635/1937
f 1283/635/1937 1282/636/1938 136/628/1930
f 136/628/1930 1282/636/1938 1281/637/1939
f 136/628/1930 1281/637/1939 1245/630/1932
f 1244/631/1933 1243/638/1940 1485/629/1931
f 1485/629/1931 1243/638/1940 1242/639/1941
f 1485/629/1931 1242/639/1941 1241/640/1942
f 1241/640/1942 1240/641/1943 1485/629/1931
f 1485/629/1931 1240/641/1943 1484/642/1944
f 1484/642/1944 1240/641/1943 1239/643/1945
f 1484/642/1944 1239/643/1945 1238/644/1946
f 1238/644/1946 1237/645/1947 1484/642/1944
f 1484/642/1944 1237/645/1947 1236/646/1948
f 1484/642/1944 1236/646/1948 1235/647/1949
f 1235/647/1949 1234/648/1950 1484/642/1944
f 1484/642/1944 1234/648/1950 1483/649/1951
f 1483/649/1951 1234/648/1950 1233/650/1952
f 1483/649/1951 1233/650/1952 1232/651/1953
f 1232/651/1953 1231/652/1954 1483/649/1951
f 1483/649/1951 1231/652/1954 1230/653/1955
f 1483/649/1951 1230/653/1955 1229/654/1956
f 1229/654/1956 1228/655/1957 1483/649/1951
f 1483/649/1951 1228/655/1957 132/656/1958
f 1483/649/1951 132/656/1958 1482/657/1959
f 1482/657/1959 132/656/1958 131/658/1960
f 1482/657/1959 131/658/1960 1481/659/1961
f 1481/659/1961 131/658/1960 1357/660/1962
f 1481/659/1961 1357/660/1962 1356/661/1963
f 1228/655/1957 1227/662/1964 132/656/1958
f 132/656/1958 1227/662/1964 1226/663/1965
f 132/656/1958 1226/663/1965 1225/664/1966
f 1225/664/1966 1224/665/1967 132/656/1958
f 132/656/1958 1224/665/1967 1223/666/1968
f 132/656/1958 1223/666/1968 133/667/1969
f 130/668/1970 1398/669/1971 131/658/1960
f 131/658/1960 1398/669/1971 1397/670/1972
f 131/658/1960 1397/670/1972 1396/671/1973
f 1396/671/1973 1395/672/1974 131/658/1960
f 131/658/1960 1395/672/1974 1394/673/1975
f 131/658/1960 1394/673/1975 1358/674/1976
f 1358/674/1976 1357/660/1962 131/658/1960
f 1356/661/1963 1355/675/1977 1481/659/1961
f 1481/659/1961 1355/675/1977 1354/676/1978
f 1481/659/1961 1354/676/1978 1353/677/1979
f 1353/677/1979 1352/678/1980 1481/659/1961
f 1481/659/1961 1352/678/1980 1351/679/1981
f 1481/659/1961 1351/679/1981 1350/680/1982
f 1350/680/1982 1349/681/1983 1481/659/1961
f 1481/659/1961 1349/681/1983 1480/682/1984
f 1480/682/1984 1349/681/1983 1348/683/1985
f 1480/682/1984 1348/683/1985 1347/684/1986
f 1347/684/1986 1346/685/1987 1480/682/1984
f 1480/682/1984 1346/685/1987 1345/686/1988
f 1480/682/1984 1345/686/1988 1344/687/1989
f 1344/687/1989 1343/688/1990 1480/682/1984
f 1480/682/1984 1343/688/1990 1479/689/1991
f 1479/689/1991 1343/688/1990 1342/690/1992
f 1479/689/1991 1342/690/1992 127/691/1993
f 127/691/1993 1342/690/1992 1341/692/1994
f 127/691/1993 1341/692/1994 1340/693/1995
f 1340/693/1995 1339/694/1984 127/691/1993
f 127/691/1993 1339/694/1984 1338/695/1996
f 127/691/1993 1338/695/1996 1337/696/1997
f 1337/696/1997 1336/697/1998 127/691/1993
f 127/691/1993 1336/697/1998 128/698/1999
f 127/691/1993 126/274/1583 1479/689/1991
f 1479/689/1991 126/274/1583 1478/272/1581
f 1492/699/2000 1450/700/2000 1491/701/105
f 1491/701/105 1450/700/2000 1449/702/105
f 1491/701/105 1449/702/105 1532/703/2001
f 1532/703/2001 1449/702/105 1490/704/2001
f 1532/703/2001 1490/704/2001 1531/705/2002
f 1531/705/2002 1490/704/2001 1489/706/2002
f 1531/705/2002 1489/706/2002 1530/707/2003
f 1530/707/2003 1489/706/2002 1488/708/2003
f 1530/707/2003 1488/708/2003 1529/709/2004
f 1529/709/2004 1488/708/2003 1487/710/2004
f 1529/709/2004 1487/710/2004 1528/711/2005
f 1528/711/2005 1487/710/2004 1486/712/2005
f 1528/711/2005 1486/712/2005 1527/713/2006
f 1527/713/2006 1486/712/2005 1485/714/2006
f 1527/713/2006 1485/714/2006 1526/715/113
f 1526/715/113 1485/714/2006 1484/716/113
f 1526/715/113 1484/716/113 1525/717/2007
f 1525/717/2007 1484/716/113 1483/718/2007
f 1525/717/2007 1483/718/2007 1524/719/2008
f 1524/719/2008 1483/718/2007 1482/720/2008
f 1524/719/2008 1482/720/2008 1523/721/2009
f 1523/721/2009 1482/720/2008 1481/722/2009
f 1523/721/2009 1481/722/2009 1522/723/2010
f 1522/723/2010 1481/722/2009 1480/724/2010
f 1522/723/2010 1480/724/2010 1521/725/2011
f 1521/725/2011 1480/724/2010 1479/726/2011
f 1521/725/2011 1479/726/2011 1520/727/2012
f 1520/727/2012 1479/726/2011 1478/728/2012
f 1520/727/2012 1478/728/2012 1519/729/123
f 1519/729/123 1478/728/2012 1477/730/123
f 1519/729/123 1477/730/123 1518/731/2013
f 1518/731/2013 1477/730/123 1476/732/2013
f 1518/731/2013 1476/732/2013 1517/733/2014
f 1517/733/2014 1476/732/2013 1475/734/2014
f 1517/733/2014 1475/734/2014 1516/735/2015
f 1516/735/2015 1475/734/2014 1474/736/2015
f 1516/735/2015 1474/736/2015 1515/737/2016
f 1515/737/2016 1474/736/2015 1473/738/2016
f 1515/737/2016 1473/738/2016 1514/739/2017
f 1514/739/2017 1473/738/2016 1472/740/2017
f 1514/739/2017 1472/740/2017 1513/741/2018
f 1513/741/2018 1472/740/2017 1471/742/2018
f 1513/741/2018 1471/742/2018 1512/743/268
f 1512/743/268 1471/742/2018 1470/744/268
f 1512/745/268 1470/746/268 1511/747/2019
f 1511/747/2019 1470/746/268 1469/748/2019
f 1511/747/2019 1469/748/2019 1510/749/2020
f 1510/749/2020 1469/748/2019 1468/750/2020
f 1510/749/2020 1468/750/2020 1509/751/2021
f 1509/751/2021 1468/750/2020 1467/752/2021
f 1509/751/2021 1467/752/2021 1508/753/2022
f 1508/753/2022 1467/752/2021 1466/754/2022
f 1508/753/2022 1466/754/2022 1507/755/2023
f 1507/755/2023 1466/754/2022 1465/756/2023
f 1507/755/2023 1465/756/2023 1506/757/2024
f 1506/757/2024 1465/756/2023 1464/758/2024
f 1506/757/2024 1464/758/2024 1505/759/143
f 1505/759/143 1464/758/2024 1463/760/143
f 1505/759/143 1463/760/143 1504/761/2025
f 1504/761/2025 1463/760/143 1462/762/2025
f 1504/761/2025 1462/762/2025 1503/763/2026
f 1503/763/2026 1462/762/2025 1461/764/2026
f 1503/763/2026 1461/764/2026 1502/765/2027
f 1502/765/2027 1461/764/2026 1460/766/2027
f 1502/765/2027 1460/766/2027 1501/767/2028
f 1501/767/2028 1460/766/2027 1459/768/2028
f 1501/767/2028 1459/768/2028 1500/769/2029
f 1500/769/2029 1459/768/2028 1458/770/2029
f 1500/769/2029 1458/770/2029 1499/771/2030
f 1499/771/2030 1458/770/2029 1457/772/2030
f 1499/771/2030 1457/772/2030 1498/773/95
f 1498/773/95 1457/772/2030 1456/774/95
f 1498/773/95 1456/774/95 1497/775/2031
f 1497/775/2031 1456/774/95 1455/776/2031
f 1497/775/2031 1455/776/2031 1496/777/2032
f 1496/777/2032 1455/776/2031 1454/778/2032
f 1496/777/2032 1454/778/2032 1495/779/2033
f 1495/779/2033 1454/778/2032 1453/780/2033
f 1495/779/2033 1453/780/2033 1494/781/2034
f 1494/781/2034 1453/780/2033 1452/782/2034
f 1494/781/2034 1452/782/2034 1493/783/2035
f 1493/783/2035 1452/782/2034 1451/784/2035
f 1493/783/2035 1451/784/2035 1492/699/2000
f 1492/699/2000 1451/784/2035 1450/700/2000
f 1534/785/2036 1564/786/268 1533/702/268
f 1533/702/268 1564/786/268 1565/787/2037
f 1533/702/268 1565/787/2037 1563/788/2037
f 1563/788/2037 1565/787/2037 1566/789/2038
f 1563/788/2037 1566/789/2038 1562/790/2038
f 1562/790/2038 1566/789/2038 1567/791/2039
f 1562/790/2038 1567/791/2039 1561/792/2039
f 1561/792/2039 1567/791/2039 1568/793/2040
f 1561/792/2039 1568/793/2040 1560/794/2040
f 1560/794/2040 1568/793/2040 1569/795/2041
f 1560/794/2040 1569/795/2041 1559/796/2041
f 1559/796/2041 1569/795/2041 1570/797/2042
f 1559/796/2041 1570/797/2042 1558/798/2042
f 1558/798/2042 1570/797/2042 1571/799/2043
f 1558/798/2042 1571/799/2043 1557/800/2043
f 1557/800/2043 1571/799/2043 1572/801/2044
f 1557/800/2043 1572/801/2044 1556/802/2045
f 1556/802/2045 1572/801/2044 1573/803/2046
f 1556/802/2045 1573/803/2046 1555/804/2047
f 1555/804/2047 1573/803/2046 1574/805/2048
f 1555/804/2047 1574/805/2048 1554/806/2048
f 1554/806/2048 1574/805/2048 1575/807/2049
f 1554/806/2048 1575/807/2049 1553/808/2049
f 1553/808/2049 1575/807/2049 1576/809/2050
f 1553/808/2049 1576/809/2050 1552/810/2050
f 1552/810/2050 1576/809/2050 1577/811/2051
f 1552/810/2050 1577/811/2051 1551/812/2051
f 1551/812/2051 1577/811/2051 1578/813/2052
f 1551/812/2051 1578/813/2052 1550/814/2052
f 1550/814/2052 1578/813/2052 1579/815/2053
f 1550/814/2052 1579/815/2053 1549/816/2053
f 1549/817/2053 1579/818/2053 1580/819/2054
f 1549/817/2053 1580/819/2054 1548/820/2054
f 1548/820/2054 1580/819/2054 1581/821/2055
f 1548/820/2054 1581/821/2055 1547/822/2055
f 1547/822/2055 1581/821/2055 1582/823/2056
f 1547/822/2055 1582/823/2056 1546/824/2056
f 1546/824/2056 1582/823/2056 1583/825/2057
f 1546/824/2056 1583/825/2057 1545/826/2057
f 1545/826/2057 1583/825/2057 1584/827/2058
f 1545/826/2057 1584/827/2058 1544/828/2058
f 1544/828/2058 1584/827/2058 1585/829/2059
f 1544/828/2058 1585/829/2059 1543/830/2059
f 1543/830/2059 1585/829/2059 1586/831/2060
f 1543/830/2059 1586/831/2060 1542/832/2061
f 1542/832/2061 1586/831/2060 1587/833/2062
f 1542/832/2061 1587/833/2062 1541/834/2063
f 1541/834/2063 1587/833/2062 1588/835/2064
f 1541/834/2063 1588/835/2064 1540/836/2064
f 1540/836/2064 1588/835/2064 1589/837/2065
f 1540/836/2064 1589/837/2065 1539/838/2065
f 1539/838/2065 1589/837/2065 1590/839/2066
f 1539/838/2065 1590/839/2066 1538/840/2066
f 1538/840/2066 1590/839/2066 1591/841/2067
f 1538/840/2066 1591/841/2067 1537/842/2067
f 1537/842/2067 1591/841/2067 1592/843/2068
f 1537/842/2067 1592/843/2068 1536/844/2068
f 1536/844/2068 1592/843/2068 1593/845/2069
f 1536/844/2068 1593/845/2069 1535/846/2069
f 1535/846/2069 1593/845/2069 1594/847/2036
f 1535/846/2069 1594/847/2036 1534/785/2036
f 1534/785/2036 1594/847/2036 1564/786/268
f 1594/848/2070 1632/849/2070 1564/850/2070
f 1564/850/2070 1632/849/2070 1595/58/2070
f 1564/850/2070 1595/58/2070 1596/851/2070
f 1632/849/2070 1594/848/2070 1631/852/2070
f 1631/852/2070 1594/848/2070 1593/853/2070
f 1631/852/2070 1593/853/2070 1630/854/2070
f 1630/854/2070 1593/853/2070 1592/855/2070
f 1630/854/2070 1592/855/2070 1629/856/2070
f 1629/856/2070 1592/855/2070 1591/857/2070
f 1629/856/2070 1591/857/2070 1628/858/2070
f 1628/858/2070 1591/857/2070 1627/859/2070
f 1627/859/2070 1591/857/2070 1590/860/2070
f 1627/859/2070 1590/860/2070 1626/861/2070
f 1626/861/2070 1590/860/2070 1589/862/2070
f 1626/861/2070 1589/862/2070 1625/863/2070
f 1625/863/2070 1589/862/2070 1588/864/2070
f 1625/863/2070 1588/864/2070 1624/865/2070
f 1624/865/2070 1588/864/2070 1587/866/2070
f 1624/865/2070 1587/866/2070 1623/867/2070
f 1623/867/2070 1587/866/2070 1586/868/2070
f 1623/867/2070 1586/868/2070 1622/869/2070
f 1622/869/2070 1586/868/2070 1621/870/2070
f 1621/870/2070 1586/868/2070 1585/871/2070
f 1621/870/2070 1585/871/2070 1620/872/2070
f 1620/872/2070 1585/871/2070 1584/873/2070
f 1620/872/2070 1584/873/2070 1619/874/2070
f 1619/874/2070 1584/873/2070 1583/875/2070
f 1619/874/2070 1583/875/2070 1618/876/2070
f 1618/876/2070 1583/875/2070 1582/877/2070
f 1618/876/2070 1582/877/2070 1617/878/2070
f 1617/878/2070 1582/877/2070 1616/879/2070
f 1616/879/2070 1582/877/2070 1581/880/2070
f 1616/879/2070 1581/880/2070 1615/881/2070
f 1615/881/2070 1581/880/2070 1580/882/2070
f 1615/881/2070 1580/882/2070 1614/883/2070
f 1614/883/2070 1580/882/2070 1579/884/2070
f 1614/883/2070 1579/884/2070 1613/885/2070
f 1613/885/2070 1579/884/2070 1578/886/2070
f 1613/885/2070 1578/886/2070 1612/887/2070
f 1612/887/2070 1578/886/2070 1577/888/2070
f 1612/887/2070 1577/888/2070 1611/889/2070
f 1611/889/2070 1577/888/2070 1610/890/2070
f 1610/890/2070 1577/888/2070 1576/891/2070
f 1610/890/2070 1576/891/2070 1609/892/2070
f 1609/892/2070 1576/891/2070 1575/893/2070
f 1609/892/2070 1575/893/2070 1608/894/2070
f 1608/894/2070 1575/893/2070 1574/895/2070
f 1608/894/2070 1574/895/2070 1607/896/2070
f 1607/896/2070 1574/895/2070 1573/897/2070
f 1607/896/2070 1573/897/2070 1606/898/2070
f 1606/898/2070 1573/897/2070 1605/899/2070
f 1605/899/2070 1573/897/2070 1572/900/2070
f 1605/899/2070 1572/900/2070 1604/901/2070
f 1604/901/2070 1572/900/2070 1571/902/2070
f 1604/901/2070 1571/902/2070 1603/903/2070
f 1603/903/2070 1571/902/2070 1570/904/2070
f 1603/903/2070 1570/904/2070 1602/905/2070
f 1602/905/2070 1570/904/2070 1569/906/2070
f 1602/905/2070 1569/906/2070 1601/907/2070
f 1601/907/2070 1569/906/2070 1568/908/2070
f 1601/907/2070 1568/908/2070 1600/909/2070
f 1600/909/2070 1568/908/2070 1599/910/2070
f 1599/910/2070 1568/908/2070 1567/911/2070
f 1599/910/2070 1567/911/2070 1598/912/2070
f 1598/912/2070 1567/911/2070 1566/913/2070
f 1598/912/2070 1566/913/2070 1597/914/2070
f 1597/914/2070 1566/913/2070 1565/915/2070
f 1597/914/2070 1565/915/2070 1596/851/2070
f 1596/851/2070 1565/915/2070 1564/850/2070
f 1632/916/2071 1670/917/2071 1595/918/105
f 1595/918/105 1670/917/2071 1633/919/105
f 1595/918/105 1633/919/105 1596/920/2072
f 1596/920/2072 1633/919/105 1634/921/2072
f 1596/920/2072 1634/921/2072 1597/922/2073
f 1597/922/2073 1634/921/2072 1635/923/2073
f 1597/922/2073 1635/923/2073 1598/924/2074
f 1598/924/2074 1635/923/2073 1636/925/2074
f 1598/924/2074 1636/925/2074 1599/926/2075
f 1599/926/2075 1636/925/2074 1637/927/2075
f 1599/926/2075 1637/927/2075 1600/928/2076
f 1600/928/2076 1637/927/2075 1638/929/2076
f 1600/928/2076 1638/929/2076 1601/930/2077
f 1601/930/2077 1638/929/2076 1639/931/2077
f 1601/930/2077 1639/931/2077 1602/932/2078
f 1602/932/2078 1639/931/2077 1640/933/2078
f 1602/932/2078 1640/933/2078 1603/934/2079
f 1603/934/2079 1640/933/2078 1641/935/2079
f 1603/934/2079 1641/935/2079 1604/936/2080
f 1604/936/2080 1641/935/2079 1642/937/2080
f 1604/936/2080 1642/937/2080 1605/938/2081
f 1605/938/2081 1642/937/2080 1643/939/2081
f 1605/938/2081 1643/939/2081 1606/940/2082
f 1606/940/2082 1643/939/2081 1644/941/2082
f 1606/940/2082 1644/941/2082 1607/942/2083
f 1607/942/2083 1644/941/2082 1645/943/2083
f 1607/942/2083 1645/943/2083 1608/944/2084
f 1608/944/2084 1645/943/2083 1646/945/2084
f 1608/944/2084 1646/945/2084 1609/946/2085
f 1609/946/2085 1646/945/2084 1647/947/2085
f 1609/946/2085 1647/947/2085 1610/948/2086
f 1610/948/2086 1647/947/2085 1648/949/2086
f 1610/948/2086 1648/949/2086 1611/950/2087
f 1611/950/2087 1648/949/2086 1649/951/2087
f 1611/950/2087 1649/951/2087 1612/952/2088
f 1612/952/2088 1649/951/2087 1650/953/2088
f 1612/952/2088 1650/953/2088 1613/954/2089
f 1613/954/2089 1650/953/2088 1651/955/2089
f 1613/954/2089 1651/955/2089 1614/956/268
f 1614/956/268 1651/955/2089 1652/957/268
f 1614/958/268 1652/959/268 1615/960/2090
f 1615/960/2090 1652/959/268 1653/961/2090
f 1615/960/2090 1653/961/2090 1616/962/2091
f 1616/962/2091 1653/961/2090 1654/963/2091
f 1616/962/2091 1654/963/2091 1617/964/2092
f 1617/964/2092 1654/963/2091 1655/965/2092
f 1617/964/2092 1655/965/2092 1618/966/2093
f 1618/966/2093 1655/965/2092 1656/967/2093
f 1618/966/2093 1656/967/2093 1619/968/2094
f 1619/968/2094 1656/967/2093 1657/969/2094
f 1619/968/2094 1657/969/2094 1620/970/2095
f 1620/970/2095 1657/969/2094 1658/971/2095
f 1620/970/2095 1658/971/2095 1621/972/2096
f 1621/972/2096 1658/971/2095 1659/973/2096
f 1621/972/2096 1659/973/2096 1622/974/2097
f 1622/974/2097 1659/973/2096 1660/975/2097
f 1622/974/2097 1660/975/2097 1623/976/2098
f 1623/976/2098 1660/975/2097 1661/977/2098
f 1623/976/2098 1661/977/2098 1624/978/2099
f 1624/978/2099 1661/977/2098 1662/979/2099
f 1624/978/2099 1662/979/2099 1625/980/2100
f 1625/980/2100 1662/979/2099 1663/981/2100
f 1625/980/2100 1663/981/2100 1626/982/2101
f 1626/982/2101 1663/981/2100 1664/983/2101
f 1626/982/2101 1664/983/2101 1627/984/2102
f 1627/984/2102 1664/983/2101 1665/985/2102
f 1627/984/2102 1665/985/2102 1628/986/2103
f 1628/986/2103 1665/985/2102 1666/987/2103
f 1628/986/2103 1666/987/2103 1629/988/2104
f 1629/988/2104 1666/987/2103 1667/989/2104
f 1629/988/2104 1667/989/2104 1630/990/2105
f 1630/990/2105 1667/989/2104 1668/991/2105
f 1630/990/2105 1668/991/2105 1631/992/2106
f 1631/992/2106 1668/991/2105 1669/993/2106
f 1631/992/2106 1669/993/2106 1632/916/2071
f 1632/916/2071 1669/993/2106 1670/917/2071
f 1670/994/2070 1492/995/2070 1633/996/2070
f 1633/996/2070 1492/995/2070 1491/58/2070
f 1633/996/2070 1491/58/2070 1532/997/2070
f 1492/995/2070 1670/994/2070 1493/998/2070
f 1493/998/2070 1670/994/2070 1669/999/2070
f 1493/998/2070 1669/999/2070 1494/1000/2070
f 1494/1000/2070 1669/999/2070 1668/1001/2070
f 1494/1000/2070 1668/1001/2070 1495/1002/2070
f 1495/1002/2070 1668/1001/2070 1667/1003/2070
f 1495/1002/2070 1667/1003/2070 1496/1004/2070
f 1496/1004/2070 1667/1003/2070 1666/1005/2070
f 1496/1004/2070 1666/1005/2070 1497/1006/2070
f 1497/1006/2070 1666/1005/2070 1665/1007/2070
f 1497/1006/2070 1665/1007/2070 1498/1008/2070
f 1498/1008/2070 1665/1007/2070 1664/1009/2070
f 1498/1008/2070 1664/1009/2070 1499/1010/2070
f 1499/1010/2070 1664/1009/2070 1663/1011/2070
f 1499/1010/2070 1663/1011/2070 1500/1012/2070
f 1500/1012/2070 1663/1011/2070 1662/1013/2070
f 1500/1012/2070 1662/1013/2070 1501/1014/2070
f 1501/1014/2070 1662/1013/2070 1661/1015/2070
f 1501/1014/2070 1661/1015/2070 1502/1016/2070
f 1502/1016/2070 1661/1015/2070 1503/1017/2070
f 1503/1017/2070 1661/1015/2070 1660/1018/2070
f 1503/1017/2070 1660/1018/2070 1504/1019/2070
f 1504/1019/2070 1660/1018/2070 1659/1020/2070
f 1504/1019/2070 1659/1020/2070 1505/1021/2070
f 1505/1021/2070 1659/1020/2070 1658/1022/2070
f 1505/1021/2070 1658/1022/2070 1506/1023/2070
f 1506/1023/2070 1658/1022/2070 1657/1024/2070
f 1506/1023/2070 1657/1024/2070 1507/1025/2070
f 1507/1025/2070 1657/1024/2070 1656/1026/2070
f 1507/1025/2070 1656/1026/2070 1508/1027/2070
f 1508/1027/2070 1656/1026/2070 1655/1028/2070
f 1508/1027/2070 1655/1028/2070 1509/1029/2070
f 1509/1029/2070 1655/1028/2070 1654/1030/2070
f 1509/1029/2070 1654/1030/2070 1510/1031/2070
f 1510/1031/2070 1654/1030/2070 1653/1032/2070
f 1510/1031/2070 1653/1032/2070 1511/1033/2070
f 1511/1033/2070 1653/1032/2070 1652/1034/2070
f 1511/1033/2070 1652/1034/2070 1512/1035/2070
f 1512/1035/2070 1652/1034/2070 1513/1036/2070
f 1513/1036/2070 1652/1034/2070 1651/1037/2070
f 1513/1036/2070 1651/1037/2070 1514/1038/2070
f 1514/1038/2070 1651/1037/2070 1650/1039/2070
f 1514/1038/2070 1650/1039/2070 1515/1040/2070
f 1515/1040/2070 1650/1039/2070 1649/1041/2070
f 1515/1040/2070 1649/1041/2070 1516/1042/2070
f 1516/1042/2070 1649/1041/2070 1648/1043/2070
f 1516/1042/2070 1648/1043/2070 1517/1044/2070
f 1517/1044/2070 1648/1043/2070 1647/1045/2070
f 1517/1044/2070 1647/1045/2070 1518/1046/2070
f 1518/1046/2070 1647/1045/2070 1646/1047/2070
f 1518/1046/2070 1646/1047/2070 1519/1048/2070
f 1519/1048/2070 1646/1047/2070 1645/1049/2070
f 1519/1048/2070 1645/1049/2070 1520/1050/2070
f 1520/1050/2070 1645/1049/2070 1644/1051/2070
f 1520/1050/2070 1644/1051/2070 1521/1052/2070
f 1521/1052/2070 1644/1051/2070 1643/1053/2070
f 1521/1052/2070 1643/1053/2070 1522/1054/2070
f 1522/1054/2070 1643/1053/2070 1642/1055/2070
f 1522/1054/2070 1642/1055/2070 1523/1056/2070
f 1523/1056/2070 1642/1055/2070 1524/1057/2070
f 1524/1057/2070 1642/1055/2070 1641/1058/2070
f 1524/1057/2070 1641/1058/2070 1525/1059/2070
f 1525/1059/2070 1641/1058/2070 1640/1060/2070
f 1525/1059/2070 1640/1060/2070 1526/1061/2070
f 1526/1061/2070 1640/1060/2070 1639/1062/2070
f 1526/1061/2070 1639/1062/2070 1527/1063/2070
f 1527/1063/2070 1639/1062/2070 1638/1064/2070
f 1527/1063/2070 1638/1064/2070 1528/1065/2070
f 1528/1065/2070 1638/1064/2070 1637/1066/2070
f 1528/1065/2070 1637/1066/2070 1529/1067/2070
f 1529/1067/2070 1637/1066/2070 1636/1068/2070
f 1529/1067/2070 1636/1068/2070 1530/1069/2070
f 1530/1069/2070 1636/1068/2070 1635/1070/2070
f 1530/1069/2070 1635/1070/2070 1531/1071/2070
f 1531/1071/2070 1635/1070/2070 1634/1072/2070
f 1531/1071/2070 1634/1072/2070 1532/997/2070
f 1532/997/2070 1634/1072/2070 1633/996/2070
f 125/1073/2107 1702/1074/2107 94/1075/268
f 94/1075/268 1702/1074/2107 1671/1076/268
f 94/1075/268 1671/1076/268 95/1077/2108
f 95/1077/2108 1671/1076/268 1672/1078/2108
f 95/1077/2108 1672/1078/2108 96/1079/2109
f 96/1079/2109 1672/1078/2108 1673/1080/2109
f 96/1079/2109 1673/1080/2109 97/1081/2110
f 97/1081/2110 1673/1080/2109 1674/1082/2110
f 97/1081/2110 1674/1082/2110 98/1083/140
f 98/1083/140 1674/1082/2110 1675/1084/140
f 98/1083/140 1675/1084/140 99/1085/2111
f 99/1085/2111 1675/1084/140 1676/1086/2111
f 99/1085/2111 1676/1086/2111 100/1087/2112
f 100/1087/2112 1676/1086/2111 1677/1088/2112
f 100/1087/2112 1677/1088/2112 101/1089/2113
f 101/1089/2113 1677/1088/2112 1678/1090/2113
f 101/1089/2113 1678/1090/2113 102/1091/148
f 102/1091/148 1678/1090/2113 1679/1092/148
f 102/1091/148 1679/1092/148 103/1093/2114
f 103/1093/2114 1679/1092/148 1680/1094/2114
f 103/1093/2114 1680/1094/2114 104/1095/2115
f 104/1095/2115 1680/1094/2114 1681/1096/2115
f 104/1095/2115 1681/1096/2115 105/1097/2116
f 105/1097/2116 1681/1096/2115 1682/1098/2116
f 105/1097/2116 1682/1098/2116 106/1099/96
f 106/1099/96 1682/1098/2116 1683/1100/96
f 106/1099/96 1683/1100/96 107/1101/2117
f 107/1101/2117 1683/1100/96 1684/1102/2117
f 107/1101/2117 1684/1102/2117 108/1103/2118
f 108/1103/2118 1684/1102/2117 1685/1104/2118
f 108/1103/2118 1685/1104/2118 109/1105/2119
f 109/1105/2119 1685/1104/2118 1686/1106/2119
f 109/1105/2119 1686/1106/2119 110/1107/105
f 110/1107/105 1686/1106/2119 1687/1108/105
f 110/1109/105 1687/1110/105 111/1111/2120
f 111/1111/2120 1687/1110/105 1688/1112/2120
f 111/1111/2120 1688/1112/2120 112/1113/2121
f 112/1113/2121 1688/1112/2120 1689/1114/2121
f 112/1113/2121 1689/1114/2121 113/1115/2122
f 113/1115/2122 1689/1114/2121 1690/1116/2122
f 113/1115/2122 1690/1116/2122 114/1117/111
f 114/1117/111 1690/1116/2122 1691/1118/111
f 114/1117/111 1691/1118/111 115/1119/2123
f 115/1119/2123 1691/1118/111 1692/1120/2123
f 115/1119/2123 1692/1120/2123 116/1121/2124
f 116/1121/2124 1692/1120/2123 1693/1122/2124
f 116/1121/2124 1693/1122/2124 117/1123/2125
f 117/1123/2125 1693/1122/2124 1694/1124/2125
f 117/1123/2125 1694/1124/2125 118/1125/117
f 118/1125/117 1694/1124/2125 1695/1126/117
f 118/1125/117 1695/1126/117 119/1127/2126
f 119/1127/2126 1695/1126/117 1696/1128/2126
f 119/1127/2126 1696/1128/2126 120/1129/2127
f 120/1129/2127 1696/1128/2126 1697/1130/2127
f 120/1129/2127 1697/1130/2127 121/1131/2128
f 121/1131/2128 1697/1130/2127 1698/1132/2128
f 121/1131/2128 1698/1132/2128 122/1133/126
f 122/1133/126 1698/1132/2128 1699/1134/126
f 122/1133/126 1699/1134/126 123/1135/2129
f 123/1135/2129 1699/1134/126 1700/1136/2129
f 123/1135/2129 1700/1136/2129 124/1137/2130
f 124/1137/2130 1700/1136/2129 1701/1138/2130
f 124/1137/2130 1701/1138/2130 125/1073/2107
f 125/1073/2107 1701/1138/2130 1702/1074/2107
f 1672/1139/94 1671/1140/94 1533/58/94
f 1533/58/94 1671/1140/94 1702/1141/94
f 1533/58/94 1702/1141/94 1534/1142/94
f 1534/1142/94 1702/1141/94 1701/1143/94
f 1534/1142/94 1701/1143/94 1535/1144/94
f 1535/1144/94 1701/1143/94 1700/1145/94
f 1535/1144/94 1700/1145/94 1536/1146/94
f 1536/1146/94 1700/1145/94 1699/1147/94
f 1536/1146/94 1699/1147/94 1537/1148/94
f 1537/1148/94 1699/1147/94 1698/1149/94
f 1537/1148/94 1698/1149/94 1538/1150/94
f 1538/1150/94 1698/1149/94 1697/1151/94
f 1538/1150/94 1697/1151/94 1539/1152/94
f 1539/1152/94 1697/1151/94 1696/1153/94
f 1539/1152/94 1696/1153/94 1540/1154/94
f 1540/1154/94 1696/1153/94 1695/1155/94
f 1540/1154/94 1695/1155/94 1541/1156/94
f 1541/1156/94 1695/1155/94 1694/1157/94
f 1541/1156/94 1694/1157/94 1542/1158/94
f 1542/1158/94 1694/1157/94 1693/1159/94
f 1542/1158/94 1693/1159/94 1543/1160/94
f 1543/1160/94 1693/1159/94 1692/1161/94
f 1543/1160/94 1692/1161/94 1544/1162/94
f 1544/1162/94 1692/1161/94 1691/1163/94
f 1544/1162/94 1691/1163/94 1545/1164/94
f 1545/1164/94 1691/1163/94 1690/1165/94
f 1545/1164/94 1690/1165/94 1546/1166/94
f 1546/1166/94 1690/1165/94 1689/1167/94
f 1546/1166/94 1689/1167/94 1547/1168/94
f 1547/1168/94 1689/1167/94 1688/1169/94
f 1547/1168/94 1688/1169/94 1548/1170/94
f 1548/1170/94 1688/1169/94 1687/1171/94
f 1548/1170/94 1687/1171/94 1549/1172/94
f 1549/1172/94 1687/1171/94 1686/1173/94
f 1549/1172/94 1686/1173/94 1550/1174/94
f 1550/1174/94 1686/1173/94 1685/1175/94
f 1550/1174/94 1685/1175/94 1551/1176/94
f 1551/1176/94 1685/1175/94 1684/1177/94
f 1551/1176/94 1684/1177/94 1552/1178/94
f 1552/1178/94 1684/1177/94 1683/1179/94
f 1552/1178/94 1683/1179/94 1553/1180/94
f 1553/1180/94 1683/1179/94 1682/1181/94
f 1553/1180/94 1682/1181/94 1554/1182/94
f 1554/1182/94 1682/1181/94 1681/1183/94
f 1554/1182/94 1681/1183/94 1555/1184/94
f 1555/1184/94 1681/1183/94 1680/1185/94
f 1555/1184/94 1680/1185/94 1556/1186/94
f 1556/1186/94 1680/1185/94 1679/1187/94
f 1556/1186/94 1679/1187/94 1557/1188/94
f 1557/1188/94 1679/1187/94 1678/1189/94
f 1557/1188/94 1678/1189/94 1558/1190/94
f 1558/1190/94 1678/1189/94 1677/1191/94
f 1558/1190/94 1677/1191/94 1559/1192/94
f 1559/1192/94 1677/1191/94 1676/1193/94
f 1559/1192/94 1676/1193/94 1560/1194/94
f 1560/1194/94 1676/1193/94 1675/1195/94
f 1560/1194/94 1675/1195/94 1561/1196/94
f 1561/1196/94 1675/1195/94 1674/1197/94
f 1561/1196/94 1674/1197/94 1562/1198/94
f 1562/1198/94 1674/1197/94 1673/1199/94
f 1562/1198/94 1673/1199/94 1563/1200/94
f 1563/1200/94 1673/1199/94 1672/1139/94
f 1563/1200/94 1672/1139/94 1533/58/94
f 1704/1201/2131 1770/1202/2131 1703/1203/268
f 1703/1203/268 1770/1202/2131 1737/1204/268
f 1703/1203/268 1737/1204/268 1736/1205/2132
f 1736/1205/2132 1737/1204/268 1738/1206/2132
f 1736/1205/2132 1738/1206/2132 1735/1207/2133
f 1735/1207/2133 1738/1206/2132 1739/1208/2133
f 1735/1207/2133 1739/1208/2133 1734/1209/2134
f 1734/1209/2134 1739/1208/2133 1740/1210/2134
f 1734/1209/2134 1740/1210/2134 1733/1211/2135
f 1733/1211/2135 1740/1210/2134 1741/1212/2135
f 1733/1211/2135 1741/1212/2135 1732/1213/2136
f 1732/1213/2136 1741/1212/2135 1742/1214/2136
f 1732/1213/2136 1742/1214/2136 1731/1215/2137
f 1731/1215/2137 1742/1214/2136 1743/1216/2137
f 1731/1215/2137 1743/1216/2137 1730/1217/2138
f 1730/1217/2138 1743/1216/2137 1744/1218/2138
f 1730/1217/2138 1744/1218/2138 1729/1219/2139
f 1729/1219/2139 1744/1218/2138 1745/1220/2139
f 1729/1219/2139 1745/1220/2139 1728/1221/2140
f 1728/1221/2140 1745/1220/2139 1746/1222/2140
f 1728/1221/2140 1746/1222/2140 1727/1223/2141
f 1727/1223/2141 1746/1222/2140 1747/1224/2141
f 1727/1223/2141 1747/1224/2141 1726/1225/2142
f 1726/1225/2142 1747/1224/2141 1748/1226/2142
f 1726/1225/2142 1748/1226/2142 1725/1227/2143
f 1725/1227/2143 1748/1226/2142 1749/1228/2143
f 1725/1227/2143 1749/1228/2143 1724/1229/2144
f 1724/1229/2144 1749/1228/2143 1750/1230/2144
f 1724/1229/2144 1750/1230/2144 1723/1231/2145
f 1723/1231/2145 1750/1230/2144 1751/1232/2145
f 1723/1231/2145 1751/1232/2145 1722/1233/2146
f 1722/1233/2146 1751/1232/2145 1752/1234/2146
f 1722/1233/2146 1752/1234/2146 1721/1235/2147
f 1721/1235/2147 1752/1234/2146 1753/1236/2147
f 1721/1235/2147 1753/1236/2147 1720/1237/105
f 1720/1237/105 1753/1236/2147 1754/1238/105
f 1720/1239/105 1754/1240/105 1719/1241/2148
f 1719/1241/2148 1754/1240/105 1755/1242/2148
f 1719/1241/2148 1755/1242/2148 1718/1243/2149
f 1718/1243/2149 1755/1242/2148 1756/1244/2149
f 1718/1243/2149 1756/1244/2149 1717/1245/2150
f 1717/1245/2150 1756/1244/2149 1757/1246/2150
f 1717/1245/2150 1757/1246/2150 1716/1247/2151
f 1716/1247/2151 1757/1246/2150 1758/1248/2151
f 1716/1247/2151 1758/1248/2151 1715/1249/2152
f 1715/1249/2152 1758/1248/2151 1759/1250/2152
f 1715/1249/2152 1759/1250/2152 1714/1251/2153
f 1714/1251/2153 1759/1250/2152 1760/1252/2153
f 1714/1251/2153 1760/1252/2153 1713/1253/2154
f 1713/1253/2154 1760/1252/2153 1761/1254/2154
f 1713/1253/2154 1761/1254/2154 1712/1255/2155
f 1712/1255/2155 1761/1254/2154 1762/1256/2155
f 1712/1255/2155 1762/1256/2155 1711/1257/2156
f 1711/1257/2156 1762/1256/2155 1763/1258/2156
f 1711/1257/2156 1763/1258/2156 1710/1259/2157
f 1710/1259/2157 1763/1258/2156 1764/1260/2157
f 1710/1259/2157 1764/1260/2157 1709/1261/2158
f 1709/1261/2158 1764/1260/2157 1765/1262/2158
f 1709/1261/2158 1765/1262/2158 1708/1263/2159
f 1708/1263/2159 1765/1262/2158 1766/1264/2159
f 1708/1263/2159 1766/1264/2159 1707/1265/2160
f 1707/1265/2160 1766/1264/2159 1767/1266/2160
f 1707/1265/2160 1767/1266/2160 1706/1267/2161
f 1706/1267/2161 1767/1266/2160 1768/1268/2161
f 1706/1267/2161 1768/1268/2161 1705/1269/2162
f 1705/1269/2162 1768/1268/2161 1769/1270/2162
f 1705/1269/2162 1769/1270/2162 1704/1201/2131
f 1704/1201/2131 1769/1270/2162 1770/1202/2131
f 1770/1271/2070 1812/1272/2070 1737/1273/2070
f 1737/1273/2070 1812/1272/2070 1771/58/2070
f 1737/1273/2070 1771/58/2070 1772/1274/2070
f 1812/1272/2070 1770/1271/2070 1811/1275/2070
f 1811/1275/2070 1770/1271/2070 1769/1276/2070
f 1811/1275/2070 1769/1276/2070 1810/1277/2070
f 1810/1277/2070 1769/1276/2070 1768/1278/2070
f 1810/1277/2070 1768/1278/2070 1809/1279/2070
f 1809/1279/2070 1768/1278/2070 1767/1280/2070
f 1809/1279/2070 1767/1280/2070 1808/1281/2070
f 1808/1281/2070 1767/1280/2070 1807/1282/2070
f 1807/1282/2070 1767/1280/2070 1766/1283/2070
f 1807/1282/2070 1766/1283/2070 1806/1284/2070
f 1806/1284/2070 1766/1283/2070 1765/1285/2070
f 1806/1284/2070 1765/1285/2070 1805/1286/2070
f 1805/1286/2070 1765/1285/2070 1764/1287/2070
f 1805/1286/2070 1764/1287/2070 1804/1288/2070
f 1804/1288/2070 1764/1287/2070 1763/1289/2070
f 1804/1288/2070 1763/1289/2070 1803/1290/2070
f 1803/1290/2070 1763/1289/2070 1762/1291/2070
f 1803/1290/2070 1762/1291/2070 1802/1292/2070
f 1802/1292/2070 1762/1291/2070 1801/1293/2070
f 1801/1293/2070 1762/1291/2070 1761/1294/2070
f 1801/1293/2070 1761/1294/2070 1800/1295/2070
f 1800/1295/2070 1761/1294/2070 1760/1296/2070
f 1800/1295/2070 1760/1296/2070 1799/1297/2070
f 1799/1297/2070 1760/1296/2070 1759/1298/2070
f 1799/1297/2070 1759/1298/2070 1798/1299/2070
f 1798/1299/2070 1759/1298/2070 1758/1300/2070
f 1798/1299/2070 1758/1300/2070 1797/1301/2070
f 1797/1301/2070 1758/1300/2070 1796/1302/2070
f 1796/1302/2070 1758/1300/2070 1757/1303/2070
f 1796/1302/2070 1757/1303/2070 1795/1304/2070
f 1795/1304/2070 1757/1303/2070 1756/1305/2070
f 1795/1304/2070 1756/1305/2070 1794/1306/2070
f 1794/1306/2070 1756/1305/2070 1755/1307/2070
f 1794/1306/2070 1755/1307/2070 1793/1308/2070
f 1793/1308/2070 1755/1307/2070 1754/1309/2070
f 1793/1308/2070 1754/1309/2070 1792/1310/2070
f 1792/1310/2070 1754/1309/2070 1791/1311/2070
f 1791/1311/2070 1754/1309/2070 1753/1312/2070
f 1791/1311/2070 1753/1312/2070 1790/1313/2070
f 1790/1313/2070 1753/1312/2070 1752/1314/2070
f 1790/1313/2070 1752/1314/2070 1789/1315/2070
f 1789/1315/2070 1752/1314/2070 1751/1316/2070
f 1789/1315/2070 1751/1316/2070 1788/1317/2070
f 1788/1317/2070 1751/1316/2070 1750/1318/2070
f 1788/1317/2070 1750/1318/2070 1787/1319/2070
f 1787/1319/2070 1750/1318/2070 1786/1320/2070
f 1786/1320/2070 1750/1318/2070 1749/1321/2070
f 1786/1320/2070 1749/1321/2070 1785/1322/2070
f 1785/1322/2070 1749/1321/2070 1748/1323/2070
f 1785/1322/2070 1748/1323/2070 1784/1324/2070
f 1784/1324/2070 1748/1323/2070 1747/1325/2070
f 1784/1324/2070 1747/1325/2070 1783/1326/2070
f 1783/1326/2070 1747/1325/2070 1746/1327/2070
f 1783/1326/2070 1746/1327/2070 1782/1328/2070
f 1782/1328/2070 1746/1327/2070 1745/1329/2070
f 1782/1328/2070 1745/1329/2070 1781/1330/2070
f 1781/1330/2070 1745/1329/2070 1780/1331/2070
f 1780/1331/2070 1745/1329/2070 1744/1332/2070
f 1780/1331/2070 1744/1332/2070 1779/1333/2070
f 1779/1333/2070 1744/1332/2070 1743/1334/2070
f 1779/1333/2070 1743/1334/2070 1778/1335/2070
f 1778/1335/2070 1743/1334/2070 1742/1336/2070
f 1778/1335/2070 1742/1336/2070 1777/1337/2070
f 1777/1337/2070 1742/1336/2070 1741/1338/2070
f 1777/1337/2070 1741/1338/2070 1776/1339/2070
f 1776/1339/2070 1741/1338/2070 1775/1340/2070
f 1775/1340/2070 1741/1338/2070 1740/1341/2070
f 1775/1340/2070 1740/1341/2070 1774/1342/2070
f 1774/1342/2070 1740/1341/2070 1739/1343/2070
f 1774/1342/2070 1739/1343/2070 1773/1344/2070
f 1773/1344/2070 1739/1343/2070 1738/1345/2070
f 1773/1344/2070 1738/1345/2070 1772/1274/2070
f 1772/1274/2070 1738/1345/2070 1737/1273/2070
f 1812/1346/2000 1813/1347/105 1771/1348/105
f 1771/1348/105 1813/1347/105 1814/1349/2001
f 1771/1348/105 1814/1349/2001 1772/1350/2001
f 1772/1350/2001 1814/1349/2001 1815/1351/2002
f 1772/1350/2001 1815/1351/2002 1773/1352/2002
f 1773/1352/2002 1815/1351/2002 1816/1353/2003
f 1773/1352/2002 1816/1353/2003 1774/1354/2003
f 1774/1354/2003 1816/1353/2003 1817/1355/2004
f 1774/1354/2003 1817/1355/2004 1775/1356/2004
f 1775/1356/2004 1817/1355/2004 1818/1357/2005
f 1775/1356/2004 1818/1357/2005 1776/1358/2005
f 1776/1358/2005 1818/1357/2005 1819/1359/2006
f 1776/1358/2005 1819/1359/2006 1777/1360/2006
f 1777/1360/2006 1819/1359/2006 1820/1361/113
f 1777/1360/2006 1820/1361/113 1778/1362/113
f 1778/1362/113 1820/1361/113 1821/1363/2007
f 1778/1362/113 1821/1363/2007 1779/1364/2007
f 1779/1364/2007 1821/1363/2007 1822/1365/2008
f 1779/1364/2007 1822/1365/2008 1780/1366/2008
f 1780/1366/2008 1822/1365/2008 1823/1367/2009
f 1780/1366/2008 1823/1367/2009 1781/1368/2009
f 1781/1368/2009 1823/1367/2009 1824/1369/2010
f 1781/1368/2009 1824/1369/2010 1782/1370/2010
f 1782/1370/2010 1824/1369/2010 1825/1371/2011
f 1782/1370/2010 1825/1371/2011 1783/1372/2011
f 1783/1372/2011 1825/1371/2011 1826/1373/2012
f 1783/1372/2011 1826/1373/2012 1784/1374/2012
f 1784/1374/2012 1826/1373/2012 1827/1375/123
f 1784/1374/2012 1827/1375/123 1785/1376/123
f 1785/1376/123 1827/1375/123 1828/1377/2013
f 1785/1376/123 1828/1377/2013 1786/1378/2013
f 1786/1378/2013 1828/1377/2013 1829/1379/2014
f 1786/1378/2013 1829/1379/2014 1787/1380/2014
f 1787/1380/2014 1829/1379/2014 1830/1381/2015
f 1787/1380/2014 1830/1381/2015 1788/1382/2015
f 1788/1382/2015 1830/1381/2015 1831/1383/2016
f 1788/1382/2015 1831/1383/2016 1789/1384/2016
f 1789/1384/2016 1831/1383/2016 1832/1385/2017
f 1789/1384/2016 1832/1385/2017 1790/1386/2017
f 1790/1386/2017 1832/1385/2017 1833/1387/2018
f 1790/1386/2017 1833/1387/2018 1791/1388/2018
f 1791/1388/2018 1833/1387/2018 1792/1389/268
f 1792/1389/268 1833/1387/2018 1834/1390/268
f 1792/1391/268 1834/1392/268 1793/1393/2019
f 1793/1393/2019 1834/1392/268 1835/1394/2019
f 1793/1393/2019 1835/1394/2019 1836/1395/2020
f 1813/1347/105 1812/1346/2000 1854/1396/2000
f 1854/1396/2000 1812/1346/2000 1811/1397/2035
f 1854/1396/2000 1811/1397/2035 1853/1398/2035
f 1853/1398/2035 1811/1397/2035 1810/1399/2034
f 1853/1398/2035 1810/1399/2034 1852/1400/2034
f 1852/1400/2034 1810/1399/2034 1809/1401/2033
f 1852/1400/2034 1809/1401/2033 1851/1402/2033
f 1851/1402/2033 1809/1401/2033 1808/1403/2032
f 1851/1402/2033 1808/1403/2032 1850/1404/2032
f 1850/1404/2032 1808/1403/2032 1807/1405/2031
f 1850/1404/2032 1807/1405/2031 1849/1406/2031
f 1849/1406/2031 1807/1405/2031 1806/1407/95
f 1849/1406/2031 1806/1407/95 1848/1408/95
f 1848/1408/95 1806/1407/95 1805/1409/2030
f 1848/1408/95 1805/1409/2030 1847/1410/2030
f 1847/1410/2030 1805/1409/2030 1804/1411/2029
f 1847/1410/2030 1804/1411/2029 1846/1412/2029
f 1846/1412/2029 1804/1411/2029 1803/1413/2028
f 1846/1412/2029 1803/1413/2028 1845/1414/2028
f 1845/1414/2028 1803/1413/2028 1802/1415/2027
f 1845/1414/2028 1802/1415/2027 1844/1416/2027
f 1844/1416/2027 1802/1415/2027 1801/1417/2026
f 1844/1416/2027 1801/1417/2026 1843/1418/2026
f 1843/1418/2026 1801/1417/2026 1800/1419/2025
f 1843/1418/2026 1800/1419/2025 1842/1420/2025
f 1842/1420/2025 1800/1419/2025 1799/1421/143
f 1842/1420/2025 1799/1421/143 1841/1422/143
f 1841/1422/143 1799/1421/143 1798/1423/2024
f 1841/1422/143 1798/1423/2024 1840/1424/2024
f 1840/1424/2024 1798/1423/2024 1797/1425/2023
f 1840/1424/2024 1797/1425/2023 1839/1426/2023
f 1839/1426/2023 1797/1425/2023 1796/1427/2022
f 1839/1426/2023 1796/1427/2022 1838/1428/2022
f 1838/1428/2022 1796/1427/2022 1795/1429/2021
f 1838/1428/2022 1795/1429/2021 1837/1430/2021
f 1837/1430/2021 1795/1429/2021 1794/1431/2020
f 1837/1430/2021 1794/1431/2020 1836/1395/2020
f 1836/1395/2020 1794/1431/2020 1793/1393/2019
f 1814/1432/2070 1813/1433/2070 1855/58/2070
f 1855/58/2070 1813/1433/2070 1854/1434/2070
f 1855/58/2070 1854/1434/2070 1896/1435/2070
f 1896/1435/2070 1854/1434/2070 1853/1436/2070
f 1896/1435/2070 1853/1436/2070 1895/1437/2070
f 1895/1437/2070 1853/1436/2070 1852/1438/2070
f 1895/1437/2070 1852/1438/2070 1894/1439/2070
f 1894/1439/2070 1852/1438/2070 1851/1440/2070
f 1894/1439/2070 1851/1440/2070 1893/1441/2070
f 1893/1441/2070 1851/1440/2070 1850/1442/2070
f 1893/1441/2070 1850/1442/2070 1892/1443/2070
f 1892/1443/2070 1850/1442/2070 1849/1444/2070
f 1892/1443/2070 1849/1444/2070 1891/1445/2070
f 1891/1445/2070 1849/1444/2070 1848/1446/2070
f 1891/1445/2070 1848/1446/2070 1890/1447/2070
f 1890/1447/2070 1848/1446/2070 1847/1448/2070
f 1890/1447/2070 1847/1448/2070 1889/1449/2070
f 1889/1449/2070 1847/1448/2070 1846/1450/2070
f 1889/1449/2070 1846/1450/2070 1888/1451/2070
f 1888/1451/2070 1846/1450/2070 1845/1452/2070
f 1888/1451/2070 1845/1452/2070 1887/1453/2070
f 1887/1453/2070 1845/1452/2070 1844/1454/2070
f 1887/1453/2070 1844/1454/2070 1886/1455/2070
f 1886/1455/2070 1844/1454/2070 1885/1456/2070
f 1885/1456/2070 1844/1454/2070 1843/1457/2070
f 1885/1456/2070 1843/1457/2070 1884/1458/2070
f 1884/1458/2070 1843/1457/2070 1842/1459/2070
f 1884/1458/2070 1842/1459/2070 1883/1460/2070
f 1883/1460/2070 1842/1459/2070 1841/1461/2070
f 1883/1460/2070 1841/1461/2070 1882/1462/2070
f 1882/1462/2070 1841/1461/2070 1840/1463/2070
f 1882/1462/2070 1840/1463/2070 1881/1464/2070
f 1881/1464/2070 1840/1463/2070 1839/1465/2070
f 1881/1464/2070 1839/1465/2070 1880/1466/2070
f 1880/1466/2070 1839/1465/2070 1838/1467/2070
f 1880/1466/2070 1838/1467/2070 1879/1468/2070
f 1879/1468/2070 1838/1467/2070 1837/1469/2070
f 1879/1468/2070 1837/1469/2070 1878/1470/2070
f 1878/1470/2070 1837/1469/2070 1836/1471/2070
f 1878/1470/2070 1836/1471/2070 1877/1472/2070
f 1877/1472/2070 1836/1471/2070 1835/1473/2070
f 1877/1472/2070 1835/1473/2070 1876/1474/2070
f 1876/1474/2070 1835/1473/2070 1834/1475/2070
f 1876/1474/2070 1834/1475/2070 1833/1476/2070
f 1876/1474/2070 1833/1476/2070 1875/1477/2070
f 1875/1477/2070 1833/1476/2070 1832/1478/2070
f 1875/1477/2070 1832/1478/2070 1874/1479/2070
f 1874/1479/2070 1832/1478/2070 1831/1480/2070
f 1874/1479/2070 1831/1480/2070 1873/1481/2070
f 1873/1481/2070 1831/1480/2070 1830/1482/2070
f 1873/1481/2070 1830/1482/2070 1872/1483/2070
f 1872/1483/2070 1830/1482/2070 1829/1484/2070
f 1872/1483/2070 1829/1484/2070 1871/1485/2070
f 1871/1485/2070 1829/1484/2070 1828/1486/2070
f 1871/1485/2070 1828/1486/2070 1870/1487/2070
f 1870/1487/2070 1828/1486/2070 1827/1488/2070
f 1870/1487/2070 1827/1488/2070 1869/1489/2070
f 1869/1489/2070 1827/1488/2070 1826/1490/2070
f 1869/1489/2070 1826/1490/2070 1868/1491/2070
f 1868/1491/2070 1826/1490/2070 1825/1492/2070
f 1868/1491/2070 1825/1492/2070 1867/1493/2070
f 1867/1493/2070 1825/1492/2070 1824/1494/2070
f 1867/1493/2070 1824/1494/2070 1866/1495/2070
f 1866/1495/2070 1824/1494/2070 1823/1496/2070
f 1866/1495/2070 1823/1496/2070 1865/1497/2070
f 1865/1497/2070 1823/1496/2070 1864/1498/2070
f 1864/1498/2070 1823/1496/2070 1822/1499/2070
f 1864/1498/2070 1822/1499/2070 1863/1500/2070
f 1863/1500/2070 1822/1499/2070 1821/1501/2070
f 1863/1500/2070 1821/1501/2070 1862/1502/2070
f 1862/1502/2070 1821/1501/2070 1820/1503/2070
f 1862/1502/2070 1820/1503/2070 1861/1504/2070
f 1861/1504/2070 1820/1503/2070 1819/1505/2070
f 1861/1504/2070 1819/1505/2070 1860/1506/2070
f 1860/1506/2070 1819/1505/2070 1818/1507/2070
f 1860/1506/2070 1818/1507/2070 1859/1508/2070
f 1859/1508/2070 1818/1507/2070 1817/1509/2070
f 1859/1508/2070 1817/1509/2070 1858/1510/2070
f 1858/1510/2070 1817/1509/2070 1816/1511/2070
f 1858/1510/2070 1816/1511/2070 1857/1512/2070
f 1857/1512/2070 1816/1511/2070 1815/1513/2070
f 1857/1512/2070 1815/1513/2070 1856/1514/2070
f 1856/1514/2070 1815/1513/2070 1814/1432/2070
f 1856/1514/2070 1814/1432/2070 1855/58/2070
f 1896/1515/2000 1938/1516/2000 1855/1517/105
f 1855/1517/105 1938/1516/2000 1897/1518/105
f 1855/1517/105 1897/1518/105 1856/1519/2001
f 1856/1519/2001 1897/1518/105 1898/1520/2001
f 1856/1519/2001 1898/1520/2001 1857/1521/2002
f 1857/1521/2002 1898/1520/2001 1899/1522/2002
f 1857/1521/2002 1899/1522/2002 1858/1523/2003
f 1858/1523/2003 1899/1522/2002 1900/1524/2003
f 1858/1523/2003 1900/1524/2003 1859/1525/2004
f 1859/1525/2004 1900/1524/2003 1901/1526/2004
f 1859/1525/2004 1901/1526/2004 1860/1527/2005
f 1860/1527/2005 1901/1526/2004 1902/1528/2005
f 1860/1527/2005 1902/1528/2005 1861/1529/2006
f 1861/1529/2006 1902/1528/2005 1903/1530/2006
f 1861/1529/2006 1903/1530/2006 1862/1531/113
f 1862/1531/113 1903/1530/2006 1904/1532/113
f 1862/1531/113 1904/1532/113 1863/1533/2007
f 1863/1533/2007 1904/1532/113 1905/1534/2007
f 1863/1533/2007 1905/1534/2007 1864/1535/2008
f 1864/1535/2008 1905/1534/2007 1906/1536/2008
f 1864/1535/2008 1906/1536/2008 1865/1537/2009
f 1865/1537/2009 1906/1536/2008 1907/1538/2009
f 1865/1537/2009 1907/1538/2009 1866/1539/2010
f 1866/1539/2010 1907/1538/2009 1908/1540/2010
f 1866/1539/2010 1908/1540/2010 1867/1541/2011
f 1867/1541/2011 1908/1540/2010 1909/1542/2011
f 1867/1541/2011 1909/1542/2011 1868/1543/2012
f 1868/1543/2012 1909/1542/2011 1910/1544/2012
f 1868/1543/2012 1910/1544/2012 1869/1545/123
f 1869/1545/123 1910/1544/2012 1911/1546/123
f 1869/1545/123 1911/1546/123 1870/1547/2013
f 1870/1547/2013 1911/1546/123 1912/1548/2013
f 1870/1547/2013 1912/1548/2013 1871/1549/2014
f 1871/1549/2014 1912/1548/2013 1913/1550/2014
f 1871/1549/2014 1913/1550/2014 1872/1551/2015
f 1872/1551/2015 1913/1550/2014 1914/1552/2015
f 1872/1551/2015 1914/1552/2015 1873/1553/2016
f 1873/1553/2016 1914/1552/2015 1915/1554/2016
f 1873/1553/2016 1915/1554/2016 1874/1555/2017
f 1874/1555/2017 1915/1554/2016 1916/1556/2017
f 1874/1555/2017 1916/1556/2017 1875/1557/2018
f 1875/1557/2018 1916/1556/2017 1917/1558/2018
f 1875/1557/2018 1917/1558/2018 1876/1559/268
f 1876/1559/268 1917/1558/2018 1918/1560/268
f 1876/1561/268 1918/1562/268 1877/1563/2019
f 1877/1563/2019 1918/1562/268 1919/1564/2019
f 1877/1563/2019 1919/1564/2019 1878/1565/2020
f 1878/1565/2020 1919/1564/2019 1920/1566/2020
f 1878/1565/2020 1920/1566/2020 1879/1567/2021
f 1879/1567/2021 1920/1566/2020 1921/1568/2021
f 1879/1567/2021 1921/1568/2021 1880/1569/2022
f 1880/1569/2022 1921/1568/2021 1922/1570/2022
f 1880/1569/2022 1922/1570/2022 1881/1571/2023
f 1881/1571/2023 1922/1570/2022 1923/1572/2023
f 1881/1571/2023 1923/1572/2023 1882/1573/2024
f 1882/1573/2024 1923/1572/2023 1924/1574/2024
f 1882/1573/2024 1924/1574/2024 1883/1575/143
f 1883/1575/143 1924/1574/2024 1925/1576/143
f 1883/1575/143 1925/1576/143 1884/1577/2025
f 1884/1577/2025 1925/1576/143 1926/1578/2025
f 1884/1577/2025 1926/1578/2025 1885/1579/2026
f 1885/1579/2026 1926/1578/2025 1927/1580/2026
f 1885/1579/2026 1927/1580/2026 1886/1581/2027
f 1886/1581/2027 1927/1580/2026 1928/1582/2027
f 1886/1581/2027 1928/1582/2027 1887/1583/2028
f 1887/1583/2028 1928/1582/2027 1929/1584/2028
f 1887/1583/2028 1929/1584/2028 1888/1585/2029
f 1888/1585/2029 1929/1584/2028 1930/1586/2029
f 1888/1585/2029 1930/1586/2029 1889/1587/2030
f 1889/1587/2030 1930/1586/2029 1931/1588/2030
f 1889/1587/2030 1931/1588/2030 1890/1589/95
f 1890/1589/95 1931/1588/2030 1932/1590/95
f 1890/1589/95 1932/1590/95 1891/1591/2031
f 1891/1591/2031 1932/1590/95 1933/1592/2031
f 1891/1591/2031 1933/1592/2031 1892/1593/2032
f 1892/1593/2032 1933/1592/2031 1934/1594/2032
f 1892/1593/2032 1934/1594/2032 1893/1595/2033
f 1893/1595/2033 1934/1594/2032 1935/1596/2033
f 1893/1595/2033 1935/1596/2033 1894/1597/2034
f 1894/1597/2034 1935/1596/2033 1936/1598/2034
f 1894/1597/2034 1936/1598/2034 1895/1599/2035
f 1895/1599/2035 1936/1598/2034 1937/1600/2035
f 1895/1599/2035 1937/1600/2035 1896/1515/2000
f 1896/1515/2000 1937/1600/2035 1938/1516/2000
f 1898/1601/94 1897/1602/94 1939/58/94
f 1939/58/94 1897/1602/94 1938/1603/94
f 1939/58/94 1938/1603/94 1971/1604/94
f 1971/1604/94 1938/1603/94 1937/1605/94
f 1971/1604/94 1937/1605/94 1970/1606/94
f 1970/1606/94 1937/1605/94 1936/1607/94
f 1970/1606/94 1936/1607/94 1969/1608/94
f 1969/1608/94 1936/1607/94 1935/1609/94
f 1969/1608/94 1935/1609/94 1968/1610/94
f 1968/1610/94 1935/1609/94 1934/1611/94
f 1968/1610/94 1934/1611/94 1933/1612/94
f 1968/1610/94 1933/1612/94 1967/1613/94
f 1967/1613/94 1933/1612/94 1932/1614/94
f 1967/1613/94 1932/1614/94 1966/1615/94
f 1966/1615/94 1932/1614/94 1931/1616/94
f 1966/1615/94 1931/1616/94 1965/1617/94
f 1965/1617/94 1931/1616/94 1930/1618/94
f 1965/1617/94 1930/1618/94 1929/1619/94
f 1965/1617/94 1929/1619/94 1964/1620/94
f 1964/1620/94 1929/1619/94 1928/1621/94
f 1964/1620/94 1928/1621/94 1963/1622/94
f 1963/1622/94 1928/1621/94 1927/1623/94
f 1963/1622/94 1927/1623/94 1962/1624/94
f 1962/1624/94 1927/1623/94 1926/1625/94
f 1962/1624/94 1926/1625/94 1961/1626/94
f 1961/1626/94 1926/1625/94 1925/1627/94
f 1961/1626/94 1925/1627/94 1924/1628/94
f 1961/1626/94 1924/1628/94 1960/1629/94
f 1960/1629/94 1924/1628/94 1923/1630/94
f 1960/1629/94 1923/1630/94 1959/1631/94
f 1959/1631/94 1923/1630/94 1922/1632/94
f 1959/1631/94 1922/1632/94 1958/1633/94
f 1958/1633/94 1922/1632/94 1921/1634/94
f 1958/1633/94 1921/1634/94 1957/1635/94
f 1957/1635/94 1921/1634/94 1920/1636/94
f 1957/1635/94 1920/1636/94 1919/1637/94
f 1957/1635/94 1919/1637/94 1956/1638/94
f 1956/1638/94 1919/1637/94 1918/1639/94
f 1956/1638/94 1918/1639/94 1955/1640/94
f 1955/1640/94 1918/1639/94 1917/1641/94
f 1955/1640/94 1917/1641/94 1954/1642/94
f 1954/1642/94 1917/1641/94 1916/1643/94
f 1954/1642/94 1916/1643/94 1915/1644/94
f 1954/1642/94 1915/1644/94 1953/1645/94
f 1953/1645/94 1915/1644/94 1914/1646/94
f 1953/1645/94 1914/1646/94 1952/1647/94
f 1952/1647/94 1914/1646/94 1913/1648/94
f 1952/1647/94 1913/1648/94 1951/1649/94
f 1951/1649/94 1913/1648/94 1912/1650/94
f 1951/1649/94 1912/1650/94 1950/1651/94
f 1950/1651/94 1912/1650/94 1911/1652/94
f 1950/1651/94 1911/1652/94 1910/1653/94
f 1950/1651/94 1910/1653/94 1949/1654/94
f 1949/1654/94 1910/1653/94 1909/1655/94
f 1949/1654/94 1909/1655/94 1948/1656/94
f 1948/1656/94 1909/1655/94 1908/1657/94
f 1948/1656/94 1908/1657/94 1947/1658/94
f 1947/1658/94 1908/1657/94 1907/1659/94
f 1947/1658/94 1907/1659/94 1946/1660/94
f 1946/1660/94 1907/1659/94 1906/1661/94
f 1946/1660/94 1906/1661/94 1905/1662/94
f 1946/1660/94 1905/1662/94 1945/1663/94
f 1945/1663/94 1905/1662/94 1904/1664/94
f 1945/1663/94 1904/1664/94 1944/1665/94
f 1944/1665/94 1904/1664/94 1903/1666/94
f 1944/1665/94 1903/1666/94 1943/1667/94
f 1943/1667/94 1903/1666/94 1902/1668/94
f 1943/1667/94 1902/1668/94 1901/1669/94
f 1943/1667/94 1901/1669/94 1942/1670/94
f 1942/1670/94 1901/1669/94 1900/1671/94
f 1942/1670/94 1900/1671/94 1941/1672/94
f 1941/1672/94 1900/1671/94 1899/1673/94
f 1941/1672/94 1899/1673/94 1940/1674/94
f 1940/1674/94 1899/1673/94 1898/1601/94
f 1940/1674/94 1898/1601/94 1939/58/94
f 1971/1675/2163 1972/1676/268 1939/1677/268
f 1939/1677/268 1972/1676/268 1973/1678/2164
f 1939/1677/268 1973/1678/2164 1940/1679/2165
f 1940/1679/2165 1973/1678/2164 1974/1680/2166
f 1940/1679/2165 1974/1680/2166 1941/1681/2166
f 1941/1681/2166 1974/1680/2166 1975/1682/2167
f 1941/1681/2166 1975/1682/2167 1942/1683/2167
f 1942/1683/2167 1975/1682/2167 1976/1684/2168
f 1942/1683/2167 1976/1684/2168 1943/1685/2168
f 1943/1685/2168 1976/1684/2168 1977/1686/2169
f 1943/1685/2168 1977/1686/2169 1944/1687/2169
f 1944/1687/2169 1977/1686/2169 1978/1688/2170
f 1944/1687/2169 1978/1688/2170 1945/1689/2170
f 1945/1689/2170 1978/1688/2170 1979/1690/2171
f 1945/1689/2170 1979/1690/2171 1946/1691/2171
f 1946/1691/2171 1979/1690/2171 1980/1692/2172
f 1946/1691/2171 1980/1692/2172 1947/1693/2172
f 1947/1693/2172 1980/1692/2172 1981/1694/2173
f 1947/1693/2172 1981/1694/2173 1948/1695/2173
f 1948/1695/2173 1981/1694/2173 1982/1696/2174
f 1948/1695/2173 1982/1696/2174 1949/1697/2174
f 1949/1697/2174 1982/1696/2174 1983/1698/95
f 1949/1697/2174 1983/1698/95 1950/1699/95
f 1950/1699/95 1983/1698/95 1984/1700/2175
f 1950/1699/95 1984/1700/2175 1951/1701/2176
f 1951/1701/2176 1984/1700/2175 1985/1702/2177
f 1951/1701/2176 1985/1702/2177 1952/1703/2177
f 1952/1703/2177 1985/1702/2177 1986/1704/2178
f 1952/1703/2177 1986/1704/2178 1953/1705/2178
f 1953/1705/2178 1986/1704/2178 1987/1706/2179
f 1953/1705/2178 1987/1706/2179 1954/1707/2179
f 1954/1707/2179 1987/1706/2179 1988/1708/2180
f 1954/1707/2179 1988/1708/2180 1955/1709/2180
f 1955/1710/2180 1988/1711/2180 1989/1712/2181
f 1955/1710/2180 1989/1712/2181 1956/1713/2181
f 1956/1713/2181 1989/1712/2181 1990/1714/2182
f 1956/1713/2181 1990/1714/2182 1957/1715/2182
f 1957/1715/2182 1990/1714/2182 1991/1716/2183
f 1957/1715/2182 1991/1716/2183 1958/1717/2183
f 1958/1717/2183 1991/1716/2183 1992/1718/2184
f 1958/1717/2183 1992/1718/2184 1959/1719/2184
f 1959/1719/2184 1992/1718/2184 1993/1720/2185
f 1959/1719/2184 1993/1720/2185 1960/1721/2186
f 1960/1721/2186 1993/1720/2185 1994/1722/113
f 1960/1721/2186 1994/1722/113 1961/1723/113
f 1961/1723/113 1994/1722/113 1995/1724/2187
f 1961/1723/113 1995/1724/2187 1962/1725/2187
f 1962/1725/2187 1995/1724/2187 1996/1726/2188
f 1962/1725/2187 1996/1726/2188 1963/1727/2188
f 1963/1727/2188 1996/1726/2188 1997/1728/2189
f 1963/1727/2188 1997/1728/2189 1964/1729/2189
f 1964/1729/2189 1997/1728/2189 1998/1730/2190
f 1964/1729/2189 1998/1730/2190 1965/1731/2190
f 1965/1731/2190 1998/1730/2190 1999/1732/2191
f 1965/1731/2190 1999/1732/2191 1966/1733/2191
f 1966/1733/2191 1999/1732/2191 2000/1734/2192
f 1966/1733/2191 2000/1734/2192 1967/1735/2192
f 1967/1735/2192 2000/1734/2192 2001/1736/2193
f 1967/1735/2192 2001/1736/2193 1968/1737/2193
f 1968/1737/2193 2001/1736/2193 2002/1738/2194
f 1968/1737/2193 2002/1738/2194 1969/1739/2194
f 1969/1739/2194 2002/1738/2194 2003/1740/2195
f 1969/1739/2194 2003/1740/2195 1970/1741/2195
f 1970/1741/2195 2003/1740/2195 2004/1742/2196
f 1970/1741/2195 2004/1742/2196 1971/1675/2163
f 1971/1675/2163 2004/1742/2196 1972/1676/268
f 2004/1743/2070 1704/1744/2070 1972/1140/2070
f 1972/1140/2070 1704/1744/2070 1703/58/2070
f 1972/1140/2070 1703/58/2070 1736/1745/2070
f 1704/1744/2070 2004/1743/2070 1705/1746/2070
f 1705/1746/2070 2004/1743/2070 2003/1747/2070
f 1705/1746/2070 2003/1747/2070 1706/1748/2070
f 1706/1748/2070 2003/1747/2070 2002/1749/2070
f 1706/1748/2070 2002/1749/2070 1707/1750/2070
f 1707/1750/2070 2002/1749/2070 2001/1751/2070
f 1707/1750/2070 2001/1751/2070 1708/1752/2070
f 1708/1752/2070 2001/1751/2070 2000/1753/2070
f 1708/1752/2070 2000/1753/2070 1709/1754/2070
f 1709/1754/2070 2000/1753/2070 1999/1755/2070
f 1709/1754/2070 1999/1755/2070 1710/1756/2070
f 1710/1756/2070 1999/1755/2070 1998/1757/2070
f 1710/1756/2070 1998/1757/2070 1711/1758/2070
f 1711/1758/2070 1998/1757/2070 1997/1759/2070
f 1711/1758/2070 1997/1759/2070 1712/1760/2070
f 1712/1760/2070 1997/1759/2070 1996/1761/2070
f 1712/1760/2070 1996/1761/2070 1713/1762/2070
f 1713/1762/2070 1996/1761/2070 1995/1763/2070
f 1713/1762/2070 1995/1763/2070 1714/1764/2070
f 1714/1764/2070 1995/1763/2070 1994/1765/2070
f 1714/1764/2070 1994/1765/2070 1715/1766/2070
f 1715/1766/2070 1994/1765/2070 1993/1767/2070
f 1715/1766/2070 1993/1767/2070 1716/1768/2070
f 1716/1768/2070 1993/1767/2070 1992/1769/2070
f 1716/1768/2070 1992/1769/2070 1717/1770/2070
f 1717/1770/2070 1992/1769/2070 1991/1771/2070
f 1717/1770/2070 1991/1771/2070 1718/1772/2070
f 1718/1772/2070 1991/1771/2070 1990/1773/2070
f 1718/1772/2070 1990/1773/2070 1719/1774/2070
f 1719/1774/2070 1990/1773/2070 1989/1775/2070
f 1719/1774/2070 1989/1775/2070 1720/1776/2070
f 1720/1776/2070 1989/1775/2070 1988/1777/2070
f 1720/1776/2070 1988/1777/2070 1721/1778/2070
f 1721/1778/2070 1988/1777/2070 1987/1779/2070
f 1721/1778/2070 1987/1779/2070 1722/1780/2070
f 1722/1780/2070 1987/1779/2070 1986/1781/2070
f 1722/1780/2070 1986/1781/2070 1723/1782/2070
f 1723/1782/2070 1986/1781/2070 1985/1783/2070
f 1723/1782/2070 1985/1783/2070 1724/1784/2070
f 1724/1784/2070 1985/1783/2070 1984/1785/2070
f 1724/1784/2070 1984/1785/2070 1725/1786/2070
f 1725/1786/2070 1984/1785/2070 1983/1787/2070
f 1725/1786/2070 1983/1787/2070 1726/1788/2070
f 1726/1788/2070 1983/1787/2070 1982/1789/2070
f 1726/1788/2070 1982/1789/2070 1727/1790/2070
f 1727/1790/2070 1982/1789/2070 1981/1791/2070
f 1727/1790/2070 1981/1791/2070 1728/1792/2070
f 1728/1792/2070 1981/1791/2070 1980/1793/2070
f 1728/1792/2070 1980/1793/2070 1729/1794/2070
f 1729/1794/2070 1980/1793/2070 1979/1795/2070
f 1729/1794/2070 1979/1795/2070 1730/1796/2070
f 1730/1796/2070 1979/1795/2070 1978/1797/2070
f 1730/1796/2070 1978/1797/2070 1731/1798/2070
f 1731/1798/2070 1978/1797/2070 1977/1799/2070
f 1731/1798/2070 1977/1799/2070 1732/1800/2070
f 1732/1800/2070 1977/1799/2070 1976/1801/2070
f 1732/1800/2070 1976/1801/2070 1733/1802/2070
f 1733/1802/2070 1976/1801/2070 1975/1803/2070
f 1733/1802/2070 1975/1803/2070 1734/1804/2070
f 1734/1804/2070 1975/1803/2070 1974/1805/2070
f 1734/1804/2070 1974/1805/2070 1735/1806/2070
f 1735/1806/2070 1974/1805/2070 1973/1807/2070
f 1735/1806/2070 1973/1807/2070 1736/1745/2070
f 1736/1745/2070 1973/1807/2070 1972/1140/2070
f 2005/1808/2197 2006/58/2197 2007/1809/2197
f 2008/1810/2198 2009/58/2198 2010/1811/2198
f 2012/1812/2199 2010/1813/2199 2011/1814/2199
f 2011/1814/2199 2010/1813/2199 2009/1815/2199
f 2008/1816/2200 2010/1817/2201 2016/1818/2202
f 2016/1818/2202 2010/1817/2201 2013/1819/2203
f 2016/1818/2202 2013/1819/2203 2015/1820/2204
f 2015/1820/2204 2013/1819/2203 2014/1821/2205
f 2015/1820/2204 2014/1821/2205 2007/1822/2206
f 2007/1822/2206 2006/1823/2207 2015/1820/2204
f 2018/1824/2208 2009/1825/2208 2017/1826/2208
f 2017/1826/2208 2009/1825/2208 2008/1827/2208
f 2019/1828/2209 2020/1829/2209 2007/1830/2209
f 2007/1830/2209 2020/1829/2209 2005/1831/2209
f 2022/1832/1664 2006/1833/1664 2021/1834/1664
f 2021/1834/1664 2006/1833/1664 2005/1835/1664
f 2011/1836/2210 2009/1837/2210 2023/1838/2210
f 2023/1838/2210 2009/1837/2210 2018/1839/2210
f 2008/1840/94 2016/1841/94 2017/1842/94
f 2017/1842/94 2016/1841/94 2015/1843/94
f 2017/1842/94 2015/1843/94 2022/1844/94
f 2022/1844/94 2015/1843/94 2006/1845/94
f 2024/1846/2211 2025/58/2211 2026/1847/2211
f 2027/1848/2212 2028/58/2212 2029/1849/2212
f 2030/1850/2213 2031/1851/2213 2028/1852/2213
f 2028/1852/2213 2031/1851/2213 2029/1853/2213
f 2033/1854/2214 2027/1855/2214 2032/1856/2214
f 2032/1856/2214 2027/1855/2214 2029/1857/2214
f 2028/1858/2215 2027/1859/2216 2037/1860/2217
f 2037/1860/2217 2027/1859/2216 2034/1861/2218
f 2037/1860/2217 2034/1861/2218 2036/1862/2219
f 2036/1862/2219 2034/1861/2218 2035/1863/2220
f 2036/1862/2219 2035/1863/2220 2026/1864/2221
f 2026/1864/2221 2025/1865/2222 2036/1862/2219
f 2038/1866/2223 2039/1867/2223 2026/1815/2223
f 2026/1815/2223 2039/1867/2223 2024/1813/2223
f 2041/1868/2224 2025/1869/2224 2040/1870/2224
f 2040/1870/2224 2025/1869/2224 2024/1871/2224
f 2032/1872/2225 2029/1873/2225 2031/1874/2225
f 2030/1875/94 2028/1876/94 2041/1877/94
f 2041/1877/94 2028/1876/94 2037/1878/94
f 2041/1877/94 2037/1878/94 2036/1879/94
f 2036/1879/94 2025/1880/94 2041/1877/94
f 2042/1881/2226 2043/58/2226 2044/1882/2226
f 2045/1883/2227 2046/58/2227 2047/1884/2227
f 2049/1812/2228 2047/1813/2228 2048/1885/2228
f 2048/1885/2228 2047/1813/2228 2046/1815/2228
f 2045/1886/2229 2047/1887/2230 2053/1888/2231
f 2053/1888/2231 2047/1887/2230 2050/1889/2232
f 2053/1888/2231 2050/1889/2232 2051/1890/2233
f 2053/1888/2231 2051/1890/2233 2052/1891/2234
f 2052/1891/2234 2051/1890/2233 2044/1892/2235
f 2052/1891/2234 2044/1892/2235 2043/1893/2236
f 2054/1894/2237 2055/1895/2237 2045/1896/2237
f 2045/1896/2237 2055/1895/2237 2046/1897/2237
f 2056/1898/2238 2057/1899/2238 2044/1857/2238
f 2044/1857/2238 2057/1899/2238 2042/1855/2238
f 2059/1900/2239 2043/1901/2239 2058/1902/2239
f 2058/1902/2239 2043/1901/2239 2042/1903/2239
f 2060/1904/2240 2061/1905/2240 2067/1906/2241
f 2067/1906/2241 2061/1905/2240 2062/1907/2241
f 2067/1906/2241 2062/1907/2241 2063/1908/2242
f 2067/1906/2241 2063/1908/2242 2066/1909/2242
f 2066/1909/2242 2063/1908/2242 2064/1910/2243
f 2066/1909/2242 2064/1910/2243 2065/1911/2243
f 2065/1911/2243 2064/1910/2243 2058/1912/2239
f 2058/1912/2239 2064/1910/2243 2059/1913/2239
f 2068/1914/2244 2069/1915/2244 2081/1916/2245
f 2081/1916/2245 2069/1915/2244 2070/1917/2245
f 2081/1916/2245 2070/1917/2245 2080/1918/2246
f 2080/1918/2246 2070/1917/2245 2071/1919/2246
f 2080/1918/2246 2071/1919/2246 2079/1920/2247
f 2079/1920/2247 2071/1919/2246 2072/1921/2247
f 2079/1920/2247 2072/1921/2247 2078/1922/2248
f 2078/1922/2248 2072/1921/2247 2073/1923/2248
f 2078/1922/2248 2073/1923/2248 2077/1924/2249
f 2077/1924/2249 2073/1923/2248 2074/1925/2249
f 2077/1924/2249 2074/1925/2249 2076/1926/2250
f 2076/1926/2250 2074/1925/2249 2075/1927/2250
f 2076/1926/2250 2075/1927/2250 2060/1928/2240
f 2060/1928/2240 2075/1927/2250 2061/1929/2240
f 2082/1904/2239 2083/1905/2251 2089/1906/2252
f 2089/1906/2252 2083/1905/2251 2084/1907/2252
f 2089/1906/2252 2084/1907/2252 2085/1908/2253
f 2089/1906/2252 2085/1908/2253 2088/1909/2253
f 2088/1909/2253 2085/1908/2253 2086/1910/2254
f 2088/1909/2253 2086/1910/2254 2087/1911/2255
f 2087/1911/2255 2086/1910/2254 2068/1912/2244
f 2068/1912/2244 2086/1910/2254 2069/1913/2244
f 2082/1930/2239 2090/1931/2239 2083/1932/2251
f 2083/1932/2251 2090/1931/2239 2091/1933/2239
f 2083/1932/2251 2091/1933/2239 2092/1934/2239
f 2048/1935/2256 2046/1837/2256 2093/1936/2256
f 2093/1936/2256 2046/1837/2256 2055/1937/2256
f 2045/1938/94 2073/1939/94 2054/1940/94
f 2054/1940/94 2073/1939/94 2072/1941/94
f 2054/1940/94 2072/1941/94 2071/1942/94
f 2053/1943/94 2059/1944/94 2045/1938/94
f 2045/1938/94 2059/1944/94 2061/1945/94
f 2045/1938/94 2061/1945/94 2075/1946/94
f 2053/1943/94 2052/1947/94 2059/1944/94
f 2059/1944/94 2052/1947/94 2043/1948/94
f 2064/1949/94 2063/1950/94 2059/1944/94
f 2059/1944/94 2063/1950/94 2062/1951/94
f 2059/1944/94 2062/1951/94 2061/1945/94
f 2075/1946/94 2074/1952/94 2045/1938/94
f 2045/1938/94 2074/1952/94 2073/1939/94
f 2071/1942/94 2070/1953/94 2054/1940/94
f 2054/1940/94 2070/1953/94 2083/1954/94
f 2054/1940/94 2083/1954/94 2092/1955/94
f 2070/1953/94 2069/1956/94 2083/1954/94
f 2083/1954/94 2069/1956/94 2084/1957/94
f 2084/1957/94 2069/1956/94 2085/1958/94
f 2085/1958/94 2069/1956/94 2086/1959/94
f 2094/1960/2257 2095/58/2257 2096/1961/2257
f 2097/1962/2258 2098/58/2258 2099/1963/2258
f 2101/1964/2259 2099/1831/2259 2100/1965/2259
f 2100/1965/2259 2099/1831/2259 2098/1830/2259
f 2097/1966/2260 2099/1967/2261 2105/1968/2262
f 2105/1968/2262 2099/1967/2261 2102/1969/2263
f 2105/1968/2262 2102/1969/2263 2103/1970/2264
f 2105/1968/2262 2103/1970/2264 2104/1971/2265
f 2104/1971/2265 2103/1970/2264 2096/1972/2266
f 2104/1971/2265 2096/1972/2266 2095/1973/2267
f 2106/1974/2268 2107/1975/2268 2097/1976/2268
f 2097/1976/2268 2107/1975/2268 2098/1977/2268
f 2108/1866/2269 2109/1978/2269 2096/1815/2269
f 2096/1815/2269 2109/1978/2269 2094/1813/2269
f 2111/1979/2270 2095/1980/2270 2110/1981/2270
f 2110/1981/2270 2095/1980/2270 2094/1982/2270
f 2100/1983/148 2098/1984/148 2112/1985/148
f 2112/1985/148 2098/1984/148 2107/1986/148
f 2097/1987/94 2105/1988/94 2106/1989/94
f 2106/1989/94 2105/1988/94 2111/1990/94
f 2111/1990/94 2105/1988/94 2104/1991/94
f 2111/1990/94 2104/1991/94 2095/1992/94
f 2060/1993/2271 2067/1994/2272 2117/1995/2273
f 2117/1995/2273 2067/1994/2272 2116/1996/2274
f 2116/1996/2274 2067/1994/2272 2066/1997/2275
f 2116/1996/2274 2066/1997/2275 2115/1998/2276
f 2115/1998/2276 2066/1997/2275 2065/1999/2277
f 2115/1998/2276 2065/1999/2277 2114/2000/2278
f 2114/2000/2278 2065/1999/2277 2113/2001/2279
f 2113/2001/2279 2065/1999/2277 2058/2002/2279
f 2125/2003/2280 2068/2004/2280 2124/2005/2281
f 2124/2005/2281 2068/2004/2280 2081/2006/2282
f 2124/2005/2281 2081/2006/2282 2123/2007/2283
f 2123/2007/2283 2081/2006/2282 2080/2008/2284
f 2123/2007/2283 2080/2008/2284 2122/2009/2285
f 2122/2009/2285 2080/2008/2284 2079/2010/2286
f 2122/2009/2285 2079/2010/2286 2121/2011/2287
f 2121/2011/2287 2079/2010/2286 2078/2012/2288
f 2121/2011/2287 2078/2012/2288 2120/2013/2289
f 2120/2013/2289 2078/2012/2288 2077/2014/2290
f 2120/2013/2289 2077/2014/2290 2119/2015/2291
f 2119/2015/2291 2077/2014/2290 2076/2016/2292
f 2119/2015/2291 2076/2016/2292 2118/2017/2293
f 2118/2017/2293 2076/2016/2292 2060/2018/2271
f 2118/2017/2293 2060/2018/2271 2117/2019/2273
f 2129/2020/2279 2082/2021/2294 2128/2022/2295
f 2128/2022/2295 2082/2021/2294 2089/2023/2296
f 2128/2022/2295 2089/2023/2296 2088/2024/2297
f 2087/2025/2298 2126/2026/2299 2088/2024/2297
f 2088/2024/2297 2126/2026/2299 2127/2027/2300
f 2088/2024/2297 2127/2027/2300 2128/2022/2295
f 2068/2028/2280 2125/2029/2280 2087/2025/2298
f 2087/2025/2298 2125/2029/2280 2126/2026/2299
f 2090/2030/2279 2082/2031/2294 2131/2032/2279
f 2131/2032/2279 2082/2031/2294 2130/2033/2279
f 2130/2033/2279 2082/2031/2294 2129/2034/2279
f 2133/2035/2301 2178/2036/126 2132/2037/2302
f 2132/2037/2302 2178/2036/126 2179/2038/129
f 2132/2037/2302 2179/2038/129 2168/2039/2303
f 2168/2039/2303 2179/2038/129 2180/2040/265
f 2168/2039/2303 2180/2040/265 2167/2041/266
f 2167/2041/266 2180/2040/265 2181/2042/268
f 2167/2041/266 2181/2042/268 2166/2043/2304
f 2166/2044/2304 2181/2045/268 2165/2046/2305
f 2165/2046/2305 2181/2045/268 2182/2047/136
f 2165/2046/2305 2182/2047/136 2164/2048/2306
f 2164/2048/2306 2182/2047/136 2163/2049/2307
f 2163/2049/2307 2182/2047/136 2183/2050/138
f 2163/2049/2307 2183/2050/138 2162/2051/2308
f 2162/2051/2308 2183/2050/138 2184/2052/140
f 2162/2051/2308 2184/2052/140 2161/2053/2309
f 2161/2053/2309 2184/2052/140 2160/2054/2310
f 2160/2054/2310 2184/2052/140 2185/2055/143
f 2160/2054/2310 2185/2055/143 2159/2056/2311
f 2159/2056/2311 2185/2055/143 2158/2057/2312
f 2158/2057/2312 2185/2055/143 2186/2058/145
f 2158/2057/2312 2186/2058/145 2157/2059/2313
f 2157/2059/2313 2186/2058/145 2156/2060/2314
f 2156/2060/2314 2186/2058/145 2187/2061/148
f 2156/2060/2314 2187/2061/148 2155/2062/2315
f 2155/2062/2315 2187/2061/148 2188/2063/151
f 2155/2062/2315 2188/2063/151 2154/2064/2316
f 2154/2064/2316 2188/2063/151 2189/2065/95
f 2154/2064/2316 2189/2065/95 2153/2066/2317
f 2153/2066/2317 2189/2065/95 2152/2067/2318
f 2152/2067/2318 2189/2065/95 2190/2068/2319
f 2152/2067/2318 2190/2068/2319 2151/2069/2320
f 2151/2069/2320 2190/2068/2319 2191/2070/100
f 2151/2069/2320 2191/2070/100 2150/2071/2321
f 2150/2071/2321 2191/2070/100 2192/2072/102
f 2150/2071/2321 2192/2072/102 2149/2073/2322
f 2149/2073/2322 2192/2072/102 2169/2074/105
f 2149/2073/2322 2169/2074/105 2148/2075/2323
f 2148/2075/2323 2169/2074/105 2170/2076/107
f 2148/2075/2323 2170/2076/107 2147/2077/2324
f 2147/2077/2324 2170/2076/107 2146/2078/2325
f 2146/2078/2325 2170/2076/107 2171/2079/109
f 2146/2078/2325 2171/2079/109 2145/2080/2326
f 2145/2080/2326 2171/2079/109 2144/2081/2327
f 2144/2081/2327 2171/2079/109 2172/2082/111
f 2144/2081/2327 2172/2082/111 2143/2083/2328
f 2143/2083/2328 2172/2082/111 2142/2084/2329
f 2142/2084/2329 2172/2082/111 2173/2085/113
f 2142/2084/2329 2173/2085/113 2141/2086/2330
f 2141/2086/2330 2173/2085/113 2140/2087/2331
f 2140/2087/2331 2173/2085/113 2174/2088/115
f 2140/2087/2331 2174/2088/115 2139/2089/2332
f 2139/2089/2332 2174/2088/115 2175/2090/117
f 2139/2089/2332 2175/2090/117 2138/2091/2333
f 2138/2091/2333 2175/2090/117 2137/2092/2334
f 2137/2092/2334 2175/2090/117 2176/2093/120
f 2137/2092/2334 2176/2093/120 2136/2094/2335
f 2136/2094/2335 2176/2093/120 2135/2095/2336
f 2135/2095/2336 2176/2093/120 2177/2096/123
f 2135/2095/2336 2177/2096/123 2134/2097/2337
f 2134/2097/2337 2177/2096/123 2133/2035/2301
f 2133/2035/2301 2177/2096/123 2178/2036/126
f 2192/2098/94 2182/2099/94 2169/2100/94
f 2169/2100/94 2182/2099/94 2181/2101/94
f 2169/2100/94 2181/2101/94 2170/2102/94
f 2170/2102/94 2181/2101/94 2180/2103/94
f 2170/2102/94 2180/2103/94 2171/2104/94
f 2171/2104/94 2180/2103/94 2179/2105/94
f 2171/2104/94 2179/2105/94 2172/2106/94
f 2172/2106/94 2179/2105/94 2178/2107/94
f 2172/2106/94 2178/2107/94 2173/2108/94
f 2173/2108/94 2178/2107/94 2177/2109/94
f 2173/2108/94 2177/2109/94 2174/2110/94
f 2174/2110/94 2177/2109/94 2176/2111/94
f 2174/2110/94 2176/2111/94 2175/2112/94
f 2182/2099/94 2192/2098/94 2183/2113/94
f 2183/2113/94 2192/2098/94 2191/2114/94
f 2183/2113/94 2191/2114/94 2184/2115/94
f 2184/2115/94 2191/2114/94 2190/2116/94
f 2184/2115/94 2190/2116/94 2185/2117/94
f 2185/2117/94 2190/2116/94 2189/2118/94
f 2185/2117/94 2189/2118/94 2186/2119/94
f 2186/2119/94 2189/2118/94 2188/2120/94
f 2186/2119/94 2188/2120/94 2187/2121/94
f 2194/2122/2338 2237/2038/129 2193/2123/2339
f 2193/2123/2339 2237/2038/129 2238/2040/265
f 2193/2123/2339 2238/2040/265 2226/2124/2340
f 2226/2124/2340 2238/2040/265 2239/2042/268
f 2226/2124/2340 2239/2042/268 2225/2125/2341
f 2225/2126/2341 2239/2045/268 2240/2047/136
f 2225/2126/2341 2240/2047/136 2224/2127/2342
f 2224/2127/2342 2240/2047/136 2241/2050/138
f 2224/2127/2342 2241/2050/138 2223/2128/2343
f 2223/2128/2343 2241/2050/138 2242/2052/140
f 2223/2128/2343 2242/2052/140 2222/2129/2344
f 2222/2129/2344 2242/2052/140 2221/2130/2345
f 2221/2130/2345 2242/2052/140 2243/2055/143
f 2221/2130/2345 2243/2055/143 2220/2131/2346
f 2220/2131/2346 2243/2055/143 2219/2132/2347
f 2219/2132/2347 2243/2055/143 2244/2058/145
f 2219/2132/2347 2244/2058/145 2218/2133/2348
f 2218/2133/2348 2244/2058/145 2217/2134/2349
f 2217/2134/2349 2244/2058/145 2245/2061/148
f 2217/2134/2349 2245/2061/148 2216/2135/2350
f 2216/2135/2350 2245/2061/148 2246/2063/151
f 2216/2135/2350 2246/2063/151 2215/2136/2351
f 2215/2136/2351 2246/2063/151 2214/2137/2352
f 2214/2137/2352 2246/2063/151 2247/2065/95
f 2214/2137/2352 2247/2065/95 2213/2138/2353
f 2213/2138/2353 2247/2065/95 2248/2068/96
f 2213/2138/2353 2248/2068/96 2212/2139/2354
f 2212/2139/2354 2248/2068/96 2249/2070/100
f 2212/2139/2354 2249/2070/100 2211/2140/2355
f 2211/2140/2355 2249/2070/100 2250/2072/102
f 2211/2140/2355 2250/2072/102 2210/2141/2356
f 2210/2141/2356 2250/2072/102 2209/2142/2357
f 2209/2142/2357 2250/2072/102 2227/2074/105
f 2209/2142/2357 2227/2074/105 2208/2143/2358
f 2208/2143/2358 2227/2074/105 2228/2076/107
f 2208/2143/2358 2228/2076/107 2207/2144/2359
f 2207/2144/2359 2228/2076/107 2229/2079/109
f 2207/2144/2359 2229/2079/109 2206/2145/2360
f 2206/2145/2360 2229/2079/109 2230/2082/111
f 2206/2145/2360 2230/2082/111 2205/2146/2361
f 2205/2146/2361 2230/2082/111 2204/2147/2362
f 2204/2147/2362 2230/2082/111 2231/2085/113
f 2204/2147/2362 2231/2085/113 2203/2148/2363
f 2203/2148/2363 2231/2085/113 2232/2088/115
f 2203/2148/2363 2232/2088/115 2202/2149/2364
f 2202/2149/2364 2232/2088/115 2201/2150/2365
f 2201/2150/2365 2232/2088/115 2233/2090/117
f 2201/2150/2365 2233/2090/117 2200/2151/2366
f 2200/2151/2366 2233/2090/117 2199/2152/2367
f 2199/2152/2367 2233/2090/117 2234/2093/120
f 2199/2152/2367 2234/2093/120 2198/2153/2368
f 2198/2153/2368 2234/2093/120 2197/2154/2369
f 2197/2154/2369 2234/2093/120 2235/2096/123
f 2197/2154/2369 2235/2096/123 2196/2155/2370
f 2196/2155/2370 2235/2096/123 2236/2036/126
f 2196/2155/2370 2236/2036/126 2195/2156/2371
f 2195/2156/2371 2236/2036/126 2237/2038/129
f 2195/2156/2371 2237/2038/129 2194/2122/2338
f 2250/2098/94 2240/2099/94 2227/2100/94
f 2227/2100/94 2240/2099/94 2239/2101/94
f 2227/2100/94 2239/2101/94 2228/2102/94
f 2228/2102/94 2239/2101/94 2238/2103/94
f 2228/2102/94 2238/2103/94 2229/2104/94
f 2229/2104/94 2238/2103/94 2237/2105/94
f 2229/2104/94 2237/2105/94 2230/2106/94
f 2230/2106/94 2237/2105/94 2236/2107/94
f 2230/2106/94 2236/2107/94 2231/2108/94
f 2231/2108/94 2236/2107/94 2235/2109/94
f 2231/2108/94 2235/2109/94 2232/2110/94
f 2232/2110/94 2235/2109/94 2234/2111/94
f 2232/2110/94 2234/2111/94 2233/2112/94
f 2240/2099/94 2250/2098/94 2241/2113/94
f 2241/2113/94 2250/2098/94 2249/2114/94
f 2241/2113/94 2249/2114/94 2242/2115/94
f 2242/2115/94 2249/2114/94 2248/2116/94
f 2242/2115/94 2248/2116/94 2243/2117/94
f 2243/2117/94 2248/2116/94 2247/2118/94
f 2243/2117/94 2247/2118/94 2244/2119/94
f 2244/2119/94 2247/2118/94 2246/2120/94
f 2244/2119/94 2246/2120/94 2245/2121/94
f 2264/2157/268 2251/2158/268 2263/2159/136
f 2263/2159/136 2251/2158/268 2252/2160/136
f 2263/2159/136 2252/2160/136 2262/2161/138
f 2262/2161/138 2252/2160/136 2253/2162/138
f 2262/2161/138 2253/2162/138 2261/58/140
f 2261/58/140 2253/2162/138 2254/2163/140
f 2261/58/140 2254/2163/140 2260/2164/143
f 2260/2164/143 2254/2163/140 2255/2165/143
f 2260/2164/143 2255/2165/143 2259/2166/145
f 2259/2166/145 2255/2165/143 2256/2167/145
f 2259/2166/145 2256/2167/145 2258/2168/148
f 2258/2168/148 2256/2167/145 2257/2169/148
f 2020/2170/268 2265/2171/268 2005/2172/268
f 2005/2172/268 2265/2171/268 2021/2173/268
f 2010/2174/2372 2012/2175/2372 2013/2176/2373
f 2013/2176/2373 2012/2175/2372 2266/2177/2373
f 2013/2176/2373 2266/2177/2373 2267/2178/2374
f 2019/2179/2375 2007/2180/2375 2267/2178/2374
f 2267/2178/2374 2007/2180/2375 2014/2181/2374
f 2267/2178/2374 2014/2181/2374 2013/2176/2373
f 2039/2182/2376 2268/2183/2376 2024/2184/2376
f 2024/2184/2376 2268/2183/2376 2040/2185/2376
f 2027/2186/2377 2033/2187/2377 2034/2188/2378
f 2034/2188/2378 2033/2187/2377 2269/2189/2378
f 2034/2188/2378 2269/2189/2378 2035/2190/2379
f 2035/2190/2379 2269/2189/2378 2270/2191/2379
f 2035/2190/2379 2270/2191/2379 2026/2192/2380
f 2026/2192/2380 2270/2191/2379 2038/2193/2380
f 2109/2194/2381 2271/2195/2381 2094/2184/2381
f 2094/2184/2381 2271/2195/2381 2110/2196/2381
f 2099/2197/2382 2101/2198/2382 2102/2199/2383
f 2102/2199/2383 2101/2198/2382 2272/2200/2383
f 2102/2199/2383 2272/2200/2383 2273/2201/2384
f 2108/2202/2385 2096/2203/2385 2273/2201/2384
f 2273/2201/2384 2096/2203/2385 2103/2204/2384
f 2273/2201/2384 2103/2204/2384 2102/2199/2383
f 2047/2205/2386 2049/2206/2387 2050/2207/2388
f 2050/2207/2388 2049/2206/2387 2274/2208/2388
f 2050/2207/2388 2274/2208/2388 2051/2209/2389
f 2051/2209/2389 2274/2208/2388 2275/2210/2389
f 2051/2209/2389 2275/2210/2389 2044/2211/2390
f 2044/2211/2390 2275/2210/2389 2056/2212/2390
f 2057/2213/2279 2113/2214/2279 2042/2215/2279
f 2042/2215/2279 2113/2214/2279 2058/2216/2279
f 2112/2217/2391 2278/2218/2392 2100/2219/2393
f 2100/2219/2393 2278/2218/2392 2279/2220/2394
f 2100/2219/2393 2279/2220/2394 2280/2221/2395
f 2278/2218/2392 2112/2217/2391 2277/2222/2396
f 2277/2222/2396 2112/2217/2391 2107/2223/2397
f 2277/2222/2396 2107/2223/2397 2276/2224/2392
f 2276/2224/2392 2107/2223/2397 2106/2225/2398
f 2280/2221/2395 2281/2226/2399 2100/2219/2393
f 2100/2219/2393 2281/2226/2399 2101/2227/2400
f 2265/2228/2401 2286/2229/2402 2021/2230/2403
f 2021/2230/2403 2286/2229/2402 2287/58/2404
f 2021/2230/2403 2287/58/2404 2022/2231/2405
f 2286/2229/2402 2265/2228/2401 2285/2232/2404
f 2285/2232/2404 2265/2228/2401 2020/2233/2406
f 2285/2232/2404 2020/2233/2406 2284/2234/2407
f 2284/2234/2407 2020/2233/2406 2283/2235/2408
f 2283/2235/2408 2020/2233/2406 2282/2236/2409
f 2282/2236/2409 2020/2233/2406 2019/2237/2410
f 2268/2238/2411 2295/2239/2412 2040/2240/2413
f 2040/2240/2413 2295/2239/2412 2296/2241/2414
f 2040/2240/2413 2296/2241/2414 2041/2242/2415
f 2041/2242/2415 2296/2241/2414 2017/2243/2416
f 2017/2243/2416 2296/2241/2414 2018/2244/2417
f 2018/2244/2417 2296/2241/2414 2295/2239/2412
f 2018/2244/2417 2295/2239/2412 2294/2245/2418
f 2294/2245/2418 2295/2239/2412 2268/2238/2411
f 2294/2245/2418 2268/2238/2411 2298/2246/2419
f 2298/2246/2419 2268/2238/2411 2297/2247/2420
f 2298/2246/2419 2297/2247/2420 2023/2248/2421
f 2023/2248/2421 2297/2247/2420 2011/2249/2422
f 2011/2249/2422 2297/2247/2420 2291/2250/2423
f 2011/2249/2422 2291/2250/2423 2292/2251/2424
f 2268/2238/2411 2039/2252/2425 2297/2247/2420
f 2297/2247/2420 2039/2252/2425 2291/2250/2423
f 2038/2253/2426 2288/2254/2427 2039/2252/2425
f 2039/2252/2425 2288/2254/2427 2289/2255/2428
f 2039/2252/2425 2289/2255/2428 2290/2256/2429
f 2290/2256/2429 2291/2250/2423 2039/2252/2425
f 2292/2251/2424 2293/2257/2430 2011/2249/2422
f 2011/2249/2422 2293/2257/2430 2012/2258/2431
f 2298/2246/2419 2023/2248/2421 2294/2245/2418
f 2294/2245/2418 2023/2248/2421 2018/2244/2417
f 2133/2259/2432 2132/2260/2433 2310/2261/2434
f 2310/2261/2434 2132/2260/2433 2168/2262/2435
f 2310/2261/2434 2168/2262/2435 2167/2263/2436
f 2310/2261/2434 2167/2263/2436 2302/2264/2437
f 2302/2264/2437 2167/2263/2436 2166/2265/2438
f 2302/2264/2437 2166/2265/2438 2165/2266/2439
f 2165/2266/2439 2164/2267/2440 2302/2264/2437
f 2302/2264/2437 2164/2267/2440 2163/2268/2441
f 2302/2264/2437 2163/2268/2441 2162/2269/2442
f 2162/2269/2442 2161/2270/2443 2302/2264/2437
f 2302/2264/2437 2161/2270/2443 2160/2271/2444
f 2302/2264/2437 2160/2271/2444 2159/2272/2445
f 2158/2273/2446 2057/2274/2447 2159/2272/2445
f 2159/2272/2445 2057/2274/2447 2301/2275/2448
f 2159/2272/2445 2301/2275/2448 2302/2264/2437
f 2158/2273/2446 2157/2276/2449 2057/2274/2447
f 2057/2274/2447 2157/2276/2449 2113/2277/2450
f 2113/2277/2450 2157/2276/2449 2156/2278/2451
f 2113/2277/2450 2156/2278/2451 2114/2279/2452
f 2114/2279/2452 2156/2278/2451 2115/2280/2453
f 2115/2280/2453 2156/2278/2451 2320/2281/2454
f 2115/2280/2453 2320/2281/2454 2116/2282/2455
f 2116/2282/2455 2320/2281/2454 2117/2283/2456
f 2117/2283/2456 2320/2281/2454 2118/2284/2457
f 2118/2284/2457 2320/2281/2454 2119/2285/2458
f 2119/2285/2458 2320/2281/2454 2318/2286/2459
f 2119/2285/2458 2318/2286/2459 2122/2287/2460
f 2122/2287/2460 2318/2286/2459 2123/2288/2461
f 2123/2288/2461 2318/2286/2459 2124/2289/2462
f 2124/2289/2462 2318/2286/2459 2125/2290/2463
f 2125/2290/2463 2318/2286/2459 2126/2291/2464
f 2126/2291/2464 2318/2286/2459 2150/2292/2465
f 2126/2291/2464 2150/2292/2465 2127/2293/2466
f 2127/2293/2466 2150/2292/2465 2149/2294/2467
f 2127/2293/2466 2149/2294/2467 2128/2295/2468
f 2128/2295/2468 2149/2294/2467 2319/2296/2469
f 2128/2295/2468 2319/2296/2469 2317/2297/2470
f 2317/2297/2470 2319/2296/2469 2316/2298/2471
f 2317/2297/2470 2316/2298/2471 2309/2299/2472
f 2309/2299/2472 2316/2298/2471 2326/2300/2473
f 2309/2299/2472 2326/2300/2473 2335/2301/2474
f 2335/2301/2474 2326/2300/2473 2334/2302/2475
f 2335/2301/2474 2334/2302/2475 2308/2303/2476
f 2308/2303/2476 2334/2302/2475 2321/2304/2477
f 2308/2303/2476 2321/2304/2477 2131/2305/2478
f 2131/2305/2478 2321/2304/2477 2252/2306/2479
f 2131/2305/2478 2252/2306/2479 2090/2307/2480
f 2090/2307/2480 2252/2306/2479 2091/2308/2481
f 2091/2308/2481 2252/2306/2479 2251/2309/2482
f 2091/2308/2481 2251/2309/2482 2092/2310/2483
f 2156/2278/2451 2155/2311/2484 2320/2281/2454
f 2320/2281/2454 2155/2311/2484 2154/2312/2485
f 2320/2281/2454 2154/2312/2485 2153/2313/2486
f 2153/2313/2486 2152/2314/2487 2320/2281/2454
f 2320/2281/2454 2152/2314/2487 2318/2286/2459
f 2152/2314/2487 2151/2315/2488 2318/2286/2459
f 2318/2286/2459 2151/2315/2488 2150/2292/2465
f 2149/2294/2467 2148/2316/2489 2319/2296/2469
f 2319/2296/2469 2148/2316/2489 2147/2317/2490
f 2319/2296/2469 2147/2317/2490 2146/2318/2491
f 2319/2296/2469 2146/2318/2491 2316/2298/2471
f 2316/2298/2471 2146/2318/2491 2145/2319/2492
f 2316/2298/2471 2145/2319/2492 2144/2320/2493
f 2144/2320/2493 2143/2321/2494 2316/2298/2471
f 2316/2298/2471 2143/2321/2494 2142/2322/2495
f 2316/2298/2471 2142/2322/2495 2315/2323/2496
f 2315/2323/2496 2142/2322/2495 2141/2324/2497
f 2315/2323/2496 2141/2324/2497 2140/2325/2498
f 2140/2325/2498 2139/2326/2499 2315/2323/2496
f 2315/2323/2496 2139/2326/2499 2314/2327/2500
f 2315/2323/2496 2314/2327/2500 2327/2328/2501
f 2327/2328/2501 2314/2327/2500 2328/2329/2502
f 2327/2328/2501 2328/2329/2502 2333/2330/2503
f 2333/2330/2503 2328/2329/2502 2332/2331/2504
f 2333/2330/2503 2332/2331/2504 2322/2332/2505
f 2322/2332/2505 2332/2331/2504 2323/2333/2506
f 2322/2332/2505 2323/2333/2506 2218/2334/2507
f 2218/2334/2507 2323/2333/2506 2219/2335/2508
f 2219/2335/2508 2323/2333/2506 2220/2336/2509
f 2220/2336/2509 2323/2333/2506 2221/2337/2510
f 2221/2337/2510 2323/2333/2506 2324/2338/2511
f 2221/2337/2510 2324/2338/2511 2222/2339/2512
f 2222/2339/2512 2324/2338/2511 2223/2340/2513
f 2223/2340/2513 2324/2338/2511 2224/2341/2514
f 2224/2341/2514 2324/2338/2511 2325/2342/2515
f 2224/2341/2514 2325/2342/2515 2225/2343/2516
f 2225/2343/2516 2325/2342/2515 2226/2344/2517
f 2226/2344/2517 2325/2342/2515 2193/2345/2518
f 2193/2345/2518 2325/2342/2515 2194/2346/2519
f 2194/2346/2519 2325/2342/2515 2195/2347/2520
f 2195/2347/2520 2325/2342/2515 2031/2348/2521
f 2195/2347/2520 2031/2348/2521 2196/2349/2522
f 2196/2349/2522 2031/2348/2521 2030/2350/2523
f 2196/2349/2522 2030/2350/2523 2197/2351/2524
f 2197/2351/2524 2030/2350/2523 2198/2352/2525
f 2198/2352/2525 2030/2350/2523 2199/2353/2526
f 2199/2353/2526 2030/2350/2523 2257/2354/2527
f 2199/2353/2526 2257/2354/2527 2200/2355/2528
f 2200/2355/2528 2257/2354/2527 2201/2356/2529
f 2201/2356/2529 2257/2354/2527 2202/2357/2530
f 2202/2357/2530 2257/2354/2527 2203/2358/2531
f 2203/2358/2531 2257/2354/2527 2204/2359/2532
f 2204/2359/2532 2257/2354/2527 2205/2360/2533
f 2205/2360/2533 2257/2354/2527 2256/2361/2534
f 2205/2360/2533 2256/2361/2534 2206/2362/2535
f 2206/2362/2535 2256/2361/2534 2255/2363/2536
f 2206/2362/2535 2255/2363/2536 2207/2364/2537
f 2207/2364/2537 2255/2363/2536 2208/2365/2538
f 2208/2365/2538 2255/2363/2536 2254/2366/2539
f 2208/2365/2538 2254/2366/2539 2209/2367/2540
f 2209/2367/2540 2254/2366/2539 2210/2368/2541
f 2210/2368/2541 2254/2366/2539 2253/2369/2542
f 2210/2368/2541 2253/2369/2542 2211/2370/2543
f 2211/2370/2543 2253/2369/2542 2212/2371/2544
f 2212/2371/2544 2253/2369/2542 2252/2306/2479
f 2212/2371/2544 2252/2306/2479 2213/2372/2545
f 2213/2372/2545 2252/2306/2479 2321/2304/2477
f 2213/2372/2545 2321/2304/2477 2214/2373/2546
f 2214/2373/2546 2321/2304/2477 2322/2332/2505
f 2214/2373/2546 2322/2332/2505 2215/2374/2547
f 2215/2374/2547 2322/2332/2505 2216/2375/2548
f 2216/2375/2548 2322/2332/2505 2217/2376/2549
f 2217/2376/2549 2322/2332/2505 2218/2334/2507
f 2139/2326/2499 2138/2377/2550 2314/2327/2500
f 2314/2327/2500 2138/2377/2550 2137/2378/2551
f 2314/2327/2500 2137/2378/2551 2313/2379/2552
f 2313/2379/2552 2137/2378/2551 2136/2380/2553
f 2313/2379/2552 2136/2380/2553 2135/2381/2554
f 2135/2381/2554 2134/2382/2555 2313/2379/2552
f 2313/2379/2552 2134/2382/2555 2133/2259/2432
f 2313/2379/2552 2133/2259/2432 2310/2261/2434
f 2131/2305/2478 2130/2383/2556 2308/2303/2476
f 2308/2303/2476 2130/2383/2556 2335/2301/2474
f 2335/2301/2474 2130/2383/2556 2309/2299/2472
f 2309/2299/2472 2130/2383/2556 2129/2384/2557
f 2309/2299/2472 2129/2384/2557 2317/2297/2470
f 2317/2297/2470 2129/2384/2557 2128/2295/2468
f 2121/2385/2558 2120/2386/2559 2122/2287/2460
f 2122/2287/2460 2120/2386/2559 2119/2285/2458
f 2056/2387/2560 2299/2388/2561 2057/2274/2447
f 2057/2274/2447 2299/2388/2561 2300/2389/2562
f 2057/2274/2447 2300/2389/2562 2301/2275/2448
f 2310/2261/2434 2302/2264/2437 2311/2390/2563
f 2311/2390/2563 2302/2264/2437 2303/2391/2564
f 2311/2390/2563 2303/2391/2564 2307/2392/2565
f 2307/2392/2565 2303/2391/2564 2032/2393/2566
f 2307/2392/2565 2032/2393/2566 2031/2348/2521
f 2303/2391/2564 2304/2394/2567 2032/2393/2566
f 2032/2393/2566 2304/2394/2567 2305/2395/2568
f 2032/2393/2566 2305/2395/2568 2033/2396/2569
f 2031/2348/2521 2325/2342/2515 2306/2397/2570
f 2306/2397/2570 2325/2342/2515 2324/2338/2511
f 2306/2397/2570 2324/2338/2511 2331/2398/2571
f 2331/2398/2571 2324/2338/2511 2323/2333/2506
f 2331/2398/2571 2323/2333/2506 2332/2331/2504
f 2307/2392/2565 2330/2399/2572 2312/2400/2573
f 2312/2400/2573 2330/2399/2572 2329/2401/2574
f 2312/2400/2573 2329/2401/2574 2313/2379/2552
f 2313/2379/2552 2329/2401/2574 2328/2329/2502
f 2313/2379/2552 2328/2329/2502 2314/2327/2500
f 2312/2400/2573 2313/2379/2552 2311/2390/2563
f 2311/2390/2563 2313/2379/2552 2310/2261/2434
f 2311/2390/2563 2307/2392/2565 2312/2400/2573
f 2326/2300/2473 2316/2298/2471 2315/2323/2496
f 2326/2300/2473 2315/2323/2496 2327/2328/2501
f 2333/2330/2503 2322/2332/2505 2321/2304/2477
f 2333/2330/2503 2321/2304/2477 2334/2302/2475
f 2031/2348/2521 2306/2397/2570 2330/2399/2572
f 2330/2399/2572 2306/2397/2570 2331/2398/2571
f 2330/2399/2572 2331/2398/2571 2329/2401/2574
f 2329/2401/2574 2331/2398/2571 2332/2331/2504
f 2329/2401/2574 2332/2331/2504 2328/2329/2502
f 2333/2330/2503 2334/2302/2475 2327/2328/2501
f 2327/2328/2501 2334/2302/2475 2326/2300/2473
f 2330/2399/2572 2307/2392/2565 2031/2348/2521
f 2337/2402/2575 2344/2403/2576 2336/2404/2577
f 2336/2404/2577 2344/2403/2576 2109/2405/2578
f 2336/2404/2577 2109/2405/2578 2341/2406/2579
f 2341/2406/2579 2109/2405/2578 2340/2407/2580
f 2340/2407/2580 2109/2405/2578 2108/2408/2581
f 2338/2409/2582 2048/2410/2583 2337/2402/2575
f 2337/2402/2575 2048/2410/2583 2343/2411/2584
f 2337/2402/2575 2343/2411/2584 2344/2403/2576
f 2344/2403/2576 2343/2411/2584 2093/2412/2585
f 2344/2403/2576 2093/2412/2585 2345/2413/2586
f 2345/2413/2586 2093/2412/2585 2055/2414/2587
f 2345/2413/2586 2055/2414/2587 2342/2415/2588
f 2342/2415/2588 2055/2414/2587 2346/2416/2589
f 2342/2415/2588 2346/2416/2589 2271/2417/2590
f 2271/2417/2590 2346/2416/2589 2110/2418/2591
f 2110/2418/2591 2346/2416/2589 2055/2414/2587
f 2110/2418/2591 2055/2414/2587 2054/2419/2592
f 2338/2409/2582 2339/2420/2593 2048/2410/2583
f 2048/2410/2583 2339/2420/2593 2049/2421/2594
f 2048/2410/2583 2093/2412/2585 2343/2411/2584
f 2054/2419/2592 2111/2422/2595 2110/2418/2591
f 2109/2405/2578 2344/2403/2576 2271/2417/2590
f 2271/2417/2590 2344/2403/2576 2345/2413/2586
f 2271/2417/2590 2345/2413/2586 2342/2415/2588
f 2347/58/2596 2348/2423/2596 2349/2424/2596
f 2350/58/2597 2351/2425/2597 2352/2426/2597
f 2353/2427/2598 2354/2428/2598 2352/2429/2598
f 2352/2429/2598 2354/2428/2598 2350/2430/2598
f 2351/2431/2599 2355/2432/2600 2352/2433/2601
f 2352/2433/2601 2355/2432/2600 2358/2434/2602
f 2358/2434/2602 2355/2432/2600 2356/2435/2603
f 2358/2434/2602 2356/2435/2603 2357/2436/2604
f 2357/2436/2604 2356/2435/2603 2349/2437/2605
f 2349/2437/2605 2356/2435/2603 2347/2438/2606
f 2359/2439/2607 2360/2440/2607 2350/2441/2607
f 2350/2441/2607 2360/2440/2607 2351/2442/2607
f 2362/2443/2608 2349/2444/2608 2361/2445/2608
f 2361/2445/2608 2349/2444/2608 2348/2446/2608
f 2363/2447/1664 2364/2448/1664 2347/2449/1664
f 2347/2449/1664 2364/2448/1664 2348/2450/1664
f 2354/2451/2609 2365/2452/2609 2350/2184/2609
f 2350/2184/2609 2365/2452/2609 2359/2453/2609
f 2351/2454/94 2360/2455/94 2355/2456/94
f 2355/2456/94 2360/2455/94 2356/2457/94
f 2356/2457/94 2360/2455/94 2363/2458/94
f 2356/2457/94 2363/2458/94 2347/2459/94
f 2366/58/2610 2367/2460/2610 2368/2461/2610
f 2369/58/2611 2370/2462/2611 2371/2463/2611
f 2373/2464/2612 2369/2465/2612 2372/2466/2612
f 2372/2466/2612 2369/2465/2612 2371/2467/2612
f 2374/2468/2613 2375/2469/2613 2370/2470/2613
f 2370/2470/2613 2375/2469/2613 2371/2471/2613
f 2369/2472/2614 2376/2473/2615 2370/2474/2616
f 2370/2474/2616 2376/2473/2615 2379/2475/2617
f 2379/2475/2617 2376/2473/2615 2377/2476/2618
f 2379/2475/2617 2377/2476/2618 2378/2477/2619
f 2378/2477/2619 2377/2476/2618 2368/2478/2620
f 2368/2478/2620 2377/2476/2618 2366/2479/2621
f 2381/2480/2622 2368/2430/2622 2380/2481/2622
f 2380/2481/2622 2368/2430/2622 2367/2429/2622
f 2382/2482/2623 2383/2483/2623 2366/2484/2623
f 2366/2484/2623 2383/2483/2623 2367/2485/2623
f 2371/2215/2624 2375/2486/2624 2372/2487/2624
f 2373/2488/94 2382/2489/94 2369/2490/94
f 2369/2490/94 2382/2489/94 2376/2491/94
f 2376/2491/94 2382/2489/94 2377/2492/94
f 2377/2492/94 2382/2489/94 2366/2493/94
f 2384/58/2625 2385/2494/2625 2386/2495/2625
f 2387/58/2626 2388/2496/2626 2389/2497/2626
f 2390/2427/2627 2391/2498/2627 2389/2429/2627
f 2389/2429/2627 2391/2498/2627 2387/2430/2627
f 2388/2499/2628 2392/2500/2629 2389/2501/2630
f 2389/2501/2630 2392/2500/2629 2395/2502/2631
f 2395/2502/2631 2392/2500/2629 2394/2503/2632
f 2394/2503/2632 2392/2500/2629 2393/2504/2633
f 2394/2503/2632 2393/2504/2633 2386/2505/2634
f 2386/2505/2634 2393/2504/2633 2384/2506/2635
f 2397/2507/2636 2388/2508/2636 2396/2509/2636
f 2396/2509/2636 2388/2508/2636 2387/2510/2636
f 2399/2511/2637 2386/2471/2637 2398/2512/2637
f 2398/2512/2637 2386/2471/2637 2385/2470/2637
f 2400/2513/2638 2401/2514/2638 2384/2515/2638
f 2384/2515/2638 2401/2514/2638 2385/2516/2638
f 2402/1904/2639 2403/1905/2639 2409/1906/2640
f 2409/1906/2640 2403/1905/2639 2404/1907/2640
f 2409/1906/2640 2404/1907/2640 2405/1908/2641
f 2409/1906/2640 2405/1908/2641 2408/1909/2641
f 2408/1909/2641 2405/1908/2641 2406/1910/2642
f 2408/1909/2641 2406/1910/2642 2407/1911/2642
f 2407/1911/2642 2406/1910/2642 2400/1912/2638
f 2400/1912/2638 2406/1910/2642 2401/1913/2638
f 2410/1914/2643 2411/1915/2643 2423/1916/2644
f 2423/1916/2644 2411/1915/2643 2412/1917/2644
f 2423/1916/2644 2412/1917/2644 2422/1918/2645
f 2422/1918/2645 2412/1917/2644 2413/1919/2645
f 2422/1918/2645 2413/1919/2645 2421/1920/2646
f 2421/1920/2646 2413/1919/2645 2414/1921/2646
f 2421/1920/2646 2414/1921/2646 2420/1922/2647
f 2420/1922/2647 2414/1921/2646 2415/1923/2647
f 2420/1922/2647 2415/1923/2647 2419/1924/2648
f 2419/1924/2648 2415/1923/2647 2416/1925/2648
f 2419/1924/2648 2416/1925/2648 2418/1926/2649
f 2418/1926/2649 2416/1925/2648 2417/1927/2649
f 2418/1926/2649 2417/1927/2649 2402/1928/2639
f 2402/1928/2639 2417/1927/2649 2403/1929/2639
f 2424/1904/2638 2425/1905/2650 2431/1906/2651
f 2431/1906/2651 2425/1905/2650 2426/1907/2651
f 2431/1906/2651 2426/1907/2651 2427/1908/2652
f 2431/1906/2651 2427/1908/2652 2430/1909/2652
f 2430/1909/2652 2427/1908/2652 2428/1910/2653
f 2430/1909/2652 2428/1910/2653 2429/1911/2653
f 2429/1911/2653 2428/1910/2653 2410/1912/2643
f 2410/1912/2643 2428/1910/2653 2411/1913/2643
f 2432/2517/2638 2433/2518/2638 2424/2519/2638
f 2424/2519/2638 2433/2518/2638 2434/2520/2638
f 2424/2519/2638 2434/2520/2638 2425/2521/2650
f 2391/2522/2654 2435/2523/2654 2387/2184/2654
f 2387/2184/2654 2435/2523/2654 2396/2524/2654
f 2397/2525/94 2420/2526/94 2388/2527/94
f 2388/2527/94 2420/2526/94 2419/2528/94
f 2388/2527/94 2419/2528/94 2418/2529/94
f 2432/2530/94 2424/2531/94 2397/2525/94
f 2397/2525/94 2424/2531/94 2423/2532/94
f 2397/2525/94 2423/2532/94 2422/2533/94
f 2423/2532/94 2424/2531/94 2410/2534/94
f 2410/2534/94 2424/2531/94 2431/2535/94
f 2410/2534/94 2431/2535/94 2430/2536/94
f 2430/2536/94 2429/2537/94 2410/2534/94
f 2422/2533/94 2421/2538/94 2397/2525/94
f 2397/2525/94 2421/2538/94 2420/2526/94
f 2418/2529/94 2402/2539/94 2388/2527/94
f 2388/2527/94 2402/2539/94 2400/2540/94
f 2388/2527/94 2400/2540/94 2392/2541/94
f 2392/2541/94 2400/2540/94 2393/2542/94
f 2393/2542/94 2400/2540/94 2384/2543/94
f 2402/2539/94 2409/2544/94 2400/2540/94
f 2400/2540/94 2409/2544/94 2408/2545/94
f 2400/2540/94 2408/2545/94 2407/2546/94
f 2436/58/2655 2437/2547/2655 2438/2548/2655
f 2439/58/2656 2440/2549/2656 2441/2550/2656
f 2442/2551/2657 2443/2552/2657 2441/2446/2657
f 2441/2446/2657 2443/2552/2657 2439/2444/2657
f 2440/2553/2658 2444/2554/2659 2441/2555/2660
f 2441/2555/2660 2444/2554/2659 2447/2556/2661
f 2447/2556/2661 2444/2554/2659 2446/2557/2662
f 2446/2557/2662 2444/2554/2659 2445/2558/2663
f 2446/2557/2662 2445/2558/2663 2438/2559/2664
f 2438/2559/2664 2445/2558/2663 2436/2560/2665
f 2449/2561/2666 2440/2562/2666 2448/2563/2666
f 2448/2563/2666 2440/2562/2666 2439/2564/2666
f 2451/2480/2667 2438/2430/2667 2450/2565/2667
f 2450/2565/2667 2438/2430/2667 2437/2429/2667
f 2452/2566/2668 2453/2567/2668 2436/2568/2668
f 2436/2568/2668 2453/2567/2668 2437/2569/2668
f 2443/2570/117 2454/2571/117 2439/2572/117
f 2439/2572/117 2454/2571/117 2448/2573/117
f 2440/2574/94 2449/2575/94 2444/2576/94
f 2444/2576/94 2449/2575/94 2452/2577/94
f 2444/2576/94 2452/2577/94 2445/2578/94
f 2445/2578/94 2452/2577/94 2436/2579/94
f 2401/2021/2669 2406/2023/2670 2459/2580/2669
f 2459/2580/2669 2406/2023/2670 2458/2581/2671
f 2458/2581/2671 2406/2023/2670 2457/2582/2672
f 2457/2582/2672 2406/2023/2670 2405/2024/2673
f 2457/2582/2672 2405/2024/2673 2456/2583/2674
f 2456/2583/2674 2405/2024/2673 2404/2025/2675
f 2456/2583/2674 2404/2025/2675 2455/2584/2676
f 2455/2584/2676 2404/2025/2675 2403/2028/2676
f 2455/2585/2676 2403/2586/2676 2467/2587/2677
f 2467/2587/2677 2403/2586/2676 2417/2588/2678
f 2467/2587/2677 2417/2588/2678 2466/2589/2679
f 2466/2589/2679 2417/2588/2678 2416/2590/2680
f 2466/2589/2679 2416/2590/2680 2465/2591/2681
f 2465/2591/2681 2416/2590/2680 2415/2592/2682
f 2465/2591/2681 2415/2592/2682 2464/2593/2683
f 2464/2593/2683 2415/2592/2682 2414/2594/2684
f 2464/2593/2683 2414/2594/2684 2463/2595/2685
f 2463/2595/2685 2414/2594/2684 2413/2596/2686
f 2463/2595/2685 2413/2596/2686 2462/2597/2687
f 2462/2597/2687 2413/2596/2686 2412/2598/2688
f 2462/2597/2687 2412/2598/2688 2461/2599/2689
f 2461/2599/2689 2412/2598/2688 2460/2600/2690
f 2460/2600/2690 2412/2598/2688 2411/2601/2690
f 2411/1993/2690 2428/1994/2691 2460/2602/2690
f 2460/2602/2690 2428/1994/2691 2471/2603/2692
f 2471/2603/2692 2428/1994/2691 2427/1997/2693
f 2471/2603/2692 2427/1997/2693 2470/2604/2694
f 2470/2604/2694 2427/1997/2693 2426/1999/2695
f 2470/2604/2694 2426/1999/2695 2469/2605/2696
f 2469/2605/2696 2426/1999/2695 2425/2002/2669
f 2469/2605/2696 2425/2002/2669 2468/2606/2669
f 2434/2607/2669 2472/2608/2669 2425/2609/2669
f 2425/2609/2669 2472/2608/2669 2473/2610/2669
f 2425/2609/2669 2473/2610/2669 2468/2611/2669
f 2475/2612/2697 2525/2613/138 2474/2614/2698
f 2474/2614/2698 2525/2613/138 2526/2615/140
f 2474/2614/2698 2526/2615/140 2510/2616/2699
f 2510/2616/2699 2526/2615/140 2527/2617/143
f 2510/2616/2699 2527/2617/143 2509/2618/2700
f 2509/2618/2700 2527/2617/143 2508/2619/2701
f 2508/2619/2701 2527/2617/143 2528/2620/145
f 2508/2619/2701 2528/2620/145 2507/2621/2702
f 2507/2621/2702 2528/2620/145 2506/2622/2703
f 2506/2622/2703 2528/2620/145 2529/2623/148
f 2506/2622/2703 2529/2623/148 2505/2624/2704
f 2505/2624/2704 2529/2623/148 2504/2625/2705
f 2504/2625/2705 2529/2623/148 2530/2626/151
f 2504/2625/2705 2530/2626/151 2503/2627/2706
f 2503/2627/2706 2530/2626/151 2531/2628/95
f 2503/2627/2706 2531/2628/95 2502/2629/2707
f 2502/2629/2707 2531/2628/95 2501/2630/2708
f 2501/2630/2708 2531/2628/95 2532/2631/96
f 2501/2630/2708 2532/2631/96 2500/2632/2709
f 2500/2632/2709 2532/2631/96 2499/2633/2710
f 2499/2633/2710 2532/2631/96 2533/2634/100
f 2499/2633/2710 2533/2634/100 2498/2635/2711
f 2498/2635/2711 2533/2634/100 2497/2636/2712
f 2497/2636/2712 2533/2634/100 2534/2637/102
f 2497/2636/2712 2534/2637/102 2496/2638/2713
f 2496/2638/2713 2534/2637/102 2495/2639/2714
f 2495/2639/2714 2534/2637/102 2511/2640/105
f 2495/2639/2714 2511/2640/105 2494/2641/2715
f 2494/2641/2715 2511/2640/105 2512/2642/107
f 2494/2641/2715 2512/2642/107 2493/2643/2716
f 2493/2643/2716 2512/2642/107 2513/2644/109
f 2493/2643/2716 2513/2644/109 2492/2645/2717
f 2492/2645/2717 2513/2644/109 2514/2646/2718
f 2492/2645/2717 2514/2646/2718 2491/2647/2719
f 2491/2647/2719 2514/2646/2718 2515/2648/113
f 2491/2647/2719 2515/2648/113 2490/2649/2720
f 2490/2649/2720 2515/2648/113 2489/2650/2721
f 2489/2650/2721 2515/2648/113 2516/2651/115
f 2489/2650/2721 2516/2651/115 2488/2652/2722
f 2488/2652/2722 2516/2651/115 2517/2653/117
f 2488/2652/2722 2517/2653/117 2487/2654/2723
f 2487/2654/2723 2517/2653/117 2518/2655/120
f 2487/2654/2723 2518/2655/120 2486/2656/2724
f 2486/2656/2724 2518/2655/120 2485/2657/2725
f 2485/2657/2725 2518/2655/120 2519/2658/123
f 2485/2657/2725 2519/2658/123 2484/2659/2726
f 2484/2659/2726 2519/2658/123 2483/2660/2727
f 2483/2660/2727 2519/2658/123 2520/2661/126
f 2483/2660/2727 2520/2661/126 2482/2662/2728
f 2482/2662/2728 2520/2661/126 2481/2663/2729
f 2481/2663/2729 2520/2661/126 2521/2664/129
f 2481/2663/2729 2521/2664/129 2480/2665/2730
f 2480/2665/2730 2521/2664/129 2522/2666/265
f 2480/2665/2730 2522/2666/265 2479/2667/2731
f 2479/2667/2731 2522/2666/265 2478/2668/2732
f 2478/2668/2732 2522/2666/265 2523/2669/268
f 2478/2668/2732 2523/2669/268 2477/2670/2733
f 2477/2670/2733 2523/2669/268 2476/2671/2734
f 2476/2672/2734 2523/2673/268 2524/2674/136
f 2476/2672/2734 2524/2674/136 2475/2612/2697
f 2475/2612/2697 2524/2674/136 2525/2613/138
f 2534/2103/94 2524/2102/94 2511/2101/94
f 2511/2101/94 2524/2102/94 2523/2100/94
f 2511/2101/94 2523/2100/94 2512/2099/94
f 2512/2099/94 2523/2100/94 2522/2098/94
f 2512/2099/94 2522/2098/94 2513/2113/94
f 2513/2113/94 2522/2098/94 2521/2114/94
f 2513/2113/94 2521/2114/94 2514/2115/94
f 2514/2115/94 2521/2114/94 2520/2116/94
f 2514/2115/94 2520/2116/94 2515/2117/94
f 2515/2117/94 2520/2116/94 2519/2118/94
f 2515/2117/94 2519/2118/94 2516/2119/94
f 2516/2119/94 2519/2118/94 2518/2120/94
f 2516/2119/94 2518/2120/94 2517/2121/94
f 2524/2102/94 2534/2103/94 2525/2104/94
f 2525/2104/94 2534/2103/94 2533/2105/94
f 2525/2104/94 2533/2105/94 2526/2106/94
f 2526/2106/94 2533/2105/94 2532/2107/94
f 2526/2106/94 2532/2107/94 2527/2108/94
f 2527/2108/94 2532/2107/94 2531/2109/94
f 2527/2108/94 2531/2109/94 2528/2110/94
f 2528/2110/94 2531/2109/94 2530/2111/94
f 2528/2110/94 2530/2111/94 2529/2112/94
f 2536/2675/2735 2582/2674/136 2535/2676/2736
f 2535/2676/2736 2582/2674/136 2583/2613/138
f 2535/2676/2736 2583/2613/138 2568/2677/2737
f 2568/2677/2737 2583/2613/138 2567/2678/2738
f 2567/2678/2738 2583/2613/138 2584/2615/140
f 2567/2678/2738 2584/2615/140 2566/2679/2739
f 2566/2679/2739 2584/2615/140 2585/2617/143
f 2566/2679/2739 2585/2617/143 2565/2680/2740
f 2565/2680/2740 2585/2617/143 2586/2620/145
f 2565/2680/2740 2586/2620/145 2564/2681/2741
f 2564/2681/2741 2586/2620/145 2563/2682/2742
f 2563/2682/2742 2586/2620/145 2587/2623/148
f 2563/2682/2742 2587/2623/148 2562/2683/2743
f 2562/2683/2743 2587/2623/148 2561/2684/2744
f 2561/2684/2744 2587/2623/148 2588/2626/151
f 2561/2684/2744 2588/2626/151 2560/2685/2745
f 2560/2685/2745 2588/2626/151 2559/2686/2746
f 2559/2686/2746 2588/2626/151 2589/2628/95
f 2559/2686/2746 2589/2628/95 2558/2687/2747
f 2558/2687/2747 2589/2628/95 2590/2631/96
f 2558/2687/2747 2590/2631/96 2557/2688/2748
f 2557/2688/2748 2590/2631/96 2556/2689/2749
f 2556/2689/2749 2590/2631/96 2591/2634/100
f 2556/2689/2749 2591/2634/100 2555/2690/2750
f 2555/2690/2750 2591/2634/100 2592/2637/102
f 2555/2690/2750 2592/2637/102 2554/2691/2751
f 2554/2691/2751 2592/2637/102 2569/2640/105
f 2554/2691/2751 2569/2640/105 2553/2692/2752
f 2553/2692/2752 2569/2640/105 2570/2642/107
f 2553/2692/2752 2570/2642/107 2552/2693/2753
f 2552/2693/2753 2570/2642/107 2551/2694/2754
f 2551/2694/2754 2570/2642/107 2571/2644/109
f 2551/2694/2754 2571/2644/109 2550/2695/2755
f 2550/2695/2755 2571/2644/109 2572/2646/111
f 2550/2695/2755 2572/2646/111 2549/2696/2756
f 2549/2696/2756 2572/2646/111 2573/2648/113
f 2549/2696/2756 2573/2648/113 2548/2697/2757
f 2548/2697/2757 2573/2648/113 2574/2651/115
f 2548/2697/2757 2574/2651/115 2547/2698/2758
f 2547/2698/2758 2574/2651/115 2546/2699/2759
f 2546/2699/2759 2574/2651/115 2575/2653/117
f 2546/2699/2759 2575/2653/117 2545/2700/2760
f 2545/2700/2760 2575/2653/117 2576/2655/120
f 2545/2700/2760 2576/2655/120 2544/2701/2761
f 2544/2701/2761 2576/2655/120 2543/2702/2762
f 2543/2702/2762 2576/2655/120 2577/2658/123
f 2543/2702/2762 2577/2658/123 2542/2703/2763
f 2542/2703/2763 2577/2658/123 2541/2704/2764
f 2541/2704/2764 2577/2658/123 2578/2661/126
f 2541/2704/2764 2578/2661/126 2540/2705/2765
f 2540/2705/2765 2578/2661/126 2539/2706/2766
f 2539/2706/2766 2578/2661/126 2579/2664/129
f 2539/2706/2766 2579/2664/129 2538/2707/2767
f 2538/2707/2767 2579/2664/129 2580/2666/265
f 2538/2707/2767 2580/2666/265 2537/2708/2768
f 2537/2708/2768 2580/2666/265 2581/2669/268
f 2537/2708/2768 2581/2669/268 2536/2709/2735
f 2536/2675/2735 2581/2673/268 2582/2674/136
f 2592/2103/94 2582/2102/94 2569/2101/94
f 2569/2101/94 2582/2102/94 2581/2100/94
f 2569/2101/94 2581/2100/94 2570/2099/94
f 2570/2099/94 2581/2100/94 2580/2098/94
f 2570/2099/94 2580/2098/94 2571/2113/94
f 2571/2113/94 2580/2098/94 2579/2114/94
f 2571/2113/94 2579/2114/94 2572/2115/94
f 2572/2115/94 2579/2114/94 2578/2116/94
f 2572/2115/94 2578/2116/94 2573/2117/94
f 2573/2117/94 2578/2116/94 2577/2118/94
f 2573/2117/94 2577/2118/94 2574/2119/94
f 2574/2119/94 2577/2118/94 2576/2120/94
f 2574/2119/94 2576/2120/94 2575/2121/94
f 2582/2102/94 2592/2103/94 2583/2104/94
f 2583/2104/94 2592/2103/94 2591/2105/94
f 2583/2104/94 2591/2105/94 2584/2106/94
f 2584/2106/94 2591/2105/94 2590/2107/94
f 2584/2106/94 2590/2107/94 2585/2108/94
f 2585/2108/94 2590/2107/94 2589/2109/94
f 2585/2108/94 2589/2109/94 2586/2110/94
f 2586/2110/94 2589/2109/94 2588/2111/94
f 2586/2110/94 2588/2111/94 2587/2112/94
f 2594/2710/268 2432/2711/268 2593/2163/268
f 2593/2163/268 2432/2711/268 2397/2712/268
f 2593/2163/268 2397/2712/268 2452/2713/268
f 2593/2163/268 2452/2713/268 2595/2714/268
f 2595/2714/268 2452/2713/268 2449/2715/268
f 2595/2714/268 2449/2715/268 2276/2716/268
f 2276/2716/268 2106/2717/268 2595/2714/268
f 2595/2714/268 2106/2717/268 2111/2718/268
f 2595/2714/268 2111/2718/268 2264/2719/268
f 2264/2719/268 2111/2718/268 2054/2720/268
f 2264/2719/268 2054/2720/268 2092/2721/268
f 2092/2721/268 2251/2722/268 2264/2719/268
f 2607/2168/117 2596/2723/117 2606/2166/120
f 2606/2166/120 2596/2723/117 2597/2724/120
f 2606/2166/120 2597/2724/120 2605/2164/123
f 2605/2164/123 2597/2724/120 2598/2725/123
f 2605/2164/123 2598/2725/123 2604/58/126
f 2604/58/126 2598/2725/123 2599/2726/126
f 2604/58/126 2599/2726/126 2603/2161/129
f 2603/2161/129 2599/2726/126 2600/2727/129
f 2603/2161/129 2600/2727/129 2602/2159/265
f 2602/2159/265 2600/2727/129 2601/2728/265
f 2602/2159/265 2601/2728/265 2593/2157/268
f 2593/2157/268 2601/2728/265 2594/2729/268
f 2361/2730/268 2348/2731/268 2608/2732/268
f 2608/2732/268 2348/2731/268 2364/2733/268
f 2353/2734/931 2352/2735/931 2610/2736/2769
f 2610/2736/2769 2352/2735/931 2358/2737/2769
f 2610/2736/2769 2358/2737/2769 2357/2738/2770
f 2349/2739/2771 2362/2740/2771 2357/2738/2770
f 2357/2738/2770 2362/2740/2771 2609/2741/2770
f 2357/2738/2770 2609/2741/2770 2610/2736/2769
f 2380/2742/2772 2367/1837/2772 2611/2743/2772
f 2611/2743/2772 2367/1837/2772 2383/2744/2772
f 2374/2745/2773 2370/2746/2773 2613/2747/2774
f 2613/2747/2774 2370/2746/2773 2379/2748/2774
f 2613/2747/2774 2379/2748/2774 2612/2749/2775
f 2612/2749/2775 2379/2748/2774 2378/2750/2775
f 2612/2749/2775 2378/2750/2775 2381/2751/2776
f 2381/2751/2776 2378/2750/2775 2368/2752/2776
f 2450/2753/2777 2437/1837/2777 2614/2754/2777
f 2614/2754/2777 2437/1837/2777 2453/2755/2777
f 2442/2756/2778 2441/2757/2778 2616/2758/2779
f 2616/2758/2779 2441/2757/2778 2447/2759/2779
f 2616/2758/2779 2447/2759/2779 2446/2760/2780
f 2438/2761/2781 2451/2762/2781 2446/2760/2780
f 2446/2760/2780 2451/2762/2781 2615/2763/2780
f 2446/2760/2780 2615/2763/2780 2616/2758/2779
f 2390/2764/2782 2389/2765/2782 2618/2766/2783
f 2618/2766/2783 2389/2765/2782 2395/2767/2783
f 2618/2766/2783 2395/2767/2783 2617/2768/2784
f 2617/2768/2784 2395/2767/2783 2394/2769/2784
f 2617/2768/2784 2394/2769/2784 2399/2770/2785
f 2399/2770/2785 2394/2769/2784 2386/2771/2785
f 2398/2772/2669 2385/1873/2669 2459/2773/2669
f 2459/2773/2669 2385/1873/2669 2401/2774/2669
f 2454/2775/2786 2277/2776/2396 2448/2777/2787
f 2448/2777/2787 2277/2776/2396 2276/2778/2392
f 2448/2777/2787 2276/2778/2392 2449/2779/2398
f 2277/2776/2396 2454/2775/2786 2278/2780/2392
f 2278/2780/2392 2454/2775/2786 2443/2781/2788
f 2278/2780/2392 2443/2781/2788 2621/2782/2789
f 2621/2782/2789 2443/2781/2788 2620/2783/2790
f 2620/2783/2790 2443/2781/2788 2619/2784/2791
f 2619/2784/2791 2443/2781/2788 2442/2785/2792
f 2608/2786/2793 2624/2787/2794 2361/2788/2795
f 2361/2788/2795 2624/2787/2794 2625/2789/2796
f 2361/2788/2795 2625/2789/2796 2626/2790/2797
f 2624/2787/2794 2608/2786/2793 2623/2229/2798
f 2623/2229/2798 2608/2786/2793 2364/2791/2799
f 2623/2229/2798 2364/2791/2799 2622/58/2794
f 2622/58/2794 2364/2791/2799 2363/2792/2800
f 2626/2790/2797 2627/2793/2801 2361/2788/2795
f 2361/2788/2795 2627/2793/2801 2362/2794/2802
f 2611/2795/2803 2635/2796/2804 2380/2797/2805
f 2380/2797/2805 2635/2796/2804 2630/2798/2806
f 2380/2797/2805 2630/2798/2806 2631/2799/2807
f 2635/2796/2804 2611/2795/2803 2636/2800/2808
f 2636/2800/2808 2611/2795/2803 2383/2801/2809
f 2636/2800/2808 2383/2801/2809 2634/2802/2810
f 2634/2802/2810 2383/2801/2809 2637/2803/2811
f 2634/2802/2810 2637/2803/2811 2365/2804/2812
f 2365/2804/2812 2637/2803/2811 2359/2805/2813
f 2359/2805/2813 2637/2803/2811 2638/2806/2814
f 2359/2805/2813 2638/2806/2814 2360/2807/2815
f 2360/2807/2815 2638/2806/2814 2382/2808/2816
f 2382/2808/2816 2638/2806/2814 2383/2801/2809
f 2383/2801/2809 2638/2806/2814 2637/2803/2811
f 2354/2809/2817 2635/2796/2804 2365/2804/2812
f 2365/2804/2812 2635/2796/2804 2636/2800/2808
f 2365/2804/2812 2636/2800/2808 2634/2802/2810
f 2353/2810/2818 2628/2811/2819 2354/2809/2817
f 2354/2809/2817 2628/2811/2819 2629/2812/2820
f 2354/2809/2817 2629/2812/2820 2630/2798/2806
f 2631/2799/2807 2632/2813/2821 2380/2797/2805
f 2380/2797/2805 2632/2813/2821 2633/2814/2822
f 2380/2797/2805 2633/2814/2822 2381/2815/2823
f 2354/2809/2817 2630/2798/2806 2635/2796/2804
f 2475/2816/2824 2474/2817/2825 2655/2818/2826
f 2655/2818/2826 2474/2817/2825 2510/2819/2827
f 2655/2818/2826 2510/2819/2827 2650/2820/2828
f 2650/2820/2828 2510/2819/2827 2509/2821/2829
f 2650/2820/2828 2509/2821/2829 2508/2822/2830
f 2508/2822/2830 2507/2823/2831 2650/2820/2828
f 2650/2820/2828 2507/2823/2831 2506/2824/2832
f 2650/2820/2828 2506/2824/2832 2649/2825/2833
f 2649/2825/2833 2506/2824/2832 2505/2826/2834
f 2649/2825/2833 2505/2826/2834 2504/2827/2835
f 2649/2825/2833 2504/2827/2835 2648/2828/2836
f 2648/2828/2836 2504/2827/2835 2503/2829/2837
f 2648/2828/2836 2503/2829/2837 2502/2830/2838
f 2502/2830/2838 2501/2831/2839 2648/2828/2836
f 2648/2828/2836 2501/2831/2839 2646/2832/2840
f 2648/2828/2836 2646/2832/2840 2669/2833/2841
f 2669/2833/2841 2646/2832/2840 2670/2834/2842
f 2669/2833/2841 2670/2834/2842 2674/2835/2843
f 2674/2835/2843 2670/2834/2842 2673/2836/2844
f 2674/2835/2843 2673/2836/2844 2664/2837/2845
f 2664/2837/2845 2673/2836/2844 2665/2838/2846
f 2664/2837/2845 2665/2838/2846 2546/2839/2847
f 2546/2839/2847 2665/2838/2846 2547/2840/2848
f 2547/2840/2848 2665/2838/2846 2548/2841/2849
f 2548/2841/2849 2665/2838/2846 2549/2842/2850
f 2549/2842/2850 2665/2838/2846 2550/2843/2851
f 2550/2843/2851 2665/2838/2846 2600/2844/2852
f 2550/2843/2851 2600/2844/2852 2551/2845/2853
f 2551/2845/2853 2600/2844/2852 2552/2846/2854
f 2552/2846/2854 2600/2844/2852 2599/2847/2855
f 2552/2846/2854 2599/2847/2855 2553/2848/2856
f 2553/2848/2856 2599/2847/2855 2598/2849/2857
f 2553/2848/2856 2598/2849/2857 2554/2850/2858
f 2554/2850/2858 2598/2849/2857 2555/2851/2859
f 2555/2851/2859 2598/2849/2857 2556/2852/2860
f 2556/2852/2860 2598/2849/2857 2597/2853/2861
f 2556/2852/2860 2597/2853/2861 2557/2854/2862
f 2557/2854/2862 2597/2853/2861 2596/2855/2863
f 2557/2854/2862 2596/2855/2863 2558/2856/2864
f 2558/2856/2864 2596/2855/2863 2559/2857/2865
f 2559/2857/2865 2596/2855/2863 2560/2858/2866
f 2560/2858/2866 2596/2855/2863 2561/2859/2867
f 2561/2859/2867 2596/2855/2863 2562/2860/2868
f 2562/2860/2868 2596/2855/2863 2659/2861/2869
f 2562/2860/2868 2659/2861/2869 2563/2862/2870
f 2563/2862/2870 2659/2861/2869 2564/2863/2871
f 2564/2863/2871 2659/2861/2869 2565/2864/2872
f 2565/2864/2872 2659/2861/2869 2566/2865/2873
f 2566/2865/2873 2659/2861/2869 2567/2866/2874
f 2567/2866/2874 2659/2861/2869 2661/2867/2875
f 2567/2866/2874 2661/2867/2875 2568/2868/2876
f 2568/2868/2876 2661/2867/2875 2535/2869/2877
f 2535/2869/2877 2661/2867/2875 2536/2870/2878
f 2536/2870/2878 2661/2867/2875 2537/2871/2879
f 2537/2871/2879 2661/2867/2875 2662/2872/2880
f 2537/2871/2879 2662/2872/2880 2538/2873/2881
f 2538/2873/2881 2662/2872/2880 2539/2874/2882
f 2539/2874/2882 2662/2872/2880 2540/2875/2883
f 2540/2875/2883 2662/2872/2880 2541/2876/2884
f 2541/2876/2884 2662/2872/2880 2663/2877/2885
f 2541/2876/2884 2663/2877/2885 2542/2878/2886
f 2542/2878/2886 2663/2877/2885 2543/2879/2887
f 2543/2879/2887 2663/2877/2885 2544/2880/2888
f 2544/2880/2888 2663/2877/2885 2664/2837/2845
f 2544/2880/2888 2664/2837/2845 2545/2881/2889
f 2545/2881/2889 2664/2837/2845 2546/2839/2847
f 2501/2831/2839 2500/2882/2890 2646/2832/2840
f 2646/2832/2840 2500/2882/2890 2499/2883/2891
f 2646/2832/2840 2499/2883/2891 2498/2884/2892
f 2498/2884/2892 2497/2885/2893 2646/2832/2840
f 2646/2832/2840 2497/2885/2893 2657/2886/2894
f 2646/2832/2840 2657/2886/2894 2647/2887/2895
f 2647/2887/2895 2657/2886/2894 2469/2888/2896
f 2647/2887/2895 2469/2888/2896 2468/2889/2897
f 2497/2885/2893 2496/2890/2898 2657/2886/2894
f 2657/2886/2894 2496/2890/2898 2495/2891/2899
f 2657/2886/2894 2495/2891/2899 2494/2892/2900
f 2657/2886/2894 2494/2892/2900 2469/2888/2896
f 2469/2888/2896 2494/2892/2900 2493/2893/2901
f 2469/2888/2896 2493/2893/2901 2470/2894/2902
f 2470/2894/2902 2493/2893/2901 2471/2895/2903
f 2471/2895/2903 2493/2893/2901 2656/2896/2904
f 2471/2895/2903 2656/2896/2904 2460/2897/2905
f 2460/2897/2905 2656/2896/2904 2461/2898/2906
f 2461/2898/2906 2656/2896/2904 2462/2899/2907
f 2462/2899/2907 2656/2896/2904 2463/2900/2908
f 2463/2900/2908 2656/2896/2904 2466/2901/2909
f 2463/2900/2908 2466/2901/2909 2465/2902/2910
f 2493/2893/2901 2492/2903/2911 2656/2896/2904
f 2656/2896/2904 2492/2903/2911 2491/2904/2912
f 2656/2896/2904 2491/2904/2912 2658/2905/2913
f 2658/2905/2913 2491/2904/2912 2490/2906/2914
f 2658/2905/2913 2490/2906/2914 2489/2907/2915
f 2489/2907/2915 2488/2908/2916 2658/2905/2913
f 2658/2905/2913 2488/2908/2916 2455/2909/2917
f 2658/2905/2913 2455/2909/2917 2467/2910/2918
f 2488/2908/2916 2487/2911/2919 2455/2909/2917
f 2455/2909/2917 2487/2911/2919 2456/2912/2920
f 2456/2912/2920 2487/2911/2919 2457/2913/2921
f 2457/2913/2921 2487/2911/2919 2458/2914/2922
f 2458/2914/2922 2487/2911/2919 2459/2915/2923
f 2459/2915/2923 2487/2911/2919 2486/2916/2924
f 2459/2915/2923 2486/2916/2924 2398/2917/2925
f 2398/2917/2925 2486/2916/2924 2485/2918/2926
f 2398/2917/2925 2485/2918/2926 2484/2919/2927
f 2398/2917/2925 2484/2919/2927 2643/2920/2928
f 2643/2920/2928 2484/2919/2927 2483/2921/2929
f 2643/2920/2928 2483/2921/2929 2642/2922/2930
f 2642/2922/2930 2483/2921/2929 2482/2923/2931
f 2642/2922/2930 2482/2923/2931 2481/2924/2932
f 2481/2924/2932 2480/2925/2933 2642/2922/2930
f 2642/2922/2930 2480/2925/2933 2479/2926/2934
f 2642/2922/2930 2479/2926/2934 2478/2927/2935
f 2478/2927/2935 2477/2928/2936 2642/2922/2930
f 2642/2922/2930 2477/2928/2936 2476/2929/2937
f 2642/2922/2930 2476/2929/2937 2655/2818/2826
f 2655/2818/2826 2476/2929/2937 2475/2816/2824
f 2468/2889/2897 2473/2930/2938 2647/2887/2895
f 2647/2887/2895 2473/2930/2938 2671/2931/2939
f 2647/2887/2895 2671/2931/2939 2670/2834/2842
f 2670/2834/2842 2671/2931/2939 2673/2836/2844
f 2472/2932/2940 2666/2933/2941 2473/2930/2938
f 2473/2930/2938 2666/2933/2941 2672/2934/2942
f 2473/2930/2938 2672/2934/2942 2671/2931/2939
f 2671/2931/2939 2672/2934/2942 2673/2836/2844
f 2666/2933/2941 2472/2932/2940 2600/2844/2852
f 2600/2844/2852 2472/2932/2940 2434/2935/2943
f 2600/2844/2852 2434/2935/2943 2601/2936/2944
f 2601/2936/2944 2434/2935/2943 2433/2937/2945
f 2601/2936/2944 2433/2937/2945 2594/2938/2482
f 2594/2938/2482 2433/2937/2945 2432/2939/2483
f 2659/2861/2869 2596/2855/2863 2660/2940/2946
f 2660/2940/2946 2596/2855/2863 2373/2941/2947
f 2660/2940/2946 2373/2941/2947 2372/2942/2948
f 2375/2943/2949 2653/2944/2950 2372/2942/2948
f 2372/2942/2948 2653/2944/2950 2651/2945/2951
f 2372/2942/2948 2651/2945/2951 2677/2946/2952
f 2677/2946/2952 2651/2945/2951 2667/2947/2953
f 2677/2946/2952 2667/2947/2953 2676/2948/2954
f 2676/2948/2954 2667/2947/2953 2668/2949/2955
f 2676/2948/2954 2668/2949/2955 2675/2950/2956
f 2675/2950/2956 2668/2949/2955 2669/2833/2841
f 2675/2950/2956 2669/2833/2841 2674/2835/2843
f 2374/2951/2957 2639/2952/2958 2375/2943/2949
f 2375/2943/2949 2639/2952/2958 2640/2953/2959
f 2375/2943/2949 2640/2953/2959 2641/2954/2960
f 2642/2922/2930 2654/2955/2961 2641/2954/2960
f 2641/2954/2960 2654/2955/2961 2653/2944/2950
f 2641/2954/2960 2653/2944/2950 2375/2943/2949
f 2643/2920/2928 2644/2956/2962 2398/2917/2925
f 2398/2917/2925 2644/2956/2962 2645/2957/2963
f 2398/2917/2925 2645/2957/2963 2399/2958/2964
f 2467/2910/2918 2466/2901/2909 2658/2905/2913
f 2658/2905/2913 2466/2901/2909 2656/2896/2904
f 2465/2902/2910 2464/2959/2965 2463/2900/2908
f 2670/2834/2842 2646/2832/2840 2647/2887/2895
f 2669/2833/2841 2668/2949/2955 2648/2828/2836
f 2648/2828/2836 2668/2949/2955 2649/2825/2833
f 2650/2820/2828 2652/2960/2966 2655/2818/2826
f 2655/2818/2826 2652/2960/2966 2654/2955/2961
f 2655/2818/2826 2654/2955/2961 2642/2922/2930
f 2668/2949/2955 2667/2947/2953 2649/2825/2833
f 2649/2825/2833 2667/2947/2953 2650/2820/2828
f 2667/2947/2953 2651/2945/2951 2650/2820/2828
f 2650/2820/2828 2651/2945/2951 2652/2960/2966
f 2651/2945/2951 2653/2944/2950 2652/2960/2966
f 2652/2960/2966 2653/2944/2950 2654/2955/2961
f 2661/2867/2875 2659/2861/2869 2372/2942/2948
f 2372/2942/2948 2659/2861/2869 2660/2940/2946
f 2677/2946/2952 2676/2948/2954 2661/2867/2875
f 2661/2867/2875 2676/2948/2954 2662/2872/2880
f 2674/2835/2843 2664/2837/2845 2663/2877/2885
f 2676/2948/2954 2675/2950/2956 2662/2872/2880
f 2662/2872/2880 2675/2950/2956 2663/2877/2885
f 2675/2950/2956 2674/2835/2843 2663/2877/2885
f 2672/2934/2942 2666/2933/2941 2665/2838/2846
f 2665/2838/2846 2666/2933/2941 2600/2844/2852
f 2672/2934/2942 2665/2838/2846 2673/2836/2844
f 2677/2946/2952 2661/2867/2875 2372/2942/2948
f 2683/2961/2967 2678/2962/2968 2391/2963/2969
f 2391/2963/2969 2678/2962/2968 2679/2964/2970
f 2391/2963/2969 2679/2964/2970 2686/2965/2971
f 2686/2965/2971 2679/2964/2970 2685/2966/2972
f 2686/2965/2971 2685/2966/2972 2435/2967/2973
f 2435/2967/2973 2685/2966/2972 2687/2968/2974
f 2435/2967/2973 2687/2968/2974 2684/2969/2975
f 2684/2969/2975 2687/2968/2974 2614/2970/2976
f 2684/2969/2975 2614/2970/2976 2453/2971/2977
f 2685/2966/2972 2679/2964/2970 2450/2972/2978
f 2450/2972/2978 2679/2964/2970 2680/2973/2979
f 2450/2972/2978 2680/2973/2979 2681/2974/2980
f 2681/2974/2980 2451/2975/2981 2450/2972/2978
f 2450/2972/2978 2614/2970/2976 2685/2966/2972
f 2685/2966/2972 2614/2970/2976 2687/2968/2974
f 2452/2976/2595 2397/2977/2592 2453/2971/2977
f 2453/2971/2977 2397/2977/2592 2396/2978/2982
f 2453/2971/2977 2396/2978/2982 2688/2979/2983
f 2688/2979/2983 2396/2978/2982 2684/2969/2975
f 2688/2979/2983 2684/2969/2975 2453/2971/2977
f 2396/2978/2982 2435/2967/2973 2684/2969/2975
f 2435/2967/2973 2391/2963/2969 2686/2965/2971
f 2390/2980/2984 2682/2981/2985 2391/2963/2969
f 2391/2963/2969 2682/2981/2985 2683/2961/2967
f 2689/58/2986 2690/2423/2986 2691/2424/2986
f 2692/58/2987 2693/2425/2987 2694/2426/2987
f 2695/2427/2988 2696/2428/2988 2694/2429/2988
f 2694/2429/2988 2696/2428/2988 2692/2430/2988
f 2693/2431/2989 2697/2432/2990 2694/2433/2991
f 2694/2433/2991 2697/2432/2990 2700/2434/2992
f 2700/2434/2992 2697/2432/2990 2698/2435/2993
f 2700/2434/2992 2698/2435/2993 2699/2436/2994
f 2699/2436/2994 2698/2435/2993 2691/2437/2995
f 2691/2437/2995 2698/2435/2993 2689/2438/2996
f 2701/2439/2623 2702/2440/2623 2692/2441/2623
f 2692/2441/2623 2702/2440/2623 2693/2442/2623
f 2704/2443/2997 2691/2444/2997 2703/2445/2997
f 2703/2445/2997 2691/2444/2997 2690/2446/2997
f 2705/2447/1874 2706/2448/1874 2689/2449/1874
f 2689/2449/1874 2706/2448/1874 2690/2450/1874
f 2696/2451/2772 2707/2452/2772 2692/2184/2772
f 2692/2184/2772 2707/2452/2772 2701/2453/2772
f 2693/2454/94 2702/2455/94 2697/2456/94
f 2697/2456/94 2702/2455/94 2698/2457/94
f 2698/2457/94 2702/2455/94 2705/2458/94
f 2698/2457/94 2705/2458/94 2689/2459/94
f 2708/58/2998 2709/2460/2998 2710/2461/2998
f 2711/58/2999 2712/2462/2999 2713/2463/2999
f 2715/2464/2638 2711/2465/2638 2714/2466/2638
f 2714/2466/2638 2711/2465/2638 2713/2467/2638
f 2716/2468/3000 2717/2469/3000 2712/2470/3000
f 2712/2470/3000 2717/2469/3000 2713/2471/3000
f 2711/2472/3001 2718/2473/3002 2712/2474/3003
f 2712/2474/3003 2718/2473/3002 2721/2475/3004
f 2721/2475/3004 2718/2473/3002 2719/2476/3005
f 2721/2475/3004 2719/2476/3005 2720/2477/3006
f 2720/2477/3006 2719/2476/3005 2710/2478/3007
f 2710/2478/3007 2719/2476/3005 2708/2479/3008
f 2723/2480/3009 2710/2430/3009 2722/2481/3009
f 2722/2481/3009 2710/2430/3009 2709/2429/3009
f 2724/2482/2607 2725/2483/2607 2708/2484/2607
f 2708/2484/2607 2725/2483/2607 2709/2485/2607
f 2713/2215/2669 2717/2486/2669 2714/2487/2669
f 2715/2488/94 2724/2489/94 2711/2490/94
f 2711/2490/94 2724/2489/94 2718/2491/94
f 2718/2491/94 2724/2489/94 2719/2492/94
f 2719/2492/94 2724/2489/94 2708/2493/94
f 2726/58/3010 2727/2494/3010 2728/2495/3010
f 2729/58/3011 2730/2496/3011 2731/2497/3011
f 2732/2427/3012 2733/2498/3012 2731/2429/3012
f 2731/2429/3012 2733/2498/3012 2729/2430/3012
f 2730/2499/3013 2734/2500/3014 2731/2501/3015
f 2731/2501/3015 2734/2500/3014 2737/2502/3016
f 2737/2502/3016 2734/2500/3014 2736/2503/3017
f 2736/2503/3017 2734/2500/3014 2735/2504/3018
f 2736/2503/3017 2735/2504/3018 2728/2505/3019
f 2728/2505/3019 2735/2504/3018 2726/2506/3020
f 2739/2507/2668 2730/2508/2668 2738/2509/2668
f 2738/2509/2668 2730/2508/2668 2729/2510/2668
f 2741/2511/3021 2728/2471/3021 2740/2512/3021
f 2740/2512/3021 2728/2471/3021 2727/2470/3021
f 2742/2513/2612 2743/2514/2612 2726/2515/2612
f 2726/2515/2612 2743/2514/2612 2727/2516/2612
f 2744/1904/3022 2745/1905/3022 2751/1906/3023
f 2751/1906/3023 2745/1905/3022 2746/1907/3023
f 2751/1906/3023 2746/1907/3023 2747/1908/3024
f 2751/1906/3023 2747/1908/3024 2750/1909/3024
f 2750/1909/3024 2747/1908/3024 2748/1910/3025
f 2750/1909/3024 2748/1910/3025 2749/1911/3025
f 2749/1911/3025 2748/1910/3025 2742/1912/2612
f 2742/1912/2612 2748/1910/3025 2743/1913/2612
f 2752/1914/3026 2753/1915/3026 2765/1916/3027
f 2765/1916/3027 2753/1915/3026 2754/1917/3027
f 2765/1916/3027 2754/1917/3027 2764/1918/3028
f 2764/1918/3028 2754/1917/3027 2755/1919/3028
f 2764/1918/3028 2755/1919/3028 2763/1920/3029
f 2763/1920/3029 2755/1919/3028 2756/1921/3029
f 2763/1920/3029 2756/1921/3029 2762/1922/3030
f 2762/1922/3030 2756/1921/3029 2757/1923/3030
f 2762/1922/3030 2757/1923/3030 2761/1924/3031
f 2761/1924/3031 2757/1923/3030 2758/1925/3031
f 2761/1924/3031 2758/1925/3031 2760/1926/3032
f 2760/1926/3032 2758/1925/3031 2759/1927/3032
f 2760/1926/3032 2759/1927/3032 2744/1928/3022
f 2744/1928/3022 2759/1927/3032 2745/1929/3022
f 2766/1904/2612 2767/1905/3033 2773/1906/3034
f 2773/1906/3034 2767/1905/3033 2768/1907/3034
f 2773/1906/3034 2768/1907/3034 2769/1908/3035
f 2773/1906/3034 2769/1908/3035 2772/1909/3035
f 2772/1909/3035 2769/1908/3035 2770/1910/3036
f 2772/1909/3035 2770/1910/3036 2771/1911/3036
f 2771/1911/3036 2770/1910/3036 2752/1912/3026
f 2752/1912/3026 2770/1910/3036 2753/1913/3026
f 2774/2517/2612 2775/2518/2612 2766/2519/2612
f 2766/2519/2612 2775/2518/2612 2776/2520/2612
f 2766/2519/2612 2776/2520/2612 2767/2521/3033
f 2733/2522/2777 2777/2523/2777 2729/2184/2777
f 2729/2184/2777 2777/2523/2777 2738/2524/2777
f 2739/2525/94 2762/2526/94 2730/2527/94
f 2730/2527/94 2762/2526/94 2761/2528/94
f 2730/2527/94 2761/2528/94 2760/2529/94
f 2774/2530/94 2766/2531/94 2739/2525/94
f 2739/2525/94 2766/2531/94 2765/2532/94
f 2739/2525/94 2765/2532/94 2764/2533/94
f 2765/2532/94 2766/2531/94 2752/2534/94
f 2752/2534/94 2766/2531/94 2773/2535/94
f 2752/2534/94 2773/2535/94 2772/2536/94
f 2772/2536/94 2771/2537/94 2752/2534/94
f 2764/2533/94 2763/2538/94 2739/2525/94
f 2739/2525/94 2763/2538/94 2762/2526/94
f 2760/2529/94 2744/2539/94 2730/2527/94
f 2730/2527/94 2744/2539/94 2742/2540/94
f 2730/2527/94 2742/2540/94 2734/2541/94
f 2734/2541/94 2742/2540/94 2735/2542/94
f 2735/2542/94 2742/2540/94 2726/2543/94
f 2744/2539/94 2751/2544/94 2742/2540/94
f 2742/2540/94 2751/2544/94 2750/2545/94
f 2742/2540/94 2750/2545/94 2749/2546/94
f 2778/58/3037 2779/2547/3037 2780/2548/3037
f 2781/58/3038 2782/2549/3038 2783/2550/3038
f 2784/2551/3039 2785/2552/3039 2783/2446/3039
f 2783/2446/3039 2785/2552/3039 2781/2444/3039
f 2782/2553/3040 2786/2554/3041 2783/2555/3042
f 2783/2555/3042 2786/2554/3041 2789/2556/3043
f 2789/2556/3043 2786/2554/3041 2788/2557/3044
f 2788/2557/3044 2786/2554/3041 2787/2558/3045
f 2788/2557/3044 2787/2558/3045 2780/2559/3046
f 2780/2559/3046 2787/2558/3045 2778/2560/3047
f 2791/2561/2268 2782/2562/2268 2790/2563/2268
f 2790/2563/2268 2782/2562/2268 2781/2564/2268
f 2793/2480/3048 2780/2430/3048 2792/2565/3048
f 2792/2565/3048 2780/2430/3048 2779/2429/3048
f 2794/2566/2636 2795/2567/2636 2778/2568/2636
f 2778/2568/2636 2795/2567/2636 2779/2569/2636
f 2785/2570/148 2796/2571/148 2781/2572/148
f 2781/2572/148 2796/2571/148 2790/2573/148
f 2782/2574/94 2791/2575/94 2786/2576/94
f 2786/2576/94 2791/2575/94 2794/2577/94
f 2786/2576/94 2794/2577/94 2787/2578/94
f 2787/2578/94 2794/2577/94 2778/2579/94
f 2743/2021/2624 2748/2023/3049 2801/2580/2624
f 2801/2580/2624 2748/2023/3049 2800/2581/3050
f 2800/2581/3050 2748/2023/3049 2799/2582/3051
f 2799/2582/3051 2748/2023/3049 2747/2024/3052
f 2799/2582/3051 2747/2024/3052 2798/2583/3053
f 2798/2583/3053 2747/2024/3052 2746/2025/3054
f 2798/2583/3053 2746/2025/3054 2797/2584/3055
f 2797/2584/3055 2746/2025/3054 2745/2028/3055
f 2797/2585/3055 2745/2586/3055 2809/2587/3056
f 2809/2587/3056 2745/2586/3055 2759/2588/3057
f 2809/2587/3056 2759/2588/3057 2808/2589/3058
f 2808/2589/3058 2759/2588/3057 2758/2590/3059
f 2808/2589/3058 2758/2590/3059 2807/2591/3060
f 2807/2591/3060 2758/2590/3059 2757/2592/3061
f 2807/2591/3060 2757/2592/3061 2806/2593/3062
f 2806/2593/3062 2757/2592/3061 2756/2594/3063
f 2806/2593/3062 2756/2594/3063 2805/2595/3064
f 2805/2595/3064 2756/2594/3063 2755/2596/3065
f 2805/2595/3064 2755/2596/3065 2804/2597/3066
f 2804/2597/3066 2755/2596/3065 2754/2598/3067
f 2804/2597/3066 2754/2598/3067 2803/2599/3068
f 2803/2599/3068 2754/2598/3067 2802/2600/3069
f 2802/2600/3069 2754/2598/3067 2753/2601/3069
f 2753/1993/3069 2770/1994/3070 2802/2602/3069
f 2802/2602/3069 2770/1994/3070 2813/2603/3071
f 2813/2603/3071 2770/1994/3070 2769/1997/3072
f 2813/2603/3071 2769/1997/3072 2812/2604/3073
f 2812/2604/3073 2769/1997/3072 2768/1999/3074
f 2812/2604/3073 2768/1999/3074 2811/2605/3075
f 2811/2605/3075 2768/1999/3074 2767/2002/2624
f 2811/2605/3075 2767/2002/2624 2810/2606/2624
f 2776/2607/2624 2814/2608/2624 2767/2609/2624
f 2767/2609/2624 2814/2608/2624 2815/2610/2624
f 2767/2609/2624 2815/2610/2624 2810/2611/2624
f 2817/2612/3076 2867/2613/109 2816/2614/3077
f 2816/2614/3077 2867/2613/109 2868/2615/111
f 2816/2614/3077 2868/2615/111 2852/2616/3078
f 2852/2616/3078 2868/2615/111 2869/2617/113
f 2852/2616/3078 2869/2617/113 2851/2618/3079
f 2851/2618/3079 2869/2617/113 2850/2619/3080
f 2850/2619/3080 2869/2617/113 2870/2620/115
f 2850/2619/3080 2870/2620/115 2849/2621/3081
f 2849/2621/3081 2870/2620/115 2848/2622/3082
f 2848/2622/3082 2870/2620/115 2871/2623/117
f 2848/2622/3082 2871/2623/117 2847/2624/3083
f 2847/2624/3083 2871/2623/117 2846/2625/3084
f 2846/2625/3084 2871/2623/117 2872/2626/120
f 2846/2625/3084 2872/2626/120 2845/2627/3085
f 2845/2627/3085 2872/2626/120 2873/2628/123
f 2845/2627/3085 2873/2628/123 2844/2629/3086
f 2844/2629/3086 2873/2628/123 2843/2630/3087
f 2843/2630/3087 2873/2628/123 2874/2631/126
f 2843/2630/3087 2874/2631/126 2842/2632/3088
f 2842/2632/3088 2874/2631/126 2841/2633/3089
f 2841/2633/3089 2874/2631/126 2875/2634/129
f 2841/2633/3089 2875/2634/129 2840/2635/3090
f 2840/2635/3090 2875/2634/129 2839/2636/3091
f 2839/2636/3091 2875/2634/129 2876/2637/265
f 2839/2636/3091 2876/2637/265 2838/2638/3092
f 2838/2638/3092 2876/2637/265 2837/2639/3093
f 2837/2639/3093 2876/2637/265 2853/2982/268
f 2837/2639/3093 2853/2982/268 2836/2641/3094
f 2836/2641/3094 2853/2982/268 2854/2642/136
f 2836/2641/3094 2854/2642/136 2835/2643/3095
f 2835/2643/3095 2854/2642/136 2855/2644/138
f 2835/2643/3095 2855/2644/138 2834/2645/3096
f 2834/2645/3096 2855/2644/138 2856/2646/3097
f 2834/2645/3096 2856/2646/3097 2833/2647/3098
f 2833/2647/3098 2856/2646/3097 2857/2648/143
f 2833/2647/3098 2857/2648/143 2832/2649/3099
f 2832/2649/3099 2857/2648/143 2831/2650/3100
f 2831/2650/3100 2857/2648/143 2858/2651/145
f 2831/2650/3100 2858/2651/145 2830/2652/3101
f 2830/2652/3101 2858/2651/145 2859/2653/148
f 2830/2652/3101 2859/2653/148 2829/2654/3102
f 2829/2654/3102 2859/2653/148 2860/2655/151
f 2829/2654/3102 2860/2655/151 2828/2656/3103
f 2828/2656/3103 2860/2655/151 2827/2657/3104
f 2827/2657/3104 2860/2655/151 2861/2658/95
f 2827/2657/3104 2861/2658/95 2826/2659/3105
f 2826/2659/3105 2861/2658/95 2825/2660/3106
f 2825/2660/3106 2861/2658/95 2862/2661/96
f 2825/2660/3106 2862/2661/96 2824/2662/3107
f 2824/2662/3107 2862/2661/96 2823/2663/3108
f 2823/2663/3108 2862/2661/96 2863/2664/100
f 2823/2663/3108 2863/2664/100 2822/2665/3109
f 2822/2665/3109 2863/2664/100 2864/2666/102
f 2822/2665/3109 2864/2666/102 2821/2667/3110
f 2821/2667/3110 2864/2666/102 2820/2668/3111
f 2820/2668/3111 2864/2666/102 2865/2669/105
f 2820/2668/3111 2865/2669/105 2819/2670/3112
f 2819/2670/3112 2865/2669/105 2818/2671/3113
f 2818/2672/3113 2865/2673/105 2866/2674/107
f 2818/2672/3113 2866/2674/107 2817/2612/3076
f 2817/2612/3076 2866/2674/107 2867/2613/109
f 2876/2103/94 2866/2102/94 2853/2101/94
f 2853/2101/94 2866/2102/94 2865/2100/94
f 2853/2101/94 2865/2100/94 2854/2099/94
f 2854/2099/94 2865/2100/94 2864/2098/94
f 2854/2099/94 2864/2098/94 2855/2113/94
f 2855/2113/94 2864/2098/94 2863/2114/94
f 2855/2113/94 2863/2114/94 2856/2115/94
f 2856/2115/94 2863/2114/94 2862/2116/94
f 2856/2115/94 2862/2116/94 2857/2117/94
f 2857/2117/94 2862/2116/94 2861/2118/94
f 2857/2117/94 2861/2118/94 2858/2119/94
f 2858/2119/94 2861/2118/94 2860/2120/94
f 2858/2119/94 2860/2120/94 2859/2121/94
f 2866/2102/94 2876/2103/94 2867/2104/94
f 2867/2104/94 2876/2103/94 2875/2105/94
f 2867/2104/94 2875/2105/94 2868/2106/94
f 2868/2106/94 2875/2105/94 2874/2107/94
f 2868/2106/94 2874/2107/94 2869/2108/94
f 2869/2108/94 2874/2107/94 2873/2109/94
f 2869/2108/94 2873/2109/94 2870/2110/94
f 2870/2110/94 2873/2109/94 2872/2111/94
f 2870/2110/94 2872/2111/94 2871/2112/94
f 2878/2675/3114 2924/2674/107 2877/2676/3115
f 2877/2676/3115 2924/2674/107 2925/2613/109
f 2877/2676/3115 2925/2613/109 2910/2677/3116
f 2910/2677/3116 2925/2613/109 2909/2678/3117
f 2909/2678/3117 2925/2613/109 2926/2615/111
f 2909/2678/3117 2926/2615/111 2908/2679/3118
f 2908/2679/3118 2926/2615/111 2927/2617/113
f 2908/2679/3118 2927/2617/113 2907/2680/3119
f 2907/2680/3119 2927/2617/113 2928/2620/115
f 2907/2680/3119 2928/2620/115 2906/2681/3120
f 2906/2681/3120 2928/2620/115 2905/2682/3121
f 2905/2682/3121 2928/2620/115 2929/2623/117
f 2905/2682/3121 2929/2623/117 2904/2683/3122
f 2904/2683/3122 2929/2623/117 2903/2684/3123
f 2903/2684/3123 2929/2623/117 2930/2626/120
f 2903/2684/3123 2930/2626/120 2902/2685/3124
f 2902/2685/3124 2930/2626/120 2901/2686/3125
f 2901/2686/3125 2930/2626/120 2931/2628/123
f 2901/2686/3125 2931/2628/123 2900/2687/3126
f 2900/2687/3126 2931/2628/123 2932/2631/126
f 2900/2687/3126 2932/2631/126 2899/2688/3127
f 2899/2688/3127 2932/2631/126 2898/2689/3128
f 2898/2689/3128 2932/2631/126 2933/2634/129
f 2898/2689/3128 2933/2634/129 2897/2690/3129
f 2897/2690/3129 2933/2634/129 2934/2637/265
f 2897/2690/3129 2934/2637/265 2896/2691/3130
f 2896/2691/3130 2934/2637/265 2911/2982/268
f 2896/2691/3130 2911/2982/268 2895/2692/3131
f 2895/2692/3131 2911/2982/268 2912/2642/136
f 2895/2692/3131 2912/2642/136 2894/2693/3132
f 2894/2693/3132 2912/2642/136 2893/2694/3133
f 2893/2694/3133 2912/2642/136 2913/2644/138
f 2893/2694/3133 2913/2644/138 2892/2695/3134
f 2892/2695/3134 2913/2644/138 2914/2646/140
f 2892/2695/3134 2914/2646/140 2891/2696/3135
f 2891/2696/3135 2914/2646/140 2915/2648/143
f 2891/2696/3135 2915/2648/143 2890/2697/3136
f 2890/2697/3136 2915/2648/143 2916/2651/145
f 2890/2697/3136 2916/2651/145 2889/2698/3137
f 2889/2698/3137 2916/2651/145 2888/2699/3138
f 2888/2699/3138 2916/2651/145 2917/2653/148
f 2888/2699/3138 2917/2653/148 2887/2700/3139
f 2887/2700/3139 2917/2653/148 2918/2655/151
f 2887/2700/3139 2918/2655/151 2886/2701/3140
f 2886/2701/3140 2918/2655/151 2885/2702/3141
f 2885/2702/3141 2918/2655/151 2919/2658/95
f 2885/2702/3141 2919/2658/95 2884/2703/3142
f 2884/2703/3142 2919/2658/95 2883/2704/3143
f 2883/2704/3143 2919/2658/95 2920/2661/96
f 2883/2704/3143 2920/2661/96 2882/2705/3144
f 2882/2705/3144 2920/2661/96 2881/2706/3145
f 2881/2706/3145 2920/2661/96 2921/2664/100
f 2881/2706/3145 2921/2664/100 2880/2707/3146
f 2880/2707/3146 2921/2664/100 2922/2666/102
f 2880/2707/3146 2922/2666/102 2879/2708/3147
f 2879/2708/3147 2922/2666/102 2923/2669/105
f 2879/2708/3147 2923/2669/105 2878/2709/3114
f 2878/2675/3114 2923/2673/105 2924/2674/107
f 2934/2103/94 2924/2102/94 2911/2101/94
f 2911/2101/94 2924/2102/94 2923/2100/94
f 2911/2101/94 2923/2100/94 2912/2099/94
f 2912/2099/94 2923/2100/94 2922/2098/94
f 2912/2099/94 2922/2098/94 2913/2113/94
f 2913/2113/94 2922/2098/94 2921/2114/94
f 2913/2113/94 2921/2114/94 2914/2115/94
f 2914/2115/94 2921/2114/94 2920/2116/94
f 2914/2115/94 2920/2116/94 2915/2117/94
f 2915/2117/94 2920/2116/94 2919/2118/94
f 2915/2117/94 2919/2118/94 2916/2119/94
f 2916/2119/94 2919/2118/94 2918/2120/94
f 2916/2119/94 2918/2120/94 2917/2121/94
f 2924/2102/94 2934/2103/94 2925/2104/94
f 2925/2104/94 2934/2103/94 2933/2105/94
f 2925/2104/94 2933/2105/94 2926/2106/94
f 2926/2106/94 2933/2105/94 2932/2107/94
f 2926/2106/94 2932/2107/94 2927/2108/94
f 2927/2108/94 2932/2107/94 2931/2109/94
f 2927/2108/94 2931/2109/94 2928/2110/94
f 2928/2110/94 2931/2109/94 2930/2111/94
f 2928/2110/94 2930/2111/94 2929/2112/94
f 2935/2715/148 2936/2983/148 2715/2984/148
f 2715/2984/148 2936/2983/148 2724/2985/148
f 2724/2985/148 2936/2983/148 2702/2986/148
f 2702/2986/148 2936/2983/148 2937/58/148
f 2702/2986/148 2937/58/148 2705/2710/148
f 2705/2710/148 2937/58/148 2287/2987/148
f 2287/2987/148 2937/58/148 2022/2988/148
f 2022/2988/148 2937/58/148 2017/2989/148
f 2017/2989/148 2937/58/148 2258/2990/148
f 2017/2989/148 2258/2990/148 2041/2991/148
f 2041/2991/148 2258/2990/148 2030/2992/148
f 2030/2992/148 2258/2990/148 2257/2993/148
f 2936/2168/148 2935/2723/148 2949/2166/151
f 2949/2166/151 2935/2723/148 2938/2724/151
f 2949/2166/151 2938/2724/151 2948/2164/95
f 2948/2164/95 2938/2724/151 2939/2725/95
f 2948/2164/95 2939/2725/95 2947/58/96
f 2947/58/96 2939/2725/95 2940/2726/96
f 2947/58/96 2940/2726/96 2946/2161/100
f 2946/2161/100 2940/2726/96 2941/2727/100
f 2946/2161/100 2941/2727/100 2945/2159/102
f 2945/2159/102 2941/2727/100 2942/2728/102
f 2945/2159/102 2942/2728/102 2944/2157/105
f 2944/2157/105 2942/2728/102 2943/2729/105
f 2703/2730/105 2690/2731/105 2950/2732/105
f 2950/2732/105 2690/2731/105 2706/2733/105
f 2695/2734/152 2694/2735/152 2952/2736/3148
f 2952/2736/3148 2694/2735/152 2700/2737/3148
f 2952/2736/3148 2700/2737/3148 2699/2738/3149
f 2691/2739/3150 2704/2740/3150 2699/2738/3149
f 2699/2738/3149 2704/2740/3150 2951/2741/3149
f 2699/2738/3149 2951/2741/3149 2952/2736/3148
f 2722/2742/2609 2709/1837/2609 2953/2743/2609
f 2953/2743/2609 2709/1837/2609 2725/2744/2609
f 2716/2745/3151 2712/2746/3151 2955/2747/3152
f 2955/2747/3152 2712/2746/3151 2721/2748/3152
f 2955/2747/3152 2721/2748/3152 2954/2749/3153
f 2954/2749/3153 2721/2748/3152 2720/2750/3153
f 2954/2749/3153 2720/2750/3153 2723/2751/3154
f 2723/2751/3154 2720/2750/3153 2710/2752/3154
f 2792/2753/2654 2779/1837/2654 2956/2754/2654
f 2956/2754/2654 2779/1837/2654 2795/2755/2654
f 2784/2756/3155 2783/2757/3155 2958/2758/3156
f 2958/2758/3156 2783/2757/3155 2789/2759/3156
f 2958/2758/3156 2789/2759/3156 2788/2760/3157
f 2780/2761/3158 2793/2762/3158 2788/2760/3157
f 2788/2760/3157 2793/2762/3158 2957/2763/3157
f 2788/2760/3157 2957/2763/3157 2958/2758/3156
f 2732/2764/3159 2731/2765/3159 2960/2766/3160
f 2960/2766/3160 2731/2765/3159 2737/2767/3160
f 2960/2766/3160 2737/2767/3160 2959/2768/3161
f 2959/2768/3161 2737/2767/3160 2736/2769/3161
f 2959/2768/3161 2736/2769/3161 2741/2770/3162
f 2741/2770/3162 2736/2769/3161 2728/2771/3162
f 2740/2772/2624 2727/1873/2624 2801/2773/2624
f 2801/2773/2624 2727/1873/2624 2743/2774/2624
f 2796/2775/3163 2965/2776/3164 2790/2777/3165
f 2790/2777/3165 2965/2776/3164 2966/2778/3164
f 2790/2777/3165 2966/2778/3164 2791/2779/3166
f 2965/2776/3164 2796/2775/3163 2964/2780/3164
f 2964/2780/3164 2796/2775/3163 2785/2781/3167
f 2964/2780/3164 2785/2781/3167 2963/2782/3168
f 2963/2782/3168 2785/2781/3167 2962/2783/3169
f 2962/2783/3169 2785/2781/3167 2961/2784/3170
f 2961/2784/3170 2785/2781/3167 2784/2785/3171
f 2950/2786/3172 2285/2787/2404 2703/2788/3173
f 2703/2788/3173 2285/2787/2404 2967/2789/3174
f 2703/2788/3173 2967/2789/3174 2968/2790/3175
f 2285/2787/2404 2950/2786/3172 2286/2229/2402
f 2286/2229/2402 2950/2786/3172 2706/2791/3176
f 2286/2229/2402 2706/2791/3176 2287/58/2404
f 2287/58/2404 2706/2791/3176 2705/2792/2405
f 2968/2790/3175 2969/2793/3177 2703/2788/3173
f 2703/2788/3173 2969/2793/3177 2704/2794/3178
f 2953/2795/3179 2977/2796/3180 2722/2797/3181
f 2722/2797/3181 2977/2796/3180 2972/2798/3182
f 2722/2797/3181 2972/2798/3182 2973/2799/3183
f 2977/2796/3180 2953/2795/3179 2978/2800/3184
f 2978/2800/3184 2953/2795/3179 2725/2801/3185
f 2978/2800/3184 2725/2801/3185 2976/2802/3186
f 2976/2802/3186 2725/2801/3185 2979/2803/3187
f 2976/2802/3186 2979/2803/3187 2707/2804/3188
f 2707/2804/3188 2979/2803/3187 2701/2805/3189
f 2701/2805/3189 2979/2803/3187 2980/2806/3190
f 2701/2805/3189 2980/2806/3190 2702/2807/2416
f 2702/2807/2416 2980/2806/3190 2724/2808/2415
f 2724/2808/2415 2980/2806/3190 2725/2801/3185
f 2725/2801/3185 2980/2806/3190 2979/2803/3187
f 2696/2809/3191 2977/2796/3180 2707/2804/3188
f 2707/2804/3188 2977/2796/3180 2978/2800/3184
f 2707/2804/3188 2978/2800/3184 2976/2802/3186
f 2695/2810/3192 2970/2811/3193 2696/2809/3191
f 2696/2809/3191 2970/2811/3193 2971/2812/3194
f 2696/2809/3191 2971/2812/3194 2972/2798/3182
f 2973/2799/3183 2974/2813/3195 2722/2797/3181
f 2722/2797/3181 2974/2813/3195 2975/2814/3196
f 2722/2797/3181 2975/2814/3196 2723/2815/3197
f 2696/2809/3191 2972/2798/3182 2977/2796/3180
f 2817/2816/3198 2816/2817/3199 2997/2818/3200
f 2997/2818/3200 2816/2817/3199 2852/2819/3201
f 2997/2818/3200 2852/2819/3201 2992/2820/3202
f 2992/2820/3202 2852/2819/3201 2851/2821/3203
f 2992/2820/3202 2851/2821/3203 2850/2822/3204
f 2850/2822/3204 2849/2823/3205 2992/2820/3202
f 2992/2820/3202 2849/2823/3205 2848/2824/3206
f 2992/2820/3202 2848/2824/3206 2991/2825/3207
f 2991/2825/3207 2848/2824/3206 2847/2826/3208
f 2991/2825/3207 2847/2826/3208 2846/2827/3209
f 2991/2825/3207 2846/2827/3209 2990/2828/3210
f 2990/2828/3210 2846/2827/3209 2845/2829/3211
f 2990/2828/3210 2845/2829/3211 2844/2830/3212
f 2844/2830/3212 2843/2831/3213 2990/2828/3210
f 2990/2828/3210 2843/2831/3213 2988/2832/3214
f 2990/2828/3210 2988/2832/3214 3011/2833/3215
f 3011/2833/3215 2988/2832/3214 3012/2834/3216
f 3011/2833/3215 3012/2834/3216 3016/2835/3217
f 3016/2835/3217 3012/2834/3216 3015/2836/3218
f 3016/2835/3217 3015/2836/3218 3006/2837/3219
f 3006/2837/3219 3015/2836/3218 3007/2838/3220
f 3006/2837/3219 3007/2838/3220 2888/2839/3221
f 2888/2839/3221 3007/2838/3220 2889/2840/3222
f 2889/2840/3222 3007/2838/3220 2890/2841/3223
f 2890/2841/3223 3007/2838/3220 2891/2842/3224
f 2891/2842/3224 3007/2838/3220 2892/2843/3225
f 2892/2843/3225 3007/2838/3220 2941/2844/3226
f 2892/2843/3225 2941/2844/3226 2893/2845/3227
f 2893/2845/3227 2941/2844/3226 2894/2846/3228
f 2894/2846/3228 2941/2844/3226 2940/2847/3229
f 2894/2846/3228 2940/2847/3229 2895/2848/3230
f 2895/2848/3230 2940/2847/3229 2939/2849/3231
f 2895/2848/3230 2939/2849/3231 2896/2850/3232
f 2896/2850/3232 2939/2849/3231 2897/2851/3233
f 2897/2851/3233 2939/2849/3231 2898/2852/3234
f 2898/2852/3234 2939/2849/3231 2938/2853/3235
f 2898/2852/3234 2938/2853/3235 2899/2854/3236
f 2899/2854/3236 2938/2853/3235 2935/2855/2527
f 2899/2854/3236 2935/2855/2527 2900/2856/3237
f 2900/2856/3237 2935/2855/2527 2901/2857/3238
f 2901/2857/3238 2935/2855/2527 2902/2858/3239
f 2902/2858/3239 2935/2855/2527 2903/2859/3240
f 2903/2859/3240 2935/2855/2527 2904/2860/3241
f 2904/2860/3241 2935/2855/2527 3001/2861/3242
f 2904/2860/3241 3001/2861/3242 2905/2862/3243
f 2905/2862/3243 3001/2861/3242 2906/2863/3244
f 2906/2863/3244 3001/2861/3242 2907/2864/3245
f 2907/2864/3245 3001/2861/3242 2908/2865/3246
f 2908/2865/3246 3001/2861/3242 2909/2866/3247
f 2909/2866/3247 3001/2861/3242 3003/2867/3248
f 2909/2866/3247 3003/2867/3248 2910/2868/3249
f 2910/2868/3249 3003/2867/3248 2877/2869/3250
f 2877/2869/3250 3003/2867/3248 2878/2870/3251
f 2878/2870/3251 3003/2867/3248 2879/2871/3252
f 2879/2871/3252 3003/2867/3248 3004/2872/3253
f 2879/2871/3252 3004/2872/3253 2880/2873/3254
f 2880/2873/3254 3004/2872/3253 2881/2874/3255
f 2881/2874/3255 3004/2872/3253 2882/2875/3256
f 2882/2875/3256 3004/2872/3253 2883/2876/3257
f 2883/2876/3257 3004/2872/3253 3005/2877/3258
f 2883/2876/3257 3005/2877/3258 2884/2878/3259
f 2884/2878/3259 3005/2877/3258 2885/2879/3260
f 2885/2879/3260 3005/2877/3258 2886/2880/3261
f 2886/2880/3261 3005/2877/3258 3006/2837/3219
f 2886/2880/3261 3006/2837/3219 2887/2881/3262
f 2887/2881/3262 3006/2837/3219 2888/2839/3221
f 2843/2831/3213 2842/2882/3263 2988/2832/3214
f 2988/2832/3214 2842/2882/3263 2841/2883/3264
f 2988/2832/3214 2841/2883/3264 2840/2884/3265
f 2840/2884/3265 2839/2885/3266 2988/2832/3214
f 2988/2832/3214 2839/2885/3266 2999/2886/3267
f 2988/2832/3214 2999/2886/3267 2989/2887/3268
f 2989/2887/3268 2999/2886/3267 2811/2888/3269
f 2989/2887/3268 2811/2888/3269 2810/2889/3270
f 2839/2885/3266 2838/2890/3271 2999/2886/3267
f 2999/2886/3267 2838/2890/3271 2837/2891/3272
f 2999/2886/3267 2837/2891/3272 2836/2892/3273
f 2999/2886/3267 2836/2892/3273 2811/2888/3269
f 2811/2888/3269 2836/2892/3273 2835/2893/3274
f 2811/2888/3269 2835/2893/3274 2812/2894/3275
f 2812/2894/3275 2835/2893/3274 2813/2895/3276
f 2813/2895/3276 2835/2893/3274 2998/2896/3277
f 2813/2895/3276 2998/2896/3277 2802/2897/3278
f 2802/2897/3278 2998/2896/3277 2803/2898/3279
f 2803/2898/3279 2998/2896/3277 2804/2899/3280
f 2804/2899/3280 2998/2896/3277 2805/2900/3281
f 2805/2900/3281 2998/2896/3277 2808/2901/3282
f 2805/2900/3281 2808/2901/3282 2807/2902/3283
f 2835/2893/3274 2834/2903/3284 2998/2896/3277
f 2998/2896/3277 2834/2903/3284 2833/2904/3285
f 2998/2896/3277 2833/2904/3285 3000/2905/3286
f 3000/2905/3286 2833/2904/3285 2832/2906/3287
f 3000/2905/3286 2832/2906/3287 2831/2907/3288
f 2831/2907/3288 2830/2908/3289 3000/2905/3286
f 3000/2905/3286 2830/2908/3289 2797/2909/3290
f 3000/2905/3286 2797/2909/3290 2809/2910/3291
f 2830/2908/3289 2829/2911/3292 2797/2909/3290
f 2797/2909/3290 2829/2911/3292 2798/2912/3293
f 2798/2912/3293 2829/2911/3292 2799/2913/3294
f 2799/2913/3294 2829/2911/3292 2800/2914/3295
f 2800/2914/3295 2829/2911/3292 2801/2915/3296
f 2801/2915/3296 2829/2911/3292 2828/2916/3297
f 2801/2915/3296 2828/2916/3297 2740/2917/3298
f 2740/2917/3298 2828/2916/3297 2827/2918/3299
f 2740/2917/3298 2827/2918/3299 2826/2919/3300
f 2740/2917/3298 2826/2919/3300 2985/2920/3301
f 2985/2920/3301 2826/2919/3300 2825/2921/3302
f 2985/2920/3301 2825/2921/3302 2984/2922/3303
f 2984/2922/3303 2825/2921/3302 2824/2923/3304
f 2984/2922/3303 2824/2923/3304 2823/2924/3305
f 2823/2924/3305 2822/2925/3306 2984/2922/3303
f 2984/2922/3303 2822/2925/3306 2821/2926/3307
f 2984/2922/3303 2821/2926/3307 2820/2927/3308
f 2820/2927/3308 2819/2928/3309 2984/2922/3303
f 2984/2922/3303 2819/2928/3309 2818/2929/3310
f 2984/2922/3303 2818/2929/3310 2997/2818/3200
f 2997/2818/3200 2818/2929/3310 2817/2816/3198
f 2810/2889/3270 2815/2930/3311 2989/2887/3268
f 2989/2887/3268 2815/2930/3311 3013/2931/3312
f 2989/2887/3268 3013/2931/3312 3012/2834/3216
f 3012/2834/3216 3013/2931/3312 3015/2836/3218
f 2814/2932/3313 3008/2933/3314 2815/2930/3311
f 2815/2930/3311 3008/2933/3314 3014/2934/3315
f 2815/2930/3311 3014/2934/3315 3013/2931/3312
f 3013/2931/3312 3014/2934/3315 3015/2836/3218
f 3008/2933/3314 2814/2932/3313 2941/2844/3226
f 2941/2844/3226 2814/2932/3313 2776/2935/3316
f 2941/2844/3226 2776/2935/3316 2942/2936/3317
f 2942/2936/3317 2776/2935/3316 2775/2937/3318
f 2942/2936/3317 2775/2937/3318 2943/2938/3319
f 2943/2938/3319 2775/2937/3318 2774/2939/3320
f 3001/2861/3242 2935/2855/2527 3002/2940/3321
f 3002/2940/3321 2935/2855/2527 2715/2941/2523
f 3002/2940/3321 2715/2941/2523 2714/2942/3322
f 2717/2943/3323 2995/2944/3324 2714/2942/3322
f 2714/2942/3322 2995/2944/3324 2993/2945/3325
f 2714/2942/3322 2993/2945/3325 3019/2946/3326
f 3019/2946/3326 2993/2945/3325 3009/2947/3327
f 3019/2946/3326 3009/2947/3327 3018/2948/3328
f 3018/2948/3328 3009/2947/3327 3010/2949/3329
f 3018/2948/3328 3010/2949/3329 3017/2950/3330
f 3017/2950/3330 3010/2949/3329 3011/2833/3215
f 3017/2950/3330 3011/2833/3215 3016/2835/3217
f 2716/2951/3331 2981/2952/3332 2717/2943/3323
f 2717/2943/3323 2981/2952/3332 2982/2953/3333
f 2717/2943/3323 2982/2953/3333 2983/2954/3334
f 2984/2922/3303 2996/2955/3335 2983/2954/3334
f 2983/2954/3334 2996/2955/3335 2995/2944/3324
f 2983/2954/3334 2995/2944/3324 2717/2943/3323
f 2985/2920/3301 2986/2956/3336 2740/2917/3298
f 2740/2917/3298 2986/2956/3336 2987/2957/3337
f 2740/2917/3298 2987/2957/3337 2741/2958/3338
f 2809/2910/3291 2808/2901/3282 3000/2905/3286
f 3000/2905/3286 2808/2901/3282 2998/2896/3277
f 2807/2902/3283 2806/2959/3339 2805/2900/3281
f 3012/2834/3216 2988/2832/3214 2989/2887/3268
f 3011/2833/3215 3010/2949/3329 2990/2828/3210
f 2990/2828/3210 3010/2949/3329 2991/2825/3207
f 2992/2820/3202 2994/2960/3340 2997/2818/3200
f 2997/2818/3200 2994/2960/3340 2996/2955/3335
f 2997/2818/3200 2996/2955/3335 2984/2922/3303
f 3010/2949/3329 3009/2947/3327 2991/2825/3207
f 2991/2825/3207 3009/2947/3327 2992/2820/3202
f 3009/2947/3327 2993/2945/3325 2992/2820/3202
f 2992/2820/3202 2993/2945/3325 2994/2960/3340
f 2993/2945/3325 2995/2944/3324 2994/2960/3340
f 2994/2960/3340 2995/2944/3324 2996/2955/3335
f 3003/2867/3248 3001/2861/3242 2714/2942/3322
f 2714/2942/3322 3001/2861/3242 3002/2940/3321
f 3019/2946/3326 3018/2948/3328 3003/2867/3248
f 3003/2867/3248 3018/2948/3328 3004/2872/3253
f 3016/2835/3217 3006/2837/3219 3005/2877/3258
f 3018/2948/3328 3017/2950/3330 3004/2872/3253
f 3004/2872/3253 3017/2950/3330 3005/2877/3258
f 3017/2950/3330 3016/2835/3217 3005/2877/3258
f 3014/2934/3315 3008/2933/3314 3007/2838/3220
f 3007/2838/3220 3008/2933/3314 2941/2844/3226
f 3014/2934/3315 3007/2838/3220 3015/2836/3218
f 3019/2946/3326 3003/2867/3248 2714/2942/3322
f 3025/2961/3341 3020/2962/3342 2733/2963/3343
f 2733/2963/3343 3020/2962/3342 3021/2964/3344
f 2733/2963/3343 3021/2964/3344 3028/2965/3345
f 3028/2965/3345 3021/2964/3344 3027/2966/3346
f 3028/2965/3345 3027/2966/3346 2777/2967/3347
f 2777/2967/3347 3027/2966/3346 3029/2968/3348
f 2777/2967/3347 3029/2968/3348 3026/2969/3349
f 3026/2969/3349 3029/2968/3348 2956/2970/3350
f 3026/2969/3349 2956/2970/3350 2795/2971/3351
f 3027/2966/3346 3021/2964/3344 2792/2972/3352
f 2792/2972/3352 3021/2964/3344 3022/2973/3353
f 2792/2972/3352 3022/2973/3353 3023/2974/3354
f 3023/2974/3354 2793/2975/3355 2792/2972/3352
f 2792/2972/3352 2956/2970/3350 3027/2966/3346
f 3027/2966/3346 2956/2970/3350 3029/2968/3348
f 2794/2976/3356 2739/2977/3357 2795/2971/3351
f 2795/2971/3351 2739/2977/3357 2738/2978/3358
f 2795/2971/3351 2738/2978/3358 3030/2979/3359
f 3030/2979/3359 2738/2978/3358 3026/2969/3349
f 3030/2979/3359 3026/2969/3349 2795/2971/3351
f 2738/2978/3358 2777/2967/3347 3026/2969/3349
f 2777/2967/3347 2733/2963/3343 3028/2965/3345
f 2732/2980/3360 3024/2981/3361 2733/2963/3343
f 2733/2963/3343 3024/2981/3361 3025/2961/3341
f 3031/1808/3362 3032/58/3362 3033/1809/3362
f 3034/1810/3363 3035/58/3363 3036/1811/3363
f 3038/1812/3364 3036/1813/3364 3037/1814/3364
f 3037/1814/3364 3036/1813/3364 3035/1815/3364
f 3034/1816/3365 3036/1817/3366 3042/1818/3367
f 3042/1818/3367 3036/1817/3366 3039/1819/3368
f 3042/1818/3367 3039/1819/3368 3041/1820/3369
f 3041/1820/3369 3039/1819/3368 3040/1821/3370
f 3041/1820/3369 3040/1821/3370 3033/1822/3371
f 3033/1822/3371 3032/1823/3372 3041/1820/3369
f 3044/1824/2224 3035/1825/2224 3043/1826/2224
f 3043/1826/2224 3035/1825/2224 3034/1827/2224
f 3045/1828/3373 3046/1829/3373 3033/1830/3373
f 3033/1830/3373 3046/1829/3373 3031/1831/3373
f 3048/1832/1874 3032/1833/1874 3047/1834/1874
f 3047/1834/1874 3032/1833/1874 3031/1835/1874
f 3037/1836/2376 3035/1837/2376 3049/1838/2376
f 3049/1838/2376 3035/1837/2376 3044/1839/2376
f 3034/1840/94 3042/1841/94 3043/1842/94
f 3043/1842/94 3042/1841/94 3041/1843/94
f 3043/1842/94 3041/1843/94 3048/1844/94
f 3048/1844/94 3041/1843/94 3032/1845/94
f 3050/1846/3374 3051/58/3374 3052/1847/3374
f 3053/1848/3375 3054/58/3375 3055/1849/3375
f 3056/1850/2239 3057/1851/2239 3054/1852/2239
f 3054/1852/2239 3057/1851/2239 3055/1853/2239
f 3059/1854/3376 3053/1855/3376 3058/1856/3376
f 3058/1856/3376 3053/1855/3376 3055/1857/3376
f 3054/1858/3377 3053/1859/3378 3063/1860/3379
f 3063/1860/3379 3053/1859/3378 3060/1861/3380
f 3063/1860/3379 3060/1861/3380 3062/1862/3381
f 3062/1862/3381 3060/1861/3380 3061/1863/3382
f 3062/1862/3381 3061/1863/3382 3052/1864/3383
f 3052/1864/3383 3051/1865/3384 3062/1862/3381
f 3064/1866/3385 3065/1867/3385 3052/1815/3385
f 3052/1815/3385 3065/1867/3385 3050/1813/3385
f 3067/1868/2208 3051/1869/2208 3066/1870/2208
f 3066/1870/2208 3051/1869/2208 3050/1871/2208
f 3058/1872/2279 3055/1873/2279 3057/1874/2279
f 3056/1875/94 3054/1876/94 3067/1877/94
f 3067/1877/94 3054/1876/94 3063/1878/94
f 3067/1877/94 3063/1878/94 3062/1879/94
f 3062/1879/94 3051/1880/94 3067/1877/94
f 3068/1881/3386 3069/58/3386 3070/1882/3386
f 3071/1883/3387 3072/58/3387 3073/1884/3387
f 3075/1812/3388 3073/1813/3388 3074/1885/3388
f 3074/1885/3388 3073/1813/3388 3072/1815/3388
f 3071/1886/3389 3073/1887/3390 3079/1888/3391
f 3079/1888/3391 3073/1887/3390 3076/1889/3392
f 3079/1888/3391 3076/1889/3392 3077/1890/3393
f 3079/1888/3391 3077/1890/3393 3078/1891/3394
f 3078/1891/3394 3077/1890/3393 3070/1892/3395
f 3078/1891/3394 3070/1892/3395 3069/1893/3396
f 3080/1894/2270 3081/1895/2270 3071/1896/2270
f 3071/1896/2270 3081/1895/2270 3072/1897/2270
f 3082/1898/3397 3083/1899/3397 3070/1857/3397
f 3070/1857/3397 3083/1899/3397 3068/1855/3397
f 3085/1900/2213 3069/1901/2213 3084/1902/2213
f 3084/1902/2213 3069/1901/2213 3068/1903/2213
f 3086/1904/3398 3087/1905/3398 3093/1906/3399
f 3093/1906/3399 3087/1905/3398 3088/1907/3399
f 3093/1906/3399 3088/1907/3399 3089/1908/3400
f 3093/1906/3399 3089/1908/3400 3092/1909/3400
f 3092/1909/3400 3089/1908/3400 3090/1910/3401
f 3092/1909/3400 3090/1910/3401 3091/1911/3401
f 3091/1911/3401 3090/1910/3401 3084/1912/2213
f 3084/1912/2213 3090/1910/3401 3085/1913/2213
f 3094/1914/3402 3095/1915/3402 3107/1916/3403
f 3107/1916/3403 3095/1915/3402 3096/1917/3403
f 3107/1916/3403 3096/1917/3403 3106/1918/3404
f 3106/1918/3404 3096/1917/3403 3097/1919/3404
f 3106/1918/3404 3097/1919/3404 3105/1920/3405
f 3105/1920/3405 3097/1919/3404 3098/1921/3405
f 3105/1920/3405 3098/1921/3405 3104/1922/3406
f 3104/1922/3406 3098/1921/3405 3099/1923/3406
f 3104/1922/3406 3099/1923/3406 3103/1924/3407
f 3103/1924/3407 3099/1923/3406 3100/1925/3407
f 3103/1924/3407 3100/1925/3407 3102/1926/3408
f 3102/1926/3408 3100/1925/3407 3101/1927/3408
f 3102/1926/3408 3101/1927/3408 3086/1928/3398
f 3086/1928/3398 3101/1927/3408 3087/1929/3398
f 3108/1904/2213 3109/1905/3409 3115/1906/3410
f 3115/1906/3410 3109/1905/3409 3110/1907/3410
f 3115/1906/3410 3110/1907/3410 3111/1908/3411
f 3115/1906/3410 3111/1908/3411 3114/1909/3411
f 3114/1909/3411 3111/1908/3411 3112/1910/3412
f 3114/1909/3411 3112/1910/3412 3113/1911/3413
f 3113/1911/3413 3112/1910/3412 3094/1912/3402
f 3094/1912/3402 3112/1910/3412 3095/1913/3402
f 3108/1930/2213 3116/1931/2213 3109/1932/3409
f 3109/1932/3409 3116/1931/2213 3117/1933/2213
f 3109/1932/3409 3117/1933/2213 3118/1934/2213
f 3074/1935/2381 3072/1837/2381 3119/1936/2381
f 3119/1936/2381 3072/1837/2381 3081/1937/2381
f 3071/1938/94 3099/1939/94 3080/1940/94
f 3080/1940/94 3099/1939/94 3098/1941/94
f 3080/1940/94 3098/1941/94 3097/1942/94
f 3079/1943/94 3085/1944/94 3071/1938/94
f 3071/1938/94 3085/1944/94 3087/1945/94
f 3071/1938/94 3087/1945/94 3101/1946/94
f 3079/1943/94 3078/1947/94 3085/1944/94
f 3085/1944/94 3078/1947/94 3069/1948/94
f 3090/1949/94 3089/1950/94 3085/1944/94
f 3085/1944/94 3089/1950/94 3088/1951/94
f 3085/1944/94 3088/1951/94 3087/1945/94
f 3101/1946/94 3100/1952/94 3071/1938/94
f 3071/1938/94 3100/1952/94 3099/1939/94
f 3097/1942/94 3096/1953/94 3080/1940/94
f 3080/1940/94 3096/1953/94 3109/1954/94
f 3080/1940/94 3109/1954/94 3118/1955/94
f 3096/1953/94 3095/1956/94 3109/1954/94
f 3109/1954/94 3095/1956/94 3110/1957/94
f 3110/1957/94 3095/1956/94 3111/1958/94
f 3111/1958/94 3095/1956/94 3112/1959/94
f 3120/1960/3414 3121/58/3414 3122/1961/3414
f 3123/1962/3415 3124/58/3415 3125/1963/3415
f 3127/1964/3416 3125/1831/3416 3126/1965/3416
f 3126/1965/3416 3125/1831/3416 3124/1830/3416
f 3123/1966/3417 3125/1967/3418 3131/1968/3419
f 3131/1968/3419 3125/1967/3418 3128/1969/3420
f 3131/1968/3419 3128/1969/3420 3129/1970/3421
f 3131/1968/3419 3129/1970/3421 3130/1971/3422
f 3130/1971/3422 3129/1970/3421 3122/1972/3423
f 3130/1971/3422 3122/1972/3423 3121/1973/3424
f 3132/1974/2666 3133/1975/2666 3123/1976/2666
f 3123/1976/2666 3133/1975/2666 3124/1977/2666
f 3134/1866/3425 3135/1978/3425 3122/1815/3425
f 3122/1815/3425 3135/1978/3425 3120/1813/3425
f 3137/1979/2237 3121/1980/2237 3136/1981/2237
f 3136/1981/2237 3121/1980/2237 3120/1982/2237
f 3126/1983/117 3124/1984/117 3138/1985/117
f 3138/1985/117 3124/1984/117 3133/1986/117
f 3123/1987/94 3131/1988/94 3132/1989/94
f 3132/1989/94 3131/1988/94 3137/1990/94
f 3137/1990/94 3131/1988/94 3130/1991/94
f 3137/1990/94 3130/1991/94 3121/1992/94
f 3086/1993/3426 3093/1994/3427 3143/1995/3428
f 3143/1995/3428 3093/1994/3427 3142/1996/3429
f 3142/1996/3429 3093/1994/3427 3092/1997/3430
f 3142/1996/3429 3092/1997/3430 3141/1998/3431
f 3141/1998/3431 3092/1997/3430 3091/1999/3432
f 3141/1998/3431 3091/1999/3432 3140/2000/3433
f 3140/2000/3433 3091/1999/3432 3139/2001/2225
f 3139/2001/2225 3091/1999/3432 3084/2002/2225
f 3151/2003/3434 3094/2004/3434 3150/2005/3435
f 3150/2005/3435 3094/2004/3434 3107/2006/3436
f 3150/2005/3435 3107/2006/3436 3149/2007/3437
f 3149/2007/3437 3107/2006/3436 3106/2008/3438
f 3149/2007/3437 3106/2008/3438 3148/2009/3439
f 3148/2009/3439 3106/2008/3438 3105/2010/3440
f 3148/2009/3439 3105/2010/3440 3147/2011/3441
f 3147/2011/3441 3105/2010/3440 3104/2012/3442
f 3147/2011/3441 3104/2012/3442 3146/2013/3443
f 3146/2013/3443 3104/2012/3442 3103/2014/3444
f 3146/2013/3443 3103/2014/3444 3145/2015/3445
f 3145/2015/3445 3103/2014/3444 3102/2016/3446
f 3145/2015/3445 3102/2016/3446 3144/2017/3447
f 3144/2017/3447 3102/2016/3446 3086/2018/3426
f 3144/2017/3447 3086/2018/3426 3143/2019/3428
f 3155/2020/2225 3108/2021/3448 3154/2022/3449
f 3154/2022/3449 3108/2021/3448 3115/2023/3450
f 3154/2022/3449 3115/2023/3450 3114/2024/3451
f 3113/2025/3452 3152/2026/3453 3114/2024/3451
f 3114/2024/3451 3152/2026/3453 3153/2027/3454
f 3114/2024/3451 3153/2027/3454 3154/2022/3449
f 3094/2028/3434 3151/2029/3434 3113/2025/3452
f 3113/2025/3452 3151/2029/3434 3152/2026/3453
f 3116/2030/2225 3108/2031/3448 3157/2032/2225
f 3157/2032/2225 3108/2031/3448 3156/2033/2225
f 3156/2033/2225 3108/2031/3448 3155/2034/2225
f 3159/2035/3455 3204/2036/96 3158/2037/3456
f 3158/2037/3456 3204/2036/96 3205/2038/100
f 3158/2037/3456 3205/2038/100 3194/2039/3457
f 3194/2039/3457 3205/2038/100 3206/2040/102
f 3194/2039/3457 3206/2040/102 3193/2041/1044
f 3193/2041/1044 3206/2040/102 3207/2042/105
f 3193/2041/1044 3207/2042/105 3192/2043/3458
f 3192/2044/3458 3207/2045/105 3191/2046/3459
f 3191/2046/3459 3207/2045/105 3208/2047/107
f 3191/2046/3459 3208/2047/107 3190/2048/3460
f 3190/2048/3460 3208/2047/107 3189/2049/3461
f 3189/2049/3461 3208/2047/107 3209/2050/109
f 3189/2049/3461 3209/2050/109 3188/2051/3462
f 3188/2051/3462 3209/2050/109 3210/2052/111
f 3188/2051/3462 3210/2052/111 3187/2053/3463
f 3187/2053/3463 3210/2052/111 3186/2054/3464
f 3186/2054/3464 3210/2052/111 3211/2055/113
f 3186/2054/3464 3211/2055/113 3185/2056/3465
f 3185/2056/3465 3211/2055/113 3184/2057/3466
f 3184/2057/3466 3211/2055/113 3212/2058/115
f 3184/2057/3466 3212/2058/115 3183/2059/3467
f 3183/2059/3467 3212/2058/115 3182/2060/3468
f 3182/2060/3468 3212/2058/115 3213/2061/117
f 3182/2060/3468 3213/2061/117 3181/2062/3469
f 3181/2062/3469 3213/2061/117 3214/2063/120
f 3181/2062/3469 3214/2063/120 3180/2064/3470
f 3180/2064/3470 3214/2063/120 3215/2065/123
f 3180/2064/3470 3215/2065/123 3179/2066/3471
f 3179/2066/3471 3215/2065/123 3178/2067/3472
f 3178/2067/3472 3215/2065/123 3216/2068/3473
f 3178/2067/3472 3216/2068/3473 3177/2069/3474
f 3177/2069/3474 3216/2068/3473 3217/2070/129
f 3177/2069/3474 3217/2070/129 3176/2071/3475
f 3176/2071/3475 3217/2070/129 3218/2072/265
f 3176/2071/3475 3218/2072/265 3175/2073/3476
f 3175/2073/3476 3218/2072/265 3195/2074/268
f 3175/2073/3476 3195/2074/268 3174/2075/3477
f 3174/2075/3477 3195/2074/268 3196/2076/136
f 3174/2075/3477 3196/2076/136 3173/2077/3478
f 3173/2077/3478 3196/2076/136 3172/2078/3479
f 3172/2078/3479 3196/2076/136 3197/2079/138
f 3172/2078/3479 3197/2079/138 3171/2080/3480
f 3171/2080/3480 3197/2079/138 3170/2081/3481
f 3170/2081/3481 3197/2079/138 3198/2082/140
f 3170/2081/3481 3198/2082/140 3169/2083/3482
f 3169/2083/3482 3198/2082/140 3168/2084/3483
f 3168/2084/3483 3198/2082/140 3199/2085/143
f 3168/2084/3483 3199/2085/143 3167/2086/3484
f 3167/2086/3484 3199/2085/143 3166/2087/3485
f 3166/2087/3485 3199/2085/143 3200/2088/145
f 3166/2087/3485 3200/2088/145 3165/2089/3486
f 3165/2089/3486 3200/2088/145 3201/2090/148
f 3165/2089/3486 3201/2090/148 3164/2091/3487
f 3164/2091/3487 3201/2090/148 3163/2092/3488
f 3163/2092/3488 3201/2090/148 3202/2093/151
f 3163/2092/3488 3202/2093/151 3162/2094/3489
f 3162/2094/3489 3202/2093/151 3161/2095/3490
f 3161/2095/3490 3202/2093/151 3203/2096/95
f 3161/2095/3490 3203/2096/95 3160/2097/3491
f 3160/2097/3491 3203/2096/95 3159/2035/3455
f 3159/2035/3455 3203/2096/95 3204/2036/96
f 3218/2098/94 3208/2099/94 3195/2100/94
f 3195/2100/94 3208/2099/94 3207/2101/94
f 3195/2100/94 3207/2101/94 3196/2102/94
f 3196/2102/94 3207/2101/94 3206/2103/94
f 3196/2102/94 3206/2103/94 3197/2104/94
f 3197/2104/94 3206/2103/94 3205/2105/94
f 3197/2104/94 3205/2105/94 3198/2106/94
f 3198/2106/94 3205/2105/94 3204/2107/94
f 3198/2106/94 3204/2107/94 3199/2108/94
f 3199/2108/94 3204/2107/94 3203/2109/94
f 3199/2108/94 3203/2109/94 3200/2110/94
f 3200/2110/94 3203/2109/94 3202/2111/94
f 3200/2110/94 3202/2111/94 3201/2112/94
f 3208/2099/94 3218/2098/94 3209/2113/94
f 3209/2113/94 3218/2098/94 3217/2114/94
f 3209/2113/94 3217/2114/94 3210/2115/94
f 3210/2115/94 3217/2114/94 3216/2116/94
f 3210/2115/94 3216/2116/94 3211/2117/94
f 3211/2117/94 3216/2116/94 3215/2118/94
f 3211/2117/94 3215/2118/94 3212/2119/94
f 3212/2119/94 3215/2118/94 3214/2120/94
f 3212/2119/94 3214/2120/94 3213/2121/94
f 3220/2122/3492 3263/2038/100 3219/2123/3493
f 3219/2123/3493 3263/2038/100 3264/2040/102
f 3219/2123/3493 3264/2040/102 3252/2124/3494
f 3252/2124/3494 3264/2040/102 3265/2042/105
f 3252/2124/3494 3265/2042/105 3251/2125/3495
f 3251/2126/3495 3265/2045/105 3266/2047/107
f 3251/2126/3495 3266/2047/107 3250/2127/3496
f 3250/2127/3496 3266/2047/107 3267/2050/109
f 3250/2127/3496 3267/2050/109 3249/2128/3497
f 3249/2128/3497 3267/2050/109 3268/2052/111
f 3249/2128/3497 3268/2052/111 3248/2129/3498
f 3248/2129/3498 3268/2052/111 3247/2130/3499
f 3247/2130/3499 3268/2052/111 3269/2055/113
f 3247/2130/3499 3269/2055/113 3246/2131/3500
f 3246/2131/3500 3269/2055/113 3245/2132/3501
f 3245/2132/3501 3269/2055/113 3270/2058/115
f 3245/2132/3501 3270/2058/115 3244/2133/3502
f 3244/2133/3502 3270/2058/115 3243/2134/3503
f 3243/2134/3503 3270/2058/115 3271/2061/117
f 3243/2134/3503 3271/2061/117 3242/2135/3504
f 3242/2135/3504 3271/2061/117 3272/2063/120
f 3242/2135/3504 3272/2063/120 3241/2136/3505
f 3241/2136/3505 3272/2063/120 3240/2137/3506
f 3240/2137/3506 3272/2063/120 3273/2065/123
f 3240/2137/3506 3273/2065/123 3239/2138/3507
f 3239/2138/3507 3273/2065/123 3274/2068/126
f 3239/2138/3507 3274/2068/126 3238/2139/3508
f 3238/2139/3508 3274/2068/126 3275/2070/129
f 3238/2139/3508 3275/2070/129 3237/2140/3509
f 3237/2140/3509 3275/2070/129 3276/2072/265
f 3237/2140/3509 3276/2072/265 3236/2141/3510
f 3236/2141/3510 3276/2072/265 3235/2142/3511
f 3235/2142/3511 3276/2072/265 3253/2074/268
f 3235/2142/3511 3253/2074/268 3234/2143/3512
f 3234/2143/3512 3253/2074/268 3254/2076/136
f 3234/2143/3512 3254/2076/136 3233/2144/3513
f 3233/2144/3513 3254/2076/136 3255/2079/138
f 3233/2144/3513 3255/2079/138 3232/2145/3514
f 3232/2145/3514 3255/2079/138 3256/2082/140
f 3232/2145/3514 3256/2082/140 3231/2146/3515
f 3231/2146/3515 3256/2082/140 3230/2147/3516
f 3230/2147/3516 3256/2082/140 3257/2085/143
f 3230/2147/3516 3257/2085/143 3229/2148/3517
f 3229/2148/3517 3257/2085/143 3258/2088/145
f 3229/2148/3517 3258/2088/145 3228/2149/3518
f 3228/2149/3518 3258/2088/145 3227/2150/3519
f 3227/2150/3519 3258/2088/145 3259/2090/148
f 3227/2150/3519 3259/2090/148 3226/2151/3520
f 3226/2151/3520 3259/2090/148 3225/2152/3521
f 3225/2152/3521 3259/2090/148 3260/2093/151
f 3225/2152/3521 3260/2093/151 3224/2153/3522
f 3224/2153/3522 3260/2093/151 3223/2154/3523
f 3223/2154/3523 3260/2093/151 3261/2096/95
f 3223/2154/3523 3261/2096/95 3222/2155/3524
f 3222/2155/3524 3261/2096/95 3262/2036/96
f 3222/2155/3524 3262/2036/96 3221/2156/3525
f 3221/2156/3525 3262/2036/96 3263/2038/100
f 3221/2156/3525 3263/2038/100 3220/2122/3492
f 3276/2098/94 3266/2099/94 3253/2100/94
f 3253/2100/94 3266/2099/94 3265/2101/94
f 3253/2100/94 3265/2101/94 3254/2102/94
f 3254/2102/94 3265/2101/94 3264/2103/94
f 3254/2102/94 3264/2103/94 3255/2104/94
f 3255/2104/94 3264/2103/94 3263/2105/94
f 3255/2104/94 3263/2105/94 3256/2106/94
f 3256/2106/94 3263/2105/94 3262/2107/94
f 3256/2106/94 3262/2107/94 3257/2108/94
f 3257/2108/94 3262/2107/94 3261/2109/94
f 3257/2108/94 3261/2109/94 3258/2110/94
f 3258/2110/94 3261/2109/94 3260/2111/94
f 3258/2110/94 3260/2111/94 3259/2112/94
f 3266/2099/94 3276/2098/94 3267/2113/94
f 3267/2113/94 3276/2098/94 3275/2114/94
f 3267/2113/94 3275/2114/94 3268/2115/94
f 3268/2115/94 3275/2114/94 3274/2116/94
f 3268/2115/94 3274/2116/94 3269/2117/94
f 3269/2117/94 3274/2116/94 3273/2118/94
f 3269/2117/94 3273/2118/94 3270/2119/94
f 3270/2119/94 3273/2118/94 3272/2120/94
f 3270/2119/94 3272/2120/94 3271/2121/94
f 3278/2994/3526 3310/2995/117 3277/2996/117
f 3277/2996/117 3310/2995/117 3311/2997/3527
f 3277/2996/117 3311/2997/3527 3309/2998/3528
f 3309/2998/3528 3311/2997/3527 3312/2999/3529
f 3309/2998/3528 3312/2999/3529 3308/3000/3529
f 3308/3000/3529 3312/2999/3529 3313/3001/3530
f 3308/3000/3529 3313/3001/3530 3307/3002/3530
f 3307/3002/3530 3313/3001/3530 3314/3003/3531
f 3307/3002/3530 3314/3003/3531 3306/3004/3531
f 3306/3004/3531 3314/3003/3531 3315/3005/3532
f 3306/3004/3531 3315/3005/3532 3305/3006/3532
f 3305/3006/3532 3315/3005/3532 3316/3007/3533
f 3305/3006/3532 3316/3007/3533 3304/3008/3533
f 3304/3008/3533 3316/3007/3533 3317/3009/3534
f 3304/3008/3533 3317/3009/3534 3303/3010/3534
f 3303/3010/3534 3317/3009/3534 3318/3011/3535
f 3303/3010/3534 3318/3011/3535 3302/3012/3535
f 3302/3013/3535 3318/3014/3535 3319/3015/3536
f 3302/3013/3535 3319/3015/3536 3301/3016/3536
f 3301/3016/3536 3319/3015/3536 3320/3017/3537
f 3301/3016/3536 3320/3017/3537 3300/3018/3537
f 3300/3018/3537 3320/3017/3537 3321/3019/100
f 3300/3018/3537 3321/3019/100 3299/3020/100
f 3299/3020/100 3321/3019/100 3322/3021/3538
f 3299/3020/100 3322/3021/3538 3298/3022/3539
f 3298/3022/3539 3322/3021/3538 3323/3023/3540
f 3298/3022/3539 3323/3023/3540 3297/3024/3540
f 3297/3024/3540 3323/3023/3540 3324/3025/3541
f 3297/3024/3540 3324/3025/3541 3296/3026/3541
f 3296/3026/3541 3324/3025/3541 3325/3027/3542
f 3296/3026/3541 3325/3027/3542 3295/3028/3542
f 3295/3028/3542 3325/3027/3542 3326/3029/3543
f 3295/3028/3542 3326/3029/3543 3294/3030/3543
f 3294/3030/3543 3326/3029/3543 3327/3031/3544
f 3294/3030/3543 3327/3031/3544 3293/3032/3544
f 3293/3032/3544 3327/3031/3544 3328/3033/3545
f 3293/3032/3544 3328/3033/3545 3292/3034/3545
f 3292/3034/3545 3328/3033/3545 3329/3035/3546
f 3292/3034/3545 3329/3035/3546 3291/3036/3546
f 3291/3036/3546 3329/3035/3546 3330/3037/3547
f 3291/3036/3546 3330/3037/3547 3290/3038/3547
f 3290/3038/3547 3330/3037/3547 3331/3039/3548
f 3290/3038/3547 3331/3039/3548 3289/3040/3549
f 3289/3040/3549 3331/3039/3548 3332/3041/138
f 3289/3040/3549 3332/3041/138 3288/3042/138
f 3288/3042/138 3332/3041/138 3333/3043/3550
f 3288/3042/138 3333/3043/3550 3287/3044/3550
f 3287/3044/3550 3333/3043/3550 3334/3045/3551
f 3287/3044/3550 3334/3045/3551 3286/3046/3551
f 3286/3046/3551 3334/3045/3551 3335/3047/3552
f 3286/3046/3551 3335/3047/3552 3285/3048/3552
f 3285/3048/3552 3335/3047/3552 3336/3049/3553
f 3285/3048/3552 3336/3049/3553 3284/3050/3553
f 3284/3050/3553 3336/3049/3553 3337/3051/3554
f 3284/3050/3553 3337/3051/3554 3283/3052/3554
f 3283/3052/3554 3337/3051/3554 3338/3053/3555
f 3283/3052/3554 3338/3053/3555 3282/3054/3555
f 3282/3054/3555 3338/3053/3555 3339/3055/3556
f 3282/3054/3555 3339/3055/3556 3281/3056/3556
f 3281/3056/3556 3339/3055/3556 3340/3057/3557
f 3281/3056/3556 3340/3057/3557 3280/3058/3557
f 3280/3058/3557 3340/3057/3557 3341/3059/3558
f 3280/3058/3557 3341/3059/3558 3279/3060/3558
f 3279/3060/3558 3341/3059/3558 3342/3061/3559
f 3279/3060/3558 3342/3061/3559 3278/2994/3526
f 3278/2994/3526 3342/3061/3559 3310/2995/117
f 3343/2988/105 3344/2726/105 3118/3062/105
f 3118/3062/105 3344/2726/105 3080/3063/105
f 3080/3063/105 3344/2726/105 3137/3064/105
f 3137/3064/105 3344/2726/105 3345/3065/105
f 3137/3064/105 3345/3065/105 3132/2993/105
f 3132/2993/105 3345/3065/105 2966/3066/105
f 2966/3066/105 3345/3065/105 2791/3067/105
f 2791/3067/105 3345/3065/105 2794/3068/105
f 2794/3068/105 3345/3065/105 2944/3069/105
f 2794/3068/105 2944/3069/105 2739/3070/105
f 2739/3070/105 2944/3069/105 2774/3071/105
f 2774/3071/105 2944/3069/105 2943/3072/105
f 3347/2993/117 3056/2992/117 3346/2990/117
f 3346/2990/117 3056/2992/117 3067/2991/117
f 3346/2990/117 3067/2991/117 3043/2989/117
f 3346/2990/117 3043/2989/117 3348/58/117
f 3348/58/117 3043/2989/117 3048/2988/117
f 3348/58/117 3048/2988/117 2622/2987/117
f 2622/2987/117 2363/2710/117 3348/58/117
f 3348/58/117 2363/2710/117 2360/2986/117
f 3348/58/117 2360/2986/117 2607/2983/117
f 2607/2983/117 2360/2986/117 2382/2985/117
f 2607/2983/117 2382/2985/117 2373/2984/117
f 2373/2984/117 2596/2715/117 2607/2983/117
f 2937/3073/2070 3308/3074/2070 2258/3075/2070
f 2258/3075/2070 3308/3074/2070 3307/3076/2070
f 2258/3075/2070 3307/3076/2070 3306/3077/2070
f 2936/3078/2070 3279/3079/2070 2937/3073/2070
f 2937/3073/2070 3279/3079/2070 3278/3080/2070
f 2937/3073/2070 3278/3080/2070 3277/3081/2070
f 2949/3082/2070 2948/3083/2070 2936/3078/2070
f 2936/3078/2070 2948/3083/2070 2947/3084/2070
f 2936/3078/2070 2947/3084/2070 2946/3085/2070
f 2946/3085/2070 2945/3086/2070 2936/3078/2070
f 2936/3078/2070 2945/3086/2070 2944/3087/2070
f 2936/3078/2070 2944/3087/2070 3281/3088/2070
f 3281/3088/2070 2944/3087/2070 3282/3089/2070
f 3282/3089/2070 2944/3087/2070 3283/3090/2070
f 3283/3090/2070 2944/3087/2070 3345/3091/2070
f 3283/3090/2070 3345/3091/2070 3284/3092/2070
f 3284/3092/2070 3345/3091/2070 3285/3093/2070
f 3285/3093/2070 3345/3091/2070 3286/3094/2070
f 3286/3094/2070 3345/3091/2070 3287/3095/2070
f 3287/3095/2070 3345/3091/2070 3288/3096/2070
f 3288/3096/2070 3345/3091/2070 3344/3097/2070
f 3288/3096/2070 3344/3097/2070 3289/3098/2070
f 3289/3098/2070 3344/3097/2070 3346/3099/2070
f 3289/3098/2070 3346/3099/2070 3290/3100/2070
f 3290/3100/2070 3346/3099/2070 3291/3101/2070
f 3291/3101/2070 3346/3099/2070 3348/3102/2070
f 3291/3101/2070 3348/3102/2070 3292/3103/2070
f 3292/3103/2070 3348/3102/2070 3293/3104/2070
f 3293/3104/2070 3348/3102/2070 3294/3105/2070
f 3294/3105/2070 3348/3102/2070 3295/3106/2070
f 3295/3106/2070 3348/3102/2070 3296/3107/2070
f 3296/3107/2070 3348/3102/2070 2607/3108/2070
f 3296/3107/2070 2607/3108/2070 3297/3109/2070
f 3297/3109/2070 2607/3108/2070 3298/3110/2070
f 3298/3110/2070 2607/3108/2070 2593/3111/2070
f 3298/3110/2070 2593/3111/2070 3299/3112/2070
f 3299/3112/2070 2593/3111/2070 2595/3113/2070
f 3299/3112/2070 2595/3113/2070 3300/3114/2070
f 3300/3114/2070 2595/3113/2070 3301/3115/2070
f 3301/3115/2070 2595/3113/2070 3302/3116/2070
f 3302/3116/2070 2595/3113/2070 3303/3117/2070
f 3303/3117/2070 2595/3113/2070 3304/3118/2070
f 3304/3118/2070 2595/3113/2070 2264/3119/2070
f 3304/3118/2070 2264/3119/2070 3305/3120/2070
f 3305/3120/2070 2264/3119/2070 3306/3077/2070
f 3306/3077/2070 2264/3119/2070 2258/3075/2070
f 3349/3121/2070 3350/3122/2070 3344/3097/2070
f 3344/3097/2070 3350/3122/2070 3351/3123/2070
f 3344/3097/2070 3351/3123/2070 3352/3124/2070
f 3352/3124/2070 3353/3125/2070 3344/3097/2070
f 3344/3097/2070 3353/3125/2070 3346/3099/2070
f 2607/3108/2070 2606/3126/2070 2593/3111/2070
f 2593/3111/2070 2606/3126/2070 2605/3127/2070
f 2593/3111/2070 2605/3127/2070 2604/3128/2070
f 2604/3128/2070 2603/3129/2070 2593/3111/2070
f 2593/3111/2070 2603/3129/2070 2602/3130/2070
f 2264/3119/2070 2263/3131/2070 2258/3075/2070
f 2258/3075/2070 2263/3131/2070 2262/3132/2070
f 2258/3075/2070 2262/3132/2070 2261/3133/2070
f 2261/3133/2070 2260/3134/2070 2258/3075/2070
f 2258/3075/2070 2260/3134/2070 2259/3135/2070
f 3277/3081/2070 3309/3136/2070 2937/3073/2070
f 2937/3073/2070 3309/3136/2070 3308/3074/2070
f 3281/3088/2070 3280/3137/2070 2936/3078/2070
f 2936/3078/2070 3280/3137/2070 3279/3079/2070
f 3344/2157/105 3343/2158/105 3349/2159/107
f 3349/2159/107 3343/2158/105 3354/2160/107
f 3349/2159/107 3354/2160/107 3350/2161/109
f 3350/2161/109 3354/2160/107 3355/2162/109
f 3350/2161/109 3355/2162/109 3351/58/111
f 3351/58/111 3355/2162/109 3356/2163/111
f 3351/58/111 3356/2163/111 3352/2164/113
f 3352/2164/113 3356/2163/111 3357/2165/113
f 3352/2164/113 3357/2165/113 3353/2166/115
f 3353/2166/115 3357/2165/113 3358/2167/115
f 3353/2166/115 3358/2167/115 3346/2168/117
f 3346/2168/117 3358/2167/115 3347/2169/117
f 3046/2170/105 3359/2171/105 3031/2172/105
f 3031/2172/105 3359/2171/105 3047/2173/105
f 3036/2174/3560 3038/2175/3560 3039/2176/3561
f 3039/2176/3561 3038/2175/3560 3360/2177/3561
f 3039/2176/3561 3360/2177/3561 3361/2178/3562
f 3045/2179/3563 3033/2180/3563 3361/2178/3562
f 3361/2178/3562 3033/2180/3563 3040/2181/3562
f 3361/2178/3562 3040/2181/3562 3039/2176/3561
f 3065/2182/2210 3362/2183/2210 3050/2184/2210
f 3050/2184/2210 3362/2183/2210 3066/2185/2210
f 3053/2186/3564 3059/2187/3564 3060/2188/3565
f 3060/2188/3565 3059/2187/3564 3363/2189/3565
f 3060/2188/3565 3363/2189/3565 3061/2190/3566
f 3061/2190/3566 3363/2189/3565 3364/2191/3566
f 3061/2190/3566 3364/2191/3566 3052/2192/3567
f 3052/2192/3567 3364/2191/3566 3064/2193/3567
f 3135/2194/2256 3365/2195/2256 3120/2184/2256
f 3120/2184/2256 3365/2195/2256 3136/2196/2256
f 3125/2197/3568 3127/2198/3568 3128/2199/3569
f 3128/2199/3569 3127/2198/3568 3366/2200/3569
f 3128/2199/3569 3366/2200/3569 3367/2201/3570
f 3134/2202/3571 3122/2203/3571 3367/2201/3570
f 3367/2201/3570 3122/2203/3571 3129/2204/3570
f 3367/2201/3570 3129/2204/3570 3128/2199/3569
f 3073/2205/3572 3075/2206/3573 3076/2207/3574
f 3076/2207/3574 3075/2206/3573 3368/2208/3574
f 3076/2207/3574 3368/2208/3574 3077/2209/3575
f 3077/2209/3575 3368/2208/3574 3369/2210/3575
f 3077/2209/3575 3369/2210/3575 3070/2211/3576
f 3070/2211/3576 3369/2210/3575 3082/2212/3576
f 3083/2213/2225 3139/2214/2225 3068/2215/2225
f 3068/2215/2225 3139/2214/2225 3084/2216/2225
f 3342/3138/94 2704/3139/94 3310/3140/94
f 3310/3140/94 2704/3139/94 2969/3141/94
f 3310/3140/94 2969/3141/94 2968/3142/94
f 3341/3143/94 2952/3144/94 3342/3138/94
f 3342/3138/94 2952/3144/94 2951/3145/94
f 3342/3138/94 2951/3145/94 2704/3139/94
f 3340/3146/94 2972/3147/94 3341/3143/94
f 3341/3143/94 2972/3147/94 2971/3148/94
f 3341/3143/94 2971/3148/94 2970/3149/94
f 3339/3150/94 2983/3151/94 3340/3146/94
f 3340/3146/94 2983/3151/94 2982/3152/94
f 3340/3146/94 2982/3152/94 2981/3153/94
f 3338/3154/94 2985/3155/94 3339/3150/94
f 3339/3150/94 2985/3155/94 2984/3156/94
f 3339/3150/94 2984/3156/94 2983/3151/94
f 3337/3157/94 3021/3158/94 3338/3154/94
f 3338/3154/94 3021/3158/94 3020/3159/94
f 3338/3154/94 3020/3159/94 3025/3160/94
f 3336/3161/94 2957/3162/94 3337/3157/94
f 3337/3157/94 2957/3162/94 2793/3163/94
f 3337/3157/94 2793/3163/94 3023/3164/94
f 3335/3165/94 2784/3166/94 3336/3161/94
f 3336/3161/94 2784/3166/94 2958/3167/94
f 3336/3161/94 2958/3167/94 2957/3162/94
f 3334/3168/94 3394/3169/94 3335/3165/94
f 3335/3165/94 3394/3169/94 2964/3170/94
f 3335/3165/94 2964/3170/94 2963/3171/94
f 3333/3172/94 3366/3173/94 3334/3168/94
f 3334/3168/94 3366/3173/94 3127/3174/94
f 3334/3168/94 3127/3174/94 3392/3175/94
f 3332/3176/94 3134/3177/94 3333/3172/94
f 3333/3172/94 3134/3177/94 3367/3178/94
f 3333/3172/94 3367/3178/94 3366/3173/94
f 3331/3179/94 3387/3180/94 3332/3176/94
f 3332/3176/94 3387/3180/94 3388/3181/94
f 3332/3176/94 3388/3181/94 3389/3182/94
f 3330/3183/94 3382/3184/94 3331/3179/94
f 3331/3179/94 3382/3184/94 3383/3185/94
f 3331/3179/94 3383/3185/94 3384/3186/94
f 3329/3187/94 3378/3188/94 3330/3183/94
f 3330/3183/94 3378/3188/94 3064/3189/94
f 3330/3183/94 3064/3189/94 3364/3190/94
f 3328/3191/94 3373/3192/94 3329/3187/94
f 3329/3187/94 3373/3192/94 3374/3193/94
f 3329/3187/94 3374/3193/94 3375/3194/94
f 3327/3195/94 3361/3196/94 3328/3191/94
f 3328/3191/94 3361/3196/94 3360/3197/94
f 3328/3191/94 3360/3197/94 3038/3198/94
f 3326/3199/94 2624/3200/94 3327/3195/94
f 3327/3195/94 2624/3200/94 3370/3201/94
f 3327/3195/94 3370/3201/94 3371/3202/94
f 3325/3203/94 2609/3204/94 3326/3199/94
f 3326/3199/94 2609/3204/94 2362/3205/94
f 3326/3199/94 2362/3205/94 2627/3206/94
f 3324/3207/94 2628/3208/94 3325/3203/94
f 3325/3203/94 2628/3208/94 2353/3209/94
f 3325/3203/94 2353/3209/94 2610/3210/94
f 3323/3211/94 2633/3212/94 3324/3207/94
f 3324/3207/94 2633/3212/94 2632/3213/94
f 3324/3207/94 2632/3213/94 2631/3214/94
f 3322/3215/94 2642/3216/94 3323/3211/94
f 3323/3211/94 2642/3216/94 2641/3217/94
f 3323/3211/94 2641/3217/94 2640/3218/94
f 3321/3219/94 2683/3220/94 3322/3215/94
f 3322/3215/94 2683/3220/94 2682/3221/94
f 3322/3215/94 2682/3221/94 2390/3222/94
f 3320/3223/94 2451/3224/94 3321/3219/94
f 3321/3219/94 2451/3224/94 2681/3225/94
f 3321/3219/94 2681/3225/94 2680/3226/94
f 3319/3227/94 2616/3228/94 3320/3223/94
f 3320/3223/94 2616/3228/94 2615/3229/94
f 3320/3223/94 2615/3229/94 2451/3224/94
f 3318/3230/94 2621/3231/94 3319/3227/94
f 3319/3227/94 2621/3231/94 2620/3232/94
f 3319/3227/94 2620/3232/94 2619/3233/94
f 3317/3234/94 2101/3235/94 3318/3230/94
f 3318/3230/94 2101/3235/94 2281/3236/94
f 3318/3230/94 2281/3236/94 2280/3237/94
f 3316/3238/94 2273/3239/94 3317/3234/94
f 3317/3234/94 2273/3239/94 2272/3240/94
f 3317/3234/94 2272/3240/94 2101/3235/94
f 3315/3241/94 2336/3242/94 3316/3238/94
f 3316/3238/94 2336/3242/94 2341/3243/94
f 3316/3238/94 2341/3243/94 2340/3244/94
f 3314/3245/94 2301/3246/94 3315/3241/94
f 3315/3241/94 2301/3246/94 2300/3247/94
f 3315/3241/94 2300/3247/94 2299/3248/94
f 3313/3249/94 2303/3250/94 3314/3245/94
f 3314/3245/94 2303/3250/94 2302/3251/94
f 3314/3245/94 2302/3251/94 2301/3246/94
f 3312/3252/94 2291/3253/94 3313/3249/94
f 3313/3249/94 2291/3253/94 2290/3254/94
f 3313/3249/94 2290/3254/94 2289/3255/94
f 3311/3256/94 2266/3257/94 3312/3252/94
f 3312/3252/94 2266/3257/94 2012/3258/94
f 3312/3252/94 2012/3258/94 2293/3259/94
f 3310/3140/94 2019/3260/94 3311/3256/94
f 3311/3256/94 2019/3260/94 2267/3261/94
f 3311/3256/94 2267/3261/94 2266/3257/94
f 2967/3262/94 2285/3263/94 3310/3140/94
f 3310/3140/94 2285/3263/94 2284/3264/94
f 3310/3140/94 2284/3264/94 2283/3265/94
f 2283/3265/94 2282/3266/94 3310/3140/94
f 3310/3140/94 2282/3266/94 2019/3260/94
f 2293/3259/94 2292/3267/94 3312/3252/94
f 3312/3252/94 2292/3267/94 2291/3253/94
f 2289/3255/94 2288/3268/94 3313/3249/94
f 3313/3249/94 2288/3268/94 2038/3269/94
f 3313/3249/94 2038/3269/94 2270/3270/94
f 2270/3270/94 2269/3271/94 3313/3249/94
f 3313/3249/94 2269/3271/94 2033/3272/94
f 3313/3249/94 2033/3272/94 2305/3273/94
f 2305/3273/94 2304/3274/94 3313/3249/94
f 3313/3249/94 2304/3274/94 2303/3250/94
f 2299/3248/94 2056/3275/94 3315/3241/94
f 3315/3241/94 2056/3275/94 2275/3276/94
f 3315/3241/94 2275/3276/94 2274/3277/94
f 2274/3277/94 2049/3278/94 3315/3241/94
f 3315/3241/94 2049/3278/94 2339/3279/94
f 3315/3241/94 2339/3279/94 2338/3280/94
f 2338/3280/94 2337/3281/94 3315/3241/94
f 3315/3241/94 2337/3281/94 2336/3242/94
f 2340/3244/94 2108/3282/94 3316/3238/94
f 3316/3238/94 2108/3282/94 2273/3239/94
f 2280/3237/94 2279/3283/94 3318/3230/94
f 3318/3230/94 2279/3283/94 2278/3284/94
f 3318/3230/94 2278/3284/94 2621/3231/94
f 2619/3233/94 2442/3285/94 3319/3227/94
f 3319/3227/94 2442/3285/94 2616/3228/94
f 2680/3226/94 2679/3286/94 3321/3219/94
f 3321/3219/94 2679/3286/94 2678/3287/94
f 3321/3219/94 2678/3287/94 2683/3220/94
f 2390/3222/94 2618/3288/94 3322/3215/94
f 3322/3215/94 2618/3288/94 2617/3289/94
f 3322/3215/94 2617/3289/94 2399/3290/94
f 2399/3290/94 2645/3291/94 3322/3215/94
f 3322/3215/94 2645/3291/94 2644/3292/94
f 3322/3215/94 2644/3292/94 2643/3293/94
f 2643/3293/94 2642/3216/94 3322/3215/94
f 2640/3218/94 2639/3294/94 3323/3211/94
f 3323/3211/94 2639/3294/94 2374/3295/94
f 3323/3211/94 2374/3295/94 2613/3296/94
f 2613/3296/94 2612/3297/94 3323/3211/94
f 3323/3211/94 2612/3297/94 2381/3298/94
f 3323/3211/94 2381/3298/94 2633/3212/94
f 2631/3214/94 2630/3299/94 3324/3207/94
f 3324/3207/94 2630/3299/94 2629/3300/94
f 3324/3207/94 2629/3300/94 2628/3208/94
f 2610/3210/94 2609/3204/94 3325/3203/94
f 2627/3206/94 2626/3301/94 3326/3199/94
f 3326/3199/94 2626/3301/94 2625/3302/94
f 3326/3199/94 2625/3302/94 2624/3200/94
f 3371/3202/94 3372/3303/94 3327/3195/94
f 3327/3195/94 3372/3303/94 3045/3304/94
f 3327/3195/94 3045/3304/94 3361/3196/94
f 3038/3198/94 3373/3192/94 3328/3191/94
f 3375/3194/94 3376/3305/94 3329/3187/94
f 3329/3187/94 3376/3305/94 3377/3306/94
f 3329/3187/94 3377/3306/94 3378/3188/94
f 3364/3190/94 3363/3307/94 3330/3183/94
f 3330/3183/94 3363/3307/94 3059/3308/94
f 3330/3183/94 3059/3308/94 3379/3309/94
f 3379/3309/94 3380/3310/94 3330/3183/94
f 3330/3183/94 3380/3310/94 3381/3311/94
f 3330/3183/94 3381/3311/94 3382/3184/94
f 3384/3186/94 3385/3312/94 3331/3179/94
f 3331/3179/94 3385/3312/94 3082/3313/94
f 3331/3179/94 3082/3313/94 3369/3314/94
f 3369/3314/94 3368/3315/94 3331/3179/94
f 3331/3179/94 3368/3315/94 3075/3316/94
f 3331/3179/94 3075/3316/94 3386/3317/94
f 3386/3317/94 3387/3180/94 3331/3179/94
f 3389/3182/94 3390/3318/94 3332/3176/94
f 3332/3176/94 3390/3318/94 3391/3319/94
f 3332/3176/94 3391/3319/94 3134/3177/94
f 3392/3175/94 3393/3320/94 3334/3168/94
f 3334/3168/94 3393/3320/94 3394/3169/94
f 2963/3171/94 2962/3321/94 3335/3165/94
f 3335/3165/94 2962/3321/94 2961/3322/94
f 3335/3165/94 2961/3322/94 2784/3166/94
f 3023/3164/94 3022/3323/94 3337/3157/94
f 3337/3157/94 3022/3323/94 3021/3158/94
f 3025/3160/94 3024/3324/94 3338/3154/94
f 3338/3154/94 3024/3324/94 2732/3325/94
f 3338/3154/94 2732/3325/94 2960/3326/94
f 2960/3326/94 2959/3327/94 3338/3154/94
f 3338/3154/94 2959/3327/94 2741/3328/94
f 3338/3154/94 2741/3328/94 2987/3329/94
f 2987/3329/94 2986/3330/94 3338/3154/94
f 3338/3154/94 2986/3330/94 2985/3155/94
f 2981/3153/94 2716/3331/94 3340/3146/94
f 3340/3146/94 2716/3331/94 2955/3332/94
f 3340/3146/94 2955/3332/94 2954/3333/94
f 2954/3333/94 2723/3334/94 3340/3146/94
f 3340/3146/94 2723/3334/94 2975/3335/94
f 3340/3146/94 2975/3335/94 2974/3336/94
f 2974/3336/94 2973/3337/94 3340/3146/94
f 3340/3146/94 2973/3337/94 2972/3147/94
f 2970/3149/94 2695/3338/94 3341/3143/94
f 3341/3143/94 2695/3338/94 2952/3144/94
f 2968/3142/94 2967/3262/94 3310/3140/94
f 3138/2217/3577 2964/2218/3164 3126/2219/3578
f 3126/2219/3578 2964/2218/3164 3394/2220/3579
f 3126/2219/3578 3394/2220/3579 3393/2221/3580
f 2964/2218/3164 3138/2217/3577 2965/2222/3164
f 2965/2222/3164 3138/2217/3577 3133/2223/3581
f 2965/2222/3164 3133/2223/3581 2966/2224/3164
f 2966/2224/3164 3133/2223/3581 3132/2225/3166
f 3393/2221/3580 3392/2226/3582 3126/2219/3578
f 3126/2219/3578 3392/2226/3582 3127/2227/3583
f 3359/2228/3584 2623/2229/2798 3047/2230/3585
f 3047/2230/3585 2623/2229/2798 2622/58/2794
f 3047/2230/3585 2622/58/2794 3048/2231/2800
f 2623/2229/2798 3359/2228/3584 2624/2232/2794
f 2624/2232/2794 3359/2228/3584 3046/2233/3586
f 2624/2232/2794 3046/2233/3586 3370/2234/3587
f 3370/2234/3587 3046/2233/3586 3371/2235/3588
f 3371/2235/3588 3046/2233/3586 3372/2236/3589
f 3372/2236/3589 3046/2233/3586 3045/2237/3590
f 3362/2238/3591 3396/2239/3592 3066/2240/3593
f 3066/2240/3593 3396/2239/3592 3397/2241/3594
f 3066/2240/3593 3397/2241/3594 3067/2242/2816
f 3067/2242/2816 3397/2241/3594 3043/2243/2815
f 3043/2243/2815 3397/2241/3594 3044/2244/3595
f 3044/2244/3595 3397/2241/3594 3396/2239/3592
f 3044/2244/3595 3396/2239/3592 3395/2245/3596
f 3395/2245/3596 3396/2239/3592 3362/2238/3591
f 3395/2245/3596 3362/2238/3591 3399/2246/3597
f 3399/2246/3597 3362/2238/3591 3398/2247/3598
f 3399/2246/3597 3398/2247/3598 3049/2248/3599
f 3049/2248/3599 3398/2247/3598 3037/2249/3600
f 3037/2249/3600 3398/2247/3598 3375/2250/3601
f 3037/2249/3600 3375/2250/3601 3374/2251/3602
f 3362/2238/3591 3065/2252/3603 3398/2247/3598
f 3398/2247/3598 3065/2252/3603 3375/2250/3601
f 3064/2253/3604 3378/2254/3605 3065/2252/3603
f 3065/2252/3603 3378/2254/3605 3377/2255/3606
f 3065/2252/3603 3377/2255/3606 3376/2256/3607
f 3376/2256/3607 3375/2250/3601 3065/2252/3603
f 3374/2251/3602 3373/2257/3608 3037/2249/3600
f 3037/2249/3600 3373/2257/3608 3038/2258/3609
f 3399/2246/3597 3049/2248/3599 3395/2245/3596
f 3395/2245/3596 3049/2248/3599 3044/2244/3595
f 3159/2259/3610 3158/2260/3611 3404/2261/3612
f 3404/2261/3612 3158/2260/3611 3194/2262/3613
f 3404/2261/3612 3194/2262/3613 3193/2263/3614
f 3404/2261/3612 3193/2263/3614 3382/2264/3615
f 3382/2264/3615 3193/2263/3614 3192/2265/3616
f 3382/2264/3615 3192/2265/3616 3191/2266/3617
f 3191/2266/3617 3190/2267/3618 3382/2264/3615
f 3382/2264/3615 3190/2267/3618 3189/2268/3619
f 3382/2264/3615 3189/2268/3619 3188/2269/3620
f 3188/2269/3620 3187/2270/3621 3382/2264/3615
f 3382/2264/3615 3187/2270/3621 3186/2271/3622
f 3382/2264/3615 3186/2271/3622 3185/2272/3623
f 3184/2273/3624 3083/2274/3625 3185/2272/3623
f 3185/2272/3623 3083/2274/3625 3383/2275/3626
f 3185/2272/3623 3383/2275/3626 3382/2264/3615
f 3184/2273/3624 3183/2276/3627 3083/2274/3625
f 3083/2274/3625 3183/2276/3627 3139/2277/3628
f 3139/2277/3628 3183/2276/3627 3182/2278/3629
f 3139/2277/3628 3182/2278/3629 3140/2279/3630
f 3140/2279/3630 3182/2278/3629 3141/2280/3631
f 3141/2280/3631 3182/2278/3629 3414/2281/3632
f 3141/2280/3631 3414/2281/3632 3142/2282/3633
f 3142/2282/3633 3414/2281/3632 3143/2283/3634
f 3143/2283/3634 3414/2281/3632 3144/2284/3635
f 3144/2284/3635 3414/2281/3632 3145/2285/3636
f 3145/2285/3636 3414/2281/3632 3412/2286/3637
f 3145/2285/3636 3412/2286/3637 3148/2287/3638
f 3148/2287/3638 3412/2286/3637 3149/2288/3639
f 3149/2288/3639 3412/2286/3637 3150/2289/3640
f 3150/2289/3640 3412/2286/3637 3151/2290/3641
f 3151/2290/3641 3412/2286/3637 3152/2291/3642
f 3152/2291/3642 3412/2286/3637 3176/2292/3643
f 3152/2291/3642 3176/2292/3643 3153/2293/3644
f 3153/2293/3644 3176/2292/3643 3175/2294/3645
f 3153/2293/3644 3175/2294/3645 3154/2295/3646
f 3154/2295/3646 3175/2294/3645 3413/2296/3647
f 3154/2295/3646 3413/2296/3647 3411/2297/3648
f 3411/2297/3648 3413/2296/3647 3410/2298/3649
f 3411/2297/3648 3410/2298/3649 3403/2299/3650
f 3403/2299/3650 3410/2298/3649 3420/2300/3651
f 3403/2299/3650 3420/2300/3651 3429/2301/3652
f 3429/2301/3652 3420/2300/3651 3428/2302/3653
f 3429/2301/3652 3428/2302/3653 3402/2303/3654
f 3402/2303/3654 3428/2302/3653 3415/2304/3655
f 3402/2303/3654 3415/2304/3655 3157/2305/3656
f 3157/2305/3656 3415/2304/3655 3354/2306/3657
f 3157/2305/3656 3354/2306/3657 3116/2307/3658
f 3116/2307/3658 3354/2306/3657 3117/2308/3659
f 3117/2308/3659 3354/2306/3657 3343/2309/3319
f 3117/2308/3659 3343/2309/3319 3118/2310/3320
f 3182/2278/3629 3181/2311/3660 3414/2281/3632
f 3414/2281/3632 3181/2311/3660 3180/2312/3661
f 3414/2281/3632 3180/2312/3661 3179/2313/3662
f 3179/2313/3662 3178/2314/3663 3414/2281/3632
f 3414/2281/3632 3178/2314/3663 3412/2286/3637
f 3178/2314/3663 3177/2315/3664 3412/2286/3637
f 3412/2286/3637 3177/2315/3664 3176/2292/3643
f 3175/2294/3645 3174/2316/3665 3413/2296/3647
f 3413/2296/3647 3174/2316/3665 3173/2317/3666
f 3413/2296/3647 3173/2317/3666 3172/2318/3667
f 3413/2296/3647 3172/2318/3667 3410/2298/3649
f 3410/2298/3649 3172/2318/3667 3171/2319/3668
f 3410/2298/3649 3171/2319/3668 3170/2320/3669
f 3170/2320/3669 3169/2321/3670 3410/2298/3649
f 3410/2298/3649 3169/2321/3670 3168/2322/3671
f 3410/2298/3649 3168/2322/3671 3409/2323/3672
f 3409/2323/3672 3168/2322/3671 3167/2324/3673
f 3409/2323/3672 3167/2324/3673 3166/2325/3674
f 3166/2325/3674 3165/2326/3675 3409/2323/3672
f 3409/2323/3672 3165/2326/3675 3408/2327/3676
f 3409/2323/3672 3408/2327/3676 3421/2328/3677
f 3421/2328/3677 3408/2327/3676 3422/2329/3678
f 3421/2328/3677 3422/2329/3678 3427/2330/3679
f 3427/2330/3679 3422/2329/3678 3426/2331/3680
f 3427/2330/3679 3426/2331/3680 3416/2332/3681
f 3416/2332/3681 3426/2331/3680 3417/2333/3682
f 3416/2332/3681 3417/2333/3682 3244/2334/3683
f 3244/2334/3683 3417/2333/3682 3245/2335/3684
f 3245/2335/3684 3417/2333/3682 3246/2336/3685
f 3246/2336/3685 3417/2333/3682 3247/2337/3686
f 3247/2337/3686 3417/2333/3682 3418/2338/3687
f 3247/2337/3686 3418/2338/3687 3248/2339/3688
f 3248/2339/3688 3418/2338/3687 3249/2340/3689
f 3249/2340/3689 3418/2338/3687 3250/2341/3690
f 3250/2341/3690 3418/2338/3687 3419/2342/3691
f 3250/2341/3690 3419/2342/3691 3251/2343/3692
f 3251/2343/3692 3419/2342/3691 3252/2344/3693
f 3252/2344/3693 3419/2342/3691 3219/2345/3694
f 3219/2345/3694 3419/2342/3691 3220/2346/3695
f 3220/2346/3695 3419/2342/3691 3221/2347/3696
f 3221/2347/3696 3419/2342/3691 3057/2348/3697
f 3221/2347/3696 3057/2348/3697 3222/2349/3698
f 3222/2349/3698 3057/2348/3697 3056/2350/2947
f 3222/2349/3698 3056/2350/2947 3223/2351/3699
f 3223/2351/3699 3056/2350/2947 3224/2352/3700
f 3224/2352/3700 3056/2350/2947 3225/2353/3701
f 3225/2353/3701 3056/2350/2947 3347/2354/2863
f 3225/2353/3701 3347/2354/2863 3226/2355/3702
f 3226/2355/3702 3347/2354/2863 3227/2356/3703
f 3227/2356/3703 3347/2354/2863 3228/2357/3704
f 3228/2357/3704 3347/2354/2863 3229/2358/3705
f 3229/2358/3705 3347/2354/2863 3230/2359/3706
f 3230/2359/3706 3347/2354/2863 3231/2360/3707
f 3231/2360/3707 3347/2354/2863 3358/2361/3708
f 3231/2360/3707 3358/2361/3708 3232/2362/3709
f 3232/2362/3709 3358/2361/3708 3357/2363/3710
f 3232/2362/3709 3357/2363/3710 3233/2364/3711
f 3233/2364/3711 3357/2363/3710 3234/2365/3712
f 3234/2365/3712 3357/2363/3710 3356/2366/3713
f 3234/2365/3712 3356/2366/3713 3235/2367/3714
f 3235/2367/3714 3356/2366/3713 3236/2368/3715
f 3236/2368/3715 3356/2366/3713 3355/2369/3716
f 3236/2368/3715 3355/2369/3716 3237/2370/3717
f 3237/2370/3717 3355/2369/3716 3238/2371/3718
f 3238/2371/3718 3355/2369/3716 3354/2306/3657
f 3238/2371/3718 3354/2306/3657 3239/2372/3719
f 3239/2372/3719 3354/2306/3657 3415/2304/3655
f 3239/2372/3719 3415/2304/3655 3240/2373/3720
f 3240/2373/3720 3415/2304/3655 3416/2332/3681
f 3240/2373/3720 3416/2332/3681 3241/2374/3721
f 3241/2374/3721 3416/2332/3681 3242/2375/3722
f 3242/2375/3722 3416/2332/3681 3243/2376/3723
f 3243/2376/3723 3416/2332/3681 3244/2334/3683
f 3165/2326/3675 3164/2377/3724 3408/2327/3676
f 3408/2327/3676 3164/2377/3724 3163/2378/3725
f 3408/2327/3676 3163/2378/3725 3407/2379/3726
f 3407/2379/3726 3163/2378/3725 3162/2380/3727
f 3407/2379/3726 3162/2380/3727 3161/2381/3728
f 3161/2381/3728 3160/2382/3729 3407/2379/3726
f 3407/2379/3726 3160/2382/3729 3159/2259/3610
f 3407/2379/3726 3159/2259/3610 3404/2261/3612
f 3157/2305/3656 3156/2383/3730 3402/2303/3654
f 3402/2303/3654 3156/2383/3730 3429/2301/3652
f 3429/2301/3652 3156/2383/3730 3403/2299/3650
f 3403/2299/3650 3156/2383/3730 3155/2384/3731
f 3403/2299/3650 3155/2384/3731 3411/2297/3648
f 3411/2297/3648 3155/2384/3731 3154/2295/3646
f 3147/2385/3732 3146/2386/3733 3148/2287/3638
f 3148/2287/3638 3146/2386/3733 3145/2285/3636
f 3082/2387/3734 3385/2388/3735 3083/2274/3625
f 3083/2274/3625 3385/2388/3735 3384/2389/3736
f 3083/2274/3625 3384/2389/3736 3383/2275/3626
f 3404/2261/3612 3382/2264/3615 3405/2390/3737
f 3405/2390/3737 3382/2264/3615 3381/2391/3738
f 3405/2390/3737 3381/2391/3738 3401/2392/3739
f 3401/2392/3739 3381/2391/3738 3058/2393/3740
f 3401/2392/3739 3058/2393/3740 3057/2348/3697
f 3381/2391/3738 3380/2394/3741 3058/2393/3740
f 3058/2393/3740 3380/2394/3741 3379/2395/3742
f 3058/2393/3740 3379/2395/3742 3059/2396/3743
f 3057/2348/3697 3419/2342/3691 3400/2397/3744
f 3400/2397/3744 3419/2342/3691 3418/2338/3687
f 3400/2397/3744 3418/2338/3687 3425/2398/3745
f 3425/2398/3745 3418/2338/3687 3417/2333/3682
f 3425/2398/3745 3417/2333/3682 3426/2331/3680
f 3401/2392/3739 3424/2399/3746 3406/2400/3747
f 3406/2400/3747 3424/2399/3746 3423/2401/3748
f 3406/2400/3747 3423/2401/3748 3407/2379/3726
f 3407/2379/3726 3423/2401/3748 3422/2329/3678
f 3407/2379/3726 3422/2329/3678 3408/2327/3676
f 3406/2400/3747 3407/2379/3726 3405/2390/3737
f 3405/2390/3737 3407/2379/3726 3404/2261/3612
f 3405/2390/3737 3401/2392/3739 3406/2400/3747
f 3420/2300/3651 3410/2298/3649 3409/2323/3672
f 3420/2300/3651 3409/2323/3672 3421/2328/3677
f 3427/2330/3679 3416/2332/3681 3415/2304/3655
f 3427/2330/3679 3415/2304/3655 3428/2302/3653
f 3057/2348/3697 3400/2397/3744 3424/2399/3746
f 3424/2399/3746 3400/2397/3744 3425/2398/3745
f 3424/2399/3746 3425/2398/3745 3423/2401/3748
f 3423/2401/3748 3425/2398/3745 3426/2331/3680
f 3423/2401/3748 3426/2331/3680 3422/2329/3678
f 3427/2330/3679 3428/2302/3653 3421/2328/3677
f 3421/2328/3677 3428/2302/3653 3420/2300/3651
f 3424/2399/3746 3401/2392/3739 3057/2348/3697
f 3388/2402/3749 3432/2403/3750 3389/2404/3751
f 3389/2404/3751 3432/2403/3750 3135/2405/3752
f 3389/2404/3751 3135/2405/3752 3390/2406/3753
f 3390/2406/3753 3135/2405/3752 3391/2407/3754
f 3391/2407/3754 3135/2405/3752 3134/2408/3755
f 3387/2409/3756 3074/2410/3757 3388/2402/3749
f 3388/2402/3749 3074/2410/3757 3431/2411/3758
f 3388/2402/3749 3431/2411/3758 3432/2403/3750
f 3432/2403/3750 3431/2411/3758 3119/2412/3759
f 3432/2403/3750 3119/2412/3759 3433/2413/3760
f 3433/2413/3760 3119/2412/3759 3081/2414/3761
f 3433/2413/3760 3081/2414/3761 3430/2415/3762
f 3430/2415/3762 3081/2414/3761 3434/2416/3763
f 3430/2415/3762 3434/2416/3763 3365/2417/3764
f 3365/2417/3764 3434/2416/3763 3136/2418/3765
f 3136/2418/3765 3434/2416/3763 3081/2414/3761
f 3136/2418/3765 3081/2414/3761 3080/2419/3357
f 3387/2409/3756 3386/2420/3766 3074/2410/3757
f 3074/2410/3757 3386/2420/3766 3075/2421/3767
f 3074/2410/3757 3119/2412/3759 3431/2411/3758
f 3080/2419/3357 3137/2422/3356 3136/2418/3765
f 3135/2405/3752 3432/2403/3750 3365/2417/3764
f 3365/2417/3764 3432/2403/3750 3433/2413/3760
f 3365/2417/3764 3433/2413/3760 3430/2415/3762
f 3436/3339/117 3437/3340/117 3435/3341/117
f 3435/3341/117 3437/3340/117 3438/3342/117
f 3440/3343/3768 3486/3344/3768 3439/3345/2070
f 3439/3345/2070 3486/3344/3768 3487/3346/2070
f 3439/3347/2070 3487/3348/2070 3470/3349/3769
f 3470/3349/3769 3487/3348/2070 3488/3350/3769
f 3470/3349/3769 3488/3350/3769 3469/3351/3770
f 3469/3351/3770 3488/3350/3769 3489/3352/3770
f 3469/3351/3770 3489/3352/3770 3468/3353/3771
f 3468/3353/3771 3489/3352/3770 3490/3354/3771
f 3468/3353/3771 3490/3354/3771 3467/3355/3772
f 3467/3355/3772 3490/3354/3771 3491/3356/3772
f 3467/3355/3772 3491/3356/3772 3466/3357/3773
f 3466/3357/3773 3491/3356/3772 3492/3358/3773
f 3466/3357/3773 3492/3358/3773 3465/3359/3774
f 3465/3359/3774 3492/3358/3773 3493/3360/3774
f 3465/3359/3774 3493/3360/3774 3464/3361/3775
f 3464/3361/3775 3493/3360/3774 3494/3362/3775
f 3464/3361/3775 3494/3362/3775 3463/3363/117
f 3463/3363/117 3494/3362/3775 3495/3364/117
f 3463/3363/117 3495/3364/117 3462/3365/3776
f 3462/3365/3776 3495/3364/117 3496/3366/3776
f 3462/3365/3776 3496/3366/3776 3461/3367/3777
f 3461/3367/3777 3496/3366/3776 3497/3368/3777
f 3461/3367/3777 3497/3368/3777 3460/3369/3778
f 3460/3369/3778 3497/3368/3777 3498/3370/3778
f 3460/3369/3778 3498/3370/3778 3459/3371/2666
f 3459/3371/2666 3498/3370/3778 3499/3372/2666
f 3459/3371/2666 3499/3372/2666 3458/3373/3779
f 3458/3373/3779 3499/3372/2666 3500/3374/3779
f 3458/3373/3779 3500/3374/3779 3457/3375/3780
f 3457/3375/3780 3500/3374/3779 3501/3376/3780
f 3457/3375/3780 3501/3376/3780 3456/3377/3781
f 3456/3377/3781 3501/3376/3780 3502/3378/3781
f 3456/3377/3781 3502/3378/3781 3455/702/94
f 3455/702/94 3502/3378/3781 3471/58/94
f 3455/702/94 3471/58/94 3454/3379/3782
f 3454/3379/3782 3471/58/94 3472/3380/3782
f 3454/3379/3782 3472/3380/3782 3453/3381/3783
f 3453/3381/3783 3472/3380/3782 3473/3382/3783
f 3453/3381/3783 3473/3382/3783 3452/3383/3784
f 3452/3383/3784 3473/3382/3783 3474/3384/3784
f 3452/3383/3784 3474/3384/3784 3451/3385/2268
f 3451/3385/2268 3474/3384/3784 3475/3386/2268
f 3451/3385/2268 3475/3386/2268 3450/3387/3785
f 3450/3387/3785 3475/3386/2268 3476/3388/3785
f 3450/3387/3785 3476/3388/3785 3449/3389/3786
f 3449/3389/3786 3476/3388/3785 3477/3390/3786
f 3449/3389/3786 3477/3390/3786 3448/3391/3787
f 3448/3391/3787 3477/3390/3786 3478/3392/3787
f 3448/3391/3787 3478/3392/3787 3447/3393/148
f 3447/3393/148 3478/3392/3787 3479/3394/148
f 3447/3393/148 3479/3394/148 3446/3395/3788
f 3446/3395/3788 3479/3394/148 3480/3396/3788
f 3446/3395/3788 3480/3396/3788 3445/3397/3789
f 3445/3397/3789 3480/3396/3788 3481/3398/3789
f 3445/3397/3789 3481/3398/3789 3444/3399/3790
f 3444/3399/3790 3481/3398/3789 3482/3400/3790
f 3444/3399/3790 3482/3400/3790 3443/3401/3791
f 3443/3401/3791 3482/3400/3790 3483/3402/3791
f 3443/3401/3791 3483/3402/3791 3442/3403/3792
f 3442/3403/3792 3483/3402/3791 3484/3404/3792
f 3442/3403/3792 3484/3404/3792 3441/3405/3793
f 3441/3405/3793 3484/3404/3792 3485/3406/3793
f 3441/3405/3793 3485/3406/3793 3440/3343/3768
f 3440/3343/3768 3485/3406/3793 3486/3344/3768
f 3504/3407/268 3448/3408/268 3503/3409/268
f 3503/3409/268 3448/3408/268 3447/3410/268
f 3503/3409/268 3447/3410/268 3446/3411/268
f 3448/3408/268 3504/3407/268 3449/3412/268
f 3449/3412/268 3504/3407/268 3505/3413/268
f 3449/3412/268 3505/3413/268 3450/3414/268
f 3450/3414/268 3505/3413/268 3506/3415/268
f 3450/3414/268 3506/3415/268 3451/3416/268
f 3451/3416/268 3506/3415/268 3452/3417/268
f 3452/3417/268 3506/3415/268 3507/3418/268
f 3452/3417/268 3507/3418/268 3453/3419/268
f 3453/3419/268 3507/3418/268 3508/3420/268
f 3453/3419/268 3508/3420/268 3454/3421/268
f 3454/3421/268 3508/3420/268 3509/3422/268
f 3454/3421/268 3509/3422/268 3455/3423/268
f 3455/3423/268 3509/3422/268 3456/3424/268
f 3456/3424/268 3509/3422/268 3510/3425/268
f 3456/3424/268 3510/3425/268 3457/3426/268
f 3457/3426/268 3510/3425/268 3511/3427/268
f 3457/3426/268 3511/3427/268 3458/3428/268
f 3458/3428/268 3511/3427/268 3512/3429/268
f 3458/3428/268 3512/3429/268 3459/3430/268
f 3459/3430/268 3512/3429/268 3460/3431/268
f 3460/3431/268 3512/3429/268 3513/3432/268
f 3460/3431/268 3513/3432/268 3461/3433/268
f 3461/3433/268 3513/3432/268 3514/3434/268
f 3461/3433/268 3514/3434/268 3462/3435/268
f 3462/3435/268 3514/3434/268 3515/3436/268
f 3462/3435/268 3515/3436/268 3463/3437/268
f 3463/3437/268 3515/3436/268 3464/3438/268
f 3464/3438/268 3515/3436/268 3516/3439/268
f 3464/3438/268 3516/3439/268 3465/3440/268
f 3465/3440/268 3516/3439/268 3517/3441/268
f 3465/3440/268 3517/3441/268 3466/3442/268
f 3466/3442/268 3517/3441/268 3518/3443/268
f 3466/3442/268 3518/3443/268 3467/3444/268
f 3467/3444/268 3518/3443/268 3468/3445/268
f 3468/3445/268 3518/3443/268 3519/3446/268
f 3468/3445/268 3519/3446/268 3469/3447/268
f 3469/3447/268 3519/3446/268 3520/3448/268
f 3469/3447/268 3520/3448/268 3470/3449/268
f 3470/3449/268 3520/3448/268 3521/3450/268
f 3470/3449/268 3521/3450/268 3439/3451/268
f 3439/3451/268 3521/3450/268 3440/3452/268
f 3440/3452/268 3521/3450/268 3522/3453/268
f 3440/3452/268 3522/3453/268 3441/3454/268
f 3441/3454/268 3522/3453/268 3523/3455/268
f 3441/3454/268 3523/3455/268 3442/3456/268
f 3442/3456/268 3523/3455/268 3524/3457/268
f 3442/3456/268 3524/3457/268 3443/3458/268
f 3443/3458/268 3524/3457/268 3444/3459/268
f 3444/3459/268 3524/3457/268 3525/3460/268
f 3444/3459/268 3525/3460/268 3445/3461/268
f 3445/3461/268 3525/3460/268 3526/3462/268
f 3445/3461/268 3526/3462/268 3446/3411/268
f 3446/3411/268 3526/3462/268 3503/3409/268
f 3528/3463/3794 3504/3464/3794 3527/3465/148
f 3527/3465/148 3504/3464/3794 3503/3466/148
f 3527/3467/148 3503/3468/148 3550/3469/3795
f 3550/3469/3795 3503/3468/148 3526/3470/3795
f 3550/3469/3795 3526/3470/3795 3549/3471/3796
f 3549/3471/3796 3526/3470/3795 3525/3472/3796
f 3549/3471/3796 3525/3472/3796 3548/3473/3791
f 3548/3473/3791 3525/3472/3796 3524/3474/3791
f 3548/3473/3791 3524/3474/3791 3547/3475/3797
f 3547/3475/3797 3524/3474/3791 3523/3476/3797
f 3547/3475/3797 3523/3476/3797 3546/3477/3798
f 3546/3477/3798 3523/3476/3797 3522/3478/3798
f 3546/3477/3798 3522/3478/3798 3545/3479/2070
f 3545/3479/2070 3522/3478/3798 3521/3480/2070
f 3545/3479/2070 3521/3480/2070 3544/3481/3799
f 3544/3481/3799 3521/3480/2070 3520/3482/3799
f 3544/3481/3799 3520/3482/3799 3543/3483/3800
f 3543/3483/3800 3520/3482/3799 3519/3484/3800
f 3543/3483/3800 3519/3484/3800 3542/3485/3772
f 3542/3485/3772 3519/3484/3800 3518/3486/3772
f 3542/3485/3772 3518/3486/3772 3541/3487/3801
f 3541/3487/3801 3518/3486/3772 3517/3488/3801
f 3541/3487/3801 3517/3488/3801 3540/3489/3802
f 3540/3489/3802 3517/3488/3801 3516/3490/3802
f 3540/3489/3802 3516/3490/3802 3539/3491/117
f 3539/3491/117 3516/3490/3802 3515/58/117
f 3539/3491/117 3515/58/117 3538/3492/3803
f 3538/3492/3803 3515/58/117 3514/3493/3803
f 3538/3492/3803 3514/3493/3803 3537/3494/3804
f 3537/3494/3804 3514/3493/3803 3513/3495/3804
f 3537/3494/3804 3513/3495/3804 3536/3496/2666
f 3536/3496/2666 3513/3495/3804 3512/3497/2666
f 3536/3496/2666 3512/3497/2666 3535/3498/3805
f 3535/3498/3805 3512/3497/2666 3511/3499/3805
f 3535/3498/3805 3511/3499/3805 3534/3500/3806
f 3534/3500/3806 3511/3499/3805 3510/3501/3806
f 3534/3500/3806 3510/3501/3806 3533/3502/94
f 3533/3502/94 3510/3501/3806 3509/3503/94
f 3533/3502/94 3509/3503/94 3532/3504/3807
f 3532/3504/3807 3509/3503/94 3508/3505/3807
f 3532/3504/3807 3508/3505/3807 3531/3506/3808
f 3531/3506/3808 3508/3505/3807 3507/3507/3808
f 3531/3506/3808 3507/3507/3808 3530/3508/2268
f 3530/3508/2268 3507/3507/3808 3506/3509/2268
f 3530/3508/2268 3506/3509/2268 3529/3510/3809
f 3529/3510/3809 3506/3509/2268 3505/3511/3809
f 3529/3510/3809 3505/3511/3809 3528/3463/3794
f 3528/3463/3794 3505/3511/3809 3504/3464/3794
f 3552/3512/268 3487/3513/268 3551/3514/268
f 3551/3514/268 3487/3513/268 3486/3515/268
f 3551/3514/268 3486/3515/268 3485/3516/268
f 3553/3517/268 3492/3518/268 3552/3512/268
f 3552/3512/268 3492/3518/268 3491/3519/268
f 3552/3512/268 3491/3519/268 3490/3520/268
f 3554/3521/268 3495/3522/268 3553/3517/268
f 3553/3517/268 3495/3522/268 3494/3523/268
f 3553/3517/268 3494/3523/268 3493/3524/268
f 3495/3522/268 3554/3521/268 3496/3525/268
f 3496/3525/268 3554/3521/268 3555/3526/268
f 3496/3525/268 3555/3526/268 3497/3527/268
f 3497/3527/268 3555/3526/268 3556/3528/268
f 3497/3527/268 3556/3528/268 3498/3529/268
f 3498/3529/268 3556/3528/268 3557/3530/268
f 3498/3529/268 3557/3530/268 3499/3531/268
f 3499/3531/268 3557/3530/268 3558/3532/268
f 3499/3531/268 3558/3532/268 3559/3533/268
f 3559/3533/268 3560/3534/268 3499/3531/268
f 3499/3531/268 3560/3534/268 3561/3535/268
f 3499/3531/268 3561/3535/268 3500/3536/268
f 3500/3536/268 3561/3535/268 3501/3537/268
f 3501/3537/268 3561/3535/268 3502/3538/268
f 3502/3538/268 3561/3535/268 3471/3539/268
f 3471/3539/268 3561/3535/268 3562/3540/268
f 3471/3539/268 3562/3540/268 3472/3541/268
f 3472/3541/268 3562/3540/268 3473/3542/268
f 3473/3542/268 3562/3540/268 3474/3543/268
f 3474/3543/268 3562/3540/268 3475/3544/268
f 3475/3544/268 3562/3540/268 3563/3545/268
f 3475/3544/268 3563/3545/268 3564/3546/268
f 3564/3546/268 3565/3547/268 3475/3544/268
f 3475/3544/268 3565/3547/268 3566/3548/268
f 3475/3544/268 3566/3548/268 3476/3549/268
f 3476/3549/268 3566/3548/268 3567/3550/268
f 3476/3549/268 3567/3550/268 3477/3551/268
f 3477/3551/268 3567/3550/268 3568/3552/268
f 3477/3551/268 3568/3552/268 3478/3553/268
f 3478/3553/268 3568/3552/268 3569/3554/268
f 3478/3553/268 3569/3554/268 3479/3555/268
f 3479/3555/268 3569/3554/268 3570/3556/268
f 3479/3555/268 3570/3556/268 3480/3557/268
f 3480/3557/268 3570/3556/268 3481/3558/268
f 3481/3558/268 3570/3556/268 3482/3559/268
f 3482/3559/268 3570/3556/268 3551/3514/268
f 3482/3559/268 3551/3514/268 3483/3560/268
f 3483/3560/268 3551/3514/268 3484/3561/268
f 3484/3561/268 3551/3514/268 3485/3516/268
f 3493/3524/268 3492/3518/268 3553/3517/268
f 3490/3520/268 3489/3562/268 3552/3512/268
f 3552/3512/268 3489/3562/268 3488/3563/268
f 3552/3512/268 3488/3563/268 3487/3513/268
f 3571/3564/96 3572/3565/96 3580/3566/3810
f 3580/3566/3810 3572/3565/96 3573/3567/3810
f 3580/3566/3810 3573/3567/3810 3579/3568/3811
f 3579/3568/3811 3573/3567/3810 3574/3569/3811
f 3579/3568/3811 3574/3569/3811 3578/3570/3812
f 3578/3570/3812 3574/3569/3811 3575/3571/3812
f 3578/3570/3812 3575/3571/3812 3577/3572/3813
f 3577/3572/3813 3575/3571/3812 3576/3573/3813
f 3581/3574/3814 3582/3575/3814 3588/3576/3815
f 3588/3576/3815 3582/3575/3814 3583/3577/3815
f 3588/3576/3815 3583/3577/3815 3587/3578/3816
f 3587/3578/3816 3583/3577/3815 3584/3579/3816
f 3587/3578/3816 3584/3579/3816 3586/3580/3817
f 3586/3580/3817 3584/3579/3816 3585/3581/3817
f 3586/3580/3817 3585/3581/3817 3576/3582/3813
f 3576/3582/3813 3585/3581/3817 3577/3583/3813
f 3582/3584/3814 3581/3585/3814 3590/3586/3814
f 3590/3586/3814 3581/3585/3814 3589/3587/3814
f 3591/3574/3818 3592/3575/3818 3598/3576/3819
f 3598/3576/3819 3592/3575/3818 3593/3577/3819
f 3598/3576/3819 3593/3577/3819 3597/3578/3820
f 3597/3578/3820 3593/3577/3819 3594/3579/3820
f 3597/3578/3820 3594/3579/3820 3596/3580/3821
f 3596/3580/3821 3594/3579/3820 3595/3581/3821
f 3596/3580/3821 3595/3581/3821 3589/3582/3814
f 3589/3582/3814 3595/3581/3821 3590/3583/3814
f 3592/3588/3818 3591/3589/3818 3605/3590/3822
f 3605/3590/3822 3591/3589/3818 3599/3591/3822
f 3605/3590/3822 3599/3591/3822 3604/3592/3823
f 3604/3592/3823 3599/3591/3822 3600/3593/3823
f 3604/3592/3823 3600/3593/3823 3603/3594/3824
f 3603/3594/3824 3600/3593/3823 3601/3595/3824
f 3603/3594/3824 3601/3595/3824 3438/3578/111
f 3438/3578/111 3601/3595/3824 3602/3579/111
f 3577/3596/3825 3606/3597/3825 3578/3598/3826
f 3578/3598/3826 3606/3597/3825 3607/3599/3826
f 3578/3598/3826 3607/3599/3826 3579/3600/3827
f 3579/3600/3827 3607/3599/3826 3608/3601/3827
f 3579/3600/3827 3608/3601/3827 3580/3602/3828
f 3580/3602/3828 3608/3601/3827 3609/3603/3828
f 3580/3602/3828 3609/3603/3828 3571/3604/148
f 3571/3604/148 3609/3603/3828 3610/3605/148
f 3582/3606/2070 3611/3607/2070 3583/3608/3829
f 3583/3608/3829 3611/3607/2070 3612/3609/3829
f 3583/3608/3829 3612/3609/3829 3584/3610/3830
f 3584/3610/3830 3612/3609/3829 3613/3611/3830
f 3584/3610/3830 3613/3611/3830 3585/3612/3831
f 3585/3612/3831 3613/3611/3830 3614/3613/3832
f 3585/3612/3831 3614/3613/3832 3577/3614/3825
f 3577/3614/3825 3614/3613/3832 3606/3615/3825
f 3615/3616/2070 3611/3617/2070 3590/3618/2070
f 3590/3618/2070 3611/3617/2070 3582/3619/2070
f 3592/3606/3833 3616/3607/3833 3593/3608/3834
f 3593/3608/3834 3616/3607/3833 3617/3609/3835
f 3593/3608/3834 3617/3609/3835 3594/3610/3836
f 3594/3610/3836 3617/3609/3835 3618/3611/3836
f 3594/3610/3836 3618/3611/3836 3595/3612/3837
f 3595/3612/3837 3618/3611/3836 3619/3613/3837
f 3595/3612/3837 3619/3613/3837 3590/3614/2070
f 3590/3614/2070 3619/3613/3837 3615/3615/2070
f 3438/3610/117 3437/3611/117 3603/3620/3838
f 3603/3620/3838 3437/3611/117 3620/3621/3838
f 3603/3620/3838 3620/3621/3838 3604/3622/3839
f 3604/3622/3839 3620/3621/3838 3621/3623/3839
f 3604/3622/3839 3621/3623/3839 3605/3624/3840
f 3605/3624/3840 3621/3623/3839 3622/3625/3840
f 3605/3624/3840 3622/3625/3840 3592/3626/3833
f 3592/3626/3833 3622/3625/3840 3616/3627/3833
f 3551/3628/126 3570/3629/126 3436/3630/126
f 3436/3630/126 3570/3629/126 3437/3631/126
f 3566/3588/3841 3616/3589/3841 3567/3590/3842
f 3567/3590/3842 3616/3589/3841 3622/3591/3842
f 3567/3590/3842 3622/3591/3842 3568/3592/3843
f 3568/3592/3843 3622/3591/3842 3621/3593/3843
f 3568/3592/3843 3621/3593/3843 3569/3594/3844
f 3569/3594/3844 3621/3593/3843 3620/3595/3844
f 3569/3594/3844 3620/3595/3844 3570/3578/126
f 3570/3578/126 3620/3595/3844 3437/3579/126
f 3562/3574/3845 3615/3575/3845 3563/3576/3846
f 3563/3576/3846 3615/3575/3845 3619/3577/3846
f 3563/3576/3846 3619/3577/3846 3564/3578/3847
f 3564/3578/3847 3619/3577/3846 3618/3579/3847
f 3564/3578/3847 3618/3579/3847 3565/3580/3848
f 3565/3580/3848 3618/3579/3847 3617/3581/3848
f 3565/3580/3848 3617/3581/3848 3566/3582/3841
f 3566/3582/3841 3617/3581/3848 3616/3583/3841
f 3561/3584/3845 3611/3585/3845 3562/3586/3845
f 3562/3586/3845 3611/3585/3845 3615/3587/3845
f 3557/3574/3849 3606/3575/3849 3558/3576/3850
f 3558/3576/3850 3606/3575/3849 3614/3577/3850
f 3558/3576/3850 3614/3577/3850 3559/3578/3851
f 3559/3578/3851 3614/3577/3850 3613/3579/3851
f 3559/3578/3851 3613/3579/3851 3560/3580/3852
f 3560/3580/3852 3613/3579/3851 3612/3581/3852
f 3560/3580/3852 3612/3581/3852 3561/3582/3845
f 3561/3582/3845 3612/3581/3852 3611/3583/3845
f 3553/3564/140 3610/3565/140 3554/3566/3853
f 3554/3566/3853 3610/3565/140 3609/3567/3853
f 3554/3566/3853 3609/3567/3853 3555/3568/3854
f 3555/3568/3854 3609/3567/3853 3608/3569/3854
f 3555/3568/3854 3608/3569/3854 3556/3570/3855
f 3556/3570/3855 3608/3569/3854 3607/3571/3855
f 3556/3570/3855 3607/3571/3855 3557/3572/3849
f 3557/3572/3849 3607/3571/3855 3606/3573/3849
f 3623/3632/140 3610/3633/140 3552/3634/140
f 3552/3634/140 3610/3633/140 3553/3635/140
f 3435/3636/111 3438/3637/111 3624/3638/111
f 3624/3638/111 3438/3637/111 3602/3639/111
f 3624/3512/105 3545/3640/105 3625/3514/105
f 3625/3514/105 3545/3640/105 3544/3641/105
f 3625/3514/105 3544/3641/105 3543/3642/105
f 3602/3517/105 3548/3643/105 3624/3512/105
f 3624/3512/105 3548/3643/105 3547/3644/105
f 3624/3512/105 3547/3644/105 3546/3645/105
f 3601/3521/105 3527/3646/105 3602/3517/105
f 3602/3517/105 3527/3646/105 3550/3647/105
f 3602/3517/105 3550/3647/105 3549/3648/105
f 3527/3646/105 3601/3521/105 3528/3649/105
f 3528/3649/105 3601/3521/105 3600/3526/105
f 3528/3649/105 3600/3526/105 3529/3650/105
f 3529/3650/105 3600/3526/105 3599/3528/105
f 3529/3650/105 3599/3528/105 3530/3651/105
f 3530/3651/105 3599/3528/105 3591/3530/105
f 3530/3651/105 3591/3530/105 3589/3535/105
f 3589/3535/105 3591/3530/105 3598/3532/105
f 3589/3535/105 3598/3532/105 3597/3533/105
f 3597/3533/105 3596/3534/105 3589/3535/105
f 3581/3540/105 3533/3652/105 3589/3535/105
f 3589/3535/105 3533/3652/105 3532/3653/105
f 3589/3535/105 3532/3653/105 3531/3654/105
f 3588/3545/105 3587/3546/105 3581/3540/105
f 3581/3540/105 3587/3546/105 3586/3547/105
f 3581/3540/105 3586/3547/105 3576/3548/105
f 3581/3540/105 3576/3548/105 3536/3655/105
f 3536/3655/105 3576/3548/105 3575/3550/105
f 3536/3655/105 3575/3550/105 3537/3656/105
f 3537/3656/105 3575/3550/105 3574/3552/105
f 3537/3656/105 3574/3552/105 3538/3657/105
f 3538/3657/105 3574/3552/105 3573/3554/105
f 3538/3657/105 3573/3554/105 3539/3658/105
f 3539/3658/105 3573/3554/105 3572/3556/105
f 3539/3658/105 3572/3556/105 3540/3659/105
f 3540/3659/105 3572/3556/105 3541/3660/105
f 3541/3660/105 3572/3556/105 3542/3661/105
f 3542/3661/105 3572/3556/105 3625/3514/105
f 3542/3661/105 3625/3514/105 3543/3642/105
f 3549/3648/105 3548/3643/105 3602/3517/105
f 3546/3645/105 3545/3640/105 3624/3512/105
f 3536/3655/105 3535/3662/105 3581/3540/105
f 3581/3540/105 3535/3662/105 3534/3663/105
f 3581/3540/105 3534/3663/105 3533/3652/105
f 3531/3654/105 3530/3651/105 3589/3535/105
f 3625/3664/96 3572/3665/96 3626/3666/96
f 3626/3666/96 3572/3665/96 3571/3667/96
f 3626/3668/148 3571/3669/148 3623/3670/148
f 3623/3670/148 3571/3669/148 3610/3671/148
f 3624/3672/94 3626/3673/94 3435/3674/94
f 3435/3674/94 3626/3673/94 3623/3675/94
f 3435/3674/94 3623/3675/94 3436/3676/94
f 3436/3676/94 3623/3675/94 3551/3677/94
f 3551/3677/94 3623/3675/94 3552/3678/94
f 3624/3672/94 3625/3679/94 3626/3673/94
usemtl Aluminum_-_Satin
f 3627/3680/148 3628/58/148 3630/3681/148
f 3630/3681/148 3628/58/148 3629/3682/148
f 3631/3680/117 3632/58/117 3634/3681/117
f 3634/3681/117 3632/58/117 3633/3682/117
f 3633/3683/94 3630/3684/94 3634/3685/94
f 3634/3685/94 3630/3684/94 3629/3686/94
f 3631/3687/94 3662/3688/94 3632/3689/94
f 3632/3689/94 3662/3688/94 3660/3690/94
f 3632/3689/94 3660/3690/94 3637/3691/94
f 3635/3692/94 3679/3693/94 3631/3687/94
f 3631/3687/94 3679/3693/94 3680/3694/94
f 3631/3687/94 3680/3694/94 3681/3695/94
f 3636/3696/94 3672/3697/94 3635/3692/94
f 3635/3692/94 3672/3697/94 3673/3698/94
f 3635/3692/94 3673/3698/94 3674/3699/94
f 3632/3689/94 3643/3700/94 3636/3696/94
f 3636/3696/94 3643/3700/94 3644/3701/94
f 3636/3696/94 3644/3701/94 3645/3702/94
f 3637/3691/94 3638/3703/94 3632/3689/94
f 3632/3689/94 3638/3703/94 3639/3704/94
f 3632/3689/94 3639/3704/94 3640/3705/94
f 3640/3705/94 3641/3706/94 3632/3689/94
f 3632/3689/94 3641/3706/94 3642/3707/94
f 3632/3689/94 3642/3707/94 3643/3700/94
f 3645/3702/94 3646/3708/94 3636/3696/94
f 3636/3696/94 3646/3708/94 3647/3709/94
f 3636/3696/94 3647/3709/94 3648/3710/94
f 3648/3710/94 3649/3711/94 3636/3696/94
f 3636/3696/94 3649/3711/94 3650/3712/94
f 3636/3696/94 3650/3712/94 3672/3697/94
f 3672/3697/94 3650/3712/94 3651/3713/94
f 3672/3697/94 3651/3713/94 3671/3714/94
f 3671/3714/94 3651/3713/94 3670/3715/94
f 3670/3715/94 3651/3713/94 3652/3716/94
f 3670/3715/94 3652/3716/94 3669/3717/94
f 3669/3717/94 3652/3716/94 3653/3718/94
f 3669/3717/94 3653/3718/94 3668/3719/94
f 3668/3719/94 3653/3718/94 3654/3720/94
f 3668/3719/94 3654/3720/94 3667/3721/94
f 3667/3721/94 3654/3720/94 3655/3722/94
f 3667/3721/94 3655/3722/94 3656/3723/94
f 3667/3721/94 3656/3723/94 3666/3724/94
f 3666/3724/94 3656/3723/94 3657/3725/94
f 3666/3724/94 3657/3725/94 3665/3726/94
f 3665/3726/94 3657/3725/94 3658/3727/94
f 3665/3726/94 3658/3727/94 3664/3728/94
f 3664/3728/94 3658/3727/94 3659/3729/94
f 3664/3728/94 3659/3729/94 3663/3730/94
f 3663/3730/94 3659/3729/94 3662/3688/94
f 3662/3688/94 3659/3729/94 3660/3690/94
f 3684/3731/94 3661/3732/94 3631/3687/94
f 3631/3687/94 3661/3732/94 3662/3688/94
f 3674/3699/94 3675/3733/94 3635/3692/94
f 3635/3692/94 3675/3733/94 3676/3734/94
f 3635/3692/94 3676/3734/94 3677/3735/94
f 3677/3735/94 3678/3736/94 3635/3692/94
f 3635/3692/94 3678/3736/94 3679/3693/94
f 3681/3695/94 3682/3737/94 3631/3687/94
f 3631/3687/94 3682/3737/94 3683/3738/94
f 3631/3687/94 3683/3738/94 3684/3731/94
f 3627/3739/94 3722/3740/94 3628/3741/94
f 3628/3741/94 3722/3740/94 3723/3742/94
f 3628/3741/94 3723/3742/94 3724/3743/94
f 3685/3744/94 3693/3745/94 3627/3739/94
f 3627/3739/94 3693/3745/94 3694/3746/94
f 3627/3739/94 3694/3746/94 3695/3747/94
f 3686/3748/94 3712/3749/94 3685/3744/94
f 3685/3744/94 3712/3749/94 3710/3750/94
f 3685/3744/94 3710/3750/94 3687/3751/94
f 3628/3741/94 3729/3752/94 3686/3748/94
f 3686/3748/94 3729/3752/94 3730/3753/94
f 3686/3748/94 3730/3753/94 3731/3754/94
f 3687/3751/94 3688/3755/94 3685/3744/94
f 3685/3744/94 3688/3755/94 3689/3756/94
f 3685/3744/94 3689/3756/94 3690/3757/94
f 3690/3757/94 3691/3758/94 3685/3744/94
f 3685/3744/94 3691/3758/94 3692/3759/94
f 3685/3744/94 3692/3759/94 3693/3745/94
f 3695/3747/94 3696/3760/94 3627/3739/94
f 3627/3739/94 3696/3760/94 3697/3761/94
f 3627/3739/94 3697/3761/94 3698/3762/94
f 3698/3762/94 3699/3763/94 3627/3739/94
f 3627/3739/94 3699/3763/94 3700/3764/94
f 3627/3739/94 3700/3764/94 3722/3740/94
f 3722/3740/94 3700/3764/94 3701/3765/94
f 3722/3740/94 3701/3765/94 3721/3766/94
f 3721/3766/94 3701/3765/94 3720/3767/94
f 3720/3767/94 3701/3765/94 3702/3768/94
f 3720/3767/94 3702/3768/94 3719/3769/94
f 3719/3769/94 3702/3768/94 3703/3770/94
f 3719/3769/94 3703/3770/94 3718/3771/94
f 3718/3771/94 3703/3770/94 3704/3772/94
f 3718/3771/94 3704/3772/94 3717/3773/94
f 3717/3773/94 3704/3772/94 3705/3774/94
f 3717/3773/94 3705/3774/94 3706/3775/94
f 3717/3773/94 3706/3775/94 3716/3776/94
f 3716/3776/94 3706/3775/94 3707/3777/94
f 3716/3776/94 3707/3777/94 3715/3778/94
f 3715/3778/94 3707/3777/94 3708/3779/94
f 3715/3778/94 3708/3779/94 3714/3780/94
f 3714/3780/94 3708/3779/94 3709/3781/94
f 3714/3780/94 3709/3781/94 3713/3782/94
f 3713/3782/94 3709/3781/94 3712/3749/94
f 3712/3749/94 3709/3781/94 3710/3750/94
f 3734/3783/94 3711/3784/94 3686/3748/94
f 3686/3748/94 3711/3784/94 3712/3749/94
f 3724/3743/94 3725/3785/94 3628/3741/94
f 3628/3741/94 3725/3785/94 3726/3786/94
f 3628/3741/94 3726/3786/94 3727/3787/94
f 3727/3787/94 3728/3788/94 3628/3741/94
f 3628/3741/94 3728/3788/94 3729/3752/94
f 3731/3754/94 3732/3789/94 3686/3748/94
f 3686/3748/94 3732/3789/94 3733/3790/94
f 3686/3748/94 3733/3790/94 3734/3783/94
f 3627/3791/268 3630/3792/268 3685/3793/268
f 3685/3793/268 3630/3792/268 3738/3794/268
f 3685/3793/268 3738/3794/268 3740/3795/268
f 3740/3795/268 3738/3794/268 3739/3796/268
f 3738/3794/268 3630/3792/268 3737/3797/268
f 3737/3797/268 3630/3792/268 3633/3798/268
f 3737/3797/268 3633/3798/268 3636/3799/268
f 3636/3799/268 3633/3798/268 3632/3800/268
f 3636/3799/268 3735/3801/268 3737/3797/268
f 3737/3797/268 3735/3801/268 3736/3802/268
f 3734/3803/145 3764/3804/145 3711/3805/148
f 3711/3805/148 3764/3804/145 3741/3806/148
f 3711/3805/148 3741/3806/148 3712/3807/151
f 3712/3807/151 3741/3806/148 3742/3808/151
f 3712/3807/151 3742/3808/151 3713/3809/95
f 3713/3809/95 3742/3808/151 3743/3810/95
f 3713/3809/95 3743/3810/95 3714/3811/96
f 3714/3811/96 3743/3810/95 3744/3812/96
f 3714/3811/96 3744/3812/96 3715/3813/100
f 3715/3813/100 3744/3812/96 3745/3814/100
f 3715/3813/100 3745/3814/100 3716/3815/102
f 3716/3815/102 3745/3814/100 3746/3816/102
f 3716/3815/102 3746/3816/102 3717/3817/105
f 3717/3817/105 3746/3816/102 3747/3818/105
f 3717/3817/105 3747/3818/105 3718/3819/107
f 3718/3819/107 3747/3818/105 3748/3820/107
f 3718/3819/107 3748/3820/107 3719/3821/109
f 3719/3821/109 3748/3820/107 3749/3822/109
f 3719/3821/109 3749/3822/109 3720/3823/111
f 3720/3823/111 3749/3822/109 3750/3824/111
f 3720/3823/111 3750/3824/111 3721/3825/113
f 3721/3825/113 3750/3824/111 3751/3826/113
f 3721/3825/113 3751/3826/113 3722/3827/115
f 3722/3827/115 3751/3826/113 3752/3828/115
f 3722/3827/115 3752/3828/115 3723/3829/117
f 3723/3829/117 3752/3828/115 3753/3830/117
f 3723/3831/117 3753/3832/117 3724/3833/120
f 3724/3833/120 3753/3832/117 3754/3834/120
f 3724/3833/120 3754/3834/120 3725/3835/123
f 3725/3835/123 3754/3834/120 3755/3836/123
f 3725/3835/123 3755/3836/123 3726/3837/126
f 3726/3837/126 3755/3836/123 3756/3838/126
f 3726/3837/126 3756/3838/126 3727/3839/129
f 3727/3839/129 3756/3838/126 3757/3840/129
f 3727/3839/129 3757/3840/129 3728/3841/265
f 3728/3841/265 3757/3840/129 3758/3842/265
f 3728/3841/265 3758/3842/265 3729/3843/268
f 3729/3843/268 3758/3842/265 3759/3844/268
f 3729/3843/268 3759/3844/268 3730/3845/136
f 3730/3845/136 3759/3844/268 3760/3846/136
f 3730/3845/136 3760/3846/136 3731/3847/138
f 3731/3847/138 3760/3846/136 3761/3848/138
f 3731/3847/138 3761/3848/138 3732/3849/140
f 3732/3849/140 3761/3848/138 3762/3850/140
f 3732/3849/140 3762/3850/140 3733/3851/143
f 3733/3851/143 3762/3850/140 3763/3852/143
f 3733/3851/143 3763/3852/143 3734/3803/145
f 3734/3803/145 3763/3852/143 3764/3804/145
f 3764/3853/94 3754/3854/94 3741/3855/94
f 3741/3855/94 3754/3854/94 3753/3856/94
f 3741/3855/94 3753/3856/94 3742/3857/94
f 3742/3857/94 3753/3856/94 3752/3858/94
f 3742/3857/94 3752/3858/94 3743/3859/94
f 3743/3859/94 3752/3858/94 3751/3860/94
f 3743/3859/94 3751/3860/94 3744/3861/94
f 3744/3861/94 3751/3860/94 3750/3862/94
f 3744/3861/94 3750/3862/94 3745/3863/94
f 3745/3863/94 3750/3862/94 3749/3864/94
f 3745/3863/94 3749/3864/94 3746/3865/94
f 3746/3865/94 3749/3864/94 3748/3866/94
f 3746/3865/94 3748/3866/94 3747/3867/94
f 3754/3854/94 3764/3853/94 3755/3868/94
f 3755/3868/94 3764/3853/94 3763/3869/94
f 3755/3868/94 3763/3869/94 3756/3870/94
f 3756/3870/94 3763/3869/94 3762/3871/94
f 3756/3870/94 3762/3871/94 3757/3872/94
f 3757/3872/94 3762/3871/94 3761/3873/94
f 3757/3872/94 3761/3873/94 3758/3874/94
f 3758/3874/94 3761/3873/94 3760/3875/94
f 3758/3874/94 3760/3875/94 3759/3876/94
f 3660/3803/145 3788/3804/145 3637/3805/148
f 3637/3805/148 3788/3804/145 3765/3806/148
f 3637/3805/148 3765/3806/148 3638/3807/151
f 3638/3807/151 3765/3806/148 3766/3808/151
f 3638/3807/151 3766/3808/151 3639/3809/95
f 3639/3809/95 3766/3808/151 3767/3810/95
f 3639/3809/95 3767/3810/95 3640/3811/96
f 3640/3811/96 3767/3810/95 3768/3812/96
f 3640/3811/96 3768/3812/96 3641/3813/100
f 3641/3813/100 3768/3812/96 3769/3814/100
f 3641/3813/100 3769/3814/100 3642/3815/102
f 3642/3815/102 3769/3814/100 3770/3816/102
f 3642/3815/102 3770/3816/102 3643/3817/105
f 3643/3817/105 3770/3816/102 3771/3818/105
f 3643/3817/105 3771/3818/105 3644/3819/107
f 3644/3819/107 3771/3818/105 3772/3820/107
f 3644/3819/107 3772/3820/107 3645/3821/109
f 3645/3821/109 3772/3820/107 3773/3822/109
f 3645/3821/109 3773/3822/109 3646/3823/111
f 3646/3823/111 3773/3822/109 3774/3824/111
f 3646/3823/111 3774/3824/111 3647/3825/113
f 3647/3825/113 3774/3824/111 3775/3826/113
f 3647/3825/113 3775/3826/113 3648/3827/115
f 3648/3827/115 3775/3826/113 3776/3828/115
f 3648/3827/115 3776/3828/115 3649/3829/117
f 3649/3829/117 3776/3828/115 3777/3830/117
f 3649/3831/117 3777/3832/117 3650/3833/120
f 3650/3833/120 3777/3832/117 3778/3834/120
f 3650/3833/120 3778/3834/120 3651/3835/123
f 3651/3835/123 3778/3834/120 3779/3836/123
f 3651/3835/123 3779/3836/123 3652/3837/126
f 3652/3837/126 3779/3836/123 3780/3838/126
f 3652/3837/126 3780/3838/126 3653/3839/129
f 3653/3839/129 3780/3838/126 3781/3840/129
f 3653/3839/129 3781/3840/129 3654/3841/265
f 3654/3841/265 3781/3840/129 3782/3842/265
f 3654/3841/265 3782/3842/265 3655/3843/268
f 3655/3843/268 3782/3842/265 3783/3844/268
f 3655/3843/268 3783/3844/268 3656/3845/136
f 3656/3845/136 3783/3844/268 3784/3846/136
f 3656/3845/136 3784/3846/136 3657/3847/138
f 3657/3847/138 3784/3846/136 3785/3848/138
f 3657/3847/138 3785/3848/138 3658/3849/140
f 3658/3849/140 3785/3848/138 3786/3850/140
f 3658/3849/140 3786/3850/140 3659/3851/143
f 3659/3851/143 3786/3850/140 3787/3852/143
f 3659/3851/143 3787/3852/143 3660/3803/145
f 3660/3803/145 3787/3852/143 3788/3804/145
f 3788/3853/94 3778/3854/94 3765/3855/94
f 3765/3855/94 3778/3854/94 3777/3856/94
f 3765/3855/94 3777/3856/94 3766/3857/94
f 3766/3857/94 3777/3856/94 3776/3858/94
f 3766/3857/94 3776/3858/94 3767/3859/94
f 3767/3859/94 3776/3858/94 3775/3860/94
f 3767/3859/94 3775/3860/94 3768/3861/94
f 3768/3861/94 3775/3860/94 3774/3862/94
f 3768/3861/94 3774/3862/94 3769/3863/94
f 3769/3863/94 3774/3862/94 3773/3864/94
f 3769/3863/94 3773/3864/94 3770/3865/94
f 3770/3865/94 3773/3864/94 3772/3866/94
f 3770/3865/94 3772/3866/94 3771/3867/94
f 3778/3854/94 3788/3853/94 3779/3868/94
f 3779/3868/94 3788/3853/94 3787/3869/94
f 3779/3868/94 3787/3869/94 3780/3870/94
f 3780/3870/94 3787/3869/94 3786/3871/94
f 3780/3870/94 3786/3871/94 3781/3872/94
f 3781/3872/94 3786/3871/94 3785/3873/94
f 3781/3872/94 3785/3873/94 3782/3874/94
f 3782/3874/94 3785/3873/94 3784/3875/94
f 3782/3874/94 3784/3875/94 3783/3876/94
f 3684/3803/145 3812/3804/145 3661/3805/148
f 3661/3805/148 3812/3804/145 3789/3806/148
f 3661/3805/148 3789/3806/148 3662/3807/151
f 3662/3807/151 3789/3806/148 3790/3808/151
f 3662/3807/151 3790/3808/151 3663/3809/95
f 3663/3809/95 3790/3808/151 3791/3810/95
f 3663/3809/95 3791/3810/95 3664/3811/96
f 3664/3811/96 3791/3810/95 3792/3812/96
f 3664/3811/96 3792/3812/96 3665/3813/100
f 3665/3813/100 3792/3812/96 3793/3814/100
f 3665/3813/100 3793/3814/100 3666/3815/102
f 3666/3815/102 3793/3814/100 3794/3816/102
f 3666/3815/102 3794/3816/102 3667/3817/105
f 3667/3817/105 3794/3816/102 3795/3818/105
f 3667/3817/105 3795/3818/105 3668/3819/107
f 3668/3819/107 3795/3818/105 3796/3820/107
f 3668/3819/107 3796/3820/107 3669/3821/109
f 3669/3821/109 3796/3820/107 3797/3822/109
f 3669/3821/109 3797/3822/109 3670/3823/111
f 3670/3823/111 3797/3822/109 3798/3824/111
f 3670/3823/111 3798/3824/111 3671/3825/113
f 3671/3825/113 3798/3824/111 3799/3826/113
f 3671/3825/113 3799/3826/113 3672/3827/115
f 3672/3827/115 3799/3826/113 3800/3828/115
f 3672/3827/115 3800/3828/115 3673/3829/117
f 3673/3829/117 3800/3828/115 3801/3830/117
f 3673/3831/117 3801/3832/117 3674/3833/120
f 3674/3833/120 3801/3832/117 3802/3834/120
f 3674/3833/120 3802/3834/120 3675/3835/123
f 3675/3835/123 3802/3834/120 3803/3836/123
f 3675/3835/123 3803/3836/123 3676/3837/126
f 3676/3837/126 3803/3836/123 3804/3838/126
f 3676/3837/126 3804/3838/126 3677/3839/129
f 3677/3839/129 3804/3838/126 3805/3840/129
f 3677/3839/129 3805/3840/129 3678/3841/265
f 3678/3841/265 3805/3840/129 3806/3842/265
f 3678/3841/265 3806/3842/265 3679/3843/268
f 3679/3843/268 3806/3842/265 3807/3844/268
f 3679/3843/268 3807/3844/268 3680/3845/136
f 3680/3845/136 3807/3844/268 3808/3846/136
f 3680/3845/136 3808/3846/136 3681/3847/138
f 3681/3847/138 3808/3846/136 3809/3848/138
f 3681/3847/138 3809/3848/138 3682/3849/140
f 3682/3849/140 3809/3848/138 3810/3850/140
f 3682/3849/140 3810/3850/140 3683/3851/143
f 3683/3851/143 3810/3850/140 3811/3852/143
f 3683/3851/143 3811/3852/143 3684/3803/145
f 3684/3803/145 3811/3852/143 3812/3804/145
f 3812/3853/94 3802/3854/94 3789/3855/94
f 3789/3855/94 3802/3854/94 3801/3856/94
f 3789/3855/94 3801/3856/94 3790/3857/94
f 3790/3857/94 3801/3856/94 3800/3858/94
f 3790/3857/94 3800/3858/94 3791/3859/94
f 3791/3859/94 3800/3858/94 3799/3860/94
f 3791/3859/94 3799/3860/94 3792/3861/94
f 3792/3861/94 3799/3860/94 3798/3862/94
f 3792/3861/94 3798/3862/94 3793/3863/94
f 3793/3863/94 3798/3862/94 3797/3864/94
f 3793/3863/94 3797/3864/94 3794/3865/94
f 3794/3865/94 3797/3864/94 3796/3866/94
f 3794/3865/94 3796/3866/94 3795/3867/94
f 3802/3854/94 3812/3853/94 3803/3868/94
f 3803/3868/94 3812/3853/94 3811/3869/94
f 3803/3868/94 3811/3869/94 3804/3870/94
f 3804/3870/94 3811/3869/94 3810/3871/94
f 3804/3870/94 3810/3871/94 3805/3872/94
f 3805/3872/94 3810/3871/94 3809/3873/94
f 3805/3872/94 3809/3873/94 3806/3874/94
f 3806/3874/94 3809/3873/94 3808/3875/94
f 3806/3874/94 3808/3875/94 3807/3876/94
f 3710/3803/145 3836/3804/145 3687/3805/148
f 3687/3805/148 3836/3804/145 3813/3806/148
f 3687/3805/148 3813/3806/148 3688/3807/151
f 3688/3807/151 3813/3806/148 3814/3808/151
f 3688/3807/151 3814/3808/151 3689/3809/95
f 3689/3809/95 3814/3808/151 3815/3810/95
f 3689/3809/95 3815/3810/95 3690/3811/96
f 3690/3811/96 3815/3810/95 3816/3812/96
f 3690/3811/96 3816/3812/96 3691/3813/100
f 3691/3813/100 3816/3812/96 3817/3814/100
f 3691/3813/100 3817/3814/100 3692/3815/102
f 3692/3815/102 3817/3814/100 3818/3816/102
f 3692/3815/102 3818/3816/102 3693/3817/105
f 3693/3817/105 3818/3816/102 3819/3818/105
f 3693/3817/105 3819/3818/105 3694/3819/107
f 3694/3819/107 3819/3818/105 3820/3820/107
f 3694/3819/107 3820/3820/107 3695/3821/109
f 3695/3821/109 3820/3820/107 3821/3822/109
f 3695/3821/109 3821/3822/109 3696/3823/111
f 3696/3823/111 3821/3822/109 3822/3824/111
f 3696/3823/111 3822/3824/111 3697/3825/113
f 3697/3825/113 3822/3824/111 3823/3826/113
f 3697/3825/113 3823/3826/113 3698/3827/115
f 3698/3827/115 3823/3826/113 3824/3828/115
f 3698/3827/115 3824/3828/115 3699/3829/117
f 3699/3829/117 3824/3828/115 3825/3830/117
f 3699/3831/117 3825/3832/117 3700/3833/120
f 3700/3833/120 3825/3832/117 3826/3834/120
f 3700/3833/120 3826/3834/120 3701/3835/123
f 3701/3835/123 3826/3834/120 3827/3836/123
f 3701/3835/123 3827/3836/123 3702/3837/126
f 3702/3837/126 3827/3836/123 3828/3838/126
f 3702/3837/126 3828/3838/126 3703/3839/129
f 3703/3839/129 3828/3838/126 3829/3840/129
f 3703/3839/129 3829/3840/129 3704/3841/265
f 3704/3841/265 3829/3840/129 3830/3842/265
f 3704/3841/265 3830/3842/265 3705/3843/268
f 3705/3843/268 3830/3842/265 3831/3844/268
f 3705/3843/268 3831/3844/268 3706/3845/136
f 3706/3845/136 3831/3844/268 3832/3846/136
f 3706/3845/136 3832/3846/136 3707/3847/138
f 3707/3847/138 3832/3846/136 3833/3848/138
f 3707/3847/138 3833/3848/138 3708/3849/140
f 3708/3849/140 3833/3848/138 3834/3850/140
f 3708/3849/140 3834/3850/140 3709/3851/143
f 3709/3851/143 3834/3850/140 3835/3852/143
f 3709/3851/143 3835/3852/143 3710/3803/145
f 3710/3803/145 3835/3852/143 3836/3804/145
f 3836/3853/94 3826/3854/94 3813/3855/94
f 3813/3855/94 3826/3854/94 3825/3856/94
f 3813/3855/94 3825/3856/94 3814/3857/94
f 3814/3857/94 3825/3856/94 3824/3858/94
f 3814/3857/94 3824/3858/94 3815/3859/94
f 3815/3859/94 3824/3858/94 3823/3860/94
f 3815/3859/94 3823/3860/94 3816/3861/94
f 3816/3861/94 3823/3860/94 3822/3862/94
f 3816/3861/94 3822/3862/94 3817/3863/94
f 3817/3863/94 3822/3862/94 3821/3864/94
f 3817/3863/94 3821/3864/94 3818/3865/94
f 3818/3865/94 3821/3864/94 3820/3866/94
f 3818/3865/94 3820/3866/94 3819/3867/94
f 3826/3854/94 3836/3853/94 3827/3868/94
f 3827/3868/94 3836/3853/94 3835/3869/94
f 3827/3868/94 3835/3869/94 3828/3870/94
f 3828/3870/94 3835/3869/94 3834/3871/94
f 3828/3870/94 3834/3871/94 3829/3872/94
f 3829/3872/94 3834/3871/94 3833/3873/94
f 3829/3872/94 3833/3873/94 3830/3874/94
f 3830/3874/94 3833/3873/94 3832/3875/94
f 3830/3874/94 3832/3875/94 3831/3876/94
f 3837/3877/117 3838/3692/117 3736/3878/117
f 3736/3878/117 3838/3692/117 3737/3696/117
f 3838/3879/2070 3839/3692/2070 3737/3880/2070
f 3737/3880/2070 3839/3692/2070 3738/3696/2070
f 3839/3877/148 3840/3692/148 3738/3878/148
f 3738/3878/148 3840/3692/148 3739/3696/148
f 3840/3687/2070 3841/3692/2070 3739/3689/2070
f 3739/3689/2070 3841/3692/2070 3740/3696/2070
f 3841/3881/117 3686/3692/117 3740/3882/117
f 3740/3882/117 3686/3692/117 3685/3696/117
f 3635/3881/148 3842/3692/148 3636/3882/148
f 3636/3882/148 3842/3692/148 3735/3696/148
f 3842/3687/2070 3837/3692/2070 3735/3689/2070
f 3735/3689/2070 3837/3692/2070 3736/3696/2070
f 3628/3796/105 3686/3795/105 3629/3883/105
f 3629/3883/105 3686/3795/105 3839/3884/105
f 3629/3883/105 3839/3884/105 3634/3885/105
f 3634/3885/105 3839/3884/105 3838/3886/105
f 3634/3885/105 3838/3886/105 3635/3801/105
f 3635/3801/105 3838/3886/105 3842/3799/105
f 3842/3799/105 3838/3886/105 3837/3800/105
f 3686/3795/105 3841/3793/105 3839/3884/105
f 3839/3884/105 3841/3793/105 3840/3791/105
f 3635/3801/105 3631/3802/105 3634/3885/105
f 3907/58/148 3908/3915/148 3910/3682/148
f 3910/3682/148 3908/3915/148 3909/3916/148
f 3911/58/117 3912/3917/117 3914/3682/117
f 3914/3682/117 3912/3917/117 3913/3916/117
f 3909/3683/94 3914/3684/94 3910/3685/94
f 3910/3685/94 3914/3684/94 3913/3686/94
f 3911/3918/94 3964/3919/94 3912/3920/94
f 3912/3920/94 3964/3919/94 3941/3921/94
f 3912/3920/94 3941/3921/94 3942/3922/94
f 3915/3696/94 3935/3923/94 3911/3918/94
f 3911/3918/94 3935/3923/94 3936/3924/94
f 3911/3918/94 3936/3924/94 3937/3925/94
f 3916/3692/94 3954/3926/94 3915/3696/94
f 3915/3696/94 3954/3926/94 3928/3927/94
f 3915/3696/94 3928/3927/94 3929/3928/94
f 3912/3920/94 3947/3929/94 3916/3692/94
f 3916/3692/94 3947/3929/94 3948/3930/94
f 3916/3692/94 3948/3930/94 3949/3931/94
f 3940/3932/94 3917/3933/94 3911/3918/94
f 3911/3918/94 3917/3933/94 3918/3934/94
f 3911/3918/94 3918/3934/94 3964/3919/94
f 3964/3919/94 3918/3934/94 3919/3935/94
f 3964/3919/94 3919/3935/94 3963/3936/94
f 3963/3936/94 3919/3935/94 3962/3937/94
f 3962/3937/94 3919/3935/94 3920/3938/94
f 3962/3937/94 3920/3938/94 3961/3939/94
f 3961/3939/94 3920/3938/94 3921/3940/94
f 3961/3939/94 3921/3940/94 3960/3941/94
f 3960/3941/94 3921/3940/94 3922/3942/94
f 3960/3941/94 3922/3942/94 3959/3943/94
f 3959/3943/94 3922/3942/94 3923/3944/94
f 3959/3943/94 3923/3944/94 3924/3945/94
f 3959/3943/94 3924/3945/94 3958/3946/94
f 3958/3946/94 3924/3945/94 3925/3947/94
f 3958/3946/94 3925/3947/94 3957/3948/94
f 3957/3948/94 3925/3947/94 3926/3949/94
f 3957/3948/94 3926/3949/94 3956/3950/94
f 3956/3950/94 3926/3949/94 3927/3951/94
f 3956/3950/94 3927/3951/94 3955/3952/94
f 3955/3952/94 3927/3951/94 3954/3926/94
f 3954/3926/94 3927/3951/94 3928/3927/94
f 3929/3928/94 3930/3953/94 3915/3696/94
f 3915/3696/94 3930/3953/94 3931/3954/94
f 3915/3696/94 3931/3954/94 3932/3955/94
f 3932/3955/94 3933/3956/94 3915/3696/94
f 3915/3696/94 3933/3956/94 3934/3957/94
f 3915/3696/94 3934/3957/94 3935/3923/94
f 3937/3925/94 3938/3958/94 3911/3918/94
f 3911/3918/94 3938/3958/94 3939/3959/94
f 3911/3918/94 3939/3959/94 3940/3932/94
f 3942/3922/94 3943/3960/94 3912/3920/94
f 3912/3920/94 3943/3960/94 3944/3961/94
f 3912/3920/94 3944/3961/94 3945/3962/94
f 3945/3962/94 3946/3963/94 3912/3920/94
f 3912/3920/94 3946/3963/94 3947/3929/94
f 3949/3931/94 3950/3964/94 3916/3692/94
f 3916/3692/94 3950/3964/94 3951/3965/94
f 3916/3692/94 3951/3965/94 3952/3966/94
f 3952/3966/94 3953/3967/94 3916/3692/94
f 3916/3692/94 3953/3967/94 3954/3926/94
f 3907/3968/94 4004/3969/94 3908/3970/94
f 3908/3970/94 4004/3969/94 3978/3971/94
f 3908/3970/94 3978/3971/94 3979/3972/94
f 3965/3973/94 3997/3974/94 3907/3968/94
f 3907/3968/94 3997/3974/94 3998/3975/94
f 3907/3968/94 3998/3975/94 3999/3976/94
f 3966/3977/94 4014/3978/94 3965/3973/94
f 3965/3973/94 4014/3978/94 3991/3979/94
f 3965/3973/94 3991/3979/94 3992/3980/94
f 3908/3970/94 3985/3981/94 3966/3977/94
f 3966/3977/94 3985/3981/94 3986/3982/94
f 3966/3977/94 3986/3982/94 3987/3983/94
f 3990/3984/94 3967/3985/94 3966/3977/94
f 3966/3977/94 3967/3985/94 3968/3986/94
f 3966/3977/94 3968/3986/94 4014/3978/94
f 4014/3978/94 3968/3986/94 3969/3987/94
f 4014/3978/94 3969/3987/94 4013/3988/94
f 4013/3988/94 3969/3987/94 4012/3989/94
f 4012/3989/94 3969/3987/94 3970/3990/94
f 4012/3989/94 3970/3990/94 4011/3991/94
f 4011/3991/94 3970/3990/94 3971/3992/94
f 4011/3991/94 3971/3992/94 4010/3993/94
f 4010/3993/94 3971/3992/94 3972/3994/94
f 4010/3993/94 3972/3994/94 4009/3995/94
f 4009/3995/94 3972/3994/94 3973/3996/94
f 4009/3995/94 3973/3996/94 3974/3997/94
f 4009/3995/94 3974/3997/94 4008/3998/94
f 4008/3998/94 3974/3997/94 3975/3999/94
f 4008/3998/94 3975/3999/94 4007/4000/94
f 4007/4000/94 3975/3999/94 3976/4001/94
f 4007/4000/94 3976/4001/94 4006/4002/94
f 4006/4002/94 3976/4001/94 3977/4003/94
f 4006/4002/94 3977/4003/94 4005/4004/94
f 4005/4004/94 3977/4003/94 4004/3969/94
f 4004/3969/94 3977/4003/94 3978/3971/94
f 3979/3972/94 3980/4005/94 3908/3970/94
f 3908/3970/94 3980/4005/94 3981/4006/94
f 3908/3970/94 3981/4006/94 3982/4007/94
f 3982/4007/94 3983/4008/94 3908/3970/94
f 3908/3970/94 3983/4008/94 3984/4009/94
f 3908/3970/94 3984/4009/94 3985/3981/94
f 3987/3983/94 3988/4010/94 3966/3977/94
f 3966/3977/94 3988/4010/94 3989/4011/94
f 3966/3977/94 3989/4011/94 3990/3984/94
f 3992/3980/94 3993/4012/94 3965/3973/94
f 3965/3973/94 3993/4012/94 3994/4013/94
f 3965/3973/94 3994/4013/94 3995/4014/94
f 3995/4014/94 3996/4015/94 3965/3973/94
f 3965/3973/94 3996/4015/94 3997/3974/94
f 3999/3976/94 4000/4016/94 3907/3968/94
f 3907/3968/94 4000/4016/94 4001/4017/94
f 3907/3968/94 4001/4017/94 4002/4018/94
f 4002/4018/94 4003/4019/94 3907/3968/94
f 3907/3968/94 4003/4019/94 4004/3969/94
f 3908/3796/105 3966/3795/105 3909/3883/105
f 3909/3883/105 3966/3795/105 4017/3884/105
f 3909/3883/105 4017/3884/105 3914/3885/105
f 3914/3885/105 4017/3884/105 4018/3886/105
f 3914/3885/105 4018/3886/105 3915/3801/105
f 3915/3801/105 4018/3886/105 4020/3799/105
f 4020/3799/105 4018/3886/105 4019/3800/105
f 3966/3795/105 4015/3793/105 4017/3884/105
f 4017/3884/105 4015/3793/105 4016/3791/105
f 3915/3801/105 3911/3802/105 3914/3885/105
f 4014/3808/145 4044/3807/145 3991/3806/148
f 3991/3806/148 4044/3807/145 4021/3805/148
f 3991/3806/148 4021/3805/148 3992/3804/151
f 3992/3804/151 4021/3805/148 4022/3803/151
f 3992/3804/151 4022/3803/151 3993/3852/95
f 3993/3852/95 4022/3803/151 4023/3851/95
f 3993/3852/95 4023/3851/95 3994/3850/96
f 3994/3850/96 4023/3851/95 4024/3849/96
f 3994/3850/96 4024/3849/96 3995/3848/100
f 3995/3848/100 4024/3849/96 4025/3847/100
f 3995/3848/100 4025/3847/100 3996/3846/102
f 3996/3846/102 4025/3847/100 4026/3845/102
f 3996/3846/102 4026/3845/102 3997/3844/105
f 3997/3844/105 4026/3845/102 4027/3843/105
f 3997/3844/105 4027/3843/105 3998/3842/107
f 3998/3842/107 4027/3843/105 4028/3841/107
f 3998/3842/107 4028/3841/107 3999/3840/109
f 3999/3840/109 4028/3841/107 4029/3839/109
f 3999/3840/109 4029/3839/109 4000/3838/111
f 4000/3838/111 4029/3839/109 4030/3837/111
f 4000/3838/111 4030/3837/111 4001/3836/113
f 4001/3836/113 4030/3837/111 4031/3835/113
f 4001/3836/113 4031/3835/113 4002/3834/115
f 4002/3834/115 4031/3835/113 4032/3833/115
f 4002/3834/115 4032/3833/115 4003/3832/117
f 4003/3832/117 4032/3833/115 4033/3831/117
f 4003/3830/117 4033/3829/117 4004/3828/120
f 4004/3828/120 4033/3829/117 4034/3827/120
f 4004/3828/120 4034/3827/120 4005/3826/123
f 4005/3826/123 4034/3827/120 4035/3825/123
f 4005/3826/123 4035/3825/123 4006/3824/126
f 4006/3824/126 4035/3825/123 4036/3823/126
f 4006/3824/126 4036/3823/126 4007/3822/129
f 4007/3822/129 4036/3823/126 4037/3821/129
f 4007/3822/129 4037/3821/129 4008/3820/265
f 4008/3820/265 4037/3821/129 4038/3819/265
f 4008/3820/265 4038/3819/265 4009/3818/268
f 4009/3818/268 4038/3819/265 4039/3817/268
f 4009/3818/268 4039/3817/268 4010/3816/136
f 4010/3816/136 4039/3817/268 4040/3815/136
f 4010/3816/136 4040/3815/136 4011/3814/138
f 4011/3814/138 4040/3815/136 4041/3813/138
f 4011/3814/138 4041/3813/138 4012/3812/140
f 4012/3812/140 4041/3813/138 4042/3811/140
f 4012/3812/140 4042/3811/140 4013/3810/143
f 4013/3810/143 4042/3811/140 4043/3809/143
f 4013/3810/143 4043/3809/143 4014/3808/145
f 4014/3808/145 4043/3809/143 4044/3807/145
f 4044/3858/94 4034/3857/94 4021/3856/94
f 4021/3856/94 4034/3857/94 4033/3855/94
f 4021/3856/94 4033/3855/94 4022/3854/94
f 4022/3854/94 4033/3855/94 4032/3853/94
f 4022/3854/94 4032/3853/94 4023/3868/94
f 4023/3868/94 4032/3853/94 4031/3869/94
f 4023/3868/94 4031/3869/94 4024/3870/94
f 4024/3870/94 4031/3869/94 4030/3871/94
f 4024/3870/94 4030/3871/94 4025/3872/94
f 4025/3872/94 4030/3871/94 4029/3873/94
f 4025/3872/94 4029/3873/94 4026/3874/94
f 4026/3874/94 4029/3873/94 4028/3875/94
f 4026/3874/94 4028/3875/94 4027/3876/94
f 4034/3857/94 4044/3858/94 4035/3859/94
f 4035/3859/94 4044/3858/94 4043/3860/94
f 4035/3859/94 4043/3860/94 4036/3861/94
f 4036/3861/94 4043/3860/94 4042/3862/94
f 4036/3861/94 4042/3862/94 4037/3863/94
f 4037/3863/94 4042/3862/94 4041/3864/94
f 4037/3863/94 4041/3864/94 4038/3865/94
f 4038/3865/94 4041/3864/94 4040/3866/94
f 4038/3865/94 4040/3866/94 4039/3867/94
f 3940/3808/145 4068/3807/145 3917/3806/148
f 3917/3806/148 4068/3807/145 4045/3805/148
f 3917/3806/148 4045/3805/148 3918/3804/151
f 3918/3804/151 4045/3805/148 4046/3803/151
f 3918/3804/151 4046/3803/151 3919/3852/95
f 3919/3852/95 4046/3803/151 4047/3851/95
f 3919/3852/95 4047/3851/95 3920/3850/96
f 3920/3850/96 4047/3851/95 4048/3849/96
f 3920/3850/96 4048/3849/96 3921/3848/100
f 3921/3848/100 4048/3849/96 4049/3847/100
f 3921/3848/100 4049/3847/100 3922/3846/102
f 3922/3846/102 4049/3847/100 4050/3845/102
f 3922/3846/102 4050/3845/102 3923/3844/105
f 3923/3844/105 4050/3845/102 4051/3843/105
f 3923/3844/105 4051/3843/105 3924/3842/107
f 3924/3842/107 4051/3843/105 4052/3841/107
f 3924/3842/107 4052/3841/107 3925/3840/109
f 3925/3840/109 4052/3841/107 4053/3839/109
f 3925/3840/109 4053/3839/109 3926/3838/111
f 3926/3838/111 4053/3839/109 4054/3837/111
f 3926/3838/111 4054/3837/111 3927/3836/113
f 3927/3836/113 4054/3837/111 4055/3835/113
f 3927/3836/113 4055/3835/113 3928/3834/115
f 3928/3834/115 4055/3835/113 4056/3833/115
f 3928/3834/115 4056/3833/115 3929/3832/117
f 3929/3832/117 4056/3833/115 4057/3831/117
f 3929/3830/117 4057/3829/117 3930/3828/120
f 3930/3828/120 4057/3829/117 4058/3827/120
f 3930/3828/120 4058/3827/120 3931/3826/123
f 3931/3826/123 4058/3827/120 4059/3825/123
f 3931/3826/123 4059/3825/123 3932/3824/126
f 3932/3824/126 4059/3825/123 4060/3823/126
f 3932/3824/126 4060/3823/126 3933/3822/129
f 3933/3822/129 4060/3823/126 4061/3821/129
f 3933/3822/129 4061/3821/129 3934/3820/265
f 3934/3820/265 4061/3821/129 4062/3819/265
f 3934/3820/265 4062/3819/265 3935/3818/268
f 3935/3818/268 4062/3819/265 4063/3817/268
f 3935/3818/268 4063/3817/268 3936/3816/136
f 3936/3816/136 4063/3817/268 4064/3815/136
f 3936/3816/136 4064/3815/136 3937/3814/138
f 3937/3814/138 4064/3815/136 4065/3813/138
f 3937/3814/138 4065/3813/138 3938/3812/140
f 3938/3812/140 4065/3813/138 4066/3811/140
f 3938/3812/140 4066/3811/140 3939/3810/143
f 3939/3810/143 4066/3811/140 4067/3809/143
f 3939/3810/143 4067/3809/143 3940/3808/145
f 3940/3808/145 4067/3809/143 4068/3807/145
f 4068/3858/94 4058/3857/94 4045/3856/94
f 4045/3856/94 4058/3857/94 4057/3855/94
f 4045/3856/94 4057/3855/94 4046/3854/94
f 4046/3854/94 4057/3855/94 4056/3853/94
f 4046/3854/94 4056/3853/94 4047/3868/94
f 4047/3868/94 4056/3853/94 4055/3869/94
f 4047/3868/94 4055/3869/94 4048/3870/94
f 4048/3870/94 4055/3869/94 4054/3871/94
f 4048/3870/94 4054/3871/94 4049/3872/94
f 4049/3872/94 4054/3871/94 4053/3873/94
f 4049/3872/94 4053/3873/94 4050/3874/94
f 4050/3874/94 4053/3873/94 4052/3875/94
f 4050/3874/94 4052/3875/94 4051/3876/94
f 4058/3857/94 4068/3858/94 4059/3859/94
f 4059/3859/94 4068/3858/94 4067/3860/94
f 4059/3859/94 4067/3860/94 4060/3861/94
f 4060/3861/94 4067/3860/94 4066/3862/94
f 4060/3861/94 4066/3862/94 4061/3863/94
f 4061/3863/94 4066/3862/94 4065/3864/94
f 4061/3863/94 4065/3864/94 4062/3865/94
f 4062/3865/94 4065/3864/94 4064/3866/94
f 4062/3865/94 4064/3866/94 4063/3867/94
f 3964/3808/145 4092/3807/145 3941/3806/148
f 3941/3806/148 4092/3807/145 4069/3805/148
f 3941/3806/148 4069/3805/148 3942/3804/151
f 3942/3804/151 4069/3805/148 4070/3803/151
f 3942/3804/151 4070/3803/151 3943/3852/95
f 3943/3852/95 4070/3803/151 4071/3851/95
f 3943/3852/95 4071/3851/95 3944/3850/96
f 3944/3850/96 4071/3851/95 4072/3849/96
f 3944/3850/96 4072/3849/96 3945/3848/100
f 3945/3848/100 4072/3849/96 4073/3847/100
f 3945/3848/100 4073/3847/100 3946/3846/102
f 3946/3846/102 4073/3847/100 4074/3845/102
f 3946/3846/102 4074/3845/102 3947/3844/105
f 3947/3844/105 4074/3845/102 4075/3843/105
f 3947/3844/105 4075/3843/105 3948/3842/107
f 3948/3842/107 4075/3843/105 4076/3841/107
f 3948/3842/107 4076/3841/107 3949/3840/109
f 3949/3840/109 4076/3841/107 4077/3839/109
f 3949/3840/109 4077/3839/109 3950/3838/111
f 3950/3838/111 4077/3839/109 4078/3837/111
f 3950/3838/111 4078/3837/111 3951/3836/113
f 3951/3836/113 4078/3837/111 4079/3835/113
f 3951/3836/113 4079/3835/113 3952/3834/115
f 3952/3834/115 4079/3835/113 4080/3833/115
f 3952/3834/115 4080/3833/115 3953/3832/117
f 3953/3832/117 4080/3833/115 4081/3831/117
f 3953/3830/117 4081/3829/117 3954/3828/120
f 3954/3828/120 4081/3829/117 4082/3827/120
f 3954/3828/120 4082/3827/120 3955/3826/123
f 3955/3826/123 4082/3827/120 4083/3825/123
f 3955/3826/123 4083/3825/123 3956/3824/126
f 3956/3824/126 4083/3825/123 4084/3823/126
f 3956/3824/126 4084/3823/126 3957/3822/129
f 3957/3822/129 4084/3823/126 4085/3821/129
f 3957/3822/129 4085/3821/129 3958/3820/265
f 3958/3820/265 4085/3821/129 4086/3819/265
f 3958/3820/265 4086/3819/265 3959/3818/268
f 3959/3818/268 4086/3819/265 4087/3817/268
f 3959/3818/268 4087/3817/268 3960/3816/136
f 3960/3816/136 4087/3817/268 4088/3815/136
f 3960/3816/136 4088/3815/136 3961/3814/138
f 3961/3814/138 4088/3815/136 4089/3813/138
f 3961/3814/138 4089/3813/138 3962/3812/140
f 3962/3812/140 4089/3813/138 4090/3811/140
f 3962/3812/140 4090/3811/140 3963/3810/143
f 3963/3810/143 4090/3811/140 4091/3809/143
f 3963/3810/143 4091/3809/143 3964/3808/145
f 3964/3808/145 4091/3809/143 4092/3807/145
f 4092/3858/94 4082/3857/94 4069/3856/94
f 4069/3856/94 4082/3857/94 4081/3855/94
f 4069/3856/94 4081/3855/94 4070/3854/94
f 4070/3854/94 4081/3855/94 4080/3853/94
f 4070/3854/94 4080/3853/94 4071/3868/94
f 4071/3868/94 4080/3853/94 4079/3869/94
f 4071/3868/94 4079/3869/94 4072/3870/94
f 4072/3870/94 4079/3869/94 4078/3871/94
f 4072/3870/94 4078/3871/94 4073/3872/94
f 4073/3872/94 4078/3871/94 4077/3873/94
f 4073/3872/94 4077/3873/94 4074/3874/94
f 4074/3874/94 4077/3873/94 4076/3875/94
f 4074/3874/94 4076/3875/94 4075/3876/94
f 4082/3857/94 4092/3858/94 4083/3859/94
f 4083/3859/94 4092/3858/94 4091/3860/94
f 4083/3859/94 4091/3860/94 4084/3861/94
f 4084/3861/94 4091/3860/94 4090/3862/94
f 4084/3861/94 4090/3862/94 4085/3863/94
f 4085/3863/94 4090/3862/94 4089/3864/94
f 4085/3863/94 4089/3864/94 4086/3865/94
f 4086/3865/94 4089/3864/94 4088/3866/94
f 4086/3865/94 4088/3866/94 4087/3867/94
f 3990/3808/145 4116/3807/145 3967/3806/148
f 3967/3806/148 4116/3807/145 4093/3805/148
f 3967/3806/148 4093/3805/148 3968/3804/151
f 3968/3804/151 4093/3805/148 4094/3803/151
f 3968/3804/151 4094/3803/151 3969/3852/95
f 3969/3852/95 4094/3803/151 4095/3851/95
f 3969/3852/95 4095/3851/95 3970/3850/96
f 3970/3850/96 4095/3851/95 4096/3849/96
f 3970/3850/96 4096/3849/96 3971/3848/100
f 3971/3848/100 4096/3849/96 4097/3847/100
f 3971/3848/100 4097/3847/100 3972/3846/102
f 3972/3846/102 4097/3847/100 4098/3845/102
f 3972/3846/102 4098/3845/102 3973/3844/105
f 3973/3844/105 4098/3845/102 4099/3843/105
f 3973/3844/105 4099/3843/105 3974/3842/107
f 3974/3842/107 4099/3843/105 4100/3841/107
f 3974/3842/107 4100/3841/107 3975/3840/109
f 3975/3840/109 4100/3841/107 4101/3839/109
f 3975/3840/109 4101/3839/109 3976/3838/111
f 3976/3838/111 4101/3839/109 4102/3837/111
f 3976/3838/111 4102/3837/111 3977/3836/113
f 3977/3836/113 4102/3837/111 4103/3835/113
f 3977/3836/113 4103/3835/113 3978/3834/115
f 3978/3834/115 4103/3835/113 4104/3833/115
f 3978/3834/115 4104/3833/115 3979/3832/117
f 3979/3832/117 4104/3833/115 4105/3831/117
f 3979/3830/117 4105/3829/117 3980/3828/120
f 3980/3828/120 4105/3829/117 4106/3827/120
f 3980/3828/120 4106/3827/120 3981/3826/123
f 3981/3826/123 4106/3827/120 4107/3825/123
f 3981/3826/123 4107/3825/123 3982/3824/126
f 3982/3824/126 4107/3825/123 4108/3823/126
f 3982/3824/126 4108/3823/126 3983/3822/129
f 3983/3822/129 4108/3823/126 4109/3821/129
f 3983/3822/129 4109/3821/129 3984/3820/265
f 3984/3820/265 4109/3821/129 4110/3819/265
f 3984/3820/265 4110/3819/265 3985/3818/268
f 3985/3818/268 4110/3819/265 4111/3817/268
f 3985/3818/268 4111/3817/268 3986/3816/136
f 3986/3816/136 4111/3817/268 4112/3815/136
f 3986/3816/136 4112/3815/136 3987/3814/138
f 3987/3814/138 4112/3815/136 4113/3813/138
f 3987/3814/138 4113/3813/138 3988/3812/140
f 3988/3812/140 4113/3813/138 4114/3811/140
f 3988/3812/140 4114/3811/140 3989/3810/143
f 3989/3810/143 4114/3811/140 4115/3809/143
f 3989/3810/143 4115/3809/143 3990/3808/145
f 3990/3808/145 4115/3809/143 4116/3807/145
f 4116/3858/94 4106/3857/94 4093/3856/94
f 4093/3856/94 4106/3857/94 4105/3855/94
f 4093/3856/94 4105/3855/94 4094/3854/94
f 4094/3854/94 4105/3855/94 4104/3853/94
f 4094/3854/94 4104/3853/94 4095/3868/94
f 4095/3868/94 4104/3853/94 4103/3869/94
f 4095/3868/94 4103/3869/94 4096/3870/94
f 4096/3870/94 4103/3869/94 4102/3871/94
f 4096/3870/94 4102/3871/94 4097/3872/94
f 4097/3872/94 4102/3871/94 4101/3873/94
f 4097/3872/94 4101/3873/94 4098/3874/94
f 4098/3874/94 4101/3873/94 4100/3875/94
f 4098/3874/94 4100/3875/94 4099/3876/94
f 4106/3857/94 4116/3858/94 4107/3859/94
f 4107/3859/94 4116/3858/94 4115/3860/94
f 4107/3859/94 4115/3860/94 4108/3861/94
f 4108/3861/94 4115/3860/94 4114/3862/94
f 4108/3861/94 4114/3862/94 4109/3863/94
f 4109/3863/94 4114/3862/94 4113/3864/94
f 4109/3863/94 4113/3864/94 4110/3865/94
f 4110/3865/94 4113/3864/94 4112/3866/94
f 4110/3865/94 4112/3866/94 4111/3867/94
f 4019/4020/117 4018/3696/117 4117/4021/117
f 4117/4021/117 4018/3696/117 4118/3692/117
f 4018/4022/2070 4017/3696/2070 4118/4023/2070
f 4118/4023/2070 4017/3696/2070 4119/3692/2070
f 4017/4020/148 4016/3696/148 4119/4021/148
f 4119/4021/148 4016/3696/148 4120/3692/148
f 4016/3918/2070 4015/3696/2070 4120/3920/2070
f 4120/3920/2070 4015/3696/2070 4121/3692/2070
f 4015/4024/117 3966/3696/117 4121/4025/117
f 4121/4025/117 3966/3696/117 3965/3692/117
f 3915/4024/148 4020/3696/148 3916/4025/148
f 3916/4025/148 4020/3696/148 4122/3692/148
f 4020/3918/2070 4019/3696/2070 4122/3920/2070
f 4122/3920/2070 4019/3696/2070 4117/3692/2070
f 3907/3791/268 3910/3792/268 3965/3793/268
f 3965/3793/268 3910/3792/268 4119/3794/268
f 3965/3793/268 4119/3794/268 4121/3795/268
f 4121/3795/268 4119/3794/268 4120/3796/268
f 4119/3794/268 3910/3792/268 4118/3797/268
f 4118/3797/268 3910/3792/268 3913/3798/268
f 4118/3797/268 3913/3798/268 3916/3799/268
f 3916/3799/268 3913/3798/268 3912/3800/268
f 3916/3799/268 4122/3801/268 4118/3797/268
f 4118/3797/268 4122/3801/268 4117/3802/268
f 4187/58/117 4188/3915/117 4190/3682/117
f 4190/3682/117 4188/3915/117 4189/3916/117
f 4191/58/148 4192/3917/148 4194/3682/148
f 4194/3682/148 4192/3917/148 4193/3916/148
f 4189/3683/94 4194/3684/94 4190/3685/94
f 4190/3685/94 4194/3684/94 4193/3686/94
f 4191/3918/94 4244/3919/94 4192/3920/94
f 4192/3920/94 4244/3919/94 4221/3921/94
f 4192/3920/94 4221/3921/94 4222/3922/94
f 4195/3696/94 4215/3923/94 4191/3918/94
f 4191/3918/94 4215/3923/94 4216/3924/94
f 4191/3918/94 4216/3924/94 4217/3925/94
f 4196/3692/94 4234/3926/94 4195/3696/94
f 4195/3696/94 4234/3926/94 4208/3927/94
f 4195/3696/94 4208/3927/94 4209/3928/94
f 4192/3920/94 4227/3929/94 4196/3692/94
f 4196/3692/94 4227/3929/94 4228/3930/94
f 4196/3692/94 4228/3930/94 4229/3931/94
f 4220/3932/94 4197/3933/94 4191/3918/94
f 4191/3918/94 4197/3933/94 4198/3934/94
f 4191/3918/94 4198/3934/94 4244/3919/94
f 4244/3919/94 4198/3934/94 4199/3935/94
f 4244/3919/94 4199/3935/94 4243/3936/94
f 4243/3936/94 4199/3935/94 4242/3937/94
f 4242/3937/94 4199/3935/94 4200/3938/94
f 4242/3937/94 4200/3938/94 4241/3939/94
f 4241/3939/94 4200/3938/94 4201/3940/94
f 4241/3939/94 4201/3940/94 4240/3941/94
f 4240/3941/94 4201/3940/94 4202/3942/94
f 4240/3941/94 4202/3942/94 4239/3943/94
f 4239/3943/94 4202/3942/94 4203/3944/94
f 4239/3943/94 4203/3944/94 4204/3945/94
f 4239/3943/94 4204/3945/94 4238/3946/94
f 4238/3946/94 4204/3945/94 4205/3947/94
f 4238/3946/94 4205/3947/94 4237/3948/94
f 4237/3948/94 4205/3947/94 4206/3949/94
f 4237/3948/94 4206/3949/94 4236/3950/94
f 4236/3950/94 4206/3949/94 4207/3951/94
f 4236/3950/94 4207/3951/94 4235/3952/94
f 4235/3952/94 4207/3951/94 4234/3926/94
f 4234/3926/94 4207/3951/94 4208/3927/94
f 4209/3928/94 4210/3953/94 4195/3696/94
f 4195/3696/94 4210/3953/94 4211/3954/94
f 4195/3696/94 4211/3954/94 4212/3955/94
f 4212/3955/94 4213/3956/94 4195/3696/94
f 4195/3696/94 4213/3956/94 4214/3957/94
f 4195/3696/94 4214/3957/94 4215/3923/94
f 4217/3925/94 4218/3958/94 4191/3918/94
f 4191/3918/94 4218/3958/94 4219/3959/94
f 4191/3918/94 4219/3959/94 4220/3932/94
f 4222/3922/94 4223/3960/94 4192/3920/94
f 4192/3920/94 4223/3960/94 4224/3961/94
f 4192/3920/94 4224/3961/94 4225/3962/94
f 4225/3962/94 4226/3963/94 4192/3920/94
f 4192/3920/94 4226/3963/94 4227/3929/94
f 4229/3931/94 4230/3964/94 4196/3692/94
f 4196/3692/94 4230/3964/94 4231/3965/94
f 4196/3692/94 4231/3965/94 4232/3966/94
f 4232/3966/94 4233/3967/94 4196/3692/94
f 4196/3692/94 4233/3967/94 4234/3926/94
f 4187/3968/94 4284/3969/94 4188/3970/94
f 4188/3970/94 4284/3969/94 4258/3971/94
f 4188/3970/94 4258/3971/94 4259/3972/94
f 4245/3973/94 4277/3974/94 4187/3968/94
f 4187/3968/94 4277/3974/94 4278/3975/94
f 4187/3968/94 4278/3975/94 4279/3976/94
f 4246/3977/94 4294/3978/94 4245/3973/94
f 4245/3973/94 4294/3978/94 4271/3979/94
f 4245/3973/94 4271/3979/94 4272/3980/94
f 4188/3970/94 4265/3981/94 4246/3977/94
f 4246/3977/94 4265/3981/94 4266/3982/94
f 4246/3977/94 4266/3982/94 4267/3983/94
f 4270/3984/94 4247/3985/94 4246/3977/94
f 4246/3977/94 4247/3985/94 4248/3986/94
f 4246/3977/94 4248/3986/94 4294/3978/94
f 4294/3978/94 4248/3986/94 4249/3987/94
f 4294/3978/94 4249/3987/94 4293/3988/94
f 4293/3988/94 4249/3987/94 4292/3989/94
f 4292/3989/94 4249/3987/94 4250/3990/94
f 4292/3989/94 4250/3990/94 4291/3991/94
f 4291/3991/94 4250/3990/94 4251/3992/94
f 4291/3991/94 4251/3992/94 4290/3993/94
f 4290/3993/94 4251/3992/94 4252/3994/94
f 4290/3993/94 4252/3994/94 4289/3995/94
f 4289/3995/94 4252/3994/94 4253/3996/94
f 4289/3995/94 4253/3996/94 4254/3997/94
f 4289/3995/94 4254/3997/94 4288/3998/94
f 4288/3998/94 4254/3997/94 4255/3999/94
f 4288/3998/94 4255/3999/94 4287/4000/94
f 4287/4000/94 4255/3999/94 4256/4001/94
f 4287/4000/94 4256/4001/94 4286/4002/94
f 4286/4002/94 4256/4001/94 4257/4003/94
f 4286/4002/94 4257/4003/94 4285/4004/94
f 4285/4004/94 4257/4003/94 4284/3969/94
f 4284/3969/94 4257/4003/94 4258/3971/94
f 4259/3972/94 4260/4005/94 4188/3970/94
f 4188/3970/94 4260/4005/94 4261/4006/94
f 4188/3970/94 4261/4006/94 4262/4007/94
f 4262/4007/94 4263/4008/94 4188/3970/94
f 4188/3970/94 4263/4008/94 4264/4009/94
f 4188/3970/94 4264/4009/94 4265/3981/94
f 4267/3983/94 4268/4010/94 4246/3977/94
f 4246/3977/94 4268/4010/94 4269/4011/94
f 4246/3977/94 4269/4011/94 4270/3984/94
f 4272/3980/94 4273/4012/94 4245/3973/94
f 4245/3973/94 4273/4012/94 4274/4013/94
f 4245/3973/94 4274/4013/94 4275/4014/94
f 4275/4014/94 4276/4015/94 4245/3973/94
f 4245/3973/94 4276/4015/94 4277/3974/94
f 4279/3976/94 4280/4016/94 4187/3968/94
f 4187/3968/94 4280/4016/94 4281/4017/94
f 4187/3968/94 4281/4017/94 4282/4018/94
f 4282/4018/94 4283/4019/94 4187/3968/94
f 4187/3968/94 4283/4019/94 4284/3969/94
f 4188/3796/268 4246/3795/268 4189/3883/268
f 4189/3883/268 4246/3795/268 4297/3884/268
f 4189/3883/268 4297/3884/268 4194/3885/268
f 4194/3885/268 4297/3884/268 4298/3886/268
f 4194/3885/268 4298/3886/268 4195/3801/268
f 4195/3801/268 4298/3886/268 4300/3799/268
f 4300/3799/268 4298/3886/268 4299/3800/268
f 4246/3795/268 4295/3793/268 4297/3884/268
f 4297/3884/268 4295/3793/268 4296/3791/268
f 4195/3801/268 4191/3802/268 4194/3885/268
f 4294/3808/115 4324/3807/115 4271/3806/117
f 4271/3806/117 4324/3807/115 4301/3805/117
f 4271/3806/117 4301/3805/117 4272/3804/120
f 4272/3804/120 4301/3805/117 4302/3803/120
f 4272/3804/120 4302/3803/120 4273/3852/123
f 4273/3852/123 4302/3803/120 4303/3851/123
f 4273/3852/123 4303/3851/123 4274/3850/126
f 4274/3850/126 4303/3851/123 4304/3849/126
f 4274/3850/126 4304/3849/126 4275/3848/129
f 4275/3848/129 4304/3849/126 4305/3847/129
f 4275/3848/129 4305/3847/129 4276/3846/265
f 4276/3846/265 4305/3847/129 4306/3845/265
f 4276/3846/265 4306/3845/265 4277/3844/268
f 4277/3844/268 4306/3845/265 4307/3843/268
f 4277/3844/268 4307/3843/268 4278/3842/136
f 4278/3842/136 4307/3843/268 4308/3841/136
f 4278/3842/136 4308/3841/136 4279/3840/138
f 4279/3840/138 4308/3841/136 4309/3839/138
f 4279/3840/138 4309/3839/138 4280/3838/140
f 4280/3838/140 4309/3839/138 4310/3837/140
f 4280/3838/140 4310/3837/140 4281/3836/143
f 4281/3836/143 4310/3837/140 4311/3835/143
f 4281/3836/143 4311/3835/143 4282/3834/145
f 4282/3834/145 4311/3835/143 4312/3833/145
f 4282/3834/145 4312/3833/145 4283/3832/148
f 4283/3832/148 4312/3833/145 4313/3831/148
f 4283/3830/148 4313/3829/148 4284/3828/151
f 4284/3828/151 4313/3829/148 4314/3827/151
f 4284/3828/151 4314/3827/151 4285/3826/95
f 4285/3826/95 4314/3827/151 4315/3825/95
f 4285/3826/95 4315/3825/95 4286/3824/96
f 4286/3824/96 4315/3825/95 4316/3823/96
f 4286/3824/96 4316/3823/96 4287/3822/100
f 4287/3822/100 4316/3823/96 4317/3821/100
f 4287/3822/100 4317/3821/100 4288/3820/102
f 4288/3820/102 4317/3821/100 4318/3819/102
f 4288/3820/102 4318/3819/102 4289/3818/105
f 4289/3818/105 4318/3819/102 4319/3817/105
f 4289/3818/105 4319/3817/105 4290/3816/107
f 4290/3816/107 4319/3817/105 4320/3815/107
f 4290/3816/107 4320/3815/107 4291/3814/109
f 4291/3814/109 4320/3815/107 4321/3813/109
f 4291/3814/109 4321/3813/109 4292/3812/111
f 4292/3812/111 4321/3813/109 4322/3811/111
f 4292/3812/111 4322/3811/111 4293/3810/113
f 4293/3810/113 4322/3811/111 4323/3809/113
f 4293/3810/113 4323/3809/113 4294/3808/115
f 4294/3808/115 4323/3809/113 4324/3807/115
f 4324/3858/94 4314/3857/94 4301/3856/94
f 4301/3856/94 4314/3857/94 4313/3855/94
f 4301/3856/94 4313/3855/94 4302/3854/94
f 4302/3854/94 4313/3855/94 4312/3853/94
f 4302/3854/94 4312/3853/94 4303/3868/94
f 4303/3868/94 4312/3853/94 4311/3869/94
f 4303/3868/94 4311/3869/94 4304/3870/94
f 4304/3870/94 4311/3869/94 4310/3871/94
f 4304/3870/94 4310/3871/94 4305/3872/94
f 4305/3872/94 4310/3871/94 4309/3873/94
f 4305/3872/94 4309/3873/94 4306/3874/94
f 4306/3874/94 4309/3873/94 4308/3875/94
f 4306/3874/94 4308/3875/94 4307/3876/94
f 4314/3857/94 4324/3858/94 4315/3859/94
f 4315/3859/94 4324/3858/94 4323/3860/94
f 4315/3859/94 4323/3860/94 4316/3861/94
f 4316/3861/94 4323/3860/94 4322/3862/94
f 4316/3861/94 4322/3862/94 4317/3863/94
f 4317/3863/94 4322/3862/94 4321/3864/94
f 4317/3863/94 4321/3864/94 4318/3865/94
f 4318/3865/94 4321/3864/94 4320/3866/94
f 4318/3865/94 4320/3866/94 4319/3867/94
f 4220/3808/115 4348/3807/115 4197/3806/117
f 4197/3806/117 4348/3807/115 4325/3805/117
f 4197/3806/117 4325/3805/117 4198/3804/120
f 4198/3804/120 4325/3805/117 4326/3803/120
f 4198/3804/120 4326/3803/120 4199/3852/123
f 4199/3852/123 4326/3803/120 4327/3851/123
f 4199/3852/123 4327/3851/123 4200/3850/126
f 4200/3850/126 4327/3851/123 4328/3849/126
f 4200/3850/126 4328/3849/126 4201/3848/129
f 4201/3848/129 4328/3849/126 4329/3847/129
f 4201/3848/129 4329/3847/129 4202/3846/265
f 4202/3846/265 4329/3847/129 4330/3845/265
f 4202/3846/265 4330/3845/265 4203/3844/268
f 4203/3844/268 4330/3845/265 4331/3843/268
f 4203/3844/268 4331/3843/268 4204/3842/136
f 4204/3842/136 4331/3843/268 4332/3841/136
f 4204/3842/136 4332/3841/136 4205/3840/138
f 4205/3840/138 4332/3841/136 4333/3839/138
f 4205/3840/138 4333/3839/138 4206/3838/140
f 4206/3838/140 4333/3839/138 4334/3837/140
f 4206/3838/140 4334/3837/140 4207/3836/143
f 4207/3836/143 4334/3837/140 4335/3835/143
f 4207/3836/143 4335/3835/143 4208/3834/145
f 4208/3834/145 4335/3835/143 4336/3833/145
f 4208/3834/145 4336/3833/145 4209/3832/148
f 4209/3832/148 4336/3833/145 4337/3831/148
f 4209/3830/148 4337/3829/148 4210/3828/151
f 4210/3828/151 4337/3829/148 4338/3827/151
f 4210/3828/151 4338/3827/151 4211/3826/95
f 4211/3826/95 4338/3827/151 4339/3825/95
f 4211/3826/95 4339/3825/95 4212/3824/96
f 4212/3824/96 4339/3825/95 4340/3823/96
f 4212/3824/96 4340/3823/96 4213/3822/100
f 4213/3822/100 4340/3823/96 4341/3821/100
f 4213/3822/100 4341/3821/100 4214/3820/102
f 4214/3820/102 4341/3821/100 4342/3819/102
f 4214/3820/102 4342/3819/102 4215/3818/105
f 4215/3818/105 4342/3819/102 4343/3817/105
f 4215/3818/105 4343/3817/105 4216/3816/107
f 4216/3816/107 4343/3817/105 4344/3815/107
f 4216/3816/107 4344/3815/107 4217/3814/109
f 4217/3814/109 4344/3815/107 4345/3813/109
f 4217/3814/109 4345/3813/109 4218/3812/111
f 4218/3812/111 4345/3813/109 4346/3811/111
f 4218/3812/111 4346/3811/111 4219/3810/113
f 4219/3810/113 4346/3811/111 4347/3809/113
f 4219/3810/113 4347/3809/113 4220/3808/115
f 4220/3808/115 4347/3809/113 4348/3807/115
f 4348/3858/94 4338/3857/94 4325/3856/94
f 4325/3856/94 4338/3857/94 4337/3855/94
f 4325/3856/94 4337/3855/94 4326/3854/94
f 4326/3854/94 4337/3855/94 4336/3853/94
f 4326/3854/94 4336/3853/94 4327/3868/94
f 4327/3868/94 4336/3853/94 4335/3869/94
f 4327/3868/94 4335/3869/94 4328/3870/94
f 4328/3870/94 4335/3869/94 4334/3871/94
f 4328/3870/94 4334/3871/94 4329/3872/94
f 4329/3872/94 4334/3871/94 4333/3873/94
f 4329/3872/94 4333/3873/94 4330/3874/94
f 4330/3874/94 4333/3873/94 4332/3875/94
f 4330/3874/94 4332/3875/94 4331/3876/94
f 4338/3857/94 4348/3858/94 4339/3859/94
f 4339/3859/94 4348/3858/94 4347/3860/94
f 4339/3859/94 4347/3860/94 4340/3861/94
f 4340/3861/94 4347/3860/94 4346/3862/94
f 4340/3861/94 4346/3862/94 4341/3863/94
f 4341/3863/94 4346/3862/94 4345/3864/94
f 4341/3863/94 4345/3864/94 4342/3865/94
f 4342/3865/94 4345/3864/94 4344/3866/94
f 4342/3865/94 4344/3866/94 4343/3867/94
f 4244/3808/115 4372/3807/115 4221/3806/117
f 4221/3806/117 4372/3807/115 4349/3805/117
f 4221/3806/117 4349/3805/117 4222/3804/120
f 4222/3804/120 4349/3805/117 4350/3803/120
f 4222/3804/120 4350/3803/120 4223/3852/123
f 4223/3852/123 4350/3803/120 4351/3851/123
f 4223/3852/123 4351/3851/123 4224/3850/126
f 4224/3850/126 4351/3851/123 4352/3849/126
f 4224/3850/126 4352/3849/126 4225/3848/129
f 4225/3848/129 4352/3849/126 4353/3847/129
f 4225/3848/129 4353/3847/129 4226/3846/265
f 4226/3846/265 4353/3847/129 4354/3845/265
f 4226/3846/265 4354/3845/265 4227/3844/268
f 4227/3844/268 4354/3845/265 4355/3843/268
f 4227/3844/268 4355/3843/268 4228/3842/136
f 4228/3842/136 4355/3843/268 4356/3841/136
f 4228/3842/136 4356/3841/136 4229/3840/138
f 4229/3840/138 4356/3841/136 4357/3839/138
f 4229/3840/138 4357/3839/138 4230/3838/140
f 4230/3838/140 4357/3839/138 4358/3837/140
f 4230/3838/140 4358/3837/140 4231/3836/143
f 4231/3836/143 4358/3837/140 4359/3835/143
f 4231/3836/143 4359/3835/143 4232/3834/145
f 4232/3834/145 4359/3835/143 4360/3833/145
f 4232/3834/145 4360/3833/145 4233/3832/148
f 4233/3832/148 4360/3833/145 4361/3831/148
f 4233/3830/148 4361/3829/148 4234/3828/151
f 4234/3828/151 4361/3829/148 4362/3827/151
f 4234/3828/151 4362/3827/151 4235/3826/95
f 4235/3826/95 4362/3827/151 4363/3825/95
f 4235/3826/95 4363/3825/95 4236/3824/96
f 4236/3824/96 4363/3825/95 4364/3823/96
f 4236/3824/96 4364/3823/96 4237/3822/100
f 4237/3822/100 4364/3823/96 4365/3821/100
f 4237/3822/100 4365/3821/100 4238/3820/102
f 4238/3820/102 4365/3821/100 4366/3819/102
f 4238/3820/102 4366/3819/102 4239/3818/105
f 4239/3818/105 4366/3819/102 4367/3817/105
f 4239/3818/105 4367/3817/105 4240/3816/107
f 4240/3816/107 4367/3817/105 4368/3815/107
f 4240/3816/107 4368/3815/107 4241/3814/109
f 4241/3814/109 4368/3815/107 4369/3813/109
f 4241/3814/109 4369/3813/109 4242/3812/111
f 4242/3812/111 4369/3813/109 4370/3811/111
f 4242/3812/111 4370/3811/111 4243/3810/113
f 4243/3810/113 4370/3811/111 4371/3809/113
f 4243/3810/113 4371/3809/113 4244/3808/115
f 4244/3808/115 4371/3809/113 4372/3807/115
f 4372/3858/94 4362/3857/94 4349/3856/94
f 4349/3856/94 4362/3857/94 4361/3855/94
f 4349/3856/94 4361/3855/94 4350/3854/94
f 4350/3854/94 4361/3855/94 4360/3853/94
f 4350/3854/94 4360/3853/94 4351/3868/94
f 4351/3868/94 4360/3853/94 4359/3869/94
f 4351/3868/94 4359/3869/94 4352/3870/94
f 4352/3870/94 4359/3869/94 4358/3871/94
f 4352/3870/94 4358/3871/94 4353/3872/94
f 4353/3872/94 4358/3871/94 4357/3873/94
f 4353/3872/94 4357/3873/94 4354/3874/94
f 4354/3874/94 4357/3873/94 4356/3875/94
f 4354/3874/94 4356/3875/94 4355/3876/94
f 4362/3857/94 4372/3858/94 4363/3859/94
f 4363/3859/94 4372/3858/94 4371/3860/94
f 4363/3859/94 4371/3860/94 4364/3861/94
f 4364/3861/94 4371/3860/94 4370/3862/94
f 4364/3861/94 4370/3862/94 4365/3863/94
f 4365/3863/94 4370/3862/94 4369/3864/94
f 4365/3863/94 4369/3864/94 4366/3865/94
f 4366/3865/94 4369/3864/94 4368/3866/94
f 4366/3865/94 4368/3866/94 4367/3867/94
f 4270/3808/115 4396/3807/115 4247/3806/117
f 4247/3806/117 4396/3807/115 4373/3805/117
f 4247/3806/117 4373/3805/117 4248/3804/120
f 4248/3804/120 4373/3805/117 4374/3803/120
f 4248/3804/120 4374/3803/120 4249/3852/123
f 4249/3852/123 4374/3803/120 4375/3851/123
f 4249/3852/123 4375/3851/123 4250/3850/126
f 4250/3850/126 4375/3851/123 4376/3849/126
f 4250/3850/126 4376/3849/126 4251/3848/129
f 4251/3848/129 4376/3849/126 4377/3847/129
f 4251/3848/129 4377/3847/129 4252/3846/265
f 4252/3846/265 4377/3847/129 4378/3845/265
f 4252/3846/265 4378/3845/265 4253/3844/268
f 4253/3844/268 4378/3845/265 4379/3843/268
f 4253/3844/268 4379/3843/268 4254/3842/136
f 4254/3842/136 4379/3843/268 4380/3841/136
f 4254/3842/136 4380/3841/136 4255/3840/138
f 4255/3840/138 4380/3841/136 4381/3839/138
f 4255/3840/138 4381/3839/138 4256/3838/140
f 4256/3838/140 4381/3839/138 4382/3837/140
f 4256/3838/140 4382/3837/140 4257/3836/143
f 4257/3836/143 4382/3837/140 4383/3835/143
f 4257/3836/143 4383/3835/143 4258/3834/145
f 4258/3834/145 4383/3835/143 4384/3833/145
f 4258/3834/145 4384/3833/145 4259/3832/148
f 4259/3832/148 4384/3833/145 4385/3831/148
f 4259/3830/148 4385/3829/148 4260/3828/151
f 4260/3828/151 4385/3829/148 4386/3827/151
f 4260/3828/151 4386/3827/151 4261/3826/95
f 4261/3826/95 4386/3827/151 4387/3825/95
f 4261/3826/95 4387/3825/95 4262/3824/96
f 4262/3824/96 4387/3825/95 4388/3823/96
f 4262/3824/96 4388/3823/96 4263/3822/100
f 4263/3822/100 4388/3823/96 4389/3821/100
f 4263/3822/100 4389/3821/100 4264/3820/102
f 4264/3820/102 4389/3821/100 4390/3819/102
f 4264/3820/102 4390/3819/102 4265/3818/105
f 4265/3818/105 4390/3819/102 4391/3817/105
f 4265/3818/105 4391/3817/105 4266/3816/107
f 4266/3816/107 4391/3817/105 4392/3815/107
f 4266/3816/107 4392/3815/107 4267/3814/109
f 4267/3814/109 4392/3815/107 4393/3813/109
f 4267/3814/109 4393/3813/109 4268/3812/111
f 4268/3812/111 4393/3813/109 4394/3811/111
f 4268/3812/111 4394/3811/111 4269/3810/113
f 4269/3810/113 4394/3811/111 4395/3809/113
f 4269/3810/113 4395/3809/113 4270/3808/115
f 4270/3808/115 4395/3809/113 4396/3807/115
f 4396/3858/94 4386/3857/94 4373/3856/94
f 4373/3856/94 4386/3857/94 4385/3855/94
f 4373/3856/94 4385/3855/94 4374/3854/94
f 4374/3854/94 4385/3855/94 4384/3853/94
f 4374/3854/94 4384/3853/94 4375/3868/94
f 4375/3868/94 4384/3853/94 4383/3869/94
f 4375/3868/94 4383/3869/94 4376/3870/94
f 4376/3870/94 4383/3869/94 4382/3871/94
f 4376/3870/94 4382/3871/94 4377/3872/94
f 4377/3872/94 4382/3871/94 4381/3873/94
f 4377/3872/94 4381/3873/94 4378/3874/94
f 4378/3874/94 4381/3873/94 4380/3875/94
f 4378/3874/94 4380/3875/94 4379/3876/94
f 4386/3857/94 4396/3858/94 4387/3859/94
f 4387/3859/94 4396/3858/94 4395/3860/94
f 4387/3859/94 4395/3860/94 4388/3861/94
f 4388/3861/94 4395/3860/94 4394/3862/94
f 4388/3861/94 4394/3862/94 4389/3863/94
f 4389/3863/94 4394/3862/94 4393/3864/94
f 4389/3863/94 4393/3864/94 4390/3865/94
f 4390/3865/94 4393/3864/94 4392/3866/94
f 4390/3865/94 4392/3866/94 4391/3867/94
f 4299/4020/148 4298/3696/148 4397/4021/148
f 4397/4021/148 4298/3696/148 4398/3692/148
f 4298/4022/2070 4297/3696/2070 4398/4023/2070
f 4398/4023/2070 4297/3696/2070 4399/3692/2070
f 4297/4020/117 4296/3696/117 4399/4021/117
f 4399/4021/117 4296/3696/117 4400/3692/117
f 4296/3918/2070 4295/3696/2070 4400/3920/2070
f 4400/3920/2070 4295/3696/2070 4401/3692/2070
f 4295/4024/148 4246/3696/148 4401/4025/148
f 4401/4025/148 4246/3696/148 4245/3692/148
f 4195/4024/117 4300/3696/117 4196/4025/117
f 4196/4025/117 4300/3696/117 4402/3692/117
f 4300/3918/2070 4299/3696/2070 4402/3920/2070
f 4402/3920/2070 4299/3696/2070 4397/3692/2070
f 4187/3791/105 4190/3792/105 4245/3793/105
f 4245/3793/105 4190/3792/105 4399/3794/105
f 4245/3793/105 4399/3794/105 4401/3795/105
f 4401/3795/105 4399/3794/105 4400/3796/105
f 4399/3794/105 4190/3792/105 4398/3797/105
f 4398/3797/105 4190/3792/105 4193/3798/105
f 4398/3797/105 4193/3798/105 4196/3799/105
f 4196/3799/105 4193/3798/105 4192/3800/105
f 4196/3799/105 4402/3801/105 4398/3797/105
f 4398/3797/105 4402/3801/105 4397/3802/105
f 4467/3680/117 4468/58/117 4470/3681/117
f 4470/3681/117 4468/58/117 4469/3682/117
f 4471/3680/148 4472/58/148 4474/3681/148
f 4474/3681/148 4472/58/148 4473/3682/148
f 4473/3683/94 4470/3684/94 4474/3685/94
f 4474/3685/94 4470/3684/94 4469/3686/94
f 4471/3687/94 4502/3688/94 4472/3689/94
f 4472/3689/94 4502/3688/94 4500/3690/94
f 4472/3689/94 4500/3690/94 4477/3691/94
f 4475/3692/94 4519/3693/94 4471/3687/94
f 4471/3687/94 4519/3693/94 4520/3694/94
f 4471/3687/94 4520/3694/94 4521/3695/94
f 4476/3696/94 4512/3697/94 4475/3692/94
f 4475/3692/94 4512/3697/94 4513/3698/94
f 4475/3692/94 4513/3698/94 4514/3699/94
f 4472/3689/94 4483/3700/94 4476/3696/94
f 4476/3696/94 4483/3700/94 4484/3701/94
f 4476/3696/94 4484/3701/94 4485/3702/94
f 4477/3691/94 4478/3703/94 4472/3689/94
f 4472/3689/94 4478/3703/94 4479/3704/94
f 4472/3689/94 4479/3704/94 4480/3705/94
f 4480/3705/94 4481/3706/94 4472/3689/94
f 4472/3689/94 4481/3706/94 4482/3707/94
f 4472/3689/94 4482/3707/94 4483/3700/94
f 4485/3702/94 4486/3708/94 4476/3696/94
f 4476/3696/94 4486/3708/94 4487/3709/94
f 4476/3696/94 4487/3709/94 4488/3710/94
f 4488/3710/94 4489/3711/94 4476/3696/94
f 4476/3696/94 4489/3711/94 4490/3712/94
f 4476/3696/94 4490/3712/94 4512/3697/94
f 4512/3697/94 4490/3712/94 4491/3713/94
f 4512/3697/94 4491/3713/94 4511/3714/94
f 4511/3714/94 4491/3713/94 4510/3715/94
f 4510/3715/94 4491/3713/94 4492/3716/94
f 4510/3715/94 4492/3716/94 4509/3717/94
f 4509/3717/94 4492/3716/94 4493/3718/94
f 4509/3717/94 4493/3718/94 4508/3719/94
f 4508/3719/94 4493/3718/94 4494/3720/94
f 4508/3719/94 4494/3720/94 4507/3721/94
f 4507/3721/94 4494/3720/94 4495/3722/94
f 4507/3721/94 4495/3722/94 4496/3723/94
f 4507/3721/94 4496/3723/94 4506/3724/94
f 4506/3724/94 4496/3723/94 4497/3725/94
f 4506/3724/94 4497/3725/94 4505/3726/94
f 4505/3726/94 4497/3725/94 4498/3727/94
f 4505/3726/94 4498/3727/94 4504/3728/94
f 4504/3728/94 4498/3727/94 4499/3729/94
f 4504/3728/94 4499/3729/94 4503/3730/94
f 4503/3730/94 4499/3729/94 4502/3688/94
f 4502/3688/94 4499/3729/94 4500/3690/94
f 4524/3731/94 4501/3732/94 4471/3687/94
f 4471/3687/94 4501/3732/94 4502/3688/94
f 4514/3699/94 4515/3733/94 4475/3692/94
f 4475/3692/94 4515/3733/94 4516/3734/94
f 4475/3692/94 4516/3734/94 4517/3735/94
f 4517/3735/94 4518/3736/94 4475/3692/94
f 4475/3692/94 4518/3736/94 4519/3693/94
f 4521/3695/94 4522/3737/94 4471/3687/94
f 4471/3687/94 4522/3737/94 4523/3738/94
f 4471/3687/94 4523/3738/94 4524/3731/94
f 4467/3739/94 4562/3740/94 4468/3741/94
f 4468/3741/94 4562/3740/94 4563/3742/94
f 4468/3741/94 4563/3742/94 4564/3743/94
f 4525/3744/94 4533/3745/94 4467/3739/94
f 4467/3739/94 4533/3745/94 4534/3746/94
f 4467/3739/94 4534/3746/94 4535/3747/94
f 4526/3748/94 4552/3749/94 4525/3744/94
f 4525/3744/94 4552/3749/94 4550/3750/94
f 4525/3744/94 4550/3750/94 4527/3751/94
f 4468/3741/94 4569/3752/94 4526/3748/94
f 4526/3748/94 4569/3752/94 4570/3753/94
f 4526/3748/94 4570/3753/94 4571/3754/94
f 4527/3751/94 4528/3755/94 4525/3744/94
f 4525/3744/94 4528/3755/94 4529/3756/94
f 4525/3744/94 4529/3756/94 4530/3757/94
f 4530/3757/94 4531/3758/94 4525/3744/94
f 4525/3744/94 4531/3758/94 4532/3759/94
f 4525/3744/94 4532/3759/94 4533/3745/94
f 4535/3747/94 4536/3760/94 4467/3739/94
f 4467/3739/94 4536/3760/94 4537/3761/94
f 4467/3739/94 4537/3761/94 4538/3762/94
f 4538/3762/94 4539/3763/94 4467/3739/94
f 4467/3739/94 4539/3763/94 4540/3764/94
f 4467/3739/94 4540/3764/94 4562/3740/94
f 4562/3740/94 4540/3764/94 4541/3765/94
f 4562/3740/94 4541/3765/94 4561/3766/94
f 4561/3766/94 4541/3765/94 4560/3767/94
f 4560/3767/94 4541/3765/94 4542/3768/94
f 4560/3767/94 4542/3768/94 4559/3769/94
f 4559/3769/94 4542/3768/94 4543/3770/94
f 4559/3769/94 4543/3770/94 4558/3771/94
f 4558/3771/94 4543/3770/94 4544/3772/94
f 4558/3771/94 4544/3772/94 4557/3773/94
f 4557/3773/94 4544/3772/94 4545/3774/94
f 4557/3773/94 4545/3774/94 4546/3775/94
f 4557/3773/94 4546/3775/94 4556/3776/94
f 4556/3776/94 4546/3775/94 4547/3777/94
f 4556/3776/94 4547/3777/94 4555/3778/94
f 4555/3778/94 4547/3777/94 4548/3779/94
f 4555/3778/94 4548/3779/94 4554/3780/94
f 4554/3780/94 4548/3779/94 4549/3781/94
f 4554/3780/94 4549/3781/94 4553/3782/94
f 4553/3782/94 4549/3781/94 4552/3749/94
f 4552/3749/94 4549/3781/94 4550/3750/94
f 4574/3783/94 4551/3784/94 4526/3748/94
f 4526/3748/94 4551/3784/94 4552/3749/94
f 4564/3743/94 4565/3785/94 4468/3741/94
f 4468/3741/94 4565/3785/94 4566/3786/94
f 4468/3741/94 4566/3786/94 4567/3787/94
f 4567/3787/94 4568/3788/94 4468/3741/94
f 4468/3741/94 4568/3788/94 4569/3752/94
f 4571/3754/94 4572/3789/94 4526/3748/94
f 4526/3748/94 4572/3789/94 4573/3790/94
f 4526/3748/94 4573/3790/94 4574/3783/94
f 4467/3791/105 4470/3792/105 4525/3793/105
f 4525/3793/105 4470/3792/105 4578/3794/105
f 4525/3793/105 4578/3794/105 4580/3795/105
f 4580/3795/105 4578/3794/105 4579/3796/105
f 4578/3794/105 4470/3792/105 4577/3797/105
f 4577/3797/105 4470/3792/105 4473/3798/105
f 4577/3797/105 4473/3798/105 4476/3799/105
f 4476/3799/105 4473/3798/105 4472/3800/105
f 4476/3799/105 4575/3801/105 4577/3797/105
f 4577/3797/105 4575/3801/105 4576/3802/105
f 4574/3803/115 4604/3804/115 4551/3805/117
f 4551/3805/117 4604/3804/115 4581/3806/117
f 4551/3805/117 4581/3806/117 4552/3807/120
f 4552/3807/120 4581/3806/117 4582/3808/120
f 4552/3807/120 4582/3808/120 4553/3809/123
f 4553/3809/123 4582/3808/120 4583/3810/123
f 4553/3809/123 4583/3810/123 4554/3811/126
f 4554/3811/126 4583/3810/123 4584/3812/126
f 4554/3811/126 4584/3812/126 4555/3813/129
f 4555/3813/129 4584/3812/126 4585/3814/129
f 4555/3813/129 4585/3814/129 4556/3815/265
f 4556/3815/265 4585/3814/129 4586/3816/265
f 4556/3815/265 4586/3816/265 4557/3817/268
f 4557/3817/268 4586/3816/265 4587/3818/268
f 4557/3817/268 4587/3818/268 4558/3819/136
f 4558/3819/136 4587/3818/268 4588/3820/136
f 4558/3819/136 4588/3820/136 4559/3821/138
f 4559/3821/138 4588/3820/136 4589/3822/138
f 4559/3821/138 4589/3822/138 4560/3823/140
f 4560/3823/140 4589/3822/138 4590/3824/140
f 4560/3823/140 4590/3824/140 4561/3825/143
f 4561/3825/143 4590/3824/140 4591/3826/143
f 4561/3825/143 4591/3826/143 4562/3827/145
f 4562/3827/145 4591/3826/143 4592/3828/145
f 4562/3827/145 4592/3828/145 4563/3829/148
f 4563/3829/148 4592/3828/145 4593/3830/148
f 4563/3831/148 4593/3832/148 4564/3833/151
f 4564/3833/151 4593/3832/148 4594/3834/151
f 4564/3833/151 4594/3834/151 4565/3835/95
f 4565/3835/95 4594/3834/151 4595/3836/95
f 4565/3835/95 4595/3836/95 4566/3837/96
f 4566/3837/96 4595/3836/95 4596/3838/96
f 4566/3837/96 4596/3838/96 4567/3839/100
f 4567/3839/100 4596/3838/96 4597/3840/100
f 4567/3839/100 4597/3840/100 4568/3841/102
f 4568/3841/102 4597/3840/100 4598/3842/102
f 4568/3841/102 4598/3842/102 4569/3843/105
f 4569/3843/105 4598/3842/102 4599/3844/105
f 4569/3843/105 4599/3844/105 4570/3845/107
f 4570/3845/107 4599/3844/105 4600/3846/107
f 4570/3845/107 4600/3846/107 4571/3847/109
f 4571/3847/109 4600/3846/107 4601/3848/109
f 4571/3847/109 4601/3848/109 4572/3849/111
f 4572/3849/111 4601/3848/109 4602/3850/111
f 4572/3849/111 4602/3850/111 4573/3851/113
f 4573/3851/113 4602/3850/111 4603/3852/113
f 4573/3851/113 4603/3852/113 4574/3803/115
f 4574/3803/115 4603/3852/113 4604/3804/115
f 4604/3853/94 4594/3854/94 4581/3855/94
f 4581/3855/94 4594/3854/94 4593/3856/94
f 4581/3855/94 4593/3856/94 4582/3857/94
f 4582/3857/94 4593/3856/94 4592/3858/94
f 4582/3857/94 4592/3858/94 4583/3859/94
f 4583/3859/94 4592/3858/94 4591/3860/94
f 4583/3859/94 4591/3860/94 4584/3861/94
f 4584/3861/94 4591/3860/94 4590/3862/94
f 4584/3861/94 4590/3862/94 4585/3863/94
f 4585/3863/94 4590/3862/94 4589/3864/94
f 4585/3863/94 4589/3864/94 4586/3865/94
f 4586/3865/94 4589/3864/94 4588/3866/94
f 4586/3865/94 4588/3866/94 4587/3867/94
f 4594/3854/94 4604/3853/94 4595/3868/94
f 4595/3868/94 4604/3853/94 4603/3869/94
f 4595/3868/94 4603/3869/94 4596/3870/94
f 4596/3870/94 4603/3869/94 4602/3871/94
f 4596/3870/94 4602/3871/94 4597/3872/94
f 4597/3872/94 4602/3871/94 4601/3873/94
f 4597/3872/94 4601/3873/94 4598/3874/94
f 4598/3874/94 4601/3873/94 4600/3875/94
f 4598/3874/94 4600/3875/94 4599/3876/94
f 4500/3803/115 4628/3804/115 4477/3805/117
f 4477/3805/117 4628/3804/115 4605/3806/117
f 4477/3805/117 4605/3806/117 4478/3807/120
f 4478/3807/120 4605/3806/117 4606/3808/120
f 4478/3807/120 4606/3808/120 4479/3809/123
f 4479/3809/123 4606/3808/120 4607/3810/123
f 4479/3809/123 4607/3810/123 4480/3811/126
f 4480/3811/126 4607/3810/123 4608/3812/126
f 4480/3811/126 4608/3812/126 4481/3813/129
f 4481/3813/129 4608/3812/126 4609/3814/129
f 4481/3813/129 4609/3814/129 4482/3815/265
f 4482/3815/265 4609/3814/129 4610/3816/265
f 4482/3815/265 4610/3816/265 4483/3817/268
f 4483/3817/268 4610/3816/265 4611/3818/268
f 4483/3817/268 4611/3818/268 4484/3819/136
f 4484/3819/136 4611/3818/268 4612/3820/136
f 4484/3819/136 4612/3820/136 4485/3821/138
f 4485/3821/138 4612/3820/136 4613/3822/138
f 4485/3821/138 4613/3822/138 4486/3823/140
f 4486/3823/140 4613/3822/138 4614/3824/140
f 4486/3823/140 4614/3824/140 4487/3825/143
f 4487/3825/143 4614/3824/140 4615/3826/143
f 4487/3825/143 4615/3826/143 4488/3827/145
f 4488/3827/145 4615/3826/143 4616/3828/145
f 4488/3827/145 4616/3828/145 4489/3829/148
f 4489/3829/148 4616/3828/145 4617/3830/148
f 4489/3831/148 4617/3832/148 4490/3833/151
f 4490/3833/151 4617/3832/148 4618/3834/151
f 4490/3833/151 4618/3834/151 4491/3835/95
f 4491/3835/95 4618/3834/151 4619/3836/95
f 4491/3835/95 4619/3836/95 4492/3837/96
f 4492/3837/96 4619/3836/95 4620/3838/96
f 4492/3837/96 4620/3838/96 4493/3839/100
f 4493/3839/100 4620/3838/96 4621/3840/100
f 4493/3839/100 4621/3840/100 4494/3841/102
f 4494/3841/102 4621/3840/100 4622/3842/102
f 4494/3841/102 4622/3842/102 4495/3843/105
f 4495/3843/105 4622/3842/102 4623/3844/105
f 4495/3843/105 4623/3844/105 4496/3845/107
f 4496/3845/107 4623/3844/105 4624/3846/107
f 4496/3845/107 4624/3846/107 4497/3847/109
f 4497/3847/109 4624/3846/107 4625/3848/109
f 4497/3847/109 4625/3848/109 4498/3849/111
f 4498/3849/111 4625/3848/109 4626/3850/111
f 4498/3849/111 4626/3850/111 4499/3851/113
f 4499/3851/113 4626/3850/111 4627/3852/113
f 4499/3851/113 4627/3852/113 4500/3803/115
f 4500/3803/115 4627/3852/113 4628/3804/115
f 4628/3853/94 4618/3854/94 4605/3855/94
f 4605/3855/94 4618/3854/94 4617/3856/94
f 4605/3855/94 4617/3856/94 4606/3857/94
f 4606/3857/94 4617/3856/94 4616/3858/94
f 4606/3857/94 4616/3858/94 4607/3859/94
f 4607/3859/94 4616/3858/94 4615/3860/94
f 4607/3859/94 4615/3860/94 4608/3861/94
f 4608/3861/94 4615/3860/94 4614/3862/94
f 4608/3861/94 4614/3862/94 4609/3863/94
f 4609/3863/94 4614/3862/94 4613/3864/94
f 4609/3863/94 4613/3864/94 4610/3865/94
f 4610/3865/94 4613/3864/94 4612/3866/94
f 4610/3865/94 4612/3866/94 4611/3867/94
f 4618/3854/94 4628/3853/94 4619/3868/94
f 4619/3868/94 4628/3853/94 4627/3869/94
f 4619/3868/94 4627/3869/94 4620/3870/94
f 4620/3870/94 4627/3869/94 4626/3871/94
f 4620/3870/94 4626/3871/94 4621/3872/94
f 4621/3872/94 4626/3871/94 4625/3873/94
f 4621/3872/94 4625/3873/94 4622/3874/94
f 4622/3874/94 4625/3873/94 4624/3875/94
f 4622/3874/94 4624/3875/94 4623/3876/94
f 4524/3803/115 4652/3804/115 4501/3805/117
f 4501/3805/117 4652/3804/115 4629/3806/117
f 4501/3805/117 4629/3806/117 4502/3807/120
f 4502/3807/120 4629/3806/117 4630/3808/120
f 4502/3807/120 4630/3808/120 4503/3809/123
f 4503/3809/123 4630/3808/120 4631/3810/123
f 4503/3809/123 4631/3810/123 4504/3811/126
f 4504/3811/126 4631/3810/123 4632/3812/126
f 4504/3811/126 4632/3812/126 4505/3813/129
f 4505/3813/129 4632/3812/126 4633/3814/129
f 4505/3813/129 4633/3814/129 4506/3815/265
f 4506/3815/265 4633/3814/129 4634/3816/265
f 4506/3815/265 4634/3816/265 4507/3817/268
f 4507/3817/268 4634/3816/265 4635/3818/268
f 4507/3817/268 4635/3818/268 4508/3819/136
f 4508/3819/136 4635/3818/268 4636/3820/136
f 4508/3819/136 4636/3820/136 4509/3821/138
f 4509/3821/138 4636/3820/136 4637/3822/138
f 4509/3821/138 4637/3822/138 4510/3823/140
f 4510/3823/140 4637/3822/138 4638/3824/140
f 4510/3823/140 4638/3824/140 4511/3825/143
f 4511/3825/143 4638/3824/140 4639/3826/143
f 4511/3825/143 4639/3826/143 4512/3827/145
f 4512/3827/145 4639/3826/143 4640/3828/145
f 4512/3827/145 4640/3828/145 4513/3829/148
f 4513/3829/148 4640/3828/145 4641/3830/148
f 4513/3831/148 4641/3832/148 4514/3833/151
f 4514/3833/151 4641/3832/148 4642/3834/151
f 4514/3833/151 4642/3834/151 4515/3835/95
f 4515/3835/95 4642/3834/151 4643/3836/95
f 4515/3835/95 4643/3836/95 4516/3837/96
f 4516/3837/96 4643/3836/95 4644/3838/96
f 4516/3837/96 4644/3838/96 4517/3839/100
f 4517/3839/100 4644/3838/96 4645/3840/100
f 4517/3839/100 4645/3840/100 4518/3841/102
f 4518/3841/102 4645/3840/100 4646/3842/102
f 4518/3841/102 4646/3842/102 4519/3843/105
f 4519/3843/105 4646/3842/102 4647/3844/105
f 4519/3843/105 4647/3844/105 4520/3845/107
f 4520/3845/107 4647/3844/105 4648/3846/107
f 4520/3845/107 4648/3846/107 4521/3847/109
f 4521/3847/109 4648/3846/107 4649/3848/109
f 4521/3847/109 4649/3848/109 4522/3849/111
f 4522/3849/111 4649/3848/109 4650/3850/111
f 4522/3849/111 4650/3850/111 4523/3851/113
f 4523/3851/113 4650/3850/111 4651/3852/113
f 4523/3851/113 4651/3852/113 4524/3803/115
f 4524/3803/115 4651/3852/113 4652/3804/115
f 4652/3853/94 4642/3854/94 4629/3855/94
f 4629/3855/94 4642/3854/94 4641/3856/94
f 4629/3855/94 4641/3856/94 4630/3857/94
f 4630/3857/94 4641/3856/94 4640/3858/94
f 4630/3857/94 4640/3858/94 4631/3859/94
f 4631/3859/94 4640/3858/94 4639/3860/94
f 4631/3859/94 4639/3860/94 4632/3861/94
f 4632/3861/94 4639/3860/94 4638/3862/94
f 4632/3861/94 4638/3862/94 4633/3863/94
f 4633/3863/94 4638/3862/94 4637/3864/94
f 4633/3863/94 4637/3864/94 4634/3865/94
f 4634/3865/94 4637/3864/94 4636/3866/94
f 4634/3865/94 4636/3866/94 4635/3867/94
f 4642/3854/94 4652/3853/94 4643/3868/94
f 4643/3868/94 4652/3853/94 4651/3869/94
f 4643/3868/94 4651/3869/94 4644/3870/94
f 4644/3870/94 4651/3869/94 4650/3871/94
f 4644/3870/94 4650/3871/94 4645/3872/94
f 4645/3872/94 4650/3871/94 4649/3873/94
f 4645/3872/94 4649/3873/94 4646/3874/94
f 4646/3874/94 4649/3873/94 4648/3875/94
f 4646/3874/94 4648/3875/94 4647/3876/94
f 4550/3803/115 4676/3804/115 4527/3805/117
f 4527/3805/117 4676/3804/115 4653/3806/117
f 4527/3805/117 4653/3806/117 4528/3807/120
f 4528/3807/120 4653/3806/117 4654/3808/120
f 4528/3807/120 4654/3808/120 4529/3809/123
f 4529/3809/123 4654/3808/120 4655/3810/123
f 4529/3809/123 4655/3810/123 4530/3811/126
f 4530/3811/126 4655/3810/123 4656/3812/126
f 4530/3811/126 4656/3812/126 4531/3813/129
f 4531/3813/129 4656/3812/126 4657/3814/129
f 4531/3813/129 4657/3814/129 4532/3815/265
f 4532/3815/265 4657/3814/129 4658/3816/265
f 4532/3815/265 4658/3816/265 4533/3817/268
f 4533/3817/268 4658/3816/265 4659/3818/268
f 4533/3817/268 4659/3818/268 4534/3819/136
f 4534/3819/136 4659/3818/268 4660/3820/136
f 4534/3819/136 4660/3820/136 4535/3821/138
f 4535/3821/138 4660/3820/136 4661/3822/138
f 4535/3821/138 4661/3822/138 4536/3823/140
f 4536/3823/140 4661/3822/138 4662/3824/140
f 4536/3823/140 4662/3824/140 4537/3825/143
f 4537/3825/143 4662/3824/140 4663/3826/143
f 4537/3825/143 4663/3826/143 4538/3827/145
f 4538/3827/145 4663/3826/143 4664/3828/145
f 4538/3827/145 4664/3828/145 4539/3829/148
f 4539/3829/148 4664/3828/145 4665/3830/148
f 4539/3831/148 4665/3832/148 4540/3833/151
f 4540/3833/151 4665/3832/148 4666/3834/151
f 4540/3833/151 4666/3834/151 4541/3835/95
f 4541/3835/95 4666/3834/151 4667/3836/95
f 4541/3835/95 4667/3836/95 4542/3837/96
f 4542/3837/96 4667/3836/95 4668/3838/96
f 4542/3837/96 4668/3838/96 4543/3839/100
f 4543/3839/100 4668/3838/96 4669/3840/100
f 4543/3839/100 4669/3840/100 4544/3841/102
f 4544/3841/102 4669/3840/100 4670/3842/102
f 4544/3841/102 4670/3842/102 4545/3843/105
f 4545/3843/105 4670/3842/102 4671/3844/105
f 4545/3843/105 4671/3844/105 4546/3845/107
f 4546/3845/107 4671/3844/105 4672/3846/107
f 4546/3845/107 4672/3846/107 4547/3847/109
f 4547/3847/109 4672/3846/107 4673/3848/109
f 4547/3847/109 4673/3848/109 4548/3849/111
f 4548/3849/111 4673/3848/109 4674/3850/111
f 4548/3849/111 4674/3850/111 4549/3851/113
f 4549/3851/113 4674/3850/111 4675/3852/113
f 4549/3851/113 4675/3852/113 4550/3803/115
f 4550/3803/115 4675/3852/113 4676/3804/115
f 4676/3853/94 4666/3854/94 4653/3855/94
f 4653/3855/94 4666/3854/94 4665/3856/94
f 4653/3855/94 4665/3856/94 4654/3857/94
f 4654/3857/94 4665/3856/94 4664/3858/94
f 4654/3857/94 4664/3858/94 4655/3859/94
f 4655/3859/94 4664/3858/94 4663/3860/94
f 4655/3859/94 4663/3860/94 4656/3861/94
f 4656/3861/94 4663/3860/94 4662/3862/94
f 4656/3861/94 4662/3862/94 4657/3863/94
f 4657/3863/94 4662/3862/94 4661/3864/94
f 4657/3863/94 4661/3864/94 4658/3865/94
f 4658/3865/94 4661/3864/94 4660/3866/94
f 4658/3865/94 4660/3866/94 4659/3867/94
f 4666/3854/94 4676/3853/94 4667/3868/94
f 4667/3868/94 4676/3853/94 4675/3869/94
f 4667/3868/94 4675/3869/94 4668/3870/94
f 4668/3870/94 4675/3869/94 4674/3871/94
f 4668/3870/94 4674/3871/94 4669/3872/94
f 4669/3872/94 4674/3871/94 4673/3873/94
f 4669/3872/94 4673/3873/94 4670/3874/94
f 4670/3874/94 4673/3873/94 4672/3875/94
f 4670/3874/94 4672/3875/94 4671/3876/94
f 4677/3877/148 4678/3692/148 4576/3878/148
f 4576/3878/148 4678/3692/148 4577/3696/148
f 4678/3879/2070 4679/3692/2070 4577/3880/2070
f 4577/3880/2070 4679/3692/2070 4578/3696/2070
f 4679/3877/117 4680/3692/117 4578/3878/117
f 4578/3878/117 4680/3692/117 4579/3696/117
f 4680/3687/2070 4681/3692/2070 4579/3689/2070
f 4579/3689/2070 4681/3692/2070 4580/3696/2070
f 4681/3881/148 4526/3692/148 4580/3882/148
f 4580/3882/148 4526/3692/148 4525/3696/148
f 4475/3881/117 4682/3692/117 4476/3882/117
f 4476/3882/117 4682/3692/117 4575/3696/117
f 4682/3687/2070 4677/3692/2070 4575/3689/2070
f 4575/3689/2070 4677/3692/2070 4576/3696/2070
f 4468/3796/268 4526/3795/268 4469/3883/268
f 4469/3883/268 4526/3795/268 4679/3884/268
f 4469/3883/268 4679/3884/268 4474/3885/268
f 4474/3885/268 4679/3884/268 4678/3886/268
f 4474/3885/268 4678/3886/268 4475/3801/268
f 4475/3801/268 4678/3886/268 4682/3799/268
f 4682/3799/268 4678/3886/268 4677/3800/268
f 4526/3795/268 4681/3793/268 4679/3884/268
f 4679/3884/268 4681/3793/268 4680/3791/268
f 4475/3801/268 4471/3802/268 4474/3885/268
usemtl Powder_Coat_(Green)
f 3843/58/148 3844/3887/148 3846/3888/148
f 3846/3888/148 3844/3887/148 3845/3889/148
f 3847/58/94 3843/3890/94 3848/3888/94
f 3848/3888/94 3843/3890/94 3846/3891/94
f 3849/58/117 3847/3887/117 3850/3888/117
f 3850/3888/117 3847/3887/117 3848/3889/117
f 3851/58/2070 3849/2074/2070 3852/3888/2070
f 3852/3888/2070 3849/2074/2070 3850/3892/2070
f 3853/58/148 3851/702/148 3854/3888/148
f 3854/3888/148 3851/702/148 3852/3893/148
f 3855/58/2070 3853/3894/2070 3856/3888/2070
f 3856/3888/2070 3853/3894/2070 3854/3895/2070
f 3857/58/117 3855/702/117 3858/3888/117
f 3858/3888/117 3855/702/117 3856/3893/117
f 3844/58/2070 3857/2074/2070 3845/3888/2070
f 3845/3888/2070 3857/2074/2070 3858/3892/2070
f 3858/3802/268 3856/3797/268 3845/3801/268
f 3845/3801/268 3856/3797/268 3846/3799/268
f 3846/3799/268 3856/3797/268 3854/3794/268
f 3846/3799/268 3854/3794/268 3848/3793/268
f 3848/3793/268 3854/3794/268 3850/3795/268
f 3850/3795/268 3854/3794/268 3852/3796/268
f 3857/3800/105 3844/3799/105 3855/3886/105
f 3855/3886/105 3844/3799/105 3843/3801/105
f 3855/3886/105 3843/3801/105 3853/3884/105
f 3853/3884/105 3843/3801/105 3847/3795/105
f 3853/3884/105 3847/3795/105 3849/3793/105
f 3849/3793/105 3851/3791/105 3853/3884/105
f 3875/3902/148 3876/58/148 3878/3903/148
f 3878/3903/148 3876/58/148 3877/3888/148
f 3876/3904/94 3879/58/94 3877/3905/94
f 3877/3905/94 3879/58/94 3880/3888/94
f 3879/3902/117 3881/58/117 3880/3903/117
f 3880/3903/117 3881/58/117 3882/3888/117
f 3881/2982/2070 3883/58/2070 3882/3906/2070
f 3882/3906/2070 3883/58/2070 3884/3888/2070
f 3883/786/148 3885/58/148 3884/3907/148
f 3884/3907/148 3885/58/148 3886/3888/148
f 3885/3908/2070 3887/58/2070 3886/3909/2070
f 3886/3909/2070 3887/58/2070 3888/3888/2070
f 3887/786/117 3889/58/117 3888/3907/117
f 3888/3907/117 3889/58/117 3890/3888/117
f 3889/2982/2070 3875/58/2070 3890/3906/2070
f 3890/3906/2070 3875/58/2070 3878/3888/2070
f 3890/3800/105 3878/3799/105 3888/3886/105
f 3888/3886/105 3878/3799/105 3877/3801/105
f 3888/3886/105 3877/3801/105 3886/3884/105
f 3886/3884/105 3877/3801/105 3880/3795/105
f 3886/3884/105 3880/3795/105 3882/3793/105
f 3882/3793/105 3884/3791/105 3886/3884/105
f 3889/3802/268 3887/3797/268 3875/3801/268
f 3875/3801/268 3887/3797/268 3876/3799/268
f 3876/3799/268 3887/3797/268 3885/3794/268
f 3876/3799/268 3885/3794/268 3879/3793/268
f 3879/3793/268 3885/3794/268 3881/3795/268
f 3881/3795/268 3885/3794/268 3883/3796/268
f 4123/3902/148 4124/58/148 4126/3903/148
f 4126/3903/148 4124/58/148 4125/3888/148
f 4124/3904/94 4127/58/94 4125/3905/94
f 4125/3905/94 4127/58/94 4128/3888/94
f 4127/3902/117 4129/58/117 4128/3903/117
f 4128/3903/117 4129/58/117 4130/3888/117
f 4129/2640/2070 4131/58/2070 4130/3906/2070
f 4130/3906/2070 4131/58/2070 4132/3888/2070
f 4131/786/148 4133/58/148 4132/3907/148
f 4132/3907/148 4133/58/148 4134/3888/148
f 4133/4026/2070 4135/58/2070 4134/3909/2070
f 4134/3909/2070 4135/58/2070 4136/3888/2070
f 4135/786/117 4137/58/117 4136/3907/117
f 4136/3907/117 4137/58/117 4138/3888/117
f 4137/2640/2070 4123/58/2070 4138/3906/2070
f 4138/3906/2070 4123/58/2070 4126/3888/2070
f 4138/3800/105 4126/3799/105 4136/3886/105
f 4136/3886/105 4126/3799/105 4125/3801/105
f 4136/3886/105 4125/3801/105 4134/3884/105
f 4134/3884/105 4125/3801/105 4128/3795/105
f 4134/3884/105 4128/3795/105 4130/3793/105
f 4130/3793/105 4132/3791/105 4134/3884/105
f 4137/3802/268 4135/3797/268 4123/3801/268
f 4123/3801/268 4135/3797/268 4124/3799/268
f 4124/3799/268 4135/3797/268 4133/3794/268
f 4124/3799/268 4133/3794/268 4127/3793/268
f 4127/3793/268 4133/3794/268 4129/3795/268
f 4129/3795/268 4133/3794/268 4131/3796/268
f 4155/58/148 4156/3887/148 4158/3888/148
f 4158/3888/148 4156/3887/148 4157/3889/148
f 4159/58/94 4155/3890/94 4160/3888/94
f 4160/3888/94 4155/3890/94 4158/3891/94
f 4161/58/117 4159/3887/117 4162/3888/117
f 4162/3888/117 4159/3887/117 4160/3889/117
f 4163/58/2070 4161/2074/2070 4164/3888/2070
f 4164/3888/2070 4161/2074/2070 4162/3892/2070
f 4165/58/148 4163/702/148 4166/3888/148
f 4166/3888/148 4163/702/148 4164/3893/148
f 4167/58/2070 4165/3894/2070 4168/3888/2070
f 4168/3888/2070 4165/3894/2070 4166/3895/2070
f 4169/58/117 4167/702/117 4170/3888/117
f 4170/3888/117 4167/702/117 4168/3893/117
f 4156/58/2070 4169/2074/2070 4157/3888/2070
f 4157/3888/2070 4169/2074/2070 4170/3892/2070
f 4170/3802/268 4168/3797/268 4157/3801/268
f 4157/3801/268 4168/3797/268 4158/3799/268
f 4158/3799/268 4168/3797/268 4166/3794/268
f 4158/3799/268 4166/3794/268 4160/3793/268
f 4160/3793/268 4166/3794/268 4162/3795/268
f 4162/3795/268 4166/3794/268 4164/3796/268
f 4169/3800/105 4156/3799/105 4167/3886/105
f 4167/3886/105 4156/3799/105 4155/3801/105
f 4167/3886/105 4155/3801/105 4165/3884/105
f 4165/3884/105 4155/3801/105 4159/3795/105
f 4165/3884/105 4159/3795/105 4161/3793/105
f 4161/3793/105 4163/3791/105 4165/3884/105
f 4403/3902/117 4404/58/117 4406/3903/117
f 4406/3903/117 4404/58/117 4405/3888/117
f 4404/3904/94 4407/58/94 4405/3905/94
f 4405/3905/94 4407/58/94 4408/3888/94
f 4407/3902/148 4409/58/148 4408/3903/148
f 4408/3903/148 4409/58/148 4410/3888/148
f 4409/2640/2070 4411/58/2070 4410/3906/2070
f 4410/3906/2070 4411/58/2070 4412/3888/2070
f 4411/786/117 4413/58/117 4412/3907/117
f 4412/3907/117 4413/58/117 4414/3888/117
f 4413/4026/2070 4415/58/2070 4414/3909/2070
f 4414/3909/2070 4415/58/2070 4416/3888/2070
f 4415/786/148 4417/58/148 4416/3907/148
f 4416/3907/148 4417/58/148 4418/3888/148
f 4417/2640/2070 4403/58/2070 4418/3906/2070
f 4418/3906/2070 4403/58/2070 4406/3888/2070
f 4418/3800/268 4406/3799/268 4416/3886/268
f 4416/3886/268 4406/3799/268 4405/3801/268
f 4416/3886/268 4405/3801/268 4414/3884/268
f 4414/3884/268 4405/3801/268 4408/3795/268
f 4414/3884/268 4408/3795/268 4410/3793/268
f 4410/3793/268 4412/3791/268 4414/3884/268
f 4417/3802/105 4415/3797/105 4403/3801/105
f 4403/3801/105 4415/3797/105 4404/3799/105
f 4404/3799/105 4415/3797/105 4413/3794/105
f 4404/3799/105 4413/3794/105 4407/3793/105
f 4407/3793/105 4413/3794/105 4409/3795/105
f 4409/3795/105 4413/3794/105 4411/3796/105
f 4435/58/117 4436/3887/117 4438/3888/117
f 4438/3888/117 4436/3887/117 4437/3889/117
f 4439/58/94 4435/3890/94 4440/3888/94
f 4440/3888/94 4435/3890/94 4438/3891/94
f 4441/58/148 4439/3887/148 4442/3888/148
f 4442/3888/148 4439/3887/148 4440/3889/148
f 4443/58/2070 4441/2074/2070 4444/3888/2070
f 4444/3888/2070 4441/2074/2070 4442/3892/2070
f 4445/58/117 4443/702/117 4446/3888/117
f 4446/3888/117 4443/702/117 4444/3893/117
f 4447/58/2070 4445/3894/2070 4448/3888/2070
f 4448/3888/2070 4445/3894/2070 4446/3895/2070
f 4449/58/148 4447/702/148 4450/3888/148
f 4450/3888/148 4447/702/148 4448/3893/148
f 4436/58/2070 4449/2074/2070 4437/3888/2070
f 4437/3888/2070 4449/2074/2070 4450/3892/2070
f 4450/3802/105 4448/3797/105 4437/3801/105
f 4437/3801/105 4448/3797/105 4438/3799/105
f 4438/3799/105 4448/3797/105 4446/3794/105
f 4438/3799/105 4446/3794/105 4440/3793/105
f 4440/3793/105 4446/3794/105 4442/3795/105
f 4442/3795/105 4446/3794/105 4444/3796/105
f 4449/3800/268 4436/3799/268 4447/3886/268
f 4447/3886/268 4436/3799/268 4435/3801/268
f 4447/3886/268 4435/3801/268 4445/3884/268
f 4445/3884/268 4435/3801/268 4439/3795/268
f 4445/3884/268 4439/3795/268 4441/3793/268
f 4441/3793/268 4443/3791/268 4445/3884/268
f 4683/58/117 4684/3887/117 4686/3888/117
f 4686/3888/117 4684/3887/117 4685/3889/117
f 4687/58/94 4683/3890/94 4688/3888/94
f 4688/3888/94 4683/3890/94 4686/3891/94
f 4689/58/148 4687/3887/148 4690/3888/148
f 4690/3888/148 4687/3887/148 4688/3889/148
f 4691/58/2070 4689/2074/2070 4692/3888/2070
f 4692/3888/2070 4689/2074/2070 4690/3892/2070
f 4693/58/117 4691/702/117 4694/3888/117
f 4694/3888/117 4691/702/117 4692/3893/117
f 4695/58/2070 4693/3894/2070 4696/3888/2070
f 4696/3888/2070 4693/3894/2070 4694/3895/2070
f 4697/58/148 4695/702/148 4698/3888/148
f 4698/3888/148 4695/702/148 4696/3893/148
f 4684/58/2070 4697/2074/2070 4685/3888/2070
f 4685/3888/2070 4697/2074/2070 4698/3892/2070
f 4698/3802/105 4696/3797/105 4685/3801/105
f 4685/3801/105 4696/3797/105 4686/3799/105
f 4686/3799/105 4696/3797/105 4694/3794/105
f 4686/3799/105 4694/3794/105 4688/3793/105
f 4688/3793/105 4694/3794/105 4690/3795/105
f 4690/3795/105 4694/3794/105 4692/3796/105
f 4697/3800/268 4684/3799/268 4695/3886/268
f 4695/3886/268 4684/3799/268 4683/3801/268
f 4695/3886/268 4683/3801/268 4693/3884/268
f 4693/3884/268 4683/3801/268 4687/3795/268
f 4693/3884/268 4687/3795/268 4689/3793/268
f 4689/3793/268 4691/3791/268 4693/3884/268
f 4715/3902/117 4716/58/117 4718/3903/117
f 4718/3903/117 4716/58/117 4717/3888/117
f 4716/3904/94 4719/58/94 4717/3905/94
f 4717/3905/94 4719/58/94 4720/3888/94
f 4719/3902/148 4721/58/148 4720/3903/148
f 4720/3903/148 4721/58/148 4722/3888/148
f 4721/2982/2070 4723/58/2070 4722/3906/2070
f 4722/3906/2070 4723/58/2070 4724/3888/2070
f 4723/786/117 4725/58/117 4724/3907/117
f 4724/3907/117 4725/58/117 4726/3888/117
f 4725/3908/2070 4727/58/2070 4726/3909/2070
f 4726/3909/2070 4727/58/2070 4728/3888/2070
f 4727/786/148 4729/58/148 4728/3907/148
f 4728/3907/148 4729/58/148 4730/3888/148
f 4729/2982/2070 4715/58/2070 4730/3906/2070
f 4730/3906/2070 4715/58/2070 4718/3888/2070
f 4730/3800/268 4718/3799/268 4728/3886/268
f 4728/3886/268 4718/3799/268 4717/3801/268
f 4728/3886/268 4717/3801/268 4726/3884/268
f 4726/3884/268 4717/3801/268 4720/3795/268
f 4726/3884/268 4720/3795/268 4722/3793/268
f 4722/3793/268 4724/3791/268 4726/3884/268
f 4729/3802/105 4727/3797/105 4715/3801/105
f 4715/3801/105 4727/3797/105 4716/3799/105
f 4716/3799/105 4727/3797/105 4725/3794/105
f 4716/3799/105 4725/3794/105 4719/3793/105
f 4719/3793/105 4725/3794/105 4721/3795/105
f 4721/3795/105 4725/3794/105 4723/3796/105
usemtl Powder_Coat_(Red)
f 3859/58/148 3860/3887/148 3862/3896/148
f 3862/3896/148 3860/3887/148 3861/3897/148
f 3863/58/94 3859/3890/94 3864/3671/94
f 3864/3671/94 3859/3890/94 3862/3898/94
f 3865/58/117 3863/3887/117 3866/3896/117
f 3866/3896/117 3863/3887/117 3864/3897/117
f 3867/58/2070 3865/2074/2070 3868/3896/2070
f 3868/3896/2070 3865/2074/2070 3866/3899/2070
f 3869/58/148 3867/702/148 3870/3671/148
f 3870/3671/148 3867/702/148 3868/3900/148
f 3871/58/2070 3869/3894/2070 3872/3896/2070
f 3872/3896/2070 3869/3894/2070 3870/3901/2070
f 3873/58/117 3871/702/117 3874/3896/117
f 3874/3896/117 3871/702/117 3872/3900/117
f 3860/58/2070 3873/2074/2070 3861/3896/2070
f 3861/3896/2070 3873/2074/2070 3874/3899/2070
f 3874/3802/268 3872/3797/268 3861/3801/268
f 3861/3801/268 3872/3797/268 3862/3799/268
f 3862/3799/268 3872/3797/268 3870/3794/268
f 3862/3799/268 3870/3794/268 3864/3793/268
f 3864/3793/268 3870/3794/268 3866/3795/268
f 3866/3795/268 3870/3794/268 3868/3796/268
f 3873/3800/105 3860/3799/105 3871/3886/105
f 3871/3886/105 3860/3799/105 3859/3801/105
f 3871/3886/105 3859/3801/105 3869/3884/105
f 3869/3884/105 3859/3801/105 3863/3795/105
f 3869/3884/105 3863/3795/105 3865/3793/105
f 3865/3793/105 3867/3791/105 3869/3884/105
f 3891/3902/148 3892/58/148 3894/3910/148
f 3894/3910/148 3892/58/148 3893/3896/148
f 3892/3904/94 3895/58/94 3893/3911/94
f 3893/3911/94 3895/58/94 3896/3671/94
f 3895/3902/117 3897/58/117 3896/3910/117
f 3896/3910/117 3897/58/117 3898/3896/117
f 3897/2982/2070 3899/58/2070 3898/3912/2070
f 3898/3912/2070 3899/58/2070 3900/3896/2070
f 3899/786/148 3901/58/148 3900/3913/148
f 3900/3913/148 3901/58/148 3902/3671/148
f 3901/3908/2070 3903/58/2070 3902/3914/2070
f 3902/3914/2070 3903/58/2070 3904/3896/2070
f 3903/786/117 3905/58/117 3904/3913/117
f 3904/3913/117 3905/58/117 3906/3896/117
f 3905/2640/2070 3891/58/2070 3906/3912/2070
f 3906/3912/2070 3891/58/2070 3894/3896/2070
f 3906/3800/105 3894/3799/105 3904/3886/105
f 3904/3886/105 3894/3799/105 3893/3801/105
f 3904/3886/105 3893/3801/105 3902/3884/105
f 3902/3884/105 3893/3801/105 3896/3795/105
f 3902/3884/105 3896/3795/105 3898/3793/105
f 3898/3793/105 3900/3791/105 3902/3884/105
f 3905/3802/268 3903/3797/268 3891/3801/268
f 3891/3801/268 3903/3797/268 3892/3799/268
f 3892/3799/268 3903/3797/268 3901/3794/268
f 3892/3799/268 3901/3794/268 3895/3793/268
f 3895/3793/268 3901/3794/268 3897/3795/268
f 3897/3795/268 3901/3794/268 3899/3796/268
f 4139/3902/148 4140/58/148 4142/3910/148
f 4142/3910/148 4140/58/148 4141/3671/148
f 4140/3904/94 4143/58/94 4141/3911/94
f 4141/3911/94 4143/58/94 4144/3896/94
f 4143/3902/117 4145/58/117 4144/3910/117
f 4144/3910/117 4145/58/117 4146/3671/117
f 4145/2982/2070 4147/58/2070 4146/3912/2070
f 4146/3912/2070 4147/58/2070 4148/3671/2070
f 4147/786/148 4149/58/148 4148/3913/148
f 4148/3913/148 4149/58/148 4150/3896/148
f 4149/4026/2070 4151/58/2070 4150/3914/2070
f 4150/3914/2070 4151/58/2070 4152/3671/2070
f 4151/786/117 4153/58/117 4152/3913/117
f 4152/3913/117 4153/58/117 4154/3671/117
f 4153/2640/2070 4139/58/2070 4154/3912/2070
f 4154/3912/2070 4139/58/2070 4142/3671/2070
f 4154/3800/105 4142/3799/105 4152/3886/105
f 4152/3886/105 4142/3799/105 4141/3801/105
f 4152/3886/105 4141/3801/105 4150/3884/105
f 4150/3884/105 4141/3801/105 4144/3795/105
f 4150/3884/105 4144/3795/105 4146/3793/105
f 4146/3793/105 4148/3791/105 4150/3884/105
f 4153/3802/268 4151/3797/268 4139/3801/268
f 4139/3801/268 4151/3797/268 4140/3799/268
f 4140/3799/268 4151/3797/268 4149/3794/268
f 4140/3799/268 4149/3794/268 4143/3793/268
f 4143/3793/268 4149/3794/268 4145/3795/268
f 4145/3795/268 4149/3794/268 4147/3796/268
f 4171/58/148 4172/3887/148 4174/3671/148
f 4174/3671/148 4172/3887/148 4173/3897/148
f 4175/58/94 4171/3890/94 4176/3896/94
f 4176/3896/94 4171/3890/94 4174/3898/94
f 4177/58/117 4175/3887/117 4178/3671/117
f 4178/3671/117 4175/3887/117 4176/3897/117
f 4179/58/2070 4177/2074/2070 4180/3671/2070
f 4180/3671/2070 4177/2074/2070 4178/3899/2070
f 4181/58/148 4179/702/148 4182/3896/148
f 4182/3896/148 4179/702/148 4180/3900/148
f 4183/58/2070 4181/3894/2070 4184/3671/2070
f 4184/3671/2070 4181/3894/2070 4182/3901/2070
f 4185/58/117 4183/702/117 4186/3671/117
f 4186/3671/117 4183/702/117 4184/3900/117
f 4172/58/2070 4185/2074/2070 4173/3671/2070
f 4173/3671/2070 4185/2074/2070 4186/3899/2070
f 4186/3802/268 4184/3797/268 4173/3801/268
f 4173/3801/268 4184/3797/268 4174/3799/268
f 4174/3799/268 4184/3797/268 4182/3794/268
f 4174/3799/268 4182/3794/268 4176/3793/268
f 4176/3793/268 4182/3794/268 4178/3795/268
f 4178/3795/268 4182/3794/268 4180/3796/268
f 4185/3800/105 4172/3799/105 4183/3886/105
f 4183/3886/105 4172/3799/105 4171/3801/105
f 4183/3886/105 4171/3801/105 4181/3884/105
f 4181/3884/105 4171/3801/105 4175/3795/105
f 4181/3884/105 4175/3795/105 4177/3793/105
f 4177/3793/105 4179/3791/105 4181/3884/105
f 4419/3902/117 4420/58/117 4422/3910/117
f 4422/3910/117 4420/58/117 4421/3671/117
f 4420/3904/94 4423/58/94 4421/3911/94
f 4421/3911/94 4423/58/94 4424/3896/94
f 4423/3902/148 4425/58/148 4424/3910/148
f 4424/3910/148 4425/58/148 4426/3671/148
f 4425/2982/2070 4427/58/2070 4426/3912/2070
f 4426/3912/2070 4427/58/2070 4428/3671/2070
f 4427/786/117 4429/58/117 4428/3913/117
f 4428/3913/117 4429/58/117 4430/3896/117
f 4429/4026/2070 4431/58/2070 4430/3914/2070
f 4430/3914/2070 4431/58/2070 4432/3671/2070
f 4431/786/148 4433/58/148 4432/3913/148
f 4432/3913/148 4433/58/148 4434/3671/148
f 4433/2640/2070 4419/58/2070 4434/3912/2070
f 4434/3912/2070 4419/58/2070 4422/3671/2070
f 4434/3800/268 4422/3799/268 4432/3886/268
f 4432/3886/268 4422/3799/268 4421/3801/268
f 4432/3886/268 4421/3801/268 4430/3884/268
f 4430/3884/268 4421/3801/268 4424/3795/268
f 4430/3884/268 4424/3795/268 4426/3793/268
f 4426/3793/268 4428/3791/268 4430/3884/268
f 4433/3802/105 4431/3797/105 4419/3801/105
f 4419/3801/105 4431/3797/105 4420/3799/105
f 4420/3799/105 4431/3797/105 4429/3794/105
f 4420/3799/105 4429/3794/105 4423/3793/105
f 4423/3793/105 4429/3794/105 4425/3795/105
f 4425/3795/105 4429/3794/105 4427/3796/105
f 4451/58/117 4452/3887/117 4454/3671/117
f 4454/3671/117 4452/3887/117 4453/3897/117
f 4455/58/94 4451/3890/94 4456/3896/94
f 4456/3896/94 4451/3890/94 4454/3898/94
f 4457/58/148 4455/3887/148 4458/3671/148
f 4458/3671/148 4455/3887/148 4456/3897/148
f 4459/58/2070 4457/2074/2070 4460/3671/2070
f 4460/3671/2070 4457/2074/2070 4458/3899/2070
f 4461/58/117 4459/702/117 4462/3896/117
f 4462/3896/117 4459/702/117 4460/3900/117
f 4463/58/2070 4461/3894/2070 4464/3671/2070
f 4464/3671/2070 4461/3894/2070 4462/3901/2070
f 4465/58/148 4463/702/148 4466/3671/148
f 4466/3671/148 4463/702/148 4464/3900/148
f 4452/58/2070 4465/2074/2070 4453/3671/2070
f 4453/3671/2070 4465/2074/2070 4466/3899/2070
f 4466/3802/105 4464/3797/105 4453/3801/105
f 4453/3801/105 4464/3797/105 4454/3799/105
f 4454/3799/105 4464/3797/105 4462/3794/105
f 4454/3799/105 4462/3794/105 4456/3793/105
f 4456/3793/105 4462/3794/105 4458/3795/105
f 4458/3795/105 4462/3794/105 4460/3796/105
f 4465/3800/268 4452/3799/268 4463/3886/268
f 4463/3886/268 4452/3799/268 4451/3801/268
f 4463/3886/268 4451/3801/268 4461/3884/268
f 4461/3884/268 4451/3801/268 4455/3795/268
f 4461/3884/268 4455/3795/268 4457/3793/268
f 4457/3793/268 4459/3791/268 4461/3884/268
f 4699/58/117 4700/3887/117 4702/3896/117
f 4702/3896/117 4700/3887/117 4701/3897/117
f 4703/58/94 4699/3890/94 4704/3671/94
f 4704/3671/94 4699/3890/94 4702/3898/94
f 4705/58/148 4703/3887/148 4706/3896/148
f 4706/3896/148 4703/3887/148 4704/3897/148
f 4707/58/2070 4705/2074/2070 4708/3896/2070
f 4708/3896/2070 4705/2074/2070 4706/3899/2070
f 4709/58/117 4707/702/117 4710/3671/117
f 4710/3671/117 4707/702/117 4708/3900/117
f 4711/58/2070 4709/3894/2070 4712/3896/2070
f 4712/3896/2070 4709/3894/2070 4710/3901/2070
f 4713/58/148 4711/702/148 4714/3896/148
f 4714/3896/148 4711/702/148 4712/3900/148
f 4700/58/2070 4713/2074/2070 4701/3896/2070
f 4701/3896/2070 4713/2074/2070 4714/3899/2070
f 4714/3802/105 4712/3797/105 4701/3801/105
f 4701/3801/105 4712/3797/105 4702/3799/105
f 4702/3799/105 4712/3797/105 4710/3794/105
f 4702/3799/105 4710/3794/105 4704/3793/105
f 4704/3793/105 4710/3794/105 4706/3795/105
f 4706/3795/105 4710/3794/105 4708/3796/105
f 4713/3800/268 4700/3799/268 4711/3886/268
f 4711/3886/268 4700/3799/268 4699/3801/268
f 4711/3886/268 4699/3801/268 4709/3884/268
f 4709/3884/268 4699/3801/268 4703/3795/268
f 4709/3884/268 4703/3795/268 4705/3793/268
f 4705/3793/268 4707/3791/268 4709/3884/268
f 4731/3902/117 4732/58/117 4734/3910/117
f 4734/3910/117 4732/58/117 4733/3896/117
f 4732/3904/94 4735/58/94 4733/3911/94
f 4733/3911/94 4735/58/94 4736/3671/94
f 4735/3902/148 4737/58/148 4736/3910/148
f 4736/3910/148 4737/58/148 4738/3896/148
f 4737/2982/2070 4739/58/2070 4738/3912/2070
f 4738/3912/2070 4739/58/2070 4740/3896/2070
f 4739/786/117 4741/58/117 4740/3913/117
f 4740/3913/117 4741/58/117 4742/3671/117
f 4741/3908/2070 4743/58/2070 4742/3914/2070
f 4742/3914/2070 4743/58/2070 4744/3896/2070
f 4743/786/148 4745/58/148 4744/3913/148
f 4744/3913/148 4745/58/148 4746/3896/148
f 4745/2640/2070 4731/58/2070 4746/3912/2070
f 4746/3912/2070 4731/58/2070 4734/3896/2070
f 4746/3800/268 4734/3799/268 4744/3886/268
f 4744/3886/268 4734/3799/268 4733/3801/268
f 4744/3886/268 4733/3801/268 4742/3884/268
f 4742/3884/268 4733/3801/268 4736/3795/268
f 4742/3884/268 4736/3795/268 4738/3793/268
f 4738/3793/268 4740/3791/268 4742/3884/268
f 4745/3802/105 4743/3797/105 4731/3801/105
f 4731/3801/105 4743/3797/105 4732/3799/105
f 4732/3799/105 4743/3797/105 4741/3794/105
f 4732/3799/105 4741/3794/105 4735/3793/105
f 4735/3793/105 4741/3794/105 4737/3795/105
f 4737/3795/105 4741/3794/105 4739/3796/105
